mtllib Tile_+031_+021_L20_0000030.mtl
v 6.04194570e+03 5.06216012e+03 1.83992412e+01
v 6.04206279e+03 5.06261295e+03 1.93606281e+01
v 6.04260210e+03 5.06142366e+03 1.94193170e+01
v 6.04332140e+03 5.06062670e+03 1.94594992e+01
v 6.04445672e+03 5.05894641e+03 1.93392040e+01
v 6.04442138e+03 5.05846537e+03 1.81021299e+01
v 6.04471147e+03 5.05829189e+03 1.94579290e+01
v 6.04562703e+03 5.05673651e+03 1.85335345e+01
v 6.04319072e+03 5.06042349e+03 1.84347505e+01
v 6.03509492e+03 5.03679323e+03 1.56307449e+01
v 6.03599639e+03 5.03752581e+03 1.68814372e+01
v 6.03457107e+03 5.03784094e+03 1.56205052e+01
v 6.03450094e+03 5.04057544e+03 1.67310960e+01
v 6.03489482e+03 5.04103182e+03 1.68211323e+01
v 6.03477689e+03 5.03860354e+03 1.59681066e+01
v 6.03586647e+03 5.03755952e+03 1.77172243e+01
v 6.03389119e+03 5.04171785e+03 1.55309743e+01
v 6.03493043e+03 5.04161619e+03 1.58339207e+01
v 6.03401010e+03 5.04131683e+03 1.76793825e+01
v 6.03144018e+03 5.04223179e+03 1.67560218e+01
v 6.03208548e+03 5.04098715e+03 1.52009365e+01
v 6.03128728e+03 5.04191409e+03 1.61400105e+01
v 6.03113427e+03 5.04242290e+03 1.73993865e+01
v 6.03330999e+03 5.04172738e+03 1.63099852e+01
v 6.03270727e+03 5.04250751e+03 1.70923637e+01
v 6.03141399e+03 5.04720880e+03 1.52319317e+01
v 6.03131123e+03 5.04685114e+03 1.50836108e+01
v 6.03261086e+03 5.04910085e+03 1.56768202e+01
v 6.03220355e+03 5.04913064e+03 1.57622903e+01
v 6.03129075e+03 5.05251481e+03 1.69159002e+01
v 6.03303810e+03 5.05089353e+03 1.72265001e+01
v 6.03369776e+03 5.05020226e+03 1.66558724e+01
v 6.03244090e+03 5.05060529e+03 1.75695975e+01
v 6.03540141e+03 5.04166928e+03 1.69962763e+01
v 6.03145203e+03 5.05072349e+03 1.63842491e+01
v 6.03161056e+03 5.04970609e+03 1.70404259e+01
v 6.03119779e+03 5.05089380e+03 1.76442742e+01
v 6.03178000e+03 5.04993888e+03 1.73777797e+01
v 6.03274061e+03 5.05208306e+03 1.73721441e+01
v 6.03241848e+03 5.05155666e+03 1.79093122e+01
v 6.03427230e+03 5.04174254e+03 1.64477823e+01
v 6.03276848e+03 5.04151894e+03 1.57699835e+01
v 6.03228964e+03 5.04922855e+03 1.67351635e+01
v 6.03228761e+03 5.04257848e+03 1.67782149e+01
v 6.04496340e+03 5.05789581e+03 1.71014382e+01
v 6.04337484e+03 5.06034796e+03 1.71788567e+01
v 6.04234303e+03 5.06253338e+03 1.59299817e+01
v 6.04200240e+03 5.06253042e+03 1.68547676e+01
v 6.04472427e+03 5.05898883e+03 1.63446126e+01
v 6.04398025e+03 5.05917817e+03 1.48390280e+01
v 6.03203501e+03 5.05243264e+03 1.70285140e+01
v 6.03374866e+03 5.05060725e+03 1.61074104e+01
v 6.03392121e+03 5.05144413e+03 1.48269644e+01
v 6.03175585e+03 5.05188764e+03 1.63813009e+01
v 6.03236317e+03 5.05181596e+03 1.62299282e+01
v 6.03405742e+03 5.05013509e+03 1.51730279e+01
v 6.03339184e+03 5.04974796e+03 1.67035071e+01
v 6.03304731e+03 5.05129356e+03 1.67035337e+01
v 6.04106916e+03 5.05404473e+03 1.57839057e+01
v 6.04016733e+03 5.05551593e+03 1.56528926e+01
v 6.04038592e+03 5.05450235e+03 1.56123400e+01
v 6.04100237e+03 5.05581877e+03 1.56219081e+01
v 6.03525351e+03 5.04130536e+03 1.71218491e+01
v 6.03519594e+03 5.04165743e+03 1.77201777e+01
v 6.03609464e+03 5.03664038e+03 1.70196538e+01
v 6.03392214e+03 5.04074500e+03 1.73573093e+01
v 6.03457968e+03 5.03968236e+03 1.70083068e+01
v 6.03529577e+03 5.04073275e+03 1.57464913e+01
v 6.03474756e+03 5.03909467e+03 1.58387401e+01
v 6.03291935e+03 5.04103055e+03 1.50653545e+01
v 6.03195197e+03 5.05300304e+03 1.76351930e+01
v 6.03362686e+03 5.04082704e+03 1.81472760e+01
v 6.03223694e+03 5.04282258e+03 1.77160825e+01
v 6.03347100e+03 5.04152411e+03 1.77095161e+01
v 6.03204734e+03 5.04278548e+03 1.93245037e+01
v 6.03467402e+03 5.03916827e+03 1.98502344e+01
v 6.03365357e+03 5.04151362e+03 2.07452615e+01
v 6.03237139e+03 5.04263742e+03 1.96344812e+01
v 6.03340075e+03 5.03901286e+03 2.13868722e+01
v 6.03422909e+03 5.04061999e+03 2.10129645e+01
v 6.03434144e+03 5.04005985e+03 2.11193625e+01
v 6.04423067e+03 5.05916960e+03 2.23581104e+01
v 6.04499156e+03 5.05759846e+03 2.20600021e+01
v 6.03498793e+03 5.04144309e+03 1.79469291e+01
v 6.03351359e+03 5.04134133e+03 2.10125758e+01
v 6.03604438e+03 5.03722168e+03 1.93919737e+01
v 6.03605977e+03 5.03633350e+03 1.86778497e+01
v 6.03648618e+03 5.03721987e+03 2.11086983e+01
v 6.03622141e+03 5.03659678e+03 2.06515438e+01
v 6.03484275e+03 5.03954467e+03 2.04827702e+01
v 6.03593861e+03 5.03835424e+03 2.11183635e+01
v 6.03471736e+03 5.03996945e+03 2.08161065e+01
v 6.03514892e+03 5.03933479e+03 2.12513928e+01
v 6.03597627e+03 5.03643195e+03 2.00464483e+01
v 6.03587809e+03 5.03774271e+03 2.02637674e+01
v 6.03480638e+03 5.03894999e+03 1.81565825e+01
v 6.03525073e+03 5.04138620e+03 1.61233521e+01
v 6.03325606e+03 5.04143003e+03 1.54743850e+01
v 6.04619273e+03 5.05610731e+03 2.47151785e+01
v 6.04526691e+03 5.05752279e+03 2.31197265e+01
v 6.04490741e+03 5.05774616e+03 2.52817285e+01
v 6.03482971e+03 5.03681319e+03 2.15128381e+01
v 6.03488667e+03 5.03681346e+03 2.28140927e+01
v 6.04451852e+03 5.05878464e+03 2.30576837e+01
v 6.04321851e+03 5.06070447e+03 2.31478501e+01
v 6.04240183e+03 5.06150281e+03 2.17364450e+01
v 6.03188851e+03 5.04153568e+03 2.15890501e+01
v 6.03297875e+03 5.03959133e+03 2.14751927e+01
v 6.03444306e+03 5.03798378e+03 2.13114859e+01
v 6.03637205e+03 5.03617366e+03 2.12420780e+01
v 6.03218075e+03 5.04082066e+03 2.13452123e+01
v 6.03229170e+03 5.04282863e+03 2.07122645e+01
v 6.03155553e+03 5.04216129e+03 3.03521646e+01
v 6.03177317e+03 5.04255797e+03 3.19287308e+01
v 6.03121609e+03 5.04260164e+03 2.19716752e+01
v 6.03305068e+03 5.04246444e+03 2.10482582e+01
v 6.03304260e+03 5.04205013e+03 2.12286123e+01
v 6.03239621e+03 5.04236498e+03 2.16034921e+01
v 6.03178112e+03 5.04212589e+03 3.16840156e+01
v 6.03201007e+03 5.04259635e+03 3.23077824e+01
v 6.03178550e+03 5.04220305e+03 3.17021464e+01
v 6.03188238e+03 5.04230387e+03 2.23480181e+01
v 6.03170416e+03 5.04181233e+03 2.23888278e+01
v 6.03522759e+03 5.03671892e+03 2.12875874e+01
v 6.03478233e+03 5.03660159e+03 2.17566198e+01
v 6.03134876e+03 5.04231111e+03 2.29966285e+01
v 6.03171643e+03 5.04219314e+03 2.30095499e+01
v 6.03231810e+03 5.04059893e+03 2.25921628e+01
v 6.03227584e+03 5.04086329e+03 2.47488236e+01
v 6.03174844e+03 5.04226753e+03 2.41806518e+01
v 6.03178026e+03 5.04122276e+03 2.32729678e+01
v 6.03494133e+03 5.03680650e+03 2.66258696e+01
v 6.03604503e+03 5.06089611e+03 1.53820582e+01
v 6.03690725e+03 5.05951963e+03 1.57955859e+01
v 6.03173570e+03 5.04255297e+03 2.53111781e+01
v 6.03168274e+03 5.04184680e+03 2.53202420e+01
v 6.03202167e+03 5.03479004e+03 2.67178126e+01
v 6.03259292e+03 5.03531911e+03 2.74746614e+01
v 6.04217762e+03 5.06227689e+03 2.26921164e+01
v 6.03846922e+03 5.05944523e+03 1.56894479e+01
v 6.03772753e+03 5.06095904e+03 1.52146992e+01
v 6.03825749e+03 5.06048837e+03 1.45239922e+01
v 6.03409004e+03 5.04095229e+03 2.08143658e+01
v 6.04487805e+03 5.05891057e+03 1.51925782e+01
v 6.04541825e+03 5.05822787e+03 1.51589559e+01
v 6.04404057e+03 5.05916012e+03 1.69757944e+01
v 6.04336354e+03 5.06027784e+03 1.44074137e+01
v 6.04306516e+03 5.06133895e+03 1.49733718e+01
v 6.04038865e+03 5.05717454e+03 1.48986613e+01
v 6.03972059e+03 5.05733328e+03 1.50131367e+01
v 6.04034975e+03 5.05793841e+03 1.42461556e+01
v 6.04052292e+03 5.05628217e+03 1.51586887e+01
v 6.04438350e+03 5.05886273e+03 1.44335433e+01
v 6.04363307e+03 5.05916434e+03 1.43178792e+01
v 6.04405041e+03 5.05844206e+03 1.41028747e+01
v 6.04332072e+03 5.05879222e+03 1.41710899e+01
v 6.04262342e+03 5.05440488e+03 1.42764112e+01
v 6.04187238e+03 5.05588401e+03 1.41960032e+01
v 6.04270948e+03 5.05709611e+03 1.42366650e+01
v 6.04233948e+03 5.05385890e+03 1.43679626e+01
v 6.04090487e+03 5.05652832e+03 1.49398880e+01
v 6.04098650e+03 5.05696957e+03 1.43256947e+01
v 6.04151819e+03 5.05580020e+03 1.43844127e+01
v 6.03921358e+03 5.05848691e+03 1.42276681e+01
v 6.03911705e+03 5.05780392e+03 1.42920334e+01
v 6.04172765e+03 5.05993192e+03 1.43682078e+01
v 6.04248448e+03 5.06109083e+03 1.43189764e+01
v 6.04524941e+03 5.05748692e+03 1.43061576e+01
v 6.04058338e+03 5.05394440e+03 1.48001689e+01
v 6.04106497e+03 5.05341128e+03 1.51234278e+01
v 6.04110720e+03 5.05308464e+03 1.44027124e+01
v 6.04068557e+03 5.05345428e+03 1.45691598e+01
v 6.04325427e+03 5.05221010e+03 1.40869700e+01
v 6.04402148e+03 5.05158039e+03 1.47500065e+01
v 6.04345863e+03 5.05010072e+03 1.49949204e+01
v 6.04460521e+03 5.05015145e+03 1.54773153e+01
v 6.04382473e+03 5.04973769e+03 1.53136605e+01
v 6.04499564e+03 5.05042013e+03 1.51309427e+01
v 6.04556094e+03 5.04892886e+03 1.53876817e+01
v 6.04194794e+03 5.05385505e+03 1.52495463e+01
v 6.04221594e+03 5.05425516e+03 1.51078195e+01
v 6.04167525e+03 5.05279418e+03 1.41601393e+01
v 6.04015776e+03 5.05274538e+03 1.41311527e+01
v 6.03974344e+03 5.05480601e+03 1.42276333e+01
v 6.03952439e+03 5.05586727e+03 1.52224797e+01
v 6.04126389e+03 5.04985903e+03 1.41419314e+01
v 6.04241200e+03 5.05096663e+03 1.43503927e+01
v 6.04197968e+03 5.05150999e+03 1.41089645e+01
v 6.04459644e+03 5.05202116e+03 1.41127665e+01
v 6.04510398e+03 5.05108150e+03 1.43151731e+01
v 6.04296508e+03 5.04936579e+03 1.42328403e+01
v 6.04483228e+03 5.04854138e+03 1.55459713e+01
v 6.04589615e+03 5.05278423e+03 1.42662486e+01
v 6.04459221e+03 5.04935492e+03 1.55220120e+01
v 6.04741427e+03 5.04162002e+03 1.40769567e+01
v 6.04490994e+03 5.03737820e+03 1.40712433e+01
v 6.04057144e+03 5.04494848e+03 1.41047091e+01
v 6.04325815e+03 5.05103702e+03 1.49300507e+01
v 6.04169415e+03 5.06179628e+03 1.42400907e+01
v 6.04216621e+03 5.06233469e+03 1.46746543e+01
v 6.04552180e+03 5.05595667e+03 1.42662834e+01
v 6.03993451e+03 5.05502628e+03 1.44968974e+01
v 6.03941299e+03 5.05569322e+03 1.48152214e+01
v 6.04191258e+03 5.05466178e+03 1.55285669e+01
v 6.03959216e+03 5.05538182e+03 1.52949893e+01
v 6.04159816e+03 5.05338327e+03 1.46472633e+01
v 6.04464779e+03 5.05084524e+03 1.49220802e+01
v 6.03949908e+03 5.06160745e+03 1.43677375e+01
v 6.03475958e+03 5.05071576e+03 1.44924599e+01
v 6.03285241e+03 5.05200105e+03 1.50672836e+01
v 6.03266205e+03 5.05171558e+03 1.55671237e+01
v 6.03177589e+03 5.05165912e+03 1.53556535e+01
v 6.03196198e+03 5.05156529e+03 1.57234262e+01
v 6.03407030e+03 5.05188528e+03 1.42644442e+01
v 6.03448518e+03 5.03816209e+03 1.51270252e+01
v 6.03465875e+03 5.03720464e+03 1.44716756e+01
v 6.03787928e+03 5.05787820e+03 1.47337675e+01
v 6.03746743e+03 5.05735165e+03 1.42649800e+01
v 6.03846406e+03 5.05866735e+03 1.56177802e+01
v 6.03830065e+03 5.05800234e+03 1.44769295e+01
v 6.03897520e+03 5.05869367e+03 1.44427214e+01
v 6.03900853e+03 5.05591981e+03 1.43566831e+01
v 6.03479971e+03 5.05822456e+03 1.41976564e+01
v 6.03361811e+03 5.05352063e+03 1.42741596e+01
v 6.03189737e+03 5.05564723e+03 1.42106170e+01
v 6.03114058e+03 5.05650290e+03 1.43442254e+01
v 6.03163897e+03 5.05035506e+03 1.55705565e+01
v 6.03911249e+03 5.05667661e+03 1.49512498e+01
v 6.03918519e+03 5.05721881e+03 1.47886464e+01
v 6.03770975e+03 5.05813207e+03 1.54217452e+01
v 6.03888955e+03 5.05961236e+03 1.44100713e+01
v 6.03880911e+03 5.05905738e+03 1.52373068e+01
v 6.03656579e+03 5.06217346e+03 1.49378697e+01
v 6.03657866e+03 5.05954661e+03 1.54104847e+01
v 6.03691824e+03 5.05874025e+03 1.43934737e+01
v 6.03578558e+03 5.05984759e+03 1.43994060e+01
v 6.03644547e+03 5.05969622e+03 1.47041397e+01
v 6.04253326e+03 5.06149190e+03 2.27838890e+01
v 6.04239165e+03 5.06149447e+03 2.53947122e+01
v 6.04291320e+03 5.04856739e+03 1.40502561e+01
v 6.04441243e+03 5.04783181e+03 1.44129108e+01
v 6.04420675e+03 5.04711488e+03 1.41440259e+01
v 6.03556480e+03 5.04106266e+03 1.48019599e+01
v 6.03404039e+03 5.04193648e+03 1.49516607e+01
v 6.03322262e+03 5.04208459e+03 1.47368805e+01
v 6.03443693e+03 5.04253966e+03 1.43652023e+01
v 6.03243194e+03 5.04262962e+03 1.44464124e+01
v 6.03557056e+03 5.03975474e+03 1.50226728e+01
v 6.03120313e+03 5.04767879e+03 1.60774352e+01
v 6.03153860e+03 5.04766086e+03 1.47298660e+01
v 6.03112825e+03 5.04794808e+03 1.46304428e+01
v 6.03129340e+03 5.04196008e+03 1.46389910e+01
v 6.03296846e+03 5.04146712e+03 1.48836089e+01
v 6.03233853e+03 5.04107516e+03 1.46591021e+01
v 6.03507083e+03 5.03788955e+03 1.41983814e+01
v 6.03298673e+03 5.05277319e+03 1.48329954e+01
v 6.03146911e+03 5.04161123e+03 1.51380840e+01
v 6.03193838e+03 5.04161473e+03 1.43410735e+01
v 6.03185297e+03 5.04100797e+03 1.47657044e+01
v 6.03907306e+03 5.06011691e+03 1.42384915e+01
v 6.03495274e+03 5.06144924e+03 1.42569745e+01
v 6.03743600e+03 5.05819822e+03 1.47717015e+01
v 6.03765084e+03 5.06230472e+03 1.42318476e+01
v 6.03581873e+03 5.06073150e+03 1.52200512e+01
v 6.03589977e+03 5.06038688e+03 1.48179308e+01
v 6.03779025e+03 5.06006258e+03 1.58083199e+01
v 6.03130976e+03 5.06103294e+03 1.42412034e+01
v 6.03247765e+03 5.05688641e+03 1.43024054e+01
v 6.03817807e+03 5.05596560e+03 1.41779002e+01
v 6.03871102e+03 5.05667337e+03 1.44887038e+01
v 6.03593652e+03 5.05487067e+03 1.42084183e+01
v 6.03783582e+03 5.05071713e+03 1.41623801e+01
v 6.03404734e+03 5.04833962e+03 1.43435746e+01
v 6.03554462e+03 5.05051529e+03 1.41739340e+01
v 6.03456530e+03 5.03708497e+03 1.49072921e+01
v 6.03160960e+03 5.04816858e+03 1.45707211e+01
v 6.03337931e+03 5.04911393e+03 1.46883013e+01
v 6.03249982e+03 5.04788269e+03 1.42899709e+01
v 6.03220035e+03 5.04668621e+03 1.44944515e+01
v 6.03115123e+03 5.04472410e+03 1.45520107e+01
v 6.03191946e+03 5.05422270e+03 1.46097077e+01
v 6.03187183e+03 5.05343156e+03 1.48979976e+01
v 6.03511441e+03 5.04158926e+03 1.46892822e+01
v 6.03256038e+03 5.04503892e+03 1.43627082e+01
v 6.03249519e+03 5.04340014e+03 1.42933405e+01
v 6.03384303e+03 5.04352960e+03 1.44249071e+01
v 6.03112751e+03 5.04955273e+03 1.47335544e+01
v 6.03192701e+03 5.04875014e+03 1.47027670e+01
v 6.03152550e+03 5.04979927e+03 1.50815292e+01
v 6.03831542e+03 5.05742633e+03 1.42917095e+01
v 6.03492848e+03 5.04443980e+03 1.41911304e+01
v 6.03403321e+03 5.04618127e+03 1.41212100e+01
v 6.03710410e+03 5.06228594e+03 1.44793887e+01
v 6.03169682e+03 5.05261291e+03 1.49567578e+01
v 6.03552254e+03 5.06149522e+03 1.49153789e+01
v 6.03695538e+03 5.05897967e+03 1.46429676e+01
v 6.03291913e+03 5.05147589e+03 1.61161895e+01
v 6.03242989e+03 5.04867867e+03 1.47991728e+01
v 6.03731435e+03 5.04749562e+03 1.41207291e+01
v 6.03525312e+03 5.04711868e+03 1.41273167e+01
v 6.03680987e+03 5.04452113e+03 1.41199900e+01
v 6.03691136e+03 5.03695293e+03 1.41826838e+01
v 6.03601678e+03 5.03811506e+03 1.41269333e+01
v 6.03578861e+03 5.03677605e+03 1.40220321e+01
v 6.03732430e+03 5.03585863e+03 1.39687690e+01
v 6.03551508e+03 5.04132710e+03 1.44789307e+01
v 6.03493471e+03 5.03676612e+03 2.37437124e+01
v 6.03434128e+03 5.03606353e+03 1.42955025e+01
v 6.03551822e+03 5.03610810e+03 1.39297416e+01
v 6.04594076e+03 5.04827962e+03 1.51836731e+01
v 6.03149012e+03 5.05102645e+03 1.52977199e+01
v 6.03469388e+03 5.05002150e+03 1.45285059e+01
v 6.03688059e+03 5.05167309e+03 1.42533950e+01
v 6.04493822e+03 5.04752671e+03 1.42811612e+01
v 6.03886951e+03 5.03873906e+03 1.40183708e+01
v 6.03634942e+03 5.04012571e+03 1.41711201e+01
v 6.03642278e+03 5.04131169e+03 1.40360508e+01
v 6.03526110e+03 5.03740818e+03 1.39828503e+01
v 6.03498268e+03 5.04579692e+03 1.42832797e+01
v 6.04514421e+03 5.04788012e+03 1.51453869e+01
v 6.03640590e+03 5.03909860e+03 1.40093694e+01
v 6.03494304e+03 5.03674365e+03 1.41668113e+01
v 6.04337560e+03 5.04548102e+03 1.40978575e+01
v 6.03123722e+03 5.03146188e+03 1.43727220e+01
v 6.03461970e+03 5.03472569e+03 1.44512640e+01
v 6.03337510e+03 5.03404293e+03 1.46090436e+01
v 6.03390049e+03 5.03336389e+03 1.41616367e+01
v 6.03317558e+03 5.03359081e+03 1.42528395e+01
v 6.03443442e+03 5.03177095e+03 1.40108693e+01
v 6.03286440e+03 5.03152358e+03 1.41321762e+01
v 6.03545530e+03 5.03433317e+03 1.41576625e+01
v 6.03416664e+03 5.03555838e+03 1.45310564e+01
v 6.03540858e+03 5.03118186e+03 1.41549675e+01
v 6.03239517e+03 5.03369826e+03 1.40450189e+01
v 6.03121664e+03 5.03208658e+03 1.40665762e+01
v 6.03148859e+03 5.03374464e+03 1.41987986e+01
v 6.03291759e+03 5.03434297e+03 1.52641631e+01
v 6.03209108e+03 5.03205427e+03 1.42781481e+01
v 6.03178017e+03 5.03422119e+03 1.46834558e+01
v 6.03556697e+03 5.03226822e+03 1.40724809e+01
v 6.03840025e+03 5.03371391e+03 1.41320474e+01
v 6.03743085e+03 5.03184697e+03 1.42150474e+01
v 6.04272724e+03 5.03468324e+03 1.39767297e+01
v 6.04172338e+03 5.03244681e+03 1.39909513e+01
v 6.03410099e+03 5.03450113e+03 1.47694040e+01
v 6.03427568e+03 5.03632587e+03 1.47507953e+01
v 6.03442263e+03 5.03568123e+03 1.53496076e+01
v 6.03190275e+03 5.03137381e+03 1.50724468e+01
v 6.04418243e+03 5.03120693e+03 1.41325458e+01
v 6.04014037e+03 5.03321298e+03 1.42005899e+01
v 6.03920494e+03 5.03224377e+03 1.44260724e+01
v 6.04484624e+03 5.03412013e+03 1.40753294e+01
v 6.03416840e+03 5.03509815e+03 1.49678838e+01
v 6.03617684e+03 5.03140972e+03 1.43436869e+01
v 6.03381974e+03 5.03496554e+03 1.58464456e+01
v 6.03552233e+03 5.03552590e+03 1.70878521e+01
v 6.03169331e+03 5.03413237e+03 1.54483111e+01
v 6.03116629e+03 5.03413150e+03 1.50726370e+01
v 6.03164314e+03 5.03322160e+03 1.73120234e+01
v 6.03180834e+03 5.03343649e+03 2.00377408e+01
v 6.03255398e+03 5.03376784e+03 1.91360719e+01
v 6.03367482e+03 5.03459830e+03 1.99083751e+01
v 6.03304670e+03 5.03353842e+03 2.08927555e+01
v 6.03271842e+03 5.03168195e+03 2.05594694e+01
v 6.03201372e+03 5.03360388e+03 1.82114737e+01
v 6.03476565e+03 5.03117315e+03 1.94132558e+01
v 6.03419283e+03 5.03436770e+03 2.10090456e+01
v 6.03283162e+03 5.03430780e+03 1.60973771e+01
v 6.03318295e+03 5.03392295e+03 2.12995176e+01
v 6.03392945e+03 5.03438866e+03 2.11939746e+01
v 6.03533456e+03 5.03561051e+03 1.81289259e+01
v 6.03569658e+03 5.03588082e+03 1.89250131e+01
v 6.03492699e+03 5.03529381e+03 2.12386018e+01
v 6.03613803e+03 5.03567430e+03 2.10479679e+01
v 6.03557511e+03 5.03513982e+03 2.11070694e+01
v 6.03565685e+03 5.03573524e+03 2.01941663e+01
v 6.03185243e+03 5.03333523e+03 2.12086080e+01
v 6.03142059e+03 5.03445921e+03 2.12657739e+01
v 6.03181961e+03 5.03290166e+03 2.10127859e+01
v 6.03274686e+03 5.03163503e+03 2.09066947e+01
v 6.03365174e+03 5.03158712e+03 2.07771043e+01
v 6.03205585e+03 5.03475708e+03 2.13911134e+01
v 6.03414963e+03 5.03130738e+03 2.11372364e+01
v 6.03417597e+03 5.03627425e+03 2.28355971e+01
v 6.03413997e+03 5.03596404e+03 2.13063588e+01
v 6.03254712e+03 5.03528241e+03 2.16789137e+01
v 6.03275657e+03 5.03524587e+03 2.13212750e+01
v 6.03231974e+03 5.03509785e+03 2.28744002e+01
v 6.03325311e+03 5.03564978e+03 2.24911518e+01
v 6.03237836e+03 5.03513712e+03 2.40395878e+01
v 6.03379424e+03 5.03613054e+03 2.40847743e+01
v 6.03353363e+03 5.03638756e+03 2.33220877e+01
v 6.03449063e+03 5.03636949e+03 2.39908069e+01
v 6.03204121e+03 5.03136402e+03 1.44473508e+01
v 6.03486025e+03 5.03660315e+03 2.49344106e+01
v 6.04574627e+03 5.05706192e+03 1.92330540e+01
v 6.04452394e+03 5.05876563e+03 2.69262783e+01
v 6.04261850e+03 5.06175899e+03 2.93487400e+01
v 6.04299727e+03 5.06110805e+03 2.87232078e+01
v 6.04209983e+03 5.06207852e+03 3.15782927e+01
v 6.04281973e+03 5.06137898e+03 3.03715392e+01
v 6.04300357e+03 5.06089706e+03 3.09781588e+01
v 6.04247147e+03 5.06133643e+03 2.79220480e+01
v 6.04255129e+03 5.06168921e+03 2.62392947e+01
v 6.04245535e+03 5.06162050e+03 2.72608441e+01
v 6.04191588e+03 5.06258306e+03 2.54919587e+01
v 6.03185062e+03 5.04224579e+03 2.60739526e+01
v 6.03129533e+03 5.04274144e+03 2.54951181e+01
v 6.03135380e+03 5.04228716e+03 2.67422008e+01
v 6.03147319e+03 5.03461636e+03 2.73026430e+01
v 6.03263484e+03 5.03547469e+03 2.67667856e+01
v 6.03218090e+03 5.03498646e+03 2.58537734e+01
v 6.03115481e+03 5.03428182e+03 2.91739499e+01
v 6.03326142e+03 5.03587516e+03 3.01251331e+01
v 6.03478087e+03 5.03653803e+03 3.09794998e+01
v 6.03502475e+03 5.03678386e+03 3.11369009e+01
v 6.03313768e+03 5.03971776e+03 2.77139279e+01
v 6.03230312e+03 5.04087932e+03 2.89233816e+01
v 6.03300652e+03 5.03983052e+03 3.11468621e+01
v 6.03504666e+03 5.03674149e+03 2.82927794e+01
v 6.03336695e+03 5.03588473e+03 2.89620226e+01
v 6.03164986e+03 5.04186821e+03 2.79627071e+01
v 6.03169919e+03 5.04143364e+03 2.66984410e+01
v 6.03155652e+03 5.04218671e+03 2.93287735e+01
v 6.03167065e+03 5.04131540e+03 3.00439481e+01
v 6.03158770e+03 5.04270483e+03 2.85997040e+01
v 6.03158612e+03 5.04228048e+03 2.72887235e+01
v 6.03174174e+03 5.04105918e+03 3.34604487e+01
v 6.03275478e+03 5.04025378e+03 3.40739697e+01
v 6.03179977e+03 5.04256181e+03 3.50134887e+01
v 6.03229563e+03 5.04235758e+03 3.52007229e+01
v 6.03431764e+03 5.03776158e+03 3.52835169e+01
v 6.03489621e+03 5.03680842e+03 3.40965779e+01
v 6.03495779e+03 5.03695701e+03 3.53338971e+01
v 6.03343847e+03 5.03897072e+03 3.42010243e+01
v 6.03484964e+03 5.03693411e+03 3.22753388e+01
v 6.03311701e+03 5.03581602e+03 3.34984297e+01
v 6.03474782e+03 5.03653706e+03 3.48602021e+01
v 6.03250211e+03 5.04046217e+03 3.29077491e+01
v 6.03123452e+03 5.04271023e+03 3.10483365e+01
v 6.03130915e+03 5.04269078e+03 3.28580153e+01
v 6.03196041e+03 5.04248531e+03 3.37665679e+01
v 6.03373784e+03 5.03880530e+03 3.53732615e+01
v 6.03193629e+03 5.03491971e+03 3.42874316e+01
v 6.03304680e+03 5.03545391e+03 3.52397071e+01
v 6.03429112e+03 5.03628954e+03 3.26179662e+01
v 6.03123784e+03 5.03440497e+03 3.27434924e+01
v 6.03173464e+03 5.04164640e+03 3.19448682e+01
v 6.03490434e+03 5.03669814e+03 3.30677310e+01
v 6.03117522e+03 5.04264902e+03 2.96827718e+01
v 6.03180386e+03 5.04167677e+03 3.40588298e+01
v 6.03168118e+03 5.04183872e+03 3.20413288e+01
v 6.03188744e+03 5.04272098e+03 3.30170734e+01
v 6.03136988e+03 5.04261404e+03 3.45708682e+01
v 6.03201587e+03 5.04223014e+03 3.35815953e+01
v 6.03189477e+03 5.04120044e+03 3.41952755e+01
v 6.03230019e+03 5.03861802e+03 3.66141144e+01
v 6.03180109e+03 5.03733857e+03 3.58461098e+01
v 6.03125143e+03 5.03819526e+03 3.59752622e+01
v 6.03178930e+03 5.03977914e+03 3.59968538e+01
v 6.03253923e+03 5.03878856e+03 3.65752846e+01
v 6.03294490e+03 5.03883873e+03 3.59818810e+01
v 6.03380150e+03 5.03813309e+03 3.56716744e+01
v 6.03438954e+03 5.03704318e+03 3.57522207e+01
v 6.03411183e+03 5.03637757e+03 3.58132473e+01
v 6.03288957e+03 5.04005162e+03 3.52983481e+01
v 6.03204648e+03 5.03509342e+03 3.57120660e+01
v 6.03314619e+03 5.03592495e+03 3.57208752e+01
v 6.03314249e+03 5.03767443e+03 3.58824592e+01
v 6.03358161e+03 5.03735246e+03 3.59879592e+01
v 6.03247387e+03 5.03969858e+03 3.58783151e+01
v 6.03159740e+03 5.04055871e+03 3.59684799e+01
v 6.03191754e+03 5.04254856e+03 3.64166982e+01
v 6.03215607e+03 5.04217821e+03 3.62631758e+01
v 6.03180540e+03 5.04183547e+03 3.55466801e+01
v 6.03179489e+03 5.04215626e+03 3.18210304e+01
v 6.03127182e+03 5.04250483e+03 3.54263929e+01
v 6.04232794e+03 5.06228102e+03 3.26705824e+01
v 6.04323074e+03 5.06054944e+03 3.17816824e+01
v 6.04368255e+03 5.06067110e+03 3.33202279e+01
v 6.04267285e+03 5.06140802e+03 3.42037225e+01
v 6.04123005e+03 5.06235805e+03 3.51674470e+01
v 6.04214977e+03 5.06115423e+03 3.51048781e+01
v 6.03123746e+03 5.04260128e+03 3.58626225e+01
v 6.03205905e+03 5.04107442e+03 3.55323827e+01
v 6.04234344e+03 5.06106350e+03 3.53605585e+01
v 6.04316613e+03 5.06089807e+03 3.56307087e+01
v 6.04322895e+03 5.05940373e+03 3.53467434e+01
v 6.03124644e+03 5.04139151e+03 3.68177813e+01
v 6.03148701e+03 5.04243706e+03 3.69427985e+01
v 6.03220382e+03 5.04223127e+03 3.73895952e+01
v 6.03140644e+03 5.04158941e+03 4.08160006e+01
v 6.03177905e+03 5.04233792e+03 4.06894557e+01
v 6.03212244e+03 5.04213728e+03 4.05501180e+01
v 6.03200277e+03 5.04254228e+03 3.73893001e+01
v 6.03227273e+03 5.04223660e+03 3.86063303e+01
v 6.03232411e+03 5.04246781e+03 3.79166450e+01
v 6.03216280e+03 5.04245239e+03 3.88767625e+01
v 6.04492699e+03 5.06030484e+03 3.62884286e+01
v 6.04664256e+03 5.05584307e+03 3.57771012e+01
v 6.04374474e+03 5.05890232e+03 3.53052312e+01
v 6.04574104e+03 5.05584717e+03 3.52857721e+01
v 6.04388607e+03 5.05860864e+03 3.49746363e+01
v 6.04564619e+03 5.05603849e+03 3.50061265e+01
v 6.04536085e+03 5.05750669e+03 3.40052853e+01
v 6.04282096e+03 5.06151253e+03 3.33415790e+01
v 6.04362316e+03 5.05989276e+03 2.77610851e+01
v 6.04390809e+03 5.05970929e+03 2.54852543e+01
v 6.04480300e+03 5.05782545e+03 2.78602012e+01
v 6.04538464e+03 5.05734523e+03 2.63842178e+01
v 6.04432449e+03 5.05922220e+03 3.25058345e+01
v 6.04396734e+03 5.05970524e+03 3.34233348e+01
v 6.04520680e+03 5.05787763e+03 3.28760115e+01
v 6.04514870e+03 5.05770096e+03 3.12961226e+01
v 6.04419580e+03 5.05898163e+03 3.15193959e+01
v 6.04378046e+03 5.06003077e+03 3.27245469e+01
v 6.04475978e+03 5.05898560e+03 3.33049723e+01
v 6.04376846e+03 5.05970700e+03 3.42677674e+01
v 6.04477933e+03 5.05857568e+03 3.40169086e+01
v 6.04517382e+03 5.05791507e+03 3.00861819e+01
v 6.04474320e+03 5.05911618e+03 2.97895111e+01
v 6.04357484e+03 5.06035434e+03 2.92344522e+01
v 6.04378389e+03 5.06007249e+03 3.02332622e+01
v 6.04366551e+03 5.06088198e+03 2.97375138e+01
v 6.04428404e+03 5.05935196e+03 3.02264921e+01
v 6.04434104e+03 5.05919045e+03 2.89618839e+01
v 6.04543216e+03 5.05745808e+03 2.87364801e+01
v 6.06168351e+03 5.03262164e+03 1.41220752e+01
v 6.06186707e+03 5.03230103e+03 1.35346689e+01
v 6.06172218e+03 5.03305198e+03 1.22971777e+01
v 6.06176170e+03 5.03242304e+03 1.17358843e+01
v 6.06151463e+03 5.03280691e+03 1.25739046e+01
v 6.06248882e+03 5.03377338e+03 1.29007619e+01
v 6.05638192e+03 5.03358970e+03 1.41233947e+01
v 6.05879883e+03 5.03540732e+03 1.40273708e+01
v 6.06189426e+03 5.03181316e+03 1.18110567e+01
v 6.05918661e+03 5.03173340e+03 1.43438067e+01
v 6.05988182e+03 5.03546261e+03 1.40603655e+01
v 6.05984082e+03 5.03457134e+03 1.46390570e+01
v 6.06204564e+03 5.03739813e+03 1.39730520e+01
v 6.06186104e+03 5.03532001e+03 1.43583574e+01
v 6.06170487e+03 5.03178727e+03 9.44460114e+00
v 6.06219173e+03 5.03221363e+03 9.05431849e+00
v 6.06190724e+03 5.03248959e+03 1.11868204e+01
v 6.06166724e+03 5.03138481e+03 1.04550592e+01
v 6.06175037e+03 5.03240254e+03 1.04168987e+01
v 6.06193588e+03 5.03252894e+03 9.51974737e+00
v 6.06256655e+03 5.03316092e+03 1.14156495e+01
v 6.06174405e+03 5.03322823e+03 1.41073582e+01
v 6.05957986e+03 5.04331286e+03 1.39563515e+01
v 6.05805695e+03 5.04321803e+03 1.39912428e+01
v 6.06183504e+03 5.03120262e+03 1.12543067e+01
v 6.04801515e+03 5.03421821e+03 1.41192299e+01
v 6.05046998e+03 5.03592779e+03 1.40308779e+01
v 6.05012367e+03 5.03380837e+03 1.41403698e+01
v 6.04885148e+03 5.03697437e+03 1.41141428e+01
v 6.06051199e+03 5.03421566e+03 1.46400608e+01
v 6.06110580e+03 5.03455724e+03 1.44993355e+01
v 6.05250654e+03 5.03272016e+03 1.41584250e+01
v 6.05035503e+03 5.03965194e+03 1.39838895e+01
v 6.06058366e+03 5.03205953e+03 1.48970442e+01
v 6.06239662e+03 5.03511127e+03 1.43042442e+01
v 6.05821269e+03 5.03315873e+03 1.42799638e+01
v 6.06118222e+03 5.03514599e+03 1.43192382e+01
v 6.06218221e+03 5.03142691e+03 1.44196663e+01
v 6.05456292e+03 5.03809755e+03 1.39963115e+01
v 6.05321827e+03 5.03650396e+03 1.40627577e+01
v 6.06193898e+03 5.03369014e+03 1.43018972e+01
v 6.06110044e+03 5.03322412e+03 1.48825690e+01
v 6.06174326e+03 5.03214643e+03 1.48214847e+01
v 6.05971083e+03 5.03322241e+03 1.45285746e+01
v 6.06141168e+03 5.03413755e+03 1.48724353e+01
v 6.05524647e+03 5.04956020e+03 2.40433790e+01
v 6.05406829e+03 5.04925068e+03 2.26536840e+01
v 6.05747962e+03 5.04989855e+03 2.22524528e+01
v 6.05811291e+03 5.04992049e+03 2.22995050e+01
v 6.05766216e+03 5.03955612e+03 1.39835764e+01
v 6.06044404e+03 5.03882455e+03 1.39983850e+01
v 6.06168304e+03 5.03504258e+03 1.51609427e+01
v 6.06205350e+03 5.03496091e+03 1.55214017e+01
v 6.06200724e+03 5.03511246e+03 1.54418246e+01
v 6.06227598e+03 5.03396475e+03 1.50021498e+01
v 6.06180679e+03 5.03373385e+03 1.49116805e+01
v 6.06238129e+03 5.03476100e+03 1.50664895e+01
v 6.06191480e+03 5.03428344e+03 1.52552541e+01
v 6.06158453e+03 5.03470972e+03 1.55770823e+01
v 6.05612908e+03 5.04514020e+03 1.68740032e+01
v 6.05689311e+03 5.04435331e+03 1.80869017e+01
v 6.05672645e+03 5.04422389e+03 1.73377827e+01
v 6.04623795e+03 5.05439321e+03 2.00546511e+01
v 6.04624225e+03 5.05472525e+03 1.97912075e+01
v 6.04613828e+03 5.05552333e+03 2.14354301e+01
v 6.05003381e+03 5.05044688e+03 1.93608000e+01
v 6.04934535e+03 5.05112907e+03 2.18281954e+01
v 6.05001538e+03 5.05018693e+03 2.20205680e+01
v 6.05773318e+03 5.04619450e+03 1.61347047e+01
v 6.05785719e+03 5.04665897e+03 1.65819792e+01
v 6.06220050e+03 5.04925791e+03 1.68985876e+01
v 6.05920536e+03 5.04987249e+03 1.39013753e+01
v 6.05979956e+03 5.04828123e+03 1.41563260e+01
v 6.05978086e+03 5.05178233e+03 2.04757732e+01
v 6.05962389e+03 5.05100068e+03 2.02722603e+01
v 6.05064710e+03 5.04914539e+03 1.41916589e+01
v 6.05044785e+03 5.04995598e+03 1.43888682e+01
v 6.05058760e+03 5.05053620e+03 1.55177743e+01
v 6.04661458e+03 5.05129770e+03 1.41812210e+01
v 6.06047237e+03 5.04578618e+03 1.39433855e+01
v 6.06141424e+03 5.04544264e+03 1.41844268e+01
v 6.06167298e+03 5.04423273e+03 1.40943922e+01
v 6.05092556e+03 5.04259177e+03 1.38376564e+01
v 6.04593562e+03 5.05601751e+03 1.51062519e+01
v 6.04574215e+03 5.05617249e+03 1.45005375e+01
v 6.05624113e+03 5.04465289e+03 1.39943873e+01
v 6.05460821e+03 5.04460385e+03 1.39585221e+01
v 6.05653539e+03 5.04584391e+03 1.41079235e+01
v 6.05795077e+03 5.05042904e+03 1.53171164e+01
v 6.05674518e+03 5.04994359e+03 1.42135510e+01
v 6.05567529e+03 5.04156471e+03 1.39989685e+01
v 6.05722044e+03 5.04151643e+03 1.38923088e+01
v 6.06211492e+03 5.04083888e+03 1.39289737e+01
v 6.05135860e+03 5.04784049e+03 1.42587707e+01
v 6.05159656e+03 5.04761387e+03 1.56321515e+01
v 6.05154286e+03 5.04756034e+03 1.46289924e+01
v 6.05172689e+03 5.04719155e+03 1.39653539e+01
v 6.05195448e+03 5.04745933e+03 1.50120334e+01
v 6.05831966e+03 5.05002457e+03 1.42584951e+01
v 6.06180071e+03 5.04334152e+03 1.39843587e+01
v 6.05580223e+03 5.04772208e+03 1.40857032e+01
v 6.05510725e+03 5.04906296e+03 1.43808073e+01
v 6.06208029e+03 5.05100914e+03 1.40431600e+01
v 6.06101023e+03 5.05054267e+03 1.39027931e+01
v 6.05933777e+03 5.05211657e+03 1.64376052e+01
v 6.05977165e+03 5.05218870e+03 1.55612306e+01
v 6.05396641e+03 5.04905007e+03 1.48932794e+01
v 6.05356657e+03 5.04858402e+03 1.54029367e+01
v 6.04942570e+03 5.05178636e+03 1.48633331e+01
v 6.04846351e+03 5.05170149e+03 1.43162378e+01
v 6.04661556e+03 5.05545325e+03 1.44928961e+01
v 6.05557052e+03 5.04988231e+03 1.55986368e+01
v 6.05525945e+03 5.05014699e+03 1.60453064e+01
v 6.05588716e+03 5.04977951e+03 1.68208599e+01
v 6.05607787e+03 5.04985007e+03 1.58457385e+01
v 6.04774977e+03 5.05271538e+03 1.46234980e+01
v 6.04748072e+03 5.05289468e+03 1.44018028e+01
v 6.06091653e+03 5.05330865e+03 1.42619887e+01
v 6.06083928e+03 5.05351647e+03 1.49984451e+01
v 6.06237461e+03 5.04870245e+03 1.40590858e+01
v 6.04710645e+03 5.05289817e+03 1.96072328e+01
v 6.04662262e+03 5.05399122e+03 1.99303884e+01
v 6.05594221e+03 5.04590482e+03 1.69382377e+01
v 6.05654654e+03 5.04657249e+03 1.63365970e+01
v 6.06258869e+03 5.04228053e+03 1.41731313e+01
v 6.04647143e+03 5.04799762e+03 1.39869870e+01
v 6.05198962e+03 5.04734337e+03 1.65500913e+01
v 6.05175466e+03 5.04746446e+03 1.56724755e+01
v 6.05152939e+03 5.04762070e+03 1.76361566e+01
v 6.05881741e+03 5.05065290e+03 2.01657761e+01
v 6.05856741e+03 5.05064380e+03 1.91701970e+01
v 6.05668759e+03 5.04512136e+03 1.60051890e+01
v 6.05642668e+03 5.04483308e+03 1.64830985e+01
v 6.04870986e+03 5.05201618e+03 1.57880564e+01
v 6.05825260e+03 5.04813711e+03 1.39666457e+01
v 6.05824016e+03 5.04879384e+03 1.40767566e+01
v 6.05494715e+03 5.04101724e+03 1.39590759e+01
v 6.05790461e+03 5.05167736e+03 1.55481088e+01
v 6.05794110e+03 5.05086051e+03 1.53917074e+01
v 6.05821150e+03 5.05155836e+03 1.61554535e+01
v 6.06246378e+03 5.04972013e+03 1.80404124e+01
v 6.04631926e+03 5.05464781e+03 1.41664024e+01
v 6.05981425e+03 5.05200186e+03 2.32096746e+01
v 6.06029197e+03 5.05272796e+03 2.11237803e+01
v 6.06122228e+03 5.05306479e+03 1.82661339e+01
v 6.06122811e+03 5.05326469e+03 1.94166937e+01
v 6.05613117e+03 5.04639683e+03 1.74966789e+01
v 6.05612190e+03 5.04661905e+03 1.96729282e+01
v 6.05614043e+03 5.04599586e+03 2.06662483e+01
v 6.05636807e+03 5.04526565e+03 1.80476178e+01
v 6.05599749e+03 5.04917027e+03 3.51615923e+01
v 6.05557858e+03 5.04891787e+03 3.54843423e+01
v 6.04983749e+03 5.04995332e+03 1.41207890e+01
v 6.05793373e+03 5.04987146e+03 3.09321183e+01
v 6.05923441e+03 5.05041727e+03 3.17366989e+01
v 6.05509228e+03 5.04973258e+03 1.66349015e+01
v 6.05477803e+03 5.05048881e+03 1.56018350e+01
v 6.05423169e+03 5.05051417e+03 1.50802775e+01
v 6.06128268e+03 5.05313938e+03 2.51032533e+01
v 6.06126934e+03 5.05324491e+03 2.29597685e+01
v 6.05927585e+03 5.05065244e+03 2.15081676e+01
v 6.04570535e+03 5.05727867e+03 2.25913386e+01
v 6.04582169e+03 5.05659719e+03 2.19101250e+01
v 6.05775243e+03 5.04726396e+03 1.77014930e+01
v 6.05806880e+03 5.04562269e+03 2.00779910e+01
v 6.05816421e+03 5.04606217e+03 2.04967567e+01
v 6.05732535e+03 5.04413342e+03 1.77342485e+01
v 6.05732437e+03 5.04384378e+03 1.68979646e+01
v 6.05611165e+03 5.04667587e+03 1.72568224e+01
v 6.05388905e+03 5.04976177e+03 1.53822900e+01
v 6.05594783e+03 5.04572611e+03 2.01109477e+01
v 6.05197071e+03 5.04731659e+03 1.75244367e+01
v 6.05226476e+03 5.04744113e+03 1.66722592e+01
v 6.05849913e+03 5.04489371e+03 1.85528376e+01
v 6.05758913e+03 5.04541562e+03 1.68447342e+01
v 6.05734778e+03 5.04403067e+03 1.66784087e+01
v 6.05871938e+03 5.04603984e+03 1.87812750e+01
v 6.05853787e+03 5.04537581e+03 1.91271193e+01
v 6.05791659e+03 5.04690817e+03 1.84206375e+01
v 6.05830496e+03 5.04686058e+03 1.93251614e+01
v 6.05661322e+03 5.04743700e+03 1.90723236e+01
v 6.06223865e+03 5.04610922e+03 1.44873880e+01
v 6.06205550e+03 5.04560123e+03 1.44375056e+01
v 6.06131013e+03 5.04611409e+03 1.43279090e+01
v 6.05882106e+03 5.05063090e+03 1.43346602e+01
v 6.05837072e+03 5.05124123e+03 1.46012184e+01
v 6.05902138e+03 5.05094375e+03 1.71670082e+01
v 6.05870007e+03 5.05039619e+03 1.83328658e+01
v 6.05656210e+03 5.04549691e+03 2.07622704e+01
v 6.05721650e+03 5.04504825e+03 2.04079397e+01
v 6.05828999e+03 5.04639991e+03 1.96890557e+01
v 6.05777934e+03 5.04658928e+03 2.02720320e+01
v 6.05835095e+03 5.05018286e+03 2.05946201e+01
v 6.05950616e+03 5.05087581e+03 2.25011992e+01
v 6.05855020e+03 5.05065696e+03 2.26859166e+01
v 6.04955155e+03 5.05128347e+03 2.28363003e+01
v 6.04873590e+03 5.05236007e+03 2.21022430e+01
v 6.04597781e+03 5.05452315e+03 2.24233424e+01
v 6.04635964e+03 5.05525314e+03 2.30849513e+01
v 6.06173777e+03 5.05329912e+03 2.20393305e+01
v 6.06219246e+03 5.05379962e+03 2.32200437e+01
v 6.04575036e+03 5.05669831e+03 1.74042887e+01
v 6.05699814e+03 5.04578226e+03 2.09963125e+01
v 6.04645198e+03 5.05379174e+03 2.18956190e+01
v 6.04672381e+03 5.05389955e+03 2.25995118e+01
v 6.04667751e+03 5.05393152e+03 1.91548181e+01
v 6.04642356e+03 5.05396806e+03 1.87267497e+01
v 6.04554829e+03 5.05773950e+03 1.64194887e+01
v 6.06259343e+03 5.05395812e+03 1.43525092e+01
v 6.06121764e+03 5.04876870e+03 1.38759395e+01
v 6.05785411e+03 5.04758797e+03 1.39629493e+01
v 6.05771842e+03 5.04794956e+03 1.39369320e+01
v 6.04689472e+03 5.05309117e+03 1.77347322e+01
v 6.04702902e+03 5.05277482e+03 1.89122578e+01
v 6.06034449e+03 5.05240586e+03 1.40480197e+01
v 6.05973861e+03 5.05129801e+03 1.41600098e+01
v 6.06002277e+03 5.05228147e+03 1.42498872e+01
v 6.04786273e+03 5.05261005e+03 2.17516283e+01
v 6.04706932e+03 5.05291007e+03 2.11291234e+01
v 6.05441369e+03 5.04942286e+03 1.49756014e+01
v 6.05747912e+03 5.04366320e+03 1.43304910e+01
v 6.04610761e+03 5.05614254e+03 2.11719086e+01
v 6.04613693e+03 5.05600310e+03 1.93578029e+01
v 6.05368054e+03 5.04864981e+03 1.67201032e+01
v 6.05175110e+03 5.04775897e+03 1.94028805e+01
v 6.05053380e+03 5.04983827e+03 1.91458411e+01
v 6.05093374e+03 5.04900016e+03 2.02630923e+01
v 6.05069235e+03 5.04957959e+03 2.21137934e+01
v 6.05156682e+03 5.04796227e+03 2.53409350e+01
v 6.04730712e+03 5.04923681e+03 1.47949213e+01
v 6.04706822e+03 5.04902531e+03 1.55409831e+01
v 6.04870916e+03 5.05244419e+03 1.91778507e+01
v 6.04794173e+03 5.05278581e+03 1.96870398e+01
v 6.05052307e+03 5.04947074e+03 1.85105448e+01
v 6.05047218e+03 5.04970747e+03 1.71219149e+01
v 6.04617248e+03 5.05587718e+03 2.23386640e+01
v 6.05124400e+03 5.04835812e+03 2.29033638e+01
v 6.05180715e+03 5.04772946e+03 2.16461513e+01
v 6.05219176e+03 5.04767445e+03 2.22829598e+01
v 6.04746072e+03 5.05520077e+03 1.52348461e+01
v 6.04741728e+03 5.05492140e+03 1.62003428e+01
v 6.04800124e+03 5.05406724e+03 1.54864610e+01
v 6.05911431e+03 5.05067632e+03 2.42291989e+01
v 6.04606352e+03 5.05457677e+03 2.32897682e+01
v 6.04605189e+03 5.05590842e+03 1.80811275e+01
v 6.05178964e+03 5.04776603e+03 2.35027569e+01
v 6.06038688e+03 5.06257029e+03 3.87666250e+01
v 6.06046875e+03 5.06147203e+03 3.91513485e+01
v 6.06060287e+03 5.06069188e+03 3.99457832e+01
v 6.06250668e+03 5.06086083e+03 3.92254912e+01
v 6.05824050e+03 5.06029576e+03 3.89443507e+01
v 6.05923787e+03 5.06259224e+03 3.90228857e+01
v 6.05997369e+03 5.06253328e+03 3.86317477e+01
v 6.05946281e+03 5.06166400e+03 3.88542182e+01
v 6.05894434e+03 5.06202888e+03 3.87368874e+01
v 6.05964679e+03 5.06255073e+03 3.87575703e+01
v 6.05976538e+03 5.05894271e+03 3.90042314e+01
v 6.06072403e+03 5.06045354e+03 3.98527333e+01
v 6.05880989e+03 5.05941615e+03 3.99486205e+01
v 6.05781123e+03 5.05914899e+03 3.99401523e+01
v 6.05296061e+03 5.05902587e+03 3.90405090e+01
v 6.05367956e+03 5.05783528e+03 3.91298869e+01
v 6.05050170e+03 5.06145472e+03 3.99740485e+01
v 6.05221260e+03 5.05907982e+03 3.98321864e+01
v 6.05079576e+03 5.06239993e+03 3.91223288e+01
v 6.05249999e+03 5.06149763e+03 3.86232238e+01
v 6.06254955e+03 5.06147586e+03 3.98294219e+01
v 6.05964091e+03 5.05980301e+03 4.00290407e+01
v 6.05112844e+03 5.05874773e+03 3.92191584e+01
v 6.05197585e+03 5.05868366e+03 4.00375318e+01
v 6.05339235e+03 5.05652655e+03 4.00185042e+01
v 6.05343452e+03 5.05714776e+03 3.98683371e+01
v 6.05719653e+03 5.05838250e+03 3.99798186e+01
v 6.05491076e+03 5.05716383e+03 3.99553843e+01
v 6.05648443e+03 5.05848933e+03 3.98713524e+01
v 6.05388491e+03 5.05675051e+03 3.99488603e+01
v 6.05315781e+03 5.05615846e+03 3.94942397e+01
v 6.05352060e+03 5.05548188e+03 3.92469268e+01
v 6.05683830e+03 5.05758559e+03 3.93616847e+01
v 6.05447833e+03 5.05856800e+03 3.88135458e+01
v 6.05418805e+03 5.05741200e+03 3.93789724e+01
v 6.05640868e+03 5.05912570e+03 3.90200650e+01
v 6.05441040e+03 5.05656620e+03 3.99280143e+01
v 6.05656553e+03 5.05549174e+03 3.81681750e+01
v 6.05124804e+03 5.05971811e+03 4.00674209e+01
v 6.05084044e+03 5.06032737e+03 3.99756752e+01
v 6.04958563e+03 5.05602161e+03 3.75877746e+01
v 6.04933566e+03 5.05706065e+03 3.75152119e+01
v 6.05015711e+03 5.05352594e+03 3.66297161e+01
v 6.05284591e+03 5.05175353e+03 3.74562176e+01
v 6.05311369e+03 5.05354083e+03 3.82859040e+01
v 6.05383917e+03 5.05600531e+03 3.98497700e+01
v 6.05110565e+03 5.05596475e+03 3.80688698e+01
v 6.04974078e+03 5.06258481e+03 3.99890902e+01
v 6.04917840e+03 5.06130081e+03 3.91150526e+01
v 6.05705430e+03 5.06191865e+03 3.80365968e+01
v 6.04978451e+03 5.06174115e+03 3.99585397e+01
v 6.05861802e+03 5.06260732e+03 3.85050004e+01
v 6.04702999e+03 5.05959303e+03 3.71943528e+01
v 6.05469642e+03 5.06078988e+03 3.80037156e+01
v 6.05055810e+03 5.05095477e+03 3.60401477e+01
v 6.05244844e+03 5.04911769e+03 3.62297120e+01
v 6.05025392e+03 5.04898979e+03 3.52939277e+01
v 6.05653136e+03 5.05196604e+03 3.63221905e+01
v 6.05621489e+03 5.05085058e+03 3.60345754e+01
v 6.05419041e+03 5.04888382e+03 3.56003639e+01
v 6.05753052e+03 5.05369258e+03 3.70638265e+01
v 6.05678968e+03 5.05386033e+03 3.77167084e+01
v 6.06020891e+03 5.05377508e+03 3.61808035e+01
v 6.06257282e+03 5.05331547e+03 3.52981209e+01
v 6.05837956e+03 5.05055877e+03 3.53409760e+01
v 6.06122830e+03 5.05261425e+03 3.54688163e+01
v 6.05601238e+03 5.04933467e+03 3.54643333e+01
v 6.05691475e+03 5.05025640e+03 3.55133002e+01
v 6.05710928e+03 5.04986441e+03 3.52199000e+01
v 6.05464653e+03 5.04822115e+03 3.53500610e+01
v 6.05339970e+03 5.04750567e+03 3.53678228e+01
v 6.05186603e+03 5.04729812e+03 3.54290231e+01
v 6.05203347e+03 5.04818078e+03 3.57237223e+01
v 6.04846126e+03 5.05233966e+03 3.54185592e+01
v 6.04945835e+03 5.05032519e+03 3.52708474e+01
v 6.04860686e+03 5.05142279e+03 3.50213034e+01
v 6.05529879e+03 5.05339131e+03 3.75489561e+01
v 6.04779391e+03 5.05295486e+03 3.53611868e+01
v 6.04857550e+03 5.05473842e+03 3.62568870e+01
v 6.06123004e+03 5.05354024e+03 3.39144797e+01
v 6.06184991e+03 5.05420142e+03 3.38497180e+01
v 6.04697069e+03 5.05400842e+03 3.50459042e+01
v 6.04815780e+03 5.05217339e+03 3.51145315e+01
v 6.04812595e+03 5.05368813e+03 3.38599165e+01
v 6.04624897e+03 5.05492347e+03 3.53746672e+01
v 6.05938924e+03 5.05220430e+03 3.37029532e+01
v 6.05973446e+03 5.05217752e+03 3.45306677e+01
v 6.06069797e+03 5.05273951e+03 3.42353525e+01
v 6.05762140e+03 5.05104516e+03 3.42358683e+01
v 6.05854117e+03 5.05196896e+03 3.30273232e+01
v 6.04949081e+03 5.05019026e+03 3.49752340e+01
v 6.05154893e+03 5.04797741e+03 3.43550752e+01
v 6.05132179e+03 5.04751268e+03 3.51005837e+01
v 6.05669414e+03 5.05023428e+03 3.42228220e+01
v 6.05926922e+03 5.05125668e+03 3.50867292e+01
v 6.06111190e+03 5.05242645e+03 3.51224597e+01
v 6.05205622e+03 5.04699812e+03 3.50821012e+01
v 6.05300762e+03 5.04767206e+03 3.45166697e+01
v 6.05221823e+03 5.04760915e+03 3.38319464e+01
v 6.05368635e+03 5.04871401e+03 3.40582117e+01
v 6.05483652e+03 5.04961499e+03 3.38835776e+01
v 6.05114335e+03 5.04808050e+03 3.53840578e+01
v 6.05557147e+03 5.04962610e+03 3.40730199e+01
v 6.05326693e+03 5.04831888e+03 3.31320869e+01
v 6.05042546e+03 5.05079636e+03 3.36610614e+01
v 6.04664769e+03 5.05554311e+03 3.21737185e+01
v 6.04632462e+03 5.05613485e+03 3.33849092e+01
v 6.04619043e+03 5.05593996e+03 3.20596765e+01
v 6.04595670e+03 5.05684540e+03 3.26415994e+01
v 6.04620608e+03 5.05610225e+03 3.42508390e+01
v 6.04608561e+03 5.05619844e+03 3.13071119e+01
v 6.04600274e+03 5.05728809e+03 3.32949194e+01
v 6.04813039e+03 5.05387770e+03 3.31082247e+01
v 6.04856975e+03 5.05257204e+03 3.42912498e+01
v 6.04906665e+03 5.05216833e+03 3.36316870e+01
v 6.04994553e+03 5.05147488e+03 3.32626329e+01
v 6.04962255e+03 5.05138511e+03 3.39123762e+01
v 6.04852858e+03 5.05305911e+03 3.33683117e+01
v 6.04904868e+03 5.05205145e+03 3.22863243e+01
v 6.04809733e+03 5.05341036e+03 3.24037084e+01
v 6.05663616e+03 5.05040345e+03 3.22905470e+01
v 6.05755417e+03 5.05083680e+03 3.25317187e+01
v 6.05717096e+03 5.05046941e+03 3.21743228e+01
v 6.05814878e+03 5.05154408e+03 3.23806944e+01
v 6.05729398e+03 5.05109615e+03 3.33351605e+01
v 6.05932275e+03 5.05136752e+03 3.21750887e+01
v 6.06047811e+03 5.05270999e+03 3.19210518e+01
v 6.06260259e+03 5.05413701e+03 3.26203465e+01
v 6.06183788e+03 5.05429875e+03 3.32478873e+01
v 6.06011726e+03 5.05225460e+03 3.16713737e+01
v 6.06091778e+03 5.05322784e+03 3.29974781e+01
v 6.06054314e+03 5.05281728e+03 3.31305714e+01
v 6.06224790e+03 5.05368190e+03 3.17137427e+01
v 6.05941497e+03 5.05201753e+03 3.25512487e+01
v 6.05984618e+03 5.05103042e+03 3.17072959e+01
v 6.04708123e+03 5.05396687e+03 3.52918589e+01
v 6.04702080e+03 5.05517859e+03 3.26249609e+01
v 6.04750044e+03 5.05479437e+03 3.35566144e+01
v 6.04757016e+03 5.05401806e+03 3.21259701e+01
v 6.04760934e+03 5.05335453e+03 3.22643185e+01
v 6.04588901e+03 5.05467561e+03 3.18778608e+01
v 6.05070145e+03 5.04970153e+03 3.25500073e+01
v 6.05392074e+03 5.04882173e+03 3.25232848e+01
v 6.05523276e+03 5.04977182e+03 3.31287134e+01
v 6.05477404e+03 5.04923259e+03 3.26318255e+01
v 6.05427545e+03 5.04873434e+03 3.16582068e+01
v 6.05280060e+03 5.04804003e+03 3.26472252e+01
v 6.05145408e+03 5.04821345e+03 3.17085457e+01
v 6.05171352e+03 5.04804239e+03 3.36291499e+01
v 6.05076189e+03 5.04965931e+03 3.39377241e+01
v 6.05266409e+03 5.04767660e+03 3.16326977e+01
v 6.05206840e+03 5.04772767e+03 3.25480697e+01
v 6.05814078e+03 5.05121079e+03 3.21251599e+01
v 6.05816601e+03 5.05045211e+03 3.21365456e+01
v 6.05730150e+03 5.04966551e+03 3.19065431e+01
v 6.05757017e+03 5.04993911e+03 3.20104022e+01
v 6.05596431e+03 5.04974321e+03 3.16003602e+01
v 6.05402108e+03 5.04921809e+03 3.31921294e+01
v 6.04690017e+03 5.05474705e+03 3.22495509e+01
v 6.04697631e+03 5.05286398e+03 3.17132345e+01
v 6.04765353e+03 5.05266859e+03 3.10294344e+01
v 6.04725073e+03 5.05253828e+03 3.18933768e+01
v 6.04829384e+03 5.05241569e+03 3.18349032e+01
v 6.04879070e+03 5.05222098e+03 3.13604508e+01
v 6.04973399e+03 5.05124489e+03 2.99639176e+01
v 6.04717292e+03 5.05284283e+03 2.99371365e+01
v 6.04965814e+03 5.05167566e+03 2.97102116e+01
v 6.05349366e+03 5.04878414e+03 2.96702292e+01
v 6.05329085e+03 5.04839455e+03 2.88914772e+01
v 6.06012949e+03 5.05236798e+03 3.12135042e+01
v 6.05955751e+03 5.05097597e+03 3.06203473e+01
v 6.05620288e+03 5.04997952e+03 3.11877055e+01
v 6.05708189e+03 5.05002896e+03 3.08303950e+01
v 6.05718059e+03 5.05019901e+03 2.99342744e+01
v 6.04893184e+03 5.05241901e+03 2.97998427e+01
v 6.05087363e+03 5.04936833e+03 3.05762914e+01
v 6.05167277e+03 5.04809638e+03 2.97939760e+01
v 6.04633996e+03 5.05371041e+03 3.14869859e+01
v 6.06244166e+03 5.05432268e+03 2.94541697e+01
v 6.06188593e+03 5.05367800e+03 3.06288754e+01
v 6.05908917e+03 5.05069192e+03 3.03211830e+01
v 6.05946965e+03 5.05162716e+03 2.99061998e+01
v 6.05985722e+03 5.05217389e+03 2.94400344e+01
v 6.05864139e+03 5.05060945e+03 2.96967055e+01
v 6.05761428e+03 5.04994248e+03 2.96577020e+01
v 6.05830885e+03 5.04977775e+03 3.17254017e+01
v 6.05731715e+03 5.04953756e+03 3.17085987e+01
v 6.05950469e+03 5.05091364e+03 2.97596543e+01
v 6.06213316e+03 5.05390848e+03 2.93965277e+01
v 6.06161613e+03 5.05346806e+03 2.84804084e+01
v 6.06075347e+03 5.05335403e+03 2.98129730e+01
v 6.05062734e+03 5.05018635e+03 2.97369922e+01
v 6.05457841e+03 5.04913329e+03 3.05868858e+01
v 6.05536923e+03 5.04999746e+03 2.98765587e+01
v 6.05459385e+03 5.04914571e+03 2.90648518e+01
v 6.05102895e+03 5.04928054e+03 2.96091998e+01
v 6.05009320e+03 5.05062830e+03 3.02282814e+01
v 6.05299146e+03 5.04814278e+03 3.05184351e+01
v 6.05223202e+03 5.04774683e+03 3.06122750e+01
v 6.05208058e+03 5.04771196e+03 2.96468553e+01
v 6.04588041e+03 5.05732904e+03 2.98491754e+01
v 6.04673796e+03 5.05338728e+03 3.19209407e+01
v 6.04591794e+03 5.05513524e+03 3.15855301e+01
v 6.04614165e+03 5.05432111e+03 3.07075091e+01
v 6.06257748e+03 5.05424811e+03 2.70033464e+01
v 6.06149769e+03 5.05337262e+03 2.67139910e+01
v 6.06228268e+03 5.05364483e+03 2.78917160e+01
v 6.06227442e+03 5.05387235e+03 2.61285523e+01
v 6.06024435e+03 5.05275387e+03 2.63075533e+01
v 6.06019147e+03 5.05211275e+03 2.78320403e+01
v 6.06083600e+03 5.05319968e+03 2.67388641e+01
v 6.06006594e+03 5.05242948e+03 2.83287783e+01
v 6.06076945e+03 5.05272269e+03 2.79537914e+01
v 6.04893067e+03 5.05225498e+03 2.86631248e+01
v 6.05970373e+03 5.05072800e+03 2.79346705e+01
v 6.05792880e+03 5.04995019e+03 2.94947927e+01
v 6.04612312e+03 5.05530965e+03 2.88768734e+01
v 6.04642954e+03 5.05525039e+03 2.96732492e+01
v 6.04784222e+03 5.05238443e+03 2.81555808e+01
v 6.04617305e+03 5.05427426e+03 2.93202102e+01
v 6.04673858e+03 5.05383103e+03 3.00302394e+01
v 6.04595156e+03 5.05465661e+03 2.92282628e+01
v 6.04618253e+03 5.05491372e+03 3.03440971e+01
v 6.04703175e+03 5.05268114e+03 2.77351262e+01
v 6.04599935e+03 5.05429806e+03 2.77506442e+01
v 6.04670494e+03 5.05391455e+03 2.66238622e+01
v 6.05639979e+03 5.05012612e+03 2.91182432e+01
v 6.05586143e+03 5.05000552e+03 2.87028687e+01
v 6.05010624e+03 5.05046479e+03 2.86066741e+01
v 6.05087958e+03 5.04897979e+03 2.79608936e+01
v 6.05753775e+03 5.04960640e+03 2.81658820e+01
v 6.04629083e+03 5.05655174e+03 2.98701770e+01
v 6.06257021e+03 5.05421603e+03 2.25576325e+01
v 6.04700772e+03 5.05303127e+03 2.27614239e+01
v 6.04556383e+03 5.05678101e+03 2.79929287e+01
v 6.04598065e+03 5.05585183e+03 2.78354439e+01
v 6.04573118e+03 5.05696105e+03 2.72078996e+01
v 6.04580263e+03 5.05490652e+03 2.78826944e+01
v 6.04621562e+03 5.05502793e+03 2.71459223e+01
v 6.04622765e+03 5.05435323e+03 2.67044314e+01
v 6.05678794e+03 5.04470349e+03 1.97016829e+01
v 6.04669745e+03 5.05336354e+03 2.88416521e+01
v 6.04933349e+03 5.05104442e+03 2.78829352e+01
v 6.05977336e+03 5.05163824e+03 2.71436975e+01
v 6.05873138e+03 5.05064598e+03 2.63173521e+01
v 6.05957765e+03 5.05089217e+03 2.71357659e+01
v 6.04994462e+03 5.05014502e+03 2.79044844e+01
v 6.05800396e+03 5.04997204e+03 2.69093555e+01
v 6.05816845e+03 5.04969725e+03 2.78844377e+01
v 6.05899036e+03 5.05027147e+03 2.78917952e+01
v 6.05961812e+03 5.05096923e+03 2.61103943e+01
v 6.05575571e+03 5.04960378e+03 2.72800326e+01
v 6.05658667e+03 5.04996836e+03 2.79340822e+01
v 6.05858328e+03 5.05049524e+03 2.72845298e+01
v 6.05927101e+03 5.05068113e+03 2.88733430e+01
v 6.05957591e+03 5.05075044e+03 3.19181676e+01
v 6.05832759e+03 5.04980387e+03 3.19386913e+01
v 6.04788543e+03 5.05271691e+03 2.73697837e+01
v 6.04867821e+03 5.05218424e+03 2.80062186e+01
v 6.04881468e+03 5.05226620e+03 2.75263676e+01
v 6.05207826e+03 5.04767083e+03 2.41521617e+01
v 6.05209334e+03 5.04781934e+03 2.59109936e+01
v 6.05284710e+03 5.04791034e+03 2.67722136e+01
v 6.05063297e+03 5.04968968e+03 2.71102970e+01
v 6.05031156e+03 5.05013790e+03 2.62024000e+01
v 6.05206446e+03 5.04764092e+03 2.86655957e+01
v 6.05156800e+03 5.04784398e+03 2.79684492e+01
v 6.05154547e+03 5.04813997e+03 2.84723930e+01
v 6.05258312e+03 5.04750636e+03 2.74063515e+01
v 6.05176898e+03 5.04778470e+03 2.67909708e+01
v 6.05445244e+03 5.04862740e+03 2.79292396e+01
v 6.05442940e+03 5.04933233e+03 2.69533450e+01
v 6.05222833e+03 5.04741454e+03 2.77022685e+01
v 6.05295335e+03 5.04813541e+03 2.50207134e+01
v 6.05377337e+03 5.04860476e+03 2.71791519e+01
v 6.05536665e+03 5.04918929e+03 2.80735873e+01
v 6.05310152e+03 5.04789208e+03 2.80936181e+01
v 6.05418133e+03 5.04883847e+03 2.84773992e+01
v 6.05393251e+03 5.04864912e+03 2.54410902e+01
v 6.05072529e+03 5.04936222e+03 2.55654069e+01
v 6.05398409e+03 5.04911358e+03 2.60660410e+01
v 6.05678590e+03 5.05013512e+03 2.71405489e+01
v 6.05705825e+03 5.05015622e+03 2.63691016e+01
v 6.05634013e+03 5.04997080e+03 2.56379760e+01
v 6.05527640e+03 5.04951273e+03 2.54357256e+01
v 6.05477257e+03 5.04897699e+03 2.81936000e+01
v 6.04932347e+03 5.05170545e+03 2.64093169e+01
v 6.04723597e+03 5.05282899e+03 2.38183574e+01
v 6.04728748e+03 5.05269835e+03 2.52426660e+01
v 6.04775170e+03 5.05288827e+03 2.61057861e+01
v 6.04850930e+03 5.05254797e+03 2.60637786e+01
v 6.04880816e+03 5.05243631e+03 2.47094898e+01
v 6.04610088e+03 5.05450094e+03 2.60190077e+01
v 6.04649814e+03 5.05562866e+03 2.64328318e+01
v 6.04665618e+03 5.05344644e+03 2.49996034e+01
v 6.04731389e+03 5.05284270e+03 2.59666274e+01
v 6.04598690e+03 5.05484258e+03 2.55013300e+01
v 6.04610781e+03 5.05634931e+03 2.85694295e+01
v 6.04709089e+03 5.05296718e+03 2.67272214e+01
v 6.04588358e+03 5.05641463e+03 2.68109460e+01
v 6.04635560e+03 5.05595143e+03 2.57851426e+01
v 6.05996848e+03 5.05219521e+03 2.50272353e+01
v 6.05779565e+03 5.04990967e+03 2.62124432e+01
v 6.04600820e+03 5.05441136e+03 2.39809858e+01
v 6.04610180e+03 5.05518359e+03 2.46274739e+01
v 6.04970728e+03 5.05077894e+03 2.35512855e+01
v 6.05963232e+03 5.05097855e+03 2.35371219e+01
v 6.05887708e+03 5.05048417e+03 2.52757647e+01
v 6.06211193e+03 5.05349274e+03 2.53435917e+01
v 6.06027714e+03 5.05273820e+03 2.39577038e+01
v 6.04975198e+03 5.05055083e+03 2.54691878e+01
v 6.05785272e+03 5.04982317e+03 2.54092320e+01
v 6.05202287e+03 5.04752956e+03 3.17687590e+01
v 6.03144440e+03 5.04321157e+03 2.02563646e+01
v 6.05565215e+03 5.04292585e+03 1.39070829e+01
v 6.05474384e+03 5.04197749e+03 1.44505169e+01
v 6.06226470e+03 5.04790740e+03 1.40783855e+01
v 6.06140345e+03 5.04694159e+03 1.42483587e+01
v 6.04604842e+03 5.05580777e+03 1.65092625e+01
v 6.05584795e+03 5.04969308e+03 1.41481018e+01
v 6.05718911e+03 5.04836106e+03 1.44496472e+01
v 6.04864703e+03 5.04725619e+03 1.40929781e+01
v 6.04875253e+03 5.04834683e+03 1.40679294e+01
v 6.05090630e+03 5.04797961e+03 1.39761573e+01
v 6.05766606e+03 5.04658907e+03 1.58895408e+01
v 6.05703093e+03 5.04652571e+03 1.49609594e+01
v 6.05310169e+03 5.04786928e+03 1.43459299e+01
v 6.05231611e+03 5.04753177e+03 1.46597997e+01
v 6.05771836e+03 5.04457533e+03 1.74300243e+01
v 6.05940876e+03 5.04637735e+03 1.39838536e+01
v 6.05266941e+03 5.04346420e+03 1.41098201e+01
v 6.05372780e+03 5.04277647e+03 1.42594863e+01
v 6.05625711e+03 5.04790229e+03 1.40549860e+01
v 6.05646133e+03 5.04910188e+03 1.39304991e+01
v 6.05640335e+03 5.04696743e+03 1.51324563e+01
v 6.05640488e+03 5.04664243e+03 1.45442970e+01
v 6.05690091e+03 5.04683056e+03 1.42179069e+01
v 6.05684435e+03 5.04603086e+03 1.48675162e+01
v 6.04628267e+03 5.05525079e+03 1.75548637e+01
v 6.04569334e+03 5.04791820e+03 1.44827173e+01
v 6.05751753e+03 5.04937137e+03 1.41213379e+01
v 6.05674429e+03 5.04647842e+03 1.51590623e+01
v 6.05656902e+03 5.04658509e+03 1.55633809e+01
v 6.05437523e+03 5.04656660e+03 1.40863874e+01
v 6.05290005e+03 5.04717040e+03 1.41839938e+01
v 6.05398698e+03 5.04730258e+03 1.42673284e+01
v 6.04578221e+03 5.05683919e+03 1.45309035e+01
v 6.05689097e+03 5.04680526e+03 1.52723836e+01
v 6.05662263e+03 5.04704689e+03 1.46737736e+01
v 6.05920346e+03 5.04752719e+03 1.45221648e+01
v 6.06126250e+03 5.05236592e+03 1.38034992e+01
v 6.04781734e+03 5.05342841e+03 1.64328586e+01
v 6.04822488e+03 5.05296332e+03 1.57451898e+01
v 6.04764802e+03 5.05275785e+03 1.75386077e+01
v 6.06214178e+03 5.05456256e+03 1.58088837e+01
v 6.06198172e+03 5.05413817e+03 1.49322673e+01
v 6.05764909e+03 5.05046255e+03 1.58148473e+01
v 6.06053467e+03 5.05275026e+03 1.46436602e+01
v 6.05700672e+03 5.04742567e+03 1.42210863e+01
v 6.05505332e+03 5.04950290e+03 2.23844354e+01
v 6.05709704e+03 5.05012541e+03 2.30966597e+01
v 6.06162213e+03 5.05400914e+03 1.56804284e+01
v 6.06101367e+03 5.05360862e+03 1.64001588e+01
v 6.06223188e+03 5.05386010e+03 1.91883337e+01
v 6.06249344e+03 5.05410734e+03 2.02087703e+01
v 6.06034963e+03 5.05252718e+03 1.62380700e+01
v 6.05961973e+03 5.05198349e+03 1.72156269e+01
v 6.05995677e+03 5.05215068e+03 1.82902504e+01
v 6.06108401e+03 5.05321931e+03 1.71283240e+01
v 6.05990311e+03 5.05232287e+03 1.90864179e+01
v 6.05740454e+03 5.05007977e+03 1.68779159e+01
v 6.05575179e+03 5.04960495e+03 1.78396969e+01
v 6.05654823e+03 5.05007065e+03 1.83388445e+01
v 6.05809207e+03 5.04986793e+03 1.83592380e+01
v 6.05977444e+03 5.05120020e+03 1.81448620e+01
v 6.05734949e+03 5.04981618e+03 1.83323699e+01
v 6.06238180e+03 5.05461375e+03 1.63487812e+01
v 6.05824890e+03 5.05210937e+03 1.54076782e+01
v 6.05867553e+03 5.05200715e+03 1.62864363e+01
v 6.05883158e+03 5.05227403e+03 1.56339815e+01
v 6.06258600e+03 5.05464690e+03 1.53278047e+01
v 6.05945537e+03 5.05076940e+03 1.82305710e+01
v 6.05788933e+03 5.04426887e+03 1.88061379e+01
v 6.05631985e+03 5.04554266e+03 1.57462427e+01
v 6.05812082e+03 5.04592389e+03 1.68464328e+01
v 6.05830888e+03 5.04631953e+03 1.70412886e+01
v 6.05852726e+03 5.04598071e+03 1.75187517e+01
v 6.05709345e+03 5.04539589e+03 1.63747952e+01
v 6.05304016e+03 5.04800938e+03 1.51922781e+01
v 6.05728084e+03 5.04699068e+03 1.70986179e+01
v 6.05650851e+03 5.04612705e+03 1.57244411e+01
v 6.05508019e+03 5.05057657e+03 1.53765547e+01
v 6.05812146e+03 5.05034517e+03 1.67962915e+01
v 6.05472126e+03 5.04900902e+03 1.81770255e+01
v 6.05698762e+03 5.05013758e+03 1.73877646e+01
v 6.05522467e+03 5.05022168e+03 1.53314667e+01
v 6.05686123e+03 5.04733704e+03 1.82321664e+01
v 6.05706338e+03 5.04678539e+03 1.61977213e+01
v 6.05638014e+03 5.04699448e+03 1.72468307e+01
v 6.05784223e+03 5.04983555e+03 2.01254756e+01
v 6.05365718e+03 5.04850061e+03 1.89545042e+01
v 6.05431444e+03 5.04926992e+03 1.91102124e+01
v 6.05608605e+03 5.04996622e+03 1.90766906e+01
v 6.05238145e+03 5.04767610e+03 1.91972406e+01
v 6.05430927e+03 5.04932386e+03 1.98833112e+01
v 6.05583925e+03 5.04647109e+03 1.90816173e+01
v 6.05563496e+03 5.04713762e+03 1.84188109e+01
v 6.05575351e+03 5.04655684e+03 1.81538808e+01
v 6.05580596e+03 5.04716936e+03 1.91595948e+01
v 6.05778186e+03 5.04452107e+03 1.93600149e+01
v 6.05696840e+03 5.05010370e+03 2.04935925e+01
v 6.05341073e+03 5.04819378e+03 1.81775835e+01
v 6.05585614e+03 5.04601990e+03 1.90781893e+01
v 6.05218463e+03 5.04763238e+03 2.06147029e+01
v 6.05356521e+03 5.04839991e+03 2.28059229e+01
v 6.05373923e+03 5.04857072e+03 2.08063616e+01
v 6.05404105e+03 5.04871323e+03 2.19742802e+01
v 6.05504789e+03 5.04932385e+03 2.15457630e+01
v 6.05640095e+03 5.05000185e+03 2.19220230e+01
v 6.05811895e+03 5.05000783e+03 2.36345792e+01
v 6.05774028e+03 5.04994415e+03 2.09693313e+01
v 6.05698389e+03 5.04613241e+03 2.09171419e+01
v 6.05700791e+03 5.04677880e+03 2.00837185e+01
v 6.05710884e+03 5.04459593e+03 1.99694662e+01
v 6.06242473e+03 5.05015362e+03 1.91736194e+01
v 6.05812681e+03 5.04501914e+03 1.96881353e+01
v 6.05402047e+03 5.04880967e+03 2.37505433e+01
v 6.05206822e+03 5.04733839e+03 1.84192018e+01
v 6.04860078e+03 5.05240141e+03 1.78026714e+01
v 6.04987532e+03 5.05135558e+03 1.63464237e+01
v 6.05024721e+03 5.05144462e+03 1.54521087e+01
v 6.04985126e+03 5.05176641e+03 1.54804597e+01
v 6.04905057e+03 5.05186375e+03 1.71885212e+01
v 6.04678830e+03 5.05503684e+03 1.68038213e+01
v 6.04640235e+03 5.05401201e+03 1.74087383e+01
v 6.05092270e+03 5.04904985e+03 1.60507407e+01
v 6.04654121e+03 5.05526176e+03 1.92360780e+01
v 6.04591592e+03 5.05461939e+03 1.88767971e+01
v 6.04610030e+03 5.05551163e+03 1.87986608e+01
v 6.04597845e+03 5.05465387e+03 1.84073508e+01
v 6.04638189e+03 5.05537372e+03 2.03010437e+01
v 6.04796189e+03 5.05269832e+03 1.53637937e+01
v 6.04837303e+03 5.05186235e+03 1.52219984e+01
v 6.05152036e+03 5.04844819e+03 1.52732142e+01
v 6.05040644e+03 5.05010865e+03 2.26633198e+01
v 6.04644466e+03 5.05405831e+03 2.32615349e+01
v 6.04928338e+03 5.05118697e+03 1.83482211e+01
v 6.04794898e+03 5.05405543e+03 1.50301807e+01
v 6.05491069e+03 5.04971788e+03 1.49944123e+01
v 6.05799582e+03 5.05167810e+03 1.50534434e+01
v 6.05920921e+03 5.05203113e+03 1.46002286e+01
v 6.05897144e+03 5.05170084e+03 1.41136450e+01
v 6.06129911e+03 5.05383694e+03 1.46619266e+01
v 6.04757812e+03 5.05497829e+03 1.48180360e+01
v 6.04719356e+03 5.05464267e+03 1.43569384e+01
v 6.04573239e+03 5.05774847e+03 1.56709724e+01
v 6.04772680e+03 5.05196369e+03 1.40916030e+01
v 6.04545021e+03 5.05035840e+03 1.41454461e+01
v 6.04757132e+03 5.04968370e+03 1.43842519e+01
v 6.04870751e+03 5.04941219e+03 1.42688900e+01
v 6.04688288e+03 5.04956737e+03 1.41722073e+01
v 6.04604059e+03 5.04921779e+03 1.43753243e+01
v 6.06249597e+03 5.05232694e+03 1.37274597e+01
v 6.06203257e+03 5.05219222e+03 1.39489326e+01
v 6.06173569e+03 5.04941390e+03 1.41668460e+01
v 6.05612203e+03 5.04731770e+03 1.46425600e+01
v 6.05578144e+03 5.04721099e+03 1.42982371e+01
v 6.05527498e+03 5.04743837e+03 1.41485031e+01
v 6.05671554e+03 5.04593735e+03 1.43949605e+01
v 6.05684809e+03 5.04563093e+03 1.39480839e+01
v 6.05077844e+03 5.04535149e+03 1.41371136e+01
v 6.04778256e+03 5.04852718e+03 1.43381894e+01
v 6.05978145e+03 5.04735531e+03 1.41779752e+01
v 6.06214018e+03 5.04712958e+03 1.45668580e+01
v 6.05136036e+03 5.04740855e+03 1.41043870e+01
v 6.05532020e+03 5.04977466e+03 1.49383270e+01
v 6.06074118e+03 5.04743716e+03 1.39944548e+01
v 6.06191387e+03 5.05046108e+03 1.42921691e+01
v 6.04634770e+03 5.04865653e+03 1.41888207e+01
v 6.04871417e+03 5.04463897e+03 1.39183772e+01
v 6.04686298e+03 5.04912847e+03 1.43896116e+01
v 6.04778788e+03 5.04924070e+03 1.45541994e+01
v 6.05379474e+03 5.04841411e+03 1.41221095e+01
v 6.05760760e+03 5.04712192e+03 1.38196778e+01
v 6.05405918e+03 5.04233510e+03 1.40769349e+01
v 6.05438218e+03 5.04305743e+03 1.40034746e+01
v 6.05410661e+03 5.04190825e+03 1.41988576e+01
v 6.05775805e+03 5.04484807e+03 1.40033640e+01
v 6.05761657e+03 5.04994104e+03 1.43855286e+01
v 6.05300672e+03 5.04077983e+03 1.39678963e+01
v 6.05568167e+03 5.04226791e+03 1.40980902e+01
v 6.04691019e+03 5.04867281e+03 1.44941767e+01
v 6.05383822e+03 5.04870492e+03 1.42991507e+01
v 6.04948828e+03 5.05123187e+03 1.44121417e+01
v 6.05330650e+03 5.04219349e+03 1.43386522e+01
v 6.05569933e+03 5.04659777e+03 1.40355522e+01
v 6.04738483e+03 5.04887645e+03 1.47398599e+01
v 6.03112500e+03 5.04310362e+03 2.86533832e+01
v 6.03112500e+03 5.04271994e+03 2.96190388e+01
v 6.03112500e+03 5.03437856e+03 2.74379567e+01
v 6.03112500e+03 5.03442988e+03 2.71777024e+01
v 6.03112500e+03 5.03426632e+03 2.91777126e+01
v 6.03112500e+03 5.03428160e+03 2.91993919e+01
v 6.03112500e+03 5.04286142e+03 3.27689597e+01
v 6.03112500e+03 5.04273779e+03 3.30731034e+01
v 6.03112500e+03 5.03441320e+03 3.02968587e+01
v 6.03112500e+03 5.03441250e+03 3.03207624e+01
v 6.03112500e+03 5.04249115e+03 3.64751325e+01
v 6.03112500e+03 5.04257248e+03 3.59932835e+01
v 6.03112500e+03 5.03450981e+03 3.57305142e+01
v 6.03112500e+03 5.03574338e+03 3.57994505e+01
v 6.03112500e+03 5.04151821e+03 3.99700872e+01
v 6.03112500e+03 5.04150014e+03 4.06386445e+01
v 6.03112500e+03 5.04157908e+03 4.08651334e+01
v 6.03112500e+03 5.04149347e+03 4.09105840e+01
v 6.03112500e+03 5.04216291e+03 3.91245037e+01
v 6.03112500e+03 5.04210591e+03 4.06375522e+01
v 6.03112500e+03 5.04222581e+03 3.72669421e+01
v 6.03112500e+03 5.04244696e+03 3.67471313e+01
v 6.03112500e+03 5.04152700e+03 3.78834655e+01
v 6.03112500e+03 5.04153585e+03 3.76048892e+01
v 6.03112500e+03 5.04152539e+03 3.83969773e+01
v 6.03112500e+03 5.04214843e+03 3.79309879e+01
v 6.03112500e+03 5.04217398e+03 3.75074237e+01
v 6.03112500e+03 5.04166008e+03 4.07504769e+01
v 6.03112500e+03 5.04142393e+03 4.08090203e+01
v 6.03112500e+03 5.04138357e+03 3.65046525e+01
v 6.03112500e+03 5.04147786e+03 3.61286302e+01
v 6.03112500e+03 5.04022236e+03 3.58811394e+01
v 6.03112500e+03 5.04017504e+03 3.58807724e+01
v 6.03112500e+03 5.04145860e+03 3.60051010e+01
v 6.03112500e+03 5.04124854e+03 3.68056178e+01
v 6.03112500e+03 5.04137234e+03 3.70445848e+01
v 6.03112500e+03 5.03708192e+03 3.58710095e+01
v 6.03112500e+03 5.03936931e+03 3.58814655e+01
v 6.03112500e+03 5.04262515e+03 3.54885529e+01
v 6.03112500e+03 5.04268370e+03 3.58500961e+01
v 6.03112500e+03 5.04269638e+03 3.53806538e+01
v 6.03112500e+03 5.03444636e+03 3.36647228e+01
v 6.03112500e+03 5.03437246e+03 3.29700587e+01
v 6.03112500e+03 5.04122713e+03 3.58166552e+01
v 6.03112500e+03 5.04288412e+03 3.46791505e+01
v 6.03112500e+03 5.04270601e+03 3.39988948e+01
v 6.03112500e+03 5.04075456e+03 3.59636380e+01
v 6.03112500e+03 5.03920837e+03 3.59390821e+01
v 6.03112500e+03 5.03870306e+03 3.59196918e+01
v 6.03112500e+03 5.03792695e+03 3.59574125e+01
v 6.03112500e+03 5.03744878e+03 3.59085459e+01
v 6.03112500e+03 5.03830505e+03 3.59619940e+01
v 6.03112500e+03 5.03431027e+03 3.53040257e+01
v 6.03112500e+03 5.03439066e+03 3.10076047e+01
v 6.03112500e+03 5.03435146e+03 3.24880611e+01
v 6.03112500e+03 5.03433890e+03 3.27561217e+01
v 6.03112500e+03 5.03429738e+03 3.50825115e+01
v 6.03112500e+03 5.03427357e+03 3.52354329e+01
v 6.03112500e+03 5.04281587e+03 3.10394588e+01
v 6.03112500e+03 5.04285869e+03 3.25094370e+01
v 6.03112500e+03 5.04270437e+03 2.97580173e+01
v 6.03112500e+03 5.04268373e+03 2.96805064e+01
v 6.03112500e+03 5.04287170e+03 2.56145598e+01
v 6.03112500e+03 5.04253322e+03 2.66790900e+01
v 6.03112500e+03 5.04290859e+03 2.54704582e+01
v 6.03112500e+03 5.03432183e+03 2.96066470e+01
v 6.03112500e+03 5.03441671e+03 3.02832966e+01
v 6.03112500e+03 5.03426319e+03 2.91597696e+01
v 6.03112500e+03 5.03433439e+03 2.63065520e+01
v 6.03112500e+03 5.03429866e+03 2.56951820e+01
v 6.03112500e+03 5.03441617e+03 2.43972513e+01
v 6.03112500e+03 5.03442953e+03 2.37635125e+01
v 6.03112500e+03 5.04297473e+03 2.51168644e+01
v 6.03112500e+03 5.04276595e+03 2.47366327e+01
v 6.03112500e+03 5.04263738e+03 2.72344396e+01
v 6.03112500e+03 5.04273575e+03 2.42187094e+01
v 6.03112500e+03 5.04271188e+03 2.19497467e+01
v 6.03112500e+03 5.04272526e+03 2.19891014e+01
v 6.03112500e+03 5.04241798e+03 1.81611357e+01
v 6.03112500e+03 5.04242130e+03 1.83207429e+01
v 6.03112500e+03 5.05102666e+03 1.76261197e+01
v 6.03112500e+03 5.05088466e+03 1.75459768e+01
v 6.03112500e+03 5.03278589e+03 2.12542806e+01
v 6.03112500e+03 5.03292550e+03 2.13218653e+01
v 6.03112500e+03 5.03131769e+03 1.43635642e+01
v 6.03112500e+03 5.05644111e+03 1.43461841e+01
v 6.03112500e+03 5.05552280e+03 1.43370308e+01
v 6.03112500e+03 5.05684285e+03 1.42358358e+01
v 6.03112500e+03 5.05653809e+03 1.43409158e+01
v 6.03112500e+03 5.05190485e+03 1.50766562e+01
v 6.03112500e+03 5.05252056e+03 1.48334184e+01
v 6.03112500e+03 5.04230186e+03 1.44575013e+01
v 6.03112500e+03 5.04209149e+03 1.46057358e+01
v 6.03112500e+03 5.06101719e+03 1.42533126e+01
v 6.03112500e+03 5.06145900e+03 1.42594256e+01
v 6.03112500e+03 5.03366871e+03 2.13163919e+01
v 6.03112500e+03 5.03281262e+03 2.01521336e+01
v 6.03112500e+03 5.03240011e+03 2.08567674e+01
v 6.03112500e+03 5.03291477e+03 1.99690703e+01
v 6.03112500e+03 5.03243012e+03 2.10022889e+01
v 6.03112500e+03 5.03427018e+03 2.12693507e+01
v 6.03112500e+03 5.03432479e+03 2.22597444e+01
v 6.03112500e+03 5.03428780e+03 2.17599030e+01
v 6.03112500e+03 5.03431719e+03 2.28096452e+01
v 6.03112500e+03 5.03431696e+03 2.25340678e+01
v 6.03112500e+03 5.03430712e+03 2.13614950e+01
v 6.03112500e+03 5.03309514e+03 1.90509670e+01
v 6.03112500e+03 5.03309167e+03 1.90852132e+01
v 6.03112500e+03 5.03309271e+03 1.91303621e+01
v 6.03112500e+03 5.03261228e+03 1.83777513e+01
v 6.03112500e+03 5.03265984e+03 1.75014215e+01
v 6.03112500e+03 5.03262049e+03 1.81228491e+01
v 6.03112500e+03 5.03375684e+03 1.55235690e+01
v 6.03112500e+03 5.03367847e+03 1.56894097e+01
v 6.03112500e+03 5.03388157e+03 1.50567996e+01
v 6.03112500e+03 5.03341894e+03 1.48594087e+01
v 6.03112500e+03 5.03394847e+03 1.52778205e+01
v 6.03112500e+03 5.03324019e+03 1.43980165e+01
v 6.03112500e+03 5.03205393e+03 1.40958927e+01
v 6.03112500e+03 5.03228545e+03 1.41883713e+01
v 6.03112500e+03 5.03153440e+03 1.43529531e+01
v 6.03112500e+03 5.05134368e+03 1.51255771e+01
v 6.03112500e+03 5.04955882e+03 1.47332339e+01
v 6.03112500e+03 5.05375186e+03 1.74522587e+01
v 6.03112500e+03 5.05351414e+03 1.76593807e+01
v 6.03112500e+03 5.04767046e+03 1.64978772e+01
v 6.03112500e+03 5.04772137e+03 1.62998805e+01
v 6.03112500e+03 5.04246212e+03 1.42923661e+01
v 6.03112500e+03 5.04955147e+03 1.47331875e+01
v 6.03112500e+03 5.04955688e+03 1.47330647e+01
v 6.03112500e+03 5.06252223e+03 1.43204364e+01
v 6.03112500e+03 5.05650795e+03 1.43575612e+01
v 6.03112500e+03 5.04866168e+03 1.46055345e+01
v 6.03112500e+03 5.04795531e+03 1.46305371e+01
v 6.03112500e+03 5.04605310e+03 1.47835250e+01
v 6.03112500e+03 5.04514126e+03 1.46277858e+01
v 6.03112500e+03 5.04263097e+03 1.43007345e+01
v 6.03112500e+03 5.04170190e+03 1.52291410e+01
v 6.03112500e+03 5.04190537e+03 1.59903386e+01
v 6.03112500e+03 5.04357773e+03 1.45674168e+01
v 6.03112500e+03 5.04429671e+03 1.45594103e+01
v 6.03112500e+03 5.04470958e+03 1.45492983e+01
v 6.03112500e+03 5.05519012e+03 1.44308442e+01
v 6.03112500e+03 5.05412813e+03 1.43863453e+01
v 6.03112500e+03 5.05128276e+03 1.66714085e+01
v 6.03112500e+03 5.05211851e+03 1.68023648e+01
v 6.03112500e+03 5.05247929e+03 1.69793486e+01
v 6.03112500e+03 5.05345164e+03 1.45613739e+01
v 6.03112500e+03 5.05384258e+03 1.44960193e+01
v 6.03112500e+03 5.05251703e+03 1.77646294e+01
v 6.03112500e+03 5.05114947e+03 1.76526435e+01
v 6.03112500e+03 5.05802132e+03 1.42848692e+01
v 6.03112500e+03 5.05735727e+03 1.42624864e+01
v 6.03112500e+03 5.06014225e+03 1.43054791e+01
v 6.03112500e+03 5.04194153e+03 1.47970179e+01
v 6.03112500e+03 5.05917174e+03 1.42376637e+01
v 6.03112500e+03 5.04794922e+03 1.46313760e+01
v 6.03112500e+03 5.04767232e+03 1.59723457e+01
v 6.03112500e+03 5.04772145e+03 1.58195299e+01
v 6.03112500e+03 5.04794637e+03 1.46380364e+01
v 6.03112500e+03 5.04777700e+03 1.49942564e+01
v 6.03112500e+03 5.04268901e+03 2.20470241e+01
v 6.03112500e+03 5.04768176e+03 1.61121145e+01
v 6.03112500e+03 5.04275495e+03 2.16314410e+01
v 6.03112500e+03 5.04268425e+03 2.18490190e+01
v 6.03112500e+03 5.04264531e+03 2.36578572e+01
v 6.03112500e+03 5.04256947e+03 2.34644855e+01
v 6.03112500e+03 5.04255366e+03 2.29876277e+01
v 6.03112500e+03 5.04306646e+03 2.08245576e+01
v 6.03112500e+03 5.04241941e+03 1.74633883e+01
v 6.03112500e+03 5.04242648e+03 1.73912467e+01
v 6.03112500e+03 5.04310134e+03 2.00206003e+01
v 6.03112500e+03 5.04758457e+03 1.65483126e+01
v 6.03112500e+03 5.05341208e+03 1.76847416e+01
v 6.03112500e+03 5.05055176e+03 1.72340878e+01
v 6.03112500e+03 5.05081331e+03 1.69802558e+01
v 6.03112500e+03 5.05265691e+03 1.69566661e+01
v 6.03112500e+03 5.05371353e+03 1.74038857e+01
v 6.03112500e+03 5.05340911e+03 1.72715709e+01
v 6.03112500e+03 5.04709742e+03 1.52838178e+01
v 6.03112500e+03 5.04692457e+03 1.51931873e+01
v 6.03112500e+03 5.04238079e+03 1.68221834e+01
v 6.03112500e+03 5.04208318e+03 1.63275878e+01
v 6.03112500e+03 5.05374257e+03 1.74325201e+01
v 6.03112500e+03 5.04314999e+03 2.06110016e+01
v 6.03112500e+03 5.04321303e+03 2.02631092e+01
v 6.03112500e+03 5.04612671e+03 1.47849091e+01
v 6.03112500e+03 5.04627961e+03 1.48699466e+01
v 6.03112500e+03 5.03307294e+03 1.68757533e+01
v 6.06262500e+03 5.04980889e+03 1.69111361e+01
v 6.06262500e+03 5.04988696e+03 1.76459446e+01
v 6.06262500e+03 5.05440399e+03 3.33639537e+01
v 6.06262500e+03 5.05414699e+03 3.26432377e+01
v 6.06262500e+03 5.06093303e+03 3.92239771e+01
v 6.06262500e+03 5.06066225e+03 3.90572442e+01
v 6.06262500e+03 5.05405379e+03 3.09739396e+01
v 6.06262500e+03 5.05391426e+03 3.16833081e+01
v 6.06262500e+03 5.05439704e+03 3.38782611e+01
v 6.06262500e+03 5.05416207e+03 2.87025854e+01
v 6.06262500e+03 5.05419349e+03 2.90000260e+01
v 6.06262500e+03 5.05403290e+03 2.83654027e+01
v 6.06262500e+03 5.05383555e+03 2.79016225e+01
v 6.06262500e+03 5.05426620e+03 2.64296495e+01
v 6.06262500e+03 5.05426251e+03 2.69850207e+01
v 6.06262500e+03 5.05422727e+03 2.59395118e+01
v 6.06262500e+03 5.05396156e+03 2.51557255e+01
v 6.06262500e+03 5.05424132e+03 2.59964835e+01
v 6.06262500e+03 5.05433769e+03 2.91876636e+01
v 6.06262500e+03 5.05445471e+03 2.96937583e+01
v 6.06262500e+03 5.05425380e+03 2.70471914e+01
v 6.06262500e+03 5.05420270e+03 3.04796521e+01
v 6.06262500e+03 5.05439938e+03 3.01240931e+01
v 6.06262500e+03 5.05414679e+03 3.26026362e+01
v 6.06262500e+03 5.05436528e+03 3.40686052e+01
v 6.06262500e+03 5.05408236e+03 3.44141377e+01
v 6.06262500e+03 5.05379036e+03 3.46133910e+01
v 6.06262500e+03 5.05338943e+03 3.50783825e+01
v 6.06262500e+03 5.05335097e+03 3.52843469e+01
v 6.06262500e+03 5.05517814e+03 3.61134884e+01
v 6.06262500e+03 5.05384541e+03 3.55948461e+01
v 6.06262500e+03 5.05335121e+03 3.53054994e+01
v 6.06262500e+03 5.05601420e+03 3.65466901e+01
v 6.06262500e+03 5.06189062e+03 3.99560790e+01
v 6.06262500e+03 5.05952648e+03 3.83395343e+01
v 6.06262500e+03 5.05781362e+03 3.74979200e+01
v 6.06262500e+03 5.06152175e+03 3.98326709e+01
v 6.06262500e+03 5.06097285e+03 3.92715415e+01
v 6.06262500e+03 5.06155160e+03 3.98403865e+01
v 6.06262500e+03 5.04956817e+03 1.92013355e+01
v 6.06262500e+03 5.04951182e+03 1.90004260e+01
v 6.06262500e+03 5.03133166e+03 1.39229590e+01
v 6.06262500e+03 5.03121054e+03 1.41422131e+01
v 6.06262500e+03 5.04327325e+03 1.39828938e+01
v 6.06262500e+03 5.04368268e+03 1.39619572e+01
v 6.06262500e+03 5.03588857e+03 1.41921980e+01
v 6.06262500e+03 5.03752623e+03 1.39554049e+01
v 6.06262500e+03 5.04926467e+03 1.65828530e+01
v 6.06262500e+03 5.04892663e+03 1.69458999e+01
v 6.06262500e+03 5.04877007e+03 1.40588517e+01
v 6.06262500e+03 5.05017804e+03 1.40949262e+01
v 6.06262500e+03 5.03488468e+03 1.45359785e+01
v 6.06262500e+03 5.03512058e+03 1.43378907e+01
v 6.06262500e+03 5.03426037e+03 1.49404370e+01
v 6.06262500e+03 5.03467194e+03 1.49887273e+01
v 6.06262500e+03 5.03527121e+03 1.42746668e+01
v 6.06262500e+03 5.03322863e+03 1.14514740e+01
v 6.06262500e+03 5.03317907e+03 1.13894556e+01
v 6.06262500e+03 5.03385837e+03 1.28853058e+01
v 6.06262500e+03 5.03387747e+03 1.29995183e+01
v 6.06262500e+03 5.03130809e+03 1.37358552e+01
v 6.06262500e+03 5.03315797e+03 1.13082930e+01
v 6.06262500e+03 5.03383575e+03 1.28286223e+01
v 6.06262500e+03 5.03382604e+03 1.27548987e+01
v 6.06262500e+03 5.03274356e+03 9.40139420e+00
v 6.06262500e+03 5.03230243e+03 8.95910623e+00
v 6.06262500e+03 5.03245699e+03 9.09559738e+00
v 6.06262500e+03 5.03200915e+03 8.93248462e+00
v 6.06262500e+03 5.03173993e+03 9.03645184e+00
v 6.06262500e+03 5.03399513e+03 1.34675777e+01
v 6.06262500e+03 5.03426395e+03 1.46889159e+01
v 6.06262500e+03 5.05033481e+03 1.41054050e+01
v 6.06262500e+03 5.04800379e+03 1.44060748e+01
v 6.06262500e+03 5.04752364e+03 1.48414887e+01
v 6.06262500e+03 5.05036096e+03 1.40961123e+01
v 6.06262500e+03 5.04106066e+03 1.39218202e+01
v 6.06262500e+03 5.04043958e+03 1.39069837e+01
v 6.06262500e+03 5.05254109e+03 1.37804065e+01
v 6.06262500e+03 5.05232880e+03 1.37455456e+01
v 6.06262500e+03 5.05066322e+03 1.40367241e+01
v 6.06262500e+03 5.05212642e+03 1.37652297e+01
v 6.06262500e+03 5.05016990e+03 1.82654471e+01
v 6.06262500e+03 5.04826661e+03 1.43078088e+01
v 6.06262500e+03 5.04809824e+03 1.43297417e+01
v 6.06262500e+03 5.04230894e+03 1.41670659e+01
v 6.06262500e+03 5.04461076e+03 1.41213605e+01
v 6.06262500e+03 5.04416085e+03 1.40670755e+01
v 6.06262500e+03 5.03864084e+03 1.39281320e+01
v 6.06262500e+03 5.04530946e+03 1.41722469e+01
v 6.06262500e+03 5.04525261e+03 1.41078540e+01
v 6.06262500e+03 5.04226888e+03 1.41670532e+01
v 6.06262500e+03 5.04618013e+03 1.46223381e+01
v 6.06262500e+03 5.04573237e+03 1.44236710e+01
v 6.06262500e+03 5.04508440e+03 1.40972558e+01
v 6.06262500e+03 5.04672894e+03 1.47828015e+01
v 6.06262500e+03 5.04693999e+03 1.48105199e+01
v 6.06262500e+03 5.04559767e+03 1.44079608e+01
v 6.06262500e+03 5.05040800e+03 1.40923702e+01
v 6.06262500e+03 5.05410866e+03 2.06942715e+01
v 6.06262500e+03 5.05402247e+03 2.06748419e+01
v 6.06262500e+03 5.05415858e+03 2.02867597e+01
v 6.06262500e+03 5.05395315e+03 2.15914864e+01
v 6.06262500e+03 5.05419457e+03 2.23386000e+01
v 6.06262500e+03 5.05423460e+03 2.25634426e+01
v 6.06262500e+03 5.05399846e+03 2.12091105e+01
v 6.06262500e+03 5.05416730e+03 2.01169074e+01
v 6.06262500e+03 5.05013589e+03 1.93121008e+01
v 6.06262500e+03 5.05032763e+03 1.91811978e+01
v 6.06262500e+03 5.05421389e+03 2.29863305e+01
v 6.06262500e+03 5.04950150e+03 1.64448179e+01
v 6.06262500e+03 5.04889500e+03 1.80985558e+01
v 6.06262500e+03 5.04868962e+03 1.74304972e+01
v 6.06262500e+03 5.04915217e+03 1.82473181e+01
v 6.06262500e+03 5.05391318e+03 1.79793108e+01
v 6.06262500e+03 5.05424952e+03 1.73580879e+01
v 6.06262500e+03 5.05388942e+03 1.80956484e+01
v 6.06262500e+03 5.05395100e+03 1.84145300e+01
v 6.06262500e+03 5.05423809e+03 1.91369661e+01
v 6.06262500e+03 5.05423719e+03 1.93580663e+01
v 6.06262500e+03 5.05397666e+03 1.43846126e+01
v 6.06262500e+03 5.05462406e+03 1.53026079e+01
v 6.06262500e+03 5.05451805e+03 1.59197526e+01
v 6.06262500e+03 5.05452569e+03 1.66294366e+01
v 6.06262500e+03 5.05405016e+03 2.43604794e+01
v 6.06262500e+03 5.03122353e+03 9.33579334e+00
v 6.06262500e+03 5.05395530e+03 1.43434814e+01
v 6.03321243e+03 5.03112500e+03 2.13680430e+01
v 6.03396141e+03 5.03112500e+03 2.13233630e+01
v 6.03427610e+03 5.03112500e+03 2.11291415e+01
v 6.03415696e+03 5.03112500e+03 2.11747414e+01
v 6.03254470e+03 5.03112500e+03 2.10883296e+01
v 6.03213671e+03 5.03112500e+03 2.02658430e+01
v 6.03144392e+03 5.03112500e+03 1.47409259e+01
v 6.03545319e+03 5.03112500e+03 1.41527689e+01
v 6.03618389e+03 5.03112500e+03 1.42915826e+01
v 6.03878502e+03 5.03112500e+03 1.41233374e+01
v 6.03947673e+03 5.03112500e+03 1.41674542e+01
v 6.03410167e+03 5.03112500e+03 2.12142848e+01
v 6.03476645e+03 5.03112500e+03 1.95181963e+01
v 6.03212552e+03 5.03112500e+03 2.02121069e+01
v 6.03480621e+03 5.03112500e+03 1.93046913e+01
v 6.03469481e+03 5.03112500e+03 1.90437679e+01
v 6.03481936e+03 5.03112500e+03 1.93822912e+01
v 6.03478544e+03 5.03112500e+03 1.94336838e+01
v 6.03480527e+03 5.03112500e+03 1.94161372e+01
v 6.03439223e+03 5.03112500e+03 1.87452191e+01
v 6.03261961e+03 5.03112500e+03 1.97735477e+01
v 6.03323191e+03 5.03112500e+03 1.91028526e+01
v 6.03967423e+03 5.03112500e+03 1.40916300e+01
v 6.04421970e+03 5.03112500e+03 1.41304849e+01
v 6.04416304e+03 5.03112500e+03 1.41299516e+01
v 6.03467593e+03 5.03112500e+03 1.43070788e+01
v 6.03534154e+03 5.03112500e+03 1.41958031e+01
v 6.03233677e+03 5.03112500e+03 1.52049198e+01
v 6.03220000e+03 5.03112500e+03 1.48177665e+01
v 6.03183158e+03 5.03112500e+03 1.51234973e+01
v 6.03221013e+03 5.03112500e+03 1.53399966e+01
v 6.04228194e+03 5.03112500e+03 1.40063562e+01
v 6.04209592e+03 5.03112500e+03 1.40223644e+01
v 6.04009997e+03 5.03112500e+03 1.40504520e+01
v 6.03690637e+03 5.03112500e+03 1.41723968e+01
v 6.03382029e+03 5.03112500e+03 1.41460067e+01
v 6.03539431e+03 5.03112500e+03 1.41930806e+01
v 6.03314921e+03 5.03112500e+03 1.41809752e+01
v 6.03220417e+03 5.03112500e+03 1.47975115e+01
v 6.03236041e+03 5.03112500e+03 1.44284724e+01
v 6.03296293e+03 5.03112500e+03 1.42378926e+01
v 6.06198668e+03 5.03112500e+03 1.04913353e+01
v 6.05241867e+03 5.03112500e+03 1.41905691e+01
v 6.05002600e+03 5.03112500e+03 1.41420924e+01
v 6.06244799e+03 5.03112500e+03 1.48518522e+01
v 6.05264787e+03 5.03112500e+03 1.41902057e+01
v 6.06173414e+03 5.03112500e+03 1.46587694e+01
v 6.06174697e+03 5.03112500e+03 1.46504994e+01
v 6.06172315e+03 5.03112500e+03 1.46596177e+01
v 6.06100198e+03 5.03112500e+03 1.47687995e+01
v 6.06049631e+03 5.03112500e+03 1.46021658e+01
v 6.04433032e+03 5.03112500e+03 1.41328434e+01
v 6.05477034e+03 5.03112500e+03 1.41754702e+01
v 6.05488839e+03 5.03112500e+03 1.41748755e+01
v 6.05920326e+03 5.03112500e+03 1.43071673e+01
v 6.05940778e+03 5.03112500e+03 1.43318545e+01
v 6.05766661e+03 5.03112500e+03 1.41218017e+01
v 6.06240392e+03 5.03112500e+03 1.19595527e+01
v 6.04896429e+03 5.03112500e+03 1.41316541e+01
v 6.06229264e+03 5.03112500e+03 9.94297602e+00
v 6.03130524e+03 5.03112500e+03 1.46256982e+01
v 6.03112500e+03 5.03112500e+03 1.44759378e+01
v 6.06193778e+03 5.03112500e+03 1.11645067e+01
v 6.06222066e+03 5.03112500e+03 1.00719941e+01
v 6.06193495e+03 5.03112500e+03 1.12033746e+01
v 6.06262500e+03 5.03112500e+03 1.43215615e+01
v 6.06233242e+03 5.03112500e+03 1.47338249e+01
v 6.06234742e+03 5.03112500e+03 1.45206422e+01
v 6.06234760e+03 5.03112500e+03 1.45181664e+01
v 6.06001280e+03 5.03112500e+03 1.44532916e+01
v 6.05999116e+03 5.03112500e+03 1.44466309e+01
v 6.06194698e+03 5.03112500e+03 1.13443715e+01
v 6.06232841e+03 5.03112500e+03 1.18578941e+01
v 6.06247156e+03 5.03112500e+03 1.23297880e+01
v 6.06252301e+03 5.03112500e+03 1.26113693e+01
v 6.06262500e+03 5.03112500e+03 1.31014332e+01
v 6.06262500e+03 5.03112500e+03 9.52097548e+00
v 6.04194910e+03 5.06262500e+03 3.09560652e+01
v 6.04231821e+03 5.06262500e+03 2.99063560e+01
v 6.04233837e+03 5.06262500e+03 2.98388536e+01
v 6.04322744e+03 5.06262500e+03 3.62815396e+01
v 6.04312360e+03 5.06262500e+03 3.62464580e+01
v 6.04236876e+03 5.06262500e+03 3.33511372e+01
v 6.04235322e+03 5.06262500e+03 3.32928647e+01
v 6.04236382e+03 5.06262500e+03 3.33734947e+01
v 6.04293613e+03 5.06262500e+03 3.61374662e+01
v 6.04634054e+03 5.06262500e+03 3.79588103e+01
v 6.04488577e+03 5.06262500e+03 3.74422427e+01
v 6.04181193e+03 5.06262500e+03 3.55618936e+01
v 6.04176967e+03 5.06262500e+03 3.16902487e+01
v 6.04206165e+03 5.06262500e+03 3.25657423e+01
v 6.04210995e+03 5.06262500e+03 3.28960661e+01
v 6.04105925e+03 5.06262500e+03 3.51738537e+01
v 6.04134410e+03 5.06262500e+03 3.48295063e+01
v 6.04189305e+03 5.06262500e+03 2.54329246e+01
v 6.04189674e+03 5.06262500e+03 2.55887506e+01
v 6.04167290e+03 5.06262500e+03 2.79442946e+01
v 6.04174271e+03 5.06262500e+03 2.76535301e+01
v 6.04198241e+03 5.06262500e+03 2.66469125e+01
v 6.04193283e+03 5.06262500e+03 2.70255112e+01
v 6.04195613e+03 5.06262500e+03 2.87019810e+01
v 6.04177072e+03 5.06262500e+03 3.14413796e+01
v 6.04199265e+03 5.06262500e+03 2.87809497e+01
v 6.04199990e+03 5.06262500e+03 2.88641538e+01
v 6.04173028e+03 5.06262500e+03 1.86327647e+01
v 6.04205485e+03 5.06262500e+03 1.93613731e+01
v 6.04177479e+03 5.06262500e+03 1.47052327e+01
v 6.04156732e+03 5.06262500e+03 1.46397967e+01
v 6.03771468e+03 5.06262500e+03 1.42573362e+01
v 6.03894330e+03 5.06262500e+03 1.43756586e+01
v 6.03640266e+03 5.06262500e+03 1.42199335e+01
v 6.03584234e+03 5.06262500e+03 1.42892358e+01
v 6.03578536e+03 5.06262500e+03 1.42192482e+01
v 6.03589213e+03 5.06262500e+03 1.42989237e+01
v 6.03603720e+03 5.06262500e+03 1.43804282e+01
v 6.03476016e+03 5.06262500e+03 1.42437213e+01
v 6.04178807e+03 5.06262500e+03 1.68411059e+01
v 6.04187738e+03 5.06262500e+03 1.70088912e+01
v 6.04184872e+03 5.06262500e+03 1.64860188e+01
v 6.04116026e+03 5.06262500e+03 1.42857606e+01
v 6.04017525e+03 5.06262500e+03 1.43444569e+01
v 6.04206587e+03 5.06262500e+03 1.55131912e+01
v 6.04207167e+03 5.06262500e+03 1.58966300e+01
v 6.04193075e+03 5.06262500e+03 2.25026592e+01
v 6.04205306e+03 5.06262500e+03 1.93844858e+01
v 6.04196442e+03 5.06262500e+03 2.30070328e+01
v 6.04165361e+03 5.06262500e+03 1.78888695e+01
v 6.04164468e+03 5.06262500e+03 1.83947840e+01
v 6.04180373e+03 5.06262500e+03 3.42908751e+01
v 6.04233680e+03 5.06262500e+03 2.98141074e+01
v 6.03622702e+03 5.06262500e+03 1.42898701e+01
v 6.06078612e+03 5.06262500e+03 3.88337799e+01
v 6.05941247e+03 5.06262500e+03 3.93944226e+01
v 6.05972411e+03 5.06262500e+03 3.93805355e+01
v 6.06031323e+03 5.06262500e+03 3.88306565e+01
v 6.06041898e+03 5.06262500e+03 3.87448372e+01
v 6.04675057e+03 5.06262500e+03 3.81880787e+01
v 6.05670367e+03 5.06262500e+03 3.77229545e+01
v 6.05768278e+03 5.06262500e+03 3.78957932e+01
v 6.05064562e+03 5.06262500e+03 3.91208861e+01
v 6.05080067e+03 5.06262500e+03 3.90589327e+01
v 6.06239896e+03 5.06262500e+03 3.92374568e+01
v 6.05858052e+03 5.06262500e+03 3.84675727e+01
v 6.05862342e+03 5.06262500e+03 3.85019774e+01
v 6.05861694e+03 5.06262500e+03 3.84942946e+01
v 6.05554585e+03 5.06262500e+03 3.77620190e+01
v 6.05502336e+03 5.06262500e+03 3.77103380e+01
v 6.05463578e+03 5.06262500e+03 3.78326037e+01
v 6.05301761e+03 5.06262500e+03 3.84236351e+01
v 6.05203327e+03 5.06262500e+03 3.86429555e+01
v 6.05118247e+03 5.06262500e+03 3.89519693e+01
v 6.04745674e+03 5.06262500e+03 3.86048916e+01
v 6.05059987e+03 5.06262500e+03 3.91666773e+01
v 6.04975075e+03 5.06262500e+03 3.99552636e+01
v 6.04973695e+03 5.06262500e+03 3.99874477e+01
v 6.04865006e+03 5.06262500e+03 3.94275115e+01
v 6.04968893e+03 5.06262500e+03 3.99941048e+01
v 6.04928766e+03 5.06262500e+03 4.00228024e+01
v 6.05922620e+03 5.06262500e+03 3.90333516e+01
v 6.05921510e+03 5.06262500e+03 3.90181021e+01
v 6.05929621e+03 5.06262500e+03 3.93565087e+01
v 6.05862935e+03 5.06262500e+03 3.85224071e+01
v 6.06000495e+03 5.06262500e+03 3.87696861e+01
v 6.05976828e+03 5.06262500e+03 3.88404877e+01
v 6.05921456e+03 5.06262500e+03 3.91234160e+01
v 6.04903677e+03 5.06262500e+03 3.97843068e+01
v 6.03236846e+03 5.06262500e+03 1.43083643e+01
v 6.03112500e+03 5.06262500e+03 1.43223818e+01
v 6.06224425e+03 5.06262500e+03 3.91458590e+01
v 6.06079241e+03 5.06262500e+03 3.88351251e+01
v 6.06239569e+03 5.06262500e+03 3.92355249e+01
v 6.06262500e+03 5.06262500e+03 3.93493219e+01
vt 0.15494202 0.86717761
vt 0.17181858 0.86479604
vt 0.14701614 0.89477766
vt 0.13508768 0.87452817
vt 0.1645803 0.85925013
vt 0.18816383 0.87438482
vt 0.13891113 0.85837871
vt 0.178195 0.85297602
vt 0.15497746 0.8524189
vt 0.19719294 0.8556897
vt 0.19349304 0.89781833
vt 0.14434285 0.85154229
vt 0.12990308 0.83762079
vt 0.17245135 0.85000163
vt 0.20808871 0.87576604
vt 0.18346934 0.91427952
vt 0.11600554 0.87392098
vt 0.18254757 0.84388322
vt 0.17682175 0.84465265
vt 0.15749405 0.84064358
vt 0.21118248 0.86406076
vt 0.19721895 0.90794253
vt 0.18004993 0.933523
vt 0.20448534 0.89774847
vt 0.15129247 0.83141059
vt 0.12794316 0.8781808
vt 0.062931687 0.90066278
vt 0.20055977 0.83392996
vt 0.17190744 0.84127271
vt 0.23771581 0.83877164
vt 0.14810976 0.9286195
vt 0.15063864 0.82137263
vt 0.12264107 0.88282925
vt 0.086798735 0.84842515
vt 0.11080284 0.89983398
vt 0.18996455 0.82953572
vt 0.20921513 0.83538818
vt 0.18392166 0.82589555
vt 0.16209297 0.83607423
vt 0.23332676 0.85484821
vt 0.13757874 0.91338134
vt 0.16497862 0.94554043
vt 0.15644027 0.78255957
vt 0.16689801 0.80310142
vt 0.074789822 0.86044931
vt 0.080228694 0.80791748
vt 0.091123752 0.91442251
vt 0.19382603 0.82247835
vt 0.20030554 0.82840914
vt 0.17174034 0.83125603
vt 0.1694846 0.81211352
vt 0.22350267 0.83197033
vt 0.24538821 0.83880037
vt 0.12644207 0.92703456
vt 0.16916549 0.95082611
vt 0.15580353 0.94994599
vt 0.12117603 0.77587426
vt 0.039451495 0.86312896
vt 0.057986245 0.84589618
vt 0.10156471 0.91384178
vt 0.048650213 0.94284225
vt 0.17475563 0.82102466
vt 0.22406648 0.8185752
vt 0.2119348 0.82981521
vt 0.24789251 0.82860804
vt 0.11843975 0.93922096
vt 0.15973137 0.95462281
vt 0.13577355 0.96428239
vt 0.20721051 0.73399162
vt 0.19538136 0.8141939
vt 0.17609644 0.80827588
vt 0.033771869 0.88369513
vt 0.073872708 0.77051568
vt 0.054307308 0.80318576
vt 0.097825304 0.92331773
vt 0.082192227 0.93185407
vt 0.20089629 0.82267803
vt 0.18869725 0.81773162
vt 0.17867948 0.8127116
vt 0.15634564 0.96862525
vt 0.14529586 0.97885293
vt 0.1757016 0.68066144
vt 0.04811205 0.84841758
vt 0.025823591 0.87429374
vt 0.068992935 0.73015964
vt 0.039147511 0.81854206
vt 0.092855722 0.93278944
vt 0.012143022 0.91044438
vt 0.061051942 0.96324593
vt 0.25114939 0.81394947
vt 0.21186726 0.82084459
vt 0.10239442 0.96662056
vt 0.13536118 0.98772776
vt 0.22357048 0.77195066
vt 0.099749923 0.69779927
vt 0.22526403 0.67556685
vt 0.037569236 0.8575772
vt 0.04728264 0.83968729
vt 0.024128994 0.86458272
vt 0.012410929 0.89252746
vt 0.050899576 0.78656465
vt 0.050213471 0.76949996
vt 0.03896331 0.791403
vt 0.10293764 0.93753427
vt 0.019444074 0.92602372
vt 0.087368585 0.93846965
vt 0.050587114 0.98339117
vt 0.07529062 0.94931668
vt 0.22273515 0.80486065
vt 0.20686312 0.82523471
vt 0.10775636 0.9853611
vt 0.10415486 0.946123
vt 0.141295 0.99449253
vt 0.25137091 0.74619901
vt 0.1482444 0.64678228
vt 0.21473595 0.64091194
vt 0.24418323 0.70923203
vt 0.0096011776 0.87228245
vt 0.011805845 0.8825767
vt 0.044022772 0.74560636
vt 0.068771869 0.70233047
vt 0.030746754 0.82827854
vt 0.019686297 0.81280297
vt 0.10378705 0.93017203
vt 0.092670456 0.94003117
vt 0.0024394686 0.94030082
vt 0.0024351664 0.92548203
vt 0.0024287645 0.90888178
vt 0.081795372 0.94249529
vt 0.0024574378 0.99689895
vt 0.24952921 0.78090024
vt 0.084519126 0.99413788
vt 0.10008299 0.96027517
vt 0.13637385 0.99814445
vt 0.12865043 0.99815059
vt 0.17488736 0.63969183
vt 0.11570651 0.62830263
vt 0.24124843 0.63574934
vt 0.28017446 0.6696341
vt 0.010587522 0.86028481
vt 0.0024225847 0.89134341
vt 0.036557905 0.75805664
vt 0.052534867 0.73364961
vt 0.063873515 0.68996316
vt 0.020435514 0.77704197
vt 0.102869 0.92335278
vt 0.11051785 0.93160731
vt 0.0024446324 0.95476764
vt 0.0024369913 0.93195057
vt 0.0026285741 0.9212063
vt 0.0024264583 0.90469748
vt 0.0024324115 0.92042923
vt 0.018094311 0.99818629
vt 0.0024537265 0.98352945
vt 0.26146504 0.80403638
vt 0.092137314 0.9712925
vt 0.085322969 0.99816489
vt 0.10115597 0.94872218
vt 0.13376562 0.99814588
vt 0.11626349 0.9981541
vt 0.27753267 0.72340453
vt 0.27330053 0.75716019
vt 0.13561173 0.61866355
vt 0.093827501 0.63460946
vt 0.24000932 0.60200667
vt 0.24561301 0.66240048
vt 0.16652758 0.60306084
vt 0.2970905 0.68966854
vt 0.0024065305 0.86337996
vt 0.0024180547 0.88283515
vt 0.0024203095 0.8877517
vt 0.018809771 0.74674505
vt 0.05757428 0.73035318
vt 0.039027885 0.73801792
vt 0.051976699 0.68713069
vt 0.075117566 0.67534542
vt 0.018804973 0.82280815
vt 0.015913591 0.79775679
vt 0.10804261 0.91317141
vt 0.0024478971 0.96697116
vt 0.00243286 0.92164886
vt 0.0024578366 0.99819124
vt 0.048170298 0.99817705
vt 0.0047754822 0.97817123
vt 0.27621514 0.80376375
vt 0.10077157 0.99815887
vt 0.2813043 0.74117666
vt 0.10393737 0.6161167
vt 0.080307871 0.66158485
vt 0.1098375 0.60204935
vt 0.22665863 0.60201108
vt 0.27009639 0.60199654
vt 0.16838689 0.60203004
vt 0.31994459 0.63297427
vt 0.0024115043 0.87112463
vt 0.028747289 0.73988557
vt 0.019609855 0.75643539
vt 0.054369569 0.68107855
vt 0.060999967 0.67312711
vt 0.012482597 0.82370985
vt 0.0084902151 0.81639916
vt 0.0023856717 0.78979743
vt 0.0024519893 0.97797376
vt 0.0024325682 0.92126966
vt 0.061062321 0.99817312
vt 0.2688688 0.8083061
vt 0.30193439 0.72638208
vt 0.29136592 0.73758769
vt 0.28660539 0.74850655
vt 0.29476389 0.79616582
vt 0.16628338 0.60203075
vt 0.1073532 0.60204947
vt 0.081628896 0.61113608
vt 0.056797311 0.64240837
vt 0.11519149 0.60204798
vt 0.27120817 0.62205535
vt 0.16699591 0.60203052
vt 0.35034534 0.65582156
vt 0.025547288 0.73212075
vt 0.0027124234 0.7730872
vt 0.046789289 0.67851734
vt 0.05759804 0.66472965
vt 0.0075937673 0.81001353
vt 0.0023859574 0.79072297
vt 0.27875194 0.81254983
vt 0.33606911 0.70799732
vt 0.29483783 0.75203907
vt 0.29768682 0.77148467
vt 0.28988281 0.80542076
vt 0.14263001 0.60203946
vt 0.098655514 0.60205269
vt 0.14029071 0.60204005
vt 0.27297854 0.60199559
vt 0.34296298 0.62754607
vt 0.29966858 0.601987
vt 0.012600169 0.73398584
vt 0.002377782 0.7586717
vt 0.050365392 0.67272186
vt 0.0024319144 0.83380526
vt 0.0060198857 0.8043251
vt 0.0024357489 0.8136279
vt 0.0047276882 0.79982924
vt 0.0023835376 0.77833247
vt 0.28747144 0.81940007
vt 0.31109256 0.73326308
vt 0.29937673 0.73845363
vt 0.2907725 0.74295658
vt 0.31080803 0.75038016
vt 0.3182205 0.77209437
vt 0.32192448 0.78706914
vt 0.30608106 0.80712402
vt 0.058193963 0.61644214
vt 0.075031184 0.60205996
vt 0.042794272 0.66417086
vt 0.36343864 0.64529955
vt 0.35520348 0.60961807
vt 0.37104788 0.69878644
vt 0.301153 0.60198653
vt 0.0023760279 0.74464548
vt 0.017626617 0.72719646
vt 0.0023807914 0.76771289
vt 0.0023766309 0.74676871
vt 0.002400429 0.83378941
vt 0.0023981 0.82260156
vt 0.0023857178 0.79264498
vt 0.0023825755 0.77290487
vt 0.33052349 0.73265064
vt 0.31141493 0.79655284
vt 0.043950893 0.61019415
vt 0.065856755 0.60564178
vt 0.065944768 0.60206187
vt 0.046288397 0.64734507
vt 0.36396369 0.65651214
vt 0.3617996 0.62833846
vt 0.35541067 0.60196781
vt 0.33608934 0.60197568
vt 0.0023737007 0.74262881
vt 0.011519471 0.72635263
vt 0.024926139 0.72662956
vt 0.0023848517 0.80292523
vt 0.0023949696 0.81371874
vt 0.0023850668 0.80075246
vt 0.31117457 0.74210489
vt 0.33378062 0.75964105
vt 0.3258574 0.78439105
vt 0.31244728 0.80426145
vt 0.30397621 0.82755172
vt 0.056197006 0.60278118
vt 0.037241738 0.63022602
vt 0.3803122 0.65252304
vt 0.3718771 0.64082432
vt 0.35798228 0.60196674
vt 0.37276688 0.61370862
vt 0.39206788 0.72411019
vt 0.39118218 0.68084306
vt 0.0044880235 0.73832858
vt 0.0023949365 0.8136422
vt 0.34104836 0.75404382
vt 0.33729631 0.77454245
vt 0.31271294 0.81069005
vt 0.28801754 0.82305539
vt 0.046982288 0.60206783
vt 0.024205804 0.6070888
vt 0.05675773 0.60206604
vt 0.039761517 0.64452064
vt 0.38884857 0.65470827
vt 0.37927029 0.62835115
vt 0.36531711 0.6019634
vt 0.37802473 0.60195643
vt 0.002371341 0.73998213
vt 0.33541554 0.80313802
vt 0.31672713 0.8055988
vt 0.32100827 0.82803959
vt 0.055353373 0.60206616
vt 0.036224343 0.60207278
vt 0.014482114 0.61376411
vt 0.056016963 0.60206592
vt 0.37934694 0.64511836
vt 0.36558908 0.60196322
vt 0.37166774 0.60195994
vt 0.38709444 0.60195446
vt 0.38734984 0.61479723
vt 0.39848065 0.71908712
vt 0.36019963 0.75523031
vt 0.39558312 0.65208173
vt 0.35806024 0.79376638
vt 0.32652375 0.79947364
vt 0.32785669 0.80695659
vt 0.31329525 0.83547437
vt 0.31843406 0.8129546
vt 0.018315008 0.63443792
vt 0.013850484 0.60508299
vt 0.02778515 0.60207522
vt 0.38318792 0.63983631
vt 0.38723272 0.6019544
vt 0.39847311 0.69646794
vt 0.39848304 0.726897
vt 0.3881264 0.75558144
vt 0.39845926 0.66185617
vt 0.33851585 0.80899638
vt 0.3230207 0.80219108
vt 0.32457826 0.83862031
vt 0.3301518 0.81871629
vt 0.0034883737 0.6141758
vt 0.017863659 0.60207623
vt 0.025442196 0.60207546
vt 0.38815439 0.63475788
vt 0.39287078 0.60575116
vt 0.39846832 0.68245173
vt 0.39802885 0.74223471
vt 0.38652271 0.76678783
vt 0.37143302 0.78632855
vt 0.39845589 0.65409225
vt 0.35547784 0.8082217
vt 0.33428907 0.83142233
vt 0.0069136098 0.63502347
vt 0.0037416001 0.60631752
vt 0.38951135 0.64166546
vt 0.38739407 0.6019544
vt 0.39848548 0.7420882
vt 0.39849144 0.75471956
vt 0.3984955 0.77153736
vt 0.37481943 0.80708778
vt 0.39845464 0.6521976
vt 0.3627488 0.80606091
vt 0.34352905 0.81590009
vt 0.33681124 0.81354403
vt 0.33553413 0.83858317
vt 0.3433741 0.82415748
vt 0.0023374003 0.62867975
vt 0.012103043 0.60520113
vt 0.0023356332 0.6137653
vt 0.38535672 0.64702433
vt 0.39405438 0.63765872
vt 0.39494827 0.60195315
vt 0.39848566 0.74259192
vt 0.39849332 0.75986832
vt 0.39849418 0.76588035
vt 0.39849764 0.7774936
vt 0.38327304 0.78200257
vt 0.38314286 0.80085123
vt 0.36298051 0.81770444
vt 0.34437704 0.8396318
vt 0.0023356383 0.61667591
vt 0.0063356613 0.60207725
vt 0.0023309106 0.60723013
vt 0.39125553 0.65018165
vt 0.39849824 0.77960879
vt 0.38196522 0.79044515
vt 0.39397857 0.81299418
vt 0.35551754 0.8377189
vt 0.011206543 0.6020723
vt 0.0023299204 0.60450488
vt 0.39538124 0.64767045
vt 0.39133495 0.78399193
vt 0.39849782 0.78032309
vt 0.38081747 0.8238309
vt 0.39240476 0.80320936
vt 0.39363953 0.79037881
vt 0.35068378 0.84725368
vt 0.004592964 0.6020788
vt 0.39844507 0.64137518
vt 0.39850643 0.81420183
vt 0.39536422 0.82299149
vt 0.37821633 0.84613901
vt 0.36222634 0.85564029
vt 0.0023279963 0.60208082
vt 0.39844626 0.64655018
vt 0.3984966 0.7839452
vt 0.39849702 0.78563887
vt 0.3985076 0.81539023
vt 0.39850008 0.80816019
vt 0.39849743 0.79816759
vt 0.39850849 0.81750768
vt 0.38733163 0.83193964
vt 0.35258132 0.86070931
vt 0.39849684 0.79126763
vt 0.39849803 0.80082119
vt 0.39851305 0.8238408
vt 0.38957524 0.84510595
vt 0.38139701 0.869066
vt 0.36580265 0.86800528
vt 0.39851841 0.84154552
vt 0.39167264 0.85199922
vt 0.39107841 0.86687732
vt 0.36985078 0.86956984
vt 0.39851895 0.84351689
vt 0.3969084 0.86857146
vt 0.37704563 0.88091815
vt 0.39851916 0.84384573
vt 0.39813429 0.88907754
vt 0.39852098 0.84764713
vt 0.3985194 0.84443736
vt 0.39853123 0.87126344
vt 0.39852968 0.86604911
vt 0.39853129 0.88904208
vt 0.39853069 0.86859417
vt 0.5624339 0.87857616
vt 0.57719117 0.86550343
vt 0.58645481 0.87538481
vt 0.58278626 0.89793676
vt 0.55070102 0.85599816
vt 0.59760392 0.86660719
vt 0.59370327 0.8874343
vt 0.55231518 0.89357722
vt 0.54674584 0.87400728
vt 0.57467109 0.83996636
vt 0.60260898 0.89849973
vt 0.56857038 0.8978641
vt 0.53338301 0.86237222
vt 0.56853354 0.8306362
vt 0.62225932 0.88260835
vt 0.58765852 0.82807487
vt 0.58144915 0.90763992
vt 0.61974359 0.89827746
vt 0.53907794 0.89120889
vt 0.55172414 0.89985979
vt 0.53168589 0.84337068
vt 0.5362016 0.87432855
vt 0.55069262 0.82102197
vt 0.58310658 0.81928748
vt 0.61865503 0.8632012
vt 0.59529954 0.82055092
vt 0.58910537 0.92289877
vt 0.61681694 0.9052
vt 0.55355418 0.90884942
vt 0.52759922 0.82922304
vt 0.53984034 0.81596041
vt 0.53232193 0.87216878
vt 0.56792253 0.81692135
vt 0.63014817 0.89483893
vt 0.62512708 0.87105656
vt 0.6013239 0.92084092
vt 0.57982457 0.92943442
vt 0.62646991 0.90777528
vt 0.54169089 0.90147746
vt 0.5706656 0.92608196
vt 0.52035224 0.85922432
vt 0.5293138 0.80734295
vt 0.52978921 0.78699672
vt 0.58091617 0.78388458
vt 0.61187363 0.83065122
vt 0.62633896 0.84741879
vt 0.5989961 0.93374199
vt 0.6184625 0.9229306
vt 0.5310269 0.89555061
vt 0.53093123 0.92520344
vt 0.52899498 0.88228977
vt 0.53901261 0.78850222
vt 0.54966605 0.78193569
vt 0.60296595 0.79555845
vt 0.62263763 0.83861619
vt 0.59138441 0.78091568
vt 0.61524373 0.94848824
vt 0.62597746 0.92095989
vt 0.55206501 0.92416573
vt 0.5165506 0.88129193
vt 0.53015763 0.77757049
vt 0.5667907 0.77036333
vt 0.62314641 0.81376368
vt 0.62742251 0.82248288
vt 0.59463859 0.77216858
vt 0.55248719 0.94482857
vt 0.62714344 0.93399173
vt 0.52150887 0.9105975
vt 0.56598526 0.92292374
vt 0.53723806 0.9399972
vt 0.54899549 0.76344299
vt 0.55832338 0.75514913
vt 0.62233025 0.78373629
vt 0.62707472 0.9491936
vt 0.55656654 0.95726246
vt 0.51763868 0.92683119
vt 0.50612026 0.89618647
vt 0.52880591 0.9488591
vt 0.53638917 0.75956047
vt 0.59197801 0.75371438
vt 0.62773949 0.80013156
vt 0.62142068 0.75987309
vt 0.62570995 0.95977771
vt 0.59425867 0.96026111
vt 0.54583138 0.95099962
vt 0.50804001 0.9172762
vt 0.51482695 0.9459976
vt 0.53447485 0.95122361
vt 0.53192484 0.74531025
vt 0.52595067 0.76194173
vt 0.55358928 0.73630387
vt 0.57106173 0.74405456
vt 0.62927353 0.7813167
vt 0.62928689 0.7704941
vt 0.61934996 0.97423041
vt 0.57063472 0.9704954
vt 0.53481281 0.95914161
vt 0.50730151 0.93584818
vt 0.50237256 0.91616118
vt 0.54017514 0.73605454
vt 0.56707281 0.73272365
vt 0.58554024 0.732867
vt 0.60241008 0.73922789
vt 0.62853062 0.7584492
vt 0.62826145 0.97696853
vt 0.58154404 0.97567481
vt 0.55567271 0.97534955
vt 0.59523553 0.97883654
vt 0.54225302 0.97208059
vt 0.54001647 0.73061705
vt 0.56271541 0.72421968
vt 0.57389897 0.73237574
vt 0.59883541 0.71424937
vt 0.61377418 0.72879684
vt 0.62847298 0.74544275
vt 0.61832744 0.98379904
vt 0.56828457 0.97893161
vt 0.5516904 0.72842354
vt 0.55404961 0.71625543
vt 0.58947253 0.71729743
vt 0.62214535 0.73309845
vt 0.62506211 0.73363674
vt 0.62034404 0.99332929
vt 0.57790875 0.9922871
vt 0.55797142 0.99317056
vt 0.54710644 0.98413426
vt 0.53778023 0.72059405
vt 0.5683971 0.71785796
vt 0.61774141 0.7147271
vt 0.62210906 0.71960938
vt 0.63225329 0.99319422
vt 0.53350186 0.71758091
vt 0.54442447 0.71297085
vt 0.61203212 0.71076035
vt 0.6270709 0.7249198
vt 0.6276449 0.99791592
vt 0.59636664 0.99623084
vt 0.57635671 0.99631071
vt 0.54670548 0.99463511
vt 0.62170601 0.71237946
vt 0.62728602 0.71060145
vt 0.61340374 0.99738497
vt 0.49642068 0.75987309
vt 0.49714535 0.73309845
vt 0.50527942 0.7473098
vt 0.76036632 0.73629242
vt 0.79286277 0.75298876
vt 0.76277691 0.76810133
vt 0.75853634 0.74796855
vt 0.77898896 0.72390723
vt 0.79092985 0.76941693
vt 0.75653011 0.74286282
vt 0.75668961 0.74986815
vt 0.76182932 0.71911466
vt 0.79365009 0.71605551
vt 0.77542502 0.78225768
vt 0.82172143 0.76562971
vt 0.75775176 0.73543036
vt 0.75619859 0.74747455
vt 0.75546461 0.76116341
vt 0.77884388 0.71394604
vt 0.75611693 0.71904707
vt 0.81109792 0.75052726
vt 0.78915721 0.7834481
vt 0.75786513 0.78146946
vt 0.75771838 0.73032081
vt 0.7554177 0.76787496
vt 0.81053632 0.72201717
vt 0.77336329 0.81277204
vt 0.75588864 0.77119535
vt 0.8160156 0.78253835
vt 0.81695157 0.74323678
vt 0.8087979 0.71444416
vt 0.8120473 0.822456
vt 0.75767356 0.78147477
vt 0.7626344 0.82570624
vt 0.82544917 0.78404504
vt 0.83168459 0.75284195
vt 0.81662065 0.71710014
vt 0.81875181 0.72813237
vt 0.78765267 0.8323732
vt 0.75766385 0.78177887
vt 0.77422315 0.82693124
vt 0.75700516 0.82302266
vt 0.84956461 0.77214473
vt 0.83681166 0.74470896
vt 0.83009779 0.72810912
vt 0.81835604 0.83196765
vt 0.77342492 0.86139518
vt 0.75719202 0.82979119
vt 0.84622765 0.78193009
vt 0.83550954 0.81859004
vt 0.85070598 0.75732076
vt 0.80366427 0.86389643
vt 0.75745052 0.86271369
vt 0.75681013 0.86192143
vt 0.86137009 0.78343332
vt 0.83770937 0.73509711
vt 0.86327022 0.74523199
vt 0.86206031 0.76622367
vt 0.8382625 0.71585524
vt 0.83324772 0.86140114
vt 0.83795446 0.83312136
vt 0.77191424 0.8730762
vt 0.859505 0.80761844
vt 0.8671996 0.77552903
vt 0.85235739 0.81728745
vt 0.84913969 0.71928298
vt 0.86007059 0.72654092
vt 0.87139761 0.75910699
vt 0.81863505 0.88340741
vt 0.84335613 0.82669228
vt 0.75683105 0.86400038
vt 0.87044466 0.79590732
vt 0.87268931 0.78194326
vt 0.87072748 0.71915913
vt 0.8767969 0.74986386
vt 0.87705809 0.76940203
vt 0.85854185 0.7145685
vt 0.79985708 0.89379293
vt 0.86041927 0.85486364
vt 0.84079385 0.87660217
vt 0.75730574 0.87822783
vt 0.8631233 0.82303512
vt 0.86727536 0.81067204
vt 0.87713993 0.77550292
vt 0.85710335 0.71826088
vt 0.87846994 0.7303561
vt 0.88166469 0.74288797
vt 0.8872602 0.75636804
vt 0.77223516 0.88643038
vt 0.83171171 0.89556527
vt 0.87763596 0.78834295
vt 0.88184375 0.72484475
vt 0.90218872 0.74548614
vt 0.88792157 0.77389789
vt 0.90126824 0.76084518
vt 0.77581334 0.89502013
vt 0.86323142 0.86926091
vt 0.84741575 0.88787156
vt 0.81242442 0.9104923
vt 0.87181407 0.83278924
vt 0.75703502 0.88317239
vt 0.87867564 0.82269955
vt 0.88168919 0.79156685
vt 0.89520895 0.72758532
vt 0.88385022 0.71773911
vt 0.89535278 0.73375773
vt 0.90589368 0.77648962
vt 0.7815069 0.90644348
vt 0.75561172 0.89491791
vt 0.8712585 0.85277635
vt 0.85495824 0.88242286
vt 0.84871012 0.89785945
vt 0.83967918 0.9080618
vt 0.75599378 0.89117819
vt 0.91013247 0.73670197
vt 0.88873512 0.79028505
vt 0.90480751 0.78597331
vt 0.75716984 0.90550888
vt 0.87481719 0.86390918
vt 0.86797869 0.87786919
vt 0.86240387 0.89576304
vt 0.85699844 0.90616196
vt 0.79393184 0.91367579
vt 0.8326568 0.92591453
vt 0.87849164 0.83442116
vt 0.88022125 0.84337723
vt 0.89025503 0.81594563
vt 0.90688384 0.71742797
vt 0.90446389 0.80615395
vt 0.88976616 0.78002232
vt 0.75737065 0.90662539
vt 0.79854351 0.92710781
vt 0.78795493 0.92096215
vt 0.85552371 0.92395794
vt 0.84372884 0.92356825
vt 0.81554753 0.92216885
vt 0.88694829 0.8343147
vt 0.89042693 0.82588869
vt 0.77143949 0.91460568
vt 0.87963885 0.87072116
vt 0.87380445 0.88634688
vt 0.86984563 0.90942776
vt 0.81013417 0.92733783
vt 0.77721322 0.92826211
vt 0.87225878 0.92052686
vt 0.83515203 0.94178379
vt 0.81420082 0.94406778
vt 0.90264463 0.82784784
vt 0.91193986 0.7309351
vt 0.75741082 0.90774506
vt 0.8956275 0.85731202
vt 0.87303048 0.89529437
vt 0.87692124 0.91325438
vt 0.78414059 0.93626916
vt 0.85873973 0.94240451
vt 0.75926441 0.92099041
vt 0.75927311 0.92132235
vt 0.89015573 0.87938344
vt 0.88215083 0.87994576
vt 0.78965831 0.94708335
vt 0.7646786 0.943573
vt 0.81195831 0.95761651
vt 0.75916272 0.92218333
vt 0.88157886 0.89339828
vt 0.79904711 0.96019715
vt 0.83330888 0.96304369
vt 0.79065186 0.96846443
vt 0.76344985 0.95867896
vt 0.75714046 0.93547142
vt 0.85009587 0.96044564
vt 0.8040719 0.96956331
vt 0.81725585 0.96884161
vt 0.77559274 0.96786988
vt 0.75615835 0.94490844
vt 0.75616312 0.94160086
vt 0.86249119 0.95239145
vt 0.8449173 0.96957952
vt 0.82239783 0.97800928
vt 0.77606601 0.97898006
vt 0.80296189 0.98043257
vt 0.75945437 0.96808475
vt 0.757765 0.95708191
vt 0.86084098 0.97041816
vt 0.83871257 0.97803771
vt 0.75936884 0.96728158
vt 0.75803155 0.96156251
vt 0.86987346 0.95441484
vt 0.86059397 0.98169124
vt 0.81709296 0.98914802
vt 0.75942731 0.96837312
vt 0.87639838 0.96079582
vt 0.88375199 0.97374308
vt 0.85830569 0.99066496
vt 0.77631313 0.98980504
vt 0.756356 0.97955418
vt 0.88103181 0.95523119
vt 0.89049721 0.99194175
vt 0.86117607 0.99439973
vt 0.80372685 0.99355191
vt 0.75648671 0.98994946
vt 0.75383466 0.98588121
vt 0.89365816 0.95420974
vt 0.89846098 0.96817589
vt 0.90076673 0.97800893
vt 0.8753038 0.99574989
vt 0.81271338 0.99352759
vt 0.78503978 0.99843633
vt 0.91954041 0.99351186
vt 0.75227213 0.98994243
vt 0.90401328 0.95836467
vt 0.91069663 0.97168905
vt 0.91690534 0.98363888
vt 0.66878289 0.59534299
vt 0.66621554 0.58585739
vt 0.66651648 0.58616114
vt 0.66037518 0.5934366
vt 0.66651529 0.58563507
vt 0.66871434 0.60201263
vt 0.64215285 0.59030569
vt 0.66446835 0.57386422
vt 0.65961921 0.60130334
vt 0.6588276 0.5741781
vt 0.66843033 0.60449898
vt 0.64787352 0.60218251
vt 0.6334042 0.57641387
vt 0.66571403 0.56458485
vt 0.66591972 0.60915148
vt 0.63495564 0.5920614
vt 0.62707305 0.56724823
vt 0.65536952 0.55990607
vt 0.66333061 0.61191386
vt 0.6357224 0.60651898
vt 0.61855704 0.59917253
vt 0.62594628 0.57324475
vt 0.66703975 0.55808723
vt 0.63686943 0.61845446
vt 0.61716306 0.58437717
vt 0.61252767 0.57430434
vt 0.64175349 0.54885983
vt 0.66878664 0.55335796
vt 0.65977305 0.61818731
vt 0.62158781 0.61012095
vt 0.60842556 0.59005833
vt 0.6093182 0.56007993
vt 0.62279195 0.54422247
vt 0.6509766 0.53203171
vt 0.66928273 0.54774678
vt 0.65861923 0.62104976
vt 0.60900438 0.61761916
vt 0.61053479 0.57984829
vt 0.60128498 0.57470047
vt 0.61426127 0.55037105
vt 0.6270538 0.52978706
vt 0.65977639 0.54393971
vt 0.66637492 0.54461437
vt 0.65942955 0.62088025
vt 0.63963377 0.62289643
vt 0.59436798 0.62081653
vt 0.59148926 0.60574466
vt 0.60094368 0.5817073
vt 0.58410591 0.56383789
vt 0.60747749 0.57704949
vt 0.60827619 0.54893267
vt 0.62544775 0.52361929
vt 0.6667043 0.53508186
vt 0.65888226 0.52468896
vt 0.66825318 0.54126006
vt 0.6594314 0.62115431
vt 0.58884305 0.5938459
vt 0.60235739 0.55610013
vt 0.58682835 0.57439911
vt 0.63633895 0.52516407
vt 0.66697848 0.53891724
vt 0.57549876 0.60552531
vt 0.58902848 0.58374786
vt 0.59738189 0.54779208
vt 0.5872348 0.57715833
vt 0.60854787 0.52551389
vt 0.64121276 0.50916421
vt 0.66556484 0.5307917
vt 0.64903051 0.50912786
vt 0.57615256 0.6189217
vt 0.57647306 0.58034468
vt 0.58477622 0.54515898
vt 0.60400921 0.53745097
vt 0.60881525 0.51498413
vt 0.63164961 0.50349832
vt 0.66382331 0.52490288
vt 0.66084331 0.50169349
vt 0.55944371 0.61793429
vt 0.55944926 0.6032927
vt 0.59772819 0.52481639
vt 0.61728245 0.51474297
vt 0.64494431 0.48826933
vt 0.65594828 0.49165827
vt 0.66703838 0.51297879
vt 0.56103718 0.6217652
vt 0.55753541 0.59076381
vt 0.58483464 0.52458733
vt 0.59585148 0.51656675
vt 0.60989642 0.50167203
vt 0.62409836 0.48708642
vt 0.6675396 0.51357174
vt 0.66731989 0.49923277
vt 0.66765791 0.50556087
vt 0.55237186 0.6004082
vt 0.55322427 0.62202406
vt 0.56425232 0.57140845
vt 0.59860682 0.50402725
vt 0.65946066 0.46399605
vt 0.63185471 0.47307384
vt 0.66761756 0.51276064
vt 0.66744351 0.49996245
vt 0.66497719 0.48923892
vt 0.53346324 0.60254443
vt 0.53820109 0.62016034
vt 0.54111964 0.59120798
vt 0.54840851 0.5843845
vt 0.58571935 0.5116834
vt 0.59857208 0.49071479
vt 0.61014932 0.46832567
vt 0.64578182 0.46041721
vt 0.62094575 0.46355891
vt 0.53666496 0.58272481
vt 0.53927243 0.57177794
vt 0.58319759 0.5025664
vt 0.60254192 0.47717381
vt 0.66577286 0.47887808
vt 0.65072447 0.44873309
vt 0.63194394 0.43636191
vt 0.51778036 0.60872567
vt 0.52599192 0.59053683
vt 0.54569876 0.55782765
vt 0.58298469 0.49224418
vt 0.60805506 0.45488882
vt 0.6103102 0.42599511
vt 0.66724205 0.46096843
vt 0.66674644 0.45537877
vt 0.61872184 0.4282437
vt 0.52001947 0.62009174
vt 0.51909882 0.58414829
vt 0.514597 0.57114333
vt 0.53231436 0.54551947
vt 0.56861746 0.56605637
vt 0.58717382 0.46928918
vt 0.59703308 0.45685035
vt 0.64561415 0.41446304
vt 0.66495174 0.44305235
vt 0.62469006 0.40997714
vt 0.50276554 0.61590451
vt 0.52185136 0.55660951
vt 0.54597652 0.53810394
vt 0.56087518 0.54855835
vt 0.58015162 0.45106506
vt 0.60390252 0.44202042
vt 0.66743124 0.45547509
vt 0.66707981 0.45258588
vt 0.50973386 0.5994221
vt 0.50937802 0.58262134
vt 0.51112872 0.55761909
vt 0.53934455 0.53043532
vt 0.5269478 0.5355469
vt 0.57181501 0.53926307
vt 0.58636123 0.45203716
vt 0.5909698 0.42992169
vt 0.6236856 0.39979702
vt 0.64380401 0.39967185
vt 0.6653583 0.43806887
vt 0.50720161 0.57261676
vt 0.50939465 0.54503912
vt 0.54619175 0.52702278
vt 0.56563836 0.53363478
vt 0.50862581 0.53235644
vt 0.5830493 0.43456262
vt 0.59957016 0.42435092
vt 0.61353689 0.39839077
vt 0.66042626 0.41173208
vt 0.66557837 0.43113005
vt 0.5400579 0.52362227
vt 0.57220912 0.52412474
vt 0.5771367 0.42784071
vt 0.59712845 0.41130567
vt 0.60668898 0.39957786
vt 0.61901784 0.38577324
vt 0.66443539 0.39778632
vt 0.52070975 0.52540433
vt 0.55371732 0.52568913
vt 0.58306754 0.42375392
vt 0.57082444 0.4460789
vt 0.58575195 0.40099216
vt 0.60412514 0.3854292
vt 0.64387482 0.3847487
vt 0.66634148 0.43132871
vt 0.66497648 0.40188098
vt 0.66464746 0.39626396
vt 0.50819063 0.52010882
vt 0.53341705 0.51351225
vt 0.54609638 0.51052654
vt 0.56109536 0.51538008
vt 0.57851511 0.46163887
vt 0.56755668 0.40903908
vt 0.57823992 0.40023518
vt 0.59620702 0.40068549
vt 0.60188955 0.37146002
vt 0.63078052 0.3732022
vt 0.66508675 0.42495948
vt 0.66750926 0.41106653
vt 0.51237833 0.5164277
vt 0.57558966 0.51385617
vt 0.56992042 0.4942199
vt 0.57288224 0.39968663
vt 0.55197102 0.44081771
vt 0.61027074 0.37315613
vt 0.5868457 0.36738783
vt 0.64666486 0.37502998
vt 0.6223014 0.3642962
vt 0.6685648 0.37455624
vt 0.66678923 0.42601669
vt 0.50711828 0.50779766
vt 0.51847291 0.50811696
vt 0.53994089 0.49889785
vt 0.5557611 0.49124998
vt 0.57766211 0.38758034
vt 0.55591643 0.47315842
vt 0.54612619 0.39715987
vt 0.54497761 0.41883433
vt 0.55359697 0.45157951
vt 0.59027976 0.38045985
vt 0.60713553 0.36145139
vt 0.61752886 0.37544084
vt 0.59315032 0.3618319
vt 0.63453609 0.35251123
vt 0.62552655 0.34739327
vt 0.66763508 0.38800561
vt 0.66749835 0.4139325
vt 0.66686887 0.42381001
vt 0.53534555 0.49105448
vt 0.58111763 0.38125587
vt 0.5445596 0.40885144
vt 0.56119847 0.39303231
vt 0.53287905 0.43092299
vt 0.54200208 0.45463985
vt 0.60003674 0.3633334
vt 0.61412597 0.36462849
vt 0.58942151 0.36113703
vt 0.64421141 0.35681742
vt 0.66583878 0.36744845
vt 0.61557603 0.35160518
vt 0.67009115 0.37839216
vt 0.51051843 0.49656445
vt 0.52149981 0.48534214
vt 0.56404459 0.37980103
vt 0.53150415 0.40691787
vt 0.53307831 0.37788236
vt 0.53699225 0.44615024
vt 0.60091645 0.35697633
vt 0.57368463 0.34641892
vt 0.59949034 0.34879661
vt 0.56649476 0.36723334
vt 0.62968725 0.34489137
vt 0.64311463 0.3474471
vt 0.65600234 0.36581659
vt 0.67081219 0.36142534
vt 0.61039859 0.34536177
vt 0.5376265 0.46909851
vt 0.52645606 0.39689207
vt 0.55608058 0.3769483
vt 0.52968544 0.45683891
vt 0.50980264 0.42809516
vt 0.58193731 0.34916645
vt 0.56294346 0.34519273
vt 0.58935785 0.34788591
vt 0.65142262 0.35253149
vt 0.6605714 0.3562544
vt 0.50908399 0.47385305
vt 0.56196409 0.36370999
vt 0.50612313 0.39975411
vt 0.50892425 0.3771674
vt 0.54492646 0.35998255
vt 0.56134737 0.36915088
vt 0.51207906 0.40981495
vt 0.55864191 0.35507035
vt 0.66479558 0.34921491
vt 0.52134365 0.3580969
vt 0.5548498 0.3558079
vt 0.5314312 0.36078507
vt 0.55980784 0.36290711
vt 0.51022005 0.44969368
vt 0.55424803 0.35558915
vt 0.50501621 0.38811374
vt 0.51024264 0.35106093
vt 0.53936434 0.35412991
vt 0.56345862 0.36011273
vt 0.55032289 0.34815753
vt 0.50544643 0.37548113
vt 0.50412112 0.36318475
vt 0.52069896 0.34725136
vt 0.53509772 0.34656692
vt 0.54691404 0.35523236
vt 0.50616091 0.35545588
vt 0.53211135 0.34442604
vt 0.50164151 0.34192115
vt 0.81345862 0.36011273
vt 0.80980784 0.36290711
vt 0.8048498 0.3558079
vt 0.056857776 0.37582171
vt 0.066682585 0.37755007
vt 0.038020961 0.38588369
vt 0.12486419 0.39251184
vt 0.11842643 0.37957788
vt 0.016466215 0.40046304
vt 0.1333937 0.38018113
vt 0.015137987 0.39770555
vt 0.017201871 0.40175557
vt 0.14976747 0.3789413
vt 0.0063359556 0.37138307
vt 0.05779741 0.40520507
vt 0.15106264 0.38203222
vt 0.007173121 0.38189429
vt 0.030156575 0.37660271
vt 0.15215367 0.40904117
vt 0.028951863 0.42797405
vt 0.16856697 0.38388634
vt 0.00184044 0.37128335
vt 0.027667338 0.37291121
vt 0.12895939 0.44025189
vt 0.1782814 0.42072856
vt 0.039258115 0.44631439
vt 0.18076235 0.38079417
vt 0.18086635 0.38733411
vt 0.143519 0.43768394
vt 0.081457548 0.42938119
vt 0.21276639 0.40520436
vt 0.15498722 0.45599747
vt 0.12089861 0.48181015
vt 0.24876809 0.41471589
vt 0.042163175 0.45226085
vt 0.19318156 0.38008541
vt 0.21272311 0.38444698
vt 0.075661473 0.47637421
vt 0.23479483 0.38490981
vt 0.21914478 0.44393569
vt 0.19904564 0.46371436
vt 0.16714339 0.48937869
vt 0.10980456 0.49600369
vt 0.25735894 0.40113145
vt 0.17804004 0.48683232
vt 0.0471665 0.46270615
vt 0.12769204 0.49695671
vt 0.099418268 0.49462259
vt 0.25228697 0.389153
vt 0.055621631 0.48145556
vt 0.16427578 0.4984045
vt 0.17385577 0.49820286
vt 0.074537568 0.4922114
vt 0.26703581 0.39210463
vt 0.058361899 0.48836958
vt 0.060139749 0.4929204
vt 0.062982053 0.49638915
vt 0.4016026 0.46731287
vt 0.3316032 0.46435112
vt 0.33504751 0.44993091
vt 0.35457793 0.44148445
vt 0.34419668 0.47561747
vt 0.29226246 0.45563579
vt 0.33419719 0.44265699
vt 0.40426201 0.44340193
vt 0.36963606 0.49098259
vt 0.27376541 0.47442502
vt 0.31715029 0.44637036
vt 0.4255693 0.44012815
vt 0.36230844 0.50186026
vt 0.3726995 0.52354228
vt 0.29942226 0.50667113
vt 0.30875567 0.44518465
vt 0.26144877 0.46457624
vt 0.4304029 0.44709468
vt 0.34114867 0.50680721
vt 0.43761003 0.54183048
vt 0.2923083 0.44378048
vt 0.27203098 0.44533056
vt 0.42646402 0.44017082
vt 0.44102883 0.46430355
vt 0.39257541 0.55069816
vt 0.31679922 0.52853811
vt 0.25245416 0.4546783
vt 0.4031103 0.56008625
vt 0.33702677 0.55177099
vt 0.44769314 0.47570199
vt 0.25228792 0.44812453
vt 0.43020916 0.55919224
vt 0.35606495 0.56070328
vt 0.46203628 0.5003401
vt 0.44300449 0.5577085
vt 0.34491646 0.55842787
vt 0.47569045 0.52343595
vt 0.46085319 0.55577374
vt 0.48474193 0.53964305
vt 0.48494133 0.54358232
vt 0.49034056 0.55324829
vt 0.48689991 0.54348242
vt 0.49158815 0.55320644
vt 0.48721689 0.54417586
vt 0.72802991 0.41588831
vt 0.73777914 0.41679966
vt 0.75433385 0.43178666
vt 0.75792426 0.46162164
vt 0.75793755 0.41454911
vt 0.76531541 0.44067508
vt 0.69121307 0.48904502
vt 0.76868391 0.41796142
vt 0.77324384 0.42885917
vt 0.77379119 0.46920472
vt 0.69074994 0.44931978
vt 0.73845583 0.50309443
vt 0.77801085 0.43775028
vt 0.7787692 0.45399606
vt 0.76844138 0.48785943
vt 0.69162846 0.4364714
vt 0.72722524 0.5923357
vt 0.77847749 0.42904913
vt 0.77790409 0.48023504
vt 0.69195437 0.41844964
vt 0.75795513 0.51915759
vt 0.69043183 0.5512861
vt 0.7406196 0.5502041
vt 0.78246409 0.4697777
vt 0.7860502 0.42286593
vt 0.77423882 0.50553972
vt 0.6933316 0.56675655
vt 0.68978101 0.51213658
vt 0.75150591 0.57403159
vt 0.78826261 0.45374286
vt 0.7815997 0.43698013
vt 0.78736126 0.47164059
vt 0.77984309 0.49649018
vt 0.77881098 0.52444035
vt 0.76708674 0.53376305
vt 0.69146192 0.5918107
vt 0.74741668 0.59038609
vt 0.77092129 0.56033373
vt 0.78711569 0.44594502
vt 0.78864419 0.4608987
vt 0.78767788 0.42380577
vt 0.78125077 0.48853451
vt 0.7852211 0.51490074
vt 0.72341645 0.60889733
vt 0.69001865 0.57756853
vt 0.76341218 0.5807147
vt 0.74407625 0.6073246
vt 0.78595388 0.43664038
vt 0.78813881 0.42303902
vt 0.78615278 0.44321865
vt 0.78998423 0.47307462
vt 0.79129565 0.46631014
vt 0.78685176 0.52898753
vt 0.77848917 0.53850591
vt 0.70685792 0.60786933
vt 0.76433426 0.5912388
vt 0.76179338 0.60984927
vt 0.77090466 0.58959264
vt 0.78796893 0.42248589
vt 0.78567839 0.48744333
vt 0.79045361 0.47112203
vt 0.79291856 0.51510644
vt 0.77675146 0.55723619
vt 0.7145111 0.6125561
vt 0.69299483 0.60908663
vt 0.74195021 0.61422741
vt 0.77366871 0.56172395
vt 0.78699964 0.49517703
vt 0.78803867 0.5280757
vt 0.78728664 0.54795069
vt 0.7770586 0.55917412
vt 0.77770704 0.55755937
vt 0.72834563 0.61581171
vt 0.78228629 0.56095612
vt 0.77673382 0.58389032
vt 0.78757823 0.52889121
vt 0.78925169 0.54771173
vt 0.78142595 0.56665301
vt 0.73001128 0.62317491
vt 0.7729063 0.61021316
vt 0.78784013 0.52997577
vt 0.21978632 0.93595612
vt 0.20842129 0.93533373
vt 0.21520703 0.93255937
vt 0.28142595 0.94165301
vt 0.27366871 0.93672395
vt 0.27675146 0.93223619
vt 0.70713103 0.79835612
vt 0.71628237 0.81087875
vt 0.70366699 0.81026709
vt 0.69649696 0.81807816
vt 0.74934912 0.7863422
vt 0.71438706 0.8206892
vt 0.69035143 0.80434459
vt 0.7520529 0.80952203
vt 0.73417348 0.77429539
vt 0.75247914 0.83255512
vt 0.69002455 0.79596007
vt 0.6912362 0.8162626
vt 0.72748429 0.84126157
vt 0.7516489 0.76990736
vt 0.71056414 0.77343225
vt 0.74344081 0.77328539
vt 0.6911481 0.77803338
vt 0.69075 0.81987536
vt 0.69011575 0.84383172
vt 0.73397338 0.76347423
vt 0.73939055 0.75726247
vt 0.74784815 0.86947
vt 0.72631341 0.85719711
vt 0.69128305 0.76930916
vt 0.70962125 0.75739676
vt 0.75261474 0.87162745
vt 0.68964034 0.84363014
vt 0.69018495 0.84973741
vt 0.75162321 0.75706148
vt 0.69024116 0.75626457
vt 0.72422338 0.75235283
vt 0.68966955 0.84387481
vt 0.69106674 0.85898101
vt 0.68981278 0.844163
vt 0.74859554 0.7425915
vt 0.69024307 0.75247484
vt 0.7136656 0.74097824
vt 0.6910336 0.85916978
vt 0.75106567 0.73913026
vt 0.69032061 0.74869704
vt 0.73613441 0.73641193
vt 0.69457841 0.73512566
vt 0.74055147 0.89185721
vt 0.68998033 0.74184716
vt 0.69102663 0.85949898
vt 0.75224507 0.88707519
vt 0.69016773 0.73635542
vt 0.69205779 0.89289361
vt 0.75056696 0.89816147
vt 0.68982184 0.73511243
vt 0.69081134 0.86895907
vt 0.72425222 0.90353614
vt 0.7474488 0.92281926
vt 0.6904211 0.88934475
vt 0.70391393 0.91422975
vt 0.75150645 0.91223341
vt 0.69029915 0.89303946
vt 0.6912958 0.90546471
vt 0.75350565 0.92919123
vt 0.69061136 0.89595973
vt 0.72011548 0.92767584
vt 0.68987465 0.92506039
vt 0.73952466 0.93562984
vt 0.7255376 0.93404746
vt 0.68964869 0.92717904
vt 0.70663655 0.93377781
vt 0.68999255 0.92809832
vt 0.69186181 0.93383306
vt 0.036597051 0.24922848
vt 0.026941799 0.26249903
vt 0.015442951 0.237243
vt 0.032317348 0.24607551
vt 0.041105997 0.25187826
vt 0.019202089 0.27427799
vt 0.032390397 0.24611372
vt 0.040154975 0.26611388
vt 0.013682967 0.23664075
vt 0.043517765 0.29011405
vt 0.036657576 0.24828953
vt 0.045044605 0.25477207
vt 0.013645046 0.23662782
vt 0.039421503 0.31102788
vt 0.070165753 0.27636445
vt 0.049073126 0.26533812
vt 0.005199478 0.24682665
vt 0.023338454 0.29122907
vt 0.055535998 0.3163538
vt 0.050127719 0.25878346
vt 0.011018069 0.23560649
vt 0.0027884676 0.25109649
vt 0.029931063 0.30095685
vt 0.015904333 0.27542156
vt 0.049614754 0.32733977
vt 0.057450097 0.26024634
vt 0.088625565 0.30538619
vt 0.0025118054 0.24980032
vt 0.040491212 0.3239029
vt 0.057400338 0.35340655
vt 0.068458743 0.26346737
vt 0.093297012 0.27827138
vt 0.073552214 0.33520162
vt 0.0022751887 0.25007588
vt 0.067765683 0.35280377
vt 0.058025979 0.26012188
vt 0.07983879 0.26962852
vt 0.099369928 0.28178519
vt 0.094823666 0.34262359
vt 0.066048302 0.36524636
vt 0.058479194 0.36327356
vt 0.057602756 0.26000583
vt 0.11976816 0.31726778
vt 0.077030241 0.35059768
vt 0.074431852 0.3638348
vt 0.05752746 0.26000148
vt 0.10387549 0.28528696
vt 0.10394894 0.3519035
vt 0.14673123 0.32282037
vt 0.069998667 0.37160909
vt 0.12268668 0.30035615
vt 0.13412906 0.30874127
vt 0.060672883 0.37298048
vt 0.10356151 0.35899913
vt 0.14266045 0.33979601
vt 0.14401956 0.31665462
vt 0.16046257 0.33335501
vt 0.12022076 0.35342079
vt 0.14845787 0.32002908
vt 0.15079236 0.3220908
vt 0.15326704 0.34187114
vt 0.12978733 0.34937263
vt 0.15026037 0.32150263
vt 0.16066511 0.33266497
vt 0.16138385 0.33333129
vt 0.1608257 0.33294481
vt 0.67124367 0.98458654
vt 0.67132229 0.9874652
vt 0.661219 0.98748732
vt 0.65949214 0.98452967
vt 0.6655907 0.99232888
vt 0.65324372 0.99098223
vt 0.66042447 0.98149985
vt 0.64258748 0.97836113
vt 0.6441623 0.97448236
vt 0.66609055 0.97407168
vt 0.65583748 0.99779302
vt 0.64704156 0.99118352
vt 0.65469772 0.97177839
vt 0.65493619 0.96115965
vt 0.66175634 0.95739746
vt 0.64575177 0.94890076
vt 0.66558379 0.95593959
vt 0.66276306 0.93674403
vt 0.67000288 0.93470722
vt 0.64896929 0.9334228
vt 0.66639793 0.92299789
vt 0.65046352 0.92429912
vt 0.6641981 0.91340423
vt 0.65369833 0.91500676
vt 0.6459344 0.90349984
vt 0.6654045 0.90285575
vt 0.65437275 0.87296659
vt 0.6603958 0.86194384
vt 0.93805975 0.9026975
vt 0.9314096 0.90582877
vt 0.9318493 0.891608
vt 0.93903691 0.88039321
vt 0.9292503 0.91425741
vt 0.92927057 0.89685011
vt 0.94091225 0.88049477
vt 0.92459989 0.93200171
vt 0.92718452 0.91109228
vt 0.92937148 0.88876057
vt 0.94115734 0.89872944
vt 0.93157429 0.92958736
vt 0.94117385 0.90192991
vt 0.93692905 0.92356324
vt 0.93012059 0.94699878
vt 0.94049197 0.90518707
vt 0.93748623 0.93347424
vt 0.92525959 0.94410706
vt 0.94032151 0.91644257
vt 0.94027609 0.93338877
vt 0.92908645 0.95908493
vt 0.93842703 0.93914855
vt 0.94131017 0.92549706
vt 0.93988287 0.93443775
vt 0.92499632 0.95824617
vt 0.93458295 0.95224309
vt 0.93914753 0.9460426
vt 0.92488897 0.96586514
vt 0.93768477 0.95474231
vt 0.94020861 0.9391095
vt 0.93959445 0.94043654
vt 0.92671096 0.9773109
vt 0.9389047 0.94921386
vt 0.93739963 0.9574964
vt 0.9306128 0.99844331
vt 0.9242202 0.97334838
vt 0.93726069 0.96260315
vt 0.92545396 0.9965784
vt 0.93734753 0.97732937
vt 0.93704087 0.99570489
vt 0.96078265 0.58187103
vt 0.96612591 0.57450432
vt 0.9703142 0.57617307
vt 0.99065912 0.57873631
vt 0.95890498 0.57082307
vt 0.98785895 0.6035831
vt 0.9432267 0.56513608
vt 0.95510393 0.56123519
vt 0.93623662 0.60234171
vt 0.9330346 0.5799647
vt 0.96965432 0.61541808
vt 0.91197014 0.57223654
vt 0.93510115 0.54972035
vt 0.98372281 0.6204226
vt 0.94068187 0.60998082
vt 0.91117859 0.56098831
vt 0.92860812 0.55159956
vt 0.95497835 0.54622972
vt 0.9783352 0.62302387
vt 0.96112549 0.61550033
vt 0.92212307 0.61611456
vt 0.90705907 0.59386611
vt 0.8993485 0.56301689
vt 0.92365324 0.54158342
vt 0.95997792 0.56115687
vt 0.94146007 0.5365783
vt 0.96778828 0.61936641
vt 0.95640373 0.61791825
vt 0.91431212 0.60541844
vt 0.93709469 0.61935997
vt 0.90410304 0.54733682
vt 0.9192211 0.54798925
vt 0.96363014 0.55092573
vt 0.9585517 0.53300726
vt 0.94656974 0.61443615
vt 0.90580857 0.61518717
vt 0.89693236 0.60302389
vt 0.89542693 0.58496022
vt 0.89143729 0.54598117
vt 0.91849107 0.52807713
vt 0.91068137 0.53307676
vt 0.94416672 0.52324009
vt 0.94878155 0.61932063
vt 0.89840573 0.61022073
vt 0.90937316 0.53907889
vt 0.93060404 0.52152801
vt 0.96666569 0.53240943
vt 0.96214277 0.52876842
vt 0.89246368 0.61778408
vt 0.9002611 0.53818172
vt 0.95944834 0.5206511
vt 0.89054328 0.53599775
vt 0.89665914 0.53219795
vt 0.88452739 0.54195297
vt 0.87842739 0.5342347
vt 0.87692034 0.53984904
vt 0.28083709 0.88498902
vt 0.26777574 0.88698244
vt 0.27292886 0.87465358
vt 0.28139427 0.87304735
vt 0.27111173 0.90221471
vt 0.25875878 0.87854224
vt 0.2880702 0.87716663
vt 0.25519535 0.90381932
vt 0.27855089 0.90310931
vt 0.25240338 0.89423037
vt 0.27101865 0.86754143
vt 0.28573972 0.86648029
vt 0.29520625 0.89339697
vt 0.2579031 0.9062382
vt 0.2894693 0.89744252
vt 0.25428233 0.88181806
vt 0.25623253 0.86324
vt 0.29704359 0.86806905
vt 0.30652261 0.89206475
vt 0.29604104 0.90654522
vt 0.29364997 0.86111695
vt 0.31079182 0.90111518
vt 0.30841509 0.88298225
vt 0.30020893 0.86229759
vt 0.31091961 0.90101522
vt 0.30576488 0.86883801
vt 0.31088799 0.89330953
vt 0.31092298 0.91125089
vt 0.31091639 0.90195745
vt 0.31049085 0.87025392
vt 0.31071603 0.88591754
vt 0.30834189 0.86310619
vt 0.29861268 0.92785406
vt 0.31061286 0.88094479
vt 0.31092653 0.91338658
vt 0.29413137 0.93162483
vt 0.31062052 0.86514151
vt 0.31132543 0.9378686
vt 0.30705112 0.94134569
vt 0.31070253 0.8629967
vt 0.29533234 0.94649148
vt 0.31139058 0.94140083
vt 0.2848224 0.95007932
vt 0.3113144 0.94848716
vt 0.31135893 0.94586658
vt 0.29366234 0.95713049
vt 0.31114841 0.95839947
vt 0.30061552 0.96682429
vt 0.30982882 0.96253109
vt 0.31111109 0.96110821
vt 0.31112763 0.96252483
vt 0.35434258 0.89339572
vt 0.35809341 0.90237653
vt 0.3471905 0.90655094
vt 0.34131181 0.8872934
vt 0.36576521 0.9012152
vt 0.35016444 0.91708648
vt 0.34126788 0.91089833
vt 0.32316667 0.90637279
vt 0.33860573 0.92660868
vt 0.32646948 0.87607825
vt 0.32989851 0.9236275
vt 0.3140375 0.88485152
vt 0.31575221 0.91793352
vt 0.31404257 0.90291238
vt 0.31403285 0.8682071
vt 0.31405112 0.93160474
vt 0.31404534 0.91431391
vt 0.31404376 0.90786219
vt 0.31404912 0.92478657
vt 0.31405246 0.93377692
vt 0.31404692 0.91941571
vt 0.32301661 0.93930304
vt 0.3331252 0.92592788
vt 0.31405598 0.94464904
vt 0.33225474 0.93821406
vt 0.31405619 0.94528759
vt 0.32043102 0.94982314
vt 0.32666722 0.95678389
vt 0.31405762 0.95246792
vt 0.32324779 0.96705401
vt 0.31406128 0.95884585
vt 0.31406024 0.96196747
vt 0.26278421 0.54600704
vt 0.26686981 0.55758315
vt 0.2566213 0.55835712
vt 0.23632346 0.55671585
vt 0.27598593 0.55183291
vt 0.23341325 0.54175901
vt 0.27362272 0.55996847
vt 0.27214333 0.5438171
vt 0.21779169 0.55501223
vt 0.26449636 0.52922058
vt 0.2225637 0.5602119
vt 0.20492831 0.54306543
vt 0.25857809 0.51868439
vt 0.27208245 0.52589995
vt 0.20020822 0.55625224
vt 0.21512417 0.53142941
vt 0.20844427 0.51902604
vt 0.19523878 0.53032112
vt 0.19271144 0.54455113
vt 0.20143677 0.50719321
vt 0.25964412 0.50513607
vt 0.19527049 0.52986783
vt 0.19524756 0.53091526
vt 0.19363368 0.54207551
vt 0.18898751 0.55409223
vt 0.19093263 0.52130187
vt 0.27520537 0.50388438
vt 0.18925565 0.55599046
vt 0.19101012 0.51793873
vt 0.23817605 0.48810643
vt 0.25044829 0.48147649
vt 0.19245522 0.55908704
vt 0.19137315 0.50972772
vt 0.22270936 0.49122822
vt 0.19510123 0.50122654
vt 0.24274909 0.47665989
vt 0.21014741 0.4821009
vt 0.22386783 0.48028165
vt 0.20056972 0.4852187
vt 0.23672579 0.47437876
vt 0.20127767 0.48298484
vt 0.20505594 0.47683454
vt 0.21179658 0.47202182
vt 0.20300651 0.47962737
vt 0.20240721 0.47675765
vt 0.20469739 0.46575999
vt 0.19824483 0.47444731
vt 0.19664192 0.46848124
vt 0.47104496 0.92604005
vt 0.47037998 0.93837416
vt 0.4611398 0.92264342
vt 0.45016271 0.92554641
vt 0.46140996 0.94247651
vt 0.4331997 0.95301443
vt 0.43627596 0.92801493
vt 0.43059093 0.93370861
vt 0.41561767 0.93628013
vt 0.41314024 0.95596206
vt 0.39951289 0.96665126
vt 0.398844 0.94021624
vt 0.39419651 0.96353972
vt 0.37675682 0.96080697
vt 0.38364926 0.94820052
vt 0.17524412 0.97916919
vt 0.17135026 0.96372807
vt 0.18497239 0.97842026
vt 0.19482972 0.98204541
vt 0.15966286 0.96527934
vt 0.19144177 0.96082133
vt 0.19697556 0.97814709
vt 0.16555105 0.97317237
vt 0.15855774 0.96341568
vt 0.20379379 0.95977104
vt 0.16753744 0.95825732
vt 0.21871564 0.97565913
vt 0.17031695 0.97932357
vt 0.20668618 0.95660537
vt 0.2225377 0.96241337
vt 0.22883917 0.95532763
vt 0.23731512 0.97569233
vt 0.23960544 0.95660341
vt 0.23344249 0.98084164
vt 0.24627389 0.9613027
vt 0.43413848 0.86943334
vt 0.4195438 0.86286849
vt 0.42434818 0.85501552
vt 0.43435264 0.85392016
vt 0.42254516 0.88230085
vt 0.41614857 0.85998869
vt 0.43060756 0.84015882
vt 0.44766998 0.87013555
vt 0.42649832 0.89542723
vt 0.41566667 0.87073243
vt 0.41965869 0.84890831
vt 0.42470974 0.84066927
vt 0.43954375 0.84920359
vt 0.44831431 0.86017007
vt 0.44299105 0.89086151
vt 0.41713414 0.88266981
vt 0.40819174 0.87436718
vt 0.42761275 0.83023036
vt 0.43751797 0.84377915
vt 0.45254263 0.86621159
vt 0.4539246 0.88100064
vt 0.42433488 0.90307164
vt 0.43244514 0.90464324
vt 0.41962555 0.839077
vt 0.42180687 0.83413279
vt 0.45386875 0.85267806
vt 0.45595053 0.85529578
vt 0.41688243 0.89083606
vt 0.40872252 0.884157
vt 0.41807923 0.82581294
vt 0.41423997 0.83358151
vt 0.42818478 0.81983709
vt 0.40808275 0.82202625
vt 0.41488168 0.81804401
vt 0.40862235 0.82710516
vt 0.97919238 0.95611668
vt 0.97645491 0.96584946
vt 0.97571826 0.94885123
vt 0.95798147 0.95551282
vt 0.95806992 0.95162439
vt 0.9739446 0.99291027
vt 0.95794719 0.94082755
vt 0.95795846 0.96267074
vt 0.9565208 0.94392377
vt 0.97474176 0.93315685
vt 0.95786673 0.98460019
vt 0.95534509 0.94067532
vt 0.95663571 0.93639123
vt 0.95768464 0.99392992
vt 0.95753944 0.93108797
vt 0.96140736 0.99652225
vt 0.96790534 0.92317438
vt 0.95695615 0.99635506
vt 0.95735788 0.92937911
vt 0.9778918 0.9183194
vt 0.95761698 0.99772441
vt 0.47533467 0.95041674
vt 0.48311606 0.96412861
vt 0.47383356 0.95307142
vt 0.48884872 0.95585215
vt 0.47230753 0.96225494
vt 0.48536474 0.94795585
vt 0.49478069 0.96701455
vt 0.47277319 0.95525002
vt 0.47504506 0.94808501
vt 0.49071908 0.93716848
vt 0.49651238 0.95583904
vt 0.47252649 0.93429816
vt 0.47941679 0.9262681
vt 0.50273275 0.95801705
vt 0.47278628 0.94012475
vt 0.47239584 0.93093288
vt 0.50520653 0.9393521
vt 0.48661995 0.92597765
vt 0.47222406 0.92650801
vt 0.50292367 0.96592104
vt 0.49429402 0.93336046
vt 0.48782763 0.91885144
vt 0.47202891 0.92543173
vt 0.50699908 0.96602023
vt 0.50829846 0.9461627
vt 0.49784568 0.92043269
vt 0.47354078 0.90978777
vt 0.47104323 0.91999501
vt 0.51156479 0.96455944
vt 0.51161188 0.96144336
vt 0.50684744 0.94029891
vt 0.49883509 0.92076981
vt 0.48635101 0.90964377
vt 0.47171372 0.91919172
vt 0.5066123 0.93887311
vt 0.50621367 0.93723965
vt 0.49822241 0.9199751
vt 0.47862956 0.89738023
vt 0.50633305 0.93815863
vt 0.49796224 0.91895795
vt 0.48840675 0.89813644
vt 0.48517486 0.89157885
vt 0.49285457 0.89510274
vt 0.48931172 0.89116228
vt 0.48740062 0.88938951
vt 0.95160276 0.86253607
vt 0.94908428 0.85639215
vt 0.9731468 0.85928106
vt 0.97196877 0.8703661
vt 0.92978525 0.85828638
vt 0.97053903 0.85148954
vt 0.95119756 0.87318236
vt 0.93018526 0.85403311
vt 0.95821267 0.8500874
vt 0.97723895 0.85343826
vt 0.91930151 0.85261905
vt 0.93474221 0.84946352
vt 0.91839474 0.86544931
vt 0.94644654 0.84976751
vt 0.96075219 0.84635204
vt 0.91601521 0.84157681
vt 0.90828234 0.855663
vt 0.90861624 0.85618693
vt 0.94025809 0.84204197
vt 0.90958899 0.85818166
vt 0.90790009 0.85454565
vt 0.6787464 0.98707247
vt 0.67356682 0.98028827
vt 0.68523735 0.97777903
vt 0.69871068 0.98187941
vt 0.6754151 0.99477881
vt 0.68496537 0.99270171
vt 0.70675766 0.99099052
vt 0.69545555 0.99816173
vt 0.72574711 0.98666376
vt 0.72665477 0.9959389
vt 0.7236495 0.97931832
vt 0.73291028 0.99022824
vt 0.73446691 0.99505621
vt 0.73365843 0.99249065
vt 0.7273187 0.97783351
vt 0.30895212 0.85052037
vt 0.30647355 0.8571642
vt 0.29458621 0.84857976
vt 0.29713336 0.83659554
vt 0.31433985 0.86773372
vt 0.28342697 0.83126473
vt 0.31324056 0.84432745
vt 0.32443711 0.86364067
vt 0.31258178 0.8397131
vt 0.31726226 0.85219872
vt 0.34198543 0.87145555
vt 0.3232241 0.83995229
vt 0.32055366 0.84438121
vt 0.33352828 0.86124992
vt 0.34214374 0.87191355
vt 0.32470727 0.8532111
vt 0.34219444 0.87218821
vt 0.34032655 0.86868632
vt 0.32851198 0.87302363
vt 0.33622757 0.86198938
vt 0.25854364 0.91747779
vt 0.25713575 0.92378265
vt 0.24935772 0.92442483
vt 0.23117168 0.91871721
vt 0.26873523 0.91998762
vt 0.2491888 0.93380398
vt 0.22715591 0.93104619
vt 0.24692798 0.9094795
vt 0.27355349 0.92686826
vt 0.27834129 0.9125272
vt 0.25628173 0.93539155
vt 0.22105598 0.91883057
vt 0.22485301 0.91373789
vt 0.26364845 0.91024029
vt 0.22496358 0.90256011
vt 0.24644914 0.90423542
vt 0.50734448 0.83200717
vt 0.50884706 0.84124321
vt 0.50238472 0.8359133
vt 0.504547 0.81713033
vt 0.50580466 0.85005498
vt 0.49748775 0.81558669
vt 0.50004101 0.84716284
vt 0.48993275 0.83581448
vt 0.50204337 0.85757267
vt 0.49172986 0.84448683
vt 0.48507828 0.82928544
vt 0.47284687 0.84309375
vt 0.48771182 0.87115926
vt 0.48112386 0.8534568
vt 0.50340146 0.8735078
vt 0.47032446 0.84579897
vt 0.47762811 0.87114322
vt 0.47411001 0.8551572
vt 0.94241035 0.81980681
vt 0.94800109 0.82710606
vt 0.92807531 0.82303172
vt 0.93361092 0.81014657
vt 0.95575362 0.82536751
vt 0.93034786 0.83424878
vt 0.92202282 0.82045329
vt 0.96098292 0.82881463
vt 0.94222641 0.83603466
vt 0.91890299 0.83293533
vt 0.91214025 0.82918614
vt 0.92581886 0.80700701
vt 0.95122015 0.8368994
vt 0.90834641 0.81990767
vt 0.92851084 0.79174137
vt 0.92210269 0.80114651
vt 0.96594763 0.83479387
vt 0.95203131 0.8418684
vt 0.90457743 0.93388981
vt 0.88274866 0.93578321
vt 0.887707 0.92456764
vt 0.90136057 0.92317754
vt 0.87703866 0.92696929
vt 0.88997573 0.91646951
vt 0.91686296 0.92486525
vt 0.87944019 0.91103756
vt 0.90729326 0.90995806
vt 0.91471082 0.93421233
vt 0.88239235 0.90590745
vt 0.89582777 0.90820038
vt 0.91054296 0.90924829
vt 0.88831407 0.9009791
vt 0.89847845 0.8964113
vt 0.90494525 0.89754903
vt 0.8907029 0.89213699
vt 0.90067381 0.88489044
vt 0.90465826 0.88793099
vt 0.89874291 0.88031316
vt 0.63909549 0.79757559
vt 0.64638281 0.79565066
vt 0.64596373 0.81770682
vt 0.63432342 0.82047606
vt 0.65240383 0.8097012
vt 0.64412707 0.83208263
vt 0.62738067 0.80728084
vt 0.65765691 0.80657828
vt 0.65823746 0.82419604
vt 0.65188807 0.79190218
vt 0.66654193 0.8181988
vt 0.66491896 0.83960325
vt 0.67496276 0.83176428
vt 0.64712644 0.83380461
vt 0.67656595 0.84209597
vt 0.67789418 0.84224206
vt 0.68098992 0.84132355
vt 0.51277882 0.97275007
vt 0.51056296 0.97733361
vt 0.49641272 0.9712863
vt 0.5262658 0.98321593
vt 0.50051779 0.97868448
vt 0.53279632 0.98049748
vt 0.50501698 0.98478681
vt 0.49864817 0.98426712
vt 0.53449517 0.98910117
vt 0.51858926 0.9920392
vt 0.4859454 0.97205341
vt 0.53876543 0.98069173
vt 0.50505924 0.99265134
vt 0.52647001 0.99757695
vt 0.63889843 0.96719402
vt 0.6332494 0.9983108
vt 0.62727797 0.96790516
vt 0.63353884 0.9547956
vt 0.47912818 0.811032
vt 0.48142534 0.81493801
vt 0.47536248 0.82457203
vt 0.46539825 0.81420743
vt 0.45905989 0.82091153
vt 0.46721399 0.8077724
vt 0.45411092 0.82905716
vt 0.45057964 0.81805557
vt 0.46677116 0.83559263
vt 0.44547006 0.82617521
vt 0.44572884 0.81449962
vt 0.47444046 0.83565623
vt 0.45523977 0.83599728
vt 0.44380975 0.8212626
vt 0.46713382 0.80776274
vt 0.43899789 0.81476963
vt 0.46446609 0.84054303
vt 0.45210114 0.83364475
vt 0.45124882 0.8398146
vt 0.4671571 0.80775821
vt 0.45134819 0.84131241
vt 0.46722198 0.80775183
vt 0.44954616 0.84087545
vt 0.44807333 0.84133393
vt 0.34552935 0.93980658
vt 0.37530783 0.94507301
vt 0.35108212 0.95207393
vt 0.34704146 0.95443696
vt 0.35931718 0.9371956
vt 0.36491087 0.96534032
vt 0.34878346 0.96707141
vt 0.3810485 0.93456185
vt 0.37207341 0.96543968
vt 0.38775447 0.93632942
vt 0.37612545 0.9596377
vt 0.71450704 0.95325404
vt 0.72207397 0.93772787
vt 0.73167741 0.94174814
vt 0.72553241 0.95073992
vt 0.7037068 0.95538092
vt 0.72302288 0.96646613
vt 0.71246928 0.96726048
vt 0.69780093 0.94142854
vt 0.69674081 0.96063179
vt 0.69631863 0.94862843
vt 0.6893698 0.93911934
vt 0.99706882 0.98442054
vt 0.99883813 0.99266809
vt 0.98477221 0.98211223
vt 0.99722832 0.97461039
vt 0.98255086 0.99518812
vt 0.98282164 0.97356397
vt 0.98272789 0.99811667
vt 0.9762736 0.99047107
vt 0.97854012 0.97252464
vt 0.99197525 0.96676958
vt 0.97102392 0.99511427
vt 0.99318725 0.95908642
vt 0.42117038 0.91653061
vt 0.43209526 0.91835654
vt 0.42478821 0.93074238
vt 0.40365604 0.9192977
vt 0.40319636 0.93506628
vt 0.39295134 0.9324044
vt 0.39493373 0.9170022
vt 0.41736454 0.80660528
vt 0.43628946 0.80247068
vt 0.43024182 0.81006539
vt 0.42003551 0.80956018
vt 0.42398506 0.80097795
vt 0.43933728 0.80624306
vt 0.4090274 0.78399009
vt 0.43664616 0.7976985
vt 0.44488737 0.79519534
vt 0.41574514 0.80700207
vt 0.40904522 0.78552252
vt 0.41001603 0.77917016
vt 0.44503918 0.79447544
vt 0.41413566 0.775141
vt 0.40850097 0.78267264
vt 0.43830159 0.78867233
vt 0.42995062 0.77977991
vt 0.40832272 0.78371185
vt 0.40851504 0.7841627
vt 0.40878552 0.78439486
vt 0.74088013 0.96143502
vt 0.74372226 0.97060591
vt 0.73649049 0.9845041
vt 0.74604982 0.97044528
vt 0.74702775 0.99831635
vt 0.39209101 0.90015274
vt 0.38281623 0.90373838
vt 0.37269583 0.90360856
vt 0.38588676 0.91113436
vt 0.39586687 0.91650516
vt 0.38018563 0.92009431
vt 0.36515626 0.91475439
vt 0.36085543 0.90608084
vt 0.94843948 0.96699578
vt 0.9512133 0.97780901
vt 0.94556469 0.96882612
vt 0.95304477 0.96998709
vt 0.94005007 0.97338569
vt 0.95157081 0.9664703
vt 0.94085443 0.98177397
vt 0.93899751 0.97560006
vt 0.94125652 0.98350608
vt 0.94256341 0.98913586
vt 0.94712353 0.9897182
vt 0.94423765 0.99772769
vt 0.94283485 0.99645895
vt 0.94285053 0.99688178
vt 0.94278282 0.99829876
vt 0.27917051 0.94242513
vt 0.26983479 0.96071047
vt 0.26982754 0.94559538
vt 0.26365432 0.93735671
vt 0.28082624 0.95713878
vt 0.26278692 0.95373058
vt 0.25444406 0.95026875
vt 0.27585039 0.96659112
vt 0.25203979 0.94212252
vt 0.064468242 0.96911746
vt 0.072961994 0.9622879
vt 0.076244511 0.98569018
vt 0.066535123 0.99009115
vt 0.08180055 0.98334879
vt 0.085522912 0.96936733
vt 0.085779995 0.96986777
vt 0.082359888 0.98303664
vt 0.085892856 0.96930617
vt 0.079673029 0.99484169
vt 0.082915828 0.98988003
vt 0.08287172 0.99823064
vt 0.21689154 0.91461968
vt 0.21355352 0.92440945
vt 0.21164604 0.91476792
vt 0.19891043 0.93091977
vt 0.19331114 0.9228819
vt 0.20158313 0.93573123
vt 0.1893388 0.93340331
vt 0.20518439 0.91273552
vt 0.19012071 0.91388834
vt 0.14634465 0.99445337
vt 0.14303464 0.99831176
vt 0.1552625 0.97109199
vt 0.4432936 0.89299113
vt 0.44753325 0.90145791
vt 0.43984571 0.89868826
vt 0.45936203 0.89744759
vt 0.44219559 0.90913272
vt 0.45522529 0.90978807
vt 0.46701249 0.89736372
vt 0.46145898 0.9086054
vt 0.44766241 0.91973633
vt 0.45542207 0.97471327
vt 0.45827392 0.97053874
vt 0.46339601 0.9820984
vt 0.46941239 0.97231948
vt 0.47814745 0.96415401
vt 0.47503355 0.98172677
vt 0.48246154 0.96930277
vt 0.42531994 0.98082471
vt 0.43239391 0.96584231
vt 0.43705013 0.98196483
vt 0.42405707 0.96416503
vt 0.43871742 0.96975952
vt 0.4435651 0.9689669
vt 0.44121936 0.97911948
vt 0.43942216 0.95682347
vt 0.081339486 0.94845557
vt 0.082075238 0.96395397
vt 0.080307692 0.95819211
vt 0.087469772 0.94969797
vt 0.085418999 0.94241679
vt 0.093486086 0.96475488
vt 0.088565491 0.94438255
vt 0.090071358 0.96659482
vt 0.096209228 0.95597583
vt 0.093057945 0.94939786
vt 0.49797305 0.99787307
vt 0.4923549 0.99359435
vt 0.48681563 0.97505575
vt 0.68054932 0.95324528
vt 0.69620764 0.95230448
vt 0.69070536 0.9596715
vt 0.68039572 0.96353573
vt 0.68363965 0.94485867
vt 0.6965009 0.96058387
vt 0.67480093 0.96417475
vt 0.67594665 0.9661749
vt 0.67375499 0.96658885
vt 0.33982313 0.96615851
vt 0.33881232 0.9500863
vt 0.34052181 0.96349537
vt 0.33364835 0.96494174
vt 0.3449887 0.95363271
vt 0.33275777 0.96719247
vt 0.33583444 0.9449302
vt 0.33036929 0.96527243
vt 0.33232066 0.95305359
vt 0.25820389 0.96893823
vt 0.26480389 0.97156167
vt 0.25696433 0.9804225
vt 0.25187114 0.97596776
vt 0.26779571 0.98286605
vt 0.26928195 0.97897655
vt 0.27005988 0.97133797
vt 0.27333668 0.97769016
vt 0.24635182 0.97124577
vt 0.25339603 0.97009623
vt 0.25341615 0.97021306
vt 0.25190267 0.97556567
vt 0.25344163 0.97011411
vt 0.25140807 0.98675931
vt 0.250175 0.9901188
vt 0.24367027 0.97992009
vt 0.46850026 0.96707326
vt 0.45531732 0.95440865
vt 0.46092346 0.95027322
vt 0.47422141 0.95032448
vt 0.45572314 0.96479273
vt 0.91819823 0.97855586
vt 0.92407382 0.9911145
vt 0.92372674 0.99714553
vt 0.9225387 0.99779397
vt 0.92443299 0.99443293
vt 0.91581863 0.97999603
vt 0.35709986 0.98131573
vt 0.36121175 0.99806738
vt 0.35153723 0.98737359
vt 0.34575939 0.97845292
vt 0.30209079 0.97887969
vt 0.29560733 0.9811638
vt 0.29877308 0.97380549
vt 0.28628355 0.9821136
vt 0.29189467 0.96850163
vt 0.28313956 0.97526771
vt 0.32423291 0.97472239
vt 0.32067993 0.98193592
vt 0.31727162 0.97656947
vt 0.32165292 0.96835476
vt 0.32917997 0.96718472
vt 0.31722549 0.96370238
vt 0.31442279 0.97426784
vt 0.5217579 0.96192342
vt 0.53031808 0.95064336
vt 0.52666569 0.9669106
vt 0.52196443 0.94800138
vt 0.53509605 0.95798278
vt 0.51734781 0.95280802
vt 0.90946501 0.94899535
vt 0.91513485 0.95766068
vt 0.90852284 0.96702617
vt 0.92346513 0.94935411
vt 0.91896355 0.96650994
vt 0.69297683 0.96589369
vt 0.69828945 0.97636491
vt 0.69282734 0.97632676
vt 0.68963403 0.97011781
vt 0.70262641 0.97482371
vt 0.69750237 0.97859865
vt 0.68941641 0.97635585
vt 0.68987846 0.96592027
vt 0.70048523 0.96465117
vt 0.70362371 0.98204607
vt 0.2313057 0.98090613
vt 0.23344728 0.98797703
vt 0.23174609 0.99764127
vt 0.22834353 0.98798913
vt 0.67500651 0.99578625
vt 0.67022461 0.99135053
vt 0.67509246 0.99282378
vt 0.6583643 0.99676758
vt 0.67509347 0.99278933
vt 0.67567658 0.99766409
vt 0.26777518 0.98517722
vt 0.27320984 0.98085934
vt 0.27028173 0.98975593
vt 0.26869303 0.98948205
vt 0.27454174 0.98903573
vt 0.26758021 0.9866904
vt 0.27515283 0.98215938
vt 0.27838883 0.9808538
vt 0.27761337 0.97859299
vt 0.28260183 0.9810819
vt 0.28340062 0.97980154
vt 0.28404844 0.97981638
vt 0.30593351 0.9850868
vt 0.30261865 0.98721641
vt 0.29885098 0.98149258
vt 0.31022525 0.9780547
vt 0.3100664 0.99069357
vt 0.31529206 0.98174608
vt 0.40807226 0.97961563
vt 0.4169763 0.97330052
vt 0.41245332 0.99002147
vt 0.50100332 0.99035531
vt 0.49783614 0.99767911
vt 0.49419543 0.98136127
vt 0.33024135 0.97830302
vt 0.33293021 0.98179394
vt 0.33507872 0.98780614
vt 0.33168939 0.97463512
vt 0.34256345 0.98209542
vt 0.34129247 0.99018925
vt 0.25928575 0.98296934
vt 0.26655188 0.9865194
vt 0.26277894 0.99810636
vt 0.16475902 0.99768722
vt 0.1528689 0.99323899
vt 0.15010384 0.98929513
vt 0.4145987 0.99285692
vt 0.40758112 0.99078715
vt 0.40702271 0.98904616
vt 0.40057981 0.9977209
vt 0.37495425 0.98715174
vt 0.37026435 0.98989183
vt 0.36517152 0.97967094
vt 0.36133263 0.98672694
vt 0.36132941 0.98063791
vt 0.3613278 0.97953069
vt 0.36132693 0.97836119
vt 0.38208261 0.97871637
vt 0.37814549 0.99024791
vt 0.36904475 0.97897059
vt 0.5460664 0.9850378
vt 0.54176247 0.99784696
vt 0.53363621 0.98998994
vt 0.39748842 0.97940487
vt 0.38909236 0.99067622
vt 0.38858658 0.98212326
vt 0.38501623 0.98670197
vt 0.38500485 0.98642546
vt 0.38457638 0.98118091
vt 0.070404127 0.99852782
vt 0.060519371 0.99718225
vt 0.065832689 0.99545437
vt 0.06627626 0.99363667
vt 0.081141435 0.98811406
vt 0.076282829 0.99698716
vt 0.072168723 0.99758971
vt 0.17610419 0.9984318
vt 0.16593535 0.99451232
vt 0.16741984 0.98955446
vt 0.064608775 0.9890157
vt 0.072635889 0.99710047
vt 0.072147489 0.9971298
vt 0.0646476 0.98934543
vt 0.072289608 0.99735552
vt 0.064571753 0.98906082
vt 0.072139949 0.99853504
vt 0.061937023 0.99808139
vt 0.060892798 0.99522722
vt 0.061957523 0.99567389
vt 0.061961323 0.99382794
vt 0.061931498 0.99164999
vt 0.17745434 0.99678022
vt 0.18335277 0.99465621
vt 0.17893972 0.99842882
vt 0.17905471 0.99280322
vt 0.18337516 0.99665695
vt 0.060628045 0.9936735
vt 0.063489519 0.99437106
vt 0.061149802 0.99523604
vt 0.061391838 0.99611324
vt 0.062005829 0.99841118
vt 0.0016136409 0.99726379
vt 0.0023430903 0.99700522
vt 0.0016687897 0.99849647
usemtl Tile_+031_+021_L20_0000030_0
f 412/1270 411/1271 137/1272
f 72/1472 19/1473 74/1474
f 47/583 46/584 1/585
f 436/1315 449/1318 446/1312
f 465/1579 464/1580 470/1581
f 391/1278 395/1274 412/1270
f 401/723 400/740 1664/742
f 451/2080 455/2081 431/2082
f 79/1183 108/1184 128/1185
f 418/1203 424/1216 425/1217
f 450/1235 426/1225 1271/1244
f 426/1225 424/1216 422/1208
f 441/1432 453/1433 114/1434
f 452/1249 448/1220 114/1256
f 441/1432 442/1436 453/1433
f 1279/1307 446/1312 1280/1314
f 485/1239 456/1238 451/1240
f 462/1255 471/1248 461/1261
f 1281/1458 484/1453 1282/1462
f 477/1448 484/1453 473/1446
f 480/746 506/752 479/739
f 506/752 478/747 479/739
f 497/1729 496/1730 491/1731
f 469/1585 470/1581 463/1584
f 488/1085 501/1086 487/1087
f 493/1466 495/1452 1289/1470
f 526/678 521/715 525/722
f 512/750 518/759 480/746
f 519/757 505/763 503/768
f 518/759 512/750 517/751
f 105/618 104/625 508/631
f 397/648 508/631 101/639
f 397/648 507/657 508/631
f 509/669 507/657 397/648
f 508/631 507/657 404/641
f 404/641 239/626 508/631
f 399/687 403/675 507/657
f 90/1486 77/1482 143/1491
f 80/1499 90/1486 143/1491
f 520/703 526/678 527/692
f 507/657 526/678 399/687
f 522/702 399/687 526/678
f 523/711 526/678 525/722
f 525/722 515/726 523/711
f 523/711 522/702 526/678
f 523/711 402/733 524/712
f 509/669 527/692 526/678
f 507/657 509/669 526/678
f 402/733 523/711 479/739
f 479/739 516/744 480/746
f 523/711 524/712 522/702
f 523/711 515/726 479/739
f 239/626 406/632 139/613
f 515/726 525/722 521/715
f 521/715 520/703 515/726
f 519/757 517/751 513/745
f 519/757 518/759 517/751
f 500/1088 499/1096 1666/1093
f 503/768 481/758 518/759
f 515/726 514/725 511/741
f 512/750 511/741 517/751
f 515/726 511/741 516/744
f 400/740 402/733 479/739
f 513/745 511/741 514/725
f 479/739 515/726 516/744
f 501/785 488/778 503/768
f 478/747 506/752 1668/760
f 483/773 481/758 503/768
f 505/763 504/772 503/768
f 502/777 503/768 504/772
f 503/768 502/777 501/785
f 502/1089 500/1088 501/1086
f 1668/760 481/758 1670/769
f 487/1087 500/1088 1667/1090
f 494/2274 493/2275 492/2276
f 498/1463 495/1452 493/1466
f 495/1452 491/1456 474/1449
f 474/1449 473/1446 495/1452
f 495/1452 497/1459 491/1456
f 496/1467 498/1463 494/1469
f 495/1452 498/1463 497/1459
f 496/1467 497/1459 498/1463
f 491/1731 496/1730 1293/1732
f 1293/1732 494/1734 1295/1736
f 493/1466 494/1469 498/1463
f 492/2276 493/2275 1290/2277
f 1286/1742 492/1744 1299/1746
f 474/1738 489/1735 1300/1741
f 467/1335 445/1330 468/1333
f 485/1606 472/1605 471/1603
f 460/1600 472/1605 1302/1604
f 475/1745 474/1738 1301/1743
f 474/1738 491/1731 489/1735
f 489/1735 491/1731 1294/1733
f 482/1095 487/1087 1671/1092
f 481/758 483/773 482/779
f 518/759 481/758 480/746
f 478/747 400/740 479/739
f 1675/753 478/747 1676/761
f 114/1264 448/1265 121/1266
f 455/1440 453/1433 442/1436
f 487/2267 486/2268 483/2269
f 488/778 487/786 483/773
f 483/773 503/768 488/778
f 486/1099 487/1087 482/1095
f 473/1446 430/1443 477/1448
f 490/1457 473/1446 1281/1458
f 475/1608 472/1605 485/1606
f 429/1219 456/1238 485/1239
f 1284/1590 458/1586 1307/1592
f 460/1600 471/1603 472/1605
f 437/1321 444/1324 447/1317
f 484/1453 477/1448 1309/1455
f 447/1317 444/1324 1312/1327
f 1311/1451 454/1445 1315/1454
f 485/1239 466/1229 429/1219
f 472/1605 475/1608 1314/1609
f 448/2270 476/2271 121/2272
f 448/1220 119/1245 476/1253
f 431/2082 475/2083 451/2080
f 473/1446 474/1449 431/1439
f 431/1439 430/1443 473/1446
f 471/1248 443/1226 466/1229
f 485/1239 471/1248 466/1229
f 463/1246 432/1237 443/1226
f 466/1229 443/1226 435/1199
f 465/1332 468/1333 445/1330
f 463/1584 470/1581 464/1580
f 459/1591 457/1589 1318/1594
f 457/1589 461/1601 460/1600
f 458/1586 459/1591 1320/1595
f 459/1591 458/1586 457/1589
f 457/1589 460/1600 1308/1598
f 469/1585 462/1587 457/1589
f 467/1588 468/1582 458/1586
f 469/1585 457/1589 458/1586
f 471/1603 460/1600 461/1601
f 462/2297 461/2298 457/2299
f 462/1587 469/1585 463/1584
f 471/1248 462/1255 443/1226
f 463/1246 443/1226 462/1255
f 463/1584 464/1580 434/1583
f 434/1247 432/1237 463/1246
f 438/1322 434/1328 465/1332
f 434/1583 464/1580 465/1579
f 468/1582 469/1585 458/1586
f 468/1582 465/1579 470/1581
f 470/1581 469/1585 468/1582
f 452/2293 114/2294 476/2295
f 445/1330 467/1335 1323/1336
f 132/1277 395/1274 307/1283
f 449/1318 433/1325 438/1322
f 436/1209 416/1204 435/1199
f 416/1295 436/1315 446/1312
f 425/1217 448/1220 419/1205
f 1280/1314 447/1317 1324/1320
f 437/1321 438/1322 444/1324
f 446/1312 437/1321 447/1317
f 438/1322 446/1312 449/1318
f 438/1322 445/1330 444/1324
f 433/1218 435/1199 443/1226
f 435/1199 429/1219 466/1229
f 431/1439 455/1440 442/1436
f 441/1432 440/1435 1329/1438
f 445/1330 438/1322 465/1332
f 437/1321 446/1312 438/1322
f 433/1218 436/1209 435/1199
f 433/1218 432/1237 434/1247
f 438/1322 433/1325 434/1328
f 432/1237 433/1218 443/1226
f 428/1228 456/1238 429/1219
f 120/1267 452/1268 119/1269
f 452/2293 476/2295 119/2296
f 451/1240 456/1238 428/1228
f 477/1448 430/1443 454/1445
f 455/1257 452/1249 120/1260
f 475/1262 485/1239 451/1240
f 442/1436 441/1432 431/1439
f 454/1445 430/1443 441/1432
f 430/1443 431/1439 441/1432
f 429/1219 439/1211 428/1228
f 114/1256 113/1236 440/1252
f 441/1432 114/1434 440/1435
f 450/1235 440/1252 113/1236
f 453/1433 455/1440 120/1437
f 120/1437 114/1434 453/1433
f 448/1220 452/1249 451/1240
f 451/1240 428/1228 448/1220
f 439/1211 448/1220 428/1228
f 113/1236 424/1216 450/1235
f 1329/1259 450/1235 1331/1263
f 425/1217 113/1236 448/1220
f 422/1208 423/1197 407/1201
f 409/1224 408/1214 1333/1233
f 424/1216 113/1236 425/1217
f 418/1203 417/1194 423/1197
f 450/1235 424/1216 426/1225
f 420/1279 138/1275 411/1271
f 132/1277 411/1271 395/1274
f 421/1282 420/1279 415/1291
f 1336/1297 414/1292 1337/1302
f 413/1288 421/1282 414/1292
f 421/1282 413/1288 410/1273
f 418/1203 425/1217 419/1205
f 414/1292 416/1295 1279/1307
f 414/1292 421/1282 415/1291
f 415/2101 416/2102 414/2103
f 412/1270 410/1273 1339/1276
f 138/1275 421/1282 410/1273
f 391/1278 393/1285 395/1274
f 390/1284 412/1270 1341/1286
f 129/1186 417/1194 132/1189
f 129/1186 136/1192 423/1197
f 411/1271 412/1270 395/1274
f 407/1201 427/1215 422/1208
f 412/1270 390/1284 391/1278
f 422/1208 427/1215 426/1225
f 418/1203 423/1197 422/1208
f 132/1277 420/1279 411/1271
f 421/1282 138/1275 420/1279
f 422/1208 424/1216 418/1203
f 407/1201 423/1197 136/1192
f 427/1215 409/1224 426/1225
f 1271/1244 409/1224 1345/1250
f 409/2255 427/2256 407/2257
f 407/1201 135/1206 408/1214
f 409/1224 407/1201 408/1214
f 130/1196 135/1206 407/1201
f 406/632 239/626 404/641
f 507/657 405/668 404/641
f 405/668 403/675 1682/688
f 1684/660 405/668 1685/680
f 1681/650 404/641 1684/660
f 1686/697 399/687 1688/710
f 1688/710 398/718 1689/729
f 173/1 189/2 157/3
f 45/615 6/594 49/609
f 49/609 735/623 45/615
f 72/1472 66/1476 19/1473
f 378/1674 377/1675 382/1676
f 1690/607 2/602 1691/612
f 24/1528 41/1529 17/1530
f 184/1940 202/1941 222/1942
f 202/1941 169/1943 205/1946
f 73/1547 44/1540 23/1549
f 112/1568 115/1576 122/1575
f 1344/1222 135/1206 1346/1212
f 338/316 335/344 324/357
f 4/601 5/608 82/611
f 118/1659 107/1660 117/1661
f 75/1560 73/1547 1349/1555
f 232/1816 221/1817 231/1818
f 147/592 154/610 50/605
f 1/585 46/584 9/588
f 2/602 3/593 106/606
f 307/1283 395/1274 393/1285
f 384/1290 393/1285 391/1278
f 376/1611 374/1612 375/1613
f 297/1831 58/1832 52/1833
f 78/1563 112/1568 116/1570
f 193/6 157/3 189/2
f 263/1826 293/1824 142/1819
f 396/628 83/629 7/614
f 323/43 242/44 240/32
f 1353/1682 377/1675 1354/1678
f 375/1613 367/1614 376/1611
f 383/2023 380/2024 1586/2025
f 363/1619 369/1621 379/1625
f 371/1623 356/1631 87/1624
f 196/82 343/115 352/136
f 355/1640 368/1644 337/1648
f 1592/385 1355/393 1646/401
f 349/167 352/136 344/163
f 89/1615 376/1611 94/1618
f 376/1611 372/1620 94/1618
f 327/289 331/214 325/272
f 355/1640 337/1648 345/1650
f 354/270 333/288 1593/304
f 342/213 341/164 331/214
f 351/188 342/213 1595/231
f 394/332 330/303 338/316
f 355/1640 347/1641 356/1631
f 291/102 246/120 317/85
f 225/88 226/150 1356/152
f 371/1623 372/1620 362/1616
f 275/1516 346/1521 216/1512
f 283/143 306/173 317/85
f 317/85 246/120 283/143
f 214/58 209/83 274/59
f 274/59 313/45 214/58
f 333/288 354/270 340/252
f 286/142 285/197 247/172
f 199/93 200/113 1692/134
f 226/150 225/88 1358/127
f 1360/169 294/118 1361/195
f 293/1824 233/1825 141/1822
f 258/236 254/260 253/219
f 223/61 224/72 271/27
f 134/1795 234/1796 230/1797
f 298/177 288/200 278/123
f 186/13 323/43 240/32
f 182/4 171/26 183/17
f 170/1948 59/1953 61/1949
f 1694/157 208/111 1695/186
f 288/1958 298/1959 29/1960
f 296/1803 234/1796 237/1808
f 1354/1678 378/1674 1366/1681
f 383/2023 381/2027 380/2024
f 386/1677 382/1676 387/1680
f 305/189 341/164 315/95
f 389/1300 386/1306 384/1290
f 412/1270 137/1272 410/1273
f 366/2029 383/2023 1588/2032
f 369/1679 370/1683 382/1676
f 380/2024 381/2027 364/2030
f 362/1616 363/1619 360/1622
f 1591/2031 364/2030 1599/2035
f 360/1622 379/1625 1367/1629
f 377/1675 379/1684 369/1679
f 110/1693 124/1690 373/1688
f 110/1617 374/1612 89/1615
f 384/1290 392/1289 389/1300
f 388/1294 389/1300 392/1289
f 110/1672 88/1673 91/1670
f 103/1298 307/1283 384/1290
f 307/1283 393/1285 384/1290
f 390/1284 388/1294 392/1289
f 392/1289 391/1278 390/1284
f 392/2252 384/2253 391/2254
f 378/1311 386/1306 1372/1309
f 382/1676 377/1675 369/1679
f 1372/1309 388/1294 1375/1305
f 374/1612 376/1611 89/1615
f 378/1674 382/1676 386/1677
f 107/1190 123/1191 128/1185
f 1377/1632 361/1626 1378/1628
f 387/1680 382/1676 370/1683
f 125/1304 385/1310 102/1308
f 386/1677 387/1680 385/1685
f 125/1304 384/1290 386/1306
f 385/1685 373/1688 124/1690
f 385/1310 125/1304 386/1306
f 385/1685 124/1690 102/1692
f 385/1685 387/1680 370/1683
f 385/1685 370/1683 373/1688
f 373/1688 370/1683 367/1687
f 375/1689 373/1688 367/1687
f 375/1689 374/1691 373/1688
f 89/1515 88/1507 110/1520
f 91/1670 93/1667 109/1668
f 374/1691 110/1693 373/1688
f 362/1616 376/1611 367/1614
f 87/1624 94/1618 372/1620
f 372/1620 376/1611 362/1616
f 372/1620 371/1623 87/1624
f 367/1687 370/1683 369/1679
f 357/1647 368/1644 359/1630
f 363/1619 362/1616 367/1614
f 367/1614 369/1621 363/1619
f 362/1616 361/1626 365/1627
f 364/2030 366/2029 1601/2034
f 366/2029 381/2027 383/2023
f 364/2030 381/2027 366/2029
f 363/1619 379/1625 360/1622
f 1378/1628 360/1622 1379/1633
f 359/1630 365/1627 1380/1636
f 365/1627 359/1630 371/1623
f 1383/1651 359/1630 1384/1649
f 336/1656 358/1652 1385/1655
f 362/1616 365/1627 371/1623
f 79/1664 85/1662 111/1663
f 356/1631 65/1637 87/1624
f 331/214 340/252 342/213
f 340/252 354/270 342/213
f 356/1631 347/1641 65/1637
f 347/1510 10/1502 65/1494
f 358/1652 357/1647 1383/1651
f 327/2048 328/2049 334/2050
f 324/357 348/371 338/316
f 325/1526 332/1523 353/1525
f 325/1526 353/1525 345/1527
f 255/175 303/144 321/121
f 353/1525 332/1523 347/1510
f 334/331 335/344 338/316
f 308/254 309/222 322/238
f 334/2050 328/2049 326/2051
f 350/137 351/188 1596/212
f 343/115 344/163 352/136
f 339/2054 334/2050 337/2053
f 333/288 329/269 1611/302
f 350/137 341/164 351/188
f 333/288 340/252 329/269
f 348/371 324/357 1592/385
f 346/1521 347/1510 332/1523
f 345/305 327/289 325/272
f 309/222 331/214 305/189
f 1610/211 344/163 1617/230
f 255/175 318/198 303/144
f 350/137 344/163 343/115
f 344/163 350/137 1608/190
f 341/164 342/213 351/188
f 342/213 354/270 1594/271
f 315/95 350/137 343/115
f 340/252 331/214 329/269
f 305/189 331/214 341/164
f 336/2055 334/2050 339/2054
f 338/316 330/303 327/289
f 334/2050 326/2051 337/2053
f 335/344 336/356 1388/370
f 334/331 336/356 335/344
f 309/222 308/254 331/214
f 327/289 330/303 329/269
f 327/289 329/269 331/214
f 326/2051 328/2049 327/2048
f 1621/315 330/303 1623/333
f 308/1524 332/1523 325/1526
f 325/272 331/214 308/254
f 324/357 335/344 1389/372
f 172/1945 169/1943 184/1940
f 270/75 269/47 222/60
f 182/2104 206/2105 171/2106
f 261/1810 264/1802 295/1805
f 210/99 256/84 294/118
f 287/1963 311/1965 1392/1968
f 298/1982 56/1983 28/1984
f 301/73 319/101 291/102
f 321/121 303/144 315/95
f 197/57 186/13 299/46
f 309/222 304/199 322/238
f 318/198 322/238 304/199
f 321/121 315/95 317/85
f 248/1497 316/1513 243/1505
f 241/51 320/79 192/62
f 241/2113 314/2114 320/2115
f 227/1962 289/1961 29/1960
f 319/101 301/73 300/74
f 300/74 292/103 319/101
f 186/13 272/34 299/46
f 225/88 281/100 224/72
f 11/1487 65/1494 10/1502
f 42/1534 24/1528 98/1531
f 216/221 322/238 318/198
f 215/1495 216/1512 255/1511
f 315/95 197/57 317/85
f 68/1489 97/1504 14/1496
f 317/1522 306/1519 316/1513
f 301/73 317/85 197/57
f 196/82 197/57 315/95
f 190/8 174/5 207/14
f 56/1983 277/1986 312/1989
f 242/44 314/71 241/51
f 243/1505 306/1519 283/1518
f 301/73 197/57 299/46
f 318/198 304/199 303/144
f 302/176 315/95 303/144
f 246/120 291/102 286/142
f 292/103 300/74 273/86
f 274/59 300/74 299/46
f 1362/277 258/236 1398/259
f 274/59 299/46 272/34
f 230/1797 219/1798 134/1795
f 264/1802 133/1799 295/1805
f 296/1803 235/1809 262/1800
f 1401/130 261/107 1752/153
f 161/1851 152/1852 62/1853
f 266/1801 133/1799 134/1795
f 224/72 214/58 271/27
f 287/1963 289/1961 311/1965
f 313/45 271/27 214/58
f 209/83 312/98 274/59
f 61/1949 60/1952 205/1946
f 223/61 268/105 225/88
f 311/1965 227/1962 213/1967
f 185/179 228/146 270/75
f 28/1984 29/1985 298/1982
f 167/598 148/587 200/591
f 200/113 199/93 167/81
f 191/25 177/39 175/20
f 175/20 198/9 187/12
f 184/35 183/17 172/33
f 173/1 188/7 187/12
f 159/31 151/66 162/54
f 59/1857 180/1862 204/1854
f 192/62 320/79 310/78
f 147/80 156/56 154/67
f 196/82 195/69 197/57
f 196/82 315/95 343/115
f 283/1544 18/1533 97/1543
f 306/1519 243/1505 316/1513
f 302/176 305/189 315/95
f 317/85 301/73 291/102
f 317/1522 316/1513 321/1517
f 299/46 300/74 301/73
f 57/1923 32/1924 33/1925
f 305/189 302/176 309/222
f 302/176 304/199 309/222
f 308/254 322/238 216/221
f 308/1524 216/1512 346/1521
f 318/198 255/175 216/221
f 291/102 292/103 284/145
f 220/125 217/106 290/87
f 276/201 288/200 287/239
f 251/241 276/201 1403/264
f 285/197 286/142 284/145
f 279/178 284/145 278/123
f 280/220 284/145 1405/202
f 281/100 282/119 256/84
f 250/223 26/240 279/178
f 70/1539 254/1548 21/1545
f 21/1545 254/1548 259/1551
f 1398/259 247/172 1407/262
f 22/1550 257/1553 1408/1557
f 278/123 288/200 276/201
f 278/123 273/86 277/122
f 244/174 283/143 246/120
f 251/241 250/223 276/201
f 247/172 253/219 245/196
f 57/1923 38/1926 43/1929
f 274/59 273/86 300/74
f 272/34 313/45 274/59
f 272/34 186/13 271/27
f 266/1823 141/1822 233/1825
f 218/76 269/47 290/87
f 37/1928 38/1926 33/1925
f 289/1961 227/1962 311/1965
f 311/1965 212/1971 1360/1973
f 53/1834 211/1837 297/1831
f 227/1962 35/1964 213/1967
f 296/1803 262/1800 234/1796
f 261/1810 295/1805 1697/1811
f 56/1983 57/1987 28/1984
f 224/72 281/100 256/84
f 54/2141 35/2142 1415/2143
f 30/2147 54/2141 1416/2144
f 1418/170 282/119 1419/171
f 217/1804 230/1797 262/1800
f 269/47 270/75 290/87
f 271/27 269/47 223/61
f 37/1928 40/1931 1420/1934
f 269/47 271/27 184/35
f 164/112 221/158 220/125
f 223/61 218/76 236/89
f 164/112 231/133 221/158
f 264/1802 265/1806 234/1796
f 231/133 260/92 142/156
f 142/156 260/92 263/132
f 166/68 260/92 151/66
f 185/179 150/147 228/146
f 1699/1812 233/1807 1700/1814
f 218/76 262/129 235/108
f 260/92 208/111 263/132
f 232/1816 231/1818 142/1819
f 147/592 148/587 167/598
f 265/1806 264/1802 261/1810
f 223/61 267/184 1364/203
f 1358/127 268/105 1423/149
f 1365/154 223/61 1401/130
f 293/1824 141/1822 142/1819
f 134/1795 219/1798 266/1801
f 219/1820 140/1821 266/1823
f 258/236 252/296 259/278
f 1408/1557 252/1559 1425/1564
f 233/1807 133/1799 266/1801
f 214/58 224/72 256/84
f 256/84 210/99 214/58
f 46/584 146/600 6/594
f 238/620 105/618 239/626
f 235/1809 296/1803 237/1808
f 237/1808 236/1813 235/1809
f 236/89 218/76 235/108
f 133/1799 264/1802 234/1796
f 1697/1811 133/1799 1699/1812
f 219/1820 232/1816 140/1821
f 262/1800 230/1797 234/1796
f 222/1942 185/1947 270/1950
f 150/147 229/124 228/146
f 290/87 165/104 220/125
f 29/1960 35/1964 227/1962
f 1422/126 223/61 1426/148
f 225/88 224/72 223/61
f 222/1942 203/1944 185/1947
f 218/76 290/87 217/106
f 228/146 229/124 270/75
f 165/104 164/112 220/125
f 219/2175 217/2176 220/2177
f 219/2175 230/2179 217/2176
f 217/106 262/129 218/76
f 12/1503 216/1512 215/1495
f 53/97 209/83 214/58
f 212/1842 213/1843 211/1837
f 209/1991 52/1992 56/1983
f 69/1484 15/1488 215/1495
f 321/1517 248/1497 255/1511
f 283/1518 97/1504 243/1505
f 243/1505 68/1489 248/1497
f 255/1511 248/1497 215/1495
f 253/219 254/260 70/279
f 70/2190 98/2191 253/2192
f 26/240 27/242 279/178
f 98/2191 17/2193 253/2192
f 250/2167 251/2168 1430/2169
f 24/1528 42/1534 44/1540
f 249/2173 26/2174 250/2167
f 20/1546 44/1540 42/1534
f 73/1547 25/1542 44/1540
f 248/1497 68/1489 69/1484
f 246/120 286/142 247/172
f 68/1489 243/1505 97/1504
f 19/2120 14/2121 84/2122
f 241/51 191/25 242/44
f 240/32 242/44 191/25
f 192/62 194/50 177/39
f 187/12 198/9 173/1
f 323/43 197/57 195/69
f 187/12 188/7 186/13
f 191/25 175/20 187/12
f 183/17 186/13 182/4
f 186/13 188/7 182/4
f 189/2 174/5 190/8
f 186/13 191/25 187/12
f 60/1856 152/1852 185/1861
f 173/1 182/4 188/7
f 179/38 178/19 176/29
f 176/29 194/50 179/38
f 175/20 177/39 176/29
f 198/9 174/5 173/1
f 1231/2016 190/2017 178/2018
f 170/1948 172/1945 171/1951
f 170/1948 169/1943 172/1945
f 146/600 46/584 147/592
f 147/80 167/81 156/56
f 166/68 156/56 167/81
f 231/133 164/112 260/92
f 161/1851 163/1858 162/1864
f 157/3 159/31 158/41
f 154/67 156/56 155/42
f 208/111 199/93 1705/135
f 163/1858 161/1851 204/1854
f 163/1858 204/1854 181/1863
f 155/42 153/55 154/67
f 67/1478 96/1481 16/1483
f 145/624 144/617 153/616
f 58/1930 39/1933 31/1927
f 160/2107 157/2110 181/2111
f 181/1863 204/1854 180/1862
f 168/638 145/624 153/616
f 50/605 154/610 153/616
f 206/2105 182/2104 160/2107
f 180/2109 170/2108 206/2105
f 185/1947 205/1946 60/1952
f 183/17 171/26 172/33
f 159/31 162/54 158/41
f 163/1858 158/1866 162/1864
f 185/1947 203/1944 205/1946
f 152/1852 161/1851 149/1855
f 205/1946 203/1944 202/1941
f 169/1943 202/1941 184/1940
f 180/2109 59/2112 170/2108
f 170/2108 171/2106 206/2105
f 157/1865 163/1858 181/1863
f 178/19 190/8 207/14
f 189/2 173/1 174/5
f 157/2110 160/2107 182/2104
f 222/1942 202/1941 203/1944
f 162/1864 151/1860 161/1851
f 151/1860 149/1855 161/1851
f 163/1858 157/1865 158/1866
f 181/2111 180/2109 160/2107
f 201/16 168/23 157/3
f 61/1949 169/1943 170/1948
f 60/1856 62/1853 152/1852
f 62/1853 204/1854 161/1851
f 1692/599 47/583 1707/603
f 168/23 153/55 155/42
f 166/68 151/66 159/31
f 149/1855 151/1860 150/1859
f 50/605 146/600 147/592
f 49/609 144/617 145/624
f 153/616 144/617 50/605
f 80/1499 143/1491 85/1498
f 122/1575 118/1573 112/1568
f 130/1196 127/1195 135/1206
f 411/1271 138/1275 137/1272
f 410/1273 137/1272 138/1275
f 131/1188 136/1192 129/1186
f 407/1201 136/1192 130/1196
f 234/1796 134/1795 133/1799
f 106/606 238/620 139/613
f 105/618 508/631 239/626
f 106/606 139/613 2/602
f 77/1482 78/1477 116/1485
f 140/1821 232/1816 142/1819
f 140/1821 142/1819 141/1822
f 2/602 139/613 1709/621
f 47/583 48/586 1704/589
f 105/618 82/611 104/625
f 139/613 406/632 1680/633
f 238/620 239/626 139/613
f 105/618 238/620 106/606
f 83/629 100/640 104/625
f 99/658 101/639 100/640
f 77/1482 85/1498 143/1491
f 100/640 101/639 104/625
f 114/1256 121/1254 113/1236
f 420/1210 132/1189 416/1204
f 132/1189 307/1193 79/1183
f 79/1183 129/1186 132/1189
f 127/1195 130/1196 131/1188
f 1346/1212 127/1195 1436/1221
f 127/1195 122/1200 115/1207
f 1436/1221 126/1213 1437/1232
f 131/1188 129/1186 128/1185
f 131/1188 123/1191 127/1195
f 136/1192 131/1188 130/1196
f 123/1191 131/1188 128/1185
f 115/1207 126/1213 127/1195
f 125/1304 102/1308 103/1298
f 109/1668 102/1669 124/1671
f 122/1200 123/1191 107/1190
f 119/1245 121/1254 120/1260
f 119/1245 113/1236 121/1254
f 448/1220 113/1236 119/1245
f 104/625 82/611 83/629
f 108/1184 79/1183 111/1187
f 118/2300 117/2301 116/2302
f 116/1570 112/1568 118/1573
f 1434/1574 112/1568 1439/1571
f 75/1560 78/1563 73/1547
f 109/1668 110/1672 91/1670
f 76/1480 86/1493 16/1483
f 79/1664 102/1669 109/1668
f 79/1664 109/1668 93/1667
f 92/1506 81/1514 93/1501
f 85/1662 117/1661 107/1660
f 92/1506 90/1486 80/1499
f 80/1499 81/1514 92/1506
f 90/1486 93/1501 91/1492
f 109/1668 124/1671 110/1672
f 76/1480 90/1486 91/1492
f 86/1493 94/1508 87/1509
f 90/1486 92/1506 93/1501
f 16/1483 11/1487 67/1478
f 116/1485 117/1490 77/1482
f 83/629 82/611 7/614
f 93/1667 81/1666 79/1664
f 79/1664 81/1666 80/1665
f 80/1665 85/1662 79/1664
f 69/1484 13/1479 67/1478
f 33/1925 38/1926 57/1923
f 78/1477 76/1480 72/1472
f 78/1477 77/1482 76/1480
f 72/1472 74/1474 73/1475
f 40/1931 37/1928 33/1925
f 29/1960 36/1966 35/1964
f 70/1539 42/1534 98/1531
f 1349/1555 23/1549 1440/1556
f 97/1543 18/1533 34/1537
f 34/2125 64/2126 63/2124
f 34/1537 18/1533 41/1529
f 19/1532 84/1541 64/1535
f 72/1472 76/1480 96/1481
f 89/1515 94/1508 95/1500
f 72/1472 73/1475 78/1477
f 76/1480 16/1483 96/1481
f 95/1500 88/1507 89/1515
f 86/1493 95/1500 94/1508
f 90/1486 76/1480 77/1482
f 26/2180 249/2181 1396/2182
f 64/2126 84/2122 63/2124
f 36/1966 29/1960 43/1969
f 42/1534 70/1539 21/1545
f 41/1529 24/1528 19/1532
f 43/1969 38/1974 36/1966
f 36/1966 38/1974 37/1978
f 36/1966 37/1978 1352/1976
f 40/1931 71/1935 1395/1938
f 34/2125 14/2121 97/2127
f 52/1833 53/1834 297/1831
f 32/1924 31/1927 33/1925
f 1448/1841 30/1844 1449/1848
f 35/1964 36/1966 1445/1970
f 27/242 26/240 1450/280
f 44/1540 25/1542 24/1528
f 1441/1552 20/1546 1452/1554
f 1452/1554 22/1550 1453/1558
f 66/1476 13/1479 19/1473
f 14/2121 63/2124 84/2122
f 64/1535 41/1529 19/1532
f 41/1529 18/1533 17/1530
f 21/1545 20/1546 42/1534
f 215/1495 15/1488 12/1503
f 15/1488 11/1487 12/1503
f 11/1487 10/1502 12/1503
f 13/1479 69/1484 68/1489
f 86/1493 65/1494 16/1483
f 15/1488 69/1484 67/1478
f 72/1472 67/1478 66/1476
f 11/1487 16/1483 65/1494
f 34/1537 41/1529 64/1535
f 13/2123 14/2121 19/2120
f 34/2125 63/2124 14/2121
f 57/1987 43/1988 28/1984
f 39/1933 40/1931 31/1927
f 40/1931 33/1925 31/1927
f 29/1985 28/1984 43/1988
f 148/587 147/592 46/584
f 204/1854 62/1853 59/1857
f 59/1857 62/1853 60/1856
f 61/1949 59/1953 60/1952
f 58/1930 31/1927 32/1924
f 54/1846 30/1844 55/1840
f 209/1836 53/1834 52/1833
f 32/1924 52/1932 58/1930
f 32/1990 57/1987 56/1983
f 1394/1847 39/1835 1454/1845
f 39/1835 51/1838 1448/1841
f 49/609 146/600 50/605
f 144/617 49/609 50/605
f 9/588 46/584 6/594
f 47/583 1/585 48/586
f 148/587 46/584 47/583
f 1703/590 1/585 1712/597
f 4/601 9/588 6/594
f 6/594 45/615 8/622
f 4/601 3/593 9/588
f 106/606 3/593 4/601
f 396/628 7/614 8/622
f 6/594 8/622 7/614
f 7/614 5/608 6/594
f 146/600 49/609 6/594
f 6/594 5/608 4/601
f 3/593 1/585 9/588
f 1/585 3/593 2/602
f 120/2273 121/2272 476/2271
f 114/1434 120/1437 476/1441
f 211/1837 53/1834 210/1839
f 513/745 505/763 519/757
f 56/1983 312/1989 209/1991
f 401/723 402/733 400/740
f 454/1445 441/1432 1278/1447
f 439/1211 429/1219 435/1199
f 473/1446 490/1457 495/1452
f 480/746 516/744 512/750
f 510/659 397/648 101/639
f 104/625 101/639 508/631
f 524/712 402/733 401/723
f 401/723 399/687 524/712
f 397/648 510/659 509/669
f 129/1186 79/1183 128/1185
f 403/675 405/668 507/657
f 520/703 521/715 526/678
f 520/703 514/725 515/726
f 516/744 511/741 512/750
f 519/757 503/768 518/759
f 517/751 511/741 513/745
f 501/1086 500/1088 487/1087
f 495/1452 490/1457 1291/1460
f 481/758 506/752 480/746
f 481/758 482/779 1679/780
f 482/1095 483/1104 486/1099
f 448/1220 439/1211 419/1205
f 431/1748 474/1738 475/1745
f 1327/1331 445/1330 1328/1334
f 433/1218 449/1227 436/1209
f 416/1204 132/1189 435/1199
f 455/1257 451/1240 452/1249
f 435/1199 419/1205 439/1211
f 417/1194 418/1203 419/1205
f 420/1279 416/1295 415/1291
f 419/1205 435/1199 417/1194
f 132/1189 417/1194 435/1199
f 1273/1287 413/1288 1338/1296
f 398/718 401/723 1665/736
f 401/723 398/718 399/687
f 291/102 319/101 292/103
f 1439/1571 1087/1566 1455/1572
f 212/1971 311/1965 213/1967
f 17/1530 98/1531 24/1528
f 205/1946 169/1943 61/1949
f 276/201 287/239 1399/263
f 106/606 4/601 82/611
f 111/1187 107/1190 128/1185
f 108/1184 111/1187 128/1185
f 76/1480 91/1492 95/1500
f 117/1490 85/1498 77/1482
f 270/75 229/124 165/104
f 165/104 290/87 270/75
f 39/1933 71/1935 40/1931
f 259/1551 257/1553 21/1545
f 252/1559 257/1553 259/1551
f 259/278 254/260 258/236
f 288/1958 289/1961 287/1963
f 86/1493 87/1509 65/1494
f 356/1631 359/1630 355/1640
f 359/1630 368/1644 355/1640
f 353/1646 347/1641 355/1640
f 283/1544 244/1538 18/1533
f 353/1646 355/1640 345/1650
f 330/303 394/332 1625/345
f 337/2053 326/2051 345/2052
f 338/2287 348/2288 394/2289
f 247/172 285/197 280/220
f 284/145 280/220 285/197
f 1410/237 280/220 1411/261
f 173/1 157/3 182/4
f 1457/224 27/242 1458/265
f 261/1810 236/1813 265/1806
f 186/13 183/17 271/27
f 167/81 199/93 166/68
f 247/172 258/236 253/219
f 278/123 277/122 298/177
f 244/1538 17/1530 18/1533
f 312/98 277/122 273/86
f 284/145 286/142 291/102
f 207/14 176/29 178/19
f 185/1861 152/1852 150/1859
f 189/2 190/8 606/10
f 129/1186 423/1197 417/1194
f 357/1647 337/1648 368/1644
f 307/1193 103/1198 79/1183
f 103/1198 102/1202 79/1183
f 126/1213 115/1207 1432/1223
f 388/1294 390/1284 1374/1299
f 386/1306 389/1300 388/1294
f 384/1290 125/1304 103/1298
f 362/1616 360/1622 361/1626
f 356/1631 371/1623 359/1630
f 394/2289 348/2288 1614/2290
f 336/1656 339/1653 358/1652
f 357/1647 358/1652 339/1653
f 337/1648 357/1647 339/1653
f 308/1524 346/1521 332/1523
f 327/289 334/331 338/316
f 326/2051 327/2048 345/2052
f 350/137 315/95 341/164
f 282/119 294/118 256/84
f 164/112 151/66 260/92
f 282/119 281/100 1414/141
f 274/59 312/98 273/86
f 289/1961 288/1958 29/1960
f 278/123 292/103 273/86
f 297/1831 55/1840 51/1838
f 51/1838 39/1835 297/1831
f 321/1517 316/1513 248/1497
f 292/103 278/123 284/145
f 278/123 276/201 279/178
f 260/92 166/68 208/111
f 261/107 223/61 236/89
f 313/45 272/34 271/27
f 191/25 241/51 177/39
f 168/23 155/42 159/31
f 13/1479 66/1476 67/1478
f 304/199 302/176 303/144
f 1405/202 279/178 1457/224
f 279/178 276/201 250/223
f 347/1510 346/1521 275/1516
f 275/1516 10/1502 347/1510
f 12/1503 10/1502 275/1516
f 221/2178 219/2175 220/2177
f 35/2142 54/2141 213/2145
f 52/1992 32/1990 56/1983
f 294/118 212/140 210/99
f 219/1820 221/1817 232/1816
f 298/1982 277/1986 56/1983
f 281/100 225/88 1357/128
f 218/76 223/61 269/47
f 183/17 184/35 271/27
f 222/60 269/47 184/35
f 293/1824 263/1826 1696/1827
f 1700/1828 293/1824 1716/1829
f 265/1806 237/1808 234/1796
f 236/1813 237/1808 265/1806
f 1429/2172 250/2167 1431/2170
f 165/104 229/124 150/147
f 53/97 214/58 210/99
f 212/1842 211/1837 210/1839
f 69/1484 215/1495 248/1497
f 216/1512 12/1503 275/1516
f 245/2194 253/2192 17/2193
f 107/1660 111/1663 85/1662
f 67/1478 11/1487 15/1488
f 245/196 244/174 246/120
f 247/172 245/196 246/120
f 17/2193 244/2195 245/2194
f 14/1496 13/1479 68/1489
f 197/57 323/43 186/13
f 176/29 177/39 194/50
f 192/62 179/38 194/50
f 241/51 192/62 177/39
f 186/13 240/32 191/25
f 157/3 168/23 159/31
f 176/29 207/14 175/20
f 166/68 159/31 156/56
f 155/42 156/56 159/31
f 208/111 166/68 199/93
f 148/587 47/583 200/591
f 151/66 165/104 150/147
f 151/66 164/112 165/104
f 180/2109 206/2105 160/2107
f 207/14 174/5 198/9
f 198/9 175/20 207/14
f 150/1859 152/1852 149/1855
f 735/623 49/609 145/624
f 106/606 82/611 105/618
f 140/1821 141/1822 266/1823
f 122/1200 127/1195 123/1191
f 118/2281 122/2282 107/2283
f 82/611 5/608 7/614
f 67/1478 72/1472 96/1481
f 91/1492 88/1507 95/1500
f 24/1528 74/1536 19/1532
f 76/1480 95/1500 86/1493
f 78/1563 1087/1566 112/1568
f 75/1560 1087/1566 78/1563
f 1087/1566 75/1560 1442/1565
f 297/1831 211/1837 55/1840
f 213/1843 54/1846 55/1840
f 25/1542 73/1547 74/1536
f 24/1528 25/1542 74/1536
f 44/1540 20/1546 23/1549
f 39/1835 58/1832 297/1831
f 22/1550 21/1545 257/1553
f 22/1550 20/1546 21/1545
f 211/1837 213/1843 55/1840
f 399/687 522/702 524/712
f 51/1838 55/1840 30/1844
f 1060/438 1084/439 1038/440
f 932/775 910/770 879/766
f 836/1139 832/1140 841/1141
f 935/525 934/507 937/503
f 1460/2128 668/2129 1461/2130
f 1015/505 939/487 994/513
f 850/1157 835/1151 811/1152
f 774/1338 775/1339 1754/1340
f 797/1128 804/1123 798/1132
f 787/1351 786/1360 795/1355
f 1462/792 901/793 1463/794
f 798/1387 819/1390 810/1378
f 795/1355 776/1343 787/1351
f 811/1152 836/1139 784/1158
f 777/1178 794/1179 785/1176
f 776/1343 785/1361 794/1359
f 825/1363 782/1353 779/1357
f 806/1163 811/1152 784/1158
f 807/1370 827/1364 788/1376
f 798/1387 803/1377 799/1382
f 1672/1107 826/1111 1722/1116
f 866/560 845/573 875/579
f 800/1166 806/1163 784/1158
f 831/1143 835/1151 850/1157
f 1060/438 1033/445 1064/446
f 803/1377 808/1372 799/1382
f 520/703 527/692 974/714
f 885/756 883/767 505/763
f 844/1160 833/1144 846/1155
f 527/692 509/669 1071/701
f 678/869 876/870 867/853
f 845/1135 846/1125 875/1130
f 871/910 873/894 843/895
f 889/533 892/512 915/521
f 856/576 887/563 849/562
f 922/532 865/553 923/545
f 1086/511 921/494 950/485
f 959/1404 1030/1405 929/1406
f 898/848 863/822 862/838
f 855/776 858/784 504/772
f 911/771 910/770 886/782
f 955/831 961/842 956/824
f 908/2092 899/2093 1029/2094
f 689/649 763/661 99/658
f 1030/1405 927/1408 929/1406
f 906/801 953/809 1466/805
f 878/543 923/545 864/561
f 889/533 888/544 892/512
f 847/1109 856/1108 849/1117
f 1086/948 924/921 925/938
f 960/1410 928/1407 945/1412
f 1029/2094 899/2093 926/2095
f 502/777 504/772 858/784
f 919/904 930/887 918/897
f 951/1885 975/1886 914/1887
f 962/833 963/825 1469/844
f 1009/700 990/721 1071/701
f 939/487 1015/505 997/486
f 987/466 948/496 939/487
f 867/853 898/848 862/838
f 953/809 906/801 943/808
f 983/843 984/858 986/851
f 756/462 773/492 1034/483
f 756/462 1034/483 1035/472
f 1047/1030 1035/1029 1034/1054
f 1040/455 1037/444 1043/452
f 988/857 1028/864 1023/871
f 971/930 1039/952 942/941
f 1085/1429 1076/1426 1056/1427
f 1085/913 1081/899 1076/905
f 963/825 964/818 985/832
f 1024/880 1081/899 770/906
f 1060/438 1020/441 1033/445
f 948/496 987/466 940/506
f 1074/676 1067/699 1073/690
f 763/661 726/679 99/658
f 1067/699 1074/676 1070/698
f 99/658 1078/689 1074/676
f 1078/689 1070/698 1074/676
f 998/743 1013/738 999/737
f 1004/1421 1055/1425 1021/1424
f 1075/881 982/866 1017/872
f 101/639 99/658 510/659
f 99/658 1074/676 510/659
f 1068/730 999/737 1066/719
f 510/659 1074/676 1073/690
f 1073/690 1067/699 1009/700
f 999/497 1068/478 1072/488
f 510/659 1010/677 509/669
f 1069/469 1072/488 1068/478
f 1062/450 1068/478 1007/467
f 1012/720 1067/699 1066/719
f 1062/450 1069/469 1068/478
f 1067/699 1012/720 1009/700
f 1064/446 1031/456 1063/459
f 1038/440 1020/441 1060/438
f 1053/443 1037/444 1038/440
f 986/851 985/832 983/843
f 1023/871 1022/878 1027/879
f 1057/989 1055/988 1025/978
f 1019/865 1024/880 1017/872
f 1064/446 1065/442 1060/438
f 1065/442 1079/447 1084/439
f 1024/880 1075/881 1017/872
f 981/868 1082/874 1475/883
f 1081/899 1018/888 1076/905
f 1024/880 1018/888 1081/899
f 997/486 1069/469 1031/456
f 1069/469 1063/459 1031/456
f 1064/446 1063/459 1062/450
f 1070/698 1078/689 1077/705
f 1066/719 1070/698 1077/705
f 999/737 1013/738 1066/719
f 1061/458 745/468 1065/442
f 1061/458 1007/467 746/479
f 1063/459 1069/469 1062/450
f 723/451 1079/447 1065/442
f 99/658 100/640 689/649
f 1021/898 1076/905 1018/888
f 753/493 754/491 755/463
f 1079/447 1053/443 1084/439
f 1027/879 1021/898 1018/888
f 1052/1016 1058/1001 1054/1000
f 1045/977 1025/978 1049/966
f 1076/1426 1021/1424 1055/1425
f 1055/1425 1056/1427 1076/1426
f 1057/989 1025/978 1058/1001
f 1058/1001 1045/977 1054/1000
f 1055/1425 1057/1428 1056/1427
f 766/501 773/492 765/500
f 1037/444 1053/443 1043/452
f 1054/1000 1048/976 1052/1016
f 1053/443 756/462 1043/452
f 1025/978 1045/977 1058/1001
f 1044/958 1051/940 1050/965
f 1047/1030 1052/1016 1036/999
f 756/462 1035/472 1043/452
f 1042/987 1046/975 1043/998
f 1039/475 950/485 1041/465
f 1038/440 1037/444 1020/441
f 1035/1029 1047/1030 1036/999
f 1050/965 1048/976 1044/958
f 1031/456 1033/445 1032/457
f 1075/881 1083/890 686/873
f 1030/856 959/850 682/830
f 952/834 962/833 1470/852
f 927/2096 1030/2100 682/2099
f 1023/871 1028/864 957/855
f 957/855 1028/864 961/842
f 961/842 1028/864 988/857
f 1023/871 1027/879 1019/865
f 1022/878 1021/898 1027/879
f 1025/978 1055/988 1026/959
f 1022/1422 1004/1421 1021/1424
f 1024/880 1019/865 1018/888
f 988/857 1023/871 1019/865
f 1049/966 1059/950 1044/958
f 1003/448 1037/444 1040/455
f 1039/952 1046/975 1050/965
f 1039/475 973/495 950/485
f 941/922 942/941 1051/940
f 919/904 916/903 924/921
f 1041/465 950/485 969/473
f 1039/952 1050/965 1051/940
f 1036/999 1042/987 1043/998
f 1042/987 1036/999 1048/976
f 1039/475 1040/455 1046/471
f 1040/455 1039/475 1041/465
f 1048/976 1045/977 1044/958
f 1046/975 1042/987 1050/965
f 1046/471 1040/455 1043/452
f 1040/455 1041/465 1003/448
f 1044/958 1059/950 1051/940
f 1002/454 1016/449 1020/441
f 1049/966 1025/978 1026/959
f 1000/942 1001/951 1026/959
f 1049/966 1044/958 1045/977
f 1048/976 1054/1000 1045/977
f 1026/1423 1055/1425 1004/1421
f 1020/441 1037/444 1003/448
f 1023/871 957/855 989/863
f 1022/878 1023/871 989/863
f 988/857 1019/865 983/843
f 968/931 1051/940 1059/950
f 992/476 1031/456 1032/457
f 1026/959 1001/951 1049/966
f 1051/940 968/931 941/922
f 926/2095 927/2096 1029/2094
f 1001/951 968/931 1059/950
f 1049/966 1001/951 1059/950
f 1026/1423 1004/1421 1000/1419
f 1001/951 967/932 968/931
f 1000/1419 1004/1421 958/1418
f 1003/448 965/464 1002/454
f 1001/951 1000/942 967/932
f 965/464 970/474 1002/454
f 958/1418 947/1417 1000/1419
f 945/923 967/932 1000/942
f 1086/948 972/939 924/921
f 998/514 999/497 997/486
f 994/513 951/524 977/535
f 993/523 995/536 998/514
f 995/536 993/523 977/535
f 977/1888 996/1896 995/1899
f 993/523 1015/505 994/513
f 939/487 997/486 992/476
f 939/487 992/476 987/466
f 930/1411 945/1412 928/1407
f 913/1897 912/1893 975/1886
f 938/2138 940/2139 987/2140
f 900/804 903/813 943/808
f 986/851 984/858 979/860
f 980/845 985/832 986/851
f 1469/844 980/845 1471/859
f 988/857 983/843 961/842
f 980/845 963/825 985/832
f 982/866 984/858 983/843
f 956/824 985/832 964/818
f 979/860 981/868 980/845
f 1472/867 978/875 1480/882
f 978/875 980/845 981/868
f 979/860 980/845 986/851
f 983/843 1017/872 982/866
f 983/843 985/832 956/824
f 1016/449 1002/454 987/466
f 1032/457 987/466 992/476
f 998/743 1011/731 1013/738
f 1009/700 1011/731 995/732
f 997/486 1015/505 998/514
f 995/732 1011/731 998/743
f 995/732 990/721 1009/700
f 1012/720 1013/738 1011/731
f 1031/456 992/476 997/486
f 1009/700 1012/720 1011/731
f 1010/677 1073/690 1009/700
f 509/669 1010/677 1008/691
f 1005/713 974/714 527/692
f 592/662 590/682 725/681
f 932/1890 914/1887 975/1886
f 914/1887 976/1891 977/1888
f 975/1886 935/1892 913/1897
f 976/1891 914/1887 881/1895
f 975/1886 951/1885 933/1889
f 953/809 962/833 952/834
f 953/809 952/834 1479/826
f 514/725 520/703 974/714
f 994/513 939/487 951/524
f 949/484 969/473 950/485
f 894/1415 930/1411 896/1409
f 893/1902 913/1897 936/1901
f 945/1412 947/1417 946/1416
f 908/817 944/823 943/808
f 941/922 971/930 942/941
f 937/503 948/496 940/506
f 938/477 937/503 940/506
f 937/503 938/477 921/494
f 993/523 994/513 977/535
f 977/1888 951/1885 914/1887
f 939/487 934/507 933/515
f 975/1886 912/1893 932/1890
f 930/887 894/862 917/877
f 916/903 931/896 877/911
f 1000/1419 947/1417 945/1412
f 966/912 930/887 919/904
f 916/903 877/911 920/920
f 872/937 925/938 920/920
f 971/930 941/922 919/904
f 925/520 872/542 922/532
f 972/939 973/949 971/930
f 950/485 973/495 972/504
f 925/938 924/921 920/920
f 971/930 919/904 924/921
f 949/484 921/494 970/474
f 968/931 966/912 941/922
f 966/912 967/932 945/923
f 965/464 969/473 949/484
f 917/877 874/885 931/896
f 950/485 921/494 949/484
f 930/887 966/912 945/923
f 966/912 968/931 967/932
f 943/808 903/813 908/817
f 943/808 964/818 953/809
f 953/809 963/825 962/833
f 944/823 908/817 682/830
f 917/877 894/862 876/870
f 895/2098 926/2095 897/2097
f 1029/841 682/830 908/817
f 944/823 961/842 955/831
f 945/1412 946/1416 960/1410
f 954/849 944/823 681/840
f 900/804 943/808 906/801
f 947/1417 958/1418 946/1416
f 681/1413 960/1410 946/1416
f 961/842 954/849 957/855
f 681/840 957/855 954/849
f 964/818 943/808 956/824
f 944/823 955/831 943/808
f 955/831 956/824 943/808
f 961/842 944/823 954/849
f 989/863 957/855 681/840
f 863/822 907/816 859/812
f 953/809 964/818 963/825
f 901/793 906/801 1467/799
f 905/807 861/811 859/812
f 853/803 861/811 905/807
f 857/783 891/790 887/791
f 904/798 853/803 905/807
f 853/803 904/798 854/800
f 899/829 908/817 907/816
f 906/801 901/793 904/798
f 854/800 902/795 1468/797
f 904/798 905/807 900/804
f 902/795 854/800 904/798
f 902/795 904/798 901/793
f 907/816 863/822 899/829
f 900/804 905/807 859/812
f 900/804 906/801 904/798
f 897/2097 926/2095 899/2093
f 928/1407 896/1409 930/1411
f 897/839 863/822 898/848
f 907/816 900/804 859/812
f 863/822 897/839 899/829
f 896/1409 895/1414 894/1415
f 903/813 900/804 907/816
f 908/817 903/813 907/816
f 928/1407 929/1406 896/1409
f 927/1408 895/1414 896/1409
f 1029/2094 927/2096 682/2099
f 926/2095 895/2098 927/2096
f 866/560 865/553 872/542
f 931/896 873/894 877/911
f 937/503 892/512 936/522
f 917/877 876/870 874/885
f 847/1109 828/1112 500/1088
f 855/1094 856/1108 851/1102
f 917/877 918/897 930/887
f 874/885 873/894 931/896
f 925/520 922/532 921/494
f 871/910 844/919 870/929
f 923/545 915/521 922/532
f 871/910 872/937 920/920
f 916/903 920/920 924/921
f 922/532 915/521 921/494
f 894/862 867/853 876/870
f 895/854 898/848 894/862
f 916/903 919/904 918/897
f 918/897 917/877 916/903
f 931/896 916/903 917/877
f 892/512 937/503 921/494
f 892/512 921/494 915/521
f 936/1901 913/1897 935/1892
f 936/522 892/512 893/534
f 833/1144 829/1148 846/1155
f 915/521 923/545 878/543
f 891/790 886/782 893/789
f 879/1894 881/1895 914/1887
f 913/1897 893/1902 912/1893
f 912/781 886/782 910/770
f 910/770 932/775 912/781
f 933/1889 935/1892 975/1886
f 886/782 912/781 893/789
f 910/770 911/771 880/762
f 849/562 887/563 890/554
f 892/512 891/546 893/534
f 864/561 848/575 849/562
f 878/543 890/554 889/533
f 891/546 888/544 887/563
f 886/782 857/783 911/771
f 513/745 885/756 505/763
f 914/1887 932/1890 879/1894
f 513/745 514/725 884/734
f 885/756 513/745 882/749
f 884/734 882/749 513/745
f 911/771 883/767 880/762
f 881/755 880/762 882/749
f 879/766 910/770 880/762
f 863/822 860/821 862/838
f 855/1094 909/1097 500/1088
f 499/1096 500/1088 852/1100
f 816/1106 852/1100 500/1088
f 860/821 859/812 861/811
f 855/776 857/783 856/787
f 853/803 854/800 1485/806
f 869/815 853/803 1486/810
f 851/1102 909/1097 855/1094
f 864/561 849/562 878/543
f 873/894 871/910 877/911
f 867/853 862/838 838/837
f 830/1120 875/1130 846/1125
f 870/568 866/560 872/542
f 866/560 875/579 830/574
f 873/894 874/885 678/869
f 870/929 872/937 871/910
f 865/553 922/532 872/542
f 870/1169 844/1160 845/1165
f 853/803 869/815 861/811
f 837/827 839/836 869/815
f 869/815 839/836 838/837
f 860/821 868/828 862/838
f 868/828 860/821 869/815
f 838/837 842/861 867/853
f 867/853 842/861 678/869
f 837/827 869/815 1487/820
f 836/1139 839/1146 837/1150
f 843/895 844/919 871/910
f 846/1125 829/1115 830/1120
f 847/1109 851/1102 856/1108
f 816/1106 820/1113 814/1110
f 866/560 864/561 865/553
f 864/561 830/574 848/575
f 923/545 865/553 864/561
f 832/1140 831/1143 829/1148
f 848/1118 847/1109 849/1117
f 847/1109 848/1118 828/1112
f 844/1160 846/1155 845/1165
f 845/573 866/560 870/568
f 843/1159 833/1144 844/1160
f 843/895 678/869 679/886
f 840/1149 833/1144 679/1154
f 833/1144 843/1159 679/1154
f 838/1142 841/1141 842/1145
f 842/1145 841/1141 840/1149
f 840/876 678/869 842/861
f 836/1139 838/1142 839/1146
f 838/837 868/828 869/815
f 841/1141 838/1142 836/1139
f 833/1144 832/1140 829/1148
f 831/1143 832/1140 836/1139
f 834/1147 835/1151 831/1143
f 829/1115 828/1112 830/1120
f 848/1118 830/1120 828/1112
f 500/1088 828/1112 816/1106
f 852/1100 816/1106 814/1110
f 815/1105 499/1096 852/1100
f 851/1102 847/1109 500/1088
f 500/1088 858/1091 855/1094
f 909/1097 851/1102 500/1088
f 500/1088 502/1089 858/1091
f 1490/1156 837/1150 1491/1161
f 831/1143 836/1139 834/1147
f 776/1343 778/1347 787/1351
f 831/1143 850/1157 817/1153
f 818/1164 817/1153 850/1157
f 811/1152 835/1151 834/1147
f 811/1152 805/1167 818/1164
f 818/1164 850/1157 811/1152
f 836/1139 811/1152 834/1147
f 784/1158 836/1139 1489/1162
f 774/1338 780/1342 775/1339
f 1724/1368 825/1363 1728/1373
f 823/1352 782/1353 825/1363
f 783/1349 779/1357 782/1353
f 827/1364 823/1352 1731/1369
f 807/1370 809/1356 827/1364
f 796/1114 822/1119 826/1111
f 793/1380 827/1364 1732/1375
f 787/1351 778/1347 809/1356
f 788/1376 827/1364 793/1380
f 1722/1116 822/1119 1737/1127
f 826/1111 499/1096 815/1105
f 852/1100 814/1110 815/1105
f 818/1122 805/1126 820/1113
f 829/1115 817/1121 816/1106
f 831/1143 817/1153 829/1148
f 828/1112 829/1115 816/1106
f 804/1123 819/1133 798/1132
f 810/1171 819/1174 805/1167
f 817/1121 818/1122 816/1106
f 820/1113 815/1105 814/1110
f 816/1106 818/1122 820/1113
f 820/1113 796/1114 815/1105
f 815/1105 796/1114 826/1111
f 791/1385 797/1391 799/1382
f 810/1378 803/1377 798/1387
f 805/1126 819/1133 804/1123
f 805/1126 804/1123 820/1113
f 810/1171 806/1163 800/1166
f 784/1158 795/1173 786/1170
f 809/1356 808/1372 801/1367
f 788/1376 789/1381 807/1370
f 807/1370 789/1381 808/1372
f 801/1367 802/1362 809/1356
f 809/1356 802/1362 787/1351
f 800/1366 787/1351 802/1362
f 786/1170 800/1166 784/1158
f 805/1167 811/1152 806/1163
f 796/1114 820/1113 804/1123
f 810/1171 805/1167 806/1163
f 810/1378 801/1367 803/1377
f 800/1366 802/1362 801/1367
f 801/1367 810/1378 800/1366
f 801/1367 808/1372 803/1377
f 808/1372 789/1381 799/1382
f 797/1391 798/1387 799/1382
f 789/1381 791/1385 799/1382
f 797/1128 796/1114 804/1123
f 797/1391 791/1385 812/1395
f 790/1392 824/1398 813/1399
f 821/1394 792/1386 1738/1397
f 824/1398 790/1392 821/1394
f 790/1392 813/1399 812/1395
f 812/1124 813/1129 822/1119
f 824/1134 822/1119 813/1129
f 822/1119 796/1114 812/1124
f 812/1124 796/1114 797/1128
f 823/1352 778/1347 781/1345
f 824/1398 821/1394 1742/1402
f 792/1386 793/1380 1735/1389
f 788/1376 793/1380 792/1386
f 775/1339 780/1342 781/1345
f 788/1376 792/1386 791/1385
f 812/1395 791/1385 790/1392
f 792/1386 790/1392 791/1385
f 791/1385 789/1381 788/1376
f 779/2234 783/2235 1718/2236
f 800/1366 786/1360 787/1351
f 784/1158 777/1178 785/1176
f 780/1342 783/1349 781/1345
f 781/1345 782/1353 823/1352
f 825/2303 779/2304 1745/2305
f 783/2235 780/2242 1748/2241
f 776/1343 775/1339 778/1347
f 780/2242 774/2244 1720/2243
f 776/1343 795/1355 785/1361
f 784/1158 785/1176 795/1173
f 1465/1177 784/1158 1494/1175
f 1496/1181 777/1178 1497/1182
f 1493/1354 794/1359 1498/1365
f 773/492 756/462 764/482
f 725/681 763/661 592/662
f 738/340 662/366 739/367
f 625/2043 655/2044 700/2045
f 737/397 631/405 599/391
f 579/2203 558/2204 586/2205
f 1043/998 1035/1029 1036/999
f 567/139 560/117 556/96
f 689/649 100/640 83/629
f 1073/690 1010/677 510/659
f 1077/705 1068/730 1066/719
f 768/666 767/665 769/685
f 764/482 754/491 765/500
f 759/490 724/460 760/489
f 755/463 764/482 756/462
f 746/708 1007/727 731/706
f 752/510 754/491 753/493
f 396/628 750/634 749/642
f 745/468 746/479 648/480
f 742/426 744/422 743/406
f 8/622 729/630 772/637
f 83/629 690/644 689/649
f 685/1064 684/1066 683/1046
f 944/823 682/830 681/840
f 679/886 678/869 840/876
f 677/1694 674/1695 650/1696
f 692/2004 693/2005 717/2006
f 727/908 728/889 687/901
f 725/681 771/704 726/679
f 724/460 594/470 723/451
f 1499/2150 668/2151 1500/2152
f 1155/962 715/982 714/970
f 712/2209 713/2210 666/2211
f 709/399 711/389 710/395
f 708/1903 707/1904 706/1905
f 704/2071 692/2072 705/2073
f 660/1706 703/1719 589/1707
f 654/1074 700/1057 699/1069
f 1186/1698 677/1694 698/1702
f 651/1704 650/1696 696/1699
f 589/1707 695/1720 694/1713
f 602/915 601/918 670/902
f 665/1022 667/983 666/1010
f 920/920 877/911 871/910
f 561/293 571/274 537/256
f 1501/1750 570/1751 1502/1752
f 569/307 583/347 572/334
f 549/1760 533/1766 568/1763
f 569/1756 568/1763 583/1769
f 582/1773 583/1769 568/1763
f 540/295 562/325 1505/339
f 625/572 623/567 624/578
f 621/566 623/567 622/558
f 620/294 550/324 551/298
f 577/226 619/267 618/245
f 659/1712 1157/1700 1111/1711
f 616/1024 1130/993 617/1036
f 613/249 615/250 614/228
f 611/646 612/664 201/656
f 195/69 560/117 610/114
f 607/352 609/351 608/380
f 603/550 605/539 604/557
f 1098/1867 597/1868 596/1869
f 1205/538 661/528 636/548
f 654/552 656/519 655/559
f 195/69 1253/94 653/70
f 746/708 649/695 648/696
f 642/1038 641/1031 639/1055
f 639/2186 641/2187 640/2188
f 595/461 594/470 593/481
f 590/682 592/662 591/670
f 564/2206 558/2204 579/2203
f 539/255 571/274 557/291
f 559/216 555/138 1628/192
f 565/348 570/322 1632/335
f 569/307 561/293 570/322
f 563/234 571/274 539/255
f 569/1756 528/1753 549/1760
f 572/334 558/318 569/307
f 572/334 583/347 585/358
f 567/139 559/216 534/194
f 535/218 563/234 539/255
f 589/1707 588/1701 587/1697
f 571/274 569/307 557/291
f 585/358 586/373 572/334
f 584/394 582/374 1513/402
f 562/2214 581/2215 584/2216
f 586/373 585/358 580/387
f 580/2219 584/2216 581/2215
f 582/374 585/358 583/347
f 1511/2217 584/2216 1514/2220
f 562/2214 579/2218 581/2215
f 586/2223 580/2219 579/2218
f 580/2219 581/2215 579/2218
f 532/1759 533/1766 549/1760
f 553/116 555/138 556/96
f 553/116 352/136 349/167
f 196/82 556/96 195/69
f 558/318 557/291 569/307
f 555/138 554/166 556/96
f 556/96 196/82 553/116
f 567/139 555/138 559/216
f 566/168 567/139 534/194
f 534/194 559/216 1638/235
f 564/290 538/273 539/255
f 539/255 557/291 564/290
f 537/256 571/274 563/234
f 569/307 571/274 561/293
f 1632/335 561/293 1634/321
f 564/290 541/306 538/273
f 540/295 541/306 562/325
f 569/1756 549/1760 568/1763
f 541/306 540/295 538/273
f 535/218 539/255 538/273
f 1640/275 534/194 1642/276
f 536/1762 531/1767 532/1759
f 528/1753 529/1755 532/1759
f 1635/309 537/256 1636/320
f 532/1759 531/1767 530/1770
f 529/1755 528/1753 1501/1750
f 532/1759 529/1755 536/1762
f 1521/1789 547/1790 1524/1792
f 528/1753 532/1759 549/1760
f 530/1770 531/1767 544/1771
f 533/1766 548/1775 1516/1781
f 544/1771 548/1775 530/1770
f 543/1791 547/1790 542/1787
f 1524/1792 543/1791 1526/1793
f 544/1771 536/1762 545/1776
f 533/1766 530/1770 548/1775
f 545/1776 546/1782 544/1771
f 544/1771 531/1767 536/1762
f 1527/2056 542/2057 1528/2058
f 664/207 566/168 577/226
f 568/1763 533/1766 1529/1774
f 196/82 352/136 553/116
f 1091/381 711/389 709/399
f 631/405 1251/420 630/424
f 1251/420 647/404 1510/423
f 630/424 1251/420 1531/427
f 567/139 566/168 560/117
f 1186/1698 674/1695 677/1694
f 577/226 535/218 578/257
f 1253/94 610/114 1244/131
f 627/338 609/351 550/324
f 578/257 620/294 619/267
f 1263/161 610/114 560/117
f 1268/187 1263/161 1260/208
f 1263/161 664/207 1260/208
f 628/300 629/287 1241/251
f 1123/354 662/366 738/340
f 1103/326 1123/354 738/340
f 1461/2156 1198/2153 1541/2158
f 599/391 663/369 662/366
f 1542/414 1090/390 1543/411
f 736/1062 1129/1053 1226/1052
f 737/397 647/404 1238/415
f 1250/363 600/382 1246/365
f 168/638 201/656 1120/645
f 617/342 1107/313 1114/355
f 647/404 1251/420 1238/415
f 1267/40 1230/21 680/30
f 600/382 599/391 662/366
f 1103/326 607/352 1250/363
f 1266/301 1256/244 629/287
f 626/1051 616/1024 1262/1049
f 747/1078 634/1071 1266/1077
f 1257/311 738/340 1132/328
f 599/391 600/382 737/397
f 1245/91 1255/64 1270/110
f 1118/185 1119/229 1256/244
f 1103/326 1257/311 1261/299
f 1260/208 1089/246 1258/247
f 1104/162 614/228 1117/210
f 614/228 1104/162 613/249
f 631/405 743/406 599/391
f 644/15 193/6 606/10
f 610/114 1253/94 195/69
f 1117/210 614/228 615/250
f 242/44 323/43 653/70
f 1104/162 1105/209 1259/227
f 625/572 654/552 623/567
f 700/1057 654/1074 625/1079
f 606/10 1234/28 1232/37
f 1110/327 1257/311 1132/328
f 636/548 1267/565 604/557
f 664/207 618/245 1089/246
f 323/43 195/69 653/70
f 1097/571 1248/577 621/566
f 1101/1070 1162/1063 700/1057
f 1232/37 680/30 606/10
f 654/552 655/559 623/567
f 1265/2264 1270/2265 758/2266
f 637/556 1230/570 1267/565
f 1097/571 621/566 603/550
f 1245/91 1270/110 1265/77
f 669/11 201/16 157/3
f 600/382 1250/363 737/397
f 608/380 710/395 711/389
f 623/567 621/566 1248/577
f 1117/210 1269/268 1241/251
f 615/250 613/249 1243/285
f 1269/1727 1109/1723 1240/1726
f 1118/185 624/155 1244/131
f 1257/311 1243/285 1261/299
f 629/287 628/300 1107/313
f 1104/162 610/114 1268/187
f 551/298 1264/283 619/267
f 1088/248 613/249 1104/162
f 1503/361 652/350 1544/376
f 1545/362 627/338 1546/378
f 1104/162 1118/185 1244/131
f 627/338 550/324 620/294
f 551/298 619/267 620/294
f 748/284 551/298 1261/299
f 1088/248 1264/283 551/298
f 556/96 554/166 567/139
f 1264/283 618/245 619/267
f 1536/323 540/295 1547/336
f 534/194 535/218 566/168
f 195/69 556/96 560/117
f 577/226 566/168 535/218
f 610/114 1104/162 1244/131
f 615/250 1269/268 1117/210
f 1269/1727 615/1725 1109/1723
f 761/502 656/519 752/510
f 1093/1050 1249/1061 1222/1068
f 1241/251 1240/286 628/300
f 566/168 664/207 1263/161
f 1101/1070 625/1079 624/1081
f 1109/1723 1111/1711 1115/1718
f 1111/1711 1164/1705 1115/1718
f 629/287 1256/244 1241/251
f 757/2246 1255/2247 1232/2248
f 610/114 1263/161 1268/187
f 693/2078 692/2072 718/2075
f 1132/328 1122/341 1110/327
f 1108/2196 1116/2197 1121/2198
f 1103/326 1250/363 1246/365
f 615/1725 1111/1711 1109/1723
f 1266/1077 634/1071 635/1065
f 1095/109 1096/63 1245/91
f 1252/48 653/70 1265/77
f 747/2159 1222/2160 685/2161
f 1132/328 1106/330 628/300
f 1266/1077 635/1065 1162/1063
f 599/391 626/383 663/369
f 1265/77 1254/49 1252/48
f 1245/91 1096/63 1255/64
f 622/1075 625/1079 1101/1070
f 1252/48 1254/49 1234/28
f 622/2046 655/2044 625/2043
f 629/1073 1093/1050 1222/1068
f 1118/185 1100/225 1101/206
f 629/1073 1222/1068 747/1078
f 680/30 1233/52 1096/63
f 603/550 621/566 1217/551
f 605/539 1204/549 604/557
f 1255/2224 757/2225 758/2226
f 310/78 179/38 192/62
f 639/2166 1169/2164 1249/2165
f 631/405 1124/421 743/406
f 691/1908 1163/1914 1172/1911
f 623/567 655/559 622/558
f 747/2159 685/2161 697/2162
f 1091/381 1090/390 1250/363
f 626/1051 712/1037 616/1024
f 697/1058 635/1065 634/1071
f 642/1038 639/1055 1249/1061
f 623/567 1248/577 624/578
f 1093/1050 642/1038 1249/1061
f 1250/363 607/352 1091/381
f 702/1876 1161/1874 596/1869
f 1548/396 608/380 1549/388
f 652/350 620/294 1535/337
f 1549/388 609/351 1553/379
f 1123/354 1103/326 1246/365
f 1552/410 710/395 1556/409
f 1247/398 709/399 1554/413
f 1108/2196 1122/2199 1239/2200
f 600/382 1123/354 1246/365
f 1237/425 630/424 1534/430
f 540/295 578/257 538/273
f 1090/390 1247/398 1532/403
f 1237/425 1124/421 631/405
f 617/342 1114/355 1262/368
f 620/294 652/350 627/338
f 535/218 538/273 578/257
f 609/351 607/352 550/324
f 551/298 1103/326 1261/299
f 748/284 1261/299 613/249
f 1105/209 1268/187 1260/208
f 1260/208 1258/247 1105/209
f 664/207 1089/246 1260/208
f 702/1876 703/1878 1161/1874
f 1089/246 618/245 1264/283
f 1088/248 1259/227 1258/247
f 748/284 1088/248 551/298
f 613/249 1088/248 748/284
f 1104/162 1259/227 1088/248
f 1110/327 1243/285 1257/311
f 615/2258 1242/2259 1111/2260
f 613/249 1261/299 1243/285
f 1107/313 1093/329 629/287
f 1256/244 1119/229 1241/251
f 1117/210 1241/251 1119/229
f 629/1073 747/1078 1266/1077
f 1132/328 1239/312 1122/341
f 1114/355 1107/313 1094/343
f 662/366 663/369 739/367
f 1162/1063 1100/1076 1256/1080
f 1256/1080 1266/1077 1162/1063
f 624/155 1118/185 1101/206
f 1204/549 1205/538 636/548
f 1096/63 1233/52 1255/64
f 624/578 1248/577 1097/571
f 1244/131 624/155 1097/90
f 1254/2249 757/2246 1232/2248
f 758/2250 757/2246 1254/2249
f 1265/2251 758/2250 1254/2249
f 1252/2022 1235/2019 310/2021
f 179/2020 310/2021 1235/2019
f 653/70 1095/109 1245/91
f 653/2117 1113/2116 314/2114
f 314/71 242/44 653/70
f 1235/2019 1231/2016 178/2018
f 179/2020 1235/2019 178/2018
f 1095/109 1253/94 1244/131
f 603/65 1096/63 1097/90
f 1265/77 653/70 1245/91
f 1132/328 1094/343 1106/330
f 1256/244 1100/225 1118/185
f 615/2258 1243/2261 1242/2259
f 1243/2261 1110/2262 1242/2259
f 628/300 1240/286 1239/312
f 628/300 1239/312 1132/328
f 608/380 711/389 607/352
f 709/399 1247/398 1091/381
f 1090/390 647/404 737/397
f 1251/420 631/405 1238/415
f 1124/421 1237/425 1236/428
f 680/30 1230/21 606/10
f 743/406 1225/416 712/400
f 1231/18 1235/36 1234/28
f 1232/37 1255/64 1233/52
f 606/10 193/6 189/2
f 1126/694 1221/683 644/707
f 643/564 644/569 1230/570
f 1225/416 743/406 744/422
f 638/653 611/646 201/656
f 1229/635 145/624 1120/645
f 671/909 670/902 601/918
f 644/15 1228/24 669/11
f 157/3 193/6 669/11
f 1151/1008 665/1022 1223/1035
f 1223/1035 1224/1027 1151/1008
f 1136/994 1142/971 1139/984
f 767/665 638/653 1227/671
f 669/11 1228/24 638/22
f 669/11 193/6 644/15
f 1229/635 1120/645 611/646
f 744/1012 742/1039 1131/1011
f 646/1025 645/1040 1226/1052
f 201/16 669/11 638/22
f 1227/671 1228/684 1221/683
f 712/2209 1225/2212 713/2210
f 1215/547 643/564 1216/555
f 644/707 1221/683 1228/684
f 742/1039 645/1040 1131/1011
f 646/1025 1226/1052 1135/1041
f 1225/1043 1224/1027 1223/1035
f 1224/1027 633/995 1153/1023
f 744/1012 1224/1027 1225/1043
f 637/556 643/564 1230/570
f 1267/565 636/548 637/556
f 1222/2160 1249/2165 1169/2164
f 1130/993 616/1024 666/1010
f 1131/1011 646/1025 1136/994
f 1130/993 666/1010 667/983
f 641/1031 683/1046 640/1059
f 666/2211 713/2210 1223/2213
f 666/1010 616/1024 712/1037
f 1135/1041 1226/1052 1129/1053
f 633/995 632/1009 1153/1023
f 1140/963 1142/971 672/946
f 661/528 1216/555 637/556
f 644/569 643/564 1215/547
f 1221/683 769/685 767/665
f 1215/728 1126/694 644/707
f 637/556 1216/555 643/564
f 759/490 1220/499 593/481
f 1165/2163 685/2161 1222/2160
f 611/646 1092/636 735/623
f 1120/645 145/624 168/638
f 145/624 1229/635 735/623
f 763/661 690/644 749/642
f 1077/705 1219/716 1068/730
f 1065/442 724/460 723/451
f 1007/727 732/717 731/706
f 1079/447 723/451 595/461
f 745/468 1061/458 746/479
f 1219/716 732/717 1007/727
f 1062/450 1061/458 1065/442
f 1078/689 726/679 1077/705
f 726/679 763/661 725/681
f 771/704 1077/705 726/679
f 1219/716 1077/705 771/704
f 99/658 726/679 1078/689
f 1068/730 1219/716 1007/727
f 1007/467 1061/458 1062/450
f 745/468 724/460 1065/442
f 693/2005 730/2008 717/2006
f 773/492 764/482 765/500
f 1187/518 766/501 765/500
f 762/517 656/519 761/502
f 755/463 1053/443 1218/453
f 723/451 594/470 595/461
f 575/933 1192/968 1184/960
f 1218/453 1053/443 1079/447
f 755/463 754/491 764/482
f 730/2008 1195/2010 676/2014
f 690/644 763/661 689/649
f 724/460 745/468 648/480
f 690/644 83/629 396/628
f 741/498 740/527 1127/516
f 763/661 749/642 592/662
f 593/481 753/493 755/463
f 755/463 595/461 593/481
f 1217/551 622/558 656/519
f 741/686 648/696 734/673
f 749/642 690/644 396/628
f 1214/651 591/670 592/662
f 749/642 1214/651 592/662
f 590/682 649/695 746/708
f 590/682 746/708 731/706
f 590/682 734/673 649/695
f 1211/663 734/673 590/682
f 648/696 733/709 734/673
f 648/480 760/489 724/460
f 574/1021 573/1003 1200/1044
f 1187/518 765/500 752/510
f 754/491 752/510 765/500
f 740/674 741/686 1213/655
f 1201/531 752/510 656/519
f 593/481 724/460 759/490
f 1206/509 762/517 1220/499
f 752/510 1177/530 1187/518
f 1201/531 1177/530 752/510
f 1174/1032 1177/1060 1201/1056
f 656/519 699/541 1201/531
f 574/1021 1188/1047 1190/1034
f 1141/945 1143/928 602/915
f 593/481 1220/499 761/502
f 761/502 753/493 593/481
f 762/517 761/502 1220/499
f 717/2006 716/2011 1014/2012
f 676/1715 698/1702 716/1716
f 1213/655 1208/667 740/674
f 734/673 1213/655 741/686
f 1112/647 1213/655 772/637
f 1208/667 1213/655 1112/647
f 1210/652 750/634 1212/643
f 750/634 8/622 1212/643
f 1211/663 1213/655 734/673
f 734/673 733/709 649/695
f 1214/651 749/642 750/634
f 649/695 733/709 648/696
f 759/490 760/489 1202/508
f 1212/643 772/637 1213/655
f 1202/508 1206/509 759/490
f 1206/509 1220/499 759/490
f 658/961 715/982 1155/962
f 396/628 8/622 750/634
f 1210/652 1212/643 1211/663
f 1213/655 1211/663 1212/643
f 8/622 772/637 1212/643
f 1125/526 1127/516 740/527
f 683/1046 641/1031 1145/1019
f 656/519 1209/540 1217/551
f 656/2047 700/2045 655/2044
f 762/517 1209/540 656/519
f 751/1033 1185/1045 700/1057
f 1201/1056 699/1069 700/1057
f 1092/636 1207/654 1112/647
f 1202/508 741/498 1127/516
f 1112/647 1207/654 1208/667
f 1125/672 1208/667 1207/654
f 661/528 1206/509 1202/508
f 1101/1070 700/1057 622/1075
f 656/580 622/581 700/582
f 1125/526 1126/537 1202/508
f 1205/538 1204/549 1203/529
f 1126/537 661/528 1202/508
f 1206/509 661/528 1205/538
f 1203/529 1204/549 605/539
f 1217/551 1209/540 603/550
f 661/528 1215/547 1216/555
f 735/623 1229/635 611/646
f 45/615 735/623 729/630
f 735/623 1092/636 729/630
f 45/615 729/630 8/622
f 1137/956 1138/985 1558/972
f 602/915 688/934 720/944
f 1006/917 727/908 1561/927
f 673/926 671/909 1143/928
f 673/926 1137/956 1559/957
f 1143/928 671/909 601/918
f 1196/1993 708/1994 1182/1995
f 657/954 1155/962 602/915
f 720/944 657/954 602/915
f 1006/917 728/889 727/908
f 1083/890 687/901 686/873
f 1189/1020 1178/1005 1191/991
f 1178/1005 1175/1018 1176/980
f 1196/1993 675/1996 676/1998
f 1014/2012 1197/2009 717/2006
f 1185/1045 1174/1032 1201/1056
f 1195/1999 1196/1993 676/1998
f 1180/1909 1170/1906 1172/1911
f 676/1715 675/1721 1179/1709
f 1034/1054 1188/1047 1047/1030
f 1156/2079 701/2074 1183/2077
f 701/2074 705/2073 1183/2077
f 1199/2007 692/2004 717/2006
f 1183/2013 1197/2009 1014/2012
f 1183/2013 1199/2007 1197/2009
f 717/2006 1197/2009 1199/2007
f 692/2072 1199/2076 705/2073
f 693/2001 718/2002 719/1997
f 1179/1709 1186/1698 698/1702
f 730/2008 716/2011 717/2006
f 721/914 688/934 602/915
f 706/1905 707/1904 704/1907
f 1176/980 1191/991 1178/1005
f 1194/953 1173/967 720/944
f 693/2005 1195/2010 730/2008
f 693/2001 719/1997 1195/1999
f 716/1716 698/1702 1014/1708
f 1184/960 1194/953 575/933
f 1057/989 573/1003 1192/968
f 719/1997 1196/1993 1195/1999
f 1173/967 1194/953 1184/960
f 676/2014 716/2011 730/2008
f 1182/1995 675/1996 1196/1993
f 698/1702 676/1715 1179/1709
f 575/933 576/943 1193/924
f 1176/980 1192/968 1191/991
f 1178/1005 1189/1020 1174/1032
f 1179/1709 675/1721 1182/1722
f 1189/1020 1191/991 1190/1034
f 1189/1020 1187/1048 1174/1032
f 1014/1708 588/1701 1156/1714
f 1189/1020 1188/1047 1187/1048
f 1191/991 574/1021 1190/1034
f 1052/1016 1047/1030 1200/1044
f 1080/900 1024/880 770/906
f 1058/1001 1052/1016 573/1003
f 1134/979 1057/989 1192/968
f 1187/1048 1188/1047 766/1067
f 1200/1044 573/1003 1052/1016
f 1200/1044 1047/1030 1188/1047
f 722/925 770/906 1193/924
f 671/909 673/926 727/908
f 722/925 1193/924 576/943
f 1188/1047 574/1021 1200/1044
f 1080/900 670/902 1075/881
f 722/925 721/914 770/906
f 770/906 1081/899 1085/913
f 1080/900 770/906 721/914
f 1024/880 1080/900 1075/881
f 670/902 1083/890 1075/881
f 720/944 688/934 576/943
f 1191/991 1192/968 1133/1006
f 688/934 721/914 722/925
f 670/902 1080/900 602/915
f 576/943 575/933 1194/953
f 1194/953 720/944 576/943
f 573/1003 1133/1006 1192/968
f 576/943 688/934 722/925
f 1080/900 721/914 602/915
f 727/908 687/901 671/909
f 1082/874 686/873 728/889
f 728/889 686/873 687/901
f 687/901 1083/890 671/909
f 1121/1920 1171/1917 1098/1919
f 703/1719 695/1720 589/1707
f 704/2003 707/2000 718/2002
f 1171/1917 651/1918 1172/1911
f 1172/1911 1163/1914 1171/1917
f 691/1908 1170/1906 706/1905
f 1116/1717 1164/1705 651/1704
f 691/1908 706/1905 1160/1910
f 1168/1002 1144/1017 1147/969
f 683/1046 751/1033 697/1058
f 1144/1017 1166/1007 1147/969
f 683/1046 684/1066 640/1059
f 751/1033 1145/1019 1167/1004
f 1111/1872 596/1869 1161/1874
f 714/970 1166/1007 1130/993
f 667/983 714/970 1130/993
f 641/1031 1168/1002 1146/990
f 1165/1082 684/1083 685/1084
f 1164/1705 650/1696 651/1704
f 589/1707 587/1697 660/1706
f 1121/1920 1116/1921 651/1918
f 696/1915 1172/1911 651/1918
f 1098/1919 1171/1917 1163/1914
f 597/1916 1098/1919 1163/1914
f 691/1908 597/1916 1163/1914
f 700/1057 1162/1063 751/1033
f 659/1877 1111/1872 1161/1874
f 597/1868 1159/1871 596/1869
f 660/1706 1157/1700 659/1712
f 702/1876 596/1869 1158/1873
f 1159/1871 1158/1873 596/1869
f 703/1878 1102/1880 695/1882
f 1160/1875 701/1879 702/1876
f 702/1876 1158/1873 1160/1875
f 700/1057 1185/1045 1201/1056
f 1102/1880 701/1879 1156/1883
f 1157/1700 587/1697 650/1696
f 660/1706 587/1697 1157/1700
f 650/1696 587/1697 677/1694
f 1156/1714 588/1701 694/1713
f 588/1701 589/1707 694/1713
f 588/1701 677/1694 587/1697
f 1160/1910 1159/1913 691/1908
f 1159/1913 597/1916 691/1908
f 1176/980 1175/1018 1167/1004
f 706/1905 1170/1906 708/1903
f 674/1695 1186/1698 1181/1703
f 696/1699 674/1695 1181/1703
f 1174/1032 1185/1045 1167/1004
f 1180/1909 1172/1911 696/1915
f 695/1882 1102/1880 694/1884
f 708/1903 1170/1906 1180/1909
f 1149/1954 1184/1955 1146/1956
f 704/1907 1160/1910 706/1905
f 1199/2076 1183/2077 705/2073
f 694/1884 1102/1880 1156/1883
f 718/2075 692/2072 704/2071
f 1160/1875 704/1881 701/1879
f 704/2071 705/2073 701/2074
f 707/2000 708/1994 719/1997
f 1014/1708 698/1702 677/1694
f 1156/2015 1183/2013 1014/2012
f 719/1997 708/1994 1196/1993
f 1180/1710 696/1699 1181/1703
f 1186/1698 1179/1709 1181/1703
f 1182/1722 1180/1710 1179/1709
f 1180/1909 1182/1912 708/1903
f 1187/1048 1177/1060 1174/1032
f 1176/980 1167/1004 1146/990
f 1170/1906 691/1908 1172/1911
f 1167/1004 1175/1018 1174/1032
f 1155/962 657/954 658/961
f 1174/1032 1175/1018 1178/1005
f 1167/1004 1185/1045 751/1033
f 1147/969 1173/967 1149/981
f 720/944 1173/967 1147/969
f 1176/980 1146/990 1184/960
f 1149/1954 1146/1956 1168/1957
f 1173/967 1184/960 1149/981
f 668/2129 598/2131 1570/2133
f 1147/969 715/982 658/961
f 673/926 1143/928 672/946
f 1573/974 1150/996 1574/1013
f 1141/945 1140/963 672/946
f 1147/969 1149/981 1168/1002
f 1143/928 601/918 602/915
f 1148/955 1141/945 602/915
f 1140/963 714/970 667/983
f 1147/969 1166/1007 714/970
f 1146/990 1145/1019 641/1031
f 641/1031 642/1038 1144/1017
f 1168/1002 641/1031 1144/1017
f 683/1046 1145/1019 751/1033
f 1155/962 1148/955 602/915
f 1137/956 672/946 1575/964
f 658/961 657/954 720/944
f 672/946 1142/971 1573/974
f 1142/971 1140/963 1139/984
f 1143/928 1141/945 672/946
f 1138/985 1137/956 1577/986
f 673/926 672/946 1137/956
f 1128/1026 1150/996 1136/994
f 1136/994 1135/1041 1128/1026
f 1153/1023 1151/1008 1224/1027
f 667/983 1152/992 1140/963
f 1148/955 714/970 1140/963
f 1140/963 1141/945 1148/955
f 1154/2084 736/2085 1579/2086
f 1151/1008 1153/1023 1152/992
f 1153/1023 632/1009 1152/992
f 1140/963 633/995 1139/984
f 1140/963 632/1009 633/995
f 1142/971 1136/994 1150/996
f 665/1022 1151/1008 667/983
f 667/983 1151/1008 1152/992
f 632/1009 1140/963 1152/992
f 1139/984 1131/1011 1136/994
f 1131/1011 1139/984 744/1012
f 933/515 951/524 939/487
f 937/503 936/522 935/525
f 1060/438 1065/442 1084/439
f 509/669 1008/691 1071/701
f 1005/713 1071/701 991/724
f 935/525 933/515 934/507
f 966/912 919/904 941/922
f 883/767 911/771 855/776
f 869/815 860/821 861/811
f 878/543 849/562 890/554
f 859/812 860/821 863/822
f 972/504 1086/511 950/485
f 1086/511 925/520 921/494
f 996/1896 991/1900 995/1899
f 878/543 889/533 915/521
f 681/1413 959/1404 960/1410
f 681/1413 958/1418 989/1420
f 1009/700 1008/691 1010/677
f 1072/488 1069/469 997/486
f 1561/927 673/926 1564/947
f 527/692 1071/701 1005/713
f 1067/699 1070/698 1066/719
f 1066/719 1013/738 1012/720
f 1031/456 1064/446 1033/445
f 1057/989 1058/1001 573/1003
f 1473/884 981/868 1477/892
f 686/873 982/866 1075/881
f 991/724 990/721 995/732
f 979/860 984/858 1082/874
f 686/873 1082/874 984/858
f 984/858 982/866 686/873
f 1082/874 981/868 979/860
f 1476/893 728/889 1583/907
f 1065/442 1064/446 1062/450
f 998/514 1015/505 993/523
f 1085/913 1193/924 770/906
f 575/933 1134/979 1192/968
f 1085/1429 1056/1427 1057/1428
f 1020/441 1016/449 1033/445
f 1032/457 1033/445 1016/449
f 1004/1421 1022/1422 989/1420
f 1048/976 1036/999 1052/1016
f 1038/440 1084/439 1053/443
f 573/1003 574/1021 1133/1006
f 1027/879 1018/888 1019/865
f 1051/940 942/941 1039/952
f 1002/454 1020/441 1003/448
f 1039/952 971/930 973/949
f 1042/987 1048/976 1050/965
f 1003/448 1041/465 969/473
f 1002/454 970/474 938/477
f 1019/865 1017/872 983/843
f 989/1420 958/1418 1004/1421
f 1003/448 969/473 965/464
f 970/474 965/464 949/484
f 961/842 983/843 956/824
f 991/1900 996/1896 976/1891
f 991/1900 976/1891 884/1898
f 928/1407 960/1410 959/1404
f 928/1407 959/1404 929/1406
f 987/466 1002/454 938/477
f 1016/449 987/466 1032/457
f 999/497 1072/488 997/486
f 1034/483 773/492 766/501
f 1009/700 1071/701 1008/691
f 1005/713 991/724 884/734
f 514/725 974/714 1005/713
f 884/734 514/725 1005/713
f 948/496 934/507 939/487
f 881/1895 884/1898 976/1891
f 977/1888 976/1891 996/1896
f 948/496 937/503 934/507
f 892/512 888/544 891/546
f 938/477 970/474 921/494
f 924/921 972/939 971/930
f 898/848 895/854 897/839
f 681/1413 946/1416 958/1418
f 898/848 867/853 894/862
f 857/783 887/791 856/787
f 857/783 886/782 891/790
f 929/1406 927/1408 896/1409
f 887/563 888/544 890/554
f 888/544 889/533 890/554
f 881/755 882/749 884/734
f 880/762 883/767 885/756
f 880/762 881/755 879/766
f 885/756 882/749 880/762
f 504/772 883/767 855/776
f 504/772 505/763 883/767
f 911/771 857/783 855/776
f 843/895 873/894 678/869
f 874/885 876/870 678/869
f 838/837 862/838 868/828
f 841/1141 833/1144 840/1149
f 841/1141 832/1140 833/1144
f 830/574 864/561 866/560
f 781/1345 778/1347 775/1339
f 823/1352 827/1364 809/1356
f 782/1353 781/1345 783/1349
f 822/1119 824/1134 1743/1137
f 809/1356 778/1347 823/1352
f 807/1370 808/1372 809/1356
f 821/1394 790/1392 792/1386
f 631/405 630/424 1237/425
f 1132/328 738/340 739/367
f 646/1025 1135/1041 1136/994
f 725/681 731/706 732/717
f 653/70 1253/94 1095/109
f 634/1071 747/1078 697/1058
f 959/850 681/840 682/830
f 603/65 604/53 680/30
f 756/462 1053/443 755/463
f 650/1696 674/1695 696/1699
f 1167/1004 1145/1019 1146/990
f 1223/1035 665/1022 666/1010
f 569/1756 570/1751 528/1753
f 536/1762 552/1783 545/1776
f 1513/1778 568/1763 1530/1779
f 553/116 349/167 1637/193
f 542/2057 545/2066 1627/2065
f 532/1759 530/1770 533/1766
f 1231/18 1234/28 606/10
f 1097/90 1095/109 1244/131
f 604/557 1204/549 636/548
f 1230/21 644/15 606/10
f 1217/551 621/566 622/558
f 1090/390 737/397 1250/363
f 1263/161 560/117 566/168
f 618/245 664/207 577/226
f 633/995 744/1012 1139/984
f 646/1025 1131/1011 645/1040
f 680/30 1232/37 1233/52
f 567/139 554/166 555/138
f 541/2208 564/2206 579/2203
f 562/2214 541/2222 579/2218
f 572/2207 586/2205 558/2204
f 535/218 534/194 563/234
f 537/256 563/234 534/194
f 557/291 558/318 564/290
f 580/387 582/374 584/394
f 582/374 580/387 585/358
f 1629/165 553/116 1644/191
f 546/1782 547/1790 548/1775
f 548/1775 544/1771 546/1782
f 542/1787 547/1790 546/1782
f 546/1782 545/1776 542/1787
f 1236/428 736/431 1124/421
f 736/431 645/429 1124/421
f 645/429 742/426 1124/421
f 626/383 599/391 712/400
f 607/352 711/389 1091/381
f 619/267 577/226 578/257
f 620/294 578/257 540/295
f 1240/286 1241/251 1269/268
f 600/382 662/366 1123/354
f 1108/2196 1121/2198 1122/2199
f 1110/2201 1122/2199 1121/2198
f 599/391 743/406 712/400
f 201/656 612/664 1120/645
f 680/30 604/53 1267/40
f 738/340 1257/311 1103/326
f 1117/210 1119/229 1118/185
f 1115/1718 1116/1717 1108/1724
f 1114/355 663/369 626/383
f 626/383 1262/368 1114/355
f 617/1036 1262/1049 616/1024
f 320/2115 1113/2116 310/2118
f 751/1033 635/1065 697/1058
f 1111/2260 1242/2259 1110/2262
f 772/637 729/630 1112/647
f 1112/647 729/630 1092/636
f 1124/421 742/426 743/406
f 1232/37 1234/28 1254/49
f 1099/2263 1111/2260 1110/2262
f 617/342 1093/329 1107/313
f 736/431 1236/428 1537/434
f 663/369 1114/355 1094/343
f 1108/1724 1240/1726 1109/1723
f 1094/343 1107/313 1106/330
f 1268/187 1105/209 1104/162
f 551/298 550/324 1103/326
f 1117/210 1118/185 1104/162
f 607/352 1103/326 550/324
f 648/480 741/498 760/489
f 1258/247 1259/227 1105/209
f 1096/63 603/65 680/30
f 702/1876 701/1879 1102/1880
f 758/2226 1270/2227 1255/2224
f 1099/1870 596/1869 1111/1872
f 1108/1724 1109/1723 1115/1718
f 1110/2201 1121/2198 1099/2202
f 1157/1700 1164/1705 1111/1711
f 1101/1070 1100/1076 1162/1063
f 1098/1867 596/1869 1099/1870
f 1096/63 1095/109 1097/90
f 1094/343 1132/328 739/367
f 739/367 663/369 1094/343
f 1235/36 1252/48 1234/28
f 603/550 1209/540 762/517
f 762/517 605/539 603/550
f 768/666 1207/654 1092/636
f 310/2118 1113/2116 653/2117
f 637/556 636/548 661/528
f 1107/313 628/300 1106/330
f 633/995 1224/1027 744/1012
f 1090/390 1091/381 1247/398
f 1539/432 1237/425 1557/433
f 1258/247 1089/246 1088/248
f 1264/283 1088/248 1089/246
f 653/2117 1252/2119 310/2118
f 314/2114 1113/2116 320/2115
f 737/397 1238/415 631/405
f 1231/18 606/10 190/8
f 642/1038 1093/1050 1130/993
f 1093/1050 617/1036 1130/993
f 1120/645 612/664 611/646
f 1228/684 1227/671 638/653
f 1226/1052 645/1040 736/1062
f 1129/1053 1128/1026 1135/1041
f 741/498 1202/508 760/489
f 767/665 1227/671 1221/683
f 1225/2212 1223/2213 713/2210
f 1202/508 1127/516 1125/526
f 769/685 1221/683 1126/694
f 1206/509 1205/538 1203/529
f 1125/672 1207/654 768/666
f 1222/2160 1169/2164 1165/2163
f 725/681 1219/716 771/704
f 732/717 1219/716 725/681
f 575/933 1193/924 1085/913
f 595/461 1218/453 1079/447
f 1218/453 595/461 755/463
f 724/460 593/481 594/470
f 1189/1020 1190/1034 1188/1047
f 731/706 725/681 590/682
f 740/674 1208/667 1125/672
f 1214/651 1210/652 591/670
f 1206/509 1203/529 762/517
f 590/682 591/670 1211/663
f 753/493 761/502 752/510
f 750/634 1210/652 1214/651
f 1211/2284 591/2285 1210/2286
f 656/519 654/552 699/541
f 1125/672 769/685 1126/694
f 1092/636 611/646 638/653
f 767/665 1092/636 638/653
f 767/665 768/666 1092/636
f 1203/529 605/539 762/517
f 661/528 1126/537 1215/547
f 1125/672 768/666 769/685
f 1083/890 670/902 671/909
f 1184/960 1192/968 1176/980
f 719/1997 718/2002 707/2000
f 1188/1047 1034/1054 766/1067
f 574/1021 1191/991 1133/1006
f 1134/1430 575/1431 1085/1429
f 1057/1428 1134/1430 1085/1429
f 728/889 1006/917 1568/916
f 1160/1875 1158/1873 1159/1871
f 1165/2163 1169/2164 639/2166
f 639/2186 640/2188 1165/2189
f 1099/1922 1121/1920 1098/1919
f 1130/993 1166/1007 1144/1017
f 1165/1072 640/1059 684/1066
f 697/1058 685/1064 683/1046
f 1162/1063 635/1065 751/1033
f 651/1918 1171/1917 1121/1920
f 1102/1880 703/1878 702/1876
f 659/1877 1161/1874 703/1878
f 660/1706 659/1712 703/1719
f 588/1701 1014/1708 677/1694
f 650/1696 1164/1705 1157/1700
f 1180/1710 1181/1703 1179/1709
f 720/944 1147/969 658/961
f 715/982 1147/969 714/970
f 714/970 1148/955 1155/962
f 1150/2089 1154/2084 1580/2087
f 1128/1026 1129/1053 1154/1042
f 1129/1053 736/1062 1154/1042
f 1150/996 1128/1026 1154/1042
f 991/724 1071/701 990/721
f 1115/1718 1164/1705 1116/1717
f 1240/1726 1108/1724 1239/1728
f 642/1038 1130/993 1144/1017
f 1271/1244 426/1225 409/1224
f 1272/1251 450/1235 1271/1244
f 1273/1287 410/1273 413/1288
f 1274/1281 410/1273 1273/1287
f 1275/1301 413/1288 1276/1303
f 1276/1303 413/1288 1336/1297
f 1277/1444 441/1432 1330/1442
f 1278/1447 441/1432 1277/1444
f 1279/1307 416/1295 446/1312
f 1280/1314 446/1312 447/1317
f 1281/1458 473/1446 484/1453
f 1282/1462 484/1453 1310/1461
f 1283/1593 467/1588 1284/1590
f 1284/1590 467/1588 458/1586
f 1285/1739 494/1734 1286/1742
f 1286/1742 494/1734 492/1744
f 1287/2279 492/2276 1298/2278
f 1288/2280 492/2276 1287/2279
f 1289/1470 495/1452 1296/1468
f 1290/1471 493/1466 1289/1470
f 1291/1460 490/1457 1292/1464
f 1292/1464 490/1457 1281/1458
f 1293/1732 496/1730 494/1734
f 1294/1733 491/1731 1293/1732
f 1295/1736 494/1734 1285/1739
f 1296/1468 495/1452 1297/1465
f 1297/1465 495/1452 1291/1460
f 1298/2278 492/2276 1290/2277
f 1299/1746 492/1744 1288/1749
f 1300/1741 489/1735 1305/1740
f 1301/1743 474/1738 1300/1741
f 1302/1604 472/1605 1317/1607
f 1303/1602 460/1600 1302/1604
f 1304/1747 475/1745 1301/1743
f 1305/1740 489/1735 1306/1737
f 1306/1737 489/1735 1294/1733
f 1307/1592 458/1586 1321/1596
f 1308/1598 460/1600 1303/1602
f 1309/1455 477/1448 1311/1451
f 1310/1461 484/1453 1309/1455
f 1311/1451 477/1448 454/1445
f 1312/1327 444/1324 1327/1331
f 1313/1329 447/1317 1312/1327
f 1314/1609 475/1608 1304/1610
f 1315/1454 454/1445 1316/1450
f 1316/1450 454/1445 1278/1447
f 1317/1607 472/1605 1314/1609
f 1318/1594 457/1589 1308/1598
f 1319/1597 459/1591 1318/1594
f 1320/1595 459/1591 1322/1599
f 1321/1596 458/1586 1320/1595
f 1322/1599 459/1591 1319/1597
f 1323/1336 467/1335 1283/1337
f 1324/1320 447/1317 1325/1323
f 1325/1323 447/1317 1326/1326
f 1326/1326 447/1317 1313/1329
f 1327/1331 444/1324 445/1330
f 1328/1334 445/1330 1323/1336
f 1329/1259 440/1252 450/1235
f 1330/1442 441/1432 1329/1438
f 1331/1263 450/1235 1332/1258
f 1332/1258 450/1235 1272/1251
f 1333/1233 408/1214 1335/1243
f 1334/1242 409/1224 1333/1233
f 1335/1243 408/1214 1343/1234
f 1336/1297 413/1288 414/1292
f 1337/1302 414/1292 1279/1307
f 1338/1296 413/1288 1275/1301
f 1339/1276 410/1273 1274/1281
f 1340/1280 412/1270 1339/1276
f 1341/1286 412/1270 1340/1280
f 1342/1293 390/1284 1341/1286
f 1343/1234 408/1214 1344/1222
f 1344/1222 408/1214 135/1206
f 1345/1250 409/1224 1334/1242
f 1346/1212 135/1206 127/1195
f 1347/1578 115/1576 1435/1577
f 1348/1231 115/1207 1347/1241
f 1349/1555 73/1547 23/1549
f 1350/1562 75/1560 1349/1555
f 1351/1980 37/1978 1421/1981
f 1352/1976 37/1978 1351/1980
f 1353/1682 379/1684 377/1675
f 1354/1678 377/1675 378/1674
f 1355/393 324/357 1391/386
f 1356/152 226/150 1402/204
f 1357/128 225/88 1356/152
f 1358/127 225/88 268/105
f 1359/181 226/150 1358/127
f 1360/169 212/140 294/118
f 1361/195 294/118 1418/170
f 1362/277 252/296 258/236
f 1363/310 252/296 1362/277
f 1364/203 267/184 1365/154
f 1365/154 267/184 223/61
f 1366/1681 378/1674 1371/1686
f 1367/1629 379/1625 1368/1635
f 1368/1635 379/1625 1370/1638
f 1369/1634 360/1622 1367/1629
f 1370/1638 379/1625 1353/1642
f 1371/1319 378/1311 1376/1316
f 1372/1309 386/1306 388/1294
f 1373/1313 378/1311 1372/1309
f 1374/1299 390/1284 1342/1293
f 1375/1305 388/1294 1374/1299
f 1376/1316 378/1311 1373/1313
f 1377/1632 365/1627 361/1626
f 1378/1628 361/1626 360/1622
f 1379/1633 360/1622 1369/1634
f 1380/1636 365/1627 1377/1632
f 1381/1643 359/1630 1382/1639
f 1382/1639 359/1630 1380/1636
f 1383/1651 357/1647 359/1630
f 1384/1649 359/1630 1459/1645
f 1385/1655 358/1652 1387/1654
f 1386/1657 336/1656 1385/1655
f 1387/1654 358/1652 1383/1651
f 1388/1658 336/1656 1386/1657
f 1389/372 335/344 1390/384
f 1390/384 335/344 1388/370
f 1391/386 324/357 1389/372
f 1392/1968 311/1965 1360/1973
f 1393/1972 287/1963 1392/1968
f 1394/1847 71/1849 39/1835
f 1395/1938 71/1935 1394/1939
f 1396/2182 249/2181 1397/2184
f 1397/2310 249/2311 1433/2312
f 1398/259 258/236 247/172
f 1399/1979 287/1963 1400/1977
f 1400/1977 287/1963 1393/1972
f 1401/130 223/61 261/107
f 1402/204 226/150 1359/181
f 1403/264 276/201 1399/263
f 1404/281 251/241 1403/264
f 1405/202 284/145 279/178
f 1406/243 280/220 1405/202
f 1407/262 247/172 1410/237
f 1408/1557 257/1553 252/1559
f 1409/1561 22/1550 1408/1557
f 1410/237 247/172 280/220
f 1411/261 280/220 1412/266
f 1412/266 280/220 1406/243
f 1413/151 281/100 1357/128
f 1414/141 281/100 1413/151
f 1415/2143 35/2142 1446/2146
f 1416/2144 54/2141 1415/2143
f 1417/2148 30/2147 1416/2144
f 1418/170 294/118 282/119
f 1419/171 282/119 1414/141
f 1420/1934 40/1931 1444/1937
f 1421/1936 37/1928 1420/1934
f 1422/126 268/105 223/61
f 1423/149 268/105 1422/126
f 1424/180 223/61 1364/203
f 1425/1564 252/1559 1363/1567
f 1426/148 223/61 1424/180
f 1427/297 251/241 1404/281
f 1428/2313 249/2311 1429/2314
f 1429/2172 249/2173 250/2167
f 1430/2169 251/2168 1427/2171
f 1431/2170 250/2167 1430/2169
f 1432/1223 115/1207 1348/1231
f 1433/2312 249/2311 1428/2313
f 1434/1574 115/1576 112/1568
f 1435/1577 115/1576 1434/1574
f 1436/1221 127/1195 126/1213
f 1437/1232 126/1213 1438/1230
f 1438/1230 126/1213 1432/1223
f 1439/1571 112/1568 1087/1566
f 1440/1556 23/1549 1441/1552
f 1441/1552 23/1549 20/1546
f 1442/1565 75/1560 1350/1562
f 1443/2183 26/2180 1396/2182
f 1444/1937 40/1931 1395/1938
f 1445/1970 36/1966 1352/1976
f 1446/1975 35/1964 1445/1970
f 1447/2149 30/2147 1417/2148
f 1448/1841 51/1838 30/1844
f 1449/1848 30/1844 1447/1850
f 1450/2185 26/2180 1443/2183
f 1451/282 27/242 1450/280
f 1452/1554 20/1546 22/1550
f 1453/1558 22/1550 1409/1561
f 1454/1845 39/1835 1448/1841
f 1455/1572 1087/1566 1456/1569
f 1456/1569 1087/1566 1442/1565
f 1457/224 279/178 27/242
f 1458/265 27/242 1451/282
f 1459/1645 359/1630 1381/1643
f 1460/2128 598/2131 668/2129
f 1461/2156 668/2151 1198/2153
f 1754/1340 776/1343 1756/1346
f 1462/792 902/795 901/793
f 1463/794 901/793 1483/796
f 1464/1180 777/1178 1465/1177
f 1465/1177 777/1178 784/1158
f 1466/805 953/809 1481/814
f 1467/799 906/801 1466/805
f 1468/797 902/795 1462/792
f 1469/844 963/825 980/845
f 1470/852 962/833 1469/844
f 1471/859 980/845 1472/867
f 1472/867 980/845 978/875
f 1473/884 978/875 981/868
f 1474/891 978/875 1473/884
f 1475/883 1082/874 1476/893
f 1476/893 1082/874 728/889
f 1477/892 981/868 1475/883
f 1478/846 952/834 1470/852
f 1479/826 952/834 1478/846
f 1480/882 978/875 1474/891
f 1481/814 953/809 1482/819
f 1482/819 953/809 1479/826
f 1483/796 901/793 1467/799
f 1484/802 854/800 1468/797
f 1485/806 854/800 1484/802
f 1486/810 853/803 1485/806
f 1487/820 869/815 1486/810
f 1488/835 837/827 1487/820
f 1489/1162 836/1139 1490/1156
f 1490/1156 836/1139 837/1150
f 1491/847 837/827 1488/835
f 1492/1168 784/1158 1489/1162
f 1493/1354 776/1343 794/1359
f 1727/1350 1493/1354 1757/1358
f 1494/1175 784/1158 1495/1172
f 1495/1172 784/1158 1492/1168
f 1496/1181 794/1179 777/1178
f 1497/1182 777/1178 1464/1180
f 1498/1365 794/1359 1496/1371
f 1627/2065 552/2067 1648/2068
f 1499/2150 1198/2153 668/2151
f 1500/2152 668/2151 1572/2154
f 1501/1750 528/1753 570/1751
f 1502/1752 570/1751 1630/1754
f 1652/2228 565/2229 1653/2230
f 1503/361 627/338 652/350
f 1504/377 627/338 1503/361
f 1505/339 562/325 1515/353
f 1506/349 540/295 1505/339
f 1507/2134 598/2131 1569/2132
f 1508/2137 598/2131 1507/2134
f 1509/419 647/404 1542/414
f 1510/423 647/404 1509/419
f 1511/2217 562/2214 584/2216
f 1512/2221 562/2214 1511/2217
f 1513/1778 582/1773 568/1763
f 1514/408 584/394 1513/402
f 1515/353 562/325 1512/364
f 1516/1781 548/1775 1517/1786
f 1517/1786 548/1775 1521/1789
f 1518/1784 533/1766 1522/1788
f 1519/1780 533/1766 1518/1784
f 1520/1758 529/1755 1501/1750
f 1521/1789 548/1775 547/1790
f 1657/1777 536/1762 1658/1772
f 1522/1788 533/1766 1523/1785
f 1523/1785 533/1766 1516/1781
f 1524/1792 547/1790 543/1791
f 1525/2061 543/2059 1527/2056
f 1526/1793 543/1791 1525/1794
f 1643/1768 529/1755 1659/1765
f 1660/1761 1520/1758 1661/1764
f 1527/2056 543/2059 542/2057
f 1528/2058 542/2057 1584/2060
f 1529/1774 533/1766 1519/1780
f 1530/1779 568/1763 1529/1774
f 1531/427 1251/420 1510/423
f 1532/403 1247/398 1533/412
f 1533/412 1247/398 1555/418
f 1534/430 630/424 1531/427
f 1535/337 620/294 1536/323
f 1536/323 620/294 540/295
f 1537/434 1236/428 1538/437
f 1538/437 1236/428 1540/435
f 1539/432 1236/428 1237/425
f 1540/435 1236/428 1539/432
f 1541/2158 1198/2153 1567/2157
f 1542/414 647/404 1090/390
f 1543/411 1090/390 1532/403
f 1544/376 652/350 1550/360
f 1545/362 609/351 627/338
f 1546/378 627/338 1504/377
f 1547/336 540/295 1506/349
f 1548/396 710/395 608/380
f 1549/388 608/380 609/351
f 1550/360 652/350 1535/337
f 1551/417 709/399 1552/410
f 1552/410 709/399 710/395
f 1553/379 609/351 1545/362
f 1554/413 709/399 1551/417
f 1555/418 1247/398 1554/413
f 1556/409 710/395 1548/396
f 1557/433 1237/425 1534/430
f 1558/972 1138/985 1560/997
f 1559/957 1137/956 1558/972
f 1560/997 1138/985 1565/1015
f 1561/927 727/908 673/926
f 1562/936 1006/917 1561/927
f 1563/935 1006/917 1562/936
f 1564/947 673/926 1559/957
f 1565/1015 1138/985 1578/1014
f 1566/2155 1198/2153 1499/2150
f 1567/2157 1198/2153 1566/2155
f 1568/916 1006/917 1563/935
f 1569/2132 598/2131 1460/2128
f 1570/2133 598/2131 1571/2136
f 1571/2136 598/2131 1508/2137
f 1572/2135 668/2129 1570/2133
f 1573/974 1142/971 1150/996
f 1574/1013 1150/996 1582/1028
f 1575/964 672/946 1573/974
f 1576/973 1137/956 1575/964
f 1577/986 1137/956 1576/973
f 1578/1014 1138/985 1577/986
f 1579/2086 736/2085 1585/2088
f 1580/2087 1154/2084 1579/2086
f 1581/2090 1150/2089 1580/2087
f 1582/2091 1150/2089 1581/2090
f 1583/907 728/889 1568/916
f 1584/2060 542/2057 1645/2062
f 1585/436 736/431 1537/434
f 1586/2025 380/2024 1590/2028
f 1587/2026 383/2023 1586/2025
f 1588/2320 383/2321 1589/2322
f 1589/2322 383/2321 1597/2323
f 1590/2028 380/2024 1591/2031
f 1591/2031 380/2024 364/2030
f 1592/385 324/357 1355/393
f 1593/304 333/288 1622/317
f 1594/271 354/270 1593/304
f 1595/231 342/213 1620/253
f 1596/212 351/188 1595/231
f 1597/2323 383/2321 1587/2324
f 1598/2033 366/2029 1588/2032
f 1599/2035 364/2030 1606/2038
f 1600/2037 366/2029 1602/2040
f 1601/2034 366/2029 1600/2037
f 1602/2040 366/2029 1604/2041
f 1603/2325 366/2326 1598/2327
f 1604/2041 366/2029 1603/2042
f 1605/2036 364/2030 1601/2034
f 1606/2038 364/2030 1607/2039
f 1607/2039 364/2030 1605/2036
f 1608/190 350/137 1596/212
f 1609/217 349/167 1610/211
f 1610/211 349/167 344/163
f 1611/302 329/269 1621/315
f 1612/314 333/288 1611/302
f 1613/2315 348/2316 1616/2317
f 1614/2318 348/2316 1613/2315
f 1615/392 348/371 1592/385
f 1616/2317 348/2316 1615/2319
f 1617/230 344/163 1618/232
f 1618/232 344/163 1619/215
f 1619/215 344/163 1608/190
f 1620/253 342/213 1594/271
f 1621/315 329/269 330/303
f 1622/317 333/288 1612/314
f 1623/333 330/303 1626/346
f 1624/2291 394/2289 1614/2290
f 1625/2292 394/2289 1624/2291
f 1626/346 330/303 1625/345
f 1627/2065 545/2066 552/2067
f 1628/192 555/138 1629/165
f 1629/165 555/138 553/116
f 1630/2233 570/2231 1652/2228
f 1631/233 559/216 1628/192
f 1632/335 570/322 561/293
f 1633/359 565/348 1632/335
f 1634/321 561/293 1635/309
f 1635/309 561/293 537/256
f 1636/320 537/256 1655/319
f 1637/193 349/167 1609/217
f 1638/235 559/216 1631/233
f 1639/258 534/194 1638/235
f 1640/275 537/256 534/194
f 1641/292 537/256 1640/275
f 1642/276 534/194 1639/258
f 1643/1768 536/1762 529/1755
f 1644/191 553/116 1637/193
f 1645/2062 542/2057 1649/2064
f 1646/401 1355/393 1647/407
f 1648/2068 552/2067 1650/2069
f 1649/2064 542/2057 1627/2065
f 1650/2069 552/2067 1657/2070
f 1651/1757 1502/1752 1630/1754
f 1652/2228 570/2231 565/2229
f 1653/2230 565/2229 1654/2232
f 1654/375 565/348 1633/359
f 1655/319 537/256 1656/308
f 1656/308 537/256 1641/292
f 1657/1777 552/1783 536/1762
f 1658/1772 536/1762 1643/1768
f 1659/1765 529/1755 1660/1761
f 1660/1761 529/1755 1520/1758
f 1662/2063 1584/2060 1645/2062
f 1663/748 400/740 1687/754
f 1664/742 400/740 1663/748
f 1665/736 401/723 1664/742
f 1666/1093 499/1096 1673/1101
f 1667/1090 500/1088 1666/1093
f 1668/760 506/752 481/758
f 1669/764 478/747 1668/760
f 1670/769 481/758 1714/774
f 1671/1092 487/1087 1667/1090
f 1672/1107 499/1096 826/1111
f 1673/1101 499/1096 1672/1107
f 1674/1098 482/1095 1671/1092
f 1675/753 400/740 478/747
f 1676/761 478/747 1677/765
f 1677/765 478/747 1669/764
f 1678/1103 482/1095 1674/1098
f 1679/780 482/779 1678/788
f 1680/633 406/632 1681/650
f 1681/650 406/632 404/641
f 1682/688 403/675 1686/697
f 1683/693 405/668 1682/688
f 1684/660 404/641 405/668
f 1685/680 405/668 1683/693
f 1686/697 403/675 399/687
f 1687/754 400/740 1675/753
f 1688/710 399/687 398/718
f 1689/729 398/718 1715/735
f 1690/607 1/585 2/602
f 1691/612 2/602 1710/619
f 1692/599 200/591 47/583
f 1693/159 199/93 1692/134
f 1694/157 263/132 208/111
f 1695/186 208/111 1706/160
f 1696/1827 263/1826 1694/1830
f 1697/1811 295/1805 133/1799
f 1698/1815 261/1810 1697/1811
f 1699/1812 133/1799 233/1807
f 1700/1828 233/1825 293/1824
f 1701/183 261/107 1698/205
f 1702/596 48/586 1703/590
f 1703/590 48/586 1/585
f 1704/589 48/586 1702/596
f 1705/135 199/93 1693/159
f 1706/160 208/111 1705/135
f 1707/603 47/583 1708/595
f 1708/595 47/583 1704/589
f 1709/621 139/613 1711/627
f 1710/619 2/602 1709/621
f 1711/627 139/613 1680/633
f 1712/597 1/585 1713/604
f 1713/604 1/585 1690/607
f 1714/774 481/758 1679/780
f 1715/735 398/718 1665/736
f 1716/1829 293/1824 1696/1827
f 1717/1344 774/1338 1755/1341
f 1718/2236 783/2235 1719/2238
f 1719/2238 783/2235 1749/2240
f 1720/2243 774/2244 1721/2245
f 1721/1348 774/1338 1717/1344
f 1722/1116 826/1111 822/1119
f 1723/1374 823/1352 1724/1368
f 1724/1368 823/1352 825/1363
f 1725/1400 792/1386 1726/1396
f 1726/1396 792/1386 1736/1393
f 1727/1350 776/1343 1493/1354
f 1728/1373 825/1363 1730/1379
f 1729/2308 825/2303 1747/2306
f 1730/1379 825/1363 1729/1383
f 1731/1369 823/1352 1723/1374
f 1732/1375 827/1364 1731/1369
f 1733/1384 793/1380 1732/1375
f 1734/1388 793/1380 1733/1384
f 1735/1389 793/1380 1734/1388
f 1736/1393 792/1386 1735/1389
f 1737/1127 822/1119 1741/1131
f 1738/1397 792/1386 1725/1400
f 1739/1401 821/1394 1738/1397
f 1740/1403 821/1394 1739/1401
f 1741/1131 822/1119 1751/1136
f 1742/1402 821/1394 1740/1403
f 1743/1137 824/1134 1742/1138
f 1744/2307 779/2304 1750/2309
f 1745/2305 779/2304 1744/2307
f 1746/2237 779/2234 1718/2236
f 1747/2306 825/2303 1745/2305
f 1748/2241 780/2242 1720/2243
f 1749/2240 783/2235 1748/2241
f 1750/2239 779/2234 1746/2237
f 1751/1136 822/1119 1743/1137
f 1752/153 261/107 1701/183
f 1753/182 1401/130 1752/153
f 1754/1340 775/1339 776/1343
f 1755/1341 774/1338 1754/1340
f 1756/1346 776/1343 1727/1350
usemtl Tile_+031_+021_L20_0000030_untextured
