mtllib Tile_+031_+021_L19_000211.mtl
v 6.09859373e+03 5.15258235e+03 2.18403170e+01
v 6.10093280e+03 5.15214674e+03 2.16071590e+01
v 6.10027103e+03 5.15246966e+03 1.91558728e+01
v 6.09987574e+03 5.15370268e+03 1.45168212e+01
v 6.10217395e+03 5.15351211e+03 1.44314420e+01
v 6.10147445e+03 5.15095497e+03 1.52850690e+01
v 6.09924573e+03 5.15536457e+03 2.62815969e+01
v 6.09894145e+03 5.15573286e+03 2.52921407e+01
v 6.09359150e+03 5.14140000e+03 1.48998929e+01
v 6.09666391e+03 5.13905330e+03 1.50772529e+01
v 6.09446270e+03 5.13633797e+03 1.46643906e+01
v 6.09437896e+03 5.13424850e+03 1.59651876e+01
v 6.09369971e+03 5.13202473e+03 1.59549737e+01
v 6.09350828e+03 5.13448723e+03 1.51575715e+01
v 6.09572695e+03 5.13628386e+03 1.50436581e+01
v 6.09734335e+03 5.13548846e+03 1.50204854e+01
v 6.09830477e+03 5.13604855e+03 1.52066120e+01
v 6.09737553e+03 5.13547367e+03 1.67499638e+01
v 6.09826400e+03 5.14061680e+03 1.52705514e+01
v 6.09938553e+03 5.13578663e+03 1.50835494e+01
v 6.09495919e+03 5.13589783e+03 1.54452923e+01
v 6.09604057e+03 5.13605712e+03 1.80049474e+01
v 6.09827462e+03 5.13603711e+03 1.63669103e+01
v 6.09741562e+03 5.13603352e+03 1.79963299e+01
v 6.09492846e+03 5.13611192e+03 1.75273959e+01
v 6.09352656e+03 5.13244747e+03 1.81935394e+01
v 6.09444870e+03 5.13228342e+03 1.62301809e+01
v 6.09473225e+03 5.13427334e+03 1.74168095e+01
v 6.09700805e+03 5.13574180e+03 1.94016295e+01
v 6.10014833e+03 5.13577130e+03 1.66390798e+01
v 6.10043394e+03 5.13607836e+03 1.84849400e+01
v 6.10256756e+03 5.13575856e+03 1.81946658e+01
v 6.09558304e+03 5.13593222e+03 1.94357114e+01
v 6.09493840e+03 5.13554765e+03 2.00548310e+01
v 6.10135253e+03 5.13541124e+03 1.94244724e+01
v 6.09826128e+03 5.13682901e+03 1.87949263e+01
v 6.09738633e+03 5.13614732e+03 2.14951770e+01
v 6.09881076e+03 5.13690691e+03 2.12296077e+01
v 6.10054915e+03 5.13592611e+03 2.52802321e+01
v 6.10056705e+03 5.13589456e+03 2.15571503e+01
v 6.09983577e+03 5.13663639e+03 2.32851529e+01
v 6.09967175e+03 5.13672842e+03 1.81391141e+01
v 6.09431625e+03 5.13342686e+03 1.88626946e+01
v 6.09483215e+03 5.13524892e+03 2.27738026e+01
v 6.09498727e+03 5.13610105e+03 2.12756250e+01
v 6.09576931e+03 5.13590299e+03 2.25690735e+01
v 6.09453274e+03 5.13313830e+03 2.14012758e+01
v 6.09673892e+03 5.13576143e+03 2.30009803e+01
v 6.09518780e+03 5.13593083e+03 2.41520343e+01
v 6.09744667e+03 5.13599904e+03 2.55270947e+01
v 6.09479187e+03 5.13516923e+03 2.60477881e+01
v 6.09827401e+03 5.13680485e+03 2.35925229e+01
v 6.09447766e+03 5.13232690e+03 2.35145098e+01
v 6.09573956e+03 5.13581565e+03 2.64993224e+01
v 6.10181392e+03 5.13534804e+03 1.56234896e+01
v 6.10165943e+03 5.13705616e+03 1.49227741e+01
v 6.09444093e+03 5.13307826e+03 2.56857939e+01
v 6.09976378e+03 5.13686233e+03 2.53457763e+01
v 6.09811156e+03 5.13672194e+03 2.57425659e+01
v 6.10178040e+03 5.13568442e+03 2.60059884e+01
v 6.10134509e+03 5.13524373e+03 2.65425260e+01
v 6.09975721e+03 5.13652739e+03 2.67023938e+01
v 6.09833252e+03 5.13667985e+03 2.73441649e+01
v 6.10012948e+03 5.13594034e+03 2.65665506e+01
v 6.09755212e+03 5.13607171e+03 2.84037984e+01
v 6.10063401e+03 5.13580243e+03 2.87756476e+01
v 6.10128979e+03 5.13560806e+03 2.73775806e+01
v 6.09966395e+03 5.13694645e+03 2.86002610e+01
v 6.09654010e+03 5.13563880e+03 2.65318232e+01
v 6.09491823e+03 5.13375210e+03 2.69085152e+01
v 6.09473523e+03 5.13558014e+03 2.82150738e+01
v 6.09439789e+03 5.13325113e+03 2.87678061e+01
v 6.09941014e+03 5.13668025e+03 3.01101629e+01
v 6.10007571e+03 5.13599676e+03 2.98031527e+01
v 6.10144038e+03 5.13546525e+03 2.99132443e+01
v 6.10121791e+03 5.13574385e+03 3.09308412e+01
v 6.10042751e+03 5.13590252e+03 3.14907053e+01
v 6.09979587e+03 5.13669228e+03 3.12677781e+01
v 6.09901316e+03 5.13585281e+03 3.22835400e+01
v 6.10194942e+03 5.13562528e+03 3.23570162e+01
v 6.09611139e+03 5.13597009e+03 2.89822034e+01
v 6.09426348e+03 5.13232182e+03 2.96127079e+01
v 6.09360714e+03 5.13253957e+03 2.87526973e+01
v 6.09476248e+03 5.13524621e+03 3.00354278e+01
v 6.09563321e+03 5.13596431e+03 3.05301272e+01
v 6.09394586e+03 5.13201778e+03 2.66082335e+01
v 6.09841089e+03 5.13680132e+03 3.00166563e+01
v 6.09381021e+03 5.13192484e+03 3.20065529e+01
v 6.09861389e+03 5.13688323e+03 3.12687282e+01
v 6.09669860e+03 5.13578958e+03 2.99025679e+01
v 6.09481726e+03 5.13573291e+03 3.13218762e+01
v 6.09476855e+03 5.13529973e+03 3.20975810e+01
v 6.09552816e+03 5.13594362e+03 3.21934505e+01
v 6.09738692e+03 5.13590039e+03 3.17267293e+01
v 6.09479292e+03 5.13356029e+03 2.98186735e+01
v 6.09494861e+03 5.13346382e+03 3.26709584e+01
v 6.09446747e+03 5.13181868e+03 3.28850694e+01
v 6.09445507e+03 5.13213879e+03 3.16464500e+01
v 6.09552313e+03 5.13524893e+03 3.27582723e+01
v 6.09528323e+03 5.13356405e+03 3.34417522e+01
v 6.09403127e+03 5.13143905e+03 3.27692530e+01
v 6.09566893e+03 5.13520929e+03 3.34665605e+01
v 6.09912098e+03 5.12870349e+03 3.56252440e+01
v 6.10371865e+03 5.12539976e+03 3.43077392e+01
v 6.09766417e+03 5.12811740e+03 3.60285426e+01
v 6.09640180e+03 5.13046778e+03 3.49712863e+01
v 6.09869671e+03 5.12923043e+03 3.59335063e+01
v 6.10105582e+03 5.13107152e+03 3.52160817e+01
v 6.10241068e+03 5.13025026e+03 3.67461612e+01
v 6.10083553e+03 5.12924645e+03 3.69074275e+01
v 6.09765525e+03 5.13187883e+03 3.60098008e+01
v 6.09982654e+03 5.13018622e+03 3.59638580e+01
v 6.09891364e+03 5.13207184e+03 3.60282696e+01
v 6.09856475e+03 5.13367144e+03 3.53473358e+01
v 6.10048270e+03 5.13443641e+03 3.37356021e+01
v 6.10038831e+03 5.13315458e+03 3.51957135e+01
v 6.10183868e+03 5.13292730e+03 3.37657139e+01
v 6.10104204e+03 5.12888410e+03 3.57205062e+01
v 6.10325779e+03 5.12799461e+03 3.53795019e+01
v 6.10428292e+03 5.12654948e+03 3.47533615e+01
v 6.09562999e+03 5.12903629e+03 3.38796114e+01
v 6.09605928e+03 5.12718586e+03 3.49790304e+01
v 6.09629540e+03 5.13365244e+03 3.37378146e+01
v 6.09560438e+03 5.13153692e+03 3.36039160e+01
v 6.09482477e+03 5.13265836e+03 3.41123101e+01
v 6.09535329e+03 5.13225373e+03 3.64022211e+01
v 6.09523147e+03 5.13201330e+03 3.41307231e+01
v 6.09526691e+03 5.13278061e+03 3.38126868e+01
v 6.09535144e+03 5.13232727e+03 3.48976418e+01
v 6.09458861e+03 5.13236984e+03 3.48486179e+01
v 6.09479740e+03 5.13214774e+03 3.60174755e+01
v 6.09472497e+03 5.13174971e+03 3.38942969e+01
v 6.09477352e+03 5.13277955e+03 3.58729370e+01
v 6.09623853e+03 5.13235089e+03 3.50762316e+01
v 6.09844188e+03 5.13483331e+03 3.36924370e+01
v 6.09400517e+03 5.12950044e+03 3.36991163e+01
v 6.09489949e+03 5.12977951e+03 3.33347715e+01
v 6.09516753e+03 5.13093971e+03 3.29890134e+01
v 6.09515320e+03 5.13279465e+03 3.59165418e+01
v 6.09453373e+03 5.12650314e+03 3.57900060e+01
v 6.09481771e+03 5.12706768e+03 3.49035729e+01
v 6.09388004e+03 5.12666735e+03 3.62961871e+01
v 6.09436238e+03 5.12618930e+03 3.55154456e+01
v 6.09467558e+03 5.13271428e+03 3.71860176e+01
v 6.09488718e+03 5.13181728e+03 3.70684523e+01
v 6.09418923e+03 5.12656722e+03 3.74001871e+01
v 6.09507442e+03 5.13288451e+03 3.71084795e+01
v 6.09776353e+03 5.12483810e+03 3.73232771e+01
v 6.09716099e+03 5.12511093e+03 3.60549239e+01
v 6.09793781e+03 5.12510687e+03 3.61365805e+01
v 6.10259039e+03 5.12896323e+03 3.68287796e+01
v 6.09510840e+03 5.12508130e+03 3.60652133e+01
v 6.10199216e+03 5.13490450e+03 3.34694981e+01
v 6.09998104e+03 5.15283687e+03 2.28038382e+01
v 6.10054859e+03 5.15358925e+03 2.42640509e+01
v 6.10118101e+03 5.15312534e+03 2.31784681e+01
v 6.09917914e+03 5.15360750e+03 2.38272334e+01
v 6.09903156e+03 5.15356331e+03 2.27984921e+01
v 6.10109989e+03 5.15489035e+03 2.44349486e+01
v 6.10160221e+03 5.15549397e+03 2.60110456e+01
v 6.12474237e+03 5.13960457e+03 1.48681213e+01
v 6.12498105e+03 5.15533388e+03 1.50291736e+01
v 6.12472523e+03 5.15065686e+03 1.54403150e+01
v 6.12330488e+03 5.14947182e+03 1.54781662e+01
v 6.12516531e+03 5.15478664e+03 2.00593586e+01
v 6.12511101e+03 5.15583623e+03 1.66397579e+01
v 6.12397279e+03 5.15510356e+03 1.90290798e+01
v 6.12340758e+03 5.15505502e+03 2.04858772e+01
v 6.12412384e+03 5.15517673e+03 2.09544950e+01
v 6.12476930e+03 5.15558083e+03 2.09508548e+01
v 6.12446530e+03 5.15414101e+03 1.79106669e+01
v 6.12312610e+03 5.13634511e+03 1.43283432e+01
v 6.12297196e+03 5.15316885e+03 2.14482284e+01
v 6.12243689e+03 5.15211348e+03 2.01697535e+01
v 6.12513530e+03 5.13475599e+03 2.22361502e+01
v 6.12277286e+03 5.13547614e+03 1.95498890e+01
v 6.12432323e+03 5.13551971e+03 1.69583336e+01
v 6.12439790e+03 5.13537876e+03 2.11431377e+01
v 6.12275518e+03 5.12610638e+03 3.50057628e+01
v 6.12234980e+03 5.13491275e+03 1.45204828e+01
v 6.12382544e+03 5.13440291e+03 1.50599991e+01
v 6.12397346e+03 5.13518118e+03 1.39197321e+01
v 6.12297999e+03 5.13482597e+03 1.54430995e+01
v 6.12503214e+03 5.13483195e+03 1.63963525e+01
v 6.12183457e+03 5.13481964e+03 1.60848684e+01
v 6.12309447e+03 5.13549665e+03 1.66852941e+01
v 6.12114642e+03 5.13590100e+03 1.42792995e+01
v 6.12335579e+03 5.13842452e+03 1.44577864e+01
v 6.12425371e+03 5.13547390e+03 2.47401043e+01
v 6.12258967e+03 5.13534866e+03 2.38231767e+01
v 6.12176378e+03 5.13486924e+03 2.18321964e+01
v 6.12508985e+03 5.13473612e+03 1.86238254e+01
v 6.12168385e+03 5.13476902e+03 1.80605372e+01
v 6.12353498e+03 5.15451978e+03 2.47869143e+01
v 6.12377746e+03 5.15441194e+03 2.39100153e+01
v 6.12329457e+03 5.15118883e+03 2.31037896e+01
v 6.12229976e+03 5.15219312e+03 2.38624290e+01
v 6.11986916e+03 5.13960229e+03 1.48458608e+01
v 6.12270166e+03 5.14101959e+03 1.42231061e+01
v 6.12141284e+03 5.13845116e+03 1.43388405e+01
v 6.12340812e+03 5.14066130e+03 1.44022780e+01
v 6.12255492e+03 5.15258767e+03 1.94696108e+01
v 6.12329521e+03 5.15263035e+03 2.30225876e+01
v 6.12313561e+03 5.15307778e+03 2.40580406e+01
v 6.12373231e+03 5.15327852e+03 2.33532367e+01
v 6.12237129e+03 5.15216297e+03 2.19580671e+01
v 6.12516081e+03 5.14895960e+03 1.40758792e+01
v 6.12326979e+03 5.15163530e+03 2.57524144e+01
v 6.12226784e+03 5.15190594e+03 2.64692246e+01
v 6.12183457e+03 5.15177733e+03 2.58457601e+01
v 6.12223856e+03 5.15169564e+03 2.51652566e+01
v 6.12361905e+03 5.15262347e+03 2.66576941e+01
v 6.12209577e+03 5.15267609e+03 2.77775432e+01
v 6.12404697e+03 5.15464845e+03 2.81109980e+01
v 6.12459190e+03 5.15549312e+03 2.57229083e+01
v 6.12497250e+03 5.15594699e+03 2.76924887e+01
v 6.12419277e+03 5.15520540e+03 2.41857147e+01
v 6.12434028e+03 5.15533974e+03 2.24860996e+01
v 6.12503584e+03 5.15508453e+03 2.44319718e+01
v 6.12514684e+03 5.15578922e+03 2.31930728e+01
v 6.12361641e+03 5.15255479e+03 2.50596665e+01
v 6.12193878e+03 5.15072202e+03 2.32697259e+01
v 6.12135836e+03 5.15108299e+03 2.43868375e+01
v 6.12183241e+03 5.15173088e+03 2.07685782e+01
v 6.12178219e+03 5.15072329e+03 2.21153151e+01
v 6.12280556e+03 5.14435934e+03 2.31842275e+01
v 6.12303771e+03 5.14662647e+03 2.31509276e+01
v 6.12281673e+03 5.14459568e+03 2.32029777e+01
v 6.12291161e+03 5.14555224e+03 2.31795512e+01
v 6.12376193e+03 5.15397651e+03 2.63335527e+01
v 6.12173531e+03 5.15187725e+03 2.77186399e+01
v 6.12436623e+03 5.15596059e+03 2.15523968e+01
v 6.12302084e+03 5.15405524e+03 2.14401544e+01
v 6.12323236e+03 5.15490220e+03 2.25389418e+01
v 6.12295642e+03 5.15496755e+03 1.90310792e+01
v 6.12297548e+03 5.15521977e+03 1.95658899e+01
v 6.12500081e+03 5.15482086e+03 1.50348333e+01
v 6.12423516e+03 5.15412123e+03 1.86885823e+01
v 6.12364846e+03 5.15308351e+03 1.82433222e+01
v 6.12124425e+03 5.15225027e+03 1.83926220e+01
v 6.12336953e+03 5.15311030e+03 1.88722815e+01
v 6.12400407e+03 5.15481542e+03 1.44000771e+01
v 6.12261276e+03 5.15435177e+03 2.01647726e+01
v 6.12375645e+03 5.15493653e+03 1.59624040e+01
v 6.12363678e+03 5.15381804e+03 1.37786608e+01
v 6.12522020e+03 5.15471312e+03 1.37972951e+01
v 6.12117618e+03 5.15086921e+03 1.41406674e+01
v 6.12334899e+03 5.15054251e+03 1.54834211e+01
v 6.12177245e+03 5.14933882e+03 1.44692721e+01
v 6.12377859e+03 5.14608772e+03 1.36688806e+01
v 6.12377848e+03 5.14298233e+03 1.37576047e+01
v 6.12215104e+03 5.15394294e+03 1.64273001e+01
v 6.12163209e+03 5.14328999e+03 1.41569972e+01
v 6.12349464e+03 5.13982347e+03 1.51754132e+01
v 6.12315168e+03 5.14865551e+03 1.45777606e+01
v 6.12258952e+03 5.15246003e+03 1.35986770e+01
v 6.12476428e+03 5.15251752e+03 1.38041795e+01
v 6.12195147e+03 5.15472739e+03 1.39293293e+01
v 6.12280092e+03 5.15605685e+03 3.40323184e+01
v 6.12263413e+03 5.15516625e+03 3.39704927e+01
v 6.12203882e+03 5.15488322e+03 3.40357473e+01
v 6.12268172e+03 5.15382946e+03 3.42361256e+01
v 6.12409471e+03 5.13618968e+03 2.82254384e+01
v 6.12144653e+03 5.13540377e+03 2.79447645e+01
v 6.12235917e+03 5.15331649e+03 3.13004715e+01
v 6.12279087e+03 5.15403181e+03 3.07826847e+01
v 6.12231031e+03 5.15310399e+03 2.95250589e+01
v 6.12279239e+03 5.15479730e+03 3.10910880e+01
v 6.12371336e+03 5.15490756e+03 3.24506693e+01
v 6.12231423e+03 5.15318360e+03 3.29230579e+01
v 6.12318540e+03 5.15448264e+03 3.31391516e+01
v 6.12307874e+03 5.15345145e+03 3.19766177e+01
v 6.12180374e+03 5.15338641e+03 3.17993887e+01
v 6.12170986e+03 5.15325035e+03 3.25755752e+01
v 6.12431613e+03 5.15634850e+03 3.00363945e+01
v 6.12457043e+03 5.15518970e+03 2.93633298e+01
v 6.12275249e+03 5.15597118e+03 3.51885544e+01
v 6.12270955e+03 5.15555670e+03 3.34850116e+01
v 6.12317987e+03 5.15411818e+03 2.81360951e+01
v 6.12158597e+03 5.15121437e+03 2.66173334e+01
v 6.12304751e+03 5.15341856e+03 2.76863210e+01
v 6.12144549e+03 5.15283946e+03 2.82681645e+01
v 6.12366046e+03 5.15446209e+03 2.91996458e+01
v 6.12223952e+03 5.15379536e+03 3.44749794e+01
v 6.12098706e+03 5.15310286e+03 3.12087083e+01
v 6.12393765e+03 5.15558054e+03 2.94707978e+01
v 6.12339665e+03 5.15638902e+03 3.11301309e+01
v 6.12334620e+03 5.15578701e+03 3.15525926e+01
v 6.12137752e+03 5.15406768e+03 3.34373509e+01
v 6.12174882e+03 5.15522779e+03 3.55010254e+01
v 6.12125553e+03 5.15625340e+03 3.60301790e+01
v 6.12160501e+03 5.15507009e+03 3.39449983e+01
v 6.12335087e+03 5.15582550e+03 3.31461686e+01
v 6.12423247e+03 5.13550291e+03 2.71273184e+01
v 6.12207744e+03 5.13518101e+03 3.09962886e+01
v 6.12373431e+03 5.13425403e+03 2.91663100e+01
v 6.12431533e+03 5.13397467e+03 3.19537851e+01
v 6.12188130e+03 5.13411981e+03 3.17053513e+01
v 6.12268976e+03 5.13550061e+03 2.69897678e+01
v 6.12438993e+03 5.13504204e+03 3.10607804e+01
v 6.11918506e+03 5.15234388e+03 1.38802474e+01
v 6.12208225e+03 5.13480973e+03 2.98954941e+01
v 6.12464217e+03 5.13329303e+03 3.31871769e+01
v 6.12465488e+03 5.12503040e+03 3.57417782e+01
v 6.12508783e+03 5.13474852e+03 2.89120671e+01
v 6.12422120e+03 5.13585684e+03 2.86992160e+01
v 6.12441139e+03 5.13476341e+03 3.00514098e+01
v 6.12402360e+03 5.12927755e+03 3.51548254e+01
v 6.12422879e+03 5.13159346e+03 3.35063703e+01
v 6.12227870e+03 5.13350666e+03 3.31505066e+01
v 6.12103493e+03 5.12769029e+03 3.46137895e+01
v 6.12215347e+03 5.12864857e+03 3.51332464e+01
v 6.12391314e+03 5.12613558e+03 3.49861066e+01
v 6.12168765e+03 5.13502845e+03 2.87520340e+01
v 6.12122436e+03 5.13150727e+03 3.59593938e+01
v 6.12191959e+03 5.13189209e+03 3.54786251e+01
v 6.12154842e+03 5.12932638e+03 3.60776867e+01
v 6.12135130e+03 5.12839120e+03 3.58237658e+01
v 6.12184376e+03 5.13033083e+03 3.59471091e+01
v 6.12250973e+03 5.13451546e+03 2.88477733e+01
v 6.12345309e+03 5.12539067e+03 3.51741720e+01
v 6.12276655e+03 5.12804370e+03 3.49173371e+01
v 6.12056788e+03 5.12490965e+03 3.35542318e+01
v 6.12237434e+03 5.13119628e+03 3.37757496e+01
v 6.12215288e+03 5.12956148e+03 3.52052713e+01
v 6.12387858e+03 5.12533640e+03 3.57932656e+01
v 6.12114164e+03 5.13306457e+03 3.25082798e+01
v 6.12198404e+03 5.13201577e+03 3.33907822e+01
v 6.12114109e+03 5.13152109e+03 3.37242589e+01
v 6.12164094e+03 5.13481481e+03 2.48784201e+01
v 6.12385461e+03 5.13450313e+03 2.87694488e+01
v 6.12186207e+03 5.13496586e+03 2.71018716e+01
v 6.12518696e+03 5.15556617e+03 2.90795237e+01
v 6.10481411e+03 5.15601463e+03 1.51918145e+01
v 6.10284443e+03 5.15531036e+03 1.47067342e+01
v 6.11172625e+03 5.14812772e+03 1.46964953e+01
v 6.11234279e+03 5.14383644e+03 1.43630826e+01
v 6.11911322e+03 5.14871273e+03 1.41862712e+01
v 6.12039671e+03 5.14915465e+03 1.42434859e+01
v 6.10658488e+03 5.15347849e+03 2.01379754e+01
v 6.10841377e+03 5.15403136e+03 1.92820771e+01
v 6.12116477e+03 5.14780142e+03 1.41527114e+01
v 6.12016175e+03 5.15262877e+03 2.91774480e+01
v 6.12027993e+03 5.15243376e+03 3.03184319e+01
v 6.11337321e+03 5.15281216e+03 3.13818810e+01
v 6.11397505e+03 5.15337010e+03 3.01341715e+01
v 6.11304401e+03 5.15323735e+03 3.01756957e+01
v 6.11625680e+03 5.15358927e+03 2.90748860e+01
v 6.11709701e+03 5.15305626e+03 2.97498615e+01
v 6.11236920e+03 5.15164968e+03 2.83492649e+01
v 6.11219714e+03 5.15281938e+03 2.83133094e+01
v 6.11839710e+03 5.15459390e+03 1.40510557e+01
v 6.11580984e+03 5.15466170e+03 1.36629372e+01
v 6.11809458e+03 5.15517505e+03 1.46833763e+01
v 6.11973452e+03 5.15455907e+03 1.46944380e+01
v 6.11841351e+03 5.14690957e+03 1.39365286e+01
v 6.11952607e+03 5.15079029e+03 1.45684507e+01
v 6.11484261e+03 5.14596937e+03 1.44616852e+01
v 6.11619269e+03 5.14775078e+03 1.41310207e+01
v 6.10986838e+03 5.14349503e+03 1.40020028e+01
v 6.10746559e+03 5.14388249e+03 1.43018306e+01
v 6.10864348e+03 5.14190676e+03 1.51533428e+01
v 6.11252217e+03 5.13966920e+03 1.45038046e+01
v 6.11297462e+03 5.14132108e+03 1.46023546e+01
v 6.10530189e+03 5.14162338e+03 1.50346674e+01
v 6.10605185e+03 5.14430915e+03 1.41479896e+01
v 6.10538546e+03 5.14556426e+03 1.44848956e+01
v 6.10480426e+03 5.14891704e+03 1.46637799e+01
v 6.10578592e+03 5.15387675e+03 1.44495088e+01
v 6.11513150e+03 5.15161944e+03 3.05611389e+01
v 6.11565909e+03 5.15305747e+03 2.92379905e+01
v 6.11882184e+03 5.15394268e+03 3.18402561e+01
v 6.11970625e+03 5.15302519e+03 3.20624643e+01
v 6.11718703e+03 5.15527979e+03 3.12769294e+01
v 6.11672363e+03 5.15602783e+03 3.12749045e+01
v 6.11807193e+03 5.15352294e+03 2.92345964e+01
v 6.11789871e+03 5.15396617e+03 2.96434142e+01
v 6.11631844e+03 5.15296153e+03 2.85941226e+01
v 6.11552409e+03 5.15205565e+03 2.83942831e+01
v 6.11840524e+03 5.15508631e+03 1.58242674e+01
v 6.12035850e+03 5.15389574e+03 1.64526549e+01
v 6.11916199e+03 5.15297034e+03 1.81255480e+01
v 6.10591325e+03 5.13933252e+03 1.51370741e+01
v 6.10338173e+03 5.14296521e+03 1.47585395e+01
v 6.11172053e+03 5.15255883e+03 1.47918333e+01
v 6.11172412e+03 5.15472726e+03 1.45053277e+01
v 6.10426929e+03 5.15467003e+03 1.72424561e+01
v 6.11744449e+03 5.15581703e+03 1.68873718e+01
v 6.11609258e+03 5.15637878e+03 1.83086798e+01
v 6.11098199e+03 5.15528718e+03 1.89334099e+01
v 6.10885434e+03 5.14739477e+03 1.44025996e+01
v 6.10744530e+03 5.14964806e+03 1.45965564e+01
v 6.10899462e+03 5.15313482e+03 1.39605341e+01
v 6.10567627e+03 5.15019322e+03 1.51175205e+01
v 6.10981134e+03 5.15604843e+03 1.50077934e+01
v 6.11031099e+03 5.15466956e+03 1.42483396e+01
v 6.10102420e+03 5.14228004e+03 1.46821494e+01
v 6.11060110e+03 5.13712020e+03 1.49412018e+01
v 6.11018443e+03 5.13902459e+03 1.51353971e+01
v 6.11122735e+03 5.13961761e+03 1.45429735e+01
v 6.11661195e+03 5.14992849e+03 1.47060468e+01
v 6.11663748e+03 5.15241728e+03 1.39698232e+01
v 6.11750976e+03 5.14912487e+03 1.48114135e+01
v 6.11404938e+03 5.15311715e+03 1.45124236e+01
v 6.11734009e+03 5.15306359e+03 2.02941261e+01
v 6.10633143e+03 5.15431658e+03 1.85084058e+01
v 6.11588234e+03 5.15472863e+03 1.99482703e+01
v 6.10751791e+03 5.15370497e+03 2.06605669e+01
v 6.11243508e+03 5.15224583e+03 2.15111460e+01
v 6.10426808e+03 5.15276322e+03 1.90823911e+01
v 6.10949050e+03 5.15230784e+03 2.11197417e+01
v 6.11132385e+03 5.15109349e+03 2.24579964e+01
v 6.11139375e+03 5.15176089e+03 2.35993658e+01
v 6.10992178e+03 5.15448781e+03 2.37398990e+01
v 6.10931723e+03 5.15498647e+03 2.45705922e+01
v 6.11132635e+03 5.15031781e+03 2.31986569e+01
v 6.11085424e+03 5.15513427e+03 2.86163659e+01
v 6.11022860e+03 5.15536449e+03 2.83883264e+01
v 6.11617757e+03 5.15178869e+03 2.69672465e+01
v 6.11745497e+03 5.15206524e+03 2.72078717e+01
v 6.11653063e+03 5.15147552e+03 2.64701034e+01
v 6.11609668e+03 5.15113452e+03 2.50703395e+01
v 6.11247687e+03 5.15163466e+03 2.54581504e+01
v 6.11197407e+03 5.15223122e+03 2.64400341e+01
v 6.12070534e+03 5.15166481e+03 2.70800426e+01
v 6.12090069e+03 5.15011463e+03 2.66926756e+01
v 6.11794220e+03 5.15243232e+03 2.61554795e+01
v 6.11978809e+03 5.15158822e+03 2.64001367e+01
v 6.11868287e+03 5.15137305e+03 2.13261515e+01
v 6.10720446e+03 5.15595256e+03 2.19522649e+01
v 6.11722578e+03 5.15271978e+03 2.31550186e+01
v 6.11840283e+03 5.15124480e+03 2.45431789e+01
v 6.11705138e+03 5.15190018e+03 2.48750436e+01
v 6.11786344e+03 5.15242598e+03 2.27108685e+01
v 6.11818916e+03 5.15096167e+03 2.24540222e+01
v 6.12094267e+03 5.15120000e+03 2.06539557e+01
v 6.11900882e+03 5.15117389e+03 1.96668119e+01
v 6.11431802e+03 5.15635615e+03 1.44372356e+01
v 6.11514213e+03 5.15025597e+03 1.41194822e+01
v 6.11192012e+03 5.15627328e+03 1.46965293e+01
v 6.11037845e+03 5.15507070e+03 1.57390163e+01
v 6.11332897e+03 5.15150827e+03 1.46405376e+01
v 6.10299745e+03 5.14625629e+03 1.45531205e+01
v 6.11369319e+03 5.14963610e+03 1.46449056e+01
v 6.11918738e+03 5.14947057e+03 1.49945753e+01
v 6.10856825e+03 5.15564336e+03 1.75547034e+01
v 6.11455626e+03 5.13484788e+03 1.54731503e+01
v 6.11723534e+03 5.13520142e+03 1.42512462e+01
v 6.11681021e+03 5.13510064e+03 1.75154345e+01
v 6.11746690e+03 5.13551512e+03 1.64956854e+01
v 6.11476896e+03 5.13550502e+03 1.78131668e+01
v 6.11356481e+03 5.13500294e+03 1.62469991e+01
v 6.10866609e+03 5.15536650e+03 2.31150187e+01
v 6.10184211e+03 5.14994707e+03 1.45122063e+01
v 6.11910608e+03 5.13519716e+03 1.43497349e+01
v 6.12019794e+03 5.13569740e+03 1.64882100e+01
v 6.11544300e+03 5.13668969e+03 1.44904701e+01
v 6.11466215e+03 5.14011326e+03 1.52374413e+01
v 6.11371464e+03 5.13521787e+03 1.83693513e+01
v 6.11315462e+03 5.13504411e+03 1.96412078e+01
v 6.11313894e+03 5.13495916e+03 2.34759017e+01
v 6.10650613e+03 5.13531305e+03 2.19423892e+01
v 6.11127714e+03 5.13508587e+03 2.18133209e+01
v 6.10887497e+03 5.13509226e+03 2.32284558e+01
v 6.10838331e+03 5.13529585e+03 2.45822321e+01
v 6.11136722e+03 5.13471252e+03 2.30297345e+01
v 6.11986242e+03 5.13694651e+03 1.37585502e+01
v 6.12108358e+03 5.13532082e+03 1.52255547e+01
v 6.11194752e+03 5.13527883e+03 1.51286517e+01
v 6.11072340e+03 5.13576200e+03 1.49860375e+01
v 6.10371280e+03 5.13606251e+03 1.48067017e+01
v 6.11296034e+03 5.13535122e+03 1.46064456e+01
v 6.11282821e+03 5.13842510e+03 1.48222590e+01
v 6.11906107e+03 5.13512389e+03 2.10289886e+01
v 6.12028323e+03 5.13475788e+03 1.92760314e+01
v 6.10468217e+03 5.13505355e+03 2.29187235e+01
v 6.10622553e+03 5.13528771e+03 2.40583222e+01
v 6.10860848e+03 5.13605198e+03 1.45492990e+01
v 6.11854516e+03 5.13499634e+03 1.80455099e+01
v 6.11986551e+03 5.13522739e+03 3.08051042e+01
v 6.11869029e+03 5.13514160e+03 3.08923312e+01
v 6.10868463e+03 5.13499565e+03 3.15458844e+01
v 6.10969143e+03 5.13505404e+03 3.23031323e+01
v 6.11879969e+03 5.13335629e+03 3.26251961e+01
v 6.11021194e+03 5.13446249e+03 3.26430007e+01
v 6.11346471e+03 5.13393409e+03 3.29419758e+01
v 6.11397169e+03 5.13501284e+03 3.12010984e+01
v 6.11485104e+03 5.13475072e+03 3.01690227e+01
v 6.11708286e+03 5.13497174e+03 2.97070101e+01
v 6.11234177e+03 5.15384176e+03 2.97371214e+01
v 6.11321674e+03 5.15218941e+03 2.91644066e+01
v 6.11688716e+03 5.12834200e+03 3.69254689e+01
v 6.11501293e+03 5.12852120e+03 3.68921809e+01
v 6.10894408e+03 5.12525189e+03 3.59214159e+01
v 6.11756864e+03 5.13498643e+03 2.67062898e+01
v 6.11138332e+03 5.13513716e+03 2.44691541e+01
v 6.11319466e+03 5.13495491e+03 2.72547465e+01
v 6.10807697e+03 5.13490969e+03 2.63077947e+01
v 6.10602170e+03 5.13533478e+03 2.57875241e+01
v 6.10593156e+03 5.13539272e+03 2.77396301e+01
v 6.10307765e+03 5.13557122e+03 2.50219543e+01
v 6.10961069e+03 5.13514968e+03 2.74418562e+01
v 6.11512015e+03 5.13541637e+03 2.92044340e+01
v 6.11461825e+03 5.13537961e+03 2.83015505e+01
v 6.11840941e+03 5.13573182e+03 2.80127222e+01
v 6.11060653e+03 5.13515903e+03 3.11114341e+01
v 6.11243868e+03 5.13486255e+03 3.15791038e+01
v 6.10716667e+03 5.13529998e+03 3.09656373e+01
v 6.10546114e+03 5.13519906e+03 3.20289350e+01
v 6.10844607e+03 5.13490275e+03 3.06036134e+01
v 6.11721677e+03 5.13502634e+03 2.84264494e+01
v 6.10825727e+03 5.13534986e+03 2.85824808e+01
v 6.11239266e+03 5.13537976e+03 2.89359304e+01
v 6.11326228e+03 5.13519406e+03 2.92171547e+01
v 6.11891173e+03 5.14339965e+03 1.39993906e+01
v 6.11599250e+03 5.14331413e+03 1.40442720e+01
v 6.11633661e+03 5.12810162e+03 3.57963003e+01
v 6.11903171e+03 5.15481079e+03 3.25865566e+01
v 6.11926002e+03 5.15513369e+03 3.32544505e+01
v 6.10104683e+03 5.14443167e+03 1.42138544e+01
v 6.11596474e+03 5.15351449e+03 2.16020675e+01
v 6.11384591e+03 5.15523904e+03 1.94792105e+01
v 6.11418563e+03 5.15162150e+03 2.24906421e+01
v 6.10953315e+03 5.13285009e+03 3.44469979e+01
v 6.10880040e+03 5.13271372e+03 3.38001168e+01
v 6.10164177e+03 5.15482297e+03 1.63553448e+01
v 6.10378677e+03 5.15540298e+03 1.43981461e+01
v 6.11674644e+03 5.15622273e+03 3.34479369e+01
v 6.11091235e+03 5.15630255e+03 3.02118389e+01
v 6.11237953e+03 5.15617238e+03 3.34692304e+01
v 6.11434987e+03 5.15603616e+03 3.51394648e+01
v 6.11380937e+03 5.15607026e+03 3.50088731e+01
v 6.12075856e+03 5.15335440e+03 3.29177637e+01
v 6.12009000e+03 5.15448604e+03 3.35905415e+01
v 6.12044309e+03 5.15433848e+03 3.26102009e+01
v 6.12085783e+03 5.15475209e+03 3.35536418e+01
v 6.12021877e+03 5.15501441e+03 3.50464780e+01
v 6.11921090e+03 5.15574109e+03 3.46372908e+01
v 6.11979729e+03 5.15475467e+03 3.19875725e+01
v 6.11950685e+03 5.15617162e+03 3.53799390e+01
v 6.12035219e+03 5.15578513e+03 3.57006948e+01
v 6.11499047e+03 5.15504656e+03 3.44790612e+01
v 6.11496159e+03 5.15492576e+03 3.35058087e+01
v 6.11547373e+03 5.15568329e+03 3.36823338e+01
v 6.11544654e+03 5.15549799e+03 3.44543999e+01
v 6.11852123e+03 5.15567544e+03 3.23079347e+01
v 6.12104049e+03 5.15269945e+03 3.22701348e+01
v 6.11162733e+03 5.15585533e+03 3.21388042e+01
v 6.11392569e+03 5.15389189e+03 3.34605037e+01
v 6.11435133e+03 5.15524459e+03 3.35592374e+01
v 6.11217469e+03 5.15593215e+03 3.24819202e+01
v 6.11294399e+03 5.15501559e+03 3.31614638e+01
v 6.11296832e+03 5.15465962e+03 3.29125810e+01
v 6.11581409e+03 5.15489186e+03 3.28237252e+01
v 6.11644349e+03 5.15576587e+03 3.27446122e+01
v 6.11774264e+03 5.15447801e+03 3.29845676e+01
v 6.11735055e+03 5.15457983e+03 3.19396855e+01
v 6.11297626e+03 5.15396347e+03 3.23930431e+01
v 6.11415261e+03 5.15341569e+03 3.29194593e+01
v 6.11302495e+03 5.15572904e+03 3.50862919e+01
v 6.11238910e+03 5.15549747e+03 3.38762731e+01
v 6.11364379e+03 5.15522181e+03 3.42842809e+01
v 6.11472260e+03 5.15375844e+03 3.27338914e+01
v 6.11117841e+03 5.15534499e+03 3.15143163e+01
v 6.11110396e+03 5.15497621e+03 3.07928546e+01
v 6.11090742e+03 5.15383218e+03 3.07029153e+01
v 6.11111462e+03 5.15428937e+03 3.19933381e+01
v 6.11246421e+03 5.15314342e+03 3.17315206e+01
v 6.11199580e+03 5.15308026e+03 3.08991052e+01
v 6.11198015e+03 5.15396053e+03 3.26299886e+01
v 6.11271919e+03 5.15341663e+03 3.06392599e+01
v 6.11086137e+03 5.15324928e+03 3.13383364e+01
v 6.11127603e+03 5.15311451e+03 2.90099024e+01
v 6.11142377e+03 5.15360786e+03 3.03000071e+01
v 6.11107633e+03 5.15584657e+03 2.93501826e+01
v 6.11033740e+03 5.15484039e+03 2.99925925e+01
v 6.11083669e+03 5.15637288e+03 2.90293727e+01
v 6.11417945e+03 5.15263156e+03 3.23612023e+01
v 6.11581464e+03 5.15286315e+03 3.23563177e+01
v 6.11521080e+03 5.15234261e+03 3.16069916e+01
v 6.11621355e+03 5.15296758e+03 3.06488307e+01
v 6.11508466e+03 5.15249510e+03 3.23663926e+01
v 6.11743059e+03 5.15364213e+03 3.07427196e+01
v 6.11739777e+03 5.15378351e+03 3.15214762e+01
v 6.11601451e+03 5.15379750e+03 3.16987630e+01
v 6.11774315e+03 5.15422663e+03 3.20322062e+01
v 6.11559279e+03 5.15382307e+03 3.28428626e+01
v 6.11427509e+03 5.15194130e+03 2.96588180e+01
v 6.11953782e+03 5.15302655e+03 2.95952213e+01
v 6.11879325e+03 5.15304429e+03 2.94262743e+01
v 6.11693216e+03 5.15275960e+03 3.06650415e+01
v 6.11847046e+03 5.15332872e+03 3.07476496e+01
v 6.11950312e+03 5.15313128e+03 3.06350610e+01
v 6.11060174e+03 5.15386473e+03 2.98708414e+01
v 6.11467999e+03 5.15434710e+03 3.34601012e+01
v 6.11617793e+03 5.15347431e+03 2.96960599e+01
v 6.12100531e+03 5.15286945e+03 2.95859423e+01
v 6.12013674e+03 5.13475939e+03 2.89390353e+01
v 6.11732990e+03 5.15294818e+03 2.90380304e+01
v 6.11889162e+03 5.15247678e+03 2.91000103e+01
v 6.11767597e+03 5.15190919e+03 2.88536859e+01
v 6.11379170e+03 5.15145372e+03 2.91871029e+01
v 6.11458312e+03 5.15239159e+03 2.90937958e+01
v 6.11643480e+03 5.15501874e+03 3.18130742e+01
v 6.11800048e+03 5.15195777e+03 2.79420204e+01
v 6.11663421e+03 5.15173405e+03 2.79907686e+01
v 6.11257823e+03 5.15125187e+03 2.89815417e+01
v 6.11382580e+03 5.15116685e+03 2.83347572e+01
v 6.11495036e+03 5.15162955e+03 2.76545843e+01
v 6.11218927e+03 5.15079470e+03 2.79099801e+01
v 6.11254523e+03 5.15112301e+03 2.71000528e+01
v 6.11289191e+03 5.15038918e+03 2.77810016e+01
v 6.11435125e+03 5.15075082e+03 2.76400162e+01
v 6.11860557e+03 5.15189506e+03 2.71631067e+01
v 6.11901556e+03 5.15242571e+03 2.83544571e+01
v 6.11694022e+03 5.15212234e+03 2.85055297e+01
v 6.11266452e+03 5.15312330e+03 2.87327647e+01
v 6.10944347e+03 5.15598896e+03 2.75354486e+01
v 6.10956080e+03 5.15648174e+03 2.78986839e+01
v 6.11030445e+03 5.15396065e+03 2.79989776e+01
v 6.11075720e+03 5.15411930e+03 2.70376479e+01
v 6.10867776e+03 5.15491201e+03 2.65883702e+01
v 6.10855225e+03 5.15505880e+03 2.72803742e+01
v 6.11061083e+03 5.15365437e+03 2.86296968e+01
v 6.10988702e+03 5.15367430e+03 2.66650095e+01
v 6.10898988e+03 5.15589370e+03 2.61134299e+01
v 6.12075519e+03 5.13494841e+03 3.11780306e+01
v 6.10944763e+03 5.15441197e+03 2.79141707e+01
v 6.11432418e+03 5.15050288e+03 2.40350285e+01
v 6.11137140e+03 5.15354834e+03 2.78879005e+01
v 6.11163069e+03 5.15139911e+03 2.52400327e+01
v 6.11090112e+03 5.15342379e+03 2.58967639e+01
v 6.12039453e+03 5.15447619e+03 1.40972948e+01
v 6.11654671e+03 5.15621118e+03 1.42567837e+01
v 6.10942663e+03 5.15165968e+03 1.45320045e+01
v 6.10738499e+03 5.15185575e+03 1.46329916e+01
v 6.11041784e+03 5.15297901e+03 1.41905207e+01
v 6.10920053e+03 5.15547754e+03 1.41734174e+01
v 6.10610365e+03 5.15544712e+03 1.41860996e+01
v 6.10684135e+03 5.15280828e+03 1.40323972e+01
v 6.10430841e+03 5.15033899e+03 1.50960906e+01
v 6.10282179e+03 5.15094727e+03 1.48003487e+01
v 6.10542998e+03 5.15233174e+03 1.46620253e+01
v 6.11802842e+03 5.13979159e+03 1.47996096e+01
v 6.11557601e+03 5.14096254e+03 1.45567689e+01
v 6.11383741e+03 5.14389075e+03 1.40145756e+01
v 6.10009719e+03 5.14881084e+03 1.48123053e+01
v 6.10146496e+03 5.15549922e+03 1.47024592e+01
v 6.10899817e+03 5.15024436e+03 1.43023085e+01
v 6.10691099e+03 5.15054231e+03 1.53575788e+01
v 6.10347655e+03 5.13932387e+03 1.46165428e+01
v 6.10764089e+03 5.14070627e+03 1.58655131e+01
v 6.10641743e+03 5.14009660e+03 1.59419722e+01
v 6.10977324e+03 5.14090183e+03 1.55503146e+01
v 6.11060206e+03 5.14211492e+03 1.45617183e+01
v 6.10909706e+03 5.13976033e+03 1.57501756e+01
v 6.10968083e+03 5.15052924e+03 1.49539812e+01
v 6.10954239e+03 5.14914325e+03 1.46917435e+01
v 6.11268539e+03 5.15036411e+03 1.53461426e+01
v 6.11078117e+03 5.15135010e+03 1.52319354e+01
v 6.11155005e+03 5.14981894e+03 1.55563205e+01
v 6.10592630e+03 5.14116101e+03 1.49285243e+01
v 6.10653920e+03 5.14171121e+03 1.50099005e+01
v 6.11755043e+03 5.13825502e+03 1.41112941e+01
v 6.11337729e+03 5.14030272e+03 1.51637387e+01
v 6.11685513e+03 5.14020029e+03 1.43048900e+01
v 6.10121975e+03 5.13959769e+03 1.47866994e+01
v 6.10640960e+03 5.14106274e+03 1.59484014e+01
v 6.10201746e+03 5.15392890e+03 1.77037977e+01
v 6.10322866e+03 5.15167730e+03 1.97679783e+01
v 6.11774245e+03 5.15232175e+03 2.12351124e+01
v 6.12087629e+03 5.15141458e+03 1.95867210e+01
v 6.10389018e+03 5.15272671e+03 2.12647969e+01
v 6.10427859e+03 5.15218223e+03 2.04287269e+01
v 6.10869795e+03 5.15265389e+03 2.32075172e+01
v 6.11051812e+03 5.15217659e+03 2.17557239e+01
v 6.11008616e+03 5.15351515e+03 2.35508798e+01
v 6.11094500e+03 5.15265772e+03 2.25946203e+01
v 6.10847131e+03 5.15355092e+03 2.25889839e+01
v 6.10699473e+03 5.15423979e+03 2.10265624e+01
v 6.10448935e+03 5.15299061e+03 2.18181778e+01
v 6.10815058e+03 5.15373746e+03 2.18471614e+01
v 6.10220132e+03 5.15278692e+03 2.27214098e+01
v 6.10203581e+03 5.15215857e+03 2.13020990e+01
v 6.11227706e+03 5.14965193e+03 2.29042283e+01
v 6.12003879e+03 5.14974624e+03 2.37639909e+01
v 6.11943129e+03 5.15010642e+03 2.24608447e+01
v 6.10310094e+03 5.15235441e+03 2.21543081e+01
v 6.10366015e+03 5.15312569e+03 2.26766032e+01
v 6.10308869e+03 5.15357558e+03 2.30820486e+01
v 6.10458968e+03 5.15494102e+03 2.28439275e+01
v 6.10533857e+03 5.15591910e+03 2.34767922e+01
v 6.10569405e+03 5.15424355e+03 2.16555897e+01
v 6.10674815e+03 5.15616952e+03 2.12189634e+01
v 6.10637522e+03 5.15525263e+03 2.10879471e+01
v 6.11361636e+03 5.14935522e+03 2.34680484e+01
v 6.10560788e+03 5.15580646e+03 2.20305094e+01
v 6.10712457e+03 5.15507810e+03 2.10463000e+01
v 6.11966109e+03 5.15066396e+03 2.47966592e+01
v 6.11899083e+03 5.14952683e+03 2.35418212e+01
v 6.11234881e+03 5.14962459e+03 2.44387018e+01
v 6.11276987e+03 5.14904343e+03 2.37170447e+01
v 6.11378206e+03 5.15038280e+03 2.44274223e+01
v 6.11494754e+03 5.15083420e+03 2.54660514e+01
v 6.11891882e+03 5.15195619e+03 2.50682777e+01
v 6.10855859e+03 5.15608584e+03 2.38007959e+01
v 6.10834350e+03 5.15450832e+03 2.58417763e+01
v 6.10960369e+03 5.15435751e+03 2.48337004e+01
v 6.10354002e+03 5.15524061e+03 2.47504776e+01
v 6.10937979e+03 5.15568064e+03 2.49446145e+01
v 6.10901094e+03 5.15551830e+03 2.56114427e+01
v 6.11022268e+03 5.15379782e+03 2.43954514e+01
v 6.11028844e+03 5.15421177e+03 2.52151266e+01
v 6.11059506e+03 5.15267189e+03 2.53204909e+01
v 6.11150696e+03 5.15078644e+03 2.48427536e+01
v 6.10954543e+03 5.15459881e+03 2.26675000e+01
v 6.10809441e+03 5.15504213e+03 2.27722191e+01
v 6.10280159e+03 5.15441604e+03 2.40789555e+01
v 6.11213997e+03 5.15000897e+03 2.54202291e+01
v 6.11852732e+03 5.15001896e+03 2.41536481e+01
v 6.11354569e+03 5.14931899e+03 2.42923397e+01
v 6.10823963e+03 5.15642135e+03 2.54242447e+01
v 6.10228315e+03 5.15637585e+03 2.53036584e+01
v 6.10494482e+03 5.15632845e+03 2.41279812e+01
v 6.10728284e+03 5.15554242e+03 2.30957252e+01
v 6.10222791e+03 5.15557254e+03 2.46114238e+01
v 6.11189923e+03 5.15325861e+03 2.67840599e+01
v 6.11549775e+03 5.15069638e+03 2.62569513e+01
v 6.11495198e+03 5.15140109e+03 2.67173206e+01
v 6.11359468e+03 5.15061063e+03 2.53541519e+01
v 6.11264300e+03 5.15059602e+03 2.57905012e+01
v 6.11318557e+03 5.15021085e+03 2.68446600e+01
v 6.12032924e+03 5.15027167e+03 2.63877757e+01
v 6.12012345e+03 5.15065995e+03 2.67644828e+01
v 6.10145389e+03 5.15411903e+03 2.43837830e+01
v 6.10616436e+03 5.13549341e+03 1.66989176e+01
v 6.10600912e+03 5.13587789e+03 1.47981329e+01
v 6.10273812e+03 5.13571935e+03 1.57044268e+01
v 6.12038310e+03 5.13529804e+03 1.77895387e+01
v 6.10772196e+03 5.13510140e+03 1.61786629e+01
v 6.10441817e+03 5.13499470e+03 1.52389525e+01
v 6.10876264e+03 5.13526697e+03 1.46536443e+01
v 6.10968527e+03 5.13544380e+03 1.82334719e+01
v 6.11095171e+03 5.13488728e+03 1.61089416e+01
v 6.10964797e+03 5.13536388e+03 1.53453973e+01
v 6.10442871e+03 5.13509988e+03 1.94323824e+01
v 6.10601601e+03 5.13556005e+03 1.83762374e+01
v 6.11159317e+03 5.13479466e+03 1.95468335e+01
v 6.10927836e+03 5.13517224e+03 1.99515924e+01
v 6.10617901e+03 5.13535854e+03 1.97300334e+01
v 6.11176581e+03 5.13517097e+03 1.83134310e+01
v 6.10803947e+03 5.13493743e+03 1.94359588e+01
v 6.11820544e+03 5.13490085e+03 1.93546800e+01
v 6.11633954e+03 5.13492997e+03 1.88666340e+01
v 6.11483720e+03 5.13458357e+03 1.93591369e+01
v 6.11911051e+03 5.13456947e+03 1.87132254e+01
v 6.11497132e+03 5.13481051e+03 2.05315471e+01
v 6.11768084e+03 5.13502368e+03 2.17004600e+01
v 6.11469349e+03 5.13464904e+03 2.30441885e+01
v 6.11913325e+03 5.13451338e+03 2.24457467e+01
v 6.10233961e+03 5.13570800e+03 2.00663809e+01
v 6.10374928e+03 5.13541756e+03 2.13346386e+01
v 6.11941659e+03 5.13515451e+03 2.47867904e+01
v 6.12064425e+03 5.13487490e+03 2.37112822e+01
v 6.11845697e+03 5.13506217e+03 2.40969965e+01
v 6.11607308e+03 5.13522250e+03 1.46904085e+01
v 6.11695403e+03 5.13577494e+03 1.39976470e+01
v 6.11436763e+03 5.13540228e+03 1.47870179e+01
v 6.11055304e+03 5.13534373e+03 2.87991015e+01
v 6.11145768e+03 5.13476686e+03 2.68030715e+01
v 6.11560208e+03 5.13483330e+03 2.75295196e+01
v 6.11486599e+03 5.13452237e+03 2.65126341e+01
v 6.11478783e+03 5.13482387e+03 2.47621176e+01
v 6.11912311e+03 5.13464303e+03 2.56014649e+01
v 6.10280601e+03 5.13577054e+03 2.90691820e+01
v 6.10576051e+03 5.13577396e+03 2.90050056e+01
v 6.10464896e+03 5.13506408e+03 2.64535697e+01
v 6.10407109e+03 5.13578444e+03 2.91861458e+01
v 6.10457474e+03 5.13508727e+03 3.01769630e+01
v 6.10603564e+03 5.13543603e+03 2.99028433e+01
v 6.11161845e+03 5.13467744e+03 3.01346775e+01
v 6.10942231e+03 5.13534088e+03 2.96950832e+01
v 6.11753900e+03 5.13514785e+03 3.12971406e+01
v 6.11777873e+03 5.13365242e+03 3.21494633e+01
v 6.11573568e+03 5.13464388e+03 3.23427448e+01
v 6.10326106e+03 5.13559036e+03 3.13410348e+01
v 6.10266995e+03 5.13577088e+03 3.22993787e+01
v 6.10933568e+03 5.13571910e+03 2.91017435e+01
v 6.10594233e+03 5.13422116e+03 3.30199144e+01
v 6.10925449e+03 5.13442608e+03 3.28099290e+01
v 6.10307192e+03 5.13495060e+03 3.25767555e+01
v 6.11731113e+03 5.13492140e+03 3.25653467e+01
v 6.11648178e+03 5.13355995e+03 3.30713163e+01
v 6.10981184e+03 5.13379603e+03 3.35438772e+01
v 6.11009526e+03 5.13244640e+03 3.39777933e+01
v 6.10945868e+03 5.13366347e+03 3.48212478e+01
v 6.11764102e+03 5.13221867e+03 3.32313145e+01
v 6.11717452e+03 5.13312182e+03 3.38934623e+01
v 6.11710658e+03 5.13003208e+03 3.59107533e+01
v 6.10934831e+03 5.13340531e+03 3.41856985e+01
v 6.10974173e+03 5.13340996e+03 3.46166977e+01
v 6.11228814e+03 5.12930899e+03 3.59867891e+01
v 6.10979843e+03 5.13367754e+03 3.66541534e+01
v 6.10938541e+03 5.13303094e+03 3.47859567e+01
v 6.10979516e+03 5.13092805e+03 3.54747138e+01
v 6.10962045e+03 5.13267462e+03 3.48530733e+01
v 6.11003515e+03 5.12937975e+03 3.60775782e+01
v 6.11633640e+03 5.12926991e+03 3.65806171e+01
v 6.11584300e+03 5.13063668e+03 3.48953376e+01
v 6.11728923e+03 5.12957523e+03 3.67755290e+01
v 6.12106585e+03 5.13005720e+03 3.59870928e+01
v 6.11462361e+03 5.12888333e+03 3.61725953e+01
v 6.11488067e+03 5.12823294e+03 3.58994286e+01
v 6.11718732e+03 5.12734329e+03 3.64691778e+01
v 6.11398848e+03 5.12680983e+03 3.51580364e+01
v 6.10983042e+03 5.12827574e+03 3.56712935e+01
v 6.10911618e+03 5.13170855e+03 3.49406778e+01
v 6.10920845e+03 5.13369582e+03 3.67601821e+01
v 6.11757333e+03 5.12949266e+03 3.50208923e+01
v 6.11980892e+03 5.12948460e+03 3.52934112e+01
v 6.11712897e+03 5.12691065e+03 3.41514971e+01
v 6.12073116e+03 5.12969400e+03 3.52833744e+01
v 6.11092750e+03 5.12635588e+03 3.50799839e+01
v 6.10523988e+03 5.12843298e+03 3.55934027e+01
v 6.10594699e+03 5.12869668e+03 3.57237978e+01
v 6.10517486e+03 5.12678092e+03 3.48885947e+01
v 6.10759764e+03 5.12780164e+03 3.54957691e+01
v 6.10476726e+03 5.12778513e+03 3.56672492e+01
v 6.10854297e+03 5.12960894e+03 3.61795123e+01
v 6.10623096e+03 5.12938447e+03 3.60868507e+01
v 6.10467881e+03 5.12875807e+03 3.59821718e+01
v 6.10570283e+03 5.12886364e+03 3.69760945e+01
v 6.10450084e+03 5.12909474e+03 3.68974141e+01
v 6.10513996e+03 5.12726925e+03 3.68003371e+01
v 6.10461564e+03 5.12609969e+03 3.69045816e+01
v 6.10505293e+03 5.12612248e+03 3.67819718e+01
v 6.10607617e+03 5.13122434e+03 3.48553561e+01
v 6.11668722e+03 5.12796206e+03 3.65650631e+01
v 6.11632737e+03 5.12482115e+03 3.44315167e+01
v 6.11620374e+03 5.12701478e+03 3.52146607e+01
v 6.10917395e+03 5.12622552e+03 3.48327658e+01
v 6.10467122e+03 5.12575999e+03 3.55658670e+01
v 6.10911356e+03 5.13124568e+03 3.67671622e+01
v 6.10304231e+03 5.12954375e+03 3.67453122e+01
v 6.10873302e+03 5.13048872e+03 3.53213589e+01
v 6.10321573e+03 5.13031395e+03 3.57741614e+01
v 6.10949699e+03 5.12922756e+03 3.68479054e+01
v 6.10471045e+03 5.12711168e+03 3.68599227e+01
v 6.10880447e+03 5.12587530e+03 3.55878599e+01
v 6.10839620e+03 5.12576448e+03 3.48289281e+01
v 6.11253776e+03 5.12629637e+03 3.49967421e+01
v 6.11184030e+03 5.12559747e+03 3.47978417e+01
v 6.11245838e+03 5.12553036e+03 3.59816384e+01
v 6.11238266e+03 5.12488544e+03 3.53669713e+01
v 6.10872966e+03 5.12553998e+03 3.65614074e+01
v 6.10506041e+03 5.12496838e+03 3.43211212e+01
v 6.11289268e+03 5.12499045e+03 3.44235507e+01
v 6.09475806e+03 5.14511646e+03 1.42985095e+01
v 6.09600686e+03 5.14243978e+03 1.48664974e+01
v 6.09865642e+03 5.14488074e+03 1.44281333e+01
v 6.09437490e+03 5.15044195e+03 1.53229447e+01
v 6.09686608e+03 5.15009032e+03 1.46951417e+01
v 6.09822958e+03 5.14195053e+03 1.47568385e+01
v 6.09951462e+03 5.14110765e+03 1.55319979e+01
v 6.09852022e+03 5.15613909e+03 1.55117130e+01
v 6.09671562e+03 5.15609109e+03 1.87037351e+01
v 6.09661720e+03 5.15630200e+03 1.77821895e+01
v 6.09808341e+03 5.15599424e+03 1.66084368e+01
v 6.09921582e+03 5.14252029e+03 1.47962070e+01
v 6.09428929e+03 5.15586834e+03 1.45990457e+01
v 6.09870714e+03 5.15272051e+03 1.47151041e+01
v 6.09830066e+03 5.15526878e+03 1.43148953e+01
v 6.09561839e+03 5.15642053e+03 2.17777966e+01
v 6.09586434e+03 5.15614060e+03 2.14034908e+01
v 6.09676611e+03 5.15530731e+03 2.08055466e+01
v 6.09977543e+03 5.15406553e+03 1.79348062e+01
v 6.09988351e+03 5.15591695e+03 1.47502677e+01
v 6.10002689e+03 5.15565789e+03 2.73851292e+01
v 6.09400265e+03 5.14984040e+03 1.44800664e+01
v 6.09605928e+03 5.15061724e+03 1.58231322e+01
v 6.09859499e+03 5.15045129e+03 1.48441966e+01
v 6.09964573e+03 5.15095439e+03 1.52031934e+01
v 6.09530745e+03 5.14068241e+03 1.49056923e+01
v 6.09717181e+03 5.14143804e+03 1.55046995e+01
v 6.09627489e+03 5.15479281e+03 1.44384745e+01
v 6.09886030e+03 5.15394902e+03 1.42517629e+01
v 6.09492149e+03 5.15630897e+03 1.54259519e+01
v 6.09662084e+03 5.14853581e+03 1.46098745e+01
v 6.09658912e+03 5.15642010e+03 1.48031734e+01
v 6.09791589e+03 5.15589696e+03 1.47419617e+01
v 6.09726488e+03 5.15247945e+03 1.48880686e+01
v 6.09466382e+03 5.15182447e+03 1.55317088e+01
v 6.09674379e+03 5.15184455e+03 1.55227148e+01
v 6.09758635e+03 5.15063590e+03 1.50500364e+01
v 6.09496545e+03 5.15103147e+03 1.58021684e+01
v 6.09561921e+03 5.15300599e+03 1.45126589e+01
v 6.09716188e+03 5.15485216e+03 1.86285097e+01
v 6.09827145e+03 5.15365108e+03 1.91779649e+01
v 6.09845247e+03 5.15372866e+03 2.08191913e+01
v 6.09499693e+03 5.15636822e+03 1.81191932e+01
v 6.09590710e+03 5.15630391e+03 1.99665681e+01
v 6.09741818e+03 5.15441288e+03 2.03169044e+01
v 6.09494837e+03 5.15641905e+03 1.91175134e+01
v 6.09504463e+03 5.15648314e+03 1.97950844e+01
v 6.09603652e+03 5.15605561e+03 2.26300499e+01
v 6.09659363e+03 5.15485584e+03 2.36497070e+01
v 6.09643491e+03 5.15623543e+03 2.38402730e+01
v 6.09706141e+03 5.15454594e+03 2.17636510e+01
v 6.09844909e+03 5.15464249e+03 2.27697497e+01
v 6.09636894e+03 5.15495890e+03 2.21482291e+01
v 6.09990612e+03 5.15390922e+03 2.44307477e+01
v 6.09867758e+03 5.15524992e+03 2.39223874e+01
v 6.09994178e+03 5.15486760e+03 2.45235372e+01
v 6.10039476e+03 5.15579541e+03 2.64043975e+01
v 6.09534460e+03 5.14246430e+03 2.40283891e+01
v 6.09530709e+03 5.14158619e+03 2.37762783e+01
v 6.09524657e+03 5.14246714e+03 2.39513626e+01
v 6.09779569e+03 5.15566696e+03 2.36915091e+01
v 6.09525114e+03 5.14371817e+03 2.39622247e+01
v 6.09350000e+03 5.12666237e+03 3.66728215e+01
v 6.09350000e+03 5.12660294e+03 3.74775023e+01
v 6.09350000e+03 5.13200351e+03 3.18750462e+01
v 6.09350000e+03 5.13187283e+03 3.14020705e+01
v 6.09350000e+03 5.12619367e+03 3.55130215e+01
v 6.09350000e+03 5.12669177e+03 3.64121965e+01
v 6.09350000e+03 5.12699736e+03 3.57347602e+01
v 6.09350000e+03 5.13145088e+03 3.27586944e+01
v 6.09350000e+03 5.13111593e+03 3.28299491e+01
v 6.09350000e+03 5.12650130e+03 3.60188986e+01
v 6.09350000e+03 5.12797386e+03 3.48113142e+01
v 6.09350000e+03 5.12914590e+03 3.38509817e+01
v 6.09350000e+03 5.12719171e+03 3.52902826e+01
v 6.09350000e+03 5.12981257e+03 3.34582509e+01
v 6.09350000e+03 5.13185918e+03 3.21148180e+01
v 6.09350000e+03 5.13191272e+03 3.07926944e+01
v 6.09350000e+03 5.13201110e+03 2.99904032e+01
v 6.09350000e+03 5.13248839e+03 2.85662690e+01
v 6.09350000e+03 5.13200484e+03 2.66324323e+01
v 6.09350000e+03 5.13253268e+03 2.87748433e+01
v 6.09350000e+03 5.13242012e+03 2.89910169e+01
v 6.09350000e+03 5.13243987e+03 2.55836623e+01
v 6.09350000e+03 5.13215734e+03 2.59642969e+01
v 6.09350000e+03 5.13226467e+03 2.50927219e+01
v 6.09350000e+03 5.13243502e+03 1.81527801e+01
v 6.09350000e+03 5.13244608e+03 1.81944378e+01
v 6.09350000e+03 5.13449251e+03 1.51606295e+01
v 6.09350000e+03 5.13448316e+03 1.51585097e+01
v 6.09350000e+03 5.14128086e+03 1.48948756e+01
v 6.09350000e+03 5.14138141e+03 1.48960693e+01
v 6.09350000e+03 5.13233682e+03 2.20583930e+01
v 6.09350000e+03 5.13209366e+03 2.32317816e+01
v 6.09350000e+03 5.13251918e+03 2.15653703e+01
v 6.09350000e+03 5.13218614e+03 1.96781031e+01
v 6.09350000e+03 5.13239282e+03 1.83439556e+01
v 6.09350000e+03 5.13207806e+03 1.59204100e+01
v 6.09350000e+03 5.13203065e+03 1.61431428e+01
v 6.09350000e+03 5.13216013e+03 1.65953095e+01
v 6.09350000e+03 5.13469751e+03 1.51388027e+01
v 6.09350000e+03 5.13929861e+03 1.49112593e+01
v 6.09350000e+03 5.15046297e+03 1.49833761e+01
v 6.09350000e+03 5.15004066e+03 1.45002641e+01
v 6.09350000e+03 5.15123580e+03 1.53011538e+01
v 6.09350000e+03 5.15114258e+03 1.52897292e+01
v 6.09350000e+03 5.15272943e+03 1.45183921e+01
v 6.09350000e+03 5.15268688e+03 1.45513493e+01
v 6.09350000e+03 5.15309803e+03 1.45284437e+01
v 6.09350000e+03 5.15574107e+03 1.46076138e+01
v 6.09350000e+03 5.15279378e+03 1.45156535e+01
v 6.09350000e+03 5.14880855e+03 1.45613717e+01
v 6.09350000e+03 5.14513004e+03 1.45265684e+01
v 6.09350000e+03 5.14977073e+03 1.44783824e+01
v 6.09350000e+03 5.14948759e+03 1.45314224e+01
v 6.09350000e+03 5.12638311e+03 3.64602482e+01
v 6.09350000e+03 5.13447436e+03 1.51609181e+01
v 6.09350000e+03 5.13704462e+03 1.48998173e+01
v 6.09350000e+03 5.14141951e+03 1.49013046e+01
v 6.09350000e+03 5.15263888e+03 1.46054919e+01
v 6.09350000e+03 5.14158305e+03 1.48974428e+01
v 6.12525000e+03 5.15564908e+03 2.53137434e+01
v 6.12525000e+03 5.15549405e+03 2.50075123e+01
v 6.12525000e+03 5.15476695e+03 1.38427088e+01
v 6.12525000e+03 5.15511810e+03 1.49377185e+01
v 6.12525000e+03 5.15584239e+03 1.66755428e+01
v 6.12525000e+03 5.15592358e+03 1.66479506e+01
v 6.12525000e+03 5.15481496e+03 2.00413051e+01
v 6.12525000e+03 5.15479534e+03 2.01181986e+01
v 6.12525000e+03 5.15571897e+03 2.07890631e+01
v 6.12525000e+03 5.15547359e+03 2.09392485e+01
v 6.12525000e+03 5.15506775e+03 2.09303772e+01
v 6.12525000e+03 5.15052395e+03 1.54101452e+01
v 6.12525000e+03 5.15008723e+03 1.54021432e+01
v 6.12525000e+03 5.15076767e+03 1.51492443e+01
v 6.12525000e+03 5.15429085e+03 1.86131746e+01
v 6.12525000e+03 5.15460923e+03 1.80770266e+01
v 6.12525000e+03 5.15469547e+03 1.98160669e+01
v 6.12525000e+03 5.15548310e+03 1.49286303e+01
v 6.12525000e+03 5.14084089e+03 1.43899962e+01
v 6.12525000e+03 5.13973584e+03 1.49500890e+01
v 6.12525000e+03 5.13887056e+03 1.47210558e+01
v 6.12525000e+03 5.14253338e+03 1.39539690e+01
v 6.12525000e+03 5.14096275e+03 1.43412508e+01
v 6.12525000e+03 5.14924969e+03 1.53820351e+01
v 6.12525000e+03 5.15473553e+03 1.38093795e+01
v 6.12525000e+03 5.15471157e+03 1.37962569e+01
v 6.12525000e+03 5.15643070e+03 1.48059594e+01
v 6.12525000e+03 5.15467396e+03 1.37951977e+01
v 6.12525000e+03 5.13473385e+03 2.22339271e+01
v 6.12525000e+03 5.13475349e+03 2.21954787e+01
v 6.12525000e+03 5.13474344e+03 2.23375999e+01
v 6.12525000e+03 5.13474508e+03 2.25077505e+01
v 6.12525000e+03 5.13471383e+03 1.87054686e+01
v 6.12525000e+03 5.13473845e+03 2.20797451e+01
v 6.12525000e+03 5.13472557e+03 1.85373057e+01
v 6.12525000e+03 5.13480667e+03 1.65466495e+01
v 6.12525000e+03 5.13462968e+03 1.59539090e+01
v 6.12525000e+03 5.13549098e+03 1.41684120e+01
v 6.12525000e+03 5.13604305e+03 1.43996589e+01
v 6.12525000e+03 5.13450675e+03 1.50564186e+01
v 6.12525000e+03 5.13483341e+03 1.43558483e+01
v 6.12525000e+03 5.13505701e+03 2.85693505e+01
v 6.12525000e+03 5.13536604e+03 2.83401961e+01
v 6.12525000e+03 5.13539358e+03 2.82878571e+01
v 6.12525000e+03 5.13488189e+03 2.72672523e+01
v 6.12525000e+03 5.13532659e+03 2.81627189e+01
v 6.12525000e+03 5.13479693e+03 2.88313848e+01
v 6.12525000e+03 5.13423025e+03 3.15921166e+01
v 6.12525000e+03 5.13483855e+03 3.10900437e+01
v 6.12525000e+03 5.13472552e+03 2.91776145e+01
v 6.12525000e+03 5.13467793e+03 3.04969640e+01
v 6.12525000e+03 5.13310404e+03 3.26999674e+01
v 6.12525000e+03 5.13309270e+03 3.27291856e+01
v 6.12525000e+03 5.13043691e+03 3.42903491e+01
v 6.12525000e+03 5.12709918e+03 3.38632945e+01
v 6.12525000e+03 5.13305947e+03 3.27293252e+01
v 6.12525000e+03 5.13184217e+03 3.32944418e+01
v 6.12525000e+03 5.12526745e+03 3.58779436e+01
v 6.12525000e+03 5.12501173e+03 3.57501666e+01
v 6.12525000e+03 5.12480529e+03 3.46250640e+01
v 6.12525000e+03 5.12564356e+03 3.57206002e+01
v 6.12525000e+03 5.12609147e+03 3.46204464e+01
v 6.12525000e+03 5.12686813e+03 3.38435657e+01
v 6.12525000e+03 5.12542959e+03 3.59383218e+01
v 6.12525000e+03 5.13695316e+03 1.44521136e+01
v 6.12525000e+03 5.13803087e+03 1.45069670e+01
v 6.12525000e+03 5.13435481e+03 1.52820834e+01
v 6.12525000e+03 5.15582649e+03 1.67505866e+01
v 6.12525000e+03 5.15573772e+03 1.68642216e+01
v 6.12525000e+03 5.15529711e+03 2.42261854e+01
v 6.12525000e+03 5.15578227e+03 2.33021863e+01
v 6.12525000e+03 5.15647959e+03 2.34203310e+01
v 6.12525000e+03 5.15429663e+03 1.88486293e+01
v 6.12525000e+03 5.15489181e+03 2.09265372e+01
v 6.12525000e+03 5.15480087e+03 2.03020479e+01
v 6.12525000e+03 5.14897756e+03 1.41943140e+01
v 6.12525000e+03 5.14093749e+03 1.43642608e+01
v 6.12525000e+03 5.14405304e+03 1.37604030e+01
v 6.12525000e+03 5.14824591e+03 1.40418041e+01
v 6.12525000e+03 5.14891761e+03 1.40753167e+01
v 6.12525000e+03 5.14895335e+03 1.40814893e+01
v 6.12525000e+03 5.15244656e+03 1.37751049e+01
v 6.12525000e+03 5.15098308e+03 1.50562132e+01
v 6.12525000e+03 5.13488060e+03 2.70746175e+01
v 6.12525000e+03 5.13479720e+03 2.50991846e+01
v 6.12525000e+03 5.13475257e+03 2.89873690e+01
v 6.12525000e+03 5.14311854e+03 1.37871034e+01
v 6.12525000e+03 5.15617594e+03 1.65758833e+01
v 6.09720871e+03 5.12475000e+03 3.60789755e+01
v 6.09711679e+03 5.12475000e+03 3.58797472e+01
v 6.09793781e+03 5.12475000e+03 3.59395381e+01
v 6.09820036e+03 5.12475000e+03 3.59414910e+01
v 6.09788451e+03 5.12475000e+03 3.61412340e+01
v 6.09351503e+03 5.12475000e+03 3.57055464e+01
v 6.09415406e+03 5.12475000e+03 3.58899078e+01
v 6.10058825e+03 5.12475000e+03 3.40593898e+01
v 6.10054320e+03 5.12475000e+03 3.40790007e+01
v 6.09868746e+03 5.12475000e+03 3.55207263e+01
v 6.09538654e+03 5.12475000e+03 3.59005808e+01
v 6.09773393e+03 5.12475000e+03 3.73129182e+01
v 6.09775767e+03 5.12475000e+03 3.72954679e+01
v 6.09776092e+03 5.12475000e+03 3.72313660e+01
v 6.09722088e+03 5.12475000e+03 3.63517813e+01
v 6.10270711e+03 5.12475000e+03 3.40537350e+01
v 6.11639619e+03 5.12475000e+03 3.51402862e+01
v 6.11635296e+03 5.12475000e+03 3.44957250e+01
v 6.12048149e+03 5.12475000e+03 3.35194570e+01
v 6.12041923e+03 5.12475000e+03 3.34926529e+01
v 6.11707389e+03 5.12475000e+03 3.33831514e+01
v 6.11695141e+03 5.12475000e+03 3.46597323e+01
v 6.12015956e+03 5.12475000e+03 3.34842193e+01
v 6.11821253e+03 5.12475000e+03 3.34373695e+01
v 6.11632769e+03 5.12475000e+03 3.44204203e+01
v 6.11631086e+03 5.12475000e+03 3.43954623e+01
v 6.12071070e+03 5.12475000e+03 3.36374885e+01
v 6.12053288e+03 5.12475000e+03 3.35666731e+01
v 6.11622578e+03 5.12475000e+03 3.43959863e+01
v 6.10854939e+03 5.12475000e+03 3.52197184e+01
v 6.10815194e+03 5.12475000e+03 3.42088610e+01
v 6.11043050e+03 5.12475000e+03 3.43400907e+01
v 6.11082748e+03 5.12475000e+03 3.43633682e+01
v 6.10611671e+03 5.12475000e+03 3.41951271e+01
v 6.10498002e+03 5.12475000e+03 3.42268104e+01
v 6.11206700e+03 5.12475000e+03 3.43687386e+01
v 6.10379720e+03 5.12475000e+03 3.40694109e+01
v 6.11701749e+03 5.12475000e+03 3.50379472e+01
v 6.11307279e+03 5.12475000e+03 3.43166495e+01
v 6.11267840e+03 5.12475000e+03 3.43227582e+01
v 6.11234702e+03 5.12475000e+03 3.51085206e+01
v 6.11003131e+03 5.12475000e+03 3.42964819e+01
v 6.10758064e+03 5.12475000e+03 3.41162948e+01
v 6.11640662e+03 5.12475000e+03 3.45296978e+01
v 6.11633732e+03 5.12475000e+03 3.44546509e+01
v 6.10900620e+03 5.12475000e+03 3.51576858e+01
v 6.10870423e+03 5.12475000e+03 3.55142819e+01
v 6.10862057e+03 5.12475000e+03 3.56108216e+01
v 6.10912683e+03 5.12475000e+03 3.42728457e+01
v 6.10800229e+03 5.12475000e+03 3.41417219e+01
v 6.11703511e+03 5.12475000e+03 3.63758227e+01
v 6.11653396e+03 5.12475000e+03 3.64954897e+01
v 6.11712008e+03 5.12475000e+03 3.57664250e+01
v 6.11713285e+03 5.12475000e+03 3.63624115e+01
v 6.12217606e+03 5.12475000e+03 3.45710826e+01
v 6.12417564e+03 5.12475000e+03 3.54448293e+01
v 6.12444057e+03 5.12475000e+03 3.51482526e+01
v 6.12343067e+03 5.12475000e+03 3.50711158e+01
v 6.12354850e+03 5.12475000e+03 3.51173261e+01
v 6.12370098e+03 5.12475000e+03 3.53452505e+01
v 6.12257985e+03 5.12475000e+03 3.50036104e+01
v 6.09361507e+03 5.12475000e+03 3.57344084e+01
v 6.09350000e+03 5.12475000e+03 3.57055143e+01
v 6.12487848e+03 5.12475000e+03 3.47828119e+01
v 6.12525000e+03 5.12475000e+03 3.44727730e+01
v 6.09740812e+03 5.15650000e+03 2.49239279e+01
v 6.09742387e+03 5.15650000e+03 2.49433399e+01
v 6.09729884e+03 5.15650000e+03 2.48549244e+01
v 6.09543185e+03 5.15650000e+03 1.76007604e+01
v 6.09547908e+03 5.15650000e+03 1.64498146e+01
v 6.09852424e+03 5.15650000e+03 2.51204772e+01
v 6.09859211e+03 5.15650000e+03 2.53827052e+01
v 6.09861697e+03 5.15650000e+03 2.67523697e+01
v 6.09857703e+03 5.15650000e+03 2.52686678e+01
v 6.09619403e+03 5.15650000e+03 2.36496818e+01
v 6.09616119e+03 5.15650000e+03 2.43645442e+01
v 6.09606291e+03 5.15650000e+03 2.33371719e+01
v 6.09520355e+03 5.15650000e+03 2.28335261e+01
v 6.09513959e+03 5.15650000e+03 2.17462340e+01
v 6.09578593e+03 5.15650000e+03 2.24347334e+01
v 6.09572246e+03 5.15650000e+03 2.18528318e+01
v 6.10113950e+03 5.15650000e+03 2.60851132e+01
v 6.10080598e+03 5.15650000e+03 2.62009335e+01
v 6.09862241e+03 5.15650000e+03 2.67580322e+01
v 6.10068220e+03 5.15650000e+03 2.72425331e+01
v 6.09966677e+03 5.15650000e+03 2.78436146e+01
v 6.10063841e+03 5.15650000e+03 2.74032441e+01
v 6.09525069e+03 5.15650000e+03 2.26528050e+01
v 6.09513876e+03 5.15650000e+03 2.01214683e+01
v 6.09492213e+03 5.15650000e+03 1.92038996e+01
v 6.09502192e+03 5.15650000e+03 1.99357667e+01
v 6.09500716e+03 5.15650000e+03 1.98362171e+01
v 6.09531502e+03 5.15650000e+03 2.07223545e+01
v 6.09501893e+03 5.15650000e+03 1.91327871e+01
v 6.09493866e+03 5.15650000e+03 1.89323649e+01
v 6.09500377e+03 5.15650000e+03 1.97449869e+01
v 6.09503298e+03 5.15650000e+03 1.97879480e+01
v 6.09493099e+03 5.15650000e+03 1.91030363e+01
v 6.09477020e+03 5.15650000e+03 1.83006254e+01
v 6.09483429e+03 5.15650000e+03 1.80581045e+01
v 6.09513938e+03 5.15650000e+03 2.13996259e+01
v 6.09477306e+03 5.15650000e+03 1.58673609e+01
v 6.09486886e+03 5.15650000e+03 1.78834098e+01
v 6.09509722e+03 5.15650000e+03 1.56262425e+01
v 6.09445483e+03 5.15650000e+03 1.49302340e+01
v 6.09424548e+03 5.15650000e+03 1.47510261e+01
v 6.09514354e+03 5.15650000e+03 1.54055460e+01
v 6.09508981e+03 5.15650000e+03 1.50142222e+01
v 6.09809980e+03 5.15650000e+03 1.55253981e+01
v 6.09774798e+03 5.15650000e+03 1.52235186e+01
v 6.09647437e+03 5.15650000e+03 1.48770842e+01
v 6.09676480e+03 5.15650000e+03 1.49267266e+01
v 6.09878296e+03 5.15650000e+03 2.75941211e+01
v 6.09613940e+03 5.15650000e+03 1.73708395e+01
v 6.09519092e+03 5.15650000e+03 2.03282086e+01
v 6.09535864e+03 5.15650000e+03 2.16592119e+01
v 6.09790545e+03 5.15650000e+03 1.67352175e+01
v 6.09732115e+03 5.15650000e+03 1.68933506e+01
v 6.09489772e+03 5.15650000e+03 1.54409679e+01
v 6.09570157e+03 5.15650000e+03 2.16986602e+01
v 6.09502982e+03 5.15650000e+03 1.98056722e+01
v 6.09662358e+03 5.15650000e+03 1.75895370e+01
v 6.09783355e+03 5.15650000e+03 1.60100317e+01
v 6.09660207e+03 5.15650000e+03 1.48084710e+01
v 6.10523154e+03 5.15650000e+03 2.35539901e+01
v 6.10495818e+03 5.15650000e+03 2.40664834e+01
v 6.10297324e+03 5.15650000e+03 2.52246801e+01
v 6.10247713e+03 5.15650000e+03 2.55259891e+01
v 6.10819668e+03 5.15650000e+03 2.54460886e+01
v 6.10850916e+03 5.15650000e+03 2.60112064e+01
v 6.10868769e+03 5.15650000e+03 2.44674446e+01
v 6.10848555e+03 5.15650000e+03 2.40842724e+01
v 6.11433632e+03 5.15650000e+03 1.44470100e+01
v 6.11424668e+03 5.15650000e+03 1.44610928e+01
v 6.11078382e+03 5.15650000e+03 2.89034690e+01
v 6.10957570e+03 5.15650000e+03 2.78992981e+01
v 6.10877673e+03 5.15650000e+03 2.60964653e+01
v 6.10922813e+03 5.15650000e+03 2.66054702e+01
v 6.10192206e+03 5.15650000e+03 2.55288732e+01
v 6.10217714e+03 5.15650000e+03 2.54172397e+01
v 6.10231532e+03 5.15650000e+03 2.54830791e+01
v 6.10354829e+03 5.15650000e+03 2.51277595e+01
v 6.10377941e+03 5.15650000e+03 2.48485555e+01
v 6.10827937e+03 5.15650000e+03 2.51904401e+01
v 6.10856852e+03 5.15650000e+03 2.46022381e+01
v 6.10816748e+03 5.15650000e+03 2.54021808e+01
v 6.10820241e+03 5.15650000e+03 2.52992616e+01
v 6.10813552e+03 5.15650000e+03 2.34968576e+01
v 6.10568439e+03 5.15650000e+03 2.20053924e+01
v 6.10638101e+03 5.15650000e+03 2.14998748e+01
v 6.10436017e+03 5.15650000e+03 2.41718139e+01
v 6.10759635e+03 5.15650000e+03 2.27926913e+01
v 6.10729249e+03 5.15650000e+03 2.20580733e+01
v 6.10672351e+03 5.15650000e+03 2.12762120e+01
v 6.10701044e+03 5.15650000e+03 2.17787780e+01
v 6.10538083e+03 5.15650000e+03 2.26943268e+01
v 6.10665370e+03 5.15650000e+03 1.64587557e+01
v 6.10759227e+03 5.15650000e+03 1.65929404e+01
v 6.11150582e+03 5.15650000e+03 1.84543767e+01
v 6.11184984e+03 5.15650000e+03 1.85171977e+01
v 6.11431353e+03 5.15650000e+03 1.88616969e+01
v 6.11592799e+03 5.15650000e+03 1.83196677e+01
v 6.11372067e+03 5.15650000e+03 1.90814441e+01
v 6.11446171e+03 5.15650000e+03 1.44356497e+01
v 6.11454919e+03 5.15650000e+03 1.44605181e+01
v 6.11672796e+03 5.15650000e+03 1.42782088e+01
v 6.11653694e+03 5.15650000e+03 1.42764755e+01
v 6.10913589e+03 5.15650000e+03 1.52456963e+01
v 6.10894718e+03 5.15650000e+03 1.51769528e+01
v 6.11046033e+03 5.15650000e+03 1.50427013e+01
v 6.10583001e+03 5.15650000e+03 1.50166812e+01
v 6.10667158e+03 5.15650000e+03 1.47703909e+01
v 6.10546516e+03 5.15650000e+03 1.51949510e+01
v 6.10781936e+03 5.15650000e+03 1.47593760e+01
v 6.11734654e+03 5.15650000e+03 1.48451089e+01
v 6.11641698e+03 5.15650000e+03 1.43414027e+01
v 6.11513019e+03 5.15650000e+03 3.43578813e+01
v 6.11569199e+03 5.15650000e+03 3.36482182e+01
v 6.12122613e+03 5.15650000e+03 3.59155237e+01
v 6.11979849e+03 5.15650000e+03 3.53567354e+01
v 6.11648662e+03 5.15650000e+03 3.34990417e+01
v 6.10948802e+03 5.15650000e+03 2.74452249e+01
v 6.10956083e+03 5.15650000e+03 2.78859920e+01
v 6.11731161e+03 5.15650000e+03 3.15522618e+01
v 6.11697380e+03 5.15650000e+03 3.09874002e+01
v 6.11812312e+03 5.15650000e+03 3.20022176e+01
v 6.11672187e+03 5.15650000e+03 3.11565137e+01
v 6.11095398e+03 5.15650000e+03 3.03301588e+01
v 6.11109287e+03 5.15650000e+03 3.13486783e+01
v 6.11086311e+03 5.15650000e+03 3.01267007e+01
v 6.11081129e+03 5.15650000e+03 2.90994127e+01
v 6.11109326e+03 5.15650000e+03 3.13529246e+01
v 6.11109366e+03 5.15650000e+03 3.13533131e+01
v 6.11109437e+03 5.15650000e+03 3.13546753e+01
v 6.11109940e+03 5.15650000e+03 3.22510232e+01
v 6.11109372e+03 5.15650000e+03 3.13537489e+01
v 6.11465825e+03 5.15650000e+03 3.46741993e+01
v 6.11483944e+03 5.15650000e+03 3.47052087e+01
v 6.11651195e+03 5.15650000e+03 3.33931625e+01
v 6.11136224e+03 5.15650000e+03 3.31630676e+01
v 6.11157480e+03 5.15650000e+03 3.32442297e+01
v 6.11257933e+03 5.15650000e+03 3.43785906e+01
v 6.11256449e+03 5.15650000e+03 3.43324542e+01
v 6.11359669e+03 5.15650000e+03 3.50039024e+01
v 6.11316814e+03 5.15650000e+03 3.50369314e+01
v 6.11511292e+03 5.15650000e+03 3.45098948e+01
v 6.11936569e+03 5.15650000e+03 3.49705128e+01
v 6.11930875e+03 5.15650000e+03 3.48190606e+01
v 6.11888670e+03 5.15650000e+03 3.31808472e+01
v 6.11889120e+03 5.15650000e+03 3.31962549e+01
v 6.11411262e+03 5.15650000e+03 3.49114898e+01
v 6.11206243e+03 5.15650000e+03 3.34195404e+01
v 6.11222384e+03 5.15650000e+03 3.37973590e+01
v 6.11673555e+03 5.15650000e+03 3.24476720e+01
v 6.11667840e+03 5.15650000e+03 3.32272115e+01
v 6.11765458e+03 5.15650000e+03 1.50840978e+01
v 6.11758572e+03 5.15650000e+03 1.52579110e+01
v 6.10971982e+03 5.15650000e+03 1.71012497e+01
v 6.11014446e+03 5.15650000e+03 1.72759727e+01
v 6.11183277e+03 5.15650000e+03 1.47162546e+01
v 6.11393008e+03 5.15650000e+03 1.44862216e+01
v 6.11763723e+03 5.15650000e+03 1.50120763e+01
v 6.11701051e+03 5.15650000e+03 1.71500960e+01
v 6.11736351e+03 5.15650000e+03 1.67449500e+01
v 6.10768739e+03 5.15650000e+03 2.32266742e+01
v 6.10605119e+03 5.15650000e+03 1.61925524e+01
v 6.11610093e+03 5.15650000e+03 1.82518860e+01
v 6.10560454e+03 5.15650000e+03 1.54229679e+01
v 6.11119027e+03 5.15650000e+03 1.49083555e+01
v 6.10885849e+03 5.15650000e+03 1.56598145e+01
v 6.12511500e+03 5.15650000e+03 2.60304540e+01
v 6.12516061e+03 5.15650000e+03 2.66072060e+01
v 6.12493287e+03 5.15650000e+03 2.93584521e+01
v 6.12513399e+03 5.15650000e+03 2.92476097e+01
v 6.12503336e+03 5.15650000e+03 2.84881516e+01
v 6.12445614e+03 5.15650000e+03 2.20359739e+01
v 6.12492556e+03 5.15650000e+03 2.30769073e+01
v 6.12486634e+03 5.15650000e+03 2.04806577e+01
v 6.12493696e+03 5.15650000e+03 1.48915315e+01
v 6.12433222e+03 5.15650000e+03 2.11892509e+01
v 6.12450386e+03 5.15650000e+03 2.08011477e+01
v 6.12494944e+03 5.15650000e+03 1.56856699e+01
v 6.12447341e+03 5.15650000e+03 2.98998794e+01
v 6.12409671e+03 5.15650000e+03 3.00421160e+01
v 6.12343272e+03 5.15650000e+03 3.08845984e+01
v 6.12325234e+03 5.15650000e+03 3.32021456e+01
v 6.12302682e+03 5.15650000e+03 3.35809328e+01
v 6.12324899e+03 5.15650000e+03 3.26846936e+01
v 6.12265423e+03 5.15650000e+03 3.38271243e+01
v 6.12343623e+03 5.15650000e+03 3.12752097e+01
v 6.12334918e+03 5.15650000e+03 3.16426476e+01
v 6.12233078e+03 5.15650000e+03 3.53966490e+01
v 6.12207683e+03 5.15650000e+03 3.54928842e+01
v 6.12170260e+03 5.15650000e+03 3.57574697e+01
v 6.12142945e+03 5.15650000e+03 3.58012833e+01
v 6.12263882e+03 5.15650000e+03 3.42355070e+01
v 6.12258450e+03 5.15650000e+03 3.50496992e+01
v 6.12338209e+03 5.15650000e+03 3.11348608e+01
v 6.12497707e+03 5.15650000e+03 1.59411683e+01
v 6.09378344e+03 5.15650000e+03 1.47737125e+01
v 6.09350000e+03 5.15650000e+03 1.47876294e+01
v 6.12524778e+03 5.15650000e+03 2.59253461e+01
v 6.12525000e+03 5.15650000e+03 2.59235923e+01
v 6.12501530e+03 5.15650000e+03 2.04515374e+01
v 6.12525000e+03 5.15650000e+03 2.04056526e+01
v 6.12499748e+03 5.15650000e+03 1.48732527e+01
v 6.12518709e+03 5.15650000e+03 1.48159883e+01
v 6.12525000e+03 5.15650000e+03 1.47954390e+01
v 6.12498391e+03 5.15650000e+03 2.31392930e+01
v 6.12523717e+03 5.15650000e+03 2.34100749e+01
v 6.12525000e+03 5.15650000e+03 2.34903967e+01
v 6.12521253e+03 5.15650000e+03 1.62743360e+01
v 6.12525000e+03 5.15650000e+03 1.63273560e+01
vt 0.096160918 0.67295724
vt 0.13409588 0.66608608
vt 0.13169925 0.69278389
vt 0.07865911 0.7484327
vt 0.16377975 0.67724895
vt 0.053652052 0.72401309
vt 0.12484381 0.73249912
vt 0.16010712 0.7282111
vt 0.061594862 0.76126766
vt 0.079273753 0.67705405
vt 0.098199405 0.75609308
vt 0.19965903 0.67435259
vt 0.078134388 0.76927805
vt 0.043405391 0.77693272
vt 0.038998459 0.68074548
vt 0.15864222 0.78510636
vt 0.12180317 0.77441329
vt 0.19817437 0.72832847
vt 0.032467626 0.74947667
vt 0.019249469 0.68160141
vt 0.064251035 0.66830933
vt 0.093546867 0.77817506
vt 0.24027818 0.67706227
vt 0.0056594932 0.76069796
vt 0.026995162 0.67471325
vt 0.12217354 0.80803752
vt 0.18863465 0.76412743
vt 0.24268176 0.66479462
vt 0.24791615 0.73499024
vt 0.084822752 0.81506407
vt 0.023913387 0.81876838
vt 0.017914159 0.64893985
vt 0.004219126 0.72786391
vt 0.15265714 0.83653373
vt 0.19839011 0.75690079
vt 0.20037748 0.80609834
vt 0.25650692 0.6662969
vt 0.20604604 0.74025613
vt 0.27141362 0.693739
vt 0.0042534238 0.81898439
vt 0.0043209903 0.65268302
vt 0.0042078625 0.69264519
vt 0.0042293612 0.75883687
vt 0.18996719 0.8257094
vt 0.10734994 0.87646079
vt 0.22246322 0.7994231
vt 0.27331704 0.67251599
vt 0.22516678 0.7497769
vt 0.20592856 0.75535214
vt 0.2649104 0.72349536
vt 0.0042308583 0.76355851
vt 0.0042716051 0.87646115
vt 0.0041930107 0.65596884
vt 0.0072897477 0.61419678
vt 0.0042298548 0.76040792
vt 0.18090077 0.87809783
vt 0.13462391 0.89420879
vt 0.24084726 0.7685371
vt 0.29243994 0.6649586
vt 0.25848988 0.75282502
vt 0.30827212 0.66609025
vt 0.30622041 0.71411812
vt 0.28121635 0.73276228
vt 0.053032935 0.8721832
vt 0.0042299824 0.7610032
vt 0.012131719 0.89258218
vt 0.0041917018 0.65276557
vt 0.0041700266 0.61503148
vt 0.24417903 0.85429448
vt 0.12887475 0.90995097
vt 0.26000866 0.79335994
vt 0.20796846 0.76549375
vt 0.056871638 0.89647031
vt 0.0042754142 0.88707143
vt 0.0041916808 0.65261948
vt 0.0041916063 0.65248203
vt 0.17315488 0.90031391
vt 0.22217165 0.88950747
vt 0.10030182 0.9099521
vt 0.14993307 0.90982896
vt 0.27145857 0.77178597
vt 0.34707206 0.68699265
vt 0.30144885 0.73356235
vt 0.083885886 0.90210021
vt 0.0042775068 0.89149606
vt 0.19452676 0.89802909
vt 0.25493515 0.88160813
vt 0.085651383 0.93755776
vt 0.1398281 0.94991189
vt 0.2890529 0.86572927
vt 0.29866874 0.79867804
vt 0.30852547 0.75936967
vt 0.33025917 0.66687894
vt 0.33487928 0.74048203
vt 0.31480515 0.74344969
vt 0.017940702 0.90197062
vt 0.068124183 0.90498769
vt 0.0042786007 0.89571357
vt 0.19069491 0.93144965
vt 0.24644203 0.89881986
vt 0.21381815 0.90347475
vt 0.10391834 0.95290029
vt 0.35690722 0.6640622
vt 0.38001335 0.71144426
vt 0.0042747241 0.90230697
vt 0.063112549 0.93379664
vt 0.044253949 0.90469569
vt 0.22124001 0.92400265
vt 0.25710204 0.90326077
vt 0.088056505 0.95675743
vt 0.19626695 0.95559096
vt 0.12875664 0.98096132
vt 0.33773822 0.83199161
vt 0.32202694 0.79952282
vt 0.3706834 0.67269707
vt 0.36915678 0.74184078
vt 0.0042743497 0.91292274
vt 0.054959368 0.92387217
vt 0.21275792 0.93889511
vt 0.28629768 0.89214647
vt 0.25314108 0.92092985
vt 0.079317927 0.97738087
vt 0.15030998 0.97800338
vt 0.31979474 0.88928831
vt 0.35569713 0.79050183
vt 0.3750729 0.66373175
vt 0.41613621 0.69099081
vt 0.3491711 0.75375468
vt 0.38748136 0.73544359
vt 0.0042746793 0.91437912
vt 0.037406184 0.94203609
vt 0.022459459 0.92356884
vt 0.24640547 0.94398725
vt 0.30404279 0.90066123
vt 0.27429557 0.91607833
vt 0.16503841 0.97944915
vt 0.10404795 0.98749596
vt 0.3588464 0.85982287
vt 0.40430215 0.66365457
vt 0.44036201 0.71448708
vt 0.4162415 0.73247594
vt 0.0042919815 0.93772566
vt 0.027165115 0.91117376
vt 0.0042913556 0.93706036
vt 0.26863974 0.94154298
vt 0.047661263 0.96995288
vt 0.20124277 0.98012924
vt 0.073303759 0.9871937
vt 0.31411329 0.91854298
vt 0.34244415 0.89897203
vt 0.43618694 0.67464256
vt 0.40131125 0.7918238
vt 0.0042904387 0.9363097
vt 0.28898469 0.9349646
vt 0.26697797 0.96795791
vt 0.052574776 0.99537385
vt 0.24963197 0.98058897
vt 0.18108389 0.98899263
vt 0.39354509 0.84666967
vt 0.36540121 0.89384156
vt 0.46051428 0.75461352
vt 0.47071919 0.71405959
vt 0.44381455 0.79009485
vt 0.0042923409 0.93873101
vt 0.01663959 0.98676634
vt 0.21011476 0.99657148
vt 0.19696206 0.99657315
vt 0.07067728 0.99661195
vt 0.40448409 0.87483811
vt 0.32537943 0.94367969
vt 0.37942424 0.88127923
vt 0.36582193 0.93273675
vt 0.47154874 0.74900973
vt 0.46712127 0.68157125
vt 0.43653557 0.86058873
vt 0.0042937212 0.94348484
vt 0.28905535 0.96884954
vt 0.25916845 0.9894973
vt 0.029145669 0.99662763
vt 0.22804895 0.99656582
vt 0.19125907 0.99657309
vt 0.055318736 0.99662006
vt 0.41094074 0.90729392
vt 0.47735548 0.78528112
vt 0.45498192 0.65919232
vt 0.50030494 0.67683995
vt 0.47737393 0.83380389
vt 0.24861382 0.99655396
vt 0.05078128 0.99662209
vt 0.0043061106 0.98478174
vt 0.24566619 0.99655569
vt 0.05277754 0.99662215
vt 0.40563673 0.88667029
vt 0.42454031 0.88173604
vt 0.35290515 0.96781337
vt 0.40562874 0.93157792
vt 0.50034326 0.77825671
vt 0.48036051 0.6633848
vt 0.50030887 0.69105995
vt 0.50030494 0.66821641
vt 0.4675802 0.87391931
vt 0.26931083 0.99654943
vt 0.015956305 0.99663472
vt 0.4460344 0.88460422
vt 0.39332616 0.96673685
vt 0.29212332 0.99300319
vt 0.43672949 0.90852326
vt 0.50035334 0.80200356
vt 0.50034833 0.78740162
vt 0.50033057 0.75371134
vt 0.50031364 0.70789874
vt 0.49898073 0.87866598
vt 0.0087366113 0.99663681
vt 0.019225148 0.99663174
vt 0.36441925 0.99201411
vt 0.32959437 0.99428862
vt 0.26801559 0.97420955
vt 0.45882779 0.9333784
vt 0.42453498 0.96488702
vt 0.47288683 0.73591006
vt 0.50029933 0.65793985
vt 0.50031525 0.72101671
vt 0.46996695 0.88666391
vt 0.28071788 0.99654716
vt 0.0043077106 0.99663806
vt 0.02650965 0.99363935
vt 0.29075938 0.99654591
vt 0.47066146 0.90339321
vt 0.44886556 0.96880591
vt 0.5003711 0.86751431
vt 0.50033009 0.75331634
vt 0.49238539 0.73248655
vt 0.026139008 0.99662405
vt 0.3332068 0.99653488
vt 0.32353291 0.99653774
vt 0.49216652 0.90517342
vt 0.47519588 0.95459032
vt 0.50037408 0.87800944
vt 0.50032932 0.75180674
vt 0.5003168 0.73453426
vt 0.3623926 0.99652666
vt 0.33184016 0.99653554
vt 0.32848015 0.99653637
vt 0.49280635 0.93426365
vt 0.48093227 0.97016603
vt 0.5003742 0.87856781
vt 0.50036359 0.89627075
vt 0.36426792 0.99652672
vt 0.32988095 0.99653608
vt 0.50039566 0.93315256
vt 0.49994132 0.96856773
vt 0.50035959 0.88318419
vt 0.50036567 0.90309435
vt 0.36725253 0.99652576
vt 0.50037241 0.91027206
vt 0.50040662 0.96795565
vt 0.50037014 0.90690535
vt 0.3769109 0.99651659
vt 0.50040686 0.96854335
vt 0.86112857 0.79047048
vt 0.85751289 0.7616747
vt 0.87672424 0.78141052
vt 0.88869798 0.81248385
vt 0.82890445 0.78292263
vt 0.8906163 0.76483732
vt 0.84976006 0.86690873
vt 0.80381 0.76555264
vt 0.83932799 0.81099045
vt 0.89525217 0.73746473
vt 0.88900471 0.86941767
vt 0.8250227 0.8365075
vt 0.90208554 0.75743353
vt 0.80141455 0.78693378
vt 0.80151612 0.74008381
vt 0.86951363 0.72344327
vt 0.89965129 0.83657086
vt 0.86995047 0.88145208
vt 0.80079019 0.85346246
vt 0.77264178 0.78398591
vt 0.746602 0.76424026
vt 0.82908398 0.71900606
vt 0.79636592 0.82101047
vt 0.92432594 0.73221397
vt 0.8548438 0.72367173
vt 0.90713054 0.71348113
vt 0.9006539 0.86743242
vt 0.8776772 0.90262884
vt 0.80396372 0.87977833
vt 0.9154498 0.80410606
vt 0.77744943 0.73353899
vt 0.80366373 0.70976204
vt 0.92404753 0.76697165
vt 0.83939177 0.7090019
vt 0.90099293 0.88924313
vt 0.92392641 0.84054136
vt 0.88780564 0.92335552
vt 0.8255797 0.89062017
vt 0.7671057 0.86176723
vt 0.75954592 0.84172428
vt 0.75315404 0.79133749
vt 0.74719948 0.7202388
vt 0.9377594 0.7570647
vt 0.92383295 0.71440864
vt 0.92654437 0.87370944
vt 0.85392231 0.92825639
vt 0.80535805 0.90949148
vt 0.7721628 0.88934499
vt 0.7220307 0.82040429
vt 0.93818736 0.81030893
vt 0.71430129 0.76659727
vt 0.76107514 0.70981514
vt 0.72716779 0.73358452
vt 0.94433105 0.7794317
vt 0.93873543 0.73968756
vt 0.92314303 0.89840472
vt 0.9373942 0.87253767
vt 0.87545228 0.94193262
vt 0.80779529 0.92767924
vt 0.7480768 0.90619576
vt 0.72088414 0.84019893
vt 0.71725845 0.78662425
vt 0.71135306 0.71750414
vt 0.95921057 0.75693029
vt 0.93920588 0.71314394
vt 0.90219927 0.9170146
vt 0.87875628 0.95663303
vt 0.89640778 0.93841952
vt 0.8341651 0.93018377
vt 0.76908934 0.92286259
vt 0.72037363 0.86094582
vt 0.69306952 0.84652507
vt 0.96645337 0.77916747
vt 0.94856608 0.83447129
vt 0.69272 0.78752303
vt 0.97653019 0.74928951
vt 0.97616369 0.71805668
vt 0.93573755 0.9163968
vt 0.8560878 0.97771901
vt 0.90635508 0.94092727
vt 0.82677114 0.94757646
vt 0.76646024 0.95522529
vt 0.71948487 0.89784771
vt 0.75201911 0.92983383
vt 0.97566754 0.8067497
vt 0.96360487 0.82728302
vt 0.97268534 0.85136461
vt 0.68384737 0.76758438
vt 0.6862998 0.73571211
vt 0.92187452 0.93898171
vt 0.95179552 0.88890868
vt 0.89099902 0.96461022
vt 0.84696537 0.96367663
vt 0.86743218 0.97894806
vt 0.90034044 0.95867795
vt 0.80373269 0.9425109
vt 0.75092161 0.94009817
vt 0.73325592 0.92652339
vt 0.69225103 0.90443349
vt 0.66899824 0.84108436
vt 0.9767766 0.78974319
vt 0.96417707 0.88775426
vt 0.66675013 0.78485519
vt 0.6954875 0.70942473
vt 0.93847126 0.96780372
vt 0.85035247 0.98454684
vt 0.91866791 0.95793873
vt 0.81288385 0.97572774
vt 0.78617841 0.95936936
vt 0.76268744 0.9694078
vt 0.66743308 0.86687678
vt 0.66452301 0.8021363
vt 0.97938883 0.88269114
vt 0.66719306 0.75832999
vt 0.67348671 0.71223223
vt 0.9492659 0.94010335
vt 0.95830315 0.92536664
vt 0.91312164 0.97670895
vt 0.73257142 0.96252108
vt 0.7045151 0.92876798
vt 0.71707624 0.94918162
vt 0.66643256 0.89463067
vt 0.62209916 0.81976914
vt 0.98003215 0.91462004
vt 0.64306372 0.77645731
vt 0.67091334 0.72447419
vt 0.96579194 0.94902939
vt 0.80602396 0.99398291
vt 0.75417972 0.99060303
vt 0.74694139 0.98097032
vt 0.69106418 0.93376952
vt 0.65475088 0.90935594
vt 0.60998833 0.85647231
vt 0.63558704 0.7553001
vt 0.64697862 0.71154547
vt 0.96576595 0.99633855
vt 0.96746689 0.97455835
vt 0.97984862 0.94353628
vt 0.7041688 0.97085506
vt 0.73920667 0.98806888
vt 0.66976243 0.91936415
vt 0.62393934 0.89655131
vt 0.59976834 0.83295971
vt 0.61395973 0.78428608
vt 0.62884235 0.70504653
vt 0.97869158 0.9617545
vt 0.66191453 0.93315297
vt 0.62942845 0.92272985
vt 0.59988236 0.88090163
vt 0.60047776 0.80936939
vt 0.57595932 0.85144764
vt 0.60857701 0.7639854
vt 0.62505102 0.7384969
vt 0.68877566 0.99473196
vt 0.68013316 0.96481842
vt 0.66656345 0.94993806
vt 0.61034304 0.91439104
vt 0.59495562 0.86689049
vt 0.55693138 0.90327948
vt 0.55846143 0.82283741
vt 0.58161503 0.78381371
vt 0.58229643 0.73820686
vt 0.60003889 0.77560616
vt 0.5996415 0.70683205
vt 0.63157111 0.94249558
vt 0.58402479 0.93181443
vt 0.56045383 0.86965209
vt 0.57968354 0.7593956
vt 0.65285075 0.98369014
vt 0.5631429 0.9147867
vt 0.54528016 0.85197926
vt 0.55972654 0.7653569
vt 0.55731517 0.73495758
vt 0.56870037 0.72014707
vt 0.62435532 0.96637732
vt 0.60638094 0.96035761
vt 0.55963445 0.92834103
vt 0.54365885 0.90003467
vt 0.54228222 0.78615135
vt 0.54919082 0.71077931
vt 0.56732786 0.70387655
vt 0.52129066 0.91704303
vt 0.51923203 0.86587501
vt 0.5169971 0.81108648
vt 0.5394212 0.72526836
vt 0.51953977 0.92534196
vt 0.51957512 0.90235209
vt 0.5372113 0.74225134
vt 0.51801711 0.74653625
vt 0.52649432 0.72081959
vt 0.50379521 0.92149621
vt 0.50377649 0.92060977
vt 0.50409812 0.90654856
vt 0.50590658 0.82984889
vt 0.50658286 0.77456695
vt 0.50739259 0.74014187
vt 0.52366 0.70097995
vt 0.50381875 0.91889876
vt 0.50409645 0.90360159
vt 0.5041182 0.73401678
vt 0.50418711 0.7206462
vt 0.50412571 0.87359667
vt 0.50409842 0.77590871
vt 0.50408858 0.77329659
vt 0.50428939 0.72457027
vt 0.50401002 0.74255264
vt 0.50396448 0.70890993
vt 0.50412661 0.83405918
vt 0.50412548 0.82752299
vt 0.50412554 0.83145767
vt 0.50411713 0.82924968
vt 0.50413048 0.82989907
vt 0.55753678 0.68377924
vt 0.55596215 0.66363394
vt 0.56482655 0.66650414
vt 0.5689851 0.68324172
vt 0.55256605 0.68326592
vt 0.56297046 0.64779389
vt 0.55733865 0.63664675
vt 0.57093543 0.63390976
vt 0.57157689 0.61770546
vt 0.54503655 0.61388731
vt 0.56707036 0.59824121
vt 0.54148626 0.62641299
vt 0.57423621 0.6026417
vt 0.51998127 0.60294282
vt 0.51590872 0.61479473
vt 0.57694542 0.59269297
vt 0.54460967 0.56939089
vt 0.51555604 0.62608516
vt 0.57636732 0.58323896
vt 0.50595689 0.60543239
vt 0.52075291 0.57111216
vt 0.56564927 0.56623805
vt 0.51347893 0.59065652
vt 0.55152172 0.55260324
vt 0.57495177 0.57074946
vt 0.51613516 0.54261386
vt 0.56671095 0.5513587
vt 0.54103172 0.52450562
vt 0.57196617 0.51941913
vt 0.56910121 0.55492592
vt 0.52160507 0.50962257
vt 0.55366832 0.50522667
vt 0.52016294 0.45903921
vt 0.56876898 0.50225198
vt 0.56412214 0.4724474
vt 0.50818866 0.48045677
vt 0.5728057 0.50839627
vt 0.55216324 0.43915415
vt 0.50485796 0.45724928
vt 0.57126141 0.49482781
vt 0.57018703 0.44786984
vt 0.51518375 0.41696894
vt 0.50699496 0.43542439
vt 0.57367367 0.46622837
vt 0.56757802 0.44008172
vt 0.54938781 0.39919889
vt 0.57230157 0.41122574
vt 0.50715888 0.37736672
vt 0.56838202 0.3880977
vt 0.53463912 0.37694877
vt 0.5648191 0.35985798
vt 0.56933314 0.39041674
vt 0.50998694 0.34545445
vt 0.56872821 0.38742328
vt 0.53722268 0.35379249
vt 0.57262713 0.36360985
vt 0.56857091 0.38805676
vt 0.57327729 0.35426211
vt 0.57446778 0.35674244
vt 0.67028558 0.60256904
vt 0.64619553 0.67622125
vt 0.6695835 0.60281026
vt 0.65217376 0.66647851
vt 0.62939852 0.63040721
vt 0.71983284 0.60993481
vt 0.6795218 0.6844365
vt 0.6406548 0.61922884
vt 0.70329434 0.60059714
vt 0.73000365 0.62752557
vt 0.68231755 0.66784465
vt 0.63306093 0.62397134
vt 0.72027618 0.59977263
vt 0.7157678 0.65187788
vt 0.70651942 0.6787107
vt 0.62897074 0.62418854
vt 0.73902678 0.65098894
vt 0.73881781 0.66575038
vt 0.73643911 0.67923582
vt 0.74717158 0.65743864
vt 0.74417597 0.63082892
vt 0.75850356 0.66123962
vt 0.7548846 0.6762321
vt 0.78314209 0.646873
vt 0.77921605 0.59683418
vt 0.76375186 0.67279762
vt 0.7857843 0.5967133
vt 0.75640911 0.59896278
vt 0.80003905 0.67430079
vt 0.78811479 0.59726465
vt 0.74021518 0.60377783
vt 0.8184948 0.65223575
vt 0.79313505 0.61533499
vt 0.73870075 0.60031354
vt 0.8144325 0.67578077
vt 0.83327866 0.62258208
vt 0.80580705 0.62010264
vt 0.82301003 0.66921067
vt 0.88151062 0.62596256
vt 0.85802412 0.66541338
vt 0.82360959 0.59654808
vt 0.85829353 0.61957526
vt 0.8173914 0.59646279
vt 0.84658802 0.60993844
vt 0.89389163 0.66018915
vt 0.80330127 0.59703815
vt 0.82979369 0.59642744
vt 0.84910357 0.5953626
vt 0.058250688 0.54496735
vt 0.04763307 0.53529239
vt 0.064701669 0.5174011
vt 0.10117739 0.52150309
vt 0.057984412 0.49752748
vt 0.069780178 0.58340967
vt 0.049445361 0.52105904
vt 0.078403711 0.48663461
vt 0.056775976 0.58004606
vt 0.1034622 0.58387148
vt 0.020740539 0.49730021
vt 0.059474178 0.47995949
vt 0.092961393 0.48123842
vt 0.11385449 0.54002327
vt 0.012974504 0.51850486
vt 0.057835434 0.46725476
vt 0.086900026 0.45807689
vt 0.11029232 0.48530227
vt 0.11778221 0.51481438
vt 0.11275718 0.59337306
vt 0.02408387 0.47737163
vt 0.0030286794 0.51188827
vt 0.030632008 0.45781606
vt 0.13014396 0.51268613
vt 0.12466846 0.54384458
vt 0.0077397223 0.48871517
vt 0.022583749 0.4652608
vt 0.002981436 0.51237214
vt 0.050157797 0.45393986
vt 0.0646815 0.45063645
vt 0.12765172 0.49308735
vt 0.13692507 0.53073549
vt 0.010285172 0.47753459
vt 0.012328972 0.44825989
vt 0.029861845 0.45035338
vt 0.15269272 0.51455081
vt 0.13430221 0.57752669
vt 0.0096065123 0.47042131
vt 0.0097940443 0.45179093
vt 0.030017961 0.4392913
vt 0.12116122 0.60942817
vt 0.0099057369 0.44896454
vt 0.18225533 0.6087029
vt 0.1081007 0.60818374
vt 0.14531846 0.60974085
vt 0.22839695 0.56330538
vt 0.10898434 0.6195845
vt 0.1379468 0.62148374
vt 0.18390597 0.53214824
vt 0.21646543 0.61380291
vt 0.23507999 0.53059191
vt 0.23831683 0.54847658
vt 0.24934064 0.53500032
vt 0.27429417 0.5505715
vt 0.25453797 0.53137279
vt 0.26884851 0.53542185
vt 0.2981624 0.54508257
vt 0.2657651 0.51440352
vt 0.28257599 0.58142483
vt 0.30096737 0.52834785
vt 0.29471946 0.48649961
vt 0.30212724 0.57992315
vt 0.27772385 0.57614672
vt 0.29921013 0.51023674
vt 0.32075843 0.53675461
vt 0.31097943 0.5676533
vt 0.32143828 0.52638209
vt 0.31473684 0.55739248
vt 0.31054249 0.48852777
vt 0.31729117 0.57758749
vt 0.32128572 0.50713712
vt 0.33973405 0.5397445
vt 0.29626483 0.46965367
vt 0.32586932 0.5673278
vt 0.33680722 0.52404672
vt 0.33887675 0.49887049
vt 0.30939412 0.45067894
vt 0.34037566 0.58095801
vt 0.34870374 0.52903283
vt 0.33963954 0.5560922
vt 0.32153714 0.47933906
vt 0.32795018 0.4681555
vt 0.34229943 0.59599721
vt 0.36128786 0.53690469
vt 0.34283829 0.45903611
vt 0.35643116 0.57500213
vt 0.34888044 0.49812168
vt 0.35965165 0.55032325
vt 0.36030477 0.51477528
vt 0.34575063 0.449449
vt 0.35125953 0.60258496
vt 0.34739742 0.4777258
vt 0.37448439 0.54091072
vt 0.36350584 0.45603973
vt 0.33782548 0.41942871
vt 0.36681959 0.60241908
vt 0.36080143 0.46800339
vt 0.36396909 0.4827776
vt 0.38208655 0.56494844
vt 0.39162475 0.52568215
vt 0.36635935 0.44406086
vt 0.36676708 0.41258907
vt 0.36039898 0.61925459
vt 0.37344381 0.4905048
vt 0.38282713 0.54544163
vt 0.37762931 0.51441759
vt 0.37691215 0.45546257
vt 0.34394416 0.37975818
vt 0.39124024 0.59559107
vt 0.3785488 0.62191617
vt 0.39127585 0.55892318
vt 0.38754302 0.54222828
vt 0.38455662 0.49941796
vt 0.37696993 0.45912927
vt 0.38031337 0.44686723
vt 0.39182296 0.42344892
vt 0.36833185 0.38849747
vt 0.39878842 0.56936955
vt 0.38962889 0.55426383
vt 0.39272782 0.52746212
vt 0.38501105 0.39861834
vt 0.39930034 0.57839429
vt 0.38961074 0.61765206
vt 0.4003076 0.56782562
vt 0.39235786 0.42712086
vt 0.39706475 0.40796578
vt 0.39781547 0.6076293
vt 0.39895305 0.61954182
vt 0.40033293 0.56779981
vt 0.39330557 0.42528331
vt 0.39737633 0.41196895
vt 0.39693505 0.39557546
vt 0.39347628 0.42410147
vt 0.40006176 0.41733146
vt 0.39703205 0.42230016
vt 0.40048912 0.41818488
vt 0.75959134 0.42728609
vt 0.81761163 0.43394053
vt 0.77919757 0.45303619
vt 0.75476849 0.4825992
vt 0.80097085 0.38293916
vt 0.82920259 0.46547967
vt 0.77291793 0.48195362
vt 0.73844373 0.4667241
vt 0.82536614 0.40314847
vt 0.76177013 0.3620643
vt 0.80199873 0.4967674
vt 0.74079442 0.48419881
vt 0.735811 0.44345611
vt 0.84034699 0.36990613
vt 0.77787071 0.34783286
vt 0.71711755 0.36510646
vt 0.82078087 0.4920975
vt 0.73260176 0.42129672
vt 0.8166486 0.36638421
vt 0.78262174 0.35025489
vt 0.75908428 0.32751745
vt 0.71937531 0.40766615
vt 0.73105109 0.33093101
vt 0.8389585 0.36809289
vt 0.80845553 0.36599565
vt 0.75322127 0.32340622
vt 0.70233715 0.37963361
vt 0.6904484 0.34325087
vt 0.84134853 0.36816376
vt 0.68780315 0.37110746
vt 0.71087766 0.30086601
vt 0.74134624 0.30252188
vt 0.6505934 0.35415292
vt 0.72384042 0.30704463
vt 0.66456425 0.31517869
vt 0.64647418 0.37514961
vt 0.70255911 0.29482162
vt 0.62829417 0.36704385
vt 0.628039 0.31629199
vt 0.69640148 0.28373659
vt 0.62940001 0.29055572
vt 0.69447982 0.2804175
vt 0.68194205 0.28168666
vt 0.64959848 0.27292627
vt 0.63192242 0.26431435
vt 0.12721598 0.26687598
vt 0.12873071 0.24703979
vt 0.17474686 0.24624008
vt 0.1824443 0.27317697
vt 0.1104389 0.2562235
vt 0.22609192 0.26892346
vt 0.15017579 0.27646118
vt 0.1272465 0.29331213
vt 0.21447368 0.28945923
vt 0.17916012 0.30368668
vt 0.064852819 0.26677394
vt 0.23013344 0.28837377
vt 0.15013054 0.30658221
vt 0.059205886 0.32071394
vt 0.21381907 0.31853229
vt 0.17182003 0.32916975
vt 0.13724095 0.33070332
vt 0.018532846 0.28994167
vt 0.19119383 0.33237886
vt 0.15534241 0.34987974
vt 0.10269164 0.34339821
vt 0.013494239 0.25924534
vt 0.016939824 0.33176237
vt 0.17180131 0.36182731
vt 0.13851026 0.36969733
vt 0.11516888 0.35482341
vt 0.054608744 0.35483658
vt 0.010828022 0.28526217
vt 0.012424478 0.31316721
vt 0.018858634 0.35107332
vt 0.10448385 0.36256218
vt 0.081225798 0.36809677
vt 0.0040663714 0.27367634
vt 0.0072875419 0.29430568
vt 0.0057224697 0.30045104
vt 0.11083128 0.3706525
vt 0.062224258 0.37054521
vt 0.29104057 0.27760714
vt 0.2712405 0.26507622
vt 0.30282724 0.26817858
vt 0.30374891 0.2827611
vt 0.26755643 0.27986038
vt 0.27909926 0.24640548
vt 0.32289666 0.2719748
vt 0.28487051 0.29114085
vt 0.30039692 0.2469033
vt 0.26470914 0.25418621
vt 0.30808651 0.25584835
vt 0.32952419 0.28490269
vt 0.30140272 0.30871391
vt 0.26644287 0.30310106
vt 0.2809757 0.2316153
vt 0.32690156 0.26222706
vt 0.34327933 0.2747705
vt 0.31416273 0.29486996
vt 0.28555003 0.30501485
vt 0.25868401 0.28582019
vt 0.31895879 0.24129087
vt 0.25621995 0.22926456
vt 0.35102662 0.28314883
vt 0.33575335 0.2941466
vt 0.29486662 0.31401026
vt 0.32992065 0.30240446
vt 0.28964469 0.22596604
vt 0.25467756 0.24594349
vt 0.27295053 0.2228058
vt 0.33654645 0.24206477
vt 0.35216993 0.26179487
vt 0.35988104 0.27075022
vt 0.34592542 0.29607362
vt 0.32039133 0.31326663
vt 0.26012546 0.21441132
vt 0.37639943 0.25576341
vt 0.36826324 0.29016161
vt 0.34507999 0.30651581
vt 0.33162346 0.31354958
vt 0.27417862 0.21149546
vt 0.35413632 0.23030615
vt 0.36660156 0.30108982
vt 0.35865924 0.31180489
vt 0.32994434 0.32151312
vt 0.3648831 0.24153405
vt 0.39051536 0.26395267
vt 0.38635394 0.30077189
vt 0.35790876 0.32088554
vt 0.34201872 0.31758273
vt 0.3786293 0.31052941
vt 0.36750084 0.30974561
vt 0.40005437 0.30648124
vt 0.38729629 0.31500477
vt 0.33827779 0.32852453
vt 0.40657231 0.28715837
vt 0.37853169 0.32573771
vt 0.36381865 0.33066034
vt 0.34948593 0.33477372
vt 0.32833716 0.33112985
vt 0.40689924 0.27229613
vt 0.42068037 0.30475253
vt 0.40073642 0.33063233
vt 0.38112181 0.34439492
vt 0.40188277 0.25271171
vt 0.41567963 0.2779693
vt 0.37167019 0.34939486
vt 0.3495746 0.34661412
vt 0.32881325 0.35183424
vt 0.41505256 0.25415057
vt 0.43312389 0.28003049
vt 0.42228243 0.33074492
vt 0.39982995 0.34243894
vt 0.43804875 0.29087174
vt 0.43179262 0.32770663
vt 0.41420981 0.33921677
vt 0.4122138 0.34921122
vt 0.35662669 0.35610735
vt 0.3522037 0.35803586
vt 0.44671074 0.30707788
vt 0.43366873 0.33966851
vt 0.42102379 0.35239941
vt 0.35766116 0.37105638
vt 0.45557782 0.31807464
vt 0.37846535 0.36536795
vt 0.46449226 0.330522
vt 0.4634603 0.31264961
vt 0.44751364 0.34950584
vt 0.47442049 0.32098907
vt 0.43502724 0.33729821
vt 0.46749774 0.32937938
vt 0.47432488 0.31014377
vt 0.47744882 0.31906509
vt 0.90411109 0.56844473
vt 0.90988088 0.57581854
vt 0.89099538 0.58352411
vt 0.88470507 0.5587908
vt 0.92571938 0.56120098
vt 0.89986587 0.58873594
vt 0.88887072 0.58164465
vt 0.89176631 0.55208975
vt 0.93149006 0.57152057
vt 0.91575187 0.55443919
vt 0.91248304 0.59012759
vt 0.89234746 0.60003906
vt 0.88448161 0.55894351
vt 0.88897181 0.58451408
vt 0.88416022 0.55211401
vt 0.92826933 0.58870196
vt 0.92854756 0.53942615
vt 0.88916743 0.59886718
vt 0.88442761 0.55865121
vt 0.88321143 0.5387516
vt 0.90266895 0.54027653
vt 0.91026747 0.51816875
vt 0.92987883 0.60224462
vt 0.88949847 0.60231364
vt 0.89155835 0.52918994
vt 0.90534997 0.53154635
vt 0.91320485 0.6069926
vt 0.89000976 0.61719978
vt 0.88157046 0.52845055
vt 0.89733648 0.52185011
vt 0.92369145 0.62215918
vt 0.89001125 0.61726046
vt 0.88059944 0.52528715
vt 0.90787542 0.61801958
vt 0.93857574 0.60949147
vt 0.89001268 0.61726874
vt 0.87946194 0.51526403
vt 0.88081288 0.51514769
vt 0.90257215 0.63969034
vt 0.9460007 0.62665391
vt 0.90175194 0.63078767
vt 0.93183303 0.63670766
vt 0.89001286 0.61727512
vt 0.89100021 0.64388239
vt 0.89001524 0.61729252
vt 0.92479408 0.64920652
vt 0.89177173 0.64657807
vt 0.89004016 0.62951517
vt 0.91929746 0.65304631
vt 0.89354157 0.6526143
vt 0.91870975 0.67392236
vt 0.8996712 0.65507734
vt 0.90876222 0.68109906
vt 0.90996653 0.65947121
vt 0.89412981 0.65895951
vt 0.89536929 0.66878551
vt 0.89542341 0.66952384
vt 0.89756387 0.68288428
vt 0.98675507 0.4159956
vt 0.989797 0.43251717
vt 0.96211225 0.44151688
vt 0.96796328 0.41572815
vt 0.98415571 0.45877296
vt 0.92875832 0.42576128
vt 0.98206627 0.3982805
vt 0.96084505 0.45843393
vt 0.95058864 0.39318156
vt 0.94125676 0.44015151
vt 0.97441506 0.36958116
vt 0.9852888 0.47486836
vt 0.90063918 0.37482804
vt 0.93110693 0.47001833
vt 0.97474706 0.48445207
vt 0.94152784 0.46332449
vt 0.91940814 0.35838133
vt 0.87919587 0.39645094
vt 0.95441985 0.3686617
vt 0.89435995 0.42060155
vt 0.98084253 0.49577814
vt 0.96026981 0.49137253
vt 0.89577246 0.3473866
vt 0.88840371 0.37913609
vt 0.94022471 0.34131277
vt 0.89498472 0.35004723
vt 0.91491294 0.34044105
vt 0.87800074 0.3956641
vt 0.89244103 0.37307167
vt 0.96378458 0.33109474
vt 0.93783677 0.49608296
vt 0.89557427 0.34625143
vt 0.94865549 0.33241081
vt 0.92456162 0.33035499
vt 0.89225054 0.34344107
vt 0.88618088 0.33347785
vt 0.21466218 0.48103738
vt 0.23605466 0.43641323
vt 0.24724321 0.4717207
vt 0.20160332 0.46187556
vt 0.27964184 0.43897647
vt 0.20018916 0.43855023
vt 0.24270833 0.40351146
vt 0.21426137 0.41366786
vt 0.18232876 0.455109
vt 0.17471395 0.39193696
vt 0.17669533 0.47709244
vt 0.17488518 0.42928034
vt 0.22931604 0.38128239
vt 0.15394436 0.41280502
vt 0.17856078 0.37375581
vt 0.16558793 0.46088976
vt 0.15722007 0.42692286
vt 0.16049215 0.39661235
vt 0.16990544 0.37389189
vt 0.22048566 0.35477859
vt 0.16423574 0.48338014
vt 0.14533815 0.44734412
vt 0.13314131 0.44690591
vt 0.15206067 0.40915495
vt 0.16668662 0.38190997
vt 0.17365865 0.36532164
vt 0.1972374 0.35896754
vt 0.14643498 0.46933818
vt 0.13370804 0.42278373
vt 0.14621048 0.40750152
vt 0.16755342 0.39237875
vt 0.1656549 0.37058049
vt 0.14935398 0.48721784
vt 0.13623893 0.45964491
vt 0.13269944 0.44898903
vt 0.13248061 0.44623244
vt 0.13765977 0.41319525
vt 0.13411605 0.47532612
vt 0.13411455 0.47021139
vt 0.13252132 0.44756788
vt 0.12966238 0.42567539
vt 0.13283348 0.4467715
vt 0.1333911 0.38351625
vt 0.13488583 0.49116486
vt 0.13279529 0.44704336
vt 0.13043749 0.42188781
vt 0.1382339 0.39605558
vt 0.12970401 0.38975495
vt 0.14526898 0.49580377
vt 0.13085584 0.41919714
vt 0.13121161 0.38305676
vt 0.04703854 0.17476302
vt 0.022799794 0.16309786
vt 0.038741279 0.1463238
vt 0.050223369 0.13906765
vt 0.018180093 0.1899367
vt 0.0047034593 0.14234221
vt 0.072423592 0.16410065
vt 0.069069266 0.21232313
vt 0.013776162 0.1294626
vt 0.068033271 0.14667553
vt 0.094167374 0.1906184
vt 0.045950577 0.21538997
vt 0.052300952 0.1222434
vt 0.10772607 0.23392278
vt 0.043763865 0.1256665
vt 0.078782 0.14287895
vt 0.10543285 0.17781979
vt 0.047428858 0.10932243
vt 0.060815327 0.11931956
vt 0.11371738 0.22510433
vt 0.0562765 0.11662251
vt 0.078482367 0.13340509
vt 0.10341338 0.15804982
vt 0.13009852 0.20435274
vt 0.050735012 0.10763723
vt 0.087520227 0.14133972
vt 0.1140171 0.16754514
vt 0.1208871 0.1845746
vt 0.1189485 0.22498047
vt 0.14698569 0.18629485
vt 0.13241892 0.20746535
vt 0.11823598 0.22796011
vt 0.14620733 0.1876151
vt 0.12754156 0.17568821
vt 0.14201368 0.19472808
vt 0.11814546 0.23087519
vt 0.1471027 0.18614054
vt 0.11416612 0.2459631
vt 0.11274234 0.24585456
vt 0.14991809 0.15092224
vt 0.16895472 0.15706718
vt 0.15964743 0.17420387
vt 0.15002231 0.18025815
vt 0.18113033 0.12571973
vt 0.17438796 0.18085116
vt 0.15173227 0.19246441
vt 0.13834131 0.17118931
vt 0.18444747 0.14748526
vt 0.16392875 0.12969619
vt 0.19574513 0.18001556
vt 0.16980238 0.19078046
vt 0.1360025 0.16028279
vt 0.19794823 0.13577873
vt 0.12801166 0.13932484
vt 0.19915304 0.10328579
vt 0.14146478 0.21692443
vt 0.19921765 0.15966183
vt 0.18819551 0.19960219
vt 0.17833476 0.21355355
vt 0.20758303 0.14969999
vt 0.22425032 0.17195588
vt 0.20823413 0.19592857
vt 0.15988283 0.2222175
vt 0.21070407 0.13035589
vt 0.19001555 0.2160936
vt 0.17233852 0.2265799
vt 0.15397316 0.23095816
vt 0.21610941 0.11504185
vt 0.2203491 0.13858187
vt 0.23708782 0.18927252
vt 0.20091674 0.21612513
vt 0.16714123 0.22806555
vt 0.1330324 0.23568165
vt 0.16519912 0.23882812
vt 0.24062943 0.15059072
vt 0.24116652 0.17291349
vt 0.23143873 0.20110899
vt 0.20987649 0.21461457
vt 0.19318418 0.21965426
vt 0.18453701 0.22018522
vt 0.13311709 0.23573464
vt 0.16451488 0.240511
vt 0.2536048 0.12525541
vt 0.2524651 0.15605807
vt 0.26089585 0.14293945
vt 0.23185445 0.20248896
vt 0.21348064 0.21155083
vt 0.19066401 0.21936166
vt 0.18851216 0.2188133
vt 0.1356072 0.24413896
vt 0.14937232 0.24589175
vt 0.2593787 0.16786182
vt 0.22253703 0.20410621
vt 0.26840618 0.13242418
vt 0.26392901 0.15289927
vt 0.24319491 0.1807574
vt 0.25405392 0.174959
vt 0.25939241 0.17236257
vt 0.44001102 0.15550822
vt 0.43526652 0.18681079
vt 0.42085516 0.1835435
vt 0.38592726 0.18368369
vt 0.37898168 0.1433509
vt 0.37811968 0.10959911
vt 0.39591038 0.10959274
vt 0.42633232 0.10958236
vt 0.43271244 0.11207402
vt 0.43038961 0.10958093
vt 0.46706578 0.16101825
vt 0.43136218 0.10958034
vt 0.45748687 0.17047018
vt 0.46687728 0.1307466
vt 0.43216449 0.10957956
vt 0.48671064 0.18028843
vt 0.43494216 0.10957795
vt 0.45748129 0.18473381
vt 0.45782691 0.10956055
vt 0.48497099 0.13119709
vt 0.46096766 0.21029192
vt 0.46413094 0.10955387
vt 0.47777656 0.11955816
vt 0.50587827 0.14625871
vt 0.4899489 0.2164914
vt 0.454878 0.22310251
vt 0.4774242 0.10954887
vt 0.50587732 0.14264876
vt 0.50588989 0.19840646
vt 0.47926471 0.10954773
vt 0.50586379 0.13050503
vt 0.50590932 0.22037446
vt 0.45949268 0.24639899
vt 0.50592244 0.23940098
vt 0.44173166 0.23950386
vt 0.49642062 0.24304855
vt 0.50592262 0.23992032
vt 0.60309261 0.25249231
vt 0.59798276 0.25924224
vt 0.59142411 0.23377162
vt 0.60602039 0.22637403
vt 0.61860865 0.26135278
vt 0.57258743 0.26073015
vt 0.62398267 0.22195339
vt 0.59773356 0.21541798
vt 0.62509143 0.24590611
vt 0.59304661 0.27883089
vt 0.55779219 0.23342311
vt 0.57698828 0.20472223
vt 0.58125031 0.28492576
vt 0.60515034 0.26342624
vt 0.55634177 0.2469033
vt 0.57674485 0.21847266
vt 0.63609594 0.23451185
vt 0.58933127 0.3086437
vt 0.56807977 0.27050698
vt 0.61137718 0.28868139
vt 0.54555511 0.23699576
vt 0.57212752 0.30197942
vt 0.559026 0.28872204
vt 0.61810911 0.26793265
vt 0.55268455 0.26004517
vt 0.54007155 0.22009337
vt 0.54330313 0.25372165
vt 0.55381465 0.2819519
vt 0.62841278 0.28445971
vt 0.52184099 0.22702938
vt 0.53333074 0.24989593
vt 0.62315416 0.29898405
vt 0.5272851 0.26865375
vt 0.61080116 0.30080336
vt 0.51295066 0.23819351
vt 0.52665377 0.25630188
vt 0.51001573 0.24899507
vt 0.50770491 0.24287719
vt 0.52416331 0.26631057
vt 0.50865275 0.25101143
vt 0.50534523 0.25997525
vt 0.50572783 0.2635318
vt 0.50446498 0.26161689
vt 0.50406533 0.26319647
vt 0.50439918 0.26390183
vt 0.60259289 0.6501298
vt 0.60133088 0.67924559
vt 0.59747642 0.67811894
vt 0.59746325 0.65417695
vt 0.60863954 0.6642406
vt 0.59747624 0.68033391
vt 0.59745699 0.64558208
vt 0.60931057 0.64129889
vt 0.62067449 0.65828538
vt 0.59747714 0.68398547
vt 0.59745508 0.64383096
vt 0.59743577 0.62783253
vt 0.59743553 0.62767285
vt 0.61030823 0.61703742
vt 0.5974192 0.60944414
vt 0.61878693 0.63347435
vt 0.59741032 0.59501922
vt 0.623824 0.62607646
vt 0.6047821 0.58486342
vt 0.62902141 0.61001903
vt 0.59740263 0.58668715
vt 0.6164726 0.5915224
vt 0.6274175 0.5979495
vt 0.59740311 0.58411241
vt 0.47064909 0.57359636
vt 0.44769821 0.57390797
vt 0.45995507 0.55962777
vt 0.48715574 0.55663562
vt 0.4592101 0.5936628
vt 0.45610756 0.54217243
vt 0.48587561 0.57671392
vt 0.46869069 0.53729963
vt 0.45770046 0.59232891
vt 0.44351211 0.55631649
vt 0.50478643 0.56277168
vt 0.49387956 0.52564394
vt 0.44198304 0.58107042
vt 0.4594276 0.59396422
vt 0.44244117 0.57299119
vt 0.5126276 0.57612467
vt 0.5030756 0.54977292
vt 0.4746317 0.60142779
vt 0.44063127 0.56874251
vt 0.50612968 0.58630747
vt 0.48599112 0.59830838
vt 0.47536036 0.6033963
vt 0.49287605 0.60777974
vt 0.47556803 0.6047852
vt 0.47590321 0.62069744
vt 0.059056923 0.41694123
vt 0.043997437 0.42164803
vt 0.045799296 0.40737498
vt 0.051586941 0.40041453
vt 0.071654029 0.43231201
vt 0.03764566 0.3952263
vt 0.063877687 0.40246701
vt 0.060989939 0.38098568
vt 0.026206978 0.40041924
vt 0.088166423 0.42210484
vt 0.046984825 0.37776774
vt 0.02739884 0.37876421
vt 0.077604815 0.38944346
vt 0.085365199 0.4337396
vt 0.042392194 0.36913574
vt 0.012876784 0.3934837
vt 0.074004352 0.37914795
vt 0.091849461 0.40312922
vt 0.014409298 0.37421668
vt 0.017411489 0.40627474
vt 0.025877262 0.36445194
vt 0.0080472864 0.36567193
vt 0.013406115 0.35322934
vt 0.004050835 0.34374428
vt 0.40271711 0.47782183
vt 0.38672164 0.47793913
vt 0.38959157 0.46473825
vt 0.40190831 0.43963063
vt 0.40375611 0.49641889
vt 0.37878099 0.4687326
vt 0.41639826 0.46410716
vt 0.40734205 0.48844695
vt 0.44706669 0.44443327
vt 0.41961911 0.48894024
vt 0.41800457 0.41017139
vt 0.45355231 0.47113442
vt 0.44723839 0.44261014
vt 0.39755464 0.42009562
vt 0.44856879 0.45196253
vt 0.45431396 0.47199833
vt 0.44964674 0.46722454
vt 0.42266414 0.40950555
vt 0.44790143 0.44347608
vt 0.44822991 0.4449321
vt 0.44803274 0.44390363
vt 0.44810787 0.44435203
vt 0.44864821 0.44582886
vt 0.53572088 0.97600436
vt 0.57558316 0.98824042
vt 0.53575414 0.98509574
vt 0.56881005 0.9526329
vt 0.53540087 0.96515381
vt 0.61003631 0.9940666
vt 0.53519362 0.9595589
vt 0.61644703 0.98166382
vt 0.58988518 0.99677819
vt 0.53560352 0.93963456
vt 0.60970879 0.96627915
vt 0.94231009 0.64413965
vt 0.94887316 0.62751269
vt 0.96496916 0.64566547
vt 0.95334947 0.66356468
vt 0.97317111 0.63380355
vt 0.97364157 0.66050112
vt 0.95683879 0.61046404
vt 0.98603487 0.64614117
vt 0.97986066 0.65308899
vt 0.96854526 0.61567771
vt 0.98545194 0.62171865
vt 0.98779511 0.66152066
vt 0.99603182 0.64773035
vt 0.98631459 0.67932332
vt 0.99602777 0.63981366
vt 0.99404836 0.66540706
vt 0.99530274 0.65421182
vt 0.99482507 0.61548358
vt 0.9938634 0.67804301
vt 0.99410313 0.65910476
vt 0.99636298 0.62354922
vt 0.99304414 0.68412173
vt 0.99664724 0.6176585
vt 0.99647522 0.61567146
vt 0.79304934 0.52153069
vt 0.78091443 0.50341582
vt 0.80172604 0.50934601
vt 0.80695558 0.52130258
vt 0.78151411 0.52560782
vt 0.79639655 0.53722191
vt 0.76955837 0.5191294
vt 0.81028801 0.55089146
vt 0.75936222 0.5346216
vt 0.76200277 0.50505275
vt 0.78422266 0.54238451
vt 0.81579173 0.52766371
vt 0.79958266 0.55498385
vt 0.75856656 0.52278602
vt 0.77555299 0.53654581
vt 0.77734232 0.48694897
vt 0.79222572 0.55354309
vt 0.81615114 0.55063462
vt 0.75424486 0.55598569
vt 0.77346969 0.55889189
vt 0.28845415 0.6199863
vt 0.29510194 0.6486358
vt 0.25953987 0.64645541
vt 0.25837865 0.61705089
vt 0.30830458 0.62619102
vt 0.26786953 0.61693752
vt 0.32208025 0.63986707
vt 0.26275566 0.60723567
vt 0.32145414 0.65256619
vt 0.2542187 0.59793448
vt 0.26950359 0.6121794
vt 0.66147751 0.48948598
vt 0.63076276 0.4951576
vt 0.69017619 0.47463518
vt 0.69470513 0.48002678
vt 0.65214521 0.46839041
vt 0.67759019 0.45490414
vt 0.62897158 0.48047149
vt 0.68689072 0.44824558
vt 0.67099279 0.44057447
vt 0.69245076 0.45205277
vt 0.68065339 0.44934738
vt 0.69173062 0.43179488
vt 0.68422627 0.45432174
vt 0.041561715 0.53880632
vt 0.036242593 0.5551883
vt 0.025177704 0.54329491
vt 0.032879535 0.53043592
vt 0.044525836 0.56029481
vt 0.0201219 0.55974531
vt 0.023367587 0.53211701
vt 0.048527412 0.53958356
vt 0.03006069 0.57516646
vt 0.0049988786 0.54216039
vt 0.048579052 0.55188417
vt 0.043236304 0.57558775
vt 0.0032081571 0.55820096
vt 0.0162622 0.57636333
vt 0.04827645 0.56007022
vt 0.047293853 0.56492043
vt 0.040359158 0.58895981
vt 0.027174564 0.58218718
vt 0.040268879 0.59062725
vt 0.65228063 0.57685506
vt 0.64096296 0.58666295
vt 0.65513462 0.56733024
vt 0.67916405 0.56498682
vt 0.64459002 0.5665459
vt 0.63806373 0.55115068
vt 0.63313186 0.58010507
vt 0.67516017 0.55283469
vt 0.6315046 0.57307512
vt 0.63440573 0.59071255
vt 0.63117117 0.56649351
vt 0.65105766 0.53666735
vt 0.63006365 0.55423087
vt 0.66332746 0.53392202
vt 0.63310593 0.53815323
vt 0.62903863 0.54832125
vt 0.67335057 0.53190631
vt 0.62799424 0.53933984
vt 0.58801317 0.65250415
vt 0.58425856 0.64824188
vt 0.59241337 0.64306915
vt 0.57846653 0.6648702
vt 0.56715602 0.64427769
vt 0.58571219 0.68097049
vt 0.5764938 0.65258849
vt 0.57766521 0.6882717
vt 0.58989292 0.68000829
vt 0.58757204 0.69956523
vt 0.51997304 0.67200452
vt 0.53243822 0.67094845
vt 0.53926688 0.68267667
vt 0.51999724 0.65978253
vt 0.54412544 0.66432351
vt 0.53831929 0.64487636
vt 0.51188743 0.64172697
vt 0.54292804 0.63295698
vt 0.5325368 0.62622488
vt 0.50474942 0.63248533
vt 0.73918587 0.57806897
vt 0.73410177 0.57103932
vt 0.74769813 0.55773008
vt 0.72180206 0.56636238
vt 0.73406535 0.55664063
vt 0.7300626 0.58292246
vt 0.73818743 0.53767347
vt 0.72477007 0.55501533
vt 0.70782059 0.57066858
vt 0.73976862 0.58941782
vt 0.72425008 0.54004574
vt 0.70711178 0.55714822
vt 0.71900314 0.59070706
vt 0.69158709 0.56043631
vt 0.69815463 0.54118621
vt 0.9648397 0.67312515
vt 0.97536451 0.69391727
vt 0.95331758 0.69626468
vt 0.94155532 0.675919
vt 0.96850359 0.69794929
vt 0.94716626 0.66107225
vt 0.98194605 0.70196027
vt 0.95943129 0.71305996
vt 0.97239345 0.71469426
vt 0.51648533 0.98064798
vt 0.50651813 0.99025285
vt 0.50872707 0.97635794
vt 0.5039413 0.94368291
vt 0.51935881 0.9944905
vt 0.51266778 0.94657409
vt 0.51285303 0.99625325
vt 0.51721668 0.95875019
vt 0.83972573 0.57834446
vt 0.85324752 0.54767841
vt 0.86865145 0.55870223
vt 0.85364789 0.59047943
vt 0.83057237 0.57291317
vt 0.82480258 0.56213927
vt 0.81607598 0.54309773
vt 0.42497531 0.64321822
vt 0.40605193 0.64983344
vt 0.40420121 0.64302349
vt 0.42526454 0.63057637
vt 0.39243749 0.65038395
vt 0.39131385 0.63356251
vt 0.37867302 0.63582683
vt 0.42651716 0.60128462
vt 0.38092238 0.65159714
vt 0.42680755 0.53883886
vt 0.43202356 0.55913085
vt 0.41471314 0.56864697
vt 0.41043365 0.55758941
vt 0.44233742 0.56001544
vt 0.42456695 0.59064066
vt 0.40953702 0.54650617
vt 0.85087764 0.71418893
vt 0.84719479 0.67663682
vt 0.86985993 0.6949569
vt 0.87589687 0.67499936
vt 0.85491461 0.66465062
vt 0.87924808 0.68125039
vt 0.53492045 0.99002355
vt 0.52763343 0.95864201
vt 0.53458595 0.95891058
vt 0.53328311 0.99305195
vt 0.53467613 0.94915038
vt 0.53495151 0.99335486
vt 0.53488159 0.99631703
vt 0.1129032 0.99649435
vt 0.11688789 0.98530561
vt 0.12964319 0.98737395
vt 0.15851671 0.97355622
vt 0.94175905 0.5508548
vt 0.9698357 0.56037271
vt 0.95259809 0.57160515
vt 0.95935106 0.58931923
vt 0.9771663 0.59007847
vt 0.98387283 0.57417566
vt 0.22614042 0.52817804
vt 0.20474167 0.49201018
vt 0.23344417 0.51693273
vt 0.20444137 0.52673972
vt 0.19451497 0.52042246
vt 0.19230896 0.48817939
vt 0.74723744 0.70030373
vt 0.74411529 0.7157163
vt 0.72332114 0.6954686
vt 0.7444337 0.67791617
vt 0.75751954 0.70839965
vt 0.76032501 0.67695475
vt 0.75188363 0.71278834
vt 0.76134276 0.70657635
vt 0.7654705 0.69920433
vt 0.98928618 0.84372008
vt 0.97249866 0.82735306
vt 0.99771875 0.82677579
vt 0.97554487 0.85571504
vt 0.97602773 0.81332916
vt 0.62347496 0.68256921
vt 0.62822217 0.66530573
vt 0.6341632 0.67103708
vt 0.63421243 0.6835466
vt 0.63414061 0.66695422
vt 0.63393199 0.65563709
vt 0.61330396 0.64287388
vt 0.6337992 0.64823067
vt 0.95719099 0.5539093
vt 0.94818401 0.54384303
vt 0.95564884 0.53028613
vt 0.97443277 0.54508352
vt 0.94101697 0.53264457
vt 0.96644133 0.51849276
vt 0.97483075 0.5564785
vt 0.94259655 0.52403319
vt 0.97626942 0.54184586
vt 0.97549784 0.54843116
vt 0.97354746 0.55816352
vt 0.97918427 0.52697361
vt 0.97539657 0.54555666
vt 0.97553921 0.54626018
vt 0.24185951 0.61365902
vt 0.24111168 0.63570303
vt 0.22304338 0.63856721
vt 0.25032336 0.63409495
vt 0.22501482 0.65171587
vt 0.23701312 0.64832252
vt 0.41015893 0.97361034
vt 0.40014622 0.98906916
vt 0.39170259 0.98960614
vt 0.38912013 0.9763574
vt 0.41728765 0.98066193
vt 0.40497288 0.99632001
vt 0.37944332 0.98427767
vt 0.40780357 0.99631882
vt 0.39644441 0.99632031
vt 0.38838172 0.99632192
vt 0.4120791 0.99631947
vt 0.3816852 0.99632376
vt 0.46544722 0.97708338
vt 0.45249882 0.99587727
vt 0.42632145 0.98744029
vt 0.49857977 0.63946509
vt 0.49177089 0.63001788
vt 0.50410932 0.62116408
vt 0.48664784 0.6484167
vt 0.50040448 0.61340982
vt 0.4999145 0.65171218
vt 0.47336909 0.63033921
vt 0.97405821 0.98924756
vt 0.97950619 0.96140403
vt 0.9873746 0.96961921
vt 0.98566431 0.98728627
vt 0.98783034 0.95718062
vt 0.97357774 0.99149114
vt 0.98545223 0.98857147
vt 0.98417503 0.99434859
vt 0.9845317 0.99414968
vt 0.98448455 0.99533767
vt 0.88980502 0.97833568
vt 0.8895641 0.99599743
vt 0.87922585 0.98305982
vt 0.91764915 0.98431164
vt 0.7018556 0.67833889
vt 0.7132262 0.71557683
vt 0.69215566 0.69461823
vt 0.92081505 0.68670529
vt 0.91664428 0.69919348
vt 0.90928262 0.68798059
vt 0.92191947 0.71439123
vt 0.93431896 0.6940093
vt 0.93387133 0.70020366
vt 0.93683589 0.67754793
vt 0.032565784 0.66824663
vt 0.028857395 0.65761143
vt 0.03794628 0.65332425
vt 0.020417798 0.65177286
vt 0.044497963 0.64087081
vt 0.020147892 0.65350354
vt 0.021392137 0.64540124
vt 0.021790992 0.63148344
vt 0.47227898 0.97283995
vt 0.49188554 0.98000342
vt 0.47056201 0.99684608
vt 0.45605746 0.98938185
vt 0.10888787 0.99575859
vt 0.092379525 0.99317825
vt 0.074221388 0.98965687
vt 0.077768467 0.99065876
vt 0.51742065 0.92668724
vt 0.52716434 0.9495998
vt 0.50360513 0.94215512
vt 0.53871369 0.93169439
vt 0.075589225 0.99317825
vt 0.05908088 0.99575859
vt 0.090200283 0.99065876
vt 0.093747362 0.98965687
vt 0.49674833 0.99236709
vt 0.49940738 0.98252434
vt 0.50510705 0.99563223
vt 0.49773169 0.98344409
vt 0.50340891 0.98042679
vt 0.49805582 0.98107946
vt 0.50601023 0.96001375
vt 0.12940511 0.98812854
vt 0.14398065 0.98267889
vt 0.16199984 0.99595118
vt 0.42554125 0.98785073
vt 0.41831967 0.96685505
vt 0.42200711 0.96788657
vt 0.42681679 0.98386896
vt 0.4175722 0.99608535
vt 0.41927719 0.9633882
vt 0.42718282 0.98761922
vt 0.64698303 0.98533577
vt 0.62515432 0.99681354
vt 0.61261052 0.985771
vt 0.88845152 0.91875023
vt 0.88092959 0.90784538
vt 0.89015532 0.90898645
vt 0.89103186 0.91766047
vt 0.87835115 0.88494873
vt 0.88968116 0.89536738
vt 0.88870871 0.88389945
vt 0.88586849 0.71143425
vt 0.90070742 0.69993091
vt 0.88877058 0.71491849
vt 0.88959897 0.68733263
vt 0.89096618 0.71525371
vt 0.87978333 0.6975491
vt 0.90327501 0.6889199
vt 0.89880872 0.70915627
vt 0.91121095 0.69308078
vt 0.90633368 0.7028563
vt 0.89442861 0.71544945
vt 0.91002738 0.69697446
vt 0.10605016 0.99626845
vt 0.086653836 0.99561799
vt 0.073445976 0.99033397
vt 0.83515167 0.68162519
vt 0.8384558 0.66750348
vt 0.83898425 0.66857505
vt 0.83939326 0.68390858
vt 0.81962574 0.67597097
vt 0.83894682 0.66786408
vt 0.83546245 0.68762851
vt 0.81589365 0.69359672
vt 0.83891809 0.66744769
vt 0.83983344 0.6881153
vt 0.83618331 0.69999778
vt 0.83712643 0.69975626
vt 0.84097761 0.69802368
vt 0.84008098 0.6989994
vt 0.84106129 0.69873244
vt 0.66203761 0.68717104
vt 0.66175604 0.70387304
vt 0.65962666 0.7001158
vt 0.66691667 0.68794298
vt 0.66489273 0.68440402
vt 0.68242157 0.70282179
vt 0.67122519 0.71402383
vt 0.072706483 0.64525354
vt 0.050536875 0.64603102
vt 0.05636286 0.63761121
vt 0.072223969 0.64877331
vt 0.061064713 0.66858763
vt 0.049945533 0.66467023
vt 0.50322229 0.65204632
vt 0.52014953 0.66901839
vt 0.50366729 0.68358922
vt 0.64347935 0.69792879
vt 0.64228934 0.67701507
vt 0.64366871 0.67889678
vt 0.61296839 0.69981843
vt 0.64368564 0.67709398
vt 0.12237836 0.6500687
vt 0.10792957 0.64463669
vt 0.098345168 0.62906194
vt 0.1265271 0.63894129
vt 0.10245008 0.64750206
vt 0.11884183 0.62201273
vt 0.11866336 0.65316123
vt 0.13169684 0.99384159
vt 0.11269984 0.99626845
vt 0.14530402 0.99033397
vt 0.13209617 0.99561799
vt 0.13847151 0.64626122
vt 0.14928819 0.65712857
vt 0.13149999 0.66423041
vt 0.12975535 0.65128767
vt 0.15876912 0.64980209
vt 0.15606645 0.66733658
vt 0.99003887 0.87060267
vt 0.97355902 0.85788745
vt 0.98943126 0.86446321
vt 0.98546553 0.87090409
vt 0.98950595 0.87401044
vt 0.99385649 0.88712341
vt 0.48836577 0.99483287
vt 0.4936389 0.96667182
vt 0.4975895 0.99643123
vt 0.88288444 0.69023776
vt 0.87308532 0.69981879
vt 0.86757988 0.69789672
vt 0.87216711 0.71295488
vt 0.86324322 0.70790529
vt 0.86777925 0.71402436
vt 0.52940768 0.97030401
vt 0.52519226 0.9909668
vt 0.52152252 0.98539734
vt 0.51962084 0.996889
vt 0.99498278 0.72209406
vt 0.98611343 0.70903134
vt 0.9981699 0.70639652
vt 0.99716693 0.71855289
vt 0.98491365 0.72987652
vt 0.97296965 0.71572369
vt 0.7927494 0.68120295
vt 0.77925414 0.68286353
vt 0.79198796 0.67919248
vt 0.77967143 0.69056141
vt 0.79078817 0.67602456
vt 0.7946009 0.68850577
vt 0.77563024 0.68529916
vt 0.7954762 0.69424587
vt 0.76963824 0.68684357
vt 0.78733587 0.69952381
vt 0.77700526 0.69971335
vt 0.71197808 0.70695102
vt 0.70792288 0.69469088
vt 0.72400683 0.69114149
vt 0.72568375 0.70595181
vt 0.717053 0.71463019
vt 0.42549863 0.98060209
vt 0.43061242 0.96613508
vt 0.44990396 0.97630835
vt 0.57434231 0.9498015
vt 0.55552202 0.94573414
vt 0.56065315 0.92758989
vt 0.55059385 0.93473238
vt 0.1045501 0.64920259
vt 0.083606713 0.65665436
vt 0.084227584 0.64956546
vt 0.086947009 0.64448375
vt 0.097365953 0.66864681
vt 0.081939146 0.65427053
vt 0.081549324 0.65576184
vt 0.1650241 0.66801685
vt 0.1596148 0.66256034
vt 0.17718963 0.6540246
vt 0.17199595 0.64545459
vt 0.18443447 0.65475345
vt 0.88247359 0.66456664
vt 0.89190072 0.66587108
vt 0.88192081 0.68371409
vt 0.87958282 0.66622543
vt 0.88107938 0.68271589
vt 0.87893814 0.66307539
vt 0.88111883 0.68367243
vt 0.16130941 0.97442669
vt 0.16702065 0.99422616
vt 0.16020685 0.99597251
vt 0.20446682 0.66786546
vt 0.19114317 0.65072954
vt 0.211189 0.64727819
vt 0.42628679 0.64589
vt 0.43707189 0.66694421
vt 0.42620382 0.6530143
vt 0.43232468 0.64968073
vt 0.42633447 0.6679216
vt 0.051421147 0.66724503
vt 0.042118285 0.66709161
vt 0.05156748 0.64937538
vt 0.038960259 0.65710419
vt 0.045801122 0.65156841
vt 0.034820575 0.66160935
vt 0.051604893 0.64687192
vt 0.98797828 0.97436953
vt 0.99723989 0.98305666
vt 0.99260813 0.99609476
vt 0.54877859 0.68126369
vt 0.5518983 0.69879305
vt 0.54066843 0.70008439
vt 0.53537315 0.68576312
vt 0.2249684 0.66781402
vt 0.22231667 0.6511544
vt 0.23790286 0.65303147
vt 0.6274361 0.96755028
vt 0.62513834 0.97970563
vt 0.6151157 0.98009962
vt 0.6135143 0.96499467
vt 0.87492543 0.99535424
vt 0.8630541 0.98244828
vt 0.87572932 0.97951943
vt 0.15164907 0.99580401
vt 0.1545572 0.98015177
vt 0.15502001 0.9817217
vt 0.15350801 0.98064607
vt 0.1678867 0.99126577
vt 0.17004481 0.98304677
vt 0.17542894 0.99696875
vt 0.11081984 0.99232012
vt 0.10592788 0.99413365
vt 0.11073002 0.98467213
vt 0.11072978 0.99554533
vt 0.080615349 0.99538809
vt 0.074728966 0.99488991
vt 0.080308944 0.99374312
vt 0.078297056 0.99075276
vt 0.074072659 0.99618948
vt 0.073977523 0.99397343
vt 0.07534153 0.99602014
vt 0.079285428 0.99557811
vt 0.10109106 0.9962908
vt 0.097974814 0.99345464
vt 0.10105718 0.992733
vt 0.083553478 0.99642104
vt 0.082231976 0.99506932
vt 0.08352571 0.99484915
vt 0.083502352 0.99221146
vt 0.0052805687 0.99633849
vt 0.0040259995 0.99532449
vt 0.0054121027 0.99511278
vt 0.0042519174 0.99602842
vt 0.0055825119 0.9965831
vt 0.0041305479 0.99647242
vt 0.0034840365 0.9958095
vt 0.0042496985 0.99447238
vt 0.0039012337 0.99670672
vt 0.1022038 0.99380243
vt 0.1029584 0.99675608
vt 0.10128979 0.99698454
vt 0.0051794169 0.99568802
vt 0.0047271848 0.99321949
vt 0.0051426557 0.9932338
usemtl Tile_+031_+021_L19_000211_0
f 39/1494 64/1495 67/1496
f 144/472 133/473 131/474
f 761/260 32/261 35/262
f 49/507 46/510 44/504
f 86/500 83/498 72/495
f 59/304 50/316 63/315
f 68/325 63/315 65/337
f 82/493 98/482 95/488
f 65/337 87/349 68/325
f 106/1034 134/1035 124/1036
f 154/1073 156/1074 155/1075
f 78/354 77/351 74/327
f 95/488 98/482 92/485
f 153/760 80/761 79/762
f 113/775 112/779 116/772
f 123/768 134/774 114/769
f 125/1426 128/1427 100/1428
f 79/762 135/763 153/760
f 97/1048 101/1046 138/1037
f 145/475 144/472 131/474
f 126/1470 145/1471 131/1472
f 146/1544 142/1545 920/1546
f 141/1050 122/1044 137/1043
f 145/1471 147/1474 144/1476
f 150/1797 149/1798 148/1799
f 152/1057 149/1053 141/1050
f 122/1044 141/1050 150/1047
f 149/1053 150/1047 141/1050
f 141/1050 143/1061 152/1057
f 137/1043 136/1049 141/1050
f 152/1057 143/1061 1072/1063
f 1074/531 107/532 1075/533
f 1075/533 150/535 1076/538
f 1068/1062 152/1057 1077/1064
f 1071/1800 148/1799 1080/1801
f 1078/1071 149/1053 1081/1069
f 106/1034 121/1040 122/1044
f 107/532 103/534 110/537
f 145/1471 126/1470 147/1474
f 121/1040 137/1043 122/1044
f 135/763 79/762 102/765
f 130/477 131/474 133/473
f 126/1433 129/1429 139/1431
f 131/1472 132/1473 126/1470
f 139/1431 133/1434 147/1435
f 147/1435 126/1433 139/1431
f 141/1746 140/1747 143/1748
f 143/1748 140/1747 142/1749
f 924/1750 142/1749 929/1751
f 138/1037 137/1043 121/1040
f 141/1050 136/1049 930/1056
f 926/1549 141/1550 932/1551
f 124/1430 128/1427 127/1432
f 101/1046 97/1048 88/1051
f 136/1049 101/1046 928/1052
f 129/1429 125/1426 139/1431
f 121/1040 106/1034 138/1037
f 124/1036 138/1037 106/1034
f 101/1046 136/1049 137/1043
f 927/1054 88/1051 934/1058
f 102/765 123/768 135/763
f 96/481 92/485 98/482
f 132/1773 97/1774 138/1775
f 125/478 130/477 133/473
f 133/1434 139/1431 125/1426
f 97/480 132/479 130/477
f 130/477 132/479 131/474
f 132/1473 127/1475 126/1470
f 102/765 100/771 123/768
f 100/1428 128/1427 124/1430
f 102/489 99/486 100/483
f 99/486 102/489 93/491
f 115/766 153/760 135/763
f 111/778 114/769 134/774
f 114/769 111/778 113/775
f 117/767 115/766 116/772
f 116/772 115/766 114/769
f 135/763 114/769 115/766
f 108/776 117/767 116/772
f 111/1038 134/1035 106/1034
f 113/775 116/772 114/769
f 110/784 112/779 107/783
f 107/783 112/779 113/775
f 111/1038 105/1041 107/1045
f 110/784 109/785 108/776
f 105/1041 111/1038 106/1034
f 104/536 103/534 1074/531
f 118/541 110/537 103/534
f 150/1047 105/1041 122/1044
f 107/1045 105/1041 150/1047
f 104/536 120/540 103/534
f 119/544 103/534 120/540
f 119/544 118/541 103/534
f 105/1041 106/1034 122/1044
f 101/1046 137/1043 138/1037
f 935/490 82/493 936/496
f 98/482 88/484 97/480
f 94/364 102/395 79/377
f 99/486 92/485 96/481
f 97/480 96/481 98/482
f 96/481 100/483 99/486
f 84/397 85/386 81/376
f 77/351 79/377 80/353
f 78/354 89/366 79/377
f 94/364 79/377 89/366
f 81/376 90/375 65/337
f 92/485 99/486 93/491
f 94/364 93/396 102/395
f 937/1507 86/1508 938/1509
f 94/364 65/337 90/375
f 91/494 92/485 93/491
f 89/366 87/349 94/364
f 94/364 90/375 85/386
f 89/366 78/354 73/339
f 87/349 89/366 73/339
f 87/349 65/337 94/364
f 54/361 71/383 81/376
f 65/337 63/315 50/316
f 72/495 95/488 84/492
f 95/488 92/485 84/492
f 72/495 84/492 71/497
f 77/351 78/354 79/377
f 77/351 76/326 74/327
f 76/326 75/317 74/327
f 73/339 78/354 74/327
f 67/1496 64/1495 66/1499
f 87/349 73/339 68/325
f 74/327 66/296 73/339
f 85/386 90/375 81/376
f 86/500 57/503 941/505
f 91/405 85/386 84/397
f 936/496 83/498 940/501
f 71/383 84/397 81/376
f 72/495 83/498 82/493
f 54/361 69/350 50/316
f 70/499 72/495 71/497
f 71/497 51/502 70/499
f 66/1499 64/1495 62/1498
f 50/316 69/350 65/337
f 68/325 62/294 63/315
f 62/294 59/304 63/315
f 39/270 58/286 62/294
f 81/376 65/337 54/361
f 57/503 70/499 51/502
f 49/346 54/361 50/316
f 941/505 53/506 943/511
f 58/286 41/276 52/295
f 50/316 59/304 52/295
f 38/289 52/295 41/276
f 53/506 57/503 44/504
f 42/272 38/289 41/276
f 36/292 42/272 23/283
f 29/313 37/309 36/292
f 42/272 30/269 23/283
f 20/1 55/2 56/3
f 55/275 20/285 30/269
f 47/509 43/517 26/520
f 39/270 41/276 58/286
f 37/309 46/345 48/333
f 52/295 37/309 50/316
f 52/295 59/304 58/286
f 51/502 49/507 44/504
f 50/316 48/333 49/346
f 46/345 49/346 48/333
f 33/332 22/323 25/335
f 34/513 25/519 43/517
f 950/512 47/509 952/516
f 45/514 44/504 46/510
f 37/309 45/344 46/345
f 45/344 37/309 33/332
f 33/332 34/360 45/344
f 45/514 34/513 44/504
f 40/263 31/265 42/272
f 42/272 36/292 38/289
f 37/309 38/289 36/292
f 40/263 42/272 41/276
f 37/309 52/295 38/289
f 36/292 23/283 24/302
f 32/261 31/265 35/262
f 953/518 26/520 954/523
f 29/313 22/323 33/332
f 24/302 29/313 36/292
f 55/275 30/269 32/261
f 24/302 22/323 29/313
f 27/522 13/529 956/530
f 12/32 21/25 11/20
f 16/21 15/15 21/25
f 12/526 28/521 21/524
f 23/283 18/314 24/302
f 22/323 24/302 18/314
f 23/283 30/269 20/285
f 25/335 18/314 21/336
f 10/6 15/15 17/10
f 42/272 31/265 30/269
f 19/4 10/6 20/1
f 17/303 16/324 18/314
f 23/283 17/303 18/314
f 21/25 15/15 11/20
f 14/41 13/54 12/32
f 9/24 11/20 10/6
f 918/1238 907/1239 906/1240
f 6/70 5/89 4/102
f 1/983 3/984 2/985
f 159/1084 160/1092 7/1089
f 156/1074 154/1073 684/1077
f 1132/1242 912/1244 1133/1251
f 907/1239 918/1238 1132/1242
f 670/1088 684/1077 2/1082
f 1135/1019 887/1025 1136/1029
f 872/122 886/110 4/102
f 877/137 890/148 872/122
f 897/994 866/999 867/996
f 8/1258 7/1260 1138/1261
f 1137/1255 8/1258 1140/1259
f 917/1727 919/1728 916/1729
f 918/1238 906/1240 909/1241
f 912/1244 909/1241 157/1248
f 158/1254 157/1248 909/1241
f 912/1244 918/1238 909/1241
f 915/1730 917/1727 916/1729
f 919/1728 917/1727 915/1730
f 914/1096 160/1092 1148/1099
f 7/1089 914/1096 878/1100
f 912/1244 913/1257 8/1258
f 1139/1106 878/1100 1150/1114
f 7/1260 8/1258 913/1257
f 875/998 908/993 910/1003
f 155/1075 735/1078 159/1084
f 159/1084 726/1091 160/1092
f 913/1079 159/1084 7/1089
f 911/1076 155/1075 913/1079
f 159/1084 913/1079 155/1075
f 911/1253 913/1257 912/1244
f 154/1073 157/1080 158/1085
f 911/1076 157/1080 154/1073
f 155/1075 911/1076 154/1073
f 735/1078 155/1075 156/1074
f 1/1087 2/1082 154/1073
f 154/1073 158/1085 1/1087
f 684/1077 683/1081 156/1074
f 910/1243 907/1239 905/1247
f 2/1082 684/1077 154/1073
f 897/994 902/991 908/993
f 901/1004 875/998 874/1010
f 905/1247 907/1239 1141/1252
f 905/1015 874/1010 910/1003
f 909/1241 899/1249 158/1254
f 899/1712 1/1713 158/1714
f 906/1240 910/1243 908/1245
f 908/1245 909/1241 906/1240
f 1157/1017 901/1004 1159/1016
f 900/1011 904/1005 1162/1018
f 904/1005 900/1011 867/996
f 901/1004 866/999 897/994
f 908/993 875/998 897/994
f 901/1004 904/1005 866/999
f 1159/1016 874/1010 1167/1021
f 899/986 902/991 898/988
f 43/517 47/509 34/513
f 897/994 898/988 902/991
f 897/994 868/992 898/988
f 3/984 876/990 669/989
f 2/985 3/984 670/987
f 908/993 902/991 899/986
f 3/984 1/983 899/986
f 3/984 898/988 876/990
f 3/984 899/986 898/988
f 880/107 862/73 894/97
f 1168/1030 900/1011 1169/1032
f 526/995 669/989 876/990
f 881/84 862/73 647/45
f 859/14 884/9 863/13
f 397/17 864/11 667/7
f 891/106 894/97 881/84
f 871/88 4/102 886/110
f 5/89 648/112 4/102
f 881/84 882/79 871/88
f 397/17 869/22 864/11
f 667/7 864/11 19/4
f 647/45 454/57 6/70
f 865/997 890/1008 877/1009
f 648/112 877/137 872/122
f 647/45 860/30 520/26
f 20/285 17/303 23/283
f 880/107 893/118 892/132
f 896/131 893/118 891/106
f 872/122 871/88 886/110
f 872/122 885/146 896/131
f 894/97 893/118 880/107
f 879/66 861/96 960/105
f 891/106 893/118 894/97
f 895/143 892/132 861/96
f 896/131 891/106 872/122
f 861/96 892/132 962/130
f 881/84 871/88 891/106
f 892/132 895/143 880/107
f 1173/1737 870/1738 1174/1739
f 893/118 896/131 964/142
f 890/1008 865/997 1175/1001
f 885/146 870/165 966/176
f 1174/179 889/156 1177/189
f 889/156 890/148 1176/168
f 889/156 885/146 872/122
f 858/31 879/66 969/52
f 858/31 888/64 879/66
f 858/31 647/45 888/64
f 888/64 862/73 879/66
f 894/97 862/73 881/84
f 647/45 882/79 881/84
f 880/107 895/143 861/96
f 884/9 19/4 863/13
f 19/4 884/9 10/6
f 9/24 883/19 859/14
f 860/30 859/14 869/22
f 859/14 863/13 869/22
f 860/30 858/31 859/14
f 160/1092 914/1096 7/1089
f 144/472 147/476 133/473
f 878/1100 914/1096 1151/1107
f 66/296 68/325 73/339
f 53/506 44/504 47/509
f 876/990 868/992 526/995
f 868/992 865/997 526/995
f 867/996 900/1011 1135/1019
f 49/346 51/372 54/361
f 54/361 51/372 71/383
f 97/480 125/478 96/481
f 110/784 108/776 112/779
f 113/775 111/778 107/783
f 123/1039 100/1042 124/1036
f 138/1775 124/1776 132/1773
f 124/1036 134/1035 123/1039
f 110/537 118/541 151/545
f 929/1810 146/1811 973/1812
f 128/1427 129/1429 127/1432
f 142/1749 140/1747 141/1746
f 132/1773 124/1776 127/1777
f 125/478 100/483 96/481
f 125/478 97/480 130/477
f 129/1429 128/1427 125/1426
f 127/1475 129/1477 126/1470
f 91/494 84/492 92/485
f 135/763 123/768 114/769
f 108/776 116/772 112/779
f 923/487 98/482 935/490
f 80/353 76/326 77/351
f 95/488 72/495 82/493
f 91/405 93/396 85/386
f 94/364 85/386 93/396
f 66/296 74/327 75/317
f 57/503 86/500 70/499
f 65/337 69/350 54/361
f 68/325 66/296 62/294
f 67/1496 61/1497 39/1494
f 72/495 70/499 86/500
f 62/294 58/286 59/304
f 39/1494 61/1497 60/1500
f 62/1498 64/1495 39/1494
f 34/360 33/332 25/335
f 37/309 29/313 33/332
f 15/15 10/6 11/20
f 25/519 28/521 43/517
f 11/20 14/41 12/32
f 25/519 21/524 28/521
f 955/68 14/41 974/76
f 39/270 501/266 40/263
f 57/503 51/502 44/504
f 37/309 48/333 50/316
f 47/509 44/504 34/513
f 761/260 35/262 40/263
f 35/262 31/265 40/263
f 41/276 39/270 40/263
f 31/265 32/261 30/269
f 27/522 43/517 28/521
f 26/520 43/517 27/522
f 28/521 12/526 27/522
f 944/525 27/522 957/527
f 21/336 18/314 16/324
f 22/323 18/314 25/335
f 27/522 12/526 13/529
f 56/3 667/7 19/4
f 958/53 11/20 975/42
f 20/1 56/3 19/4
f 17/10 20/1 10/6
f 16/21 17/10 15/15
f 11/20 9/24 959/33
f 10/6 883/19 9/24
f 899/1249 909/1241 908/1245
f 4/102 648/112 872/122
f 964/142 885/146 968/164
f 871/88 6/70 4/102
f 397/17 520/26 869/22
f 1171/214 887/226 1185/233
f 919/1681 915/1682 916/1683
f 874/1010 905/1015 1145/1020
f 912/1244 157/1248 911/1253
f 907/1239 910/1243 906/1240
f 867/996 866/999 904/1005
f 874/1010 875/998 910/1003
f 867/996 868/992 897/994
f 1184/1000 867/996 1188/1006
f 901/1004 897/994 875/998
f 868/992 876/990 898/988
f 526/995 865/997 648/1002
f 19/4 864/11 863/13
f 869/22 863/13 864/11
f 1175/1001 868/992 1189/1007
f 882/79 6/70 871/88
f 6/70 882/79 647/45
f 862/73 888/64 647/45
f 858/31 860/30 647/45
f 891/106 871/88 872/122
f 892/132 893/118 965/144
f 872/122 890/148 889/156
f 870/165 885/146 889/156
f 879/66 862/73 861/96
f 862/1584 880/1585 861/1586
f 869/22 520/26 860/30
f 859/14 10/6 884/9
f 859/14 883/19 10/6
f 9/24 858/31 970/40
f 859/14 858/31 9/24
f 865/997 877/1009 648/1002
f 724/1662 692/1663 1191/1664
f 525/777 524/793 800/787
f 613/797 732/798 729/799
f 474/409 753/403 758/382
f 672/947 436/948 429/949
f 395/178 441/217 440/206
f 456/421 468/433 455/423
f 764/410 330/426 191/419
f 751/310 748/321 460/334
f 456/421 739/427 185/432
f 311/1132 822/1133 820/1134
f 329/579 328/580 327/581
f 816/562 807/568 847/565
f 791/764 80/761 153/760
f 797/592 819/588 484/582
f 728/807 422/817 421/812
f 777/297 775/305 776/318
f 517/1287 493/1288 813/1289
f 773/370 461/331 497/358
f 771/391 511/407 495/401
f 779/340 778/328 775/305
f 812/575 802/570 815/569
f 790/781 525/777 800/787
f 821/1136 311/1132 819/1135
f 827/554 830/556 825/552
f 843/1376 847/1377 803/1378
f 1089/1139 311/1132 1090/1138
f 839/1295 815/1290 857/1297
f 311/1132 821/1136 1087/1137
f 852/574 823/566 1098/571
f 839/1295 840/1293 815/1290
f 851/572 815/569 823/566
f 850/1611 849/1612 841/1613
f 508/368 790/388 482/369
f 1101/1706 104/1707 1103/1708
f 1106/1699 854/1700 1107/1701
f 854/1756 852/1757 1102/1758
f 1098/571 841/567 1108/573
f 842/1710 120/1711 104/1707
f 856/1518 826/1519 842/1520
f 826/551 856/561 1100/558
f 851/1704 854/1700 857/1702
f 855/1618 494/1619 849/1620
f 813/1289 812/1292 815/1290
f 855/1614 849/1612 850/1611
f 1095/1299 857/1297 1105/1304
f 854/1756 853/1760 852/1757
f 1113/1621 855/1618 1114/1623
f 851/1704 853/1705 854/1700
f 823/566 852/574 851/572
f 853/1760 851/1761 852/1757
f 1097/560 827/554 1116/557
f 828/1523 834/1522 826/1519
f 826/1519 836/1521 842/1520
f 855/1614 850/1611 1096/1615
f 1119/1310 814/1311 1120/1312
f 835/1720 848/1721 828/1722
f 842/1804 836/1805 835/1806
f 828/1722 848/1721 834/1724
f 808/619 492/625 810/622
f 833/549 151/545 118/541
f 110/784 151/795 109/785
f 793/610 785/614 809/615
f 809/615 802/621 812/623
f 833/791 832/796 830/786
f 492/1291 838/1294 814/1296
f 837/773 846/780 830/786
f 482/369 483/389 506/378
f 837/773 789/770 117/767
f 525/777 817/788 806/794
f 789/770 837/773 525/777
f 831/548 833/549 118/541
f 153/760 115/766 117/767
f 153/760 117/767 791/764
f 846/780 844/790 833/791
f 795/1384 524/1386 806/1381
f 845/782 817/788 525/777
f 817/1365 843/1366 818/1367
f 800/1372 524/1375 804/1370
f 803/1378 847/1377 805/1380
f 847/1373 843/1366 829/1371
f 829/789 845/782 837/773
f 791/764 117/767 789/770
f 117/767 108/776 837/773
f 108/776 846/780 837/773
f 846/780 833/791 830/786
f 109/785 846/780 108/776
f 843/1366 817/1365 845/1369
f 830/786 829/789 837/773
f 833/791 844/790 151/795
f 832/553 825/552 830/556
f 843/1366 845/1369 829/1371
f 847/565 829/559 816/562
f 151/795 844/790 109/785
f 844/790 846/780 109/785
f 825/552 824/550 827/554
f 834/1522 836/1521 826/1519
f 834/1724 848/1721 835/1720
f 835/1720 836/1726 834/1724
f 832/553 833/549 831/548
f 832/553 831/548 825/552
f 824/550 825/552 831/548
f 827/554 829/559 830/556
f 829/559 827/554 816/562
f 119/544 831/548 118/541
f 828/547 824/550 119/544
f 827/554 826/551 1109/555
f 826/551 827/554 824/550
f 119/544 120/540 828/547
f 841/567 827/554 850/563
f 841/567 823/566 827/554
f 828/1722 120/1725 842/1723
f 842/1723 835/1720 828/1722
f 815/1290 840/1293 517/1287
f 803/1743 796/1744 818/1745
f 311/1132 820/1134 819/1135
f 819/588 820/584 484/582
f 311/1566 318/1567 822/1568
f 840/1293 839/1295 838/1294
f 823/566 816/562 827/554
f 493/1288 812/1292 813/1289
f 802/570 816/562 815/569
f 814/1296 838/1294 1117/1298
f 814/1311 810/1315 492/1318
f 838/1294 517/1287 840/1293
f 517/1287 813/1289 815/1290
f 517/1287 838/1294 492/1291
f 493/626 492/625 808/619
f 803/1378 805/1380 806/1381
f 317/1571 811/1570 318/1567
f 808/619 810/622 799/598
f 811/1570 822/1568 318/1567
f 799/598 809/615 808/619
f 847/1377 807/1382 805/1380
f 802/570 807/568 816/562
f 821/1313 819/1320 799/1317
f 799/1317 810/1315 821/1313
f 822/587 329/579 820/584
f 809/615 785/614 802/621
f 805/1380 807/1382 795/1384
f 801/1383 803/1378 806/1381
f 315/1485 811/1486 319/1487
f 803/1378 818/1379 843/1376
f 817/1365 796/1368 804/1370
f 818/1367 796/1368 817/1365
f 796/1368 800/1372 804/1370
f 817/1752 804/1753 806/1754
f 805/1380 795/1384 806/1381
f 804/1388 524/1386 801/1383
f 795/624 802/621 785/614
f 806/1754 804/1753 801/1755
f 801/1383 524/1386 795/1384
f 794/1387 801/1383 795/1384
f 796/1385 801/1383 794/1387
f 790/781 800/787 794/792
f 793/610 809/615 799/598
f 798/603 793/610 799/598
f 797/592 798/603 799/598
f 800/1372 796/1368 794/1374
f 485/629 790/631 794/630
f 785/614 793/610 792/602
f 792/602 793/610 798/603
f 797/592 784/597 792/602
f 485/629 795/624 486/627
f 785/614 486/627 795/624
f 484/582 329/579 327/581
f 484/582 784/597 797/592
f 798/603 797/592 792/602
f 484/582 481/596 784/597
f 792/602 784/597 783/609
f 503/406 504/400 514/390
f 482/369 782/356 510/341
f 327/581 298/583 484/582
f 485/399 506/378 483/389
f 785/614 792/602 783/609
f 780/355 776/318 779/340
f 485/399 483/389 790/388
f 789/387 790/388 508/368
f 791/365 789/387 509/367
f 787/338 791/365 786/352
f 769/357 788/343 782/356
f 627/586 484/582 298/583
f 781/380 513/379 769/357
f 482/369 510/341 508/368
f 507/398 486/413 487/414
f 788/343 769/357 502/319
f 302/594 314/608 598/595
f 784/597 481/596 783/609
f 783/434 489/424 785/428
f 80/353 787/338 76/326
f 786/352 775/305 787/338
f 775/305 76/326 787/338
f 514/390 507/398 487/414
f 509/367 508/368 780/355
f 75/317 76/326 775/305
f 506/378 781/380 782/356
f 779/340 775/305 786/352
f 487/414 785/428 488/415
f 489/424 481/435 598/425
f 782/356 512/329 510/341
f 782/356 482/369 506/378
f 514/390 488/415 503/406
f 481/435 489/424 783/434
f 598/425 264/429 505/416
f 495/401 765/392 773/370
f 314/436 264/429 598/425
f 511/407 503/406 489/424
f 505/416 511/407 598/425
f 774/408 495/401 332/418
f 489/424 503/406 488/415
f 462/282 762/268 476/271
f 780/355 510/341 776/318
f 758/382 759/359 773/370
f 497/358 769/357 513/379
f 510/341 512/329 776/318
f 500/306 776/318 512/329
f 769/357 782/356 781/380
f 776/318 778/328 779/340
f 501/266 499/288 477/278
f 775/305 777/297 501/266
f 776/318 500/306 777/297
f 775/305 778/328 776/318
f 501/266 39/270 60/277
f 777/297 500/306 499/288
f 60/1822 61/1823 67/1824
f 67/287 66/296 501/266
f 501/266 777/297 499/288
f 477/278 499/288 465/298
f 502/319 770/342 496/330
f 497/358 514/390 504/400
f 765/392 774/408 763/417
f 464/299 462/282 477/278
f 765/392 495/401 774/408
f 497/358 772/381 773/370
f 773/370 772/381 771/391
f 264/429 332/418 505/416
f 495/401 773/370 771/391
f 497/358 504/400 771/391
f 461/331 460/334 463/308
f 460/334 757/371 755/362
f 767/115 457/82 766/103
f 654/60 362/58 652/48
f 453/1408 706/1409 717/1410
f 472/363 469/322 452/348
f 459/347 460/334 755/362
f 737/291 471/293 741/281
f 497/358 770/342 769/357
f 460/334 459/347 751/310
f 737/12 742/28 478/23
f 746/264 747/267 32/261
f 56/3 651/8 667/7
f 739/427 756/422 475/420
f 478/23 742/28 745/37
f 449/393 450/412 448/404
f 473/62 665/95 363/83
f 467/127 664/104 767/115
f 478/23 398/39 656/29
f 398/39 478/23 470/47
f 478/23 383/18 737/12
f 740/290 742/311 737/291
f 736/274 747/267 743/280
f 469/59 470/47 745/37
f 383/18 478/23 656/29
f 745/37 470/47 478/23
f 470/47 469/59 472/61
f 452/348 451/373 447/385
f 452/348 768/374 472/363
f 457/82 768/93 766/103
f 472/61 398/39 470/47
f 473/62 398/39 472/61
f 767/115 664/104 457/82
f 449/393 447/385 451/373
f 766/103 448/126 767/115
f 455/139 767/115 448/126
f 467/127 767/115 455/139
f 749/300 752/279 462/282
f 496/330 466/320 464/299
f 496/330 464/299 502/319
f 773/370 765/392 758/382
f 760/402 764/410 191/419
f 759/359 461/331 773/370
f 330/426 764/410 763/417
f 765/392 763/417 764/410
f 463/308 466/320 461/331
f 464/299 465/298 502/319
f 461/331 466/320 496/330
f 477/278 465/298 464/299
f 477/278 462/282 476/271
f 501/266 477/278 476/271
f 476/271 762/268 761/260
f 501/266 761/260 40/263
f 501/266 476/271 761/260
f 759/359 757/371 460/334
f 462/282 750/273 762/268
f 761/260 762/268 746/264
f 749/300 751/310 743/280
f 748/321 463/308 460/334
f 758/382 754/384 757/371
f 474/409 758/382 760/402
f 475/420 756/422 753/403
f 757/371 759/359 758/382
f 753/403 754/384 758/382
f 193/431 475/420 191/419
f 474/409 475/420 753/403
f 193/431 739/427 475/420
f 756/422 739/427 479/411
f 753/403 756/422 479/411
f 754/384 755/362 757/371
f 459/347 452/348 751/310
f 755/362 754/384 451/373
f 451/373 459/347 755/362
f 740/290 743/280 745/301
f 469/322 744/312 751/310
f 449/393 753/403 479/411
f 752/279 743/280 747/267
f 452/348 469/322 751/310
f 745/301 742/311 740/290
f 745/301 744/312 469/322
f 747/267 736/274 32/261
f 740/290 736/274 743/280
f 749/300 748/321 751/310
f 32/261 761/260 746/264
f 743/280 752/279 749/300
f 747/267 750/273 752/279
f 747/267 746/264 750/273
f 737/291 736/274 740/290
f 745/301 743/280 744/312
f 751/310 744/312 743/280
f 32/261 738/284 55/275
f 456/421 450/412 449/393
f 468/433 456/421 180/439
f 739/427 193/431 185/432
f 741/281 471/293 738/284
f 737/291 741/281 736/274
f 345/1263 568/1264 571/1265
f 681/1102 674/1101 340/1116
f 664/104 467/127 200/140
f 657/109 658/87 336/90
f 418/889 417/890 577/891
f 715/1169 631/1170 413/1171
f 631/1825 719/1826 731/1827
f 423/1828 631/1825 731/1827
f 731/1192 611/1188 423/1182
f 626/913 722/926 711/918
f 417/890 575/894 577/891
f 1195/925 626/913 1196/921
f 698/1419 680/1421 682/1415
f 718/1083 690/1090 691/1094
f 295/590 302/594 627/586
f 731/806 719/824 701/818
f 699/1461 733/1462 428/1463
f 700/958 720/961 435/954
f 706/1203 710/1204 1197/1205
f 636/108 650/101 392/78
f 629/823 703/811 721/825
f 409/715 521/716 523/717
f 465/298 499/288 498/307
f 721/825 702/831 696/836
f 680/1421 408/1424 682/1415
f 662/1604 668/1605 663/1606
f 247/207 357/183 445/193
f 198/141 644/129 664/104
f 383/18 653/38 668/49
f 656/29 399/50 400/63
f 400/63 654/60 656/29
f 384/16 365/27 366/36
f 665/95 458/94 364/92
f 359/138 439/150 444/124
f 707/1781 711/1782 415/1783
f 703/811 704/805 730/802
f 675/1478 411/1479 676/1480
f 632/1187 714/1174 727/1181
f 433/826 427/827 421/812
f 619/892 577/891 1201/895
f 632/1187 621/1191 625/1196
f 708/1195 713/1193 625/1196
f 705/1464 699/1461 428/1463
f 699/632 700/633 686/634
f 699/967 720/961 700/958
f 733/1462 734/1465 428/1463
f 426/637 733/641 699/632
f 629/823 721/825 696/836
f 615/833 428/832 425/842
f 426/637 223/635 280/640
f 425/1468 426/1467 280/1469
f 426/1467 425/1468 734/1465
f 425/1468 428/1463 734/1465
f 733/1462 426/1467 734/1465
f 432/968 720/961 699/967
f 609/800 613/797 729/799
f 732/1197 612/1200 611/1188
f 611/1188 731/1192 732/1197
f 611/1188 424/1178 423/1182
f 731/806 701/818 703/811
f 707/910 625/905 628/898
f 422/817 728/807 704/805
f 613/797 612/801 732/798
f 729/799 704/805 728/807
f 631/1170 714/1174 413/1171
f 631/1170 423/1182 424/1178
f 376/839 599/834 601/829
f 714/1174 631/1170 424/1178
f 424/1178 727/1181 714/1174
f 421/812 419/803 728/807
f 729/799 728/807 419/803
f 351/1277 573/1274 630/1283
f 620/1284 621/1285 630/1283
f 418/889 628/898 620/893
f 707/1201 708/1195 625/1196
f 415/1199 414/1189 708/1195
f 623/909 622/914 628/898
f 715/1169 719/1173 631/1170
f 727/1181 630/1190 621/1191
f 707/910 622/914 711/918
f 718/1083 709/1095 726/1091
f 160/1092 726/1091 723/1098
f 1148/1099 723/1098 1205/1113
f 1193/1104 709/1095 1208/1111
f 709/1095 723/1098 726/1091
f 711/1207 722/1210 1210/1209
f 708/1195 707/1201 415/1199
f 677/1179 414/1189 716/1194
f 1215/1129 694/1125 1216/1130
f 725/1412 430/1413 717/1410
f 725/1412 717/1410 706/1409
f 430/1413 679/1411 717/1410
f 709/1095 724/1110 1192/1119
f 716/1539 679/1540 677/1541
f 159/1084 735/1078 718/1083
f 683/1081 718/1083 156/1074
f 718/1083 735/1078 156/1074
f 691/1094 690/1090 689/1093
f 718/1083 691/1094 709/1095
f 688/1086 689/1093 690/1090
f 715/1169 413/1171 416/1172
f 712/1183 677/1179 714/1174
f 416/1172 412/1176 685/1175
f 677/1179 678/1184 413/1171
f 714/1174 632/1187 712/1183
f 632/1187 713/1193 712/1183
f 677/1179 413/1171 714/1174
f 711/1782 710/1784 415/1783
f 692/1103 724/1110 709/1095
f 706/1203 453/1198 415/1199
f 677/1179 712/1183 414/1189
f 716/1194 414/1189 453/1198
f 414/1189 415/1199 453/1198
f 675/1543 677/1541 679/1540
f 729/799 730/802 704/805
f 703/811 730/802 731/806
f 701/1177 719/1173 715/1169
f 701/818 721/825 703/811
f 721/825 701/818 702/831
f 715/1169 685/1175 701/1177
f 685/1175 702/1185 701/1177
f 685/1175 715/1169 416/1172
f 702/726 685/722 696/718
f 431/960 671/956 434/962
f 699/632 686/634 223/635
f 222/638 223/635 686/634
f 432/1466 699/1461 705/1464
f 433/826 432/837 427/827
f 705/841 427/827 432/837
f 704/805 703/811 422/817
f 223/635 426/637 699/632
f 680/1118 698/1128 695/1117
f 682/1415 679/1411 430/1413
f 523/717 696/718 409/715
f 695/1117 693/1108 680/1118
f 1220/1425 430/1413 1221/1423
f 430/1413 694/1422 698/1419
f 717/1410 679/1411 453/1408
f 682/1415 430/1413 698/1419
f 691/1094 695/1117 697/1109
f 691/1094 681/1102 693/1108
f 716/1539 453/1542 679/1540
f 687/951 429/949 436/948
f 407/966 405/952 431/960
f 435/954 434/962 671/956
f 700/958 435/954 687/951
f 225/642 436/639 224/647
f 429/949 437/950 672/947
f 686/634 687/636 436/639
f 523/717 629/721 696/718
f 685/722 409/715 696/718
f 340/1116 408/1127 680/1118
f 670/752 410/747 674/750
f 412/727 409/715 685/722
f 409/715 676/732 411/736
f 340/1116 680/1118 681/1102
f 693/1108 681/1102 680/1118
f 411/1479 682/1483 408/1484
f 678/1184 676/1180 413/1171
f 523/717 431/720 422/725
f 678/1184 677/1179 676/1180
f 677/1481 675/1478 676/1480
f 675/1478 679/1482 411/1479
f 691/1094 697/1109 692/1103
f 690/1090 718/1083 683/1081
f 683/1081 688/1086 690/1090
f 689/1093 681/1102 691/1094
f 1191/1664 697/1666 1222/1667
f 689/1093 688/1086 670/1088
f 673/1097 689/1093 670/1088
f 681/1102 673/1097 674/1101
f 670/1088 688/1086 684/1077
f 689/1093 673/1097 681/1102
f 688/1086 683/1081 684/1077
f 670/1088 674/1101 673/1097
f 387/749 410/747 669/753
f 341/730 411/736 408/741
f 436/639 672/651 224/647
f 224/647 672/651 240/655
f 672/947 437/950 240/953
f 660/135 659/134 385/154
f 389/728 407/723 522/719
f 446/737 406/742 1223/745
f 522/719 390/724 1225/729
f 389/728 522/719 1227/733
f 636/108 640/119 643/99
f 670/752 669/753 410/747
f 391/69 336/90 658/87
f 352/980 633/979 355/971
f 660/135 637/145 635/121
f 382/955 381/965 252/957
f 458/94 665/95 473/62
f 636/108 393/133 640/119
f 643/99 641/77 394/86
f 384/16 397/17 667/7
f 653/38 383/18 656/29
f 473/62 363/83 400/63
f 652/48 656/29 654/60
f 352/980 354/973 634/982
f 393/133 635/121 637/145
f 661/120 336/90 659/134
f 396/155 637/145 385/154
f 301/196 357/183 247/207
f 247/207 339/194 249/204
f 445/193 339/194 247/207
f 338/169 339/194 445/193
f 360/71 655/81 337/91
f 359/138 403/171 401/160
f 401/160 439/150 359/138
f 660/135 657/109 661/120
f 336/90 661/120 657/109
f 661/120 659/134 660/135
f 336/90 444/124 659/134
f 516/125 666/116 644/129
f 456/421 449/393 479/411
f 645/128 458/94 666/116
f 364/92 363/83 665/95
f 356/159 359/138 516/125
f 458/94 645/128 364/92
f 362/58 663/72 652/48
f 392/78 650/101 394/86
f 365/1514 662/1515 663/1516
f 649/100 657/109 635/121
f 646/114 337/91 364/92
f 383/18 662/35 365/27
f 400/63 399/50 473/62
f 663/72 668/49 652/48
f 662/1604 383/1607 668/1605
f 400/63 655/81 654/60
f 655/81 362/58 654/60
f 652/48 668/49 653/38
f 656/29 652/48 653/38
f 667/7 651/8 384/16
f 642/80 641/77 643/99
f 5/89 6/70 642/80
f 650/101 636/108 394/86
f 638/157 395/178 1234/188
f 368/56 392/78 394/86
f 394/86 641/77 368/56
f 643/99 369/111 5/89
f 396/155 393/133 637/145
f 643/99 394/86 636/108
f 658/87 657/109 649/100
f 396/1626 386/1627 441/1628
f 353/195 438/216 440/206
f 334/158 639/147 1237/167
f 5/89 642/80 643/99
f 641/77 642/80 454/57
f 454/57 368/56 641/77
f 642/80 6/70 454/57
f 335/123 648/112 5/89
f 527/136 335/123 369/111
f 643/99 640/119 369/111
f 639/147 527/136 369/111
f 396/155 638/157 393/133
f 639/147 393/133 638/157
f 440/206 386/177 353/195
f 659/134 442/149 385/154
f 635/121 393/133 636/108
f 649/100 635/121 636/108
f 657/109 660/135 635/121
f 439/150 442/149 444/124
f 392/78 649/100 636/108
f 384/16 366/36 367/44
f 443/34 520/26 384/16
f 655/81 364/92 337/91
f 337/91 646/114 358/113
f 645/128 666/116 516/125
f 338/169 403/171 359/138
f 458/94 473/62 457/82
f 644/129 666/116 664/104
f 458/94 664/104 666/116
f 644/129 198/141 515/152
f 342/175 249/204 339/194
f 445/193 403/171 338/169
f 401/160 357/183 402/172
f 402/172 353/195 404/170
f 439/150 402/172 404/170
f 252/957 381/965 355/971
f 353/195 352/205 634/215
f 301/196 352/205 402/172
f 353/195 402/172 352/205
f 632/1187 727/1181 621/1191
f 567/919 570/930 551/927
f 543/1446 595/1447 587/1448
f 542/1572 531/1573 532/1574
f 607/1587 350/1588 610/1589
f 624/897 594/904 417/890
f 703/811 629/823 422/817
f 599/834 349/845 348/835
f 618/896 628/898 418/889
f 608/804 613/797 609/800
f 583/854 377/844 592/853
f 427/827 614/828 420/813
f 617/1273 491/1270 490/1268
f 581/1829 596/1830 349/1831
f 564/922 567/919 551/927
f 578/1267 345/1263 346/1269
f 375/1389 555/1390 604/1391
f 598/595 480/591 627/586
f 598/425 511/407 489/424
f 540/1214 291/1215 1245/1216
f 291/1215 541/1218 537/1222
f 554/1394 585/1398 604/1391
f 1244/1400 528/1393 1247/1404
f 552/937 561/942 530/940
f 595/1447 543/1446 549/1449
f 618/896 418/889 619/892
f 417/890 418/889 620/893
f 623/909 618/896 626/913
f 594/904 566/911 576/899
f 351/1277 617/1273 490/1268
f 417/890 576/899 575/894
f 594/904 576/899 417/890
f 594/1278 624/1281 573/1274
f 607/1587 602/1592 491/1590
f 620/893 624/897 417/890
f 490/1268 573/1274 351/1277
f 1204/908 618/896 1248/903
f 620/1284 625/1286 621/1285
f 577/891 619/892 418/889
f 620/893 628/898 625/905
f 791/365 787/338 80/353
f 623/909 628/898 618/896
f 611/1591 610/1589 350/1588
f 615/833 343/843 600/838
f 614/828 605/819 420/813
f 606/808 419/803 420/813
f 231/856 282/851 425/842
f 615/833 605/819 428/832
f 614/828 428/832 605/819
f 729/799 419/803 609/800
f 612/801 613/797 608/804
f 612/1200 610/1202 611/1188
f 607/810 610/816 612/801
f 351/1186 727/1181 424/1178
f 424/1178 611/1188 351/1186
f 419/803 606/808 609/800
f 608/804 609/800 603/809
f 612/801 608/804 607/810
f 601/829 616/820 606/808
f 601/829 606/808 605/819
f 379/814 609/800 606/808
f 609/800 379/814 603/809
f 606/808 616/820 379/814
f 601/829 605/819 615/833
f 425/842 343/843 615/833
f 599/834 616/820 601/829
f 348/835 596/840 371/830
f 491/1270 588/1275 346/1269
f 597/848 343/843 425/842
f 282/851 597/848 425/842
f 615/833 600/838 601/829
f 601/829 600/838 376/839
f 343/843 589/846 600/838
f 603/809 371/830 588/821
f 351/1593 350/1588 491/1590
f 491/1270 617/1273 351/1277
f 607/810 608/804 602/815
f 599/834 378/822 616/820
f 378/822 348/835 371/830
f 371/830 603/809 378/822
f 602/815 608/804 603/809
f 603/809 588/821 602/815
f 602/1279 588/1275 491/1270
f 348/835 378/822 599/834
f 589/846 590/847 600/838
f 588/1275 370/1280 580/1272
f 590/847 376/839 600/838
f 597/848 267/857 285/858
f 285/858 344/849 597/848
f 285/858 273/871 274/872
f 583/854 592/853 584/863
f 533/1345 373/1346 547/1347
f 373/859 285/858 547/868
f 274/872 547/868 285/858
f 289/1350 535/1349 533/1345
f 582/1436 579/1437 587/1438
f 604/1391 557/1395 374/1392
f 1250/1230 546/1227 1252/1228
f 556/878 586/873 372/862
f 372/862 518/880 556/878
f 563/1450 587/1448 595/1447
f 581/855 583/854 585/864
f 518/1358 372/1354 539/1351
f 584/863 557/874 585/864
f 373/1346 372/1354 593/1360
f 372/862 586/873 584/863
f 593/852 589/846 344/849
f 584/863 592/853 372/862
f 589/846 593/852 592/853
f 373/859 593/852 344/849
f 349/845 599/834 377/844
f 344/849 285/858 373/859
f 343/843 597/848 344/849
f 592/853 593/852 372/862
f 377/844 583/854 591/850
f 592/1807 377/1808 590/1809
f 589/846 592/853 590/847
f 346/1269 347/1266 491/1270
f 581/1441 585/1440 579/1437
f 370/1442 581/1441 580/1439
f 346/1269 588/1275 580/1272
f 371/1444 596/1443 370/1442
f 581/1441 370/1442 596/1443
f 349/845 591/850 581/855
f 581/855 591/850 583/854
f 490/1268 571/1265 574/1271
f 567/919 566/911 572/923
f 577/891 529/900 1256/906
f 577/891 575/894 529/900
f 1255/916 576/899 1258/920
f 566/911 565/915 576/899
f 551/927 548/929 564/922
f 1258/920 565/915 1259/924
f 529/1778 575/1779 576/1780
f 578/1267 580/1272 582/1276
f 573/1274 490/1268 574/1271
f 347/1266 345/1263 571/1265
f 574/1731 569/1732 572/1733
f 564/922 565/915 567/919
f 558/1457 553/1454 570/1459
f 568/1460 558/1457 570/1459
f 567/919 572/923 568/928
f 572/1733 569/1732 568/1736
f 558/1457 549/1449 553/1454
f 565/915 566/911 567/919
f 1259/924 564/922 1262/931
f 564/922 548/929 1260/933
f 1263/1577 531/1573 1264/1579
f 542/1455 562/1458 550/1451
f 551/927 552/937 530/940
f 585/1398 554/1394 587/1401
f 528/1393 555/1390 375/1389
f 585/864 583/854 584/863
f 604/1391 585/1398 557/1395
f 557/874 586/873 556/878
f 579/1437 585/1440 587/1438
f 345/1263 578/1267 568/1264
f 578/1456 558/1457 568/1460
f 579/1437 580/1439 581/1441
f 578/1456 582/1452 563/1450
f 578/1267 346/1269 580/1272
f 579/1437 582/1436 580/1439
f 587/1448 563/1450 582/1452
f 563/1450 595/1447 549/1449
f 543/1446 542/1455 550/1451
f 578/1456 559/1453 558/1457
f 563/1450 559/1453 578/1456
f 374/1235 557/1236 546/1227
f 557/1236 556/1233 546/1227
f 544/1397 554/1394 555/1390
f 537/1364 534/1359 536/1355
f 544/1397 555/1390 528/1393
f 544/1397 543/1402 554/1394
f 604/1391 555/1390 554/1394
f 553/934 552/937 551/927
f 1266/932 551/927 1267/935
f 551/927 570/930 553/934
f 570/930 567/919 568/928
f 558/1457 559/1453 549/1449
f 549/1449 559/1453 563/1450
f 544/1832 545/1833 542/1834
f 552/937 553/934 562/939
f 553/1454 549/1449 550/1451
f 562/939 560/941 552/937
f 553/1454 550/1451 562/1458
f 562/1575 542/1572 532/1574
f 560/1578 562/1575 532/1574
f 560/941 561/942 552/937
f 530/940 561/942 560/941
f 530/940 560/941 1268/945
f 560/1578 532/1574 1270/1581
f 1264/1579 545/1576 1272/1582
f 542/1572 545/1576 531/1573
f 545/1406 544/1397 1243/1405
f 549/1449 543/1446 550/1451
f 537/1222 541/1218 538/1221
f 543/1835 544/1832 542/1834
f 290/1530 291/1531 537/1532
f 534/1359 537/1364 538/1363
f 535/1349 539/1351 373/1346
f 292/1361 536/1355 289/1350
f 536/1355 292/1361 537/1364
f 289/1350 536/1355 535/1349
f 289/1350 533/1345 274/1348
f 535/1349 536/1355 534/1359
f 274/1348 533/1345 547/1347
f 373/1346 533/1345 535/1349
f 534/1359 519/1353 535/1349
f 539/1351 535/1349 519/1353
f 519/1353 534/1359 538/1363
f 538/1221 540/1214 1273/1220
f 538/1221 546/1227 519/1229
f 1275/1226 538/1221 1276/1225
f 541/1218 540/1214 538/1221
f 528/1393 375/1389 1253/1396
f 540/1214 541/1218 291/1215
f 522/719 409/715 390/724
f 335/758 334/757 526/755
f 334/757 387/749 526/755
f 526/755 648/759 335/758
f 1282/969 388/959 1283/972
f 521/716 431/720 523/717
f 521/716 409/715 522/719
f 522/719 407/723 521/716
f 387/749 669/753 526/755
f 382/955 388/959 380/963
f 342/175 356/159 515/152
f 518/1358 539/1351 519/1353
f 543/1402 587/1401 554/1394
f 838/1294 839/1295 1083/1301
f 449/393 754/384 753/403
f 390/724 446/737 1284/740
f 200/140 198/141 664/104
f 857/1297 815/1290 851/1300
f 765/392 764/410 760/402
f 803/1378 801/1383 796/1385
f 512/329 788/343 502/319
f 781/380 507/398 514/390
f 572/1733 566/1734 574/1731
f 485/399 486/413 507/398
f 513/379 514/390 497/358
f 799/598 819/588 797/592
f 812/623 808/619 809/615
f 856/1709 842/1710 104/1707
f 770/342 502/319 769/357
f 841/1622 849/1620 494/1619
f 841/1622 494/1619 1112/1624
f 810/1315 814/1311 821/1313
f 492/1291 493/1288 517/1287
f 790/781 789/770 525/777
f 779/340 786/352 509/367
f 524/793 525/777 806/794
f 802/621 795/624 807/628
f 525/777 837/773 845/782
f 831/548 119/544 824/550
f 826/551 824/550 828/547
f 811/1524 329/1525 822/1526
f 816/562 823/566 815/569
f 808/619 812/623 493/626
f 329/1525 811/1524 315/1527
f 329/579 484/582 820/584
f 795/624 485/629 794/630
f 785/428 487/414 486/413
f 488/415 785/428 489/424
f 790/388 483/389 482/369
f 509/367 789/387 508/368
f 786/352 791/365 509/367
f 502/319 498/307 512/329
f 780/355 779/340 509/367
f 780/355 508/368 510/341
f 507/398 506/378 485/399
f 774/408 330/426 763/417
f 487/414 488/415 514/390
f 627/586 480/591 484/582
f 481/596 484/582 480/591
f 506/378 507/398 781/380
f 627/586 302/594 598/595
f 514/390 513/379 781/380
f 782/356 788/343 512/329
f 511/407 771/391 503/406
f 502/319 465/298 498/307
f 505/416 495/401 511/407
f 481/596 480/591 598/595
f 503/406 771/391 504/400
f 770/342 497/358 496/330
f 775/305 66/296 75/317
f 66/296 775/305 501/266
f 501/266 60/277 67/287
f 500/306 512/329 498/307
f 332/418 330/426 774/408
f 505/416 332/418 495/401
f 499/288 500/306 498/307
f 771/391 772/381 497/358
f 746/264 762/268 750/273
f 474/409 191/419 475/420
f 472/61 457/82 473/62
f 737/12 651/8 471/5
f 55/2 471/5 56/3
f 467/127 187/151 200/140
f 180/439 187/440 468/433
f 515/152 516/125 644/129
f 455/423 468/433 187/440
f 452/348 447/385 768/374
f 766/394 768/374 447/385
f 664/104 458/94 457/82
f 472/61 768/93 457/82
f 450/412 456/421 455/423
f 187/151 467/127 455/139
f 758/382 765/392 760/402
f 464/299 466/320 463/308
f 463/308 462/282 464/299
f 750/273 462/282 752/279
f 461/331 759/359 460/334
f 463/308 749/300 462/282
f 748/321 749/300 463/308
f 191/419 474/409 760/402
f 449/393 451/373 754/384
f 459/347 451/373 452/348
f 449/393 448/404 447/385
f 32/261 741/281 738/284
f 736/274 741/281 32/261
f 471/5 651/8 56/3
f 448/404 766/394 447/385
f 448/404 450/412 455/423
f 739/427 456/421 479/411
f 383/18 651/8 737/12
f 55/275 738/284 471/293
f 454/57 647/45 443/34
f 443/34 368/56 454/57
f 1286/227 438/216 1287/235
f 223/635 210/644 280/640
f 427/827 420/813 421/812
f 694/1125 695/1117 698/1128
f 422/817 433/826 421/812
f 413/1171 412/1176 416/1172
f 340/744 674/750 410/747
f 437/950 382/955 252/957
f 1241/981 354/973 1288/978
f 359/138 356/159 338/169
f 336/90 358/113 444/124
f 384/16 367/44 443/34
f 335/1649 527/1650 334/1651
f 527/136 639/147 334/158
f 444/124 442/149 659/134
f 442/149 439/150 404/170
f 1231/234 634/215 1242/241
f 427/827 705/841 428/832
f 428/832 614/828 427/827
f 729/799 732/798 730/802
f 731/806 730/802 732/798
f 713/1193 632/1187 625/1196
f 419/803 421/812 420/813
f 624/1281 630/1283 573/1274
f 415/1199 710/1204 706/1203
f 712/1183 708/1195 414/1189
f 622/914 623/909 626/913
f 626/913 711/918 622/914
f 622/914 707/910 628/898
f 727/1181 351/1186 630/1190
f 725/1412 706/1409 1214/1414
f 713/1193 708/1195 712/1183
f 726/1091 159/1084 718/1083
f 720/961 432/968 435/954
f 1197/1205 711/1207 1211/1208
f 411/1479 679/1482 682/1483
f 691/1094 692/1103 709/1095
f 1218/1418 725/1412 1291/1416
f 412/727 676/732 409/715
f 523/717 422/725 629/721
f 435/954 429/949 687/951
f 687/636 686/634 700/633
f 222/638 686/634 225/642
f 436/639 225/642 686/634
f 433/977 431/960 432/968
f 431/960 434/962 432/968
f 431/720 433/731 422/725
f 693/1108 695/1117 691/1094
f 695/1117 694/1125 697/1109
f 431/720 521/716 407/723
f 431/960 405/952 671/956
f 429/949 435/954 671/956
f 670/987 3/984 669/989
f 410/747 387/749 406/742
f 341/730 406/742 446/737
f 411/736 341/730 409/715
f 1223/745 387/749 1292/751
f 437/950 429/949 405/952
f 405/952 429/949 671/956
f 341/730 446/737 390/724
f 405/952 382/955 437/950
f 407/966 389/964 405/952
f 240/953 437/950 252/957
f 340/744 410/747 406/742
f 382/955 405/952 388/959
f 405/952 389/964 388/959
f 387/749 334/757 1239/756
f 383/18 365/27 384/16
f 380/963 381/965 382/955
f 355/971 381/965 380/963
f 441/217 386/177 440/206
f 404/170 385/154 442/149
f 386/177 385/154 404/170
f 395/178 638/157 396/155
f 401/160 403/171 357/183
f 655/81 400/63 364/92
f 358/113 359/138 444/124
f 516/125 364/92 645/128
f 473/62 399/50 398/39
f 391/69 361/46 360/71
f 658/87 649/100 392/78
f 520/26 397/17 384/16
f 391/69 367/44 361/46
f 663/1516 362/1517 365/1514
f 399/50 656/29 398/39
f 651/8 383/18 384/16
f 391/69 392/78 368/56
f 396/1626 441/1628 395/1629
f 1236/202 440/206 1295/224
f 369/111 640/119 393/133
f 404/170 353/195 386/177
f 386/177 396/155 385/154
f 639/147 369/111 393/133
f 1238/166 638/157 1240/180
f 658/87 392/78 391/69
f 660/135 385/154 637/145
f 335/123 5/89 369/111
f 367/44 391/69 368/56
f 443/34 647/45 520/26
f 443/34 367/44 368/56
f 655/81 360/71 362/58
f 361/46 366/36 365/27
f 400/63 363/83 364/92
f 362/58 361/46 365/27
f 336/90 391/69 360/71
f 360/71 361/46 362/58
f 516/125 646/114 364/92
f 358/113 646/114 516/125
f 359/138 358/113 516/125
f 253/163 515/152 198/141
f 338/169 356/159 342/175
f 354/973 352/980 355/971
f 247/207 256/218 301/196
f 402/172 439/150 401/160
f 352/205 301/196 633/219
f 357/183 301/196 402/172
f 252/957 355/971 258/976
f 258/976 355/971 633/979
f 353/195 634/215 438/216
f 345/1263 347/1266 346/1269
f 374/1392 375/1389 604/1391
f 573/1274 574/1271 594/1278
f 491/1270 347/1266 490/1268
f 574/1271 566/1282 594/1278
f 1248/903 619/892 1249/907
f 630/1283 624/1281 620/1284
f 347/1266 571/1265 490/1268
f 350/1588 351/1593 611/1591
f 420/813 605/819 606/808
f 607/1587 491/1590 350/1588
f 376/839 377/844 599/834
f 378/822 379/814 616/820
f 603/809 379/814 378/822
f 596/840 348/835 349/845
f 377/844 376/839 590/847
f 374/1235 546/1227 375/1232
f 589/846 343/843 344/849
f 586/873 557/874 584/863
f 591/850 349/845 377/844
f 370/1442 588/1445 371/1444
f 571/1735 569/1732 574/1731
f 569/1732 571/1735 568/1736
f 546/1227 556/1233 518/1231
f 1278/938 530/940 1279/943
f 519/1229 546/1227 518/1231
f 292/1533 290/1530 537/1532
f 1289/970 389/964 1293/974
f 515/152 253/163 342/175
f 432/968 434/962 435/954
f 340/744 406/742 341/730
f 354/973 380/963 1282/969
f 409/715 341/730 390/724
f 380/963 354/973 355/971
f 338/169 342/175 339/194
f 367/44 366/36 361/46
f 337/91 336/90 360/71
f 516/125 515/152 356/159
f 461/331 496/330 497/358
f 445/193 357/183 403/171
f 676/1180 412/1176 413/1171
f 341/730 408/741 340/744
f 358/113 336/90 337/91
f 373/1346 539/1351 372/1354
f 209/648 280/640 210/644
f 212/656 281/661 209/648
f 1297/696 979/689 1328/702
f 281/866 213/861 209/865
f 216/687 215/677 1297/696
f 1299/884 333/887 1300/888
f 216/687 276/688 214/674
f 276/688 216/687 333/701
f 979/689 219/683 980/697
f 191/419 330/426 190/430
f 220/1594 232/1595 1302/1596
f 237/1684 246/1685 981/1686
f 256/218 248/228 163/236
f 246/251 242/245 245/237
f 1304/1762 987/1763 1330/1764
f 169/1552 168/1553 167/1554
f 162/1690 237/1684 982/1687
f 991/247 164/223 1002/252
f 246/1685 237/1684 242/1688
f 1305/1694 996/1693 1332/1695
f 249/204 342/175 255/201
f 224/647 174/659 173/654
f 176/438 193/431 191/419
f 184/455 177/448 192/454
f 1011/462 175/453 1012/468
f 184/455 192/454 1013/463
f 172/174 182/198 1016/200
f 183/444 181/449 180/439
f 204/650 205/657 195/662
f 306/1785 305/1786 1020/1787
f 305/612 296/601 307/605
f 263/441 306/445 1021/450
f 300/599 297/589 1026/604
f 1028/617 307/605 1029/616
f 307/605 300/599 1027/611
f 1030/600 303/593 1031/606
f 1031/1168 309/1156 1034/1165
f 297/589 300/599 295/590
f 327/581 310/585 298/583
f 311/1132 323/1140 322/1142
f 179/1145 323/1140 1093/1148
f 313/1151 179/1145 321/1154
f 321/1154 179/1145 1124/1158
f 1039/1669 326/1670 1042/1671
f 326/1670 304/1676 1036/1673
f 326/1670 313/1672 321/1675
f 326/1670 321/1675 1125/1677
f 1122/1678 326/1670 1126/1680
f 316/1488 319/1487 325/1490
f 316/1488 315/1485 319/1487
f 325/1149 312/1144 308/1147
f 309/1156 324/1152 308/1147
f 308/1147 324/1152 325/1149
f 179/1145 322/1142 323/1140
f 179/1145 313/1151 308/1147
f 322/1142 308/1147 312/1144
f 308/1147 322/1142 179/1145
f 1033/1155 313/1151 1041/1159
f 312/1491 317/1489 318/1493
f 319/1487 317/1489 312/1491
f 311/1566 312/1569 318/1567
f 309/1156 308/1147 1032/1160
f 315/1527 316/1528 329/1525
f 325/1490 328/1492 316/1488
f 316/1528 328/1529 329/1525
f 328/1157 309/1156 310/1164
f 325/1149 324/1152 328/1157
f 328/1157 324/1152 309/1156
f 309/1156 303/1167 310/1164
f 327/1166 328/1157 310/1164
f 297/589 310/585 303/593
f 295/590 627/586 298/583
f 296/601 305/612 331/613
f 331/613 306/618 320/607
f 320/607 302/594 296/601
f 314/608 302/594 320/607
f 314/608 320/607 306/618
f 263/441 264/429 314/436
f 306/445 263/441 314/436
f 299/437 332/418 264/429
f 189/442 190/430 299/437
f 306/1785 331/1789 305/1786
f 307/605 296/601 295/590
f 296/601 331/613 320/607
f 330/426 332/418 190/430
f 176/438 178/443 177/448
f 182/456 180/439 181/449
f 187/151 180/185 172/174
f 177/448 183/444 186/447
f 188/162 200/140 187/151
f 180/185 182/198 172/174
f 1018/460 181/449 1045/464
f 184/455 183/444 177/448
f 189/442 175/453 178/443
f 178/443 176/438 190/430
f 178/443 175/453 192/454
f 191/419 190/430 176/438
f 186/447 185/432 176/438
f 177/448 178/443 192/454
f 185/432 193/431 176/438
f 177/448 186/447 176/438
f 185/432 180/439 456/421
f 195/662 194/666 204/650
f 197/643 223/635 222/638
f 204/650 197/643 203/653
f 205/657 204/650 203/653
f 241/663 173/654 202/660
f 198/141 200/140 199/161
f 210/644 211/646 208/652
f 208/652 211/646 204/650
f 217/671 219/683 215/677
f 217/671 215/677 194/666
f 217/671 194/666 195/662
f 230/664 215/677 214/674
f 212/656 209/648 208/652
f 209/648 210/644 208/652
f 213/861 231/856 209/865
f 229/1638 227/1639 228/1640
f 226/1641 228/1640 227/1639
f 196/1634 197/1635 222/1636
f 211/646 223/635 197/643
f 196/1634 203/1637 197/1635
f 204/650 221/658 208/652
f 217/671 220/678 219/683
f 232/691 218/684 169/682
f 1048/690 220/678 1049/698
f 217/671 234/667 220/678
f 217/671 195/662 234/667
f 233/665 234/667 205/657
f 1306/1769 170/1765 1307/1767
f 234/667 169/682 218/684
f 236/1556 235/1559 167/1554
f 1050/1601 1049/1599 1335/1600
f 168/676 169/682 234/667
f 234/667 233/665 168/676
f 220/678 218/684 232/691
f 206/649 203/653 196/645
f 225/642 196/645 222/638
f 206/649 225/642 224/647
f 227/1630 229/1631 226/1632
f 229/1631 228/1633 226/1632
f 202/660 174/659 224/647
f 173/654 174/659 202/660
f 238/672 239/668 171/679
f 241/663 239/668 238/672
f 241/663 240/655 239/668
f 238/672 171/679 993/685
f 238/1557 167/1554 235/1559
f 173/1501 241/1502 243/1503
f 989/1562 169/1552 1052/1558
f 1052/1558 165/1555 1053/1561
f 252/673 239/668 240/655
f 250/187 253/163 251/184
f 255/201 164/223 249/204
f 242/1688 237/1684 244/1691
f 248/228 256/218 247/207
f 247/207 249/204 164/223
f 164/223 248/228 247/207
f 255/201 207/212 164/223
f 1002/1715 207/1716 1054/1717
f 163/236 248/228 164/223
f 999/222 188/162 1044/211
f 1001/210 254/220 1055/231
f 188/1659 254/1660 201/1661
f 254/220 161/232 997/239
f 201/173 199/161 200/140
f 200/140 188/162 201/173
f 163/236 257/244 256/218
f 256/218 245/237 258/229
f 256/218 257/244 245/237
f 265/867 266/870 272/876
f 275/881 276/882 1299/884
f 270/1321 272/1322 271/1323
f 265/867 267/857 266/870
f 263/441 299/437 264/429
f 214/674 283/681 279/669
f 281/661 230/664 279/669
f 212/656 230/664 281/661
f 230/664 214/674 279/669
f 280/860 231/856 425/842
f 231/856 280/860 209/865
f 231/856 213/861 282/851
f 267/857 281/866 279/869
f 267/857 597/848 282/851
f 282/851 213/861 267/857
f 213/861 281/866 267/857
f 287/1652 275/1653 1310/1654
f 275/881 286/879 276/882
f 286/879 283/875 276/882
f 276/688 283/681 214/674
f 267/857 265/867 285/858
f 273/871 285/858 265/867
f 284/1352 289/1350 274/1348
f 265/867 272/876 270/877
f 275/881 266/870 286/879
f 270/877 274/872 273/871
f 270/877 273/871 265/867
f 266/870 283/875 286/879
f 266/1327 268/1330 269/1325
f 288/1331 269/1325 268/1330
f 1300/706 216/687 1301/705
f 287/1652 288/1656 275/1653
f 283/875 266/870 267/857
f 288/883 268/885 266/870
f 261/1357 292/1361 289/1350
f 284/1792 262/1793 261/1794
f 292/1796 261/1794 260/1795
f 262/1324 271/1323 260/1326
f 260/1795 261/1794 262/1793
f 284/1352 261/1357 289/1350
f 284/1352 270/1356 262/1362
f 271/1323 262/1324 270/1321
f 274/1348 270/1356 284/1352
f 272/1322 269/1325 271/1323
f 271/1323 269/1325 293/1328
f 259/1332 293/1328 1312/1333
f 1312/1333 288/1331 1314/1335
f 288/1331 293/1328 269/1325
f 260/1326 278/1329 259/1332
f 259/1332 278/1329 293/1328
f 293/1328 278/1329 271/1323
f 259/1332 277/1334 260/1326
f 290/1530 292/1533 260/1535
f 277/1538 290/1530 260/1535
f 290/1530 277/1538 1318/1537
f 291/1531 290/1530 1319/1534
f 277/1334 259/1332 1322/1336
f 1314/1335 287/1338 1317/1341
f 172/174 188/162 187/151
f 199/161 251/184 253/163
f 236/675 168/676 233/665
f 269/1325 272/1322 266/1327
f 218/684 220/678 234/667
f 251/184 199/161 201/173
f 207/212 250/187 1056/208
f 170/1765 232/1771 169/1772
f 258/686 244/680 252/673
f 236/1556 167/1554 168/1553
f 994/693 166/694 1047/703
f 1006/256 257/244 1060/250
f 1060/250 163/236 1061/255
f 246/251 245/237 257/244
f 181/449 184/455 1015/459
f 188/162 172/174 1017/186
f 175/453 189/442 1062/458
f 189/442 294/446 1023/452
f 263/441 294/446 299/437
f 295/590 298/583 297/589
f 312/1491 325/1490 319/1487
f 312/1144 311/1132 322/1142
f 811/1486 317/1489 319/1487
f 295/590 300/599 307/605
f 298/583 310/585 297/589
f 299/437 190/430 332/418
f 295/590 296/601 302/594
f 294/446 263/441 1022/451
f 294/446 189/442 299/437
f 180/439 185/432 183/444
f 184/455 181/449 183/444
f 185/432 186/447 183/444
f 190/430 189/442 178/443
f 995/1560 238/1557 1051/1563
f 215/677 230/664 194/666
f 251/184 201/173 1000/197
f 208/652 221/658 212/656
f 221/658 230/664 212/656
f 216/687 214/674 215/677
f 204/650 194/666 230/664
f 223/635 211/646 210/644
f 197/643 204/650 211/646
f 204/1608 230/1609 221/1610
f 234/667 195/662 205/657
f 173/654 233/665 205/657
f 225/642 206/649 196/645
f 205/657 203/653 173/654
f 203/653 206/649 173/654
f 243/670 233/665 173/654
f 173/654 206/649 224/647
f 240/655 202/660 224/647
f 202/660 240/655 241/663
f 238/1505 235/1504 241/1502
f 244/680 166/694 171/679
f 162/1690 244/1691 237/1684
f 241/1502 235/1504 243/1503
f 243/670 236/675 233/665
f 235/1504 236/1506 243/1503
f 167/1554 165/1555 169/1552
f 238/1557 165/1555 167/1554
f 166/694 162/699 1308/704
f 252/673 244/680 239/668
f 171/679 239/668 244/680
f 161/232 254/220 188/162
f 258/686 242/695 244/680
f 162/699 166/694 244/680
f 342/175 250/187 255/201
f 250/187 342/175 253/163
f 199/161 253/163 198/141
f 207/212 255/201 250/187
f 1056/208 251/184 1065/209
f 256/218 258/229 301/196
f 258/229 633/219 301/196
f 245/237 242/245 258/229
f 275/881 288/883 266/870
f 260/1326 271/1323 278/1329
f 279/869 283/875 267/857
f 920/1546 142/1545 925/1548
f 921/1547 146/1544 920/1546
f 922/1846 88/1847 923/1848
f 923/487 88/484 98/482
f 1072/1063 924/1067 1129/1070
f 924/1750 143/1748 142/1749
f 925/1548 142/1545 926/1549
f 926/1549 142/1545 141/1550
f 927/1054 101/1046 88/1051
f 928/1052 101/1046 927/1054
f 929/1810 142/1813 146/1811
f 930/1056 136/1049 931/1059
f 931/1059 136/1049 933/1055
f 932/1060 141/1050 930/1056
f 933/1055 136/1049 928/1052
f 934/1849 88/1847 922/1846
f 935/490 98/482 82/493
f 936/496 82/493 83/498
f 937/1507 83/1510 86/1508
f 938/1509 86/1508 942/1511
f 939/1512 83/1510 937/1507
f 940/1513 83/1510 939/1512
f 941/505 57/503 53/506
f 942/508 86/500 941/505
f 943/511 53/506 951/515
f 944/525 26/520 27/522
f 945/528 26/520 944/525
f 946/67 14/41 958/53
f 947/75 14/41 946/67
f 948/43 9/24 949/55
f 949/55 9/24 976/65
f 950/512 53/506 47/509
f 951/515 53/506 950/512
f 952/516 47/509 953/518
f 953/518 47/509 26/520
f 954/1877 26/1878 945/1879
f 955/68 13/54 14/41
f 956/1858 13/1859 955/1860
f 957/527 27/522 956/530
f 958/53 14/41 11/20
f 959/33 9/24 948/43
f 960/105 861/96 963/117
f 961/98 879/66 960/105
f 962/130 892/132 977/153
f 963/117 861/96 962/130
f 964/142 896/131 885/146
f 965/144 893/118 964/142
f 966/176 870/165 967/190
f 967/190 870/165 1172/203
f 968/164 885/146 966/176
f 969/52 879/66 972/74
f 970/40 858/31 969/52
f 971/85 879/66 961/98
f 972/74 879/66 971/85
f 973/1812 146/1811 921/1814
f 974/76 14/41 947/75
f 975/42 11/20 959/33
f 976/65 9/24 978/51
f 977/153 892/132 965/144
f 978/51 9/24 970/40
f 979/689 215/677 219/683
f 980/697 219/683 1048/690
f 981/1686 246/1685 1003/1689
f 982/1687 237/1684 981/1686
f 983/1854 166/1855 984/1856
f 984/1856 166/1855 1066/1857
f 985/1564 165/1555 995/1560
f 986/1865 165/1866 985/1867
f 987/1763 170/1765 988/1768
f 988/1768 170/1765 989/1770
f 989/1770 170/1765 169/1772
f 990/253 163/236 991/247
f 991/247 163/236 164/223
f 992/257 163/236 990/253
f 993/685 171/679 994/693
f 994/693 171/679 166/694
f 995/1560 165/1555 238/1557
f 996/1693 162/1690 982/1687
f 997/239 161/232 998/240
f 998/240 161/232 999/222
f 999/222 161/232 188/162
f 1000/197 201/173 1001/210
f 1001/210 201/173 254/220
f 1002/1715 164/1718 207/1716
f 1003/1689 246/1685 1004/1692
f 1004/259 246/251 1006/256
f 1332/1695 1005/1696 1333/1697
f 1006/256 246/251 257/244
f 1007/471 175/453 1009/469
f 1008/470 175/453 1007/471
f 1009/469 175/453 1010/467
f 1010/467 175/453 1063/461
f 1011/462 192/454 175/453
f 1012/468 175/453 1008/470
f 1013/463 192/454 1011/462
f 1014/465 184/455 1013/463
f 1015/459 184/455 1014/465
f 1016/200 182/198 1019/221
f 1017/186 172/174 1016/200
f 1018/460 182/456 181/449
f 1019/466 182/456 1018/460
f 1020/1787 305/1786 1025/1790
f 1021/1788 306/1785 1020/1787
f 1022/451 263/441 1021/450
f 1023/452 294/446 1024/457
f 1024/457 294/446 1022/451
f 1025/1790 305/1786 1064/1791
f 1026/604 297/589 1030/600
f 1027/611 300/599 1026/604
f 1028/617 305/612 307/605
f 1029/616 307/605 1027/611
f 1030/600 297/589 303/593
f 1031/1168 303/1167 309/1156
f 1032/1160 308/1147 1033/1155
f 1033/1155 308/1147 313/1151
f 1034/1165 309/1156 1035/1163
f 1035/1163 309/1156 1032/1160
f 1036/1673 304/1676 1037/1679
f 1037/1815 304/1816 1038/1817
f 1038/1817 304/1816 1123/1818
f 1039/1669 313/1672 326/1670
f 1040/1674 313/1672 1039/1669
f 1041/1159 313/1151 1040/1162
f 1042/1671 326/1670 1036/1673
f 1043/199 188/162 1017/186
f 1044/211 188/162 1043/199
f 1045/464 181/449 1015/459
f 1046/708 166/694 983/711
f 1047/703 166/694 1046/708
f 1048/690 219/683 220/678
f 1049/1599 220/1594 1303/1597
f 1051/692 238/672 993/685
f 1052/1558 169/1552 165/1555
f 1053/1561 165/1555 986/1565
f 1054/1717 207/1716 1059/1719
f 1055/231 254/220 997/239
f 1056/208 250/187 251/184
f 1057/230 207/212 1056/208
f 1058/238 207/212 1057/230
f 1059/246 207/212 1058/238
f 1060/250 257/244 163/236
f 1061/255 163/236 992/257
f 1062/458 189/442 1023/452
f 1063/461 175/453 1062/458
f 1064/620 305/612 1028/617
f 1065/209 251/184 1000/197
f 1066/713 166/694 1338/712
f 1067/1065 149/1053 1068/1062
f 1068/1062 149/1053 152/1057
f 1069/1802 150/1797 1071/1800
f 1070/542 150/535 1069/546
f 1071/1800 150/1797 148/1799
f 1072/1063 143/1061 924/1067
f 1073/1068 152/1057 1128/1066
f 1074/531 103/534 107/532
f 1075/533 107/532 150/535
f 1076/538 150/535 1070/542
f 1077/1064 152/1057 1073/1068
f 1078/1071 148/1072 149/1053
f 1079/1868 148/1869 1078/1870
f 1080/1801 148/1799 1079/1803
f 1081/1069 149/1053 1067/1065
f 1082/539 104/536 1074/531
f 1083/1301 839/1295 1084/1306
f 1084/1871 839/1872 1110/1873
f 1085/1143 323/1140 1086/1141
f 1086/1141 323/1140 1089/1139
f 1087/1319 821/1313 1088/1316
f 1088/1316 821/1313 1104/1314
f 1089/1139 323/1140 311/1132
f 1090/1138 311/1132 1087/1137
f 1091/1307 839/1295 1092/1305
f 1092/1305 839/1295 1095/1299
f 1093/1148 323/1140 1094/1146
f 1094/1146 323/1140 1085/1143
f 1095/1299 839/1295 857/1297
f 1096/1615 850/1611 1097/1617
f 1097/560 850/563 827/554
f 1098/571 823/566 841/567
f 1099/577 852/574 1098/571
f 1100/558 856/561 1101/564
f 1101/1706 856/1709 104/1707
f 1102/578 852/574 1099/577
f 1103/543 104/536 1082/539
f 1104/1314 821/1313 1119/1310
f 1105/1703 857/1702 1106/1699
f 1106/1699 857/1702 854/1700
f 1107/1759 854/1756 1102/1758
f 1108/573 841/567 1115/576
f 1109/555 826/551 1100/558
f 1110/1309 839/1295 1111/1308
f 1111/1308 839/1295 1091/1307
f 1112/1624 494/1619 1113/1621
f 1113/1621 494/1619 855/1618
f 1114/1616 855/1614 1096/1615
f 1115/1625 841/1622 1112/1624
f 1116/557 827/554 1109/555
f 1117/1298 838/1294 1118/1303
f 1118/1303 838/1294 1083/1301
f 1119/1310 821/1313 814/1311
f 1120/1302 814/1296 1117/1298
f 1121/1150 179/1145 1093/1148
f 1122/1678 304/1676 326/1670
f 1123/1818 304/1816 1122/1820
f 1124/1158 179/1145 1127/1153
f 1125/1161 321/1154 1124/1158
f 1126/1680 326/1670 1125/1677
f 1127/1153 179/1145 1121/1150
f 1128/1066 152/1057 1072/1063
f 1130/1819 1038/1817 1123/1818
f 1131/1821 1038/1817 1130/1819
f 1132/1242 918/1238 912/1244
f 1133/1251 912/1244 1137/1255
f 1134/1246 907/1239 1132/1242
f 1135/1019 900/1011 887/1025
f 1136/1742 887/1740 1170/1741
f 1137/1255 912/1244 8/1258
f 1138/1261 7/1260 1139/1262
f 1139/1106 7/1089 878/1100
f 1140/1259 8/1258 1138/1261
f 1141/1252 907/1239 1142/1250
f 1142/1250 907/1239 1134/1246
f 1143/1256 905/1247 1141/1252
f 1144/1026 905/1015 1143/1031
f 1145/1020 905/1015 1144/1026
f 1146/1642 873/1643 1154/1644
f 1147/1645 873/1643 1146/1642
f 1148/1099 160/1092 723/1098
f 1149/1105 914/1096 1148/1099
f 1150/1114 878/1100 1179/1123
f 1151/1836 914/1837 1149/1838
f 1152/1124 878/1100 1153/1115
f 1153/1115 878/1100 1151/1107
f 1154/1644 873/1643 1182/1646
f 1155/1839 903/1840 1156/1841
f 1156/1861 903/1862 1164/1863
f 1157/1017 904/1005 901/1004
f 1158/1022 904/1005 1157/1017
f 1159/1016 901/1004 874/1010
f 1160/1842 903/1840 1155/1839
f 1161/1874 903/1875 1160/1876
f 1162/1018 904/1005 1163/1024
f 1163/1024 904/1005 1187/1027
f 1164/1863 903/1862 1161/1864
f 1165/1023 900/1011 1162/1018
f 1166/1028 900/1011 1165/1023
f 1167/1021 874/1010 1145/1020
f 1168/1030 887/1025 900/1011
f 1169/1032 900/1011 1166/1028
f 1170/1741 887/1740 1173/1737
f 1171/214 870/165 887/226
f 1172/203 870/165 1171/214
f 1173/1737 887/1740 870/1738
f 1174/179 870/165 889/156
f 1175/1001 865/997 868/992
f 1176/1014 890/1008 1175/1001
f 1177/189 889/156 1190/192
f 1178/182 889/156 1176/168
f 1179/1123 878/1100 1152/1124
f 1180/1012 867/996 1135/1019
f 1181/1648 873/1643 1186/1647
f 1182/1646 873/1643 1181/1648
f 1183/1843 868/1844 1184/1845
f 1184/1000 868/992 867/996
f 1185/1033 887/1025 1168/1030
f 1186/1647 873/1643 1147/1645
f 1187/1027 904/1005 1158/1022
f 1188/1006 867/996 1180/1012
f 1189/1007 868/992 1183/1013
f 1190/192 889/156 1178/182
f 1191/1664 692/1663 697/1666
f 1192/1665 724/1662 1191/1664
f 1193/1104 723/1098 709/1095
f 1194/1112 723/1098 1193/1104
f 1195/925 722/926 626/913
f 1196/921 626/913 1203/917
f 1197/1205 710/1204 711/1207
f 1198/1206 706/1203 1197/1205
f 1199/249 438/216 1230/242
f 1200/243 438/216 1199/249
f 1201/895 577/891 1257/902
f 1202/901 619/892 1201/895
f 1203/917 626/913 1204/908
f 1204/908 626/913 618/896
f 1205/1113 723/1098 1206/1122
f 1206/1122 723/1098 1207/1121
f 1207/1121 723/1098 1194/1112
f 1208/1111 709/1095 1209/1120
f 1209/1120 709/1095 1217/1126
f 1210/1209 722/1210 1213/1211
f 1211/1208 711/1207 1210/1209
f 1212/1212 722/1210 1195/1213
f 1213/1211 722/1210 1212/1212
f 1214/1414 706/1409 1198/1417
f 1215/1129 697/1109 694/1125
f 1216/1130 694/1125 1220/1131
f 1217/1126 709/1095 1192/1119
f 1218/1418 430/1413 725/1412
f 1219/1420 430/1413 1218/1418
f 1220/1425 694/1422 430/1413
f 1221/1423 430/1413 1219/1420
f 1222/1667 697/1666 1215/1668
f 1223/745 406/742 387/749
f 1224/748 446/737 1223/745
f 1225/729 390/724 1285/735
f 1226/734 522/719 1225/729
f 1227/733 522/719 1229/739
f 1228/738 389/728 1227/733
f 1229/739 522/719 1226/734
f 1230/242 438/216 1231/234
f 1231/234 438/216 634/215
f 1232/254 634/215 1241/258
f 1233/248 634/215 1232/254
f 1234/188 395/178 1236/202
f 1235/191 638/157 1234/188
f 1236/202 395/178 440/206
f 1237/167 639/147 1238/166
f 1238/166 639/147 638/157
f 1239/181 334/158 1237/167
f 1240/180 638/157 1235/191
f 1241/981 634/982 354/973
f 1242/241 634/215 1233/248
f 1243/1405 544/1397 1244/1400
f 1244/1400 544/1397 528/1393
f 1245/1216 291/1215 1321/1219
f 1246/1217 540/1214 1245/1216
f 1247/1850 528/1851 1265/1852
f 1248/903 618/896 619/892
f 1249/907 619/892 1202/901
f 1250/1230 375/1232 546/1227
f 1251/1234 375/1232 1250/1230
f 1252/1228 546/1227 1275/1226
f 1253/1237 375/1232 1251/1234
f 1254/912 529/900 1255/916
f 1255/916 529/900 576/899
f 1256/906 529/900 1254/912
f 1257/902 577/891 1256/906
f 1258/920 576/899 565/915
f 1259/924 565/915 564/922
f 1260/933 548/929 1261/936
f 1261/936 548/929 1266/932
f 1262/931 564/922 1260/933
f 1263/1577 532/1574 531/1573
f 1264/1579 531/1573 545/1576
f 1265/1852 528/1851 1281/1853
f 1266/932 548/929 551/927
f 1267/935 551/927 1278/938
f 1268/945 560/941 1271/946
f 1269/944 530/940 1268/945
f 1270/1581 532/1574 1277/1580
f 1271/1583 560/1578 1270/1581
f 1272/1407 545/1406 1243/1405
f 1273/1220 540/1214 1246/1217
f 1274/1224 538/1221 1273/1220
f 1275/1226 546/1227 538/1221
f 1276/1225 538/1221 1274/1224
f 1277/1580 532/1574 1263/1577
f 1278/938 551/927 530/940
f 1279/943 530/940 1269/944
f 1280/1399 528/1393 1253/1396
f 1281/1403 528/1393 1280/1399
f 1282/969 380/963 388/959
f 1283/972 388/959 1290/975
f 1284/740 446/737 1296/746
f 1285/735 390/724 1284/740
f 1286/227 440/206 438/216
f 1287/235 438/216 1200/243
f 1288/978 354/973 1282/969
f 1289/970 388/959 389/964
f 1290/975 388/959 1289/970
f 1291/1416 725/1412 1214/1414
f 1292/751 387/749 1294/754
f 1293/743 389/728 1228/738
f 1294/754 387/749 1239/756
f 1295/224 440/206 1286/227
f 1296/746 446/737 1224/748
f 1297/696 215/677 979/689
f 1298/700 216/687 1297/696
f 1299/884 276/882 333/887
f 1300/706 333/701 216/687
f 1301/705 216/687 1298/700
f 1302/1596 232/1595 1306/1598
f 1303/1597 220/1594 1302/1596
f 1304/1762 170/1765 987/1763
f 1305/1694 162/1690 996/1693
f 1306/1769 232/1771 170/1765
f 1307/1767 170/1765 1304/1762
f 1308/704 162/699 1305/710
f 1309/886 275/881 1299/884
f 1310/1654 275/1653 1309/1657
f 1311/1655 287/1652 1310/1654
f 1312/1333 293/1328 288/1331
f 1313/1337 259/1332 1312/1333
f 1314/1335 288/1331 287/1338
f 1315/1340 259/1332 1313/1337
f 1316/1343 287/1338 1324/1344
f 1317/1341 287/1338 1316/1343
f 1318/1342 277/1334 1323/1339
f 1319/1534 290/1530 1318/1537
f 1320/1536 291/1531 1319/1534
f 1321/1219 291/1215 1320/1223
f 1322/1336 259/1332 1315/1340
f 1323/1339 277/1334 1322/1336
f 1324/1658 287/1652 1311/1655
f 1325/709 166/694 1308/704
f 1326/213 967/190 1172/203
f 1327/225 967/190 1326/213
f 1328/702 979/689 1329/707
f 1330/1764 987/1763 1331/1766
f 1332/1695 996/1693 1005/1696
f 1333/1697 1005/1696 1334/1698
f 1335/1600 1049/1599 1303/1597
f 1336/1602 1050/1601 1335/1600
f 1337/1603 1050/1601 1336/1602
f 1338/712 166/694 1325/709
f 1339/714 1066/713 1338/712
usemtl Tile_+031_+021_L19_000211_untextured
