mtllib Tile_+031_+021_L21_00001300.mtl
v 6.10131101e+03 5.06122620e+03 1.44502674e+01
v 6.10118650e+03 5.06131707e+03 1.38688493e+01
v 6.10165498e+03 5.06160656e+03 1.42710536e+01
v 6.10164368e+03 5.06141058e+03 1.47165788e+01
v 6.10097570e+03 5.06086576e+03 1.44679939e+01
v 6.10060523e+03 5.06037587e+03 1.44359723e+01
v 6.10202960e+03 5.06140695e+03 1.49337658e+01
v 6.10156582e+03 5.06104642e+03 1.48960659e+01
v 6.09857532e+03 5.05645641e+03 1.39100183e+01
v 6.09893116e+03 5.05638901e+03 1.37295446e+01
v 6.09918181e+03 5.05738470e+03 1.37277855e+01
v 6.09924230e+03 5.05768455e+03 1.37770421e+01
v 6.09901303e+03 5.05767631e+03 1.46708130e+01
v 6.09891351e+03 5.05812618e+03 1.49626696e+01
v 6.09864363e+03 5.05786052e+03 1.50271741e+01
v 6.09738858e+03 5.05675657e+03 1.49799184e+01
v 6.09782783e+03 5.05710916e+03 1.48601027e+01
v 6.09684762e+03 5.05677499e+03 1.50436021e+01
v 6.09679445e+03 5.05628758e+03 1.49171149e+01
v 6.09810475e+03 5.05689447e+03 1.42415617e+01
v 6.09814073e+03 5.05656516e+03 1.39179178e+01
v 6.09794351e+03 5.05762640e+03 1.50209926e+01
v 6.09847066e+03 5.05709605e+03 1.39533746e+01
v 6.09847686e+03 5.05724483e+03 1.44479368e+01
v 6.09877774e+03 5.05718451e+03 1.39285508e+01
v 6.09752717e+03 5.05663346e+03 1.48244761e+01
v 6.09784437e+03 5.05663151e+03 1.39776897e+01
v 6.09788968e+03 5.05687509e+03 1.45623846e+01
v 6.09558264e+03 5.05608562e+03 1.43395277e+01
v 6.09540186e+03 5.05640342e+03 1.43219857e+01
v 6.09629714e+03 5.05646597e+03 1.46900741e+01
v 6.09575795e+03 5.05648278e+03 1.45255108e+01
v 6.09578477e+03 5.05707276e+03 1.47242902e+01
v 6.09631363e+03 5.05735382e+03 1.49104080e+01
v 6.09558879e+03 5.05719758e+03 1.45469924e+01
v 6.09710911e+03 5.05814837e+03 1.47038472e+01
v 6.09634155e+03 5.05765435e+03 1.45255782e+01
v 6.10132358e+03 5.06033320e+03 1.45350177e+01
v 6.10178915e+03 5.06009863e+03 1.47403328e+01
v 6.10174661e+03 5.05976303e+03 1.45385490e+01
v 6.10018995e+03 5.06057871e+03 1.42163816e+01
v 6.10013347e+03 5.06037662e+03 1.43339618e+01
v 6.09758694e+03 5.05797784e+03 1.50096596e+01
v 6.09857866e+03 5.05871282e+03 1.47237323e+01
v 6.09905625e+03 5.05814213e+03 1.39445679e+01
v 6.09831446e+03 5.05738366e+03 1.47507042e+01
v 6.09845421e+03 5.05814621e+03 1.51784902e+01
v 6.09860518e+03 5.05870033e+03 1.43042526e+01
v 6.09835403e+03 5.05885828e+03 1.47606068e+01
v 6.09832258e+03 5.05873056e+03 1.50675099e+01
v 6.09820821e+03 5.05878073e+03 1.49507563e+01
v 6.09644175e+03 5.05776979e+03 1.40830585e+01
v 6.09681217e+03 5.05795048e+03 1.39359367e+01
v 6.09871416e+03 5.05876156e+03 1.38218796e+01
v 6.09901968e+03 5.05863211e+03 1.35995814e+01
v 6.09920392e+03 5.05921456e+03 1.34238311e+01
v 6.09958745e+03 5.05927301e+03 1.37339939e+01
v 6.10036676e+03 5.06084848e+03 1.37777866e+01
v 6.09721936e+03 5.05831249e+03 1.40299662e+01
v 6.09755351e+03 5.05848809e+03 1.43216234e+01
v 6.09807839e+03 5.05958145e+03 1.35145911e+01
v 6.09841205e+03 5.05929157e+03 1.35937087e+01
v 6.09591597e+03 5.05549900e+03 1.39040425e+01
v 6.09598797e+03 5.05582401e+03 1.43079652e+01
v 6.09515742e+03 5.05557522e+03 1.36171501e+01
v 6.09487027e+03 5.05617828e+03 1.38033760e+01
v 6.09506500e+03 5.05667058e+03 1.38869922e+01
v 6.09537838e+03 5.05709699e+03 1.39448583e+01
v 6.09590028e+03 5.05746683e+03 1.40066058e+01
v 6.09628757e+03 5.05776698e+03 1.36180047e+01
v 6.09692108e+03 5.05763586e+03 1.50563325e+01
v 6.09681973e+03 5.05604427e+03 1.46837663e+01
v 6.09655023e+03 5.05606423e+03 1.47212628e+01
v 6.09665643e+03 5.05592436e+03 1.43582669e+01
v 6.09697986e+03 5.05581773e+03 1.39385264e+01
v 6.09641940e+03 5.05566963e+03 1.39869856e+01
v 6.09466614e+03 5.05564483e+03 1.35480104e+01
v 6.09644716e+03 5.05800434e+03 1.36207431e+01
v 6.09656685e+03 5.05551338e+03 1.39126736e+01
v 6.09469294e+03 5.05629243e+03 1.37431082e+01
v 6.09588814e+03 5.05508237e+03 1.37342717e+01
v 6.09558329e+03 5.05538007e+03 1.36527080e+01
v 6.09833877e+03 5.05896031e+03 1.40327158e+01
v 6.10125222e+03 5.06100957e+03 1.47206419e+01
v 6.10143989e+03 5.06077681e+03 1.48459645e+01
v 6.10073147e+03 5.06157735e+03 1.34150110e+01
v 6.10117060e+03 5.06156689e+03 1.36254729e+01
v 6.10061221e+03 5.06102817e+03 1.36635851e+01
v 6.10110800e+03 5.05773301e+03 1.37778473e+01
v 6.10058405e+03 5.05726443e+03 1.35544191e+01
v 6.09907782e+03 5.05943224e+03 1.33458162e+01
v 6.09965631e+03 5.05864640e+03 1.34936379e+01
v 6.09940555e+03 5.05792219e+03 1.34718074e+01
v 6.09964571e+03 5.05800132e+03 1.34094571e+01
v 6.09948803e+03 5.05992426e+03 1.36196539e+01
v 6.09951687e+03 5.05661954e+03 1.35400535e+01
v 6.09695389e+03 5.05853336e+03 1.37011059e+01
v 6.09692226e+03 5.05822233e+03 1.37144266e+01
v 6.09918353e+03 5.06021548e+03 1.33562897e+01
v 6.09718131e+03 5.05900710e+03 1.37444232e+01
v 6.09656966e+03 5.05921566e+03 1.34266878e+01
v 6.09771299e+03 5.05913763e+03 1.37289747e+01
v 6.09789698e+03 5.05880103e+03 1.40913494e+01
v 6.09722342e+03 5.05615669e+03 1.39661823e+01
v 6.10014434e+03 5.05836153e+03 1.36747152e+01
v 6.09827452e+03 5.05587263e+03 1.36365257e+01
v 6.09847477e+03 5.05614675e+03 1.38277450e+01
v 6.09927238e+03 5.05685549e+03 1.38079360e+01
v 6.09962088e+03 5.05707918e+03 1.37372648e+01
v 6.09554538e+03 5.05882959e+03 1.34274989e+01
v 6.09695864e+03 5.05977096e+03 1.34293694e+01
v 6.10006489e+03 5.05782632e+03 1.36340226e+01
v 6.09907646e+03 5.05748245e+03 1.39137491e+01
v 6.10045900e+03 5.05898064e+03 1.41950105e+01
v 6.09960698e+03 5.05750586e+03 1.36242542e+01
v 6.10017259e+03 5.05722683e+03 1.37463328e+01
v 6.09991962e+03 5.05690337e+03 1.35564110e+01
v 6.09961265e+03 5.05687362e+03 1.37405641e+01
v 6.10078512e+03 5.05903882e+03 1.41532467e+01
v 6.10105345e+03 5.05877839e+03 1.37711718e+01
v 6.09464607e+03 5.05541865e+03 1.33933475e+01
v 6.09474338e+03 5.05520537e+03 1.34946053e+01
v 6.09758570e+03 5.05639269e+03 1.40271370e+01
v 6.10141418e+03 5.05891175e+03 1.36886203e+01
v 6.10143329e+03 5.05841461e+03 1.35680220e+01
v 6.10059307e+03 5.05827083e+03 1.36438069e+01
v 6.10104001e+03 5.05950828e+03 1.43550622e+01
v 6.10070533e+03 5.05742727e+03 1.38577612e+01
v 6.10112635e+03 5.05801319e+03 1.36387762e+01
v 6.09973800e+03 5.05968640e+03 1.41059248e+01
v 6.09998663e+03 5.05886602e+03 1.38928496e+01
v 6.09920324e+03 5.05973749e+03 1.33934610e+01
v 6.10228836e+03 5.04161029e+03 1.35909287e+01
v 6.10139527e+03 5.04051537e+03 1.37263789e+01
v 6.10169804e+03 5.04170828e+03 1.36494058e+01
v 6.10104870e+03 5.04183170e+03 1.37821138e+01
v 6.10016302e+03 5.04144165e+03 1.43171659e+01
v 6.10048785e+03 5.04299472e+03 1.32628334e+01
v 6.10027226e+03 5.04244874e+03 1.39349542e+01
v 6.10080530e+03 5.04030303e+03 1.40941733e+01
v 6.10031017e+03 5.04055537e+03 1.41740279e+01
v 6.09794554e+03 5.04078718e+03 1.44054622e+01
v 6.09813986e+03 5.04092399e+03 1.44431620e+01
v 6.09843593e+03 5.04066489e+03 1.45559180e+01
v 6.09793535e+03 5.04127229e+03 1.40614991e+01
v 6.09630061e+03 5.04089960e+03 1.39349275e+01
v 6.09580770e+03 5.04076249e+03 1.35900035e+01
v 6.09659652e+03 5.04123776e+03 1.34840271e+01
v 6.09692758e+03 5.04102194e+03 1.40187613e+01
v 6.09586167e+03 5.04062499e+03 1.38500477e+01
v 6.09623456e+03 5.04054335e+03 1.42346309e+01
v 6.09721933e+03 5.04080539e+03 1.42372684e+01
v 6.09582732e+03 5.05465567e+03 1.38349305e+01
v 6.09643231e+03 5.05503732e+03 1.40015503e+01
v 6.09722406e+03 5.05552335e+03 1.38954775e+01
v 6.09707466e+03 5.05527812e+03 1.38119873e+01
v 6.09552767e+03 5.05436998e+03 1.39111260e+01
v 6.09475524e+03 5.05377974e+03 1.37022833e+01
v 6.09540584e+03 5.05456167e+03 1.36711920e+01
v 6.09455839e+03 5.05451810e+03 1.39031021e+01
v 6.09725405e+03 5.04133153e+03 1.39029503e+01
v 6.10073125e+03 5.04080776e+03 1.38998501e+01
v 6.09869010e+03 5.04104037e+03 1.44280236e+01
v 6.09935611e+03 5.04108063e+03 1.44360778e+01
v 6.09931517e+03 5.04213041e+03 1.37297779e+01
v 6.09969301e+03 5.04201562e+03 1.41826239e+01
v 6.09907406e+03 5.04141923e+03 1.41856780e+01
v 6.09743552e+03 5.04172315e+03 1.38516842e+01
v 6.09584727e+03 5.05440651e+03 1.36343508e+01
v 6.09461799e+03 5.05660381e+03 1.35676717e+01
v 6.09876565e+03 5.04210173e+03 1.34647998e+01
v 6.09803591e+03 5.05598307e+03 1.38871272e+01
v 6.09865768e+03 5.05677278e+03 1.38311470e+01
v 6.09835881e+03 5.05683370e+03 1.37998639e+01
v 6.09754715e+03 5.05596583e+03 1.38905980e+01
v 6.10032558e+03 5.05921786e+03 1.41366027e+01
v 6.09758423e+03 5.05836003e+03 1.48280108e+01
v 6.09748535e+03 5.05864606e+03 1.40231774e+01
v 6.09936889e+03 5.05954081e+03 1.34615070e+01
v 6.10160207e+03 5.05961303e+03 1.44625756e+01
v 6.10171772e+03 5.05949480e+03 1.43164058e+01
v 6.10141685e+03 5.05928217e+03 1.41188745e+01
v 6.10201786e+03 5.05837679e+03 1.36793812e+01
v 6.10161321e+03 5.05803928e+03 1.37087588e+01
v 6.10002781e+03 5.06072277e+03 1.36208312e+01
v 6.10144692e+03 5.06184192e+03 1.36753257e+01
v 6.10182428e+03 5.06061049e+03 1.49236026e+01
v 6.10025893e+03 5.06123101e+03 1.34215394e+01
v 6.10158664e+03 5.06246336e+03 1.34114629e+01
v 6.10180475e+03 5.06216725e+03 1.37139191e+01
v 6.10122672e+03 5.06246172e+03 1.33339178e+01
v 6.09983052e+03 5.06165123e+03 1.33515165e+01
v 6.09928594e+03 5.06238648e+03 1.34683303e+01
v 6.09738550e+03 5.06242244e+03 1.34090920e+01
v 6.09645784e+03 5.06255749e+03 1.35489488e+01
v 6.09523455e+03 5.06164161e+03 1.36042552e+01
v 6.09980978e+03 5.06095447e+03 1.33908879e+01
v 6.09973871e+03 5.04298997e+03 1.31019915e+01
v 6.10158979e+03 5.04262226e+03 1.35889537e+01
v 6.10023455e+03 5.04042145e+03 1.54267251e+01
v 6.10009569e+03 5.04014529e+03 1.50762487e+01
v 6.10014850e+03 5.04056926e+03 1.59657403e+01
v 6.10002275e+03 5.04010402e+03 1.54472120e+01
v 6.09826046e+03 5.03966970e+03 1.45310467e+01
v 6.09735285e+03 5.04040756e+03 1.43499431e+01
v 6.09880552e+03 5.03948734e+03 1.46415991e+01
v 6.09912868e+03 5.03991180e+03 1.47047072e+01
v 6.09926684e+03 5.03897547e+03 1.49115033e+01
v 6.09860737e+03 5.03901798e+03 1.45577017e+01
v 6.09946619e+03 5.03815359e+03 1.53569953e+01
v 6.09925665e+03 5.03818185e+03 1.46720121e+01
v 6.09932512e+03 5.03833961e+03 1.61022255e+01
v 6.09963044e+03 5.03762339e+03 1.53857134e+01
v 6.09946949e+03 5.03809042e+03 1.57993764e+01
v 6.09901523e+03 5.03814837e+03 1.43909322e+01
v 6.09939447e+03 5.03860449e+03 1.50056682e+01
v 6.09627836e+03 5.03993363e+03 1.44233424e+01
v 6.09731628e+03 5.03919626e+03 1.45314144e+01
v 6.09605015e+03 5.03895943e+03 1.44040912e+01
v 6.09791593e+03 5.03880771e+03 1.44350023e+01
v 6.09946666e+03 5.03861904e+03 1.55285293e+01
v 6.09981589e+03 5.03773173e+03 1.59139226e+01
v 6.09996791e+03 5.03708538e+03 1.46382477e+01
v 6.10165265e+03 5.03909983e+03 1.56816478e+01
v 6.10175149e+03 5.03915529e+03 1.53446323e+01
v 6.10158542e+03 5.03882789e+03 1.57540494e+01
v 6.10061195e+03 5.03788311e+03 1.55712893e+01
v 6.10025838e+03 5.03730130e+03 1.46457126e+01
v 6.10065999e+03 5.04059072e+03 1.56851382e+01
v 6.10070459e+03 5.04015868e+03 1.50989282e+01
v 6.10014374e+03 5.03650280e+03 1.44635827e+01
v 6.09952122e+03 5.03726267e+03 1.42023400e+01
v 6.09967908e+03 5.03907531e+03 1.57389052e+01
v 6.09957907e+03 5.03905978e+03 1.52257020e+01
v 6.09846196e+03 5.03787660e+03 1.42257451e+01
v 6.09677346e+03 5.03706323e+03 1.44633918e+01
v 6.09878130e+03 5.03708302e+03 1.39024654e+01
v 6.09728846e+03 5.03649232e+03 1.40642324e+01
v 6.09567692e+03 5.03913547e+03 1.42453464e+01
v 6.09529146e+03 5.03858515e+03 1.43819600e+01
v 6.09715551e+03 5.03790710e+03 1.44649983e+01
v 6.09607642e+03 5.03796927e+03 1.44976744e+01
v 6.10033450e+03 5.03699310e+03 1.44661415e+01
v 6.09510280e+03 5.03776676e+03 1.44269383e+01
v 6.09587133e+03 5.03715494e+03 1.47645102e+01
v 6.10113171e+03 5.03876623e+03 1.43758097e+01
v 6.10084735e+03 5.03811926e+03 1.45032410e+01
v 6.10112126e+03 5.03830829e+03 1.51735187e+01
v 6.10074310e+03 5.03787774e+03 1.40982056e+01
v 6.10124809e+03 5.03886026e+03 1.40142975e+01
v 6.10004940e+03 5.03982294e+03 1.56796643e+01
v 6.10147645e+03 5.03916980e+03 1.45703075e+01
v 6.09964382e+03 5.04066371e+03 1.44043607e+01
v 6.09543770e+03 5.03712351e+03 1.47039000e+01
v 6.09501719e+03 5.03680630e+03 1.44496884e+01
v 6.09369226e+03 5.03685012e+03 1.41810600e+01
v 6.09383077e+03 5.03750890e+03 1.42425174e+01
v 6.09469859e+03 5.03731247e+03 1.43466637e+01
v 6.09449825e+03 5.03601840e+03 1.42527073e+01
v 6.09393137e+03 5.05331529e+03 1.39422505e+01
v 6.09404803e+03 5.05362886e+03 1.40195589e+01
v 6.09375944e+03 5.05378797e+03 1.40676042e+01
v 6.09405780e+03 5.05414366e+03 1.42379903e+01
v 6.09425198e+03 5.05399462e+03 1.39888327e+01
v 6.09472659e+03 5.05401285e+03 1.39971936e+01
v 6.09382008e+03 5.03790950e+03 1.38607415e+01
v 6.09472928e+03 5.03906205e+03 1.37427501e+01
v 6.09472128e+03 5.03852652e+03 1.38996862e+01
v 6.09643266e+03 5.03733274e+03 1.45947310e+01
v 6.10174667e+03 5.04371466e+03 1.29854124e+01
v 6.10136880e+03 5.04306396e+03 1.34092051e+01
v 6.10106052e+03 5.04320290e+03 1.32430913e+01
v 6.10063934e+03 5.04246439e+03 1.38091700e+01
v 6.09995240e+03 5.04198699e+03 1.43251723e+01
v 6.09735022e+03 5.04207595e+03 1.35587922e+01
v 6.09712042e+03 5.04171802e+03 1.36400494e+01
v 6.10054110e+03 5.03674119e+03 1.44293945e+01
v 6.09530696e+03 5.03940711e+03 1.39421075e+01
v 6.09504485e+03 5.05421556e+03 1.39566540e+01
v 6.09777669e+03 5.03635128e+03 1.39428504e+01
v 6.09531342e+03 5.03677641e+03 1.48521773e+01
v 6.09625329e+03 5.03692757e+03 1.48270338e+01
v 6.10039034e+03 5.04008019e+03 1.47112271e+01
v 6.09966903e+03 5.04019707e+03 1.46108520e+01
v 6.10042481e+03 5.04004193e+03 1.44507104e+01
v 6.10064766e+03 5.03737975e+03 1.42275620e+01
v 6.10097491e+03 5.03799541e+03 1.39871741e+01
v 6.10126159e+03 5.03743625e+03 1.44462257e+01
v 6.10156166e+03 5.03835005e+03 1.39341168e+01
v 6.10154295e+03 5.03787169e+03 1.41589531e+01
v 6.10150828e+03 5.03880070e+03 1.39139051e+01
v 6.10196534e+03 5.03874276e+03 1.39298027e+01
v 6.10052196e+03 5.03763398e+03 1.40587476e+01
v 6.10051481e+03 5.03764634e+03 1.42815057e+01
v 6.10080601e+03 5.03659211e+03 1.40838602e+01
v 6.10164852e+03 5.03647982e+03 1.37185879e+01
v 6.10149295e+03 5.03697666e+03 1.41615454e+01
v 6.10113482e+03 5.03706566e+03 1.45242889e+01
v 6.10151568e+03 5.03946942e+03 1.42875387e+01
v 6.10121124e+03 5.03988475e+03 1.41448902e+01
v 6.10162717e+03 5.03974024e+03 1.39809445e+01
v 6.10187446e+03 5.03749953e+03 1.45712309e+01
v 6.10164850e+03 5.03723630e+03 1.46094346e+01
v 6.10073886e+03 5.03998105e+03 1.45276955e+01
v 6.10115984e+03 5.03972826e+03 1.45331089e+01
v 6.10130133e+03 5.03910646e+03 1.41450976e+01
v 6.10172447e+03 5.03925783e+03 1.39544834e+01
v 6.10068439e+03 5.03785404e+03 1.51622403e+01
v 6.10136928e+03 5.03721527e+03 1.46971648e+01
v 6.10164854e+03 5.03732718e+03 1.46950927e+01
v 6.10210340e+03 5.04017285e+03 1.37496582e+01
v 6.10084380e+03 5.03681647e+03 1.44191572e+01
v 6.10119168e+03 5.03998326e+03 1.53784620e+01
v 6.10150954e+03 5.03897868e+03 1.49592527e+01
v 6.10172577e+03 5.03919505e+03 1.49538176e+01
v 6.10046006e+03 5.04197823e+03 1.41222349e+01
v 6.10136788e+03 5.04020835e+03 1.59930679e+01
v 6.10148150e+03 5.05866800e+03 1.35085407e+01
v 6.10175648e+03 5.05850111e+03 1.35303777e+01
v 6.10202039e+03 5.03965003e+03 1.53763357e+01
v 6.10157081e+03 5.03993424e+03 1.56379701e+01
v 6.10108208e+03 5.04254062e+03 1.36809240e+01
v 6.09907761e+03 5.04042047e+03 1.45560656e+01
v 6.09686743e+03 5.04064032e+03 1.43618130e+01
v 6.09425502e+03 5.03812982e+03 1.38055808e+01
v 6.09449280e+03 5.03955667e+03 1.31410723e+01
v 6.09489774e+03 5.03972838e+03 1.34058104e+01
v 6.09403389e+03 5.03839458e+03 1.33666391e+01
v 6.09414491e+03 5.05448959e+03 1.52419465e+01
v 6.09372495e+03 5.05579411e+03 1.44892198e+01
v 6.09433200e+03 5.05527528e+03 1.38151005e+01
v 6.09420207e+03 5.05514131e+03 1.43161163e+01
v 6.09390181e+03 5.05583974e+03 1.40221788e+01
v 6.09439714e+03 5.05578056e+03 1.36540996e+01
v 6.09444198e+03 5.05480459e+03 1.37707579e+01
v 6.09435414e+03 5.05466339e+03 1.43905114e+01
v 6.09429754e+03 5.05442945e+03 1.43448012e+01
v 6.09987727e+03 5.04003225e+03 1.48334762e+01
v 6.09398048e+03 5.05532093e+03 1.57224283e+01
v 6.09408790e+03 5.05482277e+03 1.55170350e+01
v 6.09390721e+03 5.05555832e+03 1.51767075e+01
v 6.09419359e+03 5.06132482e+03 1.35404040e+01
v 6.09378602e+03 5.06247412e+03 1.35693467e+01
v 6.09531523e+03 5.05512698e+03 1.35472557e+01
v 6.09491344e+03 5.04001863e+03 1.30092871e+01
v 6.09433418e+03 5.05340728e+03 1.33377394e+01
v 6.09775222e+03 5.05567528e+03 1.37587988e+01
v 6.09371458e+03 5.05620189e+03 1.38962866e+01
v 6.09419245e+03 5.05624587e+03 1.37169113e+01
v 6.09446378e+03 5.05332558e+03 1.23472392e+01
v 6.09401536e+03 5.05668363e+03 1.34759910e+01
v 6.09434464e+03 5.05435061e+03 1.39911519e+01
v 6.09651272e+03 5.06036756e+03 1.35155363e+01
v 6.10078231e+03 5.03910729e+03 1.90768173e+01
v 6.10033073e+03 5.03906673e+03 1.85454530e+01
v 6.09969282e+03 5.03877474e+03 1.81465495e+01
v 6.09978539e+03 5.03851720e+03 1.77891919e+01
v 6.09986386e+03 5.03898892e+03 1.78071449e+01
v 6.09984474e+03 5.03893407e+03 1.82941216e+01
v 6.10014678e+03 5.03913425e+03 1.81207301e+01
v 6.09981338e+03 5.03840691e+03 1.85630407e+01
v 6.10001764e+03 5.03879443e+03 1.89239744e+01
v 6.10096034e+03 5.03823041e+03 1.90952191e+01
v 6.10112020e+03 5.03854077e+03 1.94566912e+01
v 6.10093237e+03 5.03840165e+03 1.96041650e+01
v 6.10062276e+03 5.03831165e+03 1.95167464e+01
v 6.10070293e+03 5.03815161e+03 1.89527027e+01
v 6.10028610e+03 5.03825516e+03 1.91964718e+01
v 6.10025079e+03 5.03899594e+03 1.92979868e+01
v 6.10115047e+03 5.03790737e+03 1.85901849e+01
v 6.10139752e+03 5.03803295e+03 1.86161259e+01
v 6.10152854e+03 5.03795407e+03 1.81651531e+01
v 6.10125217e+03 5.03776838e+03 1.80886672e+01
v 6.10147499e+03 5.03819694e+03 1.84705959e+01
v 6.10053676e+03 5.03916843e+03 1.79457819e+01
v 6.10069342e+03 5.03908776e+03 1.84253332e+01
v 6.10123311e+03 5.03830360e+03 1.89043001e+01
v 6.10138753e+03 5.03793513e+03 1.76798844e+01
v 6.10148569e+03 5.03813103e+03 1.77763474e+01
v 6.10006387e+03 5.03806168e+03 1.84264377e+01
v 6.10003184e+03 5.03802918e+03 1.80441682e+01
v 6.10067794e+03 5.03792887e+03 1.81426516e+01
v 6.10030303e+03 5.03793279e+03 1.76298150e+01
v 6.10056909e+03 5.03770279e+03 1.74809654e+01
v 6.10009580e+03 5.03820496e+03 1.87181064e+01
v 6.10114375e+03 5.03867293e+03 1.78177396e+01
v 6.10116437e+03 5.03857236e+03 1.85261957e+01
v 6.10108197e+03 5.03777882e+03 1.77425261e+01
v 6.10185880e+03 5.03852297e+03 1.74011616e+01
v 6.10162253e+03 5.03812587e+03 1.73152341e+01
v 6.10040136e+03 5.03764439e+03 1.71327422e+01
v 6.10056425e+03 5.03758420e+03 1.68666170e+01
v 6.10182891e+03 5.03831432e+03 1.71917402e+01
v 6.10164899e+03 5.03829989e+03 1.68846789e+01
v 6.10123722e+03 5.03935852e+03 1.71296474e+01
v 6.10111941e+03 5.03890603e+03 1.73917785e+01
v 6.10076974e+03 5.03899084e+03 1.73494069e+01
v 6.10006194e+03 5.03818637e+03 1.72780945e+01
v 6.10029261e+03 5.03768410e+03 1.67148057e+01
v 6.10088965e+03 5.03893099e+03 1.82883493e+01
v 6.10092102e+03 5.03904881e+03 1.84846575e+01
v 6.10019171e+03 5.03938195e+03 1.76156289e+01
v 6.10022566e+03 5.03980675e+03 1.68923595e+01
v 6.10053035e+03 5.04051024e+03 1.65741915e+01
v 6.10052861e+03 5.03987982e+03 1.71998900e+01
v 6.10068592e+03 5.03883589e+03 1.99483517e+01
v 6.09955060e+03 5.03851237e+03 1.72667078e+01
v 6.09976054e+03 5.03896176e+03 1.74205738e+01
v 6.09380050e+03 5.05474227e+03 1.57405938e+01
v 6.10174473e+03 5.03904040e+03 1.72391571e+01
v 6.10148875e+03 5.03868409e+03 1.75560806e+01
v 6.10140608e+03 5.03836787e+03 1.78527646e+01
v 6.09760013e+03 5.05544498e+03 1.33746828e+01
v 6.10074970e+03 5.03771263e+03 1.68060857e+01
v 6.10171991e+03 5.05933146e+03 1.39385141e+01
v 6.10158702e+03 5.05921510e+03 1.37902636e+01
v 6.10080910e+03 5.03891981e+03 1.76980369e+01
v 6.10074190e+03 5.04068777e+03 1.61903863e+01
v 6.10089300e+03 5.04038611e+03 1.69604415e+01
v 6.09997375e+03 5.03956983e+03 1.68518693e+01
v 6.10182978e+03 5.03980946e+03 1.58238833e+01
v 6.10031071e+03 5.04021426e+03 1.65553035e+01
v 6.10156773e+03 5.04010250e+03 1.67533447e+01
v 6.10036409e+03 5.04072982e+03 1.57414613e+01
v 6.10016316e+03 5.03986833e+03 1.62984249e+01
v 6.09993606e+03 5.03941985e+03 1.60545636e+01
v 6.09996704e+03 5.03937957e+03 1.57074801e+01
v 6.10186685e+03 5.03947834e+03 1.50203859e+01
v 6.09946818e+03 5.03986467e+03 1.48729794e+01
v 6.10179927e+03 5.03926215e+03 1.59185737e+01
v 6.10122305e+03 5.03829284e+03 1.60679204e+01
v 6.10160309e+03 5.03850214e+03 1.63578228e+01
v 6.09986004e+03 5.03988847e+03 1.52164852e+01
v 6.10010931e+03 5.03766293e+03 1.58419365e+01
v 6.09964255e+03 5.03806813e+03 1.66702507e+01
v 6.10007118e+03 5.03769945e+03 1.64176582e+01
v 6.10048344e+03 5.03777010e+03 1.60190134e+01
v 6.09937273e+03 5.03875499e+03 1.65758371e+01
v 6.10184068e+03 5.03860064e+03 1.67549527e+01
v 6.10072690e+03 5.03987455e+03 1.72529550e+01
v 6.10144000e+03 5.03990921e+03 1.69197600e+01
v 6.10175130e+03 5.03988421e+03 1.66279093e+01
v 6.10151521e+03 5.04016133e+03 1.64249990e+01
v 6.09943570e+03 5.03891136e+03 1.60132854e+01
v 6.09933617e+03 5.03829592e+03 1.64727371e+01
v 6.10064954e+03 5.03945717e+03 1.74318127e+01
v 6.10085572e+03 5.03905306e+03 2.11111670e+01
v 6.10081791e+03 5.03896788e+03 2.08123245e+01
v 6.10021207e+03 5.03844188e+03 1.95057083e+01
v 6.10054159e+03 5.03843405e+03 2.00349188e+01
v 6.10101297e+03 5.03896638e+03 1.92612911e+01
v 6.10090762e+03 5.03885942e+03 1.99799876e+01
v 6.10084889e+03 5.03875220e+03 2.09925101e+01
v 6.10087022e+03 5.03883505e+03 2.14526790e+01
v 6.10121600e+03 5.03873516e+03 2.08892556e+01
v 6.10111222e+03 5.03867281e+03 2.11530928e+01
v 6.10103997e+03 5.03892335e+03 2.12681072e+01
v 6.10108898e+03 5.03896559e+03 2.09052888e+01
v 6.10077476e+03 5.03835230e+03 2.03291552e+01
v 6.10122086e+03 5.03857646e+03 2.01815269e+01
v 6.10116458e+03 5.03873654e+03 2.00913123e+01
v 6.10043050e+03 5.03868581e+03 1.98168931e+01
v 6.09756624e+03 5.04733878e+03 7.37437002e+00
v 6.09677266e+03 5.04804418e+03 7.50126460e+00
v 6.09711191e+03 5.04492113e+03 7.32907884e+00
v 6.09558712e+03 5.04616381e+03 7.35421621e+00
v 6.09667203e+03 5.04606839e+03 7.25010959e+00
v 6.09593763e+03 5.04495350e+03 7.38195228e+00
v 6.09646179e+03 5.04732918e+03 7.41552158e+00
v 6.09576674e+03 5.04804282e+03 7.42139756e+00
v 6.09898863e+03 5.04871959e+03 7.35302807e+00
v 6.09952984e+03 5.04812456e+03 7.36194601e+00
v 6.09659593e+03 5.05082678e+03 7.44164001e+00
v 6.09617204e+03 5.04936079e+03 7.37874218e+00
v 6.09534040e+03 5.05111733e+03 7.35785337e+00
v 6.09386083e+03 5.04577763e+03 7.52832103e+00
v 6.09380116e+03 5.04737325e+03 7.44228189e+00
v 6.09446979e+03 5.04959409e+03 7.33926063e+00
v 6.09429018e+03 5.05096564e+03 7.38163018e+00
v 6.09409977e+03 5.04809553e+03 7.46183262e+00
v 6.09881452e+03 5.04957061e+03 7.34854751e+00
v 6.09843428e+03 5.05082882e+03 7.41044104e+00
v 6.09742965e+03 5.04858340e+03 7.42912420e+00
v 6.09501484e+03 5.04469830e+03 7.34831963e+00
v 6.09879044e+03 5.04579774e+03 7.46248090e+00
v 6.09841469e+03 5.04651634e+03 7.42210119e+00
v 6.09840147e+03 5.04790005e+03 7.32124079e+00
v 6.09951045e+03 5.04689815e+03 8.27341322e+00
v 6.09939506e+03 5.04719645e+03 7.58333326e+00
v 6.09971218e+03 5.04713027e+03 8.45585995e+00
v 6.09992460e+03 5.04646952e+03 8.20766393e+00
v 6.09981867e+03 5.04765893e+03 7.49182383e+00
v 6.10005088e+03 5.04798509e+03 7.36411296e+00
v 6.10014555e+03 5.04743157e+03 8.29799457e+00
v 6.09928511e+03 5.04666684e+03 7.87420610e+00
v 6.09891482e+03 5.04651759e+03 7.58300841e+00
v 6.09895158e+03 5.04710340e+03 7.38871938e+00
v 6.10038272e+03 5.04851252e+03 7.33803897e+00
v 6.10086694e+03 5.04818621e+03 7.62142088e+00
v 6.10038710e+03 5.04782377e+03 7.65018178e+00
v 6.09925341e+03 5.04601628e+03 7.64726233e+00
v 6.09964412e+03 5.04521255e+03 7.43301350e+00
v 6.10013639e+03 5.04573734e+03 7.75164039e+00
v 6.10051884e+03 5.04527603e+03 7.72695407e+00
v 6.10142627e+03 5.04850214e+03 8.07100847e+00
v 6.10113728e+03 5.04846407e+03 7.52995251e+00
v 6.10142535e+03 5.04873424e+03 7.62135839e+00
v 6.10094062e+03 5.04911230e+03 7.33065828e+00
v 6.10151435e+03 5.04919112e+03 7.36579682e+00
v 6.10134453e+03 5.04897967e+03 7.40250557e+00
v 6.10046947e+03 5.05061510e+03 7.37655000e+00
v 6.10181250e+03 5.04894092e+03 7.63847795e+00
v 6.10153121e+03 5.04840536e+03 8.59282594e+00
v 6.10122823e+03 5.04808166e+03 8.76610428e+00
v 6.10141162e+03 5.04787341e+03 9.03746865e+00
v 6.10157523e+03 5.04803907e+03 9.14669567e+00
v 6.10187068e+03 5.04809097e+03 9.22046303e+00
v 6.10148334e+03 5.04813225e+03 9.07465812e+00
v 6.10105705e+03 5.04735111e+03 8.73278957e+00
v 6.10096850e+03 5.04777781e+03 8.68650115e+00
v 6.10174568e+03 5.04571381e+03 8.25899091e+00
v 6.10150032e+03 5.04532809e+03 8.41361683e+00
v 6.10174501e+03 5.04657815e+03 8.38289641e+00
v 6.10179878e+03 5.04610884e+03 8.26441213e+00
v 6.10110482e+03 5.04615834e+03 8.14141350e+00
v 6.10141794e+03 5.04564572e+03 8.10358503e+00
v 6.10095389e+03 5.04554723e+03 7.82202118e+00
v 6.10033043e+03 5.04715155e+03 8.57680678e+00
v 6.09988758e+03 5.04705813e+03 8.55858049e+00
v 6.10069768e+03 5.04779259e+03 8.30259605e+00
v 6.10042015e+03 5.04747041e+03 8.54752639e+00
v 6.10112597e+03 5.04523733e+03 7.96442583e+00
v 6.10133870e+03 5.04994389e+03 7.21392915e+00
v 6.10193762e+03 5.04951649e+03 7.40937680e+00
v 6.10125418e+03 5.04474663e+03 9.33739755e+00
v 6.10162630e+03 5.04521134e+03 8.97482858e+00
v 6.10213601e+03 5.04530420e+03 9.56542651e+00
v 6.10161127e+03 5.04499842e+03 9.64336116e+00
v 6.10087246e+03 5.04475503e+03 8.26076185e+00
v 6.10001347e+03 5.04401910e+03 7.82981114e+00
v 6.10049710e+03 5.04467938e+03 7.77949850e+00
v 6.09870884e+03 5.04258442e+03 1.03736669e+01
v 6.09827074e+03 5.04239089e+03 8.92354943e+00
v 6.09956481e+03 5.04309523e+03 9.37477469e+00
v 6.09775215e+03 5.04320995e+03 7.37965399e+00
v 6.09914243e+03 5.04437986e+03 7.42270245e+00
v 6.09648181e+03 5.04297133e+03 7.47671567e+00
v 6.09527864e+03 5.04336652e+03 7.58752874e+00
v 6.09574729e+03 5.04227051e+03 7.62011271e+00
v 6.09665687e+03 5.04257307e+03 7.64567321e+00
v 6.09624265e+03 5.04205599e+03 7.84930933e+00
v 6.09683841e+03 5.04227162e+03 8.00625787e+00
v 6.09511048e+03 5.04249246e+03 7.60223733e+00
v 6.09526351e+03 5.04171365e+03 7.53451194e+00
v 6.10055206e+03 5.04355365e+03 9.49971712e+00
v 6.09411433e+03 5.04127048e+03 7.63565144e+00
v 6.09567736e+03 5.04130522e+03 7.71115955e+00
v 6.09648564e+03 5.04178966e+03 8.12819340e+00
v 6.09568878e+03 5.04111735e+03 7.87269612e+00
v 6.09435496e+03 5.04069360e+03 7.89885588e+00
v 6.09525487e+03 5.04143734e+03 7.61146831e+00
v 6.09898563e+03 5.04362216e+03 7.65136505e+00
v 6.09770711e+03 5.04271940e+03 7.64300897e+00
v 6.09456242e+03 5.04043860e+03 8.33189214e+00
v 6.09386789e+03 5.03980369e+03 8.44851740e+00
v 6.09641913e+03 5.04122970e+03 9.00326262e+00
v 6.09563381e+03 5.04077739e+03 9.83525094e+00
v 6.09483413e+03 5.04020854e+03 1.15944206e+01
v 6.09602553e+03 5.04092134e+03 8.82112366e+00
v 6.09633216e+03 5.04131125e+03 8.35137799e+00
v 6.09531741e+03 5.04062307e+03 8.54827441e+00
v 6.09463180e+03 5.04026375e+03 8.94038160e+00
v 6.10184021e+03 5.04842390e+03 9.11907927e+00
v 6.10163607e+03 5.04474668e+03 1.06372405e+01
v 6.10105544e+03 5.04415886e+03 1.03100643e+01
v 6.10036008e+03 5.04333701e+03 1.05254437e+01
v 6.09965944e+03 5.04310532e+03 1.04926805e+01
v 6.09946047e+03 5.04304228e+03 1.26197762e+01
v 6.10037247e+03 5.04339665e+03 1.20163695e+01
v 6.10037104e+03 5.04329893e+03 1.26245310e+01
v 6.10092233e+03 5.04352038e+03 1.27509751e+01
v 6.10147728e+03 5.04403370e+03 1.26786583e+01
v 6.10106658e+03 5.04398424e+03 1.19728628e+01
v 6.10143024e+03 5.04367839e+03 1.29381852e+01
v 6.09817947e+03 5.04240665e+03 1.26679894e+01
v 6.09901545e+03 5.04284031e+03 1.16763821e+01
v 6.10162078e+03 5.04449970e+03 1.21790621e+01
v 6.10172460e+03 5.04445410e+03 1.25513922e+01
v 6.09882951e+03 5.04259453e+03 1.29181073e+01
v 6.09681710e+03 5.04163780e+03 1.28772305e+01
v 6.09783324e+03 5.04199464e+03 1.36713657e+01
v 6.10163885e+03 5.04427205e+03 1.27126995e+01
v 6.09551181e+03 5.04067356e+03 1.29393010e+01
v 6.09734524e+03 5.04212532e+03 1.22369908e+01
v 6.09836546e+03 5.04230355e+03 1.31765790e+01
v 6.09612354e+03 5.04131364e+03 1.18799100e+01
v 6.09645449e+03 5.04149491e+03 1.12002225e+01
v 6.09756430e+03 5.04216272e+03 1.32567024e+01
v 6.09687644e+03 5.04175807e+03 9.56893025e+00
v 6.09537413e+03 5.05729694e+03 1.35869027e+01
v 6.09738299e+03 5.04212626e+03 9.36622256e+00
v 6.09762234e+03 5.04219858e+03 1.07306685e+01
v 6.09984719e+03 5.03939203e+03 1.54224277e+01
v 6.09704652e+03 5.04206854e+03 8.66924539e+00
v 6.10179713e+03 5.04423456e+03 1.27965471e+01
v 6.09928895e+03 5.04325304e+03 8.23707807e+00
v 6.09727880e+03 5.04371512e+03 7.31384871e+00
v 6.09829035e+03 5.04419738e+03 7.31337201e+00
v 6.09965460e+03 5.04449575e+03 7.42515847e+00
v 6.10072054e+03 5.04747010e+03 8.66374220e+00
v 6.09950084e+03 5.05520523e+03 7.54958472e+00
v 6.10050356e+03 5.05594386e+03 7.58613546e+00
v 6.10036333e+03 5.05542698e+03 7.25630156e+00
v 6.09944264e+03 5.05506153e+03 7.36859279e+00
v 6.09981078e+03 5.05490387e+03 7.27787369e+00
v 6.09906961e+03 5.05509060e+03 8.63275005e+00
v 6.09864311e+03 5.05480802e+03 7.61590014e+00
v 6.09872705e+03 5.05290263e+03 7.39320257e+00
v 6.10030556e+03 5.05150221e+03 7.31066375e+00
v 6.10061269e+03 5.05295297e+03 7.28868810e+00
v 6.10069686e+03 5.05226841e+03 7.25112440e+00
v 6.09882749e+03 5.05482257e+03 7.37758559e+00
v 6.09916686e+03 5.05159755e+03 7.31646624e+00
v 6.10148926e+03 5.05118229e+03 7.32026809e+00
v 6.10211931e+03 5.05060387e+03 7.30547620e+00
v 6.09509639e+03 5.05201074e+03 7.25933233e+00
v 6.09558210e+03 5.05285428e+03 7.44799734e+00
v 6.09646633e+03 5.05254146e+03 7.27041671e+00
v 6.10021869e+03 5.05427754e+03 7.27530701e+00
v 6.09841695e+03 5.05407573e+03 7.20017777e+00
v 6.10161391e+03 5.05234397e+03 7.35360651e+00
v 6.10211649e+03 5.05194669e+03 7.37297435e+00
v 6.09816790e+03 5.05434475e+03 7.28238871e+00
v 6.09881575e+03 5.05464672e+03 7.28412033e+00
v 6.10104062e+03 5.05515177e+03 7.20304109e+00
v 6.10088182e+03 5.05397009e+03 7.20653511e+00
v 6.09521122e+03 5.05273371e+03 7.66112339e+00
v 6.09540236e+03 5.05298257e+03 8.04173831e+00
v 6.09750208e+03 5.05424097e+03 9.32540930e+00
v 6.09588372e+03 5.05357791e+03 9.41434874e+00
v 6.09770137e+03 5.05357020e+03 7.30116274e+00
v 6.09728644e+03 5.05329175e+03 7.31455043e+00
v 6.09727185e+03 5.05371868e+03 7.57142080e+00
v 6.09733541e+03 5.05468064e+03 1.11259768e+01
v 6.09711255e+03 5.05488296e+03 1.21804860e+01
v 6.09898763e+03 5.05578197e+03 1.14242307e+01
v 6.09806585e+03 5.05463110e+03 1.04567923e+01
v 6.09990752e+03 5.05634301e+03 1.10103598e+01
v 6.09917017e+03 5.05545039e+03 1.05815054e+01
v 6.09794215e+03 5.05454814e+03 7.77261183e+00
v 6.09831312e+03 5.05554024e+03 1.16941086e+01
v 6.10086775e+03 5.05677300e+03 1.02980707e+01
v 6.10120353e+03 5.05625342e+03 8.65847668e+00
v 6.10025370e+03 5.05615959e+03 9.68862054e+00
v 6.10206224e+03 5.05819702e+03 1.35332862e+01
v 6.09929786e+03 5.05626520e+03 1.24529253e+01
v 6.09908273e+03 5.05515441e+03 9.79756717e+00
v 6.09973352e+03 5.05579834e+03 9.33873351e+00
v 6.10077696e+03 5.05718064e+03 1.23461843e+01
v 6.10202234e+03 5.05311118e+03 7.34125661e+00
v 6.10171723e+03 5.05759847e+03 1.17017407e+01
v 6.09967040e+03 5.06001587e+03 1.39633814e+01
v 6.10184334e+03 5.05870672e+03 1.35558039e+01
v 6.10195608e+03 5.05910136e+03 1.36518255e+01
v 6.09589787e+03 5.05784642e+03 1.35801846e+01
v 6.09516309e+03 5.05732657e+03 1.34725055e+01
v 6.09499682e+03 5.05693648e+03 1.36033936e+01
v 6.09834157e+03 5.06111228e+03 1.35114128e+01
v 6.09473761e+03 5.05196041e+03 7.38114464e+00
v 6.09399091e+03 5.05128891e+03 7.56331754e+00
v 6.09378522e+03 5.05140980e+03 8.06994633e+00
v 6.09473758e+03 5.05227877e+03 8.08719780e+00
v 6.09486563e+03 5.05224088e+03 7.59914414e+00
v 6.09478082e+03 5.05261651e+03 8.55401493e+00
v 6.09715796e+03 5.05387281e+03 8.08368748e+00
v 6.09678998e+03 5.05356472e+03 7.57624672e+00
v 6.09691724e+03 5.05344787e+03 7.30004686e+00
v 6.09458522e+03 5.05274306e+03 9.46964409e+00
v 6.09639096e+03 5.05343112e+03 8.02465398e+00
v 6.09631245e+03 5.05317042e+03 7.42535583e+00
v 6.09768414e+03 5.05409756e+03 7.33714327e+00
v 6.10123503e+03 5.05373739e+03 7.34330871e+00
v 6.10162707e+03 5.05414774e+03 7.44176966e+00
v 6.10200403e+03 5.05421479e+03 7.48399470e+00
v 6.10157340e+03 5.05517252e+03 7.29747497e+00
v 6.10175093e+03 5.05593629e+03 7.35968167e+00
v 6.10127195e+03 5.05570024e+03 7.28494399e+00
v 6.10116670e+03 5.05614193e+03 7.73990417e+00
v 6.10055950e+03 5.05598313e+03 8.56674994e+00
v 6.10155855e+03 5.05640553e+03 8.15774328e+00
v 6.10168326e+03 5.05636136e+03 7.78081123e+00
v 6.10160353e+03 5.05621714e+03 7.55220386e+00
v 6.10171265e+03 5.05668179e+03 8.64038992e+00
v 6.09997136e+03 5.05565353e+03 8.12179612e+00
v 6.10166780e+03 5.05702368e+03 9.48933308e+00
v 6.09698491e+03 5.05387295e+03 9.06378193e+00
v 6.10097362e+03 5.05592239e+03 7.39385015e+00
v 6.09456742e+03 5.05719111e+03 1.34527590e+01
v 6.09421331e+03 5.05911436e+03 1.34917134e+01
v 6.09824946e+03 5.06035732e+03 1.34259253e+01
v 6.09589218e+03 5.05312743e+03 7.59089409e+00
v 6.09648572e+03 5.05422411e+03 1.08379043e+01
v 6.10135403e+03 5.04802189e+03 9.13157822e+00
v 6.09517184e+03 5.05326011e+03 1.05463701e+01
v 6.10170935e+03 5.06182901e+03 1.39511445e+01
v 6.09528781e+03 5.03187921e+03 1.38136818e+01
v 6.09854296e+03 5.03398620e+03 1.37894401e+01
v 6.09985674e+03 5.03310922e+03 1.38332560e+01
v 6.09433471e+03 5.03210360e+03 1.39340665e+01
v 6.09500838e+03 5.03283533e+03 1.40377483e+01
v 6.09690748e+03 5.03320590e+03 1.38022842e+01
v 6.10106248e+03 5.03514414e+03 1.36475448e+01
v 6.09894601e+03 5.03470456e+03 1.37547607e+01
v 6.09754988e+03 5.03436448e+03 1.40532863e+01
v 6.09673262e+03 5.03410057e+03 1.40908834e+01
v 6.09539732e+03 5.03348632e+03 1.40183150e+01
v 6.09550012e+03 5.03433991e+03 1.40868893e+01
v 6.09714496e+03 5.03617729e+03 1.39971564e+01
v 6.09722663e+03 5.03570317e+03 1.39678044e+01
v 6.09932044e+03 5.03558621e+03 1.40138653e+01
v 6.09516421e+03 5.03502556e+03 1.43983785e+01
v 6.09479158e+03 5.03447639e+03 1.40756253e+01
v 6.10041729e+03 5.03601854e+03 1.37942017e+01
v 6.10174281e+03 5.03613702e+03 1.36393520e+01
v 6.09891864e+03 5.03671199e+03 1.39210443e+01
v 6.09728330e+03 5.03397513e+03 1.39124128e+01
v 6.10195467e+03 5.03719008e+03 1.40083489e+01
v 6.10167983e+03 5.03455741e+03 1.36168398e+01
v 6.10101416e+03 5.03247238e+03 1.38238459e+01
v 6.10018151e+03 5.03134320e+03 1.38068137e+01
v 6.10156547e+03 5.03200908e+03 1.36793580e+01
v 6.10113303e+03 5.03149480e+03 1.36953215e+01
v 6.10160220e+03 5.03154569e+03 1.36362850e+01
v 6.09842222e+03 5.03535801e+03 1.41834400e+01
v 6.09821282e+03 5.03481683e+03 1.40483763e+01
v 6.09706229e+03 5.03444020e+03 1.43310459e+01
v 6.09798840e+03 5.03487603e+03 1.43151808e+01
v 6.09599934e+03 5.03382887e+03 1.41235409e+01
v 6.09604794e+03 5.03454813e+03 1.41342755e+01
v 6.09563929e+03 5.03482838e+03 1.42970999e+01
v 6.09564393e+03 5.03512312e+03 1.47289112e+01
v 6.09477760e+03 5.03392219e+03 1.40777065e+01
v 6.09378063e+03 5.03410609e+03 1.42775603e+01
v 6.09479008e+03 5.03520606e+03 1.43331429e+01
v 6.09419989e+03 5.03493052e+03 1.43925872e+01
v 6.09655870e+03 5.03496249e+03 1.43281173e+01
v 6.09743766e+03 5.03494280e+03 1.43920901e+01
v 6.09690515e+03 5.03534093e+03 1.41981050e+01
v 6.09571995e+03 5.03680853e+03 1.52221589e+01
v 6.09683958e+03 5.03578621e+03 1.41929076e+01
v 6.09918803e+03 5.03722528e+03 1.39547958e+01
v 6.09981078e+03 5.03608367e+03 1.43430979e+01
v 6.09930143e+03 5.03600968e+03 1.42180631e+01
v 6.09681565e+03 5.03474288e+03 1.43805633e+01
v 6.09372660e+03 5.03518959e+03 1.43140686e+01
v 6.09593390e+03 5.03504061e+03 1.46108976e+01
v 6.09631464e+03 5.03510900e+03 1.44797345e+01
v 6.09517730e+03 5.03567215e+03 1.45407663e+01
v 6.09537767e+03 5.03513804e+03 1.45462052e+01
v 6.09673255e+03 5.03670872e+03 1.44546393e+01
v 6.09681909e+03 5.03635474e+03 1.44499736e+01
v 6.09998735e+03 5.03592385e+03 1.40455171e+01
v 6.09489868e+03 5.03617291e+03 1.43685904e+01
v 6.09447772e+03 5.03303890e+03 1.42329086e+01
v 6.09476681e+03 5.03271863e+03 1.41450752e+01
v 6.09853831e+03 5.03481238e+03 1.38050670e+01
v 6.09979053e+03 5.03545828e+03 1.37993141e+01
v 6.09815566e+03 5.03438747e+03 1.38357152e+01
v 6.09531598e+03 5.03465825e+03 1.41443683e+01
v 6.09582638e+03 5.03607233e+03 1.67429876e+01
v 6.09577763e+03 5.03614375e+03 1.62537719e+01
v 6.09615329e+03 5.03631986e+03 1.65495543e+01
v 6.09664465e+03 5.03618296e+03 1.60601247e+01
v 6.09573004e+03 5.03500058e+03 1.61155880e+01
v 6.09544890e+03 5.03526195e+03 1.57532556e+01
v 6.09615491e+03 5.03632933e+03 1.61269845e+01
v 6.09602767e+03 5.03501660e+03 1.58526303e+01
v 6.09656410e+03 5.03522461e+03 1.63113473e+01
v 6.09538777e+03 5.03531258e+03 1.62661875e+01
v 6.09553946e+03 5.03544186e+03 1.67265365e+01
v 6.09551797e+03 5.03511899e+03 1.65771543e+01
v 6.09614587e+03 5.03507619e+03 1.65296469e+01
v 6.09597786e+03 5.03549999e+03 1.72608545e+01
v 6.09653867e+03 5.03640471e+03 1.55134206e+01
v 6.09597970e+03 5.03653747e+03 1.57064151e+01
v 6.09544425e+03 5.03621511e+03 1.58082601e+01
v 6.09619509e+03 5.03681019e+03 1.52807268e+01
v 6.09649044e+03 5.03527649e+03 1.58085994e+01
v 6.09524250e+03 5.03652419e+03 1.52111053e+01
v 6.09519061e+03 5.03607515e+03 1.54765044e+01
v 6.09584303e+03 5.03512545e+03 1.51869825e+01
v 6.09950922e+03 5.03750657e+03 1.45632637e+01
v 6.09942545e+03 5.03859424e+03 1.71058287e+01
v 6.09467734e+03 5.03474402e+03 1.42111103e+01
v 6.09647810e+03 5.03670413e+03 1.49980774e+01
v 6.10001447e+03 5.03616683e+03 1.44788907e+01
v 6.09758262e+03 5.03563739e+03 1.39902277e+01
v 6.09848703e+03 5.03575109e+03 1.41772353e+01
v 6.09796907e+03 5.03540864e+03 1.41704344e+01
v 6.09543448e+03 5.03541856e+03 1.48724396e+01
v 6.09550007e+03 5.03662316e+03 1.55654336e+01
v 6.09523695e+03 5.03639503e+03 1.55452117e+01
v 6.09944786e+03 5.03807948e+03 1.62220045e+01
v 6.09678619e+03 5.03586610e+03 1.46385351e+01
v 6.09694223e+03 5.03571052e+03 1.55375123e+01
v 6.09696945e+03 5.03594095e+03 1.54686456e+01
v 6.09675174e+03 5.03626873e+03 1.50742544e+01
v 6.10012807e+03 5.03814506e+03 1.75207088e+01
v 6.09835193e+03 5.03621573e+03 1.39459440e+01
v 6.09632436e+03 5.03511477e+03 1.50445292e+01
v 6.09552488e+03 5.03577507e+03 1.63247627e+01
v 6.09510745e+03 5.03626309e+03 1.47517098e+01
v 6.09519373e+03 5.03593031e+03 1.50417130e+01
v 6.09456653e+03 5.03774009e+03 1.42355231e+01
v 6.09537628e+03 5.03553268e+03 1.54122487e+01
v 6.09491154e+03 5.03555374e+03 1.43159461e+01
v 6.09537124e+03 5.03571955e+03 1.59024664e+01
v 6.09950411e+03 5.03836867e+03 1.70811697e+01
v 6.10110573e+03 5.03843976e+03 2.02610645e+01
v 6.09626290e+03 5.03523575e+03 1.70184303e+01
v 6.09601982e+03 5.03577007e+03 1.73317173e+01
v 6.09648537e+03 5.03529817e+03 1.67997576e+01
v 6.09616142e+03 5.03574570e+03 1.73270788e+01
v 6.09642103e+03 5.03611984e+03 1.66735916e+01
v 6.09694677e+03 5.03603252e+03 1.58498720e+01
v 6.09680331e+03 5.03574530e+03 1.64567423e+01
v 6.09642061e+03 5.03546828e+03 1.70961488e+01
v 6.10122217e+03 5.05278964e+03 7.35829370e+00
v 6.09505796e+03 5.03577450e+03 1.43317956e+01
v 6.10073487e+03 5.03697953e+03 1.44329103e+01
v 6.10206664e+03 5.04574531e+03 8.47099967e+00
v 6.10216505e+03 5.05747480e+03 9.89824939e+00
v 6.09939043e+03 5.03808841e+03 1.64596789e+01
v 6.10163212e+03 5.03953315e+03 1.46021003e+01
v 6.10169465e+03 5.03943112e+03 1.45951509e+01
v 6.10168334e+03 5.03949088e+03 1.69739603e+01
v 6.10181557e+03 5.04305286e+03 1.33977472e+01
v 6.10177103e+03 5.03689742e+03 1.38304250e+01
v 6.12432601e+03 5.05671859e+03 1.37945222e+01
v 6.12420801e+03 5.05625567e+03 1.38071395e+01
v 6.12367945e+03 5.05698254e+03 1.38086869e+01
v 6.12363959e+03 5.06024697e+03 1.35202837e+01
v 6.12330396e+03 5.05976945e+03 1.37020700e+01
v 6.12307598e+03 5.06058904e+03 1.34775127e+01
v 6.12369407e+03 5.06111667e+03 1.36050523e+01
v 6.12397992e+03 5.06085564e+03 1.37624917e+01
v 6.12354318e+03 5.06089145e+03 1.35050098e+01
v 6.12491631e+03 5.05533793e+03 1.38057321e+01
v 6.12436296e+03 5.05537476e+03 1.36616862e+01
v 6.12413624e+03 5.06027502e+03 1.36119209e+01
v 6.12451571e+03 5.05998803e+03 1.35958051e+01
v 6.12330926e+03 5.05894732e+03 1.38912363e+01
v 6.12322556e+03 5.05784079e+03 1.38011286e+01
v 6.12273713e+03 5.05859120e+03 1.39205797e+01
v 6.12185910e+03 5.06235475e+03 1.34780328e+01
v 6.12365162e+03 5.03692140e+03 1.42326158e+01
v 6.12387158e+03 5.03679560e+03 1.50906685e+01
v 6.12348221e+03 5.03651592e+03 1.47111111e+01
v 6.12298911e+03 5.04960509e+03 1.33614858e+01
v 6.12271132e+03 5.04812752e+03 1.34314693e+01
v 6.12224563e+03 5.04920010e+03 1.34129291e+01
v 6.12411148e+03 5.04699947e+03 1.32998004e+01
v 6.12482257e+03 5.03131808e+03 1.32405386e+01
v 6.12440646e+03 5.03329065e+03 1.33152207e+01
v 6.12215959e+03 5.05148926e+03 1.36016053e+01
v 6.12184088e+03 5.05223026e+03 1.34531734e+01
v 6.12269300e+03 5.05175586e+03 1.33608668e+01
v 6.12487200e+03 5.04899526e+03 1.32232334e+01
v 6.12357551e+03 5.04797877e+03 1.32800189e+01
v 6.12358916e+03 5.04944211e+03 1.32379528e+01
v 6.12139633e+03 5.03518734e+03 1.36184111e+01
v 6.12202091e+03 5.03481152e+03 1.35529223e+01
v 6.12154645e+03 5.03457998e+03 1.36396973e+01
v 6.12328081e+03 5.03602571e+03 1.48355491e+01
v 6.12349160e+03 5.03628689e+03 1.53767432e+01
v 6.12367113e+03 5.03590395e+03 1.44026074e+01
v 6.12417322e+03 5.04312200e+03 1.32179157e+01
v 6.12274281e+03 5.04272614e+03 1.33713894e+01
v 6.12254259e+03 5.04402872e+03 1.32506166e+01
v 6.12489938e+03 5.05052654e+03 1.32737017e+01
v 6.12398303e+03 5.05018449e+03 1.33250282e+01
v 6.12488102e+03 5.05138443e+03 1.32594632e+01
v 6.12381825e+03 5.05404578e+03 1.33811110e+01
v 6.12385079e+03 5.05177633e+03 1.34671154e+01
v 6.12172953e+03 5.03151990e+03 1.42110638e+01
v 6.12174069e+03 5.03123992e+03 1.46185098e+01
v 6.12198436e+03 5.05084015e+03 1.34165555e+01
v 6.12199035e+03 5.04985897e+03 1.37947914e+01
v 6.12161633e+03 5.04963956e+03 1.37112193e+01
v 6.12226469e+03 5.03200235e+03 1.74963400e+01
v 6.12284866e+03 5.03194532e+03 1.80722045e+01
v 6.12231335e+03 5.03261415e+03 1.81501560e+01
v 6.12108030e+03 5.03216178e+03 1.84008083e+01
v 6.12228784e+03 5.03249675e+03 1.85640042e+01
v 6.12160551e+03 5.03152386e+03 1.85308353e+01
v 6.12409515e+03 5.05779757e+03 1.37408323e+01
v 6.12203073e+03 5.04761696e+03 1.33080178e+01
v 6.12178704e+03 5.04497732e+03 1.34176407e+01
v 6.12247753e+03 5.04484865e+03 1.34447163e+01
v 6.12425599e+03 5.03683687e+03 1.52780202e+01
v 6.12405833e+03 5.03624401e+03 1.45406801e+01
v 6.12299973e+03 5.03602577e+03 1.50524917e+01
v 6.12353744e+03 5.03646122e+03 1.53701998e+01
v 6.12324791e+03 5.03613055e+03 1.46535030e+01
v 6.12308727e+03 5.03602933e+03 1.52245188e+01
v 6.12390466e+03 5.03486876e+03 1.35338546e+01
v 6.12274295e+03 5.03528932e+03 1.35941422e+01
v 6.12346713e+03 5.03537312e+03 1.37036235e+01
v 6.12315506e+03 5.03126764e+03 1.37936011e+01
v 6.12164946e+03 5.03334717e+03 1.37351045e+01
v 6.12213067e+03 5.03227499e+03 1.36154077e+01
v 6.12121063e+03 5.03314836e+03 1.38142992e+01
v 6.12178668e+03 5.03267861e+03 1.84065357e+01
v 6.12211086e+03 5.03275634e+03 1.83875685e+01
v 6.12293935e+03 5.03167900e+03 1.84221690e+01
v 6.12244011e+03 5.03244350e+03 1.84562748e+01
v 6.12221175e+03 5.06200281e+03 1.34692192e+01
v 6.12274107e+03 5.06191363e+03 1.34751360e+01
v 6.12237498e+03 5.06153264e+03 1.34610656e+01
v 6.12209292e+03 5.06062418e+03 1.39188601e+01
v 6.12273597e+03 5.06116903e+03 1.35135408e+01
v 6.12239904e+03 5.03976852e+03 1.33676513e+01
v 6.12219708e+03 5.03939156e+03 1.34450395e+01
v 6.12212971e+03 5.03964113e+03 1.35679967e+01
v 6.12268056e+03 5.04993861e+03 1.35474097e+01
v 6.12206108e+03 5.04960349e+03 1.36048206e+01
v 6.12404673e+03 5.05100677e+03 1.33328010e+01
v 6.12130144e+03 5.04400786e+03 1.33188287e+01
v 6.12320791e+03 5.05089273e+03 1.33337568e+01
v 6.12197780e+03 5.03260809e+03 1.80214182e+01
v 6.12166503e+03 5.03205192e+03 1.74469767e+01
v 6.12326539e+03 5.03152416e+03 1.81914386e+01
v 6.12139427e+03 5.03225914e+03 1.78345172e+01
v 6.12157554e+03 5.03252451e+03 1.80829830e+01
v 6.12163864e+03 5.03262671e+03 1.82748224e+01
v 6.12259092e+03 5.03131958e+03 1.85228122e+01
v 6.12237392e+03 5.03205587e+03 1.85724659e+01
v 6.12345373e+03 5.03580511e+03 1.42146997e+01
v 6.12297941e+03 5.03568708e+03 1.39226999e+01
v 6.12322911e+03 5.03598966e+03 1.42870620e+01
v 6.12288657e+03 5.03618176e+03 1.40357840e+01
v 6.12227457e+03 5.03570763e+03 1.36045904e+01
v 6.12146181e+03 5.03630691e+03 1.35210481e+01
v 6.12218538e+03 5.03667341e+03 1.35983503e+01
v 6.12449163e+03 5.03708202e+03 1.45119226e+01
v 6.12478772e+03 5.03702374e+03 1.41165141e+01
v 6.12451044e+03 5.03688347e+03 1.47540620e+01
v 6.12324062e+03 5.03644859e+03 1.42080293e+01
v 6.12253546e+03 5.03496497e+03 1.34973110e+01
v 6.12202031e+03 5.03407873e+03 1.37220158e+01
v 6.12277207e+03 5.03404120e+03 1.34653216e+01
v 6.12433640e+03 5.03607294e+03 1.41574993e+01
v 6.12434166e+03 5.03536708e+03 1.37310432e+01
v 6.12396185e+03 5.03559658e+03 1.39149652e+01
v 6.12326050e+03 5.03317602e+03 1.33106549e+01
v 6.12271443e+03 5.03649552e+03 1.38249648e+01
v 6.12338615e+03 5.03707242e+03 1.38678358e+01
v 6.12363129e+03 5.03153125e+03 1.34906593e+01
v 6.12250893e+03 5.03127164e+03 1.42378261e+01
v 6.12254729e+03 5.03187521e+03 1.35971451e+01
v 6.12145611e+03 5.03213090e+03 1.38624970e+01
v 6.12157302e+03 5.03181610e+03 1.40066077e+01
v 6.12171401e+03 5.03563954e+03 1.35613721e+01
v 6.12200431e+03 5.04022928e+03 1.32994063e+01
v 6.12185184e+03 5.03970841e+03 1.35413744e+01
v 6.12341806e+03 5.03233531e+03 1.33910066e+01
v 6.12161569e+03 5.03140186e+03 1.65351829e+01
v 6.12298302e+03 5.03733773e+03 1.36003820e+01
v 6.12182698e+03 5.03242388e+03 1.37043673e+01
v 6.12471540e+03 5.05975363e+03 1.34763120e+01
v 6.12196515e+03 5.06006552e+03 1.38869082e+01
v 6.12143568e+03 5.06029720e+03 1.37634047e+01
v 6.12159971e+03 5.06067673e+03 1.38781131e+01
v 6.12392443e+03 5.05874917e+03 1.37361744e+01
v 6.12218652e+03 5.05947721e+03 1.38726191e+01
v 6.12247192e+03 5.06018774e+03 1.38578586e+01
v 6.12298517e+03 5.05982116e+03 1.37959791e+01
v 6.12140456e+03 5.05590093e+03 1.33620378e+01
v 6.12268459e+03 5.05523732e+03 1.34087261e+01
v 6.12338375e+03 5.05611812e+03 1.36942814e+01
v 6.12227864e+03 5.05745059e+03 1.34526495e+01
v 6.12245377e+03 5.05627434e+03 1.33855125e+01
v 6.12214419e+03 5.05854543e+03 1.36892902e+01
v 6.12268390e+03 5.05043966e+03 1.36563259e+01
v 6.12238217e+03 5.05044253e+03 1.36991317e+01
v 6.12252820e+03 5.04622450e+03 1.32391999e+01
v 6.12283695e+03 5.04725536e+03 1.32438237e+01
v 6.12316979e+03 5.04486293e+03 1.32878884e+01
v 6.12103992e+03 5.04333930e+03 1.32906242e+01
v 6.12166280e+03 5.05190504e+03 1.35044272e+01
v 6.12149945e+03 5.05260906e+03 1.34588292e+01
v 6.12111506e+03 5.03939659e+03 1.34595691e+01
v 6.12165014e+03 5.04698408e+03 1.33856584e+01
v 6.12129833e+03 5.04607620e+03 1.33127514e+01
v 6.12136726e+03 5.04881498e+03 1.33060426e+01
v 6.12175166e+03 5.04971049e+03 1.38363106e+01
v 6.12169503e+03 5.04556955e+03 1.33863215e+01
v 6.12375034e+03 5.04492710e+03 1.33058488e+01
v 6.12328213e+03 5.04184250e+03 1.33314171e+01
v 6.12164603e+03 5.04291520e+03 1.33158469e+01
v 6.12356431e+03 5.04023072e+03 1.32316439e+01
v 6.12295075e+03 5.03968416e+03 1.32779327e+01
v 6.12281558e+03 5.04089113e+03 1.32560901e+01
v 6.12431188e+03 5.03760951e+03 1.34116761e+01
v 6.12421134e+03 5.04144378e+03 1.31888515e+01
v 6.12400302e+03 5.03716949e+03 1.41357741e+01
v 6.12378044e+03 5.03743865e+03 1.37154832e+01
v 6.12417983e+03 5.03736062e+03 1.36566705e+01
v 6.12367183e+03 5.03769046e+03 1.35519614e+01
v 6.12436636e+03 5.03802304e+03 1.33248855e+01
v 6.12432263e+03 5.03916569e+03 1.34460617e+01
v 6.12506087e+03 5.03919959e+03 1.34070422e+01
v 6.12211154e+03 5.05284156e+03 1.32894544e+01
v 6.12169253e+03 5.04849719e+03 1.32688491e+01
v 6.12153329e+03 5.03711891e+03 1.34786266e+01
v 6.12237038e+03 5.03775728e+03 1.33499816e+01
v 6.12497980e+03 5.03488469e+03 1.34772762e+01
v 6.12321499e+03 5.06203906e+03 1.38819291e+01
v 6.12358799e+03 5.06143399e+03 1.35775788e+01
v 6.12363067e+03 5.06141807e+03 1.38263674e+01
v 6.12193492e+03 5.06115723e+03 1.37800576e+01
v 6.12324177e+03 5.06151103e+03 1.35817599e+01
v 6.12398006e+03 5.05952580e+03 1.33958894e+01
v 6.12285227e+03 5.06255728e+03 1.35745023e+01
v 6.12262765e+03 5.06248492e+03 1.35305919e+01
v 6.12414810e+03 5.06071430e+03 1.33591286e+01
v 6.12320392e+03 5.06199970e+03 1.34511673e+01
v 6.12357501e+03 5.06168040e+03 1.33262012e+01
v 6.12207954e+03 5.05402231e+03 1.34357861e+01
v 6.12481422e+03 5.05433173e+03 1.33496646e+01
v 6.12465859e+03 5.05390687e+03 1.33432793e+01
v 6.12373380e+03 5.05814567e+03 1.38508189e+01
v 6.12301374e+03 5.05058658e+03 1.34211595e+01
v 6.12471152e+03 5.05902933e+03 1.32109355e+01
v 6.12171118e+03 5.05472436e+03 1.34734148e+01
v 6.12106869e+03 5.05412543e+03 1.33415862e+01
v 6.12174736e+03 5.05999902e+03 1.38440395e+01
v 6.12447907e+03 5.05834734e+03 1.35114236e+01
v 6.12492800e+03 5.05876239e+03 1.33177786e+01
v 6.12454184e+03 5.05271987e+03 1.34081117e+01
v 6.12432647e+03 5.06148283e+03 1.32405903e+01
v 6.12378619e+03 5.03895663e+03 1.35896782e+01
v 6.12220213e+03 5.05103851e+03 1.34954702e+01
v 6.12248532e+03 5.05105715e+03 1.34829789e+01
v 6.12156160e+03 5.04924534e+03 1.34901534e+01
v 6.12458966e+03 5.05693355e+03 1.38515075e+01
v 6.12165120e+03 5.05727163e+03 1.33866637e+01
v 6.12460205e+03 5.05596275e+03 1.36925653e+01
v 6.12487586e+03 5.05623576e+03 1.36513882e+01
v 6.12169042e+03 5.05373063e+03 1.33638250e+01
v 6.12493701e+03 5.05826978e+03 1.34046206e+01
v 6.12494658e+03 5.05765609e+03 1.35183339e+01
v 6.12479716e+03 5.05491785e+03 1.36227866e+01
v 6.12487612e+03 5.05927608e+03 1.33744005e+01
v 6.12280269e+03 5.06152886e+03 1.34384282e+01
v 6.12128627e+03 5.05163476e+03 1.33030299e+01
v 6.12278696e+03 5.03898444e+03 1.33309139e+01
v 6.12423437e+03 5.03699646e+03 1.51751907e+01
v 6.12316914e+03 5.03807983e+03 1.33998337e+01
v 6.12381903e+03 5.03836918e+03 1.35076173e+01
v 6.12462726e+03 5.03720022e+03 1.38040903e+01
v 6.12145768e+03 5.03797863e+03 1.33091608e+01
v 6.12167030e+03 5.03884247e+03 1.33206574e+01
v 6.12169661e+03 5.04187660e+03 1.32518484e+01
v 6.12474546e+03 5.03665028e+03 1.42430775e+01
v 6.12133622e+03 5.04049123e+03 1.32493641e+01
v 6.12209282e+03 5.03146754e+03 1.66675760e+01
v 6.12505978e+03 5.03574766e+03 1.37070444e+01
v 6.12490093e+03 5.05898100e+03 1.31401806e+01
v 6.12156256e+03 5.05513003e+03 1.34123594e+01
v 6.12506074e+03 5.05694778e+03 1.37249141e+01
v 6.12447249e+03 5.03703107e+03 1.49823140e+01
v 6.11728740e+03 5.06080393e+03 9.21962870e+00
v 6.11595706e+03 5.06127978e+03 1.09260806e+01
v 6.11701093e+03 5.06166489e+03 8.82389711e+00
v 6.11551951e+03 5.05233758e+03 1.76686336e+01
v 6.11535989e+03 5.05226284e+03 1.77013014e+01
v 6.11786162e+03 5.06049752e+03 7.86534689e+00
v 6.11820720e+03 5.06017028e+03 7.58048578e+00
v 6.11747743e+03 5.06109383e+03 8.22000890e+00
v 6.11701826e+03 5.04678215e+03 1.44593336e+01
v 6.11661028e+03 5.04640564e+03 1.45751685e+01
v 6.11646725e+03 5.04641008e+03 1.40160339e+01
v 6.11291764e+03 5.04547230e+03 1.38553551e+01
v 6.11247562e+03 5.04569086e+03 1.37818336e+01
v 6.11307793e+03 5.04512325e+03 1.38776927e+01
v 6.11255919e+03 5.04523476e+03 1.36874607e+01
v 6.11520505e+03 5.04387374e+03 1.35888007e+01
v 6.11623150e+03 5.04304629e+03 1.33671074e+01
v 6.11253206e+03 5.04477388e+03 1.37672214e+01
v 6.11343245e+03 5.04587897e+03 1.42266516e+01
v 6.11358017e+03 5.04610441e+03 1.46402658e+01
v 6.11391135e+03 5.04629371e+03 1.42679316e+01
v 6.11312843e+03 5.05236454e+03 1.40201451e+01
v 6.11279231e+03 5.05221134e+03 1.43428398e+01
v 6.10258795e+03 5.06189875e+03 1.48290571e+01
v 6.10218234e+03 5.06223687e+03 1.39372295e+01
v 6.10291191e+03 5.03913606e+03 1.38356695e+01
v 6.10409297e+03 5.03890626e+03 1.42419653e+01
v 6.10182257e+03 5.03807775e+03 1.40351027e+01
v 6.10227950e+03 5.03836353e+03 1.40206016e+01
v 6.10541823e+03 5.04052299e+03 1.43793679e+01
v 6.10475536e+03 5.04111596e+03 1.42764308e+01
v 6.10547843e+03 5.04390274e+03 1.34827071e+01
v 6.10540187e+03 5.04362000e+03 1.34842193e+01
v 6.10544580e+03 5.04332543e+03 1.39681365e+01
v 6.10576003e+03 5.04313437e+03 1.36095898e+01
v 6.10169917e+03 5.04003137e+03 1.62265509e+01
v 6.10614632e+03 5.04167497e+03 1.49331735e+01
v 6.10584158e+03 5.04203528e+03 1.50060848e+01
v 6.11734703e+03 5.04841793e+03 1.71753129e+01
v 6.11694503e+03 5.04863946e+03 1.64564087e+01
v 6.11308887e+03 5.04589854e+03 1.44426768e+01
v 6.11436320e+03 5.04668085e+03 1.46657983e+01
v 6.11568515e+03 5.05227131e+03 1.77864278e+01
v 6.11558988e+03 5.05217007e+03 1.82908595e+01
v 6.11595211e+03 5.05212171e+03 1.88004095e+01
v 6.11600694e+03 5.05192118e+03 1.82842078e+01
v 6.11527425e+03 5.05199139e+03 1.91916397e+01
v 6.10554408e+03 5.04358121e+03 1.73090624e+01
v 6.10483912e+03 5.04279180e+03 1.71390975e+01
v 6.11169702e+03 5.04988116e+03 1.82107017e+01
v 6.11124638e+03 5.04958605e+03 1.81460292e+01
v 6.11161156e+03 5.05021239e+03 1.70991467e+01
v 6.11106214e+03 5.04999282e+03 1.68794960e+01
v 6.11129583e+03 5.05036050e+03 1.67776496e+01
v 6.11665892e+03 5.05081236e+03 1.73679089e+01
v 6.11700440e+03 5.05071600e+03 1.76648225e+01
v 6.11562328e+03 5.05223191e+03 1.73344493e+01
v 6.11588652e+03 5.05198534e+03 1.79219880e+01
v 6.11353538e+03 5.05106317e+03 1.92975269e+01
v 6.11369301e+03 5.05140645e+03 1.99512266e+01
v 6.11727482e+03 5.04955541e+03 1.83128190e+01
v 6.11740987e+03 5.05010084e+03 1.82810490e+01
v 6.11739890e+03 5.05050987e+03 1.87786994e+01
v 6.11471752e+03 5.04896271e+03 2.03131891e+01
v 6.11446171e+03 5.04876736e+03 1.96748759e+01
v 6.11098288e+03 5.04969118e+03 1.77799609e+01
v 6.11168883e+03 5.05000977e+03 1.77896809e+01
v 6.11277171e+03 5.04810733e+03 1.99344691e+01
v 6.11289228e+03 5.04832182e+03 1.93663741e+01
v 6.11249539e+03 5.05019685e+03 1.96170710e+01
v 6.11282781e+03 5.04990229e+03 1.99835667e+01
v 6.11522055e+03 5.06140026e+03 1.31983551e+01
v 6.11540287e+03 5.06135262e+03 1.34262824e+01
v 6.11351265e+03 5.05099882e+03 2.01590058e+01
v 6.11296329e+03 5.05029041e+03 1.98197311e+01
v 6.11295444e+03 5.05045353e+03 1.91839496e+01
v 6.11745389e+03 5.04951426e+03 1.38238381e+01
v 6.11777556e+03 5.04926555e+03 1.48305789e+01
v 6.12129453e+03 5.06008270e+03 1.36246186e+01
v 6.12153984e+03 5.05939722e+03 1.35918875e+01
v 6.11735146e+03 5.04750199e+03 1.37636236e+01
v 6.11787108e+03 5.04816654e+03 1.35284409e+01
v 6.11592313e+03 5.05182783e+03 1.53853335e+01
v 6.11595724e+03 5.05268403e+03 1.50283685e+01
v 6.11392077e+03 5.05157778e+03 1.90603642e+01
v 6.11416390e+03 5.05196704e+03 1.97969208e+01
v 6.11594693e+03 5.05177186e+03 1.70530534e+01
v 6.11608741e+03 5.05160713e+03 1.74186415e+01
v 6.11588716e+03 5.05205489e+03 1.75286680e+01
v 6.11227087e+03 5.05061805e+03 1.80534162e+01
v 6.11245127e+03 5.05028368e+03 1.88074692e+01
v 6.10449128e+03 5.04618486e+03 1.02973430e+01
v 6.10465352e+03 5.04613319e+03 1.10505343e+01
v 6.10397656e+03 5.04567167e+03 1.12244473e+01
v 6.10300549e+03 5.04550692e+03 1.06856978e+01
v 6.10385235e+03 5.04599444e+03 9.89717415e+00
v 6.10282550e+03 5.03838627e+03 1.41674189e+01
v 6.10345529e+03 5.03872975e+03 1.41900222e+01
v 6.11227202e+03 5.06239115e+03 7.07634261e+00
v 6.11146934e+03 5.06234453e+03 7.12112832e+00
v 6.10471200e+03 5.05687569e+03 7.30646646e+00
v 6.10571048e+03 5.05717586e+03 7.36576084e+00
v 6.10392310e+03 5.04991287e+03 7.74036016e+00
v 6.10354114e+03 5.04980811e+03 7.54404957e+00
v 6.10402671e+03 5.05020511e+03 7.35746345e+00
v 6.10580021e+03 5.06040568e+03 1.34471843e+01
v 6.10520044e+03 5.06001565e+03 1.24677500e+01
v 6.10486529e+03 5.05986774e+03 1.33947786e+01
v 6.11318537e+03 5.03557095e+03 1.36960223e+01
v 6.11365324e+03 5.03535385e+03 1.37377699e+01
v 6.11232845e+03 5.03520340e+03 1.35611761e+01
v 6.10357971e+03 5.03808207e+03 1.38156875e+01
v 6.10321115e+03 5.03740166e+03 1.36481016e+01
v 6.11432345e+03 5.03526305e+03 1.34504395e+01
v 6.11315855e+03 5.03482028e+03 1.34317241e+01
v 6.11911821e+03 5.03446048e+03 1.35546295e+01
v 6.11864254e+03 5.03472302e+03 1.35535831e+01
v 6.12082769e+03 5.03149374e+03 1.42172745e+01
v 6.11281874e+03 5.03165806e+03 1.34143374e+01
v 6.10174848e+03 5.03261568e+03 1.38167188e+01
v 6.10251369e+03 5.03353868e+03 1.36734829e+01
v 6.12075133e+03 5.03118774e+03 1.44712391e+01
v 6.11824971e+03 5.03330760e+03 1.38840801e+01
v 6.11966890e+03 5.03251070e+03 1.38781150e+01
v 6.11805703e+03 5.03493817e+03 1.35638252e+01
v 6.12067174e+03 5.03200063e+03 1.78731721e+01
v 6.12094005e+03 5.03132117e+03 1.66719092e+01
v 6.11720576e+03 5.06249490e+03 7.93671368e+00
v 6.11744340e+03 5.06040827e+03 7.50819959e+00
v 6.11737891e+03 5.06115159e+03 7.76993012e+00
v 6.11725916e+03 5.06087744e+03 7.50297456e+00
v 6.11829190e+03 5.06023009e+03 7.88903616e+00
v 6.11795955e+03 5.06000162e+03 7.40046812e+00
v 6.11894773e+03 5.05992859e+03 7.24095175e+00
v 6.11752749e+03 5.06075663e+03 7.79285540e+00
v 6.11723057e+03 5.06137734e+03 7.37283429e+00
v 6.11682060e+03 5.06062373e+03 7.28736118e+00
v 6.11809640e+03 5.06011057e+03 8.83698907e+00
v 6.11570746e+03 5.06072264e+03 1.24325059e+01
v 6.11624533e+03 5.06013744e+03 1.25362018e+01
v 6.11420108e+03 5.05409984e+03 7.83294074e+00
v 6.11478551e+03 5.05479215e+03 7.45250209e+00
v 6.11483329e+03 5.05447604e+03 7.85051449e+00
v 6.11678370e+03 5.05462131e+03 9.41917238e+00
v 6.11635487e+03 5.05452533e+03 9.22290964e+00
v 6.11726423e+03 5.05465535e+03 8.28142919e+00
v 6.11609859e+03 5.05457470e+03 8.71112846e+00
v 6.11743795e+03 5.05464010e+03 8.74631344e+00
v 6.11719204e+03 5.05493366e+03 9.71914674e+00
v 6.11790908e+03 5.05486146e+03 8.76528433e+00
v 6.11848927e+03 5.05559835e+03 8.60159793e+00
v 6.11967838e+03 5.05687424e+03 8.07527025e+00
v 6.11837480e+03 5.05943080e+03 9.28285128e+00
v 6.11907214e+03 5.05836048e+03 8.93812818e+00
v 6.11807223e+03 5.05709260e+03 1.03789447e+01
v 6.11883594e+03 5.05685954e+03 9.10144977e+00
v 6.11892962e+03 5.05991335e+03 7.79864714e+00
v 6.11941753e+03 5.05988925e+03 7.32388245e+00
v 6.11962116e+03 5.05883374e+03 8.14719743e+00
v 6.12010587e+03 5.05924312e+03 7.50801579e+00
v 6.11512482e+03 5.05240905e+03 1.31912746e+01
v 6.11578525e+03 5.05254138e+03 1.36005346e+01
v 6.11811789e+03 5.05792516e+03 1.04127393e+01
v 6.11781702e+03 5.05728601e+03 1.12688933e+01
v 6.11762545e+03 5.05816056e+03 1.14170935e+01
v 6.11778022e+03 5.05899738e+03 1.05149056e+01
v 6.11689745e+03 5.05114154e+03 1.59727770e+01
v 6.11649814e+03 5.05121526e+03 1.61392537e+01
v 6.11554535e+03 5.05269105e+03 1.40788198e+01
v 6.11684664e+03 5.05907072e+03 1.17917572e+01
v 6.11597759e+03 5.05452321e+03 1.12665752e+01
v 6.11678470e+03 5.05541385e+03 1.16163600e+01
v 6.11914295e+03 5.05949229e+03 8.18050272e+00
v 6.11671361e+03 5.05552725e+03 1.25242199e+01
v 6.11748334e+03 5.05658517e+03 1.26023097e+01
v 6.11720854e+03 5.05612208e+03 1.31515501e+01
v 6.12029553e+03 5.05877447e+03 7.57135538e+00
v 6.11783167e+03 5.05610851e+03 1.01825442e+01
v 6.11745211e+03 5.05628053e+03 1.12746863e+01
v 6.11659593e+03 5.05200987e+03 1.35446950e+01
v 6.11658052e+03 5.05221135e+03 1.32900850e+01
v 6.11638749e+03 5.05242153e+03 1.44031360e+01
v 6.11621348e+03 5.04841232e+03 1.31505869e+01
v 6.11605158e+03 5.04815798e+03 1.33050314e+01
v 6.11661397e+03 5.04750744e+03 1.35193723e+01
v 6.12135724e+03 5.03969166e+03 1.35684891e+01
v 6.11791707e+03 5.05318146e+03 1.32342010e+01
v 6.11870185e+03 5.05304707e+03 1.27031862e+01
v 6.11368867e+03 5.05318652e+03 8.42980530e+00
v 6.11446988e+03 5.05371809e+03 9.22286968e+00
v 6.11464553e+03 5.05399746e+03 8.55199764e+00
v 6.10966565e+03 5.04911180e+03 1.09687939e+01
v 6.10907690e+03 5.04861401e+03 1.09094278e+01
v 6.11464049e+03 5.05235087e+03 1.26086942e+01
v 6.11505138e+03 5.05288609e+03 1.25176751e+01
v 6.11183170e+03 5.05238768e+03 9.27841615e+00
v 6.11327524e+03 5.05273124e+03 9.03688202e+00
v 6.11240192e+03 5.05243083e+03 8.56673775e+00
v 6.10846156e+03 5.05134855e+03 1.00467888e+01
v 6.10894007e+03 5.05132190e+03 9.41592907e+00
v 6.10820609e+03 5.05115460e+03 8.60766617e+00
v 6.10735061e+03 5.04964150e+03 9.82485154e+00
v 6.10775277e+03 5.04870853e+03 9.81828826e+00
v 6.10663277e+03 5.04879673e+03 9.38747057e+00
v 6.10701017e+03 5.06111001e+03 1.25177317e+01
v 6.11385525e+03 5.05229285e+03 1.30920084e+01
v 6.11339210e+03 5.05214099e+03 1.33102993e+01
v 6.10644227e+03 5.06086449e+03 1.36034386e+01
v 6.10699234e+03 5.06123763e+03 1.34780657e+01
v 6.11204893e+03 5.05126087e+03 1.42909296e+01
v 6.11202910e+03 5.05120792e+03 1.32845097e+01
v 6.10938801e+03 5.05187944e+03 1.04920663e+01
v 6.11652353e+03 5.05648541e+03 7.20233885e+00
v 6.11699536e+03 5.05714805e+03 7.04770598e+00
v 6.11376510e+03 5.05339667e+03 1.00763500e+01
v 6.11435408e+03 5.05386084e+03 1.16427527e+01
v 6.11364571e+03 5.05347835e+03 1.10260686e+01
v 6.11010837e+03 5.05151459e+03 9.30639378e+00
v 6.11091468e+03 5.05167085e+03 8.95380208e+00
v 6.11548520e+03 5.05447330e+03 8.53177605e+00
v 6.11531487e+03 5.05414107e+03 9.72919538e+00
v 6.11036218e+03 5.05254893e+03 1.08357470e+01
v 6.11371836e+03 5.05345673e+03 1.15013017e+01
v 6.11237474e+03 5.05104930e+03 1.25217203e+01
v 6.11168632e+03 5.05082097e+03 1.31062347e+01
v 6.11088763e+03 5.06206952e+03 8.64047709e+00
v 6.11106523e+03 5.06237429e+03 7.98179501e+00
v 6.11058775e+03 5.06196233e+03 9.12390145e+00
v 6.11031616e+03 5.06173161e+03 8.89113505e+00
v 6.10958202e+03 5.06115287e+03 8.33529607e+00
v 6.11027033e+03 5.06174204e+03 7.75204586e+00
v 6.11088404e+03 5.06234868e+03 9.15676815e+00
v 6.11151337e+03 5.05190169e+03 8.50037417e+00
v 6.11963067e+03 5.05968733e+03 7.55267450e+00
v 6.11061623e+03 5.05100690e+03 8.54587275e+00
v 6.11629210e+03 5.06238079e+03 7.16489783e+00
v 6.11548592e+03 5.06109884e+03 7.22387469e+00
v 6.11725631e+03 5.06246883e+03 7.63739965e+00
v 6.11103217e+03 5.06220499e+03 7.48306947e+00
v 6.11064647e+03 5.06184640e+03 7.38640124e+00
v 6.11237369e+03 5.05783708e+03 7.19712986e+00
v 6.11194149e+03 5.05969000e+03 7.25356456e+00
v 6.11373749e+03 5.05783804e+03 7.24370263e+00
v 6.11456951e+03 5.05914537e+03 7.15505290e+00
v 6.11094310e+03 5.05910516e+03 7.19256093e+00
v 6.11267848e+03 5.05338076e+03 7.36211887e+00
v 6.11247558e+03 5.05282068e+03 7.41300140e+00
v 6.10848772e+03 5.06014002e+03 7.21568973e+00
v 6.10800446e+03 5.05976146e+03 7.23798018e+00
v 6.10615884e+03 5.05052928e+03 9.10089288e+00
v 6.10626574e+03 5.05035047e+03 9.60852424e+00
v 6.10256511e+03 5.04969892e+03 7.55011837e+00
v 6.10611401e+03 5.04642444e+03 1.00063710e+01
v 6.10531681e+03 5.04681072e+03 9.74278969e+00
v 6.10624090e+03 5.04520839e+03 1.31174353e+01
v 6.10588670e+03 5.04532685e+03 1.22966215e+01
v 6.10350626e+03 5.04545794e+03 1.16413698e+01
v 6.10254974e+03 5.04520557e+03 1.21821487e+01
v 6.10586556e+03 5.05050504e+03 8.08154898e+00
v 6.10539609e+03 5.05055548e+03 7.80879174e+00
v 6.10588378e+03 5.05065568e+03 7.73267240e+00
v 6.10519309e+03 5.05073484e+03 7.42990715e+00
v 6.10378024e+03 5.05767280e+03 8.08590323e+00
v 6.10266573e+03 5.05681211e+03 7.41407974e+00
v 6.10250063e+03 5.05694088e+03 8.00059735e+00
v 6.11725922e+03 5.05278649e+03 1.28938313e+01
v 6.11760552e+03 5.05349441e+03 1.33265427e+01
v 6.11885958e+03 5.03158608e+03 1.38136295e+01
v 6.11782438e+03 5.03127507e+03 1.36244394e+01
v 6.11976846e+03 5.03144539e+03 1.40027823e+01
v 6.11462867e+03 5.06250400e+03 1.16991975e+01
v 6.11760390e+03 5.05674445e+03 7.07197648e+00
v 6.11071022e+03 5.06200735e+03 7.79377763e+00
v 6.11733484e+03 5.03538392e+03 1.80275336e+01
v 6.11726708e+03 5.03529412e+03 1.81288983e+01
v 6.11989565e+03 5.05805877e+03 7.92733854e+00
v 6.11516350e+03 5.05539607e+03 7.16212500e+00
v 6.11593739e+03 5.05508951e+03 7.60802306e+00
v 6.11494202e+03 5.05501472e+03 7.25942411e+00
v 6.11697173e+03 5.05992508e+03 7.32841662e+00
v 6.11761535e+03 5.05953021e+03 7.24697927e+00
v 6.11735638e+03 5.05845588e+03 7.20031195e+00
v 6.11805245e+03 5.06035190e+03 8.31950418e+00
v 6.11518376e+03 5.06159559e+03 1.18357942e+01
v 6.11546184e+03 5.06213133e+03 1.11416604e+01
v 6.11656048e+03 5.06133155e+03 7.13821295e+00
v 6.11603193e+03 5.04767721e+03 1.35749000e+01
v 6.10690331e+03 5.04720253e+03 1.00071457e+01
v 6.10822210e+03 5.04733765e+03 1.06092056e+01
v 6.11583122e+03 5.06040681e+03 1.32009797e+01
v 6.11777190e+03 5.05264159e+03 1.28263457e+01
v 6.12110758e+03 5.03685753e+03 1.34523998e+01
v 6.12064917e+03 5.03635634e+03 1.33544614e+01
v 6.11652280e+03 5.04865886e+03 1.29432361e+01
v 6.11311168e+03 5.05328348e+03 1.05104843e+01
v 6.10176325e+03 5.04780521e+03 9.10000294e+00
v 6.10383348e+03 5.04429012e+03 1.30940945e+01
v 6.10372978e+03 5.04411208e+03 1.34077985e+01
v 6.11234446e+03 5.05306803e+03 7.18598408e+00
v 6.10750510e+03 5.05111509e+03 7.59399663e+00
v 6.10688877e+03 5.05089933e+03 7.96306771e+00
v 6.11649426e+03 5.05978926e+03 1.16705342e+01
v 6.11143467e+03 5.06217748e+03 7.05623294e+00
v 6.11934319e+03 5.04949944e+03 1.33947164e+01
v 6.12019516e+03 5.04901508e+03 1.37212612e+01
v 6.11684632e+03 5.05104293e+03 1.67229447e+01
v 6.11644193e+03 5.05124687e+03 1.66866971e+01
v 6.11662755e+03 5.05137954e+03 1.49908343e+01
v 6.11731178e+03 5.05046649e+03 1.54254810e+01
v 6.11333771e+03 5.06142123e+03 7.01092428e+00
v 6.11444742e+03 5.06216923e+03 7.12602016e+00
v 6.11383217e+03 5.06073203e+03 7.13398239e+00
v 6.10391105e+03 5.04124799e+03 1.42385356e+01
v 6.10440804e+03 5.04118556e+03 1.41148414e+01
v 6.10397344e+03 5.04091236e+03 1.39547232e+01
v 6.10187254e+03 5.03979945e+03 1.61640716e+01
v 6.11580917e+03 5.06227872e+03 1.01766444e+01
v 6.11420039e+03 5.04891220e+03 2.02336518e+01
v 6.11521553e+03 5.05203626e+03 1.84349655e+01
v 6.11638134e+03 5.04792942e+03 1.58904385e+01
v 6.11548717e+03 5.04754952e+03 1.55808005e+01
v 6.11321859e+03 5.05180634e+03 1.66495546e+01
v 6.11384987e+03 5.05170387e+03 1.71476492e+01
v 6.11631440e+03 5.05120609e+03 1.77921074e+01
v 6.11742350e+03 5.05091085e+03 1.61028017e+01
v 6.11723957e+03 5.05045455e+03 1.79496777e+01
v 6.11720649e+03 5.05000629e+03 1.79237760e+01
v 6.11708254e+03 5.03585821e+03 1.83921387e+01
v 6.11726095e+03 5.03578468e+03 1.86013630e+01
v 6.11759208e+03 5.03508501e+03 1.77964646e+01
v 6.11913941e+03 5.04794740e+03 1.37788460e+01
v 6.11802870e+03 5.04727948e+03 1.36645653e+01
v 6.11819662e+03 5.04701136e+03 1.35006753e+01
v 6.11761430e+03 5.04698643e+03 1.37385296e+01
v 6.11781776e+03 5.04656876e+03 1.33709897e+01
v 6.11802578e+03 5.04933488e+03 1.32909937e+01
v 6.11837173e+03 5.04900357e+03 1.34630890e+01
v 6.11784977e+03 5.04879436e+03 1.33894038e+01
v 6.11814967e+03 5.05058857e+03 1.36336193e+01
v 6.11724781e+03 5.05117687e+03 1.32502849e+01
v 6.11827942e+03 5.05135049e+03 1.31649128e+01
v 6.11704600e+03 5.04966538e+03 1.36649666e+01
v 6.11650781e+03 5.04889433e+03 1.38292733e+01
v 6.11718765e+03 5.05018026e+03 1.39355871e+01
v 6.11699271e+03 5.04975323e+03 1.36251965e+01
v 6.11852484e+03 5.04781841e+03 1.39469851e+01
v 6.11702777e+03 5.04980785e+03 1.35161359e+01
v 6.11727547e+03 5.04995556e+03 1.37569876e+01
v 6.11738776e+03 5.05035602e+03 1.45161067e+01
v 6.11797548e+03 5.05012401e+03 1.48312127e+01
v 6.11776756e+03 5.04921990e+03 1.51893742e+01
v 6.11821358e+03 5.04977172e+03 1.50709442e+01
v 6.11759522e+03 5.04959851e+03 1.41389923e+01
v 6.11786663e+03 5.05012102e+03 1.54953435e+01
v 6.11764077e+03 5.05022181e+03 1.51829774e+01
v 6.11839648e+03 5.04978766e+03 1.54373232e+01
v 6.11818596e+03 5.04998876e+03 1.54363013e+01
v 6.11904972e+03 5.04809745e+03 1.40404326e+01
v 6.11904370e+03 5.04893305e+03 1.35552277e+01
v 6.11910013e+03 5.04673684e+03 1.36301493e+01
v 6.11714971e+03 5.04888052e+03 1.54435648e+01
v 6.11676267e+03 5.04845757e+03 1.54759906e+01
v 6.11691041e+03 5.04875238e+03 1.59463229e+01
v 6.11701853e+03 5.04910725e+03 1.57444609e+01
v 6.12104944e+03 5.04926378e+03 1.35588122e+01
v 6.11756986e+03 5.04706889e+03 1.43692624e+01
v 6.11733975e+03 5.04935712e+03 1.32947879e+01
v 6.11715028e+03 5.04962079e+03 1.33846638e+01
v 6.11727959e+03 5.04943607e+03 1.38153609e+01
v 6.11685865e+03 5.04952876e+03 1.31793711e+01
v 6.11760592e+03 5.05001803e+03 1.42622156e+01
v 6.11956014e+03 5.04815888e+03 1.36632891e+01
v 6.11650196e+03 5.04153316e+03 1.33066925e+01
v 6.11801647e+03 5.04358446e+03 1.33553193e+01
v 6.11878017e+03 5.04185665e+03 1.33129207e+01
v 6.11867107e+03 5.04827051e+03 1.38056909e+01
v 6.12086020e+03 5.04028306e+03 1.32297318e+01
v 6.12125092e+03 5.04020366e+03 1.33197436e+01
v 6.11949567e+03 5.04845726e+03 1.37579184e+01
v 6.11763629e+03 5.04725844e+03 1.44837409e+01
v 6.11918249e+03 5.03733676e+03 1.32811770e+01
v 6.11958266e+03 5.03689902e+03 1.34409622e+01
v 6.11822221e+03 5.03828809e+03 1.32627888e+01
v 6.11615245e+03 5.03997014e+03 1.34093305e+01
v 6.11823917e+03 5.04021681e+03 1.32727131e+01
v 6.11981916e+03 5.04477095e+03 1.31780580e+01
v 6.12031472e+03 5.04414584e+03 1.34927898e+01
v 6.11949941e+03 5.04362405e+03 1.34220160e+01
v 6.11125209e+03 5.04316238e+03 1.41082461e+01
v 6.11053630e+03 5.04247105e+03 1.38546610e+01
v 6.11017746e+03 5.04033849e+03 1.36575031e+01
v 6.11198350e+03 5.03997071e+03 1.33761138e+01
v 6.11161226e+03 5.04359263e+03 1.40526817e+01
v 6.11172941e+03 5.04329128e+03 1.38831146e+01
v 6.11194303e+03 5.04454930e+03 1.40893033e+01
v 6.11244459e+03 5.04430778e+03 1.41130327e+01
v 6.11203120e+03 5.04372855e+03 1.41082050e+01
v 6.11254853e+03 5.04401562e+03 1.45274845e+01
v 6.11023262e+03 5.04266781e+03 1.39739775e+01
v 6.11112522e+03 5.04325032e+03 1.42384083e+01
v 6.11238417e+03 5.04379455e+03 1.40643575e+01
v 6.11290586e+03 5.04422372e+03 1.44920064e+01
v 6.11196332e+03 5.04409678e+03 1.42433609e+01
v 6.11140051e+03 5.04483035e+03 1.47582372e+01
v 6.11121158e+03 5.04474582e+03 1.47678842e+01
v 6.11107614e+03 5.04496540e+03 1.46195523e+01
v 6.11179390e+03 5.04501502e+03 1.40193765e+01
v 6.11221414e+03 5.04484699e+03 1.37314727e+01
v 6.11157411e+03 5.04473985e+03 1.44349219e+01
v 6.11213783e+03 5.04510034e+03 1.36707413e+01
v 6.11210171e+03 5.04534747e+03 1.37778723e+01
v 6.11275378e+03 5.04578599e+03 1.42379106e+01
v 6.11230719e+03 5.04584908e+03 1.38846249e+01
v 6.11252845e+03 5.04590140e+03 1.45997459e+01
v 6.11203963e+03 5.04566437e+03 1.38210666e+01
v 6.11329545e+03 5.04417209e+03 1.37860829e+01
v 6.11290647e+03 5.04418335e+03 1.40137339e+01
v 6.11289795e+03 5.04403664e+03 1.36849706e+01
v 6.11385717e+03 5.04489189e+03 1.43347093e+01
v 6.11335144e+03 5.04445812e+03 1.43171716e+01
v 6.11441734e+03 5.04506415e+03 1.39318242e+01
v 6.11482239e+03 5.04512319e+03 1.36772886e+01
v 6.11378115e+03 5.04526912e+03 1.40688334e+01
v 6.11448176e+03 5.04526043e+03 1.45867584e+01
v 6.11469020e+03 5.04470469e+03 1.36790663e+01
v 6.11124247e+03 5.04394012e+03 1.39861518e+01
v 6.11070425e+03 5.04431151e+03 1.39662941e+01
v 6.11120884e+03 5.04373991e+03 1.39864993e+01
v 6.11138372e+03 5.04297908e+03 1.37687012e+01
v 6.11304845e+03 5.04473961e+03 1.41106203e+01
v 6.11212134e+03 5.04336697e+03 1.37101927e+01
v 6.11270131e+03 5.04325766e+03 1.35332822e+01
v 6.11204519e+03 5.04301140e+03 1.35915526e+01
v 6.11239219e+03 5.04352078e+03 1.35899417e+01
v 6.11136426e+03 5.04448347e+03 1.44784542e+01
v 6.11090649e+03 5.04462858e+03 1.48318079e+01
v 6.11145580e+03 5.04500539e+03 1.43660449e+01
v 6.11162592e+03 5.04520397e+03 1.40746739e+01
v 6.11102879e+03 5.04516279e+03 1.41120643e+01
v 6.10953235e+03 5.04473554e+03 1.41061551e+01
v 6.10980626e+03 5.04499204e+03 1.41948484e+01
v 6.10978394e+03 5.04461119e+03 1.42127454e+01
v 6.10981035e+03 5.04483102e+03 1.43533237e+01
v 6.11028808e+03 5.04424628e+03 1.37467901e+01
v 6.10934487e+03 5.04489820e+03 1.35840568e+01
v 6.12056260e+03 5.04109206e+03 1.32608690e+01
v 6.12030522e+03 5.04293284e+03 1.33254323e+01
v 6.11986134e+03 5.04283889e+03 1.32495410e+01
v 6.11919719e+03 5.04445336e+03 1.31749312e+01
v 6.11843733e+03 5.04528285e+03 1.33878306e+01
v 6.11709236e+03 5.04452802e+03 1.33861711e+01
v 6.11657400e+03 5.04241555e+03 1.33768374e+01
v 6.11966672e+03 5.03925536e+03 1.32696698e+01
v 6.11918315e+03 5.04008438e+03 1.33869028e+01
v 6.12007628e+03 5.03975798e+03 1.33427136e+01
v 6.12008347e+03 5.04186545e+03 1.34135955e+01
v 6.11870390e+03 5.04373847e+03 1.33333300e+01
v 6.11993445e+03 5.04055532e+03 1.33750467e+01
v 6.12081498e+03 5.03726027e+03 1.34662995e+01
v 6.12146994e+03 5.03987526e+03 1.35261827e+01
v 6.12003709e+03 5.04865323e+03 1.37394370e+01
v 6.12034577e+03 5.04884340e+03 1.39281342e+01
v 6.11705390e+03 5.04678417e+03 1.38348406e+01
v 6.10833453e+03 5.03785109e+03 1.36680002e+01
v 6.10863780e+03 5.03727196e+03 1.34859990e+01
v 6.10853474e+03 5.04047702e+03 1.35259059e+01
v 6.10771506e+03 5.04016624e+03 1.35776411e+01
v 6.11103115e+03 5.04436311e+03 1.42890559e+01
v 6.10717289e+03 5.04265446e+03 1.37461984e+01
v 6.10768472e+03 5.04226741e+03 1.37327810e+01
v 6.10695615e+03 5.04146948e+03 1.39525002e+01
v 6.10940332e+03 5.04446578e+03 1.38312546e+01
v 6.10913857e+03 5.04427220e+03 1.36338694e+01
v 6.10900535e+03 5.04487011e+03 1.33625513e+01
v 6.10863064e+03 5.04428853e+03 1.34879640e+01
v 6.10588908e+03 5.04422426e+03 1.36232652e+01
v 6.10690509e+03 5.04425967e+03 1.35105267e+01
v 6.10640676e+03 5.04366088e+03 1.35154521e+01
v 6.10641498e+03 5.04504895e+03 1.33654954e+01
v 6.10632473e+03 5.04435246e+03 1.38082535e+01
v 6.11167227e+03 5.04431253e+03 1.42802741e+01
v 6.10531319e+03 5.04442170e+03 1.34395345e+01
v 6.10964411e+03 5.04554447e+03 1.31328659e+01
v 6.10994325e+03 5.04533335e+03 1.34354952e+01
v 6.11144440e+03 5.04187442e+03 1.34903629e+01
v 6.11276444e+03 5.04116048e+03 1.34730448e+01
v 6.11828520e+03 5.04453766e+03 1.33535521e+01
v 6.11315360e+03 5.04551888e+03 1.40258538e+01
v 6.11356785e+03 5.04510842e+03 1.40958941e+01
v 6.11477739e+03 5.04178661e+03 1.34524805e+01
v 6.11481101e+03 5.03897852e+03 1.34462786e+01
v 6.11425718e+03 5.03928398e+03 1.34184391e+01
v 6.11503994e+03 5.03972092e+03 1.36494775e+01
v 6.11412625e+03 5.04120781e+03 1.34876099e+01
v 6.11427043e+03 5.04422603e+03 1.36642467e+01
v 6.11671497e+03 5.03667828e+03 1.33188852e+01
v 6.11591357e+03 5.03857986e+03 1.33164924e+01
v 6.11312261e+03 5.04364113e+03 1.35803252e+01
v 6.11438076e+03 5.04506802e+03 1.46015027e+01
v 6.11256848e+03 5.04377533e+03 1.37230016e+01
v 6.11532980e+03 5.04283660e+03 1.34758189e+01
v 6.11323542e+03 5.04443823e+03 1.45535070e+01
v 6.11114783e+03 5.04245293e+03 1.34918119e+01
v 6.11051591e+03 5.04339677e+03 1.37713788e+01
v 6.11023492e+03 5.04393471e+03 1.36983816e+01
v 6.11065002e+03 5.04460299e+03 1.46643314e+01
v 6.11168950e+03 5.04567205e+03 1.37860332e+01
v 6.11112857e+03 5.04595726e+03 1.34199988e+01
v 6.11056718e+03 5.04511021e+03 1.38532681e+01
v 6.10971556e+03 5.04341989e+03 1.36954742e+01
v 6.11413099e+03 5.04300122e+03 1.34320381e+01
v 6.10957578e+03 5.04509897e+03 1.36036844e+01
v 6.10839268e+03 5.04149145e+03 1.39791974e+01
v 6.10832660e+03 5.04083631e+03 1.35061172e+01
v 6.11057039e+03 5.04194008e+03 1.35302321e+01
v 6.10929064e+03 5.04053152e+03 1.36085628e+01
v 6.10999236e+03 5.03936052e+03 1.38200219e+01
v 6.10758714e+03 5.04083681e+03 1.38568678e+01
v 6.10807281e+03 5.04079090e+03 1.36263841e+01
v 6.10643345e+03 5.04296029e+03 1.36340975e+01
v 6.10609928e+03 5.04283981e+03 1.39694446e+01
v 6.10905316e+03 5.04118479e+03 1.36488125e+01
v 6.10886863e+03 5.04148172e+03 1.38203644e+01
v 6.10931132e+03 5.04174057e+03 1.37032173e+01
v 6.10939387e+03 5.04194185e+03 1.38163780e+01
v 6.10606018e+03 5.04329307e+03 1.34873176e+01
v 6.10624732e+03 5.04174973e+03 1.42523126e+01
v 6.10665263e+03 5.04135525e+03 1.41421361e+01
v 6.10647575e+03 5.04124367e+03 1.45547112e+01
v 6.11009669e+03 5.04837104e+03 1.42121520e+01
v 6.11034413e+03 5.04905144e+03 1.37273983e+01
v 6.11098170e+03 5.04718328e+03 1.34284191e+01
v 6.11128170e+03 5.04710785e+03 1.36510098e+01
v 6.11140379e+03 5.04671668e+03 1.35137742e+01
v 6.11378828e+03 5.05234447e+03 1.36295431e+01
v 6.11278418e+03 5.04241254e+03 1.36292964e+01
v 6.11455724e+03 5.05236950e+03 1.41578922e+01
v 6.11345984e+03 5.05276888e+03 1.46290010e+01
v 6.11360869e+03 5.04549462e+03 1.40293571e+01
v 6.11437249e+03 5.04553943e+03 1.42132040e+01
v 6.11386053e+03 5.04585604e+03 1.40437425e+01
v 6.11418254e+03 5.04468805e+03 1.38530249e+01
v 6.10976928e+03 5.04155557e+03 1.35714168e+01
v 6.11005485e+03 5.04201911e+03 1.36645161e+01
v 6.10972319e+03 5.04413332e+03 1.37633591e+01
v 6.10905801e+03 5.04194767e+03 1.39137548e+01
v 6.10956601e+03 5.04257421e+03 1.37973790e+01
v 6.10799619e+03 5.04162513e+03 1.40216277e+01
v 6.10734490e+03 5.04125966e+03 1.39722001e+01
v 6.10653154e+03 5.04234042e+03 1.39372917e+01
v 6.10896338e+03 5.04174747e+03 1.39562194e+01
v 6.10798289e+03 5.04247005e+03 1.36027719e+01
v 6.10909893e+03 5.04302511e+03 1.36167398e+01
v 6.10989864e+03 5.04502340e+03 1.43171848e+01
v 6.11039439e+03 5.04493285e+03 1.44710558e+01
v 6.10819696e+03 5.04318442e+03 1.35318148e+01
v 6.10594965e+03 5.04288921e+03 1.55555753e+01
v 6.10589290e+03 5.04302542e+03 1.48622681e+01
v 6.10585783e+03 5.04265038e+03 1.48210297e+01
v 6.10619795e+03 5.04204211e+03 1.55355642e+01
v 6.10638546e+03 5.04224579e+03 1.62445734e+01
v 6.10630319e+03 5.04281456e+03 1.61793963e+01
v 6.10601059e+03 5.04300972e+03 1.61052814e+01
v 6.10996473e+03 5.04491808e+03 1.44928942e+01
v 6.10596303e+03 5.04282308e+03 1.45472815e+01
v 6.10613238e+03 5.04231511e+03 1.42396054e+01
v 6.10594428e+03 5.04186848e+03 1.45375982e+01
v 6.10588501e+03 5.04071166e+03 1.44429594e+01
v 6.10560778e+03 5.04083768e+03 1.46276380e+01
v 6.10582290e+03 5.04103238e+03 1.50598148e+01
v 6.10645547e+03 5.04107145e+03 1.47678891e+01
v 6.10792943e+03 5.04126527e+03 1.40439043e+01
v 6.10999122e+03 5.04394973e+03 1.36453690e+01
v 6.10637677e+03 5.04116750e+03 1.53125198e+01
v 6.10597815e+03 5.03980801e+03 1.39147183e+01
v 6.10656931e+03 5.04017976e+03 1.38837257e+01
v 6.10675775e+03 5.03960443e+03 1.36050609e+01
v 6.10721189e+03 5.03826433e+03 1.37198547e+01
v 6.10798495e+03 5.03918493e+03 1.36261994e+01
v 6.10770915e+03 5.03756770e+03 1.36873888e+01
v 6.10719560e+03 5.04038593e+03 1.37543652e+01
v 6.10639868e+03 5.03722642e+03 1.36355113e+01
v 6.10879769e+03 5.03855827e+03 1.36745798e+01
v 6.10543622e+03 5.03867866e+03 1.35329063e+01
v 6.10563290e+03 5.03933752e+03 1.36816457e+01
v 6.11230337e+03 5.03891630e+03 1.36194869e+01
v 6.11159009e+03 5.03817718e+03 1.34343008e+01
v 6.11010857e+03 5.03604164e+03 1.36998023e+01
v 6.10993976e+03 5.03680760e+03 1.35614185e+01
v 6.11058738e+03 5.03642845e+03 1.36091754e+01
v 6.10946238e+03 5.03755834e+03 1.34525764e+01
v 6.10914418e+03 5.03928548e+03 1.37367633e+01
v 6.10908318e+03 5.03687166e+03 1.34093162e+01
v 6.11096647e+03 5.03859987e+03 1.35008901e+01
v 6.11361489e+03 5.03995956e+03 1.34279952e+01
v 6.11289198e+03 5.03937098e+03 1.34798969e+01
v 6.11349562e+03 5.03861523e+03 1.33411809e+01
v 6.11466953e+03 5.03824985e+03 1.32944007e+01
v 6.11535300e+03 5.03752705e+03 1.34627357e+01
v 6.11516021e+03 5.03935380e+03 1.36937704e+01
v 6.11242091e+03 5.03763260e+03 1.35448414e+01
v 6.11074963e+03 5.03726339e+03 1.35189636e+01
v 6.11009613e+03 5.03810260e+03 1.36220832e+01
v 6.10940658e+03 5.03655200e+03 1.34817312e+01
v 6.11114347e+03 5.03942074e+03 1.35229114e+01
v 6.10815867e+03 5.03668407e+03 1.37040909e+01
v 6.11549803e+03 5.06151378e+03 1.34173843e+01
v 6.11630814e+03 5.06115120e+03 1.33440386e+01
v 6.11609639e+03 5.06069802e+03 1.33661944e+01
v 6.11519891e+03 5.06222213e+03 1.33463372e+01
v 6.10753102e+03 5.06255034e+03 1.35385813e+01
v 6.10802865e+03 5.06179302e+03 1.33170374e+01
v 6.10831199e+03 5.06217127e+03 1.36420130e+01
v 6.10753918e+03 5.06164657e+03 1.35973891e+01
v 6.11476650e+03 5.06232863e+03 1.36422302e+01
v 6.10672302e+03 5.06195869e+03 1.34233696e+01
v 6.10700305e+03 5.06150867e+03 1.35495537e+01
v 6.11164422e+03 5.04679460e+03 1.37969107e+01
v 6.11102891e+03 5.04740534e+03 1.39444418e+01
v 6.11058509e+03 5.05035001e+03 1.39519503e+01
v 6.11020535e+03 5.05007216e+03 1.33990064e+01
v 6.10566415e+03 5.04466689e+03 1.33913567e+01
v 6.10694287e+03 5.04486554e+03 1.33725753e+01
v 6.11192440e+03 5.04639410e+03 1.35116516e+01
v 6.11211166e+03 5.04613698e+03 1.37237978e+01
v 6.11215716e+03 5.04608085e+03 1.44321025e+01
v 6.11512513e+03 5.04596679e+03 1.40347608e+01
v 6.11475912e+03 5.04619597e+03 1.37615619e+01
v 6.11482926e+03 5.04663786e+03 1.37180176e+01
v 6.11046151e+03 5.04898956e+03 1.45620311e+01
v 6.11358431e+03 5.04608795e+03 1.55453059e+01
v 6.11287368e+03 5.04593078e+03 1.52580293e+01
v 6.11182262e+03 5.04647288e+03 1.45040033e+01
v 6.11135781e+03 5.04706276e+03 1.47801324e+01
v 6.11320964e+03 5.05263816e+03 1.49399681e+01
v 6.11683763e+03 5.05065106e+03 1.42344762e+01
v 6.11664250e+03 5.05089835e+03 1.39381164e+01
v 6.11687930e+03 5.05055799e+03 1.37889547e+01
v 6.11474846e+03 5.04705273e+03 1.42174813e+01
v 6.11446086e+03 5.04640645e+03 1.39425787e+01
v 6.11523197e+03 5.04768695e+03 1.46191102e+01
v 6.11559104e+03 5.04805849e+03 1.43886005e+01
v 6.11534491e+03 5.04777558e+03 1.42218802e+01
v 6.11080500e+03 5.04739922e+03 1.29757808e+01
v 6.11078424e+03 5.04770663e+03 1.33955240e+01
v 6.11472083e+03 5.04589485e+03 1.39904956e+01
v 6.11511620e+03 5.04567356e+03 1.43540445e+01
v 6.11523906e+03 5.04570860e+03 1.41288169e+01
v 6.11192789e+03 5.04614702e+03 1.34976756e+01
v 6.11166417e+03 5.04623091e+03 1.34796907e+01
v 6.11580478e+03 5.04631132e+03 1.41290281e+01
v 6.11631773e+03 5.04669468e+03 1.39868745e+01
v 6.11714990e+03 5.04655448e+03 1.35033034e+01
v 6.11667347e+03 5.04617640e+03 1.35056490e+01
v 6.11606058e+03 5.04609003e+03 1.45748884e+01
v 6.11331412e+03 5.04211834e+03 1.37131915e+01
v 6.11662737e+03 5.04648526e+03 1.46119991e+01
v 6.11651955e+03 5.04704612e+03 1.37225519e+01
v 6.11490929e+03 5.04717755e+03 1.38872250e+01
v 6.11500583e+03 5.04696890e+03 1.36190557e+01
v 6.11433740e+03 5.05281470e+03 1.48110305e+01
v 6.11360378e+03 5.05273312e+03 1.51032435e+01
v 6.11561643e+03 5.04799542e+03 1.49675594e+01
v 6.11666422e+03 5.04915889e+03 1.29201562e+01
v 6.11724156e+03 5.04883768e+03 1.48785087e+01
v 6.11690386e+03 5.04711758e+03 1.37903523e+01
v 6.11733367e+03 5.04729366e+03 1.40202571e+01
v 6.11546206e+03 5.04669228e+03 1.37351412e+01
v 6.11523196e+03 5.04757173e+03 1.39393639e+01
v 6.11651437e+03 5.05142221e+03 1.39068257e+01
v 6.11618181e+03 5.05244048e+03 1.36561957e+01
v 6.11647313e+03 5.05209553e+03 1.39001213e+01
v 6.11646732e+03 5.05978362e+03 1.34048927e+01
v 6.11598676e+03 5.06050966e+03 1.35867698e+01
v 6.11599507e+03 5.04718558e+03 1.36889436e+01
v 6.11531783e+03 5.04720930e+03 1.37111934e+01
v 6.11557853e+03 5.04756784e+03 1.37998808e+01
v 6.11713767e+03 5.05020208e+03 1.37280082e+01
v 6.11811958e+03 5.04996342e+03 1.48418164e+01
v 6.11621863e+03 5.04861238e+03 1.29495186e+01
v 6.11610528e+03 5.04590920e+03 1.36100282e+01
v 6.11537056e+03 5.04562287e+03 1.36714839e+01
v 6.11600049e+03 5.04604462e+03 1.39075387e+01
v 6.11423931e+03 5.04602211e+03 1.39558809e+01
v 6.11421210e+03 5.04496473e+03 1.42970240e+01
v 6.11587326e+03 5.05254743e+03 1.31268988e+01
v 6.11671291e+03 5.05262715e+03 1.29293674e+01
v 6.11632603e+03 5.05244952e+03 1.32592361e+01
v 6.11638374e+03 5.04901251e+03 1.32092152e+01
v 6.11761454e+03 5.06061507e+03 1.34401347e+01
v 6.11258971e+03 5.05210880e+03 1.37308378e+01
v 6.11470786e+03 5.04536657e+03 1.40506871e+01
v 6.11650503e+03 5.05966902e+03 1.28867058e+01
v 6.11580603e+03 5.04537141e+03 1.34784549e+01
v 6.11032409e+03 5.04853028e+03 1.34975049e+01
v 6.11051273e+03 5.04773040e+03 1.39926485e+01
v 6.11080986e+03 5.04779872e+03 1.31056314e+01
v 6.11056755e+03 5.04824795e+03 1.25246504e+01
v 6.11182913e+03 5.05097788e+03 1.46955092e+01
v 6.11104480e+03 5.04636237e+03 1.32377753e+01
v 6.10629220e+03 5.06072021e+03 1.33266385e+01
v 6.10618303e+03 5.06083660e+03 1.36408764e+01
v 6.10576645e+03 5.06090477e+03 1.35725457e+01
v 6.10511477e+03 5.06130186e+03 1.33362645e+01
v 6.11687673e+03 5.05902105e+03 1.33850907e+01
v 6.11683492e+03 5.05929275e+03 1.37202369e+01
v 6.11658211e+03 5.05984328e+03 1.34802010e+01
v 6.11266383e+03 5.05169731e+03 1.52856512e+01
v 6.11515637e+03 5.05207989e+03 1.58968661e+01
v 6.11450205e+03 5.05257887e+03 1.54492750e+01
v 6.11503239e+03 5.05256494e+03 1.55376918e+01
v 6.10671860e+03 5.06116395e+03 1.36852340e+01
v 6.10239109e+03 5.06192548e+03 1.47346360e+01
v 6.10266901e+03 5.06254216e+03 1.38742579e+01
v 6.10252841e+03 5.06032307e+03 1.48447354e+01
v 6.10231131e+03 5.05982748e+03 1.42622536e+01
v 6.10197724e+03 5.06015740e+03 1.49026005e+01
v 6.10213779e+03 5.06000449e+03 1.47195305e+01
v 6.10286339e+03 5.06003076e+03 1.35225507e+01
v 6.10223694e+03 5.06065513e+03 1.50231510e+01
v 6.10307974e+03 5.06035712e+03 1.37080260e+01
v 6.10299308e+03 5.06070647e+03 1.47818345e+01
v 6.10205628e+03 5.05944923e+03 1.39212083e+01
v 6.10380652e+03 5.06064090e+03 1.34878765e+01
v 6.10341846e+03 5.06015100e+03 1.34453834e+01
v 6.10347908e+03 5.06066441e+03 1.37480480e+01
v 6.10307613e+03 5.06024706e+03 1.34250627e+01
v 6.10324421e+03 5.06213641e+03 1.43292962e+01
v 6.10353603e+03 5.06240603e+03 1.36144387e+01
v 6.10356069e+03 5.06182692e+03 1.42999126e+01
v 6.10403485e+03 5.06112434e+03 1.34537044e+01
v 6.10380466e+03 5.06103074e+03 1.37650310e+01
v 6.10376961e+03 5.06146307e+03 1.40727046e+01
v 6.10340532e+03 5.06080837e+03 1.43756171e+01
v 6.10378177e+03 5.06196665e+03 1.36010788e+01
v 6.10412017e+03 5.06019816e+03 1.35238254e+01
v 6.10330235e+03 5.06125579e+03 1.46366307e+01
v 6.11312032e+03 5.05170351e+03 1.27611383e+01
v 6.11239426e+03 5.05174279e+03 1.34065746e+01
v 6.10550508e+03 5.06215400e+03 1.32882487e+01
v 6.10452992e+03 5.06245009e+03 1.33204782e+01
v 6.10387857e+03 5.06241815e+03 1.33276022e+01
v 6.10269194e+03 5.06084226e+03 1.49957877e+01
v 6.10253318e+03 5.05925681e+03 1.36492626e+01
v 6.10243698e+03 5.05973445e+03 1.38400230e+01
v 6.10428614e+03 5.06142025e+03 1.33513935e+01
v 6.10527059e+03 5.06022542e+03 1.35821265e+01
v 6.10502525e+03 5.06058316e+03 1.34416562e+01
v 6.10430593e+03 5.06069910e+03 1.33868809e+01
v 6.11707736e+03 5.05067548e+03 1.48302200e+01
v 6.11454567e+03 5.05229844e+03 1.30872658e+01
v 6.11451532e+03 5.06250372e+03 1.34587304e+01
v 6.11669294e+03 5.05108416e+03 1.35889026e+01
v 6.11676847e+03 5.06176275e+03 1.34481427e+01
v 6.11580752e+03 5.04810809e+03 1.40015021e+01
v 6.11648472e+03 5.05221160e+03 1.43990815e+01
v 6.11649151e+03 5.05155159e+03 1.53042637e+01
v 6.11568386e+03 5.06077120e+03 1.34718639e+01
v 6.11527959e+03 5.05296668e+03 1.52538789e+01
v 6.11503132e+03 5.05298447e+03 1.49734963e+01
v 6.11633030e+03 5.05224557e+03 1.48704702e+01
v 6.11627491e+03 5.05196885e+03 1.50991555e+01
v 6.11562435e+03 5.05292732e+03 1.46567935e+01
v 6.11715591e+03 5.05925011e+03 1.33362954e+01
v 6.11696987e+03 5.05952062e+03 1.34316746e+01
v 6.11493840e+03 5.06176661e+03 1.28383363e+01
v 6.11588367e+03 5.05284979e+03 1.46898969e+01
v 6.11481863e+03 5.05292841e+03 1.52027249e+01
v 6.11546164e+03 5.05240346e+03 1.55350759e+01
v 6.11619883e+03 5.05145748e+03 1.56264107e+01
v 6.12010189e+03 5.04987960e+03 1.34423730e+01
v 6.11702462e+03 5.04926717e+03 1.60988631e+01
v 6.11765701e+03 5.04953662e+03 1.56868048e+01
v 6.11609145e+03 5.04836433e+03 1.44180007e+01
v 6.11039188e+03 5.04999353e+03 1.39889806e+01
v 6.11232084e+03 5.05178504e+03 1.38145832e+01
v 6.11146777e+03 5.04659980e+03 1.53282061e+01
v 6.11072046e+03 5.04740719e+03 1.53472382e+01
v 6.11046820e+03 5.04797676e+03 1.58062657e+01
v 6.11049081e+03 5.04784802e+03 1.53333599e+01
v 6.11045353e+03 5.04830941e+03 1.53093620e+01
v 6.11066883e+03 5.04704482e+03 1.59865818e+01
v 6.11053606e+03 5.04876130e+03 1.48912570e+01
v 6.11055341e+03 5.04907998e+03 1.53490492e+01
v 6.11101484e+03 5.04682890e+03 1.56698776e+01
v 6.11062240e+03 5.04760168e+03 1.49194363e+01
v 6.11071268e+03 5.04752798e+03 1.42186053e+01
v 6.11043783e+03 5.04766615e+03 1.43311395e+01
v 6.11049833e+03 5.05019132e+03 1.46933278e+01
v 6.11126710e+03 5.05075148e+03 1.51884072e+01
v 6.11083478e+03 5.05051197e+03 1.36210069e+01
v 6.11062965e+03 5.05043304e+03 1.53708137e+01
v 6.11426454e+03 5.05191082e+03 1.61448447e+01
v 6.11430762e+03 5.05226705e+03 1.58169652e+01
v 6.11318514e+03 5.05234545e+03 1.53310614e+01
v 6.11355542e+03 5.05231733e+03 1.61477791e+01
v 6.11314219e+03 5.05221938e+03 1.59181065e+01
v 6.11323085e+03 5.05228266e+03 1.62921096e+01
v 6.11211798e+03 5.05163215e+03 1.59300351e+01
v 6.11196479e+03 5.05123470e+03 1.53170653e+01
v 6.10420741e+03 5.04128951e+03 1.48345782e+01
v 6.10420220e+03 5.04138153e+03 1.44544037e+01
v 6.10485775e+03 5.04435670e+03 1.35679824e+01
v 6.10439140e+03 5.04439802e+03 1.35262588e+01
v 6.10450614e+03 5.04459935e+03 1.29914071e+01
v 6.10576936e+03 5.04010263e+03 1.42817003e+01
v 6.10547167e+03 5.03976029e+03 1.43387865e+01
v 6.10520419e+03 5.04040018e+03 1.41149674e+01
v 6.10243982e+03 5.03812391e+03 1.41276955e+01
v 6.10258659e+03 5.03788782e+03 1.43958005e+01
v 6.10300141e+03 5.03817398e+03 1.42463044e+01
v 6.10296857e+03 5.03793404e+03 1.39848328e+01
v 6.10674697e+03 5.04060852e+03 1.45820154e+01
v 6.10627361e+03 5.04032001e+03 1.41924033e+01
v 6.10358341e+03 5.04144812e+03 1.43082544e+01
v 6.10344705e+03 5.04146695e+03 1.47682038e+01
v 6.10376177e+03 5.04138627e+03 1.44524505e+01
v 6.10200279e+03 5.03937502e+03 1.52335351e+01
v 6.10198826e+03 5.03947915e+03 1.54237102e+01
v 6.10246421e+03 5.03776241e+03 1.45687120e+01
v 6.10216145e+03 5.03747949e+03 1.44182408e+01
v 6.10502139e+03 5.04083312e+03 1.46728954e+01
v 6.10387356e+03 5.04139306e+03 1.50385498e+01
v 6.10468100e+03 5.04084327e+03 1.39829971e+01
v 6.10429713e+03 5.04039325e+03 1.37027212e+01
v 6.10509450e+03 5.04064486e+03 1.56507689e+01
v 6.10540246e+03 5.04078068e+03 1.49118872e+01
v 6.10454762e+03 5.04095636e+03 1.51618419e+01
v 6.10380831e+03 5.03855794e+03 1.41162645e+01
v 6.10212152e+03 5.04258824e+03 1.35644559e+01
v 6.10276528e+03 5.04223697e+03 1.36836826e+01
v 6.10444108e+03 5.04132603e+03 1.45771028e+01
v 6.10392887e+03 5.04347392e+03 1.54487869e+01
v 6.10366641e+03 5.04310968e+03 1.55895692e+01
v 6.10298525e+03 5.04249361e+03 1.47070104e+01
v 6.10284127e+03 5.04282819e+03 1.49239820e+01
v 6.10333545e+03 5.04162102e+03 1.44900130e+01
v 6.10346300e+03 5.04175748e+03 1.40649822e+01
v 6.10303175e+03 5.04344767e+03 1.46304473e+01
v 6.10310267e+03 5.04313613e+03 1.52670258e+01
v 6.10285312e+03 5.04250833e+03 1.55748346e+01
v 6.10293209e+03 5.04283988e+03 1.55429212e+01
v 6.10298453e+03 5.04202630e+03 1.60711649e+01
v 6.10308406e+03 5.04210887e+03 1.53942267e+01
v 6.10601740e+03 5.04131484e+03 1.60004051e+01
v 6.10607421e+03 5.04107476e+03 1.54975165e+01
v 6.10352331e+03 5.04273688e+03 1.60155181e+01
v 6.10425242e+03 5.04341911e+03 1.58151895e+01
v 6.10432376e+03 5.04378653e+03 1.54172345e+01
v 6.10383528e+03 5.04428889e+03 1.41366055e+01
v 6.10441705e+03 5.04441432e+03 1.44741157e+01
v 6.10394015e+03 5.04430635e+03 1.46158586e+01
v 6.10457856e+03 5.04424766e+03 1.48828103e+01
v 6.10474609e+03 5.04373046e+03 1.53457208e+01
v 6.10308696e+03 5.04395323e+03 1.48781027e+01
v 6.10632352e+03 5.04147175e+03 1.54061750e+01
v 6.10358094e+03 5.04388628e+03 1.52665391e+01
v 6.10386743e+03 5.04405037e+03 1.51738813e+01
v 6.10362793e+03 5.04419416e+03 1.49277800e+01
v 6.10355916e+03 5.04348545e+03 1.53444932e+01
v 6.10319024e+03 5.04344895e+03 1.49948158e+01
v 6.10526520e+03 5.04368973e+03 1.48048208e+01
v 6.10508032e+03 5.04401664e+03 1.45538951e+01
v 6.10519258e+03 5.04370606e+03 1.37507967e+01
v 6.10470452e+03 5.04436008e+03 1.42879291e+01
v 6.10314981e+03 5.04415198e+03 1.41728784e+01
v 6.10344569e+03 5.04435378e+03 1.42378122e+01
v 6.10574157e+03 5.04315489e+03 1.43438466e+01
v 6.10255953e+03 5.04277986e+03 1.36740115e+01
v 6.10231496e+03 5.04326587e+03 1.33261951e+01
v 6.10560998e+03 5.04318383e+03 1.52894918e+01
v 6.10339046e+03 5.04204490e+03 1.38389941e+01
v 6.10285877e+03 5.04263526e+03 1.41360444e+01
v 6.10716740e+03 5.04055257e+03 1.39672596e+01
v 6.10273703e+03 5.04071506e+03 1.37713026e+01
v 6.10350211e+03 5.03959818e+03 1.38621909e+01
v 6.10279333e+03 5.04223943e+03 1.58058072e+01
v 6.10345286e+03 5.04171936e+03 1.54225481e+01
v 6.10489150e+03 5.03917539e+03 1.39888856e+01
v 6.10419583e+03 5.03855205e+03 1.38975348e+01
v 6.10341118e+03 5.05907401e+03 1.36701534e+01
v 6.10302871e+03 5.05920954e+03 1.35401232e+01
v 6.10390761e+03 5.05944182e+03 1.36354603e+01
v 6.10450416e+03 5.05987317e+03 1.36514771e+01
v 6.10430596e+03 5.05956691e+03 1.35742521e+01
v 6.10308072e+03 5.05896557e+03 1.37591397e+01
v 6.10231898e+03 5.05879630e+03 1.36586925e+01
v 6.10342706e+03 5.05892338e+03 1.33142437e+01
v 6.10263211e+03 5.05866515e+03 1.37875178e+01
v 6.10275413e+03 5.05961029e+03 1.34936794e+01
v 6.10320471e+03 5.05968459e+03 1.33980047e+01
v 6.10440448e+03 5.04437687e+03 1.39996202e+01
v 6.10310180e+03 5.04177805e+03 1.36208946e+01
v 6.10321157e+03 5.04213358e+03 1.36494590e+01
v 6.10488595e+03 5.04417729e+03 1.39528755e+01
v 6.10361640e+03 5.04131559e+03 1.39906399e+01
v 6.10282251e+03 5.04334194e+03 1.36498500e+01
v 6.10301368e+03 5.04362306e+03 1.40774507e+01
v 6.10312603e+03 5.04391136e+03 1.36377565e+01
v 6.11018092e+03 5.04835181e+03 1.39097290e+01
v 6.10373514e+03 5.04049076e+03 1.37572934e+01
v 6.10344029e+03 5.04175677e+03 1.37472833e+01
v 6.10274576e+03 5.04301844e+03 1.40173924e+01
v 6.10303291e+03 5.04394864e+03 1.32238037e+01
v 6.10336899e+03 5.04405731e+03 1.34507805e+01
v 6.10567583e+03 5.04505424e+03 1.28827156e+01
v 6.10493697e+03 5.03793633e+03 1.35501410e+01
v 6.10465868e+03 5.04023238e+03 1.39134019e+01
v 6.10423535e+03 5.03814713e+03 1.36857988e+01
v 6.10252577e+03 5.03746898e+03 1.38764346e+01
v 6.10317102e+03 5.04118937e+03 1.38535324e+01
v 6.10438774e+03 5.03920709e+03 1.41776243e+01
v 6.10473783e+03 5.03931758e+03 1.42122405e+01
v 6.10485105e+03 5.03959840e+03 1.42507214e+01
v 6.10456906e+03 5.03579075e+03 1.36088797e+01
v 6.10507512e+03 5.04462846e+03 1.31712207e+01
v 6.10390567e+03 5.04114034e+03 1.60259585e+01
v 6.10324647e+03 5.04235169e+03 1.83307678e+01
v 6.10328500e+03 5.04277952e+03 1.84514133e+01
v 6.10348101e+03 5.04195190e+03 1.83761917e+01
v 6.10351776e+03 5.04175915e+03 1.78391435e+01
v 6.10330321e+03 5.04274014e+03 1.79957192e+01
v 6.10344675e+03 5.04209009e+03 1.77089833e+01
v 6.10357392e+03 5.04256269e+03 1.75638928e+01
v 6.10354395e+03 5.04262638e+03 1.85899260e+01
v 6.10340864e+03 5.04281823e+03 1.85890746e+01
v 6.10362338e+03 5.04301309e+03 1.85401626e+01
v 6.10334147e+03 5.04301626e+03 1.83271459e+01
v 6.10194152e+03 5.03932870e+03 1.67587295e+01
v 6.10199656e+03 5.03880544e+03 1.69827855e+01
v 6.10202222e+03 5.03880618e+03 1.73327469e+01
v 6.10337113e+03 5.04237824e+03 1.85316502e+01
v 6.10344774e+03 5.04181861e+03 1.70023495e+01
v 6.10337667e+03 5.04161413e+03 1.71948008e+01
v 6.10323694e+03 5.04172153e+03 1.65306054e+01
v 6.10312833e+03 5.04223122e+03 1.64702736e+01
v 6.10362796e+03 5.04216109e+03 1.72049492e+01
v 6.10285212e+03 5.04260447e+03 1.61942979e+01
v 6.10278523e+03 5.04239883e+03 1.61160729e+01
v 6.10462642e+03 5.04092425e+03 1.59985356e+01
v 6.10339970e+03 5.04134955e+03 1.65826622e+01
v 6.10365034e+03 5.04111923e+03 1.66797965e+01
v 6.10351329e+03 5.04125760e+03 1.63128472e+01
v 6.10358906e+03 5.04216958e+03 1.67996898e+01
v 6.10373415e+03 5.04119866e+03 1.71059520e+01
v 6.10327825e+03 5.03844806e+03 1.43394438e+01
v 6.10362124e+03 5.04303399e+03 1.77026972e+01
v 6.10362444e+03 5.04320273e+03 1.81091583e+01
v 6.10315974e+03 5.04290941e+03 1.57141918e+01
v 6.10413929e+03 5.04112682e+03 1.75286988e+01
v 6.11124711e+03 5.04683751e+03 1.67083585e+01
v 6.11097349e+03 5.04710192e+03 1.71968332e+01
v 6.11178116e+03 5.04645117e+03 1.70019821e+01
v 6.11216757e+03 5.04597385e+03 1.64303474e+01
v 6.11275102e+03 5.04578541e+03 1.69107414e+01
v 6.11038458e+03 5.04799855e+03 1.62838708e+01
v 6.11082644e+03 5.04789939e+03 1.74322927e+01
v 6.11072208e+03 5.04736325e+03 1.67578044e+01
v 6.11540023e+03 5.04734379e+03 1.60800121e+01
v 6.11451943e+03 5.04646091e+03 1.63988589e+01
v 6.11525433e+03 5.04727636e+03 1.67806736e+01
v 6.11284707e+03 5.04599185e+03 1.74256506e+01
v 6.11343055e+03 5.04567706e+03 1.66702394e+01
v 6.11388026e+03 5.04557507e+03 1.72507289e+01
v 6.11377904e+03 5.04587828e+03 1.65729616e+01
v 6.11361127e+03 5.04556233e+03 1.73093482e+01
v 6.11329067e+03 5.04593653e+03 1.77156893e+01
v 6.11313433e+03 5.04580599e+03 1.75491274e+01
v 6.11296897e+03 5.04567043e+03 1.64699435e+01
v 6.11254934e+03 5.04583379e+03 1.56689861e+01
v 6.11309071e+03 5.04568288e+03 1.60643106e+01
v 6.11487327e+03 5.04679289e+03 1.75561876e+01
v 6.11701455e+03 5.04798902e+03 1.70417008e+01
v 6.11665072e+03 5.04775581e+03 1.74813323e+01
v 6.11719495e+03 5.04794337e+03 1.73094977e+01
v 6.11689134e+03 5.04825948e+03 1.63355252e+01
v 6.11664586e+03 5.04797134e+03 1.63723356e+01
v 6.11750549e+03 5.04855007e+03 1.75434924e+01
v 6.11579716e+03 5.04753033e+03 1.73336606e+01
v 6.11523382e+03 5.04717763e+03 1.73549891e+01
v 6.11688392e+03 5.04910386e+03 1.65480657e+01
v 6.11690279e+03 5.04930153e+03 1.64190272e+01
v 6.11719010e+03 5.04958166e+03 1.67862912e+01
v 6.11699407e+03 5.04926924e+03 1.69875898e+01
v 6.11698925e+03 5.04900115e+03 1.69542351e+01
v 6.11678329e+03 5.04809619e+03 1.60919400e+01
v 6.11749377e+03 5.04832540e+03 1.74600007e+01
v 6.11721127e+03 5.04885060e+03 1.73167394e+01
v 6.11409190e+03 5.04591435e+03 1.70459012e+01
v 6.11075798e+03 5.04480088e+03 1.48117217e+01
v 6.10470890e+03 5.04273523e+03 1.72964884e+01
v 6.10434921e+03 5.04282813e+03 1.69450250e+01
v 6.11910198e+03 5.04959558e+03 1.34386352e+01
v 6.11535646e+03 5.03909741e+03 1.35378998e+01
v 6.11524841e+03 5.05188476e+03 1.61210614e+01
v 6.11580463e+03 5.05151332e+03 1.60603923e+01
v 6.11378518e+03 5.04577834e+03 1.75048780e+01
v 6.10487765e+03 5.04106669e+03 1.63781224e+01
v 6.10625196e+03 5.04182798e+03 1.58295636e+01
v 6.10338115e+03 5.04158356e+03 1.60660856e+01
v 6.10566222e+03 5.04354796e+03 1.78866992e+01
v 6.10596897e+03 5.04368302e+03 1.74650781e+01
v 6.10584322e+03 5.04259497e+03 1.72970028e+01
v 6.10596556e+03 5.04207650e+03 1.80485271e+01
v 6.10613080e+03 5.04342928e+03 1.76279287e+01
v 6.10591879e+03 5.04282050e+03 1.78724953e+01
v 6.11092914e+03 5.04969511e+03 1.71364633e+01
v 6.11053578e+03 5.04899519e+03 1.77079186e+01
v 6.11056182e+03 5.04883910e+03 1.72304766e+01
v 6.10529665e+03 5.04137701e+03 1.65731825e+01
v 6.10580893e+03 5.04186371e+03 1.68679181e+01
v 6.10586595e+03 5.04142650e+03 1.65543521e+01
v 6.10529421e+03 5.04157574e+03 1.72713159e+01
v 6.10485319e+03 5.04115443e+03 1.75871504e+01
v 6.10520430e+03 5.04142076e+03 1.77353038e+01
v 6.10602795e+03 5.04251465e+03 1.68518532e+01
v 6.10565719e+03 5.04209430e+03 1.71074066e+01
v 6.10466665e+03 5.04118323e+03 1.69546126e+01
v 6.10616010e+03 5.04345474e+03 1.70195888e+01
v 6.10605468e+03 5.04363394e+03 1.77680067e+01
v 6.10610999e+03 5.04312081e+03 1.71149145e+01
v 6.10714737e+03 5.04077381e+03 1.40532152e+01
v 6.10616160e+03 5.04166522e+03 1.63435241e+01
v 6.10608471e+03 5.04152915e+03 1.66034768e+01
v 6.10605007e+03 5.04178168e+03 1.67481737e+01
v 6.10513911e+03 5.04141619e+03 1.68080416e+01
v 6.10390535e+03 5.04275916e+03 1.62775832e+01
v 6.10397009e+03 5.04302226e+03 1.61286099e+01
v 6.10419057e+03 5.04108294e+03 1.69084412e+01
v 6.10549173e+03 5.04077856e+03 1.60322873e+01
v 6.10522228e+03 5.04078977e+03 1.61365105e+01
v 6.10397239e+03 5.04101219e+03 1.63678384e+01
v 6.10625224e+03 5.04305513e+03 1.66817938e+01
v 6.10636504e+03 5.04264538e+03 1.65184993e+01
v 6.10407213e+03 5.04291911e+03 1.73050251e+01
v 6.10397147e+03 5.04272413e+03 1.71285861e+01
v 6.10573506e+03 5.04298704e+03 1.59167949e+01
v 6.10423390e+03 5.04324372e+03 1.63956266e+01
v 6.10484803e+03 5.04308795e+03 1.67930420e+01
v 6.10459950e+03 5.04329844e+03 1.62679127e+01
v 6.10588412e+03 5.04356250e+03 1.69358657e+01
v 6.10511387e+03 5.04324946e+03 1.65137581e+01
v 6.10404931e+03 5.04266628e+03 1.67522223e+01
v 6.10530218e+03 5.04304870e+03 1.56066749e+01
v 6.11209989e+03 5.04604493e+03 1.54669487e+01
v 6.11015539e+03 5.04436943e+03 1.39517230e+01
v 6.11027557e+03 5.04797166e+03 1.48834099e+01
v 6.11034137e+03 5.04835010e+03 1.48870842e+01
v 6.11100256e+03 5.04686100e+03 1.61962109e+01
v 6.11147191e+03 5.04641240e+03 1.61678164e+01
v 6.11846092e+03 5.04957344e+03 1.34938788e+01
v 6.11018371e+03 5.04930129e+03 1.28840319e+01
v 6.11044522e+03 5.04878646e+03 1.67177716e+01
v 6.10631502e+03 5.04196622e+03 1.65890717e+01
v 6.10464536e+03 5.04350850e+03 1.56943102e+01
v 6.11219046e+03 5.04754931e+03 1.82215166e+01
v 6.11250448e+03 5.04787769e+03 1.84357223e+01
v 6.11338366e+03 5.04831492e+03 1.83498555e+01
v 6.11286647e+03 5.04819109e+03 1.81677926e+01
v 6.11288637e+03 5.04816016e+03 1.86190742e+01
v 6.11321341e+03 5.04812849e+03 1.78533433e+01
v 6.11278773e+03 5.04791255e+03 1.78891479e+01
v 6.11255989e+03 5.04747209e+03 1.79411180e+01
v 6.11223813e+03 5.04715062e+03 1.78377609e+01
v 6.11196972e+03 5.04764104e+03 1.82203124e+01
v 6.11128968e+03 5.04769617e+03 1.77836059e+01
v 6.11098011e+03 5.04827045e+03 1.80180129e+01
v 6.11273548e+03 5.04764293e+03 1.77806352e+01
v 6.11156529e+03 5.04806033e+03 1.82105272e+01
v 6.11120051e+03 5.04863017e+03 1.84055852e+01
v 6.11121198e+03 5.04708313e+03 1.74518733e+01
v 6.11176389e+03 5.04732620e+03 1.77573916e+01
v 6.11071456e+03 5.04926247e+03 1.79052074e+01
v 6.11108156e+03 5.04920913e+03 1.82603113e+01
v 6.11282460e+03 5.04690615e+03 1.77887174e+01
v 6.11324854e+03 5.04679211e+03 1.78953501e+01
v 6.11158344e+03 5.04824443e+03 1.96302114e+01
v 6.11142097e+03 5.04865048e+03 1.87208056e+01
v 6.11138560e+03 5.04884021e+03 1.91467862e+01
v 6.11091880e+03 5.04295926e+03 1.42799616e+01
v 6.11516000e+03 5.04723217e+03 1.78789752e+01
v 6.11056754e+03 5.04474903e+03 1.47668539e+01
v 6.11370725e+03 5.04822943e+03 1.81403176e+01
v 6.11440743e+03 5.04685029e+03 1.81685677e+01
v 6.11473500e+03 5.04674973e+03 1.80487897e+01
v 6.11470246e+03 5.04704195e+03 1.83917149e+01
v 6.11496785e+03 5.04737786e+03 1.82325354e+01
v 6.11210277e+03 5.04785472e+03 1.85991924e+01
v 6.11178928e+03 5.04817501e+03 1.87113059e+01
v 6.11189629e+03 5.04789030e+03 1.93045486e+01
v 6.11532082e+03 5.04766609e+03 1.82840580e+01
v 6.11482719e+03 5.04789550e+03 1.84001263e+01
v 6.11248075e+03 5.04660021e+03 1.75449530e+01
v 6.11136063e+03 5.04862371e+03 1.95793991e+01
v 6.11153699e+03 5.04905610e+03 1.98707550e+01
v 6.11436330e+03 5.04644473e+03 1.77703148e+01
v 6.11611437e+03 5.04758144e+03 1.83606068e+01
v 6.11430989e+03 5.04839523e+03 1.89535462e+01
v 6.11437540e+03 5.04792992e+03 1.82447769e+01
v 6.11389132e+03 5.04839352e+03 1.87970829e+01
v 6.11386436e+03 5.04658139e+03 1.79266478e+01
v 6.11203280e+03 5.04646068e+03 1.72278003e+01
v 6.11719713e+03 5.04891551e+03 1.79851220e+01
v 6.11739746e+03 5.04828271e+03 1.79044995e+01
v 6.11707151e+03 5.04855680e+03 1.82920760e+01
v 6.11732512e+03 5.05042738e+03 1.74496331e+01
v 6.11704118e+03 5.05076261e+03 1.72771616e+01
v 6.11699009e+03 5.04930330e+03 1.75244688e+01
v 6.11694832e+03 5.04961369e+03 1.73075813e+01
v 6.11696816e+03 5.04813785e+03 1.83263386e+01
v 6.11366566e+03 5.04784447e+03 1.78727819e+01
v 6.11613922e+03 5.04788905e+03 1.90379007e+01
v 6.11412305e+03 5.05183169e+03 1.68700910e+01
v 6.11464633e+03 5.05207930e+03 1.73982447e+01
v 6.11135118e+03 5.04990248e+03 1.74338795e+01
v 6.11232521e+03 5.05076527e+03 1.76758718e+01
v 6.11205581e+03 5.05070528e+03 1.71956831e+01
v 6.11185532e+03 5.05085148e+03 1.68829741e+01
v 6.10581392e+03 5.04316636e+03 1.81487571e+01
v 6.10440310e+03 5.04327123e+03 1.79531569e+01
v 6.10444419e+03 5.04125653e+03 1.78427742e+01
v 6.10379842e+03 5.04164969e+03 1.82825560e+01
v 6.10426872e+03 5.04166506e+03 1.83975953e+01
v 6.10532544e+03 5.04227014e+03 1.87621455e+01
v 6.10450947e+03 5.04203197e+03 1.85873351e+01
v 6.10432647e+03 5.04244178e+03 1.88834863e+01
v 6.10546257e+03 5.04288113e+03 1.89112239e+01
v 6.10530428e+03 5.04324005e+03 1.83301789e+01
v 6.10563566e+03 5.04196763e+03 1.82260525e+01
v 6.10456571e+03 5.04346417e+03 1.86747258e+01
v 6.10386501e+03 5.04137691e+03 1.77930343e+01
v 6.10511049e+03 5.04332459e+03 1.78232752e+01
v 6.10384978e+03 5.04202734e+03 1.85603773e+01
v 6.10395969e+03 5.04323392e+03 1.78763777e+01
v 6.10543172e+03 5.04157751e+03 1.76480579e+01
v 6.11677295e+03 5.03651740e+03 1.92555744e+01
v 6.11634441e+03 5.03700637e+03 1.90441850e+01
v 6.10566314e+03 5.04252651e+03 1.86289479e+01
v 6.11497323e+03 5.04861351e+03 1.93675139e+01
v 6.11598027e+03 5.04825649e+03 1.94843319e+01
v 6.11639292e+03 5.04830112e+03 1.95732229e+01
v 6.11651804e+03 5.04795992e+03 1.89674934e+01
v 6.11677976e+03 5.04831020e+03 1.91099465e+01
v 6.11562235e+03 5.04750774e+03 1.79290613e+01
v 6.11448104e+03 5.04733814e+03 1.82215748e+01
v 6.11361704e+03 5.04714913e+03 1.78528717e+01
v 6.11377839e+03 5.04856914e+03 1.93139300e+01
v 6.11692351e+03 5.04880574e+03 1.89425693e+01
v 6.11711496e+03 5.04924791e+03 1.85628632e+01
v 6.11674361e+03 5.04771779e+03 1.82336231e+01
v 6.11586763e+03 5.04866539e+03 1.98414424e+01
v 6.11303080e+03 5.04843156e+03 1.98284909e+01
v 6.11317232e+03 5.04838959e+03 1.90968941e+01
v 6.11258612e+03 5.04795539e+03 1.91951960e+01
v 6.11188919e+03 5.04801028e+03 1.84139168e+01
v 6.11225290e+03 5.04770887e+03 1.94388793e+01
v 6.11204177e+03 5.04781016e+03 1.98543979e+01
v 6.11337309e+03 5.04759813e+03 1.76558910e+01
v 6.11309319e+03 5.04790808e+03 1.76308838e+01
v 6.11301627e+03 5.04742618e+03 1.77199954e+01
v 6.11368514e+03 5.04872291e+03 2.00142302e+01
v 6.11193450e+03 5.05002988e+03 1.84977810e+01
v 6.11212999e+03 5.05010574e+03 1.93703245e+01
v 6.11245813e+03 5.05092664e+03 1.72532631e+01
v 6.11312806e+03 5.05110758e+03 1.73426743e+01
v 6.11288843e+03 5.05099619e+03 1.80630705e+01
v 6.11494689e+03 5.05192932e+03 1.64438714e+01
v 6.11403814e+03 5.05262069e+03 1.54176938e+01
v 6.11689837e+03 5.05154707e+03 1.91451641e+01
v 6.11695997e+03 5.05133329e+03 1.85370132e+01
v 6.11701358e+03 5.04968041e+03 1.77414315e+01
v 6.11717882e+03 5.05002552e+03 1.75154887e+01
v 6.11776677e+03 5.05084888e+03 1.67043025e+01
v 6.11765256e+03 5.05047665e+03 1.72267762e+01
v 6.11683036e+03 5.04956041e+03 1.93993789e+01
v 6.11683273e+03 5.04878615e+03 1.96007299e+01
v 6.11679415e+03 5.04949775e+03 1.98834367e+01
v 6.11747384e+03 5.05099094e+03 1.68096529e+01
v 6.11755670e+03 5.05102454e+03 1.66349349e+01
v 6.11535860e+03 5.05181280e+03 1.65075217e+01
v 6.11470588e+03 5.04695287e+03 1.52791747e+01
v 6.11696653e+03 5.05091057e+03 1.80213856e+01
v 6.11730255e+03 5.05097858e+03 1.87750453e+01
v 6.11701069e+03 5.05078513e+03 1.94745389e+01
v 6.11262353e+03 5.05112396e+03 1.65603653e+01
v 6.11394772e+03 5.05135919e+03 1.78657827e+01
v 6.11346267e+03 5.05156064e+03 1.70945499e+01
v 6.11212472e+03 5.05101458e+03 1.67815148e+01
v 6.11168668e+03 5.04999836e+03 1.75305046e+01
v 6.11093139e+03 5.04949457e+03 1.80474380e+01
v 6.11281963e+03 5.05071677e+03 1.86196357e+01
v 6.11086819e+03 5.04901663e+03 1.81954314e+01
v 6.11130603e+03 5.04901610e+03 1.86309495e+01
v 6.11171010e+03 5.04936812e+03 1.91030542e+01
v 6.11285860e+03 5.05038696e+03 1.89934871e+01
v 6.11315820e+03 5.05120992e+03 1.84546254e+01
v 6.11355678e+03 5.05133522e+03 1.86882001e+01
v 6.11198088e+03 5.04993312e+03 1.90639797e+01
v 6.11632481e+03 5.05116917e+03 1.73568472e+01
v 6.11694536e+03 5.05006771e+03 1.93018817e+01
v 6.11462797e+03 5.05166229e+03 1.80822826e+01
v 6.11473343e+03 5.05186104e+03 1.87710279e+01
v 6.11390607e+03 5.05137656e+03 1.83005292e+01
v 6.11683247e+03 5.05014323e+03 1.98244181e+01
v 6.11714092e+03 5.04925001e+03 1.80552580e+01
v 6.11717920e+03 5.04799349e+03 1.77837103e+01
v 6.11643505e+03 5.05188892e+03 1.87383297e+01
v 6.11432764e+03 5.05209667e+03 2.00659807e+01
v 6.11504203e+03 5.05220127e+03 1.70731365e+01
v 6.11167280e+03 5.05151929e+03 1.60432970e+01
v 6.11704902e+03 5.04912620e+03 1.41836420e+01
v 6.11229127e+03 5.05142062e+03 1.63974414e+01
v 6.11049855e+03 5.05045421e+03 1.56832790e+01
v 6.11059020e+03 5.05041791e+03 1.61046481e+01
v 6.11769573e+03 5.04977510e+03 1.59633434e+01
v 6.11778947e+03 5.05001439e+03 1.66677648e+01
v 6.11688766e+03 5.05117290e+03 1.96487270e+01
v 6.11797042e+03 5.05005536e+03 1.58156002e+01
v 6.11802997e+03 5.05042748e+03 1.65589122e+01
v 6.11900797e+03 5.05059511e+03 1.35085053e+01
v 6.11776240e+03 5.05044015e+03 1.59559768e+01
v 6.11438197e+03 5.05183489e+03 1.64306895e+01
v 6.11275225e+03 5.05153949e+03 1.64960508e+01
v 6.11283346e+03 5.05205597e+03 1.62890759e+01
v 6.11251029e+03 5.05188791e+03 1.63093285e+01
v 6.11379364e+03 5.05190898e+03 1.65166371e+01
v 6.11391993e+03 5.05243446e+03 1.58942275e+01
v 6.11124620e+03 5.05084033e+03 1.65785880e+01
v 6.11096642e+03 5.05080221e+03 1.59554151e+01
v 6.11083648e+03 5.05051828e+03 1.63809399e+01
v 6.11078170e+03 5.04989636e+03 1.66210345e+01
v 6.11155819e+03 5.04864650e+03 1.99637386e+01
v 6.11054260e+03 5.04924347e+03 1.59395116e+01
v 6.11047924e+03 5.04962897e+03 1.56258949e+01
v 6.11452012e+03 5.05218229e+03 2.02194222e+01
v 6.11435149e+03 5.05183525e+03 2.04723922e+01
v 6.11618804e+03 5.05167527e+03 2.05787302e+01
v 6.11596250e+03 5.05194295e+03 2.01264325e+01
v 6.11586679e+03 5.05199132e+03 1.95191677e+01
v 6.11487059e+03 5.05205385e+03 2.00238710e+01
v 6.11616839e+03 5.05179971e+03 2.04778050e+01
v 6.11635527e+03 5.05165166e+03 2.02480144e+01
v 6.11653200e+03 5.05137623e+03 2.01073255e+01
v 6.11634008e+03 5.05186072e+03 1.96623841e+01
v 6.11633901e+03 5.05048122e+03 2.02100216e+01
v 6.11643889e+03 5.04976352e+03 2.02557598e+01
v 6.11568997e+03 5.05008279e+03 2.05119708e+01
v 6.11672486e+03 5.04977617e+03 2.00593770e+01
v 6.11660243e+03 5.04931420e+03 2.00341177e+01
v 6.11660051e+03 5.05091337e+03 2.01118893e+01
v 6.11619204e+03 5.05081135e+03 2.03439622e+01
v 6.11645609e+03 5.05111513e+03 2.03303755e+01
v 6.11297338e+03 5.04862415e+03 2.01538507e+01
v 6.11271734e+03 5.04830687e+03 2.04195240e+01
v 6.11338520e+03 5.04964671e+03 2.08242021e+01
v 6.11395701e+03 5.04957123e+03 2.08402673e+01
v 6.11336970e+03 5.04930053e+03 2.08408561e+01
v 6.11338390e+03 5.04886050e+03 2.07104662e+01
v 6.11305770e+03 5.04849400e+03 2.11439981e+01
v 6.11355214e+03 5.04898443e+03 2.04956625e+01
v 6.11375972e+03 5.05006786e+03 2.10173272e+01
v 6.11644079e+03 5.03654599e+03 1.91007860e+01
v 6.11614901e+03 5.03701355e+03 1.89382575e+01
v 6.11147186e+03 5.04883167e+03 2.01599371e+01
v 6.11315257e+03 5.04875107e+03 2.14283829e+01
v 6.11272312e+03 5.04866517e+03 2.16919778e+01
v 6.11253091e+03 5.04823899e+03 2.05011465e+01
v 6.11223248e+03 5.04845518e+03 2.04701787e+01
v 6.11254017e+03 5.04846261e+03 2.11862398e+01
v 6.11219635e+03 5.04884291e+03 2.12472136e+01
v 6.11229645e+03 5.04859630e+03 2.11519427e+01
v 6.11243199e+03 5.04899172e+03 2.16717112e+01
v 6.11220139e+03 5.04917768e+03 2.09662435e+01
v 6.10420457e+03 5.04317360e+03 1.87818004e+01
v 6.11613277e+03 5.03715411e+03 1.88445125e+01
v 6.11653668e+03 5.03694870e+03 1.88890990e+01
v 6.11528506e+03 5.04877359e+03 1.98169966e+01
v 6.11364833e+03 5.04924723e+03 2.05999274e+01
v 6.11403309e+03 5.04922781e+03 2.05828969e+01
v 6.11276802e+03 5.04832041e+03 2.09126707e+01
v 6.11512835e+03 5.05186237e+03 2.04993832e+01
v 6.11475174e+03 5.05139025e+03 2.07319622e+01
v 6.11316315e+03 5.04947971e+03 2.09102509e+01
v 6.11304687e+03 5.04917331e+03 2.13136768e+01
v 6.11268996e+03 5.04899879e+03 2.18840070e+01
v 6.11294229e+03 5.04901440e+03 2.17493848e+01
v 6.11277401e+03 5.04936525e+03 2.14968561e+01
v 6.11184538e+03 5.04902220e+03 2.08390152e+01
v 6.11296073e+03 5.04977881e+03 2.06916668e+01
v 6.11502093e+03 5.05009121e+03 2.10045185e+01
v 6.11477701e+03 5.05019194e+03 2.13229173e+01
v 6.11262536e+03 5.04946807e+03 2.12744205e+01
v 6.11255552e+03 5.04918566e+03 2.17461726e+01
v 6.11537584e+03 5.05093288e+03 2.06526896e+01
v 6.11475098e+03 5.05047264e+03 2.12464654e+01
v 6.11391780e+03 5.05161817e+03 2.02666453e+01
v 6.11388187e+03 5.05080359e+03 2.08011455e+01
v 6.11428872e+03 5.04990654e+03 2.11948625e+01
v 6.11460989e+03 5.04935755e+03 2.08157640e+01
v 6.11760186e+03 5.05017242e+03 1.72037929e+01
v 6.11568418e+03 5.04902298e+03 2.01606677e+01
v 6.11198078e+03 5.04996520e+03 1.95595859e+01
v 6.11232931e+03 5.04762754e+03 1.97135898e+01
v 6.10548669e+03 5.04253209e+03 1.90149968e+01
v 6.11195216e+03 5.04937089e+03 2.01696938e+01
v 6.11195328e+03 5.04960797e+03 1.98396237e+01
v 6.11330993e+03 5.05050728e+03 2.04697663e+01
v 6.11248802e+03 5.04783470e+03 1.98194252e+01
v 6.11233422e+03 5.04973319e+03 1.99851228e+01
v 6.11163114e+03 5.04895099e+03 2.03413343e+01
v 6.11266612e+03 5.04960614e+03 2.03931847e+01
v 6.11173611e+03 5.04917275e+03 2.04117735e+01
v 6.10497239e+03 5.04289421e+03 1.89861518e+01
v 6.10426288e+03 5.04287684e+03 1.89258357e+01
v 6.11531811e+03 5.04916267e+03 2.04004352e+01
v 6.11513554e+03 5.05127756e+03 2.07041336e+01
v 6.11208840e+03 5.04995173e+03 1.98064348e+01
v 6.11313424e+03 5.04975752e+03 2.08890515e+01
v 6.11283230e+03 5.04952715e+03 2.11764311e+01
v 6.11926872e+03 5.05606914e+03 1.32963186e+01
v 6.11872924e+03 5.05640066e+03 1.35195281e+01
v 6.11902360e+03 5.05654331e+03 1.34835400e+01
v 6.11666991e+03 5.05414712e+03 1.28887440e+01
v 6.11721571e+03 5.05353810e+03 1.31389299e+01
v 6.11664223e+03 5.05357727e+03 1.28477273e+01
v 6.11795146e+03 5.05434318e+03 1.33595394e+01
v 6.11779201e+03 5.05662239e+03 1.33280197e+01
v 6.11770805e+03 5.05569043e+03 1.35967707e+01
v 6.11983864e+03 5.05434866e+03 1.33401763e+01
v 6.11931437e+03 5.05527325e+03 1.32783477e+01
v 6.11908919e+03 5.05438656e+03 1.34196819e+01
v 6.11844290e+03 5.05378527e+03 1.34159939e+01
v 6.11742833e+03 5.05468083e+03 1.32607868e+01
v 6.11727931e+03 5.05541187e+03 1.34474020e+01
v 6.11837648e+03 5.05506251e+03 1.33048494e+01
v 6.11888765e+03 5.05374579e+03 1.33079799e+01
v 6.11783184e+03 5.05728653e+03 1.27203251e+01
v 6.11783757e+03 5.05724338e+03 1.31596765e+01
v 6.11765167e+03 5.05668029e+03 1.30943234e+01
v 6.11860104e+03 5.05556171e+03 1.34467768e+01
v 6.11956660e+03 5.05374531e+03 1.29988131e+01
v 6.11996002e+03 5.05347035e+03 1.27252357e+01
v 6.11946533e+03 5.05346915e+03 1.26377651e+01
v 6.12038400e+03 5.05460326e+03 1.33747936e+01
v 6.12045845e+03 5.05417368e+03 1.34924619e+01
v 6.12146397e+03 5.06194272e+03 1.37788048e+01
v 6.12079964e+03 5.06172829e+03 1.39737612e+01
v 6.12037563e+03 5.06133481e+03 1.35825844e+01
v 6.11832831e+03 5.05944980e+03 1.34677837e+01
v 6.11835438e+03 5.05737072e+03 1.34775927e+01
v 6.11802795e+03 5.05801950e+03 1.34142255e+01
v 6.11963981e+03 5.05686441e+03 1.36223410e+01
v 6.11950414e+03 5.05647906e+03 1.35467084e+01
v 6.11746389e+03 5.05965988e+03 1.33382627e+01
v 6.11670211e+03 5.05995849e+03 1.33803983e+01
v 6.11794169e+03 5.06202335e+03 1.34063680e+01
v 6.12145979e+03 5.06144716e+03 1.38484544e+01
v 6.11745911e+03 5.05843886e+03 1.35835612e+01
v 6.11709806e+03 5.05897778e+03 1.35485798e+01
v 6.11736701e+03 5.05888694e+03 1.33937845e+01
v 6.12014350e+03 5.06252727e+03 1.38101779e+01
v 6.12096345e+03 5.06230396e+03 1.38909428e+01
v 6.12105930e+03 5.05330570e+03 1.34767257e+01
v 6.12079205e+03 5.05366690e+03 1.34205373e+01
v 6.11873682e+03 5.05700951e+03 1.34705691e+01
v 6.11809613e+03 5.05841400e+03 1.33467910e+01
v 6.12132221e+03 5.06106040e+03 1.38384291e+01
v 6.12083442e+03 5.06065778e+03 1.36747875e+01
v 6.12073531e+03 5.05833576e+03 1.33539422e+01
v 6.12087580e+03 5.05736807e+03 1.33994212e+01
v 6.12047902e+03 5.05394858e+03 1.34836814e+01
v 6.11970144e+03 5.05410002e+03 1.32469626e+01
v 6.11812468e+03 5.05681702e+03 1.35986849e+01
v 6.12166249e+03 5.04787758e+03 1.33112361e+01
v 6.12042689e+03 5.04760827e+03 1.35060510e+01
v 6.12115169e+03 5.04542881e+03 1.34692264e+01
v 6.12064285e+03 5.04901517e+03 1.36369315e+01
v 6.12083565e+03 5.04887841e+03 1.34869837e+01
v 6.12099146e+03 5.05104231e+03 1.32016746e+01
v 6.12060275e+03 5.05190183e+03 1.28880251e+01
v 6.12092215e+03 5.05246416e+03 1.32089340e+01
v 6.12048086e+03 5.04837295e+03 1.35191546e+01
v 6.11969605e+03 5.04543462e+03 1.33777859e+01
v 6.12035998e+03 5.04605891e+03 1.34592998e+01
v 6.11972421e+03 5.04786736e+03 1.35532591e+01
v 6.12034422e+03 5.04869973e+03 1.37621804e+01
v 6.11942803e+03 5.04987739e+03 1.33908045e+01
v 6.11915069e+03 5.04738870e+03 1.36182854e+01
v 6.12096745e+03 5.04860980e+03 1.33413063e+01
v 6.12074182e+03 5.04582997e+03 1.33725566e+01
v 6.11859431e+03 5.04616086e+03 1.34424781e+01
v 6.11972760e+03 5.04641960e+03 1.35357809e+01
v 6.11913828e+03 5.04593590e+03 1.33802818e+01
v 6.11928684e+03 5.04556926e+03 1.33878378e+01
v 6.11673405e+03 5.04650466e+03 1.36818327e+01
v 6.11879490e+03 5.05012253e+03 1.37129656e+01
v 6.11788907e+03 5.04973681e+03 1.34618099e+01
v 6.11710169e+03 5.05224396e+03 1.29017457e+01
v 6.11689161e+03 5.05187205e+03 1.32242952e+01
v 6.11766038e+03 5.05180026e+03 1.28466587e+01
v 6.11858068e+03 5.05196702e+03 1.27831012e+01
v 6.11758690e+03 5.04998489e+03 1.36583960e+01
v 6.11762248e+03 5.04946224e+03 1.33616352e+01
v 6.11751573e+03 5.04976811e+03 1.37113005e+01
v 6.12098340e+03 5.04484182e+03 1.34380000e+01
v 6.12022534e+03 5.05077929e+03 1.30907813e+01
v 6.12092566e+03 5.04973924e+03 1.34442045e+01
v 6.11789986e+03 5.05024040e+03 1.37205867e+01
v 6.11798381e+03 5.05765391e+03 1.36271218e+01
v 6.11761599e+03 5.05808299e+03 1.36293832e+01
v 6.11761976e+03 5.05799306e+03 1.28052469e+01
v 6.11821969e+03 5.05630886e+03 1.37463359e+01
v 6.11779317e+03 5.05772302e+03 1.33950143e+01
v 6.11846648e+03 5.05698467e+03 1.36730214e+01
v 6.11821257e+03 5.05724246e+03 1.37744350e+01
v 6.12029665e+03 5.05597140e+03 1.33929980e+01
v 6.11673556e+03 5.05542657e+03 1.30803901e+01
v 6.11666161e+03 5.05494520e+03 1.32228928e+01
v 6.12078454e+03 5.06131804e+03 1.38431545e+01
v 6.12003285e+03 5.05950209e+03 1.34359807e+01
v 6.11433706e+03 5.05283486e+03 1.50060412e+01
v 6.12063418e+03 5.05534400e+03 1.32914726e+01
v 6.12014096e+03 5.05369141e+03 1.31577452e+01
v 6.12048679e+03 5.05307672e+03 1.30745973e+01
v 6.11689048e+03 5.05299045e+03 1.28695365e+01
v 6.11632052e+03 5.05304485e+03 1.27179215e+01
v 6.11614788e+03 5.05277195e+03 1.28705845e+01
v 6.11811529e+03 5.05582244e+03 1.36628959e+01
v 6.11938186e+03 5.05827335e+03 1.34059234e+01
v 6.11982787e+03 5.06092932e+03 1.35250145e+01
v 6.11894882e+03 5.06099045e+03 1.33595311e+01
v 6.11541361e+03 5.05276179e+03 1.54531791e+01
v 6.11730364e+03 5.05571315e+03 1.34535029e+01
v 6.12022469e+03 5.05291951e+03 1.25185564e+01
v 6.12154071e+03 5.05318421e+03 1.33792681e+01
v 6.11860068e+03 5.05781111e+03 1.33055741e+01
v 6.11040852e+03 5.04879035e+03 1.59994394e+01
v 6.11438355e+03 5.06243444e+03 1.29023606e+01
v 6.11459140e+03 5.06238412e+03 1.20620591e+01
v 6.10907958e+03 5.06229669e+03 1.24855570e+01
v 6.11008952e+03 5.06220517e+03 9.59694241e+00
v 6.11781494e+03 5.05559628e+03 7.34498161e+00
v 6.11874654e+03 5.05600340e+03 7.46529499e+00
v 6.11987824e+03 5.05708257e+03 7.73587375e+00
v 6.11991664e+03 5.05740576e+03 7.65008685e+00
v 6.11867662e+03 5.05851339e+03 7.13195207e+00
v 6.11855559e+03 5.05958213e+03 7.03653151e+00
v 6.11506080e+03 5.05797187e+03 7.38479523e+00
v 6.11633057e+03 5.05474680e+03 8.22555336e+00
v 6.11712893e+03 5.05489757e+03 7.69745813e+00
v 6.11751557e+03 5.05497432e+03 7.63849264e+00
v 6.11669040e+03 5.05505515e+03 7.70242597e+00
v 6.11658513e+03 5.05539138e+03 7.47356044e+00
v 6.11742345e+03 5.05531736e+03 7.37168463e+00
v 6.11785672e+03 5.05605131e+03 7.26415416e+00
v 6.11425403e+03 5.05504184e+03 7.25311546e+00
v 6.11653507e+03 5.05578871e+03 7.30950185e+00
v 6.11583007e+03 5.05686118e+03 7.23313401e+00
v 6.11435709e+03 5.05613797e+03 7.12668896e+00
v 6.11840184e+03 5.05550213e+03 7.90790498e+00
v 6.11557972e+03 5.05964239e+03 7.31058438e+00
v 6.11732015e+03 5.06174296e+03 7.18311412e+00
v 6.11718186e+03 5.06205150e+03 7.17275181e+00
v 6.11739315e+03 5.06186091e+03 7.54281268e+00
v 6.11569039e+03 5.06072809e+03 1.18475806e+01
v 6.11464279e+03 5.05394451e+03 1.24655007e+01
v 6.11420229e+03 5.05333720e+03 1.21202733e+01
v 6.11483776e+03 5.05340745e+03 1.24331450e+01
v 6.11529084e+03 5.05404006e+03 1.26332759e+01
v 6.11575778e+03 5.05479549e+03 1.25099211e+01
v 6.11513965e+03 5.05433034e+03 1.23566813e+01
v 6.11582540e+03 5.05486068e+03 1.28334820e+01
v 6.11578804e+03 5.05476270e+03 1.30980084e+01
v 6.11618409e+03 5.05484738e+03 1.32037774e+01
v 6.11576507e+03 5.05454875e+03 1.29791934e+01
v 6.11897222e+03 5.05584037e+03 8.13502767e+00
v 6.11965811e+03 5.05660294e+03 7.64315775e+00
v 6.11770105e+03 5.05689203e+03 1.14161427e+01
v 6.11701042e+03 5.06248365e+03 7.28398483e+00
v 6.11903106e+03 5.05972529e+03 6.94601307e+00
v 6.11952974e+03 5.05961764e+03 7.09148485e+00
v 6.11980054e+03 5.05876570e+03 7.11451299e+00
v 6.12038855e+03 5.05856574e+03 7.18658462e+00
v 6.12022073e+03 5.05822392e+03 7.22840244e+00
v 6.12036826e+03 5.05832318e+03 7.35963683e+00
v 6.12032064e+03 5.05892076e+03 7.27635374e+00
v 6.11969880e+03 5.05791560e+03 7.15408617e+00
v 6.11888923e+03 5.05770238e+03 7.06830128e+00
v 6.11968561e+03 5.05714969e+03 7.45665756e+00
v 6.11953153e+03 5.05659742e+03 7.49412249e+00
v 6.12012482e+03 5.05792376e+03 7.46161130e+00
v 6.12007830e+03 5.05938845e+03 7.27556459e+00
v 6.11934869e+03 5.05618195e+03 7.65889213e+00
v 6.11625045e+03 5.05452597e+03 1.30043821e+01
v 6.11614647e+03 5.05387050e+03 1.27663991e+01
v 6.11421038e+03 5.05375803e+03 1.20271300e+01
v 6.11549535e+03 5.05450747e+03 1.27244290e+01
v 6.11719989e+03 5.05049929e+03 1.34927840e+01
v 6.11779821e+03 5.05471585e+03 8.67378655e+00
v 6.11790153e+03 5.05481291e+03 8.46798353e+00
v 6.11890321e+03 5.05139151e+03 1.28892748e+01
v 6.12125952e+03 5.04694341e+03 1.33701366e+01
v 6.11503316e+03 5.05246048e+03 1.27671101e+01
v 6.11701694e+03 5.05558014e+03 1.33036855e+01
v 6.12084888e+03 5.04681190e+03 1.33272109e+01
v 6.11960147e+03 5.05056334e+03 1.31896562e+01
v 6.12072716e+03 5.03811461e+03 1.32955555e+01
v 6.11856578e+03 5.03875156e+03 1.32239946e+01
v 6.11894054e+03 5.03829278e+03 1.33503589e+01
v 6.11895958e+03 5.05593767e+03 7.63021766e+00
v 6.11772300e+03 5.05777800e+03 1.17427590e+01
v 6.11703075e+03 5.05877475e+03 1.23166864e+01
v 6.11693371e+03 5.05878552e+03 1.31004104e+01
v 6.11474811e+03 5.06216040e+03 1.25591875e+01
v 6.11563411e+03 5.05467951e+03 1.29060149e+01
v 6.11595754e+03 5.05463680e+03 1.31254025e+01
v 6.11685597e+03 5.05073445e+03 1.33790490e+01
v 6.11652969e+03 5.05442931e+03 1.29004407e+01
v 6.12039827e+03 5.05149158e+03 1.28555726e+01
v 6.11781027e+03 5.03641106e+03 1.33214646e+01
v 6.11063133e+03 5.04982460e+03 1.10916137e+01
v 6.11036593e+03 5.04986237e+03 1.07647788e+01
v 6.11102238e+03 5.05000294e+03 1.10841307e+01
v 6.11123190e+03 5.05035520e+03 1.12813040e+01
v 6.11113211e+03 5.05020647e+03 1.16134512e+01
v 6.11163554e+03 5.05119868e+03 1.14194289e+01
v 6.11261210e+03 5.05175678e+03 1.16509310e+01
v 6.11073199e+03 5.05148684e+03 1.12470522e+01
v 6.11073410e+03 5.05026692e+03 1.09505846e+01
v 6.11004940e+03 5.04944695e+03 1.10598221e+01
v 6.10957869e+03 5.04801713e+03 1.10789482e+01
v 6.10961615e+03 5.04854598e+03 1.11255075e+01
v 6.10884559e+03 5.04806507e+03 1.08554911e+01
v 6.10877032e+03 5.04844985e+03 1.09140212e+01
v 6.11021775e+03 5.04799766e+03 1.15683648e+01
v 6.11000828e+03 5.04895787e+03 1.13367299e+01
v 6.10943878e+03 5.04923503e+03 1.06368094e+01
v 6.10894012e+03 5.04893536e+03 1.03525992e+01
v 6.11025616e+03 5.04952437e+03 1.13582893e+01
v 6.11002313e+03 5.04983684e+03 1.07278577e+01
v 6.10924444e+03 5.05087708e+03 1.06794540e+01
v 6.11130822e+03 5.05141822e+03 1.12980669e+01
v 6.11093712e+03 5.05121717e+03 8.13070020e+00
v 6.11206074e+03 5.05222625e+03 8.03110978e+00
v 6.11191811e+03 5.05230583e+03 7.38297114e+00
v 6.11270290e+03 5.05283271e+03 7.75366082e+00
v 6.11342827e+03 5.05285119e+03 8.72111577e+00
v 6.10967197e+03 5.04745201e+03 1.14820600e+01
v 6.10953166e+03 5.05134114e+03 7.31505176e+00
v 6.11044433e+03 5.05099223e+03 7.88408967e+00
v 6.11158781e+03 5.05178530e+03 7.51110047e+00
v 6.11011524e+03 5.05082552e+03 8.44159493e+00
v 6.11148990e+03 5.05183639e+03 1.15094003e+01
v 6.11080824e+03 5.05171105e+03 7.12664665e+00
v 6.10973759e+03 5.05278982e+03 7.14437823e+00
v 6.11428839e+03 5.05234436e+03 1.25367992e+01
v 6.11438665e+03 5.05278462e+03 1.22469371e+01
v 6.11027501e+03 5.05164883e+03 7.06528818e+00
v 6.10928730e+03 5.05166567e+03 7.16934477e+00
v 6.10877987e+03 5.05126180e+03 8.71598763e+00
v 6.10931910e+03 5.05118056e+03 8.90243251e+00
v 6.11204572e+03 5.05274761e+03 7.16806530e+00
v 6.10970601e+03 5.05159973e+03 1.11530152e+01
v 6.10931091e+03 5.05179538e+03 1.11297253e+01
v 6.10871213e+03 5.05133644e+03 1.07610150e+01
v 6.10878761e+03 5.05154923e+03 1.05935678e+01
v 6.10984530e+03 5.05213568e+03 1.15418002e+01
v 6.11126579e+03 5.05170537e+03 7.16867470e+00
v 6.11138756e+03 5.05242264e+03 7.08699925e+00
v 6.11267040e+03 5.05149126e+03 1.17841865e+01
v 6.10955368e+03 5.05199873e+03 1.13335447e+01
v 6.10877247e+03 5.05145673e+03 7.47478611e+00
v 6.10926978e+03 5.05117620e+03 8.27354188e+00
v 6.10949521e+03 5.04978531e+03 1.05874701e+01
v 6.10828239e+03 5.05010983e+03 1.01893980e+01
v 6.10975138e+03 5.05126483e+03 9.12244871e+00
v 6.10808032e+03 5.05095334e+03 1.06381475e+01
v 6.10828537e+03 5.05088060e+03 1.05646603e+01
v 6.10677632e+03 5.05019804e+03 9.94826772e+00
v 6.10718999e+03 5.05045322e+03 1.01835151e+01
v 6.10690720e+03 5.05060844e+03 9.53066420e+00
v 6.10754447e+03 5.05086463e+03 9.72030112e+00
v 6.10805081e+03 5.05110064e+03 1.04253649e+01
v 6.10788634e+03 5.05087793e+03 1.04313154e+01
v 6.10866351e+03 5.04935607e+03 1.02173225e+01
v 6.10741473e+03 5.05059945e+03 1.04082831e+01
v 6.12065119e+03 5.04231094e+03 1.34093457e+01
v 6.11914220e+03 5.05153836e+03 1.26032972e+01
v 6.11980269e+03 5.05307068e+03 1.24256727e+01
v 6.11740821e+03 5.05215067e+03 1.27163316e+01
v 6.11910254e+03 5.05280332e+03 1.23651835e+01
v 6.11774077e+03 5.05208439e+03 1.27453448e+01
v 6.11838264e+03 5.05244389e+03 1.26177262e+01
v 6.11921466e+03 5.05191324e+03 1.23867733e+01
v 6.11946481e+03 5.05274236e+03 1.23056236e+01
v 6.12007478e+03 5.05269234e+03 1.24159399e+01
v 6.11343339e+03 5.03782225e+03 1.33561027e+01
v 6.10783794e+03 5.04603380e+03 1.26810219e+01
v 6.10893134e+03 5.04635084e+03 1.23852321e+01
v 6.10885191e+03 5.04565245e+03 1.29125359e+01
v 6.10731689e+03 5.04546842e+03 1.29987311e+01
v 6.10630627e+03 5.04612836e+03 1.03447823e+01
v 6.10752469e+03 5.04600429e+03 1.11123821e+01
v 6.10958985e+03 5.04666104e+03 1.22831011e+01
v 6.11020374e+03 5.04591303e+03 1.27466296e+01
v 6.11068693e+03 5.04785355e+03 1.26594834e+01
v 6.11009452e+03 5.04942857e+03 1.12979160e+01
v 6.10826082e+03 5.04633782e+03 1.22287657e+01
v 6.10748105e+03 5.04448581e+03 1.33371292e+01
v 6.11040510e+03 5.04640711e+03 1.25684459e+01
v 6.11002671e+03 5.04692040e+03 1.22046222e+01
v 6.11036068e+03 5.04761265e+03 1.18543459e+01
v 6.11040413e+03 5.04718914e+03 1.22847059e+01
v 6.11030695e+03 5.04904612e+03 1.24162610e+01
v 6.11052620e+03 5.04804885e+03 1.20209953e+01
v 6.11034571e+03 5.04878114e+03 1.19185990e+01
v 6.11038207e+03 5.04950036e+03 1.18848845e+01
v 6.11048837e+03 5.05001695e+03 1.25245169e+01
v 6.11027461e+03 5.04945726e+03 1.24370697e+01
v 6.11051842e+03 5.05249756e+03 1.20257239e+01
v 6.11046787e+03 5.05188583e+03 1.14618219e+01
v 6.11022391e+03 5.05222535e+03 1.18209014e+01
v 6.11126680e+03 5.05230231e+03 1.17620194e+01
v 6.11027526e+03 5.05028038e+03 1.29753047e+01
v 6.11083362e+03 5.05034336e+03 1.27030995e+01
v 6.11144000e+03 5.05053112e+03 1.20953550e+01
v 6.11383350e+03 5.05217831e+03 1.27057506e+01
v 6.11345727e+03 5.05187613e+03 1.22619270e+01
v 6.11403759e+03 5.05238356e+03 1.21593042e+01
v 6.11360761e+03 5.05235240e+03 1.17821593e+01
v 6.11387952e+03 5.05280959e+03 1.18886774e+01
v 6.11259252e+03 5.05300957e+03 1.14785511e+01
v 6.11284860e+03 5.05264159e+03 1.16147200e+01
v 6.11016632e+03 5.05235381e+03 1.19020855e+01
v 6.11083045e+03 5.04752719e+03 1.37204153e+01
v 6.11086737e+03 5.05267776e+03 1.18887228e+01
v 6.11201271e+03 5.05100168e+03 1.16160773e+01
v 6.11171791e+03 5.05072427e+03 1.16542187e+01
v 6.11022576e+03 5.04912906e+03 1.16543340e+01
v 6.11087860e+03 5.05080273e+03 1.11247563e+01
v 6.10799038e+03 5.05041498e+03 1.02890892e+01
v 6.10895379e+03 5.05183747e+03 7.22121992e+00
v 6.10841586e+03 5.05165135e+03 7.34430505e+00
v 6.10632723e+03 5.05113169e+03 7.42495807e+00
v 6.10729230e+03 5.05153032e+03 7.25946211e+00
v 6.10643006e+03 5.04996978e+03 9.76724646e+00
v 6.10716166e+03 5.05000532e+03 9.98072199e+00
v 6.10651496e+03 5.04940857e+03 9.47343899e+00
v 6.10698446e+03 5.05020897e+03 1.01241931e+01
v 6.10856198e+03 5.04882418e+03 1.00423505e+01
v 6.10834562e+03 5.04893884e+03 1.00180863e+01
v 6.10831169e+03 5.05136392e+03 7.63162520e+00
v 6.10730896e+03 5.04820046e+03 9.66031169e+00
v 6.10742053e+03 5.04741088e+03 1.02587270e+01
v 6.10765289e+03 5.04789150e+03 1.03783102e+01
v 6.10738660e+03 5.04776379e+03 1.01071418e+01
v 6.10735696e+03 5.04653548e+03 1.04062750e+01
v 6.10859921e+03 5.04728859e+03 1.07910693e+01
v 6.10819845e+03 5.04822443e+03 1.07053173e+01
v 6.10799677e+03 5.04794155e+03 1.05710207e+01
v 6.10807234e+03 5.04850420e+03 1.00410821e+01
v 6.10854218e+03 5.04864951e+03 1.02460482e+01
v 6.10776698e+03 5.04634006e+03 1.07677589e+01
v 6.10857858e+03 5.04684786e+03 1.10786088e+01
v 6.10888250e+03 5.04863636e+03 1.08323207e+01
v 6.10644973e+03 5.04748234e+03 9.54770315e+00
v 6.10852068e+03 5.04840912e+03 1.07348486e+01
v 6.10812249e+03 5.04836434e+03 1.04195066e+01
v 6.11049011e+03 5.04542730e+03 1.34663815e+01
v 6.10717751e+03 5.04579256e+03 1.22425615e+01
v 6.11385985e+03 5.04438567e+03 1.38091816e+01
v 6.11447922e+03 5.03669032e+03 1.34253123e+01
v 6.11156482e+03 5.03688975e+03 1.36823762e+01
v 6.11058186e+03 5.04586741e+03 1.29700953e+01
v 6.11224769e+03 5.05215752e+03 1.16245039e+01
v 6.11323014e+03 5.05222380e+03 1.16936286e+01
v 6.11199984e+03 5.05305928e+03 1.16180358e+01
v 6.11052930e+03 5.05128049e+03 7.40022361e+00
v 6.11100303e+03 5.05132811e+03 7.54684674e+00
v 6.11301367e+03 5.05322002e+03 1.12734634e+01
v 6.11137218e+03 5.05307402e+03 1.13413747e+01
v 6.11247251e+03 5.05319969e+03 1.10865415e+01
v 6.11380559e+03 5.05326655e+03 1.18189879e+01
v 6.11089621e+03 5.04694878e+03 1.32884378e+01
v 6.11063876e+03 5.04720262e+03 1.26128807e+01
v 6.11076773e+03 5.04623559e+03 1.29111849e+01
v 6.11011400e+03 5.04976536e+03 1.32180265e+01
v 6.11325713e+03 5.05305137e+03 1.15844329e+01
v 6.11208820e+03 5.05077533e+03 1.18914929e+01
v 6.10945753e+03 5.05185221e+03 1.13337209e+01
v 6.11043457e+03 5.05001027e+03 1.48727906e+01
v 6.11075716e+03 5.05277022e+03 1.14952426e+01
v 6.11200288e+03 5.05307806e+03 1.05369994e+01
v 6.10788936e+03 5.06101507e+03 1.03831716e+01
v 6.10930078e+03 5.06211130e+03 1.11966814e+01
v 6.10998958e+03 5.06222720e+03 1.04274558e+01
v 6.10893271e+03 5.06159512e+03 9.86381175e+00
v 6.10958173e+03 5.06187632e+03 9.48551138e+00
v 6.10940426e+03 5.06116493e+03 8.91794145e+00
v 6.11097741e+03 5.06186399e+03 7.25339786e+00
v 6.10963899e+03 5.06094182e+03 7.43682487e+00
v 6.10997381e+03 5.06105609e+03 7.30010017e+00
v 6.10993482e+03 5.06052962e+03 7.17698602e+00
v 6.11037756e+03 5.06105910e+03 7.22893337e+00
v 6.10995732e+03 5.06133898e+03 7.56220403e+00
v 6.11152791e+03 5.06107458e+03 7.18676279e+00
v 6.11317137e+03 5.05179717e+03 1.19003555e+01
v 6.11205569e+03 5.05263552e+03 1.16856044e+01
v 6.11125703e+03 5.05261196e+03 1.18836894e+01
v 6.11133348e+03 5.05293611e+03 1.17530383e+01
v 6.11150175e+03 5.04287399e+03 1.35590882e+01
v 6.11069963e+03 5.04989044e+03 1.16577998e+01
v 6.10853126e+03 5.04655819e+03 1.16195210e+01
v 6.10913980e+03 5.04676951e+03 1.18935753e+01
v 6.10723708e+03 5.05469289e+03 7.26163439e+00
v 6.10833670e+03 5.05766296e+03 7.25738567e+00
v 6.10967500e+03 5.05791536e+03 7.27724306e+00
v 6.10805604e+03 5.05271705e+03 7.21117300e+00
v 6.10597782e+03 5.05159287e+03 7.23928819e+00
v 6.11140366e+03 5.05694263e+03 7.06680432e+00
v 6.11225972e+03 5.05553288e+03 7.23571127e+00
v 6.11076663e+03 5.05628029e+03 7.01999112e+00
v 6.11361363e+03 5.05383733e+03 7.66883170e+00
v 6.11211910e+03 5.05367728e+03 7.10429300e+00
v 6.11341054e+03 5.05445960e+03 7.35128026e+00
v 6.11119526e+03 5.05536597e+03 7.15611121e+00
v 6.11132203e+03 5.05422192e+03 7.07252256e+00
v 6.11265621e+03 5.05330296e+03 1.06493016e+01
v 6.10905646e+03 5.06075247e+03 8.56952530e+00
v 6.10818333e+03 5.06037413e+03 7.68415981e+00
v 6.10817619e+03 5.06036935e+03 8.53074960e+00
v 6.10981417e+03 5.05948867e+03 7.31135367e+00
v 6.11073336e+03 5.06146935e+03 7.20155901e+00
v 6.11132164e+03 5.06153978e+03 7.10312737e+00
v 6.11304375e+03 5.06042958e+03 7.20517927e+00
v 6.11358797e+03 5.05945072e+03 7.15389687e+00
v 6.10998801e+03 5.05611950e+03 7.17750198e+00
v 6.11061228e+03 5.05695909e+03 7.22185276e+00
v 6.10733419e+03 5.05926709e+03 7.20893911e+00
v 6.10854320e+03 5.05915224e+03 7.20682482e+00
v 6.11030814e+03 5.06154547e+03 7.32163324e+00
v 6.10919954e+03 5.06055631e+03 7.27682024e+00
v 6.10929035e+03 5.06020467e+03 7.12026999e+00
v 6.10186992e+03 5.04915860e+03 7.48019441e+00
v 6.10212996e+03 5.04905929e+03 7.78672108e+00
v 6.10295706e+03 5.04931149e+03 8.44772136e+00
v 6.10231192e+03 5.04879387e+03 8.69074306e+00
v 6.10260168e+03 5.04933300e+03 7.95120904e+00
v 6.10363611e+03 5.04997985e+03 7.29757753e+00
v 6.10351837e+03 5.05017220e+03 7.30398909e+00
v 6.10412122e+03 5.05067042e+03 7.28496315e+00
v 6.10254331e+03 5.05024810e+03 7.36986388e+00
v 6.10374875e+03 5.04967187e+03 8.82694597e+00
v 6.10538633e+03 5.05045719e+03 9.01135866e+00
v 6.10505752e+03 5.05042034e+03 8.12819936e+00
v 6.10504813e+03 5.04780305e+03 9.37857480e+00
v 6.10538278e+03 5.04874407e+03 9.37273942e+00
v 6.10320203e+03 5.04920288e+03 9.43653275e+00
v 6.10495252e+03 5.05030929e+03 9.28255591e+00
v 6.10466403e+03 5.05037002e+03 7.57358085e+00
v 6.10355636e+03 5.04690381e+03 8.91737255e+00
v 6.10313434e+03 5.04747450e+03 8.96151686e+00
v 6.10307956e+03 5.04897189e+03 9.45426176e+00
v 6.10268834e+03 5.04883248e+03 9.26709214e+00
v 6.10217822e+03 5.04854768e+03 9.31585636e+00
v 6.10234136e+03 5.04754603e+03 8.97542887e+00
v 6.10484561e+03 5.04995805e+03 9.78806471e+00
v 6.10415493e+03 5.04969428e+03 9.97394751e+00
v 6.10435376e+03 5.04989475e+03 9.56998516e+00
v 6.10303061e+03 5.04852341e+03 9.12004377e+00
v 6.10215145e+03 5.04836899e+03 9.35452307e+00
v 6.10363572e+03 5.04898625e+03 9.47758782e+00
v 6.10401818e+03 5.04919114e+03 9.73145644e+00
v 6.10820145e+03 5.06099094e+03 9.24101386e+00
v 6.10759501e+03 5.06071137e+03 9.12621175e+00
v 6.10936343e+03 5.06089072e+03 7.81168618e+00
v 6.10847808e+03 5.06067922e+03 8.82277687e+00
v 6.10884531e+03 5.06051930e+03 7.58559258e+00
v 6.10763651e+03 5.06007070e+03 7.63245639e+00
v 6.10777793e+03 5.06001295e+03 7.38278908e+00
v 6.10741572e+03 5.05970620e+03 7.37886712e+00
v 6.10745033e+03 5.05984382e+03 7.96625382e+00
v 6.10742652e+03 5.06037476e+03 8.94666156e+00
v 6.10722083e+03 5.05978165e+03 8.54657606e+00
v 6.10668535e+03 5.05984707e+03 8.78086096e+00
v 6.10636429e+03 5.05991701e+03 9.10034789e+00
v 6.10716790e+03 5.05962273e+03 8.23654694e+00
v 6.10718471e+03 5.06048247e+03 9.47265792e+00
v 6.10772231e+03 5.06018721e+03 8.73189062e+00
v 6.10875993e+03 5.06125233e+03 9.21027362e+00
v 6.10860885e+03 5.05977525e+03 7.12301408e+00
v 6.10645277e+03 5.05692026e+03 7.39159243e+00
v 6.11170375e+03 5.05801365e+03 7.24209469e+00
v 6.10847798e+03 5.05568598e+03 7.28273879e+00
v 6.10924954e+03 5.05525845e+03 7.21069973e+00
v 6.11090180e+03 5.05378139e+03 7.12527643e+00
v 6.10340828e+03 5.04635265e+03 9.14178226e+00
v 6.10465220e+03 5.04672302e+03 9.63229854e+00
v 6.10265195e+03 5.04674224e+03 8.70179504e+00
v 6.10425932e+03 5.04682178e+03 9.29153193e+00
v 6.10274733e+03 5.04631017e+03 8.74044126e+00
v 6.10266904e+03 5.04597635e+03 9.01028029e+00
v 6.10318625e+03 5.04661113e+03 8.80002327e+00
v 6.10293147e+03 5.04569866e+03 9.79453273e+00
v 6.10415578e+03 5.04871197e+03 9.42348060e+00
v 6.10563631e+03 5.04612762e+03 1.02961467e+01
v 6.10547439e+03 5.04562649e+03 1.15518015e+01
v 6.10585317e+03 5.04580630e+03 1.08590481e+01
v 6.10642131e+03 5.04573346e+03 1.11678804e+01
v 6.10774105e+03 5.04574878e+03 1.29195584e+01
v 6.10512089e+03 5.04600155e+03 1.11074934e+01
v 6.10502222e+03 5.04621792e+03 1.05424810e+01
v 6.10699819e+03 5.04562285e+03 1.26271697e+01
v 6.10203199e+03 5.04503442e+03 1.06558432e+01
v 6.10232254e+03 5.04501139e+03 1.25171740e+01
v 6.10475120e+03 5.04644352e+03 9.98256073e+00
v 6.10363319e+03 5.04517559e+03 1.21077035e+01
v 6.10308123e+03 5.04440049e+03 1.27663435e+01
v 6.10513172e+03 5.04948875e+03 9.56475572e+00
v 6.10590750e+03 5.04937707e+03 9.40259465e+00
v 6.10376213e+03 5.04458755e+03 1.25286513e+01
v 6.10184538e+03 5.04443914e+03 1.27616871e+01
v 6.10211637e+03 5.04446023e+03 1.27663305e+01
v 6.10471120e+03 5.04565944e+03 1.15514982e+01
v 6.10268896e+03 5.04401576e+03 1.29986569e+01
v 6.10462354e+03 5.04514379e+03 1.22541143e+01
v 6.10338589e+03 5.04410776e+03 1.50739134e+01
v 6.10206273e+03 5.05363954e+03 7.38565519e+00
v 6.10216594e+03 5.05640528e+03 7.51193243e+00
v 6.10250279e+03 5.05610007e+03 7.30977225e+00
v 6.10431355e+03 5.04818750e+03 9.27316171e+00
v 6.10354996e+03 5.04932632e+03 9.83955000e+00
v 6.10376464e+03 5.04959487e+03 9.74465572e+00
v 6.10443864e+03 5.04958694e+03 9.95689706e+00
v 6.10398171e+03 5.04947650e+03 1.00400555e+01
v 6.10458841e+03 5.04925475e+03 9.65524037e+00
v 6.10574373e+03 5.05035563e+03 9.55108906e+00
v 6.10577185e+03 5.04981962e+03 9.70555737e+00
v 6.10535288e+03 5.05016184e+03 9.80467886e+00
v 6.10482461e+03 5.04744409e+03 9.37156288e+00
v 6.10545349e+03 5.04634326e+03 1.01226960e+01
v 6.10644962e+03 5.04701428e+03 9.83827887e+00
v 6.10196281e+03 5.04644295e+03 8.36074891e+00
v 6.10475348e+03 5.05921397e+03 1.06793931e+01
v 6.10521170e+03 5.05909093e+03 9.06572639e+00
v 6.10389029e+03 5.05841436e+03 9.24294662e+00
v 6.10600475e+03 5.05869876e+03 7.16700533e+00
v 6.10557086e+03 5.05870611e+03 7.40520528e+00
v 6.10612735e+03 5.05904366e+03 7.36069335e+00
v 6.10513237e+03 5.05789615e+03 7.05052250e+00
v 6.10670699e+03 5.05861505e+03 7.24084863e+00
v 6.10576567e+03 5.05984191e+03 1.09264056e+01
v 6.10584333e+03 5.05911104e+03 8.20157739e+00
v 6.10685776e+03 5.05931931e+03 7.39482721e+00
v 6.10338752e+03 5.05876378e+03 1.20329462e+01
v 6.10405104e+03 5.06190643e+03 1.32467334e+01
v 6.10460567e+03 5.05053535e+03 7.31633396e+00
v 6.10351134e+03 5.05239878e+03 7.34113515e+00
v 6.10542283e+03 5.05421382e+03 7.31137520e+00
v 6.10331283e+03 5.05154466e+03 7.27127392e+00
v 6.10269482e+03 5.05312322e+03 7.49280069e+00
v 6.10441238e+03 5.05471444e+03 7.26978044e+00
v 6.10351174e+03 5.05701932e+03 7.27686776e+00
v 6.10319008e+03 5.05527804e+03 7.32069208e+00
v 6.10402922e+03 5.05737302e+03 7.29802700e+00
v 6.10370232e+03 5.05744932e+03 7.63770144e+00
v 6.10271255e+03 5.05654101e+03 7.24109029e+00
v 6.10428359e+03 5.05797139e+03 7.51727546e+00
v 6.10537686e+03 5.05583682e+03 7.26613143e+00
v 6.10582908e+03 5.05833785e+03 7.15045701e+00
v 6.10261020e+03 5.05381369e+03 7.58667135e+00
v 6.10495151e+03 5.05294947e+03 7.25563983e+00
v 6.10517890e+03 5.05031355e+03 9.68224415e+00
v 6.10564398e+03 5.05928614e+03 8.71310891e+00
v 6.10496972e+03 5.05810022e+03 7.07606253e+00
v 6.10522117e+03 5.05846709e+03 7.20679510e+00
v 6.10440546e+03 5.05799568e+03 7.27194871e+00
v 6.10495907e+03 5.05844609e+03 7.33477031e+00
v 6.10463284e+03 5.05830319e+03 8.42205751e+00
v 6.10235923e+03 5.05485498e+03 7.40216988e+00
v 6.10496680e+03 5.05099246e+03 7.26669150e+00
v 6.10645932e+03 5.06035724e+03 1.08908426e+01
v 6.10641868e+03 5.06000895e+03 9.98599798e+00
v 6.11095695e+03 5.03604755e+03 1.33882136e+01
v 6.11112335e+03 5.03489381e+03 1.33929000e+01
v 6.11314444e+03 5.03445449e+03 1.33452099e+01
v 6.11413459e+03 5.03463546e+03 1.33252376e+01
v 6.11181421e+03 5.03334906e+03 1.33100130e+01
v 6.11298108e+03 5.03379234e+03 1.33521751e+01
v 6.11015685e+03 5.03408592e+03 1.34437049e+01
v 6.11370686e+03 5.03351777e+03 1.34887103e+01
v 6.11634306e+03 5.03489698e+03 1.34070238e+01
v 6.11496389e+03 5.03553709e+03 1.33237772e+01
v 6.12101447e+03 5.03545728e+03 1.36970665e+01
v 6.12084226e+03 5.03487956e+03 1.36493179e+01
v 6.11960826e+03 5.03502704e+03 1.35531684e+01
v 6.11791022e+03 5.03542381e+03 1.33465963e+01
v 6.11956712e+03 5.03358890e+03 1.40434511e+01
v 6.11910114e+03 5.03367408e+03 1.38772636e+01
v 6.11708452e+03 5.03338621e+03 1.37252439e+01
v 6.11990860e+03 5.03599968e+03 1.33994285e+01
v 6.11808787e+03 5.03422607e+03 1.39835918e+01
v 6.11766897e+03 5.03415271e+03 1.40081234e+01
v 6.11605293e+03 5.03361806e+03 1.33791309e+01
v 6.11355284e+03 5.03686331e+03 1.33559078e+01
v 6.11698520e+03 5.03496170e+03 1.35012377e+01
v 6.11744482e+03 5.03480813e+03 1.36276545e+01
v 6.11728734e+03 5.03432866e+03 1.37266611e+01
v 6.11764002e+03 5.03449545e+03 1.39789717e+01
v 6.11048702e+03 5.03529988e+03 1.34380033e+01
v 6.10230847e+03 5.03689648e+03 1.36335648e+01
v 6.10585196e+03 5.03367155e+03 1.36062884e+01
v 6.10640357e+03 5.03469239e+03 1.38386934e+01
v 6.10718430e+03 5.03393704e+03 1.35004740e+01
v 6.10852955e+03 5.03360588e+03 1.34114579e+01
v 6.10753003e+03 5.03583816e+03 1.36872243e+01
v 6.10812376e+03 5.03610159e+03 1.37743268e+01
v 6.10575605e+03 5.03568904e+03 1.35458559e+01
v 6.10855168e+03 5.03570921e+03 1.38487025e+01
v 6.10742473e+03 5.03518330e+03 1.36353974e+01
v 6.10360036e+03 5.03550525e+03 1.35544228e+01
v 6.10337682e+03 5.03381576e+03 1.35969131e+01
v 6.10704398e+03 5.03534250e+03 1.38332657e+01
v 6.11237580e+03 5.03636589e+03 1.33959580e+01
v 6.11280233e+03 5.03692019e+03 1.33442644e+01
v 6.10959166e+03 5.03491093e+03 1.34558337e+01
v 6.10916959e+03 5.03594021e+03 1.36265442e+01
v 6.11975896e+03 5.03440317e+03 1.36907722e+01
v 6.11864540e+03 5.03395999e+03 1.37683344e+01
v 6.12030004e+03 5.03349489e+03 1.40261545e+01
v 6.10481083e+03 5.03403840e+03 1.36038664e+01
v 6.10382246e+03 5.03272653e+03 1.35686524e+01
v 6.10959451e+03 5.03196558e+03 1.33807395e+01
v 6.10648140e+03 5.03323759e+03 1.34852209e+01
v 6.11817507e+03 5.03452435e+03 1.38528507e+01
v 6.10915124e+03 5.03552474e+03 1.37141061e+01
v 6.11153946e+03 5.03604187e+03 1.33681822e+01
v 6.11101357e+03 5.03662584e+03 1.35984799e+01
v 6.10454183e+03 5.03258818e+03 1.36855090e+01
v 6.10826120e+03 5.03464831e+03 1.34716497e+01
v 6.12078270e+03 5.03239680e+03 1.38733155e+01
v 6.11056552e+03 5.03239702e+03 1.33448158e+01
v 6.10263592e+03 5.03135507e+03 1.35903284e+01
v 6.10249004e+03 5.03264755e+03 1.36587495e+01
v 6.10206929e+03 5.03195203e+03 1.35507242e+01
v 6.10996691e+03 5.03128661e+03 1.35309156e+01
v 6.11348964e+03 5.03186293e+03 1.35044725e+01
v 6.12060634e+03 5.03413647e+03 1.38607792e+01
v 6.11701609e+03 5.03198919e+03 1.36792312e+01
v 6.11231707e+03 5.03259694e+03 1.35334347e+01
v 6.11623990e+03 5.03273253e+03 1.35916861e+01
v 6.11451566e+03 5.03265713e+03 1.34036308e+01
v 6.10460395e+03 5.03202758e+03 1.35827640e+01
v 6.10556276e+03 5.03228856e+03 1.34752087e+01
v 6.11140028e+03 5.03199021e+03 1.35445454e+01
v 6.11640313e+03 5.03127570e+03 1.37945415e+01
v 6.11792358e+03 5.03472254e+03 1.38976361e+01
v 6.10659829e+03 5.03604437e+03 1.36475714e+01
v 6.11786825e+03 5.03456799e+03 1.42668517e+01
v 6.11771906e+03 5.03469616e+03 1.39778183e+01
v 6.11779321e+03 5.03468532e+03 1.45011042e+01
v 6.12118242e+03 5.03406527e+03 1.37149908e+01
v 6.10543661e+03 5.03478473e+03 1.36699744e+01
v 6.11778725e+03 5.03464322e+03 1.43569179e+01
v 6.11672512e+03 5.03647399e+03 1.86526557e+01
v 6.11754651e+03 5.03509805e+03 1.76057763e+01
v 6.11755938e+03 5.03505034e+03 1.78006568e+01
v 6.10629943e+03 5.03516161e+03 1.38566446e+01
v 6.10274879e+03 5.03774784e+03 1.38444191e+01
v 6.10347216e+03 5.04151183e+03 1.75023998e+01
v 6.11996832e+03 5.03150483e+03 1.79104996e+01
v 6.11763358e+03 5.03498185e+03 1.89782918e+01
v 6.11715172e+03 5.03553757e+03 1.92966738e+01
v 6.11712821e+03 5.03581688e+03 1.93235033e+01
v 6.11688009e+03 5.03604922e+03 1.93256920e+01
v 6.11747105e+03 5.03535256e+03 1.92185802e+01
v 6.11731245e+03 5.03513823e+03 1.86261279e+01
v 6.11986516e+03 5.03137763e+03 1.83083808e+01
v 6.11759760e+03 5.03523259e+03 1.86617822e+01
v 6.11756973e+03 5.03506111e+03 1.85425965e+01
v 6.12052743e+03 5.03194412e+03 1.81312338e+01
v 6.12046089e+03 5.03158298e+03 1.84288985e+01
v 6.11666414e+03 5.03622541e+03 1.86184304e+01
v 6.11691122e+03 5.03568873e+03 1.84136824e+01
v 6.11633096e+03 5.03692554e+03 1.86753592e+01
v 6.12134727e+03 5.03242599e+03 1.83506940e+01
v 6.12122703e+03 5.03235258e+03 1.81665188e+01
v 6.10588654e+03 5.05013512e+03 9.75256397e+00
v 6.10334417e+03 5.04422153e+03 1.29980033e+01
v 6.10330664e+03 5.04434210e+03 1.43630871e+01
v 6.11041201e+03 5.05085092e+03 8.32190445e+00
v 6.11792727e+03 5.05060069e+03 1.64226976e+01
v 6.11008542e+03 5.04802514e+03 1.46388620e+01
v 6.11037017e+03 5.05005028e+03 1.55681361e+01
v 6.10570977e+03 5.04293804e+03 1.84828291e+01
v 6.11426009e+03 5.05068284e+03 2.11157761e+01
v 6.10464161e+03 5.04327829e+03 1.88693747e+01
v 6.11430235e+03 5.05028063e+03 2.12934667e+01
v 6.11445955e+03 5.05051754e+03 2.13553029e+01
v 6.09368750e+03 5.03965075e+03 8.75505401e+00
v 6.09368750e+03 5.03956839e+03 9.54088768e+00
v 6.09368750e+03 5.05889976e+03 1.35241888e+01
v 6.09368750e+03 5.05937920e+03 1.35141389e+01
v 6.09368750e+03 5.05456497e+03 1.56418381e+01
v 6.09368750e+03 5.05430239e+03 1.53770792e+01
v 6.09368750e+03 5.05817836e+03 1.34356146e+01
v 6.09368750e+03 5.03572837e+03 1.41840428e+01
v 6.09368750e+03 5.03533336e+03 1.42745930e+01
v 6.09368750e+03 5.05762342e+03 1.34189388e+01
v 6.09368750e+03 5.05729091e+03 1.34379193e+01
v 6.09368750e+03 5.05249934e+03 1.06742967e+01
v 6.09368750e+03 5.05245776e+03 1.05054182e+01
v 6.09368750e+03 5.04394358e+03 7.37285074e+00
v 6.09368750e+03 5.04450786e+03 7.42444186e+00
v 6.09368750e+03 5.03519015e+03 1.43083027e+01
v 6.09368750e+03 5.05397326e+03 1.44577149e+01
v 6.09368750e+03 5.05376459e+03 1.40695442e+01
v 6.09368750e+03 5.03160841e+03 1.39186069e+01
v 6.09368750e+03 5.03202636e+03 1.40501153e+01
v 6.09368750e+03 5.03474866e+03 1.43533957e+01
v 6.09368750e+03 5.03515467e+03 1.43131626e+01
v 6.09368750e+03 5.03679645e+03 1.41808138e+01
v 6.09368750e+03 5.03414725e+03 1.42795503e+01
v 6.09368750e+03 5.03401460e+03 1.42632825e+01
v 6.09368750e+03 5.03369381e+03 1.41660210e+01
v 6.09368750e+03 5.03265435e+03 1.42445485e+01
v 6.09368750e+03 5.03341126e+03 1.42111021e+01
v 6.09368750e+03 5.03236961e+03 1.41714092e+01
v 6.09368750e+03 5.03948836e+03 1.06314677e+01
v 6.09368750e+03 5.03876042e+03 1.25715919e+01
v 6.09368750e+03 5.03871892e+03 1.26038216e+01
v 6.09368750e+03 5.03143140e+03 1.38920352e+01
v 6.09368750e+03 5.06097609e+03 1.35783087e+01
v 6.09368750e+03 5.06218267e+03 1.35769728e+01
v 6.09368750e+03 5.05618556e+03 1.39518451e+01
v 6.09368750e+03 5.05590900e+03 1.42487482e+01
v 6.09368750e+03 5.05199547e+03 8.77062769e+00
v 6.09368750e+03 5.05244151e+03 1.04192592e+01
v 6.09368750e+03 5.05289887e+03 1.27044345e+01
v 6.09368750e+03 5.05198680e+03 8.73863811e+00
v 6.09368750e+03 5.05197706e+03 8.72386965e+00
v 6.09368750e+03 5.05139860e+03 8.10381889e+00
v 6.09368750e+03 5.05137165e+03 8.04440977e+00
v 6.09368750e+03 5.05095718e+03 7.42844877e+00
v 6.09368750e+03 5.05121886e+03 7.61881409e+00
v 6.09368750e+03 5.05182419e+03 8.57116879e+00
v 6.09368750e+03 5.05068965e+03 7.37984574e+00
v 6.09368750e+03 5.05083914e+03 7.37134125e+00
v 6.09368750e+03 5.04782548e+03 7.45148364e+00
v 6.09368750e+03 5.04733690e+03 7.44030081e+00
v 6.09368750e+03 5.05016131e+03 7.41545746e+00
v 6.09368750e+03 5.04839990e+03 7.46226356e+00
v 6.09368750e+03 5.04573900e+03 7.49802350e+00
v 6.09368750e+03 5.04589382e+03 7.51626592e+00
v 6.09368750e+03 5.04200834e+03 7.67839538e+00
v 6.09368750e+03 5.04159934e+03 7.66917846e+00
v 6.09368750e+03 5.03967999e+03 8.54454840e+00
v 6.09368750e+03 5.03975481e+03 8.37162771e+00
v 6.09368750e+03 5.03829472e+03 1.31839585e+01
v 6.09368750e+03 5.03800458e+03 1.35997818e+01
v 6.09368750e+03 5.04132857e+03 7.66900931e+00
v 6.09368750e+03 5.03927757e+03 1.14353427e+01
v 6.09368750e+03 5.04008880e+03 8.03792917e+00
v 6.09368750e+03 5.04055325e+03 7.68842388e+00
v 6.09368750e+03 5.04050789e+03 7.70196626e+00
v 6.09368750e+03 5.04381830e+03 7.38702390e+00
v 6.09368750e+03 5.04087451e+03 7.59359837e+00
v 6.09368750e+03 5.04099683e+03 7.60604524e+00
v 6.09368750e+03 5.03924163e+03 1.16337614e+01
v 6.09368750e+03 5.03920249e+03 1.17547361e+01
v 6.09368750e+03 5.04932238e+03 7.39864597e+00
v 6.09368750e+03 5.05550091e+03 1.57814474e+01
v 6.09368750e+03 5.05577071e+03 1.56318745e+01
v 6.09368750e+03 5.05573248e+03 1.52419796e+01
v 6.09368750e+03 5.05578331e+03 1.55791250e+01
v 6.09368750e+03 5.05480526e+03 1.57408007e+01
v 6.09368750e+03 5.05470519e+03 1.57267350e+01
v 6.09368750e+03 5.05511467e+03 1.57713102e+01
v 6.09368750e+03 5.05664132e+03 1.35152894e+01
v 6.09368750e+03 5.06088880e+03 1.35469644e+01
v 6.09368750e+03 5.05309122e+03 1.35695000e+01
v 6.09368750e+03 5.05310552e+03 1.36625711e+01
v 6.09368750e+03 5.05640324e+03 1.36507829e+01
v 6.09368750e+03 5.05621954e+03 1.38811914e+01
v 6.09368750e+03 5.05620449e+03 1.38964926e+01
v 6.09368750e+03 5.05313072e+03 1.37681460e+01
v 6.09368750e+03 5.05401913e+03 1.45460794e+01
v 6.09368750e+03 5.05401061e+03 1.45171278e+01
v 6.09368750e+03 5.05581767e+03 1.44975919e+01
v 6.09368750e+03 5.05581269e+03 1.45905194e+01
v 6.09368750e+03 5.05412056e+03 1.49962165e+01
v 6.09368750e+03 5.03755420e+03 1.42085436e+01
v 6.09368750e+03 5.03779405e+03 1.39795606e+01
v 6.09368750e+03 5.03684956e+03 1.41808868e+01
v 6.09368750e+03 5.03748484e+03 1.42430832e+01
v 6.09368750e+03 5.03787457e+03 1.38701235e+01
v 6.09368750e+03 5.05373264e+03 1.40416528e+01
v 6.09368750e+03 5.05341202e+03 1.40235237e+01
v 6.09368750e+03 5.05362331e+03 1.40520219e+01
v 6.09368750e+03 5.05332944e+03 1.39968611e+01
v 6.09368750e+03 5.03685524e+03 1.41816563e+01
v 6.09368750e+03 5.06226650e+03 1.35686883e+01
v 6.09368750e+03 5.06251441e+03 1.35730650e+01
v 6.09368750e+03 5.05300451e+03 1.29588720e+01
v 6.09368750e+03 5.04386969e+03 7.38502220e+00
v 6.09368750e+03 5.06245929e+03 1.35702283e+01
v 6.12506250e+03 5.05518902e+03 1.38691681e+01
v 6.12506250e+03 5.05504189e+03 1.38959974e+01
v 6.12506250e+03 5.03137747e+03 1.32193246e+01
v 6.12506250e+03 5.03270009e+03 1.32434709e+01
v 6.12506250e+03 5.04537280e+03 1.31674352e+01
v 6.12506250e+03 5.04745978e+03 1.32417431e+01
v 6.12506250e+03 5.05898386e+03 1.34212727e+01
v 6.12506250e+03 5.05868246e+03 1.33727056e+01
v 6.12506250e+03 5.06020075e+03 1.32578485e+01
v 6.12506250e+03 5.05991486e+03 1.32903585e+01
v 6.12506250e+03 5.06157160e+03 1.33271316e+01
v 6.12506250e+03 5.06109462e+03 1.32946212e+01
v 6.12506250e+03 5.05070396e+03 1.32885354e+01
v 6.12506250e+03 5.05126391e+03 1.32805178e+01
v 6.12506250e+03 5.05133166e+03 1.32581205e+01
v 6.12506250e+03 5.05491540e+03 1.38028440e+01
v 6.12506250e+03 5.05413305e+03 1.33469944e+01
v 6.12506250e+03 5.05428639e+03 1.33937911e+01
v 6.12506250e+03 5.03338389e+03 1.32005274e+01
v 6.12506250e+03 5.03762759e+03 1.33958930e+01
v 6.12506250e+03 5.03796393e+03 1.33460171e+01
v 6.12506250e+03 5.04153011e+03 1.31863538e+01
v 6.12506250e+03 5.04232189e+03 1.31999820e+01
v 6.12506250e+03 5.04461437e+03 1.31526980e+01
v 6.12506250e+03 5.04366363e+03 1.32343316e+01
v 6.12506250e+03 5.04926976e+03 1.32581673e+01
v 6.12506250e+03 5.04898529e+03 1.32390033e+01
v 6.12506250e+03 5.04866349e+03 1.32194544e+01
v 6.12506250e+03 5.05695117e+03 1.37220261e+01
v 6.12506250e+03 5.05694797e+03 1.37229664e+01
v 6.12506250e+03 5.05012806e+03 1.32843148e+01
v 6.12506250e+03 5.05057485e+03 1.32708805e+01
v 6.12506250e+03 5.05156952e+03 1.32595768e+01
v 6.12506250e+03 5.05368312e+03 1.35079591e+01
v 6.12506250e+03 5.05354684e+03 1.35202003e+01
v 6.12506250e+03 5.05277452e+03 1.33662624e+01
v 6.12506250e+03 5.03920192e+03 1.34070542e+01
v 6.12506250e+03 5.03919932e+03 1.34071241e+01
v 6.12506250e+03 5.03919561e+03 1.34069019e+01
v 6.12506250e+03 5.03575042e+03 1.37064839e+01
v 6.12506250e+03 5.03576012e+03 1.37103487e+01
v 6.12506250e+03 5.05440067e+03 1.33884275e+01
v 6.12506250e+03 5.05463356e+03 1.34971323e+01
v 6.12506250e+03 5.05580882e+03 1.36142635e+01
v 6.12506250e+03 5.05601118e+03 1.36172527e+01
v 6.12506250e+03 5.05624698e+03 1.35633738e+01
v 6.12506250e+03 5.05833575e+03 1.34318790e+01
v 6.12506250e+03 5.05530883e+03 1.38392340e+01
v 6.12506250e+03 5.05548950e+03 1.37166196e+01
v 6.12506250e+03 5.05536613e+03 1.37781720e+01
v 6.12506250e+03 5.05760168e+03 1.34459580e+01
v 6.12506250e+03 5.05694318e+03 1.37230052e+01
v 6.12506250e+03 5.05912047e+03 1.34973819e+01
v 6.12506250e+03 5.05920207e+03 1.36759656e+01
v 6.12506250e+03 5.05952333e+03 1.33751971e+01
v 6.12506250e+03 5.04968954e+03 1.33031682e+01
v 6.12506250e+03 5.04082377e+03 1.32986940e+01
v 6.12506250e+03 5.04066762e+03 1.33104018e+01
v 6.12506250e+03 5.03749424e+03 1.34235980e+01
v 6.12506250e+03 5.04498081e+03 1.31609922e+01
v 6.12506250e+03 5.05948636e+03 1.33930675e+01
v 6.12506250e+03 5.05923423e+03 1.37040985e+01
v 6.12506250e+03 5.03714631e+03 1.36205654e+01
v 6.12506250e+03 5.03644496e+03 1.39787597e+01
v 6.12506250e+03 5.03693404e+03 1.38386807e+01
v 6.12506250e+03 5.03709396e+03 1.36948585e+01
v 6.12506250e+03 5.03704753e+03 1.38141126e+01
v 6.12506250e+03 5.04044713e+03 1.33403258e+01
v 6.12506250e+03 5.03921556e+03 1.34061070e+01
v 6.12506250e+03 5.05783265e+03 1.34712440e+01
v 6.12506250e+03 5.05812257e+03 1.34169757e+01
v 6.12506250e+03 5.05822879e+03 1.34142636e+01
v 6.12506250e+03 5.03359362e+03 1.32721657e+01
v 6.12506250e+03 5.03495491e+03 1.34628830e+01
v 6.12506250e+03 5.03574771e+03 1.37058768e+01
v 6.12506250e+03 5.03482278e+03 1.34568116e+01
v 6.09869977e+03 5.03118750e+03 1.36620972e+01
v 6.09711414e+03 5.03118750e+03 1.38203832e+01
v 6.09493851e+03 5.03118750e+03 1.38101447e+01
v 6.09538711e+03 5.03118750e+03 1.37974852e+01
v 6.10122140e+03 5.03118750e+03 1.37327060e+01
v 6.10151326e+03 5.03118750e+03 1.37008276e+01
v 6.10035584e+03 5.03118750e+03 1.38058753e+01
v 6.10118450e+03 5.03118750e+03 1.37228020e+01
v 6.09983014e+03 5.03118750e+03 1.37555285e+01
v 6.10016504e+03 5.03118750e+03 1.37869799e+01
v 6.09915096e+03 5.03118750e+03 1.36680355e+01
v 6.09600988e+03 5.03118750e+03 1.38200695e+01
v 6.12103849e+03 5.03118750e+03 1.85729480e+01
v 6.12158550e+03 5.03118750e+03 1.85701824e+01
v 6.11463752e+03 5.03118750e+03 1.36565612e+01
v 6.11508281e+03 5.03118750e+03 1.36863685e+01
v 6.10729051e+03 5.03118750e+03 1.33985209e+01
v 6.10860042e+03 5.03118750e+03 1.34140392e+01
v 6.10261788e+03 5.03118750e+03 1.35847860e+01
v 6.10242511e+03 5.03118750e+03 1.36242836e+01
v 6.11995797e+03 5.03118750e+03 1.83988013e+01
v 6.11948621e+03 5.03118750e+03 1.83113466e+01
v 6.12034555e+03 5.03118750e+03 1.85203031e+01
v 6.11932222e+03 5.03118750e+03 1.79804208e+01
v 6.11932817e+03 5.03118750e+03 1.79945381e+01
v 6.12004347e+03 5.03118750e+03 1.72437142e+01
v 6.12018721e+03 5.03118750e+03 1.70547463e+01
v 6.12137536e+03 5.03118750e+03 1.61375154e+01
v 6.12085362e+03 5.03118750e+03 1.64088521e+01
v 6.12156050e+03 5.03118750e+03 1.60468967e+01
v 6.12075124e+03 5.03118750e+03 1.44715823e+01
v 6.12075071e+03 5.03118750e+03 1.44710765e+01
v 6.11648432e+03 5.03118750e+03 1.38096022e+01
v 6.11691405e+03 5.03118750e+03 1.38118106e+01
v 6.11637532e+03 5.03118750e+03 1.38087866e+01
v 6.11355461e+03 5.03118750e+03 1.35646934e+01
v 6.11319102e+03 5.03118750e+03 1.35318453e+01
v 6.10233993e+03 5.03118750e+03 1.36394193e+01
v 6.10917941e+03 5.03118750e+03 1.34587502e+01
v 6.10873805e+03 5.03118750e+03 1.34094233e+01
v 6.10521059e+03 5.03118750e+03 1.35029911e+01
v 6.10679667e+03 5.03118750e+03 1.34593711e+01
v 6.10863310e+03 5.03118750e+03 1.34138322e+01
v 6.12075296e+03 5.03118750e+03 1.44723441e+01
v 6.12158993e+03 5.03118750e+03 1.47144316e+01
v 6.11187421e+03 5.03118750e+03 1.35056939e+01
v 6.11080028e+03 5.03118750e+03 1.35272565e+01
v 6.11765503e+03 5.03118750e+03 1.36693389e+01
v 6.11009644e+03 5.03118750e+03 1.35284389e+01
v 6.11592747e+03 5.03118750e+03 1.37628545e+01
v 6.11629809e+03 5.03118750e+03 1.37833812e+01
v 6.10439991e+03 5.03118750e+03 1.34718994e+01
v 6.10503274e+03 5.03118750e+03 1.34931723e+01
v 6.11222167e+03 5.03118750e+03 1.34732515e+01
v 6.10404607e+03 5.03118750e+03 1.35280113e+01
v 6.10276288e+03 5.03118750e+03 1.35713586e+01
v 6.10987497e+03 5.03118750e+03 1.35337144e+01
v 6.11960985e+03 5.03118750e+03 1.39937266e+01
v 6.11985300e+03 5.03118750e+03 1.41220260e+01
v 6.11939416e+03 5.03118750e+03 1.39009868e+01
v 6.11882937e+03 5.03118750e+03 1.37768310e+01
v 6.11856584e+03 5.03118750e+03 1.37076627e+01
v 6.11786107e+03 5.03118750e+03 1.36145351e+01
v 6.12056660e+03 5.03118750e+03 1.67631673e+01
v 6.11303418e+03 5.03118750e+03 1.35052410e+01
v 6.12038932e+03 5.03118750e+03 1.42401805e+01
v 6.12483680e+03 5.03118750e+03 1.32660846e+01
v 6.12475656e+03 5.03118750e+03 1.32785209e+01
v 6.12346718e+03 5.03118750e+03 1.37209442e+01
v 6.12329575e+03 5.03118750e+03 1.38202946e+01
v 6.12345813e+03 5.03118750e+03 1.82214068e+01
v 6.12339842e+03 5.03118750e+03 1.82829087e+01
v 6.12327345e+03 5.03118750e+03 1.84603688e+01
v 6.12282614e+03 5.03118750e+03 1.85152368e+01
v 6.12262690e+03 5.03118750e+03 1.85304683e+01
v 6.12243184e+03 5.03118750e+03 1.85431015e+01
v 6.12337815e+03 5.03118750e+03 1.78202026e+01
v 6.12340777e+03 5.03118750e+03 1.78829190e+01
v 6.12209786e+03 5.03118750e+03 1.61655533e+01
v 6.12188867e+03 5.03118750e+03 1.47057200e+01
v 6.12176539e+03 5.03118750e+03 1.48116565e+01
v 6.12383442e+03 5.03118750e+03 1.35885219e+01
v 6.12275945e+03 5.03118750e+03 1.41941882e+01
v 6.12405780e+03 5.03118750e+03 1.34464167e+01
v 6.12280907e+03 5.03118750e+03 1.68529412e+01
v 6.12276527e+03 5.03118750e+03 1.68192946e+01
v 6.12282669e+03 5.03118750e+03 1.68729786e+01
v 6.12324588e+03 5.03118750e+03 1.75337937e+01
v 6.12228719e+03 5.03118750e+03 1.61713541e+01
v 6.12248388e+03 5.03118750e+03 1.44781892e+01
v 6.09470268e+03 5.03118750e+03 1.38239846e+01
v 6.09368750e+03 5.03118750e+03 1.38835602e+01
v 6.12490323e+03 5.03118750e+03 1.32492738e+01
v 6.12506250e+03 5.03118750e+03 1.32393465e+01
v 6.10124642e+03 5.06256250e+03 1.33378233e+01
v 6.10134308e+03 5.06256250e+03 1.33369108e+01
v 6.09645764e+03 5.06256250e+03 1.35487174e+01
v 6.09575436e+03 5.06256250e+03 1.35559692e+01
v 6.09380477e+03 5.06256250e+03 1.35670268e+01
v 6.09377610e+03 5.06256250e+03 1.35606870e+01
v 6.09383925e+03 5.06256250e+03 1.35625972e+01
v 6.10117076e+03 5.06256250e+03 1.33424963e+01
v 6.09524961e+03 5.06256250e+03 1.35418603e+01
v 6.09728128e+03 5.06256250e+03 1.34182760e+01
v 6.09753635e+03 5.06256250e+03 1.34096765e+01
v 6.09764349e+03 5.06256250e+03 1.34141895e+01
v 6.09940004e+03 5.06256250e+03 1.34682671e+01
v 6.11545344e+03 5.06256250e+03 1.04324517e+01
v 6.11515290e+03 5.06256250e+03 1.10525777e+01
v 6.10162452e+03 5.06256250e+03 1.33978273e+01
v 6.11006644e+03 5.06256250e+03 1.11975646e+01
v 6.11001712e+03 5.06256250e+03 1.13535303e+01
v 6.11433890e+03 5.06256250e+03 1.27485294e+01
v 6.11445847e+03 5.06256250e+03 1.24496799e+01
v 6.10943152e+03 5.06256250e+03 1.26738862e+01
v 6.10976808e+03 5.06256250e+03 1.18390838e+01
v 6.11130070e+03 5.06256250e+03 7.68404608e+00
v 6.11127817e+03 5.06256250e+03 7.78067996e+00
v 6.11578169e+03 5.06256250e+03 1.34376126e+01
v 6.11602166e+03 5.06256250e+03 1.34608432e+01
v 6.11137174e+03 5.06256250e+03 7.58991348e+00
v 6.10924386e+03 5.06256250e+03 1.33864700e+01
v 6.10819331e+03 5.06256250e+03 1.37647401e+01
v 6.10756558e+03 5.06256250e+03 1.35551643e+01
v 6.10545109e+03 5.06256250e+03 1.32705439e+01
v 6.10587119e+03 5.06256250e+03 1.33460751e+01
v 6.10329670e+03 5.06256250e+03 1.36419013e+01
v 6.10355063e+03 5.06256250e+03 1.34954717e+01
v 6.10373527e+03 5.06256250e+03 1.33453257e+01
v 6.10201893e+03 5.06256250e+03 1.35531860e+01
v 6.10210933e+03 5.06256250e+03 1.35966548e+01
v 6.10386669e+03 5.06256250e+03 1.33064775e+01
v 6.10267594e+03 5.06256250e+03 1.38576001e+01
v 6.10273699e+03 5.06256250e+03 1.38423421e+01
v 6.11087559e+03 5.06256250e+03 9.39027730e+00
v 6.11104962e+03 5.06256250e+03 9.09214634e+00
v 6.11184534e+03 5.06256250e+03 7.15944326e+00
v 6.11471635e+03 5.06256250e+03 7.09419884e+00
v 6.11518526e+03 5.06256250e+03 7.09717672e+00
v 6.11081684e+03 5.06256250e+03 9.46364041e+00
v 6.11065094e+03 5.06256250e+03 9.55784936e+00
v 6.11112740e+03 5.06256250e+03 8.87954385e+00
v 6.11050695e+03 5.06256250e+03 9.79639399e+00
v 6.11287408e+03 5.06256250e+03 7.03509594e+00
v 6.11326152e+03 5.06256250e+03 7.00921024e+00
v 6.11436692e+03 5.06256250e+03 7.13168184e+00
v 6.11351176e+03 5.06256250e+03 7.03428895e+00
v 6.11119149e+03 5.06256250e+03 8.15598996e+00
v 6.11446133e+03 5.06256250e+03 1.21690683e+01
v 6.11028917e+03 5.06256250e+03 1.08493125e+01
v 6.11873829e+03 5.06256250e+03 1.36912405e+01
v 6.11875981e+03 5.06256250e+03 1.36956492e+01
v 6.11638107e+03 5.06256250e+03 7.18850953e+00
v 6.11694985e+03 5.06256250e+03 7.27853438e+00
v 6.11621562e+03 5.06256250e+03 7.17540286e+00
v 6.11598067e+03 5.06256250e+03 7.13584390e+00
v 6.11721945e+03 5.06256250e+03 7.63932856e+00
v 6.11720869e+03 5.06256250e+03 7.59662852e+00
v 6.11700147e+03 5.06256250e+03 7.29499193e+00
v 6.11034143e+03 5.06256250e+03 1.04985806e+01
v 6.10916074e+03 5.06256250e+03 1.36717551e+01
v 6.11114471e+03 5.06256250e+03 8.40426136e+00
v 6.11244088e+03 5.06256250e+03 7.09681972e+00
v 6.11228889e+03 5.06256250e+03 7.10397710e+00
v 6.11446778e+03 5.06256250e+03 1.20118395e+01
v 6.11464033e+03 5.06256250e+03 1.16270631e+01
v 6.11432028e+03 5.06256250e+03 1.29536568e+01
v 6.11534853e+03 5.06256250e+03 1.33514388e+01
v 6.11446562e+03 5.06256250e+03 1.34164849e+01
v 6.11447873e+03 5.06256250e+03 1.34720394e+01
v 6.10842837e+03 5.06256250e+03 1.38329958e+01
v 6.10879893e+03 5.06256250e+03 1.39517239e+01
v 6.10754524e+03 5.06256250e+03 1.35439064e+01
v 6.11484513e+03 5.06256250e+03 1.34426596e+01
v 6.11508624e+03 5.06256250e+03 1.33504379e+01
v 6.11751144e+03 5.06256250e+03 1.33753243e+01
v 6.11675470e+03 5.06256250e+03 1.33899909e+01
v 6.11781318e+03 5.06256250e+03 1.34119861e+01
v 6.12009780e+03 5.06256250e+03 1.38094198e+01
v 6.11980813e+03 5.06256250e+03 1.37536209e+01
v 6.12087008e+03 5.06256250e+03 1.38113348e+01
v 6.12111616e+03 5.06256250e+03 1.37161611e+01
v 6.12014126e+03 5.06256250e+03 1.38103928e+01
v 6.12020225e+03 5.06256250e+03 1.38004913e+01
v 6.11610082e+03 5.06256250e+03 1.34680885e+01
v 6.11867635e+03 5.06256250e+03 1.36790419e+01
v 6.11878632e+03 5.06256250e+03 1.36961450e+01
v 6.12147572e+03 5.06256250e+03 1.35589149e+01
v 6.12166519e+03 5.06256250e+03 1.34700664e+01
v 6.10617563e+03 5.06256250e+03 1.33816484e+01
v 6.10462103e+03 5.06256250e+03 1.33105046e+01
v 6.10213258e+03 5.06256250e+03 1.36141667e+01
v 6.10242758e+03 5.06256250e+03 1.37468683e+01
v 6.10438157e+03 5.06256250e+03 1.33045492e+01
v 6.10314713e+03 5.06256250e+03 1.38037894e+01
v 6.10880341e+03 5.06256250e+03 1.39511138e+01
v 6.11450775e+03 5.06256250e+03 1.34708861e+01
v 6.11464792e+03 5.06256250e+03 1.36055695e+01
v 6.10752408e+03 5.06256250e+03 1.35411651e+01
v 6.10753300e+03 5.06256250e+03 1.35411434e+01
v 6.10750204e+03 5.06256250e+03 1.35392010e+01
v 6.10661290e+03 5.06256250e+03 1.35050980e+01
v 6.11565554e+03 5.06256250e+03 1.01112697e+01
v 6.11582215e+03 5.06256250e+03 9.84163945e+00
v 6.11458019e+03 5.06256250e+03 1.17044327e+01
v 6.11216207e+03 5.06256250e+03 7.13621027e+00
v 6.11589573e+03 5.06256250e+03 9.67824712e+00
v 6.11718294e+03 5.06256250e+03 7.91001539e+00
v 6.11715329e+03 5.06256250e+03 7.94385857e+00
v 6.11676382e+03 5.06256250e+03 8.39635524e+00
v 6.11639655e+03 5.06256250e+03 8.87138175e+00
v 6.12219166e+03 5.06256250e+03 1.34645671e+01
v 6.12189333e+03 5.06256250e+03 1.34277553e+01
v 6.12396542e+03 5.06256250e+03 1.32746960e+01
v 6.12233225e+03 5.06256250e+03 1.34597133e+01
v 6.12274594e+03 5.06256250e+03 1.37202842e+01
v 6.12250913e+03 5.06256250e+03 1.34991345e+01
v 6.12283130e+03 5.06256250e+03 1.36209184e+01
v 6.12284804e+03 5.06256250e+03 1.35733294e+01
v 6.12315375e+03 5.06256250e+03 1.32935407e+01
v 6.12322527e+03 5.06256250e+03 1.32834262e+01
v 6.12278097e+03 5.06256250e+03 1.37497534e+01
v 6.12278213e+03 5.06256250e+03 1.37614624e+01
v 6.12286134e+03 5.06256250e+03 1.35636280e+01
v 6.12311225e+03 5.06256250e+03 1.33195075e+01
v 6.09377876e+03 5.06256250e+03 1.35612748e+01
v 6.09368750e+03 5.06256250e+03 1.35679134e+01
v 6.12420526e+03 5.06256250e+03 1.33009245e+01
v 6.12506250e+03 5.06256250e+03 1.32853085e+01
vt 0.024695039 0.35127842
vt 0.019180294 0.35585803
vt 0.020942971 0.34733367
vt 0.023079721 0.33994287
vt 0.021657111 0.35846519
vt 0.014855782 0.34311682
vt 0.029438965 0.34477186
vt 0.024746047 0.35811377
vt 0.019333323 0.3708663
vt 0.013529522 0.34932876
vt 0.021883821 0.32012838
vt 0.028872188 0.32807457
vt 0.035367459 0.35438436
vt 0.016250053 0.36812305
vt 0.014838778 0.36005217
vt 0.0031178202 0.33452451
vt 0.014691416 0.33025098
vt 0.037385184 0.33437711
vt 0.032533571 0.35778505
vt 0.038348708 0.3492834
vt 0.017950386 0.37324673
vt 0.0079864385 0.35365891
vt 0.017366605 0.30501807
vt 0.039414249 0.31361043
vt 0.038632095 0.37350744
vt 0.045569453 0.35391963
vt 0.011455117 0.37891454
vt 0.016102692 0.38249654
vt 0.002036588 0.33240151
vt 0.0020385142 0.34944147
vt 0.020608572 0.28282309
vt 0.011205735 0.30974501
vt 0.041210935 0.34225535
vt 0.043778434 0.33146387
vt 0.039391577 0.36316943
vt 0.002494365 0.35967809
vt 0.0020362814 0.32495576
vt 0.0020369363 0.33548087
vt 0.0095450766 0.28803742
vt 0.014561057 0.30230886
vt 0.04180526 0.26675093
vt 0.04687304 0.34049833
vt 0.058401294 0.33171326
vt 0.043126639 0.37158042
vt 0.047258448 0.37005013
vt 0.0519627 0.35236663
vt 0.017479962 0.39719874
vt 0.0020437632 0.37218851
vt 0.0020404127 0.35886788
vt 0.0020307298 0.2765466
vt 0.0020348025 0.31839567
vt 0.028987415 0.26675922
vt 0.060212255 0.26674151
vt 0.073647603 0.31134331
vt 0.053906746 0.34103113
vt 0.042180121 0.38258725
vt 0.05174166 0.36473376
vt 0.013784572 0.40895373
vt 0.020914633 0.39649594
vt 0.0020414409 0.36301678
vt 0.0021032887 0.39823031
vt 0.0020405909 0.3596915
vt 0.00203031 0.27243769
vt 0.0020310848 0.28624743
vt 0.0020316478 0.30082327
vt 0.021758692 0.26676428
vt 0.054569878 0.35099506
vt 0.087652676 0.35857856
vt 0.063082874 0.3483879
vt 0.049514223 0.38662267
vt 0.038394049 0.38670206
vt 0.057755169 0.37267995
vt 0.057001352 0.36355484
vt 0.01847749 0.41949576
vt 0.022359915 0.4045555
vt 0.0020478084 0.39698446
vt 0.013813851 0.26676899
vt 0.0020312537 0.29421401
vt 0.016551467 0.26676744
vt 0.065449446 0.26673806
vt 0.087080233 0.29655039
vt 0.058350284 0.35089302
vt 0.05619086 0.38347143
vt 0.043846447 0.38989866
vt 0.012254273 0.41888368
vt 0.0037129365 0.41352195
vt 0.0020480072 0.39821744
vt 0.0020294716 0.26677567
vt 0.073332235 0.2667315
vt 0.094816744 0.34495318
vt 0.077411011 0.27034265
vt 0.072888128 0.36587864
vt 0.067430057 0.36884856
vt 0.062771149 0.3949883
vt 0.061178502 0.40360332
vt 0.037390854 0.39492029
vt 0.067209013 0.37867647
vt 0.0086439 0.42794079
vt 0.027392898 0.40528101
vt 0.0020498203 0.41296464
vt 0.0020480214 0.39834917
vt 0.10449164 0.32129592
vt 0.11451226 0.32772315
vt 0.088457502 0.27385664
vt 0.08016555 0.3788805
vt 0.057471778 0.42202359
vt 0.037866946 0.4031499
vt 0.014056625 0.43714523
vt 0.029779032 0.42418867
vt 0.0020504002 0.41457546
vt 0.077219397 0.26672846
vt 0.095604569 0.29987174
vt 0.11711377 0.36694419
vt 0.079433978 0.26672673
vt 0.093479149 0.28579295
vt 0.075172238 0.37668139
vt 0.095553555 0.38162369
vt 0.06589976 0.40690196
vt 0.073120505 0.38038814
vt 0.031825099 0.39999861
vt 0.0035939133 0.42282844
vt 0.020670919 0.43849415
vt 0.033910841 0.40940714
vt 0.10421392 0.30060852
vt 0.11968127 0.30243355
vt 0.13115852 0.33288085
vt 0.089053549 0.26672184
vt 0.093904234 0.27503556
vt 0.094459675 0.38958126
vt 0.06389337 0.42832619
vt 0.042304814 0.42273772
vt 0.014152978 0.44958031
vt 0.029478639 0.44717717
vt 0.0020534196 0.42014718
vt 0.10590291 0.27060336
vt 0.12835863 0.37356412
vt 0.10212251 0.39925051
vt 0.089481786 0.26672143
vt 0.099328294 0.28446674
vt 0.076985925 0.39011401
vt 0.059160776 0.44851476
vt 0.06976518 0.40776348
vt 0.051135205 0.44364047
vt 0.020857954 0.45758325
vt 0.044175178 0.4526636
vt 0.025148461 0.45126933
vt 0.0020547342 0.42201835
vt 0.1280299 0.29921424
vt 0.12874971 0.28620106
vt 0.13842461 0.35020155
vt 0.11260222 0.41097146
vt 0.092869818 0.2667197
vt 0.075483963 0.38231516
vt 0.066812269 0.44751728
vt 0.032131158 0.46979159
vt 0.14324221 0.3243565
vt 0.12227146 0.26670343
vt 0.14213699 0.37119502
vt 0.1326378 0.42337251
vt 0.10464466 0.41253573
vt 0.074945524 0.40363735
vt 0.055136655 0.46364772
vt 0.061461892 0.45940822
vt 0.066693246 0.429097
vt 0.038972162 0.48619413
vt 0.13988122 0.29225421
vt 0.10737621 0.26671243
vt 0.12637924 0.2667017
vt 0.14964679 0.34804779
vt 0.14843956 0.35894126
vt 0.12449321 0.42826951
vt 0.10723484 0.41900837
vt 0.10246616 0.26671451
vt 0.079202026 0.40149492
vt 0.065213956 0.46925884
vt 0.06829156 0.43890226
vt 0.044605929 0.4807871
vt 0.031626724 0.48394972
vt 0.15054797 0.3142792
vt 0.105693 0.26671326
vt 0.14960146 0.40687931
vt 0.15191391 0.37943596
vt 0.11688139 0.42676187
vt 0.13843593 0.44060254
vt 0.10978534 0.42332721
vt 0.10345498 0.2667141
vt 0.078317851 0.40864766
vt 0.081599496 0.3956458
vt 0.064624511 0.48107046
vt 0.070433982 0.44946694
vt 0.051486608 0.48959482
vt 0.043058626 0.49002558
vt 0.13372467 0.26669657
vt 0.13578902 0.26669508
vt 0.16150378 0.35944003
vt 0.15708292 0.3631354
vt 0.12403412 0.43766665
vt 0.14072005 0.45589423
vt 0.082840733 0.41047269
vt 0.083849601 0.40117753
vt 0.057177056 0.48674959
vt 0.069153063 0.46815926
vt 0.071488187 0.47587878
vt 0.15420012 0.26668382
vt 0.15870957 0.33051169
vt 0.16272801 0.374641
vt 0.1537786 0.46208346
vt 0.11953391 0.43780267
vt 0.11016507 0.42889297
vt 0.081299104 0.41666192
vt 0.085113518 0.39739144
vt 0.067860812 0.49639612
vt 0.071199127 0.48671556
vt 0.053742383 0.49276876
vt 0.15993291 0.26668113
vt 0.17513786 0.266671
vt 0.17121267 0.34701627
vt 0.16481376 0.41479152
vt 0.15904397 0.43096733
vt 0.12283822 0.44588494
vt 0.14472717 0.46681035
vt 0.088491507 0.40317261
vt 0.060129963 0.49546665
vt 0.073902659 0.47204739
vt 0.078935638 0.48419911
vt 0.17551711 0.26667076
vt 0.17432429 0.32281488
vt 0.16962004 0.38075089
vt 0.16802172 0.45233488
vt 0.11543611 0.44179279
vt 0.1133787 0.43525219
vt 0.1321107 0.45213079
vt 0.15159084 0.47543669
vt 0.089965127 0.41177624
vt 0.064590506 0.50426304
vt 0.077229641 0.50477314
vt 0.080261901 0.47227407
vt 0.174585 0.37163711
vt 0.17673537 0.26667005
vt 0.19321498 0.33394641
vt 0.18668003 0.28472745
vt 0.17002811 0.39427418
vt 0.16489311 0.47511929
vt 0.10913354 0.45123529
vt 0.10812468 0.43382388
vt 0.12626156 0.45286763
vt 0.15886259 0.48022032
vt 0.091212042 0.40664124
vt 0.083951622 0.42203492
vt 0.071777239 0.51810372
vt 0.074786827 0.51743495
vt 0.084682763 0.4783386
vt 0.083826929 0.49005955
vt 0.18665737 0.35310346
vt 0.17207418 0.42136616
vt 0.1744093 0.48232871
vt 0.11598589 0.46195877
vt 0.10534747 0.42225033
vt 0.13032535 0.45542949
vt 0.12941284 0.47667229
vt 0.15853387 0.48408574
vt 0.094454005 0.40712869
vt 0.081384122 0.4163785
vt 0.086643815 0.42476678
vt 0.080681317 0.51723087
vt 0.083906278 0.47085714
vt 0.087516651 0.51383018
vt 0.18154503 0.36735225
vt 0.18185811 0.26666594
vt 0.19705206 0.36212659
vt 0.19795324 0.29473674
vt 0.18076287 0.39862704
vt 0.17559387 0.40792221
vt 0.17745289 0.43778002
vt 0.18318301 0.48358697
vt 0.16904759 0.48961747
vt 0.16340815 0.49068302
vt 0.10711015 0.48789448
vt 0.1017881 0.43330246
vt 0.10364714 0.4277367
vt 0.13164027 0.46194738
vt 0.094454005 0.40923709
vt 0.093235433 0.42188758
vt 0.08981777 0.44484204
vt 0.07850489 0.52815831
vt 0.089392684 0.46862406
vt 0.091535106 0.48326957
vt 0.19265954 0.37934524
vt 0.1817604 0.37699878
vt 0.19099888 0.2689597
vt 0.20443717 0.35269541
vt 0.2124514 0.31682968
vt 0.18147701 0.45465863
vt 0.18042848 0.49875391
vt 0.17199484 0.49067169
vt 0.12521869 0.48041302
vt 0.09975338 0.47531199
vt 0.11869508 0.48268014
vt 0.098143727 0.44211018
vt 0.10392486 0.41933709
vt 0.13884401 0.46569949
vt 0.15830149 0.48922074
vt 0.097078189 0.41323853
vt 0.093456477 0.43299639
vt 0.082767054 0.52852106
vt 0.09505479 0.51096231
vt 0.18993121 0.26665944
vt 0.20251013 0.37948132
vt 0.20763947 0.28528285
vt 0.18451494 0.39120227
vt 0.18516673 0.41456479
vt 0.19132194 0.456393
vt 0.1887431 0.5073576
vt 0.16738126 0.5006243
vt 0.17275998 0.50587267
vt 0.12967356 0.49085307
vt 0.10190713 0.50868392
vt 0.095349513 0.4540692
vt 0.1121488 0.49890131
vt 0.096483067 0.42667121
vt 0.13574374 0.48056036
vt 0.15364824 0.48537797
vt 0.16059694 0.50049961
vt 0.09283869 0.44345915
vt 0.087907724 0.53028941
vt 0.094221629 0.46526873
vt 0.19070415 0.39713073
vt 0.19250205 0.26665789
vt 0.19821963 0.38832301
vt 0.20927179 0.37934524
vt 0.22789609 0.34248203
vt 0.20067197 0.26665258
vt 0.21828355 0.29936165
vt 0.19347569 0.47909808
vt 0.17828606 0.50564599
vt 0.18342674 0.51165378
vt 0.12146095 0.49246269
vt 0.11134964 0.51257193
vt 0.11731781 0.50182587
vt 0.13822623 0.48340559
vt 0.15256003 0.50272137
vt 0.15608539 0.5053739
vt 0.099974416 0.531389
vt 0.093802214 0.53218246
vt 0.20316759 0.39290255
vt 0.21842524 0.35987079
vt 0.22599739 0.32711107
vt 0.213138 0.26664484
vt 0.22410434 0.27756339
vt 0.2344197 0.32072914
vt 0.19252351 0.42719263
vt 0.20468655 0.45778728
vt 0.18438458 0.51632404
vt 0.20818923 0.51474839
vt 0.16815774 0.50897861
vt 0.1793856 0.51181245
vt 0.12650527 0.49879926
vt 0.13053507 0.49717832
vt 0.10744455 0.52322739
vt 0.11527741 0.51207322
vt 0.20010699 0.4077068
vt 0.21898068 0.38686073
vt 0.2095665 0.39902377
vt 0.23939034 0.34667623
vt 0.22806045 0.35097235
vt 0.23189187 0.28231299
vt 0.20262915 0.43873221
vt 0.21444079 0.47055107
vt 0.19205876 0.51811504
vt 0.19804393 0.51627868
vt 0.18048516 0.51646006
vt 0.12073547 0.50025022
vt 0.11262489 0.52082425
vt 0.1146993 0.51876116
vt 0.15116009 0.5255965
vt 0.16454737 0.52389622
vt 0.10505842 0.53583252
vt 0.22837219 0.36839515
vt 0.23380192 0.36335081
vt 0.21717148 0.26664275
vt 0.22842279 0.26663452
vt 0.24380553 0.30074459
vt 0.21814752 0.44606632
vt 0.19764718 0.52860045
vt 0.22350924 0.49816447
vt 0.2047489 0.52818102
vt 0.16801038 0.52860045
vt 0.14785577 0.51188052
vt 0.15860754 0.53288531
vt 0.21950778 0.41626513
vt 0.23264569 0.39840031
vt 0.26502568 0.35272938
vt 0.24158376 0.36124241
vt 0.22660248 0.26663613
vt 0.23264296 0.26663125
vt 0.26381844 0.30247891
vt 0.26165336 0.32304162
vt 0.2098669 0.42891562
vt 0.22498286 0.45661968
vt 0.21516627 0.54113758
vt 0.23337683 0.47027904
vt 0.18096691 0.54147762
vt 0.14652385 0.52500707
vt 0.15002653 0.53999269
vt 0.22393432 0.39972657
vt 0.24901989 0.36760163
vt 0.24521212 0.26662159
vt 0.23198822 0.43907225
vt 0.19412182 0.53316867
vt 0.22374161 0.52722883
vt 0.23931666 0.49925268
vt 0.20885804 0.5379523
vt 0.20748644 0.54038942
vt 0.17049854 0.54518437
vt 0.1863853 0.53100359
vt 0.14614411 0.53719282
vt 0.14972048 0.55625916
vt 0.24339746 0.39437622
vt 0.23126274 0.42066336
vt 0.27247882 0.3542257
vt 0.2693502 0.39408147
vt 0.2736237 0.31764585
vt 0.25038067 0.26661777
vt 0.20208505 0.53992462
vt 0.22989115 0.52039349
vt 0.22278376 0.54685068
vt 0.24991539 0.4647246
vt 0.20595613 0.54464024
vt 0.17553718 0.57081401
vt 0.18812531 0.55063677
vt 0.16219525 0.57540488
vt 0.14569636 0.54772353
vt 0.14221068 0.54403949
vt 0.27282453 0.28521484
vt 0.26570582 0.26865363
vt 0.24082996 0.45459062
vt 0.20448251 0.54668063
vt 0.1974148 0.55009264
vt 0.239379 0.54088819
vt 0.21605045 0.54938984
vt 0.24687746 0.5126853
vt 0.21149921 0.54763281
vt 0.15550728 0.57015657
vt 0.13894604 0.5618816
vt 0.24561356 0.43058193
vt 0.27598149 0.33952349
vt 0.28206301 0.3878696
vt 0.25354278 0.41379398
vt 0.28714702 0.31580949
vt 0.26018438 0.26661015
vt 0.20545737 0.55805016
vt 0.21919605 0.55296052
vt 0.22767505 0.55574906
vt 0.2472572 0.44749457
vt 0.26283225 0.47050577
vt 0.21013895 0.55462682
vt 0.188216 0.56719798
vt 0.19415583 0.5625844
vt 0.15594935 0.58422399
vt 0.14876829 0.57231033
vt 0.14371264 0.56934041
vt 0.28040802 0.33543134
vt 0.27781218 0.35065496
vt 0.28321925 0.36494911
vt 0.28685227 0.43144345
vt 0.26005504 0.43823344
vt 0.26664776 0.2666052
vt 0.28220472 0.26863098
vt 0.26448625 0.26660705
vt 0.2532934 0.53705674
vt 0.21500191 0.55777812
vt 0.22124213 0.55886638
vt 0.22968143 0.56807083
vt 0.25130966 0.4562003
vt 0.26689604 0.50679088
vt 0.19132762 0.56293583
vt 0.18143168 0.57042861
vt 0.1380562 0.55531836
vt 0.13703033 0.57393134
vt 0.28007361 0.34338892
vt 0.30641744 0.3783024
vt 0.29799512 0.40935045
vt 0.27163592 0.26660192
vt 0.26538247 0.26660603
vt 0.29422039 0.27584034
vt 0.28527096 0.33713168
vt 0.19477361 0.56981647
vt 0.26773489 0.52727413
vt 0.2518481 0.5611335
vt 0.24099998 0.5693177
vt 0.22506787 0.56493086
vt 0.25358811 0.45024914
vt 0.29334188 0.51428366
vt 0.20584844 0.56269777
vt 0.18450361 0.5749175
vt 0.1498225 0.58848614
vt 0.14110546 0.57962173
vt 0.13562472 0.55731338
vt 0.1317423 0.5724237
vt 0.28272048 0.34506655
vt 0.28491956 0.35367024
vt 0.28099179 0.34804779
vt 0.30292609 0.35572195
vt 0.30263704 0.3991825
vt 0.29518959 0.43154544
vt 0.2908102 0.26659119
vt 0.30361757 0.29729855
vt 0.28023824 0.26659864
vt 0.29174358 0.33095378
vt 0.19960256 0.57132411
vt 0.19323198 0.57267308
vt 0.26376176 0.54191971
vt 0.23623338 0.57302445
vt 0.28705633 0.47621888
vt 0.28448316 0.55440015
vt 0.21083608 0.57133543
vt 0.1889188 0.57828414
vt 0.29171523 0.34867126
vt 0.31924927 0.36569726
vt 0.31694248 0.40755945
vt 0.30362323 0.45388782
vt 0.29084238 0.4422009
vt 0.31592795 0.42739666
vt 0.28263038 0.26659799
vt 0.2938686 0.26658809
vt 0.29703161 0.3243112
vt 0.30476812 0.27256441
vt 0.28628549 0.34405768
vt 0.27375972 0.57631177
vt 0.24587427 0.58042657
vt 0.23997979 0.58004117
vt 0.30673483 0.48406309
vt 0.30169618 0.55530703
vt 0.20339431 0.57251436
vt 0.21421409 0.56632513
vt 0.29723564 0.34257275
vt 0.31501547 0.38657737
vt 0.31724855 0.35228729
vt 0.30042332 0.26658183
vt 0.30243865 0.32232744
vt 0.31654575 0.29464602
vt 0.25883082 0.59589958
vt 0.24741024 0.59014112
vt 0.31402925 0.49652082
vt 0.29801214 0.47313559
vt 0.30589601 0.53707945
vt 0.29246339 0.55797088
vt 0.28937444 0.59382522
vt 0.22100408 0.56443214
vt 0.2139817 0.57683319
vt 0.20725973 0.5753029
vt 0.30467176 0.34123516
vt 0.32444662 0.3854211
vt 0.31450534 0.33503461
vt 0.32368147 0.3594287
vt 0.3203375 0.3982076
vt 0.32440695 0.42423403
vt 0.32043386 0.45715249
vt 0.31094599 0.32013971
vt 0.30292609 0.26657867
vt 0.31706151 0.27367526
vt 0.2821877 0.62368304
vt 0.24270599 0.58876956
vt 0.30837849 0.46555209
vt 0.30846918 0.5144763
vt 0.311048 0.53925586
vt 0.29819348 0.57456613
vt 0.28760609 0.57652712
vt 0.21980251 0.57122207
vt 0.20969687 0.58125407
vt 0.32737121 0.36992544
vt 0.32119334 0.33337963
vt 0.32542148 0.34532726
vt 0.3252798 0.40427214
vt 0.3268781 0.44428664
vt 0.30574733 0.2665748
vt 0.32151639 0.31209147
vt 0.3257162 0.28115672
vt 0.25377515 0.60173738
vt 0.26890245 0.61458057
vt 0.31748092 0.47773784
vt 0.31506079 0.52481437
vt 0.31116137 0.56741333
vt 0.30541423 0.58193421
vt 0.29119948 0.61420649
vt 0.22681354 0.58124274
vt 0.21225303 0.58764732
vt 0.21713299 0.58374786
vt 0.3338778 0.37150109
vt 0.33093056 0.35070032
vt 0.33500004 0.41908771
vt 0.33984029 0.44757396
vt 0.32866913 0.29526949
vt 0.32436162 0.28846818
vt 0.32752991 0.27427608
vt 0.31197169 0.26656884
vt 0.26230514 0.60838002
vt 0.27443418 0.62335432
vt 0.32300702 0.48256677
vt 0.3271955 0.51472569
vt 0.31957802 0.54868704
vt 0.29923636 0.6004678
vt 0.29707128 0.62757111
vt 0.22515289 0.56926107
vt 0.22082271 0.58204758
vt 0.20832527 0.58742058
vt 0.33284628 0.39392281
vt 0.33690441 0.35425967
vt 0.32661173 0.31670499
vt 0.33091924 0.3336857
vt 0.33299363 0.45702779
vt 0.32324505 0.46399915
vt 0.33219448 0.29181212
vt 0.3370291 0.28252834
vt 0.31616443 0.26656234
vt 0.27982423 0.63337493
vt 0.32201517 0.47589016
vt 0.32661173 0.53883648
vt 0.31892622 0.58356655
vt 0.32261595 0.56420541
vt 0.29751337 0.60898077
vt 0.2865859 0.63395303
vt 0.30435437 0.62020302
vt 0.22897863 0.57423735
vt 0.22715928 0.5901525
vt 0.21624881 0.58963102
vt 0.21030332 0.59203416
vt 0.2211401 0.59274828
vt 0.34097952 0.38249654
vt 0.33931321 0.36178648
vt 0.33964759 0.33281285
vt 0.34427249 0.42656916
vt 0.34210742 0.40933913
vt 0.34174469 0.46381778
vt 0.32898653 0.46438456
vt 0.33657566 0.26850629
vt 0.33076054 0.47647959
vt 0.34018037 0.49183923
vt 0.31612635 0.60650969
vt 0.33702341 0.56468153
vt 0.30398595 0.59733921
vt 0.29766074 0.64270407
vt 0.31247628 0.64779377
vt 0.23619938 0.58476806
vt 0.23284405 0.58980107
vt 0.2158294 0.59536684
vt 0.34205639 0.37101364
vt 0.33898446 0.38978529
vt 0.35279685 0.35201526
vt 0.35143659 0.44691646
vt 0.33534008 0.46577883
vt 0.33221149 0.46282023
vt 0.32455432 0.4682613
vt 0.3471404 0.29320639
vt 0.34407979 0.26841557
vt 0.28463617 0.64017624
vt 0.34559876 0.5139209
vt 0.32825539 0.58670646
vt 0.31169415 0.61182606
vt 0.32088161 0.59719181
vt 0.33934155 0.53443825
vt 0.29753038 0.65567195
vt 0.31737325 0.62930548
vt 0.22803779 0.59933424
vt 0.22530025 0.59825742
vt 0.21510959 0.6027236
vt 0.34495264 0.37803036
vt 0.34508866 0.38868576
vt 0.34771851 0.36372489
vt 0.34531537 0.31272626
vt 0.35010466 0.41752338
vt 0.35181633 0.43327981
vt 0.34678334 0.40317261
vt 0.34886909 0.47650224
vt 0.34961155 0.27453679
vt 0.34571242 0.26655376
vt 0.32258761 0.61222279
vt 0.33626962 0.58371389
vt 0.35594812 0.54362005
vt 0.30432037 0.65381289
vt 0.32213986 0.63235474
vt 0.23532088 0.59353042
vt 0.23332015 0.59876752
vt 0.22017092 0.60333574
vt 0.34755981 0.3737455
vt 0.35786951 0.36357749
vt 0.35861763 0.31537879
vt 0.35136288 0.41167426
vt 0.35766545 0.4517681
vt 0.36344093 0.26958317
vt 0.33948377 0.26655173
vt 0.34770313 0.26655406
vt 0.29039463 0.65267932
vt 0.35638455 0.50465977
vt 0.32718983 0.60045648
vt 0.3443065 0.58404261
vt 0.3131054 0.66554523
vt 0.302416 0.66058028
vt 0.33109492 0.64798641
vt 0.24344847 0.59331512
vt 0.23127408 0.60768855
vt 0.34986094 0.39965856
vt 0.35345995 0.36890525
vt 0.36527729 0.35237801
vt 0.35816988 0.4252429
vt 0.35599914 0.40986055
vt 0.3662605 0.4866327
vt 0.36267394 0.26655149
vt 0.35196716 0.26655346
vt 0.29648751 0.65915191
vt 0.36626118 0.49025792
vt 0.33686471 0.61565745
vt 0.35104549 0.58552754
vt 0.30795342 0.67205179
vt 0.32682142 0.65403962
vt 0.32667407 0.63329554
vt 0.24227524 0.58884889
vt 0.24218455 0.59979904
vt 0.23624472 0.6071558
vt 0.21821553 0.60700846
vt 0.35780716 0.37995738
vt 0.36620679 0.37240791
vt 0.35008198 0.37603527
vt 0.36623424 0.32240808
vt 0.35753509 0.41564167
vt 0.36623514 0.45255023
vt 0.35394174 0.40541703
vt 0.3662594 0.48151344
vt 0.3662264 0.27096027
vt 0.35456145 0.26655406
vt 0.36360541 0.26655114
vt 0.29209498 0.66317606
vt 0.36626488 0.5066576
vt 0.36627677 0.57826018
vt 0.31151843 0.67312872
vt 0.31875619 0.67104292
vt 0.30166784 0.66750622
vt 0.32717282 0.66842443
vt 0.25081658 0.60290492
vt 0.23683417 0.61731243
vt 0.36623761 0.35400772
vt 0.36623716 0.35094047
vt 0.36623412 0.31754023
vt 0.36624828 0.41605586
vt 0.36119083 0.40613115
vt 0.36625001 0.42386496
vt 0.36623117 0.30166495
vt 0.36437669 0.2665509
vt 0.29642516 0.67855841
vt 0.28281116 0.66077292
vt 0.36626774 0.52503872
vt 0.35524532 0.63363564
vt 0.36627808 0.58676708
vt 0.36627245 0.55618715
vt 0.31722587 0.67727751
vt 0.31153545 0.67646134
vt 0.33359441 0.68473625
vt 0.34045243 0.63958681
vt 0.24623135 0.6080513
vt 0.24064292 0.61100984
vt 0.36623836 0.37240893
vt 0.36624753 0.41295969
vt 0.36624441 0.40487921
vt 0.36625415 0.45292091
vt 0.36625406 0.45245785
vt 0.36622551 0.26654983
vt 0.28862628 0.68020207
vt 0.27677497 0.64534521
vt 0.28256744 0.67535043
vt 0.36627948 0.59586704
vt 0.30978978 0.68045145
vt 0.32339808 0.6758039
vt 0.29990518 0.69170761
vt 0.33899581 0.65983212
vt 0.25092426 0.60971761
vt 0.24321608 0.61993098
vt 0.36624354 0.40366268
vt 0.36625409 0.45260441
vt 0.36625409 0.45254385
vt 0.28966349 0.69343066
vt 0.2671681 0.67222184
vt 0.36628667 0.64431572
vt 0.34902778 0.65637475
vt 0.31498712 0.68045145
vt 0.31970838 0.68622124
vt 0.29710528 0.69394076
vt 0.34222645 0.69413346
vt 0.32565388 0.68579054
vt 0.2588138 0.61770916
vt 0.2466791 0.61504531
vt 0.28461352 0.68789887
vt 0.26821664 0.64548129
vt 0.26881176 0.68382943
vt 0.36408138 0.67996407
vt 0.3087129 0.70052671
vt 0.30089137 0.70048136
vt 0.33864442 0.70187563
vt 0.34919214 0.69034737
vt 0.33145201 0.69409943
vt 0.2548407 0.62656224
vt 0.26177806 0.61256284
vt 0.24749525 0.62530398
vt 0.28302655 0.69722807
vt 0.29354027 0.70617181
vt 0.27993193 0.69085753
vt 0.26357472 0.66649735
vt 0.27157763 0.63642418
vt 0.26555279 0.68042874
vt 0.27665028 0.68842036
vt 0.3662914 0.67226076
vt 0.31827444 0.69726205
vt 0.32628867 0.6949383
vt 0.33868408 0.71350592
vt 0.34477127 0.72402531
vt 0.26477063 0.6266076
vt 0.26363707 0.67114496
vt 0.26169303 0.6605916
vt 0.26711708 0.6347692
vt 0.27106753 0.69241047
vt 0.36629242 0.67973107
vt 0.35376602 0.70757741
vt 0.3101525 0.72141814
vt 0.30290908 0.71640778
vt 0.3425155 0.71691787
vt 0.33063018 0.70002794
vt 0.2610299 0.63801116
vt 0.24954699 0.63298953
vt 0.28315124 0.708915
vt 0.2786907 0.69795358
vt 0.26146066 0.64942604
vt 0.36629331 0.68633485
vt 0.33056784 0.72281241
vt 0.31904525 0.72751665
vt 0.29601708 0.71714461
vt 0.33638296 0.72784537
vt 0.33518139 0.71357393
vt 0.35450852 0.72666645
vt 0.2531687 0.63856661
vt 0.24842477 0.63782978
vt 0.28605312 0.71699727
vt 0.27951819 0.70298648
vt 0.36629447 0.69607925
vt 0.29758704 0.73905623
vt 0.31216457 0.7379567
vt 0.29480985 0.73564422
vt 0.33879742 0.7440666
vt 0.36419472 0.73542887
vt 0.35223573 0.74453127
vt 0.25619528 0.64688689
vt 0.2750293 0.71493423
vt 0.27590215 0.70230639
vt 0.36629629 0.70625997
vt 0.32246858 0.74126667
vt 0.29843155 0.74776196
vt 0.31453937 0.74747854
vt 0.28756642 0.7346921
vt 0.33309564 0.72741461
vt 0.33260256 0.73787737
vt 0.36440444 0.71551228
vt 0.25217116 0.64697754
vt 0.27559042 0.73066795
vt 0.29106912 0.74900889
vt 0.30841815 0.76584214
vt 0.32890716 0.75508469
vt 0.35186732 0.79721892
vt 0.36629844 0.71962965
vt 0.36026129 0.76643157
vt 0.27103919 0.72039795
vt 0.27430382 0.70803082
vt 0.36629811 0.7166326
vt 0.32683843 0.74753523
vt 0.3182461 0.76052576
vt 0.28877366 0.76008368
vt 0.30133912 0.76700974
vt 0.31015816 0.77111316
vt 0.28038535 0.74514341
vt 0.3320528 0.7692768
vt 0.36630061 0.73262924
vt 0.36630195 0.73972428
vt 0.26914614 0.72851419
vt 0.2726205 0.69761348
vt 0.28132054 0.75174069
vt 0.29713362 0.76842666
vt 0.30526122 0.77462721
vt 0.27746078 0.75328237
vt 0.32494539 0.76388109
vt 0.33168438 0.79668617
vt 0.36162156 0.79398835
vt 0.36630106 0.73420227
vt 0.3663055 0.76769698
vt 0.2714586 0.74680972
vt 0.28168327 0.76467454
vt 0.29248038 0.77408308
vt 0.30708623 0.78389966
vt 0.2739014 0.75544745
vt 0.31983873 0.78005695
vt 0.33871242 0.824889
vt 0.32716715 0.78991884
vt 0.36630762 0.78878814
vt 0.36342958 0.80385023
vt 0.36630699 0.78562427
vt 0.30134478 0.78387702
vt 0.3091833 0.78902334
vt 0.2757321 0.76804125
vt 0.32542714 0.77723438
vt 0.35819256 0.82806295
vt 0.32741088 0.81298667
vt 0.31995207 0.79908931
vt 0.36631078 0.79923612
vt 0.36323121 0.81745291
vt 0.36631092 0.80279529
vt 0.26784822 0.75468796
vt 0.31319609 0.7747519
vt 0.28336659 0.77720034
vt 0.29463413 0.79029292
vt 0.30251801 0.79028159
vt 0.26938987 0.76434588
vt 0.34682867 0.84532702
vt 0.32568789 0.82240653
vt 0.3663114 0.80544829
vt 0.31673846 0.78844523
vt 0.28947079 0.79121113
vt 0.3040823 0.79851121
vt 0.27145293 0.77277946
vt 0.36630914 0.82032627
vt 0.35639587 0.84851229
vt 0.33603722 0.8489657
vt 0.32385719 0.84030533
vt 0.36631128 0.81085324
vt 0.26489532 0.76021969
vt 0.27975056 0.78446645
vt 0.29697493 0.80516517
vt 0.3131054 0.79498583
vt 0.26483864 0.77404904
vt 0.27522767 0.78548664
vt 0.31286737 0.80021155
vt 0.36630952 0.81739122
vt 0.36630994 0.82374233
vt 0.36461416 0.82720149
vt 0.35026336 0.86539096
vt 0.31491342 0.8273828
vt 0.26283225 0.76771247
vt 0.28376901 0.80416763
vt 0.30567497 0.804281
vt 0.2685737 0.78640485
vt 0.31200588 0.8101868
vt 0.36096978 0.84171098
vt 0.35776746 0.85925841
vt 0.33400816 0.87627304
vt 0.32672507 0.87212425
vt 0.31099701 0.84194899
vt 0.28870565 0.82086492
vt 0.26282093 0.79321748
vt 0.24989273 0.76049173
vt 0.26889676 0.79963338
vt 0.36631069 0.8265242
vt 0.36631462 0.83813518
vt 0.35509229 0.88430995
vt 0.34499797 0.88531882
vt 0.31772465 0.87436867
vt 0.29906633 0.84422743
vt 0.29959345 0.82575053
vt 0.27769881 0.81201184
vt 0.24763128 0.78248274
vt 0.25010809 0.77037638
vt 0.36631146 0.82785541
vt 0.36631247 0.83072054
vt 0.36414939 0.84804755
vt 0.36082807 0.86424601
vt 0.33244953 0.90168738
vt 0.30337384 0.86268175
vt 0.30179819 0.85373801
vt 0.29131281 0.83244979
vt 0.27597016 0.82898116
vt 0.25289097 0.79716229
vt 0.26402816 0.80842984
vt 0.24533583 0.75795257
vt 0.36631536 0.8428331
vt 0.35089815 0.89239222
vt 0.35955283 0.89707381
vt 0.316098 0.89683574
vt 0.3393302 0.90274155
vt 0.29622111 0.85523427
vt 0.26727012 0.80618536
vt 0.28094646 0.83544242
vt 0.26880041 0.81815571
vt 0.24239425 0.76802993
vt 0.25839439 0.80896258
vt 0.24536984 0.7949518
vt 0.36631674 0.84830809
vt 0.36629748 0.86457479
vt 0.35311425 0.90640295
vt 0.34597284 0.9110052
vt 0.36497688 0.88102263
vt 0.33294263 0.92331558
vt 0.3254385 0.9214679
vt 0.30038694 0.89539611
vt 0.29280344 0.8519243
vt 0.28567338 0.838503
vt 0.27625355 0.83597517
vt 0.27292657 0.83289194
vt 0.2402575 0.78086174
vt 0.25526577 0.8080104
vt 0.25113964 0.80390692
vt 0.26062748 0.81100297
vt 0.24124937 0.75780523
vt 0.36225635 0.91290957
vt 0.36486921 0.89527142
vt 0.34221509 0.93129581
vt 0.31725422 0.95073628
vt 0.30794773 0.9239164
vt 0.29131848 0.8846727
vt 0.29289412 0.86605972
vt 0.28688627 0.8497932
vt 0.28192699 0.85708201
vt 0.26966193 0.82933253
vt 0.23651111 0.76861936
vt 0.24035385 0.79063296
vt 0.26325732 0.81588858
vt 0.23834179 0.75872344
vt 0.3663179 0.86446792
vt 0.36631793 0.86465359
vt 0.34591615 0.93009424
vt 0.35376602 0.92443782
vt 0.36476716 0.90670902
vt 0.36632353 0.88512146
vt 0.33625826 0.93980885
vt 0.32259327 0.937383
vt 0.29537094 0.95847845
vt 0.28816155 0.92271483
vt 0.28975418 0.86548162
vt 0.27515399 0.84547436
vt 0.23565528 0.7792294
vt 0.3663179 0.86457932
vt 0.3663229 0.87975979
vt 0.34981558 0.94118041
vt 0.36445546 0.91178733
vt 0.36632764 0.90485156
vt 0.36632514 0.89185292
vt 0.34327498 0.94912666
vt 0.33037513 0.93697494
vt 0.3278473 0.93543327
vt 0.30557293 0.9570502
vt 0.32423127 0.94235933
vt 0.28845626 0.87444806
vt 0.28546369 0.8986721
vt 0.28578675 0.86159354
vt 0.28030032 0.85843092
vt 0.22929037 0.77424181
vt 0.23335415 0.75800931
vt 0.36230171 0.92972016
vt 0.36416641 0.918634
vt 0.3663258 0.89680159
vt 0.36632556 0.89431894
vt 0.33186007 0.94994277
vt 0.31193218 0.96645868
vt 0.32613564 0.95116705
vt 0.29293004 0.99497038
vt 0.27988091 0.94977278
vt 0.28467017 0.88951302
vt 0.27812958 0.92760044
vt 0.28680694 0.87146676
vt 0.3555797 0.94182652
vt 0.34869903 0.95614332
vt 0.3393302 0.96259326
vt 0.31667611 0.96606195
vt 0.29317984 0.9949702
vt 0.32291633 0.96007675
vt 0.28368399 0.98246449
vt 0.28415442 0.88102263
vt 0.27700168 0.90965629
vt 0.27806723 0.89925021
vt 0.22454643 0.76473129
vt 0.35998356 0.93516123
vt 0.3300294 0.96232122
vt 0.33514172 0.97103822
vt 0.31685182 0.97558379
vt 0.29348758 0.99496996
vt 0.2922112 0.9949711
vt 0.27006432 0.97642267
vt 0.26928785 0.93453777
vt 0.27455321 0.91808993
vt 0.22157653 0.77327824
vt 0.22897297 0.75502801
vt 0.35376602 0.9553045
vt 0.34520203 0.97052813
vt 0.3401067 0.97094756
vt 0.30923998 0.99414009
vt 0.32451466 0.96905452
vt 0.30534786 0.99496132
vt 0.28219432 0.99498188
vt 0.2786921 0.99498475
vt 0.26471964 0.9622305
vt 0.27239379 0.92436981
vt 0.27988657 0.89098662
vt 0.27387875 0.91176468
vt 0.21469584 0.77443451
vt 0.21756941 0.75349772
vt 0.35045037 0.96136904
vt 0.33324867 0.9819544
vt 0.33939254 0.97987998
vt 0.30870971 0.99495828
vt 0.31875619 0.9889484
vt 0.32456565 0.98056012
vt 0.26990801 0.99499017
vt 0.26139843 0.99499458
vt 0.26789358 0.93186259
vt 0.26225981 0.95171112
vt 0.27131125 0.91277355
vt 0.21534197 0.76459521
vt 0.22179757 0.74419123
vt 0.34971356 0.96836305
vt 0.30921412 0.99495792
vt 0.31767407 0.99495244
vt 0.26231733 0.99499387
vt 0.25861317 0.99499673
vt 0.27082381 0.91907609
vt 0.25531679 0.97065282
vt 0.20606948 0.76405114
vt 0.20877302 0.74605024
vt 0.22828716 0.74512076
vt 0.20618285 0.75686437
vt 0.3448903 0.98278189
vt 0.33807763 0.99314255
vt 0.30992219 0.99495763
vt 0.32915655 0.99012733
vt 0.32053131 0.99495208
vt 0.2518481 0.98710072
vt 0.26098457 0.9473356
vt 0.26656166 0.93047965
vt 0.20695934 0.77157795
vt 0.21046202 0.73124605
vt 0.22247203 0.73802471
vt 0.33464968 0.99494708
vt 0.33301771 0.99494803
vt 0.25358608 0.99500138
vt 0.24682645 0.98957187
vt 0.25747055 0.95341146
vt 0.20154661 0.76558143
vt 0.20666461 0.73634708
vt 0.19691037 0.74720651
vt 0.33944917 0.99493974
vt 0.33670241 0.99494511
vt 0.32470638 0.9949519
vt 0.32955512 0.99495089
vt 0.25054145 0.9950034
vt 0.25421157 0.96691209
vt 0.24774191 0.9950037
vt 0.19749415 0.76139861
vt 0.20577477 0.71166956
vt 0.19997664 0.73794532
vt 0.21483754 0.72666645
vt 0.33986893 0.99493885
vt 0.32690653 0.9949519
vt 0.24545123 0.99500257
vt 0.20167696 0.72206426
vt 0.2114142 0.7202279
vt 0.18806864 0.74057519
vt 0.19407648 0.75508469
vt 0.1999993 0.70962918
vt 0.18271258 0.72380996
vt 0.19340768 0.75806594
vt 0.20334329 0.70349663
vt 0.1957258 0.70024335
vt 0.17653471 0.73447669
vt 0.18968396 0.75301027
vt 0.19880341 0.69935918
vt 0.17158109 0.72390062
vt 0.18348341 0.74512076
vt 0.19174702 0.69965386
vt 0.18518375 0.74643564
vt 0.16920061 0.72558963
vt 0.17154707 0.70601308
vt 0.18562016 0.69846368
vt 0.16815774 0.71309781
vt 0.17596795 0.68851101
vt 0.16073297 0.69515365
vt 0.16695051 0.72384393
vt 0.15853953 0.70359862
vt 0.16147543 0.71738267
vt 0.16539754 0.67349142
vt 0.15004921 0.70278251
vt 0.17227823 0.6788305
vt 0.15240133 0.67555451
vt 0.1510354 0.68975794
vt 0.15406767 0.70807618
vt 0.15886827 0.71399331
vt 0.16024554 0.66170245
vt 0.14240904 0.69930243
vt 0.14814484 0.71162421
vt 0.15648213 0.70832556
vt 0.15027025 0.6450392
vt 0.14398469 0.68903244
vt 0.14374097 0.70662522
vt 0.13400374 0.65249801
vt 0.13789183 0.67434156
vt 0.13497859 0.69162834
vt 0.13754609 0.70724869
vt 0.13711534 0.62945282
vt 0.13165727 0.7025218
vt 0.1314079 0.64416635
vt 0.1254794 0.66143036
vt 0.12867036 0.68619859
vt 0.1294015 0.62742376
vt 0.12693036 0.69390678
vt 0.11668868 0.63164055
vt 0.12484461 0.62972486
vt 0.12364871 0.67360479
vt 0.12363738 0.69640058
vt 0.1220504 0.68472493
vt 0.11179173 0.64489186
vt 0.11496568 0.61884272
vt 0.11059016 0.66924059
vt 0.12162532 0.69134492
vt 0.11239251 0.62485057
vt 0.11761253 0.67997539
vt 0.116615 0.6878649
vt 0.10258726 0.64655817
vt 0.10619197 0.62789989
vt 0.11115694 0.67964661
vt 0.1003825 0.66565859
vt 0.10729718 0.61786789
vt 0.10661705 0.67641604
vt 0.10069422 0.66980737
vt 0.097123526 0.65920866
vt 0.095666908 0.62410247
vt 0.098194741 0.6209625
vt 0.095876619 0.65257734
vt 0.096290365 0.61320901
vt 0.096772127 0.6669395
vt 0.091795817 0.65416431
vt 0.087681018 0.64204657
vt 0.099396303 0.60476398
vt 0.092628986 0.66017216
vt 0.093694523 0.65800703
vt 0.088236459 0.61436522
vt 0.095672578 0.60403848
vt 0.086655147 0.65195388
vt 0.091869503 0.60246289
vt 0.074537449 0.62159729
vt 0.083775923 0.64481246
vt 0.089670405 0.65900457
vt 0.091127023 0.6576103
vt 0.086485118 0.60018444
vt 0.07924737 0.63742173
vt 0.076997258 0.60460532
vt 0.088480175 0.59298635
vt 0.074106693 0.63525665
vt 0.066749923 0.61108923
vt 0.081435129 0.59389317
vt 0.072071962 0.63693428
vt 0.067118332 0.62618816
vt 0.071284145 0.59243095
vt 0.081180081 0.58004117
vt 0.069731176 0.63154989
vt 0.062822156 0.62273085
vt 0.061376873 0.60602224
vt 0.063252911 0.63633347
vt 0.057018355 0.6227082
vt 0.055567406 0.56887567
vt 0.071403168 0.57579029
vt 0.068399251 0.63848722
vt 0.041891064 0.58568627
vt 0.065457672 0.57310379
vt 0.075563312 0.5647155
vt 0.073318876 0.64922202
vt 0.047173433 0.64180857
vt 0.049315851 0.54595518
vt 0.043823779 0.55768746
vt 0.063632652 0.555511
vt 0.069969222 0.66003609
vt 0.056870993 0.65483308
vt 0.036790069 0.61232483
vt 0.028260069 0.58644575
vt 0.076016739 0.65679419
vt 0.045592122 0.67070287
vt 0.034352925 0.64159322
vt 0.048788749 0.53456295
vt 0.034568302 0.54042339
vt 0.07987082 0.66903657
vt 0.079916164 0.65304208
vt 0.063689329 0.67385417
vt 0.037963297 0.65818846
vt 0.024196275 0.61454654
vt 0.036597364 0.53117359
vt 0.020602904 0.54960525
vt 0.085487589 0.66145307
vt 0.026287682 0.65816575
vt 0.0616716 0.69361198
vt 0.017547974 0.58052862
vt 0.0260383 0.52415693
vt 0.018647522 0.52931458
vt 0.088627532 0.66790301
vt 0.030997602 0.6887604
vt 0.0034692222 0.64263606
vt 0.004155023 0.60559148
vt 0.031785425 0.51916927
vt 0.0021376275 0.56301731
vt 0.0021370254 0.56010848
vt 0.080885358 0.71784747
vt 0.086349092 0.68295658
vt 0.0069379001 0.6594013
vt 0.0359229 0.72278976
vt 0.025222141 0.50174654
vt 0.020421537 0.5112344
vt 0.0021372372 0.56130171
vt 0.0021275273 0.51808512
vt 0.05726207 0.72282374
vt 0.091971524 0.67417157
vt 0.011239741 0.69419014
vt 0.021351051 0.72954571
vt 0.00214976 0.64179301
vt 0.0021514932 0.6531353
vt 0.0021392717 0.57611638
vt 0.0253525 0.49738234
vt 0.020319516 0.50481844
vt 0.0070795948 0.50095302
vt 0.065769397 0.74066591
vt 0.090973996 0.70226109
vt 0.091036342 0.67987335
vt 0.0021535531 0.66647047
vt 0.034426607 0.76260018
vt 0.060668401 0.77096581
vt 0.0021436326 0.6082902
vt 0.0021432193 0.60469627
vt 0.0098681394 0.48755443
vt 0.0021260749 0.50859022
vt 0.078986652 0.73844409
vt 0.092725337 0.73100799
vt 0.093008727 0.68478167
vt 0.0091596683 0.72603166
vt 0.002157609 0.68788725
vt 0.018522831 0.7502898
vt 0.0021219645 0.48430467
vt 0.0021250583 0.50230426
vt 0.10003676 0.71757537
vt 0.097922683 0.69233108
vt 0.096466064 0.67896652
vt 0.0021606074 0.70736283
vt 0.048766077 0.78647286
vt 0.024162266 0.76986623
vt 0.0021240488 0.49176443
vt 0.0021243936 0.49460375
vt 0.08255735 0.77212203
vt 0.10000843 0.74874812
vt 0.1049564 0.70931172
vt 0.097134866 0.68402219
vt 0.014357017 0.7491222
vt 0.0021629226 0.71962905
vt 0.057075035 0.79820514
vt 0.043948468 0.78001159
vt 0.032641258 0.77720034
vt 0.077989124 0.8028754
vt 0.083532207 0.75622958
vt 0.094176285 0.75797528
vt 0.11389447 0.73940766
vt 0.10520577 0.69655931
vt 0.10015012 0.68170971
vt 0.005685322 0.73353583
vt 0.0021635634 0.72309965
vt 0.05418447 0.80445099
vt 0.043778434 0.78991884
vt 0.039663631 0.78363895
vt 0.085685961 0.79573399
vt 0.08963073 0.76832461
vt 0.098920211 0.77578342
vt 0.11627494 0.70754337
vt 0.11620126 0.75923353
vt 0.0021634791 0.7258389
vt 0.061705604 0.81145638
vt 0.048567705 0.79871523
vt 0.07325653 0.81741887
vt 0.087533653 0.82316601
vt 0.10672474 0.77605546
vt 0.12327464 0.71910566
vt 0.11653566 0.69908708
vt 0.0021627024 0.73191082
vt 0.089783758 0.79032695
vt 0.099390641 0.78804851
vt 0.12217509 0.70830286
vt 0.10574421 0.79208392
vt 0.13292119 0.77200866
vt 0.11764088 0.7030772
vt 0.079672448 0.82955927
vt 0.094334982 0.79984879
vt 0.098710507 0.80140173
vt 0.12889707 0.71596575
vt 0.1124832 0.82607925
vt 0.14482918 0.74050719
vt 0.13839626 0.80135643
vt 0.090220176 0.83589584
vt 0.13309123 0.72657579
vt 0.10283665 0.81626266
vt 0.12666963 0.81298667
vt 0.15945771 0.81246525
vt 0.086757168 0.84105349
vt 0.093717195 0.82364213
vt 0.13571541 0.72059059
vt 0.10450864 0.84516829
vt 0.11622393 0.86650181
vt 0.14888164 0.7297951
vt 0.16895691 0.7665903
vt 0.13786916 0.83903575
vt 0.095780268 0.84137094
vt 0.10694578 0.85540432
vt 0.13015532 0.86315781
vt 0.16008684 0.7390449
vt 0.18847671 0.76826793
vt 0.15036094 0.86417806
vt 0.094068602 0.84788883
vt 0.10059787 0.85225302
vt 0.12223177 0.87470877
vt 0.10640167 0.86169553
vt 0.16255231 0.72939837
vt 0.17312838 0.74184477
vt 0.17937428 0.74616361
vt 0.18282028 0.82558048
vt 0.14174592 0.87011784
vt 0.17223288 0.8814081
vt 0.13315357 0.89158738
vt 0.18324536 0.74217355
vt 0.20199436 0.79127908
vt 0.1738652 0.83551043
vt 0.13504094 0.88684911
vt 0.15331951 0.90352374
vt 0.17191549 0.73516816
vt 0.17726587 0.73732191
vt 0.20540637 0.82806295
vt 0.19139563 0.84556508
vt 0.1606026 0.91865671
vt 0.14312886 0.89709646
vt 0.20687431 0.80150378
vt 0.18776825 0.88725722
vt 0.15507086 0.9198696
vt 0.17463601 0.91598147
vt 0.13607247 0.90010041
vt 0.20043573 0.84929442
vt 0.21612412 0.78885329
vt 0.14516926 0.90547341
vt 0.19864471 0.86505085
vt 0.16154912 0.92884731
vt 0.14659187 0.91347635
vt 0.16838446 0.93012828
vt 0.14013061 0.90564346
vt 0.21776211 0.83192837
vt 0.20249313 0.91487062
vt 0.18938923 0.92378032
vt 0.17540117 0.93044567
vt 0.20783217 0.86466545
vt 0.23111539 0.80700153
vt 0.21131785 0.88952434
vt 0.18331337 0.9404096
vt 0.16575462 0.93596607
vt 0.17399555 0.93891329
vt 0.21909404 0.88542086
vt 0.22261372 0.78196132
vt 0.24211086 0.84596181
vt 0.19079484 0.94794774
vt 0.23346752 0.79254872
vt 0.21873696 0.77470654
vt 0.24090931 0.82051349
vt 0.20928879 0.96058691
vt 0.21408373 0.92843926
vt 0.18225917 0.94857121
vt 0.23492414 0.88543218
vt 0.21526828 0.76727045
vt 0.22025593 0.7689594
vt 0.25146836 0.82873178
vt 0.1959355 0.96023548
vt 0.23319545 0.9228735
vt 0.18736017 0.95751494
vt 0.25028381 0.8885268
vt 0.24028584 0.7986359
vt 0.2488952 0.8198787
vt 0.25921056 0.86273843
vt 0.19124827 0.96016747
vt 0.20006731 0.96975732
vt 0.22688156 0.94560128
vt 0.24458769 0.91577744
vt 0.24707584 0.81470966
vt 0.26044613 0.82160169
vt 0.26725879 0.85401005
vt 0.19105555 0.96673071
vt 0.20689699 0.97138965
vt 0.19513069 0.97152567
vt 0.23029923 0.96862376
vt 0.23603502 0.952618
vt 0.25523177 0.96111965
vt 0.27693367 0.89974898
vt 0.25631431 0.9273057
vt 0.24762562 0.80736423
vt 0.26796725 0.82860708
vt 0.27273953 0.8693924
vt 0.26738915 0.83783424
vt 0.20821191 0.9861939
vt 0.2029012 0.97891647
vt 0.19905846 0.97850835
vt 0.21793215 0.99114752
vt 0.27980158 0.8600179
vt 0.24318208 0.98597848
vt 0.22492166 0.99512166
vt 0.20861432 0.99007064
vt 0.22941916 0.99511915
vt 0.2198927 0.99512392
vt 0.24630557 0.99510688
vt 0.2129793 0.99512744
vt 0.23232359 0.99511689
vt 0.21812832 0.995125
vt 0.24224918 0.9951089
vt 0.21665603 0.99512541
vt 0.44471127 0.74177676
vt 0.43847671 0.76826793
vt 0.43324536 0.74217355
vt 0.43607926 0.73463535
vt 0.4509005 0.7432164
vt 0.42726585 0.73732191
vt 0.44765851 0.73321843
vt 0.45762813 0.75973225
vt 0.45621118 0.74308038
vt 0.45199436 0.79127908
vt 0.46378332 0.75701177
vt 0.46612412 0.78885329
vt 0.46526828 0.76727045
vt 0.47025594 0.7689594
vt 0.46873698 0.77470654
vt 0.77693367 0.89974898
vt 0.77247316 0.93385768
vt 0.75028378 0.8885268
vt 0.77994329 0.92468721
vt 0.75631434 0.9273057
vt 0.7908594 0.92588878
vt 0.78393906 0.93562597
vt 0.77072179 0.95007885
vt 0.79225934 0.90107524
vt 0.7779482 0.94506848
vt 0.75523174 0.96111965
vt 0.79472482 0.88224691
vt 0.7963798 0.92921007
vt 0.79541063 0.93392569
vt 0.7868126 0.93953675
vt 0.77581143 0.95596194
vt 0.76770651 0.96651536
vt 0.77273953 0.8693924
vt 0.80530655 0.90692437
vt 0.78279984 0.94713157
vt 0.77548271 0.96756959
vt 0.77892309 0.95315075
vt 0.76459491 0.99087548
vt 0.77980155 0.8600179
vt 0.80412197 0.88718921
vt 0.80216658 0.92670494
vt 0.77652562 0.97605991
vt 0.75174838 0.9951033
vt 0.7749216 0.98322397
vt 0.79305851 0.84279919
vt 0.8039633 0.86940372
vt 0.81018084 0.89434195
vt 0.81134272 0.91051775
vt 0.7609809 0.99509668
vt 0.74630558 0.99510688
vt 0.77293223 0.99325591
vt 0.8021723 0.85658324
vt 0.78273183 0.84392142
vt 0.80906427 0.88737059
vt 0.81213057 0.90227681
vt 0.80853152 0.92137718
vt 0.76370782 0.99509424
vt 0.76562816 0.99509281
vt 0.76725876 0.85401005
vt 0.78224438 0.83335668
vt 0.80086303 0.93300748
vt 0.77222955 0.99508709
vt 0.77769881 0.82688409
vt 0.77282858 0.99508643
vt 0.76738912 0.83783424
vt 0.76796728 0.82860708
vt 0.77427548 0.81713551
vt 0.76918584 0.82079685
vt 0.76044613 0.82160169
vt 0.57697695 0.72249645
vt 0.58499891 0.67773986
vt 0.60096014 0.69595826
vt 0.58734012 0.72814548
vt 0.56740016 0.69190431
vt 0.59382784 0.6690138
vt 0.60609978 0.72398221
vt 0.58042032 0.73269296
vt 0.55063426 0.73152477
vt 0.56798887 0.66329396
vt 0.57497174 0.64245582
vt 0.60778946 0.65752661
vt 0.62224025 0.72282946
vt 0.59826267 0.73031384
vt 0.57381791 0.73793149
vt 0.58584088 0.73637235
vt 0.55561405 0.65775925
vt 0.5702737 0.73504585
vt 0.59293342 0.6449908
vt 0.62351203 0.69137686
vt 0.61252671 0.72408736
vt 0.59163684 0.73360783
vt 0.52769512 0.70005333
vt 0.56177872 0.74161923
vt 0.58960408 0.62412834
vt 0.62107545 0.63757396
vt 0.61776578 0.72955996
vt 0.63142282 0.72862256
vt 0.52704906 0.72576928
vt 0.53433514 0.65127921
vt 0.55249751 0.73825121
vt 0.56605029 0.6149779
vt 0.58895814 0.59500384
vt 0.60153347 0.61355001
vt 0.63649428 0.67312747
vt 0.62481362 0.73074841
vt 0.64492404 0.72048205
vt 0.53439182 0.7349664
vt 0.51788521 0.73290598
vt 0.54418516 0.62156337
vt 0.51301354 0.65744507
vt 0.54709625 0.73985791
vt 0.57306987 0.57627904
vt 0.60978544 0.62177032
vt 0.64002043 0.62531769
vt 0.63907301 0.72620893
vt 0.52220494 0.74228019
vt 0.51800257 0.73530018
vt 0.51717401 0.71724498
vt 0.52412856 0.62442827
vt 0.51267081 0.6529963
vt 0.51630092 0.71025527
vt 0.55777127 0.60887593
vt 0.55953318 0.58372498
vt 0.594284 0.56666696
vt 0.58231533 0.57032514
vt 0.60275322 0.58123016
vt 0.62018108 0.59177899
vt 0.63125533 0.61491436
vt 0.66304654 0.67998993
vt 0.64596522 0.72553259
vt 0.54093283 0.74258149
vt 0.52598536 0.74564791
vt 0.52506858 0.59990263
vt 0.54811442 0.58349586
vt 0.55941278 0.56942284
vt 0.57367116 0.5615831
vt 0.61142826 0.59121704
vt 0.62888336 0.5914191
vt 0.63900864 0.57305431
vt 0.6806109 0.64212328
vt 0.66475302 0.71248698
vt 0.65456665 0.72678268
vt 0.5360325 0.743963
vt 0.52054101 0.74626195
vt 0.51821017 0.73807603
vt 0.51253724 0.65075976
vt 0.53439713 0.58630824
vt 0.50885856 0.60706174
vt 0.56672829 0.56392026
vt 0.55326331 0.5711391
vt 0.58430332 0.56353176
vt 0.61055034 0.56703931
vt 0.58272672 0.56011295
vt 0.62503952 0.57849306
vt 0.61889631 0.56854737
vt 0.66526848 0.60600752
vt 0.69175756 0.68921208
vt 0.67897534 0.71841806
vt 0.5198561 0.74505204
vt 0.52183533 0.586353
vt 0.5087871 0.60621381
vt 0.54055762 0.57347172
vt 0.5535841 0.56284368
vt 0.59250557 0.56155419
vt 0.60484797 0.55620539
vt 0.65801805 0.57307762
vt 0.69605166 0.64690304
vt 0.68712908 0.71294701
vt 0.68424481 0.59894943
vt 0.67390919 0.7212646
vt 0.66159546 0.72564393
vt 0.53040481 0.57628691
vt 0.54516554 0.56738073
vt 0.53515798 0.56980765
vt 0.59492046 0.55625528
vt 0.61512727 0.55958599
vt 0.62593907 0.56820887
vt 0.63961738 0.55680859
vt 0.67186439 0.58094496
vt 0.71913481 0.68789518
vt 0.70275211 0.59904158
vt 0.70104438 0.71274018
vt 0.68351966 0.72129071
vt 0.66583753 0.72236991
vt 0.52282208 0.57334799
vt 0.50870639 0.60578394
vt 0.62393939 0.56203377
vt 0.63118714 0.55923164
vt 0.65538198 0.56093973
vt 0.66559267 0.55828476
vt 0.70734137 0.64568698
vt 0.70405263 0.62123394
vt 0.69419229 0.71775466
vt 0.69023985 0.58918869
vt 0.69080943 0.57429922
vt 0.50607944 0.57087171
vt 0.52324998 0.56216121
vt 0.50499612 0.5853126
vt 0.64989191 0.5501945
vt 0.67636353 0.553267
vt 0.70863014 0.70918286
vt 0.72726494 0.62975013
vt 0.71573383 0.60754371
vt 0.70848805 0.71831608
vt 0.68470538 0.55341005
vt 0.51920348 0.5667882
vt 0.50743997 0.60099161
vt 0.65805846 0.55025977
vt 0.66702968 0.55172372
vt 0.72000021 0.71256375
vt 0.75062013 0.64947391
vt 0.71729195 0.59251565
vt 0.70844638 0.57136381
vt 0.69313329 0.55153298
vt 0.50369197 0.58495951
vt 0.50391477 0.58660674
vt 0.67360455 0.54450965
vt 0.67918932 0.54881847
vt 0.7289207 0.71526259
vt 0.71134084 0.71616536
vt 0.72178614 0.59828007
vt 0.74990439 0.68375087
vt 0.74263382 0.61511183
vt 0.70542198 0.58893454
vt 0.70280463 0.55023766
vt 0.5024299 0.57342744
vt 0.73508841 0.70664954
vt 0.7302357 0.59967864
vt 0.75566572 0.68825996
vt 0.75855631 0.62749636
vt 0.71029603 0.57979405
vt 0.71872896 0.58434737
vt 0.71314019 0.56462562
vt 0.74108732 0.71565831
vt 0.73045135 0.58576024
vt 0.75907987 0.66580772
vt 0.75375867 0.70688248
vt 0.73805147 0.59762239
vt 0.75939524 0.60629201
vt 0.76210505 0.64833748
vt 0.72483188 0.57812297
vt 0.71165639 0.54938722
vt 0.74925262 0.72326744
vt 0.73691022 0.5768435
vt 0.76160431 0.65245831
vt 0.75291437 0.71438152
vt 0.74384439 0.58630848
vt 0.7515341 0.60411018
vt 0.76436174 0.63852262
vt 0.71690983 0.55688179
vt 0.74929792 0.72322804
vt 0.76242381 0.59027261
vt 0.7648949 0.62957519
vt 0.71786386 0.54955924
vt 0.72495544 0.55720603
vt 0.7455495 0.57086873
vt 0.7577666 0.58446252
vt 0.76971555 0.60142332
vt 0.76657802 0.61133015
vt 0.73285407 0.55213463
vt 0.7411713 0.55737638
vt 0.76635164 0.57741463
vt 0.76803702 0.60465395
vt 0.77031052 0.59929132
vt 0.72609651 0.54241389
vt 0.75740546 0.55664736
vt 0.76862484 0.59205008
vt 0.73674673 0.54282564
vt 0.75089884 0.55097222
vt 0.77207404 0.5909797
vt 0.76405376 0.55705327
vt 0.74438649 0.54695773
vt 0.75616241 0.54449809
vt 0.77286339 0.58530486
vt 0.7620793 0.54626405
vt 0.77068537 0.5622133
vt 0.76895314 0.54894489
vt 0.77304488 0.57347155
vt 0.76557297 0.54129362
vt 0.77463192 0.55483317
vt 0.7735213 0.56708461
vt 0.77280003 0.53602612
vt 0.77440274 0.55734265
vt 0.77453578 0.5385555
vt 0.77535146 0.55212116
vt 0.78014547 0.53890896
vt 0.46443689 0.37820661
vt 0.45579663 0.38471115
vt 0.45548832 0.36667418
vt 0.46734825 0.36524254
vt 0.46123523 0.40419835
vt 0.44795236 0.37000704
vt 0.45493591 0.3513447
vt 0.47702873 0.37353003
vt 0.47024119 0.41134441
vt 0.45692685 0.40237451
vt 0.44808471 0.3847124
vt 0.47354597 0.34253585
vt 0.47396097 0.39825642
vt 0.48551741 0.36662191
vt 0.44377679 0.3483417
vt 0.44125906 0.37512273
vt 0.46469164 0.31442767
vt 0.48043305 0.39014775
vt 0.48394188 0.38027292
vt 0.48058274 0.41371197
vt 0.4514209 0.40030438
vt 0.43879482 0.36637628
vt 0.45538148 0.31596905
vt 0.43742412 0.37711406
vt 0.4966273 0.35542017
vt 0.4784385 0.31210828
vt 0.49391875 0.38039416
vt 0.44529176 0.39085251
vt 0.43367699 0.36102849
vt 0.44294 0.30707461
vt 0.49302483 0.31970602
vt 0.46582019 0.28733563
vt 0.49173898 0.39257896
vt 0.48704928 0.42101872
vt 0.4451389 0.39929634
vt 0.43461996 0.35137635
vt 0.43564898 0.36596936
vt 0.45198953 0.2904008
vt 0.43308964 0.31256026
vt 0.43403208 0.3688314
vt 0.44021282 0.39225984
vt 0.51026559 0.33211672
vt 0.49685392 0.38753438
vt 0.48450452 0.27720124
vt 0.49615088 0.28664982
vt 0.49447262 0.40776843
vt 0.42378786 0.35813338
vt 0.43746567 0.27999818
vt 0.42495915 0.37852699
vt 0.43331707 0.39071894
vt 0.51506031 0.34861559
vt 0.50534439 0.37258196
vt 0.46812573 0.257851
vt 0.49778274 0.3975361
vt 0.49400717 0.42029321
vt 0.43920648 0.400868
vt 0.42698133 0.31224793
vt 0.42914048 0.36754227
vt 0.43237129 0.36662072
vt 0.44179684 0.25272977
vt 0.4320018 0.28671533
vt 0.50396925 0.29248595
vt 0.53585863 0.34550518
vt 0.50143206 0.39136833
vt 0.45564777 0.24487734
vt 0.4891957 0.24196821
vt 0.50032389 0.26915497
vt 0.50198674 0.40107793
vt 0.49698097 0.41972744
vt 0.42012101 0.34943771
vt 0.43148074 0.25431222
vt 0.4306699 0.26911467
vt 0.4213686 0.38566846
vt 0.4331345 0.40361577
vt 0.52356434 0.30184573
vt 0.52556878 0.37669128
vt 0.51005083 0.38938016
vt 0.46961245 0.23991811
vt 0.50161171 0.25096339
vt 0.50741607 0.40502989
vt 0.50523329 0.41295499
vt 0.40774855 0.33797324
vt 0.41323149 0.31287527
vt 0.41836551 0.37144631
vt 0.42431307 0.2844106
vt 0.43627113 0.24287856
vt 0.44651675 0.24040842
vt 0.42707232 0.39972746
vt 0.51207685 0.2812683
vt 0.53785318 0.28066707
vt 0.53599077 0.38118136
vt 0.50206625 0.2393809
vt 0.51262814 0.26469541
vt 0.40782028 0.35175395
vt 0.41303524 0.28977299
vt 0.43070805 0.24417549
vt 0.4227134 0.25456142
vt 0.42050439 0.39621824
vt 0.41631114 0.37929976
vt 0.42970783 0.41071951
vt 0.51826781 0.27781993
vt 0.55247951 0.29695761
vt 0.5280208 0.27099299
vt 0.52169329 0.39269447
vt 0.55407536 0.34462303
vt 0.50962716 0.24669534
vt 0.50827503 0.2562713
vt 0.51017433 0.41593289
vt 0.51528746 0.40169948
vt 0.39660293 0.35905147
vt 0.40117896 0.32803398
vt 0.40084645 0.29329497
vt 0.40951997 0.36676359
vt 0.41454318 0.26791275
vt 0.42657253 0.24856305
vt 0.42336008 0.40854853
vt 0.41691878 0.39149678
vt 0.41031376 0.38283807
vt 0.552926 0.32373649
vt 0.5520243 0.277475
vt 0.53769869 0.26449329
vt 0.52181888 0.40016806
vt 0.55427212 0.34965676
vt 0.52106982 0.25237107
vt 0.51797605 0.41134936
vt 0.4040089 0.27086866
vt 0.41183549 0.259193
vt 0.41893759 0.40732723
vt 0.42410702 0.42321104
vt 0.54911917 0.26960731
vt 0.53774488 0.39283609
vt 0.5433268 0.38633168
vt 0.4009046 0.38044244
vt 0.3927995 0.33860397
vt 0.39089665 0.32279289
vt 0.38770649 0.28429145
vt 0.42074353 0.42553025
vt 0.4144448 0.4084186
vt 0.41247252 0.39134192
vt 0.42964897 0.43425769
vt 0.55186361 0.27220184
vt 0.53870142 0.25143033
vt 0.5544852 0.3528561
vt 0.39420518 0.38657349
vt 0.38419935 0.34159094
vt 0.39247379 0.30374527
vt 0.38808256 0.29516506
vt 0.40331909 0.39439034
vt 0.41610894 0.41101593
vt 0.41031307 0.40787405
vt 0.40328905 0.4059577
vt 0.42498288 0.44109792
vt 0.55145711 0.2674861
vt 0.54328716 0.4053573
vt 0.53478086 0.40960008
vt 0.55688435 0.37580264
vt 0.38499162 0.37857974
vt 0.39817891 0.39737266
vt 0.38108563 0.36320698
vt 0.386233 0.32682729
vt 0.38619143 0.31127828
vt 0.37958977 0.28865808
vt 0.41322005 0.42683649
vt 0.40901875 0.41961932
vt 0.42854917 0.44934875
vt 0.4222818 0.43251324
vt 0.54964811 0.25695235
vt 0.55488729 0.39888883
vt 0.38722542 0.3936736
vt 0.39258757 0.39542794
vt 0.37886205 0.32496065
vt 0.38054839 0.30179888
vt 0.41647276 0.43013096
vt 0.40294826 0.41710746
vt 0.42555726 0.45374805
vt 0.43124932 0.45233864
vt 0.41784585 0.44194943
vt 0.54737931 0.24572092
vt 0.5462749 0.41314375
vt 0.557109 0.37688988
vt 0.37766221 0.38506925
vt 0.37961295 0.30824602
vt 0.41542852 0.43712622
vt 0.40199631 0.42875391
vt 0.41864583 0.45105582
vt 0.43074942 0.46647537
vt 0.5471341 0.24505299
vt 0.55378002 0.41221613
vt 0.55940861 0.39402014
vt 0.37652466 0.39285088
vt 0.41124547 0.4346869
vt 0.42231151 0.46358496
vt 0.43262893 0.4659133
vt 0.41365704 0.44586241
vt 0.55997384 0.41364944
vt 0.40742549 0.44415468
vt 0.41563222 0.46574014
vt 0.4295927 0.4769088
vt 0.41023648 0.45622802
vt 0.56098169 0.40619332
vt 0.40286997 0.44437313
vt 0.41780034 0.47107291
vt 0.56168765 0.41366434
vt 0.40523228 0.45405692
vt 0.41140467 0.47141808
vt 0.42463067 0.48692906
vt 0.41233099 0.48815811
vt 0.40690222 0.46924734
vt 0.4166525 0.4836815
vt 0.40518776 0.48433095
vt 0.42423439 0.49685866
vt 0.41724014 0.49199831
vt 0.40125379 0.47735822
vt 0.64222121 0.93966234
vt 0.64380455 0.95159543
vt 0.63898915 0.95064294
vt 0.63405246 0.95122176
vt 0.64748651 0.9474715
vt 0.62918973 0.93079239
vt 0.65042531 0.95044994
vt 0.65107584 0.94034874
vt 0.6284672 0.94533169
vt 0.63786674 0.91969603
vt 0.64584303 0.92152381
vt 0.6306352 0.95968634
vt 0.61734122 0.92170721
vt 0.63294727 0.91614556
vt 0.65813148 0.94516587
vt 0.65376484 0.91662991
vt 0.63285851 0.96153986
vt 0.62457651 0.95983356
vt 0.62191623 0.91765523
vt 0.61665106 0.94768488
vt 0.62785709 0.91740614
vt 0.66162866 0.92108536
vt 0.60997856 0.92551112
vt 0.66194177 0.94159728
vt 0.61971891 0.96516275
vt 0.60831279 0.91215295
vt 0.60574931 0.93975151
vt 0.66603404 0.93238294
vt 0.61181825 0.96356452
vt 0.59570861 0.91484177
vt 0.60338354 0.96687567
vt 0.59042144 0.92048025
vt 0.60621756 0.96872479
vt 0.59396446 0.94957477
vt 0.58746076 0.9087168
vt 0.59840888 0.97752523
vt 0.59422588 0.97374958
vt 0.59355038 0.90750968
vt 0.57869411 0.91535175
vt 0.57552826 0.96069205
vt 0.58526742 0.96910805
vt 0.57845372 0.90721035
vt 0.58886778 0.98030722
vt 0.57358414 0.93064582
vt 0.57009858 0.91075087
vt 0.57887125 0.97605747
vt 0.56934971 0.95421231
vt 0.56864703 0.92267132
vt 0.57273173 0.97175366
vt 0.5631817 0.93185222
vt 0.56208503 0.92177582
vt 0.57147336 0.97677529
vt 0.56555772 0.97021222
vt 0.55945778 0.95887113
vt 0.55389678 0.91175216
vt 0.54835403 0.92954439
vt 0.56507933 0.9776932
vt 0.55918372 0.97371632
vt 0.54982603 0.97209084
vt 0.53954375 0.92070842
vt 0.53072977 0.94901478
vt 0.55380285 0.98559141
vt 0.54053354 0.97731155
vt 0.5282144 0.92274332
vt 0.54726005 0.99113464
vt 0.52649736 0.9852671
vt 0.5220241 0.91973823
vt 0.54366314 0.99656719
vt 0.52077156 0.97115815
vt 0.53627235 0.99671084
vt 0.52307391 0.95311308
vt 0.51755059 0.94434637
vt 0.51692891 0.96059901
vt 0.51337379 0.91947842
vt 0.50920135 0.95470291
vt 0.50419527 0.94034237
vt 0.50148469 0.92595518
vt 0.8384136 0.86496127
vt 0.84896332 0.87930602
vt 0.83678889 0.8824054
vt 0.83024663 0.8709296
vt 0.85112423 0.85779166
vt 0.84848017 0.8867389
vt 0.82951969 0.85809362
vt 0.81484073 0.86900115
vt 0.84300989 0.85000479
vt 0.85619432 0.87406522
vt 0.85075384 0.88448274
vt 0.85448569 0.9098326
vt 0.83091724 0.85361874
vt 0.82383013 0.85897112
vt 0.81735528 0.85842746
vt 0.82275128 0.89387453
vt 0.84902006 0.85055977
vt 0.85535139 0.85892206
vt 0.85472929 0.88598365
vt 0.83848792 0.9208253
vt 0.81856829 0.85453737
vt 0.86401898 0.87147355
vt 0.86571276 0.89686787
vt 0.85413831 0.95653647
vt 0.86093444 0.90218651
vt 0.82780814 0.92486686
vt 0.86764526 0.88363314
vt 0.86923814 0.94786984
vt 0.84052402 0.94766849
vt 0.87417269 0.8785339
vt 0.87861699 0.90887165
vt 0.86894041 0.9785825
vt 0.85383087 0.9791674
vt 0.83297062 0.95078313
vt 0.86468995 0.85506833
vt 0.87864035 0.97457063
vt 0.83763361 0.98075277
vt 0.88991463 0.95625979
vt 0.82851064 0.94673902
vt 0.89004207 0.89566153
vt 0.85804105 0.85835308
vt 0.88015318 0.86063373
vt 0.87384099 0.98402369
vt 0.86776042 0.98672563
vt 0.84415829 0.99481374
vt 0.89931846 0.91671443
vt 0.88601035 0.87864512
vt 0.89212942 0.96589118
vt 0.85450161 0.99331075
vt 0.83526945 0.99321556
vt 0.89972985 0.94038117
vt 0.82838869 0.98328453
vt 0.90180898 0.87543845
vt 0.90954596 0.89078593
vt 0.88921976 0.85991347
vt 0.899252 0.95245123
vt 0.88654298 0.97719884
vt 0.86457115 0.99647433
vt 0.9063248 0.92702311
vt 0.9000873 0.9607749
vt 0.90778476 0.94618857
vt 0.91393542 0.85770929
vt 0.90709865 0.88287151
vt 0.92581886 0.89561278
vt 0.90699363 0.95449746
vt 0.91036016 0.92996866
vt 0.89689374 0.85542071
vt 0.92017871 0.87830698
vt 0.91294855 0.94088495
vt 0.91348201 0.95111686
vt 0.90944195 0.84717065
vt 0.93292439 0.87624657
vt 0.91831911 0.92665875
vt 0.91613108 0.84888816
vt 0.92507803 0.86467832
vt 0.94043785 0.88724482
vt 0.93800724 0.93292063
vt 0.92418206 0.94618106
vt 0.91852307 0.95388484
vt 0.92570055 0.84810662
vt 0.94412178 0.86709851
vt 0.93322551 0.85157406
vt 0.9492237 0.89537668
vt 0.94889545 0.87742943
vt 0.93246967 0.94970864
vt 0.92573047 0.95666218
vt 0.93687868 0.84268069
vt 0.95274615 0.9239502
vt 0.95211774 0.87174416
vt 0.94255191 0.85234737
vt 0.94633836 0.95058954
vt 0.95466208 0.89063495
vt 0.96165848 0.89701796
vt 0.95020336 0.94517624
vt 0.95059848 0.86059344
vt 0.95507514 0.87444496
vt 0.94150621 0.95976579
vt 0.9322536 0.95984936
vt 0.94104964 0.84108889
vt 0.96585137 0.91231185
vt 0.9541887 0.94001037
vt 0.9473291 0.84816837
vt 0.9523502 0.94524539
vt 0.95937121 0.88470054
vt 0.96112531 0.92620838
vt 0.93702382 0.96311104
vt 0.97177726 0.92166328
vt 0.96365386 0.93059045
vt 0.97520971 0.9218902
vt 0.97277468 0.92722893
vt 0.89428675 0.51639354
vt 0.88671893 0.53191423
vt 0.88761836 0.51145446
vt 0.89041609 0.54006869
vt 0.87541372 0.52043819
vt 0.89225411 0.55848157
vt 0.8961935 0.52772069
vt 0.8729794 0.55736506
vt 0.87973666 0.49781817
vt 0.88056254 0.56872904
vt 0.8945052 0.5429194
vt 0.89886057 0.52540362
vt 0.86897552 0.54646164
vt 0.86638635 0.5073384
vt 0.88948679 0.57316864
vt 0.89394337 0.5638507
vt 0.85969335 0.5689069
vt 0.86946946 0.52298063
vt 0.87008172 0.57063198
vt 0.87108558 0.49346203
vt 0.88371062 0.58543348
vt 0.85548753 0.54322881
vt 0.86309564 0.53224742
vt 0.87188548 0.58466005
vt 0.8497082 0.49884969
vt 0.87555212 0.48692441
vt 0.8624832 0.52317017
vt 0.89086425 0.5799396
vt 0.86623639 0.58270979
vt 0.84849131 0.55564451
vt 0.86067176 0.48764235
vt 0.85445344 0.51075602
vt 0.87073243 0.48499477
vt 0.8944692 0.57977307
vt 0.88034397 0.60087645
vt 0.89002389 0.59050024
vt 0.85149843 0.58166367
vt 0.84495497 0.54819715
vt 0.85033274 0.5669899
vt 0.85832256 0.52880228
vt 0.86540437 0.59595299
vt 0.85336512 0.48987734
vt 0.84383965 0.50842285
vt 0.88670105 0.59715617
vt 0.8733834 0.61014104
vt 0.86043197 0.59115922
vt 0.84351963 0.56018877
vt 0.85085732 0.53563952
vt 0.85042423 0.48201585
vt 0.84042609 0.49468762
vt 0.84904981 0.52144438
vt 0.8906371 0.60727608
vt 0.88233912 0.60933518
vt 0.8462953 0.58782357
vt 0.85587323 0.59056747
vt 0.83476508 0.55525577
vt 0.84347916 0.5288766
vt 0.8595469 0.59902519
vt 0.86945963 0.60747588
vt 0.84546149 0.48448277
vt 0.83779657 0.50479329
vt 0.84298801 0.51678264
vt 0.88694751 0.61365986
vt 0.87955278 0.61915672
vt 0.85016119 0.59035134
vt 0.83466405 0.55971718
vt 0.8346355 0.54389906
vt 0.83919835 0.56999606
vt 0.86321974 0.60318863
vt 0.87189317 0.61933416
vt 0.89004391 0.62148738
vt 0.84577417 0.60043114
vt 0.85284126 0.60231215
vt 0.8259967 0.56028062
vt 0.84153622 0.58223867
vt 0.86615437 0.6204654
vt 0.83513147 0.51906329
vt 0.88415903 0.62846541
vt 0.8685258 0.63119543
vt 0.83416259 0.57269049
vt 0.82870924 0.5653705
vt 0.81957448 0.55530632
vt 0.83803189 0.58302552
vt 0.85138839 0.61552942
vt 0.85759753 0.62359434
vt 0.83377135 0.50768691
vt 0.87984651 0.63121963
vt 0.8894639 0.63692731
vt 0.846237 0.61708355
vt 0.82172084 0.54311693
vt 0.82797849 0.5227415
vt 0.82873833 0.51200193
vt 0.87976462 0.63727266
vt 0.89479017 0.64213806
vt 0.84245604 0.61052907
vt 0.84697247 0.63698339
vt 0.86091626 0.64061952
vt 0.86993057 0.64103103
vt 0.8910979 0.64453757
vt 0.88704121 0.64729869
vt 0.83521211 0.62302214
vt 0.83949822 0.60102475
vt 0.81979221 0.53376478
vt 0.8187564 0.52282673
vt 0.88036203 0.64821857
vt 0.89091843 0.65222919
vt 0.83007276 0.61581856
vt 0.81583488 0.53723156
vt 0.81444436 0.5160594
vt 0.84735757 0.64699042
vt 0.8376497 0.64224464
vt 0.86319131 0.65562379
vt 0.87688154 0.65473843
vt 0.89436144 0.65137649
vt 0.88940638 0.66322601
vt 0.82614958 0.63133907
vt 0.83259153 0.60262489
vt 0.81414682 0.52828306
vt 0.85672486 0.64923996
vt 0.86967587 0.66199481
vt 0.82332385 0.62382084
vt 0.85154223 0.65523684
vt 0.84612906 0.66351604
vt 0.82900208 0.6498723
vt 0.86451054 0.66706157
vt 0.8630721 0.67140865
vt 0.88295722 0.67319494
vt 0.87687826 0.66901565
vt 0.82394171 0.63057232
vt 0.85324132 0.67160124
vt 0.83540452 0.65742707
vt 0.82404393 0.64678663
vt 0.88944757 0.67701858
vt 0.87427253 0.67550147
vt 0.82241839 0.63443649
vt 0.84130931 0.67889529
vt 0.82858491 0.66831183
vt 0.85385263 0.69237781
vt 0.88659102 0.69306844
vt 0.87671489 0.6804992
vt 0.84963459 0.68506181
vt 0.83876616 0.68487108
vt 0.82020158 0.66047704
vt 0.86964828 0.68194753
vt 0.86384845 0.68769407
vt 0.87893254 0.68968797
vt 0.84596288 0.69173777
vt 0.83283877 0.68610859
vt 0.82187235 0.67814904
vt 0.85877228 0.70267618
vt 0.88021201 0.69925791
vt 0.87556976 0.686818
vt 0.83989316 0.69651628
vt 0.8361302 0.68854129
vt 0.82105267 0.69321108
vt 0.86745328 0.69398344
vt 0.85071492 0.71032345
vt 0.87394923 0.6935398
vt 0.88371944 0.70569855
vt 0.83094245 0.69969189
vt 0.86476207 0.71756089
vt 0.86661297 0.71212155
vt 0.8708685 0.70530903
vt 0.87842578 0.7204178
vt 0.84707445 0.71999907
vt 0.8199271 0.70669943
vt 0.85602039 0.72048819
vt 0.88328785 0.7173115
vt 0.83772898 0.7073831
vt 0.83397794 0.70891786
vt 0.81948596 0.70331573
vt 0.86941534 0.72501028
vt 0.88026923 0.72954035
vt 0.8487395 0.72734797
vt 0.84263074 0.7263875
vt 0.87207699 0.72703862
vt 0.87681091 0.73930347
vt 0.84569669 0.72759974
vt 0.87094235 0.73359036
vt 0.87437868 0.74005532
vt 0.87385154 0.7451821
vt 0.64675945 0.47244388
vt 0.63946635 0.49214512
vt 0.62680966 0.45801467
vt 0.6380862 0.43398333
vt 0.66546643 0.49414665
vt 0.61400908 0.49312627
vt 0.64647818 0.45377612
vt 0.6255734 0.43779016
vt 0.65882742 0.47045547
vt 0.66471714 0.49684691
vt 0.60230738 0.43807793
vt 0.61746573 0.49687624
vt 0.6383478 0.42117625
vt 0.6524958 0.46118045
vt 0.60827923 0.42209196
vt 0.62327754 0.4170031
vt 0.64099556 0.49685997
vt 0.66573077 0.49684632
vt 0.58518982 0.47222149
vt 0.61603045 0.49687725
vt 0.63666683 0.41300011
vt 0.64216119 0.42617351
vt 0.64939541 0.44756228
vt 0.60158134 0.49674994
vt 0.57149971 0.40452307
vt 0.60306615 0.40721792
vt 0.61261344 0.49687934
vt 0.63835436 0.40716559
vt 0.64056522 0.41590422
vt 0.61125535 0.4016189
vt 0.62774503 0.4092325
vt 0.60157883 0.49688405
vt 0.58934331 0.39688325
vt 0.5712446 0.46374446
vt 0.643489 0.40872234
vt 0.6183784 0.40511173
vt 0.5921576 0.49689001
vt 0.57623535 0.35299373
vt 0.56445694 0.4116227
vt 0.56578946 0.49453908
vt 0.59405929 0.37053651
vt 0.60820729 0.38892955
vt 0.6358819 0.39155895
vt 0.61532384 0.39193833
vt 0.62083781 0.39608526
vt 0.58539617 0.49689466
vt 0.58421522 0.35661745
vt 0.56445259 0.37945175
vt 0.56446314 0.4520669
vt 0.56445479 0.3987776
vt 0.56650311 0.49690652
vt 0.5644632 0.45440489
vt 0.6317873 0.39502567
vt 0.62675732 0.40034997
vt 0.58198476 0.34616506
vt 0.56445038 0.36458421
vt 0.56604117 0.49690676
vt 0.56446844 0.48673147
vt 0.5870409 0.3558194
vt 0.60141784 0.37476194
vt 0.57690907 0.33725631
vt 0.56883758 0.33940172
vt 0.56569278 0.49690711
vt 0.56446892 0.48897743
vt 0.58289397 0.33903545
vt 0.56444871 0.35567534
vt 0.56565714 0.49690711
vt 0.5644697 0.49414247
vt 0.57120538 0.32766736
vt 0.57790983 0.32891011
vt 0.56444508 0.33827025
vt 0.56446993 0.49561942
vt 0.58028418 0.325849
vt 0.56447017 0.49690777
vt 0.56444257 0.33188933
vt 0.573946 0.31520039
vt 0.58740067 0.33186662
vt 0.56480181 0.32648998
vt 0.57755005 0.31156361
vt 0.5898208 0.32335037
vt 0.56443936 0.32696331
vt 0.58413023 0.30969292
vt 0.56443912 0.32655978
vt 0.57728189 0.30550671
vt 0.59524977 0.31633848
vt 0.57858354 0.29978997
vt 0.59428823 0.30763906
vt 0.58624291 0.29768378
vt 0.58983386 0.30446017
vt 0.6010319 0.3122046
vt 0.58745301 0.28253508
vt 0.5939154 0.2964803
vt 0.60300726 0.30801845
vt 0.57454121 0.2890498
vt 0.57609797 0.28137076
vt 0.59309781 0.28504676
vt 0.60120201 0.29526365
vt 0.58261269 0.27326006
vt 0.5890817 0.27739388
vt 0.57834804 0.26783109
vt 0.69446355 0.98712546
vt 0.70293444 0.9835965
vt 0.70532233 0.98756868
vt 0.69487411 0.97051311
vt 0.70974356 0.96390367
vt 0.6852529 0.97602028
vt 0.7026937 0.96616852
vt 0.71984011 0.97228301
vt 0.68674469 0.98986077
vt 0.68896472 0.96635813
vt 0.69388312 0.95960641
vt 0.68763149 0.99129605
vt 0.67804039 0.99079788
vt 0.68541539 0.95974356
vt 0.67700243 0.97327667
vt 0.67693824 0.96388382
vt 0.66583568 0.98112202
vt 0.66650039 0.96772522
vt 0.66420054 0.9875074
vt 0.65709829 0.97971714
vt 0.65093231 0.99397469
vt 0.65618634 0.96750498
vt 0.65130168 0.97612691
vt 0.64820904 0.98621279
vt 0.64374506 0.9887442
vt 0.64545321 0.97274321
vt 0.63930964 0.9713124
vt 0.63134879 0.97246003
vt 0.6344704 0.9881326
vt 0.63304257 0.99487805
vt 0.62725848 0.98078161
vt 0.6276015 0.99364752
vt 0.62587559 0.97114378
vt 0.62002063 0.972197
vt 0.61820179 0.98237789
vt 0.62191689 0.99517334
vt 0.611601 0.97155058
vt 0.61381918 0.98510855
vt 0.61587656 0.96791136
vt 0.73720807 0.98767835
vt 0.73319471 0.99593115
vt 0.73376518 0.98298109
vt 0.73681104 0.96387506
vt 0.73139876 0.97822011
vt 0.7336539 0.95549887
vt 0.73012662 0.94963169
vt 0.73097456 0.98670346
vt 0.73564696 0.94101077
vt 0.73795205 0.94396144
vt 0.73021615 0.94035804
vt 0.73986626 0.92959583
vt 0.73274744 0.93158931
vt 0.73798764 0.92519313
vt 0.73128253 0.91796207
vt 0.74487913 0.9153384
vt 0.72647977 0.91356128
vt 0.7398513 0.90230781
vt 0.73231918 0.90960664
vt 0.74723941 0.90131748
vt 0.73230171 0.89888018
vt 0.74540305 0.89147931
vt 0.72514659 0.89213437
vt 0.74089026 0.88344115
vt 0.73598725 0.88755965
vt 0.73218328 0.88458925
vt 0.74196917 0.86617142
vt 0.73111582 0.87780768
vt 0.73973352 0.87345421
vt 0.72279638 0.87728423
vt 0.7382465 0.86173576
vt 0.72368819 0.87186408
vt 0.72795922 0.86019146
vt 0.72266608 0.85461378
vt 0.73584044 0.85320288
vt 0.72519273 0.85403621
vt 0.72586435 0.84748101
vt 0.73657775 0.83717513
vt 0.73292798 0.83889914
vt 0.72213858 0.84434533
vt 0.72598183 0.83575875
vt 0.74062645 0.80269957
vt 0.7320655 0.82381123
vt 0.72534823 0.82352608
vt 0.73193979 0.80060273
vt 0.72092801 0.82893687
vt 0.7229414 0.80422974
vt 0.73438144 0.79023808
vt 0.72033012 0.81427008
vt 0.72079539 0.7960521
vt 0.025325989 0.86276978
vt 0.015724635 0.84943569
vt 0.02449313 0.8390168
vt 0.033662841 0.85425007
vt 0.013455589 0.86124134
vt 0.016168937 0.83876157
vt 0.038228728 0.84323174
vt 0.030886924 0.87061912
vt 0.015502248 0.88241261
vt 0.0088716196 0.85624927
vt 0.0070683961 0.82530558
vt 0.020147271 0.8212291
vt 0.034300104 0.83298784
vt 0.036767505 0.85207856
vt 0.03742085 0.88721156
vt 0.012667002 0.81556779
vt 0.028736377 0.81739616
vt 0.035709534 0.82244039
vt 0.038344067 0.83283395
vt 0.039646983 0.85830629
vt 0.034068517 0.88126606
vt 0.02949908 0.88483667
vt 0.010823863 0.87948638
vt 0.0023105717 0.82502866
vt 0.016965598 0.8107143
vt 0.042263541 0.8344059
vt 0.043439854 0.84519863
vt 0.045199268 0.86420059
vt 0.027667256 0.89638913
vt 0.012548556 0.88394773
vt 0.030715562 0.80787551
vt 0.033449825 0.8110835
vt 0.012627805 0.80971158
vt 0.042643744 0.84032673
vt 0.044880621 0.855156
vt 0.03136573 0.89314187
vt 0.023667965 0.90597075
vt 0.019300837 0.90745139
vt 0.038795833 0.81464684
vt 0.040177491 0.82303166
vt 0.045292836 0.84377223
vt 0.033534128 0.89844424
vt 0.026383441 0.90838981
vt 0.038911749 0.80637294
vt 0.037670977 0.89648002
vt 0.020848418 0.91680771
vt 0.02519621 0.91892761
vt 0.02686478 0.92662096
vt 0.021111298 0.92974937
vt 0.024633976 0.93057501
vt 0.025480853 0.93764359
vt 0.022178866 0.94244576
vt 0.026520085 0.95179129
vt 0.023445895 0.95563203
vt 0.027805824 0.97100246
vt 0.02545774 0.97313464
vt 0.029180465 0.98947996
vt 0.021465734 0.97464192
vt 0.027610345 0.99639767
vt 0.72255939 0.48005342
vt 0.71944267 0.46666765
vt 0.72778028 0.4715032
vt 0.72766125 0.47713244
vt 0.71373898 0.47472918
vt 0.72904915 0.46884286
vt 0.72167754 0.49014777
vt 0.71441066 0.48811376
vt 0.71838135 0.45350462
vt 0.72533733 0.44982415
vt 0.71913761 0.49179357
vt 0.70973331 0.48570788
vt 0.70766819 0.4495914
vt 0.73106962 0.45372355
vt 0.71418697 0.4955824
vt 0.71146256 0.49563986
vt 0.70652133 0.47832686
vt 0.71459138 0.43768287
vt 0.70289028 0.46587723
vt 0.73499984 0.45457256
vt 0.72751999 0.43811846
vt 0.7187165 0.42946225
vt 0.69973612 0.45091569
vt 0.70614505 0.43897736
vt 0.73382342 0.46886349
vt 0.6988551 0.46959662
vt 0.71332002 0.41990393
vt 0.69717824 0.4547807
vt 0.71015328 0.43229783
vt 0.7391293 0.44786996
vt 0.73698753 0.46667081
vt 0.72125757 0.40356362
vt 0.6997782 0.44177824
vt 0.69569588 0.45114172
vt 0.70426327 0.42951286
vt 0.73608941 0.42553014
vt 0.69510013 0.46087521
vt 0.71456313 0.40159768
vt 0.70569146 0.41021621
vt 0.74708605 0.45633096
vt 0.74126554 0.46366125
vt 0.7308504 0.40494317
vt 0.69459707 0.47016156
vt 0.70850629 0.40207916
vt 0.71541286 0.37621027
vt 0.75927365 0.44071716
vt 0.72583181 0.39052057
vt 0.74555963 0.40658158
vt 0.70639616 0.38667679
vt 0.70177907 0.38444871
vt 0.75512558 0.41731626
vt 0.73874784 0.39651412
vt 0.7484498 0.41490114
vt 0.73188227 0.36873484
vt 0.7056855 0.37386417
vt 0.76320899 0.43095875
vt 0.73422736 0.38343239
vt 0.75474238 0.39632773
vt 0.71301121 0.35869884
vt 0.76823407 0.42354202
vt 0.7493732 0.37387002
vt 0.75788504 0.4049952
vt 0.69936794 0.36944377
vt 0.74447304 0.36389685
vt 0.72892082 0.35637867
vt 0.70931458 0.35160834
vt 0.69861823 0.3578285
vt 0.7212615 0.34748524
vt 0.7151807 0.34183747
vt 0.70220548 0.3525182
vt 0.76927775 0.41475326
vt 0.76280636 0.34681505
vt 0.77266687 0.3939476
vt 0.74804473 0.35036749
vt 0.73301351 0.34892297
vt 0.70524698 0.34007627
vt 0.76391047 0.37001687
vt 0.69829738 0.34508413
vt 0.71976793 0.3419528
vt 0.72782362 0.33666509
vt 0.70712835 0.32978141
vt 0.69870698 0.33978015
vt 0.77008253 0.35812247
vt 0.7632184 0.33396715
vt 0.69582266 0.34610158
vt 0.74921721 0.32833034
vt 0.72292775 0.3370223
vt 0.71730888 0.33836466
vt 0.7319175 0.33681321
vt 0.71478707 0.32479876
vt 0.77062285 0.34029889
vt 0.74190468 0.33426678
vt 0.72784293 0.32826477
vt 0.73623365 0.3309803
vt 0.70307726 0.3206436
vt 0.69660515 0.3269664
vt 0.75566608 0.32421911
vt 0.7714231 0.33200806
vt 0.68959308 0.33931255
vt 0.74012256 0.32548523
vt 0.72118837 0.32389957
vt 0.71541721 0.31324834
vt 0.69245082 0.33013982
vt 0.75277537 0.31120336
vt 0.77012992 0.3161217
vt 0.73832989 0.30927032
vt 0.7198779 0.31735075
vt 0.7275604 0.31827563
vt 0.72169375 0.3132742
vt 0.73002446 0.30806196
vt 0.89568633 0.38427508
vt 0.90286297 0.38240755
vt 0.89584166 0.40080208
vt 0.90752709 0.35822558
vt 0.90256649 0.40172267
vt 0.89315063 0.37120521
vt 0.9103083 0.36550885
vt 0.9074769 0.38815868
vt 0.89830631 0.41610402
vt 0.88841295 0.38194937
vt 0.89722097 0.3565017
vt 0.91247201 0.37560666
vt 0.91580379 0.33900505
vt 0.90830231 0.4016732
vt 0.88981831 0.41345286
vt 0.90255189 0.42006487
vt 0.88474071 0.3721993
vt 0.88808006 0.39144123
vt 0.89942449 0.34335387
vt 0.88783574 0.36509752
vt 0.91828483 0.36874413
vt 0.91591406 0.35889947
vt 0.90901148 0.33198327
vt 0.91688836 0.38800544
vt 0.89173305 0.39757442
vt 0.89269954 0.42100888
vt 0.89829284 0.42611277
vt 0.8831597 0.37992215
vt 0.88562483 0.39536768
vt 0.89147741 0.34923196
vt 0.91763401 0.35117006
vt 0.91496414 0.32760203
vt 0.92382902 0.39939988
vt 0.90884 0.4192453
vt 0.89528608 0.39585024
vt 0.90924919 0.42972755
vt 0.88044792 0.36989957
vt 0.88367152 0.35531199
vt 0.9034164 0.33551252
vt 0.89203846 0.33724129
vt 0.92498505 0.35416424
vt 0.92552596 0.39004725
vt 0.9185065 0.33824533
vt 0.91302645 0.31879115
vt 0.91758931 0.40986514
vt 0.9148252 0.41915435
vt 0.89378273 0.43354923
vt 0.90027422 0.43377471
vt 0.87668103 0.37011379
vt 0.89823973 0.33282149
vt 0.90443784 0.32545471
vt 0.88650703 0.34405875
vt 0.9276517 0.37111139
vt 0.92805421 0.383762
vt 0.92072475 0.32092148
vt 0.9148379 0.31130469
vt 0.92891902 0.39929467
vt 0.92462242 0.41547745
vt 0.91821814 0.43873572
vt 0.87838459 0.36222559
vt 0.89271897 0.33227903
vt 0.88090438 0.3558526
vt 0.93108118 0.36700064
vt 0.92708611 0.34517163
vt 0.90892464 0.31024921
vt 0.93020284 0.41241288
vt 0.92051846 0.41998047
vt 0.89746326 0.44998598
vt 0.90381861 0.44366241
vt 0.89992458 0.32173598
vt 0.89453906 0.32421726
vt 0.9332878 0.37242883
vt 0.93411112 0.36148793
vt 0.93561393 0.39577156
vt 0.93032622 0.34524941
vt 0.91935104 0.31035239
vt 0.92917413 0.33306605
vt 0.91995364 0.43008393
vt 0.92432666 0.42596287
vt 0.91365761 0.44776839
vt 0.93872434 0.37303364
vt 0.93381137 0.40264493
vt 0.92445099 0.43950993
vt 0.90619677 0.45749301
vt 0.92041922 0.45036316
vt 0.93842214 0.36297566
vt 0.93674839 0.35583836
vt 0.93811131 0.38515282
vt 0.9403252 0.40744036
vt 0.90322739 0.47236168
vt 0.91438067 0.47111833
vt 0.90847021 0.48418325
vt 0.92020446 0.46930248
vt 0.90397507 0.4869771
vt 0.91884738 0.48399037
vt 0.91250986 0.48677027
vt 0.90708464 0.49178237
vt 0.91560364 0.49243617
vt 0.91438305 0.49562448
vt 0.40300187 0.66603106
vt 0.40228319 0.67836505
vt 0.39277127 0.67223251
vt 0.39003107 0.65606654
vt 0.41544271 0.66999948
vt 0.39302143 0.69130975
vt 0.38798392 0.67187059
vt 0.39886948 0.65340865
vt 0.40469062 0.65342748
vt 0.41185868 0.69105482
vt 0.40590167 0.71009588
vt 0.3829436 0.66399372
vt 0.39381501 0.64340925
vt 0.41130897 0.65390652
vt 0.41949934 0.67643541
vt 0.39301762 0.70534205
vt 0.38133916 0.6917727
vt 0.3780545 0.64458293
vt 0.39062828 0.63482511
vt 0.39776146 0.64192951
vt 0.40201107 0.64098102
vt 0.40840498 0.64258212
vt 0.41995496 0.66254187
vt 0.42111936 0.69079101
vt 0.41641173 0.70312011
vt 0.39097726 0.71809739
vt 0.3845948 0.70557606
vt 0.37721944 0.66276026
vt 0.37802219 0.62108499
vt 0.41897148 0.6406852
vt 0.42520967 0.65478981
vt 0.42751759 0.67665136
vt 0.41794038 0.71067846
vt 0.40222287 0.72670496
vt 0.38923207 0.61248267
vt 0.39617121 0.62327468
vt 0.4003233 0.63393021
vt 0.40661234 0.62650043
vt 0.40979117 0.62429881
vt 0.43540907 0.65982985
vt 0.42873317 0.69983685
vt 0.41090035 0.72070551
vt 0.39252853 0.73219287
vt 0.38869724 0.72438097
vt 0.37928382 0.59937286
vt 0.41300559 0.61800742
vt 0.42868426 0.63411963
vt 0.43664721 0.68537521
vt 0.42998871 0.70671761
vt 0.41798782 0.72112405
vt 0.40796915 0.73355377
vt 0.3990449 0.73830879
vt 0.38531271 0.59005964
vt 0.3968628 0.61556876
vt 0.40623665 0.61794478
vt 0.41044018 0.611579
vt 0.42379251 0.61534363
vt 0.43527931 0.63279331
vt 0.44212121 0.69984782
vt 0.43073076 0.71692717
vt 0.44013271 0.71411371
vt 0.39546773 0.60549951
vt 0.38390684 0.5788489
vt 0.41545007 0.603863
vt 0.41800332 0.61069512
vt 0.4343451 0.6140337
vt 0.42270869 0.72467017
vt 0.41527718 0.73459035
vt 0.38908893 0.57774937
vt 0.40800217 0.60313219
vt 0.42343056 0.60688019
vt 0.43019369 0.60817862
vt 0.43891627 0.61851472
vt 0.41034338 0.7400068
vt 0.40022734 0.58025354
vt 0.39252439 0.56432974
vt 0.41185662 0.59163445
vt 0.41759616 0.73526949
vt 0.41340145 0.74541271
vt 0.40701917 0.59572607
vt 0.41783923 0.59948099
vt 0.40242425 0.56649375
vt 0.40568027 0.58360124
vt 0.41334352 0.58114159
vt 0.0030270449 0.24259478
vt 0.0035246441 0.2298311
vt 0.012996586 0.22630537
vt 0.018138638 0.23403525
vt 0.0018183064 0.23124611
vt 0.0077575319 0.2200681
vt 0.031683475 0.23217821
vt 0.0057803914 0.24601287
vt 0.0021908414 0.24175102
vt 0.0018643568 0.22619563
vt 0.0046552704 0.20856649
vt 0.02691184 0.23907107
vt 0.02755148 0.21386522
vt 0.019178737 0.2387293
vt 0.0022983444 0.24286669
vt 0.0022245296 0.24303252
vt 0.0021665203 0.21839833
vt 0.01567859 0.20105726
vt 0.030839913 0.24066943
vt 0.035983875 0.21439564
vt 0.027438594 0.19979185
vt 0.0026556409 0.24545848
vt 0.0033007171 0.19949341
vt 0.0021720012 0.21159691
vt 0.040824834 0.23470354
vt 0.042300824 0.22210282
vt 0.0021874122 0.20776296
vt 0.0099144885 0.18241543
vt 0.021451462 0.17568862
vt 0.040814221 0.19261646
vt 0.050384659 0.19458419
vt 0.0024713315 0.19979268
vt 0.0039236154 0.18130273
vt 0.030567659 0.12855798
vt 0.051070824 0.23303235
vt 0.053635918 0.15933329
vt 0.054428719 0.20669949
vt 0.0026237776 0.19763529
vt 0.0046839816 0.16487378
vt 0.0090124747 0.15727574
vt 0.019469474 0.11944854
vt 0.054056972 0.22610801
vt 0.047686923 0.24106961
vt 0.063349284 0.18271935
vt 0.0056178602 0.14883
vt 0.0058039445 0.14452791
vt 0.027545266 0.10318798
vt 0.049908377 0.12627631
vt 0.065365493 0.21649075
vt 0.068217203 0.19051152
vt 0.0051958766 0.15614408
vt 0.0070724301 0.12263
vt 0.0099402899 0.096241772
vt 0.037963986 0.10359508
vt 0.040992051 0.11614245
vt 0.06459932 0.11568117
vt 0.06427566 0.2363553
vt 0.067436695 0.1563167
vt 0.074392132 0.17908823
vt 0.0080034193 0.10939384
vt 0.0089909695 0.096597195
vt 0.018067287 0.086449444
vt 0.035718039 0.093372285
vt 0.051112492 0.095899522
vt 0.069069877 0.23019969
vt 0.0090661729 0.09563756
vt 0.010381632 0.088787019
vt 0.026594633 0.092711926
vt 0.040040433 0.092164636
vt 0.031740092 0.092950642
vt 0.082117349 0.12223762
vt 0.06027779 0.093471944
vt 0.070390403 0.23497659
vt 0.077370077 0.15653896
vt 0.074432746 0.21412683
vt 0.009157286 0.088916302
vt 0.015226985 0.078313649
vt 0.02348987 0.083588243
vt 0.045485083 0.087260365
vt 0.040545061 0.08516258
vt 0.084075771 0.093396485
vt 0.056564774 0.075302243
vt 0.070328951 0.087614954
vt 0.074970983 0.22476995
vt 0.0091296537 0.087934554
vt 0.0095752822 0.08139205
vt 0.019303102 0.078211963
vt 0.029597629 0.087094426
vt 0.049994551 0.078202009
vt 0.062704429 0.076396167
vt 0.047013719 0.073481023
vt 0.078263052 0.081453919
vt 0.061000586 0.06899631
vt 0.05473882 0.069666803
vt 0.06833557 0.071375132
vt 0.0086007705 0.081622899
vt 0.082067192 0.084030926
vt 0.07253851 0.075393498
vt 0.080765285 0.078125954
vt 0.087296322 0.083308339
vt 0.065458134 0.066852927
vt 0.069157712 0.068999827
vt 0.087040052 0.080310285
vt 0.68410444 0.3409372
vt 0.68335122 0.3549369
vt 0.67734289 0.35272801
vt 0.67679322 0.33254784
vt 0.68886131 0.34405118
vt 0.67733449 0.37167525
vt 0.66996443 0.3555131
vt 0.68380886 0.32840085
vt 0.69019508 0.33228612
vt 0.66642052 0.32786381
vt 0.68246841 0.320997
vt 0.66450185 0.34352332
vt 0.67872143 0.30275804
vt 0.68960935 0.32441449
vt 0.65748751 0.34197617
vt 0.67576712 0.28966528
vt 0.68373621 0.30171275
vt 0.65771884 0.32819158
vt 0.66087073 0.29425615
vt 0.68120098 0.29530591
vt 0.68771338 0.30451375
vt 0.65070105 0.33359349
vt 0.65882474 0.31280875
vt 0.66359645 0.28081727
vt 0.68429464 0.27843243
vt 0.68840969 0.29075497
vt 0.6489532 0.34658808
vt 0.64424771 0.30278563
vt 0.65055543 0.27259445
vt 0.6689204 0.26409149
vt 0.69133902 0.30629033
vt 0.64255857 0.33911103
vt 0.67691553 0.24957907
vt 0.69191587 0.27750558
vt 0.6942026 0.29430145
vt 0.63086438 0.33218706
vt 0.63509899 0.32017493
vt 0.64474839 0.25619912
vt 0.6623708 0.25474125
vt 0.66925448 0.24857432
vt 0.69243002 0.26263529
vt 0.69269401 0.28506565
vt 0.69332242 0.30262923
vt 0.63172638 0.30725425
vt 0.63187033 0.25529557
vt 0.65189373 0.24426764
vt 0.67182219 0.23847431
vt 0.68580383 0.23374885
vt 0.70103121 0.27106446
vt 0.70282614 0.28376561
vt 0.69866663 0.31239766
vt 0.62994683 0.32579726
vt 0.63174832 0.27940506
vt 0.63682687 0.24555135
vt 0.64321584 0.23742032
vt 0.65460193 0.23551726
vt 0.66428375 0.24419612
vt 0.69318563 0.24354464
vt 0.70152944 0.26146871
vt 0.70536846 0.29086965
vt 0.62720674 0.32704556
vt 0.62649655 0.30967307
vt 0.62838554 0.24439454
vt 0.64891613 0.23160046
vt 0.66133249 0.2367987
vt 0.66467905 0.23351419
vt 0.68567723 0.21694803
vt 0.69825721 0.23363298
vt 0.70066798 0.23397195
vt 0.71040064 0.26775765
vt 0.7123242 0.27770984
vt 0.71059805 0.28691792
vt 0.70844877 0.30942589
vt 0.67009854 0.22794122
vt 0.67855978 0.21594042
vt 0.70280802 0.24242389
vt 0.71455216 0.30629921
vt 0.67466581 0.22017509
vt 0.68043202 0.21034282
vt 0.69813329 0.21995354
vt 0.70358098 0.23073119
vt 0.7112304 0.26130319
vt 0.70184565 0.22194374
vt 0.086905651 0.90350115
vt 0.087159663 0.88474226
vt 0.097682171 0.90041488
vt 0.10276243 0.9225775
vt 0.083635226 0.89580452
vt 0.096513703 0.88171947
vt 0.11860017 0.91748458
vt 0.09008082 0.93028682
vt 0.080663271 0.88323087
vt 0.083851136 0.91615099
vt 0.099701576 0.87240988
vt 0.10615351 0.89007652
vt 0.11157035 0.88829839
vt 0.10752499 0.93319893
vt 0.10206206 0.93320382
vt 0.084740184 0.87171137
vt 0.11853667 0.89680785
vt 0.111484 0.93319571
vt 0.091266379 0.93321013
vt 0.081609473 0.9294613
vt 0.075614758 0.8704921
vt 0.089731552 0.8632527
vt 0.11494237 0.88902235
vt 0.12223891 0.90577453
vt 0.11716965 0.93318981
vt 0.088152155 0.93321222
vt 0.08145573 0.93321657
vt 0.072833307 0.85836291
vt 0.081971444 0.85203803
vt 0.1220992 0.89872569
vt 0.12921157 0.90935612
vt 0.12873304 0.9331817
vt 0.12910996 0.93286508
vt 0.075513154 0.8424744
vt 0.13926415 0.92299664
vt 0.12901968 0.93318146
vt 0.070540838 0.8460052
vt 0.13772106 0.93317175
vt 0.12913565 0.93318141
vt 0.06697195 0.85643244
vt 0.071213976 0.83965486
vt 0.12955922 0.93318087
vt 0.14077745 0.93316859
vt 0.12929483 0.93318123
vt 0.064095251 0.84723717
vt 0.1455956 0.93316329
vt 0.065378018 0.83184397
vt 0.4057847 0.85646987
vt 0.40941456 0.85588878
vt 0.40752101 0.86215472
vt 0.40669462 0.84940147
vt 0.41656071 0.86117095
vt 0.41503158 0.84681624
vt 0.40931332 0.84208274
vt 0.42108041 0.85264295
vt 0.40360549 0.83913076
vt 0.41332456 0.83631295
vt 0.42398435 0.86090028
vt 0.42050558 0.83348513
vt 0.40633866 0.83709294
vt 0.42845488 0.85301912
vt 0.41280872 0.82417703
vt 0.43024442 0.85815144
vt 0.43035015 0.84442878
vt 0.40585309 0.82512903
vt 0.41876352 0.81900066
vt 0.42672107 0.81573963
vt 0.41456997 0.81199241
vt 0.44039237 0.8526901
vt 0.43751833 0.83011574
vt 0.40573567 0.81358004
vt 0.42350352 0.8024385
vt 0.42964676 0.80553496
vt 0.43702504 0.87103319
vt 0.4432539 0.81099516
vt 0.41019702 0.79921079
vt 0.41896269 0.79883927
vt 0.44746771 0.82611591
vt 0.44033843 0.86331403
vt 0.40566722 0.80322665
vt 0.42899546 0.79265791
vt 0.44170994 0.79757559
vt 0.44831297 0.83603984
vt 0.45463616 0.85566229
vt 0.45030874 0.80874515
vt 0.41210541 0.77657425
vt 0.40247914 0.79567671
vt 0.42720178 0.77932972
vt 0.44643748 0.80534595
vt 0.45347854 0.83013695
vt 0.40748331 0.78176796
vt 0.42621487 0.76527452
vt 0.39961278 0.80391842
vt 0.43198493 0.77554756
vt 0.44513521 0.79706562
vt 0.45340383 0.83835292
vt 0.40980986 0.76266706
vt 0.41574526 0.76414049
vt 0.39919546 0.78583682
vt 0.39640683 0.79739392
vt 0.44030908 0.77950227
vt 0.40426117 0.76835573
vt 0.42368788 0.75250942
vt 0.39311826 0.80658156
vt 0.43082851 0.76082516
vt 0.43623483 0.76570463
vt 0.41081515 0.75352204
vt 0.40446568 0.76123887
vt 0.41783816 0.75324881
vt 0.39348683 0.79234946
vt 0.39354417 0.77249187
vt 0.39021826 0.79924166
vt 0.39987022 0.75912428
vt 0.39422336 0.78266847
vt 0.38689554 0.80803126
vt 0.40266719 0.75145692
vt 0.38910216 0.78474933
vt 0.39202753 0.75864077
vt 0.3845101 0.79412287
vt 0.39640906 0.74755955
vt 0.3876678 0.79347771
vt 0.38693267 0.77083492
vt 0.38108692 0.80355328
vt 0.38319767 0.77773517
vt 0.38108194 0.75143141
vt 0.38525769 0.73942018
vt 0.38238671 0.81470257
vt 0.37866747 0.7910319
vt 0.37723291 0.77380049
vt 0.38179004 0.73546803
vt 0.37670422 0.75553757
vt 0.37843382 0.7492367
vt 0.4828029 0.87713259
vt 0.47789001 0.86037999
vt 0.48445266 0.85744441
vt 0.48638627 0.87279409
vt 0.47808135 0.88437158
vt 0.48377705 0.85345626
vt 0.48713931 0.85694718
vt 0.48298758 0.89662158
vt 0.47928467 0.89884114
vt 0.4748984 0.87138671
vt 0.4789553 0.8418951
vt 0.49071598 0.8621484
vt 0.48508298 0.89721668
vt 0.47734383 0.90189779
vt 0.47148806 0.85979712
vt 0.4736506 0.84339446
vt 0.48451465 0.83905309
vt 0.48944464 0.84514421
vt 0.49094462 0.88210559
vt 0.48483863 0.91743189
vt 0.47874251 0.91874266
vt 0.47547767 0.83328027
vt 0.48118442 0.82967335
vt 0.4931924 0.85197353
vt 0.48201311 0.91828823
vt 0.47081634 0.84262955
vt 0.47027898 0.82839704
vt 0.48552418 0.82997298
vt 0.49482825 0.83726513
vt 0.48517078 0.9241991
vt 0.48216286 0.9280237
vt 0.47585058 0.82141614
vt 0.4838042 0.81931031
vt 0.49072623 0.8295545
vt 0.47928834 0.92641687
vt 0.48317125 0.93423754
vt 0.48030847 0.81198758
vt 0.493467 0.82176149
vt 0.47625881 0.80620956
vt 0.48637784 0.80912703
vt 0.47124895 0.81512821
vt 0.48294213 0.80018246
vt 0.49608803 0.80995917
vt 0.4709903 0.82383013
vt 0.4809666 0.78835392
vt 0.48669532 0.80289233
vt 0.48472974 0.7893222
vt 0.48773766 0.79448146
vt 0.50021052 0.78927571
vt 0.48149332 0.77992129
vt 0.48966092 0.78405964
vt 0.39027652 0.86298573
vt 0.39660212 0.86278462
vt 0.39877281 0.86649621
vt 0.39507651 0.87835968
vt 0.40399206 0.86137074
vt 0.3864736 0.87666273
vt 0.40478396 0.86944598
vt 0.39107519 0.88620931
vt 0.37947372 0.87641257
vt 0.40342194 0.88329834
vt 0.39869612 0.89904761
vt 0.38337681 0.88320285
vt 0.38335174 0.86498135
vt 0.40809622 0.88033807
vt 0.39300451 0.90000391
vt 0.38804173 0.89616138
vt 0.38033292 0.88543022
vt 0.4024809 0.89551085
vt 0.4070732 0.8730489
vt 0.39899239 0.90470928
vt 0.38737646 0.91213793
vt 0.3769618 0.88605142
vt 0.4107345 0.89160377
vt 0.40873834 0.86652648
vt 0.41108882 0.86956024
vt 0.39622456 0.92093253
vt 0.39175227 0.91134512
vt 0.38135436 0.90519464
vt 0.41202527 0.88486928
vt 0.40843067 0.90312713
vt 0.41504115 0.87655038
vt 0.41421977 0.88682514
vt 0.41498289 0.8988933
vt 0.41056195 0.86224812
vt 0.41664001 0.86611307
vt 0.41006041 0.92605925
vt 0.41534588 0.89369923
vt 0.41718808 0.91691232
vt 0.42210847 0.87199605
vt 0.41853118 0.88453031
vt 0.41753647 0.90062225
vt 0.41895086 0.86083406
vt 0.41735223 0.93088418
vt 0.42383632 0.89178902
vt 0.42034423 0.90844762
vt 0.42448467 0.88421148
vt 0.42152047 0.92691463
vt 0.42270279 0.90873152
vt 0.42328581 0.90193063
vt 0.42689267 0.87431002
vt 0.42432067 0.91953623
vt 0.42122498 0.93253279
vt 0.43099234 0.8811717
vt 0.42957476 0.90416002
vt 0.42472669 0.93090248
vt 0.43553299 0.886406
vt 0.42890304 0.91601837
vt 0.43709007 0.9047997
vt 0.43207937 0.86893189
vt 0.44207922 0.89736974
vt 0.43472201 0.88155973
vt 0.43493152 0.91340423
vt 0.43758413 0.87549508
vt 0.43206987 0.93211454
vt 0.44183359 0.88746452
vt 0.44417098 0.90979373
vt 0.44778851 0.890374
vt 0.44132036 0.93318605
vt 0.45047557 0.90209246
vt 0.44505781 0.88019586
vt 0.45088166 0.91396767
vt 0.45083475 0.88608658
vt 0.4497937 0.92424619
vt 0.67248356 0.80380893
vt 0.66899323 0.81011194
vt 0.66399902 0.80983424
vt 0.66809356 0.8005681
vt 0.67225903 0.81675422
vt 0.66267991 0.82344568
vt 0.67064261 0.79358727
vt 0.67857325 0.80995274
vt 0.65956414 0.8180778
vt 0.67488849 0.7934196
vt 0.67807919 0.8178876
vt 0.68404913 0.80434793
vt 0.67110103 0.8333385
vt 0.65803474 0.83128852
vt 0.68332618 0.81815815
vt 0.67776316 0.82682645
vt 0.66611266 0.84006822
vt 0.66133654 0.84088647
vt 0.69000369 0.81259042
vt 0.67151672 0.84925532
vt 0.67575139 0.84766096
vt 0.66088331 0.85252643
vt 0.68663412 0.8247472
vt 0.69056404 0.79862499
vt 0.66899538 0.85830319
vt 0.6941641 0.82758647
vt 0.67685878 0.86879432
vt 0.68887752 0.83953881
vt 0.66798681 0.86041689
vt 0.68428314 0.86278647
vt 0.69463849 0.8374238
vt 0.68339968 0.87326515
vt 0.69054741 0.85389781
vt 0.68954194 0.87325537
vt 0.68011093 0.88228613
vt 0.69086456 0.85870063
vt 0.6928556 0.85388833
vt 0.68692577 0.88190049
vt 0.68417418 0.88606983
vt 0.69073713 0.89384925
vt 0.67993915 0.89420539
vt 0.68493903 0.90344936
vt 0.68816763 0.91997814
vt 0.68123949 0.91378975
vt 0.68403256 0.92854911
vt 0.68083274 0.93268168
vt 0.54196703 0.83822972
vt 0.53867412 0.8599205
vt 0.53241545 0.85663819
vt 0.53331757 0.84256041
vt 0.54982793 0.8528409
vt 0.53448188 0.86498898
vt 0.52592623 0.84989876
vt 0.53708911 0.82549357
vt 0.54616493 0.86399037
vt 0.54602033 0.84129578
vt 0.53052026 0.87055236
vt 0.5238753 0.84043181
vt 0.52729994 0.86180532
vt 0.54489195 0.8271606
vt 0.53193158 0.83357924
vt 0.55177319 0.85793966
vt 0.55084294 0.83730918
vt 0.52691346 0.8325091
vt 0.51567978 0.83763534
vt 0.51516569 0.86026061
vt 0.5256297 0.81390893
vt 0.55954885 0.85241908
vt 0.56081921 0.86111164
vt 0.56229091 0.84550238
vt 0.52273303 0.86946297
vt 0.52060843 0.83110118
vt 0.52133697 0.81848419
vt 0.51449525 0.82502013
vt 0.51299232 0.86424023
vt 0.51557046 0.82338727
vt 0.51421875 0.82556605
vt 0.50796628 0.83562428
vt 0.52361077 0.81334156
vt 0.56520671 0.85906464
vt 0.52026224 0.8169452
vt 0.50367993 0.85606909
vt 0.52476126 0.81253803
vt 0.51070982 0.8307125
vt 0.50702882 0.83524114
vt 0.50775558 0.83502567
vt 0.5021472 0.83796072
vt 0.5841102 0.85341656
vt 0.59162146 0.85086167
vt 0.58603448 0.86186218
vt 0.5868296 0.83624625
vt 0.59126592 0.87017137
vt 0.59152269 0.83892369
vt 0.5816921 0.83511072
vt 0.59638399 0.8629064
vt 0.58884007 0.82884145
vt 0.59731454 0.84584594
vt 0.58444434 0.82232535
vt 0.59390175 0.82128382
vt 0.5957787 0.83060151
vt 0.57628202 0.82256287
vt 0.60117608 0.84785092
vt 0.60320503 0.8211453
vt 0.57580709 0.83400142
vt 0.58389282 0.80489236
vt 0.5707705 0.82405001
vt 0.5765115 0.80417418
vt 0.60440117 0.83209771
vt 0.59120446 0.79441655
vt 0.60210943 0.79806846
vt 0.57235044 0.81530851
vt 0.58363354 0.77895397
vt 0.61055386 0.81178927
vt 0.58620685 0.78654087
vt 0.57042742 0.80939144
vt 0.57190025 0.78566051
vt 0.6104809 0.82551038
vt 0.59014112 0.77814054
vt 0.59554654 0.78908509
vt 0.60804874 0.78504574
vt 0.58776045 0.774032
vt 0.58363891 0.76760423
vt 0.59462988 0.77874243
vt 0.59756166 0.78234428
vt 0.60270727 0.77418387
vt 0.61238635 0.79203045
vt 0.56730336 0.79190028
vt 0.58020663 0.76168269
vt 0.59294719 0.77225631
vt 0.61496758 0.77705091
vt 0.56929392 0.76998264
vt 0.58933914 0.76515591
vt 0.58341694 0.75883341
vt 0.59854889 0.76939452
vt 0.56455326 0.76709259
vt 0.57756859 0.75636214
vt 0.56491637 0.75708842
vt 0.57209367 0.75688136
vt 0.80470097 0.72149599
vt 0.81148493 0.71937746
vt 0.80916166 0.7317546
vt 0.8040747 0.73709822
vt 0.80920708 0.70584857
vt 0.81640625 0.73197269
vt 0.79471183 0.72156781
vt 0.80720764 0.73782146
vt 0.80717647 0.7011075
vt 0.81329983 0.73915946
vt 0.7977668 0.74040836
vt 0.80325764 0.70683402
vt 0.80899101 0.74339509
vt 0.81958324 0.74173665
vt 0.80719185 0.74832451
vt 0.79201895 0.72577918
vt 0.80030507 0.69688636
vt 0.81498259 0.75114435
vt 0.79646677 0.7474876
vt 0.79080212 0.73569536
vt 0.78947425 0.71322906
vt 0.79382247 0.69377267
vt 0.8218925 0.74928951
vt 0.8075766 0.75679582
vt 0.8209728 0.76147377
vt 0.79941857 0.75941777
vt 0.78960109 0.75223231
vt 0.81374776 0.76396918
vt 0.80085033 0.7681821
vt 0.81060129 0.77873343
vt 0.82379931 0.77642608
vt 0.79716665 0.77058303
vt 0.79127693 0.76697731
vt 0.81643558 0.77962834
vt 0.80626285 0.78431338
vt 0.78366035 0.76929009
vt 0.8112855 0.79815686
vt 0.81828296 0.78955489
vt 0.7879101 0.77641225
vt 0.78955543 0.7941981
vt 0.81526303 0.7970162
vt 0.82474732 0.78178734
vt 0.80561501 0.80165291
vt 0.79515707 0.80015641
vt 0.78294295 0.7792052
vt 0.81221747 0.80882847
vt 0.8095026 0.80893183
vt 0.78456289 0.79380739
vt 0.78829587 0.80311978
vt 0.93780971 0.73103148
vt 0.93533117 0.72262412
vt 0.94041502 0.71746773
vt 0.94975483 0.72963053
vt 0.93479848 0.72943133
vt 0.93417376 0.70770705
vt 0.94477135 0.70751357
vt 0.94193572 0.74206132
vt 0.93605101 0.749044
vt 0.92917389 0.71413493
vt 0.9505952 0.70201832
vt 0.95509464 0.74319804
vt 0.92946464 0.73346019
vt 0.92699093 0.72112572
vt 0.94005382 0.69827414
vt 0.95444417 0.72327048
vt 0.96131575 0.73156238
vt 0.94368035 0.7498095
vt 0.93898147 0.75835299
vt 0.92611068 0.74773276
vt 0.9230262 0.71388018
vt 0.94782084 0.6951915
vt 0.95774019 0.70753652
vt 0.95407957 0.75190341
vt 0.93654335 0.76363754
vt 0.92332798 0.73145747
vt 0.93199712 0.76567435
vt 0.91632056 0.72140801
vt 0.95961112 0.69767368
vt 0.96111101 0.71631014
vt 0.96435058 0.72090173
vt 0.95264506 0.76657021
vt 0.94269031 0.78590131
vt 0.92613232 0.76674742
vt 0.91981643 0.74377066
vt 0.91562057 0.71098006
vt 0.96413624 0.7084381
vt 0.94727826 0.77354759
vt 0.93908346 0.78828132
vt 0.9346332 0.77905148
vt 0.92368221 0.75520647
vt 0.92989486 0.77439386
vt 0.91497815 0.7267344
vt 0.94295335 0.79998779
vt 0.91659057 0.74099696
vt 0.90805233 0.72163224
vt 0.93658352 0.79028487
vt 0.93913782 0.80411232
vt 0.94169426 0.8079443
vt 0.045828056 0.95800048
vt 0.056571875 0.97470957
vt 0.042127863 0.96056372
vt 0.065719225 0.96366173
vt 0.037060291 0.96475649
vt 0.057396088 0.95232922
vt 0.071643531 0.9790141
vt 0.041595969 0.97191095
vt 0.063568898 0.94952112
vt 0.084947713 0.98082447
vt 0.06839513 0.9847399
vt 0.036581784 0.96531928
vt 0.045523733 0.97634745
vt 0.081310049 0.96398544
vt 0.084627219 0.97919756
vt 0.077438354 0.98643404
vt 0.059152607 0.98396498
vt 0.033317041 0.97235912
vt 0.08023499 0.95954794
vt 0.08513356 0.98210859
vt 0.067996368 0.98819441
vt 0.07789585 0.99322283
vt 0.076393113 0.94183636
vt 0.086256735 0.99134731
vt 0.086615942 0.99613357
vt 0.086229846 0.99175274
vt 0.086610675 0.99630815
vt 0.086391076 0.9929285
vt 0.086316332 0.99178243
vt 0.9191736 0.97934544
vt 0.91940737 0.96157718
vt 0.92263746 0.96915007
vt 0.92622137 0.97659731
vt 0.9084391 0.97498882
vt 0.92990029 0.96237707
vt 0.92224962 0.99319905
vt 0.90979201 0.98600644
vt 0.90102494 0.96196318
vt 0.93499416 0.97481775
vt 0.93010265 0.98969918
vt 0.91466421 0.99072713
vt 0.90541667 0.98636925
vt 0.89485335 0.96852624
vt 0.92629737 0.99475151
vt 0.91839534 0.99608719
vt 0.8991462 0.98562008
vt 0.89613104 0.98225504
vt 0.93738979 0.99276584
vt 0.93526024 0.995929
vt 0.89306599 0.97854108
vt 0.93906122 0.97672951
vt 0.94273233 0.98178899
vt 0.94407821 0.99118006
vt 0.4549289 0.90892446
vt 0.45572612 0.88053453
vt 0.46105963 0.88425881
vt 0.4613817 0.91344196
vt 0.45798048 0.86414373
vt 0.46589956 0.90270573
vt 0.45591342 0.93517429
vt 0.46044651 0.86046046
vt 0.46895882 0.88004172
vt 0.46909267 0.92366189
vt 0.46738026 0.93477422
vt 0.46430537 0.87366861
vt 0.4758172 0.91170305
vt 0.46423799 0.94754648
vt 0.46680039 0.86138225
vt 0.47009596 0.86641467
vt 0.47575903 0.88677704
vt 0.47387752 0.9404636
vt 0.47648346 0.9575339
vt 0.4738133 0.87404722
vt 0.46961966 0.9654038
vt 0.46546566 0.96295726
vt 0.87563759 0.80631757
vt 0.87242067 0.80645859
vt 0.87389117 0.80152714
vt 0.88246697 0.79846627
vt 0.86886394 0.80565399
vt 0.8806811 0.79242045
vt 0.86960179 0.800403
vt 0.86703259 0.80919152
vt 0.87173879 0.79291725
vt 0.88926029 0.79071295
vt 0.86459166 0.79939216
vt 0.87694734 0.75949162
vt 0.89049399 0.79986149
vt 0.88814545 0.77271664
vt 0.86300063 0.80918384
vt 0.88633811 0.76809192
vt 0.86822677 0.78239495
vt 0.89721215 0.79071069
vt 0.86038119 0.80266994
vt 0.88156986 0.7609911
vt 0.86850101 0.75667518
vt 0.89713758 0.79105991
vt 0.8606692 0.78349853
vt 0.85870343 0.80939209
vt 0.8779611 0.75232363
vt 0.86254305 0.76037174
vt 0.87140501 0.74575347
vt 0.89515549 0.79890263
vt 0.85330993 0.79753649
vt 0.86232984 0.74660593
vt 0.86907852 0.74356163
vt 0.85340285 0.76370478
vt 0.85995173 0.74679124
vt 0.85395271 0.76286578
vt 0.85318178 0.76420254
vt 0.84792262 0.78058124
vt 0.84626395 0.787669
vt 0.84785825 0.79846972
vt 0.84589243 0.78922117
vt 0.84526306 0.7975741
vt 0.47479495 0.69857526
vt 0.46660227 0.70090437
vt 0.47097281 0.6964457
vt 0.47151068 0.69057226
vt 0.470624 0.7092756
vt 0.47726727 0.69264007
vt 0.47670627 0.70769191
vt 0.46614337 0.70827705
vt 0.46712878 0.69133765
vt 0.47526038 0.67847794
vt 0.46942964 0.71876502
vt 0.4619731 0.71261334
vt 0.46275437 0.68983769
vt 0.46783707 0.68076557
vt 0.48158696 0.68261909
vt 0.48453912 0.70366597
vt 0.47775328 0.71692407
vt 0.4647651 0.72868681
vt 0.45638254 0.70816243
vt 0.45874751 0.69845903
vt 0.47333953 0.66751277
vt 0.47963318 0.67188978
vt 0.482364 0.68848789
vt 0.47212815 0.72656351
vt 0.45738512 0.71720618
vt 0.47698542 0.67068648
vt 0.48499411 0.673244
vt 0.48566142 0.68430352
vt 0.48525319 0.71823776
vt 0.47920519 0.73050296
vt 0.46571878 0.73488843
vt 0.45417568 0.73640734
vt 0.45359322 0.69986641
vt 0.45200986 0.71926749
vt 0.47871342 0.6617018
vt 0.48393101 0.66203916
vt 0.48981395 0.71361327
vt 0.45715299 0.74247056
vt 0.4519394 0.73343611
vt 0.44934258 0.71163654
vt 0.48804912 0.72651166
vt 0.463577 0.74688148
vt 0.45324555 0.74255264
vt 0.44766718 0.73024476
vt 0.4463304 0.72498369
vt 0.44557232 0.7115382
vt 0.43969068 0.72585273
vt 0.94972736 0.79660332
vt 0.95284569 0.79251695
vt 0.9536466 0.81013823
vt 0.94593793 0.80630356
vt 0.94757265 0.78764462
vt 0.95814544 0.79958391
vt 0.94861734 0.81841487
vt 0.94676405 0.79423279
vt 0.95420617 0.78434473
vt 0.95771784 0.78548741
vt 0.95785731 0.81262946
vt 0.95145327 0.83645886
vt 0.94286597 0.81938028
vt 0.94937021 0.77115619
vt 0.96208411 0.79446924
vt 0.96312898 0.80555183
vt 0.95775306 0.82603353
vt 0.95526254 0.77437848
vt 0.96233475 0.77956069
vt 0.96790856 0.80968761
vt 0.96220708 0.81901264
vt 0.96797895 0.84713221
vt 0.94459027 0.84102827
vt 0.96962625 0.77385831
vt 0.96808839 0.79917496
vt 0.97499847 0.83160847
vt 0.96104211 0.84971362
vt 0.95094138 0.85411358
vt 0.9393031 0.83826232
vt 0.9711684 0.78901267
vt 0.97384924 0.81068873
vt 0.96969593 0.81808877
vt 0.96864933 0.8614589
vt 0.97751909 0.8521015
vt 0.97567773 0.77023125
vt 0.97373468 0.79714382
vt 0.98085165 0.8325243
vt 0.96011961 0.86248803
vt 0.97527754 0.78968823
vt 0.97806138 0.87101603
vt 0.98224074 0.85771561
vt 0.97793329 0.90190113
vt 0.97832239 0.91132462
vt 0.97360963 0.90907437
vt 0.97065091 0.89901888
vt 0.98580748 0.90041548
vt 0.97594905 0.92057973
vt 0.97234792 0.89456058
vt 0.98507649 0.91412759
vt 0.98366094 0.9315989
vt 0.98733544 0.90846407
vt 0.97847587 0.92894959
vt 0.98981261 0.91452134
vt 0.98879957 0.92730927
vt 0.9787702 0.93959194
vt 0.97379833 0.93850696
vt 0.9901799 0.94059426
vt 0.99199581 0.93389124
vt 0.98299611 0.95788103
vt 0.97630441 0.9433037
vt 0.99319112 0.94045573
vt 0.98644203 0.96146023
vt 0.97533071 0.94941449
vt 0.98379165 0.97689587
vt 0.97509289 0.96282184
vt 0.97297275 0.95279372
vt 0.98149139 0.97365826
vt 0.97824895 0.97521675
vt 0.98188967 0.9904781
vt 0.97714162 0.98752719
vt 0.97779626 0.99514925
vt 0.0099029001 0.99661309
vt 0.009516431 0.99694848
vt 0.0019293515 0.8973195
vt 0.0037792157 0.90412545
vt 0.010219107 0.99153328
vt 0.36817363 0.90387177
vt 0.36873913 0.89994365
vt 0.36174977 0.99106193
vt 0.3700189 0.89708275
vt 0.36245069 0.9964636
vt 0.23099342 0.71383935
vt 0.22548713 0.7127645
vt 0.22970845 0.70638937
vt 0.23495446 0.7052815
vt 0.22378789 0.73202693
vt 0.23741603 0.71599257
vt 0.23421353 0.69352913
vt 0.23219037 0.72378492
vt 0.2210307 0.71752632
vt 0.24138086 0.70049477
vt 0.23776406 0.69614005
vt 0.22362168 0.73626328
vt 0.22204548 0.73058355
vt 0.2456269 0.6985383
vt 0.24411285 0.72346032
vt 0.24305816 0.68890363
vt 0.23629762 0.73036289
vt 0.24749838 0.70519036
vt 0.25091717 0.71381342
vt 0.22910929 0.74568462
vt 0.24660695 0.6884762
vt 0.25224885 0.69129491
vt 0.23787811 0.73965192
vt 0.25385201 0.7301085
vt 0.24816489 0.68076003
vt 0.25708979 0.69753277
vt 0.25722349 0.70478475
vt 0.259471 0.68523574
vt 0.26059166 0.71826255
vt 0.25733662 0.67746645
vt 0.26601103 0.68317056
vt 0.26681009 0.69824886
vt 0.26374999 0.70662975
vt 0.25943637 0.73174131
vt 0.26356253 0.67495233
vt 0.2633563 0.72665751
vt 0.26911727 0.70445675
vt 0.26942626 0.71300232
vt 0.62959164 0.809057
vt 0.62798315 0.83022529
vt 0.62294072 0.81782413
vt 0.62300569 0.80641776
vt 0.63567692 0.81832993
vt 0.6244055 0.83836454
vt 0.61640894 0.8132596
vt 0.63600177 0.83365607
vt 0.62683254 0.85036147
vt 0.61794609 0.83309197
vt 0.62123913 0.85232443
vt 0.61583787 0.84904253
vt 0.61224043 0.83960843
vt 0.6363427 0.85348743
vt 0.62789947 0.86050785
vt 0.61192888 0.81965464
vt 0.61981773 0.86937124
vt 0.62239701 0.86665595
vt 0.61233932 0.84574354
vt 0.63720506 0.86861169
vt 0.61087179 0.85233974
vt 0.63432765 0.87429261
vt 0.62304777 0.87928736
vt 0.62764555 0.88486314
vt 0.62186056 0.8887102
vt 0.63089794 0.89352351
vt 0.62557125 0.90223944
vt 0.64823568 0.79008651
vt 0.64173377 0.79416245
vt 0.64429897 0.78165042
vt 0.6513806 0.7811175
vt 0.64734846 0.80195886
vt 0.63628531 0.78247029
vt 0.65272433 0.80188131
vt 0.64604366 0.76887715
vt 0.64147913 0.80672783
vt 0.63520265 0.7944423
vt 0.63827056 0.77142215
vt 0.65076041 0.76723754
vt 0.650419 0.81068498
vt 0.64608043 0.81566566
vt 0.6320678 0.78580475
vt 0.63031948 0.77813315
vt 0.64968753 0.75923675
vt 0.64173961 0.75812888
vt 0.63840467 0.8219645
vt 0.63726693 0.80958581
vt 0.63344228 0.76424849
vt 0.64671898 0.83481044
vt 0.6431675 0.83797801
vt 0.62710339 0.77113217
vt 0.63399088 0.75178617
vt 0.63995123 0.75174659
vt 0.64396185 0.83969265
vt 0.80786264 0.99027222
vt 0.80092537 0.97587508
vt 0.80731487 0.96966761
vt 0.81252605 0.96699792
vt 0.79736364 0.98940051
vt 0.79947919 0.96755719
vt 0.81710631 0.97597533
vt 0.7829923 0.97428757
vt 0.81447995 0.9951629
vt 0.82575244 0.98082781
vt 0.82386476 0.99523824
vt 0.21198468 0.64992559
vt 0.22244203 0.64297014
vt 0.22488965 0.66328657
vt 0.21566227 0.66482502
vt 0.21177906 0.62150866
vt 0.22684605 0.6520468
vt 0.22320893 0.67372417
vt 0.20970474 0.65733701
vt 0.21858728 0.62306041
vt 0.20756717 0.62924129
vt 0.22985224 0.67425859
vt 0.22742967 0.67774022
vt 0.1997354 0.64049029
vt 0.21563385 0.61688709
vt 0.2214966 0.6335218
vt 0.2097248 0.61937195
vt 0.20048702 0.64551318
vt 0.19860955 0.62749898
vt 0.23256734 0.68325973
vt 0.19836262 0.64272141
vt 0.19132079 0.63317275
vt 0.20157407 0.61975336
vt 0.19619258 0.63984537
vt 0.18995903 0.62961483
vt 0.19390789 0.62373996
vt 0.18930852 0.62815821
vt 0.99138081 0.72078538
vt 0.98432952 0.71475178
vt 0.99256212 0.69598758
vt 0.99540222 0.70628667
vt 0.98412818 0.72834051
vt 0.98400789 0.70253789
vt 0.99485242 0.6956625
vt 0.98491603 0.73756045
vt 0.97861177 0.72174227
vt 0.97685331 0.70449841
vt 0.98085701 0.68260294
vt 0.99227518 0.67472529
vt 0.98122889 0.73482549
vt 0.98071218 0.66801775
vt 0.98457962 0.74694669
vt 0.97356093 0.71288103
vt 0.97233868 0.72684956
vt 0.97585458 0.68910444
vt 0.97608763 0.67310119
vt 0.99215269 0.66234291
vt 0.98050416 0.74456418
vt 0.97113144 0.66518593
vt 0.9737342 0.67838186
vt 0.061865222 0.86033523
vt 0.05820673 0.86624604
vt 0.054974645 0.85259336
vt 0.062193889 0.87256426
vt 0.052614365 0.85635835
vt 0.06824559 0.87275487
vt 0.056375273 0.88167459
vt 0.053172402 0.87225747
vt 0.067542039 0.85744011
vt 0.063975014 0.88647121
vt 0.072958738 0.85779715
vt 0.070393451 0.88371426
vt 0.061005283 0.89822757
vt 0.049235824 0.88466501
vt 0.073311947 0.865762
vt 0.06965819 0.89439356
vt 0.073323384 0.87738883
vt 0.054240886 0.89678019
vt 0.065157592 0.90461469
vt 0.049852993 0.89262205
vt 0.0729381 0.88677466
vt 0.060995467 0.90827394
vt 0.056872498 0.91266537
vt 0.050666973 0.91072255
vt 0.06428615 0.91679054
vt 0.060751084 0.93354416
vt 0.05885905 0.93326014
vt 0.054567646 0.93024695
vt 0.78826272 0.6713872
vt 0.78675544 0.66155374
vt 0.79345548 0.66575623
vt 0.79156756 0.6827414
vt 0.78854704 0.65272969
vt 0.803101 0.67335361
vt 0.7833088 0.64929551
vt 0.79596555 0.65211535
vt 0.80220252 0.67939097
vt 0.78441155 0.6411584
vt 0.79008454 0.63753855
vt 0.80803853 0.67755926
vt 0.8053503 0.65559483
vt 0.80159646 0.6414187
vt 0.81568599 0.65981388
vt 0.78559458 0.62803268
vt 0.79984146 0.63707089
vt 0.81580979 0.67198592
vt 0.80991459 0.64053053
vt 0.81123322 0.65369081
vt 0.79594827 0.61852527
vt 0.80629724 0.63172847
vt 0.7995559 0.62655044
vt 0.81953329 0.66637421
vt 0.81581736 0.65014422
vt 0.82018858 0.65920258
vt 0.81135172 0.63694334
vt 0.93116051 0.77652824
vt 0.93366492 0.78679156
vt 0.92807519 0.78982431
vt 0.92420751 0.77548999
vt 0.93363857 0.7885437
vt 0.91848433 0.78326768
vt 0.9302786 0.79736114
vt 0.93386871 0.78710353
vt 0.92084855 0.77059245
vt 0.91768181 0.79762053
vt 0.92864418 0.80337441
vt 0.91822958 0.76855081
vt 0.91206819 0.78383482
vt 0.92916852 0.80387431
vt 0.91501993 0.77113897
vt 0.9246189 0.81908929
vt 0.91090983 0.80056602
vt 0.92910773 0.80612469
vt 0.92813134 0.82218355
vt 0.92126793 0.8327297
vt 0.90784782 0.78739464
vt 0.92874759 0.82991779
vt 0.92859441 0.83125621
vt 0.91012675 0.82448286
vt 0.92531693 0.83651304
vt 0.91453511 0.82965273
vt 0.91538435 0.83892536
vt 0.92062598 0.83868265
vt 0.70855057 0.93216503
vt 0.71198583 0.92029786
vt 0.71590328 0.94097441
vt 0.71161699 0.95067185
vt 0.7070905 0.91608649
vt 0.71601701 0.92912674
vt 0.71609187 0.95212632
vt 0.70149761 0.93982571
vt 0.71133488 0.91338736
vt 0.70040554 0.91577828
vt 0.71806508 0.92108989
vt 0.711169 0.96483368
vt 0.70062608 0.95822281
vt 0.72160161 0.91588557
vt 0.70067573 0.9072268
vt 0.69651687 0.94758767
vt 0.6901961 0.92904258
vt 0.69449103 0.90868592
vt 0.68929332 0.94023347
vt 0.69258404 0.95236629
vt 0.69342047 0.91778171
vt 0.69205278 0.9170081
vt 0.14491571 0.95384115
vt 0.13757992 0.95275158
vt 0.14059345 0.9383105
vt 0.14621578 0.93825722
vt 0.14586958 0.97726524
vt 0.1351696 0.94354033
vt 0.1528282 0.94551778
vt 0.1517915 0.96020228
vt 0.13142741 0.96597862
vt 0.12680091 0.95393378
vt 0.15328898 0.97532195
vt 0.13931932 0.98218828
vt 0.15685736 0.95414573
vt 0.15892364 0.96202642
vt 0.14554814 0.98905945
vt 0.15202256 0.99621159
vt 0.082058772 0.96256328
vt 0.08009138 0.96051377
vt 0.083846748 0.95831853
vt 0.094463021 0.95915288
vt 0.082792342 0.96774364
vt 0.089375123 0.96893567
vt 0.10257278 0.95575607
vt 0.090844944 0.97707337
vt 0.11137451 0.96454686
vt 0.097568981 0.97871399
vt 0.10541884 0.98000795
vt 0.10153917 0.98124427
vt 0.51022446 0.7961694
vt 0.51017541 0.7817843
vt 0.51299405 0.79207051
vt 0.51602542 0.80310857
vt 0.5165242 0.78593498
vt 0.51437879 0.77117062
vt 0.5244121 0.79786551
vt 0.52125281 0.77318949
vt 0.51010209 0.7657854
vt 0.52346605 0.80933225
vt 0.51683605 0.75861984
vt 0.52778655 0.78496671
vt 0.52501333 0.76459461
vt 0.50185657 0.74894667
vt 0.53328174 0.77256292
vt 0.18477364 0.95984799
vt 0.18271738 0.9642114
vt 0.17635529 0.9601686
vt 0.18902053 0.9639194
vt 0.16422993 0.96060109
vt 0.18535617 0.9691062
vt 0.17622185 0.97579187
vt 0.16685833 0.9554975
vt 0.15801592 0.97908843
vt 0.16598441 0.98058319
vt 0.17081498 0.98043132
vt 0.53390056 0.79707336
vt 0.53490096 0.78139758
vt 0.53838128 0.80904889
vt 0.53271639 0.80863094
vt 0.54145485 0.78219748
vt 0.5411495 0.76872897
vt 0.54985809 0.80105484
vt 0.55070949 0.76950252
vt 0.55203575 0.78588164
vt 0.54077762 0.8094362
vt 0.54179502 0.74741197
vt 0.55357665 0.79267281
vt 0.55549121 0.76832432
vt 0.54196262 0.74753582
vt 0.55165142 0.79986525
vt 0.55614704 0.75790393
vt 0.55023491 0.75818002
vt 0.54184544 0.74738353
vt 0.54181272 0.74735224
vt 0.38950032 0.95259631
vt 0.38864186 0.96136838
vt 0.37888148 0.94520926
vt 0.39043814 0.93974113
vt 0.3950983 0.96445596
vt 0.38005733 0.95663607
vt 0.38339737 0.92750639
vt 0.39998209 0.95310128
vt 0.37688324 0.9508794
vt 0.39314333 0.92763627
vt 0.40757832 0.94239587
vt 0.40722483 0.95271176
vt 0.40519774 0.93466258
vt 0.5971846 0.98325914
vt 0.60541862 0.97896266
vt 0.59047025 0.99314934
vt 0.58748758 0.99070525
vt 0.60454822 0.97518599
vt 0.59862918 0.9883709
vt 0.57977605 0.99600226
vt 0.60925603 0.9656263
vt 0.60767168 0.9876675
vt 0.60994118 0.96904385
vt 0.67412162 0.91073734
vt 0.67583108 0.92782229
vt 0.67305505 0.92720705
vt 0.66968769 0.92092943
vt 0.67485398 0.9296118
vt 0.66735828 0.91326863
vt 0.67613846 0.93054754
vt 0.66606182 0.90500796
vt 0.68010992 0.93322295
vt 0.66930687 0.89323479
vt 0.66595286 0.9044627
vt 0.67403775 0.89218527
vt 0.66547418 0.90320486
vt 0.67729127 0.89344531
vt 0.67323905 0.88475025
vt 0.66341966 0.89391243
vt 0.67633837 0.88012934
vt 0.66825831 0.88409263
vt 0.66280037 0.89523381
vt 0.67059755 0.87477905
vt 0.66265786 0.88616788
vt 0.65827501 0.89199638
vt 0.6609869 0.89395189
vt 0.56656653 0.84957755
vt 0.57796562 0.85289687
vt 0.57160044 0.86407566
vt 0.56466365 0.86061275
vt 0.58158273 0.86128265
vt 0.57233191 0.89095521
vt 0.58152902 0.87487096
vt 0.58185732 0.88542676
vt 0.58652341 0.86979961
vt 0.58375388 0.8969087
vt 0.58514565 0.8881582
vt 0.57558769 0.90177441
vt 0.56966281 0.99095404
vt 0.58158928 0.9913131
vt 0.58156854 0.99133563
vt 0.57132953 0.99417901
vt 0.5816958 0.98189926
vt 0.58158964 0.99132383
vt 0.56918341 0.99582314
vt 0.57075042 0.97864574
vt 0.58159608 0.99131405
vt 0.56767416 0.99304885
vt 0.5603683 0.9796108
vt 0.56038976 0.98605758
vt 0.5570159 0.97879183
vt 0.41126391 0.96194756
vt 0.40839434 0.95055753
vt 0.41954374 0.96242601
vt 0.42054477 0.95729905
vt 0.42099786 0.93814838
vt 0.42227456 0.96404445
vt 0.41335192 0.94000411
vt 0.42564163 0.94466317
vt 0.42417291 0.96051288
vt 0.41508421 0.93339342
vt 0.42858627 0.96132773
vt 0.4304491 0.95016932
vt 0.43367571 0.95447099
vt 0.4313319 0.9626376
vt 0.9622466 0.98953587
vt 0.96249968 0.97613031
vt 0.96460438 0.99652654
vt 0.96045959 0.98413014
vt 0.96879601 0.96811318
vt 0.95863396 0.96391487
vt 0.96206254 0.95500517
vt 0.96856856 0.95247978
vt 0.9561916 0.95015883
vt 0.9737764 0.95593357
vt 0.95576417 0.95377553
vt 0.95471871 0.95528805
vt 0.0057062311 0.98694611
vt 0.0029626808 0.99607664
vt 0.0022623807 0.99204582
vt 0.0064684427 0.97631413
vt 0.0029041714 0.97088575
vt 0.0059374156 0.96714312
vt 0.0057750219 0.94947064
vt 0.006320179 0.9496755
vt 0.81293619 0.9545182
vt 0.81795931 0.95550221
vt 0.81310433 0.96396685
vt 0.80692172 0.95811331
vt 0.82179308 0.94387871
vt 0.80417198 0.96254253
vt 0.80687785 0.95161986
vt 0.81561112 0.94162476
vt 0.81875157 0.93224382
vt 0.80131412 0.95633656
vt 0.8109861 0.93863827
vt 0.81708694 0.92399967
vt 0.80189216 0.94561613
vt 0.80119264 0.96135139
vt 0.79834551 0.95486486
vt 0.79928339 0.96361399
vt 0.81061381 0.9292509
vt 0.51343447 0.8785466
vt 0.5109809 0.86719537
vt 0.51832503 0.86799389
vt 0.52036434 0.879058
vt 0.50154263 0.87725943
vt 0.52218038 0.8750478
vt 0.51313978 0.89883739
vt 0.50736707 0.89316404
vt 0.5210014 0.869232
vt 0.52380198 0.88160527
vt 0.51893693 0.90139621
vt 0.52016205 0.86672425
vt 0.52475697 0.88728219
vt 0.11606884 0.97696841
vt 0.11131456 0.97044027
vt 0.11379275 0.96333075
vt 0.1175392 0.96182168
vt 0.11203888 0.99542099
vt 0.12070469 0.96564543
vt 0.11572078 0.95332479
vt 0.11708403 0.95258725
vt 0.12128697 0.96139055
vt 0.55386901 0.87078387
vt 0.55990601 0.88380831
vt 0.55422604 0.89510465
vt 0.54967904 0.89841956
vt 0.56209534 0.86936057
vt 0.56029123 0.901999
vt 0.55155981 0.90155208
vt 0.54879129 0.86905485
vt 0.56604701 0.88200206
vt 0.56875467 0.89208508
vt 0.56791335 0.87221175
vt 0.56822228 0.89707541
vt 0.56273293 0.90229052
vt 0.73234147 0.99656743
vt 0.72241944 0.98929983
vt 0.72372639 0.97143364
vt 0.71276528 0.98864883
vt 0.74218571 0.99565494
vt 0.74020088 0.98374224
vt 0.74857587 0.97964299
vt 0.73676473 0.99092519
vt 0.73826993 0.96271092
vt 0.73801905 0.98001879
vt 0.75011468 0.97258782
vt 0.74303931 0.9657613
vt 0.7385878 0.95763981
vt 0.43447617 0.96379936
vt 0.43434268 0.97745001
vt 0.42498568 0.97982466
vt 0.42431328 0.97138613
vt 0.44028583 0.96728396
vt 0.44313815 0.95979857
vt 0.43660396 0.95519215
vt 0.36040315 0.98648185
vt 0.35468549 0.97456586
vt 0.3614102 0.96855289
vt 0.3551853 0.99669087
vt 0.35341689 0.96189994
vt 0.044797007 0.95382166
vt 0.045661554 0.942312
vt 0.049109671 0.944489
vt 0.041194633 0.94930488
vt 0.042449322 0.95925725
vt 0.044274572 0.93570608
vt 0.038678091 0.95763838
vt 0.036227413 0.94613355
vt 0.0373528 0.96490252
vt 0.038674463 0.93013901
vt 0.033207718 0.95866078
vt 0.49877602 0.95449626
vt 0.49439138 0.96498096
vt 0.49731234 0.948241
vt 0.4868255 0.95618516
vt 0.48603541 0.93976575
vt 0.49717292 0.94640934
vt 0.49438968 0.9368096
vt 0.49010593 0.93263811
vt 0.49788132 0.94346839
vt 0.50157046 0.94908708
vt 0.10676351 0.98016489
vt 0.10983582 0.98415935
vt 0.10265815 0.98649895
vt 0.10725258 0.9892084
vt 0.11136474 0.98705167
vt 0.1053891 0.99150634
vt 0.10427693 0.99612826
vt 0.095619462 0.98836356
vt 0.10383834 0.99691856
vt 0.38121724 0.98297161
vt 0.37468937 0.98095953
vt 0.37920409 0.96926951
vt 0.37426025 0.99556112
vt 0.37021303 0.96688312
vt 0.36868632 0.98664248
vt 0.018379038 0.9959318
vt 0.0093392571 0.9825871
vt 0.024156975 0.99056154
vt 0.95758712 0.97490007
vt 0.95362061 0.98336869
vt 0.9521066 0.96871328
vt 0.95163804 0.97986507
vt 0.94715118 0.97862393
vt 0.95272189 0.99686772
vt 0.95086545 0.99106354
vt 0.45235622 0.9631812
vt 0.4526597 0.97018075
vt 0.44489771 0.96525663
vt 0.44437975 0.95541048
vt 0.44929996 0.97959858
vt 0.43943334 0.97612286
vt 0.78513402 0.98544765
vt 0.77565604 0.98525488
vt 0.7809453 0.97376406
vt 0.78421527 0.99667597
vt 0.78780776 0.99454588
vt 0.18176731 0.99128067
vt 0.18412448 0.98316836
vt 0.18509439 0.98696113
vt 0.18278228 0.99587387
vt 0.18836766 0.97055757
vt 0.18468581 0.97295904
vt 0.19039041 0.97676384
vt 0.035439387 0.97424686
vt 0.039548978 0.97102875
vt 0.033004418 0.99641156
vt 0.34594899 0.99509037
vt 0.3461135 0.98675936
vt 0.35142565 0.99163294
vt 0.35444203 0.99606138
vt 0.34860411 0.97143066
vt 0.35409957 0.9799996
vt 0.037381172 0.98879683
vt 0.042414479 0.9867543
vt 0.041286342 0.99683452
vt 0.047873512 0.99216127
vt 0.87945557 0.98143375
vt 0.88310355 0.98114985
vt 0.88380009 0.98643732
vt 0.88095576 0.98679513
vt 0.88625544 0.9769547
vt 0.87704504 0.99538141
vt 0.88472337 0.97962821
vt 0.8910237 0.9793154
vt 0.89460582 0.99681652
vt 0.030583346 0.99555963
vt 0.029404631 0.99071091
vt 0.031860616 0.97573608
vt 0.97743684 0.99513942
vt 0.9709388 0.98927742
vt 0.97314012 0.97592151
vt 0.97028553 0.9767108
vt 0.049411546 0.99702984
vt 0.051459268 0.99273008
vt 0.054197654 0.99201274
vt 0.048623908 0.99170494
vt 0.049606938 0.98823893
vt 0.054431982 0.98444068
vt 0.058438461 0.98005313
vt 0.19539063 0.98746353
vt 0.19434506 0.99643457
vt 0.18928359 0.98767865
vt 0.19350687 0.9759258
vt 0.98803884 0.99137312
vt 0.98745698 0.9781397
vt 0.98945212 0.98403555
vt 0.99237114 0.99533212
vt 0.98657691 0.98760337
vt 0.99366724 0.98154843
vt 0.1277965 0.98557812
vt 0.12485057 0.99590468
vt 0.11950197 0.98750305
vt 0.1233262 0.98250932
vt 0.037146706 0.99024916
vt 0.041588686 0.99701744
vt 0.032878753 0.99570638
vt 0.0078927018 0.991494
vt 0.0066105337 0.99283737
vt 0.0081359372 0.98122352
vt 0.0056690765 0.98289549
vt 0.0060597877 0.99655092
vt 0.13438398 0.98118997
vt 0.13746421 0.98067349
vt 0.13709624 0.99581319
vt 0.060508512 0.99031556
vt 0.056627095 0.9968757
vt 0.058219295 0.98238873
vt 0.016513258 0.99314749
vt 0.0126175 0.99645543
vt 0.010244162 0.9907583
vt 0.090479292 0.99590015
vt 0.087693579 0.98810452
vt 0.090384327 0.98332715
vt 0.062760733 0.99485153
vt 0.060747776 0.9911924
vt 0.06707143 0.9876762
vt 0.066340141 0.99688834
vt 0.093538992 0.99696052
vt 0.093933515 0.98525971
vt 0.095809013 0.99678373
vt 0.092043981 0.99208665
vt 0.11939523 0.99302936
vt 0.11701933 0.99584752
vt 0.11543521 0.98464823
vt 0.072052985 0.99610174
vt 0.06812378 0.99503148
vt 0.074149758 0.99246615
vt 0.096336603 0.99488854
vt 0.095643759 0.9890238
vt 0.10022077 0.99549037
vt 0.014604737 0.99085391
vt 0.0099838488 0.99518698
vt 0.012751245 0.98659879
vt 0.026066748 0.99591804
vt 0.021912696 0.99447739
vt 0.025869465 0.98977381
vt 0.10927729 0.99592549
vt 0.10728142 0.98911089
vt 0.11228869 0.99419343
vt 0.0026488323 0.99317789
vt 0.0018881977 0.99527931
vt 0.0022095304 0.99348116
vt 0.0041530635 0.99328876
vt 0.0015857273 0.99551749
vt 0.0020676628 0.99396878
vt 0.0019681314 0.99551725
usemtl Tile_+031_+021_L21_00001300_0
f 198/1797 138/1798 580/1799
f 413/1580 651/1581 656/1582
f 572/1886 565/1926 3072/1916
f 297/3626 296/3627 838/3628
f 431/2567 227/2568 248/2569
f 456/2517 454/2518 453/2519
f 740/1 721/2 769/3
f 631/1355 828/1365 621/1354
f 740/1 759/5 721/2
f 433/3361 203/3362 200/3363
f 349/4047 348/4048 333/4049
f 818/3397 407/3396 793/3393
f 703/1243 515/1231 518/1234
f 413/1580 645/1584 651/1581
f 23/3712 21/3713 174/3714
f 234/190 207/175 208/154
f 826/3969 778/3970 805/3971
f 818/2548 398/2544 407/2546
f 775/3905 817/3906 815/3907
f 775/3905 815/3907 791/3908
f 362/3402 449/3403 462/3405
f 451/3237 387/3238 401/3239
f 75/3745 76/3755 79/3756
f 452/3244 406/3249 448/3256
f 356/3398 362/3402 359/3399
f 425/3373 251/3365 426/3376
f 384/2540 392/2543 388/2538
f 603/3368 233/3375 427/3371
f 284/203 253/213 323/189
f 192/2378 193/2379 668/2380
f 227/2568 308/2572 248/2569
f 243/174 277/188 830/200
f 221/3379 212/3386 444/3383
f 379/2609 378/2603 390/2595
f 402/4441 446/4442 405/4443
f 329/4193 409/4194 3076/4195
f 426/3376 233/3375 444/3383
f 361/2533 385/2531 449/2527
f 793/3393 408/3390 438/3388
f 230/4075 283/4076 200/4077
f 384/2540 383/2541 391/2545
f 397/3264 446/3270 375/3254
f 448/3256 458/3261 461/3245
f 446/3270 397/3264 395/3269
f 128/3288 89/3289 129/3290
f 88/3407 5/3408 1/3409
f 60/3840 103/3841 178/3842
f 67/3870 68/3867 667/3874
f 409/4073 340/4072 339/4066
f 169/1588 350/1602 702/1596
f 459/2624 819/2622 456/2625
f 759/3921 741/3916 800/3912
f 413/1580 347/1587 155/1594
f 720/93 734/73 766/82
f 805/3971 788/3974 810/3979
f 218/145 204/162 205/177
f 282/3992 795/3993 760/3994
f 760/96 236/107 282/120
f 251/3365 433/3361 603/3368
f 837/1837 271/1824 199/1831
f 398/2544 818/2548 435/2549
f 410/3268 836/3273 395/3269
f 441/3276 395/3269 836/3273
f 328/1964 325/1984 268/1975
f 235/106 220/143 241/131
f 755/36 259/27 3079/48
f 257/86 814/85 325/98
f 252/2584 299/2605 835/2606
f 305/4084 834/4095 299/4092
f 570/1889 566/1885 604/1863
f 418/4086 317/4087 229/4078
f 207/175 429/202 284/203
f 398/2544 808/2542 357/2539
f 170/2438 349/2446 80/2447
f 832/1624 652/1605 695/1638
f 100/2407 97/2419 178/2421
f 433/3361 201/3364 338/3367
f 324/165 151/178 217/155
f 90/1592 116/1606 117/1600
f 126/3291 105/3295 112/3293
f 122/4061 331/4052 335/4059
f 665/2418 110/2410 666/2424
f 92/3303 131/3302 57/3314
f 34/3858 18/3863 71/3854
f 826/3969 827/3976 822/3973
f 298/222 830/200 312/211
f 594/1821 586/1808 602/1827
f 322/1817 199/1831 271/1824
f 445/2550 803/2553 833/2552
f 711/24 707/43 726/34
f 737/46 747/26 736/33
f 800/3912 815/3907 813/3915
f 784/3998 773/4009 825/4011
f 829/3930 758/3922 763/3929
f 812/3925 763/3929 758/3922
f 809/83 280/70 797/45
f 715/18 736/33 754/20
f 812/3925 758/3922 813/3915
f 784/3998 807/3999 795/3993
f 805/3971 806/3975 825/3972
f 807/4347 804/4348 761/4349
f 807/3999 761/3996 795/3993
f 833/2552 435/2549 445/2550
f 754/20 736/33 747/26
f 414/2575 432/2574 394/2588
f 212/2556 214/2557 803/2553
f 221/3379 234/3372 216/3384
f 796/153 231/140 752/119
f 298/222 286/199 830/200
f 829/21 816/14 758/9
f 757/3982 750/3988 804/3980
f 722/6 742/17 716/11
f 778/3970 822/3973 782/3977
f 619/1328 631/1355 621/1354
f 832/1624 661/1614 652/1605
f 346/1608 350/1602 169/1588
f 606/1849 540/1861 562/1874
f 519/1232 520/1238 610/1241
f 351/2439 698/2415 3081/2433
f 273/305 139/285 316/265
f 632/1345 619/1328 624/1329
f 831/1893 522/1867 536/1868
f 126/3291 120/3297 114/3298
f 704/1609 350/1602 3083/1620
f 622/1661 611/1634 617/1635
f 530/2010 610/2011 520/2012
f 579/1803 583/1811 576/1819
f 620/1344 828/1365 636/1364
f 828/1365 660/1366 682/1378
f 650/1622 633/1646 617/1635
f 677/1363 642/1351 643/1362
f 686/1404 692/1410 697/1396
f 628/1322 473/1303 618/1323
f 652/1605 648/1591 658/1613
f 472/1271 493/1275 498/1280
f 622/1661 617/1635 634/1663
f 617/1635 633/1646 634/1663
f 626/1707 673/1695 669/1716
f 680/1683 701/1672 627/1684
f 547/1279 607/1269 468/1274
f 487/1272 471/1282 483/1276
f 571/1899 559/1920 564/1917
f 3085/1298 476/1296 3086/1314
f 542/1822 577/1813 544/1828
f 545/1268 607/1269 547/1279
f 499/2019 500/2020 530/2010
f 581/1802 272/1807 584/1812
f 502/1253 609/1261 541/1254
f 593/1872 147/1900 148/1873
f 763/3929 812/3925 281/3928
f 595/1815 585/1810 598/1823
f 602/1827 597/1838 594/1821
f 639/1611 647/1590 702/1596
f 546/1264 562/1270 609/1261
f 608/1260 546/1264 502/1253
f 821/3927 783/3926 823/3931
f 462/3405 406/3406 369/3404
f 461/3245 364/3241 451/3237
f 460/3250 364/3241 461/3245
f 827/4019 826/4015 823/4018
f 358/3392 408/3390 357/3394
f 823/3983 783/3989 820/3981
f 820/3981 827/3976 823/3983
f 824/4014 826/4015 773/4009
f 825/4011 773/4009 826/4015
f 824/4014 772/4013 821/4017
f 777/3978 791/3986 810/3979
f 777/3978 774/3984 791/3986
f 778/3970 788/3974 805/3971
f 824/4014 823/4018 826/4015
f 820/3981 822/3973 827/3976
f 783/3926 821/3927 780/3918
f 821/3927 770/3923 780/3918
f 819/2622 460/2621 455/2623
f 782/3977 820/3981 781/3985
f 781/3985 774/3984 782/3977
f 459/2624 365/2620 819/2622
f 214/2557 222/2555 803/2553
f 278/1951 151/1921 327/1927
f 235/106 237/95 751/118
f 822/3973 778/3970 826/3969
f 786/3914 811/3913 771/3924
f 810/3979 791/3986 756/3987
f 791/3908 815/3907 800/3912
f 809/83 798/72 753/97
f 381/2537 808/2542 383/2541
f 804/4348 807/4347 806/4350
f 805/3971 804/3980 806/3975
f 803/2553 436/2551 435/2549
f 213/2559 792/2561 223/2558
f 833/2552 803/2553 435/2549
f 408/3390 358/3392 402/3387
f 801/4003 749/3997 789/4008
f 801/4003 789/4008 802/4012
f 752/119 231/140 751/118
f 799/57 797/45 747/26
f 387/3238 377/3246 374/3251
f 758/3922 800/3912 813/3915
f 796/3643 295/3630 231/3642
f 211/2563 215/2566 792/2561
f 212/2556 803/2553 445/2550
f 797/45 719/44 748/35
f 734/73 799/57 737/46
f 740/1 739/7 746/13
f 797/45 799/57 798/72
f 796/3643 762/3639 295/3630
f 739/7 738/12 715/18
f 227/2568 437/2571 434/2576
f 787/3995 784/3998 795/3993
f 743/16 794/10 745/22
f 818/3397 793/3393 445/3391
f 779/3909 811/3913 817/3906
f 779/3909 817/3906 775/3905
f 770/3923 811/3913 780/3918
f 295/3630 312/3633 277/3638
f 234/190 429/202 207/175
f 259/27 744/15 816/14
f 817/3906 786/3914 790/3910
f 768/55 735/67 714/42
f 767/92 713/69 712/68
f 721/2 744/15 794/10
f 763/28 816/14 829/21
f 763/28 259/27 816/14
f 785/4001 749/3997 801/4003
f 721/2 758/9 816/14
f 721/2 816/14 744/15
f 807/3999 784/3998 806/4005
f 790/3910 813/3915 815/3907
f 244/74 814/85 258/58
f 722/6 794/10 743/16
f 734/73 798/72 799/57
f 742/17 764/32 710/23
f 810/3979 756/3987 757/3982
f 812/3925 813/3915 789/3920
f 719/44 797/45 280/70
f 742/17 722/6 743/16
f 282/3992 749/3997 787/3995
f 792/2561 232/2564 223/2558
f 789/3920 281/3928 812/3925
f 789/4008 749/3997 281/4006
f 445/2550 435/2549 818/2548
f 800/3912 741/3916 791/3908
f 756/3987 791/3986 741/3991
f 789/3920 813/3915 790/3910
f 786/3914 817/3906 811/3913
f 788/3974 777/3978 810/3979
f 785/4001 784/3998 787/3995
f 806/4005 784/3998 825/4011
f 786/4007 771/4010 785/4001
f 784/3998 785/4001 776/4004
f 773/4009 784/3998 776/4004
f 820/3981 783/3989 781/3985
f 774/3984 777/3978 782/3977
f 779/3909 774/3911 781/3917
f 781/3917 780/3918 779/3909
f 777/3978 788/3974 778/3970
f 780/3918 781/3917 783/3926
f 772/4013 776/4004 771/4010
f 826/3969 805/3971 825/3972
f 779/3909 775/3905 774/3911
f 772/4013 773/4009 776/4004
f 772/4013 824/4014 773/4009
f 820/3981 782/3977 822/3973
f 780/3918 811/3913 779/3909
f 821/4017 823/4018 824/4014
f 772/4013 770/4016 821/4017
f 770/4016 772/4013 771/4010
f 771/3924 811/3913 770/3923
f 709/39 765/40 764/32
f 746/13 750/25 757/19
f 761/71 750/25 718/56
f 752/119 753/97 720/93
f 259/27 763/28 255/47
f 804/4348 750/4351 761/4349
f 753/97 734/73 720/93
f 753/97 798/72 734/73
f 752/119 720/93 762/116
f 746/13 748/35 750/25
f 795/3993 761/3996 760/3994
f 760/96 761/71 238/84
f 721/2 759/5 758/9
f 759/3921 800/3912 758/3922
f 740/3990 757/3982 756/3987
f 3092/30 755/36 3093/49
f 715/18 754/20 739/7
f 754/20 746/13 739/7
f 3079/48 256/61 3094/76
f 725/94 753/97 752/119
f 751/118 725/94 752/119
f 743/16 745/22 3092/30
f 719/44 750/25 748/35
f 796/3643 752/3646 762/3639
f 254/4002 281/4006 749/3997
f 238/84 236/107 760/96
f 145/1842 168/1850 161/1864
f 747/26 797/45 748/35
f 746/13 754/20 747/26
f 747/26 748/35 746/13
f 755/36 745/22 259/27
f 745/22 744/15 259/27
f 747/26 737/46 799/57
f 742/17 743/16 3096/29
f 746/13 757/19 740/1
f 740/1 741/8 759/5
f 739/7 740/1 717/4
f 738/12 739/7 717/4
f 740/3990 756/3987 741/3991
f 735/67 737/46 714/42
f 736/33 714/42 737/46
f 737/46 735/67 734/73
f 723/105 762/116 767/92
f 707/43 768/55 726/34
f 722/6 717/4 769/3
f 711/24 738/12 716/11
f 768/55 714/42 726/34
f 764/32 765/40 710/23
f 764/32 742/17 3097/37
f 809/83 797/45 798/72
f 713/69 766/82 768/55
f 751/118 232/142 215/130
f 720/93 767/92 762/116
f 3091/64 764/32 3100/78
f 745/22 794/10 744/15
f 734/73 735/67 766/82
f 245/4000 254/4002 749/3997
f 712/68 724/117 723/105
f 716/11 710/23 706/31
f 724/117 296/129 723/105
f 733/128 732/104 3259/138
f 732/104 730/91 3261/114
f 712/68 708/54 729/81
f 729/81 732/104 731/115
f 729/81 708/54 730/91
f 730/91 732/104 729/81
f 738/12 711/24 715/18
f 728/90 712/68 729/81
f 723/3634 295/3630 762/3639
f 727/3629 303/3632 297/3626
f 249/249 287/264 250/284
f 250/284 287/264 289/304
f 711/24 726/34 715/18
f 237/95 725/94 751/118
f 568/1859 572/1886 3073/1898
f 767/92 712/68 723/105
f 794/10 722/6 721/2
f 566/1885 570/1889 569/1897
f 713/69 767/92 720/93
f 766/82 713/69 720/93
f 718/56 750/25 719/44
f 328/1964 326/1928 3102/1952
f 716/11 738/12 717/4
f 736/33 715/18 714/42
f 715/18 726/34 714/42
f 766/82 735/67 768/55
f 713/69 707/43 712/68
f 768/55 707/43 713/69
f 3263/89 708/54 3265/80
f 3345/77 3104/63 3346/88
f 706/31 711/24 716/11
f 708/54 711/24 3255/53
f 709/39 706/31 710/23
f 708/54 707/43 711/24
f 3256/41 706/31 3266/52
f 710/23 765/40 709/39
f 613/1384 635/1373 687/1391
f 615/1372 629/1353 635/1373
f 679/1644 675/1633 696/1632
f 697/1396 613/1384 687/1391
f 94/3299 93/3304 115/3296
f 622/1661 634/1663 615/1685
f 2/3410 3/3413 705/3418
f 3105/2429 343/2417 3106/2435
f 699/2402 196/2396 342/2411
f 194/2383 353/2388 668/2380
f 196/2396 195/2401 3351/2409
f 97/2419 101/2403 665/2418
f 177/3847 43/3856 50/3851
f 265/4212 352/4207 264/4210
f 110/2410 699/2402 698/2415
f 130/3429 662/3428 95/3430
f 666/2424 110/2410 698/2415
f 333/4049 348/4048 3107/4051
f 698/2415 170/2438 667/2432
f 352/4207 337/4204 263/4202
f 334/4050 333/4049 331/4052
f 122/2463 335/2471 159/2468
f 671/1708 670/1706 672/1670
f 685/1397 687/1391 635/1373
f 341/4062 339/4066 332/4056
f 74/4404 64/4405 76/4406
f 264/4210 352/4207 263/4202
f 110/2410 353/2388 699/2402
f 197/2384 95/2399 185/2400
f 108/3721 25/3717 173/3715
f 591/1829 598/1823 275/1839
f 702/1596 645/1584 169/1588
f 702/1596 350/1602 704/1609
f 704/1609 678/1629 640/1619
f 332/4056 336/4063 335/4059
f 704/1609 640/1619 702/1596
f 678/1629 704/1609 3084/1630
f 703/2026 518/2021 514/2013
f 515/4494 703/4495 514/4496
f 647/1590 657/1604 649/1598
f 702/1596 647/1590 644/1589
f 645/1584 413/1580 169/1588
f 679/1644 638/1657 701/1672
f 668/2380 700/2385 99/2381
f 656/1582 659/1599 90/1592
f 21/3713 123/3723 175/3730
f 27/3719 123/3723 21/3713
f 101/2403 111/2392 353/2388
f 666/2424 667/2432 600/2436
f 116/3747 109/3733 117/3746
f 656/1582 96/1586 106/1583
f 118/3737 109/3733 108/3721
f 108/3721 96/3732 118/3737
f 192/2378 668/2380 99/2381
f 656/1582 648/1591 659/1599
f 70/3860 78/3855 665/3864
f 197/2384 192/2378 99/2381
f 70/3860 665/3864 69/3861
f 665/3864 600/3869 69/3861
f 416/3316 124/3301 664/3318
f 106/1583 172/1595 347/1587
f 106/1583 107/1601 172/1595
f 127/3317 182/3310 180/3320
f 318/3306 663/3312 124/3301
f 42/3422 41/3411 662/3428
f 655/1616 89/1607 659/1599
f 661/1614 655/1616 659/1599
f 128/1615 116/1606 90/1592
f 631/1355 660/1366 828/1365
f 661/1614 659/1599 652/1605
f 657/1604 658/1613 648/1591
f 648/1591 656/1582 646/1585
f 655/1616 184/1625 89/1607
f 652/1605 659/1599 648/1591
f 652/1605 654/1623 653/1637
f 644/1589 647/1590 651/1581
f 646/1585 656/1582 651/1581
f 647/1590 650/1622 616/1612
f 646/1585 649/1598 648/1591
f 648/1591 649/1598 657/1604
f 646/1585 651/1581 647/1590
f 651/1581 645/1584 644/1589
f 645/1584 702/1596 644/1589
f 646/1585 647/1590 649/1598
f 505/2015 530/2010 514/2013
f 641/1340 643/1362 642/1351
f 702/1596 640/1619 639/1611
f 638/1657 627/1684 701/1672
f 630/1350 629/1353 615/1372
f 636/1364 629/1353 620/1344
f 638/1657 637/1682 627/1684
f 636/1364 635/1373 629/1353
f 511/1300 508/1301 533/1319
f 630/1350 634/1370 633/1361
f 632/1345 631/1355 619/1328
f 630/1350 618/1323 629/1353
f 624/1329 511/1300 533/1319
f 626/1333 628/1322 627/1341
f 533/1319 625/1336 624/1329
f 619/1328 511/1300 624/1329
f 620/1344 629/1353 618/1323
f 619/1328 623/1318 511/1300
f 482/1308 623/1318 618/1323
f 611/1634 622/1661 614/1674
f 619/1328 621/1354 620/1344
f 618/1323 623/1318 619/1328
f 618/1323 619/1328 620/1344
f 828/1365 620/1344 621/1354
f 650/1622 617/1635 616/1612
f 615/1685 614/1674 622/1661
f 613/1675 612/1662 611/1634
f 688/1665 697/1686 692/1697
f 611/1634 616/1612 617/1635
f 643/1362 641/1340 681/1371
f 612/1662 694/1636 611/1634
f 616/1612 611/1634 658/1613
f 658/1613 657/1604 616/1612
f 640/1619 696/1632 639/1611
f 693/1648 695/1638 652/1605
f 652/1605 653/1637 693/1648
f 689/1647 653/1637 654/1623
f 688/1665 690/1664 653/1637
f 694/1636 689/1647 654/1623
f 693/1648 653/1637 690/1664
f 688/1665 692/1697 691/1687
f 688/1665 691/1687 690/1664
f 653/1637 689/1647 688/1665
f 697/1396 687/1391 686/1404
f 685/1397 635/1373 684/1386
f 683/1385 684/1386 635/1373
f 636/1364 682/1378 635/1373
f 634/1370 630/1350 615/1372
f 635/1373 613/1384 615/1372
f 681/1371 641/1340 633/1361
f 615/1685 613/1675 611/1634
f 611/1634 614/1674 615/1685
f 681/1659 633/1646 650/1622
f 641/1340 618/1323 630/1350
f 650/1622 675/1633 643/1645
f 643/1645 681/1659 650/1622
f 618/1323 641/1340 628/1322
f 630/1350 633/1361 641/1340
f 638/1657 679/1644 640/1619
f 673/1695 626/1707 637/1682
f 680/1352 628/1322 677/1363
f 637/1682 626/1707 627/1684
f 637/1682 638/1657 672/1670
f 679/1644 701/1672 680/1683
f 679/1644 680/1683 676/1660
f 674/1643 678/1629 3109/1658
f 628/1322 642/1351 677/1363
f 628/1322 680/1352 627/1341
f 677/1673 676/1660 680/1683
f 643/1645 676/1660 677/1673
f 675/1633 650/1622 639/1611
f 639/1611 696/1632 675/1633
f 679/1644 676/1660 675/1633
f 643/1645 675/1633 676/1660
f 638/1657 674/1643 672/1670
f 672/1670 674/1643 3112/1671
f 670/1706 673/1695 672/1670
f 670/1706 671/1708 3115/1725
f 669/1716 673/1695 670/1706
f 671/1708 672/1670 3113/1696
f 670/1359 479/1331 669/1348
f 626/1333 475/1311 628/1322
f 626/1333 669/1348 479/1331
f 481/1289 511/1300 482/1308
f 473/1303 628/1322 475/1311
f 479/1331 475/1311 626/1333
f 477/1295 480/1302 3121/1313
f 610/2011 531/2014 528/2016
f 610/2011 530/2010 531/2014
f 270/1820 584/1812 272/1807
f 572/1886 564/1917 565/1926
f 468/1274 484/1290 548/1286
f 556/1317 553/1292 3127/1307
f 597/1838 599/1858 567/1871
f 589/1804 595/1815 171/1814
f 457/3267 454/3272 456/3271
f 266/1991 328/1964 3131/1985
f 345/1887 327/1927 150/1918
f 240/122 239/146 278/144
f 572/1886 567/1871 571/1899
f 552/1875 558/1903 570/1889
f 569/1897 571/1899 567/1871
f 569/1897 570/1889 559/1920
f 550/1285 545/1268 547/1279
f 519/1232 610/1241 528/1245
f 557/1304 549/1291 561/1316
f 568/1859 567/1871 572/1886
f 566/1885 569/1897 567/1871
f 560/1326 559/1315 561/1316
f 564/1917 572/1886 571/1899
f 3130/1949 560/1938 3135/1963
f 564/1917 560/1938 565/1926
f 494/2017 500/2020 492/2025
f 560/1326 556/1317 3136/1334
f 545/1268 563/1278 562/1270
f 554/1305 561/1316 549/1291
f 560/1938 564/1917 559/1920
f 560/1326 561/1316 554/1305
f 558/1903 551/1902 559/1920
f 551/1297 549/1291 557/1304
f 556/1317 560/1326 554/1305
f 553/1292 549/1291 547/1279
f 535/1844 539/1856 555/1834
f 556/1317 554/1305 553/1292
f 549/1291 553/1292 554/1305
f 551/1902 558/1903 552/1875
f 549/1291 551/1297 550/1285
f 550/1285 547/1279 549/1291
f 465/1263 467/1273 468/1274
f 468/1274 548/1286 547/1279
f 541/1254 504/1250 502/1253
f 546/1264 545/1268 562/1270
f 539/1856 532/1882 541/1883
f 489/1262 497/1258 495/1252
f 544/1828 543/1840 542/1822
f 541/1883 540/1861 539/1856
f 535/1844 538/1857 536/1868
f 546/1264 609/1261 502/1253
f 538/1857 537/1881 536/1868
f 539/1856 535/1844 522/1867
f 535/1844 536/1868 522/1867
f 532/1247 527/1244 504/1250
f 541/1254 532/1247 504/1250
f 491/1240 528/1245 529/1248
f 502/1253 485/1257 608/1260
f 540/1265 609/1261 562/1270
f 546/1264 608/1260 545/1268
f 543/1840 606/1849 563/1862
f 607/1269 608/1260 465/1263
f 555/1834 606/1849 544/1828
f 545/1268 608/1260 607/1269
f 563/1862 552/1875 543/1840
f 555/1834 539/1856 540/1861
f 606/1849 555/1834 540/1861
f 552/1875 604/1863 543/1840
f 250/284 291/324 307/318
f 570/1889 604/1863 552/1875
f 592/1833 582/1818 605/1836
f 604/1863 601/1841 543/1840
f 543/1840 601/1841 542/1822
f 602/1827 586/1808 542/1822
f 577/1813 586/1808 579/1803
f 593/1872 148/1873 590/1848
f 234/3372 603/3368 433/3361
f 601/1841 602/1827 542/1822
f 597/1838 602/1827 601/1841
f 68/3867 600/3869 667/3874
f 567/1871 568/1859 597/1838
f 599/1858 566/1885 567/1871
f 555/1834 576/1819 575/1826
f 593/1872 596/1847 568/1859
f 585/1810 594/1821 598/1823
f 568/1859 596/1847 597/1838
f 593/1872 590/1848 596/1847
f 274/251 166/250 164/212
f 345/1887 568/1859 3134/1901
f 151/1921 150/1918 327/1927
f 326/1928 345/1887 3141/1919
f 154/2474 79/2470 81/2469
f 171/1814 595/1815 591/1829
f 324/1904 152/1877 149/1876
f 594/1821 590/1848 275/1839
f 152/192 324/165 205/177
f 593/1872 568/1859 345/1887
f 588/1825 582/1818 592/1833
f 583/1811 582/1818 588/1825
f 591/1829 168/1850 145/1842
f 585/1810 595/1815 589/1804
f 198/1797 589/1804 165/1809
f 148/1873 276/1860 590/1848
f 574/1835 575/1826 583/1811
f 198/1797 578/1800 589/1804
f 581/1802 138/1798 272/1807
f 136/267 135/306 322/325
f 587/1832 583/1811 588/1825
f 578/1800 586/1808 585/1810
f 580/1799 138/1798 581/1802
f 578/1800 198/1797 580/1799
f 581/1802 584/1812 582/1818
f 581/1802 582/1818 583/1811
f 270/1820 582/1818 584/1812
f 583/1811 579/1803 581/1802
f 579/1803 580/1799 581/1802
f 579/1803 578/1800 580/1799
f 586/1808 594/1821 585/1810
f 576/1819 544/1828 577/1813
f 576/1819 577/1813 579/1803
f 555/1834 544/1828 576/1819
f 575/1826 574/1835 535/1844
f 538/1857 535/1844 574/1835
f 513/2018 518/2021 573/2027
f 519/1232 528/1245 491/1240
f 522/1867 526/1892 532/1882
f 526/1239 521/1237 524/1229
f 532/1882 539/1856 522/1867
f 531/2014 494/2017 528/2016
f 531/2014 530/2010 494/2017
f 487/1272 497/1258 472/1271
f 490/1251 529/1248 528/1245
f 494/2017 490/2024 528/2016
f 491/1240 503/1246 525/1236
f 524/1229 525/1236 526/1239
f 525/1236 527/1244 526/1239
f 527/1244 532/1247 526/1239
f 523/1226 519/1232 525/1236
f 525/1236 524/1229 523/1226
f 522/1867 521/1911 526/1892
f 274/251 137/236 316/265
f 514/1242 520/1238 515/1231
f 519/1232 515/1231 520/1238
f 530/2010 520/2012 514/2013
f 491/1240 525/1236 519/1232
f 518/1234 516/1235 517/1225
f 515/1231 517/1225 516/1235
f 515/1231 516/1235 518/1234
f 514/2013 518/2021 513/2018
f 463/1267 486/1259 497/1258
f 513/2018 505/2015 514/2013
f 499/2019 530/2010 505/2015
f 470/1288 464/1283 483/1276
f 509/1330 507/1309 512/1338
f 506/1293 507/1309 508/1301
f 482/1308 511/1300 623/1318
f 494/2017 530/2010 500/2020
f 481/1289 498/1280 511/1300
f 508/1301 511/1300 498/1280
f 510/1320 508/1301 507/1309
f 509/1330 510/1320 507/1309
f 509/1330 508/1301 510/1320
f 491/1240 501/1249 503/1246
f 505/2015 507/2030 506/2023
f 472/1271 497/1258 492/1266
f 495/1252 496/1256 501/1249
f 501/1249 491/1240 495/1252
f 501/1249 496/1256 486/1259
f 504/1250 503/1246 502/1253
f 502/1253 503/1246 501/1249
f 485/1257 501/1249 486/1259
f 493/1275 500/1281 499/1287
f 499/1287 498/1280 493/1275
f 497/1258 496/1256 495/1252
f 491/1240 488/1255 495/1252
f 497/1258 489/1262 492/1266
f 489/2031 494/2017 492/2025
f 493/1275 492/1266 500/1281
f 488/1255 491/1240 490/1251
f 529/1248 490/1251 491/1240
f 490/2024 494/2017 489/2031
f 488/2033 490/2024 489/2031
f 488/2033 489/2031 495/2037
f 463/1267 487/1272 483/1276
f 485/1257 486/1259 465/1263
f 470/1288 474/1294 480/1302
f 476/1296 484/1290 466/1284
f 470/1288 480/1302 477/1295
f 483/1276 474/1294 470/1288
f 481/1289 474/1294 483/1276
f 483/1276 471/1282 481/1289
f 481/1289 482/1308 473/1303
f 478/1310 480/1302 474/1294
f 475/1311 479/1331 478/1310
f 479/1331 670/1359 3116/1369
f 3124/1321 478/1310 3143/1332
f 476/1296 466/1284 477/1295
f 473/1303 475/1311 474/1294
f 478/1310 474/1294 475/1311
f 472/1271 471/1282 487/1272
f 474/1294 481/1289 473/1303
f 469/1277 470/1288 466/1284
f 467/1273 463/1267 469/1277
f 466/1284 470/1288 477/1295
f 466/1284 468/1274 467/1273
f 486/1259 463/1267 465/1263
f 467/1273 465/1263 463/1267
f 467/1273 469/1277 466/1284
f 483/1276 464/1283 463/1267
f 470/1288 469/1277 464/1283
f 463/1267 464/1283 469/1277
f 472/1271 498/1280 471/1282
f 486/1259 496/1256 497/1258
f 485/1257 502/1253 501/1249
f 508/1301 509/1330 533/1319
f 533/1319 509/1330 534/1337
f 455/3257 461/3245 458/3261
f 457/3267 447/3266 454/3272
f 459/2520 453/2519 450/2522
f 462/2523 450/2522 453/2519
f 385/2531 368/2529 449/2527
f 406/4416 462/4417 448/4418
f 363/2528 367/2530 370/2532
f 382/2534 370/2532 367/2530
f 387/3238 374/3251 412/3252
f 461/3245 452/3244 448/3256
f 819/2622 365/2620 460/2621
f 459/2520 450/2522 366/2525
f 457/3267 458/3261 447/3266
f 323/189 144/201 204/162
f 456/2517 453/2519 459/2520
f 451/3237 364/3241 387/3238
f 366/2525 450/2522 449/2527
f 449/2527 450/2522 462/2523
f 460/3250 461/3245 455/3257
f 448/3256 447/3266 458/3261
f 128/3288 112/3293 115/3296
f 455/3257 457/3267 456/3271
f 453/2519 454/2518 448/2521
f 447/2524 448/2521 454/2518
f 462/2523 453/2519 448/2521
f 456/2625 819/2622 455/2623
f 458/3261 457/3267 455/3257
f 411/3258 386/3247 412/3252
f 451/3237 354/3240 452/3244
f 89/3289 184/3292 129/3290
f 19/3749 72/3743 26/3729
f 387/3238 400/3242 401/3239
f 386/3247 396/3259 417/3253
f 386/3247 411/3258 396/3259
f 182/3310 416/3316 415/3319
f 414/2575 390/2595 378/2603
f 388/2604 414/2575 378/2603
f 413/1580 156/1597 169/1588
f 412/3252 379/3262 389/3263
f 389/3263 411/3258 412/3252
f 411/3258 410/3268 396/3259
f 405/3385 440/3389 419/3382
f 417/3253 397/3264 375/3254
f 420/3381 425/3373 426/3376
f 440/3274 446/3270 395/3269
f 402/3265 375/3254 446/3270
f 360/3260 375/3254 402/3265
f 417/3253 400/3242 386/3247
f 414/2575 388/2604 392/2596
f 286/199 243/174 830/200
f 793/3393 438/3388 445/3391
f 438/3388 420/3381 444/3383
f 423/3282 442/3278 443/3284
f 423/3282 441/3276 442/3278
f 423/3282 419/3279 441/3276
f 414/2575 399/2589 434/2576
f 441/3276 440/3274 395/3269
f 414/2575 392/2596 399/2589
f 439/2587 394/2588 432/2574
f 383/2541 808/2542 398/2544
f 212/3386 445/3391 438/3388
f 444/3383 212/3386 438/3388
f 437/2571 227/2568 431/2567
f 414/2575 437/2571 431/2567
f 434/2576 437/2571 414/2575
f 436/2551 434/2554 399/2547
f 803/2553 222/2555 436/2551
f 436/2551 399/2547 435/2549
f 241/131 269/123 236/107
f 223/2590 228/2577 434/2576
f 222/2555 434/2554 436/2551
f 209/141 220/143 235/106
f 243/174 228/187 223/161
f 234/3372 433/3361 429/3370
f 226/2570 432/2574 431/2567
f 414/2575 431/2567 432/2574
f 248/2569 226/2570 431/2567
f 224/2580 430/2586 226/2570
f 429/202 338/224 284/203
f 792/2561 213/2559 211/2563
f 305/4084 313/4082 428/4091
f 426/3376 251/3365 427/3371
f 234/190 208/154 216/176
f 202/3366 251/3365 425/3373
f 422/3377 425/3373 403/3380
f 404/3378 422/3377 403/3380
f 420/3381 403/3380 425/3373
f 202/3366 418/3374 424/3369
f 294/2582 247/2578 308/2572
f 418/3285 423/3282 317/3287
f 433/3361 338/3367 429/3370
f 27/3719 20/3716 28/3722
f 425/3373 422/3377 202/3366
f 248/2569 314/2579 225/2573
f 317/4087 421/4094 321/4090
f 93/4216 55/4217 45/4218
f 9/3720 173/3715 21/3713
f 107/3724 9/3720 21/3713
f 132/2390 95/2399 197/2384
f 420/3381 438/3388 408/3390
f 419/3279 423/3282 418/3285
f 377/3246 387/3238 364/3241
f 404/3378 419/3382 418/3374
f 202/3366 422/3377 404/3378
f 418/3374 202/3366 404/3378
f 403/3380 405/3385 404/3378
f 354/3240 451/3237 401/3239
f 69/3861 35/3865 37/3857
f 409/4073 339/4066 3144/4071
f 407/2546 398/2544 357/2539
f 408/3390 407/3396 357/3394
f 334/2453 77/2456 66/2450
f 48/4222 83/4224 49/4226
f 253/213 164/212 323/189
f 417/3253 375/3254 400/3242
f 406/3249 452/3244 354/3240
f 354/3240 369/3255 406/3249
f 419/3382 404/3378 405/3385
f 405/3385 403/3380 402/3387
f 402/3387 358/3392 360/3395
f 793/3393 407/3396 408/3390
f 401/3239 376/3243 354/3240
f 401/3239 400/3242 376/3243
f 398/2544 399/2547 391/2545
f 357/2539 808/2542 381/2537
f 397/3264 396/3259 395/3269
f 390/2595 394/2588 393/2602
f 414/2575 394/2588 390/2595
f 391/2545 399/2547 392/2543
f 419/3279 440/3274 441/3276
f 371/2616 374/2614 377/2617
f 379/2609 390/2595 389/2608
f 410/3268 395/3269 396/3259
f 385/2531 382/2534 367/2530
f 379/3262 412/3252 374/3251
f 397/3264 417/3253 396/3259
f 382/2534 388/2538 373/2536
f 386/3247 400/3242 387/3238
f 440/4444 405/4443 446/4442
f 461/3245 451/3237 452/3244
f 412/3252 386/3247 387/3238
f 391/2545 392/2543 384/2540
f 382/2534 385/2531 380/2535
f 380/2535 381/2537 382/2534
f 382/2534 384/2540 388/2538
f 381/2537 383/2541 382/2534
f 383/2541 384/2540 382/2534
f 462/3405 369/3404 362/3402
f 357/2539 381/2537 361/2533
f 373/2612 388/2604 378/2603
f 380/2535 385/2531 361/2533
f 379/2609 372/2613 378/2603
f 372/2613 373/2612 378/2603
f 371/2616 377/2617 363/2618
f 375/3254 355/3248 376/3243
f 360/3260 355/3248 375/3254
f 376/3243 400/3242 375/3254
f 372/2613 379/2609 374/2614
f 372/2613 370/2615 373/2612
f 374/2614 371/2616 372/2613
f 371/2616 370/2615 372/2613
f 362/3402 369/3404 355/3401
f 370/2615 371/2616 363/2618
f 367/2530 366/2525 368/2529
f 365/2526 366/2525 363/2528
f 367/2530 363/2528 366/2525
f 373/2536 370/2532 382/2534
f 365/2620 364/2619 460/2621
f 363/2618 377/2617 364/2619
f 380/2535 361/2533 381/2537
f 449/2527 368/2529 366/2525
f 449/3403 362/3402 361/3400
f 355/3401 359/3399 362/3402
f 361/3400 362/3402 356/3398
f 355/3401 360/3395 359/3399
f 356/3398 359/3399 358/3392
f 357/3394 356/3398 358/3392
f 358/3392 359/3399 360/3395
f 376/3243 355/3248 354/3240
f 355/3248 369/3255 354/3240
f 353/2388 196/2396 699/2402
f 159/2468 344/2465 122/2463
f 81/2469 344/2465 159/2468
f 196/2396 353/2388 194/2383
f 343/2417 342/2411 196/2396
f 666/2424 698/2415 667/2432
f 3075/2416 342/2411 3152/2426
f 29/3876 73/3875 32/3872
f 64/3877 73/3875 29/3876
f 698/2415 351/2439 170/2438
f 698/2415 699/2402 3078/2425
f 244/74 268/108 325/98
f 333/4049 334/4050 349/4047
f 352/4207 160/4209 337/4204
f 351/2439 349/2446 170/2438
f 65/2459 344/2465 82/2466
f 3153/1618 346/1608 3154/1627
f 348/2455 349/2446 3155/2452
f 155/3751 347/3744 175/3730
f 157/2476 159/2468 279/2475
f 260/1626 346/1608 158/1617
f 593/1872 345/1887 147/1900
f 3154/1627 260/1626 3158/1655
f 257/86 258/58 814/85
f 278/144 239/146 217/155
f 328/1964 267/1950 326/1928
f 267/1950 327/1927 326/1928
f 327/1927 345/1887 326/1928
f 328/1964 268/1975 267/1950
f 814/85 244/74 325/98
f 325/98 266/121 257/86
f 330/4057 341/4062 332/4056
f 329/4070 340/4072 409/4073
f 332/4056 339/4066 336/4063
f 329/4070 336/4063 339/4066
f 329/4193 263/4202 337/4204
f 283/4076 338/4085 201/4080
f 263/4202 329/4193 3159/4200
f 336/4206 337/4204 160/4209
f 335/4059 336/4063 160/4067
f 329/4193 337/4204 336/4206
f 265/2477 279/2475 160/2472
f 352/4207 265/4212 160/4209
f 66/2450 80/2447 334/2453
f 334/4050 331/4052 77/4055
f 121/4058 77/4055 331/4052
f 122/4061 121/4058 331/4052
f 3145/4069 341/4062 3147/4068
f 333/4049 330/4057 332/4056
f 332/4056 331/4052 333/4049
f 330/4057 333/4049 3108/4053
f 3146/4065 330/4057 3162/4064
f 339/4066 340/4072 329/4070
f 3164/110 266/121 3165/134
f 242/109 269/123 241/131
f 261/1642 260/1626 158/1617
f 267/132 268/108 240/122
f 258/58 255/47 244/74
f 265/4212 264/4210 261/4213
f 158/1617 265/1653 261/1642
f 261/4213 264/4210 262/4208
f 3088/4205 263/4202 3160/4203
f 264/4210 263/4202 262/4208
f 3170/4214 262/4208 3171/4215
f 256/61 259/27 258/58
f 257/86 256/61 258/58
f 258/58 259/27 255/47
f 217/155 151/178 278/144
f 244/74 240/122 268/108
f 244/74 255/47 254/75
f 254/75 245/99 244/74
f 253/213 141/225 137/236
f 141/225 162/253 137/236
f 252/2584 248/2569 246/2583
f 251/3365 203/3362 433/3361
f 249/2591 250/2597 246/2583
f 246/2583 248/2569 247/2578
f 792/2561 215/2566 232/2564
f 245/99 242/109 244/74
f 240/122 244/74 242/109
f 223/161 231/140 243/174
f 218/145 242/109 241/131
f 240/122 219/133 239/146
f 235/106 238/84 237/95
f 235/106 241/131 236/107
f 233/3375 234/3372 221/3379
f 231/140 223/161 232/142
f 213/2559 222/2555 214/2557
f 229/4078 230/4075 200/4077
f 218/145 241/131 220/143
f 227/2568 434/2576 228/2577
f 226/2570 225/2573 224/2580
f 248/2569 225/2573 226/2570
f 223/2558 222/2555 213/2559
f 434/2554 222/2555 223/2558
f 210/2560 221/2562 216/2565
f 204/162 218/145 220/143
f 217/155 219/133 218/145
f 216/176 208/154 211/164
f 209/141 215/130 208/154
f 214/2557 210/2560 213/2559
f 210/2560 214/2557 212/2556
f 211/164 208/154 215/130
f 239/146 219/133 217/155
f 211/2563 210/2560 216/2565
f 213/2559 210/2560 211/2563
f 204/162 209/141 206/163
f 209/141 208/154 206/163
f 207/175 206/163 208/154
f 603/3368 234/3372 233/3375
f 169/1588 153/1610 157/1621
f 142/191 205/177 204/162
f 203/3362 251/3365 202/3366
f 202/3366 200/3363 203/3362
f 283/4076 201/4080 200/4077
f 200/3363 201/3364 433/3361
f 199/344 322/325 135/306
f 198/1797 166/1805 139/1801
f 104/3736 75/3745 175/3730
f 155/3751 175/3730 75/3745
f 218/145 324/165 217/155
f 205/177 324/165 218/145
f 220/143 209/141 204/162
f 323/189 207/175 284/203
f 144/201 163/223 143/214
f 323/189 206/163 207/175
f 323/189 204/162 206/163
f 150/1918 147/1900 345/1887
f 144/201 323/189 164/212
f 167/235 164/212 166/250
f 274/251 164/212 137/236
f 164/212 253/213 137/236
f 273/1806 322/1817 272/1807
f 313/4082 321/4090 320/4093
f 318/3306 125/3294 319/3311
f 229/4078 317/4087 313/4082
f 159/2468 157/2476 153/2473
f 316/265 136/267 273/305
f 314/2579 252/2584 315/2585
f 230/4075 313/4082 305/4084
f 312/3633 295/3630 297/3626
f 311/297 134/287 301/326
f 285/4083 283/4076 304/4079
f 302/303 288/234 310/282
f 302/303 290/283 288/234
f 309/248 303/262 288/234
f 310/282 288/234 303/262
f 288/234 298/222 309/248
f 309/3641 298/3637 303/3632
f 314/2579 248/2569 252/2584
f 283/4076 230/4075 304/4079
f 294/2582 308/2572 228/2577
f 312/211 830/200 277/188
f 294/4506 286/4507 293/4508
f 228/187 243/174 286/199
f 294/210 228/187 286/199
f 298/222 288/234 286/199
f 285/237 304/266 140/252
f 134/287 140/252 300/286
f 307/4425 301/4426 299/4427
f 299/2605 252/2584 306/2598
f 304/4079 305/4084 300/4089
f 310/282 303/262 302/303
f 134/287 300/286 301/326
f 299/4427 301/4426 300/4428
f 300/4089 305/4084 299/4092
f 298/3637 297/3626 303/3632
f 250/284 289/304 291/324
f 295/3630 723/3634 296/3627
f 297/3626 295/3630 296/3627
f 298/3637 312/3633 297/3626
f 249/2591 294/2582 293/2599
f 291/324 289/304 292/299
f 287/264 290/283 289/304
f 232/142 751/118 231/140
f 287/264 249/249 288/234
f 286/199 288/234 249/249
f 249/2591 247/2578 294/2582
f 284/203 285/237 141/225
f 235/106 215/130 209/141
f 283/4076 285/4083 284/4088
f 284/4088 338/4085 283/4076
f 240/122 242/109 219/133
f 242/109 218/145 219/133
f 235/106 236/107 238/84
f 245/99 282/120 269/123
f 236/107 269/123 282/120
f 281/59 254/75 255/47
f 235/106 751/118 215/130
f 280/70 237/95 238/84
f 158/1617 279/1641 265/1653
f 278/144 267/132 240/122
f 327/1927 267/1950 278/1951
f 293/263 286/199 249/249
f 243/174 231/140 277/188
f 295/3630 277/3638 231/3642
f 275/1839 276/1860 168/1850
f 145/1842 163/1830 171/1814
f 152/192 205/177 142/191
f 135/306 136/267 134/287
f 139/285 274/251 316/265
f 134/287 136/267 162/253
f 272/1807 138/1798 273/1806
f 272/1807 271/1824 270/1820
f 271/1824 272/1807 322/1817
f 276/1860 275/1839 590/1848
f 156/1597 154/1603 169/1588
f 79/3756 154/3758 156/3757
f 53/3849 98/3850 78/3855
f 167/1816 165/1809 171/1814
f 171/1814 591/1829 145/1842
f 113/3734 13/3727 25/3717
f 153/2473 81/2469 159/2468
f 28/3722 20/3716 24/3718
f 170/2438 67/2442 667/2432
f 169/1588 158/1617 346/1608
f 276/1860 148/1873 168/1850
f 141/225 253/213 284/203
f 148/1873 161/1864 168/1850
f 149/1876 151/1921 324/1904
f 167/1816 171/1814 163/1830
f 166/1805 165/1809 167/1816
f 589/1804 171/1814 165/1809
f 144/201 164/212 163/223
f 143/1851 163/1830 145/1842
f 162/253 140/252 134/287
f 591/1829 275/1839 168/1850
f 148/1873 149/1876 161/1864
f 335/2471 160/2472 159/2468
f 157/1621 279/1641 158/1617
f 157/1621 158/1617 169/1588
f 155/3751 79/3756 156/3757
f 169/1588 154/1603 153/1610
f 154/2474 81/2469 153/2473
f 159/2468 160/2472 279/2475
f 149/1876 152/1877 145/1842
f 145/1842 161/1864 149/1876
f 151/1921 146/1905 150/1918
f 151/1921 149/1876 146/1905
f 149/1876 148/1873 146/1905
f 148/1873 147/1900 146/1905
f 147/1900 150/1918 146/1905
f 145/1842 152/1877 142/1865
f 167/235 163/223 164/212
f 142/191 144/201 143/214
f 144/201 142/191 204/162
f 145/1842 142/1865 143/1851
f 141/225 140/252 162/253
f 198/1797 139/1801 138/1798
f 273/1806 138/1798 139/1801
f 136/267 316/265 137/236
f 166/250 274/251 139/285
f 165/1809 166/1805 198/1797
f 133/317 135/306 134/287
f 99/2381 132/2390 197/2384
f 132/2390 99/2381 91/2398
f 130/3313 57/3314 131/3302
f 128/3288 129/3290 126/3291
f 6/3323 127/3317 38/3325
f 120/3297 126/3291 125/3294
f 120/3297 125/3294 124/3301
f 104/3736 123/3723 26/3729
f 65/2459 122/2463 344/2465
f 121/2461 122/2463 65/2459
f 120/3297 119/3305 114/3298
f 117/3746 109/3733 118/3737
f 96/3732 117/3746 118/3737
f 109/3733 116/3747 115/3738
f 126/3291 114/3298 105/3295
f 113/3734 12/3739 13/3727
f 115/3296 112/3293 94/3299
f 175/3730 123/3723 104/3736
f 51/3844 49/3852 83/3848
f 83/3848 103/3841 51/3844
f 102/2413 61/2393 100/2407
f 61/2393 111/2392 100/2407
f 110/2410 665/2418 101/2403
f 353/2388 110/2410 101/2403
f 155/1594 156/1597 413/1580
f 108/3721 109/3733 11/3726
f 10/1593 107/1601 106/1583
f 90/1592 117/1600 96/1586
f 92/3303 94/3299 105/3295
f 19/3873 31/3868 73/3875
f 108/3721 11/3726 25/3717
f 72/3743 74/3750 104/3736
f 102/2413 103/2422 62/2408
f 111/2392 101/2403 100/2407
f 91/2398 99/2381 61/2393
f 66/2450 30/2454 67/2442
f 97/2419 100/2407 101/2403
f 666/2424 600/2436 665/2418
f 78/3855 98/3850 97/3846
f 96/1586 10/1593 106/1583
f 155/3751 75/3745 79/3756
f 96/1586 656/1582 90/1592
f 57/3440 130/3429 95/3430
f 93/3304 94/3299 56/3308
f 92/3303 56/3308 94/3299
f 62/2408 56/2405 91/2398
f 89/1607 128/1615 90/1592
f 90/1592 659/1599 89/1607
f 56/3308 55/3315 93/3304
f 94/3299 112/3293 105/3295
f 5/3408 88/3407 41/3411
f 86/3414 2/3410 87/3421
f 84/3339 5/3330 85/3334
f 84/3412 1/3409 5/3408
f 62/2408 83/2431 54/2430
f 189/3433 191/3427 186/3424
f 43/3856 177/3847 71/3854
f 177/3847 36/3845 71/3854
f 192/2378 197/2384 188/2391
f 197/2384 185/2400 188/2391
f 85/3334 8/3342 84/3339
f 8/3417 1/3409 84/3412
f 3355/2428 196/2396 3357/2423
f 668/2380 193/2379 194/2383
f 3351/2409 194/2383 3358/2404
f 191/3427 86/3414 87/3421
f 3360/2389 193/2379 3361/2394
f 185/3423 58/3416 188/3420
f 12/3309 115/3296 93/3304
f 194/2383 195/2401 196/2396
f 193/2379 191/2382 3356/2387
f 191/2382 193/2379 192/2378
f 189/3433 186/3424 190/3432
f 88/3407 2/3410 86/3414
f 188/3420 58/3416 88/3407
f 86/3414 188/3420 88/3407
f 8/3342 85/3334 187/3338
f 85/3334 38/3325 187/3338
f 87/3421 2/3410 186/3424
f 127/3317 6/3323 130/3313
f 97/3846 98/3850 59/3843
f 178/3842 97/3846 59/3843
f 48/4222 54/4220 83/4224
f 185/3423 95/3430 41/3411
f 124/3301 182/3310 119/3305
f 318/3306 124/3301 125/3294
f 124/3301 416/3316 182/3310
f 125/3294 129/3290 184/3292
f 125/4462 184/4463 183/4464
f 180/3320 182/3310 181/3324
f 24/3718 13/3727 46/3728
f 112/3293 128/3288 126/3291
f 126/3291 129/3290 125/3294
f 47/3752 22/3741 15/3740
f 96/3732 108/3721 10/3725
f 180/3320 40/3328 38/3325
f 105/3295 131/3302 92/3303
f 114/3298 131/3302 105/3295
f 114/3298 119/3305 176/3307
f 662/3428 130/3429 42/3422
f 91/2398 56/2405 132/2390
f 95/3430 662/3428 41/3411
f 57/2412 95/2399 179/2406
f 132/2390 56/2405 179/2406
f 114/3298 176/3307 131/3302
f 176/3307 130/3313 131/3302
f 17/3735 28/3722 46/3728
f 38/3325 85/3334 5/3330
f 12/4219 45/4218 14/4221
f 102/2413 100/2407 178/2421
f 103/2422 102/2413 178/2421
f 108/3721 173/3715 10/3725
f 11/3726 113/3734 25/3717
f 98/3850 53/3849 59/3843
f 60/3840 177/3847 51/3844
f 119/3305 127/3317 176/3307
f 11/3726 109/3733 115/3738
f 175/3730 347/3744 172/3731
f 43/3856 47/3859 50/3851
f 23/3712 174/3714 173/3715
f 21/3713 173/3715 174/3714
f 25/3717 23/3712 173/3715
f 172/3731 107/3724 21/3713
f 175/3730 172/3731 21/3713
f 73/4407 64/4405 74/4404
f 81/2469 63/2464 82/2466
f 66/2450 67/2442 80/2447
f 79/2470 63/2464 81/2469
f 16/3742 22/3741 18/3753
f 52/3853 53/3849 78/3855
f 65/2459 77/2456 121/2461
f 79/2470 76/2467 63/2464
f 74/3750 76/3755 75/3745
f 104/3736 74/3750 75/3745
f 72/3743 19/3749 73/3754
f 71/3854 18/3863 22/3862
f 52/3853 78/3855 70/3860
f 52/3853 70/3860 69/3861
f 68/3867 69/3861 600/3869
f 177/3847 60/3840 36/3845
f 665/2418 78/2437 97/2419
f 68/3867 35/3865 69/3861
f 35/3865 68/3867 67/3870
f 65/2459 29/2457 66/2450
f 64/2462 29/2457 65/2459
f 64/2462 63/2464 76/2467
f 61/2393 102/2413 62/2408
f 36/3845 60/3840 59/3843
f 41/3411 58/3416 185/3423
f 56/3308 92/3303 57/3314
f 45/4218 54/4220 48/4222
f 55/4217 54/4220 45/4218
f 36/3845 59/3843 53/3849
f 52/3853 37/3857 36/3845
f 53/3849 52/3853 36/3845
f 60/3840 51/3844 103/3841
f 69/3861 37/3857 52/3853
f 50/3851 49/3852 51/3844
f 14/4221 44/4223 50/4225
f 60/3840 178/3842 59/3843
f 49/4226 44/4223 48/4222
f 50/4225 47/4227 14/4221
f 46/3728 15/3740 22/3741
f 14/4221 45/4218 44/4223
f 43/3856 22/3862 47/3859
f 50/3851 51/3844 177/3847
f 45/4218 48/4222 44/4223
f 41/3411 42/3422 6/3415
f 38/3325 40/3328 39/3332
f 49/4226 50/4225 44/4223
f 18/3863 34/3858 33/3866
f 130/3313 176/3307 127/3317
f 36/3845 37/3857 34/3858
f 31/3868 18/3863 33/3866
f 34/3858 71/3854 36/3845
f 33/3866 35/3865 30/3871
f 34/3858 37/3857 35/3865
f 35/3865 33/3866 34/3858
f 30/3871 35/3865 67/3870
f 30/3871 32/3872 33/3866
f 33/3866 32/3872 31/3868
f 29/3876 32/3872 30/3871
f 73/3875 31/3868 32/3872
f 29/2457 30/2454 66/2450
f 26/3729 72/3743 104/3736
f 73/4407 74/4404 72/4408
f 26/3729 16/3742 19/3749
f 27/3719 28/3722 26/3729
f 26/3729 28/3722 17/3735
f 23/3712 25/3717 24/3718
f 23/3712 24/3718 20/3716
f 26/3729 123/3723 27/3719
f 22/3741 17/3735 46/3728
f 27/3719 21/3713 20/3716
f 20/3716 21/3713 23/3712
f 22/3862 43/3856 71/3854
f 31/3868 19/3873 18/3863
f 16/3742 26/3729 17/3735
f 130/3429 6/3415 42/3422
f 17/3735 22/3741 16/3742
f 14/3748 47/3752 15/3740
f 93/4216 45/4218 12/4219
f 13/3727 15/3740 46/3728
f 14/3748 13/3727 12/3739
f 24/3718 46/3728 28/3722
f 11/3726 115/3738 12/3739
f 12/3739 113/3734 11/3726
f 24/3718 25/3717 13/3727
f 9/3720 107/3724 10/3725
f 9/3720 10/3725 173/3715
f 15/3740 13/3727 14/3748
f 7/3431 4/3419 8/3417
f 6/3415 5/3408 41/3411
f 5/3330 6/3323 38/3325
f 127/3317 180/3320 38/3325
f 4/3419 1/3409 8/3417
f 88/3407 58/3416 41/3411
f 3/3413 1/3409 4/3419
f 2/3410 1/3409 3/3413
f 1368/1228 515/1231 519/1232
f 769/3 717/4 740/1
f 769/3 721/2 722/6
f 774/3911 775/3905 791/3908
f 427/3371 251/3365 603/3368
f 427/3371 233/3375 426/3376
f 763/28 281/59 255/47
f 444/3383 233/3375 221/3379
f 420/3381 426/3376 444/3383
f 2/3410 88/3407 1/3409
f 16/3742 18/3753 19/3749
f 306/2598 307/2610 299/2605
f 306/2598 250/2597 307/2610
f 306/2598 252/2584 246/2583
f 248/2569 308/2572 247/2578
f 834/4095 835/4096 299/4092
f 80/2447 67/2442 170/2438
f 61/2393 700/2385 111/2392
f 111/2392 700/2385 668/2380
f 128/3288 115/3296 116/3300
f 80/2447 349/2446 334/2453
f 733/128 731/115 732/104
f 804/3980 805/3971 757/3982
f 722/6 716/11 717/4
f 778/3970 782/3977 777/3978
f 658/1613 654/1623 652/1605
f 682/1378 636/1364 828/1365
f 473/1303 482/1308 618/1323
f 484/1290 468/1274 466/1284
f 476/1296 477/1295 3122/1312
f 361/3400 356/3398 357/3394
f 810/3979 757/3982 805/3971
f 802/4012 786/4007 801/4003
f 790/3910 802/3919 789/3920
f 801/4003 786/4007 785/4001
f 787/3995 795/3993 282/3992
f 787/3995 749/3997 785/4001
f 790/3910 815/3907 817/3906
f 790/3910 786/3914 802/3919
f 718/56 719/44 280/70
f 280/70 238/84 718/56
f 771/4010 776/4004 785/4001
f 718/56 238/84 761/71
f 716/11 742/17 710/23
f 280/70 809/83 725/94
f 256/61 257/86 3167/100
f 706/31 709/39 3090/50
f 708/54 712/68 707/43
f 697/1686 688/1665 612/1662
f 705/3418 186/3424 2/3410
f 335/4059 331/4052 332/4056
f 640/1619 679/1644 696/1632
f 647/1590 639/1611 650/1622
f 106/1583 413/1580 656/1582
f 353/2388 111/2392 668/2380
f 413/1580 106/1583 347/1587
f 119/3305 120/3297 124/3301
f 119/3305 182/3310 127/3317
f 612/1662 613/1675 697/1686
f 612/1662 688/1665 689/1647
f 689/1647 694/1636 612/1662
f 657/1604 647/1590 616/1612
f 641/1340 642/1351 628/1322
f 638/1657 640/1619 674/1643
f 658/1613 694/1636 654/1623
f 682/1378 660/1366 2900/1379
f 611/1634 694/1636 658/1613
f 2900/1379 683/1385 682/1378
f 682/1378 683/1385 635/1373
f 640/1619 678/1629 674/1643
f 672/1670 673/1695 637/1682
f 478/1310 479/1331 3123/1339
f 266/1991 325/1984 328/1964
f 570/1889 558/1903 559/1920
f 550/1888 552/1875 563/1862
f 599/1858 597/1838 601/1841
f 559/1315 557/1304 561/1316
f 557/1304 559/1315 551/1297
f 551/1902 552/1875 550/1888
f 571/1899 569/1897 559/1920
f 548/1286 484/1290 3085/1298
f 563/1862 606/1849 562/1874
f 3138/1299 548/1286 3177/1306
f 548/1286 553/1292 547/1279
f 555/1834 575/1826 535/1844
f 604/1863 599/1858 601/1841
f 541/1254 609/1261 540/1265
f 465/1263 608/1260 485/1257
f 563/1278 545/1268 550/1285
f 465/1263 468/1274 607/1269
f 543/1840 544/1828 606/1849
f 542/1822 586/1808 577/1813
f 275/1839 598/1823 594/1821
f 597/1838 596/1847 594/1821
f 590/1848 594/1821 596/1847
f 595/1815 598/1823 591/1829
f 574/1835 583/1811 587/1832
f 585/1810 589/1804 578/1800
f 578/1800 579/1803 586/1808
f 576/1819 583/1811 575/1826
f 503/1246 527/1244 525/1236
f 508/1301 498/1280 506/1293
f 498/1280 499/1287 506/1293
f 506/2023 499/2019 505/2015
f 503/1246 504/1250 527/1244
f 472/1271 492/1266 493/1275
f 497/1258 487/1272 463/1267
f 481/1289 471/1282 498/1280
f 420/3381 408/3390 402/3387
f 459/2520 366/2525 365/2526
f 1108/3283 317/3287 443/3284
f 402/3387 403/3380 420/3381
f 210/2560 212/2556 221/2562
f 423/3282 443/3284 317/3287
f 428/4091 834/4095 305/4084
f 305/4084 304/4079 230/4075
f 398/2544 435/2549 399/2547
f 424/3369 200/3363 202/3366
f 418/4086 229/4078 424/4081
f 313/4082 317/4087 321/4090
f 391/2545 383/2541 398/2544
f 368/2529 385/2531 367/2530
f 365/2620 363/2618 364/2619
f 349/2446 351/2439 3151/2448
f 65/2459 63/2464 64/2462
f 65/2459 82/2466 63/2464
f 82/2466 344/2465 81/2469
f 749/3997 282/3992 245/4000
f 260/1626 261/1642 3170/1654
f 242/109 245/99 269/123
f 237/95 280/70 725/94
f 250/2597 306/2598 246/2583
f 246/2583 247/2578 249/2591
f 200/4077 424/4081 229/4078
f 228/2577 308/2572 227/2568
f 313/4082 230/4075 229/4078
f 162/253 136/267 137/236
f 1100/320 289/304 290/283
f 140/252 141/225 285/237
f 300/286 140/252 304/266
f 287/264 288/234 290/283
f 725/94 809/83 753/97
f 136/267 322/325 273/305
f 62/2408 103/2422 83/2431
f 62/2408 91/2398 61/2393
f 61/2393 99/2381 700/2385
f 62/2408 54/2430 55/2420
f 55/2420 56/2405 62/2408
f 86/2386 191/2382 192/2378
f 87/3421 186/3424 191/3427
f 192/2378 188/2391 86/2386
f 179/2406 56/2405 57/2412
f 179/2406 95/2399 132/2390
f 66/2450 77/2456 65/2459
f 566/1885 599/1858 604/1863
f 1665/272 1537/273 1678/242
f 2050/3759 2060/3760 2175/3761
f 2696/2197 1863/2198 2697/2199
f 134/287 311/297 133/317
f 1618/371 1623/356 1597/353
f 1397/2736 1239/2737 2250/2738
f 2278/3022 2182/3023 2222/3024
f 1917/3499 2071/3500 2095/3501
f 2392/961 2402/962 2494/941
f 2703/1017 2701/1020 2629/987
f 1430/710 1418/693 1403/662
f 1408/791 2469/803 2475/805
f 2268/2315 2269/2318 2275/2306
f 978/928 2442/960 2488/951
f 1151/1028 972/1044 2440/1010
f 1534/756 2449/784 1377/771
f 3048/4267 3046/4268 3045/4269
f 1431/749 1451/737 1533/714
f 1563/454 2066/492 1672/474
f 1672/474 1565/427 1563/454
f 2577/663 2464/623 2456/659
f 2439/1068 1021/1075 2429/1089
f 2491/1066 2439/1068 2429/1089
f 2659/582 1518/544 1064/600
f 2355/3152 2327/3153 2390/3154
f 1531/520 2579/523 1454/504
f 1846/3054 1737/3062 1434/3046
f 2288/3782 2291/3793 2372/3788
f 2291/3793 2246/3797 2372/3788
f 1127/2751 2271/2769 1396/2771
f 2318/3179 2373/3177 2321/3186
f 1426/2752 1381/2741 2293/2745
f 2371/3163 2387/3171 2362/3168
f 2130/3878 2225/3879 2132/3880
f 2021/1971 1906/1981 1912/1948
f 2365/2376 2344/2373 2357/2377
f 2241/2819 2316/2826 2315/2827
f 2142/3800 2150/3801 2265/3802
f 2173/3222 2168/3224 2156/3217
f 1146/2334 2379/2346 2369/2353
f 1134/3790 1398/3789 2255/3795
f 1662/329 3010/345 1674/361
f 3067/4020 2191/4021 2200/4022
f 2386/4170 2346/4171 1997/4172
f 1851/2835 2028/2836 2509/2837
f 2006/3448 2017/3449 3042/3450
f 2218/3215 2173/3222 2156/3217
f 1717/2904 2707/2890 1768/2889
f 2354/2365 3068/2361 2367/2371
f 1441/4363 2283/4364 1414/4365
f 2468/804 2065/786 2459/796
f 2301/2217 1864/2211 2285/2224
f 1824/2919 2510/2920 1838/2921
f 1734/2243 2240/2264 2493/2262
f 2784/4097 2597/4098 2595/4099
f 2453/4327 2496/4328 2506/4329
f 2117/3650 1698/3651 1486/3652
f 2042/3653 2117/3650 1486/3652
f 2110/2001 2112/2004 1920/1995
f 2848/1771 2773/1782 2777/1779
f 2537/2939 1073/2952 1238/2954
f 1313/1455 2865/1451 2792/1449
f 1375/1792 1172/1794 1311/1787
f 1179/1667 1180/1678 2927/1639
f 685/1397 2952/1393 2902/1399
f 1630/3548 1637/3549 1940/3550
f 1992/4275 2194/4276 2205/4277
f 2504/2798 1783/2807 1841/2788
f 1791/3340 1797/3350 1799/3348
f 1963/3346 1797/3350 1791/3340
f 2898/1906 1877/1929 1988/1940
f 2103/3514 2102/3505 2082/3509
f 2076/3528 2201/3533 2207/3527
f 2085/3524 2098/3517 2089/3522
f 2391/4352 2355/4353 2390/4354
f 2008/1994 2099/1998 1919/1988
f 3068/2361 2369/2353 2333/2363
f 2367/4480 3071/4481 3070/4482
f 2330/3160 2350/3158 2329/3155
f 2264/2877 2145/2878 2080/2860
f 1858/2856 1850/2848 1852/2843
f 1994/4045 2000/4043 2020/4034
f 2195/3538 2087/3530 2201/3533
f 2353/2356 2388/2366 2309/2362
f 2359/2375 2391/2368 2364/2372
f 2370/3159 3070/3162 2333/3156
f 2059/3030 2278/3022 2047/3029
f 2176/3026 2278/3022 2059/3030
f 2363/3165 2367/3167 3070/3162
f 2249/3199 2321/3186 2248/3205
f 2367/2371 3068/2361 3071/2374
f 2333/2363 3070/2370 3068/2361
f 2216/3213 2163/3202 2153/3211
f 1158/2332 2280/2338 2274/2327
f 1652/218 1654/181 2988/206
f 2589/2805 1825/2786 1710/2785
f 2211/3181 2349/3176 1137/3172
f 2280/2338 2368/2343 2308/2349
f 2280/2338 1158/2332 2368/2343
f 2026/2882 2025/2875 2122/2866
f 1939/1934 1922/1946 1977/1913
f 2406/974 2576/1001 2490/986
f 1379/2749 2271/2769 1127/2751
f 2540/964 1267/965 2498/934
f 2575/954 2498/934 1267/965
f 2486/1031 2422/1045 2487/1062
f 2078/3532 2191/3536 3067/3539
f 2391/4352 2356/4355 2355/4353
f 2050/3759 2176/3762 2059/3766
f 2333/3156 2390/3154 2327/3153
f 1126/2249 1124/2260 2190/2241
f 2068/2759 2252/2768 1379/2749
f 1338/904 1759/917 2470/895
f 1926/1997 1921/1992 2127/2000
f 2337/4359 2356/4355 2358/4358
f 2009/2007 2115/2005 2016/2002
f 1636/4445 1515/4446 1514/4447
f 2303/2851 2305/2841 2079/2861
f 1120/4030 2074/4029 2113/4035
f 1869/2233 1868/2250 1867/2235
f 2136/3232 2165/3233 2147/3228
f 2229/3815 2340/3817 2304/3813
f 1135/3784 2272/3780 2221/3775
f 2369/2353 3068/2361 2308/2349
f 2277/3769 2175/3761 2180/3764
f 2175/3761 2220/3770 2177/3765
f 3067/3539 2199/3544 2210/3535
f 2222/3024 2214/3027 2169/3028
f 2184/3196 2169/3207 2214/3209
f 3057/4140 2348/4141 3037/4142
f 2039/3229 2034/3235 2040/3236
f 2376/3545 2196/3541 2210/3535
f 2210/3535 2199/3544 2376/3545
f 2199/4181 2385/4177 2376/4180
f 2101/3457 2014/3453 2104/3460
f 2385/4177 3069/4174 2386/4170
f 2385/4177 2199/4181 3069/4174
f 2143/2867 2025/2875 2174/2883
f 3069/4028 2202/4025 2346/4031
f 2371/3163 2351/3161 1390/3166
f 2332/3164 1390/3166 2351/3161
f 1852/2843 1850/2848 1854/2839
f 2069/3230 2173/3222 2039/3229
f 2285/2224 1864/2211 2763/2212
f 3066/2230 2285/2224 2763/2212
f 2301/2217 2286/2232 2302/2240
f 1917/3499 2095/3501 2084/3502
f 2095/3501 2071/3500 1633/3504
f 2375/3896 2228/3890 2380/3889
f 2887/1843 588/1825 2895/1854
f 2013/3451 2007/3454 2072/3458
f 1911/1925 1970/1912 1975/1896
f 2006/4286 3042/4283 1993/4282
f 1960/1651 1953/1694 1958/1681
f 1432/603 2464/623 2447/643
f 2282/2220 1871/2225 1872/2215
f 3362/2957 1357/2946 3363/2951
f 2018/231 1883/209 1901/208
f 2099/1998 2016/2002 2115/2005
f 1969/1884 1941/1870 1975/1896
f 2102/3505 2103/3514 1898/3519
f 1388/2594 430/2586 421/2601
f 1552/460 1548/461 1550/417
f 3065/2871 2119/2855 2120/2854
f 3065/2871 2120/2854 1602/2870
f 2887/1843 1330/1866 2886/1853
f 1184/183 1883/209 1884/185
f 2897/1845 2895/1854 605/1836
f 1915/3461 2011/3466 1949/3471
f 270/1820 1942/1846 2897/1845
f 2879/1941 2896/1930 2898/1906
f 2923/1425 1174/1418 2864/1409
f 1858/2856 1706/2864 1850/2848
f 1884/185 3041/172 1185/151
f 3350/3439 189/3433 3364/3441
f 1863/2198 1297/2201 2697/2199
f 2165/2894 2143/2867 2174/2883
f 1934/3551 1926/3559 1943/3555
f 1857/2857 1849/2865 2117/2874
f 2042/3653 1704/3655 2043/3659
f 1853/2842 1851/2835 1856/2838
f 2119/2855 1860/2872 1858/2856
f 2051/3031 1392/3037 2049/3034
f 1749/3087 1359/3095 1827/3068
f 1395/2285 2185/2291 2298/2268
f 1865/2809 2294/2817 2239/2792
f 1649/207 1539/243 1653/247
f 2696/4111 2691/4107 2759/4112
f 1699/775 1719/739 1723/789
f 2253/3050 1713/3060 1735/3051
f 2474/841 2480/828 2570/850
f 2480/828 1411/840 2570/850
f 2653/2068 2654/2072 1273/2070
f 1856/2838 2306/2846 2763/2852
f 2306/2846 3066/2862 2763/2852
f 1783/2807 2504/2798 1831/2808
f 2686/2903 2124/2887 2691/2897
f 2077/3595 2074/3591 2092/3596
f 3066/2230 2303/2248 2286/2232
f 3066/2862 2306/2846 2303/2851
f 2056/3768 2060/3760 2057/3767
f 2180/3764 2060/3760 2056/3768
f 3065/2871 1602/2870 1860/2872
f 2119/2855 3065/2871 1860/2872
f 1650/219 1654/181 1652/218
f 2977/391 2744/418 2669/419
f 1987/136 2990/158 1979/159
f 1627/2626 1581/2627 1626/2628
f 1966/373 1903/359 1965/338
f 1927/1933 3062/1945 1938/1924
f 1906/1981 2100/1993 1920/1995
f 2991/238 2988/206 3012/217
f 1651/229 1664/293 1588/275
f 2109/3566 1943/3555 2116/3565
f 2077/3595 2093/3594 2091/3586
f 2165/2894 2136/2901 2144/2884
f 1694/497 1554/479 1548/461
f 1548/461 1552/460 1694/497
f 2097/3511 2126/3508 2088/3516
f 1642/3515 2102/3505 1899/3520
f 1462/384 1616/369 1587/370
f 1550/417 1541/389 2681/431
f 1629/3556 1943/3555 2109/3566
f 1691/2880 1859/2873 2707/2890
f 1859/2873 1768/2889 2707/2890
f 1469/471 1498/494 1465/456
f 1443/4305 1425/4306 2476/4307
f 1420/4308 1443/4305 2476/4307
f 2335/4113 2347/4114 3057/4115
f 2578/823 2292/834 2468/804
f 2456/659 2462/639 2577/663
f 1737/3062 1423/3070 1433/3055
f 2471/891 1412/861 2470/895
f 1282/2209 1095/2218 1848/2219
f 1686/1729 1281/1720 1277/1690
f 2032/3049 1703/3074 1092/3066
f 3064/2753 2291/2764 2293/2745
f 2449/784 1437/785 2479/811
f 2245/2760 3064/2753 1397/2736
f 1407/562 2463/585 1432/603
f 1528/565 2659/582 1520/546
f 1081/2478 1438/2479 1452/2480
f 1458/584 2455/641 2466/602
f 2478/822 2591/844 2666/854
f 1857/2857 2121/2849 1854/2839
f 2737/2713 1265/2694 2610/2715
f 1719/739 1727/801 1723/789
f 1868/2250 2299/2271 2240/2264
f 2505/1000 1248/1032 2576/1001
f 2506/875 2414/894 2661/884
f 1349/1468 2531/1457 2528/1461
f 1611/683 1091/701 1560/664
f 1306/3007 1230/3009 2564/3012
f 1726/2491 2467/2487 1083/2483
f 1081/3932 1739/3933 1738/3934
f 2408/915 2413/916 2444/923
f 2440/1010 2420/1056 2502/1043
f 1035/907 1070/919 1036/908
f 2281/2303 1077/2312 1129/2317
f 1818/3105 1821/3106 1776/3107
f 2585/2960 1777/2953 1765/2944
f 2860/1713 2955/1702 2858/1691
f 2586/2924 2510/2920 3367/2928
f 2513/1749 2768/1740 2769/1733
f 3369/1739 2767/1721 3370/1746
f 2801/1754 1302/1766 2771/1757
f 2532/2087 2572/2088 1223/2089
f 2564/1566 2553/1551 2558/1558
f 2553/1551 2554/1544 2558/1558
f 2419/1077 2491/1066 2429/1089
f 2776/1469 2805/1477 2813/1485
f 1227/2112 2550/2120 1236/2125
f 895/3943 893/3944 3054/3945
f 3048/4331 3051/4332 1401/4333
f 893/3672 3058/3673 3059/3674
f 3053/3675 893/3672 3059/3674
f 2209/4117 2347/4114 2335/4113
f 2985/169 3006/179 2992/195
f 3015/135 3025/149 3004/125
f 2981/480 2975/462 3031/500
f 3023/396 3019/366 3269/407
f 1636/2629 2154/2632 1627/2626
f 1636/4241 1514/4242 2154/4243
f 2986/205 3012/217 2992/195
f 2990/158 3035/150 3040/170
f 1307/2170 3063/2175 2624/2182
f 1584/2639 1517/2645 1513/2631
f 2599/1111 2747/1098 2625/1120
f 2957/291 1183/346 3009/330
f 1964/1947 1876/1944 1369/1914
f 2787/1395 2864/1409 2941/1403
f 2920/1715 2925/1705 2951/1689
f 319/3311 663/3312 318/3306
f 2928/3114 1818/3105 1813/3112
f 1956/3126 1819/3115 1808/3120
f 2693/1141 2600/1151 2625/1120
f 1332/2057 1334/2054 2832/2048
f 2934/1394 2941/1403 1173/1406
f 2399/1015 2411/1048 1248/1032
f 625/1336 2824/1346 2932/1356
f 2823/1375 2944/1382 2930/1368
f 2937/1718 2947/1727 2949/1719
f 2902/1399 2936/1388 2939/1405
f 2843/1221 2842/1213 2837/1224
f 2917/1679 2951/1689 2925/1705
f 1369/1914 1877/1929 2893/1909
f 2933/1374 2943/1381 684/1386
f 3062/1945 1931/1959 1939/1934
f 831/1233 2873/1222 524/1229
f 2953/1392 1334/1398 2716/1401
f 2890/1880 2897/1845 1976/1869
f 1556/2635 2746/2643 2677/2647
f 2677/2647 2746/2643 2682/2652
f 3061/1895 2890/1880 1976/1869
f 2833/1206 2872/1207 2912/1201
f 2832/2048 2929/2051 1177/2044
f 2933/1374 660/1366 632/1345
f 1371/1460 2796/1438 2634/1466
f 2950/1710 2920/1715 2951/1689
f 2790/1402 2627/1408 2787/1395
f 2483/2967 2584/2955 2583/2968
f 2921/1442 2919/1439 2923/1425
f 2788/1419 2812/1435 2811/1430
f 1171/1498 2778/1462 1382/1486
f 2923/1425 2788/1419 2811/1430
f 2757/2918 2678/2917 2687/2916
f 1299/1786 1311/1787 3371/1790
f 2603/2684 2607/2680 2604/2691
f 2600/1151 2614/1140 2625/1120
f 1862/2206 1864/2211 2301/2217
f 2688/2910 2686/2903 2691/2897
f 2910/1189 3060/1194 2911/1198
f 2637/2194 2638/2191 2655/2193
f 2796/1438 2799/1432 2868/1422
f 2713/1175 2658/1180 2719/1179
f 2791/1389 2944/1382 2823/1375
f 2692/2192 2708/2184 2706/2183
f 2963/350 2959/364 2961/347
f 1542/376 1543/342 1620/355
f 1620/355 1618/371 1624/387
f 1967/3570 1935/3563 1936/3558
f 1977/1913 1369/1914 3061/1895
f 1977/1913 1922/1946 1370/1935
f 292/299 307/318 291/324
f 1098/244 307/318 292/299
f 2973/481 2592/447 2969/464
f 1493/2500 1757/2501 1614/2503
f 2718/1182 2651/1186 1323/1190
f 3060/1194 2718/1182 1323/1190
f 1644/314 1590/277 1591/276
f 2786/2672 2620/2670 2736/2679
f 2722/2732 2723/2734 2734/2726
f 3060/2066 2909/2062 2911/2061
f 2945/2058 2911/2061 2909/2062
f 2945/2058 2831/2049 2839/2055
f 2740/2718 2732/2714 2731/2705
f 2695/1122 2625/1120 2747/1098
f 2737/2713 2610/2715 2734/2726
f 2615/2167 2622/2181 3063/2175
f 2615/2167 2751/2176 2622/2181
f 1268/2150 2765/2159 2800/2152
f 1770/2909 2678/2917 1769/2914
f 2757/2664 2685/2669 2682/2652
f 2764/2171 2706/2183 2708/2184
f 2968/503 2973/481 2969/464
f 1581/2627 1511/2630 2741/2634
f 1295/2142 2755/2146 2568/2134
f 1295/2142 2760/2151 2755/2146
f 2700/2221 2748/2245 2779/2238
f 1522/548 1407/562 1523/529
f 1733/2252 2493/2262 1832/2270
f 2973/481 1454/504 2592/447
f 1352/1527 1209/1533 2533/1530
f 2668/863 2666/854 2591/844
f 1056/853 990/871 2453/872
f 1823/2273 2575/2288 1266/2282
f 1437/785 2450/755 995/772
f 2447/643 2464/623 2577/663
f 2560/1537 2562/1562 2561/1556
f 1073/2952 1225/2966 1238/2954
f 2546/1019 2588/1005 2566/976
f 2401/944 2443/933 2417/936
f 1338/904 2470/895 2662/885
f 2438/1046 2430/1072 2423/1060
f 1746/1129 1679/1118 1830/1138
f 3373/1116 1680/1093 3374/1106
f 2553/1551 2564/1566 1230/1571
f 2786/2672 2676/2657 2620/2670
f 2530/1475 1349/1468 1285/1482
f 1313/1455 2531/1457 1315/1465
f 2788/1419 2866/1423 2809/1429
f 2541/975 2567/953 2547/988
f 3371/1790 1172/1794 3375/1795
f 2559/1550 2560/1537 2561/1556
f 2557/3013 2563/3016 1348/3001
f 1354/1526 1286/1543 2560/1537
f 3056/4119 3049/4121 2334/4118
f 1400/4183 1347/4184 3055/4185
f 3039/4273 1402/4274 3052/4272
f 3049/4191 1347/4184 3039/4192
f 3044/4270 3049/4271 3052/4272
f 3053/3948 3050/3953 3054/3945
f 3051/4332 3044/4334 3052/4336
f 2208/4146 3046/4149 3048/4148
f 3045/4123 2334/4118 3049/4121
f 3048/4331 3044/4334 3051/4332
f 2334/4118 3045/4123 3047/4122
f 2319/3174 2317/3182 2366/3173
f 2208/4146 3047/4150 3046/4149
f 3048/4267 3045/4269 3044/4270
f 3047/4122 3045/4123 3046/4124
f 3044/4270 3045/4269 3049/4271
f 1402/4335 3038/4339 1346/4338
f 933/3680 1198/3677 3059/3674
f 2334/4118 3047/4122 2208/4120
f 1402/4335 3051/4332 3052/4336
f 3059/3674 3058/3673 935/3676
f 934/3678 933/3680 3059/3674
f 913/3951 3058/3957 893/3944
f 3059/3674 935/3676 934/3678
f 3039/4273 3052/4272 3049/4271
f 3267/3946 3054/3945 3277/3949
f 2334/4118 3055/4116 3056/4119
f 2448/660 2477/619 898/658
f 3050/3684 3043/3681 3278/3689
f 893/3944 3053/3948 3054/3945
f 3038/4190 3039/4192 1347/4184
f 3051/4332 1402/4335 1401/4333
f 1347/4184 3056/4188 3055/4185
f 3053/3675 1198/3677 3043/3681
f 3056/4188 1347/4184 3049/4191
f 3055/4116 2335/4113 3057/4115
f 3037/4186 1400/4183 3055/4185
f 1198/3677 3053/3675 3059/3674
f 2387/3171 2371/3163 1136/3170
f 3280/3685 1198/3677 3281/3687
f 1918/3510 1917/3499 2102/3505
f 3033/3835 3036/3836 3038/3837
f 2995/196 3040/170 2985/169
f 1402/3830 3039/3831 3031/3832
f 3038/3837 3031/3838 3039/3839
f 2348/4141 1401/4144 3037/4142
f 2193/3537 2203/3543 2022/3534
f 728/90 1193/102 2994/103
f 2984/156 3011/148 3026/166
f 3031/3838 3038/3837 3036/3836
f 2979/4391 3032/4392 1197/4393
f 2981/480 3032/502 2979/463
f 3282/3698 967/3692 3284/3702
f 3020/554 3002/559 3034/572
f 1341/468 1340/485 1195/449
f 3031/4469 3036/4470 2981/4471
f 3032/4472 2981/4471 3036/4470
f 1402/3830 3031/3832 3033/3833
f 3035/150 3003/126 2984/156
f 2963/350 3024/382 2976/397
f 3033/4396 3031/4397 3029/4394
f 3001/509 1189/518 3007/528
f 992/558 2579/523 1063/575
f 2977/391 2669/419 2997/405
f 2203/4279 1993/4282 3042/4283
f 2985/169 3040/170 3035/150
f 3030/182 2990/158 3040/170
f 1183/346 1187/365 1182/379
f 226/2570 430/2586 2002/2581
f 1882/3644 1982/3635 3041/3647
f 1882/3644 1893/3636 1982/3635
f 3027/309 3022/333 2960/292
f 2983/3631 727/3629 838/3628
f 3021/434 3028/435 3287/467
f 910/609 3034/572 912/577
f 2960/292 3014/271 3027/309
f 943/553 1365/537 2966/519
f 3007/4395 3029/4394 3031/4397
f 2972/422 2980/446 2978/420
f 1987/136 3035/150 2990/158
f 3020/554 2967/538 2968/503
f 873/573 3034/572 910/609
f 910/609 950/610 873/573
f 2975/462 2980/446 2972/422
f 2967/538 3034/572 873/573
f 3032/4392 3033/4396 3029/4394
f 3036/4470 3033/4473 3032/4472
f 2975/462 2974/486 3031/500
f 1185/151 1982/160 2983/137
f 3030/182 2995/196 2988/206
f 1654/181 3030/182 2988/206
f 1197/4393 3029/4394 3007/4395
f 3013/541 961/594 969/593
f 3023/396 3021/434 2972/422
f 3023/396 3028/435 3021/434
f 1191/349 3019/366 3022/333
f 3012/217 2998/254 2991/238
f 2963/350 3022/333 3019/366
f 1195/449 3021/434 1341/468
f 3020/554 3000/552 2970/540
f 3013/541 1342/527 1190/561
f 3015/135 733/128 3260/152
f 3293/269 3005/241 3294/239
f 731/115 3016/124 1192/112
f 731/115 3017/139 3016/124
f 1193/102 3016/124 3015/135
f 3015/135 3004/125 1193/102
f 2986/205 3006/179 3272/216
f 3005/241 3014/271 2962/240
f 2962/240 2987/227 3005/241
f 3013/541 1190/561 962/578
f 962/578 961/594 3013/541
f 886/4228 1194/4229 3298/4230
f 1341/468 3021/434 3288/483
f 3301/332 3018/290 3303/328
f 3028/435 3023/396 3270/423
f 1342/527 1196/507 1340/485
f 3027/309 1191/349 3022/333
f 3011/148 3004/125 3025/149
f 3015/135 3017/139 733/128
f 3295/194 3026/166 3307/193
f 1191/349 3027/309 3300/348
f 3306/168 3025/149 3309/157
f 729/81 1193/102 728/90
f 3309/157 3015/135 3310/167
f 3011/148 3025/149 3026/166
f 3019/366 3024/382 2963/350
f 3027/309 3014/271 3018/290
f 1196/507 3013/541 3002/559
f 1196/507 1342/527 3013/541
f 912/577 3013/541 969/593
f 3023/396 2976/397 3024/382
f 2978/420 2964/392 2976/397
f 2971/526 2970/540 3000/552
f 1183/346 2957/291 2958/331
f 3007/528 3031/500 2974/486
f 2959/364 2964/392 2965/406
f 2960/292 3022/333 2963/350
f 1195/449 2971/526 3001/509
f 3006/179 2984/156 3026/166
f 3294/239 2986/205 3297/226
f 2994/103 1193/102 3004/125
f 2994/103 3004/125 3003/126
f 3006/179 2986/205 2992/195
f 2993/113 2994/103 3003/126
f 1987/136 2993/113 3003/126
f 3007/528 2974/486 3001/509
f 2995/196 3030/182 3040/170
f 2970/540 3002/559 3020/554
f 912/577 3034/572 3002/559
f 3001/509 2971/526 1188/536
f 1197/4393 3032/4392 3029/4394
f 2968/503 3000/552 3020/554
f 1662/329 1660/288 2956/308
f 3000/552 2968/503 1188/536
f 2965/406 2964/392 1568/421
f 2991/238 2999/289 1665/272
f 2998/254 2962/240 2982/270
f 2996/362 2997/405 1673/390
f 943/553 2966/519 963/571
f 2967/538 873/573 871/555
f 2885/2687 2673/2676 2670/2673
f 2992/195 2995/196 2985/169
f 1185/151 2983/137 2993/113
f 2993/113 712/68 2994/103
f 2993/113 2983/137 724/117
f 2992/195 3012/217 2988/206
f 2989/228 1678/242 1652/218
f 1665/272 1678/242 2991/238
f 2991/238 1678/242 2989/228
f 2990/158 3030/182 1654/181
f 2991/238 2989/228 2988/206
f 2988/206 2989/228 1652/218
f 2995/196 2992/195 2988/206
f 2987/227 2986/205 3005/241
f 2984/156 3006/179 2985/169
f 712/68 728/90 2994/103
f 2983/137 296/129 724/117
f 3003/126 3035/150 1987/136
f 1660/288 2982/270 2956/308
f 1462/384 1587/370 1575/386
f 2981/480 2980/446 2975/462
f 2978/420 2980/446 2979/463
f 2981/480 2979/463 2980/446
f 1365/537 2973/481 2966/519
f 3020/554 3034/572 2967/538
f 2965/406 2744/418 1182/379
f 1568/421 2964/392 2978/420
f 1197/501 2969/464 2979/463
f 2966/519 871/555 963/571
f 2978/420 2979/463 2969/464
f 2969/464 2592/447 2978/420
f 2592/447 1568/421 2978/420
f 2744/418 2977/391 1182/379
f 1671/448 2744/418 1568/421
f 1670/445 1569/466 1563/454
f 2972/422 2978/420 2976/397
f 2975/462 1195/449 2974/486
f 2973/481 2968/503 2966/519
f 943/553 1015/574 1364/556
f 1365/537 1531/520 2973/481
f 2744/418 2965/406 1568/421
f 2595/4099 2593/4100 2784/4097
f 537/1881 831/1893 536/1868
f 1195/449 2975/462 2972/422
f 1195/449 3001/509 2974/486
f 2976/397 3023/396 2972/422
f 2963/350 2961/347 2960/292
f 2970/540 2971/526 1196/507
f 2970/540 1196/507 3002/559
f 2969/464 1189/518 2968/503
f 2967/538 2966/519 2968/503
f 2966/519 2967/538 871/555
f 2965/406 1186/393 2959/364
f 2976/397 2964/392 2963/350
f 2963/350 2964/392 2959/364
f 3014/271 2960/292 2962/240
f 2961/347 2958/331 2960/292
f 2960/292 2958/331 2957/291
f 2958/331 2961/347 2959/364
f 2958/331 1187/365 1183/346
f 2957/291 2956/308 2982/270
f 3012/217 2987/227 2962/240
f 3003/126 3011/148 2984/156
f 3012/217 2986/205 2987/227
f 1658/383 1464/368 1677/352
f 1951/232 1984/246 1099/220
f 3009/330 2956/308 2957/291
f 3012/217 2962/240 2998/254
f 3010/345 1662/329 2956/308
f 1505/400 1501/413 2783/412
f 2991/238 3008/268 2999/289
f 1181/378 2977/391 2996/362
f 3009/330 2996/362 2745/363
f 1661/327 1676/310 2999/289
f 2998/254 3008/268 2991/238
f 1728/425 1558/385 1566/411
f 2996/362 3009/330 1183/346
f 2745/363 3010/345 3009/330
f 1187/365 2958/331 2959/364
f 3009/330 3010/345 2956/308
f 2982/270 2962/240 2957/291
f 2998/254 2982/270 1660/288
f 2094/302 1590/277 1621/323
f 1946/261 1590/277 2094/302
f 1555/2646 2672/2661 1546/2655
f 2999/289 3008/268 1660/288
f 1660/288 3008/268 2998/254
f 1728/425 1608/410 1558/385
f 2920/1715 2950/1710 2948/1728
f 2858/1691 2925/1705 2859/1723
f 2815/1452 2814/1464 1320/1454
f 183/3321 1959/3322 663/3312
f 183/3321 663/3312 319/3311
f 1683/3137 1685/3139 3377/3142
f 1821/3106 1820/3110 1776/3107
f 1802/3358 1800/3360 1096/3355
f 1807/4292 2928/4293 1814/4294
f 1956/1693 1180/1678 1819/1703
f 2928/4293 1807/4292 1803/4296
f 1801/4295 1807/4292 1814/4294
f 3382/4297 1814/4294 3383/4300
f 3384/3436 190/3432 3385/3434
f 1815/3349 1794/3345 1809/3353
f 1957/1668 2927/1639 1180/1678
f 124/3301 663/3312 664/3318
f 2927/1639 1960/1651 655/1616
f 1277/1690 1281/1720 1773/1711
f 2782/1131 2708/1139 2781/1119
f 2764/2171 2708/2184 2782/2172
f 1962/3144 1954/3141 1963/3132
f 1961/1652 655/1616 1960/1651
f 1958/1681 1961/1652 1960/1651
f 1603/2869 1767/2896 1972/2888
f 2878/1978 2913/1968 2884/1957
f 2927/1639 832/1624 2916/1650
f 655/1616 661/1614 2927/1639
f 2918/1666 2916/1650 832/1624
f 2921/1724 2926/1735 2925/1705
f 1179/1667 2924/1677 1277/1690
f 2862/1748 2769/1733 2846/1738
f 2922/1424 1174/1418 2923/1425
f 2919/1439 2921/1442 2920/1444
f 2916/1650 2918/1666 2917/1679
f 2814/1778 2850/1770 1320/1775
f 2954/1701 2766/1712 1277/1690
f 2924/1677 2954/1701 1277/1690
f 2954/1701 2924/1677 2955/1702
f 2955/1702 2860/1713 2954/1701
f 2918/1666 2951/1689 2917/1679
f 2924/1677 2916/1650 2858/1691
f 1179/1667 2927/1639 2916/1650
f 1179/1667 2916/1650 2924/1677
f 695/1638 1337/1649 832/1624
f 661/1614 832/1624 2927/1639
f 2823/1375 2929/1387 2953/1392
f 2791/1389 2953/1392 2716/1401
f 2831/2049 2825/2043 2841/2050
f 1336/1688 2935/1709 2938/1699
f 684/1386 2952/1393 685/1397
f 2900/1379 660/1366 2933/1374
f 660/1366 631/1355 632/1345
f 2917/1679 2946/1704 2858/1691
f 2950/1710 2949/1719 2947/1727
f 2936/1388 2952/1393 2943/1381
f 832/1624 1337/1649 2918/1666
f 1335/1676 2951/1689 2918/1666
f 2926/1434 2811/1430 2853/1441
f 2936/1388 2902/1399 2952/1393
f 1173/1406 2922/1424 2947/1420
f 2858/1691 2916/1650 2917/1679
f 2953/1392 2791/1389 2823/1375
f 1173/1406 2937/1412 2935/1400
f 1335/1676 2938/1699 2940/1700
f 2951/1689 1335/1676 2940/1700
f 2949/1719 2950/1710 2940/1700
f 2950/1710 2947/1727 2948/1728
f 2926/1434 2921/1442 2923/1425
f 2942/1431 2948/1436 2947/1420
f 2859/1723 2926/1735 2854/1743
f 2925/1705 2946/1704 2917/1679
f 2858/1691 2946/1704 2925/1705
f 2926/1735 2859/1723 2925/1705
f 2641/1518 2640/1519 2617/1521
f 2853/1441 1321/1443 2852/1453
f 2942/1431 2920/1444 2948/1436
f 2947/1420 2922/1424 2942/1431
f 2921/1724 2925/1705 2920/1715
f 2945/2058 2909/2062 2826/2056
f 1322/2063 2826/2056 2909/2062
f 2825/2043 2905/2046 2841/2050
f 2840/2052 2905/2046 2904/2045
f 2939/1405 1336/1413 2901/1411
f 2931/1390 2787/1395 2941/1403
f 2791/1389 2787/1395 2944/1382
f 2931/1390 2944/1382 2787/1395
f 2823/1375 2932/1356 2822/1367
f 2943/1381 2930/1368 2936/1388
f 2627/1512 2641/1518 2868/1520
f 2773/1782 2848/1771 2814/1778
f 2920/1444 2942/1431 2919/1439
f 2923/1425 2919/1439 2942/1431
f 2864/1409 1174/1418 2941/1403
f 2949/1719 2940/1700 2937/1718
f 1336/1413 2939/1405 2935/1400
f 2941/1403 2934/1394 2931/1390
f 2938/1699 2937/1718 2940/1700
f 2935/1400 2936/1388 2934/1394
f 2939/1405 2936/1388 2935/1400
f 2937/1718 2938/1699 2935/1709
f 1173/1406 2935/1400 2934/1394
f 2901/1411 2902/1399 2939/1405
f 2936/1388 2930/1368 2934/1394
f 2933/1374 632/1345 2930/1368
f 632/1345 2932/1356 2930/1368
f 2930/1368 2944/1382 2931/1390
f 2931/1390 2934/1394 2930/1368
f 2932/1356 2823/1375 2930/1368
f 2943/1381 2933/1374 2930/1368
f 2953/1392 2929/1387 1334/1398
f 2929/2051 2832/2048 1334/2054
f 1176/1376 2822/1367 1324/1357
f 1176/2039 1324/2035 2820/2032
f 1336/1688 1337/1649 2901/1698
f 693/1648 1337/1649 695/1638
f 693/1648 690/1664 1337/1649
f 686/1404 2901/1411 692/1410
f 2902/1399 2901/1411 686/1404
f 2901/1698 691/1687 692/1697
f 2901/1698 1337/1649 691/1687
f 691/1687 1337/1649 690/1664
f 685/1397 686/1404 687/1391
f 2902/1399 686/1404 685/1397
f 2900/1379 684/1386 683/1385
f 2824/1346 1324/1357 2822/1367
f 2889/1890 2898/1906 1329/1878
f 2876/1891 537/1881 2886/1853
f 1675/351 1663/311 1661/327
f 2672/2661 2882/2678 2673/2676
f 1654/181 1979/159 2990/158
f 1927/1933 1929/1979 2899/1969
f 1931/1959 2899/1969 1929/1979
f 135/306 1902/343 199/344
f 2898/1906 1978/1953 1328/1955
f 2898/1906 2889/1890 2893/1909
f 2887/1843 2897/1845 2890/1880
f 2896/1930 2883/1956 1165/1931
f 587/1832 2887/1843 2886/1853
f 1983/319 1974/360 1965/338
f 2894/4500 605/4501 2895/4502
f 2894/1855 588/1825 605/1836
f 2894/1855 2895/1854 588/1825
f 1877/1929 2898/1906 2893/1909
f 1369/1914 2893/1909 2890/1880
f 2891/1197 2829/1196 2892/1193
f 1978/1953 2898/1906 1988/1940
f 1694/1965 1978/1953 1988/1940
f 1327/2696 1551/2685 2885/2687
f 1326/1958 2870/1932 2888/1943
f 1554/1966 1694/1965 1988/1940
f 2887/1843 2895/1854 2897/1845
f 270/1820 2897/1845 605/1836
f 1953/3138 1955/3133 1963/3132
f 1942/1846 270/1820 837/1837
f 270/1820 605/1836 582/1818
f 588/1825 592/1833 605/1836
f 2889/1890 2887/1843 2890/1880
f 2888/1943 2870/1932 1168/1908
f 1329/1878 1330/1866 2887/1843
f 1167/1879 2876/1891 2886/1853
f 574/1835 2886/1853 538/1857
f 1329/1878 2887/1843 2889/1890
f 2890/1880 2893/1909 2889/1890
f 574/1835 587/1832 2886/1853
f 537/1881 538/1857 2886/1853
f 1326/1199 2738/1192 2828/1195
f 1328/2698 2885/2687 2675/2686
f 2879/1941 2883/1956 2896/1930
f 2878/1978 2884/1957 2883/1956
f 2673/2676 2882/2678 2670/2673
f 1695/459 1552/460 1549/443
f 1695/459 1549/443 2681/431
f 2881/2702 2880/2708 1328/2698
f 2879/1941 1328/1955 2880/1967
f 2725/2731 2728/2725 2733/2733
f 2869/1212 2833/1206 2875/1215
f 573/1230 518/1234 517/1225
f 2674/2697 1325/2709 2878/2716
f 2842/1213 2877/1208 2844/1216
f 2838/1218 2834/1211 2842/1213
f 2876/1891 2874/1910 537/1881
f 2871/1219 2873/1222 2875/1215
f 2834/1211 2871/1219 2875/1215
f 831/1893 2874/1910 2873/1923
f 2833/1206 2869/1212 2872/1207
f 831/1893 521/1911 522/1867
f 2838/1218 2871/1219 2834/1211
f 2869/1922 1168/1908 2870/1932
f 2871/1219 2838/1218 523/1226
f 2876/1891 1168/1908 2869/1922
f 523/1226 2915/1227 2871/1219
f 523/1226 524/1229 2915/1227
f 2915/1227 524/1229 2873/1222
f 2873/1222 2871/1219 2915/1227
f 524/1229 521/1237 831/1233
f 1168/1908 1164/1942 2888/1943
f 2904/1217 2845/1210 2907/1214
f 2845/1210 2906/1205 2907/1214
f 2880/2708 2674/2697 2878/2716
f 2912/1201 2872/1207 2870/1204
f 2873/1923 2874/1910 2869/1922
f 513/2018 2819/2029 2817/2022
f 2898/1906 1166/1907 1329/1878
f 1925/1980 1924/1960 1931/1959
f 1923/1970 1924/1960 1925/1980
f 2675/2686 2881/2702 1328/2698
f 2879/1941 2880/1967 2883/1956
f 1165/1931 2883/1956 2884/1957
f 2898/1906 2896/1930 1166/1907
f 2898/1906 1328/1955 2879/1941
f 2681/431 1541/389 1628/414
f 2742/2683 2675/2686 2885/2687
f 1635/3572 2113/3580 2091/3586
f 2105/3587 1635/3572 2091/3586
f 1628/414 1547/429 2681/431
f 2828/1195 2912/1201 1326/1199
f 2881/2702 2674/2697 2880/2708
f 2870/1204 1326/1199 2912/1201
f 2914/2722 2738/2729 1326/2730
f 2738/2729 2914/2722 1360/2711
f 2888/1943 1164/1942 2884/1957
f 2913/1968 2888/1943 2884/1957
f 1360/2711 2914/2722 1325/2709
f 2729/2699 1360/2711 1325/2709
f 2786/2672 2671/2667 2676/2657
f 1325/2709 2913/2723 2878/2716
f 2913/1968 1326/1958 2888/1943
f 2891/1197 2908/1203 2903/1202
f 2903/1202 2829/1196 2891/1197
f 2903/1202 2833/1206 2912/1201
f 2906/1205 2908/1203 2839/1200
f 2892/1193 2720/1185 2910/1189
f 2740/2718 2733/2733 2727/2719
f 2733/2733 2728/2725 2727/2719
f 2738/1192 1276/1184 2828/1195
f 2892/1193 2829/1196 1276/1184
f 2912/1201 2828/1195 2903/1202
f 2842/1213 2834/1211 2903/1202
f 2832/2048 2827/2053 1332/2057
f 2839/2055 2911/2061 2945/2058
f 2839/1200 2891/1197 2910/1189
f 2908/1203 2891/1197 2839/1200
f 2653/2068 1323/2067 2651/2071
f 1275/2735 2733/2733 2723/2734
f 2605/2693 2606/2704 2739/2712
f 2721/1191 2719/1179 2652/1187
f 2658/1180 2652/1187 2719/1179
f 2718/1182 3060/1194 2910/1189
f 2720/1185 2718/1182 2910/1189
f 2909/2062 3060/2066 1323/2067
f 2735/2689 2675/2686 2785/2682
f 2605/2693 2739/2712 2731/2705
f 2908/1203 2845/1210 2877/1208
f 2907/1214 2840/1209 2904/1217
f 2906/1205 2840/1209 2907/1214
f 2842/1213 2836/1223 2837/1224
f 2904/2045 2905/2046 2830/2040
f 2905/2046 2825/2043 2830/2040
f 2844/1216 2904/1217 2835/1220
f 2903/1202 2877/1208 2842/1213
f 2877/1208 2845/1210 2844/1216
f 2843/1221 517/1225 2838/1218
f 2831/2049 2827/2053 2832/2048
f 2842/1213 2844/1216 2835/1220
f 2908/1203 2906/1205 2845/1210
f 2840/2052 2841/2050 2905/2046
f 2839/2055 2841/2050 2840/2052
f 2906/1205 2839/1200 2840/1209
f 1368/1228 2838/1218 517/1225
f 505/2015 513/2018 2817/2022
f 2843/1221 2837/1224 517/1225
f 2837/1224 573/1230 517/1225
f 2837/2034 2819/2029 573/2027
f 573/2027 2819/2029 513/2018
f 2818/2036 2819/2029 2836/2038
f 2817/2022 512/2028 505/2015
f 512/2028 507/2030 505/2015
f 2904/2045 2830/2040 2835/2042
f 2830/2040 2836/2038 2835/2042
f 2831/2049 2826/2056 2827/2053
f 2834/1211 2833/1206 2903/1202
f 2892/1193 2910/1189 2891/1197
f 2832/2048 1175/2041 2831/2049
f 2818/2036 2830/2040 2825/2043
f 2830/2040 2818/2036 2836/2038
f 1276/1184 2829/1196 2828/1195
f 2842/1213 2843/1221 2838/1218
f 2836/1223 2842/1213 2835/1220
f 2903/1202 2908/1203 2877/1208
f 2720/1185 2892/1193 1276/1184
f 1331/2059 2827/2053 2826/2056
f 2826/2056 2831/2049 2945/2058
f 1175/2041 2825/2043 2831/2049
f 1322/2063 1331/2059 2826/2056
f 533/1319 534/1337 2824/1346
f 2817/2022 2820/2032 1324/2035
f 2823/1375 2822/1367 1177/1380
f 625/1336 533/1319 2824/1346
f 2822/1367 2821/1383 1177/1380
f 2716/2064 1333/2060 1373/2065
f 2821/2047 1176/2039 1177/2044
f 2818/2036 2825/2043 1175/2041
f 2818/2036 2820/2032 2819/2029
f 1176/2039 2820/2032 2818/2036
f 2817/1358 2816/1347 512/1338
f 2817/1358 534/1337 2816/1347
f 2816/1347 509/1330 512/1338
f 2816/1347 534/1337 509/1330
f 2932/1356 2824/1346 2822/1367
f 2822/1367 1176/1376 2821/1383
f 2813/1783 1312/1785 1303/1776
f 2815/1452 2775/1458 2814/1464
f 2776/1469 2813/1485 2777/1483
f 2812/1435 1321/1443 2811/1430
f 2808/1470 1313/1455 1315/1465
f 2809/1429 2810/1440 2789/1433
f 2811/1430 1321/1443 2853/1441
f 2641/1518 2634/1523 2796/1522
f 2751/2176 2615/2167 2623/2168
f 2618/2148 2795/2153 1318/2157
f 2621/1514 2750/1517 2630/1511
f 2765/2159 2753/2164 2754/2155
f 2800/2152 2765/2159 2754/2155
f 1296/2210 2761/2216 2698/2205
f 2808/1470 1316/1479 1309/1488
f 1312/1497 2813/1485 2805/1477
f 1312/1785 1345/1781 1303/1776
f 1309/1488 1384/1487 2808/1470
f 2778/1462 1314/1463 2807/1478
f 1382/1486 2778/1462 2807/1478
f 1375/1495 2806/1484 2778/1462
f 2772/1496 2805/1477 2806/1484
f 2778/1462 2806/1484 2805/1477
f 2804/1447 1317/1446 2775/1458
f 2257/2265 2295/2254 2284/2237
f 2801/1754 2803/1751 2802/1765
f 2789/1433 2788/1419 2809/1429
f 2806/1484 1375/1495 2772/1496
f 2808/1470 2807/1478 1314/1463
f 1384/1487 2807/1478 2808/1470
f 2624/2182 3063/2175 2622/2181
f 2690/4101 2696/4111 2697/4108
f 3392/1560 1309/1536 3393/1553
f 2528/1461 2531/1457 2797/1450
f 2793/1445 2798/1428 2796/1438
f 2531/1457 1313/1455 2793/1445
f 2641/1518 2796/1522 2868/1520
f 1765/2944 1242/2949 2584/2955
f 2796/1438 2797/1450 2793/1445
f 2867/1417 2868/1422 2798/1428
f 2794/1437 2798/1428 2793/1445
f 2639/1166 2635/1158 2694/1159
f 2865/1451 2810/1440 2792/1449
f 2809/1429 2798/1428 2794/1437
f 2781/1119 2695/1122 2780/1110
f 2866/1423 2867/1417 2809/1429
f 2867/1417 2627/1408 2868/1422
f 2627/1408 2867/1417 2787/1395
f 2791/1389 2790/1402 2787/1395
f 2787/1395 2867/1417 2866/1423
f 2613/1161 2650/1168 2647/1173
f 2865/1451 1317/1446 2810/1440
f 2864/1409 2788/1419 2923/1425
f 2809/1429 2794/1437 2810/1440
f 2852/1764 2851/1760 2853/1752
f 2775/1458 2815/1452 2804/1447
f 2803/1751 2861/1742 2856/1741
f 2854/1743 2803/1751 2856/1741
f 2815/1452 2812/1435 2804/1447
f 2788/1419 2789/1433 2812/1435
f 2777/1779 1303/1776 2848/1771
f 2775/1458 2778/1462 2776/1469
f 2804/1447 2812/1435 2789/1433
f 2812/1435 2863/1448 1321/1443
f 2815/1452 1320/1454 2863/1448
f 2856/1741 2859/1723 2854/1743
f 2771/1757 2770/1758 2862/1748
f 2847/1731 2855/1722 2861/1742
f 2847/1731 2860/1713 2855/1722
f 2858/1691 2855/1722 2860/1713
f 2847/1731 2846/1738 2766/1712
f 2847/1731 2766/1712 2860/1713
f 2859/1723 2856/1741 2857/1734
f 2858/1691 2857/1734 2855/1722
f 2846/1738 2849/1745 2801/1754
f 2801/1754 2849/1745 2803/1751
f 2857/1734 2856/1741 2855/1722
f 2861/1742 2855/1722 2856/1741
f 2851/1760 2854/1743 2853/1752
f 2926/1735 2853/1752 2854/1743
f 2802/1765 2851/1760 2852/1764
f 1320/1775 2802/1765 2852/1764
f 2803/1751 2851/1760 2802/1765
f 2803/1751 2854/1743 2851/1760
f 2802/1765 2850/1770 2801/1754
f 1303/1776 2777/1779 2813/1783
f 2850/1770 2848/1771 2801/1754
f 2847/1731 2849/1745 2846/1738
f 2802/1765 1320/1775 2850/1770
f 1303/1776 1302/1766 2848/1771
f 2814/1778 2848/1771 2850/1770
f 2861/1742 2803/1751 2847/1731
f 2803/1751 2849/1745 2847/1731
f 2513/1749 1300/1762 3394/1768
f 2769/1733 2766/1712 2846/1738
f 2801/1754 2848/1771 1302/1766
f 2801/1754 2771/1757 2846/1738
f 2769/1733 2862/1748 2770/1758
f 3390/1780 1298/1772 3396/1784
f 1312/1497 2805/1477 2772/1496
f 2775/1458 2773/1471 2814/1464
f 2775/1458 1317/1446 2778/1462
f 2776/1469 2777/1483 2774/1476
f 2773/1471 2775/1458 2774/1476
f 3398/1501 1382/1486 3399/1503
f 1311/1787 2772/1789 1375/1792
f 2770/1758 2513/1749 2769/1733
f 2767/1721 2512/1732 1277/1690
f 1362/2925 1838/2921 1211/2931
f 1303/1776 1345/1781 1298/1772
f 2770/1758 2771/1757 1301/1767
f 2770/1758 1301/1767 1300/1762
f 2768/1740 2767/1721 2769/1733
f 2511/2929 2586/2924 3368/2935
f 3365/1750 2768/1740 3404/1759
f 1688/3111 1776/3107 1774/3117
f 2766/1712 2769/1733 2767/1721
f 2766/1712 2954/1701 2860/1713
f 1277/1690 2766/1712 2767/1721
f 2647/1173 2650/1168 2713/1175
f 2751/2176 2623/2168 2640/2173
f 1294/2163 2753/2164 2765/2159
f 2668/863 2452/855 2506/875
f 2452/855 2453/872 2506/875
f 2717/1407 1372/1414 2715/1415
f 1455/465 2581/505 2580/522
f 1294/2163 2764/2171 2753/2164
f 2763/2212 1861/2202 1847/2207
f 2643/2180 2762/2189 2639/2177
f 1278/2258 1823/2273 2628/2257
f 2752/2147 2760/2151 1295/2142
f 2596/1150 2712/1156 2601/1160
f 2601/1160 2593/1167 2595/1163
f 2761/2216 2710/2222 2698/2205
f 2752/2147 2754/2155 2704/2156
f 2760/2151 2752/2147 2704/2156
f 2691/2897 2124/2887 2759/2879
f 2567/953 2541/975 2540/964
f 2758/2654 2756/2660 2757/2664
f 1716/2911 2757/2918 2756/2915
f 2539/1002 2629/987 2540/964
f 1095/2218 1282/2209 1780/2213
f 2618/2148 1261/2139 1213/2141
f 2539/1002 2568/1018 2755/1033
f 2600/1151 2693/1141 2635/1158
f 2032/3049 1114/3059 2253/3050
f 2703/1017 2629/987 2539/1002
f 2702/1050 2705/1073 2748/1084
f 2749/2165 2754/2155 2753/2164
f 1289/2137 1367/2145 2752/2147
f 2751/2176 2750/2188 2622/2181
f 2749/2165 2704/2156 2754/2155
f 2747/1098 2599/1111 2748/1084
f 2800/2152 2754/2155 2752/2147
f 1367/2145 2800/2152 2752/2147
f 2750/2188 2751/2176 2626/2185
f 2868/1422 2799/1432 2798/1428
f 1313/1455 1317/1446 2865/1451
f 2795/1459 2797/1450 1318/1456
f 2797/1450 2796/1438 1318/1456
f 1213/2141 2795/2153 2618/2148
f 2528/1461 2797/1450 2795/1459
f 1756/760 1712/776 1093/740
f 2792/1449 2794/1437 2793/1445
f 2717/1407 2790/1402 2791/1389
f 2643/2180 2636/2187 2762/2189
f 2715/1415 2714/1416 2790/1402
f 2804/1447 2789/1433 1317/1446
f 2789/1433 2810/1440 1317/1446
f 2787/1395 2866/1423 2788/1419
f 2646/2720 2657/2727 2610/2715
f 2638/2191 2637/2194 2636/2187
f 2684/2674 2607/2680 2620/2670
f 2784/4097 2690/4101 2597/4098
f 2786/2672 2785/2682 2680/2677
f 2786/2672 2736/2679 2785/2682
f 2727/2719 2732/2714 2740/2718
f 2687/2675 2607/2680 2684/2674
f 2603/2684 2605/2693 2730/2690
f 2094/302 1600/341 1885/322
f 1946/261 2094/302 1885/322
f 2758/2654 1772/2649 2756/2660
f 2698/4105 2710/4106 2597/4098
f 1606/2905 1604/2898 2756/2915
f 2730/2690 2736/2679 2603/2684
f 2747/1098 2780/1110 2695/1122
f 2679/2703 2608/2695 2711/2692
f 2756/2915 1604/2898 1716/2911
f 2646/2720 2609/2706 2612/2721
f 2602/2707 2612/2721 2609/2706
f 2760/1049 2705/1073 2702/1050
f 2690/4101 2698/4105 2597/4098
f 2689/4104 2784/4097 2611/4103
f 2706/2183 2764/2171 2639/2177
f 2711/2692 2611/2710 2679/2703
f 2596/1150 2710/1157 2598/1132
f 2648/2178 1290/2169 1307/2170
f 1094/2244 1610/2234 1607/2253
f 2703/1017 2755/1033 2760/1049
f 2693/1141 2694/1159 2635/1158
f 2625/1120 2695/1122 2693/1141
f 1693/2203 2759/2208 1847/2207
f 1603/2869 1847/2863 2759/2879
f 2624/2182 2633/2190 2648/2178
f 1501/413 1575/386 2783/412
f 2746/2643 1580/2638 1772/2649
f 2762/1171 2635/1158 2639/1166
f 1381/2741 1427/2755 1822/2746
f 2642/2227 2761/2216 2700/2221
f 2758/2654 2757/2664 2682/2652
f 2749/2165 2753/2164 2782/2172
f 2781/1119 2749/1097 2782/1131
f 2748/1084 2705/1073 2747/1098
f 2703/1017 2539/1002 2755/1033
f 2749/1097 2780/1110 2705/1073
f 2746/2643 2758/2654 2682/2652
f 2498/934 2567/953 2540/964
f 2599/1111 2642/1133 2779/1121
f 2761/2216 2642/2227 2709/2229
f 2747/1098 2705/1073 2780/1110
f 2600/1151 2712/1156 2614/1140
f 1702/2853 1856/2838 1847/2863
f 2688/2688 2711/2692 2607/2680
f 2759/2208 1693/2203 2696/2197
f 2688/4110 2689/4104 2711/4109
f 2689/4104 2611/4103 2711/4109
f 2710/1157 2709/1152 2598/1132
f 2749/1097 2781/1119 2780/1110
f 2753/2164 2764/2171 2782/2172
f 2695/1122 2781/1119 2708/1139
f 2707/2890 1604/2898 1691/2880
f 1763/2236 1811/2223 1848/2219
f 2997/405 2669/419 1673/390
f 2748/1084 2599/1111 2779/1121
f 2761/2216 1296/2210 2700/2221
f 2706/1162 2639/1166 2694/1159
f 2684/2674 2685/2669 2687/2675
f 1178/1692 1774/1714 1819/1703
f 2698/2205 1297/2201 1296/2210
f 2700/2221 2779/2238 2642/2227
f 2700/2221 2701/2246 2702/2256
f 2705/1073 2704/1083 2749/1097
f 2701/1020 2703/1017 2702/1050
f 2628/2257 2701/2246 2699/2239
f 1784/3121 1774/3117 1280/3127
f 1278/2258 2628/2257 2699/2239
f 2700/2221 2699/2239 2701/2246
f 2700/2221 1810/2228 2699/2239
f 1810/2228 1279/2247 2699/2239
f 2672/2661 1547/2665 1546/2655
f 1696/2659 1722/2648 1721/2653
f 1717/2904 1604/2898 2707/2890
f 1297/2201 2698/2205 2697/2199
f 2690/4101 2697/4108 2698/4105
f 2609/2706 1264/2701 2602/2707
f 1863/2198 2696/2197 1692/2200
f 2695/1122 2708/1139 2692/1149
f 2692/1149 2706/1162 2694/1159
f 2124/2887 2686/2903 1767/2896
f 2694/1159 2693/1141 2692/1149
f 2692/1149 2693/1141 2695/1122
f 2689/4104 2688/4110 2691/4107
f 2689/4104 2691/4107 2690/4101
f 2696/4111 2690/4101 2691/4107
f 2687/2916 1770/2909 2688/2910
f 1770/2909 2686/2903 2688/2910
f 2676/2657 2683/2663 2620/2670
f 2683/2663 2685/2669 2684/2674
f 2684/2674 2620/2670 2683/2663
f 2685/2669 2683/2663 2682/2652
f 2682/2652 2683/2663 2676/2657
f 2672/2661 2673/2676 2681/2671
f 2671/2667 2786/2672 2680/2677
f 2679/2703 2602/2707 2608/2695
f 2673/2676 1695/2681 2681/2671
f 1859/2873 1691/2880 1706/2864
f 1858/2856 1852/2843 2119/2855
f 2305/2841 2509/2837 2125/2840
f 1855/2847 1702/2853 2120/2854
f 1702/2853 1602/2870 2120/2854
f 2678/2917 1770/2909 2687/2916
f 1769/2914 2678/2917 1716/2911
f 2757/2918 1716/2911 2678/2917
f 1553/516 1507/551 1540/534
f 2676/2657 1555/2646 2677/2647
f 1622/375 1593/416 1638/403
f 1478/2633 1627/2626 2062/2636
f 1513/2631 1556/2635 1584/2639
f 2674/2697 2881/2702 2675/2686
f 1585/315 1644/314 1591/276
f 2673/2676 2885/2687 1551/2685
f 1617/457 1645/476 1577/458
f 2118/511 1617/457 1577/458
f 1586/295 1591/276 1538/256
f 1582/430 1625/402 1619/415
f 2670/2673 2882/2678 2672/2661
f 2672/2661 2671/2667 2670/2673
f 1547/429 1628/414 1625/402
f 1673/390 2669/419 1669/408
f 1556/2635 2741/2634 2746/2643
f 2745/363 1673/390 1674/361
f 1463/334 1557/354 1615/313
f 1567/490 2743/513 1488/473
f 1570/453 1504/426 1583/439
f 2977/391 2997/405 2996/362
f 1504/426 1570/453 1572/472
f 2744/418 1670/445 2669/419
f 1740/800 1748/838 1732/827
f 1644/314 1585/315 1620/355
f 1614/2503 1491/2502 2743/2504
f 1478/2633 1509/2637 1511/2630
f 1675/351 1674/361 1666/367
f 1669/408 2669/419 1670/445
f 1946/261 1653/247 1590/277
f 1562/441 1573/470 1583/439
f 1090/605 1468/569 1502/586
f 2680/2677 2785/2682 2675/2686
f 1589/312 1677/352 1463/334
f 2675/2686 2742/2683 2680/2677
f 2670/2673 2680/2677 2742/2683
f 2741/2634 1580/2638 2746/2643
f 2671/2667 2680/2677 2670/2673
f 2735/2689 2729/2699 2674/2697
f 2671/2667 2672/2661 2676/2657
f 2672/2661 1555/2646 2676/2657
f 2734/2726 2740/2718 2739/2712
f 2734/2726 2739/2712 2737/2713
f 1325/2709 2674/2697 2729/2699
f 2742/2683 2885/2687 2670/2673
f 1589/312 1664/293 1663/311
f 2722/2732 2734/2726 2610/2715
f 2681/2671 1547/2665 2672/2661
f 2645/2081 2632/2080 2633/2082
f 2725/2731 2738/2729 1360/2711
f 2737/2713 2739/2712 2606/2704
f 2679/2703 2611/2710 2602/2707
f 1275/2735 2725/2731 2733/2733
f 2785/2682 2736/2679 2735/2689
f 2736/2679 2730/2690 2735/2689
f 1361/2700 2730/2690 2605/2693
f 2624/2182 2648/2178 1307/2170
f 2733/2733 2740/2718 2734/2726
f 2731/2705 2732/2714 1361/2700
f 1361/2700 2732/2714 2727/2719
f 2735/2689 2730/2690 2729/2699
f 2730/2690 1361/2700 2729/2699
f 2728/2725 2725/2731 1360/2711
f 1360/2711 2726/2717 2728/2725
f 2727/2719 2726/2717 1361/2700
f 2728/2725 2726/2717 2727/2719
f 2644/2076 2724/2073 1273/2070
f 2724/2073 1372/2069 1273/2070
f 2725/1188 1276/1184 2738/1192
f 1372/1414 2724/1426 2715/1415
f 2657/2727 2723/2734 2722/2732
f 2721/1191 2651/1186 2719/1179
f 2657/2727 2722/2732 2610/2715
f 2723/2734 2733/2733 2734/2726
f 1275/1181 2723/1183 2657/1176
f 2618/2148 1319/2160 2617/2166
f 1274/1177 2720/1185 1276/1184
f 2718/1182 2720/1185 1274/1177
f 1274/1177 2719/1179 2718/1182
f 2653/2068 1373/2065 1322/2063
f 1274/1177 2713/1175 2719/1179
f 2632/2080 2645/2081 2644/2076
f 1273/2070 2632/2080 2644/2076
f 2627/1408 2790/1402 2714/1416
f 2790/1402 2717/1407 2715/1415
f 1372/1414 2717/1407 2716/1401
f 2715/1415 2724/1426 2644/1427
f 2631/1421 2714/1416 2644/1427
f 2715/1415 2644/1427 2714/1416
f 2650/1168 2656/1178 2713/1175
f 2638/2191 1271/2186 2655/2193
f 1284/2174 1290/2169 1272/2179
f 2655/2193 1271/2186 2656/2195
f 1271/2075 2654/2072 2656/2079
f 2658/2077 2656/2079 2654/2072
f 1274/1177 2657/1176 2647/1173
f 2655/2193 2656/2195 2649/2196
f 2649/4509 2656/4510 2650/4511
f 2647/1173 2713/1175 1274/1177
f 2656/1178 2658/1180 2713/1175
f 2654/2072 2652/2074 2658/2077
f 2654/2072 2653/2068 2652/2074
f 2652/1187 2651/1186 2721/1191
f 2652/2074 2653/2068 2651/2071
f 1284/2174 1294/2163 1290/2169
f 2649/1172 2650/1168 2637/1165
f 2633/2082 2624/2084 2645/2081
f 1290/2169 2648/2178 1272/2179
f 2647/1173 2657/1176 2646/1174
f 2613/1161 2647/1173 2646/1174
f 2649/2196 2637/2194 2655/2193
f 2644/2076 2645/2081 2621/2083
f 1294/2163 1284/2174 2643/2180
f 2621/1514 2631/1513 2644/1516
f 2598/1132 2709/1152 2642/1133
f 2637/1165 2650/1168 2613/1161
f 2630/1511 2750/1517 2626/1515
f 2641/1518 2626/1515 2640/1519
f 1294/2163 2639/2177 2764/2171
f 1284/2174 2636/2187 2643/2180
f 1284/2174 2638/2191 2636/2187
f 1294/2163 2643/2180 2639/2177
f 2635/1158 2613/1161 2600/1151
f 2613/1161 2635/1158 2637/1165
f 2640/2173 2623/2168 2617/2166
f 2635/1158 2762/1171 2636/1169
f 2635/1158 2636/1169 2637/1165
f 1319/1524 2634/1523 2617/1521
f 1305/2158 2616/2161 2615/2167
f 1272/2078 2633/2082 2632/2080
f 2630/1511 2627/1512 2631/1513
f 1266/977 2629/987 2628/1006
f 2701/1020 2628/1006 2629/987
f 2641/1518 2627/1512 2626/1515
f 2598/1132 2625/1120 2614/1140
f 2627/1408 2714/1416 2631/1421
f 2627/1512 2630/1511 2626/1515
f 2619/2149 1261/2139 2618/2148
f 2645/2081 2624/2084 2621/2083
f 2615/2167 3063/2175 1307/2170
f 2616/2161 2623/2168 2615/2167
f 2761/2216 2709/2229 2710/2222
f 2621/2083 2624/2084 2622/2085
f 2607/2680 2603/2684 2620/2670
f 2618/2148 1270/2154 2619/2149
f 1270/2154 1269/2140 2619/2149
f 2616/2161 1270/2154 2618/2148
f 2617/2166 2616/2161 2618/2148
f 1533/714 1451/737 1444/698
f 1291/2162 1305/2158 2615/2167
f 2622/2085 2750/2086 2621/2083
f 2712/1156 2596/1150 2614/1140
f 1261/2139 2619/2149 1269/2140
f 2541/975 2569/1003 2543/1004
f 2612/1170 2594/1164 2613/1161
f 2602/2707 2611/2710 2593/2724
f 2784/4097 2593/4100 2611/4103
f 2736/2679 2620/2670 2603/2684
f 1264/2701 2604/2691 2608/2695
f 2609/2706 2646/2720 2610/2715
f 1265/2694 2609/2706 2610/2715
f 2607/2680 2711/2692 2608/2695
f 2608/2695 2602/2707 1264/2701
f 2607/2680 2608/2695 2604/2691
f 2606/2704 1265/2694 2737/2713
f 2605/2693 1265/2694 2606/2704
f 2603/2684 2604/2691 1265/2694
f 2596/1150 2598/1132 2614/1140
f 2613/1161 2594/1164 2600/1151
f 2594/2728 2612/2721 2602/2707
f 2594/1164 2601/1160 2600/1151
f 2642/1133 2599/1111 2598/1132
f 2712/1156 2600/1151 2601/1160
f 2625/1120 2598/1132 2599/1111
f 2597/4098 2596/4102 2595/4099
f 2594/1164 2593/1167 2601/1160
f 1609/2263 1733/2252 1832/2270
f 1699/775 1740/800 1701/802
f 2466/602 2465/621 2463/585
f 1524/488 1573/470 1562/441
f 2573/845 2292/834 2578/823
f 1455/465 2592/447 1453/482
f 2452/855 2668/863 2591/844
f 2395/955 2405/963 2590/984
f 2542/2118 2543/2122 2569/2129
f 2499/942 2498/934 2575/954
f 2589/868 2570/850 1412/861
f 2473/862 2573/845 2660/843
f 1350/2121 1292/2116 2521/2108
f 1367/2145 1287/2132 1269/2140
f 1218/2096 1220/2105 2572/2088
f 2668/863 2661/884 2667/874
f 2532/2087 2523/2091 2572/2088
f 1267/965 2540/964 2629/987
f 1727/2490 1719/2496 1720/2494
f 2395/955 2590/984 2566/976
f 2398/943 1339/931 2404/922
f 1761/4367 1442/4369 1417/4368
f 2490/986 2590/984 2405/963
f 1338/904 2396/935 2497/924
f 2473/862 2665/873 2664/882
f 2575/2288 1758/2300 2499/2305
f 1260/893 2663/883 2415/902
f 2665/873 1363/892 2664/882
f 1248/1032 2505/1000 2399/1015
f 2499/2305 1758/2300 1760/2314
f 1749/3087 1715/3078 1741/3086
f 2473/862 2660/843 2666/854
f 2667/874 2663/883 2666/854
f 2475/805 2469/803 2476/829
f 2569/1003 2541/975 2547/988
f 2473/862 2666/854 2665/873
f 1363/892 1338/904 2662/885
f 1535/2481 1725/2488 1406/2484
f 2662/885 2664/882 1363/892
f 2660/843 2573/845 2578/823
f 2666/854 2663/883 2665/873
f 2663/883 1260/893 2665/873
f 1363/892 2665/873 1260/893
f 989/601 2659/582 1000/618
f 1088/489 1583/439 1573/470
f 2452/855 2591/844 2451/833
f 1036/908 2507/905 1050/898
f 1731/3077 1711/3067 1701/3085
f 2472/876 2664/882 2662/885
f 2474/841 1420/851 2476/829
f 2450/755 2458/735 2454/697
f 2663/883 2667/874 2661/884
f 2408/915 1260/893 2415/902
f 2518/1534 2554/1544 2552/1538
f 1412/861 2472/876 2662/885
f 2414/894 2415/902 2661/884
f 2415/902 2663/883 2661/884
f 2506/875 2661/884 2668/863
f 2515/2099 2582/2093 2562/2107
f 2666/854 2668/863 2667/874
f 1437/785 995/772 1045/788
f 2532/2087 2548/2090 2582/2093
f 2532/2087 1223/2089 2548/2090
f 2578/823 2478/822 2660/843
f 2666/854 2660/843 2478/822
f 2253/3050 1114/3059 1711/3067
f 2478/822 2451/833 2591/844
f 1843/795 2478/822 2578/823
f 1407/562 1726/580 1766/542
f 1531/520 1454/504 2973/481
f 1062/557 2579/523 1531/520
f 2659/582 989/601 1519/566
f 1015/574 1062/557 1531/520
f 1518/544 1530/532 1527/564
f 1532/653 1258/612 965/635
f 1565/427 1456/455 1562/441
f 1525/521 2581/505 1453/482
f 1457/514 2580/522 1525/521
f 1583/439 1504/426 1608/410
f 1453/482 2581/505 1455/465
f 1064/600 1000/618 2659/582
f 1453/482 2579/523 1525/521
f 2287/3081 1845/3071 2290/3093
f 1426/2752 2293/2745 2290/2763
f 2290/2763 1429/2772 1426/2752
f 2578/823 2459/796 1843/795
f 2461/736 2446/715 1014/738
f 887/832 2451/833 2479/811
f 1432/603 2447/643 2460/642
f 994/677 2577/663 2462/639
f 2461/736 2454/697 2446/715
f 2464/623 2466/602 2455/641
f 2447/643 2577/663 2574/681
f 994/677 2574/681 2577/663
f 2454/697 2461/736 2450/755
f 1534/756 2458/735 2450/755
f 1533/714 1444/698 2457/680
f 2570/850 1750/869 1420/851
f 1429/2772 1422/2773 1426/2752
f 1248/1032 2489/1016 2576/1001
f 1256/3099 1827/3068 1359/3095
f 1412/861 2471/891 1825/880
f 2471/2800 1252/2779 1825/2786
f 1233/2287 2575/2288 1823/2273
f 1254/2778 1743/2790 1839/2799
f 2468/804 1411/840 2480/828
f 1155/2756 1842/2747 1829/2742
f 1529/547 1521/567 1559/568
f 2574/681 993/716 897/699
f 2479/811 889/812 887/832
f 2473/862 1413/856 2573/845
f 2503/1029 2501/997 2492/1011
f 2444/923 2413/916 2495/903
f 1216/2111 1293/2117 1243/2114
f 1221/2098 1244/2110 1250/2106
f 2411/2136 1247/2123 1248/2131
f 2495/903 2443/933 2444/923
f 1344/1549 2560/1537 1286/1543
f 2543/2122 2568/2134 2538/2143
f 2485/2983 2410/3002 2481/2991
f 2571/2097 2572/2088 1220/2105
f 1222/2092 2572/2088 2571/2097
f 2421/1030 2426/1061 2438/1046
f 2570/2806 1710/2785 1750/2796
f 2544/2130 2542/2118 2569/2129
f 1288/2124 2568/2134 2543/2122
f 1219/2113 2521/2108 1292/2116
f 2566/976 2567/953 2395/955
f 2566/976 2547/988 2567/953
f 2566/976 2588/1005 2547/988
f 2408/915 2404/922 1260/893
f 2397/945 2498/934 2497/924
f 2590/984 2490/986 2566/976
f 2490/986 2546/1019 2566/976
f 2398/943 2405/963 2395/955
f 2567/953 2397/945 2395/955
f 2498/934 2397/945 2567/953
f 1835/2278 1241/2286 1609/2263
f 2588/1005 2546/1019 2547/988
f 1680/1093 1681/1108 2427/1081
f 1417/4368 1442/4369 1419/4371
f 1339/931 1259/914 2404/922
f 2496/913 2453/872 2435/896
f 2508/1012 2438/1046 2423/1060
f 2438/1046 2508/1012 2421/1030
f 2403/932 2407/952 2398/943
f 2544/4429 2587/4430 2547/4431
f 2569/4433 2547/4431 2587/4430
f 2569/4433 2587/4430 2544/4429
f 1239/2737 1829/2742 1842/2747
f 2437/1013 2508/1012 2422/1045
f 2544/2130 2546/2144 2489/2135
f 2494/941 2488/951 2392/961
f 2576/1001 2406/974 2505/1000
f 1070/919 2494/941 1036/908
f 2417/936 2416/946 2401/944
f 2503/1029 2421/1030 2501/997
f 2441/981 1152/996 2440/1010
f 1152/996 1151/1028 2440/1010
f 3405/1058 2502/1043 3406/1067
f 2584/2955 2585/2960 1765/2944
f 2586/2924 1838/2921 2510/2920
f 2585/2960 2584/2955 2483/2967
f 2485/2983 2483/2967 2583/2968
f 1212/2938 2537/2939 1374/2948
f 1237/2962 2583/2968 2584/2955
f 1778/1117 2431/1096 1837/1094
f 1356/2936 2537/2939 1838/2921
f 1074/2947 2537/2939 1356/2936
f 2536/2980 2535/2995 2534/3005
f 1245/2982 1306/3007 1232/3000
f 1037/1042 972/1044 1151/1028
f 2536/2980 1208/2996 1202/2986
f 1236/2977 2485/2983 2583/2968
f 3407/1568 2551/1561 3408/1572
f 2535/1554 2551/1561 1308/1548
f 1205/1532 1353/1529 2519/1531
f 1206/1539 1205/1532 2519/1531
f 2557/3013 2556/3020 2563/3016
f 1236/2977 2583/2968 1237/2962
f 1226/2974 1228/2989 1235/2976
f 1348/3001 1224/2999 1226/2974
f 1224/2999 1228/2989 1226/2974
f 2582/2093 2565/2100 2562/2107
f 1250/2106 1228/2102 1223/2089
f 1286/1493 1354/1489 2530/1475
f 1251/2115 2550/2120 1227/2112
f 1247/2123 2409/2138 1236/2125
f 1236/2125 2550/2120 1247/2123
f 1293/2117 1217/2109 1219/2113
f 2409/2993 2485/2983 1236/2977
f 1356/2936 1838/2921 2511/2929
f 2514/1570 2527/1563 2526/1573
f 1224/2999 2516/3015 2549/3018
f 2548/2090 1224/2094 2549/2101
f 1292/2116 1350/2121 1215/2128
f 2545/4432 2547/4431 2546/4434
f 2546/4434 2544/4429 2545/4432
f 2544/4429 2547/4431 2545/4432
f 2523/2091 1218/2096 2572/2088
f 1222/2092 2571/2097 1220/2105
f 1217/2109 1220/2105 1218/2096
f 1287/2132 1262/2126 1269/2140
f 1246/2119 2544/2130 2489/2135
f 2543/2122 2542/2118 1243/2114
f 1244/2110 1246/2119 1251/2115
f 1246/2119 1244/2110 2542/2118
f 2540/964 2541/975 2538/989
f 1213/1473 2528/1461 2795/1459
f 2568/1018 2539/1002 2538/989
f 1261/2139 1263/2133 1213/2141
f 1262/2126 1287/2132 1293/2117
f 1765/2944 1212/2938 1242/2949
f 1838/2921 2586/2924 2511/2929
f 2537/2939 1211/2931 1838/2921
f 2511/2929 1343/2941 1356/2936
f 1374/2948 1242/2949 1212/2938
f 2584/2955 1242/2949 1237/2962
f 1308/1548 1358/1542 2535/1554
f 2535/2995 2536/2980 1310/2985
f 1358/1542 1208/1546 2534/1552
f 1309/1536 2533/1530 1209/1533
f 1358/1542 1209/1533 1208/1546
f 2520/1472 2533/1490 1316/1479
f 1309/1488 1383/1500 1384/1487
f 2531/1457 2520/1472 1315/1465
f 1209/1533 1352/1527 1201/1535
f 2525/1576 2526/1573 2529/1575
f 2532/2087 2582/2093 2515/2099
f 1206/4340 1229/4341 1204/4342
f 2530/1475 2520/1472 2531/1457
f 1285/1569 2529/1575 2526/1573
f 1351/1474 1214/1480 1215/1491
f 1349/1468 2529/1494 1285/1482
f 2528/1461 1214/1480 1351/1474
f 2525/1576 1350/1579 2524/1578
f 2527/1563 1285/1569 2526/1573
f 2530/1475 1354/1489 2520/1472
f 2526/1573 2525/1576 2522/1577
f 2525/1492 2529/1494 1349/1468
f 2522/4435 2524/4436 2521/4437
f 2521/2108 2524/2127 1350/2121
f 1218/2096 2523/2091 2522/2104
f 1218/2096 2522/2104 2521/2108
f 1354/1526 1352/1527 2520/1528
f 2518/1534 2519/1531 1354/1526
f 2516/3015 1224/2999 2517/3010
f 2532/2087 2515/2099 2514/2095
f 1344/1549 2527/1563 2515/1555
f 2515/1555 2527/1563 2514/1570
f 2560/1537 1344/1549 2515/1555
f 2565/2100 2549/2101 2562/2107
f 2514/2095 2523/2091 2532/2087
f 2514/2095 2526/2103 2523/2091
f 2523/2091 2526/2103 2522/2104
f 2525/1576 2524/1578 2522/1577
f 2562/1562 2560/1537 2515/1555
f 2549/2101 2565/2100 2548/2090
f 2548/2090 2565/2100 2582/2093
f 2564/3012 1232/3000 1306/3007
f 2563/3016 2561/3017 2517/3010
f 2563/1564 2559/1550 2561/1556
f 1224/2999 1348/3001 2517/3010
f 2563/3016 2517/3010 1348/3001
f 2554/1544 2553/1551 2552/1538
f 1348/3001 1249/3008 2557/3013
f 2562/3021 2549/3018 2516/3015
f 2516/3015 2561/3017 2562/3021
f 2516/3015 2517/3010 2561/3017
f 2552/1538 2519/1531 2518/1534
f 2563/1564 2556/1557 2559/1550
f 2554/1544 2518/1534 2560/1537
f 2560/1537 2559/1550 2554/1544
f 1232/3000 2558/3011 1249/3008
f 2557/3013 2558/3011 2555/3019
f 2554/1544 2556/1557 2555/1565
f 2559/1550 2556/1557 2554/1544
f 1249/3008 2558/3011 2557/3013
f 1230/4344 1206/4340 2553/4345
f 1080/2965 1202/2986 1207/2988
f 1200/2971 2536/2980 1080/2965
f 1352/1527 1205/1532 1201/1535
f 2519/1531 2552/1538 1206/1539
f 2551/3004 1310/2985 3412/3003
f 1796/3113 1808/3120 1821/3106
f 3404/1759 2513/1749 3414/1763
f 1684/1737 2512/1732 3376/1747
f 3363/2951 1343/2941 3420/2956
f 3421/2923 1824/2919 3423/2927
f 1779/1107 1745/1130 1778/1117
f 2137/2902 2128/2912 2160/2913
f 1856/2838 2509/2837 2305/2841
f 2281/2303 2186/2297 1077/2312
f 1782/2276 1840/2277 2493/2262
f 1612/718 1756/760 1613/719
f 1714/3061 1827/3068 1846/3054
f 2279/2815 1117/2820 2316/2826
f 2440/1010 2492/1011 2441/981
f 2491/1066 2440/1010 2439/1068
f 2546/1019 2490/986 2489/1016
f 2411/4398 2399/4399 2410/4400
f 2424/971 2501/997 2508/1012
f 1070/919 978/928 2494/941
f 2412/973 2484/1014 2500/999
f 2252/2768 2281/2801 1129/2793
f 2435/896 991/886 1013/877
f 1013/877 2507/905 2435/896
f 2424/971 2442/960 2441/981
f 1865/2809 2298/2824 2294/2817
f 2496/4328 2495/4330 2506/4329
f 2505/1000 2406/974 2400/985
f 2487/1062 2422/1045 2481/1070
f 2276/3791 2256/3792 2322/3798
f 2314/2831 2313/2833 2309/2834
f 2240/2264 2299/2271 1866/2279
f 1394/2269 2298/2268 1870/2261
f 2298/2268 1868/2250 1870/2261
f 1826/1080 2428/1069 3430/1092
f 2316/2826 2310/2830 2314/2831
f 1156/2776 1831/2808 2504/2798
f 2310/2351 1119/2333 2312/2344
f 2420/1056 2440/1010 2491/1066
f 1362/2925 1746/2937 1830/2930
f 2419/1077 2434/1103 2433/1088
f 2426/1061 2427/1081 1837/1094
f 2503/1029 2428/1069 1762/1059
f 2440/1010 2502/1043 2492/1011
f 2420/1056 2491/1066 2419/1077
f 2501/997 2441/981 2492/1011
f 2420/1056 2419/1077 2433/1088
f 1779/1107 2427/1081 1681/1108
f 2437/1013 2486/1031 2393/998
f 2239/2792 2252/2768 2067/2777
f 1156/2776 1839/2799 1835/2810
f 1739/3933 1452/3936 1418/3939
f 2422/1045 2486/1031 2437/1013
f 2400/985 2500/999 2484/1014
f 2498/934 2499/942 1759/917
f 1759/917 1338/904 2497/924
f 2407/952 2405/963 2398/943
f 1715/3078 1749/3087 1827/3068
f 2407/952 2412/973 2400/985
f 2488/951 2425/972 2392/961
f 1766/542 1726/580 1753/597
f 2495/903 2496/913 2436/921
f 2495/903 2414/894 2506/875
f 2402/962 2416/946 2494/941
f 1825/880 2589/868 1412/861
f 2399/4399 2445/4402 2410/4400
f 2444/923 2401/944 2403/932
f 2441/981 983/970 1152/996
f 2417/936 2443/933 2436/921
f 2441/981 2442/960 981/949
f 2440/1010 973/1057 2439/1068
f 2440/1010 972/1044 973/1057
f 2418/1104 855/1126 2434/1103
f 2426/1061 2432/1071 2438/1046
f 2424/971 2437/1013 2394/983
f 1036/908 2436/921 2435/896
f 2420/1056 2433/1088 3433/1102
f 2427/1081 1779/1107 1837/1094
f 1826/1080 1762/1059 2428/1069
f 2431/1096 2432/1071 1836/1082
f 2430/1072 2432/1071 2431/1096
f 917/1100 2418/1104 2429/1089
f 2503/1029 2492/1011 2502/1043
f 2428/1069 2503/1029 3405/1058
f 2426/1061 1762/1059 2427/1081
f 2432/1071 2426/1061 1836/1082
f 2394/983 2425/972 2424/971
f 2422/1045 2508/1012 2423/1060
f 2503/1029 1762/1059 2421/1030
f 3406/1067 2420/1056 3441/1078
f 2433/1088 2434/1103 3435/1114
f 2434/1103 2419/1077 2418/1104
f 2419/1077 2429/1089 2418/1104
f 3436/1127 855/1126 3442/1144
f 2432/1071 2430/1072 2438/1046
f 1036/908 2417/936 2436/921
f 1036/908 2494/941 2416/946
f 2436/921 2443/933 2495/903
f 2413/916 2415/902 2414/894
f 2435/896 2436/921 2496/913
f 2412/973 2407/952 2402/962
f 2409/2138 1247/2123 2411/2136
f 2410/4400 2409/4401 2411/4398
f 2403/932 2408/915 2444/923
f 2403/932 2402/962 2407/952
f 2400/985 2406/974 2407/952
f 2406/974 2405/963 2407/952
f 2403/932 2398/943 2404/922
f 2401/944 2416/946 2402/962
f 2400/985 2399/1015 2505/1000
f 2396/935 1339/931 2398/943
f 2395/955 2397/945 2396/935
f 1366/781 1736/793 1761/808
f 1083/2483 1755/2492 1753/2493
f 2403/932 2401/944 2402/962
f 2394/983 2393/998 2392/961
f 1777/1109 2482/1095 2430/1072
f 2481/1070 2422/1045 2423/1060
f 1777/2953 2585/2960 2483/2967
f 2394/983 2437/1013 2393/998
f 2404/922 2408/915 2403/932
f 2401/944 2444/923 2443/933
f 2442/960 2424/971 2488/951
f 978/928 2488/951 2494/941
f 2392/961 2425/972 2394/983
f 2487/1062 2445/1047 2486/1031
f 2484/1014 2393/998 2486/1031
f 2445/1047 2484/1014 2486/1031
f 2482/2975 2485/2983 2481/2991
f 2445/1047 2487/1062 2481/1070
f 2445/1047 2399/1015 2484/1014
f 2482/2975 1777/2953 2483/2967
f 2430/1072 2431/1096 1777/1109
f 2445/4402 2481/4403 2410/4400
f 2481/1070 2423/1060 2430/1072
f 2399/1015 2400/985 2484/1014
f 2424/971 2425/972 2488/951
f 2412/973 2500/999 2400/985
f 1420/4308 1416/4310 1443/4305
f 2393/998 2484/1014 2412/973
f 2393/998 2412/973 2392/961
f 2392/961 2412/973 2402/962
f 2435/896 2507/905 1036/908
f 2442/960 1047/950 981/949
f 928/620 2477/619 1459/583
f 1843/795 2449/784 2479/811
f 2480/828 2469/803 2468/804
f 1843/795 2479/811 2478/822
f 2478/822 2479/811 2451/833
f 993/716 2574/681 994/677
f 1522/548 2463/585 1407/562
f 1458/584 2477/619 2462/639
f 1559/568 1446/515 1529/547
f 1403/662 2460/642 2457/680
f 1439/3101 2475/3104 1149/3090
f 2476/3102 1149/3090 2475/3104
f 1408/791 2475/805 1410/769
f 1737/3062 1441/3089 1149/3090
f 2475/805 1439/809 1410/769
f 1752/816 1366/781 1761/808
f 2469/803 2474/841 2476/829
f 2472/876 2473/862 2664/882
f 2472/876 1413/856 2473/862
f 1253/912 2471/891 2470/895
f 2469/803 2123/780 2468/804
f 1457/514 1526/545 1530/532
f 2122/2866 1857/2857 2117/2874
f 2253/3050 1735/3051 1393/3045
f 1828/2748 1742/2758 1744/2767
f 2068/2759 1842/2747 1155/2756
f 2123/780 2469/803 1408/791
f 1409/767 1431/749 2123/780
f 2467/2487 1725/2488 1535/2481
f 1410/769 1439/809 1736/793
f 1522/548 2466/602 2463/585
f 2467/2487 1535/2481 1083/2483
f 2463/585 2465/621 2464/623
f 2448/660 994/677 2462/639
f 1014/738 995/772 2461/736
f 2461/736 995/772 2450/755
f 2460/642 1403/662 1405/622
f 1432/603 2463/585 2464/623
f 2468/804 2459/796 2578/823
f 1376/773 2459/796 2065/786
f 1366/781 1154/750 1410/769
f 1413/856 2292/834 2573/845
f 2454/697 2458/735 1533/714
f 2457/680 2454/697 1533/714
f 2447/643 2457/680 2460/642
f 2465/621 2466/602 2464/623
f 2480/828 2474/841 2469/803
f 1725/598 1407/562 1406/616
f 2455/641 1458/584 2456/659
f 2462/639 2456/659 1458/584
f 2455/641 2456/659 2464/623
f 2457/680 2447/643 2454/697
f 2435/896 2453/872 991/886
f 2453/872 990/871 991/886
f 2453/872 2452/855 1056/853
f 1056/853 2451/833 887/832
f 1534/756 2450/755 2449/784
f 2450/755 1437/785 2449/784
f 994/677 2448/660 997/695
f 2446/715 2454/697 2447/643
f 2447/643 2574/681 897/699
f 897/699 2446/715 2447/643
f 2462/639 2477/619 2448/660
f 1258/612 1532/653 1450/617
f 2330/3160 2332/3164 2350/3158
f 2107/4038 2019/4044 2206/4039
f 2340/3817 2360/3823 2382/3821
f 2378/2342 2389/2348 2374/2336
f 2345/2360 2377/2347 2384/2355
f 2352/3900 2326/3895 2331/3901
f 2369/2353 2379/2346 2390/2357
f 2201/3533 2087/3530 2207/3527
f 2264/3806 2142/3800 2146/3803
f 2389/2348 2381/2354 1142/2340
f 1679/1118 1145/1147 1830/1138
f 2326/3895 2339/3894 1140/3888
f 2310/2351 2312/2344 2353/2356
f 2391/2368 2390/2357 2361/2358
f 2371/3163 2363/3165 2370/3159
f 2309/2834 2324/2832 2314/2831
f 2360/2364 2345/2360 2384/2355
f 2387/3171 2373/3177 2318/3179
f 2337/4359 2330/4361 2329/4357
f 2364/2372 2345/2360 2365/2376
f 2309/3188 2388/3183 2366/3173
f 2370/3159 2363/3165 3070/3162
f 2328/3157 2371/3163 2370/3159
f 2371/3163 2328/3157 2351/3161
f 2368/2343 1146/2334 2369/2353
f 3070/2370 3071/2374 3068/2361
f 2366/3173 2367/3167 2362/3168
f 2366/3173 2362/3168 2319/3174
f 2353/2356 2312/2344 2307/2350
f 2357/2377 2359/2375 2365/2376
f 2364/2372 2391/2368 2361/2358
f 2338/4362 2337/4359 2358/4358
f 2359/2375 2364/2372 2365/2376
f 2363/3165 2362/3168 2367/3167
f 2345/2360 2364/2372 2361/2358
f 2391/4352 2359/4356 2356/4355
f 2360/2364 2342/2369 2345/2360
f 2358/4358 2359/4356 2357/4360
f 2357/4360 2338/4362 2358/4358
f 2344/3828 2338/3827 2357/3829
f 2356/4355 2329/4357 2355/4353
f 2337/4359 2329/4357 2356/4355
f 2308/2349 2354/2365 2353/2356
f 2352/3900 2331/3901 2341/3902
f 2339/3894 2352/3900 2341/3902
f 2215/3781 2220/3770 2248/3786
f 2350/3158 2332/3164 2351/3161
f 2350/3158 2351/3161 2328/3157
f 2349/3176 2211/3181 2223/3185
f 2209/4145 2348/4141 2347/4143
f 2020/4034 1999/4037 2346/4031
f 2358/4358 2356/4355 2359/4356
f 2344/2373 2365/2376 2345/2360
f 2345/2360 2342/2369 2344/2373
f 2342/3826 2343/3825 2341/3822
f 2340/3817 2341/3822 2343/3825
f 2340/3817 2343/3825 2342/3826
f 2344/3828 2342/3826 2338/3827
f 2342/3826 2341/3822 2338/3827
f 2342/3826 2360/3823 2340/3817
f 2340/3817 2339/3820 2341/3822
f 2341/3902 2331/3901 2338/3904
f 2337/3903 2338/3904 2331/3901
f 2336/3818 2167/3814 2304/3813
f 2304/3813 2149/3808 2229/3815
f 2339/3894 2326/3895 2352/3900
f 2334/4118 2209/4117 2335/4113
f 2333/3156 2328/3157 2370/3159
f 2325/3892 2332/3897 2330/3899
f 2327/3153 2355/3152 2329/3155
f 2330/3899 2337/3903 2331/3901
f 2330/3899 2331/3901 2326/3895
f 2327/3153 2329/3155 2328/3157
f 2329/3155 2350/3158 2328/3157
f 2333/3156 2327/3153 2328/3157
f 2325/3892 2330/3899 2326/3895
f 2191/4021 2073/4024 2200/4022
f 2219/3175 1137/3172 2233/3169
f 2158/3212 2159/3201 2217/3206
f 2268/2315 1131/2326 2269/2318
f 2363/3165 2371/3163 2362/3168
f 2323/3187 2324/3200 2309/3188
f 2324/3200 2323/3187 2322/3194
f 2323/3187 2317/3182 2322/3194
f 2318/3179 2321/3186 2320/3193
f 2055/3072 2287/3081 2288/3094
f 2317/3182 2319/3174 2318/3179
f 2366/3173 2388/3183 2354/3178
f 2319/3174 2387/3171 2318/3179
f 2317/3182 2323/3187 2366/3173
f 2367/3167 2366/3173 2354/3178
f 2373/3177 2387/3171 1136/3170
f 1136/3170 2349/3176 2373/3177
f 2276/3189 2320/3193 2249/3199
f 2348/4141 3057/4140 2347/4143
f 2387/3171 2319/3174 2362/3168
f 2361/2358 2383/2359 2345/2360
f 2385/4177 2386/4170 2198/4173
f 2379/2346 1143/2352 2361/2358
f 2360/3823 2384/3824 2382/3821
f 2383/2359 2381/2354 2377/2347
f 2266/2323 2374/2336 2270/2324
f 2172/3184 2130/3197 2155/3191
f 2228/3890 2226/3887 2380/3889
f 2339/3820 2340/3817 2229/3815
f 2380/3889 1140/3888 2339/3894
f 2229/3898 2380/3889 2339/3894
f 2167/3814 2382/3821 2384/3824
f 2336/3818 2382/3821 2167/3814
f 2381/2354 2383/2359 1143/2352
f 1143/2352 2383/2359 2361/2358
f 2340/3817 2382/3821 2304/3813
f 2389/2348 2378/2342 2381/2354
f 2380/3889 2226/3887 1141/3883
f 1140/3888 2224/3886 2325/3892
f 1390/3166 1136/3170 2371/3163
f 2325/3892 2233/3891 2332/3897
f 1147/2341 1143/2352 2379/2346
f 1146/2334 1147/2341 2379/2346
f 2130/3878 2172/3882 2225/3879
f 2378/2342 2266/2323 2167/2335
f 2378/2342 2377/2347 2381/2354
f 2167/2335 2384/2355 2377/2347
f 2336/3818 2304/3813 2382/3821
f 2198/4173 2196/4182 2376/4180
f 2198/4173 2376/4180 2385/4177
f 2202/4025 3069/4028 2199/4023
f 1928/3503 2071/3500 1917/3499
f 2149/3808 2162/3812 2229/3815
f 2375/3896 2380/3889 2229/3898
f 2265/2311 2151/2329 2266/2323
f 2148/3226 2218/3215 2232/3221
f 2249/3199 2320/3193 2321/3186
f 2235/2330 2270/2324 2374/2336
f 2374/2336 1142/2340 2235/2330
f 2374/2336 2389/2348 1142/2340
f 1162/2294 2188/2275 1139/2289
f 2261/2283 1139/2289 2188/2275
f 2177/3765 2220/3770 2182/3771
f 1120/4030 2204/4027 2073/4024
f 2160/3893 2129/3884 2228/3890
f 2135/3223 2232/3221 2140/3225
f 2147/3228 2232/3221 2135/3223
f 2213/3198 2248/3205 2321/3186
f 2248/3205 2213/3198 2215/3210
f 2223/3185 2321/3186 2373/3177
f 2223/3185 2373/3177 2349/3176
f 1401/4144 2348/4141 2208/4146
f 2223/3185 2213/3198 2321/3186
f 2233/3169 1390/3166 2332/3164
f 2256/3792 2289/3799 2322/3798
f 2246/2750 2179/2744 2178/2761
f 2324/2832 2322/2829 2315/2827
f 2318/3179 2320/3193 2276/3189
f 2246/3797 2178/3794 2372/3788
f 2317/3182 2318/3179 2276/3189
f 2221/3775 2277/3769 1133/3779
f 2241/2819 2315/2827 2289/2825
f 2181/3773 2372/3788 2244/3783
f 2220/3770 2215/3781 2182/3771
f 1132/2337 2368/2343 1158/2332
f 1146/2334 2368/2343 1132/2337
f 1829/2742 1828/2748 1834/2757
f 2244/3783 2178/3794 1398/3789
f 2310/2351 2311/2345 1119/2333
f 2316/2826 2311/2828 2310/2830
f 2315/2827 2314/2831 2324/2832
f 1130/2813 1160/2781 1161/2802
f 2316/2826 2314/2831 2315/2827
f 2310/2830 2313/2833 2314/2831
f 2307/2350 2312/2344 2280/2338
f 2316/2826 1117/2820 2311/2828
f 2144/2884 2137/2902 2141/2885
f 2308/2349 2368/2343 2369/2353
f 2309/2362 2313/2367 2310/2351
f 2353/2356 2309/2362 2310/2351
f 2353/2356 2354/2365 2388/2366
f 1119/2333 2311/2345 1117/2339
f 2307/2350 2280/2338 2308/2349
f 2353/2356 2307/2350 2308/2349
f 1396/2771 2254/2783 1128/2762
f 1128/2762 2254/2783 1398/2782
f 2239/2313 2294/2298 2281/2303
f 1737/3062 2283/3079 1441/3089
f 2291/2764 2290/2763 2293/2745
f 2298/2268 2185/2291 2294/2298
f 2291/2764 3064/2753 2245/2760
f 1397/2736 3064/2753 2293/2745
f 1378/2740 2250/2738 1239/2737
f 1413/856 1411/840 2292/834
f 2287/3081 2290/3093 2291/3098
f 2291/3098 2288/3094 2287/3081
f 1135/3784 1134/3790 2255/3795
f 1845/3071 1428/3092 2290/3093
f 2255/3795 2289/3799 2256/3792
f 2181/3773 2055/3777 2288/3782
f 2250/4438 2251/4439 1397/4440
f 2287/3081 2055/3072 1844/3056
f 2238/2293 2268/2315 2275/2306
f 2044/3043 2061/3058 2032/3049
f 2055/3777 2181/3773 2056/3768
f 1379/2749 1240/2743 2068/2759
f 3066/2230 2286/2232 2285/2224
f 1731/839 1748/838 1741/860
f 2282/2220 2190/2241 2284/2237
f 2190/2241 2260/2255 2284/2237
f 2028/2836 2125/2840 2509/2837
f 2378/2342 2374/2336 2266/2323
f 1737/3062 1415/3069 2283/3079
f 1771/2204 1862/2206 1872/2215
f 2282/2220 1872/2215 1862/2206
f 2185/2291 2281/2303 2294/2298
f 1771/2204 1863/2198 1862/2206
f 2746/2643 1772/2649 2758/2654
f 1958/3145 1816/3149 1961/3151
f 1871/2225 2282/2220 2284/2237
f 2305/2841 2081/2850 2079/2861
f 2306/2846 2305/2841 2303/2851
f 2302/2240 2286/2232 2303/2248
f 2167/3814 2166/3810 2304/3813
f 2151/3805 2265/3802 2150/3801
f 2303/2248 1125/2259 2302/2240
f 1125/2259 2303/2248 2079/2267
f 2079/2267 2187/2274 1125/2259
f 2297/2242 1869/2233 1871/2225
f 2297/2242 2296/2251 1869/2233
f 1162/2294 2263/2308 2238/2293
f 2268/2315 2238/2293 2263/2308
f 2301/2217 2302/2240 2300/2231
f 2302/2240 1126/2249 2300/2231
f 2509/2837 1856/2838 1851/2835
f 2284/2237 2297/2242 1871/2225
f 2301/2217 2300/2231 2282/2220
f 1870/2261 2296/2251 1394/2269
f 2190/2241 2300/2231 1126/2249
f 2298/2268 2299/2271 1868/2250
f 2257/2265 2284/2237 2260/2255
f 2282/2220 2300/2231 2190/2241
f 1865/2809 1866/2823 2298/2824
f 1866/2279 2299/2271 2298/2268
f 2297/2242 2284/2237 2295/2254
f 2295/2254 2296/2251 2297/2242
f 2274/2327 2273/2307 1157/2319
f 1127/2751 2179/2744 1378/2740
f 2277/3769 2180/3764 2243/3774
f 2257/2265 2259/2280 1394/2269
f 2295/2254 1394/2269 2296/2251
f 2295/2254 2257/2265 1394/2269
f 2111/4042 2064/4041 1121/4036
f 2259/2280 2237/2281 2258/2292
f 1395/2285 2259/2280 2258/2292
f 2257/2265 2237/2281 2259/2280
f 2241/2819 2289/2825 2255/2803
f 1135/3784 2255/3795 2256/3792
f 1118/2794 2242/2804 2254/2783
f 2254/2783 2242/2804 2255/2803
f 1845/3071 1423/3070 1428/3092
f 2449/784 1843/795 1377/771
f 2095/3501 1633/3504 2126/3508
f 2031/3040 2253/3050 1393/3045
f 1379/2749 2252/2768 1159/2780
f 2250/2738 2179/2744 2246/2750
f 2245/2760 2251/2770 2250/2738
f 2245/2760 1397/2736 2251/2770
f 2288/3782 2372/3788 2181/3773
f 2247/3785 2249/3796 2248/3786
f 2245/2760 2250/2738 2246/2750
f 2246/2750 2291/2764 2245/2760
f 1422/2773 1429/2772 1424/2795
f 1422/2773 1424/2795 1751/2797
f 2181/3773 2244/3783 2243/3774
f 2255/2803 2242/2804 2241/2819
f 2240/2264 1782/2276 2493/2262
f 1781/2789 1865/2809 2239/2792
f 2188/2275 1162/2294 2238/2293
f 2238/2293 2237/2281 2188/2275
f 2237/2281 2236/2272 2188/2275
f 1148/2322 1163/2316 2235/2330
f 2234/2309 1162/2294 1122/2301
f 2257/2265 2260/2255 2236/2272
f 2192/4032 2202/4025 2204/4027
f 1119/2333 2274/2327 2280/2338
f 2186/2297 2273/2307 1077/2312
f 1118/2794 2279/2815 2242/2804
f 2273/2307 2258/2292 2275/2306
f 2316/2826 2241/2819 2279/2815
f 2047/3029 2278/3022 2046/3025
f 1133/3779 2277/3769 1399/3778
f 1399/3778 2243/3774 2244/3783
f 2276/3791 2247/3785 2272/3780
f 2249/3796 2247/3785 2276/3791
f 2279/2815 2241/2819 2242/2804
f 1500/451 1472/437 1461/428
f 2152/424 1461/428 1472/437
f 2116/3565 2127/3571 2112/3579
f 1157/2319 2273/2307 2275/2306
f 2273/2307 2274/2327 1391/2320
f 2175/3761 2277/3769 2221/3775
f 2186/2297 1395/2285 2258/2292
f 2273/2307 2186/2297 2258/2292
f 2276/3791 2272/3780 2256/3792
f 1135/3784 2256/3792 2272/3780
f 2272/3780 2247/3785 2220/3770
f 1379/2749 1160/2781 2271/2769
f 2234/2309 2270/2324 1163/2316
f 2270/2324 2235/2330 1163/2316
f 2235/2330 1142/2340 1148/2322
f 2237/2281 2238/2293 2258/2292
f 1157/2319 2269/2318 1131/2326
f 2268/2315 1148/2322 1131/2326
f 1148/2322 2267/2321 1163/2316
f 2267/2321 1148/2322 2263/2308
f 2268/2315 2263/2308 1148/2322
f 1396/2771 2271/2769 1160/2781
f 2266/2323 2270/2324 2234/2309
f 1123/2296 2146/2302 2265/2311
f 2234/2309 1122/2301 2265/2311
f 2265/3802 2146/3803 2142/3800
f 2266/2323 2234/2309 2265/2311
f 2275/2306 2258/2292 2238/2293
f 2080/2860 2139/2868 2264/2877
f 2267/2321 2263/2308 1163/2316
f 1139/2289 1122/2301 1162/2294
f 1138/2284 2145/2290 2262/2295
f 2146/2302 1123/2296 2262/2295
f 1124/2260 2187/2274 2261/2283
f 2260/2255 2189/2266 2236/2272
f 2237/2281 2257/2265 2236/2272
f 2261/2283 2187/2274 1139/2289
f 1124/2260 2189/2266 2190/2241
f 2188/2275 2189/2266 1124/2260
f 2260/2255 2190/2241 2189/2266
f 1138/2284 2187/2274 2079/2267
f 2254/2783 2255/2803 1398/2782
f 1124/2260 2261/2283 2188/2275
f 2185/2291 1395/2285 2186/2297
f 2186/2297 2281/2303 2185/2291
f 2164/3190 2163/3202 2184/3196
f 2155/3191 2183/3203 2171/3195
f 1159/2780 1129/2793 1161/2802
f 2178/3794 2244/3783 2372/3788
f 1118/2794 1130/2813 1116/2818
f 2182/3023 2278/3022 2176/3026
f 2181/3773 2180/3764 2056/3768
f 2243/3774 2180/3764 2181/3773
f 2178/2761 2179/2744 1128/2762
f 2175/3761 2177/3765 2176/3762
f 2034/2895 2165/2894 2174/2883
f 2060/3760 2180/3764 2175/3761
f 2175/3761 2176/3762 2050/3759
f 2148/3226 2173/3222 2218/3215
f 2170/3180 2172/3184 2155/3191
f 2171/3195 2170/3180 2155/3191
f 2051/3031 2046/3025 2169/3028
f 2044/3043 2153/3036 2157/3048
f 2168/3053 2044/3043 2157/3048
f 2168/3053 2069/3057 2044/3043
f 2167/3814 2151/3805 2166/3810
f 2167/2335 2266/2323 2151/2329
f 2165/3233 2034/3235 2039/3229
f 2069/3230 2168/3224 2173/3222
f 2163/3202 2164/3190 2159/3201
f 2160/3811 2162/3812 2161/3807
f 2153/3036 2044/3043 2052/3039
f 2153/3211 2159/3201 2158/3212
f 2168/3224 2157/3220 2156/3217
f 2155/3191 2130/3197 2133/3204
f 1578/4244 1508/4249 2062/4246
f 2154/4243 1578/4244 2062/4246
f 2144/2884 2141/2885 2138/2876
f 2049/3034 2046/3025 2051/3031
f 2153/3036 2052/3039 2051/3031
f 2027/3663 2041/3660 2038/3668
f 2041/3660 2035/3667 2038/3668
f 2058/3041 2049/3034 1392/3037
f 2165/3233 2039/3229 2147/3228
f 1462/384 2152/424 1471/409
f 2093/3594 2105/3587 2091/3586
f 2149/3808 2151/3805 2150/3801
f 2029/2845 2139/2868 2080/2860
f 2173/3222 2148/3226 2039/3229
f 1574/2507 1474/2509 1492/2506
f 2026/3656 2117/3650 2042/3653
f 1138/2284 2079/2267 2145/2290
f 2148/3226 2147/3228 2039/3229
f 2136/3232 2147/3228 2135/3223
f 2264/2310 2146/2302 2145/2290
f 2143/2867 2144/2884 2138/2876
f 2141/2885 2142/2886 2139/2868
f 2135/3223 2140/3225 2134/3216
f 2136/3232 2135/3223 2128/3227
f 2138/2876 2139/2868 2029/2845
f 2144/2884 2143/2867 2165/2894
f 2128/2912 2137/2902 2136/2901
f 2144/2884 2136/2901 2137/2902
f 2129/3219 2134/3216 2131/3208
f 2129/3219 2135/3223 2134/3216
f 2142/2886 2264/2877 2139/2868
f 2131/3208 2134/3216 2133/3204
f 2130/3878 2132/3880 2131/3881
f 2129/3219 2128/3227 2135/3223
f 2129/3884 2226/3887 2228/3890
f 2231/3214 2183/3203 2133/3204
f 2325/3892 2224/3886 2233/3891
f 2232/3221 2134/3216 2140/3225
f 2148/3226 2232/3221 2147/3228
f 2231/3214 2232/3221 2230/3218
f 2134/3216 2232/3221 2231/3214
f 2230/3218 2218/3215 2183/3203
f 1141/3883 2225/3879 2224/3886
f 2141/2885 2139/2868 2138/2876
f 2149/3808 2166/3810 2151/3805
f 2149/3808 2304/3813 2166/3810
f 2229/3815 2228/3816 2375/3819
f 2162/3812 2228/3816 2229/3815
f 2162/3812 2160/3811 2228/3816
f 2141/3804 2150/3801 2142/3800
f 2141/3804 2161/3807 2150/3801
f 2150/3801 2161/3807 2149/3808
f 2162/3812 2149/3808 2161/3807
f 2137/2902 2160/2913 2227/2908
f 2161/3807 2141/3804 2227/3809
f 2129/3219 2160/3231 2128/3227
f 2132/3880 2226/3887 2129/3884
f 1141/3883 2226/3887 2132/3880
f 2225/3879 1141/3883 2132/3880
f 2225/3879 2219/3885 2224/3886
f 2169/3207 2184/3196 2163/3202
f 2225/3879 2172/3882 2219/3885
f 1137/3172 2170/3180 2211/3181
f 2212/3192 2213/3198 2223/3185
f 2211/3181 2212/3192 2223/3185
f 2046/3025 2278/3022 2222/3024
f 2170/3180 2164/3190 2211/3181
f 2220/3770 2175/3761 2221/3775
f 2220/3770 2221/3775 2272/3780
f 2164/3190 2170/3180 2171/3195
f 2176/3762 2177/3765 2182/3771
f 2219/3175 2172/3184 2170/3180
f 2158/3212 2156/3217 2157/3220
f 2153/3211 2158/3212 2157/3220
f 2171/3195 2183/3203 2217/3206
f 2183/3203 2218/3215 2217/3206
f 2156/3217 2217/3206 2218/3215
f 2158/3212 2217/3206 2156/3217
f 2171/3195 2217/3206 2159/3201
f 2216/3213 2169/3207 2163/3202
f 2169/3028 2216/3033 2051/3031
f 2222/3024 2169/3028 2046/3025
f 2215/3781 2214/3787 2182/3771
f 2222/3024 2182/3023 2214/3027
f 2215/3210 2213/3198 2214/3209
f 2184/3196 2214/3209 2213/3198
f 2213/3198 2212/3192 2184/3196
f 3067/3539 2210/3535 2078/3532
f 2076/3528 2078/3532 2210/3535
f 2184/3196 2212/3192 2211/3181
f 2164/3190 2184/3196 2211/3181
f 2210/3535 2196/3541 2201/3533
f 2201/3533 2076/3528 2210/3535
f 2205/3547 2194/3546 2195/3538
f 2195/3538 2197/3542 2205/3547
f 2087/3530 2193/3537 2086/3531
f 1120/4030 2114/4040 2111/4042
f 2107/4038 2206/4039 2192/4032
f 2348/4141 2209/4145 2208/4146
f 2209/4117 2334/4118 2208/4120
f 2207/3527 2085/3524 2089/3522
f 2076/3528 2207/3527 2089/3522
f 2017/3449 2203/3452 3042/3450
f 3069/4174 2346/4171 2386/4170
f 1993/4282 2203/4279 1992/4275
f 2192/4032 2206/4039 2020/4034
f 1995/4382 1996/4383 2009/4384
f 2202/4025 2200/4022 2204/4027
f 1997/4280 2004/4278 2205/4277
f 2198/4173 1997/4172 2205/4176
f 2204/4027 1120/4030 2063/4033
f 2204/4027 2200/4022 2073/4024
f 1997/4172 2346/4171 1999/4175
f 2198/4173 2386/4170 1997/4172
f 2009/2007 2108/2008 2115/2005
f 2024/2859 2143/2867 2029/2845
f 2029/2845 2030/2844 2024/2859
f 2203/4279 2194/4276 1992/4275
f 2192/4032 2020/4034 2202/4025
f 2202/4025 2020/4034 2346/4031
f 2197/3542 2195/3538 2201/3533
f 2199/4023 3067/4020 2200/4022
f 2199/4023 2200/4022 2202/4025
f 2198/4173 2197/4179 2196/4182
f 2193/3537 2195/3538 2194/3546
f 2011/3466 1913/3475 1949/3471
f 2197/4179 2198/4173 2205/4176
f 2201/3533 2196/3541 2197/3542
f 2098/3517 2090/3525 2070/3518
f 1929/1979 1932/1973 1905/1990
f 2107/4038 2192/4032 2063/4033
f 2191/3536 2078/3532 2077/3529
f 2092/3540 2191/3536 2077/3529
f 2092/4026 2073/4024 2191/4021
f 2091/3586 2074/3591 2077/3595
f 1899/4125 1102/4126 1641/4127
f 2195/3538 2193/3537 2087/3530
f 2090/3525 2086/3531 2022/3534
f 2088/3516 2075/3526 2089/3522
f 2085/3524 2207/3527 2087/3530
f 2087/3530 2086/3531 2085/3524
f 2082/3509 2084/3502 2083/3513
f 2193/3537 2194/3546 2203/3543
f 2081/2850 2080/2860 2079/2861
f 2077/3529 2078/3532 2075/3526
f 2076/3528 2075/3526 2078/3532
f 2092/4026 2074/4029 2073/4024
f 2074/4029 1120/4030 2073/4024
f 1915/3461 2072/3458 2007/3454
f 2008/3464 1915/3461 2007/3454
f 1632/3567 2071/3588 1928/3582
f 1538/256 1588/275 1594/294
f 2070/3468 2012/3463 1898/3473
f 3057/4189 3037/4186 3055/4185
f 2069/3057 2038/3082 2036/3073
f 2036/3073 2061/3058 2069/3057
f 2068/2759 1155/2756 2067/2777
f 2067/2777 1155/2756 1781/2789
f 1673/390 1659/398 1674/361
f 1569/466 1456/455 2066/492
f 1376/773 2065/786 1431/749
f 1479/587 1509/606 1481/570
f 2063/4033 1121/4036 2064/4041
f 2117/2874 2026/2882 2122/2866
f 2032/3049 2037/3065 1703/3074
f 1508/4249 1477/4251 2062/4246
f 2062/2636 1477/2640 1478/2633
f 2032/3049 2061/3058 2037/3065
f 1434/3046 1435/3047 2048/3038
f 1112/3042 2048/3038 1435/3047
f 2055/3072 2054/3064 1844/3056
f 1729/3940 1723/3941 1727/3942
f 2051/3031 2031/3040 1392/3037
f 2057/3767 2060/3760 1111/3763
f 1111/3035 2059/3030 2047/3029
f 2048/3038 2049/3034 2058/3041
f 1434/3046 2048/3038 2058/3041
f 1112/3772 2053/3776 2057/3767
f 2055/3777 2056/3768 2053/3776
f 2054/3064 2055/3072 2053/3052
f 1435/3047 1844/3056 2053/3052
f 2053/3052 1844/3056 2054/3064
f 2051/3031 2052/3039 2033/3044
f 1434/3046 2058/3041 1392/3037
f 2050/3759 2059/3766 1111/3763
f 1111/3763 2060/3760 2050/3759
f 2049/3034 2048/3038 2045/3032
f 2048/3038 1111/3035 2045/3032
f 2047/3029 2045/3032 1111/3035
f 2046/3025 2045/3032 2047/3029
f 2033/3044 2052/3039 2044/3043
f 2051/3031 2033/3044 2031/3040
f 2069/3057 2061/3058 2044/3043
f 2043/3659 1703/3662 2035/3667
f 2035/3667 2041/3660 2043/3659
f 2037/3065 2035/3083 1703/3074
f 2041/3660 2026/3656 2042/3653
f 2043/3659 2041/3660 2042/3653
f 2038/3668 2040/3670 2027/3663
f 2174/2883 2025/2875 2034/2895
f 2038/3234 2069/3230 2039/3229
f 2037/3065 2061/3058 2036/3073
f 2035/3083 2037/3065 2036/3073
f 2038/3082 2035/3083 2036/3073
f 2034/3671 2027/3663 2040/3670
f 2039/3229 2040/3236 2038/3234
f 2044/3043 2032/3049 2033/3044
f 2032/3049 2031/3040 2033/3044
f 2028/2836 2030/2844 2029/2845
f 2143/2867 2138/2876 2029/2845
f 1914/1961 1913/1972 2010/1982
f 2027/2893 2034/2895 2025/2875
f 2041/3660 2027/3663 2026/3656
f 2025/2875 2143/2867 2024/2859
f 2025/2875 2024/2859 2023/2858
f 2025/2875 2023/2858 2122/2866
f 2029/2845 2125/2840 2028/2836
f 2024/2859 2030/2844 2023/2858
f 1479/587 1510/627 1509/606
f 2025/2875 2026/2882 2027/2893
f 1920/1995 2100/1993 2110/2001
f 2112/2004 2127/2000 1920/1995
f 2113/3580 2074/3591 2091/3586
f 2126/3508 1633/3504 2106/3512
f 2088/3516 2126/3508 2106/3512
f 2081/2850 2125/2840 2029/2845
f 2080/2860 2081/2850 2029/2845
f 2030/2844 2028/2836 1854/2839
f 2030/2844 1854/2839 2121/2849
f 1639/3561 1599/3568 1638/3557
f 1603/2869 2124/2887 1767/2896
f 2468/804 2123/780 2065/786
f 1602/2870 1972/2888 1860/2872
f 2023/2858 2030/2844 2121/2849
f 2122/2866 2121/2849 1857/2857
f 2023/2858 2121/2849 2122/2866
f 1514/4242 1499/4245 1578/4244
f 1514/4242 2118/4247 1499/4245
f 1493/2500 1764/2497 1757/2501
f 1571/2498 1757/2501 1764/2497
f 1853/2842 2120/2854 2119/2855
f 1516/487 2118/511 1577/458
f 1705/2881 1698/2892 2117/2874
f 1926/3559 2127/3571 2116/3565
f 2109/3566 2116/3565 2112/3579
f 1704/3655 2042/3653 1486/3652
f 1989/3459 2072/3458 1950/3465
f 182/3310 415/3319 181/3324
f 1922/1946 1964/1947 1370/1935
f 2110/2001 2064/2003 2111/2006
f 2115/2005 2108/2008 2064/2003
f 2112/3579 2114/3585 2109/3566
f 2113/3580 2109/3566 2114/3585
f 2111/2006 2114/2009 2112/2004
f 2112/2004 2110/2001 2111/2006
f 2009/4419 2016/4420 2005/4421
f 2110/2001 2100/1993 2099/1998
f 1634/3574 2106/3589 1633/3581
f 1912/1948 1933/1962 1911/1925
f 2108/4386 1996/4383 2019/4387
f 2009/4384 1996/4383 2108/4386
f 1635/3572 2109/3566 2113/3580
f 2107/4038 2064/4041 2108/4046
f 2019/4044 2107/4038 2108/4046
f 2105/3587 2106/3589 1634/3574
f 2105/3587 1634/3574 1635/3572
f 1601/3575 1109/3573 1928/3582
f 1639/3561 1631/3552 1110/3560
f 2088/3516 2106/3512 2105/3521
f 1638/3557 1631/3552 1639/3561
f 430/2586 224/2580 225/2573
f 2012/3463 2104/3460 1989/3459
f 1886/4132 1640/4129 1878/4130
f 1878/4130 1647/4135 1886/4132
f 2103/3477 2070/3468 1898/3473
f 2102/3505 1917/3499 2084/3502
f 1989/3459 2104/3460 2014/3453
f 2010/1982 2021/1971 1914/1961
f 2098/3517 2085/3524 2090/3525
f 2017/3449 2014/3453 2101/3457
f 2022/3455 2101/3457 2090/3462
f 2088/3516 2105/3521 2093/3523
f 2090/3462 2101/3457 2012/3463
f 2012/3463 2101/3457 2104/3460
f 2088/3516 2089/3522 2083/3513
f 2099/1998 2100/1993 1919/1988
f 2086/3531 2090/3525 2085/3524
f 2099/1998 2115/2005 2064/2003
f 2110/2001 2099/1998 2064/2003
f 2098/3517 2082/3509 2083/3513
f 2083/3513 2097/3511 2088/3516
f 2084/3502 2096/3506 2097/3511
f 2095/3501 2097/3511 2096/3506
f 2095/3501 2096/3506 2084/3502
f 2084/3502 2097/3511 2083/3513
f 2070/3518 2103/3514 2082/3509
f 2084/3502 2082/3509 2102/3505
f 421/3286 317/3287 1108/3283
f 2015/3456 2072/3458 1989/3459
f 2013/3451 2072/3458 2015/3456
f 1543/342 2094/302 1621/323
f 1543/342 1600/341 2094/302
f 2075/3526 2088/3516 2093/3523
f 2077/3529 2075/3526 2093/3523
f 2082/3509 2098/3517 2070/3518
f 2113/4035 2114/4040 1120/4030
f 2083/3513 2089/3522 2098/3517
f 2089/3522 2075/3526 2076/3528
f 2022/3455 2017/3449 2101/3457
f 2022/3455 2203/3452 2017/3449
f 2193/3537 2022/3534 2086/3531
f 394/2588 2002/2581 393/2602
f 439/2587 2002/2581 394/2588
f 836/3273 2001/3275 442/3278
f 2008/3464 2011/3466 1915/3461
f 2021/1971 2010/1982 1919/1988
f 1388/3281 442/3278 2001/3275
f 441/3276 836/3273 442/3278
f 2002/2581 439/2587 432/2574
f 430/2586 225/2573 1891/2593
f 1994/4045 2020/4034 2019/4044
f 320/2607 421/2601 1891/2593
f 430/2586 1891/2593 421/2601
f 2018/231 1170/230 1169/245
f 2013/3451 2014/3453 2017/3449
f 2008/1994 2016/2002 2099/1998
f 1388/2594 2002/2581 430/2586
f 2010/1982 2008/1994 1919/1988
f 2015/3456 2014/3453 2013/3451
f 2015/3456 1989/3459 2014/3453
f 2013/3451 2006/3448 2007/3454
f 1900/3470 2012/3463 1989/3459
f 1913/1972 2011/1989 2010/1982
f 1995/4285 2009/4291 2006/4286
f 1632/3567 1928/3582 1109/3573
f 1932/1973 1929/1979 1927/1933
f 1905/1990 1921/1992 1930/1987
f 1906/1981 1932/1973 1912/1948
f 1097/3425 190/3432 705/3418
f 190/3432 186/3424 705/3418
f 2205/4277 2004/4278 1992/4275
f 1931/1959 1930/1987 1925/1980
f 2017/3449 2006/3448 2013/3451
f 1916/3467 1913/3475 1907/3476
f 2010/4474 2011/4475 2008/4476
f 2016/4420 2008/4423 2005/4421
f 2008/4423 2007/4424 2005/4421
f 2006/4422 2005/4421 2007/4424
f 2006/4422 2009/4419 2005/4421
f 2004/4278 1997/4280 1990/4281
f 1993/4282 1995/4285 2006/4286
f 1994/4287 1991/4284 2000/4289
f 393/2602 389/2608 390/2595
f 2003/2611 389/2608 2002/2581
f 2003/4477 410/4478 389/4479
f 2003/3280 2002/3277 410/3268
f 2002/3277 2001/3275 410/3268
f 1388/3281 2001/3275 2002/3277
f 410/3268 2001/3275 836/3273
f 2020/4034 2000/4043 1999/4037
f 2002/2581 389/2608 393/2602
f 411/3258 389/3263 410/3268
f 1998/4288 1999/4290 1991/4284
f 1997/4280 1998/4288 1991/4284
f 1997/4172 1999/4175 1998/4178
f 1994/4385 1996/4383 1995/4382
f 2020/4034 2206/4039 2019/4044
f 2019/4387 1996/4383 1994/4385
f 1994/4287 1995/4285 1990/4281
f 1995/4285 1993/4282 1990/4281
f 1993/4282 1992/4275 1990/4281
f 1990/4281 1997/4280 1991/4284
f 1994/4287 1990/4281 1991/4284
f 1991/4284 1999/4290 2000/4289
f 2004/4278 1990/4281 1992/4275
f 1096/3435 1785/3426 7/3431
f 320/4093 428/4091 313/4082
f 1891/4490 428/4491 320/4492
f 1989/3459 1895/3469 1900/3470
f 1976/1869 2897/1845 1942/1846
f 1969/1884 1976/1869 1942/1846
f 1875/499 1936/498 1104/444
f 1895/3469 1950/3465 1888/3474
f 1977/1913 1971/1894 1938/1924
f 1970/1912 1938/1924 1971/1894
f 1935/3563 1934/3551 1936/3558
f 1931/1959 1924/1960 1939/1934
f 1912/1948 1914/1961 2021/1971
f 1988/1940 1877/1929 1875/1954
f 1639/3561 1601/3575 1599/3568
f 1099/220 1952/197 1657/198
f 1657/198 1951/232 1099/220
f 1950/3465 1916/3467 1909/3472
f 1950/3465 2072/3458 1915/3461
f 1913/3475 1916/3467 1949/3471
f 1885/4136 1886/4132 1648/4137
f 321/4090 421/4094 320/4093
f 1098/244 1948/257 1947/278
f 1885/4136 1648/4137 1946/4139
f 1944/3488 1910/3482 1907/3476
f 1944/3488 1907/3476 1945/3491
f 1106/3554 1940/3550 1593/3553
f 1934/3551 1943/3555 1630/3548
f 1942/1846 1941/1870 1969/1884
f 1934/3551 1940/3550 1106/3554
f 3062/1945 1939/1934 1938/1924
f 1923/3578 1935/3563 1937/3577
f 1936/3558 1107/3562 1105/3569
f 1936/3558 1934/3551 1106/3554
f 1940/3550 1934/3551 1630/3548
f 1934/3551 1935/3563 1925/3564
f 1927/1933 1933/1962 1932/1973
f 1927/1933 1931/1959 3062/1945
f 1927/1933 2899/1969 1931/1959
f 1905/1990 1930/1987 1929/1979
f 1646/3592 1601/3575 1928/3582
f 1911/4452 1933/4453 1927/4454
f 1925/1980 1921/1992 1926/1997
f 1922/1946 1924/1960 1923/1970
f 1932/1973 1933/1962 1912/1948
f 1929/1979 1930/1987 1931/1959
f 1921/1992 1925/1980 1930/1987
f 1921/1992 1920/1995 2127/2000
f 1920/1995 1921/1992 1905/1990
f 1541/389 1550/417 1592/404
f 1550/417 1598/432 1592/404
f 1906/1981 2021/1971 1919/1988
f 1919/1988 2100/1993 1906/1981
f 1896/316 1103/358 1386/357
f 1646/3507 1918/3510 1642/3515
f 1646/3507 1928/3503 1917/3499
f 1949/3471 1916/3467 1915/3461
f 1913/1972 1914/1961 1908/1936
f 1912/1948 1908/1936 1914/1961
f 1912/1948 1911/1925 1908/1936
f 1909/3472 1907/3476 1910/3482
f 1908/3487 1907/3476 1913/3475
f 1905/1990 1932/1973 1906/1981
f 1103/3485 1894/3480 1900/3470
f 1900/3470 1873/3479 1904/3484
f 1874/3483 1103/3485 1904/3484
f 1902/343 133/317 1903/359
f 1901/208 1170/230 2018/231
f 1900/3470 1894/3480 1898/3473
f 1894/3480 1899/3486 1898/3473
f 1950/3465 1895/3469 1989/3459
f 1896/316 1387/337 1897/296
f 1895/3469 1888/3474 1889/3478
f 1874/3483 1895/3469 1889/3478
f 1895/3469 1873/3479 1900/3470
f 1894/3480 1102/3490 1899/3486
f 2102/3505 1898/3519 1899/3520
f 2012/3463 1900/3470 1898/3473
f 302/3640 1893/3636 1892/3645
f 1881/280 302/303 1892/300
f 428/2592 225/2573 315/2585
f 225/2573 428/2592 1890/2600
f 1891/4490 1890/4493 428/4491
f 1891/2593 225/2573 1890/2600
f 1887/3481 1889/3478 1888/3474
f 1643/4131 1886/4132 1885/4136
f 1882/3644 1884/3648 1883/3649
f 1882/258 1883/209 1169/245
f 1881/280 290/283 302/303
f 290/283 1881/280 1100/320
f 1102/340 1880/321 1879/301
f 1879/4133 1878/4130 1102/4126
f 1877/1929 1369/1914 1876/1944
f 1876/1944 1875/1954 1877/1929
f 1873/3479 1895/3469 1874/3483
f 1888/3474 1950/3465 1909/3472
f 1184/183 1901/208 1883/209
f 1882/3644 1892/3645 1893/3636
f 1987/136 1979/159 1185/151
f 1947/278 311/297 1098/244
f 1099/220 1984/246 1980/260
f 1948/257 1099/220 1980/260
f 1888/3474 1909/3472 1887/3481
f 1974/360 1983/319 1968/339
f 1909/3472 1910/3482 1887/3481
f 1103/358 1896/316 1880/321
f 2018/231 1169/245 1883/209
f 133/317 1965/338 1903/359
f 1901/208 1184/183 1952/197
f 1657/198 1647/221 1951/232
f 1952/197 1981/171 1657/198
f 1889/3478 1887/3481 1385/3489
f 1887/3481 1968/3492 1385/3489
f 1184/183 1981/171 1952/197
f 1099/220 1901/208 1952/197
f 1986/281 1985/259 1951/232
f 1640/4129 1102/4126 1878/4130
f 1980/260 1986/281 1879/301
f 1879/301 1880/321 1980/260
f 1986/281 1980/260 1984/246
f 1951/232 1985/259 1984/246
f 1980/260 1880/321 1896/316
f 1973/298 1983/319 1947/278
f 1101/279 1881/280 1169/245
f 1881/280 1882/258 1169/245
f 727/3629 1893/3636 303/3632
f 1892/300 1882/258 1881/280
f 1101/279 292/299 289/304
f 302/3640 303/3632 1893/3636
f 727/3629 1982/3635 1893/3636
f 311/297 301/326 307/318
f 3041/3647 1884/3648 1882/3644
f 1897/296 1973/298 1948/257
f 1098/244 292/299 1101/279
f 1098/244 311/297 307/318
f 2983/3631 1982/3635 727/3629
f 1908/1936 1911/1925 1975/1896
f 3041/172 1982/160 1185/151
f 1185/151 1979/159 1981/171
f 1656/184 1657/198 1981/171
f 1948/257 1973/298 1947/278
f 1099/220 1170/230 1901/208
f 1980/260 1897/296 1948/257
f 1647/4135 1879/4133 1951/4138
f 1879/301 1986/281 1951/232
f 1979/159 1656/184 1981/171
f 1902/1852 1941/1870 1942/1846
f 1875/3576 1967/3570 1936/3558
f 1327/1977 1978/1953 1694/1965
f 1976/1869 1971/1894 1977/1913
f 1975/3495 1945/3491 1908/3487
f 1910/3482 1944/3488 1974/3493
f 1387/337 1385/372 1968/339
f 1973/298 1387/337 1968/339
f 1385/3489 1874/3483 1889/3478
f 133/317 1947/278 1965/338
f 1941/3497 1903/3498 1945/3491
f 1941/3497 1945/3491 1975/3495
f 1902/343 1903/359 1941/377
f 1942/1846 837/1837 1902/1852
f 199/1831 1902/1852 837/1837
f 1860/2872 1972/2888 1768/2889
f 1969/1884 1971/1894 1976/1869
f 1586/295 1538/256 1594/294
f 1875/1954 1554/1966 1988/1940
f 1923/3578 1937/3577 1964/3584
f 837/1837 270/1820 271/1824
f 1970/4455 1911/4452 1927/4454
f 1938/1924 1970/1912 1927/1933
f 1975/1896 1970/1912 1969/1884
f 1974/3493 1968/3492 1910/3482
f 1964/3584 1937/3577 1967/3570
f 1945/3491 1903/3498 1966/3496
f 1944/3488 1945/3491 1966/3496
f 133/317 311/297 1947/278
f 1947/278 1983/319 1965/338
f 1887/3481 1910/3482 1968/3492
f 1965/338 1944/374 1966/373
f 1974/360 1944/374 1965/338
f 1983/319 1973/298 1968/339
f 1964/3584 1967/3570 1875/3576
f 1876/1944 1964/1947 1875/1954
f 1386/3494 1103/3485 1874/3483
f 1969/1884 1970/1912 1971/1894
f 1939/1934 1977/1913 1938/1924
f 1603/2869 2759/2879 2124/2887
f 1935/3563 1967/3570 1937/3577
f 1962/3144 1816/3149 1954/3141
f 1922/1946 1939/1934 1924/1960
f 1963/3132 1955/3133 1808/3120
f 1817/3333 1962/3337 1791/3340
f 1791/3340 1962/3337 1963/3346
f 1959/3322 183/3321 1961/3329
f 1955/1680 1960/1651 1957/1668
f 1960/1651 2927/1639 1957/1668
f 180/3320 181/3324 40/3328
f 1959/3322 664/3318 663/3312
f 664/3318 1959/3322 1816/3326
f 1958/3145 1954/3141 1816/3149
f 1955/1680 1957/1668 1956/1693
f 1956/3126 1808/3120 1955/3133
f 1963/3132 1954/3141 1953/3138
f 1958/3145 1953/3138 1954/3141
f 3380/3118 1688/3111 3444/3122
f 4/3419 7/3431 1785/3426
f 1956/1693 1957/1668 1180/1678
f 1819/3115 1820/3110 1821/3106
f 1816/3326 1959/3322 1961/3329
f 1821/3106 1818/3105 1803/3109
f 1803/4296 1807/4292 1805/4299
f 1775/3116 1820/3110 1819/3115
f 1817/3333 1788/3331 1795/3327
f 1821/3106 1808/3120 1819/3115
f 1813/3112 1812/3108 3379/3119
f 1812/3108 1813/3112 1818/3105
f 1096/3355 7/3351 1815/3349
f 1803/3109 1818/3105 2928/3114
f 1817/3333 1816/3326 1962/3337
f 1817/3333 1795/3327 1816/3326
f 1815/3349 1792/3344 1787/3341
f 3446/3437 1786/3438 3447/3444
f 1789/3335 39/3332 1790/3336
f 2928/3114 1813/3112 1814/3124
f 3386/3131 1813/3112 3448/3130
f 1812/3108 1818/3105 1776/3107
f 3388/3445 1800/3442 3449/3447
f 1096/3355 1815/3349 1809/3353
f 1815/3349 7/3351 1792/3344
f 1810/2228 1296/2210 1811/2223
f 1806/3347 1794/3345 1788/3331
f 1809/3353 1805/3356 1802/3358
f 705/3418 3/3413 1097/3425
f 1809/3353 1806/3347 1805/3356
f 1806/3347 1793/3343 1798/3352
f 1808/3120 1797/3125 1963/3132
f 1802/4298 1805/4299 1807/4292
f 1806/3347 1798/3352 1804/3354
f 1805/3356 1804/3354 1803/3359
f 1805/3356 1806/3347 1804/3354
f 1796/3357 1804/3354 1798/3352
f 1803/3359 1804/3354 1796/3357
f 1800/4302 1802/4298 1801/4295
f 1800/4302 1801/4295 3381/4301
f 1807/4292 1801/4295 1802/4298
f 1791/3340 1799/3348 1793/3343
f 1793/3343 1797/3350 1798/3352
f 1793/3343 1799/3348 1797/3350
f 1796/3357 1798/3352 1797/3350
f 1796/3113 1797/3125 1808/3120
f 1795/3327 664/3318 1816/3326
f 1795/3327 181/3324 415/3319
f 1789/3335 187/3338 38/3325
f 1096/3355 1809/3353 1802/3358
f 1961/1652 183/1640 655/1616
f 125/4462 183/4464 319/4465
f 655/1616 183/1640 184/1625
f 664/3318 1795/3327 415/3319
f 664/3318 415/3319 416/3316
f 1788/3331 181/3324 1795/3327
f 1788/3331 40/3328 181/3324
f 1787/3341 1794/3345 1815/3349
f 1788/3331 1790/3336 40/3328
f 1790/3336 39/3332 40/3328
f 1788/3331 1793/3343 1806/3347
f 1792/3344 8/3342 187/3338
f 1792/3344 7/3351 8/3342
f 1792/3344 187/3338 1789/3335
f 1789/3335 38/3325 39/3332
f 1788/3331 1817/3333 1791/3340
f 1789/3335 1790/3336 1787/3341
f 1787/3341 1790/3336 1788/3331
f 1789/3335 1787/3341 1792/3344
f 1806/3347 1809/3353 1794/3345
f 1096/3435 1800/3442 1786/3438
f 1785/3426 3/3413 4/3419
f 1785/3426 1097/3425 3/3413
f 1784/3121 1688/3111 1774/3117
f 1688/3111 1812/3108 1776/3107
f 1781/2789 1783/2807 1782/2816
f 1780/2213 1282/2209 1771/2204
f 1771/2204 1872/2215 1780/2213
f 2282/2220 1862/2206 2301/2217
f 1780/2213 1872/2215 1871/2225
f 1867/2235 1780/2213 1869/2233
f 1780/2213 1867/2235 1707/2226
f 1869/2233 2296/2251 1870/2261
f 1868/2250 2240/2264 1734/2243
f 1867/2235 1734/2243 1707/2226
f 1867/2235 1868/2250 1734/2243
f 2493/2262 1840/2277 1832/2270
f 1782/2816 1866/2823 1865/2809
f 1686/3135 1689/3128 1281/3134
f 1689/3128 1784/3121 1281/3134
f 1861/2202 2763/2212 1864/2211
f 2305/2841 2306/2846 1856/2838
f 1862/2206 1863/2198 1861/2202
f 1863/2198 1692/2200 1861/2202
f 1860/2872 1859/2873 1858/2856
f 1774/1714 1773/1711 1280/1730
f 1850/2848 1857/2857 1854/2839
f 1856/2838 1855/2847 1853/2842
f 1854/2839 2028/2836 1851/2835
f 1853/2842 1852/2843 1851/2835
f 1856/2838 1702/2853 1855/2847
f 1480/588 1468/569 1090/605
f 1093/740 1613/719 1756/760
f 1849/2865 1857/2857 1850/2848
f 1486/3652 1698/3651 1485/3654
f 2117/2874 1849/2865 1705/2881
f 1849/2865 1706/2864 1705/2881
f 1848/2219 1811/2223 1283/2214
f 2763/2852 1847/2863 1856/2838
f 1692/2200 1847/2207 1861/2202
f 1421/2765 1416/2775 1708/2754
f 1560/3665 1091/3669 1113/3658
f 1811/2223 1763/2236 1810/2228
f 1704/3655 1703/3662 2043/3659
f 1734/2243 2493/2262 1733/2252
f 1727/2490 1082/2486 1729/2489
f 2032/3049 2253/3050 2031/3040
f 1427/2755 1421/2765 1822/2746
f 1763/2236 1848/2219 1095/2218
f 1088/489 1523/529 1766/542
f 1755/2492 1727/2490 1720/2494
f 1747/826 1730/818 1257/792
f 1434/3046 1392/3037 1735/3051
f 1735/3051 1846/3054 1434/3046
f 1415/3069 1846/3054 1827/3068
f 1423/3070 1845/3071 1433/3055
f 1436/3063 1433/3055 1845/3071
f 1711/3067 1713/3060 2253/3050
f 1845/3071 1844/3056 1436/3063
f 1835/2810 1831/2808 1156/2776
f 1843/795 2459/796 1376/773
f 1829/2742 1834/2757 1155/2756
f 1782/2816 1783/2807 1840/2821
f 1842/2747 2068/2759 1240/2743
f 1155/2756 1841/2788 1781/2789
f 1781/2789 1841/2788 1783/2807
f 2504/2798 1841/2788 1156/2776
f 2240/2264 1866/2279 1782/2276
f 1783/2807 1831/2808 1840/2821
f 1835/2810 1839/2799 1241/2812
f 1838/2921 1144/2922 1824/2919
f 1837/1094 1836/1082 2426/1061
f 1833/2766 1834/2757 1828/2748
f 1828/2748 1254/2778 1833/2766
f 1609/2263 1832/2270 1835/2278
f 1156/2776 1834/2757 1833/2766
f 1831/2808 1835/2810 1832/2822
f 1832/2822 1840/2821 1831/2808
f 1241/2812 1839/2799 1743/2790
f 1679/1118 1687/1137 1145/1147
f 1362/2925 1830/2930 1144/2922
f 1829/2742 1380/2739 1828/2748
f 1144/2922 1838/2921 1362/2925
f 1743/2790 1254/2778 1744/2767
f 1761/3088 1827/3068 1255/3096
f 3374/1106 1826/1080 3439/1115
f 1825/2786 1742/2758 1709/2774
f 1114/3059 1093/3075 1712/3076
f 3451/2933 1687/2926 3452/2940
f 1758/2300 1234/2299 1743/2304
f 1823/2273 1609/2263 1233/2287
f 1380/2739 1822/2746 1708/2754
f 1753/2493 1726/2491 1083/2483
f 1711/3067 1731/3077 1713/3060
f 1828/2748 1380/2739 1742/2758
f 1741/3086 1715/3078 1713/3060
f 1723/789 1740/800 1699/775
f 1739/3933 1153/3937 1738/3934
f 1150/3080 1423/3070 1737/3062
f 1736/793 1439/809 1442/819
f 1735/3051 1714/3061 1846/3054
f 1610/2234 1707/2226 1734/2243
f 1734/2243 1733/2252 1610/2234
f 1731/839 1701/802 1732/827
f 1366/781 1410/769 1736/793
f 1724/3938 1081/3932 1730/3935
f 1729/3940 1081/3932 1724/3938
f 1728/425 1566/411 1562/441
f 1083/2483 1082/2486 1727/2490
f 2467/2487 1726/2491 1725/2488
f 1729/3940 1724/3938 1723/3941
f 1719/739 1699/775 1718/759
f 1474/2509 1489/2508 1492/2506
f 1721/2653 1722/2648 1579/2644
f 1720/2494 1719/2496 1571/2498
f 1496/700 1571/717 1719/739
f 1612/718 1496/700 1719/739
f 1612/718 1719/739 1718/759
f 1604/2898 1717/2904 1716/2911
f 1713/3060 1715/3078 1714/3061
f 1711/3067 1114/3059 1712/3076
f 1708/2754 1710/2785 1709/2774
f 1486/3652 1484/3661 1113/3658
f 1095/2218 1780/2213 1707/2226
f 1610/2234 1095/2218 1707/2226
f 1706/2864 1690/2891 1705/2881
f 1613/719 1091/701 1611/683
f 1703/3662 1704/3655 1113/3658
f 1603/2869 1702/2853 1847/2863
f 1859/2873 1860/2872 1768/2889
f 1699/775 1701/802 1700/790
f 1697/2900 1485/2907 1698/2892
f 1690/2891 1606/2905 1696/2906
f 1695/2681 2673/2676 1551/2685
f 1551/1986 1327/1977 1694/1965
f 1706/2864 1858/2856 1859/2873
f 2696/2197 1693/2203 1692/2200
f 1506/452 1504/426 1572/472
f 1690/2891 1691/2880 1605/2899
f 1688/3111 1689/3128 1686/3135
f 1687/1137 1682/1128 3428/1148
f 1686/3135 1685/3139 1683/3137
f 3426/1753 1684/1737 3450/1761
f 1679/1118 1682/1128 1687/1137
f 1679/1118 1681/1108 1680/1093
f 1681/1108 1746/1129 1779/1107
f 1683/3137 1688/3111 1686/3135
f 1688/3111 1683/3137 3455/3136
f 1777/2953 1778/2961 1745/2943
f 1688/3111 1784/3121 1689/3128
f 1776/3107 1775/3116 1774/3117
f 1685/1744 1686/1729 1684/1737
f 1684/1737 1686/1729 1277/1690
f 1178/1692 1773/1711 1774/1714
f 1772/2649 1722/2648 1606/2658
f 1722/2648 1696/2659 1606/2658
f 1771/2204 1282/2209 1297/2201
f 1721/2653 1487/2651 1697/2662
f 1767/2896 1770/2909 1769/2914
f 1769/2914 1717/2904 1767/2896
f 1768/2889 1767/2896 1717/2904
f 1692/2200 1693/2203 1847/2207
f 1580/2638 1579/2644 1722/2648
f 1609/2263 1241/2286 1233/2287
f 1721/2653 1697/2662 1696/2659
f 1772/2649 1580/2638 1722/2648
f 1754/579 1494/543 1766/542
f 1765/2944 1745/2943 1362/2925
f 1754/2495 1720/2494 1764/2497
f 1764/2497 1494/2499 1754/2495
f 1763/2236 1094/2244 1279/2247
f 1810/2228 1763/2236 1279/2247
f 1609/2263 1823/2273 1278/2258
f 1278/2258 1607/2253 1609/2263
f 1738/807 1257/792 1730/818
f 1777/1109 2431/1096 1778/1117
f 1761/4367 1417/4368 1414/4365
f 1682/1128 1679/1118 1680/1093
f 1760/2314 1758/2300 1743/2304
f 2576/1001 2489/1016 2490/986
f 2427/1081 1762/1059 1680/1093
f 1762/1059 1826/1080 1680/1093
f 1746/1129 1681/1108 1679/1118
f 2570/2806 2589/2805 1710/2785
f 1366/781 1255/806 1257/792
f 1417/881 1420/851 1750/869
f 1407/562 1725/598 1726/580
f 1425/3097 1149/3090 2476/3102
f 1738/3934 1730/3935 1081/3932
f 1742/2758 1825/2786 1252/2779
f 1761/3088 1415/3069 1827/3068
f 1759/917 2499/942 1760/930
f 1759/917 1760/930 1253/912
f 1836/1082 1837/1094 2431/1096
f 1687/2926 1824/2919 1144/2922
f 2575/2288 1233/2287 1758/2300
f 1380/2739 1708/2754 1742/2758
f 1697/2900 1690/2891 1696/2906
f 1571/2498 1764/2497 1720/2494
f 1712/3076 1701/3085 1711/3067
f 1614/2503 1757/2501 1491/2502
f 1714/3061 1715/3078 1827/3068
f 1712/776 1756/760 1718/759
f 1778/1117 1837/1094 1779/1107
f 1753/2493 1755/2492 1754/2495
f 1720/2494 1754/2495 1755/2492
f 1752/816 1255/806 1366/781
f 1728/425 1583/439 1608/410
f 1425/4306 1443/4305 1751/4309
f 1422/2773 1751/2797 1443/2787
f 1766/542 1753/597 1754/579
f 1416/2775 1750/2796 1710/2785
f 1747/826 1359/830 1749/849
f 1748/838 1747/826 1749/849
f 1761/3088 1255/3096 1752/3100
f 1724/815 1730/818 1747/826
f 1252/2779 1744/2767 1742/2758
f 1748/838 1740/800 1747/826
f 1745/1130 1779/1107 1746/1129
f 1362/2925 1745/2943 1746/2937
f 1743/2790 1744/2767 1253/2791
f 1724/815 1747/826 1740/800
f 1712/776 1718/759 1700/790
f 1561/645 1611/683 1560/664
f 1690/2891 1697/2900 1705/2881
f 1756/760 1612/718 1718/759
f 1487/2651 1485/2668 1697/2662
f 1567/490 1497/530 1614/531
f 1612/718 1613/719 1495/682
f 1613/719 1611/683 1495/682
f 1609/2263 1607/2253 1610/2234
f 1579/2644 1487/2651 1721/2653
f 1558/385 1608/410 1505/400
f 1690/2891 1706/2864 1691/2880
f 1094/2244 1607/2253 1279/2247
f 1774/3117 1775/3116 1819/3115
f 1604/2898 1606/2905 1605/2899
f 1768/2889 1972/2888 1767/2896
f 1602/2870 1702/2853 1603/2869
f 1603/2869 1972/2888 1602/2870
f 1598/432 1550/417 1104/444
f 1599/3568 1601/3575 1600/3583
f 1107/433 1598/432 1104/444
f 1596/336 1597/353 1595/335
f 1594/294 1596/336 1595/335
f 1598/432 1107/433 1592/404
f 1107/433 1593/416 1592/404
f 1539/243 1591/276 1590/277
f 1588/275 1664/293 1589/312
f 1589/312 1463/334 1588/275
f 1575/386 1587/370 1557/354
f 1586/295 1585/315 1591/276
f 1501/413 1466/442 1461/428
f 1553/516 1475/535 1467/550
f 1517/2645 1584/2639 1555/2646
f 1583/439 1567/490 1488/473
f 2116/3565 1943/3555 1926/3559
f 1577/458 1582/430 1576/438
f 1487/666 1510/627 1483/646
f 1579/2644 1510/2642 1487/2651
f 1581/2627 2741/2634 1556/2635
f 1556/2635 1513/2631 1581/2627
f 1579/2644 1580/2638 1511/2630
f 1580/2638 2741/2634 1511/2630
f 1546/2655 1517/2645 1555/2646
f 1499/4245 1540/4248 1578/4244
f 1508/4249 1578/4244 1540/4248
f 1491/644 1561/645 1502/586
f 1516/487 1577/458 1500/451
f 1576/438 1500/451 1577/458
f 1572/472 1570/453 1490/491
f 1575/386 1557/354 1505/400
f 1502/586 1574/624 1491/644
f 1574/2507 1492/2506 1491/2502
f 1466/442 1501/413 1505/400
f 1473/2512 1572/2511 1489/2508
f 1495/682 1561/645 1491/644
f 1766/542 1523/529 1407/562
f 1481/570 1507/551 1553/516
f 1089/512 1573/470 1524/488
f 1572/2511 1473/2512 1503/2514
f 1491/2502 1757/2501 1571/2498
f 1570/453 1488/473 1490/491
f 1474/604 1574/624 1502/586
f 1488/473 1570/453 1583/439
f 1493/563 1614/531 1497/530
f 1088/489 1766/542 1494/543
f 1568/421 2592/447 1455/465
f 1455/465 1569/466 1568/421
f 1583/439 1088/489 1567/490
f 1562/441 1566/411 1565/427
f 1565/427 1564/436 1563/454
f 1445/475 1524/488 1562/441
f 1086/625 1561/645 1560/664
f 1084/3664 1560/3665 1484/3661
f 1522/548 1446/515 1559/568
f 1557/354 1464/368 1558/385
f 1505/400 2783/412 1575/386
f 1544/2656 1517/2645 1546/2655
f 1555/2646 1584/2639 1556/2635
f 1554/479 1875/499 1104/444
f 1469/471 1553/516 1498/494
f 1551/496 1694/497 1552/460
f 1552/460 1695/459 1551/496
f 1550/417 1549/443 1552/460
f 1548/461 1104/444 1550/417
f 1104/444 1548/461 1554/479
f 1547/2665 1545/2666 1546/2655
f 1545/2666 1544/2656 1546/2655
f 1541/389 1543/342 1542/376
f 1498/494 1553/516 1540/534
f 1539/243 1538/256 1591/276
f 1537/273 1536/255 1678/242
f 1536/255 1652/218 1678/242
f 1544/4451 1514/4447 1512/4450
f 1615/313 1557/354 1587/370
f 1677/352 1666/367 1658/383
f 1665/272 1676/310 1661/327
f 1589/312 1675/351 1666/367
f 1661/327 1674/361 1675/351
f 1669/408 1658/383 1673/390
f 1565/427 1672/474 1456/455
f 1569/466 2066/492 1563/454
f 2744/418 1671/448 1670/445
f 2745/363 1674/361 3010/345
f 1471/409 1576/438 1619/415
f 1667/401 1669/408 1564/436
f 1456/455 1445/475 1562/441
f 1658/383 1668/399 1464/368
f 1460/533 1447/493 1520/546
f 1667/401 1564/436 1565/427
f 1670/445 1671/448 1569/466
f 1669/408 1670/445 1564/436
f 1668/399 1658/383 1669/408
f 1566/411 1558/385 1667/401
f 1558/385 1464/368 1667/401
f 1464/368 1668/399 1667/401
f 1659/398 1666/367 1674/361
f 1665/272 1663/311 1537/273
f 1664/293 1655/274 1663/311
f 1637/3549 1593/3553 1940/3550
f 1663/311 1655/274 1537/273
f 1660/288 1662/329 1661/327
f 1661/327 1662/329 1674/361
f 1588/275 1463/334 1615/313
f 1666/367 1659/398 1658/383
f 1666/367 1677/352 1589/312
f 1538/256 1539/243 1651/229
f 1594/294 1588/275 1615/313
f 1651/229 1539/243 1649/207
f 1657/198 1656/184 1649/207
f 1623/356 1595/335 1597/353
f 1979/159 1654/181 1656/184
f 1536/255 1655/274 1651/229
f 1653/247 1539/243 1590/277
f 1656/184 1654/181 1649/207
f 1647/4135 1878/4130 1879/4133
f 1885/3593 1600/3583 1643/3590
f 1600/341 1543/342 1622/375
f 1648/233 1653/247 1946/261
f 1650/219 1652/218 1651/229
f 1650/219 1651/229 1649/207
f 1649/207 1653/247 1648/233
f 1647/221 1657/198 1649/207
f 1649/207 1648/233 1647/221
f 1648/4137 1886/4132 1647/4135
f 1646/3592 1643/3590 1601/3575
f 1541/389 1542/376 1624/387
f 2102/3505 1642/3515 1918/3510
f 1600/3583 1601/3575 1643/3590
f 1646/3507 1917/3499 1918/3510
f 1645/476 1617/457 1582/430
f 1590/277 1644/314 1621/323
f 1640/4129 1886/4132 1643/4131
f 1643/4131 1646/4134 1642/4128
f 1640/4129 1642/4128 1641/4127
f 1643/4131 1642/4128 1640/4129
f 1639/3561 1109/3573 1601/3575
f 1622/375 1638/403 1599/388
f 1593/3553 1637/3549 1638/3557
f 1631/3552 1637/3549 1630/3548
f 1636/2629 1627/2626 1626/2628
f 1618/371 1620/355 1585/315
f 1617/457 1514/517 1544/495
f 2109/3566 1635/3572 1629/3556
f 1471/409 1618/371 1462/384
f 1637/3549 1631/3552 1638/3557
f 1632/3567 1110/3560 1629/3556
f 1632/3567 1629/3556 1634/3574
f 1632/3567 1634/3574 1633/3581
f 1629/3556 1631/3552 1630/3548
f 1617/457 1547/429 1582/430
f 1541/389 1624/387 1628/414
f 1502/586 1468/569 1470/549
f 1473/2512 1469/2515 1503/2514
f 1626/4448 1515/4446 1636/4445
f 1627/2626 1511/2630 1581/2627
f 1478/2633 1511/2630 1627/2626
f 2681/431 1549/443 1550/417
f 1547/429 1625/402 1582/430
f 1513/2631 1626/2628 1581/2627
f 1624/387 1618/371 1625/402
f 1616/369 1462/384 1597/353
f 1585/315 1595/335 1623/356
f 1623/356 1618/371 1585/315
f 1625/402 1628/414 1624/387
f 1622/375 1543/342 1541/389
f 1541/389 1592/404 1622/375
f 1593/416 1622/375 1592/404
f 1543/342 1621/323 1620/355
f 1644/314 1620/355 1621/323
f 1597/353 1596/336 1615/313
f 1594/294 1595/335 1586/295
f 1585/315 1586/295 1595/335
f 1618/371 1597/353 1462/384
f 1619/415 1618/371 1471/409
f 1576/438 1582/430 1619/415
f 1617/457 1544/495 1545/477
f 1596/336 1594/294 1615/313
f 1587/370 1616/369 1615/313
f 1517/2645 1544/2656 1512/2650
f 1618/371 1619/415 1625/402
f 1615/313 1616/369 1597/353
f 2118/511 1514/517 1617/457
f 1645/476 1582/430 1577/458
f 1545/477 1547/429 1617/457
f 1516/4250 1499/4245 2118/4247
f 1626/4448 1513/4449 1515/4446
f 1512/4450 1514/4447 1513/4449
f 1514/4447 1515/4446 1513/4449
f 1513/2631 1517/2645 1512/2650
f 1510/2642 1579/2644 1511/2630
f 2154/2632 2062/2636 1627/2626
f 1476/4483 1481/4484 1509/4485
f 1507/4252 1481/4253 1477/4251
f 1507/4252 1477/4251 1508/4249
f 1487/666 1483/646 1087/628
f 1505/400 1503/440 1466/442
f 1572/2511 1503/2514 1506/2516
f 1505/400 1504/426 1503/440
f 1506/452 1503/440 1504/426
f 1499/510 1516/487 1500/451
f 1500/451 1576/438 1471/409
f 1502/586 1561/645 1086/625
f 1575/386 1501/413 1462/384
f 1498/494 1500/451 1465/456
f 1499/510 1498/494 1540/534
f 1500/451 1498/494 1499/510
f 1514/4242 1578/4244 2154/4243
f 1469/471 1475/535 1553/516
f 1494/543 1497/530 1088/489
f 1491/644 1571/717 1496/700
f 1491/644 1496/700 1495/682
f 1493/563 1497/530 1494/543
f 1491/2502 1492/2506 1488/2505
f 1488/2505 2743/2504 1491/2502
f 1495/682 1611/683 1561/645
f 1496/700 1612/718 1495/682
f 1572/2511 1490/2510 1489/2508
f 1488/2505 1492/2506 1489/2508
f 1490/2510 1488/2505 1489/2508
f 1487/666 1087/628 1085/684
f 1085/3657 1486/3652 1485/3654
f 1484/3661 1486/3652 1085/3657
f 1483/646 1479/587 1482/626
f 1480/588 1087/628 1482/626
f 1467/550 1479/587 1481/570
f 1510/627 1479/587 1483/646
f 1467/550 1480/588 1479/587
f 1476/2641 1509/2637 1478/2633
f 1477/2640 1476/2641 1478/2633
f 1540/4248 1507/4252 1508/4249
f 1509/2637 1510/2642 1511/2630
f 1470/549 1468/569 1475/535
f 1467/550 1481/570 1553/516
f 1476/4254 1477/4251 1481/4253
f 1473/2512 1474/2509 1470/2513
f 1503/440 1469/471 1466/442
f 1471/409 2152/424 1472/437
f 1473/2512 1470/2513 1469/2515
f 1470/549 1475/535 1469/471
f 1468/569 1467/550 1475/535
f 1500/451 1471/409 1472/437
f 1467/550 1468/569 1480/588
f 1461/428 1466/442 1465/456
f 1461/428 1465/456 1500/451
f 1469/471 1465/456 1466/442
f 1474/2509 1473/2512 1489/2508
f 1470/549 1474/604 1502/586
f 1677/352 1464/368 1463/334
f 2152/4388 1462/4389 1461/4390
f 1462/384 1501/413 1461/428
f 1458/584 1460/533 1459/583
f 1464/368 1557/354 1463/334
f 1562/441 1583/439 1728/425
f 1455/465 1457/514 1456/455
f 2592/447 1454/504 1453/482
f 1404/2482 1418/2485 1452/2480
f 1444/698 1451/737 1430/710
f 1258/612 1450/617 1449/581
f 1418/693 1448/732 1154/750
f 1410/769 1154/750 1448/732
f 1445/475 1447/493 1446/515
f 2457/680 1444/698 1403/662
f 1421/2765 1443/2787 1416/2775
f 1414/4456 1442/4457 1440/4458
f 1439/4461 1441/4459 1440/4458
f 1149/3090 1441/3089 1439/3101
f 1452/2480 1438/2479 1404/2482
f 889/812 2479/811 1437/785
f 1435/3047 1433/3055 1436/3063
f 1434/3046 1433/3055 1435/3047
f 1432/603 2460/642 1405/622
f 1430/710 1451/737 1431/749
f 1452/3936 1739/3933 1081/3932
f 1428/2784 1424/2795 1429/2772
f 1381/2741 1397/2736 2293/2745
f 1426/2752 1422/2773 1427/2755
f 1845/3071 2287/3081 1844/3056
f 1428/2784 1429/2772 2290/2763
f 1239/2737 1380/2739 1829/2742
f 1425/3097 1751/3103 1424/3091
f 1150/3080 1425/3097 1424/3091
f 1423/3070 1150/3080 1424/3091
f 1428/3092 1423/3070 1424/3091
f 1427/2755 1422/2773 1421/2765
f 1422/2773 1443/2787 1421/2765
f 1414/4503 1420/4504 1419/4505
f 1153/3937 1739/3933 1418/3939
f 1414/4311 1417/4312 1416/4310
f 1416/4310 1420/4308 1414/4311
f 1414/4365 2283/4364 1415/4366
f 2468/804 2292/834 1411/840
f 1411/840 1413/856 1412/861
f 1431/749 2065/786 2123/780
f 1410/769 1409/767 1408/791
f 1407/562 1405/622 1406/616
f 1404/656 1406/616 1405/622
f 1403/662 1418/693 1404/656
f 1535/2481 1438/2479 1081/2478
f 1438/2479 1406/2484 1404/2482
f 1406/2484 1438/2479 1535/2481
f 1430/710 1403/662 1444/698
f 1430/710 1448/732 1418/693
f 1404/656 1405/622 1403/662
f 1431/749 1409/767 1448/732
f 1448/732 1430/710 1431/749
f 1534/756 1377/771 1533/714
f 1533/714 1376/773 1431/749
f 1533/714 2458/735 1534/756
f 1519/566 989/601 1459/583
f 1527/564 992/558 1449/581
f 1453/482 1454/504 2579/523
f 1064/600 1518/544 1066/599
f 1449/581 1450/617 1066/599
f 1450/617 1532/653 964/637
f 1531/520 1364/556 1015/574
f 1523/529 1446/515 1522/548
f 1447/493 1457/514 1530/532
f 1530/532 1518/544 1447/493
f 1460/533 1529/547 1446/515
f 1455/465 2580/522 1457/514
f 1521/567 1529/547 1460/533
f 989/601 928/620 1459/583
f 1528/565 1447/493 1518/544
f 2580/522 2581/505 1525/521
f 1447/493 1528/565 1520/546
f 992/558 1527/564 1525/521
f 1525/521 1527/564 1526/545
f 1457/514 1447/493 1456/455
f 1447/493 1445/475 1456/455
f 1447/493 1460/533 1446/515
f 1524/488 1445/475 1446/515
f 1089/512 1524/488 1523/529
f 1521/567 1458/584 1522/548
f 1522/548 1458/584 2466/602
f 1460/533 1520/546 1519/566
f 1519/566 1520/546 2659/582
f 1460/533 1519/566 1459/583
f 1066/599 1518/544 1449/581
f 1245/2982 1225/2966 1210/2973
f 1078/2981 1204/2987 1355/2972
f 1292/2116 1263/2133 1262/2126
f 1289/2137 1287/2132 1367/2145
f 1226/2974 1235/2976 1238/2954
f 1078/1545 1207/1547 1201/1535
f 1670/445 1563/454 1564/436
f 727/3629 297/3626 838/3628
f 838/3628 296/3627 2983/3631
f 1401/4333 1402/4335 1400/4337
f 1346/4338 1400/4337 1402/4335
f 1134/3790 1399/3778 1398/3789
f 2485/2983 2482/2975 2483/2967
f 1397/2736 1380/2739 1239/2737
f 1533/714 1377/771 1376/773
f 2378/2342 2167/2335 2377/2347
f 2531/1457 2793/1445 2797/1450
f 2285/2224 2286/2232 2301/2217
f 1190/561 885/595 962/578
f 1171/1498 1375/1495 2778/1462
f 1374/2948 2537/2939 1238/2954
f 2159/3201 2153/3211 2163/3202
f 2239/2792 2281/2801 2252/2768
f 2490/986 2405/963 2406/974
f 1118/2794 1160/2781 1130/2813
f 1118/2794 1396/2771 1160/2781
f 1394/2269 2259/2280 1395/2285
f 1395/2285 2298/2268 1394/2269
f 2031/3040 1393/3045 1392/3037
f 2274/2327 1119/2333 1391/2320
f 1391/2320 1116/2328 1077/2312
f 2354/2365 2308/2349 3068/2361
f 2233/3169 1137/3172 1390/3166
f 1706/2864 1849/2865 1850/2848
f 1851/2835 1852/2843 1854/2839
f 2126/3508 2097/3511 2095/3501
f 226/2570 2002/2581 432/2574
f 1074/2947 1357/2946 1389/2958
f 1388/3281 421/3286 1108/3283
f 835/2606 428/2592 252/2584
f 834/4095 428/4091 835/4096
f 2890/1880 3061/1895 1369/1914
f 1385/372 1387/337 1386/357
f 1788/3331 1791/3340 1793/3343
f 1416/4310 1417/4312 1750/4313
f 1373/2065 2653/2068 1273/2070
f 2858/1691 2859/1723 2857/1734
f 1382/1486 1384/1487 1383/1500
f 2057/3767 2053/3776 2056/3768
f 1589/312 1663/311 1675/351
f 1331/2059 1373/2065 1333/2060
f 1373/2065 1331/2059 1322/2063
f 1920/1995 1905/1990 1906/1981
f 1651/229 1588/275 1538/256
f 1629/3556 1630/3548 1943/3555
f 1397/2736 1381/2741 1380/2739
f 1412/861 2570/850 1411/840
f 1432/603 1405/622 1407/562
f 1083/2483 1727/2490 1755/2492
f 1288/2124 2543/2122 1243/2114
f 1240/2743 1379/2749 1378/2740
f 1277/1690 2512/1732 1684/1737
f 1299/1786 1345/1781 1311/1787
f 2527/1563 1344/1549 1285/1569
f 2564/3012 2558/3011 1232/3000
f 1343/2941 2511/2929 3419/2945
f 3314/539 1340/485 3315/525
f 3024/382 3019/366 3023/396
f 1569/466 1671/448 1568/421
f 3316/506 1341/468 3317/524
f 1259/914 1339/931 1338/904
f 1195/449 2972/422 3021/434
f 2984/156 2985/169 3035/150
f 2831/2049 2841/2050 2839/2055
f 1337/1649 1335/1676 2918/1666
f 1337/1649 1336/1688 1335/1676
f 625/1336 2932/1356 632/1345
f 2900/1379 2933/1374 684/1386
f 1333/2060 2716/2064 1334/2054
f 1331/2059 1333/2060 1332/2057
f 1334/2054 1332/2057 1333/2060
f 1555/2646 1556/2635 2677/2647
f 2677/2647 2682/2652 2676/2657
f 3061/1895 1976/1869 1977/1913
f 3017/139 3015/135 3016/124
f 2886/1853 1330/1866 1167/1879
f 1167/1879 1330/1866 1329/1878
f 2885/2687 1328/2698 1327/2696
f 1328/1955 1978/1953 1327/1977
f 1268/2150 1305/2158 1291/2162
f 1372/2069 2716/2064 1373/2065
f 1371/1525 2634/1523 1319/1524
f 2796/1438 1371/1460 1318/1456
f 2811/1430 2926/1434 2923/1425
f 2685/2669 2757/2664 2687/2675
f 2950/1710 2951/1689 2940/1700
f 1624/387 1542/376 1620/355
f 1370/1935 1369/1914 1977/1913
f 1505/400 1608/410 1504/426
f 523/1226 2838/1218 1368/1228
f 2731/2705 2739/2712 2740/2718
f 2640/2173 2626/2185 2751/2176
f 1294/2163 2765/2159 1268/2150
f 2800/2152 1367/2145 1268/2150
f 1257/792 1153/768 1366/781
f 1365/537 1364/556 1531/520
f 2568/2134 1288/2124 1295/2142
f 1339/931 2396/935 1338/904
f 1338/904 1363/892 1259/914
f 1212/2938 1765/2944 1362/2925
f 1266/2282 2628/2257 1823/2273
f 1360/2711 2729/2699 1361/2700
f 1210/2973 1355/2972 1245/2982
f 1257/792 1359/830 1747/826
f 1209/1533 1358/1542 1309/1536
f 1357/2946 1356/2936 1343/2941
f 1073/2952 1080/2965 1355/2972
f 1355/2972 1229/2997 1245/2982
f 1354/1526 1353/1529 1352/1527
f 1349/1468 1351/1474 1350/1481
f 1226/2974 1231/2990 1348/3001
f 1400/4147 3037/4142 1401/4144
f 2334/4118 2335/4113 3055/4116
f 1401/4144 2208/4146 3048/4148
f 3053/3675 3043/3681 3050/3684
f 3054/3945 3050/3953 3275/3954
f 2477/619 928/620 898/658
f 1347/4184 1346/4187 3038/4190
f 933/3680 931/3688 1199/3683
f 967/3692 1199/3683 931/3688
f 1198/3677 933/3680 1199/3683
f 3281/3687 1199/3683 3318/3691
f 3033/3833 3038/3834 1402/3830
f 1189/518 1197/501 3007/528
f 1195/449 1340/485 1196/507
f 733/128 3017/139 731/115
f 3018/290 3014/271 3005/241
f 1190/4232 1194/4229 886/4228
f 1185/151 2993/113 1987/136
f 3016/124 1193/102 1192/112
f 1192/112 729/81 731/115
f 729/81 1192/112 1193/102
f 3291/381 1191/349 3319/394
f 1190/561 1342/527 3313/576
f 3002/559 3013/541 912/577
f 3011/148 3003/126 3004/125
f 2957/291 2962/240 2960/292
f 3286/615 1190/561 3320/596
f 1196/507 2971/526 1195/449
f 2969/464 1197/501 1189/518
f 1189/518 1188/536 2968/503
f 1188/536 2971/526 3000/552
f 1188/536 1189/518 3001/509
f 2999/289 1676/310 1665/272
f 1187/365 1186/393 1182/379
f 1186/393 1187/365 2959/364
f 724/117 712/68 2993/113
f 1184/183 1884/185 1185/151
f 1184/183 1185/151 1981/171
f 1183/346 1181/378 2996/362
f 1182/379 1186/393 2965/406
f 1365/537 943/553 1364/556
f 1182/379 1181/378 1183/346
f 1182/379 2977/391 1181/378
f 1660/288 1661/327 2999/289
f 1180/1678 1178/1692 1819/1703
f 1775/3116 1776/3107 1820/3110
f 1955/1680 1953/1694 1960/1651
f 1179/1667 1178/1692 1180/1678
f 2839/1200 2910/1189 2911/1198
f 2942/1431 2922/1424 2923/1425
f 2858/1691 2955/1702 2924/1677
f 2938/1699 1335/1676 1336/1688
f 2832/2048 1177/2044 1175/2041
f 1176/2039 1175/2041 1177/2044
f 2937/1412 1173/1406 2947/1420
f 1174/1418 1173/1406 2941/1403
f 2717/1407 2791/1389 2716/1401
f 1173/1406 1174/1418 2922/1424
f 3391/1506 1171/1498 3460/1510
f 1172/1502 1375/1495 1171/1498
f 2943/1381 2952/1393 684/1386
f 624/1329 625/1336 632/1345
f 1368/1228 517/1225 515/1231
f 2828/1195 2829/1196 2903/1202
f 2874/1910 2876/1891 2869/1922
f 1168/1908 2876/1891 1167/1879
f 1663/311 1665/272 1661/327
f 1169/245 1170/230 1098/244
f 1098/244 1101/279 1169/245
f 1166/1907 1168/1908 1167/1879
f 1165/1931 1166/1907 2896/1930
f 1165/1931 1164/1942 1168/1908
f 1164/1942 1165/1931 2884/1957
f 1166/1907 1165/1931 1168/1908
f 587/1832 588/1825 2887/1843
f 1329/1878 1166/1907 1167/1879
f 2880/1967 2878/1978 2883/1956
f 2875/1215 2873/1222 2869/1212
f 1326/2730 1325/2709 2914/2722
f 1324/1357 2824/1346 534/1337
f 2874/1910 831/1893 537/1881
f 2833/1206 2834/1211 2875/1215
f 519/1232 523/1226 1368/1228
f 2870/1204 2872/1207 2869/1212
f 1964/1947 1922/1946 1923/1970
f 1369/1914 1370/1935 1964/1947
f 2675/2686 2735/2689 2674/2697
f 1325/2709 1326/2730 2913/2723
f 2718/1182 2719/1179 2651/1186
f 2909/2062 1323/2067 1322/2063
f 2653/2068 1322/2063 1323/2067
f 2731/2705 1361/2700 2605/2693
f 2844/1216 2845/1210 2904/1217
f 1176/2039 2818/2036 1175/2041
f 2837/2034 2836/2038 2819/2029
f 1331/2059 1332/2057 2827/2053
f 2823/1375 1177/1380 2929/1387
f 1324/1357 534/1337 2817/1358
f 1372/2069 1373/2065 1273/2070
f 2817/2022 2819/2029 2820/2032
f 2852/1453 1321/1443 1320/1454
f 2778/1462 2805/1477 2776/1469
f 2617/1521 2634/1523 2641/1518
f 1318/1456 1371/1460 1319/1467
f 2798/1428 2799/1432 2796/1438
f 1243/2114 1293/2117 1288/2124
f 1317/1446 1314/1463 2778/1462
f 2520/1472 1316/1479 1315/1465
f 2808/1470 1314/1463 1313/1455
f 1311/1787 1345/1781 1312/1785
f 2793/1445 1313/1455 2792/1449
f 1384/1487 1382/1486 2807/1478
f 3399/1503 1383/1500 3401/1507
f 1310/2985 2551/3004 2535/2995
f 1200/2971 1310/2985 2536/2980
f 1315/1465 1316/1479 2808/1470
f 1247/2123 2550/2120 1251/2115
f 3393/1553 1308/1548 3410/1559
f 1307/2170 1291/2162 2615/2167
f 1245/2982 1229/2997 1306/3007
f 1270/2154 2616/2161 1305/2158
f 2788/1419 2864/1409 2787/1395
f 2809/1429 2867/1417 2798/1428
f 2794/1437 2792/1449 2810/1440
f 1320/1454 1321/1443 2863/1448
f 2863/1448 2812/1435 2815/1452
f 1300/1762 1304/1777 3389/1774
f 2862/1748 2846/1738 2771/1757
f 2772/1789 1311/1787 1312/1785
f 2774/1476 2775/1458 2776/1469
f 2774/1476 2777/1483 2773/1471
f 1303/1776 1301/1767 1302/1766
f 1300/1762 1301/1767 1298/1772
f 1298/1772 1304/1777 1300/1762
f 1298/1772 1301/1767 1303/1776
f 1300/1762 2513/1749 2770/1758
f 1298/1772 1345/1781 1299/1786
f 1302/1766 1301/1767 2771/1757
f 1297/2201 1283/2214 1296/2210
f 2752/2147 1295/2142 1289/2137
f 2595/1163 2596/1150 2601/1160
f 1268/2150 1291/2162 1294/2163
f 2760/1049 2704/1083 2705/1073
f 1262/2126 1293/2117 1292/2116
f 1291/2162 1290/2169 1294/2163
f 1287/2132 1289/2137 1288/2124
f 1289/2137 1295/2142 1288/2124
f 1288/2124 1293/2117 1287/2132
f 2702/1050 2703/1017 2760/1049
f 1314/1463 1317/1446 1313/1455
f 1344/1499 1286/1493 1285/1482
f 2687/2675 2688/2688 2607/2680
f 2710/4106 2596/4102 2597/4098
f 1271/2186 2638/2191 1284/2174
f 1290/2169 1291/2162 1307/2170
f 2648/2178 2633/2190 1272/2179
f 1282/2209 1848/2219 1283/2214
f 1296/2210 1810/2228 2700/2221
f 2702/2256 2748/2245 2700/2221
f 1280/1730 1773/1711 1281/1720
f 1278/2258 2699/2239 1279/2247
f 1278/2258 1279/2247 1607/2253
f 1277/1690 1773/1711 1178/1692
f 1178/1692 1179/1667 1277/1690
f 2686/2903 1770/2909 1767/2896
f 2690/4101 2784/4097 2689/4104
f 1769/2914 1716/2911 1717/2904
f 1772/2649 1606/2658 2756/2660
f 2745/363 2996/362 1673/390
f 1567/490 1088/489 1497/530
f 1361/2700 2726/2717 1360/2711
f 1732/827 1701/802 1740/800
f 1732/827 1748/838 1731/839
f 1610/2234 1733/2252 1609/2263
f 1090/605 1087/628 1480/588
f 1276/1184 2725/1188 1275/1181
f 1273/2070 2654/2072 1271/2075
f 1275/1181 1274/1177 1276/1184
f 2657/1176 1274/1177 1275/1181
f 1273/2070 1272/2078 2632/2080
f 1272/2179 1271/2186 1284/2174
f 2623/2168 2616/2161 2617/2166
f 1272/2078 1273/2070 1271/2075
f 1268/2150 1270/2154 1305/2158
f 1268/2150 1367/2145 1269/2140
f 1266/977 2575/954 1267/965
f 1269/2140 1270/2154 1268/2150
f 2621/1514 2630/1511 2631/1513
f 2613/1161 2646/1174 2612/1170
f 2602/2707 2593/2724 2594/2728
f 2603/2684 1265/2694 2605/2693
f 1265/2694 1264/2701 2609/2706
f 1264/2701 1265/2694 2604/2691
f 2572/2088 1222/2092 1223/2089
f 1215/2128 1263/2133 1292/2116
f 1262/2126 1261/2139 1269/2140
f 1267/965 2629/987 1266/977
f 2531/1457 1349/1468 2530/1475
f 2409/2993 2410/3002 2485/2983
f 2542/2118 2544/2130 1246/2119
f 1414/4365 1415/4366 1761/4367
f 1260/893 1259/914 1363/892
f 2396/935 2397/945 2497/924
f 2497/924 2498/934 1759/917
f 2415/902 2413/916 2408/915
f 1741/860 1748/838 1749/849
f 2451/833 1056/853 2452/855
f 2662/885 2470/895 1412/861
f 1437/785 1045/788 889/812
f 992/558 1258/612 1449/581
f 1449/581 1518/544 1527/564
f 1522/548 1559/568 1521/567
f 1518/544 2659/582 1528/565
f 1525/521 1526/545 1457/514
f 1412/861 1413/856 2472/876
f 1376/773 1377/771 1843/795
f 1420/851 2474/841 2570/850
f 1256/817 1359/830 1257/792
f 1827/3068 1256/3099 1255/3096
f 1156/2776 1254/2778 1839/2799
f 1252/2779 2471/2800 1253/2791
f 1253/2791 1744/2767 1252/2779
f 1253/2791 1760/2811 1743/2790
f 1250/2106 1251/2115 1227/2112
f 1348/3001 1231/2990 1249/3008
f 2495/903 2413/916 2414/894
f 1221/2098 1216/2111 1243/2114
f 1244/2110 1251/2115 1250/2106
f 1246/2119 2489/2135 1248/2131
f 1247/2123 1246/2119 1248/2131
f 1231/2990 1226/2974 1245/2982
f 2538/989 2541/975 2543/1004
f 1243/2114 2542/2118 1244/2110
f 1242/2949 1374/2948 1238/2954
f 1250/2106 1223/2089 1221/2098
f 1743/2304 1234/2299 1241/2286
f 1419/4371 1420/4372 1417/4368
f 1419/4460 1442/4457 1414/4456
f 1708/2754 1416/2775 1710/2785
f 1708/2754 1822/2746 1421/2765
f 1842/2747 1240/2743 1239/2737
f 2404/922 1259/914 1260/893
f 1237/2962 1238/2954 1235/2976
f 1237/2962 1235/2976 1236/2977
f 1227/2992 1236/2977 1235/2976
f 2501/997 2424/971 2441/981
f 1241/2286 1234/2299 1233/2287
f 2534/3005 1208/2996 2536/2980
f 1231/2990 1245/2982 1232/3000
f 1230/4344 1229/4341 1206/4340
f 1230/3009 1306/3007 1229/2997
f 1246/2119 1247/2123 1251/2115
f 1228/2989 1227/2992 1235/2976
f 1225/2966 1245/2982 1226/2974
f 1309/1488 1316/1479 2533/1490
f 1228/2102 1224/2094 1223/2089
f 1223/2089 1222/2092 1221/2098
f 2548/2090 1223/2089 1224/2094
f 1244/2110 1221/2098 1243/2114
f 1221/2098 1222/2092 1220/2105
f 1216/2111 1221/2098 1220/2105
f 2521/2108 1219/2113 1218/2096
f 1217/2109 1216/2111 1220/2105
f 1216/2111 1217/2109 1293/2117
f 1350/1481 2525/1492 1349/1468
f 1213/1473 1215/1491 1214/1480
f 1215/2128 1213/2141 1263/2133
f 1350/1481 1351/1474 1215/1491
f 1219/2113 1217/2109 1218/2096
f 2539/1002 2540/964 2538/989
f 1292/2116 1293/2117 1219/2113
f 1212/2938 1211/2931 2537/2939
f 1211/2931 1212/2938 1362/2925
f 1073/2952 1210/2973 1225/2966
f 2534/1552 2535/1554 1358/1542
f 1309/1536 1358/1542 1308/1548
f 1074/2947 1389/2958 3458/2963
f 1209/1533 1203/1541 1208/1546
f 1203/1541 1201/1535 1207/1547
f 1209/1533 1201/1535 1203/1541
f 1206/1539 1079/1540 1205/1532
f 1204/4342 1079/4343 1206/4340
f 3411/2994 1200/2971 3462/2984
f 2530/1475 1285/1482 1286/1493
f 1352/1527 2533/1530 2520/1528
f 1214/1480 2528/1461 1213/1473
f 1351/1474 1349/1468 2528/1461
f 2560/1537 2518/1534 1354/1526
f 1231/2990 1232/3000 1249/3008
f 2555/3019 2556/3020 2557/3013
f 2555/1565 2558/1558 2554/1544
f 1353/1529 1205/1532 1352/1527
f 1202/2986 1208/2996 1203/3006
f 1205/1532 1079/1540 1201/1535
f 1203/3006 1207/2988 1202/2986
f 1080/2965 2536/2980 1202/2986
f 1075/2959 1200/2971 1080/2965
f 2519/1531 1353/1529 1354/1526
f 2552/4346 2553/4345 1206/4340
f 3463/2979 1075/2959 3464/2978
f 1821/3106 1803/3109 1796/3113
f 3396/1784 1299/1786 3416/1788
f 1162/2294 2234/2309 1163/2316
f 2508/1012 2437/1013 2424/971
f 1159/2780 2252/2768 1129/2793
f 2276/3189 2322/3194 2317/3182
f 1155/2756 1834/2757 1156/2776
f 1156/2776 1833/2766 1254/2778
f 1155/2756 1156/2776 1841/2788
f 2501/997 2421/1030 2508/1012
f 1418/693 1154/750 1153/768
f 2067/2777 1781/2789 2239/2792
f 1036/908 2416/946 2417/936
f 1152/996 975/995 1151/1028
f 2426/1061 2421/1030 1762/1059
f 2398/943 2395/955 2396/935
f 1736/4370 1442/4369 1761/4367
f 2430/1072 2482/1095 2481/1070
f 1425/3097 1150/3080 1149/3090
f 1150/3080 1737/3062 1149/3090
f 1253/912 2470/895 1759/917
f 1254/2778 1828/2748 1744/2767
f 1408/791 1409/767 2123/780
f 1148/2322 1147/2341 1146/2334
f 1142/2340 1147/2341 1148/2322
f 1146/2334 1131/2326 1148/2322
f 2333/2363 2369/2353 2390/2357
f 2361/2358 2390/2357 2379/2346
f 1830/2930 1145/2932 1144/2922
f 2312/2344 1119/2333 2280/2338
f 2366/3173 2323/3187 2309/3188
f 2220/3770 2247/3785 2248/3786
f 2345/2360 2383/2359 2377/2347
f 1142/2340 2381/2354 1143/2352
f 1143/2352 1147/2341 1142/2340
f 1140/3888 2380/3889 1141/3883
f 1141/3883 2224/3886 1140/3888
f 2325/3892 2326/3895 1140/3888
f 1138/2284 1123/2296 1139/2289
f 1398/3789 1399/3778 2244/3783
f 1136/3170 1390/3166 1137/3172
f 1137/3172 2349/3176 1136/3170
f 2289/2825 2315/2827 2322/2829
f 1133/3779 1135/3784 2221/3775
f 1399/3778 1134/3790 1133/3779
f 1132/2337 1131/2326 1146/2334
f 1115/2814 1116/2818 1130/2813
f 1115/2331 1129/2317 1076/2325
f 1161/2802 1129/2793 1115/2814
f 1115/2814 1130/2813 1161/2802
f 1160/2781 1159/2780 1161/2802
f 1157/2319 1131/2326 1132/2337
f 1158/2332 1157/2319 1132/2337
f 1127/2751 1396/2771 1128/2762
f 1128/2762 2179/2744 1127/2751
f 1398/2782 2178/2761 1128/2762
f 1239/2737 1240/2743 1378/2740
f 1741/3086 1713/3060 1731/3077
f 1124/2260 1126/2249 1125/2259
f 1125/2259 1126/2249 2302/2240
f 2187/2274 1124/2260 1125/2259
f 1868/2250 1869/2233 1870/2261
f 2275/2306 2269/2318 1157/2319
f 1378/2740 1379/2749 1127/2751
f 2250/2738 1378/2740 2179/2744
f 1139/2289 2187/2274 1138/2284
f 1139/2289 1123/2296 1122/2301
f 1120/4030 2111/4042 1121/4036
f 1396/2771 1118/2794 2254/2783
f 1160/2781 1379/2749 1159/2780
f 2063/4033 2192/4032 2204/4027
f 1119/2333 1116/2328 1391/2320
f 1134/3790 1135/3784 1133/3779
f 1399/3778 2277/3769 2243/3774
f 1117/2820 2279/2815 1118/2794
f 1123/2296 2265/2311 1122/2301
f 1162/2294 1163/2316 2263/2308
f 2188/2275 2236/2272 2189/2266
f 2262/2295 1123/2296 1138/2284
f 2262/2295 2145/2290 2146/2302
f 1117/2339 1116/2328 1119/2333
f 1077/2312 1116/2328 1115/2331
f 2273/2307 1391/2320 1077/2312
f 1118/2794 1116/2818 1117/2820
f 1114/3059 2032/3049 1092/3066
f 2164/3190 2171/3195 2159/3201
f 2051/3031 2216/3033 2153/3036
f 2155/3191 2133/3204 2183/3203
f 1114/3059 1092/3066 1093/3075
f 1092/3666 1703/3662 1113/3658
f 2131/3881 2132/3880 2129/3884
f 2131/3208 2133/3204 2130/3197
f 2233/3891 2224/3886 2219/3885
f 2230/3218 2183/3203 2231/3214
f 2231/3214 2133/3204 2134/3216
f 2218/3215 2230/3218 2232/3221
f 2227/2908 2141/2885 2137/2902
f 2227/3809 2160/3811 2161/3807
f 1137/3172 2219/3175 2170/3180
f 2063/4033 1120/4030 1121/4036
f 2063/4033 2064/4041 2107/4038
f 2305/2841 2125/2840 2081/2850
f 1641/4127 1642/4128 1899/4125
f 1641/4127 1102/4126 1640/4129
f 2080/2860 2145/2878 2079/2861
f 1434/3046 1737/3062 1433/3055
f 2067/2777 2252/2768 2068/2759
f 2048/3038 1112/3042 1111/3035
f 1112/3772 2057/3767 1111/3763
f 2053/3052 1112/3042 1435/3047
f 2049/3034 2045/3032 2046/3025
f 1632/3567 1633/3581 2071/3588
f 2119/2855 1852/2843 1853/2842
f 1110/3560 1109/3573 1639/3561
f 2012/3463 2070/3468 2090/3462
f 1108/3283 442/3278 1388/3281
f 442/3278 1108/3283 443/3284
f 1907/3476 1909/3472 1916/3467
f 1925/3564 1935/3563 1923/3578
f 1925/3564 1926/3559 1934/3551
f 1916/3467 1950/3465 1915/3461
f 1107/3562 1106/3554 1593/3553
f 1106/3554 1107/3562 1936/3558
f 1105/478 1104/444 1936/498
f 1104/444 1105/478 1107/433
f 1386/357 1387/337 1896/316
f 1874/3483 1385/3489 1386/3494
f 1945/3491 1907/3476 1908/3487
f 1897/296 1387/337 1973/298
f 1897/296 1980/260 1896/316
f 1904/3484 1103/3485 1900/3470
f 1873/3479 1874/3483 1904/3484
f 1102/3490 1894/3480 1103/3485
f 1880/321 1102/340 1103/358
f 315/2585 252/2584 428/2592
f 315/2585 225/2573 314/2579
f 1881/280 1101/279 1100/320
f 1098/244 1170/230 1099/220
f 1650/219 1649/207 1654/181
f 1986/281 1984/246 1985/259
f 1099/220 1948/257 1098/244
f 289/304 1100/320 1101/279
f 133/317 1902/343 135/306
f 3385/3434 1097/3425 3446/3437
f 1096/3435 1786/3438 1097/3425
f 1787/3341 1788/3331 1794/3345
f 1785/3426 1096/3435 1097/3425
f 1782/2816 1865/2809 1781/2789
f 1780/2213 1871/2225 1869/2233
f 1855/2847 2120/2854 1853/2842
f 1864/2211 1862/2206 1861/2202
f 1113/3658 1484/3661 1560/3665
f 1095/2218 1094/2244 1763/2236
f 1735/3051 1392/3037 1393/3045
f 1740/800 1723/789 1724/815
f 1737/3062 1846/3054 1415/3069
f 1144/2922 1145/2932 1687/2926
f 1709/2774 1710/2785 1825/2786
f 1709/2774 1742/2758 1708/2754
f 1153/768 1257/792 1738/807
f 1735/3051 1713/3060 1714/3061
f 1113/3658 1704/3655 1486/3652
f 1093/740 1091/701 1613/719
f 1093/3075 1092/3066 1091/3084
f 1113/3658 1091/3669 1092/3666
f 1700/790 1718/759 1699/775
f 1700/790 1701/802 1712/776
f 1698/2892 1705/2881 1697/2900
f 1605/2899 1606/2905 1690/2891
f 1605/2899 1691/2880 1604/2898
f 1281/3134 1784/3121 1280/3127
f 1283/2214 1297/2201 1282/2209
f 1296/2210 1283/2214 1811/2223
f 1297/2201 1863/2198 1771/2204
f 1610/2234 1094/2244 1095/2218
f 1257/792 1255/806 1256/817
f 1765/2944 1777/2953 1745/2943
f 1233/2287 1234/2299 1758/2300
f 1567/490 1614/531 2743/513
f 1086/625 1090/605 1502/586
f 1505/400 1557/354 1558/385
f 1089/512 1088/489 1573/470
f 1089/512 1523/529 1088/489
f 1084/665 1087/628 1086/625
f 1560/664 1084/665 1086/625
f 1086/625 1087/628 1090/605
f 1085/3657 1084/3664 1484/3661
f 1494/2499 1764/2497 1493/2500
f 1673/390 1658/383 1659/398
f 1672/474 2066/492 1456/455
f 1668/399 1669/408 1667/401
f 1565/427 1566/411 1667/401
f 1652/218 1536/255 1651/229
f 1536/255 1537/273 1655/274
f 1655/274 1664/293 1651/229
f 1622/375 1599/388 1600/341
f 1635/3572 1634/3574 1629/3556
f 1631/3552 1629/3556 1110/3560
f 1110/3560 1632/3567 1109/3573
f 1085/684 1485/720 1487/666
f 1085/684 1087/628 1084/665
f 1482/626 1087/628 1483/646
f 1482/626 1479/587 1480/588
f 1459/583 2477/619 1458/584
f 1446/515 1523/529 1524/488
f 1456/455 1569/466 1455/465
f 1081/2478 1083/2483 1535/2481
f 1409/767 1410/769 1448/732
f 1729/2489 1082/2486 1081/2478
f 1082/2486 1083/2483 1081/2478
f 1440/4458 1441/4459 1414/4456
f 1440/4458 1442/4457 1439/4461
f 1436/3063 1844/3056 1435/3047
f 1427/2755 1381/2741 1426/2752
f 1380/2739 1381/2741 1822/2746
f 1154/750 1366/781 1153/768
f 2579/523 992/558 1525/521
f 1530/532 1526/545 1527/564
f 1458/584 1521/567 1460/533
f 1075/2959 1080/2965 1073/2952
f 1073/2952 2537/2939 1074/2947
f 1355/2972 1080/2965 1078/2981
f 1355/2972 1210/2973 1073/2952
f 1355/2972 1204/2987 1229/2997
f 1228/2102 1250/2106 1227/2112
f 1238/2954 1225/2966 1226/2974
f 1075/2959 1073/2952 1074/2947
f 1238/2954 1237/2962 1242/2949
f 1078/2981 1080/2965 1207/2988
f 1079/1540 1078/1545 1201/1535
f 1157/2319 1158/2332 2274/2327
f 1319/2160 2618/2148 1318/2157
f 1347/4184 1400/4183 1346/4187
f 1074/2947 1356/2936 1357/2946
f 1263/2133 1261/2139 1262/2126
f 1075/2959 1074/2947 3461/2964
f 1078/2981 1079/2998 1204/2987
f 1077/2312 1076/2325 1129/2317
f 1076/2325 1077/2312 1115/2331
f 921/1065 1022/1086 1055/1087
f 839/948 841/940 840/926
f 856/4314 858/4315 857/4316
f 852/993 854/982 853/959
f 850/1063 851/1074 846/1085
f 3179/938 849/906 3180/925
f 845/1099 847/1064 846/1085
f 842/1036 844/1040 843/1023
f 865/858 867/846 866/864
f 864/687 863/690 3181/729
f 861/757 860/774 859/787
f 880/859 882/847 881/821
f 877/679 879/640 878/661
f 874/4151 876/4152 875/4153
f 873/573 872/590 871/555
f 868/794 870/798 869/783
f 1069/4373 1039/4374 1054/4375
f 3185/4376 1039/4374 3186/4377
f 3187/3597 1026/3598 3188/3599
f 846/1085 847/1064 850/1063
f 1034/1007 1039/1025 1069/1037
f 3189/3605 1041/3600 3190/3602
f 882/847 880/859 3191/866
f 970/1051 842/1036 1034/1007
f 1070/919 1035/907 979/897
f 3180/925 1053/910 3194/937
f 1033/824 984/813 859/787
f 877/679 1005/694 3200/733
f 1042/650 1011/689 1001/674
f 887/832 985/836 1043/857
f 1042/650 1059/632 1060/672
f 1012/726 1010/705 3199/746
f 1006/4321 856/4314 1058/4317
f 953/686 906/649 1017/704
f 1068/722 953/686 1017/704
f 952/4156 1068/4161 1065/4158
f 1009/671 1007/688 1008/706
f 1065/4158 947/4159 901/4155
f 1053/910 1030/900 3220/920
f 900/4157 947/4159 1072/4162
f 1072/4255 945/4256 1058/4257
f 1042/650 1060/672 1011/689
f 1006/4259 1058/4257 945/4256
f 1049/968 1048/947 3222/957
f 3186/1038 1051/1008 3225/1053
f 1026/3598 851/3609 970/3604
f 848/939 1048/947 840/926
f 3222/957 848/939 3227/967
f 1030/900 1031/888 3196/911
f 1052/994 1071/991 3207/1022
f 1046/969 1071/991 1052/994
f 1071/991 1046/969 1049/968
f 1071/991 1049/968 3224/990
f 887/832 889/812 888/825
f 1190/4232 886/4228 885/4235
f 867/846 884/848 883/865
f 3466/1135 917/1100 3469/1134
f 870/798 881/821 929/814
f 879/640 898/658 928/620
f 882/847 884/848 927/837
f 888/825 926/799 925/797
f 922/651 924/652 923/611
f 881/821 868/794 3204/831
f 844/1040 921/1065 920/1055
f 917/1100 919/1076 918/1101
f 915/3960 891/3964 916/3958
f 913/3951 894/3947 914/3956
f 910/609 912/577 911/613
f 906/649 908/669 907/630
f 875/4153 905/4154 874/4151
f 902/4409 904/4410 874/4411
f 902/4323 903/4319 858/4315
f 900/4157 875/4153 901/4155
f 879/640 899/678 898/658
f 860/774 861/757 897/699
f 896/958 853/959 841/940
f 893/3944 895/3943 894/3947
f 890/3694 892/3690 891/3700
f 915/3960 932/3967 891/3964
f 894/3947 916/3958 914/3956
f 894/3947 937/3952 916/3958
f 916/3958 937/3952 915/3960
f 895/3943 936/3955 937/3952
f 3325/3968 915/3960 3326/3966
f 891/3700 892/3690 916/3695
f 913/3679 935/3676 3058/3673
f 895/3943 937/3952 894/3947
f 936/3955 915/3960 937/3952
f 3327/3963 936/3955 3328/3965
f 936/3955 895/3943 3268/3950
f 934/3678 935/3676 930/3682
f 916/3695 892/3690 914/3686
f 892/3690 930/3682 914/3686
f 913/3951 893/3944 894/3947
f 934/3678 930/3682 933/3680
f 930/3682 892/3690 890/3694
f 914/3686 930/3682 913/3679
f 930/3682 935/3676 913/3679
f 3331/3708 932/3709 3332/3710
f 890/3694 931/3688 930/3682
f 938/4413 876/4415 874/4411
f 930/3682 931/3688 933/3680
f 904/4322 902/4323 858/4315
f 938/4413 874/4411 904/4410
f 902/4409 874/4411 905/4412
f 960/614 911/613 969/593
f 902/4323 905/4325 903/4319
f 944/607 956/648 968/633
f 903/4160 875/4153 900/4157
f 903/4319 905/4325 875/4326
f 876/4152 901/4155 875/4153
f 911/613 960/614 966/654
f 942/589 963/571 949/608
f 863/690 966/654 958/675
f 952/721 876/723 954/703
f 940/4324 904/4322 948/4318
f 911/613 966/654 955/670
f 952/4156 901/4155 876/4152
f 964/637 965/635 924/652
f 872/590 949/608 963/571
f 951/631 950/610 911/613
f 948/4318 904/4322 858/4315
f 856/4314 948/4318 858/4315
f 954/703 938/685 908/669
f 941/629 956/648 944/607
f 958/675 909/655 3323/692
f 961/594 962/578 960/614
f 961/594 960/614 969/593
f 960/614 909/655 958/675
f 959/636 960/614 885/595
f 3324/676 959/636 3337/691
f 959/4238 885/4235 886/4228
f 962/578 885/595 960/614
f 3322/708 958/675 3338/730
f 948/668 957/673 956/648
f 966/654 960/614 958/675
f 911/613 912/577 969/593
f 908/669 906/649 953/686
f 955/670 951/631 911/613
f 952/721 954/703 953/686
f 950/610 951/631 872/590
f 949/608 907/630 942/589
f 941/629 940/667 948/668
f 876/723 938/685 954/703
f 873/573 950/610 872/590
f 871/555 872/590 963/571
f 940/4414 938/4413 904/4410
f 941/629 944/607 942/589
f 942/589 907/630 939/647
f 945/4256 947/4258 946/4260
f 944/607 943/553 942/589
f 943/553 963/571 942/589
f 941/629 939/647 940/667
f 938/685 940/667 939/647
f 953/686 954/703 908/669
f 908/669 938/685 939/647
f 955/670 966/654 864/687
f 966/654 863/690 864/687
f 939/647 907/630 908/669
f 907/630 949/608 906/649
f 949/608 872/590 951/631
f 864/687 1017/704 906/649
f 951/631 955/670 906/649
f 864/687 906/649 955/670
f 1015/574 944/607 1016/591
f 986/712 988/696 998/713
f 861/757 1014/738 897/699
f 1013/877 866/864 867/846
f 2446/715 897/699 1014/738
f 1011/689 1010/705 1012/726
f 3235/711 1001/674 3236/707
f 1004/725 1009/671 1008/706
f 1004/725 1010/705 1009/671
f 879/640 988/696 899/678
f 860/774 897/699 987/758
f 1006/4259 1008/4262 1007/4264
f 1005/694 999/657 1001/674
f 3198/744 1004/725 3237/762
f 964/637 922/651 1002/634
f 1003/638 964/637 1002/634
f 999/657 1003/638 1001/674
f 956/648 941/629 948/668
f 1002/634 1001/674 1003/638
f 999/657 878/661 1000/618
f 998/713 877/679 3202/734
f 869/783 862/752 868/794
f 859/787 870/798 929/814
f 898/658 997/695 2448/660
f 996/4486 889/4487 926/4488
f 926/4488 888/4489 996/4486
f 1014/738 861/757 995/772
f 994/677 986/712 993/716
f 923/611 965/635 992/558
f 924/652 965/635 923/611
f 866/864 1013/877 991/886
f 990/871 866/864 991/886
f 879/640 928/620 989/601
f 988/696 879/640 877/679
f 986/712 987/758 897/699
f 984/813 985/836 888/825
f 998/713 988/696 877/679
f 925/797 984/813 888/825
f 868/794 862/752 3184/782
f 859/787 984/813 925/797
f 853/959 854/982 983/970
f 841/940 982/927 980/918
f 841/940 853/959 981/949
f 849/906 840/926 980/918
f 979/897 978/928 1070/919
f 970/1051 851/1074 850/1063
f 975/995 977/1009 976/1027
f 852/993 974/992 843/1023
f 920/1055 973/1057 971/1041
f 972/1044 971/1041 973/1057
f 847/1064 844/1040 842/1036
f 843/1023 1023/1024 842/1036
f 1022/1086 845/1099 1020/1112
f 1018/1123 1022/1086 1020/1112
f 919/1076 1021/1075 920/1055
f 1152/996 983/970 975/995
f 1018/3618 1020/3617 1019/3607
f 3474/3606 1041/3600 3475/3611
f 853/959 1032/979 852/993
f 3212/899 1040/867 3213/901
f 1038/980 1039/1025 1034/1007
f 1037/1042 1151/1028 975/995
f 975/995 971/1041 1037/1042
f 1036/908 1029/887 1035/907
f 981/949 983/970 2441/981
f 842/1036 1023/1024 1034/1007
f 847/1064 845/1099 1022/1086
f 929/814 1033/824 859/787
f 1020/3617 846/3613 1019/3607
f 974/992 852/993 1032/979
f 979/897 1035/907 1029/887
f 840/926 849/906 848/939
f 920/1055 1021/1075 973/1057
f 841/940 980/918 840/926
f 883/865 1031/888 1030/900
f 1029/887 1013/877 883/865
f 982/927 841/940 981/949
f 1021/1075 2439/1068 973/1057
f 855/1126 2418/1104 917/1100
f 972/1044 1037/1042 971/1041
f 845/4466 846/4467 1020/4468
f 1028/3603 1026/3598 1041/3600
f 1018/3618 1027/3612 3476/3621
f 1027/3612 1024/3622 3472/3624
f 1026/3598 846/3613 851/3609
f 920/1055 976/1027 844/1040
f 1027/3612 1018/3618 1019/3607
f 1019/3607 1028/3603 1027/3612
f 1019/3607 846/3613 1026/3598
f 975/995 983/970 854/982
f 847/1064 1022/1086 921/1065
f 970/1051 850/1063 842/1036
f 3470/1142 1018/1123 3477/1153
f 975/995 854/982 977/1009
f 919/1076 917/1100 1021/1075
f 844/1040 976/1027 977/1009
f 2429/1089 1021/1075 917/1100
f 3469/1134 1025/1124 3471/1143
f 918/1101 1025/1124 917/1100
f 977/1009 843/1023 844/1040
f 918/1101 1018/1123 1025/1124
f 918/1101 1022/1086 1018/1123
f 3478/3620 1027/3612 3479/3616
f 1027/3612 1028/3603 3474/3606
f 883/865 849/906 979/897
f 842/1036 850/1063 847/1064
f 918/1101 919/1076 1055/1087
f 1047/950 2442/960 978/928
f 970/4380 1054/4375 3232/4379
f 1069/1037 1054/1052 1034/1007
f 1053/910 883/865 1030/900
f 1038/980 1052/994 1051/1008
f 980/918 979/897 849/906
f 1053/910 849/906 883/865
f 883/865 979/897 1029/887
f 884/848 1040/867 883/865
f 1040/867 884/848 882/847
f 1040/867 1031/888 883/865
f 1013/877 1050/898 2507/905
f 1033/824 929/814 1044/835
f 1036/908 1050/898 1029/887
f 1029/887 1050/898 1013/877
f 1046/969 839/948 1049/968
f 1048/947 1049/968 839/948
f 978/928 979/897 982/927
f 981/949 1047/950 982/927
f 978/928 982/927 1047/950
f 896/958 1046/969 1038/980
f 839/948 840/926 1048/947
f 839/948 1046/969 896/958
f 982/927 979/897 980/918
f 974/992 1032/979 896/958
f 896/958 1038/980 974/992
f 1032/979 853/959 896/958
f 1040/867 882/847 3211/879
f 1013/877 867/846 883/865
f 985/836 984/813 1044/835
f 929/814 927/837 884/848
f 860/774 869/783 870/798
f 862/752 986/712 998/713
f 862/752 869/783 987/758
f 889/812 1045/788 926/799
f 990/871 865/858 866/864
f 861/757 1045/788 995/772
f 899/678 988/696 986/712
f 867/846 929/814 884/848
f 1044/835 1043/857 985/836
f 882/847 927/837 881/821
f 867/846 865/858 1044/835
f 881/821 927/837 929/814
f 870/798 868/794 881/821
f 984/813 1033/824 1044/835
f 1044/835 929/814 867/846
f 987/758 869/783 860/774
f 986/712 994/677 997/695
f 997/695 898/658 899/678
f 865/858 1043/857 1044/835
f 922/651 964/637 924/652
f 1001/674 1002/634 1042/650
f 1058/4317 856/4314 857/4316
f 900/4157 1072/4162 1058/4165
f 1057/592 1002/634 923/611
f 990/871 1056/853 865/858
f 865/858 1056/853 887/832
f 887/832 1043/857 865/858
f 888/825 985/836 887/832
f 996/4497 888/4498 889/4499
f 1003/638 999/657 1000/618
f 856/702 1006/727 1007/688
f 964/637 1003/638 1066/599
f 857/4316 903/4319 900/4320
f 1058/4317 857/4316 900/4320
f 903/4319 857/4316 858/4315
f 947/4258 945/4256 1072/4255
f 856/702 957/673 948/668
f 1061/4261 1008/4262 1006/4259
f 1004/725 1008/706 1061/745
f 1016/591 944/607 968/633
f 1065/4158 1068/4161 3219/4164
f 947/4159 1065/4158 946/4163
f 1007/688 957/673 856/702
f 968/633 957/673 1007/688
f 1064/600 1003/638 1000/618
f 1066/599 1003/638 1064/600
f 1002/634 922/651 923/611
f 964/637 1066/599 1450/617
f 992/558 1063/575 1057/592
f 1532/653 965/635 964/637
f 1062/557 1015/574 1016/591
f 1258/612 992/558 965/635
f 879/640 989/601 1000/618
f 2579/523 1062/557 1063/575
f 1057/592 923/611 992/558
f 1057/592 1063/575 1062/557
f 1062/557 1016/591 1057/592
f 3244/4263 946/4260 3245/4265
f 3241/763 1061/745 3244/777
f 3236/707 1011/689 3246/728
f 1060/672 1010/705 1011/689
f 3246/728 1012/726 3247/764
f 1007/688 1009/671 968/633
f 1059/632 968/633 1009/671
f 1059/632 1016/591 968/633
f 1002/634 1057/592 1042/650
f 1060/672 1059/632 1009/671
f 1057/592 1059/632 1042/650
f 1000/618 878/661 879/640
f 877/679 999/657 1005/694
f 1067/3697 890/3694 3339/3703
f 3339/3703 891/3700 3341/3706
f 919/1076 921/1065 1055/1087
f 1022/1086 918/1101 1055/1087
f 844/1040 847/1064 921/1065
f 974/992 1038/980 1034/1007
f 1034/1007 1054/1052 970/1051
f 1068/722 1017/704 3252/741
f 1017/704 864/687 3251/724
f 3209/852 881/821 3234/842
f 901/4155 952/4156 1065/4158
f 1051/1008 1052/994 3248/1026
f 3233/3601 970/3604 3239/3608
f 957/673 968/633 956/648
f 862/752 987/758 986/712
f 859/787 925/797 861/757
f 926/799 861/757 925/797
f 901/4155 947/4159 900/4157
f 939/647 941/629 942/589
f 931/3688 890/3694 1067/3697
f 931/3688 1067/3697 967/3692
f 3333/3701 1067/3697 3343/3704
f 959/636 909/655 960/614
f 953/686 1068/722 952/721
f 959/4238 886/4228 3334/4237
f 950/610 910/609 911/613
f 1061/4261 945/4256 946/4260
f 944/607 1015/574 943/553
f 951/631 906/649 949/608
f 877/679 878/661 999/657
f 897/699 993/716 986/712
f 3183/770 998/713 3238/753
f 1051/1008 1039/1025 1038/980
f 976/1027 971/1041 975/995
f 971/1041 976/1027 920/1055
f 919/1076 920/1055 921/1065
f 843/1023 977/1009 852/993
f 1034/1007 1023/1024 974/992
f 1026/3598 1028/3603 1019/3607
f 974/992 1023/1024 843/1023
f 854/982 852/993 977/1009
f 1052/994 1038/980 1046/969
f 983/970 981/949 853/959
f 841/940 839/948 896/958
f 870/798 859/787 860/774
f 861/757 926/799 1045/788
f 986/712 997/695 899/678
f 1059/632 1057/592 1016/591
f 1061/4261 1006/4259 945/4256
f 946/4163 1065/4158 3243/4166
f 1060/672 1009/671 1010/705
f 3072/1916 565/1926 3129/1937
f 3073/1898 572/1886 3072/1916
f 3074/2427 699/2402 3075/2416
f 3075/2416 699/2402 342/2411
f 3076/4195 409/4194 3149/4197
f 3077/4196 329/4193 3076/4195
f 3078/2425 699/2402 3074/2427
f 3079/48 259/27 256/61
f 3080/60 755/36 3079/48
f 3081/2433 698/2415 3078/2425
f 3082/2443 351/2439 3081/2433
f 3083/1620 350/1602 3111/1631
f 3084/1630 704/1609 3083/1620
f 3085/1298 484/1290 476/1296
f 3086/1314 476/1296 3125/1325
f 3087/62 755/36 3080/60
f 3088/4205 262/4208 263/4202
f 3089/4211 262/4208 3088/4205
f 3090/50 709/39 3091/64
f 3091/64 709/39 764/32
f 3092/30 745/22 755/36
f 3093/49 755/36 3087/62
f 3094/76 256/61 3166/87
f 3095/38 743/16 3092/30
f 3096/29 743/16 3095/38
f 3097/37 742/17 3096/29
f 3098/65 764/32 3099/51
f 3099/51 764/32 3097/37
f 3100/78 764/32 3098/65
f 3101/1915 568/1859 3073/1898
f 3102/1952 326/1928 3142/1939
f 3103/1976 328/1964 3102/1952
f 3104/63 706/31 3090/50
f 3105/2429 342/2411 343/2417
f 3106/2435 343/2417 3174/2441
f 3107/4051 348/4048 3157/4054
f 3108/4053 333/4049 3107/4051
f 3109/1658 678/1629 3110/1656
f 3110/1656 678/1629 3084/1630
f 3111/1631 350/1602 3176/1628
f 3112/1671 674/1643 3109/1658
f 3113/1696 672/1670 3112/1671
f 3114/1726 671/1708 3118/1717
f 3115/1725 671/1708 3114/1726
f 3116/1369 670/1359 3117/1377
f 3117/1736 670/1706 3115/1725
f 3118/1717 671/1708 3113/1696
f 3119/1349 479/1331 3120/1360
f 3120/1360 479/1331 3116/1369
f 3121/1313 480/1302 3124/1321
f 3122/1312 477/1295 3121/1313
f 3123/1339 479/1331 3119/1349
f 3124/1321 480/1302 478/1310
f 3125/1325 476/1296 3126/1324
f 3126/1324 476/1296 3122/1312
f 3127/1307 553/1292 3138/1299
f 3128/1327 556/1317 3127/1307
f 3129/1937 565/1926 3130/1949
f 3130/1949 565/1926 560/1938
f 3131/1985 328/1964 3103/1976
f 3132/1996 266/1991 3131/1985
f 3133/1335 556/1317 3128/1327
f 3134/1901 568/1859 3101/1915
f 3135/1963 560/1938 3137/1974
f 3136/1334 556/1317 3139/1342
f 3137/1974 560/1938 3136/1983
f 3138/1299 553/1292 548/1286
f 3139/1342 556/1317 3140/1343
f 3140/1343 556/1317 3133/1335
f 3141/1919 345/1887 3134/1901
f 3142/1939 326/1928 3141/1919
f 3143/1332 478/1310 3123/1339
f 3144/4071 339/4066 3145/4069
f 3145/4069 339/4066 341/4062
f 3146/4065 341/4062 330/4057
f 3147/4068 341/4062 3146/4065
f 3148/4199 409/4194 3150/4201
f 3149/4197 409/4194 3148/4199
f 3150/4074 409/4073 3144/4071
f 3151/2448 351/2439 3082/2443
f 3152/2426 342/2411 3105/2429
f 3153/1618 350/1602 346/1608
f 3154/1627 346/1608 260/1626
f 3155/2452 349/2446 3151/2448
f 3156/2458 348/2455 3155/2452
f 3157/2460 348/2455 3156/2458
f 3158/1655 260/1626 3172/1669
f 3159/4200 329/4193 3163/4198
f 3160/4203 263/4202 3159/4200
f 3161/4060 330/4057 3108/4053
f 3162/4064 330/4057 3161/4060
f 3163/4198 329/4193 3077/4196
f 3164/110 257/86 266/121
f 3165/134 266/121 3168/147
f 3166/87 256/61 3173/101
f 3167/100 257/86 3164/110
f 3168/1999 266/1991 3132/1996
f 3169/4512 262/4513 3089/4514
f 3170/4214 261/4213 262/4208
f 3171/4515 262/4513 3169/4512
f 3172/1669 260/1626 3170/1654
f 3173/101 256/61 3167/100
f 3174/2441 343/2417 3178/2445
f 3175/2449 343/2417 3354/2444
f 3176/1628 350/1602 3153/1618
f 3177/1306 548/1286 3085/1298
f 3178/2445 343/2417 3175/2449
f 3179/938 848/939 849/906
f 3180/925 849/906 1053/910
f 3181/729 863/690 3347/748
f 3182/747 864/687 3181/729
f 3183/770 862/752 998/713
f 3184/782 862/752 3183/770
f 3185/4376 1054/4375 1039/4374
f 3186/1038 1039/1025 1051/1008
f 3187/3597 1041/3600 1026/3598
f 3188/3599 1026/3598 3233/3601
f 3468/3610 3189/3605 3482/3615
f 3190/3602 1041/3600 3187/3597
f 3191/866 880/859 3210/870
f 3192/878 882/847 3191/866
f 3193/889 882/847 3192/878
f 3194/937 1053/910 3221/929
f 3195/909 1031/888 3212/899
f 3196/911 1031/888 3195/909
f 3197/743 864/687 3182/747
f 3198/744 1010/705 1004/725
f 3199/746 1010/705 3198/744
f 3200/733 1005/694 3235/711
f 3201/751 877/679 3200/733
f 3202/734 877/679 3203/754
f 3203/754 877/679 3201/751
f 3204/831 868/794 3205/820
f 3205/820 868/794 3206/810
f 3206/810 868/794 3184/782
f 3207/1022 1071/991 3208/1034
f 3208/1034 1071/991 3230/1021
f 3209/852 880/859 881/821
f 3210/870 880/859 3209/852
f 3211/879 882/847 3193/889
f 3212/899 1031/888 1040/867
f 3213/901 1040/867 3214/890
f 3214/890 1040/867 3211/879
f 3215/778 1012/726 3216/779
f 3216/779 1012/726 3217/765
f 3217/765 1012/726 3199/746
f 3218/4168 1068/4161 3253/4169
f 3219/4164 1068/4161 3218/4168
f 3220/920 1030/900 3196/911
f 3221/929 1053/910 3220/920
f 3222/957 1048/947 848/939
f 3223/978 1049/968 3222/957
f 3224/990 1049/968 3223/978
f 3225/1053 1051/1008 3250/1054
f 3226/956 848/939 3179/938
f 3227/967 848/939 3228/966
f 3228/966 848/939 3226/956
f 3229/1035 1052/994 3207/1022
f 3230/1021 1071/991 3224/990
f 3231/4378 1054/4375 3185/4376
f 3232/4379 1054/4375 3231/4378
f 3233/3601 1026/3598 970/3604
f 3234/842 881/821 3204/831
f 3235/711 1005/694 1001/674
f 3236/707 1001/674 1011/689
f 3237/762 1004/725 3241/763
f 3238/753 998/713 3202/734
f 3239/3608 970/3604 3240/3614
f 3240/4381 970/4380 3232/4379
f 3241/763 1004/725 1061/745
f 3242/4167 1065/4158 3219/4164
f 3243/4166 1065/4158 3242/4167
f 3244/4263 1061/4261 946/4260
f 3245/4265 946/4260 3243/4266
f 3246/728 1011/689 1012/726
f 3247/764 1012/726 3215/778
f 3248/1026 1052/994 3229/1035
f 3249/1039 1051/1008 3248/1026
f 3250/1054 1051/1008 3249/1039
f 3251/724 864/687 3197/743
f 3252/741 1017/704 3254/742
f 3253/761 1068/722 3252/741
f 3254/742 1017/704 3251/724
f 3255/53 711/24 3256/41
f 3256/41 711/24 706/31
f 3257/79 706/31 3345/77
f 3258/66 706/31 3257/79
f 3259/138 732/104 3262/127
f 3260/152 733/128 3259/138
f 3261/114 730/91 3264/111
f 3262/127 732/104 3261/114
f 3263/89 730/91 708/54
f 3264/111 730/91 3263/89
f 3265/80 708/54 3255/53
f 3266/52 706/31 3258/66
f 3267/3946 895/3943 3054/3945
f 3268/3950 895/3943 3267/3946
f 3269/407 3019/366 3290/395
f 3270/423 3023/396 3269/407
f 3271/215 3006/179 3296/204
f 3272/216 3006/179 3271/215
f 3273/180 3015/135 3274/186
f 3274/186 3015/135 3292/173
f 3275/3954 3050/3953 3276/3961
f 3276/3699 3050/3684 3279/3693
f 3277/3949 3054/3945 3275/3954
f 3278/3689 3043/3681 3280/3685
f 3279/3693 3050/3684 3278/3689
f 3280/3685 3043/3681 1198/3677
f 3281/3687 1198/3677 1199/3683
f 3282/3698 1199/3683 967/3692
f 3283/3696 1199/3683 3282/3698
f 3284/3702 967/3692 3333/3701
f 3285/4233 1194/4229 3286/4236
f 3286/4236 1194/4229 1190/4232
f 3287/467 3028/435 3289/484
f 3288/483 3021/434 3287/467
f 3289/484 3028/435 3305/469
f 3290/395 3019/366 3291/381
f 3291/381 3019/366 1191/349
f 3292/173 3015/135 3260/152
f 3293/269 3018/290 3005/241
f 3294/239 3005/241 2986/205
f 3295/194 3006/179 3026/166
f 3296/204 3006/179 3295/194
f 3297/226 2986/205 3272/216
f 3298/4230 1194/4229 3285/4233
f 3299/4231 886/4228 3298/4230
f 3300/348 3027/309 3301/332
f 3301/332 3027/309 3018/290
f 3302/508 1341/468 3288/483
f 3303/328 3018/290 3311/307
f 3304/450 3028/435 3270/423
f 3305/469 3028/435 3304/450
f 3306/168 3026/166 3025/149
f 3307/193 3026/166 3306/168
f 3308/380 1191/349 3300/348
f 3309/157 3025/149 3015/135
f 3310/167 3015/135 3273/180
f 3311/307 3018/290 3293/269
f 3312/560 1342/527 3314/539
f 3313/576 1342/527 3312/560
f 3314/539 1342/527 1340/485
f 3315/525 1340/485 3316/506
f 3316/506 1340/485 1341/468
f 3317/524 1341/468 3302/508
f 3318/3691 1199/3683 3283/3696
f 3319/394 1191/349 3308/380
f 3320/596 1190/561 3313/576
f 3321/731 863/690 3322/708
f 3322/708 863/690 958/675
f 3323/692 909/655 3324/676
f 3324/676 909/655 959/636
f 3325/3968 932/3967 915/3960
f 3326/3966 915/3960 3327/3963
f 3327/3963 915/3960 936/3955
f 3328/3965 936/3955 3329/3962
f 3329/3962 936/3955 3330/3959
f 3330/3959 936/3955 3268/3950
f 3331/3708 891/3700 932/3709
f 3332/3710 932/3709 3325/3711
f 3333/3701 967/3692 1067/3697
f 3334/4237 886/4228 3335/4234
f 3335/4234 886/4228 3299/4231
f 3336/709 958/675 3323/692
f 3337/4240 959/4238 3344/4239
f 3338/730 958/675 3336/709
f 3339/3703 890/3694 891/3700
f 3340/3705 1067/3697 3339/3703
f 3341/3706 891/3700 3342/3707
f 3342/3707 891/3700 3331/3708
f 3343/3704 1067/3697 3340/3705
f 3344/4239 959/4238 3334/4237
f 3345/77 706/31 3104/63
f 3347/748 863/690 3321/731
f 3348/766 3181/729 3347/748
f 3349/3443 191/3427 3350/3439
f 3350/3439 191/3427 189/3433
f 3351/2409 195/2401 194/2383
f 3352/2414 196/2396 3351/2409
f 3353/2434 343/2417 3355/2428
f 3354/2444 343/2417 3480/2440
f 3355/2428 343/2417 196/2396
f 3356/2387 191/2382 3349/2395
f 3357/2423 196/2396 3352/2414
f 3358/2404 194/2383 3359/2397
f 3359/2397 194/2383 3360/2389
f 3360/2389 194/2383 193/2379
f 3361/2394 193/2379 3356/2387
f 3362/2957 1389/2958 1357/2946
f 3363/2951 1357/2946 1343/2941
f 3364/3441 189/3433 3384/3436
f 3365/1750 2767/1721 2768/1740
f 3366/1755 2767/1721 3365/1750
f 3367/2928 2510/2920 3421/2923
f 3368/2935 2586/2924 3367/2928
f 3369/1739 2512/1732 2767/1721
f 3370/1746 2767/1721 3366/1755
f 3371/1790 1311/1787 1172/1794
f 3372/1793 1299/1786 3371/1790
f 3373/1116 1682/1128 1680/1093
f 3374/1106 1680/1093 1826/1080
f 3375/1795 1172/1794 3391/1796
f 3376/1747 2512/1732 3369/1739
f 3377/3142 1685/3139 3425/3147
f 3378/3146 1683/3137 3377/3142
f 3379/3119 1812/3108 3380/3118
f 3380/3118 1812/3108 1688/3111
f 3381/4301 1801/4295 3382/4297
f 3382/4297 1801/4295 1814/4294
f 3383/4300 1814/4294 3386/4303
f 3384/3436 189/3433 190/3432
f 3385/3434 190/3432 1097/3425
f 3386/3131 1814/3124 1813/3112
f 3387/3446 1786/3438 3388/3445
f 3388/3445 1786/3438 1800/3442
f 3389/1774 1304/1777 3390/1780
f 3390/1780 1304/1777 1298/1772
f 3391/1506 1172/1502 1171/1498
f 3392/1505 1383/1500 1309/1488
f 3393/1553 1309/1536 1308/1548
f 3394/1768 1300/1762 3389/1774
f 3395/1773 2513/1749 3394/1768
f 3396/1784 1298/1772 1299/1786
f 3397/1769 2513/1749 3395/1773
f 3398/1501 1171/1498 1382/1486
f 3399/1503 1382/1486 1383/1500
f 3400/1509 1383/1500 3392/1505
f 3401/1507 1383/1500 3400/1509
f 3402/1791 1299/1786 3372/1793
f 3403/2942 2511/2929 3368/2935
f 3404/1759 2768/1740 2513/1749
f 3405/1058 2503/1029 2502/1043
f 3406/1067 2502/1043 2420/1056
f 3407/1568 1308/1548 2551/1561
f 3408/1572 2551/1561 3413/1574
f 3409/1567 1308/1548 3407/1568
f 3410/1559 1308/1548 3409/1567
f 3411/2994 1310/2985 1200/2971
f 3412/3003 1310/2985 3411/2994
f 3413/3014 2551/3004 3412/3003
f 3414/1763 2513/1749 3397/1769
f 3415/1756 1684/1737 3376/1747
f 3416/1788 1299/1786 3402/1791
f 3417/1504 1171/1498 3398/1501
f 3418/1508 1171/1498 3417/1504
f 3419/2945 2511/2929 3403/2942
f 3420/2956 1343/2941 3459/2950
f 3421/2923 2510/2920 1824/2919
f 3422/1136 1682/1128 3373/1116
f 3423/2927 1824/2919 3424/2934
f 3424/4516 1824/4517 3451/4518
f 3425/3147 1685/3139 3426/3150
f 3426/1753 1685/1744 1684/1737
f 3427/3148 1683/3137 3378/3146
f 3428/1148 1682/1128 3429/1146
f 3429/1146 1682/1128 3422/1136
f 3430/1092 2428/1069 3432/1091
f 3431/1105 1826/1080 3430/1092
f 3432/1091 2428/1069 3440/1079
f 3433/1102 2433/1088 3437/1113
f 3434/1090 2420/1056 3433/1102
f 3435/1114 2434/1103 3436/1127
f 3436/1127 2434/1103 855/1126
f 3437/1113 2433/1088 3438/1125
f 3438/1125 2433/1088 3435/1114
f 3439/1115 1826/1080 3431/1105
f 3440/1079 2428/1069 3405/1058
f 3441/1078 2420/1056 3434/1090
f 3442/1144 855/1126 3443/1154
f 3443/1154 855/1126 3467/1145
f 3444/3122 1688/3111 3456/3129
f 3445/3123 1813/3112 3379/3119
f 3446/3437 1097/3425 1786/3438
f 3447/3444 1786/3438 3387/3446
f 3448/3130 1813/3112 3445/3123
f 3449/4304 1800/4302 3381/4301
f 3450/1761 1684/1737 3415/1756
f 3451/2933 1824/2919 1687/2926
f 3452/1155 1687/1137 3428/1148
f 3453/3140 1683/3137 3454/3143
f 3454/3143 1683/3137 3427/3148
f 3455/3136 1683/3137 3453/3140
f 3456/3129 1688/3111 3455/3136
f 3457/2969 1389/2958 3362/2957
f 3458/2963 1389/2958 3457/2969
f 3459/2950 1343/2941 3419/2945
f 3460/1510 1171/1498 3418/1508
f 3461/2964 1074/2947 3458/2963
f 3462/2984 1200/2971 3463/2979
f 3463/2979 1200/2971 1075/2959
f 3464/2978 1075/2959 3465/2970
f 3465/2970 1075/2959 3461/2964
f 3466/1135 855/1126 917/1100
f 3467/1145 855/1126 3466/1135
f 3468/3610 1041/3600 3189/3605
f 3469/1134 917/1100 1025/1124
f 3470/1142 1025/1124 1018/1123
f 3471/1143 1025/1124 3470/1142
f 3472/3624 1024/3622 3473/3625
f 3473/3625 1024/3622 3478/3620
f 3474/3606 1028/3603 1041/3600
f 3475/3611 1041/3600 3468/3610
f 3476/3621 1027/3612 3472/3624
f 3477/3623 1018/3618 3476/3621
f 3478/3620 1024/3622 1027/3612
f 3479/3616 1027/3612 3474/3606
f 3480/2440 343/2417 3353/2434
f 3481/2451 3175/2449 3354/2444
f 3482/3615 3189/3605 3483/3619
usemtl Tile_+031_+021_L21_00001300_untextured
