mtllib Tile_+031_+021_L20_0003130.mtl
v 6.23970457e+03 5.16163092e+03 1.20417421e+01
v 6.23976691e+03 5.16033247e+03 1.25850474e+01
v 6.23909573e+03 5.16100001e+03 1.21174581e+01
v 6.23902670e+03 5.16284947e+03 1.22990725e+01
v 6.24038156e+03 5.16370467e+03 1.24327265e+01
v 6.23761064e+03 5.16897834e+03 1.19254666e+01
v 6.23748912e+03 5.16843148e+03 1.19832118e+01
v 6.23882602e+03 5.17056974e+03 1.29060594e+01
v 6.23839366e+03 5.17072505e+03 1.30934567e+01
v 6.23965324e+03 5.17133332e+03 1.25227198e+01
v 6.23960812e+03 5.17110239e+03 1.35852229e+01
v 6.23742750e+03 5.16942564e+03 1.37594508e+01
v 6.23679630e+03 5.16841871e+03 1.23579868e+01
v 6.23777952e+03 5.17059224e+03 1.28692797e+01
v 6.23354158e+03 5.16846190e+03 1.29139397e+01
v 6.23294302e+03 5.16812085e+03 1.28567877e+01
v 6.23224160e+03 5.16751550e+03 1.22906219e+01
v 6.23489160e+03 5.16686039e+03 1.24789957e+01
v 6.23346025e+03 5.16696550e+03 1.22453999e+01
v 6.23520855e+03 5.16822401e+03 1.22285482e+01
v 6.23482205e+03 5.16846987e+03 1.25396665e+01
v 6.23569637e+03 5.16905221e+03 1.23431215e+01
v 6.23169496e+03 5.16846974e+03 1.36802320e+01
v 6.23175867e+03 5.16849700e+03 1.29660936e+01
v 6.23919445e+03 5.17065891e+03 1.25561640e+01
v 6.23862208e+03 5.17040509e+03 1.23997666e+01
v 6.23955907e+03 5.17060736e+03 1.20005352e+01
v 6.23852590e+03 5.16962575e+03 1.20371745e+01
v 6.23746249e+03 5.16994609e+03 1.29316782e+01
v 6.23626278e+03 5.16812625e+03 1.21089597e+01
v 6.23555965e+03 5.16863672e+03 1.21704646e+01
v 6.23522298e+03 5.16889467e+03 1.31233533e+01
v 6.23920861e+03 5.16782344e+03 1.20808019e+01
v 6.23873115e+03 5.16656553e+03 1.18999657e+01
v 6.23966730e+03 5.16651923e+03 1.17761583e+01
v 6.23748690e+03 5.16326611e+03 1.21677241e+01
v 6.23823725e+03 5.16309522e+03 1.20221106e+01
v 6.23932925e+03 5.15997398e+03 1.26134341e+01
v 6.23638803e+03 5.16848643e+03 1.29550610e+01
v 6.23738132e+03 5.16501575e+03 1.19835308e+01
v 6.23774976e+03 5.16984431e+03 1.24688623e+01
v 6.23702262e+03 5.16140378e+03 1.20963043e+01
v 6.23785373e+03 5.16121821e+03 1.23940505e+01
v 6.23250336e+03 5.16434363e+03 1.21453638e+01
v 6.23073667e+03 5.16588815e+03 1.22222992e+01
v 6.23374105e+03 5.16043325e+03 1.22365763e+01
v 6.23298997e+03 5.16170281e+03 1.21657706e+01
v 6.23669253e+03 5.16000189e+03 1.20012950e+01
v 6.23540916e+03 5.16142038e+03 1.22093421e+01
v 6.23827162e+03 5.16163909e+03 1.23710779e+01
v 6.23557190e+03 5.16353826e+03 1.21683852e+01
v 6.23388376e+03 5.16805276e+03 1.24874966e+01
v 6.23316443e+03 5.16848107e+03 1.32892288e+01
v 6.23200839e+03 5.15948826e+03 1.22373428e+01
v 6.23270834e+03 5.15866454e+03 1.22492828e+01
v 6.23119735e+03 5.15839658e+03 1.24777526e+01
v 6.23327449e+03 5.15959673e+03 1.23599336e+01
v 6.23243433e+03 5.16806670e+03 1.28571754e+01
v 6.23880014e+03 5.17037633e+03 1.44829983e+01
v 6.23600854e+03 5.16722933e+03 1.21894932e+01
v 6.23878874e+03 5.16221201e+03 1.24975038e+01
v 6.23993162e+03 5.16467568e+03 1.19239119e+01
v 6.23536212e+03 5.16596092e+03 1.20340970e+01
v 6.23471476e+03 5.16849403e+03 1.33244333e+01
v 6.23838913e+03 5.16076569e+03 1.21085967e+01
v 6.23973714e+03 5.16229524e+03 1.19675803e+01
v 6.23805287e+03 5.16002241e+03 1.21812672e+01
v 6.23858752e+03 5.15971329e+03 1.24915202e+01
v 6.23861079e+03 5.15883632e+03 1.20894677e+01
v 6.23700738e+03 5.15856187e+03 1.21905078e+01
v 6.23771262e+03 5.15932920e+03 1.20655126e+01
v 6.23920728e+03 5.15793673e+03 1.21268604e+01
v 6.23604407e+03 5.15619420e+03 1.21678022e+01
v 6.23290801e+03 5.15786577e+03 1.20872777e+01
v 6.23031444e+03 5.15767265e+03 1.23393572e+01
v 6.23429461e+03 5.15882995e+03 1.21983550e+01
v 6.23590361e+03 5.15894225e+03 1.21033242e+01
v 6.24038859e+03 5.15706359e+03 1.21632224e+01
v 6.23977714e+03 5.15927074e+03 1.22282968e+01
v 6.22831142e+03 5.16991693e+03 1.24336463e+01
v 6.22863062e+03 5.16895879e+03 1.22632954e+01
v 6.22695008e+03 5.16945340e+03 1.22396667e+01
v 6.22902452e+03 5.16922549e+03 1.26870098e+01
v 6.23009168e+03 5.16832867e+03 1.23060053e+01
v 6.22532749e+03 5.17186551e+03 1.26413803e+01
v 6.22402685e+03 5.17045795e+03 1.25844100e+01
v 6.22220402e+03 5.16842430e+03 1.25676762e+01
v 6.22376272e+03 5.16823263e+03 1.23869714e+01
v 6.22495081e+03 5.16610475e+03 1.22857317e+01
v 6.22776944e+03 5.17000005e+03 1.23459218e+01
v 6.22596635e+03 5.17056792e+03 1.23858702e+01
v 6.23068244e+03 5.16751125e+03 1.21636616e+01
v 6.23179780e+03 5.16820251e+03 1.26018541e+01
v 6.22910881e+03 5.16202560e+03 1.22032891e+01
v 6.23096202e+03 5.16227244e+03 1.22824330e+01
v 6.22700674e+03 5.16668345e+03 1.23487580e+01
v 6.22704372e+03 5.16336658e+03 1.22846999e+01
v 6.22848905e+03 5.16632055e+03 1.22151745e+01
v 6.22392574e+03 5.16269687e+03 1.23169088e+01
v 6.22664968e+03 5.17046170e+03 1.27921146e+01
v 6.22451126e+03 5.17271940e+03 1.26337436e+01
v 6.22233687e+03 5.17056721e+03 1.25576622e+01
v 6.22650099e+03 5.16002827e+03 1.22977900e+01
v 6.22555191e+03 5.17143023e+03 1.24777625e+01
v 6.22259992e+03 5.15622659e+03 1.23393321e+01
v 6.22421588e+03 5.17399121e+03 1.26237212e+01
v 6.22476988e+03 5.17299812e+03 1.29727795e+01
v 6.22230961e+03 5.17617084e+03 1.32664455e+01
v 6.22288699e+03 5.17520130e+03 1.27794355e+01
v 6.22526605e+03 5.17256951e+03 1.29265707e+01
v 6.22162676e+03 5.17597938e+03 1.28930864e+01
v 6.22931744e+03 5.15851304e+03 1.25101287e+01
v 6.22911410e+03 5.15708326e+03 1.22557942e+01
v 6.23050238e+03 5.15836619e+03 1.27773027e+01
v 6.22749234e+03 5.15640407e+03 1.22917639e+01
v 6.22722511e+03 5.15819335e+03 1.23549751e+01
v 6.22528567e+03 5.15797880e+03 1.23746229e+01
v 6.22339047e+03 5.15763353e+03 1.25674107e+01
v 6.22306898e+03 5.15827382e+03 1.27881687e+01
v 6.22211447e+03 5.15856978e+03 1.25019637e+01
v 6.22415227e+03 5.15724040e+03 1.22933777e+01
v 6.22398892e+03 5.15886214e+03 1.23518414e+01
v 6.22970160e+03 5.15977266e+03 1.24057176e+01
v 6.23051903e+03 5.16155213e+03 1.25426430e+01
v 6.22184841e+03 5.16001534e+03 1.24635639e+01
v 6.22255693e+03 5.16131774e+03 1.24065625e+01
v 6.22163959e+03 5.16536565e+03 1.24490858e+01
v 6.23072483e+03 5.16835722e+03 1.29840669e+01
v 6.22318414e+03 5.15894371e+03 1.25012118e+01
v 6.23331344e+03 5.18750597e+03 1.61891981e+01
v 6.22342796e+03 5.17514848e+03 1.37697736e+01
v 6.22374015e+03 5.17497118e+03 1.29890846e+01
v 6.22482826e+03 5.17298119e+03 1.47670002e+01
v 6.22574466e+03 5.17193671e+03 1.30196242e+01
v 6.22819409e+03 5.17023934e+03 1.31096664e+01
v 6.22996090e+03 5.16884745e+03 1.29100143e+01
v 6.23013593e+03 5.16860243e+03 1.24731305e+01
v 6.23122377e+03 5.16831941e+03 1.29238376e+01
v 6.22151297e+03 5.16193396e+03 1.23988496e+01
v 6.22706439e+03 5.16978344e+03 1.25261733e+01
v 6.22860007e+03 5.16983013e+03 1.39455987e+01
v 6.22914641e+03 5.16891856e+03 1.44000847e+01
v 6.23415827e+03 5.18748660e+03 1.89615979e+01
v 6.23355722e+03 5.18747470e+03 1.89854530e+01
v 6.23336785e+03 5.18752301e+03 2.01967006e+01
v 6.23357958e+03 5.18746705e+03 1.66344874e+01
v 6.23411086e+03 5.18726037e+03 1.53587124e+01
v 6.23406270e+03 5.18731166e+03 1.59095994e+01
v 6.23385026e+03 5.18744500e+03 1.96963035e+01
v 6.22302967e+03 5.17580119e+03 2.07693754e+01
v 6.22186989e+03 5.17630254e+03 1.92487848e+01
v 6.22473125e+03 5.17323287e+03 2.02924009e+01
v 6.22406415e+03 5.17419732e+03 2.05819764e+01
v 6.22470422e+03 5.17363952e+03 2.13631707e+01
v 6.22497515e+03 5.17282407e+03 2.18967078e+01
v 6.22490132e+03 5.17277285e+03 1.80535487e+01
v 6.22325343e+03 5.17563520e+03 1.99005979e+01
v 6.22346878e+03 5.17529539e+03 2.09879325e+01
v 6.22439021e+03 5.17420125e+03 1.96562683e+01
v 6.22372716e+03 5.17506977e+03 1.92285912e+01
v 6.22462711e+03 5.17390996e+03 1.79979394e+01
v 6.22275477e+03 5.17614902e+03 2.15493559e+01
v 6.22191206e+03 5.17608423e+03 2.07346739e+01
v 6.22277144e+03 5.17612104e+03 1.88261917e+01
v 6.22185683e+03 5.17621554e+03 1.84280097e+01
v 6.22166382e+03 5.17757101e+03 1.52941312e+01
v 6.22241800e+03 5.17717873e+03 1.49805508e+01
v 6.22237498e+03 5.17675300e+03 1.55611914e+01
v 6.22368105e+03 5.17520680e+03 1.61699909e+01
v 6.22303001e+03 5.17583069e+03 1.69621704e+01
v 6.22449455e+03 5.17366211e+03 1.69776435e+01
v 6.22351868e+03 5.17518539e+03 1.72804443e+01
v 6.22498005e+03 5.17285112e+03 1.58235636e+01
v 6.22456663e+03 5.17389761e+03 1.57855062e+01
v 6.22448549e+03 5.17373200e+03 1.38782300e+01
v 6.22252577e+03 5.17594787e+03 1.40396926e+01
v 6.22428843e+03 5.17435870e+03 1.29411940e+01
v 6.22280086e+03 5.17545562e+03 1.38797065e+01
v 6.22389617e+03 5.17501071e+03 1.45462145e+01
v 6.22175421e+03 5.17794585e+03 1.43397457e+01
v 6.22249460e+03 5.17674743e+03 1.39778513e+01
v 6.22297852e+03 5.17589682e+03 1.52187136e+01
v 6.22332434e+03 5.17543898e+03 1.45031406e+01
v 6.22204764e+03 5.17710374e+03 1.32571516e+01
v 6.22171699e+03 5.17620059e+03 1.72310195e+01
v 6.22464908e+03 5.17386881e+03 1.45823970e+01
v 6.23650756e+03 5.16833141e+03 1.50846040e+01
v 6.23684102e+03 5.16861964e+03 1.61571001e+01
v 6.23585029e+03 5.16906751e+03 1.32875724e+01
v 6.23678437e+03 5.16833974e+03 1.45515393e+01
v 6.23517278e+03 5.16902375e+03 1.39029538e+01
v 6.23435029e+03 5.16803973e+03 1.40443801e+01
v 6.24003419e+03 5.17131770e+03 1.55160307e+01
v 6.23733468e+03 5.16909415e+03 1.53612741e+01
v 6.23881285e+03 5.17044177e+03 1.60185571e+01
v 6.23598780e+03 5.16815822e+03 1.52895323e+01
v 6.23545987e+03 5.16759394e+03 1.60523364e+01
v 6.23399323e+03 5.16833874e+03 1.30746665e+01
v 6.23075602e+03 5.16766871e+03 1.51030942e+01
v 6.23008503e+03 5.16843999e+03 1.44633884e+01
v 6.22881990e+03 5.16824289e+03 1.52852354e+01
v 6.23234017e+03 5.16803683e+03 1.47575464e+01
v 6.22709229e+03 5.16997928e+03 1.37514241e+01
v 6.22669016e+03 5.17026963e+03 1.43597541e+01
v 6.22725663e+03 5.16960747e+03 1.51843394e+01
v 6.23245750e+03 5.16803369e+03 1.36886133e+01
v 6.23280027e+03 5.16810651e+03 1.34182289e+01
v 6.23342090e+03 5.16851803e+03 1.37073579e+01
v 6.23087103e+03 5.16809767e+03 1.44648316e+01
v 6.23358002e+03 5.16822808e+03 1.42017390e+01
v 6.23741228e+03 5.16927108e+03 1.22629833e+01
v 6.22647180e+03 5.17114402e+03 1.34204025e+01
v 6.22786718e+03 5.17002345e+03 1.41969697e+01
v 6.22990100e+03 5.16888121e+03 1.37562125e+01
v 6.23432089e+03 5.16720640e+03 1.67297489e+01
v 6.23386676e+03 5.16726138e+03 1.52683799e+01
v 6.23276544e+03 5.16724164e+03 1.55557719e+01
v 6.23377509e+03 5.16784550e+03 1.46866791e+01
v 6.23097081e+03 5.16719691e+03 1.60495025e+01
v 6.22542344e+03 5.17256964e+03 1.58642554e+01
v 6.22603008e+03 5.17145977e+03 1.61554184e+01
v 6.22535924e+03 5.17227634e+03 1.68695569e+01
v 6.22806771e+03 5.16874233e+03 1.52678959e+01
v 6.22602818e+03 5.17172529e+03 1.45702742e+01
v 6.22562112e+03 5.17206004e+03 1.44602117e+01
v 6.22806550e+03 5.16966490e+03 1.46392200e+01
v 6.23437691e+03 5.16719621e+03 1.60119390e+01
v 6.23432359e+03 5.16809385e+03 1.45613705e+01
v 6.23980497e+03 5.17113587e+03 1.67866492e+01
v 6.22747955e+03 5.16941451e+03 1.75327641e+01
v 6.23225155e+03 5.16728915e+03 1.79797204e+01
v 6.23235456e+03 5.16705296e+03 1.64398063e+01
v 6.23311878e+03 5.16733425e+03 1.78499787e+01
v 6.23080098e+03 5.16744587e+03 1.81742371e+01
v 6.23364581e+03 5.16716585e+03 1.90622470e+01
v 6.23021693e+03 5.16776902e+03 1.78498709e+01
v 6.23198146e+03 5.16706520e+03 1.92107147e+01
v 6.23080546e+03 5.16727261e+03 1.95329275e+01
v 6.22915469e+03 5.16795479e+03 1.71979950e+01
v 6.23435519e+03 5.16723409e+03 1.82043378e+01
v 6.23667426e+03 5.16837485e+03 1.76701237e+01
v 6.23516992e+03 5.16774438e+03 1.75578804e+01
v 6.23867543e+03 5.17025663e+03 1.71404055e+01
v 6.23766948e+03 5.16970103e+03 1.78960581e+01
v 6.23964484e+03 5.17099661e+03 1.84130476e+01
v 6.23837171e+03 5.16994679e+03 1.98214374e+01
v 6.22626062e+03 5.17158089e+03 1.75196137e+01
v 6.22765050e+03 5.16915147e+03 1.89572662e+01
v 6.22880029e+03 5.16810206e+03 1.84181813e+01
v 6.22673212e+03 5.17053987e+03 2.03312891e+01
v 6.22655251e+03 5.17056494e+03 1.87467340e+01
v 6.23668160e+03 5.16830960e+03 2.09048186e+01
v 6.23670625e+03 5.16850835e+03 1.88626552e+01
v 6.24059028e+03 5.17167034e+03 1.99597605e+01
v 6.23740171e+03 5.16912869e+03 2.00078947e+01
v 6.23961543e+03 5.17100891e+03 2.02819865e+01
v 6.23764455e+03 5.16973397e+03 2.07207089e+01
v 6.23358176e+03 5.16712601e+03 2.29104775e+01
v 6.23471571e+03 5.16747299e+03 2.06409748e+01
v 6.23244556e+03 5.16724463e+03 2.17152678e+01
v 6.22582965e+03 5.17188726e+03 1.87144300e+01
v 6.22286511e+03 5.17634348e+03 1.43851467e+01
v 6.23001521e+03 5.16779568e+03 2.07934191e+01
v 6.22915076e+03 5.16791490e+03 2.05990653e+01
v 6.22399562e+03 5.17495977e+03 1.80022552e+01
v 6.22583713e+03 5.17175830e+03 2.00952286e+01
v 6.22157506e+03 5.17679431e+03 1.59329625e+01
v 6.22341614e+03 5.17534962e+03 2.28199968e+01
v 6.22294206e+03 5.17598488e+03 2.32238046e+01
v 6.22637760e+03 5.17147166e+03 2.07844417e+01
v 6.22670862e+03 5.17041121e+03 2.23765964e+01
v 6.22772100e+03 5.16908953e+03 2.15752020e+01
v 6.22029150e+03 5.16309861e+03 1.24853720e+01
v 6.24035348e+03 5.16860944e+03 1.20030795e+01
v 6.22613303e+03 5.17159528e+03 2.52527197e+01
v 6.22637967e+03 5.17157824e+03 2.40320213e+01
v 6.22509164e+03 5.17255660e+03 2.05623999e+01
v 6.23414865e+03 5.18676400e+03 3.06968213e+01
v 6.23354787e+03 5.18666277e+03 3.02674619e+01
v 6.23442686e+03 5.18690826e+03 2.97003018e+01
v 6.23869692e+03 5.17021003e+03 3.07930537e+01
v 6.23727457e+03 5.16900112e+03 3.00742236e+01
v 6.23269517e+03 5.16704246e+03 3.02554341e+01
v 6.23416565e+03 5.16738223e+03 3.08870931e+01
v 6.23210770e+03 5.16709336e+03 2.93488861e+01
v 6.23435219e+03 5.18711086e+03 2.89235873e+01
v 6.23356463e+03 5.18692883e+03 2.93965793e+01
v 6.23343930e+03 5.18754607e+03 2.91242959e+01
v 6.23380029e+03 5.18664532e+03 2.96419311e+01
v 6.23470885e+03 5.18698818e+03 3.07684634e+01
v 6.23332370e+03 5.18744214e+03 3.03412714e+01
v 6.23367111e+03 5.18700524e+03 3.09183261e+01
v 6.23425588e+03 5.18745774e+03 2.89837097e+01
v 6.23975356e+03 5.17107284e+03 3.03574287e+01
v 6.23870142e+03 5.17026522e+03 2.88619482e+01
v 6.23998253e+03 5.17118607e+03 2.97566627e+01
v 6.23958302e+03 5.17102547e+03 2.82000567e+01
v 6.23766905e+03 5.16975192e+03 2.78345125e+01
v 6.23837893e+03 5.16999871e+03 2.67574946e+01
v 6.23708923e+03 5.16890584e+03 2.67694733e+01
v 6.23662911e+03 5.16841013e+03 2.80417666e+01
v 6.23661906e+03 5.16834249e+03 3.10838006e+01
v 6.23429002e+03 5.16741237e+03 2.81125431e+01
v 6.23512951e+03 5.16764468e+03 2.91582555e+01
v 6.23105551e+03 5.16722339e+03 2.67925142e+01
v 6.23235659e+03 5.16728586e+03 2.82965486e+01
v 6.23260363e+03 5.16703903e+03 2.61048129e+01
v 6.23480140e+03 5.16746206e+03 2.72998747e+01
v 6.23979474e+03 5.17112756e+03 2.70011415e+01
v 6.23988641e+03 5.17120503e+03 2.56217688e+01
v 6.23074638e+03 5.16732529e+03 2.24614122e+01
v 6.23245695e+03 5.16702912e+03 2.30459966e+01
v 6.23103851e+03 5.16725979e+03 2.35460145e+01
v 6.23486542e+03 5.16751752e+03 2.23470277e+01
v 6.23542563e+03 5.16769859e+03 2.38380915e+01
v 6.23214623e+03 5.16721924e+03 2.40304960e+01
v 6.23458918e+03 5.16750797e+03 2.47420756e+01
v 6.23212827e+03 5.16725404e+03 2.50835269e+01
v 6.23680966e+03 5.16843824e+03 2.43220584e+01
v 6.23764289e+03 5.16971291e+03 2.41120697e+01
v 6.23677716e+03 5.16843647e+03 2.29727119e+01
v 6.23338880e+03 5.18753564e+03 2.36131684e+01
v 6.23866832e+03 5.17023196e+03 2.42407095e+01
v 6.23962659e+03 5.17107200e+03 2.40222554e+01
v 6.23792349e+03 5.16958021e+03 2.33067279e+01
v 6.23665760e+03 5.16840775e+03 2.57533623e+01
v 6.23426323e+03 5.18728416e+03 2.21738194e+01
v 6.23384820e+03 5.18730497e+03 2.20908723e+01
v 6.23372861e+03 5.18752633e+03 2.18901897e+01
v 6.23422015e+03 5.18730107e+03 2.18653965e+01
v 6.23837273e+03 5.17005843e+03 2.19324395e+01
v 6.23979577e+03 5.17118541e+03 2.22478301e+01
v 6.23997014e+03 5.17122934e+03 2.33755243e+01
v 6.24007696e+03 5.17178804e+03 2.16444313e+01
v 6.23581809e+03 5.16801647e+03 2.17436003e+01
v 6.23677012e+03 5.16856870e+03 2.23474727e+01
v 6.22948272e+03 5.16783421e+03 2.35839744e+01
v 6.22925730e+03 5.16794879e+03 2.22583482e+01
v 6.23087840e+03 5.16746630e+03 2.17857862e+01
v 6.22583968e+03 5.17166636e+03 2.27607486e+01
v 6.22414014e+03 5.17481334e+03 2.12789794e+01
v 6.22183048e+03 5.17627971e+03 2.26259036e+01
v 6.22417978e+03 5.17459859e+03 2.23974269e+01
v 6.22690630e+03 5.17031692e+03 2.37565716e+01
v 6.22566009e+03 5.17205543e+03 2.36207757e+01
v 6.22493221e+03 5.17291152e+03 2.36487186e+01
v 6.22398274e+03 5.17439278e+03 2.40589585e+01
v 6.22429359e+03 5.17460486e+03 2.46940820e+01
v 6.22281168e+03 5.17592648e+03 2.42385443e+01
v 6.23428502e+03 5.18735467e+03 2.54031813e+01
v 6.23353774e+03 5.18725098e+03 2.59077177e+01
v 6.23357132e+03 5.18730913e+03 2.51854622e+01
v 6.23398155e+03 5.18713266e+03 2.59586468e+01
v 6.22523038e+03 5.17243238e+03 3.04366851e+01
v 6.22594873e+03 5.17160190e+03 3.02603730e+01
v 6.22483917e+03 5.17305839e+03 2.77992082e+01
v 6.22454855e+03 5.17352843e+03 3.07788149e+01
v 6.22693530e+03 5.17019220e+03 2.98954871e+01
v 6.22561039e+03 5.17213348e+03 2.71112358e+01
v 6.22651406e+03 5.17097102e+03 2.85669194e+01
v 6.22623117e+03 5.17170504e+03 2.74234983e+01
v 6.22798748e+03 5.16886539e+03 2.95383114e+01
v 6.22937526e+03 5.16796681e+03 2.90360415e+01
v 6.23004233e+03 5.16777527e+03 2.74224255e+01
v 6.23082021e+03 5.16746042e+03 2.86209406e+01
v 6.23082213e+03 5.16734738e+03 3.04174918e+01
v 6.22915347e+03 5.16801000e+03 2.77969506e+01
v 6.22794194e+03 5.16889247e+03 2.76172421e+01
v 6.22684131e+03 5.17066046e+03 2.81678840e+01
v 6.22707955e+03 5.17003359e+03 2.79120567e+01
v 6.23037240e+03 5.16739608e+03 2.94947474e+01
v 6.22466095e+03 5.17396933e+03 2.81550723e+01
v 6.22398766e+03 5.17437333e+03 2.75482081e+01
v 6.22404174e+03 5.17496860e+03 2.82512101e+01
v 6.22388992e+03 5.17488337e+03 2.93803873e+01
v 6.22348473e+03 5.17531168e+03 2.78182366e+01
v 6.22271098e+03 5.17616300e+03 3.25727359e+01
v 6.22310001e+03 5.17583809e+03 3.06471062e+01
v 6.22305366e+03 5.17582187e+03 2.73795448e+01
v 6.22288439e+03 5.17604487e+03 2.95638719e+01
v 6.22258095e+03 5.17617923e+03 2.84141294e+01
v 6.22188860e+03 5.17625263e+03 2.81730270e+01
v 6.22188925e+03 5.17620473e+03 2.62813678e+01
v 6.22443300e+03 5.17412839e+03 2.60046010e+01
v 6.22944694e+03 5.16776640e+03 2.67308662e+01
v 6.22702294e+03 5.16992588e+03 2.88738088e+01
v 6.22625115e+03 5.17103742e+03 2.68290619e+01
v 6.22896838e+03 5.16811275e+03 2.55268631e+01
v 6.22802663e+03 5.16889077e+03 2.39257191e+01
v 6.22475632e+03 5.17345673e+03 2.46004205e+01
v 6.22282573e+03 5.17612102e+03 2.53547046e+01
v 6.22336167e+03 5.17544135e+03 2.44267166e+01
v 6.22550060e+03 5.17218294e+03 2.49299150e+01
v 6.23053058e+03 5.16758714e+03 2.39167235e+01
v 6.23071891e+03 5.16744012e+03 2.53790293e+01
v 6.22188624e+03 5.17624288e+03 2.48287981e+01
v 6.22177271e+03 5.17616536e+03 2.34803403e+01
v 6.23145787e+03 5.16749041e+03 2.52865276e+01
v 6.22187568e+03 5.17608494e+03 3.05526904e+01
v 6.22928512e+03 5.16794938e+03 3.05245060e+01
v 6.23027501e+03 5.16777087e+03 3.09040265e+01
v 6.22727047e+03 5.16952845e+03 3.12732188e+01
v 6.22668180e+03 5.17082739e+03 3.10821348e+01
v 6.22618601e+03 5.17159790e+03 3.19208729e+01
v 6.22692714e+03 5.17007872e+03 2.56991669e+01
v 6.22485895e+03 5.17289425e+03 2.53898185e+01
v 6.22349761e+03 5.17534653e+03 2.62490937e+01
v 6.22189150e+03 5.17620858e+03 2.14268614e+01
v 6.23096244e+03 5.18551321e+03 3.48638827e+01
v 6.23096678e+03 5.18506163e+03 3.49935530e+01
v 6.23082585e+03 5.18644454e+03 3.53063559e+01
v 6.22910808e+03 5.18593875e+03 3.54854160e+01
v 6.22828961e+03 5.18623887e+03 3.60213144e+01
v 6.22831906e+03 5.18712870e+03 3.56906571e+01
v 6.22388952e+03 5.17931234e+03 3.50625587e+01
v 6.22707855e+03 5.18018220e+03 3.70673006e+01
v 6.22858776e+03 5.18560302e+03 3.59767275e+01
v 6.22682994e+03 5.18710375e+03 3.59238748e+01
v 6.22731274e+03 5.18680714e+03 3.58762721e+01
v 6.22180001e+03 5.18023175e+03 3.43965928e+01
v 6.22368493e+03 5.18232742e+03 3.59824374e+01
v 6.22153639e+03 5.18481666e+03 3.56437363e+01
v 6.22170327e+03 5.17897335e+03 3.38562978e+01
v 6.22280915e+03 5.17800853e+03 3.41947978e+01
v 6.23385795e+03 5.18657004e+03 3.56619462e+01
v 6.23284829e+03 5.18676544e+03 3.56179991e+01
v 6.23403263e+03 5.18703685e+03 3.52854943e+01
v 6.23245335e+03 5.18755373e+03 3.39169905e+01
v 6.23181206e+03 5.18630021e+03 3.44559733e+01
v 6.23134395e+03 5.18717872e+03 3.43088583e+01
v 6.23128002e+03 5.18605281e+03 3.45968439e+01
v 6.23084754e+03 5.18691029e+03 3.48423984e+01
v 6.23309254e+03 5.18744016e+03 3.41608189e+01
v 6.23224614e+03 5.18682114e+03 3.45649800e+01
v 6.22991975e+03 5.18546312e+03 3.54136240e+01
v 6.22904782e+03 5.18482451e+03 3.55536916e+01
v 6.22876786e+03 5.18437242e+03 3.60008616e+01
v 6.22949205e+03 5.18318720e+03 3.58057429e+01
v 6.23047288e+03 5.18425706e+03 3.53841561e+01
v 6.22987238e+03 5.18324721e+03 3.57778416e+01
v 6.23057429e+03 5.18379821e+03 3.60375108e+01
v 6.23221774e+03 5.18602904e+03 3.57116022e+01
v 6.23149686e+03 5.18491079e+03 3.59833406e+01
v 6.22186087e+03 5.17629731e+03 2.96543239e+01
v 6.22482868e+03 5.17297011e+03 3.22029986e+01
v 6.22451320e+03 5.17416709e+03 3.15891684e+01
v 6.22379577e+03 5.17509554e+03 3.15020584e+01
v 6.22443743e+03 5.17409997e+03 3.26296950e+01
v 6.22334909e+03 5.17545185e+03 3.28690838e+01
v 6.22190269e+03 5.17620763e+03 3.14687261e+01
v 6.22190228e+03 5.17621576e+03 3.26019726e+01
v 6.22455033e+03 5.17334182e+03 3.32758123e+01
v 6.22310299e+03 5.17552844e+03 3.35622011e+01
v 6.22286124e+03 5.17567123e+03 3.34689172e+01
v 6.22188440e+03 5.17608013e+03 3.37409533e+01
v 6.22509088e+03 5.17283505e+03 3.35721657e+01
v 6.22589908e+03 5.17365130e+03 3.42380046e+01
v 6.22721996e+03 5.17255776e+03 3.37489915e+01
v 6.22621718e+03 5.17298273e+03 3.35575209e+01
v 6.22538518e+03 5.17228705e+03 3.30701173e+01
v 6.22567142e+03 5.17198921e+03 3.23251014e+01
v 6.22698994e+03 5.17169511e+03 3.35868102e+01
v 6.23482285e+03 5.18739756e+03 3.23512685e+01
v 6.23412986e+03 5.18724671e+03 3.16377167e+01
v 6.23465507e+03 5.18738624e+03 3.16868882e+01
v 6.23367623e+03 5.18713209e+03 3.23770828e+01
v 6.23324336e+03 5.16701685e+03 3.27757144e+01
v 6.23440467e+03 5.16734775e+03 3.18265294e+01
v 6.23208625e+03 5.16724455e+03 3.31350687e+01
v 6.23367609e+03 5.16801069e+03 3.35961291e+01
v 6.23347071e+03 5.16713518e+03 3.30589637e+01
v 6.23066036e+03 5.16827297e+03 3.35708838e+01
v 6.23286859e+03 5.16959291e+03 3.44554351e+01
v 6.22991375e+03 5.16737003e+03 3.28728282e+01
v 6.23097367e+03 5.16740151e+03 3.19380990e+01
v 6.22983503e+03 5.16783705e+03 3.20942190e+01
v 6.22808530e+03 5.17014215e+03 3.35322376e+01
v 6.22957976e+03 5.16951021e+03 3.38734654e+01
v 6.22834484e+03 5.16843195e+03 3.24135043e+01
v 6.22726944e+03 5.16946070e+03 3.29584783e+01
v 6.22809418e+03 5.16852532e+03 3.29738910e+01
v 6.23150181e+03 5.16696366e+03 3.27662110e+01
v 6.23169614e+03 5.17104771e+03 3.52357223e+01
v 6.23435960e+03 5.16701668e+03 3.29513467e+01
v 6.23236406e+03 5.17215309e+03 3.61418273e+01
v 6.23330021e+03 5.17224286e+03 3.62130133e+01
v 6.23278081e+03 5.17122053e+03 3.54466395e+01
v 6.22796493e+03 5.17183917e+03 3.39067592e+01
v 6.23009933e+03 5.17298921e+03 3.53240211e+01
v 6.22763379e+03 5.17380354e+03 3.45453288e+01
v 6.23202718e+03 5.17252742e+03 3.61938336e+01
v 6.22580990e+03 5.17152262e+03 3.29247739e+01
v 6.22867048e+03 5.17592992e+03 3.62162793e+01
v 6.22677301e+03 5.17015487e+03 3.25048165e+01
v 6.22191142e+03 5.17578361e+03 3.35236516e+01
v 6.22615362e+03 5.17175192e+03 3.08984390e+01
v 6.23225489e+03 5.16731364e+03 3.12293368e+01
v 6.23208169e+03 5.16729745e+03 3.20908702e+01
v 6.23513971e+03 5.16759152e+03 3.05526103e+01
v 6.23708722e+03 5.16884418e+03 3.23334825e+01
v 6.22702386e+03 5.18531733e+03 3.62071105e+01
v 6.22635184e+03 5.18490861e+03 3.65684888e+01
v 6.22180078e+03 5.18528026e+03 3.74861120e+01
v 6.22249168e+03 5.18580204e+03 3.66880811e+01
v 6.22393906e+03 5.18561193e+03 3.74478214e+01
v 6.22295535e+03 5.18586925e+03 3.68041554e+01
v 6.22297452e+03 5.18623609e+03 3.71361452e+01
v 6.22350846e+03 5.18618547e+03 3.73373233e+01
v 6.22471520e+03 5.18622429e+03 3.67711535e+01
v 6.22452962e+03 5.18586303e+03 3.72487523e+01
v 6.22528657e+03 5.18553260e+03 3.68800202e+01
v 6.22588638e+03 5.18343537e+03 3.75366009e+01
v 6.22526317e+03 5.18451195e+03 3.73341212e+01
v 6.22652907e+03 5.18353369e+03 3.68870450e+01
v 6.22569921e+03 5.18462249e+03 3.67894877e+01
v 6.22724483e+03 5.18140585e+03 3.75816779e+01
v 6.22711557e+03 5.18093592e+03 3.76067881e+01
v 6.22520130e+03 5.18342256e+03 3.74207660e+01
v 6.22505817e+03 5.18529116e+03 3.73429016e+01
v 6.22762751e+03 5.18164862e+03 3.69619225e+01
v 6.22209061e+03 5.18565103e+03 4.04261193e+01
v 6.22226356e+03 5.18611606e+03 4.07226286e+01
v 6.22316106e+03 5.18581308e+03 3.97630576e+01
v 6.22215777e+03 5.18549013e+03 3.86750314e+01
v 6.22241264e+03 5.18553467e+03 3.94258311e+01
v 6.22190509e+03 5.18594091e+03 4.04206002e+01
v 6.22227827e+03 5.18701269e+03 4.03317230e+01
v 6.22322769e+03 5.18637048e+03 4.06097246e+01
v 6.22272108e+03 5.18659529e+03 4.06579606e+01
v 6.22384792e+03 5.18598866e+03 4.05865803e+01
v 6.22429096e+03 5.18631354e+03 4.00449165e+01
v 6.22425630e+03 5.18592261e+03 3.87304341e+01
v 6.22320918e+03 5.18615707e+03 3.86827385e+01
v 6.22355490e+03 5.18578731e+03 3.93458536e+01
v 6.22311565e+03 5.18597625e+03 4.01873980e+01
v 6.22333149e+03 5.18629889e+03 3.79512957e+01
v 6.22373046e+03 5.18686164e+03 4.06788363e+01
v 6.22426901e+03 5.18610784e+03 3.76993078e+01
v 6.22425208e+03 5.18668172e+03 3.75282637e+01
v 6.22437789e+03 5.18689199e+03 3.70431046e+01
v 6.22699536e+03 5.17658316e+03 3.55801709e+01
v 6.22661276e+03 5.18556896e+03 3.62802546e+01
v 6.22683906e+03 5.18625619e+03 3.64972598e+01
v 6.22625871e+03 5.18634246e+03 3.61998364e+01
v 6.22098851e+03 5.18229999e+03 3.45831543e+01
v 6.22779028e+03 5.18307902e+03 3.64262950e+01
v 6.22448801e+03 5.18680675e+03 3.96640442e+01
v 6.22370549e+03 5.18587905e+03 3.75339227e+01
v 6.22406208e+03 5.18572022e+03 3.81399286e+01
v 6.22194296e+03 5.18558124e+03 3.90612637e+01
v 6.22421538e+03 5.18586517e+03 4.02804795e+01
v 6.22270195e+03 5.18717228e+03 4.05825152e+01
v 6.22385537e+03 5.18570111e+03 3.99177744e+01
v 6.22640491e+03 5.18734574e+03 3.88816189e+01
v 6.22661097e+03 5.18757875e+03 4.00593183e+01
v 6.22624924e+03 5.18726943e+03 3.99945558e+01
v 6.22455686e+03 5.18726983e+03 4.05488763e+01
v 6.22569405e+03 5.18758983e+03 3.95370682e+01
v 6.22604061e+03 5.18736257e+03 4.02678813e+01
v 6.22630640e+03 5.18744813e+03 4.04419298e+01
v 6.22778648e+03 5.18442648e+03 3.61783237e+01
v 6.22792348e+03 5.18476579e+03 3.63866923e+01
v 6.22744376e+03 5.18655175e+03 3.62784118e+01
v 6.22750653e+03 5.18528620e+03 3.62267867e+01
v 6.22822607e+03 5.18596176e+03 3.65216958e+01
v 6.23032960e+03 5.18300934e+03 3.63354182e+01
v 6.22839588e+03 5.18458230e+03 3.65363508e+01
v 6.22909758e+03 5.18223356e+03 3.59953096e+01
v 6.22953062e+03 5.18170329e+03 3.66030780e+01
v 6.23365824e+03 5.18222228e+03 3.63623190e+01
v 6.23110272e+03 5.17989023e+03 3.66917082e+01
v 6.23362843e+03 5.17994217e+03 3.65307876e+01
v 6.22870160e+03 5.18498336e+03 3.68123863e+01
v 6.22507880e+03 5.18759780e+03 3.66777261e+01
v 6.22535080e+03 5.18760665e+03 3.95531854e+01
v 6.22575857e+03 5.18726643e+03 3.61096502e+01
v 6.22612635e+03 5.18732119e+03 3.64235441e+01
v 6.22657110e+03 5.18749331e+03 3.62094531e+01
v 6.22662077e+03 5.18753542e+03 3.70239940e+01
v 6.22619515e+03 5.18724381e+03 3.73665756e+01
v 6.22607313e+03 5.18733916e+03 3.87759329e+01
v 6.22839375e+03 5.18545354e+03 3.75610446e+01
v 6.22750937e+03 5.18654839e+03 3.76601789e+01
v 6.22821399e+03 5.18459821e+03 3.75655835e+01
v 6.22824520e+03 5.18499727e+03 3.76913069e+01
v 6.22826821e+03 5.18080472e+03 3.66712529e+01
v 6.22817437e+03 5.18030358e+03 3.70916738e+01
v 6.22825900e+03 5.17987296e+03 3.74439447e+01
v 6.22862918e+03 5.18142795e+03 3.65080934e+01
v 6.22712969e+03 5.18575490e+03 3.73255400e+01
v 6.22698244e+03 5.18572770e+03 3.64586885e+01
v 6.22690419e+03 5.18633166e+03 3.75568198e+01
v 6.23414111e+03 5.17513754e+03 3.67704881e+01
v 6.23276319e+03 5.17456137e+03 3.67903138e+01
v 6.23309204e+03 5.17320732e+03 3.71209466e+01
v 6.23460969e+03 5.17401538e+03 3.69442999e+01
v 6.23256977e+03 5.17277526e+03 3.70857180e+01
v 6.23205113e+03 5.17389333e+03 3.70745132e+01
v 6.23212616e+03 5.17331209e+03 3.68565617e+01
v 6.23160268e+03 5.17409347e+03 3.69878983e+01
v 6.23168127e+03 5.17328829e+03 3.61074413e+01
v 6.23507894e+03 5.17677684e+03 3.67268896e+01
v 6.23331770e+03 5.17821830e+03 3.65725888e+01
v 6.23532207e+03 5.17881989e+03 3.66772382e+01
v 6.23429276e+03 5.17817010e+03 3.67766096e+01
v 6.23096638e+03 5.17598499e+03 3.69357167e+01
v 6.23129373e+03 5.17807267e+03 3.68544264e+01
v 6.23078386e+03 5.17672398e+03 3.70080144e+01
v 6.23016493e+03 5.17790277e+03 3.69389931e+01
v 6.22979795e+03 5.17866982e+03 3.69055859e+01
v 6.22881783e+03 5.18000265e+03 3.68130694e+01
v 6.22881614e+03 5.17900201e+03 3.74149432e+01
v 6.22929015e+03 5.17824879e+03 3.76172841e+01
v 6.22817863e+03 5.17915926e+03 3.74192077e+01
v 6.22961293e+03 5.17651795e+03 3.71179462e+01
v 6.23051767e+03 5.17579524e+03 3.69289864e+01
v 6.22929275e+03 5.17758652e+03 3.75875023e+01
v 6.23018400e+03 5.17553178e+03 3.64458317e+01
v 6.23003282e+03 5.17746507e+03 3.74781869e+01
v 6.23029822e+03 5.17637211e+03 3.76629971e+01
v 6.23457404e+03 5.17119241e+03 3.50398840e+01
v 6.23776401e+03 5.17557577e+03 3.61828497e+01
v 6.22854214e+03 5.18477781e+03 3.74115439e+01
v 6.23456216e+03 5.17341054e+03 3.65239699e+01
v 6.23735624e+03 5.18067510e+03 3.64957544e+01
v 6.23680084e+03 5.18102378e+03 3.65340510e+01
v 6.23582120e+03 5.18057149e+03 3.66663098e+01
v 6.23496126e+03 5.18005574e+03 3.65178752e+01
v 6.23511375e+03 5.17977820e+03 3.67186557e+01
v 6.23845303e+03 5.18232429e+03 3.64514216e+01
v 6.23935286e+03 5.18235121e+03 3.66571543e+01
v 6.23759388e+03 5.17990834e+03 3.67245280e+01
v 6.23836372e+03 5.17908141e+03 3.67282503e+01
v 6.23676708e+03 5.18040468e+03 3.73652445e+01
v 6.23894314e+03 5.18362513e+03 3.62563013e+01
v 6.23892782e+03 5.18271851e+03 3.70426435e+01
v 6.23934502e+03 5.18298603e+03 3.71907645e+01
v 6.23837162e+03 5.18359429e+03 3.60890084e+01
v 6.24079261e+03 5.18384436e+03 3.72001015e+01
v 6.23783416e+03 5.18377647e+03 3.60339242e+01
v 6.23937581e+03 5.18160428e+03 3.64764467e+01
v 6.23565137e+03 5.18656964e+03 3.55253672e+01
v 6.23531523e+03 5.18686263e+03 3.46513596e+01
v 6.23641055e+03 5.18538483e+03 3.57349159e+01
v 6.23488695e+03 5.18712733e+03 3.41308144e+01
v 6.23766189e+03 5.18548388e+03 3.45583342e+01
v 6.23623305e+03 5.18634718e+03 3.47801858e+01
v 6.23878881e+03 5.18408022e+03 3.49914294e+01
v 6.23814079e+03 5.17670805e+03 3.69954022e+01
v 6.23951376e+03 5.17785687e+03 3.70243017e+01
v 6.23952126e+03 5.17297397e+03 3.40353790e+01
v 6.23590704e+03 5.17508828e+03 3.71742815e+01
v 6.23736031e+03 5.17605197e+03 3.67745751e+01
v 6.23681980e+03 5.17649506e+03 3.68903818e+01
v 6.23648792e+03 5.17841637e+03 3.67010004e+01
v 6.23543303e+03 5.17929648e+03 3.68683053e+01
v 6.23996885e+03 5.17925704e+03 3.68063890e+01
v 6.23679107e+03 5.17922826e+03 3.69496058e+01
v 6.23738809e+03 5.17941626e+03 3.68448863e+01
v 6.23898148e+03 5.17813329e+03 3.71293685e+01
v 6.24065710e+03 5.18100165e+03 3.66305111e+01
v 6.23683655e+03 5.17975302e+03 3.75024934e+01
v 6.23658913e+03 5.17942608e+03 3.73082317e+01
v 6.23835127e+03 5.17123843e+03 3.36470083e+01
v 6.23779861e+03 5.16972203e+03 3.20607112e+01
v 6.23869596e+03 5.17013506e+03 3.24322462e+01
v 6.23928666e+03 5.17046321e+03 3.29740812e+01
v 6.23659120e+03 5.17020207e+03 3.39351607e+01
v 6.23582755e+03 5.16765615e+03 3.30101640e+01
v 6.23608399e+03 5.16811660e+03 3.20663443e+01
v 6.23556378e+03 5.16797206e+03 3.12897921e+01
v 6.23773272e+03 5.16978630e+03 3.10101973e+01
v 6.23721954e+03 5.16872350e+03 3.28940612e+01
v 6.23981332e+03 5.17122525e+03 3.20710028e+01
v 6.23974072e+03 5.18509063e+03 3.49558131e+01
v 6.23563800e+03 5.17974153e+03 3.74343727e+01
v 6.23957010e+03 5.18442917e+03 3.55019366e+01
v 6.23697174e+03 5.18544029e+03 3.49105820e+01
v 6.23712436e+03 5.18639637e+03 3.44241580e+01
v 6.23916198e+03 5.18673092e+03 3.46057809e+01
v 6.24043876e+03 5.18608018e+03 3.45102546e+01
v 6.23610663e+03 5.18703509e+03 3.39659407e+01
v 6.23851742e+03 5.18721437e+03 3.45191247e+01
v 6.23809340e+03 5.18444857e+03 3.49252663e+01
v 6.23718841e+03 5.17995763e+03 3.72948285e+01
v 6.24068032e+03 5.17869876e+03 3.67340700e+01
v 6.24108028e+03 5.17767208e+03 3.57483609e+01
v 6.23797753e+03 5.17719506e+03 3.71412367e+01
v 6.24051772e+03 5.17141883e+03 3.29039277e+01
v 6.23703555e+03 5.18715247e+03 3.35280727e+01
v 6.24079768e+03 5.18758518e+03 3.42533202e+01
v 6.23795688e+03 5.16941986e+03 3.30326222e+01
v 6.23359500e+03 5.18726944e+03 3.17417739e+01
v 6.23369692e+03 5.18759473e+03 3.30322657e+01
v 6.23520965e+03 5.16784681e+03 2.09847503e+01
v 6.23500527e+03 5.16899179e+03 3.38655596e+01
v 6.22182830e+03 5.18702892e+03 3.94364845e+01
v 6.24057869e+03 5.18413413e+03 3.69835372e+01
v 6.21906720e+03 5.18187365e+03 2.06772002e+01
v 6.21911019e+03 5.18208109e+03 1.91773701e+01
v 6.21922415e+03 5.18207442e+03 1.81030040e+01
v 6.21952060e+03 5.18121290e+03 1.75145206e+01
v 6.22021355e+03 5.18041780e+03 1.57427691e+01
v 6.22060989e+03 5.17805664e+03 1.96459145e+01
v 6.22067913e+03 5.17889251e+03 1.88493532e+01
v 6.22040543e+03 5.17966289e+03 2.00916382e+01
v 6.21956547e+03 5.18137031e+03 1.43624227e+01
v 6.21869010e+03 5.18254455e+03 1.40228960e+01
v 6.22101953e+03 5.17885929e+03 1.45579167e+01
v 6.22129827e+03 5.17833174e+03 1.52126591e+01
v 6.21901483e+03 5.18220908e+03 1.60713253e+01
v 6.21905294e+03 5.18123807e+03 1.32344727e+01
v 6.21882515e+03 5.18199249e+03 1.37556792e+01
v 6.22027784e+03 5.17969100e+03 1.71585266e+01
v 6.22070993e+03 5.17875530e+03 1.57619780e+01
v 6.22042760e+03 5.17994524e+03 1.40074403e+01
v 6.22026161e+03 5.17373544e+03 1.26731135e+01
v 6.21932570e+03 5.16145280e+03 1.24195080e+01
v 6.21966241e+03 5.16640361e+03 1.26134244e+01
v 6.22054003e+03 5.17818353e+03 1.79151876e+01
v 6.22076274e+03 5.17774095e+03 1.61712813e+01
v 6.22021013e+03 5.18061074e+03 2.15624695e+01
v 6.22047649e+03 5.17948006e+03 2.11593023e+01
v 6.22055743e+03 5.17878109e+03 3.09455620e+01
v 6.22069950e+03 5.17792713e+03 3.24254202e+01
v 6.22091833e+03 5.17715829e+03 3.08485640e+01
v 6.22059355e+03 5.17806811e+03 3.13034867e+01
v 6.22139174e+03 5.18511338e+03 3.60725340e+01
v 6.22019808e+03 5.18417736e+03 3.71927132e+01
v 6.22067146e+03 5.17800080e+03 2.92286491e+01
v 6.22042994e+03 5.17814561e+03 3.03008636e+01
v 6.22064758e+03 5.17886499e+03 2.98463737e+01
v 6.21997634e+03 5.18050322e+03 2.97831926e+01
v 6.22013891e+03 5.18054011e+03 2.55560209e+01
v 6.22058563e+03 5.17921143e+03 2.54531065e+01
v 6.22078370e+03 5.17886001e+03 2.90403470e+01
v 6.22050635e+03 5.17951459e+03 2.72806155e+01
v 6.22058703e+03 5.17806488e+03 2.78149715e+01
v 6.22021884e+03 5.18057683e+03 2.83515141e+01
v 6.22164900e+03 5.17619816e+03 3.30384110e+01
v 6.22043421e+03 5.17961940e+03 3.10128491e+01
v 6.22107793e+03 5.17871052e+03 1.33191666e+01
v 6.22062586e+03 5.17947021e+03 1.34239835e+01
v 6.22038325e+03 5.17968314e+03 2.41053314e+01
v 6.22012250e+03 5.15698628e+03 1.23396548e+01
v 6.21958073e+03 5.17087316e+03 1.26127196e+01
v 6.22088768e+03 5.17169129e+03 1.25374456e+01
v 6.21958412e+03 5.17296284e+03 1.28268976e+01
v 6.21924612e+03 5.16535898e+03 1.26066856e+01
v 6.22166982e+03 5.16112084e+03 1.26959481e+01
v 6.22042844e+03 5.16127425e+03 1.25858195e+01
v 6.22091327e+03 5.15974566e+03 1.26392250e+01
v 6.21864631e+03 5.16469075e+03 1.25614236e+01
v 6.21949130e+03 5.16251032e+03 1.26340003e+01
v 6.22109773e+03 5.17706831e+03 1.32128511e+01
v 6.22068829e+03 5.17041069e+03 1.26808732e+01
v 6.22053345e+03 5.17910719e+03 1.32184712e+01
v 6.22001042e+03 5.17966010e+03 1.32989035e+01
v 6.21915722e+03 5.17917910e+03 1.32567655e+01
v 6.22005773e+03 5.18058329e+03 1.97314611e+01
v 6.22044394e+03 5.17832532e+03 2.11394357e+01
v 6.21887552e+03 5.18202831e+03 1.71645108e+01
v 6.22165981e+03 5.17658597e+03 1.80311773e+01
v 6.22132568e+03 5.17708658e+03 1.94561154e+01
v 6.22091623e+03 5.17732982e+03 2.05893717e+01
v 6.21969218e+03 5.18072780e+03 2.06074734e+01
v 6.22144131e+03 5.17725012e+03 2.13934129e+01
v 6.22009775e+03 5.18066098e+03 1.79343335e+01
v 6.22166874e+03 5.17766703e+03 1.34449845e+01
v 6.21949465e+03 5.18106404e+03 1.34032849e+01
v 6.22001688e+03 5.18081642e+03 1.44765049e+01
v 6.22121084e+03 5.17796146e+03 1.31729055e+01
v 6.21953895e+03 5.18130122e+03 1.60578696e+01
v 6.22115084e+03 5.17743489e+03 2.28120991e+01
v 6.22054461e+03 5.17802907e+03 2.47936115e+01
v 6.22054284e+03 5.17789557e+03 2.35367253e+01
v 6.22160993e+03 5.17638875e+03 2.42590519e+01
v 6.22151235e+03 5.17728468e+03 2.47234333e+01
v 6.21968639e+03 5.18109192e+03 2.46746598e+01
v 6.21984705e+03 5.18065865e+03 2.39327093e+01
v 6.22050088e+03 5.17821054e+03 2.62087688e+01
v 6.22098329e+03 5.17728048e+03 2.40446009e+01
v 6.22000808e+03 5.18074047e+03 2.25469603e+01
v 6.22067562e+03 5.17909057e+03 2.20455990e+01
v 6.22071296e+03 5.17789961e+03 2.15415551e+01
v 6.22064311e+03 5.17805168e+03 2.26602702e+01
v 6.21959318e+03 5.18122527e+03 2.15206024e+01
v 6.21902086e+03 5.18218343e+03 2.28403247e+01
v 6.22126594e+03 5.17671270e+03 2.72761531e+01
v 6.22121062e+03 5.17735134e+03 2.57272533e+01
v 6.21872460e+03 5.18221426e+03 2.39967937e+01
v 6.21955430e+03 5.18126907e+03 2.78892366e+01
v 6.22041754e+03 5.17957645e+03 2.62459676e+01
v 6.21921550e+03 5.18209443e+03 2.81372113e+01
v 6.21899070e+03 5.18199977e+03 3.09033621e+01
v 6.22150373e+03 5.17709367e+03 2.83000827e+01
v 6.22170873e+03 5.17632833e+03 2.88169742e+01
v 6.21929184e+03 5.18142128e+03 2.70708028e+01
v 6.21923022e+03 5.18201084e+03 2.49982415e+01
v 6.21922291e+03 5.18209975e+03 2.15515747e+01
v 6.22013499e+03 5.18390097e+03 3.47279462e+01
v 6.22067578e+03 5.18460977e+03 3.54899133e+01
v 6.21947454e+03 5.18373830e+03 3.48044748e+01
v 6.21890342e+03 5.18316365e+03 3.60361149e+01
v 6.21908723e+03 5.18334808e+03 3.43346896e+01
v 6.22113086e+03 5.17717755e+03 3.36880242e+01
v 6.22059815e+03 5.17797184e+03 3.36506685e+01
v 6.22070933e+03 5.17717551e+03 3.34010433e+01
v 6.21892142e+03 5.18156995e+03 3.34463512e+01
v 6.22034449e+03 5.17809593e+03 3.34259134e+01
v 6.21931165e+03 5.18112901e+03 3.31924309e+01
v 6.22023565e+03 5.17978012e+03 3.30639314e+01
v 6.22074272e+03 5.17901909e+03 3.19945520e+01
v 6.21961529e+03 5.18047596e+03 3.34356877e+01
v 6.21995045e+03 5.18064344e+03 3.27459819e+01
v 6.22054407e+03 5.17899801e+03 3.32907177e+01
v 6.21969222e+03 5.18119461e+03 3.16653132e+01
v 6.22087679e+03 5.17928605e+03 3.37017436e+01
v 6.22031062e+03 5.18033583e+03 3.17343070e+01
v 6.22027239e+03 5.17970484e+03 3.35360553e+01
v 6.22148150e+03 5.17712234e+03 3.15481432e+01
v 6.21906387e+03 5.18224119e+03 3.15444455e+01
v 6.21890470e+03 5.18217971e+03 3.27528533e+01
v 6.21977934e+03 5.18259447e+03 3.42122229e+01
v 6.21973552e+03 5.18410031e+03 3.72813538e+01
v 6.22165518e+03 5.18646738e+03 3.89667095e+01
v 6.22086808e+03 5.18643862e+03 3.86159643e+01
v 6.22083251e+03 5.18519425e+03 3.82914085e+01
v 6.22150790e+03 5.18576159e+03 3.89390817e+01
v 6.21880078e+03 5.18340977e+03 3.66669912e+01
v 6.22182043e+03 5.18584363e+03 3.93961043e+01
v 6.24269873e+03 5.16838982e+03 1.17804425e+01
v 6.24353730e+03 5.16896041e+03 1.18383571e+01
v 6.25000000e+03 5.17045372e+03 1.18931444e+01
v 6.24955292e+03 5.17146150e+03 1.18159824e+01
v 6.24626856e+03 5.17128637e+03 1.26231566e+01
v 6.24545445e+03 5.17118851e+03 1.20696301e+01
v 6.24624646e+03 5.17531189e+03 1.20788832e+01
v 6.25000000e+03 5.17429259e+03 1.17054599e+01
v 6.24906924e+03 5.17380526e+03 1.16857544e+01
v 6.24779581e+03 5.17366740e+03 1.17931960e+01
v 6.25000000e+03 5.17562273e+03 1.18420825e+01
v 6.25000000e+03 5.17458447e+03 1.17483994e+01
v 6.24282136e+03 5.16961332e+03 1.19838223e+01
v 6.24480803e+03 5.17058083e+03 1.19394755e+01
v 6.24535159e+03 5.16981670e+03 1.19265027e+01
v 6.24765984e+03 5.16864764e+03 1.19771558e+01
v 6.25000000e+03 5.16908510e+03 1.19168259e+01
v 6.24127374e+03 5.16820684e+03 1.20101264e+01
v 6.24185904e+03 5.16938379e+03 1.23134050e+01
v 6.24946756e+03 5.17286808e+03 1.18484107e+01
v 6.24912981e+03 5.17258445e+03 1.21281079e+01
v 6.25000000e+03 5.17134549e+03 1.18250812e+01
v 6.24934143e+03 5.17193512e+03 1.20821360e+01
v 6.24531697e+03 5.16901905e+03 1.21151946e+01
v 6.24625953e+03 5.16969896e+03 1.18473362e+01
v 6.24894256e+03 5.17143323e+03 1.19571224e+01
v 6.24342138e+03 5.16780772e+03 1.19557344e+01
v 6.24722343e+03 5.16935765e+03 1.18517407e+01
v 6.24217668e+03 5.16385488e+03 1.19174671e+01
v 6.24272832e+03 5.16487941e+03 1.20540217e+01
v 6.24813236e+03 5.16673490e+03 1.20185127e+01
v 6.24573470e+03 5.16840434e+03 1.18973248e+01
v 6.24592307e+03 5.16630031e+03 1.18929041e+01
v 6.24483560e+03 5.16636032e+03 1.19767317e+01
v 6.24402111e+03 5.16714268e+03 1.18251836e+01
v 6.24417503e+03 5.16527522e+03 1.19565942e+01
v 6.24197834e+03 5.16534848e+03 1.19406612e+01
v 6.24043763e+03 5.16637484e+03 1.21730158e+01
v 6.24164239e+03 5.16631493e+03 1.22629196e+01
v 6.24086277e+03 5.16600456e+03 1.23676911e+01
v 6.24098929e+03 5.16710159e+03 1.18098612e+01
v 6.24016051e+03 5.16682576e+03 1.21038382e+01
v 6.24701171e+03 5.16268142e+03 1.22229914e+01
v 6.24559314e+03 5.16411991e+03 1.20466015e+01
v 6.24063917e+03 5.16537762e+03 1.20393009e+01
v 6.24253089e+03 5.17423400e+03 1.27482279e+01
v 6.24320837e+03 5.17494973e+03 1.31380487e+01
v 6.24332912e+03 5.17496887e+03 1.27676091e+01
v 6.24383130e+03 5.17459197e+03 1.32070943e+01
v 6.24045953e+03 5.17205036e+03 1.30574893e+01
v 6.24084918e+03 5.17227344e+03 1.26389118e+01
v 6.24125431e+03 5.17240848e+03 1.21487315e+01
v 6.24029220e+03 5.16753671e+03 1.23505309e+01
v 6.24208291e+03 5.17294191e+03 1.36589985e+01
v 6.24214245e+03 5.17292566e+03 1.25286803e+01
v 6.24143282e+03 5.17273509e+03 1.25441374e+01
v 6.24203281e+03 5.17054066e+03 1.19641991e+01
v 6.24491373e+03 5.17224814e+03 1.19150948e+01
v 6.24600425e+03 5.17069530e+03 1.22984891e+01
v 6.24710178e+03 5.16987575e+03 1.20430352e+01
v 6.24690935e+03 5.17186837e+03 1.29868445e+01
v 6.24673445e+03 5.17285789e+03 1.18887935e+01
v 6.24638528e+03 5.17223663e+03 1.20552266e+01
v 6.24659244e+03 5.17200062e+03 1.26763232e+01
v 6.24367181e+03 5.17449636e+03 1.25560617e+01
v 6.24252298e+03 5.17384916e+03 1.25538015e+01
v 6.24233870e+03 5.17276347e+03 1.19774075e+01
v 6.24388240e+03 5.17399450e+03 1.20136895e+01
v 6.24802709e+03 5.17876836e+03 1.31217402e+01
v 6.24912959e+03 5.17924786e+03 1.23698035e+01
v 6.24808188e+03 5.17829247e+03 1.25183069e+01
v 6.24805529e+03 5.17691812e+03 1.19226220e+01
v 6.24752672e+03 5.17704352e+03 1.23836576e+01
v 6.24501140e+03 5.17549756e+03 1.19950273e+01
v 6.24469757e+03 5.17598025e+03 1.20083043e+01
v 6.25000000e+03 5.17925746e+03 1.19513494e+01
v 6.24679586e+03 5.17655537e+03 1.20694038e+01
v 6.24593159e+03 5.17671864e+03 1.20338844e+01
v 6.24898308e+03 5.17862282e+03 1.20558922e+01
v 6.24806529e+03 5.17327160e+03 1.20393076e+01
v 6.24872739e+03 5.17314315e+03 1.20313398e+01
v 6.24519951e+03 5.17622583e+03 1.20794466e+01
v 6.24557891e+03 5.17670085e+03 1.24052761e+01
v 6.24906124e+03 5.17224499e+03 1.30862473e+01
v 6.24660519e+03 5.17704188e+03 1.23339878e+01
v 6.25000000e+03 5.16831489e+03 1.20543720e+01
v 6.24783403e+03 5.17113212e+03 1.32648829e+01
v 6.24742694e+03 5.17052344e+03 1.29734519e+01
v 6.24670862e+03 5.17041633e+03 1.26191403e+01
v 6.25000000e+03 5.17748740e+03 1.20189754e+01
v 6.25000000e+03 5.17692797e+03 1.20115701e+01
v 6.24603781e+03 5.16565795e+03 1.23332121e+01
v 6.24834537e+03 5.17061826e+03 1.18224858e+01
v 6.24846127e+03 5.17204360e+03 1.31956906e+01
v 6.24803861e+03 5.17276280e+03 1.30116514e+01
v 6.24855736e+03 5.17291092e+03 1.30917501e+01
v 6.25000000e+03 5.16765248e+03 1.19746096e+01
v 6.24776451e+03 5.17052737e+03 1.18912643e+01
v 6.24720122e+03 5.17032442e+03 1.24719787e+01
v 6.24654744e+03 5.17721300e+03 1.28629763e+01
v 6.24735661e+03 5.17715686e+03 1.28258675e+01
v 6.24982719e+03 5.18010172e+03 1.29438898e+01
v 6.25000000e+03 5.17970056e+03 1.22531410e+01
v 6.25000000e+03 5.18002504e+03 1.27556072e+01
v 6.25000000e+03 5.17974484e+03 1.23174107e+01
v 6.24866500e+03 5.17160812e+03 1.30250242e+01
v 6.24504191e+03 5.17621658e+03 1.26082083e+01
v 6.24401361e+03 5.17440705e+03 1.21918926e+01
v 6.24137531e+03 5.17270832e+03 1.33713159e+01
v 6.24206351e+03 5.17363593e+03 1.33183359e+01
v 6.24066741e+03 5.16921895e+03 1.21063281e+01
v 6.24476922e+03 5.17528360e+03 1.25909941e+01
v 6.24430444e+03 5.17475191e+03 1.27166571e+01
v 6.24912667e+03 5.17949309e+03 1.33670133e+01
v 6.25000000e+03 5.17011288e+03 1.19234323e+01
v 6.25000000e+03 5.16660105e+03 1.20701768e+01
v 6.24879804e+03 5.16603104e+03 1.21910634e+01
v 6.24431078e+03 5.16843500e+03 1.20855834e+01
v 6.24659821e+03 5.16580199e+03 1.21046492e+01
v 6.24590797e+03 5.16053419e+03 1.22754358e+01
v 6.24427466e+03 5.16332088e+03 1.21333350e+01
v 6.24854130e+03 5.16385538e+03 1.21088605e+01
v 6.24781315e+03 5.16035281e+03 1.23301604e+01
v 6.25000000e+03 5.16246303e+03 1.20635692e+01
v 6.25000000e+03 5.16228169e+03 1.20761987e+01
v 6.24904405e+03 5.16211888e+03 1.20609129e+01
v 6.25000000e+03 5.16277257e+03 1.20751578e+01
v 6.24448467e+03 5.16055644e+03 1.22026599e+01
v 6.24358710e+03 5.16078439e+03 1.24290587e+01
v 6.24205514e+03 5.16132614e+03 1.21555708e+01
v 6.24184593e+03 5.16258124e+03 1.22704933e+01
v 6.24262946e+03 5.16195952e+03 1.21200856e+01
v 6.24362499e+03 5.16252919e+03 1.20272223e+01
v 6.24104092e+03 5.16274098e+03 1.23698664e+01
v 6.24004947e+03 5.16217216e+03 1.21597349e+01
v 6.24358521e+03 5.16351570e+03 1.23912908e+01
v 6.24424092e+03 5.16414069e+03 1.20306781e+01
v 6.24303578e+03 5.16440470e+03 1.20091563e+01
v 6.24501341e+03 5.16497501e+03 1.23991881e+01
v 6.24261891e+03 5.16682697e+03 1.20257925e+01
v 6.24522721e+03 5.17441317e+03 1.19670946e+01
v 6.24108322e+03 5.17252917e+03 1.23219550e+01
v 6.24159354e+03 5.17169793e+03 1.18943709e+01
v 6.24589253e+03 5.17157788e+03 1.19414392e+01
v 6.24984620e+03 5.17969307e+03 1.40607152e+01
v 6.24138856e+03 5.16415344e+03 1.22163169e+01
v 6.24099981e+03 5.16211329e+03 1.29457806e+01
v 6.24009862e+03 5.16095481e+03 1.25611993e+01
v 6.24247138e+03 5.16292187e+03 1.20978322e+01
v 6.25000000e+03 5.16480737e+03 1.20452188e+01
v 6.24679721e+03 5.15931730e+03 1.22805030e+01
v 6.24399340e+03 5.15954712e+03 1.21818030e+01
v 6.24277019e+03 5.15858272e+03 1.22483733e+01
v 6.24091380e+03 5.15779449e+03 1.28690892e+01
v 6.24181992e+03 5.15862902e+03 1.31032023e+01
v 6.24229076e+03 5.15891445e+03 1.27932977e+01
v 6.24189206e+03 5.15960931e+03 1.24762027e+01
v 6.24112857e+03 5.15818849e+03 1.30965000e+01
v 6.24036966e+03 5.16189504e+03 1.28711510e+01
v 6.24309476e+03 5.15971706e+03 1.28253137e+01
v 6.24041939e+03 5.16003920e+03 1.22843125e+01
v 6.24072819e+03 5.15964309e+03 1.25787549e+01
v 6.24049892e+03 5.15902625e+03 1.27550796e+01
v 6.24103550e+03 5.15709645e+03 1.22910389e+01
v 6.24078901e+03 5.15858421e+03 1.30393494e+01
v 6.24030308e+03 5.15822398e+03 1.26664903e+01
v 6.25000000e+03 5.16083703e+03 1.22561120e+01
v 6.25000000e+03 5.15854564e+03 1.20745148e+01
v 6.24813791e+03 5.15676738e+03 1.20594787e+01
v 6.24847225e+03 5.15954094e+03 1.21306142e+01
v 6.24685496e+03 5.17680460e+03 1.78711726e+01
v 6.24671492e+03 5.17704270e+03 1.72957930e+01
v 6.24715298e+03 5.17702851e+03 1.68156305e+01
v 6.24769467e+03 5.17750789e+03 1.70729316e+01
v 6.24629884e+03 5.17610949e+03 1.69216779e+01
v 6.24610025e+03 5.17592341e+03 1.73169339e+01
v 6.24618024e+03 5.17501479e+03 1.69264352e+01
v 6.24567317e+03 5.17451923e+03 1.61374409e+01
v 6.24656683e+03 5.17533220e+03 1.56843897e+01
v 6.24634723e+03 5.17535407e+03 1.71502705e+01
v 6.24720907e+03 5.17571497e+03 1.69177907e+01
v 6.24786346e+03 5.17751093e+03 1.64709757e+01
v 6.24781109e+03 5.17764003e+03 1.51573474e+01
v 6.24765606e+03 5.17675959e+03 1.67907271e+01
v 6.24770163e+03 5.17613862e+03 1.69040761e+01
v 6.24823498e+03 5.17654488e+03 1.59296890e+01
v 6.24833800e+03 5.17687198e+03 1.65038758e+01
v 6.25000000e+03 5.17931805e+03 1.66042206e+01
v 6.24958516e+03 5.17903256e+03 1.64987908e+01
v 6.24882375e+03 5.17884019e+03 1.83032778e+01
v 6.25000000e+03 5.17943928e+03 1.76150532e+01
v 6.24936948e+03 5.17921940e+03 1.72169494e+01
v 6.24867356e+03 5.17870381e+03 1.71969873e+01
v 6.25000000e+03 5.17951052e+03 1.53414692e+01
v 6.25000000e+03 5.17940059e+03 1.99087601e+01
v 6.24769042e+03 5.17742457e+03 1.83906714e+01
v 6.24811105e+03 5.17677356e+03 1.91818602e+01
v 6.24831793e+03 5.17670320e+03 1.99731699e+01
v 6.24784456e+03 5.17627374e+03 1.92239172e+01
v 6.24728721e+03 5.17734304e+03 1.78829985e+01
v 6.24783654e+03 5.17753336e+03 1.91187980e+01
v 6.24538257e+03 5.17457399e+03 1.86149200e+01
v 6.24518322e+03 5.17445823e+03 1.66356065e+01
v 6.24622131e+03 5.17537751e+03 1.78323967e+01
v 6.24777521e+03 5.17712671e+03 1.88130600e+01
v 6.24603368e+03 5.17498325e+03 1.84569659e+01
v 6.24465540e+03 5.17481313e+03 1.86748751e+01
v 6.24521448e+03 5.17447274e+03 1.99559079e+01
v 6.24295172e+03 5.17373901e+03 1.98944732e+01
v 6.24325682e+03 5.17432336e+03 2.10993285e+01
v 6.24427245e+03 5.17448360e+03 1.97811947e+01
v 6.24259965e+03 5.17346536e+03 2.32195017e+01
v 6.24382000e+03 5.17440348e+03 1.66788276e+01
v 6.24274187e+03 5.17364396e+03 1.65437072e+01
v 6.24181171e+03 5.17278089e+03 1.52885722e+01
v 6.24349848e+03 5.17446481e+03 1.82803273e+01
v 6.24474535e+03 5.17475882e+03 2.04515092e+01
v 6.24695914e+03 5.17716195e+03 1.69855956e+01
v 6.25000000e+03 5.17986907e+03 1.35702817e+01
v 6.25000000e+03 5.18005149e+03 1.32048137e+01
v 6.24736307e+03 5.17700444e+03 1.35500493e+01
v 6.24736161e+03 5.17716508e+03 1.43715453e+01
v 6.24696198e+03 5.17690675e+03 1.41590148e+01
v 6.24804070e+03 5.17813517e+03 1.39179874e+01
v 6.24628977e+03 5.17709944e+03 1.38249272e+01
v 6.24425880e+03 5.17468147e+03 1.40121013e+01
v 6.24456448e+03 5.17489476e+03 1.54301274e+01
v 6.24443873e+03 5.17466327e+03 1.65324724e+01
v 6.24401873e+03 5.17463530e+03 1.57913104e+01
v 6.24761113e+03 5.17639225e+03 1.54432252e+01
v 6.24245848e+03 5.17326036e+03 1.83652302e+01
v 6.24724287e+03 5.17574423e+03 2.02434438e+01
v 6.24656150e+03 5.17607017e+03 1.98536925e+01
v 6.24661147e+03 5.17658089e+03 1.96062282e+01
v 6.24620610e+03 5.17621044e+03 2.00667454e+01
v 6.24790018e+03 5.17653609e+03 2.02334167e+01
v 6.24533393e+03 5.17454869e+03 2.10017029e+01
v 6.24542634e+03 5.17453636e+03 2.20495504e+01
v 6.24625998e+03 5.17528658e+03 2.08640543e+01
v 6.24663881e+03 5.17699700e+03 2.08603357e+01
v 6.24705758e+03 5.17730078e+03 2.05322840e+01
v 6.24685250e+03 5.17566589e+03 2.03549303e+01
v 6.24787667e+03 5.17718270e+03 1.99728898e+01
v 6.24787586e+03 5.17752015e+03 1.97382205e+01
v 6.24593494e+03 5.17466240e+03 1.97437159e+01
v 6.24796513e+03 5.17774955e+03 2.03896579e+01
v 6.24451749e+03 5.17491616e+03 2.21608757e+01
v 6.24467928e+03 5.17479006e+03 2.14192082e+01
v 6.24640373e+03 5.17550902e+03 1.85463061e+01
v 6.24615429e+03 5.17595529e+03 2.06167666e+01
v 6.25000000e+03 5.17953013e+03 2.17817306e+01
v 6.25000000e+03 5.17950157e+03 2.14993957e+01
v 6.24925678e+03 5.17909204e+03 2.04851899e+01
v 6.25000000e+03 5.17939489e+03 1.99461220e+01
v 6.25000000e+03 5.17951361e+03 1.88822651e+01
v 6.24841613e+03 5.17835289e+03 2.06361690e+01
v 6.25000000e+03 5.17942317e+03 1.61021078e+01
v 6.24237933e+03 5.17345179e+03 1.40873801e+01
v 6.24510484e+03 5.17537179e+03 1.47168201e+01
v 6.24561054e+03 5.17461672e+03 1.55789304e+01
v 6.24006571e+03 5.17187811e+03 1.80908634e+01
v 6.24159923e+03 5.17259078e+03 1.89965465e+01
v 6.24072099e+03 5.17237677e+03 1.75350416e+01
v 6.24013016e+03 5.17180330e+03 1.71328213e+01
v 6.24354698e+03 5.17429270e+03 1.44007533e+01
v 6.24774915e+03 5.17784145e+03 1.43084541e+01
v 6.24620576e+03 5.17587767e+03 1.78204855e+01
v 6.24675344e+03 5.17604434e+03 1.67253840e+01
v 6.24511495e+03 5.17596889e+03 1.39023334e+01
v 6.24136023e+03 5.17236765e+03 1.67266267e+01
v 6.24036003e+03 5.17205021e+03 2.06655056e+01
v 6.24581881e+03 5.17456287e+03 2.32009905e+01
v 6.24077643e+03 5.17235285e+03 2.15084080e+01
v 6.24147803e+03 5.17247287e+03 2.03923638e+01
v 6.24161238e+03 5.17262194e+03 2.24391357e+01
v 6.24634857e+03 5.17513527e+03 1.96420036e+01
v 6.25000000e+03 5.17323369e+03 1.18153920e+01
v 6.24622186e+03 5.17629665e+03 1.45092296e+01
v 6.25000000e+03 5.17947088e+03 2.39575299e+01
v 6.24940038e+03 5.17925867e+03 2.45481424e+01
v 6.24778802e+03 5.17719431e+03 1.53120619e+01
v 6.24791460e+03 5.17642730e+03 2.36621016e+01
v 6.24785512e+03 5.17708361e+03 2.36351380e+01
v 6.24744027e+03 5.17621557e+03 2.35862797e+01
v 6.24717885e+03 5.17668129e+03 2.33600502e+01
v 6.24808413e+03 5.17787830e+03 3.00522870e+01
v 6.24785623e+03 5.17764875e+03 2.94293704e+01
v 6.24865613e+03 5.17853616e+03 3.10133303e+01
v 6.25000000e+03 5.17941218e+03 3.00228428e+01
v 6.24858311e+03 5.17863486e+03 2.84496783e+01
v 6.24149554e+03 5.17241905e+03 3.04573874e+01
v 6.24817754e+03 5.17651977e+03 2.95710354e+01
v 6.24825044e+03 5.17694767e+03 2.96594382e+01
v 6.24805185e+03 5.17732869e+03 2.99984414e+01
v 6.24777369e+03 5.17758123e+03 3.07601260e+01
v 6.24821278e+03 5.17691867e+03 3.04685375e+01
v 6.24795219e+03 5.17637174e+03 3.05740498e+01
v 6.24619857e+03 5.17596100e+03 3.08030004e+01
v 6.24644185e+03 5.17614677e+03 3.05018235e+01
v 6.24759343e+03 5.17608914e+03 3.06346808e+01
v 6.24760875e+03 5.17699443e+03 3.03338007e+01
v 6.24646511e+03 5.17525987e+03 3.06847676e+01
v 6.24688893e+03 5.17599747e+03 3.04747601e+01
v 6.24714703e+03 5.17700633e+03 3.04442425e+01
v 6.24513618e+03 5.17445202e+03 3.03354600e+01
v 6.24554211e+03 5.17464038e+03 3.10773367e+01
v 6.24281520e+03 5.17358337e+03 3.01755581e+01
v 6.24574992e+03 5.17462139e+03 3.01924513e+01
v 6.24542603e+03 5.17460416e+03 2.80707495e+01
v 6.24325512e+03 5.17423556e+03 2.88509152e+01
v 6.24275525e+03 5.17358318e+03 2.70290580e+01
v 6.24437720e+03 5.17487577e+03 2.91482211e+01
v 6.24630376e+03 5.17517714e+03 2.92007713e+01
v 6.24453405e+03 5.17485407e+03 2.78839325e+01
v 6.24484642e+03 5.17481632e+03 2.83660634e+01
v 6.24757984e+03 5.17727446e+03 2.86073382e+01
v 6.24648987e+03 5.17677234e+03 3.07815264e+01
v 6.24658713e+03 5.17652462e+03 2.80542154e+01
v 6.24804941e+03 5.17775811e+03 2.83207491e+01
v 6.24144686e+03 5.17249945e+03 2.98033960e+01
v 6.24663920e+03 5.17713766e+03 2.74035914e+01
v 6.24690668e+03 5.17721866e+03 3.10211341e+01
v 6.24638382e+03 5.17602564e+03 2.72230729e+01
v 6.24625379e+03 5.17606060e+03 2.79237702e+01
v 6.24614128e+03 5.17522670e+03 2.83638389e+01
v 6.24717281e+03 5.17683912e+03 2.65900531e+01
v 6.24696455e+03 5.17579668e+03 2.71275391e+01
v 6.24681264e+03 5.17544517e+03 2.73633380e+01
v 6.24822621e+03 5.17806025e+03 2.72021309e+01
v 6.24573176e+03 5.17466002e+03 2.56106269e+01
v 6.24594142e+03 5.17473657e+03 2.68999524e+01
v 6.24645221e+03 5.17529826e+03 2.58969440e+01
v 6.24626803e+03 5.17534160e+03 2.75455328e+01
v 6.24821777e+03 5.17660019e+03 2.71621736e+01
v 6.24669130e+03 5.17616540e+03 2.67252568e+01
v 6.24770285e+03 5.17756552e+03 2.73787255e+01
v 6.24679544e+03 5.17543516e+03 2.68165122e+01
v 6.24959386e+03 5.17936676e+03 2.75830242e+01
v 6.24877393e+03 5.17885067e+03 2.72849468e+01
v 6.25000000e+03 5.17955137e+03 2.84988701e+01
v 6.24876206e+03 5.17844319e+03 2.65835876e+01
v 6.24331963e+03 5.17430291e+03 2.75232098e+01
v 6.24426606e+03 5.17462002e+03 2.65750571e+01
v 6.24647854e+03 5.17532131e+03 2.72727008e+01
v 6.24654151e+03 5.17566622e+03 2.72813689e+01
v 6.25000000e+03 5.17943986e+03 2.62780980e+01
v 6.24844329e+03 5.17835041e+03 2.57716344e+01
v 6.25000000e+03 5.17955572e+03 2.52925736e+01
v 6.24798894e+03 5.17788418e+03 2.37694753e+01
v 6.24656658e+03 5.17655688e+03 2.66096231e+01
v 6.24059612e+03 5.17228563e+03 2.76101194e+01
v 6.24151981e+03 5.17253181e+03 2.72660473e+01
v 6.24003139e+03 5.17172763e+03 2.82230957e+01
v 6.24469429e+03 5.17472965e+03 3.10789836e+01
v 6.24441532e+03 5.17459511e+03 3.02250360e+01
v 6.24132580e+03 5.17241385e+03 2.60949026e+01
v 6.24058066e+03 5.17175173e+03 2.67603103e+01
v 6.24526701e+03 5.17455711e+03 2.56838357e+01
v 6.24539244e+03 5.17445944e+03 2.71307455e+01
v 6.24669723e+03 5.17644191e+03 2.46298752e+01
v 6.24604996e+03 5.17593343e+03 2.42121128e+01
v 6.24652541e+03 5.17615587e+03 2.49854945e+01
v 6.24822481e+03 5.17695356e+03 2.68331578e+01
v 6.24821656e+03 5.17655628e+03 2.65087952e+01
v 6.24787989e+03 5.17742657e+03 2.71752607e+01
v 6.24807620e+03 5.17781366e+03 2.64087763e+01
v 6.24826121e+03 5.17697493e+03 2.62578135e+01
v 6.24809373e+03 5.17659401e+03 2.60726609e+01
v 6.24753255e+03 5.17629492e+03 2.57095474e+01
v 6.24786863e+03 5.17741581e+03 2.60750750e+01
v 6.25000000e+03 5.17935558e+03 2.35336147e+01
v 6.24923449e+03 5.17878796e+03 2.32482207e+01
v 6.24807921e+03 5.17707895e+03 2.27121423e+01
v 6.24795051e+03 5.17755555e+03 2.31899445e+01
v 6.24755151e+03 5.17606476e+03 2.33453206e+01
v 6.24691526e+03 5.17553048e+03 2.37248707e+01
v 6.24816846e+03 5.17675188e+03 2.34175351e+01
v 6.24633124e+03 5.17528659e+03 2.40677331e+01
v 6.24631943e+03 5.17518824e+03 2.26511390e+01
v 6.24657095e+03 5.17563494e+03 2.20327519e+01
v 6.24745190e+03 5.17596735e+03 2.27056771e+01
v 6.24789075e+03 5.17751670e+03 2.25529524e+01
v 6.24849701e+03 5.17847601e+03 2.20392113e+01
v 6.24834271e+03 5.17664739e+03 2.29514043e+01
v 6.24671596e+03 5.17576445e+03 2.37146307e+01
v 6.24742651e+03 5.17722352e+03 2.15195733e+01
v 6.24946632e+03 5.17925577e+03 2.18670531e+01
v 6.25000000e+03 5.17951860e+03 2.19221429e+01
v 6.25000000e+03 5.17937075e+03 2.30270450e+01
v 6.24725595e+03 5.17731374e+03 2.48281245e+01
v 6.24631404e+03 5.17551092e+03 2.52818287e+01
v 6.24615669e+03 5.17514652e+03 2.49633525e+01
v 6.24543267e+03 5.17447550e+03 2.38689831e+01
v 6.24659523e+03 5.17670665e+03 2.33921600e+01
v 6.24639642e+03 5.17625164e+03 2.39058485e+01
v 6.24690171e+03 5.17711131e+03 2.42203163e+01
v 6.24706170e+03 5.17700279e+03 2.36450902e+01
v 6.24641656e+03 5.17596355e+03 2.36864848e+01
v 6.24653505e+03 5.17617996e+03 2.32211581e+01
v 6.24764868e+03 5.17733446e+03 2.37630385e+01
v 6.24325419e+03 5.17429036e+03 2.46360088e+01
v 6.24458740e+03 5.17472514e+03 2.38486865e+01
v 6.24768257e+03 5.17652270e+03 2.21516695e+01
v 6.24430865e+03 5.17458852e+03 2.30324497e+01
v 6.24123090e+03 5.17221623e+03 2.33677276e+01
v 6.24160683e+03 5.17258450e+03 2.43124261e+01
v 6.24161108e+03 5.18017309e+03 3.71055127e+01
v 6.24089321e+03 5.18468002e+03 3.63031710e+01
v 6.24225944e+03 5.18646696e+03 3.48941350e+01
v 6.24125463e+03 5.18533908e+03 3.51911604e+01
v 6.24233235e+03 5.18450979e+03 3.62798768e+01
v 6.24311092e+03 5.18422023e+03 3.56699309e+01
v 6.24269950e+03 5.18527354e+03 3.52453581e+01
v 6.24370471e+03 5.18588235e+03 3.53667683e+01
v 6.24257538e+03 5.18370076e+03 3.64871540e+01
v 6.24381810e+03 5.18336942e+03 3.59764919e+01
v 6.24452202e+03 5.18455444e+03 3.57943739e+01
v 6.24493308e+03 5.18665807e+03 3.58385532e+01
v 6.24462487e+03 5.18678924e+03 3.53449655e+01
v 6.24508335e+03 5.18634801e+03 3.58393966e+01
v 6.24576215e+03 5.18607623e+03 3.60422386e+01
v 6.24572178e+03 5.18574809e+03 3.60151008e+01
v 6.24830324e+03 5.18508943e+03 3.57964173e+01
v 6.24903675e+03 5.18374564e+03 3.37506322e+01
v 6.24938170e+03 5.18325277e+03 3.45908295e+01
v 6.24653192e+03 5.18746298e+03 3.45778777e+01
v 6.24009550e+03 5.17184462e+03 2.41028600e+01
v 6.24004025e+03 5.17180369e+03 2.49042148e+01
v 6.24070118e+03 5.17237451e+03 2.46108297e+01
v 6.24444994e+03 5.17484318e+03 2.56742688e+01
v 6.24265855e+03 5.17349326e+03 2.57018629e+01
v 6.24495638e+03 5.18750393e+03 3.67875276e+01
v 6.24493426e+03 5.18668387e+03 3.68827046e+01
v 6.24551319e+03 5.18736264e+03 3.70799689e+01
v 6.24601089e+03 5.18701380e+03 3.69949607e+01
v 6.24624964e+03 5.18724522e+03 3.60920245e+01
v 6.24690926e+03 5.18626167e+03 3.62152759e+01
v 6.24670354e+03 5.18719626e+03 3.57795422e+01
v 6.24766168e+03 5.18599719e+03 3.57466653e+01
v 6.24754650e+03 5.18503299e+03 3.64206603e+01
v 6.24720414e+03 5.18530460e+03 3.68804910e+01
v 6.24586723e+03 5.18656534e+03 3.70331679e+01
v 6.24686128e+03 5.18518045e+03 3.71247245e+01
v 6.24637583e+03 5.18494636e+03 3.63377552e+01
v 6.24725725e+03 5.18420054e+03 3.70276273e+01
v 6.24723007e+03 5.18379966e+03 3.64777681e+01
v 6.24661488e+03 5.18411199e+03 3.68629512e+01
v 6.24789104e+03 5.18382458e+03 3.65719923e+01
v 6.24778600e+03 5.18439737e+03 3.69772067e+01
v 6.24067032e+03 5.18308441e+03 3.66294616e+01
v 6.24206554e+03 5.18403839e+03 3.66542032e+01
v 6.24564061e+03 5.18642179e+03 3.68130500e+01
v 6.24610868e+03 5.18588039e+03 3.67439588e+01
v 6.24559650e+03 5.18333965e+03 3.67905193e+01
v 6.24176287e+03 5.18465629e+03 3.70992985e+01
v 6.24238474e+03 5.18481977e+03 3.55943664e+01
v 6.24704799e+03 5.18662443e+03 3.37258339e+01
v 6.24728128e+03 5.18620869e+03 3.42693302e+01
v 6.24477948e+03 5.18742208e+03 3.62216283e+01
v 6.24487147e+03 5.18711011e+03 3.56291934e+01
v 6.25000000e+03 5.18125761e+03 3.40884884e+01
v 6.24873254e+03 5.18274369e+03 3.54699742e+01
v 6.24867696e+03 5.18312245e+03 3.59416483e+01
v 6.24909475e+03 5.18384330e+03 3.57896974e+01
v 6.24928323e+03 5.18329082e+03 3.55910649e+01
v 6.24518182e+03 5.18131429e+03 3.58711070e+01
v 6.24187289e+03 5.18491733e+03 3.56502730e+01
v 6.24194372e+03 5.18136110e+03 3.68580608e+01
v 6.24496639e+03 5.18235227e+03 3.68236493e+01
v 6.24516099e+03 5.17677430e+03 3.36599189e+01
v 6.24838269e+03 5.18366983e+03 3.61794162e+01
v 6.24915430e+03 5.18283148e+03 3.51936403e+01
v 6.24938641e+03 5.18263830e+03 3.46295674e+01
v 6.24716586e+03 5.18305685e+03 3.58994893e+01
v 6.24938966e+03 5.18047054e+03 3.37224855e+01
v 6.24839133e+03 5.17802040e+03 3.29787150e+01
v 6.24681604e+03 5.17673743e+03 3.29748132e+01
v 6.24903630e+03 5.18283860e+03 3.35054141e+01
v 6.25000000e+03 5.18148625e+03 3.41368622e+01
v 6.24937121e+03 5.18233070e+03 3.30862279e+01
v 6.25000000e+03 5.18152236e+03 3.29996220e+01
v 6.25000000e+03 5.18148027e+03 3.33219242e+01
v 6.25000000e+03 5.18153520e+03 3.29562111e+01
v 6.25000000e+03 5.18032198e+03 3.36004763e+01
v 6.24955891e+03 5.18300089e+03 3.30374014e+01
v 6.25000000e+03 5.18238321e+03 3.29635145e+01
v 6.25000000e+03 5.18204868e+03 3.29707604e+01
v 6.24907781e+03 5.18383985e+03 3.30238650e+01
v 6.24451901e+03 5.18255663e+03 3.67739418e+01
v 6.24353995e+03 5.18241591e+03 3.68579482e+01
v 6.24296516e+03 5.18067335e+03 3.67621577e+01
v 6.24112133e+03 5.17933185e+03 3.69994253e+01
v 6.24336018e+03 5.17438443e+03 3.17840251e+01
v 6.24462663e+03 5.17457528e+03 3.21140774e+01
v 6.24029959e+03 5.17212393e+03 3.11440543e+01
v 6.24166803e+03 5.17264489e+03 3.21128887e+01
v 6.24066539e+03 5.17162011e+03 3.23619860e+01
v 6.24313501e+03 5.17424295e+03 3.10027707e+01
v 6.24289020e+03 5.17372248e+03 3.21720310e+01
v 6.24630506e+03 5.17525575e+03 3.22350819e+01
v 6.24621910e+03 5.17536762e+03 3.13911205e+01
v 6.24603628e+03 5.17486924e+03 3.22691376e+01
v 6.24559275e+03 5.17451002e+03 3.21719987e+01
v 6.24410414e+03 5.17449208e+03 3.26107069e+01
v 6.24658208e+03 5.17693647e+03 3.21180946e+01
v 6.24698075e+03 5.17686066e+03 3.27272552e+01
v 6.24707902e+03 5.17723547e+03 3.22218646e+01
v 6.24629381e+03 5.17618963e+03 3.24474862e+01
v 6.24608774e+03 5.17584333e+03 3.16390060e+01
v 6.24949777e+03 5.17923626e+03 3.15405121e+01
v 6.24874322e+03 5.17870819e+03 3.21315893e+01
v 6.25000000e+03 5.17929570e+03 3.27457676e+01
v 6.24799221e+03 5.17769408e+03 3.26847399e+01
v 6.25000000e+03 5.18089705e+03 3.39063463e+01
v 6.25000000e+03 5.18076944e+03 3.38263088e+01
v 6.24598043e+03 5.17577218e+03 3.26310430e+01
v 6.24458469e+03 5.17480865e+03 3.29202898e+01
v 6.24245648e+03 5.17301616e+03 3.29661107e+01
v 6.24805101e+03 5.18539914e+03 3.32937288e+01
v 6.24815313e+03 5.18554641e+03 3.30262746e+01
v 6.24701454e+03 5.18712797e+03 3.36711734e+01
v 6.24688381e+03 5.18728704e+03 3.40784624e+01
v 6.24905401e+03 5.18704678e+03 3.29168851e+01
v 6.24753098e+03 5.18619126e+03 3.34809237e+01
v 6.24871285e+03 5.18682907e+03 3.34314874e+01
v 6.24883171e+03 5.18643419e+03 3.30091743e+01
v 6.24986265e+03 5.18447941e+03 3.28407529e+01
v 6.25000000e+03 5.17970517e+03 3.31919942e+01
v 6.25000000e+03 5.18291531e+03 3.29635121e+01
v 6.25000000e+03 5.18684639e+03 3.28718151e+01
v 6.25000000e+03 5.18645138e+03 3.28568797e+01
v 6.25000000e+03 5.18395888e+03 3.28556738e+01
v 6.25000000e+03 5.16971368e+03 1.18925029e+01
v 6.25000000e+03 5.17992689e+03 1.25829619e+01
v 6.25000000e+03 5.15714719e+03 1.20665958e+01
v 6.25000000e+03 5.17949065e+03 3.17246636e+01
v 6.25000000e+03 5.17954784e+03 2.77026955e+01
v 6.25000000e+03 5.17952573e+03 2.49964590e+01
v 6.25000000e+03 5.17951467e+03 2.44330177e+01
v 6.25000000e+03 5.18153233e+03 3.29576699e+01
v 6.25000000e+03 5.18048835e+03 3.36704189e+01
v 6.25000000e+03 5.18015745e+03 3.34879179e+01
v 6.25000000e+03 5.17949923e+03 3.20246577e+01
v 6.25000000e+03 5.18153715e+03 3.29561068e+01
v 6.25000000e+03 5.18366650e+03 3.28561427e+01
v 6.25000000e+03 5.18381783e+03 3.28538970e+01
v 6.25000000e+03 5.18561394e+03 3.28308594e+01
v 6.25000000e+03 5.17944579e+03 1.60469370e+01
v 6.25000000e+03 5.17935184e+03 1.69187337e+01
v 6.25000000e+03 5.17941478e+03 2.00974909e+01
v 6.25000000e+03 5.17967739e+03 1.45785734e+01
v 6.25000000e+03 5.17846007e+03 1.19973964e+01
v 6.25000000e+03 5.16344323e+03 1.21475078e+01
v 6.21862500e+03 5.18298507e+03 3.38951097e+01
v 6.21862500e+03 5.18271393e+03 3.37319313e+01
v 6.21862500e+03 5.18384180e+03 3.67136712e+01
v 6.21862500e+03 5.18351062e+03 3.66179665e+01
v 6.21862500e+03 5.18262538e+03 2.76006523e+01
v 6.21862500e+03 5.18254944e+03 2.76392440e+01
v 6.21862500e+03 5.18699469e+03 3.76407269e+01
v 6.21862500e+03 5.18520041e+03 3.71058912e+01
v 6.21862500e+03 5.18322524e+03 3.64040891e+01
v 6.21862500e+03 5.18336813e+03 3.65825610e+01
v 6.21862500e+03 5.18301959e+03 3.59482270e+01
v 6.21862500e+03 5.18214929e+03 3.35245423e+01
v 6.21862500e+03 5.18315426e+03 3.44671205e+01
v 6.21862500e+03 5.18323772e+03 3.46798769e+01
v 6.21862500e+03 5.18245034e+03 3.31604646e+01
v 6.21862500e+03 5.18244404e+03 3.12911807e+01
v 6.21862500e+03 5.18263102e+03 3.16980299e+01
v 6.21862500e+03 5.18310685e+03 3.55068596e+01
v 6.21862500e+03 5.18253406e+03 2.22430482e+01
v 6.21862500e+03 5.18255861e+03 2.26046372e+01
v 6.21862500e+03 5.18258287e+03 2.14266135e+01
v 6.21862500e+03 5.18234926e+03 2.37209400e+01
v 6.21862500e+03 5.18233709e+03 2.40380273e+01
v 6.21862500e+03 5.18252122e+03 2.45686199e+01
v 6.21862500e+03 5.18258923e+03 2.59807610e+01
v 6.21862500e+03 5.18240577e+03 3.04140653e+01
v 6.21862500e+03 5.18239752e+03 3.09524860e+01
v 6.21862500e+03 5.18258214e+03 2.88426170e+01
v 6.21862500e+03 5.18251003e+03 2.76019712e+01
v 6.21862500e+03 5.18249125e+03 2.75321306e+01
v 6.21862500e+03 5.18232939e+03 2.70445381e+01
v 6.21862500e+03 5.18197805e+03 1.35960213e+01
v 6.21862500e+03 5.18163463e+03 1.32828710e+01
v 6.21862500e+03 5.15671218e+03 1.24658659e+01
v 6.21862500e+03 5.17104152e+03 1.25958784e+01
v 6.21862500e+03 5.17101384e+03 1.26009136e+01
v 6.21862500e+03 5.16472008e+03 1.25619919e+01
v 6.21862500e+03 5.16565458e+03 1.26003105e+01
v 6.21862500e+03 5.18256451e+03 1.51669309e+01
v 6.21862500e+03 5.18261855e+03 1.59969589e+01
v 6.21862500e+03 5.18260023e+03 1.39926169e+01
v 6.21862500e+03 5.17297086e+03 1.27095570e+01
v 6.21862500e+03 5.17234596e+03 1.28407142e+01
v 6.21862500e+03 5.18219349e+03 1.36615109e+01
v 6.21862500e+03 5.18257721e+03 1.39662853e+01
v 6.21862500e+03 5.18114699e+03 1.32141298e+01
v 6.21862500e+03 5.17939286e+03 1.32287410e+01
v 6.21862500e+03 5.17884561e+03 1.31679744e+01
v 6.21862500e+03 5.17322731e+03 1.26315716e+01
v 6.21862500e+03 5.17590025e+03 1.28203851e+01
v 6.21862500e+03 5.18257493e+03 1.77286152e+01
v 6.21862500e+03 5.18241205e+03 1.73806787e+01
v 6.21862500e+03 5.18254614e+03 1.81012027e+01
v 6.21862500e+03 5.18256527e+03 1.91242600e+01
v 6.21862500e+03 5.18252096e+03 2.01004110e+01
v 6.21862500e+03 5.18237635e+03 2.09325862e+01
v 6.21862500e+03 5.16468003e+03 1.25619318e+01
v 6.21862500e+03 5.16325599e+03 1.27496092e+01
v 6.21862500e+03 5.16311098e+03 1.27543600e+01
v 6.21862500e+03 5.16457655e+03 1.25797489e+01
v 6.21862500e+03 5.16280993e+03 1.26933707e+01
v 6.21862500e+03 5.16842135e+03 1.26680550e+01
v 6.21862500e+03 5.17145747e+03 1.26384864e+01
v 6.21862500e+03 5.17607269e+03 1.28349826e+01
v 6.21862500e+03 5.17612763e+03 1.28518869e+01
v 6.21862500e+03 5.16837970e+03 1.26641760e+01
v 6.21862500e+03 5.17669896e+03 1.29175000e+01
v 6.21862500e+03 5.15803307e+03 1.24280363e+01
v 6.21862500e+03 5.16117048e+03 1.24419549e+01
v 6.21862500e+03 5.16170659e+03 1.24247131e+01
v 6.21862500e+03 5.15772491e+03 1.24302110e+01
v 6.21862500e+03 5.15776629e+03 1.24347807e+01
v 6.21862500e+03 5.15767813e+03 1.24250560e+01
v 6.21862500e+03 5.16627593e+03 1.26015435e+01
v 6.21862500e+03 5.16831753e+03 1.26643628e+01
v 6.21862500e+03 5.16820939e+03 1.26596048e+01
v 6.21862500e+03 5.16812937e+03 1.26621459e+01
v 6.21862500e+03 5.18249473e+03 3.24724535e+01
v 6.21862500e+03 5.18255986e+03 1.70158471e+01
v 6.21933358e+03 5.15612500e+03 1.23672886e+01
v 6.22035935e+03 5.15612500e+03 1.23227598e+01
v 6.21995960e+03 5.15612500e+03 1.23380972e+01
v 6.22253320e+03 5.15612500e+03 1.23367311e+01
v 6.22387949e+03 5.15612500e+03 1.23295408e+01
v 6.22504500e+03 5.15612500e+03 1.23456614e+01
v 6.22364083e+03 5.15612500e+03 1.24093175e+01
v 6.22520306e+03 5.15612500e+03 1.23562804e+01
v 6.22611675e+03 5.15612500e+03 1.23292820e+01
v 6.22698483e+03 5.15612500e+03 1.23788088e+01
v 6.22809491e+03 5.15612500e+03 1.22813296e+01
v 6.22933529e+03 5.15612500e+03 1.22566831e+01
v 6.22536311e+03 5.15612500e+03 1.23544748e+01
v 6.23140506e+03 5.15612500e+03 1.21232734e+01
v 6.23123796e+03 5.15612500e+03 1.21231419e+01
v 6.22760637e+03 5.15612500e+03 1.22796102e+01
v 6.23636805e+03 5.15612500e+03 1.21788743e+01
v 6.23606500e+03 5.15612500e+03 1.21685856e+01
v 6.23156804e+03 5.15612500e+03 1.21066124e+01
v 6.23301702e+03 5.15612500e+03 1.21279644e+01
v 6.23586493e+03 5.15612500e+03 1.21669105e+01
v 6.24021172e+03 5.15612500e+03 1.22403230e+01
v 6.23980336e+03 5.15612500e+03 1.22510525e+01
v 6.22276909e+03 5.15612500e+03 1.23406794e+01
v 6.22261641e+03 5.15612500e+03 1.23239267e+01
v 6.24049891e+03 5.15612500e+03 1.22988242e+01
v 6.24815592e+03 5.15612500e+03 1.21353699e+01
v 6.24779122e+03 5.15612500e+03 1.20924282e+01
v 6.25000000e+03 5.15612500e+03 1.20713622e+01
v 6.24686844e+03 5.15612500e+03 1.22119223e+01
v 6.24359123e+03 5.15612500e+03 1.23369511e+01
v 6.24283507e+03 5.15612500e+03 1.23265788e+01
v 6.24207180e+03 5.15612500e+03 1.23245876e+01
v 6.25000000e+03 5.15612500e+03 1.20697890e+01
v 6.21862500e+03 5.15612500e+03 1.24340383e+01
v 6.21929056e+03 5.18762500e+03 3.81302933e+01
v 6.21956825e+03 5.18762500e+03 3.82683533e+01
v 6.22104184e+03 5.18762500e+03 3.94180272e+01
v 6.22194904e+03 5.18762500e+03 4.02078405e+01
v 6.22148685e+03 5.18762500e+03 3.96326654e+01
v 6.21943775e+03 5.18762500e+03 3.81970094e+01
v 6.22632932e+03 5.18762500e+03 4.04306130e+01
v 6.22659910e+03 5.18762500e+03 4.00795971e+01
v 6.23516897e+03 5.18762500e+03 3.37525481e+01
v 6.23472714e+03 5.18762500e+03 3.36343144e+01
v 6.22434696e+03 5.18762500e+03 4.06328807e+01
v 6.22456816e+03 5.18762500e+03 4.05859516e+01
v 6.22986815e+03 5.18762500e+03 3.53196885e+01
v 6.23000259e+03 5.18762500e+03 3.52870087e+01
v 6.22536482e+03 5.18762500e+03 4.02378133e+01
v 6.22525471e+03 5.18762500e+03 4.03821137e+01
v 6.23381051e+03 5.18762500e+03 3.30770424e+01
v 6.23473842e+03 5.18762500e+03 3.28834503e+01
v 6.23664265e+03 5.18762500e+03 3.33847900e+01
v 6.23748679e+03 5.18762500e+03 3.35053675e+01
v 6.22536852e+03 5.18762500e+03 3.94582997e+01
v 6.22534526e+03 5.18762500e+03 3.84206695e+01
v 6.22590879e+03 5.18762500e+03 3.73135801e+01
v 6.22590361e+03 5.18762500e+03 3.68609878e+01
v 6.22589516e+03 5.18762500e+03 3.85859117e+01
v 6.22569995e+03 5.18762500e+03 3.93980530e+01
v 6.22663230e+03 5.18762500e+03 3.73058327e+01
v 6.22663563e+03 5.18762500e+03 3.70801677e+01
v 6.22217510e+03 5.18762500e+03 4.04649213e+01
v 6.22256739e+03 5.18762500e+03 4.06093351e+01
v 6.22663803e+03 5.18762500e+03 3.60342697e+01
v 6.22682383e+03 5.18762500e+03 3.58097122e+01
v 6.23373332e+03 5.18762500e+03 3.32085069e+01
v 6.23367000e+03 5.18762500e+03 3.30412119e+01
v 6.23364512e+03 5.18762500e+03 3.29828617e+01
v 6.23362342e+03 5.18762500e+03 3.28929782e+01
v 6.22537781e+03 5.18762500e+03 3.94749375e+01
v 6.23440249e+03 5.18762500e+03 1.89135856e+01
v 6.23429823e+03 5.18762500e+03 1.92357476e+01
v 6.23346052e+03 5.18762500e+03 2.69403185e+01
v 6.23368476e+03 5.18762500e+03 2.69047835e+01
v 6.23332804e+03 5.18762500e+03 3.21741971e+01
v 6.23092677e+03 5.18762500e+03 3.43604097e+01
v 6.23145790e+03 5.18762500e+03 3.41911821e+01
v 6.23326342e+03 5.18762500e+03 3.12505934e+01
v 6.23330750e+03 5.18762500e+03 3.18466609e+01
v 6.23839903e+03 5.18762500e+03 3.39090323e+01
v 6.23910638e+03 5.18762500e+03 3.40051757e+01
v 6.23837096e+03 5.18762500e+03 3.38887655e+01
v 6.23838717e+03 5.18762500e+03 3.38994921e+01
v 6.23495568e+03 5.18762500e+03 3.23884658e+01
v 6.23623889e+03 5.18762500e+03 3.35430166e+01
v 6.23569989e+03 5.18762500e+03 3.36433997e+01
v 6.23494262e+03 5.18762500e+03 3.19336745e+01
v 6.23923426e+03 5.18762500e+03 3.39556222e+01
v 6.23931089e+03 5.18762500e+03 3.39228400e+01
v 6.22659406e+03 5.18762500e+03 3.69170909e+01
v 6.22801181e+03 5.18762500e+03 3.55304501e+01
v 6.22839263e+03 5.18762500e+03 3.54120052e+01
v 6.22585739e+03 5.18762500e+03 3.83812461e+01
v 6.22654262e+03 5.18762500e+03 3.62021524e+01
v 6.22587877e+03 5.18762500e+03 3.77231266e+01
v 6.22577408e+03 5.18762500e+03 3.65839834e+01
v 6.22513207e+03 5.18762500e+03 3.67293741e+01
v 6.22514120e+03 5.18762500e+03 3.66781173e+01
v 6.22565029e+03 5.18762500e+03 3.97117975e+01
v 6.22536973e+03 5.18762500e+03 3.96530950e+01
v 6.22297102e+03 5.18762500e+03 4.06587982e+01
v 6.22649244e+03 5.18762500e+03 3.90991374e+01
v 6.22512809e+03 5.18762500e+03 3.67922665e+01
v 6.22376047e+03 5.18762500e+03 4.04950870e+01
v 6.22582934e+03 5.18762500e+03 4.03725732e+01
v 6.22622520e+03 5.18762500e+03 4.04943901e+01
v 6.22204547e+03 5.18762500e+03 4.04027520e+01
v 6.22567065e+03 5.18762500e+03 4.03062299e+01
v 6.22483716e+03 5.18762500e+03 4.06091009e+01
v 6.22661781e+03 5.18762500e+03 4.00380153e+01
v 6.23335097e+03 5.18762500e+03 2.91553009e+01
v 6.23334641e+03 5.18762500e+03 2.89970436e+01
v 6.23056792e+03 5.18762500e+03 3.46314926e+01
v 6.23008544e+03 5.18762500e+03 3.52512224e+01
v 6.23387637e+03 5.18762500e+03 3.35203649e+01
v 6.23243710e+03 5.18762500e+03 3.39081546e+01
v 6.23255553e+03 5.18762500e+03 3.38603702e+01
v 6.23365252e+03 5.18762500e+03 3.36002590e+01
v 6.23309573e+03 5.18762500e+03 3.39638324e+01
v 6.22714957e+03 5.18762500e+03 3.56594867e+01
v 6.23006362e+03 5.18762500e+03 3.52819751e+01
v 6.22745604e+03 5.18762500e+03 3.55681738e+01
v 6.23438316e+03 5.18762500e+03 2.55783225e+01
v 6.23445835e+03 5.18762500e+03 2.60055076e+01
v 6.23441934e+03 5.18762500e+03 2.92173814e+01
v 6.23434113e+03 5.18762500e+03 2.91411128e+01
v 6.23324540e+03 5.18762500e+03 2.59726306e+01
v 6.23332959e+03 5.18762500e+03 2.68224321e+01
v 6.23368015e+03 5.18762500e+03 2.17409444e+01
v 6.23378264e+03 5.18762500e+03 2.18573882e+01
v 6.23344058e+03 5.18762500e+03 2.49982037e+01
v 6.23363161e+03 5.18762500e+03 2.50620196e+01
v 6.23320566e+03 5.18762500e+03 2.53537205e+01
v 6.23331509e+03 5.18762500e+03 2.35530036e+01
v 6.23326072e+03 5.18762500e+03 2.28696937e+01
v 6.23341967e+03 5.18762500e+03 2.19930770e+01
v 6.23464636e+03 5.18762500e+03 2.22440140e+01
v 6.23442173e+03 5.18762500e+03 2.19258717e+01
v 6.23328987e+03 5.18762500e+03 2.20907446e+01
v 6.23409863e+03 5.18762500e+03 2.18061663e+01
v 6.23332723e+03 5.18762500e+03 2.36252603e+01
v 6.23332615e+03 5.18762500e+03 2.36810947e+01
v 6.23466157e+03 5.18762500e+03 2.23203764e+01
v 6.23418420e+03 5.18762500e+03 2.53531478e+01
v 6.23367703e+03 5.18762500e+03 2.35193021e+01
v 6.23336959e+03 5.18762500e+03 2.37624555e+01
v 6.23345157e+03 5.18762500e+03 2.90875766e+01
v 6.23345786e+03 5.18762500e+03 2.91412164e+01
v 6.23317747e+03 5.18762500e+03 3.00963205e+01
v 6.23322479e+03 5.18762500e+03 3.04540780e+01
v 6.23490097e+03 5.18762500e+03 2.97419991e+01
v 6.23490953e+03 5.18762500e+03 2.97743298e+01
v 6.23491706e+03 5.18762500e+03 2.98092880e+01
v 6.23440937e+03 5.18762500e+03 2.63247522e+01
v 6.23413009e+03 5.18762500e+03 1.97523639e+01
v 6.23367605e+03 5.18762500e+03 2.01104496e+01
v 6.23422736e+03 5.18762500e+03 1.52407183e+01
v 6.23443271e+03 5.18762500e+03 1.53208687e+01
v 6.23361948e+03 5.18762500e+03 1.51477656e+01
v 6.23417579e+03 5.18762500e+03 1.62969387e+01
v 6.23455407e+03 5.18762500e+03 1.58002229e+01
v 6.23460175e+03 5.18762500e+03 1.55893073e+01
v 6.23331485e+03 5.18762500e+03 2.03399725e+01
v 6.23328758e+03 5.18762500e+03 1.97177215e+01
v 6.23338868e+03 5.18762500e+03 1.87570922e+01
v 6.23402154e+03 5.18762500e+03 1.87658959e+01
v 6.23334639e+03 5.18762500e+03 1.57171856e+01
v 6.23323557e+03 5.18762500e+03 1.59216839e+01
v 6.23342467e+03 5.18762500e+03 1.68490715e+01
v 6.23325046e+03 5.18762500e+03 1.64684039e+01
v 6.23353091e+03 5.18762500e+03 1.69674716e+01
v 6.23321291e+03 5.18762500e+03 1.59998071e+01
v 6.23323627e+03 5.18762500e+03 1.62502733e+01
v 6.22562822e+03 5.18762500e+03 3.64876036e+01
v 6.23333318e+03 5.18762500e+03 3.19858475e+01
v 6.23487371e+03 5.18762500e+03 3.16418916e+01
v 6.23496472e+03 5.18762500e+03 3.14257365e+01
v 6.23403500e+03 5.18762500e+03 2.30343016e+01
v 6.23323717e+03 5.18762500e+03 2.51184731e+01
v 6.23371791e+03 5.18762500e+03 2.91826735e+01
v 6.23358829e+03 5.18762500e+03 1.87708673e+01
v 6.23378851e+03 5.18762500e+03 1.66796140e+01
v 6.24665974e+03 5.18762500e+03 3.45233258e+01
v 6.24701509e+03 5.18762500e+03 3.41187595e+01
v 6.24713048e+03 5.18762500e+03 3.40032299e+01
v 6.24578043e+03 5.18762500e+03 3.67310652e+01
v 6.24598126e+03 5.18762500e+03 3.62364020e+01
v 6.24724127e+03 5.18762500e+03 3.38045225e+01
v 6.24777869e+03 5.18762500e+03 3.35125793e+01
v 6.24962202e+03 5.18762500e+03 3.28646015e+01
v 6.24928234e+03 5.18762500e+03 3.28506094e+01
v 6.24078845e+03 5.18762500e+03 3.42419171e+01
v 6.24079439e+03 5.18762500e+03 3.42624926e+01
v 6.24829870e+03 5.18762500e+03 3.32106936e+01
v 6.24798526e+03 5.18762500e+03 3.34805053e+01
v 6.24446843e+03 5.18762500e+03 3.53812919e+01
v 6.24461312e+03 5.18762500e+03 3.55088139e+01
v 6.24404607e+03 5.18762500e+03 3.50462293e+01
v 6.24033648e+03 5.18762500e+03 3.41447012e+01
v 6.24788729e+03 5.18762500e+03 3.34854295e+01
v 6.24861518e+03 5.18762500e+03 3.28943830e+01
v 6.24906083e+03 5.18762500e+03 3.28956305e+01
v 6.25000000e+03 5.18762500e+03 3.28787754e+01
v 6.24542784e+03 5.18762500e+03 3.70569114e+01
v 6.24527031e+03 5.18762500e+03 3.70641550e+01
v 6.24488760e+03 5.18762500e+03 3.67893764e+01
v 6.24491798e+03 5.18762500e+03 3.68293377e+01
v 6.24470192e+03 5.18762500e+03 3.63200667e+01
v 6.24628030e+03 5.18762500e+03 3.59741914e+01
v 6.24298785e+03 5.18762500e+03 3.48148404e+01
v 6.24563338e+03 5.18762500e+03 3.69950336e+01
v 6.24645707e+03 5.18762500e+03 3.50081314e+01
v 6.24643089e+03 5.18762500e+03 3.46538580e+01
v 6.24647797e+03 5.18762500e+03 3.58327233e+01
v 6.24465791e+03 5.18762500e+03 3.59704971e+01
v 6.24659038e+03 5.18762500e+03 3.45150135e+01
v 6.24643712e+03 5.18762500e+03 3.45376236e+01
v 6.24178067e+03 5.18762500e+03 3.47809394e+01
v 6.24088888e+03 5.18762500e+03 3.43066836e+01
v 6.21862500e+03 5.18762500e+03 3.78272983e+01
vt 0.055957019 0.65161693
vt 0.049345236 0.68357384
vt 0.022173719 0.66198844
vt 0.02540016 0.65024161
vt 0.062358327 0.67953062
vt 0.0017532845 0.67206764
vt 0.055046793 0.65023184
vt 0.019948306 0.65024322
vt 0.0639349 0.68866873
vt 0.066742346 0.67079908
vt 0.0017531324 0.67142969
vt 0.032967158 0.69961429
vt 0.056181636 0.6502316
vt 0.011410386 0.65024573
vt 0.04572352 0.70328969
vt 0.070151694 0.65022629
vt 0.0017484337 0.65825582
vt 0.0017534188 0.67263198
vt 0.058263805 0.65023077
vt 0.074067265 0.73985219
vt 0.077132829 0.66543674
vt 0.073407412 0.650226
vt 0.0017546687 0.67627031
vt 0.026362447 0.72046375
vt 0.0017461776 0.65024829
vt 0.074911647 0.68755412
vt 0.055392582 0.72104907
vt 0.01132591 0.72290522
vt 0.043290362 0.71836495
vt 0.10917658 0.70344698
vt 0.041158028 0.72945774
vt 0.089302339 0.65022063
vt 0.092592433 0.67550123
vt 0.0017683784 0.7190578
vt 0.013586728 0.73732471
vt 0.11659324 0.74897218
vt 0.024503972 0.74534565
vt 0.001770929 0.72636932
vt 0.0017736385 0.74551916
vt 0.11904336 0.67841882
vt 0.14475165 0.7306757
vt 0.088062398 0.7863242
vt 0.042899404 0.77625763
vt 0.091457695 0.65021986
vt 0.0017729552 0.74141407
vt 0.0017743293 0.74749684
vt 0.15282387 0.69994581
vt 0.13631824 0.78925234
vt 0.11610289 0.7942068
vt 0.010255935 0.7761758
vt 0.0020732167 0.76706553
vt 0.093640558 0.6502192
vt 0.14757805 0.68276799
vt 0.16397837 0.72420907
vt 0.19105688 0.76227415
vt 0.071867779 0.81534839
vt 0.050609313 0.81796759
vt 0.015937675 0.79042041
vt 0.001781962 0.76550812
vt 0.10391885 0.6502161
vt 0.16373472 0.68075758
vt 0.14480135 0.66327202
vt 0.1842842 0.69605863
vt 0.17002565 0.73403305
vt 0.11534355 0.83198422
vt 0.16696897 0.78334522
vt 0.075477622 0.84569395
vt 0.0017975884 0.81652635
vt 0.0017827842 0.76746565
vt 0.0017971613 0.81505167
vt 0.0017865056 0.7802099
vt 0.0017826079 0.76691949
vt 0.12268065 0.65401626
vt 0.16117316 0.67130405
vt 0.1382601 0.82523113
vt 0.20411734 0.79802579
vt 0.15818259 0.8166309
vt 0.19768138 0.72625667
vt 0.001797865 0.81737423
vt 0.0017967809 0.81396019
vt 0.0017892369 0.78868389
vt 0.11575714 0.65021181
vt 0.17321597 0.68117172
vt 0.13089731 0.65020776
vt 0.17604229 0.65019459
vt 0.10193085 0.84718698
vt 0.13390934 0.83829808
vt 0.23005261 0.78431898
vt 0.18749949 0.80553162
vt 0.16623713 0.80548167
vt 0.23290151 0.75127679
vt 0.052430693 0.84719181
vt 0.12423468 0.6502099
vt 0.19382621 0.68482161
vt 0.19654746 0.67392874
vt 0.1478136 0.65020251
vt 0.17376344 0.65019536
vt 0.20791817 0.70893854
vt 0.11124532 0.84573156
vt 0.09628167 0.85894799
vt 0.14362872 0.82886279
vt 0.12651914 0.83943486
vt 0.22363497 0.79658383
vt 0.20989537 0.81284964
vt 0.23067218 0.72239375
vt 0.082093418 0.87653279
vt 0.0017980079 0.81794226
vt 0.2015503 0.6975311
vt 0.1782652 0.65019405
vt 0.11690086 0.83648223
vt 0.093221217 0.8648839
vt 0.15878552 0.82036257
vt 0.25758663 0.7714203
vt 0.23887244 0.80161309
vt 0.18144681 0.81490004
vt 0.25267747 0.72216129
vt 0.059951205 0.91038644
vt 0.029945498 0.84506333
vt 0.21546076 0.68707085
vt 0.19802602 0.65018737
vt 0.23740563 0.68859613
vt 0.098906875 0.86584949
vt 0.25901681 0.74755681
vt 0.22796619 0.81518161
vt 0.2481706 0.70304489
vt 0.024141259 0.8904078
vt 0.078070827 0.89387888
vt 0.092383355 0.87448251
vt 0.03267191 0.86252844
vt 0.00181017 0.8532989
vt 0.23930839 0.65111732
vt 0.26925078 0.7452243
vt 0.2423445 0.8138448
vt 0.22269292 0.81853348
vt 0.26400807 0.71962416
vt 0.042766687 0.92100233
vt 0.085618041 0.88032961
vt 0.014843582 0.851376
vt 0.0018103456 0.85367644
vt 0.23686501 0.65017444
vt 0.25245619 0.6834029
vt 0.27600315 0.79255086
vt 0.23275691 0.82080901
vt 0.23462144 0.8264733
vt 0.26672101 0.70331699
vt 0.26970941 0.72536242
vt 0.052076083 0.92360693
vt 0.0018294264 0.91993713
vt 0.014896705 0.87987274
vt 0.23959357 0.65017354
vt 0.26207888 0.69386566
vt 0.28877133 0.79191649
vt 0.25907192 0.81800318
vt 0.27131096 0.71345305
vt 0.2809484 0.71664548
vt 0.27676293 0.7331723
vt 0.04850769 0.93633097
vt 0.0018300333 0.92228872
vt 0.0018196214 0.88348567
vt 0.0018176624 0.87998754
vt 0.28245598 0.67486823
vt 0.2437264 0.65017211
vt 0.27432549 0.68713975
vt 0.29236642 0.76677179
vt 0.28251827 0.8097024
vt 0.27400789 0.69909602
vt 0.2800132 0.74186671
vt 0.035553239 0.93585247
vt 0.0018135123 0.87146401
vt 0.0018117311 0.85934877
vt 0.298493 0.75352257
vt 0.30201781 0.77634054
vt 0.29549554 0.79609168
vt 0.26073214 0.82546121
vt 0.28970307 0.73430812
vt 0.043340694 0.944013
vt 0.0018300968 0.92303783
vt 0.29023251 0.69305778
vt 0.29057604 0.65015626
vt 0.31223059 0.7596404
vt 0.29927209 0.78994024
vt 0.3202821 0.77593827
vt 0.29729205 0.80578458
vt 0.24961925 0.81782866
vt 0.27321601 0.83428544
vt 0.28412327 0.70264691
vt 0.28925517 0.72524762
vt 0.037100196 0.94803303
vt 0.0090976479 0.96464729
vt 0.29739603 0.67877579
vt 0.29614526 0.65015453
vt 0.30748171 0.7403776
vt 0.3050665 0.78488666
vt 0.31570137 0.78911698
vt 0.31068468 0.81492269
vt 0.2981362 0.82041734
vt 0.30680272 0.79985249
vt 0.25802469 0.82945126
vt 0.26262748 0.83726549
vt 0.29009387 0.70753431
vt 0.29396009 0.73262644
vt 0.035289299 0.95824778
vt 0.0018319249 0.93082893
vt 0.30006951 0.68971539
vt 0.29856232 0.66295493
vt 0.32298067 0.75556791
vt 0.32902369 0.79609799
vt 0.28731093 0.84766829
vt 0.29462078 0.71602046
vt 0.0018387518 0.96010238
vt 0.30402076 0.68368304
vt 0.30320078 0.69812834
vt 0.30572084 0.67291385
vt 0.30738357 0.66339898
vt 0.29899424 0.70353454
vt 0.31846055 0.73819637
vt 0.33050698 0.76953661
vt 0.34815022 0.8003993
vt 0.30241913 0.82872736
vt 0.33012176 0.81741387
vt 0.29831812 0.72883904
vt 0.027866593 0.96366084
vt 0.001840525 0.96756524
vt 0.31807971 0.68428898
vt 0.31907439 0.69766349
vt 0.30006129 0.65015274
vt 0.30691218 0.73181212
vt 0.3269937 0.74284071
vt 0.35023981 0.77492923
vt 0.33469841 0.76306164
vt 0.33997285 0.80947047
vt 0.31866902 0.83096838
vt 0.33179745 0.83409745
vt 0.31506279 0.86253333
vt 0.32130948 0.72107971
vt 0.029126268 0.96860939
vt 0.020735163 0.97120291
vt 0.0018484275 0.99148792
vt 0.30864924 0.67828417
vt 0.33104819 0.68366116
vt 0.32151186 0.65014553
vt 0.32914513 0.72971547
vt 0.35210377 0.81802005
vt 0.35925314 0.78972459
vt 0.32104769 0.84674805
vt 0.34156001 0.82519126
vt 0.31043682 0.8722229
vt 0.0076847211 0.99272794
vt 0.32450542 0.68818235
vt 0.34219682 0.713682
vt 0.33192122 0.65014213
vt 0.34218356 0.75093174
vt 0.35113257 0.75945556
vt 0.37152487 0.81759733
vt 0.36166751 0.77082717
vt 0.35889626 0.84728384
vt 0.32522899 0.87706095
vt 0.36034536 0.87002212
vt 0.013706173 0.99035102
vt 0.0018498527 0.99813759
vt 0.33547348 0.69912446
vt 0.34223363 0.65013874
vt 0.34272549 0.737481
vt 0.36582828 0.82598054
vt 0.36630601 0.83686042
vt 0.37564185 0.78013712
vt 0.39777994 0.82090628
vt 0.35443923 0.71057141
vt 0.38597101 0.69366121
vt 0.35158798 0.74827397
vt 0.3695738 0.75916612
vt 0.37868866 0.83525145
vt 0.3740845 0.78890216
vt 0.39183259 0.83059239
vt 0.34628686 0.8938424
vt 0.36771333 0.85556716
vt 0.34773508 0.69680882
vt 0.38692904 0.65012538
vt 0.38328764 0.78210109
vt 0.40713939 0.84777975
vt 0.37520683 0.84883636
vt 0.36462954 0.89954662
vt 0.32774094 0.89186126
vt 0.37369087 0.86087656
vt 0.37384909 0.71026099
vt 0.39951512 0.6501224
vt 0.39017385 0.83765686
vt 0.40421513 0.79481804
vt 0.42361158 0.85927445
vt 0.39921653 0.84654212
vt 0.3848083 0.84502566
vt 0.34807625 0.89946651
vt 0.38517907 0.87833005
vt 0.34341142 0.90068275
vt 0.37881055 0.85689318
vt 0.38041264 0.86985743
vt 0.40424639 0.65888178
vt 0.39983031 0.70777839
vt 0.38891178 0.73954034
vt 0.40977851 0.7555449
vt 0.41528603 0.85889035
vt 0.42970175 0.8408792
vt 0.42969728 0.82686245
vt 0.3785328 0.9117977
vt 0.3278484 0.89710796
vt 0.40448844 0.65012038
vt 0.40881756 0.69670522
vt 0.41662791 0.73186088
vt 0.41328865 0.7852143
vt 0.42072657 0.86573213
vt 0.42970356 0.84552777
vt 0.42969242 0.81635725
vt 0.4033291 0.88396484
vt 0.39965829 0.88936627
vt 0.36169088 0.9143362
vt 0.33873761 0.90712625
vt 0.42964906 0.68312508
vt 0.42967701 0.76852214
vt 0.42968467 0.79298389
vt 0.42245334 0.87845731
vt 0.42970821 0.85769022
vt 0.42969033 0.80732399
vt 0.41702694 0.89124167
vt 0.38603106 0.92875385
vt 0.42963839 0.65011281
vt 0.42965728 0.71437311
vt 0.42966771 0.74077141
vt 0.42966992 0.74991727
vt 0.41784292 0.87458813
vt 0.42972249 0.89788353
vt 0.40321013 0.93369675
vt 0.36425856 0.92426658
vt 0.42966554 0.73407692
vt 0.42966649 0.73655009
vt 0.42971665 0.88344139
vt 0.41235834 0.88221025
vt 0.42972332 0.90186369
vt 0.42972693 0.91602254
vt 0.3959972 0.93540508
vt 0.35741293 0.92092037
vt 0.37424532 0.93098468
vt 0.42973092 0.93382174
vt 0.38343006 0.93538725
vt 0.40357244 0.95243436
vt 0.42973331 0.94145101
vt 0.4158693 0.95694
vt 0.41786683 0.96546066
vt 0.42973784 0.95471638
vt 0.42974183 0.96559149
vt 0.42974061 0.97163171
vt 0.23658144 0.62440431
vt 0.20547087 0.61178756
vt 0.26396015 0.60952759
vt 0.26297 0.62169558
vt 0.21121922 0.62087303
vt 0.18671556 0.57735276
vt 0.27831715 0.62443513
vt 0.18535778 0.62453949
vt 0.26375043 0.55304891
vt 0.17974348 0.60640645
vt 0.30527523 0.62704349
vt 0.17514569 0.62345916
vt 0.234328 0.5399645
vt 0.32329255 0.60502195
vt 0.1645419 0.59415472
vt 0.32703996 0.62583673
vt 0.20348762 0.54357523
vt 0.30080393 0.52414739
vt 0.3666546 0.5502609
vt 0.16728106 0.61228347
vt 0.15176605 0.56885254
vt 0.17334469 0.541686
vt 0.21389191 0.51849973
vt 0.26294959 0.52062219
vt 0.40561929 0.61544633
vt 0.33794862 0.63123775
vt 0.14951701 0.59940618
vt 0.1987388 0.51545155
vt 0.23941161 0.51971269
vt 0.34269249 0.52778351
vt 0.37243843 0.63077867
vt 0.45103189 0.55995011
vt 0.11292407 0.56570655
vt 0.1483687 0.53922212
vt 0.17223608 0.51479447
vt 0.36835879 0.52618402
vt 0.41176966 0.63474721
vt 0.41766229 0.53519094
vt 0.44527927 0.62008226
vt 0.38703111 0.53277659
vt 0.36135772 0.51321507
vt 0.45213583 0.54320925
vt 0.46536866 0.56639445
vt 0.12197267 0.54012275
vt 0.1484378 0.51859957
vt 0.36801484 0.51534396
vt 0.45241097 0.63156569
vt 0.44864881 0.53583986
vt 0.45599046 0.55017161
vt 0.46229488 0.56116551
vt 0.46219018 0.60164601
vt 0.13834015 0.52756685
vt 0.095901124 0.55701405
vt 0.4608812 0.62723732
vt 0.44738293 0.6422739
vt 0.45739266 0.55273378
vt 0.46120718 0.55922163
vt 0.46821356 0.59769797
vt 0.46472025 0.60925031
vt 0.11227883 0.5392704
vt 0.45616269 0.63924313
vt 0.4588111 0.55506217
vt 0.46571025 0.6192621
vt 0.46445 0.63705975
vt 0.45957467 0.65417689
vt 0.47373801 0.60433829
vt 0.47609401 0.61334586
vt 0.60876006 0.8822909
vt 0.61160684 0.85509741
vt 0.64188981 0.85726905
vt 0.64654708 0.88305724
vt 0.58923203 0.86403757
vt 0.60397089 0.83492172
vt 0.64700615 0.91716957
vt 0.67187703 0.86625814
vt 0.57457691 0.88398254
vt 0.59471816 0.85256016
vt 0.60669863 0.82386607
vt 0.66648722 0.88475001
vt 0.58525103 0.90942305
vt 0.66876471 0.88059521
vt 0.65647417 0.85654122
vt 0.57453984 0.86900681
vt 0.58162504 0.8577342
vt 0.59669626 0.82965338
vt 0.63357389 0.80256128
vt 0.59273338 0.84600735
vt 0.67935276 0.89245999
vt 0.59721339 0.9289605
vt 0.67353719 0.87338549
vt 0.66822928 0.83569443
vt 0.56636006 0.89598572
vt 0.56620878 0.88203865
vt 0.59998506 0.82102972
vt 0.62291485 0.79256797
vt 0.65419084 0.81117433
vt 0.69401199 0.89922285
vt 0.62548202 0.97413278
vt 0.57878232 0.91736418
vt 0.69385231 0.87235749
vt 0.68931609 0.86021543
vt 0.5649488 0.88848484
vt 0.57176507 0.90530932
vt 0.56500322 0.87136233
vt 0.58166105 0.84782684
vt 0.63848317 0.78229958
vt 0.69349438 0.8899529
vt 0.7094897 0.94040358
vt 0.68820357 0.96447474
vt 0.59038085 0.93252701
vt 0.6806044 0.8104248
vt 0.69426954 0.83146882
vt 0.55104256 0.90497446
vt 0.55677575 0.90861082
vt 0.54910612 0.89794457
vt 0.63066822 0.77583885
vt 0.66119337 0.79438269
vt 0.70231962 0.89400434
vt 0.67659914 0.88003683
vt 0.71873635 0.91867149
vt 0.65002292 0.98221874
vt 0.58469051 0.93163073
vt 0.55922407 0.93001443
vt 0.70278597 0.8751682
vt 0.7173813 0.87015522
vt 0.6997962 0.88326359
vt 0.69452888 0.88020217
vt 0.7175287 0.93767488
vt 0.70235497 0.82483882
vt 0.71158993 0.84193283
vt 0.53073019 0.9353435
vt 0.54035294 0.93681782
vt 0.70586842 0.88253003
vt 0.73253751 0.90789533
vt 0.69082814 0.87531424
vt 0.72607696 0.93813175
vt 0.57385999 0.94936341
vt 0.71403158 0.83464783
vt 0.72661388 0.85596412
vt 0.5204826 0.93515629
vt 0.53771204 0.95739079
vt 0.73219562 0.9190678
vt 0.55917662 0.95017511
vt 0.75170106 0.8988722
vt 0.7345767 0.85182732
vt 0.74139428 0.872774
vt 0.52141446 0.95145434
vt 0.52794456 0.95311141
vt 0.54777169 0.96350574
vt 0.72583425 0.92456079
vt 0.75190884 0.93003041
vt 0.51835132 0.96311229
vt 0.54162186 0.96727145
vt 0.52177477 0.96672779
vt 0.78041351 0.93924326
vt 0.73207521 0.92855942
vt 0.75373536 0.94139314
vt 0.55499208 0.96303743
vt 0.7659632 0.88646728
vt 0.75203598 0.86441934
vt 0.50160968 0.96791542
vt 0.54715109 0.96964252
vt 0.53632998 0.9788456
vt 0.77094811 0.90424097
vt 0.77278584 0.94429511
vt 0.75863355 0.87388575
vt 0.51044798 0.9716711
vt 0.54500818 0.9775492
vt 0.51323158 0.97707945
vt 0.794833 0.92001331
vt 0.77678406 0.95134985
vt 0.76825583 0.95353591
vt 0.78622675 0.8939482
vt 0.55405855 0.98197001
vt 0.5288533 0.99267161
vt 0.81617284 0.91905481
vt 0.79900897 0.93428552
vt 0.78843719 0.94702029
vt 0.55210435 0.9857955
vt 0.54488248 0.99023455
vt 0.80948162 0.92211461
vt 0.82560462 0.93382335
vt 0.80954766 0.95201206
vt 0.8408426 0.94537199
vt 0.79733193 0.97188604
vt 0.83727646 0.95786083
vt 0.81795341 0.97884095
vt 0.78229231 0.96278423
vt 0.82749939 0.96986115
vt 0.81110233 0.98544896
vt 0.77571881 0.98064357
vt 0.80245078 0.99795789
vt 0.78662241 0.99796534
vt 0.80876565 0.99795246
vt 0.76856327 0.99797153
vt 0.5652138 0.74366283
vt 0.57067692 0.72923386
vt 0.57824337 0.74288821
vt 0.60049492 0.7313813
vt 0.58700794 0.71642709
vt 0.59796816 0.73754501
vt 0.60058182 0.71490109
vt 0.56814909 0.71295369
vt 0.60488188 0.74447846
vt 0.60964215 0.7314564
vt 0.58064699 0.70590806
vt 0.56068504 0.70823419
vt 0.60164917 0.74783075
vt 0.61701953 0.70348966
vt 0.60151345 0.70147884
vt 0.56563658 0.69832438
vt 0.56029594 0.7237767
vt 0.61612594 0.74423432
vt 0.63181025 0.71585226
vt 0.56965148 0.68279445
vt 0.55838501 0.74247265
vt 0.55104727 0.70972759
vt 0.62350708 0.73568231
vt 0.62012136 0.74564946
vt 0.61266881 0.68774599
vt 0.65539873 0.70472229
vt 0.59924817 0.68856013
vt 0.54846931 0.74636215
vt 0.5426144 0.720644
vt 0.56081504 0.69237435
vt 0.63492417 0.68491983
vt 0.64867902 0.71693432
vt 0.64853591 0.73196286
vt 0.58753479 0.66920257
vt 0.5473308 0.73952782
vt 0.51201946 0.7088716
vt 0.53739095 0.69217646
vt 0.56231725 0.68074369
vt 0.65726674 0.74089086
vt 0.61669147 0.65594482
vt 0.59998983 0.66701233
vt 0.65222359 0.66696829
vt 0.66392738 0.72521508
vt 0.5681172 0.66223252
vt 0.59731925 0.67630804
vt 0.53380603 0.74501538
vt 0.5357179 0.73533094
vt 0.52749342 0.71984148
vt 0.55286294 0.65544331
vt 0.62635314 0.66224563
vt 0.60810095 0.67092544
vt 0.6356985 0.66866601
vt 0.66316944 0.66126448
vt 0.67355275 0.69942117
vt 0.58878356 0.65388763
vt 0.51040143 0.71841204
vt 0.51348096 0.66887546
vt 0.53924823 0.67157704
vt 0.62614685 0.63946748
vt 0.64103359 0.65798604
vt 0.68265313 0.72685176
vt 0.68876177 0.73532927
vt 0.56575471 0.63892865
vt 0.52408427 0.74174231
vt 0.50370806 0.71458286
vt 0.50931287 0.73582971
vt 0.5252893 0.66490781
vt 0.50408947 0.70180452
vt 0.61129391 0.62657011
vt 0.60047543 0.63947845
vt 0.68945909 0.69674408
vt 0.64821678 0.63566738
vt 0.69015324 0.70626318
vt 0.58185482 0.63178849
vt 0.55130333 0.64038706
vt 0.51554453 0.74548829
vt 0.50185072 0.72063065
vt 0.50417042 0.70962596
vt 0.50266725 0.66156769
vt 0.50234067 0.67908508
vt 0.52098066 0.65294373
vt 0.62375879 0.61295164
vt 0.68057799 0.65111697
vt 0.66501397 0.62613404
vt 0.69202638 0.7210387
vt 0.71261305 0.72889018
vt 0.56802517 0.6182555
vt 0.53876483 0.63085806
vt 0.55672139 0.62871253
vt 0.5032028 0.73179185
vt 0.50305867 0.66099775
vt 0.50191331 0.66106069
vt 0.60006672 0.61838686
vt 0.61307734 0.61019599
vt 0.64200127 0.6168623
vt 0.704965 0.70862627
vt 0.67891955 0.61936808
vt 0.69145101 0.6557641
vt 0.65833575 0.61499053
vt 0.72479856 0.73532093
vt 0.58573574 0.61734855
vt 0.50663114 0.7468406
vt 0.5036425 0.74176222
vt 0.50324523 0.65996903
vt 0.51447284 0.62319267
vt 0.61388934 0.59557241
vt 0.6407935 0.60727143
vt 0.71397692 0.69109136
vt 0.69829404 0.64666021
vt 0.70175415 0.67205191
vt 0.66562641 0.60088372
vt 0.7464813 0.72738057
vt 0.54988182 0.60932052
vt 0.58013707 0.60712516
vt 0.50485313 0.65276533
vt 0.50227481 0.63748568
vt 0.52846187 0.61813736
vt 0.59962803 0.59865284
vt 0.6252529 0.58956474
vt 0.72413945 0.71087027
vt 0.69149786 0.62406284
vt 0.71709305 0.66224003
vt 0.70832783 0.66624725
vt 0.68188828 0.60035163
vt 0.74288046 0.73542708
vt 0.59567291 0.61002427
vt 0.56933385 0.59988719
vt 0.53447831 0.60714936
vt 0.50295234 0.61690813
vt 0.50706315 0.60844272
vt 0.61026514 0.57122236
vt 0.59911007 0.58635128
vt 0.64085358 0.58339441
vt 0.71755749 0.67610717
vt 0.73837143 0.68565339
vt 0.69429886 0.60646868
vt 0.71502328 0.63000083
vt 0.73761988 0.65771472
vt 0.66695529 0.57537997
vt 0.77375424 0.73434478
vt 0.56885439 0.58732355
vt 0.58039242 0.58942902
vt 0.53538519 0.58716929
vt 0.50478142 0.60906345
vt 0.6166513 0.55981839
vt 0.62635553 0.56292737
vt 0.68766785 0.58769119
vt 0.712439 0.60191602
vt 0.76827884 0.72330606
vt 0.76130217 0.70020056
vt 0.55888647 0.57914937
vt 0.51053011 0.59180552
vt 0.50466108 0.60446244
vt 0.60192376 0.55877233
vt 0.60046887 0.56891
vt 0.63830024 0.56726146
vt 0.7385456 0.60410404
vt 0.65597022 0.56802434
vt 0.69533998 0.55917948
vt 0.78474516 0.72148329
vt 0.76209247 0.67863429
vt 0.57111096 0.57099825
vt 0.56401592 0.56527674
vt 0.5528971 0.56640983
vt 0.52614897 0.57231802
vt 0.50258422 0.5883832
vt 0.59930885 0.53729856
vt 0.62068683 0.54721898
vt 0.58532661 0.56886625
vt 0.6436078 0.55663943
vt 0.75930065 0.66050422
vt 0.75631022 0.62745273
vt 0.66029805 0.55218625
vt 0.68673193 0.54900479
vt 0.7093969 0.58179021
vt 0.77362931 0.70624894
vt 0.79472315 0.73356128
vt 0.77839148 0.68555921
vt 0.53882933 0.57289916
vt 0.51351756 0.57314497
vt 0.50282854 0.58310914
vt 0.61072499 0.53162533
vt 0.57893753 0.55688512
vt 0.7645635 0.59935147
vt 0.6708554 0.55586928
vt 0.70837307 0.55216372
vt 0.78366905 0.69923806
vt 0.77110988 0.65548337
vt 0.78252894 0.67319977
vt 0.55032575 0.55097151
vt 0.53214562 0.5587548
vt 0.51410365 0.5601691
vt 0.60003465 0.52529585
vt 0.58572042 0.54050934
vt 0.63135368 0.53736186
vt 0.76485038 0.64502752
vt 0.73331666 0.56987154
vt 0.7781896 0.60470957
vt 0.64704698 0.54340148
vt 0.70621157 0.52902657
vt 0.56845558 0.54348356
vt 0.50234509 0.57127488
vt 0.61636806 0.50449204
vt 0.62798578 0.50898427
vt 0.78165531 0.62598848
vt 0.76102418 0.58001179
vt 0.78685659 0.5994249
vt 0.68537384 0.52901822
vt 0.65246809 0.51924342
vt 0.73195392 0.5318104
vt 0.78739446 0.6466065
vt 0.53747976 0.54615986
vt 0.5608955 0.53254497
vt 0.5043965 0.56394583
vt 0.59869391 0.50779092
vt 0.5942564 0.51965976
vt 0.56645352 0.51836693
vt 0.63531041 0.51963407
vt 0.7602272 0.55579484
vt 0.78309298 0.5835098
vt 0.66668266 0.5194242
vt 0.69301313 0.51171684
vt 0.72752148 0.51117527
vt 0.51250476 0.53854156
vt 0.50296199 0.55195105
vt 0.5912872 0.48924887
vt 0.62950611 0.49296421
vt 0.77062833 0.55911016
vt 0.78310156 0.57387614
vt 0.67649734 0.50216258
vt 0.65351713 0.5041461
vt 0.75463504 0.52399039
vt 0.53713793 0.52011591
vt 0.54869074 0.50826639
vt 0.52550411 0.51402223
vt 0.60022759 0.48434669
vt 0.57322556 0.49284756
vt 0.78425056 0.5409385
vt 0.66674852 0.48711371
vt 0.69175971 0.49164516
vt 0.75987822 0.50638258
vt 0.51378781 0.52299392
vt 0.50252354 0.53779173
vt 0.5845226 0.48057407
vt 0.57307124 0.47968847
vt 0.61516511 0.4791593
vt 0.65194923 0.48703098
vt 0.67427117 0.48779958
vt 0.72323221 0.47702414
vt 0.75345057 0.4785583
vt 0.77304852 0.51643324
vt 0.56259125 0.48758477
vt 0.51052964 0.50908583
vt 0.50242984 0.51750934
vt 0.50271517 0.52290535
vt 0.5964601 0.47623742
vt 0.62339979 0.46866041
vt 0.65311617 0.46957505
vt 0.66384006 0.47174555
vt 0.74047089 0.47816187
vt 0.68910539 0.46878886
vt 0.7867707 0.490354
vt 0.78248453 0.52130693
vt 0.5407908 0.48815966
vt 0.52482516 0.49292117
vt 0.58176595 0.46702677
vt 0.56486177 0.47036058
vt 0.60952204 0.46728402
vt 0.63374954 0.46936178
vt 0.68144125 0.46715665
vt 0.73128784 0.46967816
vt 0.71061838 0.4651317
vt 0.7797972 0.47678882
vt 0.75022465 0.46638882
vt 0.54776818 0.46273792
vt 0.51022196 0.49341494
vt 0.50404769 0.51233518
vt 0.60156095 0.46140432
vt 0.60983235 0.4617545
vt 0.62739033 0.45786101
vt 0.65273142 0.4591319
vt 0.67259878 0.44498801
vt 0.72561359 0.46337247
vt 0.68398547 0.4462083
vt 0.69960928 0.45195347
vt 0.71779019 0.4563486
vt 0.76498497 0.4675923
vt 0.53473759 0.46990442
vt 0.52442449 0.46834034
vt 0.56696373 0.45228499
vt 0.59325826 0.45088369
vt 0.61765361 0.459261
vt 0.6630522 0.4456352
vt 0.73534834 0.46006775
vt 0.70828199 0.44245189
vt 0.77676517 0.46789205
vt 0.75864279 0.45750362
vt 0.526712 0.45413154
vt 0.50258064 0.5071367
vt 0.50343144 0.46365881
vt 0.58362454 0.45376366
vt 0.60531467 0.4505285
vt 0.55459988 0.45404935
vt 0.621099 0.44314182
vt 0.64440882 0.4458251
vt 0.71943909 0.43837839
vt 0.7269575 0.44793689
vt 0.74587995 0.44162244
vt 0.77263129 0.44645303
vt 0.75961798 0.44521773
vt 0.54615217 0.45195699
vt 0.50199944 0.49236631
vt 0.51035362 0.45947069
vt 0.50253743 0.48026121
vt 0.63248086 0.44659299
vt 0.64728475 0.44089979
vt 0.5062238 0.45811176
vt 0.50218457 0.46321499
vt 0.73141098 0.43795753
vt 0.76391792 0.43880832
vt 0.52027428 0.45150769
vt 0.50241321 0.46281582
vt 0.50836307 0.45700628
vt 0.76616454 0.43615431
vt 0.51177353 0.45220917
vt 0.10538052 0.37397856
vt 0.10226306 0.36703068
vt 0.12521721 0.37568843
vt 0.10712959 0.4000662
vt 0.091117717 0.37287462
vt 0.14145038 0.38276851
vt 0.087617964 0.36889166
vt 0.18662055 0.4061836
vt 0.086382896 0.39136362
vt 0.077418469 0.37461424
vt 0.19116777 0.38714916
vt 0.15681392 0.44658905
vt 0.098295711 0.42649251
vt 0.076168805 0.38351834
vt 0.18057077 0.38181388
vt 0.19765233 0.39887494
vt 0.17776914 0.46553707
vt 0.070802219 0.40469384
vt 0.066235885 0.37833881
vt 0.20046042 0.38203228
vt 0.1975835 0.42704481
vt 0.13226646 0.49069834
vt 0.11080993 0.48224932
vt 0.057709977 0.45049202
vt 0.025124049 0.39642102
vt 0.21353063 0.38046014
vt 0.21063571 0.40817529
vt 0.16095026 0.49438781
vt 0.1942132 0.48036557
vt 0.0379561 0.41023457
vt 0.051345635 0.37526917
vt 0.22009638 0.39946902
vt 0.22550078 0.41296351
vt 0.1013225 0.49213922
vt 0.17718053 0.48690546
vt 0.22651975 0.45422298
vt 0.0094388053 0.44017094
vt 0.010850515 0.41231912
vt 0.031998459 0.37474632
vt 0.24838351 0.40090698
vt 0.18418126 0.4981268
vt 0.23444258 0.47907084
vt 0.054832168 0.48559201
vt 0.017055579 0.48584002
vt 0.010200113 0.39508849
vt 0.014967935 0.38108808
vt 0.25112733 0.38345838
vt 0.2677148 0.41532165
vt 0.22342733 0.49145234
vt 0.2468797 0.47901249
vt 0.19328921 0.48984557
vt 0.0063850703 0.47135919
vt 0.011455551 0.38421327
vt 0.022282666 0.37587482
vt 0.26357946 0.45805258
vt 0.23745357 0.49088925
vt 0.001776268 0.47686267
vt 0.0037983232 0.46530187
vt 0.29180062 0.41597122
vt 0.22936431 0.49556422
vt 0.24771699 0.49444795
vt 0.25424111 0.47969306
vt 0.0064138006 0.48377603
vt 0.26939535 0.38641322
vt 0.29792997 0.3967362
vt 0.88964307 0.91006655
vt 0.90802187 0.93088329
vt 0.88644218 0.93469435
vt 0.91138661 0.90125376
vt 0.88007551 0.94691497
vt 0.9353804 0.92822975
vt 0.88503754 0.88985026
vt 0.90438414 0.9459573
vt 0.94263482 0.91690439
vt 0.89549547 0.88852364
vt 0.8863821 0.95988387
vt 0.93969643 0.88133442
vt 0.9126333 0.95872557
vt 0.90506256 0.87197369
vt 0.90481764 0.886455
vt 0.93357617 0.96671426
vt 0.88248366 0.86917055
vt 0.90656996 0.97140062
vt 0.88946146 0.86501199
vt 0.8885352 0.98080713
vt 0.92527616 0.85690749
vt 0.93691784 0.97984791
vt 0.90934569 0.85891014
vt 0.90410668 0.98335248
vt 0.95162207 0.86839437
vt 0.88539046 0.84977537
vt 0.89571941 0.99355721
vt 0.94362706 0.84818101
vt 0.90932739 0.8398844
vt 0.92032492 0.99376237
vt 0.9041279 0.99795806
vt 0.94150746 0.8246637
vt 0.93607348 0.99633658
vt 0.8873443 0.84004551
vt 0.92624712 0.80352211
vt 0.92359954 0.99738431
vt 0.88622612 0.80938137
vt 0.93630689 0.79154396
vt 0.90270108 0.80564594
vt 0.91892374 0.78620195
vt 0.90665859 0.78801346
vt 0.9358232 0.77119935
vt 0.88628072 0.79008681
vt 0.9079898 0.76736122
vt 0.88855404 0.76138109
vt 0.91390914 0.75464869
vt 0.92946422 0.75075459
vt 0.88581282 0.74693859
vt 0.90838754 0.74133247
vt 0.93661571 0.76129597
vt 0.92852259 0.74106538
vt 0.95213139 0.76088762
vt 0.88769656 0.73692364
vt 0.92600173 0.73326284
vt 0.93641037 0.73870993
vt 0.95992303 0.74882472
vt 0.89955139 0.7251308
vt 0.91005337 0.72655559
vt 0.89282227 0.71501559
vt 0.92393345 0.72559154
vt 0.93676108 0.73170543
vt 0.94894999 0.72711706
vt 0.8858037 0.71568096
vt 0.90047455 0.71517515
vt 0.90975529 0.71494877
vt 0.91493607 0.72265303
vt 0.96736169 0.74557203
vt 0.90085679 0.71095526
vt 0.92029738 0.71987224
vt 0.93191051 0.71740234
vt 0.94218063 0.72052073
vt 0.95854282 0.71856105
vt 0.8768605 0.70629138
vt 0.91696519 0.71485758
vt 0.92561215 0.71477723
vt 0.94959086 0.7166878
vt 0.97127867 0.73820329
vt 0.90671635 0.70861161
vt 0.93020338 0.71005321
vt 0.94368905 0.70973563
vt 0.95637256 0.70550704
vt 0.96579093 0.71564031
vt 0.97151852 0.70761323
vt 0.1634496 0.27187759
vt 0.14424242 0.24501681
vt 0.16530383 0.25211495
vt 0.18584736 0.24889183
vt 0.13392556 0.25714195
vt 0.16497618 0.23339248
vt 0.17253889 0.28590685
vt 0.13561021 0.29275995
vt 0.16616607 0.22463441
vt 0.18745269 0.23799473
vt 0.19599506 0.28583783
vt 0.16315006 0.30357707
vt 0.13685679 0.22411358
vt 0.20118079 0.25098288
vt 0.18642949 0.3004787
vt 0.12993231 0.30373257
vt 0.15127087 0.2160247
vt 0.18611221 0.20187205
vt 0.22169603 0.22344607
vt 0.22275466 0.2702561
vt 0.20176618 0.315036
vt 0.1752774 0.33176804
vt 0.14064717 0.31860626
vt 0.13493815 0.20040077
vt 0.16283287 0.20475292
vt 0.19656667 0.2189154
vt 0.22386767 0.23915845
vt 0.21887757 0.24800855
vt 0.22106977 0.28936827
vt 0.21793449 0.30591923
vt 0.16236378 0.34578031
vt 0.12834357 0.34213102
vt 0.14349289 0.20523244
vt 0.17792125 0.1922372
vt 0.19552891 0.18972826
vt 0.24602586 0.23919898
vt 0.22999908 0.26001281
vt 0.23497085 0.2861169
vt 0.22008508 0.33589906
vt 0.17185496 0.36306787
vt 0.14022736 0.33797467
vt 0.18609372 0.16275769
vt 0.21821989 0.19620001
vt 0.23027036 0.21486324
vt 0.23095961 0.24891347
vt 0.22914112 0.30605972
vt 0.24017346 0.29755342
vt 0.20117012 0.34183621
vt 0.22349268 0.3276425
vt 0.1873568 0.34451389
vt 0.15477358 0.35920876
vt 0.14813016 0.34821051
vt 0.1649953 0.1763314
vt 0.23439457 0.19191563
vt 0.24272928 0.21304888
vt 0.24212559 0.2559889
vt 0.24882323 0.27692962
vt 0.25189507 0.29320782
vt 0.22211166 0.35958791
vt 0.25053474 0.33750135
vt 0.18740244 0.35915911
vt 0.14779291 0.37243199
vt 0.13043194 0.35532671
vt 0.12904716 0.16655594
vt 0.20158805 0.15255529
vt 0.16342258 0.15986973
vt 0.21842882 0.17032182
vt 0.23564376 0.20130116
vt 0.25375813 0.22630227
vt 0.2533204 0.2522887
vt 0.25081119 0.32835257
vt 0.23557858 0.34645516
vt 0.20042679 0.36460555
vt 0.17204806 0.37100148
vt 0.1674574 0.13884234
vt 0.23106 0.16554141
vt 0.25101033 0.19794548
vt 0.27176738 0.23718852
vt 0.27441013 0.29001296
vt 0.23450491 0.36390114
vt 0.20952897 0.37227404
vt 0.25440311 0.36040831
vt 0.27497616 0.33366382
vt 0.12682174 0.37110746
vt 0.14216785 0.1577757
vt 0.17697927 0.12781161
vt 0.22139816 0.14778829
vt 0.14371006 0.13719082
vt 0.25337854 0.17859745
vt 0.27798408 0.19114375
vt 0.27259469 0.27161497
vt 0.18613404 0.37293029
vt 0.12845737 0.14611351
vt 0.20475411 0.13697058
vt 0.16135435 0.12395531
vt 0.15443017 0.12658036
vt 0.23101974 0.15235245
vt 0.24244931 0.15792394
vt 0.28660229 0.20765197
vt 0.2862125 0.25669324
vt 0.28564274 0.31515199
vt 0.26591855 0.37248981
vt 0.23109022 0.37145203
vt 0.2770274 0.3612923
vt 0.22546762 0.13020194
vt 0.16425325 0.11673671
vt 0.24886893 0.14713019
vt 0.26846036 0.16995019
vt 0.29845768 0.18992013
vt 0.305011 0.22277439
vt 0.29977313 0.2349388
vt 0.2995882 0.28399438
vt 0.28695506 0.29674542
vt 0.30081677 0.33469707
vt 0.28446186 0.34489733
vt 0.20402686 0.11572164
vt 0.1810855 0.1054492
vt 0.27499938 0.14462906
vt 0.29043764 0.16863835
vt 0.30585992 0.19932956
vt 0.30547082 0.2126801
vt 0.30388775 0.2463392
vt 0.30358332 0.27147812
vt 0.30450952 0.30215198
vt 0.30310351 0.3195622
vt 0.29664519 0.36763495
vt 0.28807867 0.35577559
vt 0.21912664 0.10331124
vt 0.16515386 0.086287796
vt 0.30548587 0.17461115
vt 0.30678341 0.33677936
vt 0.30491334 0.34662169
vt 0.30452201 0.37202197
vt 0.19572599 0.092564285
vt 0.23676464 0.095911026
vt 0.21073738 0.08907783
vt 0.17948802 0.084799349
vt 0.25739107 0.12721133
vt 0.29314613 0.14668471
vt 0.30274877 0.36102784
vt 0.18638296 0.093654454
vt 0.20322044 0.095973551
vt 0.22178788 0.088460326
vt 0.24284261 0.090209186
vt 0.20614454 0.093752801
vt 0.29737395 0.13435608
vt 0.30189535 0.14487714
vt 0.31268138 0.34719557
vt 0.31194538 0.3624866
vt 0.18834402 0.08748883
vt 0.20251995 0.086714447
vt 0.21396147 0.081641674
vt 0.25229719 0.10040766
vt 0.28935528 0.11500865
vt 0.30751544 0.14691424
vt 0.3146255 0.33507466
vt 0.31985316 0.3638773
vt 0.24824488 0.083582759
vt 0.24764746 0.085795641
vt 0.26169506 0.10468996
vt 0.26953059 0.11047924
vt 0.30027568 0.10981667
vt 0.30538166 0.12952483
vt 0.31120184 0.30547214
vt 0.3279331 0.34193099
vt 0.25314689 0.088961124
vt 0.2921572 0.096858263
vt 0.29509598 0.098446488
vt 0.31337345 0.13243437
vt 0.32553127 0.32131386
vt 0.26216212 0.089071333
vt 0.26807731 0.099497855
vt 0.30142519 0.091843247
vt 0.31118581 0.090045452
vt 0.31540072 0.1196658
vt 0.31307828 0.14027983
vt 0.32436195 0.30957752
vt 0.35728225 0.32674867
vt 0.26262739 0.081661761
vt 0.27849948 0.09149754
vt 0.29521096 0.084612668
vt 0.33551371 0.11688679
vt 0.32986543 0.13403064
vt 0.32291323 0.15121055
vt 0.32674977 0.29823977
vt 0.34119141 0.3047123
vt 0.3472532 0.34140527
vt 0.27477628 0.089051545
vt 0.29357055 0.091787636
vt 0.30760205 0.082262576
vt 0.29257923 0.089384615
vt 0.32117137 0.10798883
vt 0.31060922 0.17439914
vt 0.30950302 0.29251713
vt 0.33341086 0.30299896
vt 0.35357609 0.34060597
vt 0.35837257 0.31251395
vt 0.32279417 0.089841425
vt 0.35052076 0.13065088
vt 0.34381831 0.10691518
vt 0.33999902 0.15128136
vt 0.32110363 0.17235279
vt 0.31770915 0.28948349
vt 0.33441073 0.2933923
vt 0.36140624 0.33894795
vt 0.3475371 0.29532266
vt 0.36207506 0.32773793
vt 0.3170656 0.081463814
vt 0.33284044 0.087049782
vt 0.34881777 0.11209941
vt 0.35829788 0.13768864
vt 0.32782069 0.15419513
vt 0.31704262 0.19033724
vt 0.31487221 0.27152997
vt 0.32870021 0.29460502
vt 0.36772916 0.30852038
vt 0.32449046 0.082606256
vt 0.35532206 0.11512834
vt 0.35991788 0.12841582
vt 0.34752563 0.093670309
vt 0.35382685 0.10384864
vt 0.34901682 0.15112418
vt 0.32675368 0.16355461
vt 0.30792323 0.19294649
vt 0.32572603 0.18887776
vt 0.32823387 0.27553439
vt 0.34130877 0.2846548
vt 0.36239716 0.2953704
vt 0.36471468 0.32383633
vt 0.33659744 0.082113922
vt 0.36437681 0.12599188
vt 0.3624351 0.14549685
vt 0.32984275 0.1734789
vt 0.30984142 0.20746773
vt 0.32624197 0.20566034
vt 0.32885346 0.26678044
vt 0.33300486 0.28840774
vt 0.35014197 0.28458184
vt 0.3724035 0.29292822
vt 0.38145518 0.31006747
vt 0.36566764 0.11405337
vt 0.37141767 0.10863233
vt 0.36366716 0.14431822
vt 0.34649894 0.086487651
vt 0.35521537 0.09370625
vt 0.33133385 0.16304964
vt 0.35171589 0.18328053
vt 0.34057221 0.19737971
vt 0.3371149 0.26238155
vt 0.32380733 0.26250678
vt 0.33326662 0.29599148
vt 0.36288241 0.29275423
vt 0.36855483 0.28199923
vt 0.36919585 0.33246356
vt 0.39557344 0.1447919
vt 0.33070251 0.1559729
vt 0.34670988 0.1635524
vt 0.31064853 0.22205848
vt 0.34865415 0.2729646
vt 0.33018816 0.25150704
vt 0.31011042 0.24732143
vt 0.32692045 0.25011104
vt 0.38148421 0.28444195
vt 0.38545489 0.29390198
vt 0.40319183 0.33225864
vt 0.37334606 0.089153945
vt 0.38318756 0.15410811
vt 0.35587633 0.087759554
vt 0.31487063 0.23824978
vt 0.35915881 0.18253684
vt 0.36058292 0.19368267
vt 0.34157524 0.25737268
vt 0.35806808 0.28430426
vt 0.37737814 0.27304661
vt 0.39867002 0.29821318
vt 0.3812255 0.34571314
vt 0.40451741 0.11072797
vt 0.37728903 0.09716928
vt 0.39514193 0.154486
vt 0.3619149 0.15255678
vt 0.34755084 0.15533125
vt 0.32588893 0.23053336
vt 0.35909739 0.17697889
vt 0.35550785 0.25989968
vt 0.35718384 0.27815628
vt 0.33672693 0.24727178
vt 0.40350735 0.28033525
vt 0.40453205 0.31104332
vt 0.39640108 0.35309225
vt 0.36321747 0.34227389
vt 0.39532256 0.10078824
vt 0.40433243 0.12869823
vt 0.39304334 0.087129772
vt 0.40362516 0.16025895
vt 0.38598958 0.16944742
vt 0.35620192 0.16363525
vt 0.33268481 0.22182679
vt 0.36106363 0.17087394
vt 0.34999985 0.25138384
vt 0.33420563 0.24443412
vt 0.33516929 0.24556828
vt 0.3683739 0.24531454
vt 0.39572349 0.25609589
vt 0.40450999 0.30001003
vt 0.40391096 0.35579544
vt 0.38372409 0.36115485
vt 0.40821132 0.094966173
vt 0.40592402 0.1180138
vt 0.40349409 0.13929892
vt 0.40280676 0.1506651
vt 0.33150649 0.20172447
vt 0.34477445 0.23149359
vt 0.36356837 0.1809873
vt 0.33746615 0.23791665
vt 0.34306455 0.23997754
vt 0.40461892 0.26659864
vt 0.40398797 0.35994792
vt 0.4020496 0.37007737
vt 0.36647928 0.36901468
vt 0.40775424 0.10391158
vt 0.40370923 0.13851929
vt 0.40249118 0.14632797
vt 0.40617666 0.085766196
vt 0.40431124 0.17777443
vt 0.3511661 0.15110791
vt 0.34629384 0.2047205
vt 0.35238683 0.22359449
vt 0.35970941 0.24537224
vt 0.35060552 0.24358386
vt 0.38959751 0.23828328
vt 0.40433908 0.26251405
vt 0.35286346 0.36232221
vt 0.40948749 0.098725557
vt 0.40659517 0.086627781
vt 0.40322599 0.19207704
vt 0.35643321 0.21420825
vt 0.36026356 0.23501593
vt 0.36487857 0.23747426
vt 0.40274802 0.2423501
vt 0.40424228 0.25471157
vt 0.37362134 0.37312728
vt 0.35097042 0.34558094
vt 0.34830731 0.36951232
vt 0.40924335 0.092516661
vt 0.36383399 0.18960661
vt 0.36690468 0.19854134
vt 0.34670022 0.24035847
vt 0.40383425 0.24814987
vt 0.40289894 0.23531866
vt 0.36391246 0.22863275
vt 0.34498379 0.36076593
vt 0.40831596 0.090188384
vt 0.37719879 0.20184612
vt 0.37916693 0.22126347
vt 0.35343093 0.20023865
vt 0.35381898 0.24474043
vt 0.40431526 0.21990627
vt 0.34546292 0.37292051
vt 0.34251109 0.34228987
vt 0.3349753 0.36564147
vt 0.39274389 0.199799
vt 0.35947636 0.24129736
vt 0.39640418 0.21897757
vt 0.40317154 0.1925987
vt 0.36064214 0.19308251
vt 0.32783419 0.36826241
vt 0.32961261 0.35453314
vt 0.40335771 0.19468367
vt 0.40442654 0.21795243
vt 0.32624593 0.36332077
vt 0.33186525 0.34293807
vt 0.40415996 0.21405792
vt 0.20323388 0.90053439
vt 0.23306809 0.90930426
vt 0.20800486 0.91340774
vt 0.23348704 0.9183324
vt 0.2131433 0.91758758
vt 0.20826662 0.92099148
vt 0.21977445 0.85649359
vt 0.21016929 0.87056828
vt 0.20088893 0.85553336
vt 0.22170022 0.86535847
vt 0.22199515 0.86852825
vt 0.22881898 0.86974037
vt 0.45650649 0.82672447
vt 0.45945781 0.81896526
vt 0.47129384 0.8297205
vt 0.46709213 0.81259477
vt 0.47843093 0.82523865
vt 0.49190468 0.82354134
vt 0.23821749 0.96727389
vt 0.22597043 0.97058094
vt 0.22640908 0.96287727
vt 0.21751109 0.96728987
vt 0.21110111 0.96379524
vt 0.20686524 0.96793807
vt 0.45387936 0.8403337
vt 0.44536597 0.86347926
vt 0.446421 0.84868205
vt 0.43927643 0.83758152
vt 0.45566982 0.85648102
vt 0.44501296 0.82182926
vt 0.45709756 0.87238455
vt 0.45643491 0.82028306
vt 0.44276965 0.87511885
vt 0.45344254 0.78981167
vt 0.43973282 0.88733244
vt 0.45721358 0.89985627
vt 0.44395569 0.90019852
vt 0.4545733 0.92767251
vt 0.46171033 0.92693979
vt 0.44172907 0.92829365
vt 0.45656276 0.94938463
vt 0.43901172 0.94127584
vt 0.44300002 0.96192861
vt 0.4569799 0.96412331
vt 0.44785914 0.96918464
vt 0.45255935 0.99804258
vt 0.44054094 0.98119265
vt 0.55082387 0.38084853
vt 0.54206127 0.37565368
vt 0.55605835 0.36949492
vt 0.57501435 0.37474459
vt 0.53839624 0.39530867
vt 0.54467314 0.36033678
vt 0.5770486 0.38366497
vt 0.56261206 0.3619284
vt 0.53024417 0.38630098
vt 0.52908027 0.3709389
vt 0.59203023 0.38193369
vt 0.58920062 0.36027104
vt 0.51273096 0.39645088
vt 0.52019817 0.38185358
vt 0.53121781 0.3540507
vt 0.54339677 0.34964591
vt 0.60042459 0.39149588
vt 0.57794052 0.35141474
vt 0.51577902 0.4147473
vt 0.51222593 0.35117638
vt 0.53749144 0.34778553
vt 0.50963032 0.36164683
vt 0.55127889 0.35106397
vt 0.60088605 0.37170351
vt 0.58121437 0.35237092
vt 0.56550193 0.3517946
vt 0.50215018 0.40056992
vt 0.51198912 0.35126585
vt 0.52515 0.34823471
vt 0.51181579 0.35134757
vt 0.49966422 0.36727667
vt 0.55904293 0.35255951
vt 0.59867162 0.3572107
vt 0.60664737 0.37677354
vt 0.5893594 0.35633367
vt 0.48936513 0.38826883
vt 0.49939632 0.41762364
vt 0.50147426 0.35167688
vt 0.5972569 0.35579348
vt 0.61762255 0.39632958
vt 0.49112341 0.40096629
vt 0.48026448 0.37247121
vt 0.49960381 0.35109305
vt 0.59898913 0.35635233
vt 0.61447614 0.36605138
vt 0.6097132 0.40706319
vt 0.61415052 0.38130707
vt 0.47206727 0.40478468
vt 0.47606069 0.4176172
vt 0.46751067 0.38651419
vt 0.6133095 0.35989612
vt 0.62394553 0.40938443
vt 0.49281293 0.43332529
vt 0.45408115 0.37035871
vt 0.49848303 0.35071349
vt 0.62195468 0.42064625
vt 0.45800227 0.39506477
vt 0.45933318 0.41196769
vt 0.49861133 0.43520677
vt 0.47261009 0.42271888
vt 0.47670257 0.3530795
vt 0.44631127 0.38654393
vt 0.63159674 0.42482555
vt 0.62465036 0.43242729
vt 0.50510484 0.43427682
vt 0.46237981 0.3568846
vt 0.48348954 0.35198361
vt 0.45040807 0.39517438
vt 0.47541428 0.35307604
vt 0.47688198 0.35253799
vt 0.43911815 0.40191102
vt 0.45083344 0.40523052
vt 0.29998055 0.94668198
vt 0.29473251 0.94250673
vt 0.29690713 0.92731863
vt 0.29592559 0.95002383
vt 0.28199708 0.93723202
vt 0.29533675 0.96074003
vt 0.28716642 0.94786203
vt 0.30254048 0.90212035
vt 0.3001692 0.96096236
vt 0.28154019 0.95675564
vt 0.25842839 0.92835295
vt 0.29571718 0.9677493
vt 0.28489539 0.96904713
vt 0.26876372 0.95250177
vt 0.25751317 0.92649454
vt 0.2993772 0.97694433
vt 0.27512681 0.9681229
vt 0.2718845 0.95857561
vt 0.25648099 0.92452496
vt 0.29308641 0.9739126
vt 0.27580342 0.9708035
vt 0.25949219 0.9105472
vt 0.28592244 0.9761036
vt 0.27671254 0.97256964
vt 0.25181356 0.9156065
vt 0.28135079 0.89611071
vt 0.29691875 0.98481804
vt 0.29790199 0.88529682
vt 0.2794635 0.97751206
vt 0.3083778 0.98042077
vt 0.30439785 0.88419533
vt 0.28229371 0.98168594
vt 0.30193654 0.88265991
vt 0.28782851 0.98745459
vt 0.30367237 0.88157845
vt 0.29194111 0.99412555
vt 0.29773962 0.9934029
vt 0.2934919 0.99573213
vt 0.29537809 0.99842358
vt 0.78477716 0.83336085
vt 0.77558726 0.81340098
vt 0.80176812 0.8464359
vt 0.76845104 0.81445044
vt 0.80516744 0.84030008
vt 0.7543819 0.80283386
vt 0.79977101 0.82148933
vt 0.80908906 0.85191208
vt 0.75614113 0.79247761
vt 0.79354089 0.79938084
vt 0.82053131 0.85801101
vt 0.80400085 0.86746699
vt 0.75177288 0.79823554
vt 0.76465809 0.77556026
vt 0.78274989 0.78885382
vt 0.81017727 0.81103247
vt 0.82107097 0.84261668
vt 0.75190991 0.79065633
vt 0.75167924 0.80139494
vt 0.79598266 0.7919535
vt 0.81739348 0.81926286
vt 0.82666999 0.8516292
vt 0.81971657 0.86497277
vt 0.75185919 0.78420019
vt 0.77481306 0.77498639
vt 0.82288831 0.83192569
vt 0.83138549 0.86011928
vt 0.8211993 0.87263727
vt 0.75178492 0.77200288
vt 0.75889766 0.76714706
vt 0.82571691 0.82224596
vt 0.82897121 0.82432485
vt 0.83748472 0.84276581
vt 0.83107781 0.87119418
vt 0.75184089 0.76850414
vt 0.83460468 0.83311832
vt 0.83686793 0.86620063
vt 0.75195593 0.75926751
vt 0.8327713 0.82222247
vt 0.54058784 0.77126658
vt 0.53492761 0.76553875
vt 0.5382753 0.76414865
vt 0.53940517 0.7732327
vt 0.53752428 0.76203096
vt 0.54103947 0.77158886
vt 0.52561998 0.76234245
vt 0.53209966 0.76026893
vt 0.54203737 0.772802
vt 0.51892918 0.76889026
vt 0.53680354 0.75892448
vt 0.54207754 0.77426112
vt 0.51381701 0.78530276
vt 0.51708913 0.75778109
vt 0.54190594 0.77843237
vt 0.53496689 0.78772753
vt 0.49835092 0.78489184
vt 0.5038532 0.75484645
vt 0.52200389 0.79478502
vt 0.50257462 0.79732913
vt 0.50502038 0.75048172
vt 0.54176706 0.78838575
vt 0.53853029 0.79416543
vt 0.47687098 0.75969362
vt 0.49310908 0.80470145
vt 0.4777776 0.7502563
vt 0.54305375 0.79132342
vt 0.53720409 0.8074035
vt 0.50817996 0.80417502
vt 0.46849295 0.76943284
vt 0.4801791 0.7936269
vt 0.54500008 0.7963568
vt 0.54630619 0.80363184
vt 0.46559536 0.75959808
vt 0.47770086 0.78395569
vt 0.50886786 0.8096534
vt 0.54726285 0.80775779
vt 0.46421206 0.75016338
vt 0.46960402 0.78214157
vt 0.460821 0.771842
vt 0.54860097 0.80977052
vt 0.45709994 0.75405002
vt 0.46473277 0.77953929
vt 0.44250101 0.76575112
vt 0.54478258 0.81036943
vt 0.45365897 0.74853873
vt 0.43965799 0.76589066
vt 0.44311365 0.75116044
vt 0.44949898 0.74969679
vt 0.46027589 0.74683768
vt 0.44242939 0.7558071
vt 0.44295382 0.75173223
vt 0.44313797 0.75115293
vt 0.44307798 0.75118744
vt 0.11224668 0.90511042
vt 0.13398604 0.93119019
vt 0.13589154 0.94295418
vt 0.13168094 0.94551098
vt 0.13064241 0.92660195
vt 0.14057703 0.94010073
vt 0.12395464 0.94109201
vt 0.12355357 0.91690797
vt 0.12893425 0.94749957
vt 0.11601163 0.93638891
vt 0.10954268 0.89820194
vt 0.12340962 0.95095563
vt 0.11787446 0.94431573
vt 0.10008395 0.93165094
vt 0.10834872 0.89658475
vt 0.1194815 0.95529133
vt 0.09782327 0.94652849
vt 0.097100481 0.90501058
vt 0.10706764 0.89487422
vt 0.11559179 0.95932764
vt 0.095962241 0.89179516
vt 0.100707 0.88695407
vt 0.11437731 0.96011817
vt 0.11303062 0.96112317
vt 0.099347807 0.96234083
vt 0.10636393 0.96703148
vt 0.84705156 0.68487728
vt 0.84158045 0.68559444
vt 0.842511 0.67984962
vt 0.85275769 0.68028122
vt 0.84463304 0.6717726
vt 0.85392648 0.66295689
vt 0.83570409 0.66590142
vt 0.8607446 0.67061228
vt 0.84071171 0.65694445
vt 0.84047443 0.67415416
vt 0.86434281 0.66423416
vt 0.81546676 0.66062164
vt 0.85612148 0.65137553
vt 0.87712032 0.67154467
vt 0.83469105 0.62960678
vt 0.84545714 0.64354235
vt 0.87674165 0.65744889
vt 0.87287909 0.67477798
vt 0.82576019 0.64176482
vt 0.85486698 0.62874943
vt 0.87617785 0.63495994
vt 0.88523674 0.65747464
vt 0.84107733 0.62672853
vt 0.81445652 0.65591955
vt 0.8755219 0.63316894
vt 0.88337874 0.65216273
vt 0.88794899 0.6639815
vt 0.8471337 0.61867917
vt 0.87522405 0.63244617
vt 0.88944423 0.66821939
vt 0.86132783 0.62244761
vt 0.87511772 0.63192093
vt 0.88365656 0.67619669
vt 0.86269128 0.61099994
vt 0.89103317 0.67321378
vt 0.87101656 0.61438733
vt 0.87276649 0.62086254
vt 0.89193875 0.67734241
vt 0.86842531 0.60694164
vt 0.89040852 0.6802035
vt 0.89240348 0.67994702
vt 0.18505476 0.96083897
vt 0.17832957 0.94794619
vt 0.1955574 0.9525888
vt 0.19477813 0.95523345
vt 0.17370881 0.96662456
vt 0.19522068 0.94353694
vt 0.19182752 0.96101499
vt 0.17027438 0.95258766
vt 0.19560057 0.94480044
vt 0.19559486 0.94222468
vt 0.16368392 0.95465189
vt 0.1647709 0.93402046
vt 0.19544581 0.92861581
vt 0.1956602 0.94238371
vt 0.16275303 0.96158051
vt 0.17500743 0.92074692
vt 0.19322327 0.90717053
vt 0.16737647 0.92090428
vt 0.17874138 0.91420937
vt 0.19393663 0.90845752
vt 0.16067615 0.92677164
vt 0.16591735 0.91234601
vt 0.19396567 0.90759689
vt 0.19355579 0.89397049
vt 0.15835586 0.9180305
vt 0.17211156 0.90603805
vt 0.19403088 0.90685642
vt 0.19747126 0.90109771
vt 0.32003993 0.99819422
vt 0.32272577 0.99273437
vt 0.32307664 0.99300313
vt 0.31792939 0.99848068
vt 0.32328749 0.99237889
vt 0.31542224 0.99171364
vt 0.32189375 0.97789985
vt 0.31798822 0.97470808
vt 0.31419331 0.97286022
vt 0.32349339 0.95051026
vt 0.31458759 0.9514128
vt 0.32242984 0.94624752
vt 0.32353431 0.94705361
vt 0.31464013 0.93685329
vt 0.32306981 0.94452477
vt 0.32144353 0.93375814
vt 0.32250315 0.93353015
vt 0.58038855 0.98464942
vt 0.58886135 0.99457026
vt 0.57592231 0.9960534
vt 0.56995326 0.98855275
vt 0.58903039 0.98939973
vt 0.58413327 0.99812591
vt 0.56969357 0.98084235
vt 0.57072437 0.99500149
vt 0.58583575 0.9740389
vt 0.59950995 0.99025416
vt 0.61415666 0.99738604
vt 0.58071017 0.97430676
vt 0.56787664 0.98857981
vt 0.56810278 0.98926663
vt 0.57189614 0.99647075
vt 0.59439868 0.98112351
vt 0.57440853 0.97420639
vt 0.56649405 0.98218656
vt 0.57672065 0.96721715
vt 0.59833974 0.97861725
vt 0.61356878 0.98364604
vt 0.56583107 0.97340459
vt 0.56616557 0.97834617
vt 0.62613344 0.98641014
vt 0.56475437 0.97074622
vt 0.37261418 0.93744129
vt 0.37413487 0.95132738
vt 0.36720368 0.9506287
vt 0.36714846 0.94395626
vt 0.36687857 0.95664316
vt 0.36574891 0.93978727
vt 0.36664647 0.96632624
vt 0.37185428 0.97208101
vt 0.36705428 0.96936744
vt 0.36523315 0.98322189
vt 0.36494324 0.98120284
vt 0.37445751 0.99010581
vt 0.36135399 0.98324013
vt 0.3712647 0.99405992
vt 0.3614614 0.98211861
vt 0.36440599 0.9857924
vt 0.37327608 0.99686545
vt 0.36137378 0.98473835
vt 0.36634007 0.99564964
vt 0.3646251 0.99456513
vt 0.37061837 0.99771142
vt 0.3432613 0.99609804
vt 0.3367683 0.98875558
vt 0.34492555 0.98575616
vt 0.34246674 0.99810708
vt 0.33895481 0.98006469
vt 0.34313887 0.99736291
vt 0.34489742 0.98319989
vt 0.34299868 0.99820417
vt 0.34504238 0.98125601
vt 0.33520794 0.96876752
vt 0.34529281 0.97305381
vt 0.34265816 0.96062541
vt 0.33159739 0.9593845
vt 0.34551331 0.96213114
vt 0.33485222 0.94777483
vt 0.34578091 0.95716935
vt 0.34331983 0.94434923
vt 0.32996076 0.95131856
vt 0.34480897 0.94467324
vt 0.34483528 0.94250882
vt 0.12738788 0.98793173
vt 0.10668083 0.99253947
vt 0.071896218 0.99847984
vt 0.38023368 0.98401809
vt 0.3949545 0.99586654
vt 0.39327839 0.99642521
vt 0.38052833 0.99234325
vt 0.39700449 0.98467791
vt 0.3943406 0.9982245
vt 0.3775371 0.98569781
vt 0.39032316 0.97525144
vt 0.39520833 0.99621904
vt 0.37771046 0.97996616
vt 0.39758521 0.97765326
vt 0.38257325 0.97583479
vt 0.39754212 0.965424
vt 0.38334915 0.96159393
vt 0.37865332 0.97639531
vt 0.39190403 0.96025085
vt 0.40054011 0.9552328
vt 0.38751552 0.94806719
vt 0.3774001 0.97350013
vt 0.37813649 0.95270139
vt 0.37803358 0.95313048
vt 0.39713109 0.94676292
vt 0.37825361 0.95230734
vt 0.48250112 0.99610257
vt 0.47426933 0.99771965
vt 0.47876823 0.97962475
vt 0.50418311 0.99739671
vt 0.47034711 0.98153996
vt 0.50908178 0.98096132
vt 0.50774378 0.99156535
vt 0.51697075 0.99336934
vt 0.72506624 0.98951548
vt 0.71827167 0.99757844
vt 0.72108465 0.98072833
vt 0.72654241 0.98309767
vt 0.71423054 0.98592323
vt 0.72469264 0.97324044
vt 0.71015358 0.98144954
vt 0.7087341 0.96761584
vt 0.71435213 0.95909917
vt 0.70505762 0.96108562
vt 0.71796 0.95454967
vt 0.23953237 0.95184851
vt 0.25314274 0.94951421
vt 0.25424257 0.95668894
vt 0.25505105 0.96655017
vt 0.22985244 0.94662768
vt 0.26292482 0.95382351
vt 0.26234648 0.96477544
vt 0.23457019 0.96506923
vt 0.23387313 0.93808442
vt 0.2637468 0.94274944
vt 0.22235492 0.96145457
vt 0.22560324 0.9433164
vt 0.22054157 0.94877422
vt 0.22083262 0.93678153
vt 0.67579597 0.97538072
vt 0.68581063 0.97770512
vt 0.66675961 0.99210811
vt 0.6654067 0.97885746
vt 0.6877991 0.97420269
vt 0.69076949 0.99563628
vt 0.65834689 0.97973448
vt 0.69295621 0.9801628
vt 0.68698794 0.99785817
vt 0.65828806 0.99588263
vt 0.69926029 0.97215474
vt 0.75624102 0.9756906
vt 0.75133127 0.97991323
vt 0.75105387 0.96756625
vt 0.75399309 0.98692763
vt 0.73591387 0.96555477
vt 0.74894404 0.99017793
vt 0.74475533 0.98443133
vt 0.74721402 0.95877248
vt 0.74959838 0.99764884
vt 0.74678487 0.99459028
vt 0.7436558 0.99108732
vt 0.84355241 0.97935545
vt 0.83526427 0.98240358
vt 0.83115137 0.97903252
vt 0.84586978 0.95988399
vt 0.84362447 0.99541032
vt 0.82990366 0.98559499
vt 0.84765124 0.98498499
vt 0.83519334 0.99069113
vt 0.84655595 0.99814546
vt 0.83048379 0.99515235
vt 0.12708521 0.95958889
vt 0.13625373 0.9494136
vt 0.1386482 0.95389748
vt 0.13736627 0.96090275
vt 0.15293913 0.94732648
vt 0.15426162 0.95407611
vt 0.13381718 0.96596378
vt 0.14451683 0.94550526
vt 0.15234646 0.96328807
vt 0.1267969 0.96725684
vt 0.16353279 0.95230538
vt 0.15778565 0.9376834
vt 0.15518396 0.95824784
vt 0.16439457 0.94499755
vt 0.97918624 0.99820393
vt 0.9801532 0.98545086
vt 0.98686266 0.98735487
vt 0.98828906 0.99306697
vt 0.97230643 0.97996813
vt 0.98540741 0.97197336
vt 0.97966397 0.9679262
vt 0.97164965 0.96494412
vt 0.98254079 0.96257651
vt 0.97027647 0.97369546
vt 0.75666177 0.97559482
vt 0.75178176 0.96814609
vt 0.76052225 0.97425586
vt 0.76419866 0.98293561
vt 0.76484829 0.96516168
vt 0.76570213 0.97309709
vt 0.77093583 0.98105407
vt 0.76537228 0.99779195
vt 0.015851781 0.996755
vt 0.034384176 0.99764192
vt 0.0023055328 0.99624681
vt 0.0023055505 0.99622589
vt 0.69717699 0.98298061
vt 0.70333797 0.98774469
vt 0.69701403 0.99437869
vt 0.70868587 0.97955835
vt 0.70827878 0.99824792
vt 0.70540172 0.96701401
vt 0.71035701 0.98905277
vt 0.87609172 0.98100579
vt 0.86147755 0.99173307
vt 0.86458498 0.97577643
vt 0.87707061 0.96731794
vt 0.86319214 0.99835426
vt 0.8849718 0.98297584
vt 0.88585562 0.973382
vt 0.034106351 0.96214008
vt 0.045184389 0.95329148
vt 0.040811058 0.97322178
vt 0.033623405 0.97747904
vt 0.047827937 0.97055352
vt 0.03574308 0.98246956
vt 0.048180752 0.97932881
vt 0.051766086 0.96171439
vt 0.061813857 0.95874965
vt 0.056164995 0.96994501
vt 0.04917952 0.96928924
vt 0.063462004 0.95527881
vt 0.062327787 0.96885967
vt 0.049871001 0.97368258
vt 0.060779851 0.95618242
vt 0.066320144 0.95691049
vt 0.063203901 0.98204565
vt 0.066765331 0.96014845
vt 0.060054164 0.98158431
vt 0.065041348 0.9804045
vt 0.066214137 0.96868271
vt 0.40791896 0.9740991
vt 0.42539033 0.98159909
vt 0.42026567 0.99843413
vt 0.41878632 0.97085559
vt 0.42697835 0.97248864
vt 0.4547407 0.97896874
vt 0.46548313 0.97937024
vt 0.46502277 0.99851358
vt 0.46453375 0.97091883
vt 0.45597357 0.97320932
vt 0.61447012 0.97070289
vt 0.60689211 0.96152663
vt 0.61407751 0.9606275
vt 0.61283851 0.98057002
vt 0.61236489 0.9593792
vt 0.61376041 0.97955066
vt 0.60143179 0.96270329
vt 0.60834461 0.95834094
vt 0.61360109 0.98048705
vt 0.59599257 0.96376169
vt 0.6019873 0.95866352
vt 0.60892749 0.95614779
vt 0.61361599 0.9812094
vt 0.60426217 0.97292471
vt 0.59619224 0.96277183
vt 0.60757732 0.95766664
vt 0.61304408 0.98226726
vt 0.60898751 0.97915763
vt 0.5991509 0.95862871
vt 0.64315808 0.98965728
vt 0.63718337 0.99830359
vt 0.63558966 0.98519969
vt 0.65321362 0.98444557
vt 0.62680888 0.99112761
vt 0.090049185 0.97987479
vt 0.085838988 0.98261154
vt 0.074268505 0.97608387
vt 0.078653157 0.9656772
vt 0.069728538 0.96373737
vt 0.064550109 0.97501487
vt 0.35039774 0.95766312
vt 0.3614254 0.95973444
vt 0.35271654 0.9686113
vt 0.34601277 0.98224467
vt 0.36004546 0.97232133
vt 0.35081726 0.98074657
vt 0.72494835 0.97419745
vt 0.73568243 0.97998494
vt 0.73137873 0.97911233
vt 0.72880346 0.97287869
vt 0.73649371 0.98225385
vt 0.72256297 0.96704543
vt 0.7244603 0.96283287
vt 0.73687309 0.97361052
vt 0.732961 0.96305513
vt 0.72108382 0.96258539
vt 0.72647429 0.96048683
vt 0.73543197 0.96028507
vt 0.73260671 0.96050143
vt 0.42411706 0.98624933
vt 0.439776 0.98800075
vt 0.43577757 0.99758071
vt 0.44605696 0.98943919
vt 0.95572227 0.97328007
vt 0.94658279 0.97045273
vt 0.94601011 0.96391839
vt 0.95187747 0.96042657
vt 0.95246571 0.97879088
vt 0.9403621 0.96842337
vt 0.95524997 0.96728468
vt 0.9443844 0.9616186
vt 0.95429605 0.98098606
vt 0.94503051 0.97439021
vt 0.93977219 0.96587712
vt 0.95661813 0.96974623
vt 0.94185352 0.96261096
vt 0.95643997 0.97636169
vt 0.95298749 0.98243016
vt 0.94980884 0.97897649
vt 0.95689833 0.97068876
vt 0.95661283 0.97372133
vt 0.082744814 0.9602645
vt 0.087137215 0.95561588
vt 0.084088765 0.96688271
vt 0.079851277 0.96377999
vt 0.083575271 0.95106554
vt 0.073267847 0.95463157
vt 0.071624286 0.95913529
vt 0.076927163 0.94810098
vt 0.065087989 0.95498931
vt 0.064243965 0.94760948
vt 0.31440309 0.99761569
vt 0.30662945 0.97849417
vt 0.31291682 0.97518951
vt 0.25828317 0.98159891
vt 0.2519919 0.96718794
vt 0.26247206 0.96694362
vt 0.27110246 0.98272765
vt 0.27308071 0.96637857
vt 0.55537093 0.9858855
vt 0.55893433 0.98806053
vt 0.55218089 0.98866683
vt 0.55272931 0.98723966
vt 0.56002975 0.9791646
vt 0.5488044 0.99796259
vt 0.56669915 0.98611003
vt 0.56089729 0.99699485
vt 0.5685131 0.99205714
vt 0.81820422 0.9984588
vt 0.81423569 0.9891448
vt 0.82624108 0.97936529
vt 0.8302331 0.99756348
vt 0.0015210687 0.99832708
vt 0.0091839302 0.99677277
vt 0.019409422 0.9962064
vt 0.10559494 0.97706556
vt 0.10213454 0.98457891
vt 0.095207617 0.98512554
vt 0.089587972 0.98170763
vt 0.090236016 0.99049896
vt 0.088032357 0.98967057
vt 0.96942163 0.96974057
vt 0.96899867 0.97896498
vt 0.95515168 0.98258895
vt 0.95737797 0.97053683
vt 0.96438801 0.98212898
vt 0.96424842 0.96472716
vt 0.74597049 0.99417406
vt 0.73150414 0.99851328
vt 0.7286014 0.98661065
vt 0.29951537 0.99209225
vt 0.30357823 0.9896903
vt 0.29927278 0.99789411
vt 0.30016798 0.98794705
vt 0.30198449 0.98057264
vt 0.019370424 0.97481698
vt 0.023031045 0.98813039
vt 0.017485915 0.99038202
vt 0.026967216 0.97895074
vt 0.048438985 0.97439337
vt 0.059371024 0.98107421
vt 0.049920719 0.99032223
vt 0.65760618 0.98291487
vt 0.65629327 0.99808377
vt 0.64302433 0.99616289
vt 0.0038993692 0.99712384
vt 0.012227917 0.99715233
vt 0.01751674 0.99778593
vt 0.026543353 0.98508739
vt 0.028057527 0.99837297
vt 0.025553619 0.9842788
vt 0.28518781 0.9885146
vt 0.29215625 0.99441892
vt 0.29068121 0.99761564
vt 0.28620428 0.99212378
vt 0.28433594 0.9892782
vt 0.28429064 0.9887135
vt 0.28353491 0.98686785
vt 0.51710743 0.99503809
vt 0.52328825 0.98931217
vt 0.52550709 0.99803692
vt 0.018303882 0.99789011
vt 0.023858849 0.99377435
vt 0.022317424 0.99788922
vt 0.01761697 0.99663687
vt 0.026419707 0.9978869
vt 0.30640036 0.98994446
vt 0.3072421 0.99379104
vt 0.30262342 0.99819839
vt 0.32583788 0.99376434
vt 0.32876393 0.99103564
vt 0.32858729 0.99771875
vt 0.031266622 0.99839264
vt 0.029069653 0.99623209
vt 0.031798843 0.9965682
vt 0.0015542781 0.9963904
vt 0.0021563468 0.99636704
vt 0.0015999022 0.99665749
vt 0.0023256168 0.99805599
usemtl Tile_+031_+021_L20_0003130_0
f 550/1510 829/1511 828/1512
f 828/1549 729/1550 550/1551
f 810/546 725/547 808/548
f 704/746 765/728 761/708
f 399/560 450/552 726/556
f 809/621 811/609 814/591
f 806/871 808/872 455/873
f 819/574 815/592 817/593
f 795/581 741/567 819/574
f 821/550 727/553 726/556
f 824/895 809/909 814/901
f 814/901 820/889 824/895
f 545/900 824/895 420/888
f 824/895 805/915 1385/923
f 775/632 776/672 782/659
f 738/589 730/565 737/594
f 424/874 423/879 807/875
f 781/608 738/589 737/594
f 735/634 781/608 793/620
f 733/582 795/581 794/602
f 798/626 737/594 792/612
f 826/1516 829/1511 831/1513
f 825/1517 828/1512 827/1514
f 827/1514 828/1512 829/1511
f 550/1510 831/1513 829/1511
f 826/1516 697/1519 827/1514
f 1501/1523 697/1519 1503/1527
f 1499/1528 825/1517 1504/1524
f 422/1568 728/1558 802/1563
f 697/1519 826/1516 831/1513
f 526/1515 697/1519 831/1513
f 826/1516 827/1514 829/1511
f 526/1515 831/1513 550/1510
f 521/1518 526/1515 550/1510
f 825/1552 729/1550 828/1549
f 524/1553 550/1551 729/1550
f 729/1550 728/1558 503/1555
f 503/1555 524/1553 729/1550
f 1387/1537 825/1517 1392/1535
f 728/1558 729/1550 802/1563
f 422/1568 504/1564 728/1558
f 804/1557 803/1562 729/1550
f 729/1550 825/1552 830/1554
f 830/1554 804/1557 729/1550
f 804/1557 830/1554 1393/1561
f 808/548 740/551 495/554
f 424/874 806/871 455/873
f 495/554 455/558 808/548
f 451/549 821/550 450/552
f 813/562 741/567 724/557
f 796/579 738/589 789/600
f 450/552 821/550 726/556
f 725/547 727/553 821/550
f 796/579 797/590 444/572
f 816/566 820/573 813/562
f 819/574 741/567 813/562
f 812/580 815/592 819/574
f 818/884 807/875 423/879
f 725/547 816/566 813/562
f 817/593 795/581 819/574
f 792/612 739/603 733/582
f 815/592 811/609 817/593
f 725/2124 810/2125 816/2126
f 811/609 815/592 814/591
f 730/565 736/583 737/594
f 819/574 813/562 812/580
f 812/580 814/591 815/592
f 808/872 806/871 807/875
f 813/562 820/573 812/580
f 807/875 810/877 808/872
f 812/580 820/573 814/591
f 809/909 824/895 1386/916
f 818/884 820/889 816/880
f 824/895 545/900 801/908
f 824/895 818/884 420/888
f 816/880 807/875 818/884
f 816/880 810/877 807/875
f 423/879 420/888 818/884
f 820/889 818/884 824/895
f 801/908 805/915 824/895
f 1397/1583 803/1562 1398/1577
f 811/609 809/621 823/611
f 795/581 817/593 822/601
f 811/609 823/611 817/593
f 823/611 809/621 1396/647
f 823/611 822/601 817/593
f 1400/610 822/601 1401/622
f 424/874 807/875 806/871
f 802/1563 729/1550 803/1562
f 803/1562 804/1557 1395/1566
f 545/900 422/907 801/908
f 803/1562 805/1578 801/1573
f 422/1568 802/1563 801/1573
f 803/1562 801/1573 802/1563
f 787/710 788/697 800/725
f 787/710 722/724 783/688
f 766/736 787/710 699/737
f 787/710 800/725 699/737
f 800/725 788/697 1403/726
f 723/709 784/696 783/688
f 791/675 788/697 780/673
f 1404/711 791/675 1406/698
f 1407/689 799/650 1408/674
f 799/650 779/662 734/633
f 794/602 795/581 1410/613
f 792/612 794/602 1390/624
f 1409/661 798/626 1415/660
f 781/608 735/634 775/632
f 737/594 798/626 734/633
f 734/633 793/620 737/594
f 737/594 739/603 792/612
f 722/724 787/710 766/736
f 798/626 799/650 734/633
f 794/602 792/612 733/582
f 798/626 792/612 1413/636
f 779/662 799/650 791/675
f 775/632 778/646 790/619
f 796/579 730/565 738/589
f 396/638 383/615 790/619
f 790/619 778/646 396/638
f 382/586 796/579 789/600
f 789/600 383/615 382/586
f 738/589 781/608 789/600
f 383/615 789/600 790/619
f 789/600 781/608 790/619
f 732/2121 731/2122 724/2123
f 444/572 797/590 382/586
f 382/586 797/590 796/579
f 724/557 731/561 727/553
f 730/565 796/579 444/572
f 444/572 399/560 730/565
f 399/560 726/556 730/565
f 732/575 724/557 741/567
f 733/582 739/603 736/583
f 741/567 795/581 733/582
f 739/603 737/594 736/583
f 783/688 780/673 788/697
f 784/696 744/658 783/688
f 777/671 782/659 397/663
f 779/662 780/673 734/633
f 744/658 776/672 775/632
f 774/687 782/659 776/672
f 778/646 775/632 782/659
f 780/673 779/662 791/675
f 780/673 744/658 734/633
f 781/608 775/632 790/619
f 396/638 778/646 777/671
f 782/659 777/671 778/646
f 777/671 397/663 396/638
f 744/658 780/673 783/688
f 776/672 744/658 786/686
f 788/697 787/710 783/688
f 774/687 776/672 786/686
f 761/708 785/707 786/686
f 765/728 785/707 761/708
f 786/686 785/707 774/687
f 765/728 767/714 785/707
f 785/707 767/714 774/687
f 761/708 784/696 723/709
f 774/687 767/714 408/700
f 702/780 762/798 773/810
f 742/835 769/846 180/811
f 773/810 771/833 703/809
f 707/834 773/810 711/821
f 342/677 397/663 774/687
f 707/834 771/833 773/810
f 735/634 744/658 775/632
f 712/866 713/858 1416/868
f 105/1 120/2 745/3
f 756/118 746/138 1419/139
f 109/117 717/126 102/92
f 1421/69 749/50 1422/71
f 721/782 710/790 267/771
f 771/833 716/820 703/809
f 707/834 770/843 771/833
f 708/845 711/821 1423/859
f 715/797 703/809 716/820
f 713/858 770/843 707/834
f 742/835 709/812 716/820
f 769/176 742/202 772/188
f 755/168 772/188 759/189
f 769/176 772/188 755/168
f 717/126 748/149 747/129
f 742/202 757/222 759/189
f 743/848 716/820 758/856
f 770/259 712/248 758/237
f 716/820 770/843 758/856
f 710/790 166/789 267/771
f 764/739 704/746 720/762
f 267/771 185/760 721/782
f 185/760 170/748 165/738
f 185/760 763/761 720/762
f 165/738 763/761 185/760
f 720/762 721/782 185/760
f 702/780 768/778 760/757
f 762/798 701/787 1435/799
f 702/780 701/787 762/798
f 711/821 773/810 762/798
f 760/757 768/778 705/758
f 768/778 702/780 714/779
f 723/709 722/724 766/736
f 702/780 760/757 700/769
f 764/739 763/761 165/738
f 720/762 763/761 764/739
f 165/738 151/712 764/739
f 782/659 774/687 397/663
f 760/757 706/735 766/736
f 163/699 408/700 765/728
f 151/712 163/699 765/728
f 408/700 767/714 765/728
f 774/687 408/700 342/677
f 784/696 786/686 744/658
f 766/736 706/735 723/709
f 723/709 706/735 761/708
f 760/757 766/736 699/737
f 1439/770 699/737 1440/759
f 751/24 273/37 754/35
f 718/28 751/24 754/35
f 754/35 273/37 1442/46
f 1442/46 753/51 1444/59
f 751/24 139/31 273/37
f 718/28 754/35 1443/39
f 747/129 746/138 756/118
f 717/126 747/129 102/92
f 1419/139 748/149 1447/170
f 1448/158 755/168 1449/177
f 102/92 756/118 1446/107
f 1449/177 759/189 1451/203
f 759/189 758/237 712/248
f 759/189 712/248 1430/238
f 758/237 757/222 743/236
f 184/157 769/176 755/168
f 184/157 755/168 111/136
f 1426/160 717/126 1433/159
f 751/24 750/29 139/31
f 752/12 125/15 751/24
f 749/50 753/51 273/37
f 752/12 751/24 718/28
f 1455/6 752/12 1456/18
f 125/15 750/29 751/24
f 745/3 120/2 1455/6
f 273/37 127/43 749/50
f 127/43 719/58 749/50
f 1422/71 719/58 1458/81
f 127/43 87/57 1459/68
f 748/149 746/138 747/129
f 747/129 756/118 102/92
f 719/58 127/43 1460/70
f 87/57 102/92 1450/79
f 105/1 745/3 1465/4
f 715/797 710/790 721/782
f 716/820 743/848 742/835
f 495/554 740/551 451/549
f 737/594 793/620 781/608
f 451/549 725/547 821/550
f 825/1517 827/1514 1500/1520
f 451/549 740/551 808/548
f 727/553 725/547 724/557
f 725/547 451/549 808/548
f 813/562 724/557 725/547
f 1401/622 823/611 1462/635
f 744/658 735/634 734/633
f 793/620 734/633 735/634
f 732/575 736/583 730/565
f 741/567 733/582 732/575
f 731/561 726/556 727/553
f 730/565 726/556 731/561
f 732/575 730/565 731/561
f 736/583 732/575 733/582
f 786/686 784/696 761/708
f 783/688 722/724 723/709
f 743/236 757/222 742/202
f 720/762 705/758 714/779
f 772/188 742/202 759/189
f 721/782 720/762 714/779
f 1435/799 700/769 1437/800
f 759/189 757/222 758/237
f 752/12 718/28 1452/23
f 1428/862 708/845 1429/867
f 708/845 713/858 707/834
f 716/820 709/812 715/797
f 180/811 166/789 710/790
f 715/797 721/782 714/779
f 765/728 704/746 764/739
f 714/779 703/809 715/797
f 716/820 771/833 770/843
f 712/866 770/843 713/858
f 180/811 710/790 709/812
f 707/834 711/821 708/845
f 709/812 742/835 180/811
f 710/790 715/797 709/812
f 704/746 706/735 705/758
f 714/779 702/780 703/809
f 773/810 703/809 702/780
f 702/780 700/769 701/787
f 711/821 762/798 1436/822
f 705/758 768/778 714/779
f 761/708 706/735 704/746
f 760/757 699/737 700/769
f 720/762 704/746 705/758
f 764/739 151/712 765/728
f 699/737 800/725 1405/747
f 706/735 760/757 705/758
f 109/117 111/136 717/126
f 1434/148 111/136 1448/158
f 267/771 166/789 168/781
f 268/664 269/651 162/676
f 212/830 224/806 134/829
f 658/2016 663/2017 676/2018
f 344/693 271/720 389/702
f 94/41 124/54 95/64
f 642/1438 647/1439 643/1440
f 571/418 607/419 603/420
f 652/351 624/352 622/353
f 1505/1737 555/1738 1506/1739
f 604/425 656/440 629/431
f 585/1668 584/1669 623/1670
f 1509/1545 557/1546 1510/1547
f 552/1532 529/1529 537/1536
f 107/838 175/826 177/850
f 1511/1688 412/1680 1512/1692
f 557/1709 547/1710 1513/1711
f 457/878 424/874 453/876
f 463/1823 694/1824 1515/1825
f 696/372 470/384 669/385
f 634/457 662/477 685/476
f 635/1474 637/1490 698/1486
f 640/458 630/470 638/478
f 676/469 634/457 627/438
f 685/476 662/477 659/474
f 656/440 604/425 658/450
f 650/495 660/489 688/480
f 654/462 688/480 633/475
f 668/367 696/372 673/378
f 461/606 404/630 494/631
f 601/912 489/906 491/920
f 598/445 594/436 606/428
f 606/428 616/444 598/445
f 630/470 640/458 626/447
f 1519/1718 547/1710 1520/1721
f 656/2019 676/2018 629/2020
f 626/447 625/468 630/470
f 573/1672 417/1673 582/1671
f 417/1673 565/1675 582/1671
f 577/1779 580/1780 1521/1781
f 539/1724 540/1727 547/1710
f 1523/1787 558/1788 1524/1789
f 532/1720 549/1729 538/1726
f 551/1585 530/1582 553/1575
f 534/1570 549/1584 532/1581
f 576/525 509/519 544/513
f 586/442 587/452 611/426
f 506/922 504/928 422/907
f 490/891 618/899 493/887
f 486/360 624/352 597/362
f 484/395 669/385 470/384
f 473/371 696/372 621/356
f 475/705 476/694 401/721
f 470/384 471/402 484/395
f 386/679 360/655 370/667
f 583/1954 582/1955 565/1956
f 417/1673 436/1676 412/1680
f 606/428 608/423 620/435
f 624/352 486/360 621/356
f 305/936 306/937 365/938
f 153/715 154/703 341/701
f 379/585 407/604 376/595
f 326/1019 315/1020 319/1021
f 361/643 387/654 370/667
f 155/684 343/678 154/703
f 653/479 654/462 652/461
f 391/614 349/639 392/627
f 276/681 344/693 405/682
f 389/702 272/742 337/729
f 347/652 392/627 268/664
f 275/666 276/681 405/682
f 673/378 692/373 668/367
f 221/785 247/767 222/775
f 379/585 391/614 407/604
f 323/1032 324/1046 310/1038
f 252/1043 335/1035 695/1051
f 306/937 285/943 371/940
f 259/1042 252/1043 695/1051
f 1534/1800 466/1801 1540/1802
f 674/1077 666/1091 281/1066
f 292/1809 291/1811 1543/1810
f 667/379 664/363 692/373
f 1547/1457 679/1447 1548/1465
f 679/1447 683/1459 1545/1467
f 640/1456 684/1450 644/1442
f 466/1827 694/1824 463/1823
f 682/1443 690/1452 1517/1458
f 645/1445 682/1443 1550/1453
f 645/1445 643/1440 682/1443
f 648/1464 684/1450 640/1456
f 301/1030 300/1025 298/1033
f 627/438 626/447 570/424
f 666/1091 674/1077 667/1099
f 315/960 317/947 258/956
f 666/1091 665/1079 672/1068
f 281/1066 666/1091 672/1068
f 673/1092 500/1058 666/1091
f 672/1068 665/1079 500/1058
f 497/953 284/951 468/957
f 670/1069 302/1049 500/1058
f 468/1081 284/1050 671/1070
f 302/1049 670/1069 671/1070
f 499/1059 302/1049 671/1070
f 669/1080 484/1102 468/1081
f 468/1081 671/1070 670/1069
f 669/1080 468/1081 670/1069
f 673/1092 669/1080 500/1058
f 669/1080 670/1069 500/1058
f 692/1110 673/1092 666/1091
f 692/1110 666/1091 667/1099
f 664/363 667/379 689/374
f 692/373 664/363 668/367
f 669/385 673/378 696/372
f 668/367 664/363 621/356
f 649/488 688/480 654/462
f 696/372 668/367 621/356
f 473/371 621/356 487/365
f 470/384 696/372 473/371
f 621/356 664/363 651/359
f 622/353 687/364 686/366
f 632/483 625/468 685/476
f 679/1447 646/1451 683/1459
f 646/1451 678/1446 684/1450
f 1546/1475 680/1468 1553/1480
f 682/1443 647/1439 679/1447
f 679/1447 690/1452 682/1443
f 1553/1480 681/1479 1554/1492
f 680/1468 683/1459 646/1451
f 675/1473 680/1468 646/1451
f 648/1464 635/1474 677/1478
f 648/1464 675/1473 646/1451
f 676/469 662/477 634/457
f 663/485 662/477 676/469
f 570/424 626/447 640/458
f 629/431 628/429 572/421
f 640/458 638/478 635/486
f 648/1464 640/1456 635/1474
f 642/1438 644/1442 647/1439
f 678/1446 644/1442 684/1450
f 643/1440 645/1445 427/1441
f 640/458 644/459 570/424
f 442/448 570/424 644/459
f 647/1439 682/1443 643/1440
f 679/1447 647/1439 646/1451
f 647/1439 678/1446 646/1451
f 645/1445 433/1449 427/1441
f 642/1438 425/1444 644/1442
f 642/1438 643/1440 427/1441
f 644/1442 678/1446 647/1439
f 641/484 630/470 625/468
f 639/1497 698/1486 637/1490
f 626/447 627/438 634/457
f 635/1474 698/1486 677/1478
f 637/506 636/500 631/492
f 635/486 638/478 630/470
f 516/463 517/465 587/452
f 685/476 625/468 634/457
f 630/470 641/484 631/492
f 636/500 630/470 631/492
f 629/2020 676/2018 627/2021
f 570/424 628/429 627/438
f 604/425 629/431 572/421
f 676/2018 656/2019 658/2016
f 658/450 659/474 662/477
f 625/468 626/447 634/457
f 632/483 659/474 633/475
f 632/483 633/475 661/494
f 625/468 632/483 641/484
f 661/494 641/484 632/483
f 661/494 633/475 657/496
f 657/496 633/475 660/489
f 628/429 629/431 627/438
f 572/421 628/429 570/424
f 649/488 650/495 688/480
f 633/475 688/480 660/489
f 655/451 659/474 658/450
f 657/496 660/489 650/495
f 632/483 685/476 659/474
f 662/477 663/485 658/450
f 658/450 604/425 655/451
f 602/441 604/425 605/432
f 633/475 659/474 655/451
f 633/475 655/451 654/462
f 655/451 602/441 654/462
f 654/462 653/479 649/488
f 616/444 606/428 620/435
f 652/351 622/353 653/354
f 622/353 649/357 653/354
f 652/461 602/441 593/446
f 652/461 654/462 602/441
f 652/351 596/355 624/352
f 652/461 593/446 596/467
f 599/926 491/920 597/931
f 650/361 649/357 622/353
f 686/366 650/361 622/353
f 651/359 687/364 622/353
f 621/356 651/359 622/353
f 622/353 624/352 621/356
f 594/436 598/445 595/456
f 483/377 487/365 485/370
f 624/352 596/355 595/358
f 619/437 613/434 617/455
f 564/1879 562/1880 590/1881
f 619/437 620/435 608/423
f 600/919 618/899 601/912
f 493/887 615/905 617/898
f 620/435 619/437 617/455
f 600/919 598/930 616/921
f 541/882 493/887 614/892
f 601/912 599/926 600/919
f 616/921 618/899 600/919
f 614/454 613/434 612/433
f 611/426 610/422 571/418
f 607/419 609/427 608/423
f 572/421 603/420 604/425
f 599/926 601/912 491/920
f 598/930 600/919 599/926
f 597/466 595/456 598/445
f 595/456 596/467 593/446
f 597/362 624/352 595/358
f 597/931 598/930 599/926
f 491/920 485/932 597/931
f 623/1670 573/1672 582/1671
f 620/911 615/905 618/899
f 493/887 618/899 615/905
f 615/905 620/911 617/898
f 614/892 493/887 617/898
f 517/904 416/893 614/892
f 611/426 588/443 612/433
f 614/454 612/433 588/443
f 613/434 614/454 617/455
f 610/422 611/426 612/433
f 612/433 613/434 610/422
f 609/427 610/422 613/434
f 613/434 619/437 609/427
f 614/892 416/893 541/882
f 588/443 587/452 517/465
f 618/899 616/921 620/911
f 609/427 619/437 608/423
f 609/427 607/419 610/422
f 571/418 610/422 607/419
f 602/441 603/420 593/446
f 606/428 603/420 608/423
f 603/420 607/419 608/423
f 603/420 605/432 604/425
f 568/449 569/430 566/439
f 441/1493 566/1501 443/1483
f 571/418 569/430 611/426
f 590/1881 591/1882 564/1879
f 568/449 589/453 569/430
f 589/453 586/442 569/430
f 546/473 514/482 520/464
f 589/453 568/449 546/473
f 614/454 588/443 517/465
f 562/1880 567/1886 584/1884
f 567/2117 623/2118 584/2119
f 591/1882 590/1881 543/1885
f 520/464 586/442 589/453
f 611/426 587/452 588/443
f 587/452 586/442 516/463
f 520/464 516/463 586/442
f 582/1671 585/1668 623/1670
f 563/1957 543/1960 592/1959
f 554/1744 556/1742 581/1745
f 590/1881 592/1888 543/1885
f 590/1881 562/1880 584/1884
f 585/1958 582/1955 583/1954
f 583/1954 592/1959 585/1958
f 590/1881 585/1887 592/1888
f 585/1887 590/1881 584/1884
f 583/1954 563/1957 592/1959
f 513/497 519/502 518/490
f 437/1674 573/1672 567/1677
f 435/1683 411/1687 412/1680
f 417/1673 573/1672 437/1674
f 410/1682 409/1690 435/1683
f 442/1820 443/1821 566/1822
f 570/424 442/448 566/439
f 566/439 440/460 568/449
f 571/418 603/420 572/421
f 570/424 569/430 571/418
f 566/439 569/430 570/424
f 572/421 570/424 571/418
f 520/464 589/453 546/473
f 611/426 569/430 586/442
f 438/472 437/487 546/473
f 568/449 438/472 546/473
f 440/460 438/472 568/449
f 437/1889 567/1886 561/1883
f 561/493 546/473 437/487
f 565/1675 413/1678 419/1681
f 564/508 501/499 561/493
f 563/524 419/529 544/513
f 418/530 544/513 419/529
f 567/1886 562/1880 561/1883
f 417/1673 413/1678 565/1675
f 440/1500 566/1501 441/1493
f 561/493 501/499 546/473
f 419/1681 563/1685 565/1675
f 580/1747 579/1748 554/1744
f 554/1744 581/1745 580/1747
f 578/1707 418/1700 1529/1705
f 580/1780 581/1786 1558/1785
f 1524/1789 575/1791 1535/1793
f 579/1748 577/1750 578/1752
f 1555/1751 578/1752 1559/1753
f 418/2097 578/2098 577/2099
f 577/2099 576/2100 418/2097
f 576/525 544/513 418/530
f 544/513 543/518 563/524
f 548/1580 536/1574 508/1579
f 540/1727 574/1725 547/1710
f 575/1791 558/1788 1564/1794
f 539/1724 547/1710 532/1720
f 574/1725 540/1727 576/1732
f 1528/1538 537/1536 1566/1541
f 554/1744 579/1748 1525/1746
f 1520/1721 574/1725 1568/1728
f 535/1571 523/1559 553/1575
f 697/1519 526/1515 527/1522
f 527/1522 552/1532 1527/1533
f 530/1582 528/1576 535/1571
f 559/1792 560/1795 1570/1797
f 560/1795 559/1792 556/1790
f 556/1790 559/1792 558/1788
f 1564/1794 559/1792 1573/1798
f 533/1565 534/1570 523/1559
f 548/1580 549/1584 534/1570
f 558/1788 581/1786 556/1790
f 547/1710 557/1709 537/1713
f 560/1740 556/1742 555/1738
f 555/1738 554/1744 1567/1743
f 555/1738 556/1742 554/1744
f 551/1585 553/1575 532/1581
f 537/1713 530/1723 551/1719
f 529/1529 552/1532 527/1522
f 1502/1526 527/1522 1572/1530
f 550/1551 525/1556 521/1560
f 505/1733 510/1730 538/1726
f 538/1726 549/1729 505/1733
f 549/1584 548/1580 505/1587
f 505/1587 548/1580 508/1579
f 519/502 515/498 511/504
f 527/1522 522/1521 529/1529
f 532/1581 553/1575 534/1570
f 551/1719 531/1716 537/1713
f 503/1555 507/1569 533/1565
f 536/1574 548/1580 534/1570
f 536/1574 533/1565 507/1569
f 535/1571 521/1560 523/1559
f 531/1716 547/1710 537/1713
f 530/1582 535/1571 553/1575
f 531/1716 551/1719 532/1720
f 547/1710 531/1716 532/1720
f 537/1536 529/1529 530/1539
f 534/1570 553/1575 523/1559
f 529/2094 528/2095 530/2096
f 529/1529 522/1521 528/1525
f 535/1571 528/1576 521/1560
f 533/1565 523/1559 503/1555
f 522/1521 527/1522 526/1515
f 523/1559 525/1556 524/1553
f 550/1551 524/1553 525/1556
f 528/1525 522/1521 521/1518
f 521/1518 522/1521 526/1515
f 514/482 512/481 520/464
f 518/490 512/481 513/497
f 520/464 512/481 516/463
f 518/490 517/465 512/481
f 517/465 516/463 512/481
f 514/482 515/498 512/481
f 519/502 513/497 515/498
f 505/511 518/490 519/502
f 511/504 515/498 502/491
f 506/922 505/914 507/927
f 536/1574 507/1569 508/1579
f 501/499 542/503 502/491
f 519/502 511/504 510/517
f 591/512 501/499 564/508
f 540/1727 539/1724 510/1730
f 509/1734 540/1727 510/1730
f 544/513 509/519 511/504
f 511/504 509/519 510/517
f 502/491 515/498 514/482
f 501/499 502/491 546/473
f 546/473 502/491 514/482
f 515/498 513/497 512/481
f 416/893 517/904 421/894
f 421/894 517/904 518/913
f 501/499 591/512 542/503
f 542/503 544/513 502/491
f 542/503 591/512 543/518
f 544/513 542/503 543/518
f 728/1558 504/1564 503/1555
f 505/914 506/922 422/907
f 422/907 421/894 505/914
f 495/554 454/563 455/558
f 460/890 492/896 459/886
f 460/890 456/881 452/885
f 459/886 457/878 456/881
f 461/606 492/607 445/588
f 541/882 424/874 457/878
f 415/883 424/874 541/882
f 541/882 457/878 493/887
f 490/891 493/887 457/878
f 477/910 462/902 492/896
f 492/896 460/890 452/885
f 459/886 458/897 490/891
f 477/910 488/903 462/902
f 457/878 459/886 490/891
f 489/906 483/925 491/920
f 490/891 488/903 489/906
f 489/906 488/903 478/918
f 489/906 618/899 490/891
f 618/899 489/906 601/912
f 485/370 487/365 486/360
f 621/356 486/360 487/365
f 485/932 491/920 483/925
f 478/918 472/929 483/925
f 472/383 473/371 483/377
f 484/968 471/971 467/965
f 473/371 487/365 483/377
f 483/925 489/906 478/918
f 479/657 400/695 476/694
f 472/929 478/918 480/917
f 479/657 481/670 480/645
f 477/910 480/917 478/918
f 488/903 477/910 478/918
f 475/705 482/722 474/685
f 474/685 476/694 475/705
f 472/383 474/403 469/394
f 470/384 473/371 472/383
f 470/384 472/383 469/394
f 400/695 401/721 476/694
f 469/394 471/402 470/384
f 500/1058 302/1049 282/1040
f 467/965 471/971 469/966
f 469/966 482/962 498/959
f 474/935 472/929 481/934
f 475/705 401/721 366/732
f 476/694 474/685 479/657
f 475/955 498/959 482/962
f 468/957 484/968 467/965
f 304/1041 499/1059 284/1050
f 474/403 482/410 469/394
f 498/959 475/955 497/953
f 400/695 479/657 362/680
f 480/917 481/934 472/929
f 306/937 303/941 285/943
f 481/670 479/657 474/685
f 363/706 371/723 400/695
f 358/653 403/641 355/616
f 480/645 494/631 479/657
f 402/665 494/631 403/641
f 354/599 355/616 496/618
f 370/667 368/683 386/679
f 355/616 403/641 496/618
f 404/630 461/606 496/618
f 452/584 445/588 492/607
f 451/549 377/555 495/554
f 494/631 480/645 492/607
f 492/896 462/902 459/886
f 461/606 445/588 354/599
f 492/607 461/606 494/631
f 377/555 449/568 454/563
f 480/917 477/910 492/896
f 488/903 458/897 462/902
f 458/897 488/903 490/891
f 460/890 459/886 456/881
f 452/885 456/881 453/876
f 453/876 456/881 457/878
f 445/588 448/578 446/577
f 424/874 455/873 453/876
f 454/563 453/569 455/558
f 453/569 454/563 449/568
f 453/569 449/568 452/584
f 450/552 399/560 378/559
f 445/588 446/577 357/571
f 382/586 383/615 379/585
f 377/555 451/549 450/552
f 378/559 357/571 447/564
f 447/564 449/568 377/555
f 448/578 449/568 447/564
f 446/577 448/578 447/564
f 380/570 444/572 382/586
f 420/888 415/883 421/894
f 464/1830 693/1833 466/1827
f 442/1454 429/1471 410/1477
f 415/883 420/888 423/879
f 278/1838 292/1835 464/1830
f 465/1834 464/1830 463/1823
f 466/1827 463/1823 464/1830
f 1542/1488 428/1470 1581/1481
f 433/1449 645/1445 1580/1455
f 1582/1476 433/1449 1584/1472
f 411/1687 409/1690 431/1695
f 428/1470 434/1461 433/1449
f 431/1695 430/1701 432/1698
f 421/894 415/883 416/893
f 428/1470 430/1482 429/1471
f 433/1449 426/1448 427/1441
f 432/1698 430/1701 1541/1703
f 424/874 415/883 423/879
f 416/893 415/883 541/882
f 412/1680 414/1684 413/1678
f 443/1483 442/1454 410/1477
f 429/1471 431/1484 410/1477
f 411/1687 435/1683 409/1690
f 439/1489 441/1493 443/1483
f 409/1690 410/1682 431/1695
f 425/1444 642/1438 427/1441
f 410/1477 439/1489 443/1483
f 442/1454 426/1448 434/1461
f 429/1471 434/1461 428/1470
f 430/1482 431/1484 429/1471
f 431/1695 432/1698 411/1687
f 434/1461 429/1471 442/1454
f 425/471 442/448 644/459
f 426/1448 425/1444 427/1441
f 442/1454 425/1444 426/1448
f 1512/1692 411/1687 1586/1696
f 437/1674 436/1676 417/1673
f 439/1686 410/1682 438/1679
f 436/1676 438/1679 410/1682
f 438/1679 436/1676 437/1674
f 413/1678 417/1673 412/1680
f 412/1680 436/1676 435/1683
f 436/1676 410/1682 435/1683
f 1585/1697 419/1681 1587/1694
f 545/900 420/888 421/894
f 422/907 545/900 421/894
f 293/2081 286/2082 1590/2083
f 276/681 393/642 345/669
f 391/614 392/627 407/604
f 407/604 384/617 373/605
f 406/629 384/617 390/644
f 345/669 393/642 346/656
f 348/640 390/644 384/617
f 384/617 407/604 348/640
f 388/717 395/750 385/741
f 389/702 405/682 344/693
f 390/644 346/656 406/629
f 393/642 406/629 346/656
f 359/628 356/598 393/642
f 388/717 385/741 367/716
f 356/598 406/629 393/642
f 275/666 387/654 393/642
f 387/654 359/628 393/642
f 405/682 368/683 387/654
f 389/702 388/717 368/683
f 387/654 275/666 405/682
f 405/682 389/702 368/683
f 368/683 362/680 386/679
f 359/628 387/654 361/643
f 368/683 370/667 387/654
f 385/741 364/733 367/716
f 356/598 373/605 384/617
f 373/605 376/595 407/604
f 375/576 374/597 372/587
f 375/576 380/570 379/585
f 380/570 381/596 379/585
f 379/585 381/596 382/586
f 380/570 382/586 381/596
f 372/587 374/597 373/605
f 378/559 380/570 375/576
f 379/585 376/595 375/576
f 354/599 445/588 357/571
f 374/597 376/595 373/605
f 372/587 373/605 356/598
f 371/940 285/943 366/946
f 360/655 386/679 358/653
f 367/716 362/680 368/683
f 285/943 283/948 366/946
f 363/706 367/716 364/733
f 365/734 363/706 364/733
f 364/733 305/756 365/734
f 367/716 363/706 362/680
f 361/643 360/655 355/616
f 357/571 372/587 356/598
f 359/628 361/643 355/616
f 355/616 360/655 358/653
f 354/599 356/598 355/616
f 354/599 496/618 461/606
f 403/641 404/630 496/618
f 358/653 402/665 403/641
f 479/657 402/665 362/680
f 371/723 366/732 400/695
f 401/721 400/695 366/732
f 358/653 386/679 362/680
f 356/598 354/599 357/571
f 378/559 375/576 357/571
f 375/576 372/587 357/571
f 399/560 444/572 380/570
f 305/936 395/942 307/939
f 339/774 338/751 263/773
f 282/1040 672/1068 500/1058
f 305/756 364/733 385/741
f 371/723 363/706 365/734
f 337/729 388/717 389/702
f 339/774 311/765 338/751
f 316/949 398/945 395/942
f 397/663 269/651 349/639
f 396/638 397/663 349/639
f 388/717 337/729 394/743
f 395/942 394/952 316/949
f 394/743 337/729 313/752
f 272/742 389/702 271/720
f 395/750 388/717 394/743
f 276/681 275/666 393/642
f 269/651 268/664 392/627
f 392/627 347/652 348/640
f 407/604 392/627 348/640
f 390/644 348/640 347/652
f 392/627 349/639 269/651
f 346/656 390/644 347/652
f 347/652 343/678 346/656
f 155/684 345/669 346/656
f 343/678 341/701 154/703
f 345/669 340/692 344/693
f 344/693 276/681 345/669
f 155/684 346/656 343/678
f 340/692 345/669 155/684
f 308/1026 326/1019 301/1030
f 344/693 340/692 271/720
f 271/720 270/704 250/731
f 341/701 343/678 158/691
f 343/678 347/652 268/664
f 268/664 158/691 343/678
f 162/676 150/690 268/664
f 158/691 268/664 150/690
f 342/677 408/700 162/676
f 340/692 270/704 271/720
f 270/704 340/692 155/684
f 339/969 238/972 260/964
f 338/751 337/729 272/742
f 260/964 311/961 339/969
f 311/765 313/752 337/729
f 337/729 338/751 311/765
f 336/1027 321/1024 315/1020
f 350/1968 352/1969 353/1970
f 1596/1972 350/1968 1597/1975
f 319/1021 320/1022 326/1019
f 320/1022 300/1025 326/1019
f 320/1022 325/1028 323/1032
f 310/1038 299/1029 323/1032
f 323/1032 299/1029 320/1022
f 295/1039 297/1048 294/1057
f 307/939 318/950 317/947
f 319/1021 321/1024 320/1022
f 317/947 316/949 258/956
f 321/1024 325/1028 320/1022
f 260/964 312/958 311/961
f 260/964 258/956 312/958
f 312/958 258/956 316/949
f 321/1024 336/1027 325/1028
f 259/1042 695/1051 335/1035
f 258/956 314/963 315/960
f 335/1035 252/1043 336/1027
f 252/1043 257/1036 336/1027
f 257/1036 325/1028 336/1027
f 314/1031 335/1035 336/1027
f 332/1037 256/1061 334/1062
f 331/1044 246/1053 332/1037
f 257/1036 246/1053 331/1044
f 332/1037 333/1045 323/1032
f 1600/1992 328/1993 1604/1994
f 1595/2143 330/2144 1605/2145
f 333/1045 324/1046 323/1032
f 325/1028 332/1037 323/1032
f 257/1036 331/1044 325/1028
f 325/1028 331/1044 332/1037
f 317/1023 326/1019 308/1026
f 1602/2006 327/1998 1608/2001
f 330/2002 328/1993 327/1998
f 328/1993 329/1999 1601/1996
f 327/1998 328/1993 322/1995
f 329/1999 328/1993 330/2002
f 299/1029 310/1038 309/1047
f 297/1048 295/1039 299/1029
f 298/1033 299/1029 295/1039
f 307/939 303/941 306/937
f 301/1030 326/1019 300/1025
f 307/939 317/947 308/944
f 306/937 305/936 307/939
f 303/941 307/939 308/944
f 301/1030 303/1034 308/1026
f 303/1034 304/1041 284/1050
f 282/1040 302/1049 301/1030
f 298/1033 282/1040 301/1030
f 298/1033 300/1025 299/1029
f 296/1067 294/1057 297/1048
f 298/1033 295/1039 282/1040
f 282/1040 295/1039 294/1057
f 286/2082 293/2081 288/2085
f 286/2082 289/2089 280/2088
f 291/1811 279/1812 287/1814
f 279/1812 291/1811 292/1809
f 1616/1845 280/1840 1617/1842
f 289/1817 287/1814 279/1812
f 1617/1842 290/1836 1618/1843
f 286/2082 288/2085 287/2087
f 283/948 285/943 303/941
f 284/1050 499/1059 671/1070
f 304/1041 301/1030 302/1049
f 304/1041 302/1049 499/1059
f 283/948 303/941 284/951
f 281/1066 672/1068 282/1040
f 279/1839 278/1838 280/1840
f 278/1838 279/1839 292/1835
f 290/1836 280/1840 278/1838
f 281/1066 282/1040 294/1057
f 294/1057 674/1077 281/1066
f 1538/1977 351/1973 1593/1980
f 100/840 212/830 134/829
f 102/92 101/106 109/117
f 315/1020 314/1031 336/1027
f 188/1093 241/1084 197/1106
f 253/1071 241/1084 244/1060
f 259/1042 240/1082 253/1071
f 131/825 132/860 177/850
f 261/753 251/745 266/719
f 228/990 218/986 210/989
f 175/826 107/838 133/804
f 11/1146 59/1134 25/1154
f 750/29 126/27 139/31
f 208/995 53/1004 15/1010
f 182/791 167/801 262/813
f 193/1123 59/1134 11/1146
f 109/849 178/837 176/824
f 169/772 183/802 179/814
f 174/792 169/772 186/803
f 161/754 265/763 172/749
f 222/775 156/766 173/784
f 160/740 265/763 161/754
f 131/825 175/826 179/814
f 1620/2028 145/2029 1621/2030
f 365/938 306/937 371/940
f 170/748 164/727 165/738
f 33/165 28/185 6/174
f 58/1000 16/1009 207/1001
f 213/828 141/839 226/816
f 107/838 177/850 106/861
f 109/849 106/861 132/860
f 86/67 102/92 87/57
f 118/10 121/21 129/9
f 101/106 107/137 106/127
f 24/999 23/992 138/994
f 96/49 98/48 82/65
f 17/89 19/76 52/104
f 75/74 114/61 112/53
f 122/26 129/9 121/21
f 255/1052 252/1043 244/1060
f 54/63 57/108 46/98
f 123/47 116/40 112/53
f 198/1005 208/995 15/1010
f 44/55 47/78 51/91
f 174/792 186/803 133/804
f 27/208 28/185 274/196
f 3/155 1/187 66/175
f 260/964 259/967 258/956
f 314/963 258/956 259/967
f 385/741 395/750 305/756
f 309/1047 297/1048 299/1029
f 252/1043 255/1052 257/1036
f 253/1071 252/1043 259/1042
f 255/1052 244/1060 246/1053
f 246/1053 257/1036 255/1052
f 254/1072 256/1061 246/1053
f 246/1053 256/1061 332/1037
f 272/742 271/720 250/731
f 261/753 247/767 251/745
f 230/768 248/755 251/745
f 272/742 248/755 264/764
f 250/731 270/704 266/719
f 253/1071 240/1082 241/1084
f 155/684 277/730 266/719
f 266/719 270/704 155/684
f 266/719 251/745 250/731
f 170/748 185/760 267/771
f 269/651 342/677 162/676
f 266/719 277/730 152/718
f 172/749 265/763 160/740
f 206/993 208/995 210/989
f 264/764 249/777 238/783
f 339/774 263/773 238/783
f 235/970 240/973 259/967
f 238/783 263/773 264/764
f 237/974 235/970 260/964
f 238/972 237/974 260/964
f 259/967 260/964 235/970
f 315/1020 321/1024 319/1021
f 262/813 181/823 176/824
f 133/804 225/815 221/785
f 247/767 261/753 222/775
f 262/813 176/824 183/802
f 176/824 178/837 183/802
f 156/766 222/775 261/753
f 156/766 261/753 152/718
f 236/796 249/777 239/786
f 207/1001 206/993 58/1000
f 244/1060 241/1084 188/1093
f 230/768 239/786 249/777
f 252/1043 253/1071 244/1060
f 238/783 249/777 236/796
f 251/745 247/767 230/768
f 249/777 248/755 230/768
f 248/755 250/731 251/745
f 224/806 204/817 205/794
f 230/768 221/785 205/794
f 247/767 221/785 230/768
f 245/1085 246/1053 243/1083
f 244/1060 188/1093 243/1083
f 245/1085 254/1072 246/1053
f 244/1060 243/1083 246/1053
f 229/1105 245/1085 243/1083
f 243/1083 195/1112 229/1105
f 241/1084 242/1103 215/1111
f 197/1106 241/1084 215/1111
f 240/1082 215/1111 242/1103
f 240/1082 242/1103 241/1084
f 217/981 215/977 232/979
f 215/977 240/973 233/975
f 231/976 237/974 238/972
f 231/976 233/975 237/974
f 239/786 219/807 236/796
f 235/970 237/974 233/975
f 231/976 234/978 219/980
f 232/979 215/977 233/975
f 231/976 232/979 233/975
f 219/980 232/979 231/976
f 234/808 236/796 219/807
f 236/796 234/808 238/783
f 240/973 235/970 233/975
f 239/786 230/768 201/795
f 116/40 123/47 103/30
f 38/186 68/166 79/178
f 3/155 67/145 68/166
f 69/163 71/151 70/141
f 37/132 36/123 42/116
f 137/865 136/855 83/853
f 13/2011 39/2012 30/2013
f 211/198 6/174 41/199
f 211/198 13/184 6/174
f 6/174 28/185 41/199
f 83/853 141/839 135/852
f 14/1152 9/1160 59/1134
f 39/1017 189/1007 22/1016
f 138/994 209/988 128/998
f 200/832 214/842 128/854
f 29/1159 211/1155 41/1168
f 22/1016 189/1007 32/1011
f 52/1014 21/1015 198/1005
f 212/830 100/840 204/817
f 12/1135 13/1147 211/1155
f 58/1000 206/993 23/992
f 206/993 207/1001 208/995
f 202/984 206/993 210/989
f 207/1001 53/1004 208/995
f 205/794 204/817 203/831
f 91/86 100/99 104/100
f 206/993 202/984 23/992
f 128/854 209/841 200/832
f 52/1014 198/1005 15/1010
f 199/818 201/795 200/832
f 190/1124 13/1147 12/1135
f 193/1123 195/1112 194/1104
f 191/997 192/996 64/1006
f 189/1007 39/1017 190/1012
f 12/1135 194/1104 190/1124
f 213/828 135/852 141/839
f 224/806 212/830 204/817
f 224/806 225/815 134/829
f 110/827 134/829 225/815
f 203/831 204/817 100/840
f 223/805 201/795 230/768
f 195/1112 193/1123 229/1105
f 14/1152 59/1134 12/1135
f 187/1002 196/991 191/997
f 190/1012 187/1002 189/1007
f 196/991 216/982 228/990
f 23/992 202/984 209/988
f 197/1106 196/1114 188/1093
f 217/981 232/979 219/980
f 219/980 199/983 217/981
f 197/987 227/985 216/982
f 205/794 226/816 223/805
f 133/804 110/827 225/815
f 213/828 226/816 205/794
f 205/794 203/831 213/828
f 140/1982 135/1983 213/1984
f 224/806 221/785 225/815
f 133/804 173/784 174/792
f 230/768 205/794 223/805
f 221/785 224/806 205/794
f 201/795 223/805 142/819
f 221/785 222/775 220/793
f 133/804 220/793 173/784
f 173/784 220/793 222/775
f 221/785 220/793 133/804
f 216/982 218/986 228/990
f 219/807 239/786 201/795
f 201/795 199/818 219/807
f 215/977 227/985 197/987
f 196/991 197/987 216/982
f 187/1113 190/1124 194/1104
f 210/989 218/986 202/984
f 217/981 216/982 215/977
f 216/982 227/985 215/977
f 188/1093 187/1113 194/1104
f 59/1134 193/1123 194/1104
f 243/1083 188/1093 194/1104
f 196/1114 187/1113 188/1093
f 186/803 175/826 133/804
f 175/826 186/803 179/814
f 182/791 183/802 169/772
f 181/823 184/836 108/847
f 164/727 170/748 172/749
f 182/791 169/772 168/781
f 180/811 769/846 184/836
f 167/801 181/823 262/813
f 168/781 167/801 182/791
f 183/802 131/825 179/814
f 262/813 183/802 182/791
f 184/836 181/823 180/811
f 167/801 180/811 181/823
f 178/837 109/849 131/825
f 131/825 183/802 178/837
f 177/850 175/826 131/825
f 111/136 108/147 184/157
f 109/849 132/860 131/825
f 85/111 104/100 134/122
f 130/2045 148/2046 147/2047
f 147/2047 148/2046 1626/2050
f 171/776 173/784 156/766
f 161/754 172/749 171/776
f 174/792 173/784 171/776
f 156/766 161/754 171/776
f 171/776 172/749 169/772
f 169/772 174/792 171/776
f 160/740 157/713 164/727
f 170/748 168/781 169/772
f 267/771 168/781 170/748
f 166/789 180/811 167/801
f 170/748 169/772 172/749
f 164/727 151/712 165/738
f 157/713 160/740 153/715
f 341/701 158/691 153/715
f 161/754 152/718 159/744
f 152/718 153/715 159/744
f 153/715 160/740 159/744
f 153/715 158/691 157/713
f 155/684 154/703 152/718
f 153/715 152/718 154/703
f 152/718 277/730 155/684
f 150/690 162/676 163/699
f 150/690 163/699 151/712
f 150/690 164/727 157/713
f 150/690 157/713 158/691
f 408/700 163/699 162/676
f 145/2029 149/2031 143/2034
f 143/2034 144/2036 145/2029
f 1629/2035 144/2036 1630/2039
f 130/2045 146/2049 148/2046
f 1634/2053 130/2045 1635/2058
f 129/9 122/26 99/20
f 123/47 112/53 114/61
f 125/15 120/2 129/9
f 54/63 95/64 124/54
f 113/62 75/74 112/53
f 142/819 83/853 136/855
f 83/853 142/819 141/839
f 140/851 203/831 100/840
f 140/851 213/828 203/831
f 139/31 126/27 99/20
f 100/99 82/65 140/110
f 93/1003 138/994 128/998
f 58/1000 24/999 93/1003
f 93/1003 24/999 138/994
f 90/1985 80/1986 135/1983
f 82/65 90/102 140/110
f 85/111 134/122 110/128
f 98/48 81/75 82/65
f 104/100 100/99 134/122
f 109/117 108/147 111/136
f 85/111 110/128 101/106
f 110/128 107/137 101/106
f 106/127 109/117 101/106
f 125/15 126/27 750/29
f 125/15 752/12 120/2
f 99/20 273/37 139/31
f 44/55 45/66 98/48
f 82/65 91/86 86/67
f 88/56 96/49 86/67
f 94/41 97/36 103/30
f 102/92 86/67 101/106
f 100/99 91/86 82/65
f 98/48 45/66 84/77
f 97/36 89/42 99/20
f 99/20 125/15 129/9
f 97/36 94/41 98/48
f 88/56 89/42 96/49
f 94/41 95/64 44/55
f 84/77 92/90 17/89
f 93/115 84/77 17/89
f 45/66 92/90 84/77
f 17/89 92/90 45/66
f 82/65 86/67 96/49
f 91/86 104/100 86/67
f 177/850 132/860 106/861
f 87/57 88/56 86/67
f 87/57 89/42 88/56
f 86/67 104/100 85/111
f 83/101 81/75 84/77
f 90/102 82/65 80/87
f 82/65 81/75 80/87
f 84/1008 93/1003 128/998
f 137/865 84/869 128/854
f 83/101 80/87 81/75
f 84/77 137/112 83/101
f 84/77 81/75 98/48
f 98/48 96/49 97/36
f 98/48 94/41 44/55
f 89/42 127/43 99/20
f 87/57 127/43 89/42
f 127/43 273/37 99/20
f 95/64 54/63 47/78
f 97/36 99/20 103/30
f 99/20 126/27 125/15
f 122/26 103/30 99/20
f 103/30 123/47 94/41
f 124/54 123/47 54/63
f 124/54 94/41 123/47
f 122/26 117/33 103/30
f 1468/22 118/10 1470/16
f 117/33 121/21 1469/32
f 121/21 117/33 122/26
f 120/2 119/5 129/9
f 120/2 105/1 119/5
f 118/10 119/5 105/1
f 116/40 115/73 113/62
f 113/62 115/73 1474/84
f 116/40 117/33 1471/44
f 117/33 116/40 103/30
f 72/161 69/163 70/141
f 1477/85 113/62 1478/97
f 114/61 56/83 54/63
f 56/83 114/61 75/74
f 113/62 112/53 116/40
f 76/119 74/95 73/131
f 76/119 57/108 55/94
f 70/141 73/131 72/161
f 67/145 71/151 68/166
f 49/105 77/121 48/125
f 77/121 49/105 46/98
f 76/119 46/98 57/108
f 74/95 56/83 75/74
f 76/119 77/121 46/98
f 55/94 74/95 76/119
f 1485/191 72/161 1486/179
f 79/178 69/163 72/161
f 68/166 38/186 3/155
f 70/141 71/151 48/125
f 71/151 67/145 48/125
f 77/121 70/141 48/125
f 71/151 69/163 68/166
f 70/141 77/121 73/131
f 69/163 79/178 68/166
f 73/131 74/95 1483/120
f 56/83 74/95 55/94
f 54/63 56/83 55/94
f 54/63 55/94 57/108
f 49/105 42/116 51/91
f 38/186 2/200 3/155
f 50/146 43/135 3/155
f 53/1004 207/1001 16/1009
f 18/103 20/124 52/104
f 51/91 47/78 49/105
f 95/64 47/78 44/55
f 36/123 51/91 42/116
f 46/98 47/78 54/63
f 42/116 43/135 50/146
f 48/125 42/116 49/105
f 43/135 42/116 48/125
f 49/105 47/78 46/98
f 44/55 19/76 45/66
f 30/133 20/124 60/114
f 14/1152 29/1159 41/1168
f 7/153 30/133 34/142
f 3/155 65/154 67/145
f 37/132 42/116 50/146
f 48/125 67/145 43/135
f 43/135 67/145 65/154
f 61/156 37/132 50/146
f 30/133 40/113 34/142
f 51/91 40/113 63/88
f 64/1006 198/1005 21/1015
f 61/156 66/175 4/167
f 61/156 3/155 66/175
f 40/113 51/91 36/123
f 40/113 37/132 34/142
f 62/164 37/132 5/171
f 36/123 37/132 40/113
f 5/171 4/167 66/175
f 62/164 35/152 37/132
f 4/167 37/132 61/156
f 43/135 65/154 3/155
f 61/156 50/146 3/155
f 30/133 60/114 40/113
f 59/2073 9/2074 8/2075
f 28/185 27/208 41/199
f 13/184 7/153 6/174
f 17/1013 16/1009 58/1000
f 27/1170 10/1161 25/1154
f 27/1170 25/1154 26/1169
f 14/1152 41/1168 26/1169
f 30/2013 7/2014 13/2011
f 32/1011 64/1006 21/1015
f 22/144 31/143 30/133
f 30/2013 39/2012 22/2015
f 31/143 20/124 30/133
f 8/1163 9/1160 26/1169
f 8/1163 25/1154 59/1134
f 25/1154 8/1163 26/1169
f 23/992 24/999 58/1000
f 20/124 22/144 21/134
f 22/1016 32/1011 21/1015
f 20/124 31/143 22/144
f 17/1013 52/1014 15/1010
f 15/1010 53/1004 16/1009
f 93/2140 17/2141 58/2142
f 29/1159 12/1135 211/1155
f 14/1152 26/1169 9/1160
f 18/103 19/76 63/88
f 60/114 63/88 40/113
f 2/200 1/187 3/155
f 37/132 4/167 5/171
f 35/152 33/165 34/142
f 35/152 34/142 37/132
f 44/55 63/88 19/76
f 7/153 33/165 6/174
f 1513/1711 575/1714 1565/1717
f 597/362 485/370 486/360
f 434/1461 426/1448 433/1449
f 1563/1735 576/1732 1639/1736
f 521/1560 525/1556 523/1559
f 419/1681 414/1684 1556/1689
f 419/1681 413/1678 414/1684
f 421/894 518/913 505/914
f 395/942 398/945 307/939
f 1540/1802 693/1804 1640/1806
f 362/680 363/706 400/695
f 684/1450 648/1464 646/1451
f 465/1834 463/1823 1552/1832
f 500/1058 665/1079 666/1091
f 283/948 284/951 497/953
f 304/1041 303/1034 301/1030
f 648/1464 677/1478 675/1473
f 635/1474 636/1496 637/1490
f 630/1502 636/1496 635/1474
f 604/425 602/441 655/451
f 593/446 594/436 595/456
f 603/420 602/441 605/432
f 606/428 594/436 603/420
f 594/436 593/446 603/420
f 573/2120 623/2118 567/2117
f 583/1954 565/1956 563/1957
f 562/1880 564/1879 561/1883
f 576/2100 577/2099 1561/2101
f 580/1747 577/1750 579/1748
f 511/504 502/491 544/513
f 538/1726 539/1724 532/1720
f 509/1734 576/1732 540/1727
f 508/933 507/927 505/914
f 539/1724 538/1726 510/1730
f 534/1570 533/1565 536/1574
f 524/1553 503/1555 523/1559
f 510/517 505/511 519/502
f 507/927 504/928 506/922
f 503/1555 504/1564 507/1569
f 498/959 497/953 468/957
f 468/957 467/965 498/959
f 467/965 469/966 498/959
f 475/955 366/946 497/953
f 283/948 497/953 366/946
f 360/655 361/643 369/668
f 370/667 369/668 361/643
f 494/631 402/665 479/657
f 494/631 404/630 403/641
f 377/555 454/563 495/554
f 459/886 462/902 458/897
f 378/559 447/564 377/555
f 449/568 448/578 452/584
f 378/559 377/555 450/552
f 357/571 446/577 447/564
f 452/584 448/578 445/588
f 291/1811 288/1816 1576/1818
f 280/1840 289/1844 279/1839
f 290/1836 278/1838 464/1830
f 693/1804 292/1809 1544/1808
f 292/1835 693/1833 464/1830
f 290/1836 465/1834 1641/1837
f 464/1830 465/1834 290/1836
f 287/1814 288/1816 291/1811
f 411/1687 432/1698 1579/1699
f 439/1489 440/1500 441/1493
f 440/1691 439/1686 438/1679
f 396/638 391/614 383/615
f 383/615 391/614 379/585
f 368/683 388/717 367/716
f 356/598 384/617 406/629
f 376/595 374/597 375/576
f 378/559 399/560 380/570
f 370/667 360/655 369/668
f 356/598 359/628 355/616
f 402/665 358/653 362/680
f 269/651 397/663 342/677
f 398/945 316/949 318/950
f 338/751 264/764 263/773
f 313/954 312/958 316/949
f 317/1023 315/1020 326/1019
f 313/954 316/949 394/952
f 391/614 396/638 349/639
f 272/742 264/764 338/751
f 318/950 316/949 317/947
f 398/945 318/950 307/939
f 299/1029 300/1025 320/1022
f 1608/2001 322/1995 1643/2005
f 1589/1971 353/1970 1619/1974
f 353/1970 352/1969 351/1973
f 1598/1978 352/1969 1644/1976
f 312/958 313/954 311/961
f 314/1031 259/1042 335/1035
f 288/2133 293/2134 1591/2135
f 287/2087 289/2089 286/2082
f 238/972 234/978 231/976
f 210/989 208/995 192/996
f 192/996 228/990 210/989
f 208/995 198/1005 192/996
f 248/755 249/777 264/764
f 198/1005 64/1006 192/996
f 144/2036 143/2034 1631/2038
f 96/49 89/42 97/36
f 1472/60 116/40 1476/52
f 51/91 63/88 44/55
f 12/1135 59/1134 194/1104
f 19/76 17/89 45/66
f 200/832 209/841 199/818
f 250/731 248/755 272/742
f 152/718 261/753 266/719
f 160/740 161/754 159/744
f 217/981 199/983 202/984
f 202/984 218/986 216/982
f 209/988 138/994 23/992
f 189/1007 191/997 32/1011
f 136/855 128/854 214/842
f 12/1135 29/1159 14/1152
f 202/984 199/983 209/988
f 226/816 141/839 142/819
f 136/855 137/865 128/854
f 142/819 214/842 200/832
f 7/153 34/142 33/165
f 191/997 64/1006 32/1011
f 191/997 189/1007 187/1002
f 90/1985 135/1983 140/1982
f 192/996 191/997 228/990
f 217/981 202/984 216/982
f 142/819 200/832 201/795
f 142/819 223/805 226/816
f 194/1104 195/1112 243/1083
f 108/847 176/824 181/823
f 169/772 179/814 186/803
f 108/847 109/849 176/824
f 130/2045 147/2047 1624/2048
f 1625/2054 146/2049 1647/2060
f 164/727 172/749 160/740
f 166/789 167/801 168/781
f 164/727 150/690 151/712
f 161/754 156/766 152/718
f 1537/2033 149/2031 1620/2028
f 1470/16 105/1 1487/19
f 136/855 214/842 142/819
f 80/864 83/853 135/852
f 133/804 107/838 110/827
f 85/111 101/106 86/67
f 114/61 54/63 123/47
f 129/9 119/5 118/10
f 74/95 75/74 1477/85
f 73/131 77/121 76/119
f 72/161 73/131 1480/162
f 18/103 63/88 60/114
f 190/1012 39/1017 13/1018
f 52/104 19/76 18/103
f 18/103 60/114 20/124
f 27/1170 26/1169 41/1168
f 52/104 20/124 21/134
f 17/1013 15/1010 16/1009
f 11/1146 25/1154 10/1161
f 228/990 191/997 196/991
f 1264/1754 1273/1755 1265/1756
f 1215/1355 1212/1330 1234/1345
f 1298/1494 1286/1495 1287/1505
f 686/510 657/496 650/495
f 1081/1854 1070/1855 1064/1856
f 1075/1363 1032/1331 1026/1353
f 1261/1141 1174/1130 1232/1118
f 1238/509 1322/523 1299/514
f 1264/1754 1283/1758 1273/1755
f 1648/1588 1353/1589 1649/1590
f 1268/1606 1272/1616 1271/1607
f 1359/392 1306/382 1307/388
f 1255/1611 1256/1617 1309/1621
f 1180/1320 1221/1302 1227/1317
f 1126/1308 1338/1350 1153/1360
f 1201/1901 1198/1902 1199/1903
f 1335/1144 1324/1145 1325/1158
f 1326/1090 674/1077 294/1057
f 1329/1133 1138/1101 1186/1132
f 651/359 664/363 1349/368
f 1292/393 1306/382 1345/400
f 1292/1634 1310/1631 1304/1627
f 1294/409 1293/401 1303/408
f 1300/387 1322/381 1297/375
f 1301/369 1306/382 1297/375
f 1280/1612 1254/1604 1271/1607
f 1264/1754 1265/1756 1263/1757
f 1248/533 1251/537 1245/535
f 1286/522 1282/515 1242/521
f 1651/1620 1267/1610 1652/1619
f 1245/535 1250/540 1240/541
f 1289/1597 1270/1600 1254/1604
f 1275/1774 1284/1763 1253/1773
f 1355/1601 1352/1595 1288/1594
f 1358/1642 1361/1643 1655/1644
f 687/364 1301/369 1297/375
f 1299/514 1246/505 661/494
f 1323/376 686/366 687/364
f 1330/1122 1327/1100 1138/1101
f 1350/1605 1351/1608 1355/1601
f 294/1057 1122/1078 1326/1090
f 1259/1055 1188/1056 310/1038
f 1214/1372 1217/1354 1077/1364
f 1070/1253 1211/1315 1210/1300
f 1087/1371 1084/1379 1214/1372
f 1236/1054 1106/1087 1043/1096
f 1077/1864 1065/1859 1074/1862
f 1234/1961 1217/1962 1204/1963
f 1217/1962 1213/1965 1204/1963
f 1039/1415 1079/1416 1048/1417
f 1221/1302 1199/1303 1200/1277
f 1181/1890 1166/1891 1157/1892
f 309/1047 1182/1065 1184/1064
f 1040/1108 1042/1127 1041/1117
f 651/359 1301/369 687/364
f 1185/1150 1324/1145 1329/1133
f 1071/1344 1211/1315 1081/1329
f 1281/501 1246/505 1282/515
f 1355/1601 1289/1597 1350/1605
f 1268/1606 1267/1610 1266/1615
f 1152/1224 1150/1234 1147/1215
f 1354/1648 1357/1651 1358/1642
f 1356/1654 1357/1651 1354/1648
f 1650/1592 1352/1595 1653/1598
f 1350/1605 1254/1604 1255/1611
f 1661/1778 1291/1770 1662/1775
f 1554/1492 691/1498 1664/1504
f 691/1498 681/1479 1240/1491
f 1355/1658 1356/1654 1660/1661
f 1352/1595 1353/1589 1288/1594
f 1351/1608 1350/1605 1319/1613
f 1351/1655 1357/1651 1355/1658
f 1350/1605 1255/1611 1319/1613
f 1361/1643 1358/1642 1362/1646
f 1355/1658 1357/1651 1356/1654
f 1659/1657 1354/1648 1666/1653
f 1292/1634 1304/1627 1303/1630
f 1351/1655 1319/1659 1358/1642
f 1358/1642 1357/1651 1351/1655
f 1354/1648 1358/1642 1656/1645
f 1201/1901 1197/1907 1196/1905
f 1358/1642 1316/1662 1360/1663
f 1294/409 1303/408 1296/416
f 1343/398 1359/392 1307/388
f 1344/1337 1342/1324 1343/1336
f 1333/391 1331/396 1347/386
f 1338/1350 1344/1337 1337/1361
f 1339/1378 1340/1385 1148/1377
f 1307/1359 1308/1376 1337/1361
f 1339/1378 1347/1384 1331/1388
f 1342/1324 1344/1337 1126/1308
f 1308/1376 1339/1378 1337/1361
f 1347/386 1348/380 1333/391
f 1347/1384 1339/1378 1308/1376
f 1307/1359 1344/1337 1343/1336
f 1342/1324 1341/1307 1343/1336
f 1119/1294 1341/1307 1342/1324
f 1120/1283 1119/1294 1117/1272
f 1133/1925 1134/1926 1130/1927
f 1133/2022 1129/2023 1332/2024
f 1129/2023 1340/2026 1332/2024
f 1124/1947 1125/1948 1127/1949
f 1336/1369 1338/1350 1337/1361
f 1126/1308 1344/1337 1338/1350
f 1336/1369 1148/1377 1153/1360
f 1325/1158 1185/1150 1137/1166
f 1137/1166 1133/1183 1333/1175
f 1333/1175 1334/1167 1137/1166
f 1331/1388 1340/1385 1339/1378
f 1133/2022 1332/2024 1333/2025
f 1331/2027 1333/2025 1332/2024
f 310/1038 1188/1056 309/1047
f 1329/1133 1324/1145 1330/1122
f 1138/1101 1122/1078 1151/1089
f 689/374 1349/368 664/363
f 1326/1090 1122/1078 1327/1100
f 1185/1150 1325/1158 1324/1145
f 1138/1101 1329/1133 1330/1122
f 1348/1151 1334/1167 1333/1175
f 1301/369 1348/380 1347/386
f 1186/1132 1185/1150 1329/1133
f 1126/1951 1127/1949 1125/1948
f 1140/1434 1136/1436 1146/1435
f 1349/1120 1330/1122 1335/1144
f 1326/1090 1328/1098 674/1077
f 1334/1167 1348/1151 1325/1158
f 1327/1100 1330/1122 1349/1120
f 667/1099 674/1077 1328/1098
f 689/1121 1328/1098 1349/1120
f 1327/1100 1349/1120 1328/1098
f 1349/368 1301/369 651/359
f 1348/380 1301/369 1349/368
f 1349/1120 1335/1144 1348/1151
f 1308/390 1301/369 1347/386
f 1309/1621 1319/1613 1255/1611
f 1319/1659 1316/1662 1358/1642
f 1345/400 1306/382 1346/407
f 1309/1621 1316/1625 1319/1613
f 1317/1633 1311/1629 1318/1636
f 1309/1621 1311/1629 1316/1625
f 1318/1636 1311/1629 1314/1635
f 1312/1639 1314/1635 1313/1638
f 1310/1631 1311/1629 1309/1621
f 1304/1627 1310/1631 1309/1621
f 1301/369 1308/390 1307/388
f 1306/382 1301/369 1307/388
f 1305/389 1294/409 1279/404
f 1278/534 1285/532 1300/526
f 1304/1627 1256/1617 1303/1630
f 1299/514 1322/523 1300/526
f 1298/1494 1287/1505 1244/1499
f 1253/539 1248/533 1275/536
f 1256/1617 1295/1622 1296/1626
f 1303/408 1293/401 1292/393
f 1305/389 1293/401 1294/409
f 1322/381 687/364 1297/375
f 1300/526 1320/531 1321/520
f 687/364 1322/381 1323/376
f 657/496 686/510 1323/516
f 1299/514 661/494 1238/509
f 1238/509 1323/516 1322/523
f 1300/526 1285/532 1320/531
f 1300/387 1297/375 1305/389
f 1285/532 1278/534 1275/536
f 1305/389 1277/397 1300/387
f 1280/414 1279/404 1302/413
f 1246/505 1281/501 641/484
f 1246/505 641/484 661/494
f 1300/526 1321/520 1299/514
f 1321/520 1246/505 1299/514
f 1321/520 1247/527 1246/505
f 1285/532 1248/533 1247/527
f 1320/531 1285/532 1247/527
f 1321/520 1320/531 1247/527
f 1295/1622 1254/1604 1302/1618
f 1279/404 1277/397 1305/389
f 1294/409 1295/417 1302/413
f 1294/409 1302/413 1279/404
f 1254/1604 1280/1612 1302/1618
f 1276/411 1277/397 1279/404
f 1271/1607 1272/1616 1280/1612
f 1286/1495 1242/1509 1287/1505
f 698/1486 639/1497 1286/1495
f 1298/1494 1239/1485 1286/1495
f 1248/533 1285/532 1275/536
f 1246/505 1242/521 1282/515
f 1273/1755 1283/1758 1284/1763
f 1252/1769 1284/1763 1283/1758
f 1278/1777 1274/1764 1275/1774
f 639/507 1281/501 1282/515
f 1239/1485 698/1486 1286/1495
f 1281/501 639/507 631/492
f 1286/522 639/507 1282/515
f 1277/397 1276/411 1278/405
f 1280/414 1276/411 1279/404
f 1276/411 1280/414 1274/415
f 1300/387 1277/397 1278/405
f 1274/415 1278/405 1276/411
f 1280/1612 1272/1616 1274/1623
f 1275/1774 1274/1764 1284/1763
f 639/507 637/506 631/492
f 1274/1764 1266/1759 1273/1755
f 1274/1623 1272/1616 1266/1615
f 1266/1615 1272/1616 1268/1606
f 1270/1600 1268/1606 1271/1607
f 1268/1606 1270/1600 1269/1603
f 1274/1764 1273/1755 1284/1763
f 1251/1762 1252/1769 1283/1758
f 1290/1760 1263/1757 1671/1766
f 1263/1757 1265/1756 1670/1761
f 1264/1754 1249/1765 1251/1762
f 1264/1754 1251/1762 1283/1758
f 1264/1754 1263/1757 1290/1760
f 1249/1765 1264/1754 1290/1760
f 1240/541 1250/540 1663/542
f 1240/541 1244/538 1245/535
f 1290/1760 1291/1770 1249/1765
f 1269/1603 1257/1591 1677/1602
f 1284/1763 1252/1769 1253/1773
f 1269/1603 1267/1610 1268/1606
f 1254/1604 1270/1600 1271/1607
f 1674/1614 1269/1603 1679/1609
f 1662/1775 1290/1760 1680/1776
f 1257/1591 1289/1597 1288/1594
f 1251/537 1250/540 1245/535
f 1288/1594 1353/1589 1257/1591
f 1270/1600 1257/1591 1269/1603
f 681/1479 675/1473 1241/1487
f 1256/1617 1255/1611 1254/1604
f 1254/1604 1350/1605 1289/1597
f 1254/1604 1295/1622 1256/1617
f 1251/537 1248/533 1253/539
f 1253/1773 1252/1769 1251/1762
f 1291/1770 1250/1772 1249/1765
f 1247/527 1248/533 1243/528
f 1246/505 1247/527 1243/528
f 1248/533 1245/535 1243/528
f 1243/1508 1244/1499 1287/1505
f 1241/1487 1298/1494 1244/1499
f 1246/505 1243/528 1242/521
f 1241/1487 1239/1485 1298/1494
f 1240/1491 1241/1487 1244/1499
f 681/1479 1241/1487 1240/1491
f 691/1498 1240/1491 1683/1503
f 1241/1487 675/1473 1239/1485
f 675/1473 681/1479 680/1468
f 675/1473 677/1478 1239/1485
f 698/1486 1239/1485 677/1478
f 1281/501 631/492 641/484
f 1323/516 1238/509 657/496
f 661/494 657/496 1238/509
f 1236/1054 1237/1088 1260/1074
f 1262/1109 1187/1075 1237/1088
f 1232/1118 1262/1109 1043/1096
f 1262/1109 1232/1118 1142/1097
f 1224/1426 1161/1429 1189/1428
f 1261/1430 1189/1428 1174/1432
f 1259/1055 1260/1074 1187/1075
f 1190/1212 1162/1221 1164/1203
f 1140/1434 1146/1435 1145/1433
f 1237/1088 1043/1096 1262/1109
f 1259/1055 310/1038 324/1046
f 1236/1054 1260/1074 1258/1063
f 1259/1055 324/1046 1258/1063
f 1258/1063 1260/1074 1259/1055
f 333/1045 1236/1054 1258/1063
f 256/1061 1102/1086 334/1062
f 324/1046 333/1045 1258/1063
f 1178/1292 1180/1320 1111/1321
f 1224/1426 1189/1428 1233/1427
f 1261/1430 1233/1427 1189/1428
f 334/1062 1104/1073 1236/1054
f 1235/1425 1078/1423 1069/1421
f 1102/1086 1104/1073 334/1062
f 1224/1426 1235/1425 1069/1421
f 1069/1276 1068/1252 1070/1253
f 1127/1932 1126/1933 1132/1931
f 1043/1096 1237/1088 1236/1054
f 1223/1268 1222/1254 1161/1232
f 1043/1096 1235/1129 1232/1118
f 1224/1426 1233/1427 1235/1425
f 1217/1354 1234/1345 1211/1315
f 1235/1129 1233/1140 1232/1118
f 1069/1276 1103/1287 1224/1279
f 1183/1076 1187/1075 1142/1097
f 1236/1054 333/1045 332/1037
f 1214/1372 1213/1368 1217/1354
f 1219/1375 1203/1348 1218/1381
f 1084/1379 1082/1387 1219/1375
f 1218/1381 1214/1372 1084/1379
f 1211/1315 1071/1344 1217/1354
f 1207/1935 1115/1936 1216/1937
f 1215/1964 1204/1963 1208/1966
f 1234/1961 1204/1963 1215/1964
f 1210/1300 1103/1287 1070/1253
f 1234/1345 1212/1330 1211/1315
f 1212/1397 1207/1398 1210/1399
f 1103/1287 1210/1300 1209/1280
f 1114/2063 1208/2064 1205/2065
f 1207/1398 1206/1400 1115/1401
f 1204/1963 1213/1965 1205/1967
f 1208/1966 1204/1963 1205/1967
f 1118/1950 1117/1953 1125/1948
f 1117/1272 1118/1247 1121/1258
f 1111/1321 1180/1320 1203/1348
f 1111/1321 1203/1348 1202/1357
f 1209/1938 1216/1937 1229/1940
f 1230/1939 1216/1937 1115/1936
f 1178/1292 1172/1281 1197/1271
f 1203/1348 1180/1320 1205/1356
f 1231/2066 1114/2063 1205/2065
f 1207/1935 1216/1937 1209/1938
f 1205/1356 1180/1320 1231/1346
f 1180/1320 1227/1317 1231/1346
f 1115/1401 1206/1400 1113/1402
f 1215/1355 1208/1380 1113/1374
f 1209/1280 1223/1268 1103/1287
f 1224/1279 1103/1287 1223/1268
f 1221/1302 1200/1277 1191/1290
f 1230/1332 1226/1304 1229/1318
f 1230/1939 1229/1940 1216/1937
f 1209/1938 1229/1940 1192/1941
f 1226/1304 1192/1278 1229/1318
f 1227/1317 1225/1333 1228/1347
f 1225/1333 1227/1317 1226/1304
f 1190/1431 1189/1428 1161/1429
f 1200/1277 1193/1267 1191/1290
f 1192/1278 1193/1267 1222/1254
f 1222/1254 1223/1268 1209/1280
f 1221/1302 1178/1292 1197/1271
f 1221/1904 1201/1901 1199/1903
f 1200/1277 1163/1244 1193/1267
f 1158/1896 1166/1891 1176/1895
f 1154/1893 1166/1891 1181/1890
f 1177/1305 1111/1321 1179/1334
f 1172/1281 1178/1292 1177/1305
f 1111/1321 1177/1305 1178/1292
f 1175/1233 1164/1203 1162/1221
f 1175/1899 1159/1900 1176/1895
f 1164/1898 1176/1895 1154/1893
f 1173/1131 1142/1097 1174/1130
f 1170/1282 1160/1257 1172/1281
f 1165/1394 1158/1395 1168/1393
f 1172/1281 1169/1293 1170/1282
f 1177/1305 1169/1293 1172/1281
f 1171/1306 1120/1283 1169/1293
f 1121/1258 1160/1257 1170/1282
f 1170/1282 1169/1293 1121/1258
f 1121/1258 1118/1247 1150/1234
f 1165/1894 1157/1892 1166/1891
f 1164/1203 1156/1195 1140/1182
f 1161/1232 1163/1244 1162/1221
f 1150/1234 1160/1257 1121/1258
f 1167/1246 1160/1257 1150/1234
f 1159/1900 1158/1896 1176/1895
f 1149/1204 1156/1195 1155/1213
f 1149/1204 1155/1213 1154/1222
f 1126/1409 1153/1410 1135/1411
f 1126/1933 1135/1930 1132/1931
f 1147/1215 1123/1196 1149/1204
f 1162/1221 1163/1244 1175/1233
f 1164/1898 1175/1899 1176/1895
f 1140/1182 1156/1195 1144/1188
f 1164/1203 1154/1222 1155/1213
f 1154/1893 1176/1895 1166/1891
f 1175/1233 1168/1255 1159/1269
f 1168/1393 1158/1395 1159/1396
f 1152/1224 1167/1246 1150/1234
f 1152/1224 1181/1245 1157/1256
f 1195/1392 1165/1394 1168/1393
f 1195/1906 1199/1903 1198/1902
f 1167/1246 1157/1256 1196/1270
f 1152/1224 1157/1256 1167/1246
f 1196/1905 1194/1908 1198/1902
f 1197/1271 1172/1281 1160/1257
f 1163/1244 1168/1255 1175/1233
f 1160/1257 1167/1246 1197/1271
f 1165/1910 1194/1908 1196/1905
f 1165/1894 1196/1897 1157/1892
f 1165/1910 1195/1906 1194/1908
f 1191/1290 1193/1267 1192/1278
f 1183/1076 1182/1065 1188/1056
f 309/1047 1188/1056 1182/1065
f 1174/1130 1145/1142 1173/1131
f 1145/1433 1174/1432 1190/1431
f 1162/1221 1190/1212 1161/1232
f 1142/1097 1232/1118 1174/1130
f 1183/1076 1188/1056 1187/1075
f 1142/1097 1187/1075 1262/1109
f 1186/1132 1136/1149 1185/1150
f 1173/1131 1145/1142 1141/1119
f 1183/1076 1151/1089 1182/1065
f 297/1048 1184/1064 296/1067
f 1151/1089 1183/1076 1142/1097
f 1151/1089 1142/1097 1138/1101
f 1131/1929 1134/1926 1133/1925
f 1153/1410 1148/1412 1135/1411
f 1148/1412 1130/1413 1135/1411
f 1127/1223 1128/1214 1123/1196
f 1147/1952 1118/1950 1124/1947
f 1123/1196 1144/1188 1149/1204
f 1145/1433 1146/1435 1143/1437
f 1139/1174 1144/1188 1133/1183
f 1139/1174 1140/1182 1144/1188
f 1143/1143 1141/1119 1145/1142
f 1142/1097 1141/1119 1138/1101
f 1137/1166 1139/1174 1133/1183
f 1136/1149 1140/1182 1139/1174
f 1139/1174 1137/1166 1136/1149
f 1131/1205 1133/1183 1123/1196
f 1134/1926 1131/1929 1135/1930
f 1131/1929 1127/1932 1132/1931
f 1130/1927 1129/1928 1133/1925
f 1131/1929 1128/1934 1127/1932
f 1327/1100 1122/1078 1138/1101
f 1117/1953 1126/1951 1125/1948
f 1123/1196 1147/1215 1124/1225
f 294/1057 296/1067 1122/1078
f 1126/1308 1117/1272 1119/1294
f 1124/1947 1118/1950 1125/1948
f 1121/1258 1169/1293 1120/1283
f 1123/1196 1128/1214 1131/1205
f 1120/1283 1341/1307 1119/1294
f 1054/1228 1061/1217 1109/1200
f 1087/1371 1077/1364 1075/1363
f 1002/1275 1007/1274 1003/1299
f 1035/1241 1098/1264 1080/1251
f 857/301 854/310 929/290
f 1070/1253 1076/1231 1107/1243
f 1059/1165 1058/1181 1034/1173
f 850/232 844/233 888/245
f 1348/1151 1335/1144 1325/1158
f 1070/1253 1068/1252 1076/1231
f 952/270 875/271 968/253
f 845/256 837/276 889/258
f 1105/1095 254/1072 1093/1107
f 1009/1194 1091/1187 1010/1201
f 1018/2090 1017/2091 1112/2092
f 873/173 869/181 872/197
f 915/2076 854/2077 852/2078
f 1011/1911 1012/1912 1099/1913
f 1037/1220 1080/1251 1107/1243
f 1103/1287 1069/1276 1070/1253
f 1008/1202 1011/1230 1037/1220
f 1067/1861 1073/1858 1063/1860
f 1116/2068 1115/2070 1113/2067
f 1208/2064 1114/2063 1113/2067
f 1149/1204 1152/1224 1147/1215
f 1038/1148 1042/1127 1047/1137
f 1070/1855 1073/1858 1064/1856
f 1014/1249 1112/1237 1061/1217
f 976/1295 1020/1273 1055/1260
f 1018/1922 1005/1921 1015/1915
f 1089/1179 941/1190 878/1185
f 878/1185 1096/1172 1089/1179
f 996/211 994/204 997/190
f 868/182 870/194 876/172
f 969/230 861/217 860/206
f 1099/1913 1006/1914 1011/1911
f 1061/1217 1054/1228 1053/1236
f 1056/1218 1109/1200 1100/1210
f 884/183 33/165 873/173
f 898/1197 886/1189 887/1184
f 898/1197 887/1184 883/1176
f 859/274 856/272 863/254
f 1090/1193 1058/1181 943/1192
f 1052/1239 932/1263 1055/1260
f 916/343 908/324 904/339
f 865/244 864/273 847/267
f 840/323 851/320 1108/335
f 908/324 909/341 913/332
f 949/243 846/265 833/246
f 1029/1863 1067/1861 1063/1860
f 1105/1095 1093/1107 1040/1108
f 1101/1125 193/1123 1045/1136
f 1093/1107 1062/1126 1040/1108
f 1030/1265 1063/1266 1107/1243
f 1105/1095 1040/1108 1106/1087
f 1043/1096 1041/1117 1078/1128
f 1105/1095 1104/1073 1102/1086
f 1032/2103 1075/2104 1029/2105
f 1105/1095 1106/1087 1104/1073
f 1102/1086 256/1061 254/1072
f 254/1072 1105/1095 1102/1086
f 1042/1127 1048/1138 1041/1117
f 1093/1107 1094/1116 1101/1125
f 1101/1125 1094/1116 1095/1115
f 11/1146 881/1153 193/1123
f 229/1105 1101/1125 1095/1115
f 1092/1094 1095/1115 1094/1116
f 254/1072 1092/1094 1093/1107
f 1101/1125 1062/1126 1093/1107
f 1045/1136 1062/1126 1101/1125
f 1038/1420 1033/1422 1039/1415
f 1092/1094 254/1072 245/1085
f 1092/1094 1094/1116 1093/1107
f 72/161 78/205 997/190
f 985/213 995/214 984/240
f 959/268 960/250 991/261
f 985/213 997/190 78/205
f 994/204 993/212 79/178
f 897/1206 941/1190 886/1189
f 979/209 978/227 990/221
f 881/1153 882/1162 193/1123
f 1046/1156 885/1178 1089/1179
f 920/291 890/281 856/272
f 904/1286 932/1263 916/1262
f 929/290 924/280 857/301
f 971/207 866/218 858/231
f 918/1865 937/1866 925/1867
f 274/196 942/219 27/208
f 27/208 942/219 974/234
f 849/195 850/232 942/219
f 10/1161 881/1153 11/1146
f 1100/1210 1090/1193 943/1192
f 193/1123 1046/1156 1045/1136
f 229/1105 193/1123 1101/1125
f 1060/1164 1059/1165 1044/1157
f 1091/1187 1009/1194 1034/1173
f 933/1325 945/1309 900/1296
f 1024/1285 1013/1261 1020/1273
f 1035/1241 1037/1220 1011/1230
f 1055/1260 1097/1259 1053/1236
f 1099/1913 1012/1912 1015/1915
f 1058/1181 1060/1164 1057/1180
f 1097/1259 1055/1260 1020/1273
f 1061/1217 1053/1236 1014/1249
f 1055/1260 900/1296 945/1309
f 1007/1274 1002/1275 1098/1264
f 1096/1172 1057/1180 1060/1164
f 1046/1156 1089/1179 1096/1172
f 1058/1181 1090/1193 1091/1187
f 1014/1249 1097/1259 1020/1273
f 1112/1237 1017/1229 1061/1217
f 1096/1172 1060/1164 1046/1156
f 1057/1180 880/1186 944/1191
f 856/272 890/281 845/256
f 1052/1239 1054/1228 1056/1218
f 932/1263 902/1284 1055/1260
f 925/1867 937/1866 915/1870
f 1056/1218 1054/1228 1109/1200
f 1052/1239 1055/1260 1053/1236
f 1050/1338 933/1325 1051/1351
f 838/304 903/331 908/324
f 899/275 972/282 939/292
f 972/2041 905/2042 943/2043
f 1022/1312 1023/1297 1020/1273
f 1026/1353 1084/1379 1087/1371
f 1026/1353 1085/1382 1084/1379
f 1082/1387 1084/1379 1083/1390
f 1217/1354 1071/1344 1077/1364
f 1203/1348 1214/1372 1218/1381
f 1077/1364 1071/1344 1072/1373
f 1033/1211 1037/1220 1076/1231
f 1070/1253 1081/1329 1211/1315
f 1076/1231 1068/1252 1039/1242
f 1028/2106 1036/2108 1032/2103
f 1029/2105 1075/2104 1074/2107
f 1075/1363 1077/1364 1074/1383
f 1065/1859 1067/1861 1074/1862
f 1065/1859 1064/1856 1067/1861
f 1064/1856 1073/1858 1067/1861
f 1066/1857 1081/1854 1064/1856
f 1071/1405 1066/1404 1065/1406
f 1070/1253 1107/1243 1063/1266
f 1063/1860 1073/1858 1070/1855
f 1066/1857 1064/1856 1065/1859
f 1063/1266 1030/1265 1029/1289
f 1038/1148 1059/1165 1034/1173
f 1029/2105 1028/2106 1032/2103
f 1080/1251 1030/1265 1107/1243
f 1107/1243 1076/1231 1037/1220
f 1076/1231 1039/1242 1033/1211
f 1037/1220 1035/1241 1080/1251
f 1031/1314 1027/1316 1002/1275
f 1002/1275 1027/1316 1036/1301
f 1007/1274 1098/1264 1035/1241
f 1033/1211 1034/1173 1008/1202
f 1015/1915 1016/1918 1018/1922
f 1005/1298 1031/1314 1003/1299
f 1030/1265 1028/1288 1029/1289
f 1032/1331 1021/1313 1026/1353
f 1032/1331 1027/1316 1021/1313
f 1025/1310 1088/1327 1020/1273
f 1020/1273 1023/1297 1024/1285
f 1016/1918 1015/1915 1012/1912
f 1005/1298 1013/1261 1024/1285
f 1021/1313 1023/1297 1022/1312
f 1017/1229 1012/1219 1010/1201
f 1018/2090 1112/2092 1013/2093
f 1006/1914 1007/1917 1011/1911
f 1016/1240 1012/1219 1017/1229
f 1027/1316 1031/1314 1005/1298
f 1018/1922 1013/1924 1005/1921
f 1005/1921 1004/1916 1015/1915
f 1112/1237 1014/1249 1013/1261
f 1020/1273 1013/1261 1014/1249
f 1010/1201 1061/1217 1017/1229
f 1011/1230 1008/1202 1012/1219
f 1010/1201 1008/1202 1009/1194
f 1012/1219 1008/1202 1010/1201
f 1034/1173 1009/1194 1008/1202
f 1006/1914 1003/1919 1007/1917
f 1004/1916 1049/1923 1003/1919
f 1002/1275 1003/1299 1031/1314
f 1008/1202 1037/1220 1033/1211
f 1034/1424 1033/1422 1038/1420
f 1040/1108 1062/1126 1045/1136
f 1060/1164 1044/1157 1045/1136
f 1058/1181 1091/1187 1034/1173
f 1060/1164 1058/1181 1059/1165
f 1038/1148 1047/1137 1044/1157
f 1043/1096 1106/1087 1040/1108
f 1039/1415 1042/1418 1038/1420
f 1041/1117 1043/1096 1040/1108
f 995/214 78/205 1485/191
f 79/178 992/215 2/200
f 983/277 984/240 982/269
f 1490/306 1000/297 1491/286
f 875/271 862/288 950/279
f 998/326 957/308 1001/307
f 999/317 998/326 1001/307
f 1001/307 982/269 1000/297
f 1491/286 982/269 1493/278
f 982/269 1001/307 954/298
f 999/317 1001/307 1000/297
f 991/261 987/249 984/240
f 994/204 79/178 997/190
f 951/285 982/269 954/298
f 79/178 72/161 997/190
f 985/213 989/239 996/211
f 985/213 996/211 997/190
f 1494/262 984/240 1495/251
f 987/249 988/225 986/224
f 984/240 987/249 986/224
f 991/261 984/240 983/277
f 1495/251 995/214 1496/241
f 993/212 994/204 988/225
f 988/225 961/235 993/212
f 991/261 983/277 959/268
f 984/240 986/224 985/213
f 986/224 989/239 985/213
f 982/269 951/285 983/277
f 951/285 959/268 983/277
f 967/252 969/230 980/228
f 873/173 872/197 849/195
f 978/227 979/209 961/235
f 875/271 874/299 953/300
f 951/285 874/299 875/271
f 967/252 952/270 968/253
f 954/298 1001/307 957/308
f 964/263 960/250 959/268
f 979/209 2/200 992/215
f 962/216 978/227 961/235
f 965/192 978/227 962/216
f 978/227 965/192 990/221
f 62/164 977/180 868/182
f 971/207 832/220 872/197
f 870/194 871/193 876/172
f 965/192 966/201 990/221
f 35/152 876/172 869/181
f 868/182 876/172 62/164
f 961/235 979/209 992/215
f 66/175 1/187 966/201
f 988/225 991/261 960/250
f 964/263 963/242 960/250
f 992/215 993/212 961/235
f 979/2109 990/2110 966/2111
f 966/201 1/187 979/209
f 860/206 868/182 977/180
f 967/252 980/228 963/242
f 5/171 66/175 965/192
f 962/216 980/228 860/206
f 963/242 964/263 967/252
f 977/180 965/192 860/206
f 948/309 862/288 953/300
f 875/271 970/255 968/253
f 884/183 849/195 274/196
f 5/171 977/180 62/164
f 868/182 971/207 870/194
f 923/266 970/255 875/271
f 968/253 867/229 969/230
f 969/230 967/252 968/253
f 970/255 867/229 968/253
f 965/192 962/216 860/206
f 66/175 966/201 965/192
f 952/270 964/263 959/268
f 961/235 963/242 962/216
f 963/242 961/235 960/250
f 951/285 952/270 959/268
f 874/299 951/285 957/308
f 957/308 955/334 958/327
f 955/334 957/308 956/333
f 875/271 952/270 951/285
f 929/1873 930/1876 891/1878
f 847/267 864/273 950/279
f 942/219 274/196 849/195
f 949/243 866/218 863/254
f 862/288 948/309 947/319
f 865/244 970/255 923/266
f 953/300 981/318 948/309
f 854/1874 937/1866 929/1873
f 835/289 847/267 946/302
f 976/1295 945/1309 933/1325
f 914/1227 909/1248 931/1238
f 849/195 832/220 844/233
f 943/1192 1057/1180 944/1191
f 911/313 840/323 841/314
f 889/258 837/276 975/284
f 905/315 972/282 838/304
f 924/280 847/267 835/289
f 926/1846 927/1847 911/1848
f 975/284 836/295 894/296
f 855/264 846/265 949/243
f 866/218 949/243 858/231
f 942/219 888/245 974/234
f 899/275 889/258 972/282
f 942/219 850/232 888/245
f 890/281 920/291 836/295
f 883/2148 973/2149 882/2150
f 906/1226 913/1235 938/1216
f 898/257 974/234 889/258
f 887/1184 973/1177 883/1176
f 897/283 899/275 896/294
f 845/256 846/265 856/272
f 972/1208 944/1191 939/1199
f 943/1192 944/1191 972/1208
f 906/340 905/315 913/332
f 885/1178 886/1189 941/1190
f 855/264 949/243 863/254
f 884/183 873/173 849/195
f 891/1878 930/1876 920/1877
f 856/272 891/287 920/291
f 909/341 908/324 916/343
f 911/313 841/314 893/293
f 915/1870 937/1866 854/1874
f 909/1248 914/1227 913/1235
f 840/323 912/336 851/320
f 838/304 972/282 893/293
f 893/293 894/296 911/313
f 910/346 907/349 901/347
f 914/1227 938/1216 913/1235
f 943/2043 905/2042 906/2044
f 904/339 903/331 902/344
f 910/346 901/347 902/344
f 900/1296 902/1284 901/1311
f 897/283 898/257 899/275
f 889/258 899/275 898/257
f 836/1853 895/1852 894/1851
f 889/258 975/284 894/296
f 892/1849 895/1852 836/1853
f 847/267 859/274 863/254
f 890/281 837/276 845/256
f 889/258 888/245 845/256
f 886/1189 885/1178 887/1184
f 33/165 884/183 274/196
f 33/165 274/196 28/185
f 27/208 974/234 883/247
f 10/1161 27/1170 883/1176
f 882/1162 10/1161 883/1176
f 882/1162 881/1153 10/1161
f 886/1189 898/1197 897/1206
f 879/1207 878/1185 877/1198
f 838/304 908/324 905/315
f 887/1184 940/1171 973/1177
f 940/1171 887/1184 885/1178
f 939/1199 944/1191 880/1186
f 938/1216 943/1192 906/1226
f 896/1209 939/1199 880/1186
f 943/1192 938/1216 1100/1210
f 894/1851 895/1852 892/1849
f 935/1362 933/1325 936/1352
f 933/1325 901/1311 934/1341
f 901/1311 933/1325 900/1296
f 908/324 903/331 904/339
f 932/1263 904/1286 902/1284
f 931/1238 916/1262 932/1263
f 893/293 972/282 889/258
f 931/1238 909/1248 916/1262
f 919/1869 930/1876 929/1873
f 919/1869 920/1877 930/1876
f 911/1848 927/1847 912/1850
f 925/1867 915/1870 927/1871
f 891/287 859/274 929/290
f 847/267 924/280 859/274
f 917/312 862/288 928/322
f 937/1866 919/1869 929/1873
f 920/1877 919/1869 836/1875
f 919/1869 918/1865 892/1872
f 919/1869 892/1872 836/1875
f 927/2079 915/2076 852/2078
f 894/1851 892/1849 911/1848
f 892/1872 918/1865 926/1868
f 926/1868 925/1867 927/1871
f 925/1867 926/1868 918/1865
f 892/1849 926/1846 911/1848
f 918/1865 919/1869 937/1866
f 903/331 838/304 842/338
f 903/331 842/338 922/342
f 951/285 954/298 957/308
f 950/279 864/273 923/266
f 862/288 847/267 950/279
f 867/229 865/244 866/218
f 921/345 903/331 922/342
f 872/197 870/194 971/207
f 832/220 849/195 872/197
f 860/206 980/228 969/230
f 962/216 963/242 980/228
f 5/171 965/192 977/180
f 876/172 871/193 869/181
f 971/207 868/182 866/218
f 869/181 873/173 35/152
f 869/181 871/193 870/194
f 866/218 868/182 867/229
f 866/218 865/244 863/254
f 865/244 923/266 864/273
f 863/254 865/244 847/267
f 862/288 917/312 848/303
f 875/271 953/300 862/288
f 950/279 923/266 875/271
f 35/152 62/164 876/172
f 868/182 861/217 867/229
f 33/165 35/152 873/173
f 868/182 860/206 861/217
f 974/234 888/245 889/258
f 858/231 949/243 833/246
f 855/264 863/254 856/272
f 851/320 854/310 835/289
f 853/321 851/320 835/289
f 859/274 924/280 929/290
f 912/336 852/329 851/320
f 850/232 849/195 844/233
f 847/267 862/288 848/303
f 856/272 846/265 855/264
f 844/233 833/246 845/256
f 833/246 846/265 845/256
f 854/310 857/301 835/289
f 851/320 852/329 854/310
f 883/247 974/234 898/257
f 842/338 838/304 843/337
f 838/304 841/314 840/323
f 838/304 840/323 839/330
f 836/295 975/284 837/276
f 837/276 890/281 836/295
f 832/220 858/231 833/246
f 1053/1236 1054/1228 1052/1239
f 1190/1431 1140/1434 1145/1433
f 1143/1437 1146/1435 1136/1436
f 1186/1132 1143/1143 1136/1149
f 1344/1337 1307/1359 1337/1361
f 1340/1385 1129/1389 1148/1377
f 1126/1308 1119/1294 1342/1324
f 1292/393 1293/401 1305/389
f 1288/1594 1289/1597 1355/1601
f 1232/1118 1233/1140 1261/1141
f 1140/1182 1190/1212 1164/1203
f 1227/1317 1221/1302 1191/1290
f 1259/1055 1187/1075 1188/1056
f 1182/1065 1151/1089 1184/1064
f 1324/1145 1335/1144 1330/1122
f 1081/1403 1066/1404 1071/1405
f 1654/1665 1355/1658 1665/1664
f 1295/417 1294/409 1296/416
f 1296/1626 1303/1630 1256/1617
f 1148/1377 1336/1369 1339/1378
f 1120/1283 1117/1272 1121/1258
f 1148/1412 1129/1414 1130/1413
f 1338/1350 1336/1369 1153/1360
f 1332/2024 1340/2026 1331/2027
f 1123/1196 1124/1225 1127/1223
f 1339/1378 1336/1369 1337/1361
f 1326/1090 1327/1100 1328/1098
f 1137/1166 1334/1167 1325/1158
f 689/1121 667/1099 1328/1098
f 1305/389 1297/375 1306/382
f 1314/1635 1311/1629 1310/1631
f 1292/393 1305/389 1306/382
f 1309/1621 1256/1617 1304/1627
f 1242/1509 1243/1508 1287/1505
f 1273/1755 1266/1759 1265/1756
f 1270/1600 1289/1597 1257/1591
f 1669/1628 1266/1615 1676/1624
f 1251/1762 1249/1765 1250/1772
f 1245/535 1244/538 1243/528
f 1224/1279 1223/1268 1161/1232
f 1260/1074 1237/1088 1187/1075
f 332/1037 334/1062 1236/1054
f 1039/1415 1068/1419 1079/1416
f 1041/1117 1079/1139 1078/1128
f 1069/1421 1078/1423 1079/1416
f 1069/1421 1079/1416 1068/1419
f 1205/1356 1213/1368 1203/1348
f 1163/1244 1161/1232 1222/1254
f 1078/1128 1235/1129 1043/1096
f 1106/1087 1236/1054 1104/1073
f 1212/1330 1210/1300 1211/1315
f 1077/1364 1087/1371 1214/1372
f 1214/1372 1203/1348 1213/1368
f 1212/1330 1215/1355 1206/1365
f 1207/1319 1209/1280 1210/1300
f 1116/2068 1231/2066 1228/2069
f 1114/2063 1231/2066 1116/2068
f 1114/2063 1116/2068 1113/2067
f 1230/2072 1115/2070 1116/2068
f 1116/2068 1228/2069 1225/2071
f 1215/1355 1113/1374 1206/1365
f 1227/1317 1228/1347 1231/1346
f 1225/2071 1230/2072 1116/2068
f 1230/1332 1225/1333 1226/1304
f 1227/1317 1191/1290 1226/1304
f 1192/1278 1226/1304 1191/1290
f 1209/1938 1192/1941 1222/1942
f 1163/1244 1222/1254 1193/1267
f 1197/1907 1201/1901 1221/1904
f 1180/1320 1178/1292 1221/1302
f 1152/1224 1154/1222 1181/1245
f 1147/1215 1150/1234 1118/1247
f 1156/1195 1164/1203 1155/1213
f 1200/1277 1199/1303 1195/1291
f 1158/1896 1165/1894 1166/1891
f 1163/1391 1195/1392 1168/1393
f 1200/1277 1195/1291 1163/1244
f 1195/1906 1198/1902 1194/1908
f 1196/1905 1198/1902 1201/1901
f 1167/1909 1196/1905 1197/1907
f 296/1067 1184/1064 1151/1089
f 1142/1097 1173/1131 1141/1119
f 1174/1432 1189/1428 1190/1431
f 1149/1204 1144/1188 1156/1195
f 1184/1064 297/1048 309/1047
f 1151/1089 1122/1078 296/1067
f 1141/1119 1186/1132 1138/1101
f 1133/1183 1144/1188 1123/1196
f 1137/1166 1185/1150 1136/1149
f 1132/1931 1135/1930 1131/1929
f 1130/1927 1134/1926 1135/1930
f 1077/1408 1072/1407 1065/1406
f 1061/1217 1010/1201 1109/1200
f 1026/1353 1087/1371 1075/1363
f 1045/1136 1044/1157 1047/1137
f 1021/1313 1027/1316 1005/1298
f 870/194 872/197 869/181
f 1091/1187 1090/1193 1109/1200
f 1010/1201 1091/1187 1109/1200
f 1011/1911 1007/1917 1035/1920
f 1002/1275 1030/1265 1080/1251
f 1030/1265 1002/1275 1028/1288
f 1021/1313 1086/1342 1026/1353
f 1045/1136 1047/1137 1040/1108
f 1046/1156 193/1123 882/1162
f 1057/1180 1096/1172 880/1186
f 878/1987 880/1988 1096/1989
f 1056/1218 1100/1210 914/1227
f 840/323 911/313 912/336
f 1057/1180 943/1192 1058/1181
f 953/300 874/299 957/308
f 832/220 971/207 858/231
f 1060/1164 1045/1136 1046/1156
f 245/1085 229/1105 1092/1094
f 229/1105 1095/1115 1092/1094
f 1048/1417 1042/1418 1039/1415
f 995/214 985/213 78/205
f 993/212 992/215 79/178
f 940/1171 885/1178 1046/1156
f 882/1162 940/1171 1046/1156
f 976/1295 1055/1260 945/1309
f 1097/1259 1014/1249 1053/1236
f 1090/1193 1100/1210 1109/1200
f 1025/1310 1020/1273 976/1295
f 1004/1916 1099/1913 1015/1915
f 1100/1210 938/1216 914/1227
f 914/1227 931/1238 1056/1218
f 897/1206 877/1198 941/1190
f 877/1198 878/1185 941/1190
f 1055/1260 902/1284 900/1296
f 1056/1218 931/1238 1052/1239
f 932/1263 1052/1239 931/1238
f 941/1190 1089/1179 885/1178
f 1049/1343 1005/1298 1003/1299
f 1027/1316 1032/1331 1036/1301
f 1029/1863 1074/1862 1067/1861
f 1065/1406 1072/1407 1071/1405
f 1098/1264 1002/1275 1080/1251
f 1016/1240 1017/1229 1018/1250
f 1028/1288 1002/1275 1036/1301
f 1024/1285 1021/1313 1005/1298
f 1021/1313 1024/1285 1023/1297
f 1049/1923 1004/1916 1005/1921
f 1006/1914 1099/1913 1004/1916
f 1003/1919 1006/1914 1004/1916
f 1040/1108 1047/1137 1042/1127
f 1044/1157 1059/1165 1038/1148
f 1079/1139 1041/1117 1048/1138
f 2/200 38/186 79/178
f 967/252 964/263 952/270
f 994/204 996/211 986/224
f 988/225 994/204 986/224
f 996/211 989/239 986/224
f 991/261 988/225 987/249
f 867/229 970/255 865/244
f 2/200 979/209 1/187
f 867/229 861/217 969/230
f 961/235 988/225 960/250
f 833/246 844/233 832/220
f 905/315 908/324 913/332
f 893/293 841/314 838/304
f 845/256 888/245 844/233
f 940/1171 882/1162 973/1177
f 856/272 859/274 891/287
f 848/2127 1364/2128 946/2129
f 835/289 857/301 924/280
f 877/305 897/283 896/294
f 878/1987 879/1991 896/1990
f 899/275 939/292 896/294
f 896/294 879/316 877/305
f 894/296 893/293 889/258
f 880/1988 878/1987 896/1990
f 903/331 910/346 902/344
f 852/2078 912/2080 927/2079
f 1152/1224 1149/1204 1154/1222
f 1143/1143 1186/1132 1141/1119
f 1207/1398 1212/1397 1206/1400
f 1358/1642 1363/1652 1378/1649
f 1362/1646 1358/1642 1378/1649
f 1377/1656 1358/1642 1376/1660
f 1363/1652 1358/1642 1377/1656
f 1374/1335 1341/1307 1367/1323
f 1373/399 1306/382 1359/392
f 1360/1637 1316/1625 1317/1633
f 1317/1633 1316/1625 1311/1629
f 1376/1660 1358/1642 1360/1663
f 1314/1635 1375/1640 1318/1636
f 1343/1336 1341/1307 1374/1335
f 1346/407 1306/382 1372/412
f 1315/406 1306/382 1373/399
f 1306/382 1315/406 1372/412
f 1314/1635 1312/1639 1371/1641
f 1313/1638 1314/1635 1310/1631
f 1220/1367 1203/1348 1219/1375
f 1203/1348 1220/1367 1202/1357
f 1219/1375 1218/1381 1084/1379
f 1110/1366 1111/1321 1202/1357
f 1369/1349 1111/1321 1370/1358
f 1111/1321 1110/1366 1370/1358
f 1179/1334 1111/1321 1369/1349
f 1171/1306 1169/1293 1368/1322
f 1368/1322 1169/1293 1177/1305
f 1367/1323 1341/1307 1120/1283
f 1383/348 910/346 921/345
f 910/346 903/331 921/345
f 1384/328 953/300 958/327
f 981/318 953/300 1384/328
f 1108/335 851/320 853/321
f 839/330 840/323 1108/335
f 901/347 907/349 934/350
f 907/349 910/346 1383/348
f 1050/1338 976/1295 933/1325
f 1382/1326 976/1295 1050/1338
f 1020/1273 1088/1327 1019/1340
f 1025/1310 976/1295 1382/1326
f 933/2151 935/2152 1051/2153
f 1022/1312 1020/1273 1380/1328
f 1086/1342 1021/1313 1022/1312
f 1381/1386 1084/1379 1085/1382
f 1083/1390 1084/1379 1381/1386
f 1020/1273 1019/1340 1380/1328
f 1379/1339 1088/1327 1025/1310
f 956/333 957/308 998/326
f 1366/1943 999/1944 1492/1945
f 958/327 953/300 957/308
f 947/319 948/309 981/318
f 847/267 848/303 946/302
f 834/311 835/289 946/302
f 853/321 835/289 834/311
f 928/322 862/288 947/319
f 936/1352 933/1325 934/1341
f 1365/1370 935/1362 936/1352
f 843/337 838/304 839/330
f 1385/1586 805/1578 1397/1583
f 1386/916 824/895 1385/923
f 1387/1537 830/1540 825/1517
f 1388/1542 830/1540 1387/1537
f 1389/637 794/602 1412/625
f 1390/2130 794/2131 1389/2132
f 1392/1535 825/1517 1391/1531
f 1393/1561 830/1554 1394/1567
f 1394/1544 830/1540 1388/1542
f 1395/1566 804/1557 1393/1561
f 1396/924 809/909 1386/916
f 1397/1583 805/1578 803/1562
f 1398/1577 803/1562 1402/1572
f 1399/648 823/611 1396/647
f 1400/610 795/581 822/601
f 1401/622 822/601 823/611
f 1402/1572 803/1562 1395/1566
f 1403/726 788/697 1404/711
f 1404/711 788/697 791/675
f 1405/747 800/725 1403/726
f 1406/698 791/675 1407/689
f 1407/689 791/675 799/650
f 1408/674 799/650 1409/661
f 1409/661 799/650 798/626
f 1410/613 795/581 1411/623
f 1411/623 795/581 1400/610
f 1412/625 794/602 1410/613
f 1413/636 792/612 1390/624
f 1414/649 798/626 1413/636
f 1415/660 798/626 1414/649
f 1416/868 713/858 1428/862
f 1417/870 712/866 1416/868
f 1464/14 1418/17 1498/25
f 1418/17 745/3 1457/11
f 1419/139 746/138 748/149
f 1420/130 756/118 1419/139
f 1421/69 753/51 749/50
f 1422/71 749/50 719/58
f 1423/859 711/821 1424/857
f 1424/857 711/821 1463/844
f 1425/863 708/845 1423/859
f 1426/160 748/149 717/126
f 1427/169 748/149 1426/160
f 1428/862 713/858 708/845
f 1429/867 708/845 1425/863
f 1430/238 712/248 1417/260
f 1431/223 759/189 1430/238
f 1432/210 759/189 1431/223
f 1433/159 717/126 1434/148
f 1434/148 717/126 111/136
f 1435/799 701/787 700/769
f 1436/822 762/798 1435/799
f 1437/800 700/769 1438/788
f 1438/788 700/769 1439/770
f 1439/770 700/769 699/737
f 1440/759 699/737 1405/747
f 1441/72 753/51 1421/69
f 1442/46 273/37 753/51
f 1443/39 754/35 1442/46
f 1444/59 753/51 1441/72
f 1445/45 718/28 1443/39
f 1446/107 756/118 1420/130
f 1447/170 748/149 1427/169
f 1448/158 111/136 755/168
f 1449/177 755/168 759/189
f 1450/79 102/92 1446/107
f 1451/203 759/189 1432/210
f 1452/23 718/28 1453/34
f 1453/34 718/28 1454/38
f 1454/38 718/28 1445/45
f 1455/6 120/2 752/12
f 1456/18 752/12 1452/23
f 1457/11 745/3 1455/6
f 1458/81 719/58 1461/80
f 1459/68 87/57 1450/79
f 1460/70 127/43 1459/68
f 1461/80 719/58 1460/70
f 1462/635 823/611 1399/648
f 1463/844 711/821 1436/822
f 1464/14 745/3 1418/17
f 1465/4 745/3 1466/8
f 1466/8 745/3 1464/14
f 1467/7 105/1 1465/4
f 1468/22 121/21 118/10
f 1469/32 121/21 1468/22
f 1470/16 118/10 105/1
f 1471/44 117/33 1469/32
f 1472/60 115/73 116/40
f 1473/82 115/73 1472/60
f 1474/84 115/73 1479/93
f 1475/96 113/62 1474/84
f 1476/52 116/40 1471/44
f 1477/85 75/74 113/62
f 1478/97 113/62 1475/96
f 1479/93 115/73 1473/82
f 1480/162 73/131 1481/150
f 1481/150 73/131 1484/140
f 1482/109 74/95 1477/85
f 1483/120 74/95 1482/109
f 1484/140 73/131 1483/120
f 1485/191 78/205 72/161
f 1486/179 72/161 1480/162
f 1487/19 105/1 1488/13
f 1488/13 105/1 1467/7
f 1489/226 995/214 1485/191
f 1490/306 999/317 1000/297
f 1491/286 1000/297 982/269
f 1492/325 999/317 1490/306
f 1493/278 982/269 1494/262
f 1494/262 982/269 984/240
f 1495/251 984/240 995/214
f 1496/241 995/214 1489/226
f 1497/1946 1366/1943 1492/1945
f 1499/1528 1391/1531 825/1517
f 1500/1520 827/1514 1501/1523
f 1501/1523 827/1514 697/1519
f 1502/1526 697/1519 527/1522
f 1503/1527 697/1519 1502/1526
f 1504/1524 825/1517 1500/1520
f 1505/1737 560/1740 555/1738
f 1506/1739 555/1738 1575/1741
f 1507/1469 645/1445 1551/1460
f 1508/1463 645/1445 1507/1469
f 1509/1545 537/1536 557/1546
f 1510/1547 557/1546 1574/1548
f 1511/1688 414/1684 412/1680
f 1512/1692 412/1680 411/1687
f 1513/1711 547/1710 575/1714
f 1514/1712 557/1709 1513/1711
f 1515/1825 694/1824 1531/1828
f 1516/1826 463/1823 1515/1825
f 1517/1458 690/1452 1518/1466
f 1518/1466 690/1452 1547/1457
f 1519/1718 575/1714 547/1710
f 1520/1721 547/1710 574/1725
f 1521/1781 580/1780 1560/1783
f 1522/1782 577/1779 1521/1781
f 1523/1787 581/1786 558/1788
f 1524/1789 558/1788 575/1791
f 1525/1746 579/1748 1526/1749
f 1526/1749 579/1748 1555/1751
f 1527/1533 552/1532 1528/1538
f 1528/1538 552/1532 537/1536
f 1529/1705 418/1700 1530/1702
f 1530/1702 418/1700 1585/1697
f 1531/1828 694/1824 1532/1831
f 1532/1807 694/1803 1533/1805
f 1533/1805 694/1803 1534/1800
f 1534/1800 694/1803 466/1801
f 1535/1722 575/1714 1519/1718
f 1536/2037 143/2034 1537/2033
f 1537/2033 143/2034 149/2031
f 1538/1977 353/1970 351/1973
f 1539/1979 353/1970 1538/1977
f 1540/1802 466/1801 693/1804
f 1541/1703 430/1701 1542/1706
f 1542/1488 430/1482 428/1470
f 1543/1810 291/1811 1615/1813
f 1544/1808 292/1809 1543/1810
f 1545/1467 683/1459 1546/1475
f 1546/1475 683/1459 680/1468
f 1547/1457 690/1452 679/1447
f 1548/1465 679/1447 1545/1467
f 1549/1829 463/1823 1516/1826
f 1550/1453 682/1443 1517/1458
f 1551/1460 645/1445 1550/1453
f 1552/1832 463/1823 1549/1829
f 1553/1480 680/1468 681/1479
f 1554/1492 681/1479 691/1498
f 1555/1751 579/1748 578/1752
f 1556/1689 414/1684 1557/1693
f 1557/1693 414/1684 1511/1688
f 1558/1785 581/1786 1523/1787
f 1559/1708 578/1707 1529/1705
f 1560/1783 580/1780 1558/1785
f 1561/1784 577/1779 1522/1782
f 1562/1731 574/1725 1563/1735
f 1563/1735 574/1725 576/1732
f 1564/1794 558/1788 559/1792
f 1565/1796 575/1791 1564/1794
f 1566/1541 537/1536 1569/1543
f 1567/1743 554/1744 1525/1746
f 1568/1728 574/1725 1562/1731
f 1569/1543 537/1536 1509/1545
f 1570/1797 560/1795 1571/1799
f 1571/2154 560/2155 1505/2156
f 1572/1530 527/1522 1527/1533
f 1573/1798 559/1792 1570/1797
f 1574/1715 557/1709 1514/1712
f 1575/1741 555/1738 1567/1743
f 1576/1818 288/1816 1577/1819
f 1577/2139 288/2133 1612/2138
f 1578/1704 432/1698 1541/1703
f 1579/1699 432/1698 1578/1704
f 1580/1455 645/1445 1508/1463
f 1581/1481 428/1470 1582/1476
f 1582/1476 428/1470 433/1449
f 1583/1462 433/1449 1580/1455
f 1584/1472 433/1449 1583/1462
f 1585/1697 418/1700 419/1681
f 1586/1696 411/1687 1579/1699
f 1587/1694 419/1681 1556/1689
f 1588/2112 350/2113 1589/2114
f 1589/1971 350/1968 353/1970
f 1590/2083 286/2082 1616/2086
f 1591/2084 293/2081 1590/2083
f 1592/1981 351/1973 1598/1978
f 1593/1980 351/1973 1592/1981
f 1594/2003 329/1999 1595/2007
f 1595/2143 329/2146 330/2144
f 1596/1972 352/1969 350/1968
f 1597/2116 350/2113 1609/2115
f 1598/1978 351/1973 352/1969
f 1599/1997 322/1995 1600/1992
f 1600/1992 322/1995 328/1993
f 1601/1996 329/1999 1594/2003
f 1602/2006 330/2002 327/1998
f 1603/2010 330/2002 1602/2006
f 1604/1994 328/1993 1601/1996
f 1605/2145 330/2144 1603/2147
f 1606/2000 322/1995 1599/1997
f 1607/2004 322/1995 1606/2000
f 1608/2001 327/1998 322/1995
f 1609/2115 350/2113 1588/2112
f 1610/2009 322/1995 1611/2008
f 1611/2008 322/1995 1607/2004
f 1612/2138 288/2133 1613/2137
f 1613/2137 288/2133 1645/2136
f 1614/1815 291/1811 1576/1818
f 1615/1813 291/1811 1614/1815
f 1616/2086 286/2082 280/2088
f 1617/1842 280/1840 290/1836
f 1618/1843 290/1836 1642/1841
f 1619/1974 353/1970 1539/1979
f 1620/2028 149/2031 145/2029
f 1621/2030 145/2029 1628/2032
f 1622/2052 147/2047 1623/2057
f 1623/2057 147/2047 1627/2055
f 1624/2048 147/2047 1622/2052
f 1625/2054 148/2046 146/2049
f 1626/2050 148/2046 1625/2054
f 1627/2055 147/2047 1626/2050
f 1628/2032 145/2029 1629/2035
f 1629/2035 145/2029 144/2036
f 1630/2039 144/2036 1646/2040
f 1631/2038 143/2034 1536/2037
f 1632/2051 130/2045 1624/2048
f 1633/2056 130/2045 1632/2051
f 1634/2053 146/2049 130/2045
f 1635/2058 130/2045 1638/2062
f 1636/2059 146/2049 1634/2053
f 1637/2061 130/2045 1633/2056
f 1638/2062 130/2045 1637/2061
f 1639/2102 576/2100 1561/2101
f 1640/1806 693/1804 1544/1808
f 1641/1837 465/1834 1552/1832
f 1642/1841 290/1836 1641/1837
f 1643/2005 322/1995 1610/2009
f 1644/1976 352/1969 1596/1972
f 1645/2136 288/2133 1591/2135
f 1646/2040 144/2036 1631/2038
f 1647/2060 146/2049 1636/2059
f 1648/1588 1257/1591 1353/1589
f 1649/1590 1353/1589 1650/1592
f 1650/1592 1353/1589 1352/1595
f 1651/1620 1266/1615 1267/1610
f 1652/1619 1267/1610 1674/1614
f 1653/1667 1352/1666 1654/1665
f 1654/1665 1352/1666 1355/1658
f 1655/1644 1361/1643 1668/1647
f 1656/1645 1358/1642 1655/1644
f 1657/2157 691/2158 1658/2159
f 1658/2159 691/2158 1684/2160
f 1659/1657 1356/1654 1354/1648
f 1660/1661 1356/1654 1659/1657
f 1661/1778 1250/1772 1291/1770
f 1662/1775 1291/1770 1290/1760
f 1663/542 1250/540 1661/544
f 1664/1504 691/1498 1657/1507
f 1665/1664 1355/1658 1660/1661
f 1666/1653 1354/1648 1667/1650
f 1667/1650 1354/1648 1656/1645
f 1669/1628 1265/1632 1266/1615
f 1670/1761 1265/1756 1669/1768
f 1671/1766 1263/1757 1672/1767
f 1672/1767 1263/1757 1670/1761
f 1673/1771 1290/1760 1671/1766
f 1674/1614 1267/1610 1269/1603
f 1675/543 1240/541 1663/542
f 1676/1624 1266/1615 1651/1620
f 1677/1602 1257/1591 1678/1599
f 1678/1599 1257/1591 1682/1596
f 1679/1609 1269/1603 1677/1602
f 1680/1776 1290/1760 1673/1771
f 1681/1593 1257/1591 1648/1588
f 1682/1596 1257/1591 1681/1593
f 1683/545 1240/541 1675/543
f 1684/1506 691/1498 1683/1503
f 1685/1534 1391/1531 1499/1528
usemtl Tile_+031_+021_L20_0003130_untextured
