mtllib Tile_+031_+021_L21_00021300.mtl
v 6.09577873e+03 5.16561932e+03 1.57192244e+01
v 6.09496865e+03 5.16561708e+03 1.56916333e+01
v 6.09479198e+03 5.16726459e+03 1.58536510e+01
v 6.09591820e+03 5.15671831e+03 2.47523849e+01
v 6.09609848e+03 5.15670242e+03 2.42717352e+01
v 6.09644558e+03 5.15726317e+03 2.44142891e+01
v 6.09402940e+03 5.16032069e+03 2.11363788e+01
v 6.09406437e+03 5.16055938e+03 2.10010683e+01
v 6.09416192e+03 5.15997909e+03 2.06358698e+01
v 6.09399172e+03 5.15990497e+03 2.08663978e+01
v 6.09757696e+03 5.16049862e+03 2.33261433e+01
v 6.09817295e+03 5.16071982e+03 2.37858666e+01
v 6.09750451e+03 5.16016673e+03 2.35723634e+01
v 6.09784358e+03 5.15888283e+03 2.45303458e+01
v 6.09793694e+03 5.15836662e+03 2.50598599e+01
v 6.09759549e+03 5.15866244e+03 2.43852360e+01
v 6.09792079e+03 5.15783463e+03 2.54113947e+01
v 6.09770312e+03 5.15805597e+03 2.50173401e+01
v 6.09533731e+03 5.16982442e+03 2.53852274e+01
v 6.09542628e+03 5.16934687e+03 2.53125367e+01
v 6.09497378e+03 5.16899225e+03 2.53412705e+01
v 6.09857931e+03 5.16120861e+03 2.28945840e+01
v 6.09805832e+03 5.16087722e+03 2.33728064e+01
v 6.09599458e+03 5.16959082e+03 2.04368365e+01
v 6.09610594e+03 5.16982833e+03 1.99667859e+01
v 6.09560844e+03 5.16952393e+03 1.99070265e+01
v 6.09927141e+03 5.16130110e+03 2.50330604e+01
v 6.09970048e+03 5.16203432e+03 2.45651089e+01
v 6.10036463e+03 5.16229046e+03 2.53928024e+01
v 6.09743509e+03 5.15675960e+03 2.51473240e+01
v 6.09776417e+03 5.15634063e+03 2.49505127e+01
v 6.09680146e+03 5.15651539e+03 2.46332632e+01
v 6.09792826e+03 5.15710360e+03 2.52953161e+01
v 6.09718582e+03 5.15734100e+03 2.50714333e+01
v 6.09379963e+03 5.15962147e+03 2.05101067e+01
v 6.09761113e+03 5.15764104e+03 2.52192977e+01
v 6.09708457e+03 5.15775597e+03 2.50242793e+01
v 6.10041889e+03 5.16255142e+03 2.49656031e+01
v 6.09969554e+03 5.16214472e+03 2.39238015e+01
v 6.10066803e+03 5.16262298e+03 2.45313078e+01
v 6.09860312e+03 5.15645805e+03 2.63404916e+01
v 6.09900605e+03 5.15619934e+03 2.69764536e+01
v 6.09855050e+03 5.15667610e+03 2.53355374e+01
v 6.09836328e+03 5.15631102e+03 2.49278495e+01
v 6.10132949e+03 5.15729096e+03 2.70631833e+01
v 6.10152715e+03 5.15743594e+03 2.76272526e+01
v 6.10170306e+03 5.15743276e+03 2.71714581e+01
v 6.09713646e+03 5.15803457e+03 2.46817826e+01
v 6.09858336e+03 5.18664746e+03 2.72964991e+01
v 6.09835819e+03 5.18660911e+03 2.41188777e+01
v 6.09555490e+03 5.16916662e+03 1.93640830e+01
v 6.09615382e+03 5.16961557e+03 1.86830345e+01
v 6.09481205e+03 5.16878339e+03 1.83786503e+01
v 6.09398296e+03 5.15699805e+03 1.48168886e+01
v 6.09442160e+03 5.15699833e+03 1.50212127e+01
v 6.09422338e+03 5.15656849e+03 1.48830576e+01
v 6.09672635e+03 5.15683046e+03 2.48586491e+01
v 6.09559011e+03 5.15643678e+03 2.16221359e+01
v 6.09550901e+03 5.15650697e+03 2.22015952e+01
v 6.09525516e+03 5.15640591e+03 2.16188356e+01
v 6.10158903e+03 5.17301552e+03 1.90717463e+01
v 6.10096597e+03 5.17262961e+03 1.76687764e+01
v 6.10099274e+03 5.17271480e+03 1.94389624e+01
v 6.09445327e+03 5.16890043e+03 1.97770816e+01
v 6.09436574e+03 5.16879667e+03 2.01847019e+01
v 6.09494067e+03 5.16913658e+03 2.00028384e+01
v 6.09760617e+03 5.18657270e+03 1.97186659e+01
v 6.09674790e+03 5.18628444e+03 1.91438586e+01
v 6.09726168e+03 5.18682684e+03 1.95048974e+01
v 6.10032541e+03 5.15888452e+03 2.87188680e+01
v 6.10007187e+03 5.15928288e+03 2.87195373e+01
v 6.10048690e+03 5.15921268e+03 2.86880060e+01
v 6.09667479e+03 5.15762924e+03 2.48230999e+01
v 6.09676183e+03 5.15768848e+03 2.50100846e+01
v 6.10149137e+03 5.15759350e+03 2.81336917e+01
v 6.10176399e+03 5.15779600e+03 2.78055549e+01
v 6.10141956e+03 5.17491910e+03 2.53254411e+01
v 6.10140529e+03 5.17574051e+03 2.55172558e+01
v 6.10212208e+03 5.17516441e+03 2.52831825e+01
v 6.09812189e+03 5.18645468e+03 2.04102002e+01
v 6.09812177e+03 5.18691669e+03 1.98316235e+01
v 6.09856303e+03 5.18685558e+03 2.02349489e+01
v 6.09634846e+03 5.16976256e+03 1.79062572e+01
v 6.09532055e+03 5.16907350e+03 1.75241706e+01
v 6.10068148e+03 5.18350790e+03 2.78353928e+01
v 6.10027588e+03 5.18379949e+03 2.81632257e+01
v 6.10035190e+03 5.18379303e+03 2.79650898e+01
v 6.09803970e+03 5.15744611e+03 2.55736562e+01
v 6.09729648e+03 5.15760481e+03 1.51370557e+01
v 6.09715976e+03 5.15719645e+03 1.49707491e+01
v 6.09694818e+03 5.15763679e+03 1.49495049e+01
v 6.09827299e+03 5.15674181e+03 2.51580316e+01
v 6.09827945e+03 5.15703739e+03 2.54177311e+01
v 6.09867669e+03 5.15701458e+03 2.75904592e+01
v 6.09859080e+03 5.15765400e+03 2.72996017e+01
v 6.09895403e+03 5.15730284e+03 2.77086904e+01
v 6.12474120e+03 5.16556261e+03 1.47183146e+01
v 6.12414352e+03 5.16718107e+03 1.47378802e+01
v 6.12489659e+03 5.16815638e+03 1.47001107e+01
v 6.12379318e+03 5.16189924e+03 1.47381219e+01
v 6.12433399e+03 5.16383051e+03 1.46558571e+01
v 6.12468022e+03 5.16195556e+03 1.45496785e+01
v 6.12441309e+03 5.15712899e+03 2.05398384e+01
v 6.12483759e+03 5.15798897e+03 2.05129252e+01
v 6.12484186e+03 5.15777151e+03 2.02633606e+01
v 6.12473011e+03 5.15791701e+03 2.10224141e+01
v 6.12483107e+03 5.15792225e+03 2.14994838e+01
v 6.12493319e+03 5.15816208e+03 2.23008017e+01
v 6.12475102e+03 5.15796411e+03 2.27851309e+01
v 6.12496405e+03 5.15885287e+03 1.77749619e+01
v 6.12497909e+03 5.15850552e+03 1.75046440e+01
v 6.12443858e+03 5.15700049e+03 2.18483412e+01
v 6.12437494e+03 5.15746634e+03 2.12113898e+01
v 6.12430511e+03 5.15702821e+03 2.10224996e+01
v 6.12296097e+03 5.16001080e+03 2.91430957e+01
v 6.12334136e+03 5.16055908e+03 2.81647499e+01
v 6.12369903e+03 5.16018382e+03 2.83212703e+01
v 6.12155595e+03 5.18612708e+03 2.65679165e+01
v 6.12177998e+03 5.18591755e+03 2.63691462e+01
v 6.12165573e+03 5.18581321e+03 2.66594236e+01
v 6.12184407e+03 5.18595291e+03 2.59202281e+01
v 6.12163096e+03 5.18624619e+03 2.57620146e+01
v 6.12199993e+03 5.18630380e+03 2.55738583e+01
v 6.12211594e+03 5.18660942e+03 2.54537004e+01
v 6.12168010e+03 5.18565215e+03 2.53032859e+01
v 6.12145900e+03 5.18545393e+03 2.47132951e+01
v 6.12424743e+03 5.16055477e+03 1.56058700e+01
v 6.12394030e+03 5.16086488e+03 1.51110453e+01
v 6.12410225e+03 5.16031917e+03 1.53044201e+01
v 6.12433590e+03 5.17195600e+03 1.54474087e+01
v 6.12391450e+03 5.17183229e+03 1.53837177e+01
v 6.12151524e+03 5.18465607e+03 1.52596960e+01
v 6.12251162e+03 5.18365784e+03 1.52213084e+01
v 6.12292422e+03 5.17721600e+03 1.50566986e+01
v 6.12361386e+03 5.17676802e+03 1.51163862e+01
v 6.12303620e+03 5.17644351e+03 1.49513009e+01
v 6.12270877e+03 5.18468055e+03 1.54933811e+01
v 6.12196891e+03 5.18464651e+03 1.53336040e+01
v 6.12237804e+03 5.18514038e+03 1.54700030e+01
v 6.12389495e+03 5.18703457e+03 1.78713513e+01
v 6.12401285e+03 5.18660549e+03 1.79832972e+01
v 6.12357253e+03 5.18680032e+03 1.82029599e+01
v 6.12148264e+03 5.18548629e+03 2.12848589e+01
v 6.12184933e+03 5.18577465e+03 2.07850238e+01
v 6.12149736e+03 5.18555586e+03 2.01727812e+01
v 6.12447113e+03 5.15981579e+03 1.66194560e+01
v 6.12438532e+03 5.15896750e+03 1.64365595e+01
v 6.12505133e+03 5.15661216e+03 1.48518291e+01
v 6.12493870e+03 5.15627965e+03 1.49249118e+01
v 6.12386836e+03 5.15926467e+03 1.42482495e+01
v 6.12381393e+03 5.15833201e+03 1.41994164e+01
v 6.12346139e+03 5.15865571e+03 1.43313205e+01
v 6.12171461e+03 5.17831246e+03 1.53195690e+01
v 6.12177625e+03 5.17788815e+03 1.52993433e+01
v 6.12488143e+03 5.18597783e+03 1.57954638e+01
v 6.12478855e+03 5.18630153e+03 1.57910896e+01
v 6.12276317e+03 5.17886058e+03 1.52155500e+01
v 6.12275867e+03 5.17966783e+03 1.54070641e+01
v 6.12314975e+03 5.17940615e+03 1.52679404e+01
v 6.12321655e+03 5.17965175e+03 1.52398120e+01
v 6.12447809e+03 5.18587902e+03 1.57213964e+01
v 6.12477651e+03 5.18570336e+03 1.57522657e+01
v 6.12503663e+03 5.18739554e+03 1.75163768e+01
v 6.12475431e+03 5.18736704e+03 1.73824845e+01
v 6.12182190e+03 5.16223894e+03 1.47465428e+01
v 6.12171567e+03 5.16309389e+03 1.47551964e+01
v 6.12229546e+03 5.16284076e+03 1.49035786e+01
v 6.12323349e+03 5.16287696e+03 2.17627040e+01
v 6.12230676e+03 5.16249760e+03 2.22515469e+01
v 6.12217039e+03 5.16279837e+03 2.15813704e+01
v 6.12219270e+03 5.16200310e+03 2.53800293e+01
v 6.12286488e+03 5.16169637e+03 2.56441464e+01
v 6.12233372e+03 5.16179542e+03 2.57973691e+01
v 6.12172175e+03 5.16209498e+03 2.57206539e+01
v 6.12170884e+03 5.16210009e+03 2.60646241e+01
v 6.12325368e+03 5.16250312e+03 2.48997982e+01
v 6.12402116e+03 5.16254132e+03 2.54227928e+01
v 6.12340715e+03 5.16207001e+03 2.55342475e+01
v 6.12280678e+03 5.16211256e+03 2.52088968e+01
v 6.12167212e+03 5.16191664e+03 1.47669599e+01
v 6.12168697e+03 5.16168385e+03 1.49309510e+01
v 6.12136370e+03 5.16171840e+03 1.49118810e+01
v 6.12187579e+03 5.16184349e+03 1.48077673e+01
v 6.12197165e+03 5.16185734e+03 1.50174245e+01
v 6.12163167e+03 5.16273457e+03 2.13648713e+01
v 6.12127049e+03 5.16282842e+03 2.09678121e+01
v 6.12158528e+03 5.18105702e+03 1.52952247e+01
v 6.12215509e+03 5.18137173e+03 1.54051584e+01
v 6.12169673e+03 5.18063077e+03 1.52733295e+01
v 6.12243494e+03 5.18688391e+03 1.52785977e+01
v 6.12267873e+03 5.18717765e+03 1.55708396e+01
v 6.12295159e+03 5.18686606e+03 1.53403842e+01
v 6.12308923e+03 5.18719183e+03 1.54025902e+01
v 6.12187497e+03 5.17874158e+03 1.51335215e+01
v 6.12136924e+03 5.17862871e+03 1.52550473e+01
v 6.12331064e+03 5.18004581e+03 1.52168107e+01
v 6.12379021e+03 5.17968412e+03 1.51752696e+01
v 6.12351433e+03 5.17910470e+03 1.55441265e+01
v 6.12338129e+03 5.17937065e+03 1.53672316e+01
v 6.12365243e+03 5.17926438e+03 1.55074802e+01
v 6.12322719e+03 5.17889310e+03 1.54282785e+01
v 6.12400387e+03 5.16083868e+03 1.46049949e+01
v 6.12462288e+03 5.16038504e+03 1.42616041e+01
v 6.12433536e+03 5.16036694e+03 1.43478169e+01
v 6.12148393e+03 5.16310324e+03 1.93077774e+01
v 6.12241958e+03 5.16319017e+03 1.88715643e+01
v 6.12152338e+03 5.16358468e+03 2.00057599e+01
v 6.12484653e+03 5.17173532e+03 1.52271059e+01
v 6.12444624e+03 5.17161854e+03 1.53044617e+01
v 6.12459821e+03 5.17181747e+03 1.55299068e+01
v 6.12479343e+03 5.17191856e+03 1.54497902e+01
v 6.12148589e+03 5.18681454e+03 2.65460676e+01
v 6.12186449e+03 5.18688857e+03 2.68154431e+01
v 6.12201078e+03 5.18734959e+03 2.61440583e+01
v 6.12248804e+03 5.18681154e+03 2.74189595e+01
v 6.12193782e+03 5.18699026e+03 2.69719420e+01
v 6.12181398e+03 5.18755700e+03 2.68095530e+01
v 6.12209865e+03 5.18754294e+03 2.68078540e+01
v 6.12237266e+03 5.18712201e+03 2.73584916e+01
v 6.12333277e+03 5.18706434e+03 2.75425602e+01
v 6.12189616e+03 5.18707525e+03 2.55761556e+01
v 6.12156390e+03 5.18709733e+03 2.59002962e+01
v 6.12424262e+03 5.18735784e+03 2.78908801e+01
v 6.12357805e+03 5.18725211e+03 2.78196505e+01
v 6.12409386e+03 5.18729493e+03 2.80744317e+01
v 6.12171459e+03 5.18566212e+03 2.63142740e+01
v 6.12167263e+03 5.18570177e+03 2.57560894e+01
v 6.12195849e+03 5.18586574e+03 2.54837528e+01
v 6.12204893e+03 5.18582148e+03 2.49810090e+01
v 6.12220818e+03 5.18622649e+03 2.52419763e+01
v 6.12375242e+03 5.18747695e+03 2.73662242e+01
v 6.12162856e+03 5.18707206e+03 2.67731970e+01
v 6.12350698e+03 5.16182748e+03 2.57107061e+01
v 6.12334008e+03 5.16331878e+03 2.08877513e+01
v 6.12370876e+03 5.16358714e+03 2.04273905e+01
v 6.12423339e+03 5.16328273e+03 2.05773148e+01
v 6.12412217e+03 5.16279081e+03 2.17363059e+01
v 6.12311718e+03 5.16181893e+03 2.55176610e+01
v 6.12402240e+03 5.16065808e+03 2.62181897e+01
v 6.12376065e+03 5.16154011e+03 2.59194687e+01
v 6.12429992e+03 5.16087085e+03 2.59083537e+01
v 6.12410213e+03 5.16193215e+03 2.56833941e+01
v 6.12449000e+03 5.16261188e+03 2.55652516e+01
v 6.12336214e+03 5.16129661e+03 2.63362676e+01
v 6.12395783e+03 5.16268362e+03 2.50407054e+01
v 6.12391988e+03 5.16273117e+03 2.46191966e+01
v 6.12450426e+03 5.16280692e+03 2.51531237e+01
v 6.12151999e+03 5.16212901e+03 2.56014035e+01
v 6.12241193e+03 5.16336299e+03 2.09927033e+01
v 6.12216262e+03 5.16117030e+03 2.71375274e+01
v 6.12208461e+03 5.16170289e+03 2.62659987e+01
v 6.12450567e+03 5.15935420e+03 2.86104423e+01
v 6.12379118e+03 5.15993228e+03 2.74377085e+01
v 6.12453941e+03 5.15914919e+03 2.79666814e+01
v 6.12177684e+03 5.16136355e+03 2.71550500e+01
v 6.12464832e+03 5.16126150e+03 2.57833550e+01
v 6.12194767e+03 5.16015814e+03 3.08995971e+01
v 6.12156180e+03 5.16051438e+03 3.14949085e+01
v 6.12168772e+03 5.16051346e+03 3.08103722e+01
v 6.12480506e+03 5.16239132e+03 2.56267354e+01
v 6.12442437e+03 5.16280852e+03 2.53906714e+01
v 6.12480528e+03 5.16266314e+03 2.54047017e+01
v 6.12147423e+03 5.16182811e+03 2.68899330e+01
v 6.12198244e+03 5.18714663e+03 1.98721045e+01
v 6.12205653e+03 5.18621765e+03 1.87062057e+01
v 6.12191784e+03 5.18583599e+03 1.97604733e+01
v 6.12210685e+03 5.18591234e+03 2.35530497e+01
v 6.12195735e+03 5.18580803e+03 2.46274349e+01
v 6.12222717e+03 5.18619478e+03 2.45386825e+01
v 6.12212852e+03 5.18744263e+03 2.50341787e+01
v 6.12185189e+03 5.18582002e+03 2.21776843e+01
v 6.12223855e+03 5.18673656e+03 2.49475616e+01
v 6.12289319e+03 5.15830796e+03 3.10257567e+01
v 6.12340705e+03 5.15786391e+03 3.04753109e+01
v 6.12322183e+03 5.15772347e+03 3.08282095e+01
v 6.12481346e+03 5.15934978e+03 2.69750666e+01
v 6.12400368e+03 5.15983677e+03 2.69012118e+01
v 6.12323897e+03 5.16070193e+03 2.71715618e+01
v 6.12355689e+03 5.16025322e+03 2.70503648e+01
v 6.12503159e+03 5.15807679e+03 2.75200110e+01
v 6.12478237e+03 5.15832751e+03 2.79919076e+01
v 6.12466941e+03 5.15866224e+03 2.91487934e+01
v 6.12451334e+03 5.15886406e+03 2.94558270e+01
v 6.12487014e+03 5.15998979e+03 2.60564064e+01
v 6.12183244e+03 5.16112803e+03 2.75960297e+01
v 6.12493270e+03 5.16038066e+03 2.56697653e+01
v 6.12502081e+03 5.16073994e+03 2.54827954e+01
v 6.12347200e+03 5.16262124e+03 2.25672668e+01
v 6.12216262e+03 5.16237139e+03 2.26902047e+01
v 6.12456369e+03 5.15728090e+03 2.27141165e+01
v 6.12448034e+03 5.15747106e+03 2.23611520e+01
v 6.12140251e+03 5.16222368e+03 2.34192753e+01
v 6.12214974e+03 5.16236278e+03 2.36831714e+01
v 6.12209303e+03 5.16210321e+03 2.47258464e+01
v 6.12435950e+03 5.16064775e+03 1.65803519e+01
v 6.12464221e+03 5.16053446e+03 1.71507213e+01
v 6.12448269e+03 5.15748034e+03 2.16336197e+01
v 6.12491287e+03 5.15779823e+03 2.36234166e+01
v 6.12446118e+03 5.15658400e+03 2.18579018e+01
v 6.12435246e+03 5.15658027e+03 2.14468045e+01
v 6.12444059e+03 5.15641794e+03 2.10701699e+01
v 6.12484427e+03 5.15629174e+03 2.27072749e+01
v 6.12182665e+03 5.16366541e+03 2.00893854e+01
v 6.12427547e+03 5.15722278e+03 2.06727489e+01
v 6.12152461e+03 5.16239101e+03 2.16862864e+01
v 6.12153028e+03 5.16225304e+03 2.19986286e+01
v 6.12471473e+03 5.16268044e+03 2.14359991e+01
v 6.12340770e+03 5.16377150e+03 1.95318444e+01
v 6.12278194e+03 5.16344668e+03 1.96685146e+01
v 6.12166033e+03 5.16362692e+03 2.03062897e+01
v 6.12401171e+03 5.16262497e+03 2.27695698e+01
v 6.12152554e+03 5.16325706e+03 2.07385762e+01
v 6.12282719e+03 5.16257808e+03 2.40335173e+01
v 6.12248825e+03 5.18733882e+03 2.29665644e+01
v 6.12208353e+03 5.18620807e+03 2.25939043e+01
v 6.12228263e+03 5.18731631e+03 2.22706721e+01
v 6.12192957e+03 5.18592580e+03 2.04331140e+01
v 6.12229854e+03 5.18750609e+03 1.83976880e+01
v 6.12145179e+03 5.18549717e+03 1.93288612e+01
v 6.12165991e+03 5.18561268e+03 1.89067945e+01
v 6.12215443e+03 5.18621063e+03 1.83942499e+01
v 6.12263327e+03 5.18653496e+03 1.83308476e+01
v 6.12235167e+03 5.18599774e+03 1.82883368e+01
v 6.12470411e+03 5.18750867e+03 1.81769959e+01
v 6.12351778e+03 5.16359938e+03 1.91163163e+01
v 6.12363959e+03 5.16377349e+03 1.94745908e+01
v 6.12479542e+03 5.15824808e+03 1.66903807e+01
v 6.12397614e+03 5.15831686e+03 1.55515282e+01
v 6.12499851e+03 5.15765127e+03 1.64017549e+01
v 6.12503054e+03 5.16248195e+03 1.87445247e+01
v 6.12407233e+03 5.16345968e+03 1.95041272e+01
v 6.12297430e+03 5.16345642e+03 2.02527008e+01
v 6.12227183e+03 5.16357209e+03 2.05145632e+01
v 6.12344976e+03 5.16364256e+03 2.01817994e+01
v 6.12374393e+03 5.16376941e+03 1.98987849e+01
v 6.12488568e+03 5.16308557e+03 2.04259859e+01
v 6.12174709e+03 5.18569562e+03 1.80380837e+01
v 6.12205287e+03 5.18576818e+03 1.76055081e+01
v 6.12172940e+03 5.18565862e+03 1.60427256e+01
v 6.12177219e+03 5.18563113e+03 1.58081840e+01
v 6.12275515e+03 5.18555257e+03 1.83029271e+01
v 6.12292649e+03 5.18539678e+03 1.81833498e+01
v 6.12288362e+03 5.18513702e+03 1.82028119e+01
v 6.12206468e+03 5.18573155e+03 1.83233436e+01
v 6.12407507e+03 5.18665802e+03 1.76503358e+01
v 6.12243939e+03 5.18695051e+03 1.84567886e+01
v 6.12378118e+03 5.18627498e+03 1.81792248e+01
v 6.12384958e+03 5.18597417e+03 1.81062952e+01
v 6.12331603e+03 5.18575775e+03 1.81957735e+01
v 6.12399181e+03 5.18628310e+03 1.78027157e+01
v 6.12212541e+03 5.18661832e+03 2.19970049e+01
v 6.12260757e+03 5.18746170e+03 1.83130595e+01
v 6.12312410e+03 5.18751651e+03 1.82513377e+01
v 6.12464129e+03 5.18742876e+03 1.77314764e+01
v 6.12365009e+03 5.18734876e+03 1.83234234e+01
v 6.12389692e+03 5.18743167e+03 1.80573897e+01
v 6.12173742e+03 5.18569040e+03 1.75501545e+01
v 6.12134719e+03 5.18549231e+03 1.79555305e+01
v 6.12365282e+03 5.18736388e+03 1.68446524e+01
v 6.12340553e+03 5.18714529e+03 1.64787859e+01
v 6.12196206e+03 5.18736226e+03 1.88883494e+01
v 6.12207026e+03 5.18722879e+03 1.85834030e+01
v 6.12382031e+03 5.18715287e+03 1.73900233e+01
v 6.12176477e+03 5.18528671e+03 1.55428808e+01
v 6.12324450e+03 5.18613367e+03 1.74257774e+01
v 6.12397394e+03 5.18648601e+03 1.75052089e+01
v 6.12365477e+03 5.18671569e+03 1.72024488e+01
v 6.12320730e+03 5.18733042e+03 1.59588314e+01
v 6.12273152e+03 5.18669599e+03 1.66823336e+01
v 6.12235110e+03 5.18680920e+03 1.60394512e+01
v 6.12408773e+03 5.17927458e+03 1.52081321e+01
v 6.12354360e+03 5.18747946e+03 1.52463609e+01
v 6.12355701e+03 5.18546195e+03 1.53232652e+01
v 6.12338929e+03 5.18597209e+03 1.52295935e+01
v 6.12389380e+03 5.18588199e+03 1.53403563e+01
v 6.12272713e+03 5.18701598e+03 1.61978509e+01
v 6.12467894e+03 5.18390897e+03 1.51321501e+01
v 6.12421640e+03 5.18443228e+03 1.51610943e+01
v 6.12215634e+03 5.18596913e+03 1.57806703e+01
v 6.12232822e+03 5.18068189e+03 1.54744144e+01
v 6.12251001e+03 5.18148755e+03 1.53796969e+01
v 6.12209431e+03 5.18642381e+03 1.59479118e+01
v 6.12196235e+03 5.18601136e+03 1.62314600e+01
v 6.12222345e+03 5.18704692e+03 1.52601563e+01
v 6.12219299e+03 5.18677121e+03 1.55237148e+01
v 6.12288634e+03 5.17815643e+03 1.50825358e+01
v 6.12322369e+03 5.17846176e+03 1.51426576e+01
v 6.12222826e+03 5.18637947e+03 1.67520681e+01
v 6.12192174e+03 5.18594283e+03 1.67217169e+01
v 6.12209679e+03 5.18597094e+03 1.70437824e+01
v 6.12242512e+03 5.18594067e+03 1.54410338e+01
v 6.12217973e+03 5.18553148e+03 1.55437712e+01
v 6.12356422e+03 5.18594509e+03 1.78380005e+01
v 6.12482358e+03 5.17711743e+03 1.49628195e+01
v 6.12408653e+03 5.17669639e+03 1.50987962e+01
v 6.12354937e+03 5.17796710e+03 1.49421028e+01
v 6.12301728e+03 5.18499775e+03 1.79878388e+01
v 6.12262761e+03 5.18527453e+03 1.80607740e+01
v 6.12266306e+03 5.18541016e+03 1.78752298e+01
v 6.12234303e+03 5.18567900e+03 1.77287988e+01
v 6.12243238e+03 5.18604003e+03 1.72452143e+01
v 6.12153943e+03 5.18557829e+03 1.72048730e+01
v 6.12305308e+03 5.18569835e+03 1.78509938e+01
v 6.12283448e+03 5.18542978e+03 1.79305325e+01
v 6.12191253e+03 5.18576292e+03 1.85744645e+01
v 6.12199931e+03 5.18594886e+03 1.91062317e+01
v 6.12215089e+03 5.18564593e+03 1.80171721e+01
v 6.12415957e+03 5.15971560e+03 1.59139701e+01
v 6.12375845e+03 5.16012030e+03 1.45374952e+01
v 6.12357351e+03 5.15963975e+03 1.45013743e+01
v 6.12281454e+03 5.16270581e+03 1.79878545e+01
v 6.12182568e+03 5.16238354e+03 1.77262438e+01
v 6.12278324e+03 5.16225502e+03 1.71171649e+01
v 6.12465921e+03 5.15720096e+03 1.56677957e+01
v 6.12482087e+03 5.15668040e+03 1.55076685e+01
v 6.12502102e+03 5.15624469e+03 1.58924638e+01
v 6.12452322e+03 5.17221575e+03 1.53292813e+01
v 6.12416329e+03 5.17293166e+03 1.49232937e+01
v 6.12362395e+03 5.17353591e+03 1.48179782e+01
v 6.12493974e+03 5.17278254e+03 1.49726925e+01
v 6.12423700e+03 5.16135108e+03 1.69480025e+01
v 6.12446900e+03 5.16242370e+03 1.80859801e+01
v 6.12396841e+03 5.16174365e+03 1.70559824e+01
v 6.12485921e+03 5.16187638e+03 1.79561399e+01
v 6.12326267e+03 5.17501921e+03 1.48654522e+01
v 6.12493848e+03 5.17502760e+03 1.49094461e+01
v 6.12373523e+03 5.18068217e+03 1.52106616e+01
v 6.12285255e+03 5.18041093e+03 1.52631854e+01
v 6.12303103e+03 5.18108480e+03 1.52522393e+01
v 6.12239103e+03 5.17955736e+03 1.54089474e+01
v 6.12245131e+03 5.18024777e+03 1.53530094e+01
v 6.12159915e+03 5.17715902e+03 1.51829402e+01
v 6.12201372e+03 5.17677430e+03 1.50528547e+01
v 6.12326612e+03 5.18510298e+03 1.53318278e+01
v 6.12387995e+03 5.18614704e+03 1.52167486e+01
v 6.12320539e+03 5.18749708e+03 1.54627247e+01
v 6.12443584e+03 5.18552023e+03 1.58741919e+01
v 6.12410406e+03 5.18570209e+03 1.56413096e+01
v 6.12429553e+03 5.18669620e+03 1.55134372e+01
v 6.12467272e+03 5.18671704e+03 1.58280848e+01
v 6.12479063e+03 5.18745486e+03 1.58060833e+01
v 6.12501655e+03 5.18685153e+03 1.59746736e+01
v 6.12279305e+03 5.18619700e+03 1.52471928e+01
v 6.12406140e+03 5.18365296e+03 1.51974197e+01
v 6.12177979e+03 5.18027870e+03 1.51954076e+01
v 6.12150444e+03 5.18017900e+03 1.51986304e+01
v 6.12385054e+03 5.18674378e+03 1.53223967e+01
v 6.12212446e+03 5.18642510e+03 1.63992565e+01
v 6.12357696e+03 5.15837422e+03 1.46310945e+01
v 6.12329850e+03 5.15888733e+03 1.46696614e+01
v 6.12329108e+03 5.15927066e+03 1.47086656e+01
v 6.12324165e+03 5.15890276e+03 1.44046546e+01
v 6.12436024e+03 5.15857535e+03 1.41987534e+01
v 6.12471429e+03 5.15979905e+03 1.41402464e+01
v 6.12371208e+03 5.15814997e+03 1.43779367e+01
v 6.12486255e+03 5.15661079e+03 1.50819964e+01
v 6.12416533e+03 5.15766174e+03 1.49565372e+01
v 6.12306372e+03 5.16224385e+03 1.49100235e+01
v 6.12259461e+03 5.16238105e+03 1.51301608e+01
v 6.12278762e+03 5.16290488e+03 1.48990093e+01
v 6.12455961e+03 5.15716535e+03 1.50558293e+01
v 6.12391520e+03 5.16042611e+03 1.46895523e+01
v 6.12361012e+03 5.15970756e+03 1.51220355e+01
v 6.12362470e+03 5.16117820e+03 1.50289219e+01
v 6.12397678e+03 5.16118552e+03 1.63043336e+01
v 6.12215694e+03 5.16681919e+03 1.48739114e+01
v 6.12147900e+03 5.16237108e+03 1.46437570e+01
v 6.12308794e+03 5.16181137e+03 1.50991990e+01
v 6.12229190e+03 5.16218853e+03 1.50728564e+01
v 6.12243305e+03 5.16216461e+03 1.57276537e+01
v 6.12111494e+03 5.16537746e+03 1.48843216e+01
v 6.12265299e+03 5.16387452e+03 1.48443451e+01
v 6.12161968e+03 5.16406409e+03 1.47912636e+01
v 6.12367476e+03 5.16143833e+03 1.48328992e+01
v 6.12199517e+03 5.17134675e+03 1.53007570e+01
v 6.12237229e+03 5.17025542e+03 1.50758934e+01
v 6.12163743e+03 5.17016726e+03 1.50313191e+01
v 6.12492016e+03 5.17205174e+03 1.52202631e+01
v 6.12203749e+03 5.16808632e+03 1.50010514e+01
v 6.12349808e+03 5.17151817e+03 1.53525035e+01
v 6.12216296e+03 5.17186047e+03 1.52899807e+01
v 6.12141453e+03 5.16914417e+03 1.49184485e+01
v 6.12284328e+03 5.16920914e+03 1.50060792e+01
v 6.12227854e+03 5.17443349e+03 1.49332445e+01
v 6.12205654e+03 5.17273820e+03 1.50610083e+01
v 6.12390044e+03 5.17071195e+03 1.50546798e+01
v 6.12497195e+03 5.15708028e+03 1.46960990e+01
v 6.12430721e+03 5.15753120e+03 1.46397840e+01
v 6.12463700e+03 5.15765462e+03 1.43181551e+01
v 6.12360314e+03 5.18443601e+03 1.51962882e+01
v 6.12417639e+03 5.18478932e+03 1.53458338e+01
v 6.12397781e+03 5.18512932e+03 1.56767095e+01
v 6.12461648e+03 5.18528485e+03 1.57442571e+01
v 6.12341940e+03 5.18329482e+03 1.51621801e+01
v 6.12464953e+03 5.18276639e+03 1.51312144e+01
v 6.12376452e+03 5.18229547e+03 1.52409359e+01
v 6.12465381e+03 5.18150221e+03 1.50962650e+01
v 6.12136089e+03 5.18164183e+03 1.51917509e+01
v 6.12203311e+03 5.18212302e+03 1.52093244e+01
v 6.12183560e+03 5.17987053e+03 1.52126852e+01
v 6.12188461e+03 5.17928850e+03 1.51985675e+01
v 6.12280556e+03 5.18206709e+03 1.51753854e+01
v 6.12239803e+03 5.17828812e+03 1.50949662e+01
v 6.12083497e+03 5.18334040e+03 1.52187839e+01
v 6.12329522e+03 5.18415180e+03 1.53031139e+01
v 6.12365777e+03 5.18521743e+03 1.54337693e+01
v 6.12372666e+03 5.18490637e+03 1.53646001e+01
v 6.12432560e+03 5.18722206e+03 1.54686937e+01
v 6.12394140e+03 5.18171248e+03 1.51645721e+01
v 6.12449853e+03 5.17995967e+03 1.50651996e+01
v 6.12443339e+03 5.17894888e+03 1.50240141e+01
v 6.12395695e+03 5.17888338e+03 1.51408731e+01
v 6.12198696e+03 5.17832760e+03 1.51923044e+01
v 6.12210132e+03 5.17597399e+03 1.49756032e+01
v 6.12471375e+03 5.17102075e+03 1.49672900e+01
v 6.12454313e+03 5.16999966e+03 1.49052831e+01
v 6.12328996e+03 5.16143127e+03 1.54069605e+01
v 6.12349760e+03 5.15787620e+03 3.19897034e+01
v 6.12379945e+03 5.15799254e+03 3.27654486e+01
v 6.12321914e+03 5.15814901e+03 3.19224872e+01
v 6.12154098e+03 5.15842732e+03 3.27140771e+01
v 6.12176595e+03 5.15846880e+03 3.25664810e+01
v 6.12208637e+03 5.15807674e+03 3.31702423e+01
v 6.12235017e+03 5.15727816e+03 3.48470605e+01
v 6.12191234e+03 5.15787067e+03 3.46683920e+01
v 6.12225042e+03 5.15770202e+03 3.42279419e+01
v 6.12276474e+03 5.15640169e+03 3.39061972e+01
v 6.12278736e+03 5.15675649e+03 3.36393086e+01
v 6.12318109e+03 5.15680129e+03 3.32652212e+01
v 6.12477019e+03 5.15624661e+03 2.96427336e+01
v 6.12503947e+03 5.15669289e+03 2.95064615e+01
v 6.12241142e+03 5.18695747e+03 2.44511017e+01
v 6.12177508e+03 5.18589729e+03 2.81880848e+01
v 6.12153073e+03 5.18603671e+03 2.79741182e+01
v 6.12142856e+03 5.18586954e+03 2.77578218e+01
v 6.12492989e+03 5.15789048e+03 2.78866980e+01
v 6.12211220e+03 5.16046700e+03 2.97675917e+01
v 6.12212406e+03 5.16065628e+03 2.87859882e+01
v 6.12236524e+03 5.16033000e+03 2.92314777e+01
v 6.12449087e+03 5.15946242e+03 2.90753418e+01
v 6.12425834e+03 5.15935815e+03 2.95071892e+01
v 6.12436870e+03 5.15964985e+03 2.90219847e+01
v 6.12271927e+03 5.15626765e+03 3.50013903e+01
v 6.12254015e+03 5.15659099e+03 3.52310877e+01
v 6.12437273e+03 5.15975943e+03 2.86144625e+01
v 6.12131187e+03 5.17542679e+03 1.48779815e+01
v 6.12219419e+03 5.17546126e+03 1.48883728e+01
v 6.12156622e+03 5.17625713e+03 1.51539475e+01
v 6.12154975e+03 5.17510409e+03 1.48461140e+01
v 6.12496596e+03 5.17607594e+03 1.49026871e+01
v 6.12167074e+03 5.17899441e+03 1.50811006e+01
v 6.12468168e+03 5.18495451e+03 1.53216738e+01
v 6.12276422e+03 5.15690968e+03 3.34601250e+01
v 6.12332346e+03 5.15712252e+03 3.31272012e+01
v 6.12163797e+03 5.18601845e+03 2.83524518e+01
v 6.12159758e+03 5.18575139e+03 2.84191735e+01
v 6.12164738e+03 5.18587644e+03 2.84697250e+01
v 6.12148772e+03 5.18592621e+03 2.84936395e+01
v 6.12373769e+03 5.15801325e+03 3.30938393e+01
v 6.12308858e+03 5.15842420e+03 3.24122554e+01
v 6.12244505e+03 5.15884662e+03 3.13712766e+01
v 6.12282189e+03 5.15874059e+03 3.18045033e+01
v 6.12216748e+03 5.15907875e+03 3.17902062e+01
v 6.12271190e+03 5.15873549e+03 3.22575327e+01
v 6.12355221e+03 5.15743316e+03 3.17080512e+01
v 6.12162907e+03 5.16000774e+03 3.17591887e+01
v 6.12188835e+03 5.15955996e+03 3.15804414e+01
v 6.12143657e+03 5.15970616e+03 3.21020065e+01
v 6.12273951e+03 5.15863093e+03 3.07006900e+01
v 6.12263777e+03 5.15904395e+03 3.06506764e+01
v 6.12329739e+03 5.15868758e+03 3.04423180e+01
v 6.12384485e+03 5.15769657e+03 3.26345283e+01
v 6.12370084e+03 5.15704334e+03 2.99380699e+01
v 6.12404721e+03 5.15721608e+03 2.96181799e+01
v 6.12417488e+03 5.15689055e+03 2.97770084e+01
v 6.12382202e+03 5.15675529e+03 2.99296413e+01
v 6.12228984e+03 5.15974642e+03 3.05868813e+01
v 6.12282940e+03 5.15985755e+03 3.00335944e+01
v 6.12278287e+03 5.15956283e+03 3.03506919e+01
v 6.12503523e+03 5.15619603e+03 2.76533799e+01
v 6.12333455e+03 5.15707776e+03 3.04695376e+01
v 6.12361582e+03 5.15665099e+03 3.03224711e+01
v 6.12383840e+03 5.15959976e+03 2.95836074e+01
v 6.12344795e+03 5.15973612e+03 2.92454249e+01
v 6.12322624e+03 5.15971642e+03 2.98101142e+01
v 6.12284533e+03 5.16097133e+03 2.71753893e+01
v 6.12295068e+03 5.16075231e+03 2.81657891e+01
v 6.12453344e+03 5.15935430e+03 2.72954522e+01
v 6.12451627e+03 5.16254894e+03 2.41821562e+01
v 6.12491119e+03 5.16241607e+03 2.46301848e+01
v 6.12505864e+03 5.15664822e+03 2.84193835e+01
v 6.12150179e+03 5.16058878e+03 3.03509170e+01
v 6.12207221e+03 5.16021444e+03 3.03346555e+01
v 6.12214543e+03 5.15881682e+03 3.22108508e+01
v 6.12150309e+03 5.15869080e+03 3.24505740e+01
v 6.12170639e+03 5.15901784e+03 3.21927335e+01
v 6.12329757e+03 5.15734111e+03 3.07439103e+01
v 6.12259708e+03 5.16023713e+03 2.96992602e+01
v 6.12156552e+03 5.16090970e+03 2.83431481e+01
v 6.12159943e+03 5.16074767e+03 2.91606087e+01
v 6.12415380e+03 5.15645376e+03 3.01168547e+01
v 6.12449359e+03 5.15630144e+03 2.99865387e+01
v 6.12503833e+03 5.15793877e+03 2.91991975e+01
v 6.12460127e+03 5.15672327e+03 2.98701094e+01
v 6.12430712e+03 5.15768427e+03 2.93842933e+01
v 6.12495939e+03 5.15777917e+03 2.93309397e+01
v 6.12407914e+03 5.15775994e+03 2.94773718e+01
v 6.12450038e+03 5.15816875e+03 2.94604173e+01
v 6.12380505e+03 5.15629035e+03 3.05131562e+01
v 6.12468774e+03 5.15842413e+03 2.93850265e+01
v 6.12370554e+03 5.15747250e+03 2.98870065e+01
v 6.12370319e+03 5.15957527e+03 3.02454745e+01
v 6.12384483e+03 5.15929646e+03 3.01775374e+01
v 6.12363300e+03 5.15940147e+03 3.03294444e+01
v 6.12179613e+03 5.16043592e+03 3.01695685e+01
v 6.12334974e+03 5.15673927e+03 3.10179988e+01
v 6.12357083e+03 5.15707228e+03 3.16420304e+01
v 6.12337125e+03 5.15735177e+03 3.13026393e+01
v 6.12345020e+03 5.15620871e+03 3.12622088e+01
v 6.12334559e+03 5.15671269e+03 3.07018922e+01
v 6.12364941e+03 5.15821391e+03 3.02161699e+01
v 6.12341863e+03 5.15655952e+03 3.16066546e+01
v 6.12410604e+03 5.15848185e+03 2.98180934e+01
v 6.12332274e+03 5.15628226e+03 3.24956242e+01
v 6.12354757e+03 5.15696832e+03 3.24381669e+01
v 6.12151142e+03 5.15936149e+03 3.21497927e+01
v 6.12338044e+03 5.15695001e+03 3.28745940e+01
v 6.12378908e+03 5.15745610e+03 3.30210881e+01
v 6.12263457e+03 5.15658448e+03 3.42287232e+01
v 6.12243027e+03 5.15723293e+03 3.36300116e+01
v 6.12373001e+03 5.15780139e+03 3.31706886e+01
v 6.12313350e+03 5.15732856e+03 3.31851731e+01
v 6.12330700e+03 5.15802335e+03 3.30661150e+01
v 6.12256208e+03 5.15768871e+03 3.31659643e+01
v 6.12334708e+03 5.15643403e+03 3.30769687e+01
v 6.12328776e+03 5.15644057e+03 3.33961052e+01
v 6.12288669e+03 5.15849776e+03 3.15345813e+01
v 6.12273479e+03 5.15847457e+03 3.26902197e+01
v 6.12314752e+03 5.15831462e+03 3.27959603e+01
v 6.12264920e+03 5.15821842e+03 3.30236629e+01
v 6.12244019e+03 5.15641036e+03 3.53358180e+01
v 6.12320799e+03 5.15764998e+03 3.11995131e+01
v 6.12313753e+03 5.15837080e+03 3.06900628e+01
v 6.12301642e+03 5.15928024e+03 3.04204133e+01
v 6.12328866e+03 5.15955317e+03 3.02608469e+01
v 6.12159069e+03 5.15812039e+03 3.37013065e+01
v 6.12159164e+03 5.15823424e+03 3.30998863e+01
v 6.12197392e+03 5.15798126e+03 3.35597979e+01
v 6.12236301e+03 5.15765360e+03 3.33385188e+01
v 6.12165603e+03 5.15810170e+03 3.41944834e+01
v 6.12238405e+03 5.15817680e+03 3.29863072e+01
v 6.12336215e+03 5.15907867e+03 3.03815228e+01
v 6.12231194e+03 5.15905048e+03 3.10731617e+01
v 6.12383872e+03 5.15780030e+03 3.29486367e+01
v 6.12224124e+03 5.15767140e+03 3.37198328e+01
v 6.12370753e+03 5.15729105e+03 3.23266561e+01
v 6.12240729e+03 5.15734076e+03 3.42472270e+01
v 6.12213356e+03 5.15731049e+03 3.50982488e+01
v 6.12156550e+03 5.15775557e+03 3.50313987e+01
v 6.12166819e+03 5.15689752e+03 3.54938336e+01
v 6.12155936e+03 5.15745147e+03 3.51765969e+01
v 6.12215348e+03 5.15686784e+03 3.54085383e+01
v 6.12139245e+03 5.15798636e+03 3.48764692e+01
v 6.12198672e+03 5.15659202e+03 3.55855931e+01
v 6.12301172e+03 5.15794298e+03 3.13356126e+01
v 6.12305805e+03 5.18694914e+03 2.77236990e+01
v 6.12165696e+03 5.18571120e+03 2.81693653e+01
v 6.12318697e+03 5.18713869e+03 2.78092835e+01
v 6.12161826e+03 5.15641771e+03 3.57586886e+01
v 6.12097481e+03 5.16145420e+03 1.57546877e+01
v 6.12174900e+03 5.16169212e+03 1.55758855e+01
v 6.12206174e+03 5.16210848e+03 1.66611803e+01
v 6.12275150e+03 5.16207681e+03 1.64317770e+01
v 6.12278645e+03 5.16203764e+03 1.55326602e+01
v 6.12344992e+03 5.16177486e+03 1.65296644e+01
v 6.12477683e+03 5.15679159e+03 2.03689052e+01
v 6.12471284e+03 5.16245763e+03 2.26471979e+01
v 6.12500530e+03 5.16250383e+03 2.51170833e+01
v 6.12356086e+03 5.16226137e+03 1.74743942e+01
v 6.12461571e+03 5.15818283e+03 1.41628357e+01
v 6.12344963e+03 5.15914890e+03 1.50979944e+01
v 6.12155977e+03 5.16157265e+03 1.51824860e+01
v 6.12163924e+03 5.16210221e+03 2.63421913e+01
v 6.12158926e+03 5.18213068e+03 1.52044333e+01
v 6.12269302e+03 5.18577133e+03 1.76238015e+01
v 6.12143016e+03 5.18547194e+03 1.66734140e+01
v 6.12306178e+03 5.16182368e+03 1.59820483e+01
v 6.12149592e+03 5.17927811e+03 1.51778596e+01
v 6.12505921e+03 5.16297270e+03 1.44557891e+01
v 6.12493500e+03 5.15726796e+03 2.36076685e+01
v 6.12496364e+03 5.15707036e+03 2.02244565e+01
v 6.12133477e+03 5.16351166e+03 2.04108267e+01
v 6.12307311e+03 5.18709621e+03 1.84368584e+01
v 6.12502227e+03 5.18732301e+03 1.78517873e+01
v 6.12502190e+03 5.16224588e+03 2.56186092e+01
v 6.12496025e+03 5.16255297e+03 2.55888174e+01
v 6.12504591e+03 5.15713018e+03 2.91875726e+01
v 6.12477371e+03 5.15712640e+03 2.95157322e+01
v 6.12489313e+03 5.15882134e+03 2.74741700e+01
v 6.12144771e+03 5.18665237e+03 2.57452880e+01
v 6.12161111e+03 5.18673028e+03 2.67978225e+01
v 6.12083937e+03 5.18510849e+03 2.39557395e+01
v 6.12291119e+03 5.18742888e+03 2.74352460e+01
v 6.12204041e+03 5.18648839e+03 2.55893384e+01
v 6.10476213e+03 5.16028704e+03 1.60620893e+01
v 6.10439299e+03 5.16029703e+03 1.72889834e+01
v 6.10414380e+03 5.16094459e+03 1.61123693e+01
v 6.11006978e+03 5.15664887e+03 1.71087470e+01
v 6.10994260e+03 5.15688363e+03 1.63025669e+01
v 6.10908891e+03 5.15634099e+03 1.64678614e+01
v 6.11091811e+03 5.15857171e+03 1.81386547e+01
v 6.11044023e+03 5.15750456e+03 1.72642693e+01
v 6.11180417e+03 5.15853759e+03 1.85269555e+01
v 6.11065323e+03 5.16100057e+03 2.06706629e+01
v 6.11129236e+03 5.16126939e+03 2.07561419e+01
v 6.11132487e+03 5.16154796e+03 2.18359900e+01
v 6.10991120e+03 5.16117371e+03 2.21741451e+01
v 6.10896184e+03 5.16063497e+03 2.23849027e+01
v 6.10998867e+03 5.16073848e+03 2.11650942e+01
v 6.11571895e+03 5.16198908e+03 2.14784048e+01
v 6.11339503e+03 5.16196024e+03 2.18233959e+01
v 6.11286622e+03 5.16082611e+03 2.01277820e+01
v 6.11952525e+03 5.18498978e+03 2.73937979e+01
v 6.12099688e+03 5.18523386e+03 2.80579190e+01
v 6.10771017e+03 5.18539164e+03 2.72936682e+01
v 6.10755386e+03 5.18575987e+03 2.67474172e+01
v 6.10712056e+03 5.18455532e+03 2.84621920e+01
v 6.10651003e+03 5.18428097e+03 2.81236196e+01
v 6.11064882e+03 5.18705970e+03 2.82135516e+01
v 6.10955142e+03 5.18603968e+03 2.87228700e+01
v 6.11800335e+03 5.18438028e+03 2.72206947e+01
v 6.11785285e+03 5.18485739e+03 2.66616009e+01
v 6.11831150e+03 5.18491971e+03 2.68939625e+01
v 6.12146716e+03 5.18625662e+03 2.60982570e+01
v 6.11045982e+03 5.15722448e+03 1.53825194e+01
v 6.11021637e+03 5.15733886e+03 1.56806620e+01
v 6.11772096e+03 5.15781435e+03 1.55526823e+01
v 6.11812675e+03 5.15843731e+03 1.52319121e+01
v 6.11009047e+03 5.15697013e+03 1.56211981e+01
v 6.11781095e+03 5.15842844e+03 1.59870118e+01
v 6.10567545e+03 5.15626238e+03 1.59457677e+01
v 6.11019920e+03 5.15874716e+03 1.79985810e+01
v 6.11034740e+03 5.15819949e+03 1.74739724e+01
v 6.12051475e+03 5.16207299e+03 1.83455630e+01
v 6.12058149e+03 5.16230327e+03 1.94802696e+01
v 6.10830364e+03 5.15981032e+03 2.20450886e+01
v 6.10871980e+03 5.16015791e+03 2.17599179e+01
v 6.10419812e+03 5.16150601e+03 2.38631325e+01
v 6.10461394e+03 5.16106829e+03 2.40578999e+01
v 6.10460252e+03 5.16100617e+03 2.31810395e+01
v 6.10476729e+03 5.16084411e+03 2.46243234e+01
v 6.10355472e+03 5.16103345e+03 1.71084988e+01
v 6.10258996e+03 5.16140831e+03 1.73606937e+01
v 6.11692674e+03 5.15666336e+03 1.71973669e+01
v 6.11629422e+03 5.15639225e+03 1.80598578e+01
v 6.10432250e+03 5.16040466e+03 1.83433943e+01
v 6.10465393e+03 5.16043724e+03 1.94363769e+01
v 6.10377458e+03 5.16109545e+03 1.91445537e+01
v 6.10479935e+03 5.15980724e+03 1.84675075e+01
v 6.10748146e+03 5.15738255e+03 2.23791623e+01
v 6.10756836e+03 5.15791013e+03 2.19670408e+01
v 6.10760748e+03 5.15792129e+03 2.32787602e+01
v 6.11823366e+03 5.18714059e+03 2.93904795e+01
v 6.11848172e+03 5.18726718e+03 2.94548786e+01
v 6.11717554e+03 5.16120750e+03 2.67707344e+01
v 6.11724181e+03 5.16187514e+03 2.62545523e+01
v 6.11288153e+03 5.16112411e+03 2.97048689e+01
v 6.11259544e+03 5.16149874e+03 2.92908905e+01
v 6.11191707e+03 5.16047508e+03 2.92884087e+01
v 6.11168558e+03 5.15957476e+03 2.94897631e+01
v 6.10491712e+03 5.18284613e+03 2.91990763e+01
v 6.10481785e+03 5.18291101e+03 2.84195056e+01
v 6.11905974e+03 5.15927666e+03 3.20663818e+01
v 6.11960781e+03 5.15885015e+03 3.21737310e+01
v 6.11594999e+03 5.15969541e+03 3.11180435e+01
v 6.11549966e+03 5.15971370e+03 3.09462135e+01
v 6.11870410e+03 5.16072252e+03 2.87429310e+01
v 6.11896174e+03 5.16105109e+03 2.92737371e+01
v 6.11785443e+03 5.15909737e+03 3.10682322e+01
v 6.11721277e+03 5.15909222e+03 3.09894369e+01
v 6.11751942e+03 5.15907628e+03 3.03801131e+01
v 6.12046315e+03 5.16110484e+03 2.86256661e+01
v 6.11976148e+03 5.16142012e+03 2.87352157e+01
v 6.12038902e+03 5.16138092e+03 2.82264362e+01
v 6.11064901e+03 5.15628932e+03 2.88192121e+01
v 6.11087006e+03 5.15644159e+03 2.93137513e+01
v 6.11646309e+03 5.18345398e+03 2.71786923e+01
v 6.11679930e+03 5.18312464e+03 2.73809992e+01
v 6.11131137e+03 5.18221446e+03 2.92517122e+01
v 6.11085646e+03 5.18092651e+03 2.89317390e+01
v 6.11085637e+03 5.18225638e+03 2.93670827e+01
v 6.10840330e+03 5.18577458e+03 2.71588750e+01
v 6.10844568e+03 5.18550378e+03 2.81491091e+01
v 6.11020300e+03 5.18647037e+03 2.91756850e+01
v 6.11185074e+03 5.18746319e+03 2.93306381e+01
v 6.11879211e+03 5.18718363e+03 2.92270259e+01
v 6.11676997e+03 5.16104435e+03 1.46244318e+01
v 6.11538211e+03 5.16123229e+03 1.44960214e+01
v 6.11014039e+03 5.15882203e+03 1.46765362e+01
v 6.10969839e+03 5.16127909e+03 1.49399234e+01
v 6.11221853e+03 5.16031247e+03 1.47049534e+01
v 6.11094761e+03 5.16200943e+03 1.48744377e+01
v 6.10414948e+03 5.16261789e+03 1.53401993e+01
v 6.10541003e+03 5.16144392e+03 1.52461656e+01
v 6.10499767e+03 5.16109526e+03 1.54020045e+01
v 6.10717825e+03 5.16168256e+03 1.49372558e+01
v 6.10933968e+03 5.15891122e+03 1.48049463e+01
v 6.10276663e+03 5.16159884e+03 1.67123718e+01
v 6.11514822e+03 5.18113056e+03 1.52186838e+01
v 6.11616461e+03 5.18192830e+03 1.52886501e+01
v 6.11858261e+03 5.18179969e+03 1.52849089e+01
v 6.11969408e+03 5.18128783e+03 1.52686166e+01
v 6.11896699e+03 5.17826462e+03 1.52042843e+01
v 6.11813388e+03 5.17741776e+03 1.53416951e+01
v 6.11793735e+03 5.17784193e+03 1.52149766e+01
v 6.12101617e+03 5.17065581e+03 1.50156875e+01
v 6.12085271e+03 5.16850090e+03 1.48933780e+01
v 6.12121759e+03 5.17175656e+03 1.51687649e+01
v 6.12150641e+03 5.17238357e+03 1.51142324e+01
v 6.11797109e+03 5.17039770e+03 1.53117389e+01
v 6.11891420e+03 5.17123446e+03 1.53476873e+01
v 6.12073364e+03 5.16338604e+03 1.47458615e+01
v 6.11390573e+03 5.16290241e+03 1.47844607e+01
v 6.11620463e+03 5.16269418e+03 1.47954670e+01
v 6.12057508e+03 5.16163555e+03 1.48090348e+01
v 6.12139756e+03 5.17361542e+03 1.50566742e+01
v 6.11997643e+03 5.16079171e+03 1.56697950e+01
v 6.12047556e+03 5.16121793e+03 1.53647689e+01
v 6.11930258e+03 5.15963107e+03 1.45569533e+01
v 6.11919003e+03 5.16045576e+03 1.45810053e+01
v 6.11729918e+03 5.18660596e+03 2.98939787e+01
v 6.11765341e+03 5.18666691e+03 2.95943618e+01
v 6.11250006e+03 5.18447694e+03 2.98364229e+01
v 6.11276254e+03 5.18413488e+03 3.00447225e+01
v 6.10623537e+03 5.18401825e+03 2.89350325e+01
v 6.11435103e+03 5.18471394e+03 2.92112440e+01
v 6.11464884e+03 5.18465441e+03 2.91388410e+01
v 6.11666889e+03 5.18587376e+03 2.90695254e+01
v 6.11709916e+03 5.18553357e+03 2.90596437e+01
v 6.11889805e+03 5.18754215e+03 2.93597046e+01
v 6.12074415e+03 5.18688355e+03 2.71424461e+01
v 6.12093006e+03 5.18638231e+03 2.73909440e+01
v 6.11845565e+03 5.15891461e+03 3.05725256e+01
v 6.11861986e+03 5.15926686e+03 3.15174684e+01
v 6.11440058e+03 5.16062622e+03 3.13663390e+01
v 6.11407870e+03 5.16098711e+03 3.01545490e+01
v 6.11648594e+03 5.18600954e+03 2.99402358e+01
v 6.11638578e+03 5.18598023e+03 2.92335218e+01
v 6.11379141e+03 5.16111572e+03 3.05811562e+01
v 6.11320557e+03 5.16105659e+03 3.00650117e+01
v 6.11629165e+03 5.15729792e+03 3.30490741e+01
v 6.11644605e+03 5.15732695e+03 3.25764782e+01
v 6.11563934e+03 5.15922090e+03 3.13997029e+01
v 6.11653005e+03 5.15751265e+03 3.20491069e+01
v 6.11669729e+03 5.15779481e+03 3.18704070e+01
v 6.11672260e+03 5.15746653e+03 3.16261932e+01
v 6.11663241e+03 5.18621527e+03 2.93887448e+01
v 6.12073137e+03 5.15941026e+03 3.24419230e+01
v 6.12076833e+03 5.16005339e+03 3.25178060e+01
v 6.12115853e+03 5.15947285e+03 3.23645433e+01
v 6.11717661e+03 5.15918310e+03 3.03762199e+01
v 6.11746672e+03 5.15914328e+03 2.98367340e+01
v 6.11109557e+03 5.15895065e+03 2.96315217e+01
v 6.11095769e+03 5.15849119e+03 3.04381973e+01
v 6.11827981e+03 5.15706460e+03 3.22027951e+01
v 6.11840072e+03 5.15662240e+03 3.24078054e+01
v 6.12099453e+03 5.16074747e+03 2.98719851e+01
v 6.11705806e+03 5.16072486e+03 2.86639317e+01
v 6.11756712e+03 5.16056660e+03 2.83366212e+01
v 6.11769518e+03 5.16075438e+03 2.79595904e+01
v 6.11420233e+03 5.16312104e+03 2.74468323e+01
v 6.11347291e+03 5.16418909e+03 2.73486710e+01
v 6.11400404e+03 5.16260259e+03 2.84069983e+01
v 6.11470298e+03 5.16210824e+03 2.84786640e+01
v 6.11393126e+03 5.16367971e+03 2.69656772e+01
v 6.12098002e+03 5.16110971e+03 2.83501830e+01
v 6.12125207e+03 5.18652027e+03 2.83566085e+01
v 6.12074207e+03 5.18665576e+03 2.75011996e+01
v 6.12119205e+03 5.18615210e+03 2.76396878e+01
v 6.11301526e+03 5.18092754e+03 2.72472994e+01
v 6.11306040e+03 5.18129558e+03 2.70576183e+01
v 6.11464620e+03 5.18208869e+03 2.72247746e+01
v 6.11386360e+03 5.18163284e+03 2.71796200e+01
v 6.11445874e+03 5.18102231e+03 2.80662929e+01
v 6.12084252e+03 5.16075754e+03 2.96849450e+01
v 6.11473449e+03 5.16305139e+03 2.67183581e+01
v 6.11725169e+03 5.18372191e+03 2.73187431e+01
v 6.11750913e+03 5.18421302e+03 2.70582216e+01
v 6.11702876e+03 5.18370255e+03 2.69646934e+01
v 6.12149699e+03 5.16058648e+03 2.98414310e+01
v 6.12036196e+03 5.16302690e+03 2.67937470e+01
v 6.12058355e+03 5.16282315e+03 2.72151806e+01
v 6.11801845e+03 5.16121466e+03 2.75723519e+01
v 6.11830390e+03 5.16104504e+03 2.78789444e+01
v 6.11698273e+03 5.16116297e+03 2.74420321e+01
v 6.11666933e+03 5.16135823e+03 2.82412638e+01
v 6.11649964e+03 5.16188363e+03 2.68986336e+01
v 6.11411756e+03 5.16091696e+03 3.10924837e+01
v 6.11625247e+03 5.16155210e+03 2.84748632e+01
v 6.11458595e+03 5.16261593e+03 2.76418312e+01
v 6.11877216e+03 5.16111692e+03 2.85246107e+01
v 6.11379320e+03 5.18204454e+03 2.66147799e+01
v 6.11029296e+03 5.18215857e+03 2.94050630e+01
v 6.11054245e+03 5.18158328e+03 2.91482334e+01
v 6.10703285e+03 5.18010384e+03 2.87236702e+01
v 6.10750254e+03 5.18044683e+03 2.88179567e+01
v 6.11218610e+03 5.18078118e+03 2.71103827e+01
v 6.11225113e+03 5.18090004e+03 2.66588702e+01
v 6.11096895e+03 5.17997892e+03 2.69415098e+01
v 6.11103257e+03 5.17950522e+03 2.75411837e+01
v 6.11038283e+03 5.17868698e+03 2.80213180e+01
v 6.11140382e+03 5.17904092e+03 2.81634930e+01
v 6.10937687e+03 5.17914533e+03 2.68427388e+01
v 6.10847577e+03 5.17888062e+03 2.64492519e+01
v 6.11001513e+03 5.16096455e+03 2.69089754e+01
v 6.11036581e+03 5.16097305e+03 2.70408237e+01
v 6.10969166e+03 5.16075954e+03 2.71558001e+01
v 6.11174195e+03 5.16091824e+03 2.90791327e+01
v 6.11226600e+03 5.16117299e+03 2.93467544e+01
v 6.11050811e+03 5.15773823e+03 2.84400775e+01
v 6.11064397e+03 5.15732120e+03 2.90369697e+01
v 6.11063739e+03 5.15706898e+03 2.86436916e+01
v 6.11018198e+03 5.15772207e+03 1.55679533e+01
v 6.10980254e+03 5.15804517e+03 1.62653263e+01
v 6.11004736e+03 5.15775969e+03 1.63863140e+01
v 6.11013383e+03 5.15737538e+03 1.62865430e+01
v 6.10612789e+03 5.15744293e+03 1.55713011e+01
v 6.10596617e+03 5.15774366e+03 1.55720581e+01
v 6.10913857e+03 5.15834750e+03 1.52662118e+01
v 6.11001942e+03 5.15808453e+03 1.51541520e+01
v 6.10992046e+03 5.15835138e+03 1.48466184e+01
v 6.10726949e+03 5.15703694e+03 1.54066453e+01
v 6.10805387e+03 5.15667602e+03 1.49104886e+01
v 6.10661103e+03 5.15769482e+03 1.59700628e+01
v 6.10626740e+03 5.15796929e+03 1.62253430e+01
v 6.10625890e+03 5.15766875e+03 1.58520027e+01
v 6.10708660e+03 5.15803245e+03 1.60817785e+01
v 6.10668786e+03 5.15807595e+03 1.63322350e+01
v 6.10696600e+03 5.15719870e+03 1.57536373e+01
v 6.10721612e+03 5.15760824e+03 1.54543335e+01
v 6.10792860e+03 5.15835247e+03 1.52543370e+01
v 6.10603756e+03 5.15790138e+03 1.69935806e+01
v 6.10615798e+03 5.15757981e+03 1.72345325e+01
v 6.10573814e+03 5.15763786e+03 1.73655665e+01
v 6.10984804e+03 5.15623576e+03 1.50237947e+01
v 6.10592892e+03 5.15802519e+03 1.67310876e+01
v 6.10597864e+03 5.15798565e+03 1.60035581e+01
v 6.11887143e+03 5.16019386e+03 1.66258699e+01
v 6.11942131e+03 5.15997348e+03 1.54060247e+01
v 6.11964154e+03 5.16070709e+03 1.63379534e+01
v 6.11050733e+03 5.15771408e+03 1.51544180e+01
v 6.11746631e+03 5.15904080e+03 1.69626291e+01
v 6.11833212e+03 5.15890748e+03 1.57945424e+01
v 6.11441637e+03 5.16137222e+03 1.46474028e+01
v 6.11413909e+03 5.15983458e+03 1.47165509e+01
v 6.11314562e+03 5.16094171e+03 1.47658590e+01
v 6.10353631e+03 5.16203161e+03 1.58560824e+01
v 6.11378810e+03 5.15826421e+03 1.47852478e+01
v 6.11410411e+03 5.15922224e+03 1.46774515e+01
v 6.11495508e+03 5.15936555e+03 1.46209538e+01
v 6.12132858e+03 5.17129860e+03 1.51721724e+01
v 6.11012779e+03 5.17132210e+03 1.55932775e+01
v 6.10912038e+03 5.17187507e+03 1.57047637e+01
v 6.10975953e+03 5.17026881e+03 1.56533942e+01
v 6.11328325e+03 5.17695346e+03 1.63015558e+01
v 6.11307061e+03 5.17735718e+03 1.55531134e+01
v 6.11716937e+03 5.17653566e+03 1.54026331e+01
v 6.11624251e+03 5.17676824e+03 1.53641041e+01
v 6.11463369e+03 5.17730202e+03 1.62697446e+01
v 6.11494847e+03 5.17731573e+03 1.54530482e+01
v 6.11464492e+03 5.17703347e+03 1.55398104e+01
v 6.11233382e+03 5.17709957e+03 1.54775616e+01
v 6.11228534e+03 5.17683122e+03 1.58026909e+01
v 6.12106781e+03 5.18083178e+03 1.53376008e+01
v 6.10984755e+03 5.17803565e+03 1.52968908e+01
v 6.10965382e+03 5.17807525e+03 1.54616505e+01
v 6.10996421e+03 5.17840978e+03 1.54063948e+01
v 6.11031425e+03 5.17830142e+03 1.52881248e+01
v 6.11354253e+03 5.18079849e+03 1.66470242e+01
v 6.11345312e+03 5.18046441e+03 1.58274266e+01
v 6.10847430e+03 5.17574317e+03 1.59511451e+01
v 6.10749468e+03 5.17573053e+03 1.57798560e+01
v 6.10367997e+03 5.17244328e+03 1.59286831e+01
v 6.10499263e+03 5.17344957e+03 1.59417285e+01
v 6.10218364e+03 5.16721773e+03 1.59473803e+01
v 6.10286776e+03 5.16853971e+03 1.59271073e+01
v 6.10350007e+03 5.16999643e+03 1.58897878e+01
v 6.12066273e+03 5.18492862e+03 1.72477028e+01
v 6.12128219e+03 5.18534593e+03 1.59742122e+01
v 6.10676478e+03 5.17652274e+03 2.29579481e+01
v 6.10840305e+03 5.17748950e+03 2.28549737e+01
v 6.10476261e+03 5.16078724e+03 1.56432456e+01
v 6.11183283e+03 5.15728407e+03 1.47504382e+01
v 6.11069072e+03 5.15669262e+03 1.50876249e+01
v 6.11167581e+03 5.15794459e+03 1.46600467e+01
v 6.11105511e+03 5.15741334e+03 1.49444674e+01
v 6.11949821e+03 5.16138578e+03 1.99867246e+01
v 6.11857065e+03 5.16126792e+03 2.01508773e+01
v 6.10431798e+03 5.16134201e+03 2.10246809e+01
v 6.10495341e+03 5.16011897e+03 2.01354054e+01
v 6.10469248e+03 5.16081408e+03 2.14082892e+01
v 6.10592622e+03 5.15901274e+03 1.92689932e+01
v 6.10527033e+03 5.15964247e+03 1.93568898e+01
v 6.10995435e+03 5.16065638e+03 2.03481901e+01
v 6.11059622e+03 5.16081610e+03 2.01294467e+01
v 6.11908673e+03 5.16150780e+03 2.08181589e+01
v 6.10746347e+03 5.15906116e+03 2.00923050e+01
v 6.10703907e+03 5.15942133e+03 2.07506780e+01
v 6.10689958e+03 5.15864449e+03 1.93942256e+01
v 6.10749812e+03 5.15936928e+03 2.08112186e+01
v 6.10818416e+03 5.15639711e+03 1.46933748e+01
v 6.10625192e+03 5.15808538e+03 1.46114401e+01
v 6.10594542e+03 5.15769711e+03 1.46296234e+01
v 6.10624477e+03 5.15752141e+03 1.46041260e+01
v 6.10889435e+03 5.15654161e+03 1.50398458e+01
v 6.10708311e+03 5.15659311e+03 1.48000224e+01
v 6.10881111e+03 5.15664828e+03 1.54114014e+01
v 6.10856737e+03 5.15629339e+03 1.63765454e+01
v 6.10822845e+03 5.15674370e+03 1.52721864e+01
v 6.10754008e+03 5.15843996e+03 1.48523904e+01
v 6.10716140e+03 5.15770106e+03 1.48381902e+01
v 6.10840210e+03 5.15920633e+03 1.48227683e+01
v 6.11903227e+03 5.15912118e+03 1.52107051e+01
v 6.11770262e+03 5.15778292e+03 1.45710927e+01
v 6.11746173e+03 5.15787989e+03 1.44027072e+01
v 6.10913984e+03 5.15621240e+03 1.47632282e+01
v 6.10930596e+03 5.15670138e+03 1.57143718e+01
v 6.11518087e+03 5.15689483e+03 1.44762704e+01
v 6.11441517e+03 5.15741175e+03 1.45908887e+01
v 6.11514453e+03 5.15753154e+03 1.44786222e+01
v 6.11504570e+03 5.15807689e+03 1.44529013e+01
v 6.11777135e+03 5.15768167e+03 1.50019932e+01
v 6.11755179e+03 5.15696816e+03 1.49158019e+01
v 6.11742094e+03 5.15722315e+03 1.44189160e+01
v 6.11733982e+03 5.15746365e+03 1.62824655e+01
v 6.11758540e+03 5.15699246e+03 1.54489001e+01
v 6.11834235e+03 5.15911029e+03 1.46045396e+01
v 6.11832365e+03 5.15870178e+03 1.48774471e+01
v 6.11798092e+03 5.15827287e+03 1.47470435e+01
v 6.11797280e+03 5.15886359e+03 1.46096424e+01
v 6.10257144e+03 5.16242787e+03 1.59776360e+01
v 6.10285565e+03 5.16312942e+03 1.56875748e+01
v 6.10455549e+03 5.16296508e+03 1.51819897e+01
v 6.10417014e+03 5.16361446e+03 1.53282850e+01
v 6.11975459e+03 5.16070317e+03 1.48180841e+01
v 6.11995415e+03 5.16070743e+03 1.52467412e+01
v 6.10571526e+03 5.15853848e+03 1.84344338e+01
v 6.10516330e+03 5.15916183e+03 1.84263117e+01
v 6.10651783e+03 5.15949177e+03 2.04628089e+01
v 6.10517412e+03 5.16012776e+03 2.07569655e+01
v 6.10631427e+03 5.15987410e+03 2.12953335e+01
v 6.10588610e+03 5.16012652e+03 2.14702168e+01
v 6.10970352e+03 5.15832550e+03 1.71182226e+01
v 6.10913318e+03 5.15841320e+03 1.71117817e+01
v 6.10930305e+03 5.15830583e+03 1.63853493e+01
v 6.11099284e+03 5.16119292e+03 2.04648770e+01
v 6.11465989e+03 5.15743394e+03 1.84043255e+01
v 6.11618992e+03 5.15779135e+03 1.76468547e+01
v 6.10775981e+03 5.15838875e+03 1.91495220e+01
v 6.10820848e+03 5.15891096e+03 1.92832974e+01
v 6.10638814e+03 5.15690715e+03 1.59632328e+01
v 6.10725528e+03 5.15662697e+03 1.64091137e+01
v 6.10571003e+03 5.15656814e+03 1.53545262e+01
v 6.11934352e+03 5.16100171e+03 1.74818797e+01
v 6.11934862e+03 5.16132662e+03 1.84982957e+01
v 6.10264596e+03 5.16134895e+03 1.83683615e+01
v 6.10310782e+03 5.16166638e+03 1.96693434e+01
v 6.10701368e+03 5.15753821e+03 1.81336301e+01
v 6.10651648e+03 5.15735430e+03 1.78982810e+01
v 6.10684687e+03 5.15721554e+03 1.76136231e+01
v 6.10675819e+03 5.15740134e+03 1.73093243e+01
v 6.10741676e+03 5.15826895e+03 1.69036703e+01
v 6.10776831e+03 5.15847964e+03 1.63659492e+01
v 6.10777722e+03 5.15815878e+03 1.69943743e+01
v 6.10203823e+03 5.16223027e+03 2.07957955e+01
v 6.10217671e+03 5.16182240e+03 1.97732209e+01
v 6.10186381e+03 5.16148691e+03 1.91304362e+01
v 6.10199260e+03 5.16143669e+03 1.77416116e+01
v 6.10224901e+03 5.16150359e+03 1.90710669e+01
v 6.10505502e+03 5.16048668e+03 2.15791954e+01
v 6.10492773e+03 5.16059365e+03 2.24154017e+01
v 6.10420324e+03 5.16144154e+03 2.16795281e+01
v 6.10162817e+03 5.16222065e+03 2.33683373e+01
v 6.10322868e+03 5.16236205e+03 2.51869399e+01
v 6.10144383e+03 5.16250253e+03 2.43815461e+01
v 6.10345663e+03 5.16177716e+03 2.30137901e+01
v 6.10401479e+03 5.16147457e+03 2.29531108e+01
v 6.11041366e+03 5.16300662e+03 2.54033443e+01
v 6.11100059e+03 5.16330288e+03 2.49390051e+01
v 6.10773331e+03 5.15664735e+03 2.31911228e+01
v 6.10765819e+03 5.15670998e+03 2.26908586e+01
v 6.10771212e+03 5.15693876e+03 2.30620408e+01
v 6.10505617e+03 5.16019796e+03 2.35236794e+01
v 6.11075690e+03 5.16386290e+03 2.57249608e+01
v 6.11063807e+03 5.16424165e+03 2.62744222e+01
v 6.11044940e+03 5.16285196e+03 2.48492385e+01
v 6.10981212e+03 5.16238517e+03 2.51702086e+01
v 6.10521283e+03 5.16032507e+03 2.22448426e+01
v 6.10517222e+03 5.16010024e+03 2.26630804e+01
v 6.10234975e+03 5.16252976e+03 2.52196024e+01
v 6.10828414e+03 5.15631000e+03 2.37232626e+01
v 6.10519893e+03 5.15861172e+03 2.37137656e+01
v 6.10453500e+03 5.15835170e+03 2.43831530e+01
v 6.10499115e+03 5.15909293e+03 2.41908293e+01
v 6.10236594e+03 5.16203145e+03 2.26583335e+01
v 6.10447884e+03 5.16185514e+03 2.51896220e+01
v 6.10324035e+03 5.16198217e+03 2.37441587e+01
v 6.10419125e+03 5.16204749e+03 2.52774372e+01
v 6.10821421e+03 5.17790126e+03 2.74859969e+01
v 6.10832598e+03 5.17813430e+03 2.69016078e+01
v 6.10998987e+03 5.16156701e+03 2.60940451e+01
v 6.10984398e+03 5.16186653e+03 2.57340196e+01
v 6.10895554e+03 5.16040063e+03 2.60345221e+01
v 6.10876265e+03 5.16088464e+03 2.55892049e+01
v 6.10976467e+03 5.16089081e+03 2.62960539e+01
v 6.10942772e+03 5.16061807e+03 2.67588129e+01
v 6.10928453e+03 5.15646961e+03 2.67493029e+01
v 6.10805684e+03 5.16020349e+03 2.37688594e+01
v 6.10768785e+03 5.15895114e+03 2.40629521e+01
v 6.12058527e+03 5.16270183e+03 2.68783098e+01
v 6.11354445e+03 5.16425458e+03 2.52336298e+01
v 6.11333597e+03 5.16437607e+03 2.59190549e+01
v 6.11804581e+03 5.16286881e+03 2.51904612e+01
v 6.11826207e+03 5.16316516e+03 2.64758037e+01
v 6.11773671e+03 5.16270395e+03 2.63212196e+01
v 6.11551341e+03 5.16256529e+03 2.66736775e+01
v 6.11795982e+03 5.16287048e+03 2.69741952e+01
v 6.11841972e+03 5.16255695e+03 2.73896969e+01
v 6.11795990e+03 5.16241681e+03 2.68886898e+01
v 6.10503225e+03 5.16019006e+03 2.41301869e+01
v 6.11577890e+03 5.16284764e+03 2.60102374e+01
v 6.11510167e+03 5.16401578e+03 2.58850778e+01
v 6.11630833e+03 5.16333696e+03 2.51456525e+01
v 6.11880332e+03 5.16325793e+03 2.62076918e+01
v 6.12141768e+03 5.16221123e+03 2.59288790e+01
v 6.11812092e+03 5.16295158e+03 2.69666392e+01
v 6.11860057e+03 5.16303002e+03 2.71967762e+01
v 6.12047081e+03 5.16273051e+03 2.60155497e+01
v 6.12001905e+03 5.16321771e+03 2.60792857e+01
v 6.12014004e+03 5.16331918e+03 2.66068991e+01
v 6.11632841e+03 5.15972875e+03 3.11409710e+01
v 6.11463898e+03 5.18128296e+03 2.64098604e+01
v 6.11472935e+03 5.18141587e+03 2.65117517e+01
v 6.11426688e+03 5.18131456e+03 2.63804141e+01
v 6.11458466e+03 5.18239740e+03 2.67120875e+01
v 6.11430680e+03 5.18225565e+03 2.66180968e+01
v 6.11746080e+03 5.18446608e+03 2.65504719e+01
v 6.11719511e+03 5.18292786e+03 2.64610346e+01
v 6.11733762e+03 5.18326493e+03 2.58983258e+01
v 6.11265734e+03 5.18071153e+03 2.71416597e+01
v 6.11508205e+03 5.18303773e+03 2.67581660e+01
v 6.11483207e+03 5.18267038e+03 2.66392907e+01
v 6.10863097e+03 5.17810779e+03 2.72737722e+01
v 6.10820760e+03 5.17864349e+03 2.68361085e+01
v 6.10796559e+03 5.17887360e+03 2.71568348e+01
v 6.10887474e+03 5.17933264e+03 2.60767249e+01
v 6.10827653e+03 5.17890545e+03 2.64402130e+01
v 6.10830507e+03 5.17904190e+03 2.67617994e+01
v 6.10686667e+03 5.17705422e+03 2.54326908e+01
v 6.10712841e+03 5.17680084e+03 2.53524250e+01
v 6.10713438e+03 5.18003179e+03 2.68133432e+01
v 6.10791240e+03 5.17989063e+03 2.63812646e+01
v 6.10954291e+03 5.17825000e+03 2.77379443e+01
v 6.10831001e+03 5.17924912e+03 2.63097499e+01
v 6.11710833e+03 5.18334644e+03 2.74180422e+01
v 6.11218438e+03 5.16369569e+03 2.47302324e+01
v 6.11323352e+03 5.16389956e+03 2.46094987e+01
v 6.11283028e+03 5.16431946e+03 2.54911348e+01
v 6.11143600e+03 5.16448039e+03 2.58563022e+01
v 6.11839796e+03 5.16132375e+03 1.97609445e+01
v 6.11771171e+03 5.16148444e+03 2.01598341e+01
v 6.11176120e+03 5.17977148e+03 2.59598402e+01
v 6.11212576e+03 5.17974255e+03 2.63250220e+01
v 6.11203063e+03 5.17986526e+03 2.58720575e+01
v 6.11601644e+03 5.18233395e+03 2.31721068e+01
v 6.11657620e+03 5.18259422e+03 2.29155055e+01
v 6.10935194e+03 5.17957176e+03 2.63660648e+01
v 6.11568610e+03 5.18310788e+03 2.62413376e+01
v 6.11643156e+03 5.18257019e+03 2.64633637e+01
v 6.11920112e+03 5.18435056e+03 2.60095267e+01
v 6.11901685e+03 5.18412463e+03 2.63029501e+01
v 6.11937769e+03 5.18427811e+03 2.63694269e+01
v 6.10721092e+03 5.15823368e+03 1.89973454e+01
v 6.10871972e+03 5.15831702e+03 1.65989797e+01
v 6.10736086e+03 5.15759750e+03 2.18685213e+01
v 6.10701099e+03 5.15715214e+03 2.19631566e+01
v 6.10744670e+03 5.15629568e+03 2.24411132e+01
v 6.10666985e+03 5.15709900e+03 2.15332892e+01
v 6.10808597e+03 5.15629328e+03 1.64398369e+01
v 6.12104232e+03 5.16214242e+03 2.11203451e+01
v 6.12131246e+03 5.16240343e+03 2.13828659e+01
v 6.10802541e+03 5.15928254e+03 2.01003031e+01
v 6.10655441e+03 5.15960401e+03 2.10670707e+01
v 6.10708089e+03 5.15934054e+03 2.11095959e+01
v 6.10564852e+03 5.16029806e+03 2.18013132e+01
v 6.10502950e+03 5.15939929e+03 1.72803598e+01
v 6.10565633e+03 5.15843526e+03 1.67366345e+01
v 6.10528330e+03 5.15874034e+03 1.75011996e+01
v 6.10897895e+03 5.16006614e+03 2.09467595e+01
v 6.10760294e+03 5.15916641e+03 2.11340809e+01
v 6.10779351e+03 5.15890139e+03 2.12151980e+01
v 6.11188367e+03 5.16252361e+03 2.31193127e+01
v 6.11395991e+03 5.16327163e+03 2.35242439e+01
v 6.10670207e+03 5.15786638e+03 2.12306875e+01
v 6.10650167e+03 5.15792370e+03 2.16106541e+01
v 6.10229176e+03 5.16205155e+03 2.20903678e+01
v 6.10376442e+03 5.16178878e+03 2.20039826e+01
v 6.11713161e+03 5.16145793e+03 1.95060320e+01
v 6.11712003e+03 5.16112111e+03 1.89218059e+01
v 6.12126292e+03 5.16263180e+03 2.12012632e+01
v 6.11959474e+03 5.16154938e+03 1.92464226e+01
v 6.12088534e+03 5.16186370e+03 2.13181805e+01
v 6.12141739e+03 5.16218935e+03 2.24692213e+01
v 6.10802380e+03 5.15927634e+03 2.17590123e+01
v 6.10820005e+03 5.15969990e+03 2.12862974e+01
v 6.10793800e+03 5.15935318e+03 2.13398166e+01
v 6.10829306e+03 5.16024213e+03 2.30376187e+01
v 6.11422843e+03 5.16420204e+03 2.44777185e+01
v 6.11384058e+03 5.16431690e+03 2.55512361e+01
v 6.11573643e+03 5.16341545e+03 2.37925037e+01
v 6.11676243e+03 5.16353946e+03 2.39999489e+01
v 6.11626186e+03 5.16367347e+03 2.45633195e+01
v 6.11809204e+03 5.16297523e+03 2.44133981e+01
v 6.11865193e+03 5.16288729e+03 2.47943255e+01
v 6.11779680e+03 5.16303780e+03 2.46615627e+01
v 6.10943978e+03 5.18672401e+03 2.55300749e+01
v 6.10858461e+03 5.18613169e+03 2.44339399e+01
v 6.10869953e+03 5.18707271e+03 2.38117175e+01
v 6.10915513e+03 5.18697366e+03 2.44267094e+01
v 6.12080448e+03 5.18721012e+03 2.69915661e+01
v 6.12072764e+03 5.18728460e+03 2.74159517e+01
v 6.12128772e+03 5.18693476e+03 2.60700815e+01
v 6.12119998e+03 5.18664816e+03 2.61414646e+01
v 6.12053544e+03 5.18563638e+03 2.63601507e+01
v 6.12058700e+03 5.18520635e+03 2.65525770e+01
v 6.12091062e+03 5.18546326e+03 2.65100297e+01
v 6.12097118e+03 5.18529186e+03 2.64581058e+01
v 6.12038725e+03 5.18573512e+03 2.73266888e+01
v 6.12030047e+03 5.18598730e+03 2.69797891e+01
v 6.11993336e+03 5.18559554e+03 2.69107402e+01
v 6.11959663e+03 5.18534601e+03 2.70414044e+01
v 6.12063879e+03 5.18501347e+03 2.65089523e+01
v 6.12007398e+03 5.18535131e+03 2.74298843e+01
v 6.12093921e+03 5.18570910e+03 2.75672296e+01
v 6.12077066e+03 5.18610368e+03 2.70010761e+01
v 6.12040209e+03 5.18499842e+03 2.60321034e+01
v 6.10785121e+03 5.18579812e+03 2.61272409e+01
v 6.10820345e+03 5.18587474e+03 2.51774179e+01
v 6.10881833e+03 5.18610398e+03 2.66780554e+01
v 6.12002551e+03 5.18488977e+03 2.58351683e+01
v 6.12012750e+03 5.18474022e+03 2.63139561e+01
v 6.12012159e+03 5.18463092e+03 2.49800193e+01
v 6.11947126e+03 5.18447000e+03 2.55993652e+01
v 6.10721784e+03 5.18598631e+03 2.67292745e+01
v 6.10631961e+03 5.18747941e+03 2.63650275e+01
v 6.11119809e+03 5.18713841e+03 2.88076679e+01
v 6.11000845e+03 5.18745234e+03 2.49913868e+01
v 6.11286336e+03 5.18049268e+03 2.76230741e+01
v 6.11138367e+03 5.18021510e+03 2.72482336e+01
v 6.11163939e+03 5.18069378e+03 2.66564224e+01
v 6.10682263e+03 5.17917049e+03 2.55547491e+01
v 6.10753126e+03 5.17884506e+03 2.55907716e+01
v 6.10701195e+03 5.17851052e+03 2.57350315e+01
v 6.10665567e+03 5.17891111e+03 2.54831807e+01
v 6.10183873e+03 5.16268899e+03 2.55458317e+01
v 6.10180510e+03 5.16163568e+03 1.96642999e+01
v 6.11443154e+03 5.18105570e+03 1.53317659e+01
v 6.11442041e+03 5.18055711e+03 1.52622592e+01
v 6.11350627e+03 5.18073981e+03 2.01590204e+01
v 6.11376881e+03 5.18073285e+03 2.05737609e+01
v 6.10364480e+03 5.16090418e+03 1.79705965e+01
v 6.12074939e+03 5.16291908e+03 2.02520559e+01
v 6.10369564e+03 5.16220453e+03 2.16387414e+01
v 6.11619760e+03 5.15933609e+03 1.81084078e+01
v 6.11802559e+03 5.16051226e+03 1.78179617e+01
v 6.11355528e+03 5.15816513e+03 1.85561807e+01
v 6.10889632e+03 5.15900637e+03 1.85268083e+01
v 6.10978885e+03 5.15994577e+03 1.94676339e+01
v 6.12025613e+03 5.16167122e+03 2.14771592e+01
v 6.11109424e+03 5.17896197e+03 1.76704647e+01
v 6.11083385e+03 5.17895576e+03 1.87255544e+01
v 6.11198573e+03 5.16141754e+03 2.14457845e+01
v 6.10857005e+03 5.15841283e+03 1.75463099e+01
v 6.10773199e+03 5.15815152e+03 1.78373499e+01
v 6.10515186e+03 5.15955424e+03 2.32373262e+01
v 6.10510600e+03 5.15943062e+03 2.38460316e+01
v 6.10496820e+03 5.16006486e+03 2.45880817e+01
v 6.10759137e+03 5.15865712e+03 2.11255729e+01
v 6.10743735e+03 5.15796669e+03 2.11865652e+01
v 6.10955088e+03 5.15729532e+03 2.73933936e+01
v 6.10963115e+03 5.15695411e+03 2.74939878e+01
v 6.10642205e+03 5.15811888e+03 1.85736687e+01
v 6.12145647e+03 5.16226759e+03 2.62233171e+01
v 6.11935410e+03 5.16220104e+03 2.26880187e+01
v 6.11855198e+03 5.16258917e+03 2.30020670e+01
v 6.10775239e+03 5.15847580e+03 2.15181027e+01
v 6.10816965e+03 5.15683418e+03 2.48737601e+01
v 6.10788020e+03 5.15695090e+03 2.50493089e+01
v 6.10974353e+03 5.16237567e+03 2.48767645e+01
v 6.10998526e+03 5.16236902e+03 2.43044977e+01
v 6.10903548e+03 5.16209750e+03 2.47108966e+01
v 6.11178330e+03 5.16517605e+03 2.69300439e+01
v 6.11072735e+03 5.15825072e+03 2.80415067e+01
v 6.11758199e+03 5.16103100e+03 2.69577017e+01
v 6.10761800e+03 5.15846463e+03 2.38330260e+01
v 6.10800163e+03 5.15689137e+03 2.36083076e+01
v 6.10348109e+03 5.15954563e+03 2.64527617e+01
v 6.10367109e+03 5.15915696e+03 2.63713278e+01
v 6.12106043e+03 5.16214588e+03 2.54909406e+01
v 6.10809991e+03 5.17942859e+03 2.68195275e+01
v 6.10793080e+03 5.17982840e+03 2.67702893e+01
v 6.10825335e+03 5.17970184e+03 2.64729142e+01
v 6.11732653e+03 5.18317134e+03 2.54156783e+01
v 6.11816091e+03 5.18358083e+03 2.54781632e+01
v 6.10965146e+03 5.17954468e+03 2.66199896e+01
v 6.12022889e+03 5.18486522e+03 2.55403787e+01
v 6.10681749e+03 5.18646981e+03 2.63602254e+01
v 6.10817954e+03 5.17851337e+03 2.64979197e+01
v 6.10820749e+03 5.17814326e+03 2.64958426e+01
v 6.11304882e+03 5.15796944e+03 1.46364341e+01
v 6.11335272e+03 5.15690789e+03 1.44456349e+01
v 6.10957561e+03 5.15666501e+03 1.52378395e+01
v 6.10689414e+03 5.15749262e+03 1.57656236e+01
v 6.10788303e+03 5.15842453e+03 1.56929004e+01
v 6.12102637e+03 5.16225713e+03 1.45953367e+01
v 6.12069698e+03 5.16143806e+03 1.51269692e+01
v 6.11654081e+03 5.16128681e+03 1.94545560e+01
v 6.11574235e+03 5.16103777e+03 1.98161453e+01
v 6.11801439e+03 5.17122838e+03 1.54558228e+01
v 6.11224075e+03 5.17566320e+03 1.57408552e+01
v 6.11246706e+03 5.17584712e+03 1.61203618e+01
v 6.11277337e+03 5.17598565e+03 1.57628974e+01
v 6.11427884e+03 5.17688254e+03 1.56434948e+01
v 6.11444236e+03 5.17672039e+03 1.55077687e+01
v 6.11386987e+03 5.17648452e+03 1.57384159e+01
v 6.11525529e+03 5.17843062e+03 1.55266888e+01
v 6.11502785e+03 5.17809746e+03 1.61272771e+01
v 6.12027342e+03 5.17788578e+03 1.54059215e+01
v 6.11984961e+03 5.17862617e+03 1.51218694e+01
v 6.11169024e+03 5.16229144e+03 1.49333660e+01
v 6.10976531e+03 5.16295397e+03 1.50288988e+01
v 6.11514942e+03 5.16044695e+03 1.93698163e+01
v 6.12111094e+03 5.16354023e+03 2.01721701e+01
v 6.12097124e+03 5.16262347e+03 1.91271341e+01
v 6.11595235e+03 5.15657127e+03 1.43505997e+01
v 6.11767403e+03 5.15639830e+03 1.55198284e+01
v 6.10755839e+03 5.15813492e+03 1.50409322e+01
v 6.10734459e+03 5.15697576e+03 1.58841844e+01
v 6.10660278e+03 5.15740586e+03 1.46868018e+01
v 6.10638814e+03 5.15710949e+03 1.48118657e+01
v 6.11746022e+03 5.15650419e+03 1.62428236e+01
v 6.11690615e+03 5.15775739e+03 1.69189082e+01
v 6.10644490e+03 5.15721581e+03 1.74758458e+01
v 6.10724626e+03 5.15790732e+03 1.72541594e+01
v 6.10727834e+03 5.15758478e+03 1.75485700e+01
v 6.10660804e+03 5.15792271e+03 1.72063638e+01
v 6.10659022e+03 5.15834204e+03 1.70730508e+01
v 6.11404403e+03 5.17687658e+03 1.63284530e+01
v 6.11250878e+03 5.17102409e+03 1.56579383e+01
v 6.11155974e+03 5.17079437e+03 1.57778712e+01
v 6.11194538e+03 5.17193835e+03 1.55067724e+01
v 6.11153180e+03 5.17958991e+03 1.67664696e+01
v 6.11116725e+03 5.17911725e+03 1.62069178e+01
v 6.11126022e+03 5.17930004e+03 1.71409764e+01
v 6.11167687e+03 5.17943232e+03 1.61548954e+01
v 6.11214829e+03 5.17961590e+03 1.59034240e+01
v 6.10483999e+03 5.17509800e+03 1.74668240e+01
v 6.10252201e+03 5.17366099e+03 1.85664602e+01
v 6.10600186e+03 5.17594084e+03 1.62885278e+01
v 6.10676793e+03 5.17645584e+03 1.64426564e+01
v 6.10860026e+03 5.15978006e+03 2.04870089e+01
v 6.11062564e+03 5.15769502e+03 2.94731370e+01
v 6.11095122e+03 5.15908284e+03 2.80635742e+01
v 6.12042295e+03 5.16203729e+03 2.26427521e+01
v 6.11942621e+03 5.15999164e+03 1.48247093e+01
v 6.11005411e+03 5.18197966e+03 2.92296623e+01
v 6.10978216e+03 5.18157323e+03 2.90925697e+01
v 6.10186081e+03 5.16174258e+03 1.66991061e+01
v 6.10166903e+03 5.16201815e+03 1.63327618e+01
v 6.10260793e+03 5.16203159e+03 1.62641456e+01
v 6.10175181e+03 5.16155824e+03 1.70944765e+01
v 6.11009315e+03 5.15807115e+03 1.69888875e+01
v 6.11237600e+03 5.15628317e+03 1.45963030e+01
v 6.12053530e+03 5.16135674e+03 1.62606993e+01
v 6.12025152e+03 5.16191741e+03 1.94574697e+01
v 6.10332838e+03 5.16152115e+03 1.63637358e+01
v 6.11083598e+03 5.15964457e+03 1.90670190e+01
v 6.10956012e+03 5.15893505e+03 1.81679931e+01
v 6.10401517e+03 5.16161299e+03 2.04168549e+01
v 6.11157957e+03 5.15667073e+03 1.83869408e+01
v 6.11761899e+03 5.15626904e+03 1.50197698e+01
v 6.11867162e+03 5.16099896e+03 1.80566456e+01
v 6.10155623e+03 5.16204864e+03 2.24781630e+01
v 6.10815762e+03 5.15662099e+03 1.57985834e+01
v 6.12026633e+03 5.16128638e+03 2.06336833e+01
v 6.10538761e+03 5.15947013e+03 1.57246242e+01
v 6.10532901e+03 5.15918039e+03 1.62039096e+01
v 6.12072248e+03 5.17980338e+03 1.53806578e+01
v 6.12039317e+03 5.18037112e+03 1.53504662e+01
v 6.12113341e+03 5.18037821e+03 1.53607059e+01
v 6.12032169e+03 5.17896033e+03 1.51518108e+01
v 6.11854758e+03 5.15879539e+03 1.52930945e+01
v 6.11886659e+03 5.15891781e+03 1.49326120e+01
v 6.10840217e+03 5.15852400e+03 1.52394971e+01
v 6.10772239e+03 5.15799447e+03 1.73695633e+01
v 6.10808537e+03 5.15814231e+03 1.70446223e+01
v 6.10828412e+03 5.15847515e+03 1.59815340e+01
v 6.11987200e+03 5.16259298e+03 2.51074963e+01
v 6.12005333e+03 5.16228662e+03 2.39860039e+01
v 6.12028511e+03 5.16227274e+03 2.50160191e+01
v 6.12046168e+03 5.18479418e+03 2.28891136e+01
v 6.11946075e+03 5.18428879e+03 2.33476261e+01
v 6.11775922e+03 5.15836556e+03 3.20139852e+01
v 6.11799013e+03 5.15791381e+03 3.17631111e+01
v 6.11697663e+03 5.18309840e+03 2.74857821e+01
v 6.11703323e+03 5.18286289e+03 2.79493776e+01
v 6.11703370e+03 5.18304234e+03 2.61503191e+01
v 6.12100137e+03 5.18703773e+03 2.83001810e+01
v 6.11562693e+03 5.18552018e+03 3.01857351e+01
v 6.11557407e+03 5.18548741e+03 2.94041697e+01
v 6.11930046e+03 5.16344653e+03 2.76021315e+01
v 6.11915201e+03 5.16340551e+03 2.69505886e+01
v 6.11610110e+03 5.16144846e+03 2.04285631e+01
v 6.12126953e+03 5.15677600e+03 3.57728960e+01
v 6.12092509e+03 5.15620762e+03 3.58996237e+01
v 6.12017511e+03 5.15666364e+03 3.54924582e+01
v 6.11694283e+03 5.16155076e+03 2.03961086e+01
v 6.11816681e+03 5.16283961e+03 2.38279614e+01
v 6.11749683e+03 5.16281840e+03 2.31223366e+01
v 6.10311737e+03 5.16198729e+03 2.19772691e+01
v 6.11994409e+03 5.16163418e+03 1.95738113e+01
v 6.10296265e+03 5.16220779e+03 2.03132839e+01
v 6.10830255e+03 5.16070143e+03 2.34963200e+01
v 6.10914438e+03 5.16144175e+03 2.32267258e+01
v 6.12124449e+03 5.18615089e+03 2.72767487e+01
v 6.12094584e+03 5.18657105e+03 2.70488120e+01
v 6.12127496e+03 5.18634016e+03 2.69858823e+01
v 6.12138267e+03 5.18550217e+03 2.82304313e+01
v 6.12111097e+03 5.18706211e+03 2.67447135e+01
v 6.12095620e+03 5.18529959e+03 2.85167335e+01
v 6.12088343e+03 5.18500796e+03 2.83655629e+01
v 6.12059497e+03 5.18502555e+03 2.85197322e+01
v 6.12109838e+03 5.18747344e+03 2.70503251e+01
v 6.12147806e+03 5.18745923e+03 2.67940065e+01
v 6.11978894e+03 5.18433868e+03 2.83869144e+01
v 6.12029748e+03 5.18470397e+03 2.82255686e+01
v 6.11965007e+03 5.18429793e+03 2.81184170e+01
v 6.12074646e+03 5.18696492e+03 2.76187343e+01
v 6.11941230e+03 5.18518602e+03 2.66607675e+01
v 6.11965145e+03 5.18536672e+03 2.66028602e+01
v 6.12035388e+03 5.18594164e+03 2.65828333e+01
v 6.12007126e+03 5.18544589e+03 2.64939542e+01
v 6.11950000e+03 5.18420438e+03 2.84834634e+01
v 6.11941209e+03 5.18448907e+03 2.85719408e+01
v 6.11840989e+03 5.18378376e+03 2.79673843e+01
v 6.11849821e+03 5.18361418e+03 2.84394403e+01
v 6.11897120e+03 5.18420428e+03 2.78766697e+01
v 6.11913923e+03 5.18387903e+03 2.84346703e+01
v 6.11806634e+03 5.18489085e+03 2.62107009e+01
v 6.10667347e+03 5.18725069e+03 2.73278036e+01
v 6.10722901e+03 5.18574980e+03 2.71777989e+01
v 6.10712635e+03 5.18515714e+03 2.73967484e+01
v 6.10699474e+03 5.18587777e+03 2.73526805e+01
v 6.10747471e+03 5.18548817e+03 2.71856969e+01
v 6.10636109e+03 5.18592750e+03 2.75467464e+01
v 6.10636726e+03 5.18671614e+03 2.76483553e+01
v 6.10479253e+03 5.18499338e+03 2.75113234e+01
v 6.10539872e+03 5.18596872e+03 2.75913807e+01
v 6.10579655e+03 5.18467732e+03 2.75371223e+01
v 6.10651633e+03 5.18496283e+03 2.77260673e+01
v 6.10363516e+03 5.18652552e+03 2.79531379e+01
v 6.10803168e+03 5.18538313e+03 2.75599803e+01
v 6.10713905e+03 5.18622001e+03 2.72149510e+01
v 6.10679757e+03 5.18477829e+03 2.76370800e+01
v 6.10682325e+03 5.18457293e+03 2.79167947e+01
v 6.10756903e+03 5.18485180e+03 2.76502264e+01
v 6.10643454e+03 5.18447997e+03 2.78285474e+01
v 6.10485370e+03 5.18417445e+03 2.73561407e+01
v 6.10571185e+03 5.18379007e+03 2.75079065e+01
v 6.10588316e+03 5.18424281e+03 2.75884229e+01
v 6.10608812e+03 5.18400876e+03 2.79615068e+01
v 6.10559598e+03 5.18354416e+03 2.78308326e+01
v 6.10322179e+03 5.18533969e+03 2.77204464e+01
v 6.10466337e+03 5.18344820e+03 2.71838067e+01
v 6.10196538e+03 5.18378160e+03 2.76073977e+01
v 6.10168599e+03 5.18727805e+03 2.83055129e+01
v 6.12109746e+03 5.18733023e+03 2.82895519e+01
v 6.12104754e+03 5.18671709e+03 2.85151772e+01
v 6.12065766e+03 5.18621558e+03 2.86320609e+01
v 6.11996959e+03 5.18471090e+03 2.85254662e+01
v 6.12091131e+03 5.18696663e+03 2.86186385e+01
v 6.12122005e+03 5.18624107e+03 2.85113372e+01
v 6.11925587e+03 5.18403287e+03 2.84273431e+01
v 6.12092753e+03 5.18594567e+03 2.64842905e+01
v 6.12105894e+03 5.18628326e+03 2.67041375e+01
v 6.10749953e+03 5.18491659e+03 2.74692471e+01
v 6.11147367e+03 5.18751676e+03 2.85868746e+01
v 6.11876725e+03 5.18386775e+03 2.85415711e+01
v 6.11860344e+03 5.18484677e+03 2.86454802e+01
v 6.11877997e+03 5.18507299e+03 2.66006883e+01
v 6.11757337e+03 5.18368271e+03 2.84138122e+01
v 6.11748831e+03 5.18403866e+03 2.84401394e+01
v 6.11700400e+03 5.18401999e+03 2.85050397e+01
v 6.11743563e+03 5.18489683e+03 2.88579767e+01
v 6.11912766e+03 5.18569319e+03 2.87437592e+01
v 6.11971691e+03 5.18633117e+03 2.88858203e+01
v 6.11900131e+03 5.18474979e+03 2.72804425e+01
v 6.11917332e+03 5.18501817e+03 2.69393044e+01
v 6.12109921e+03 5.18725673e+03 2.86277966e+01
v 6.10656438e+03 5.18708971e+03 2.76110395e+01
v 6.10677135e+03 5.18690707e+03 2.74705444e+01
v 6.10582957e+03 5.18747732e+03 2.78364548e+01
v 6.10501521e+03 5.18739214e+03 2.79058308e+01
v 6.10164222e+03 5.18637120e+03 2.81552459e+01
v 6.12147370e+03 5.18623263e+03 2.81811438e+01
v 6.12047011e+03 5.18701794e+03 2.88969744e+01
v 6.12093096e+03 5.18734867e+03 2.89178024e+01
v 6.12117480e+03 5.18576401e+03 2.85127872e+01
v 6.12138344e+03 5.18745858e+03 2.87704366e+01
v 6.11741665e+03 5.18724076e+03 2.98893261e+01
v 6.11817501e+03 5.18746524e+03 3.00636361e+01
v 6.11767581e+03 5.18704042e+03 3.02782494e+01
v 6.11845377e+03 5.18725821e+03 2.99234350e+01
v 6.11747865e+03 5.18685339e+03 3.03362206e+01
v 6.11790557e+03 5.18696070e+03 2.99748979e+01
v 6.11804091e+03 5.18686077e+03 2.94300663e+01
v 6.10848993e+03 5.18409477e+03 2.98102635e+01
v 6.10890877e+03 5.18426918e+03 2.97553355e+01
v 6.10906612e+03 5.18573513e+03 2.98906812e+01
v 6.10827683e+03 5.18525547e+03 3.00113085e+01
v 6.10873461e+03 5.18562076e+03 2.98825819e+01
v 6.10879429e+03 5.18388450e+03 2.99255228e+01
v 6.10928120e+03 5.18381685e+03 3.00202285e+01
v 6.10985866e+03 5.18436489e+03 3.00307591e+01
v 6.10748110e+03 5.18485876e+03 3.00532405e+01
v 6.10673042e+03 5.18430051e+03 3.01952314e+01
v 6.10818704e+03 5.18518865e+03 2.94380008e+01
v 6.10780202e+03 5.18495030e+03 3.02532199e+01
v 6.10929507e+03 5.18525261e+03 2.96216578e+01
v 6.10876690e+03 5.18529359e+03 2.98336465e+01
v 6.11113611e+03 5.18505365e+03 2.98407232e+01
v 6.11080003e+03 5.18523657e+03 2.97334871e+01
v 6.11124817e+03 5.18560831e+03 2.97630356e+01
v 6.11021509e+03 5.18379550e+03 2.97788599e+01
v 6.10975768e+03 5.18400888e+03 3.00023424e+01
v 6.10814684e+03 5.18492468e+03 2.97414415e+01
v 6.11018217e+03 5.18545697e+03 2.95851314e+01
v 6.10976925e+03 5.18506185e+03 2.96301990e+01
v 6.11015579e+03 5.18471987e+03 2.98875521e+01
v 6.11485853e+03 5.18508635e+03 3.02063426e+01
v 6.11440247e+03 5.18478338e+03 3.00689994e+01
v 6.11473506e+03 5.18513813e+03 3.03025512e+01
v 6.10968513e+03 5.18543143e+03 2.96083787e+01
v 6.11320727e+03 5.18441579e+03 3.00514053e+01
v 6.11373868e+03 5.18500765e+03 2.98842263e+01
v 6.10914106e+03 5.18351838e+03 2.98959888e+01
v 6.11051506e+03 5.18619692e+03 2.97384151e+01
v 6.11098036e+03 5.18599973e+03 2.96250802e+01
v 6.11003902e+03 5.18587835e+03 2.96533899e+01
v 6.11053364e+03 5.18572710e+03 2.95806355e+01
v 6.10936200e+03 5.18592277e+03 2.99484863e+01
v 6.10984272e+03 5.18628269e+03 2.98043117e+01
v 6.11207132e+03 5.18722522e+03 2.96937602e+01
v 6.11261227e+03 5.18720630e+03 2.96079602e+01
v 6.11154948e+03 5.18674994e+03 2.96661083e+01
v 6.11141483e+03 5.18716612e+03 2.99760671e+01
v 6.11149684e+03 5.18626842e+03 2.95823962e+01
v 6.11113356e+03 5.18635133e+03 2.96120134e+01
v 6.11090950e+03 5.18655303e+03 2.97718948e+01
v 6.11360532e+03 5.18751912e+03 2.96065275e+01
v 6.11473004e+03 5.18749085e+03 2.98649844e+01
v 6.11630323e+03 5.18738387e+03 2.97646054e+01
v 6.11324404e+03 5.18652700e+03 2.98701010e+01
v 6.11277497e+03 5.18697102e+03 2.96361217e+01
v 6.11603597e+03 5.18578198e+03 3.01199791e+01
v 6.11601354e+03 5.18584794e+03 3.01858389e+01
v 6.11665408e+03 5.18616457e+03 3.02202489e+01
v 6.11556200e+03 5.18561932e+03 3.02472979e+01
v 6.11516509e+03 5.18534427e+03 3.02148519e+01
v 6.11469015e+03 5.18558315e+03 2.98897421e+01
v 6.11066887e+03 5.18679333e+03 2.99875793e+01
v 6.11112148e+03 5.18707722e+03 3.00745038e+01
v 6.11468637e+03 5.18639458e+03 2.97581506e+01
v 6.11520762e+03 5.18593781e+03 2.98928709e+01
v 6.11048686e+03 5.18465893e+03 2.98775215e+01
v 6.11313862e+03 5.18401788e+03 3.01399815e+01
v 6.11347024e+03 5.18413283e+03 3.02776888e+01
v 6.11617976e+03 5.18565832e+03 2.91432417e+01
v 6.11609781e+03 5.18592016e+03 2.93552349e+01
v 6.11372562e+03 5.18590161e+03 2.97809174e+01
v 6.11294947e+03 5.18523388e+03 2.97762805e+01
v 6.11440776e+03 5.18480829e+03 2.93608710e+01
v 6.11516681e+03 5.18524784e+03 2.98697317e+01
v 6.11387769e+03 5.18437507e+03 2.94355757e+01
v 6.11501405e+03 5.18506136e+03 2.92782085e+01
v 6.11426881e+03 5.18694774e+03 2.98771118e+01
v 6.11222868e+03 5.18356989e+03 3.02197130e+01
v 6.11276523e+03 5.18387722e+03 3.02552192e+01
v 6.11023446e+03 5.18654764e+03 3.00793565e+01
v 6.10998348e+03 5.18625549e+03 2.99536406e+01
v 6.10758248e+03 5.18457382e+03 3.03297013e+01
v 6.10770576e+03 5.18405000e+03 3.04155424e+01
v 6.11823774e+03 5.18720123e+03 3.02523169e+01
v 6.11699658e+03 5.18620457e+03 2.92790266e+01
v 6.11166735e+03 5.18373308e+03 2.99123715e+01
v 6.11696840e+03 5.18637026e+03 2.95269824e+01
v 6.11145263e+03 5.18445066e+03 2.97395694e+01
v 6.11857211e+03 5.18745962e+03 3.02278077e+01
v 6.11415800e+03 5.18477171e+03 3.02674172e+01
v 6.11421966e+03 5.18503078e+03 2.99305238e+01
v 6.11154697e+03 5.18738090e+03 2.98277144e+01
v 6.12097857e+03 5.15677693e+03 3.58415110e+01
v 6.10156537e+03 5.18454769e+03 2.77776959e+01
v 6.10848575e+03 5.18451749e+03 2.96315923e+01
v 6.11835109e+03 5.18415517e+03 2.84703581e+01
v 6.11774948e+03 5.18623312e+03 2.92555140e+01
v 6.11643617e+03 5.18537518e+03 2.91054120e+01
v 6.11834219e+03 5.18579320e+03 2.89977619e+01
v 6.11656034e+03 5.18682398e+03 2.98886188e+01
v 6.11722566e+03 5.18672969e+03 3.02112840e+01
v 6.11584464e+03 5.18639697e+03 2.98494202e+01
v 6.11634407e+03 5.18441460e+03 2.89496263e+01
v 6.10848198e+03 5.18367258e+03 3.00735232e+01
v 6.11390006e+03 5.18473147e+03 3.00874733e+01
v 6.11385870e+03 5.18443413e+03 3.01356008e+01
v 6.10602383e+03 5.18382558e+03 2.93288841e+01
v 6.10803912e+03 5.18495119e+03 2.99971975e+01
v 6.10893731e+03 5.18481744e+03 2.96325766e+01
v 6.11348624e+03 5.18419143e+03 2.95523365e+01
v 6.11175768e+03 5.18748147e+03 2.89801030e+01
v 6.11437507e+03 5.18429254e+03 2.91762912e+01
v 6.11569749e+03 5.18520455e+03 2.91394896e+01
v 6.11525621e+03 5.18496569e+03 2.92046290e+01
v 6.11509917e+03 5.18391522e+03 2.90123712e+01
v 6.11340843e+03 5.18401738e+03 2.92643061e+01
v 6.11517603e+03 5.18519659e+03 2.91686864e+01
v 6.11354025e+03 5.16074513e+03 3.14384631e+01
v 6.11289671e+03 5.16077828e+03 3.02241600e+01
v 6.11505877e+03 5.15969795e+03 3.09731188e+01
v 6.11529006e+03 5.15936864e+03 3.12659572e+01
v 6.11496698e+03 5.15935206e+03 3.14571829e+01
v 6.11609056e+03 5.15908189e+03 3.14086318e+01
v 6.11662049e+03 5.15866656e+03 3.14358324e+01
v 6.11468045e+03 5.15999389e+03 3.12094877e+01
v 6.11464271e+03 5.16007735e+03 3.04606682e+01
v 6.11305925e+03 5.18397074e+03 2.97799514e+01
v 6.11534828e+03 5.15875816e+03 3.17676469e+01
v 6.11369233e+03 5.16097890e+03 3.11918109e+01
v 6.11819691e+03 5.15878374e+03 2.99564868e+01
v 6.11248070e+03 5.18353584e+03 3.02874377e+01
v 6.11276063e+03 5.15995915e+03 3.13090916e+01
v 6.11410769e+03 5.16080641e+03 3.15320774e+01
v 6.11231599e+03 5.18344822e+03 3.00501734e+01
v 6.11243243e+03 5.16018819e+03 3.00742339e+01
v 6.11249152e+03 5.16079050e+03 2.97133334e+01
v 6.11671543e+03 5.16006001e+03 2.98125521e+01
v 6.11643836e+03 5.16018713e+03 3.01999411e+01
v 6.11401861e+03 5.16101378e+03 3.13487340e+01
v 6.11261888e+03 5.18368737e+03 2.97355205e+01
v 6.10953018e+03 5.18339149e+03 2.97970723e+01
v 6.10798553e+03 5.18391576e+03 3.03390076e+01
v 6.10782940e+03 5.18455375e+03 3.01347095e+01
v 6.10908262e+03 5.18301200e+03 2.98784795e+01
v 6.10858848e+03 5.18280566e+03 3.04135591e+01
v 6.10841686e+03 5.18327281e+03 3.03012888e+01
v 6.11238537e+03 5.18338536e+03 2.94711910e+01
v 6.11193175e+03 5.18318397e+03 2.93694101e+01
v 6.11167369e+03 5.18323384e+03 3.03097860e+01
v 6.11144511e+03 5.18295433e+03 3.01096541e+01
v 6.11101482e+03 5.18307229e+03 3.00156528e+01
v 6.11057516e+03 5.18260351e+03 3.01754304e+01
v 6.11102972e+03 5.18339054e+03 2.98498478e+01
v 6.11129894e+03 5.18320274e+03 2.99871258e+01
v 6.11113910e+03 5.18287963e+03 3.02566521e+01
v 6.10816557e+03 5.18437391e+03 2.97429120e+01
v 6.11047317e+03 5.18237739e+03 3.01510231e+01
v 6.11189843e+03 5.15964115e+03 3.00767213e+01
v 6.11160471e+03 5.15929502e+03 2.95956149e+01
v 6.11074459e+03 5.15849583e+03 3.01802048e+01
v 6.11044398e+03 5.15815838e+03 3.02510314e+01
v 6.11074508e+03 5.15759317e+03 3.04221669e+01
v 6.11095529e+03 5.15715242e+03 3.05653325e+01
v 6.10963844e+03 5.18182443e+03 3.02155903e+01
v 6.10904539e+03 5.18159974e+03 3.03785082e+01
v 6.10945199e+03 5.18193432e+03 3.03425769e+01
v 6.11005746e+03 5.18259933e+03 3.00146769e+01
v 6.10983951e+03 5.18208717e+03 3.01910497e+01
v 6.10963608e+03 5.18250835e+03 2.99786190e+01
v 6.10910685e+03 5.18155917e+03 3.02846740e+01
v 6.10859536e+03 5.18117936e+03 2.91866634e+01
v 6.10801091e+03 5.18090601e+03 3.03225318e+01
v 6.10808692e+03 5.18081506e+03 3.00872259e+01
v 6.10694978e+03 5.18120743e+03 3.03273799e+01
v 6.10756965e+03 5.18063981e+03 3.03962431e+01
v 6.10700090e+03 5.18030856e+03 3.03803173e+01
v 6.10758274e+03 5.18057185e+03 3.02576227e+01
v 6.10557327e+03 5.18152853e+03 2.85407757e+01
v 6.10573142e+03 5.18114930e+03 3.01584293e+01
v 6.10660431e+03 5.18006658e+03 3.01444114e+01
v 6.10693611e+03 5.18011778e+03 2.98819194e+01
v 6.10513075e+03 5.18317519e+03 2.90317195e+01
v 6.10520269e+03 5.18338872e+03 2.99417598e+01
v 6.10783457e+03 5.18137917e+03 3.04238880e+01
v 6.10907986e+03 5.18215149e+03 3.03543827e+01
v 6.11016502e+03 5.18210130e+03 2.99831611e+01
v 6.10614582e+03 5.18373944e+03 3.04234622e+01
v 6.10684153e+03 5.18397989e+03 3.04023655e+01
v 6.10664026e+03 5.18257597e+03 3.03308124e+01
v 6.10496887e+03 5.18267896e+03 3.03467913e+01
v 6.10468980e+03 5.18303323e+03 3.01578293e+01
v 6.10496184e+03 5.18311543e+03 3.02784530e+01
v 6.10550824e+03 5.18326703e+03 3.03639533e+01
v 6.10577010e+03 5.18242912e+03 3.02001120e+01
v 6.10519848e+03 5.18201440e+03 3.02260543e+01
v 6.10753515e+03 5.18191379e+03 3.05117886e+01
v 6.10794299e+03 5.18289777e+03 3.04652022e+01
v 6.10732713e+03 5.18458157e+03 3.03534318e+01
v 6.10561521e+03 5.18157614e+03 3.03408106e+01
v 6.10656410e+03 5.18410525e+03 3.03503073e+01
v 6.11960506e+03 5.18708033e+03 2.91509946e+01
v 6.12078850e+03 5.16101598e+03 3.06354668e+01
v 6.12141645e+03 5.16078560e+03 3.11864993e+01
v 6.12123536e+03 5.16083549e+03 3.06710276e+01
v 6.12097011e+03 5.16101545e+03 3.12093112e+01
v 6.12097495e+03 5.16116919e+03 3.18321160e+01
v 6.11904217e+03 5.15929738e+03 3.02282338e+01
v 6.11811429e+03 5.15895318e+03 2.92841580e+01
v 6.11990884e+03 5.16047430e+03 3.00734547e+01
v 6.11975920e+03 5.16062142e+03 3.10755173e+01
v 6.12004997e+03 5.16079371e+03 3.08350118e+01
v 6.12027867e+03 5.16065294e+03 2.97825077e+01
v 6.11904933e+03 5.15939088e+03 3.13009799e+01
v 6.11931679e+03 5.15985584e+03 3.13439796e+01
v 6.11879155e+03 5.15899772e+03 3.05603296e+01
v 6.11869840e+03 5.15901837e+03 3.00955807e+01
v 6.11891889e+03 5.15934870e+03 3.18047134e+01
v 6.11940951e+03 5.15997464e+03 3.00893142e+01
v 6.11957221e+03 5.16027551e+03 3.15807987e+01
v 6.11880138e+03 5.15989325e+03 2.91539087e+01
v 6.11917632e+03 5.15977115e+03 2.96562776e+01
v 6.11715002e+03 5.15700730e+03 3.10499367e+01
v 6.11711677e+03 5.15671420e+03 3.08685831e+01
v 6.11687465e+03 5.15716596e+03 3.11428880e+01
v 6.11787192e+03 5.15885714e+03 2.96335795e+01
v 6.11715594e+03 5.15747037e+03 3.13189253e+01
v 6.11692034e+03 5.15924309e+03 3.11135383e+01
v 6.11671888e+03 5.15957978e+03 3.08850642e+01
v 6.11715374e+03 5.15947537e+03 2.93605567e+01
v 6.11211049e+03 5.15939706e+03 3.07802293e+01
v 6.11248464e+03 5.15953349e+03 3.16152274e+01
v 6.11177503e+03 5.15909957e+03 3.00196262e+01
v 6.11169074e+03 5.15884565e+03 3.07658478e+01
v 6.11190188e+03 5.15926014e+03 3.05811453e+01
v 6.11767477e+03 5.15733060e+03 3.16168163e+01
v 6.11742577e+03 5.15666629e+03 3.13644093e+01
v 6.11682339e+03 5.15671857e+03 3.09719878e+01
v 6.11665562e+03 5.15709817e+03 3.13710337e+01
v 6.11675234e+03 5.15644572e+03 3.11612319e+01
v 6.11188344e+03 5.15908336e+03 3.12634172e+01
v 6.11305480e+03 5.15959746e+03 3.20624298e+01
v 6.11255940e+03 5.15929319e+03 3.22018562e+01
v 6.11452276e+03 5.15985703e+03 3.18021627e+01
v 6.11806938e+03 5.15927475e+03 3.18889197e+01
v 6.11751192e+03 5.15912093e+03 3.14145813e+01
v 6.11616553e+03 5.15996924e+03 3.08764958e+01
v 6.11659181e+03 5.15711091e+03 3.21862902e+01
v 6.11679380e+03 5.15657792e+03 3.23891035e+01
v 6.11798679e+03 5.15756808e+03 3.17202289e+01
v 6.11740555e+03 5.15778459e+03 3.15760692e+01
v 6.11602906e+03 5.15825829e+03 3.23364814e+01
v 6.11611820e+03 5.15870266e+03 3.16284558e+01
v 6.11649835e+03 5.15837333e+03 3.18322791e+01
v 6.11208959e+03 5.15924900e+03 3.20628028e+01
v 6.11490170e+03 5.15852222e+03 3.25387300e+01
v 6.11531836e+03 5.15823188e+03 3.26223204e+01
v 6.11670430e+03 5.15653485e+03 3.15711199e+01
v 6.11192785e+03 5.15888191e+03 3.29936895e+01
v 6.11219508e+03 5.15913910e+03 3.26713220e+01
v 6.11192001e+03 5.15860265e+03 3.16145829e+01
v 6.11189910e+03 5.15915854e+03 3.19585179e+01
v 6.11235262e+03 5.15913543e+03 3.36740238e+01
v 6.11575718e+03 5.15778640e+03 3.28767461e+01
v 6.11532582e+03 5.15773765e+03 3.31996645e+01
v 6.11616876e+03 5.15759749e+03 3.27528582e+01
v 6.11641635e+03 5.15784920e+03 3.22791652e+01
v 6.11119713e+03 5.15725783e+03 3.32399656e+01
v 6.11125990e+03 5.15771587e+03 3.25433223e+01
v 6.11305960e+03 5.15924510e+03 3.30494041e+01
v 6.11336302e+03 5.15898994e+03 3.32018052e+01
v 6.11168537e+03 5.15822027e+03 3.23547742e+01
v 6.11175713e+03 5.15811485e+03 3.16735396e+01
v 6.11119178e+03 5.15752766e+03 3.15349539e+01
v 6.11093640e+03 5.15737065e+03 3.26905039e+01
v 6.11057274e+03 5.15720170e+03 3.21381132e+01
v 6.11078958e+03 5.15680717e+03 3.20368915e+01
v 6.11078986e+03 5.15729345e+03 3.19661009e+01
v 6.11171335e+03 5.15775781e+03 3.29744964e+01
v 6.11102299e+03 5.18259647e+03 2.96493931e+01
v 6.11156808e+03 5.15797489e+03 3.27396870e+01
v 6.11194302e+03 5.15827869e+03 3.34147720e+01
v 6.11119268e+03 5.15674244e+03 3.35804672e+01
v 6.11090838e+03 5.15694158e+03 3.28856548e+01
v 6.11087370e+03 5.15699445e+03 3.16608329e+01
v 6.11104604e+03 5.15757779e+03 3.06424409e+01
v 6.11112799e+03 5.15720649e+03 3.10075428e+01
v 6.11146126e+03 5.18289730e+03 2.95195428e+01
v 6.11387046e+03 5.16024368e+03 3.20076232e+01
v 6.11341742e+03 5.16004384e+03 3.20368840e+01
v 6.11266448e+03 5.15924530e+03 3.35308270e+01
v 6.11269704e+03 5.15906684e+03 3.38825938e+01
v 6.11383939e+03 5.15993068e+03 3.27259744e+01
v 6.11354644e+03 5.15982608e+03 3.27074022e+01
v 6.11059953e+03 5.18232077e+03 2.93900432e+01
v 6.11421755e+03 5.16022663e+03 3.19118459e+01
v 6.11483142e+03 5.15884610e+03 3.20883627e+01
v 6.11351114e+03 5.15935309e+03 3.29496658e+01
v 6.11374569e+03 5.15899140e+03 3.30158467e+01
v 6.11191715e+03 5.15890985e+03 3.24417412e+01
v 6.10588050e+03 5.18381539e+03 3.02219417e+01
v 6.11467696e+03 5.16021717e+03 2.99798485e+01
v 6.11489381e+03 5.16053044e+03 2.95643950e+01
v 6.11498231e+03 5.16003232e+03 3.01358317e+01
v 6.11274878e+03 5.15924672e+03 3.27006144e+01
v 6.11306878e+03 5.15845609e+03 3.38355744e+01
v 6.11371586e+03 5.15854194e+03 3.33910248e+01
v 6.11312760e+03 5.15946265e+03 3.26889659e+01
v 6.11379645e+03 5.15806181e+03 3.38409762e+01
v 6.11333934e+03 5.15821105e+03 3.38041519e+01
v 6.11336564e+03 5.15782752e+03 3.41804627e+01
v 6.11274659e+03 5.15868854e+03 3.40275674e+01
v 6.11225020e+03 5.15865337e+03 3.42409110e+01
v 6.11419166e+03 5.16000090e+03 3.24167774e+01
v 6.11205510e+03 5.15876638e+03 3.39368253e+01
v 6.11294898e+03 5.15796303e+03 3.40270359e+01
v 6.11180277e+03 5.15750043e+03 3.35686102e+01
v 6.11254507e+03 5.15827637e+03 3.40297620e+01
v 6.10473013e+03 5.18283820e+03 2.98334528e+01
v 6.10735974e+03 5.18046459e+03 2.91612890e+01
v 6.11142802e+03 5.15855641e+03 3.06190029e+01
v 6.11158896e+03 5.15894612e+03 2.99221026e+01
v 6.11083402e+03 5.15680008e+03 3.01928787e+01
v 6.11067879e+03 5.15713177e+03 2.97723675e+01
v 6.11054321e+03 5.15788060e+03 3.02778524e+01
v 6.11109407e+03 5.15684429e+03 3.11835484e+01
v 6.11113929e+03 5.15694671e+03 3.09879480e+01
v 6.11138469e+03 5.15775445e+03 3.10617239e+01
v 6.11125245e+03 5.15817019e+03 3.07162795e+01
v 6.11120282e+03 5.15763551e+03 3.07203189e+01
v 6.11071862e+03 5.15821434e+03 3.05627112e+01
v 6.11163157e+03 5.15829065e+03 3.10465999e+01
v 6.11058097e+03 5.15814896e+03 2.99752677e+01
v 6.11263429e+03 5.18304248e+03 2.91934363e+01
v 6.11569528e+03 5.16043075e+03 2.97872249e+01
v 6.11708243e+03 5.15631104e+03 3.11192632e+01
v 6.11699134e+03 5.15658625e+03 3.08993908e+01
v 6.11379915e+03 5.16111085e+03 2.98726800e+01
v 6.11399383e+03 5.15970814e+03 3.28168024e+01
v 6.11458441e+03 5.15908687e+03 3.22709008e+01
v 6.11438196e+03 5.15911675e+03 3.25151032e+01
v 6.11429147e+03 5.15982088e+03 3.26011430e+01
v 6.11370484e+03 5.15967489e+03 3.28891246e+01
v 6.11437042e+03 5.15981833e+03 3.24091364e+01
v 6.11440898e+03 5.15887465e+03 3.26195116e+01
v 6.11483477e+03 5.15801553e+03 3.35101330e+01
v 6.11431789e+03 5.15841319e+03 3.33278212e+01
v 6.11714567e+03 5.15892687e+03 3.12765887e+01
v 6.11697494e+03 5.15784554e+03 3.16586925e+01
v 6.11728246e+03 5.15820894e+03 3.16936896e+01
v 6.11676698e+03 5.15812049e+03 3.18338607e+01
v 6.11750957e+03 5.15860224e+03 3.19291710e+01
v 6.11715328e+03 5.15862919e+03 3.15160522e+01
v 6.11637118e+03 5.15683383e+03 3.33914333e+01
v 6.11673513e+03 5.15629163e+03 3.21788568e+01
v 6.11575861e+03 5.15744929e+03 3.33107758e+01
v 6.12115129e+03 5.15847209e+03 3.26692271e+01
v 6.12099280e+03 5.15828026e+03 3.28470917e+01
v 6.12101760e+03 5.15793508e+03 3.50478832e+01
v 6.12128487e+03 5.15803217e+03 3.40747120e+01
v 6.11987198e+03 5.15795288e+03 3.30428804e+01
v 6.11845430e+03 5.15900925e+03 3.26017445e+01
v 6.11802973e+03 5.15922917e+03 3.23705641e+01
v 6.11951217e+03 5.16021536e+03 3.21887351e+01
v 6.11972135e+03 5.16002804e+03 3.23560622e+01
v 6.11931818e+03 5.15970429e+03 3.17953727e+01
v 6.12021457e+03 5.16027783e+03 3.25375106e+01
v 6.12064566e+03 5.16032334e+03 3.24794152e+01
v 6.11950480e+03 5.16019068e+03 2.96516735e+01
v 6.12116861e+03 5.15885919e+03 3.25068891e+01
v 6.12126533e+03 5.15815384e+03 3.35032818e+01
v 6.12089945e+03 5.16103306e+03 3.20083533e+01
v 6.12106467e+03 5.16068504e+03 3.21021963e+01
v 6.12072740e+03 5.16060152e+03 3.22313178e+01
v 6.12091899e+03 5.16044984e+03 3.23966884e+01
v 6.12115001e+03 5.16026584e+03 3.24061253e+01
v 6.11986429e+03 5.16034057e+03 3.23366468e+01
v 6.11939462e+03 5.15940319e+03 3.20091359e+01
v 6.11426496e+03 5.16086484e+03 2.97741115e+01
v 6.11452587e+03 5.16110446e+03 2.94592074e+01
v 6.12039881e+03 5.16012173e+03 3.26735396e+01
v 6.12007018e+03 5.15993406e+03 3.25720509e+01
v 6.11841683e+03 5.15877344e+03 3.26606198e+01
v 6.11879397e+03 5.15898821e+03 3.23723546e+01
v 6.11882170e+03 5.15845178e+03 3.26445971e+01
v 6.12055235e+03 5.16101599e+03 3.14777303e+01
v 6.12061484e+03 5.15880181e+03 3.24025570e+01
v 6.11998389e+03 5.15861202e+03 3.22062381e+01
v 6.11826133e+03 5.15801420e+03 3.20722571e+01
v 6.11800326e+03 5.15854131e+03 3.25711894e+01
v 6.11853888e+03 5.15814878e+03 3.23810927e+01
v 6.12040905e+03 5.15950780e+03 3.24124504e+01
v 6.11978595e+03 5.15911290e+03 3.21686698e+01
v 6.11865365e+03 5.15781232e+03 3.22779601e+01
v 6.11924237e+03 5.15851863e+03 3.23817677e+01
v 6.11941687e+03 5.15822873e+03 3.24982195e+01
v 6.12033475e+03 5.15838916e+03 3.24630354e+01
v 6.11921699e+03 5.15664683e+03 3.34860201e+01
v 6.11915411e+03 5.15694050e+03 3.31166384e+01
v 6.11570675e+03 5.15725277e+03 3.37119969e+01
v 6.11547528e+03 5.15753010e+03 3.37978030e+01
v 6.12030554e+03 5.16087232e+03 2.92719952e+01
v 6.11975394e+03 5.15772633e+03 3.31153530e+01
v 6.11972067e+03 5.15699992e+03 3.33443342e+01
v 6.12113209e+03 5.15792262e+03 3.53342349e+01
v 6.12136029e+03 5.15738998e+03 3.53322283e+01
v 6.12062201e+03 5.15781878e+03 3.36537439e+01
v 6.11999707e+03 5.15714887e+03 3.46830725e+01
v 6.12023156e+03 5.15739569e+03 3.49333618e+01
v 6.11989625e+03 5.15704453e+03 3.49641772e+01
v 6.12055995e+03 5.15739749e+03 3.52689448e+01
v 6.12055381e+03 5.15758187e+03 3.49889426e+01
v 6.12075280e+03 5.15767412e+03 3.41284138e+01
v 6.11212933e+03 5.15809240e+03 3.36770979e+01
v 6.11229060e+03 5.15803055e+03 3.38339652e+01
v 6.11217389e+03 5.15839388e+03 3.39670455e+01
v 6.11139377e+03 5.15708432e+03 3.36195692e+01
v 6.11175940e+03 5.15700956e+03 3.40822663e+01
v 6.11180119e+03 5.15726435e+03 3.39303570e+01
v 6.11164833e+03 5.15678124e+03 3.37028381e+01
v 6.11208566e+03 5.15672500e+03 3.40823836e+01
v 6.11214688e+03 5.15701334e+03 3.44311119e+01
v 6.11253121e+03 5.15649237e+03 3.42880704e+01
v 6.11257717e+03 5.15685143e+03 3.45145657e+01
v 6.11238628e+03 5.15637624e+03 3.37453030e+01
v 6.11216845e+03 5.15662276e+03 3.37632564e+01
v 6.11197772e+03 5.15727880e+03 3.42719482e+01
v 6.11240264e+03 5.15736598e+03 3.44612194e+01
v 6.11276420e+03 5.15713332e+03 3.46558696e+01
v 6.11277898e+03 5.15660448e+03 3.46032991e+01
v 6.11185402e+03 5.15636047e+03 3.30760270e+01
v 6.11064031e+03 5.15715500e+03 3.23574196e+01
v 6.11070056e+03 5.15720305e+03 3.26216498e+01
v 6.11405313e+03 5.15785851e+03 3.41898576e+01
v 6.11220247e+03 5.15761900e+03 3.39800815e+01
v 6.11259306e+03 5.15787600e+03 3.40363547e+01
v 6.11458611e+03 5.15676480e+03 3.46890285e+01
v 6.11455512e+03 5.15748305e+03 3.46989784e+01
v 6.11399287e+03 5.15715486e+03 3.48745364e+01
v 6.11396268e+03 5.15766099e+03 3.45707879e+01
v 6.11341534e+03 5.15709713e+03 3.49791887e+01
v 6.11231353e+03 5.15893410e+03 3.41763432e+01
v 6.11522941e+03 5.15668225e+03 3.43441876e+01
v 6.11554817e+03 5.15728547e+03 3.44845340e+01
v 6.11566747e+03 5.15687349e+03 3.38946406e+01
v 6.11502832e+03 5.15691572e+03 3.45426753e+01
v 6.11734804e+03 5.15896913e+03 3.15690996e+01
v 6.11755835e+03 5.15914190e+03 3.20821116e+01
v 6.11741521e+03 5.15890540e+03 3.18951114e+01
v 6.11581238e+03 5.15673865e+03 3.37116312e+01
v 6.11596834e+03 5.15709987e+03 3.34863578e+01
v 6.11379539e+03 5.15660704e+03 3.49986814e+01
v 6.11523576e+03 5.15758728e+03 3.47131961e+01
v 6.11300376e+03 5.15746341e+03 3.45603602e+01
v 6.11453543e+03 5.15778572e+03 3.46227631e+01
v 6.11404138e+03 5.15825123e+03 3.36848596e+01
v 6.11755513e+03 5.15886368e+03 3.22294030e+01
v 6.11787910e+03 5.15891429e+03 3.25436546e+01
v 6.12010294e+03 5.16058970e+03 3.16662729e+01
v 6.12034885e+03 5.16057686e+03 3.20453096e+01
v 6.11908299e+03 5.15798158e+03 3.25295462e+01
v 6.11893737e+03 5.15828181e+03 3.25144829e+01
v 6.11443271e+03 5.15811626e+03 3.39094572e+01
v 6.12087784e+03 5.15764769e+03 3.54057115e+01
v 6.11938233e+03 5.15660604e+03 3.44596850e+01
v 6.11903230e+03 5.15632131e+03 3.38114230e+01
v 6.12102936e+03 5.15735091e+03 3.54718812e+01
v 6.11595170e+03 5.15622063e+03 3.37032927e+01
v 6.11557088e+03 5.15634752e+03 3.37946334e+01
v 6.11527076e+03 5.15770243e+03 3.45641456e+01
v 6.11566754e+03 5.15741374e+03 3.42091092e+01
v 6.12020074e+03 5.15743778e+03 3.36449227e+01
v 6.11504456e+03 5.15649286e+03 3.45219793e+01
v 6.11852465e+03 5.15925114e+03 3.21324127e+01
v 6.11964437e+03 5.15636896e+03 3.53870771e+01
v 6.11984331e+03 5.15682511e+03 3.39901737e+01
v 6.11922840e+03 5.15628884e+03 3.47982461e+01
v 6.11888427e+03 5.15646046e+03 3.31530083e+01
v 6.11936015e+03 5.15669859e+03 3.48571836e+01
v 6.11814511e+03 5.15656789e+03 3.20813278e+01
v 6.11207272e+03 5.15782818e+03 3.36121631e+01
v 6.11083100e+03 5.15672108e+03 3.25013165e+01
v 6.11160668e+03 5.15619214e+03 3.26573629e+01
v 6.11193975e+03 5.15624750e+03 3.27669453e+01
v 6.11123992e+03 5.15633752e+03 3.26407550e+01
v 6.11117552e+03 5.15661636e+03 3.34371988e+01
v 6.11215481e+03 5.15624726e+03 3.30351338e+01
v 6.11672764e+03 5.15630501e+03 3.32014751e+01
v 6.11869559e+03 5.15629465e+03 3.28225351e+01
v 6.11292030e+03 5.15650264e+03 3.48324022e+01
v 6.11312979e+03 5.15693350e+03 3.50335159e+01
v 6.11333308e+03 5.15662161e+03 3.51078655e+01
v 6.11491431e+03 5.15782636e+03 3.46029834e+01
v 6.11361082e+03 5.15689367e+03 3.51032824e+01
v 6.11399130e+03 5.15627800e+03 3.49922492e+01
v 6.11141424e+03 5.15647329e+03 3.33239742e+01
v 6.11113842e+03 5.15646564e+03 3.15380335e+01
v 6.10648671e+03 5.18014230e+03 3.02683473e+01
v 6.11092756e+03 5.15623428e+03 3.03126139e+01
v 6.11755112e+03 5.15623928e+03 3.16412061e+01
v 6.11681989e+03 5.16025350e+03 2.92347983e+01
v 6.11719505e+03 5.16013172e+03 2.87756947e+01
v 6.11864141e+03 5.15726129e+03 3.26228064e+01
v 6.11817105e+03 5.15988142e+03 2.85815595e+01
v 6.11788477e+03 5.15939370e+03 2.88176122e+01
v 6.11778175e+03 5.16007312e+03 2.84767220e+01
v 6.11821642e+03 5.15940220e+03 2.89540378e+01
v 6.11778070e+03 5.15908828e+03 2.92164031e+01
v 6.11647775e+03 5.18295428e+03 2.76034523e+01
v 6.11551663e+03 5.18317317e+03 2.68383925e+01
v 6.11753635e+03 5.18335464e+03 2.77840165e+01
v 6.11696652e+03 5.18313962e+03 2.70642451e+01
v 6.11669778e+03 5.18341385e+03 2.69346973e+01
v 6.11805951e+03 5.18336281e+03 2.80544669e+01
v 6.11799101e+03 5.18317260e+03 2.84152598e+01
v 6.11759862e+03 5.18419865e+03 2.59806136e+01
v 6.11714490e+03 5.18275382e+03 2.83381302e+01
v 6.11668349e+03 5.18246894e+03 2.82414930e+01
v 6.11613356e+03 5.18228988e+03 2.79975123e+01
v 6.11324948e+03 5.18157812e+03 2.67072599e+01
v 6.12027439e+03 5.16311848e+03 2.72436606e+01
v 6.11332681e+03 5.18066042e+03 2.77869470e+01
v 6.11604332e+03 5.18318925e+03 2.72562918e+01
v 6.11281168e+03 5.18065350e+03 2.71778744e+01
v 6.11149348e+03 5.18053661e+03 2.60886551e+01
v 6.11107777e+03 5.18026713e+03 2.63589432e+01
v 6.11215721e+03 5.18055552e+03 2.62964826e+01
v 6.11341010e+03 5.18189325e+03 2.61928462e+01
v 6.11384265e+03 5.18190995e+03 2.61178204e+01
v 6.11501133e+03 5.18149124e+03 2.80838432e+01
v 6.11428184e+03 5.18090874e+03 2.84515343e+01
v 6.11392584e+03 5.18062971e+03 2.82890017e+01
v 6.11253950e+03 5.17979780e+03 2.84127623e+01
v 6.11306567e+03 5.18012553e+03 2.82947856e+01
v 6.11240937e+03 5.17979510e+03 2.80916849e+01
v 6.11289697e+03 5.18067293e+03 2.69862447e+01
v 6.11294059e+03 5.18116352e+03 2.67772057e+01
v 6.11221194e+03 5.17968689e+03 2.84524901e+01
v 6.11389327e+03 5.18083543e+03 2.85433346e+01
v 6.11243099e+03 5.16533324e+03 2.72869019e+01
v 6.11181453e+03 5.16517060e+03 2.75149736e+01
v 6.11961632e+03 5.15964944e+03 3.21404321e+01
v 6.11210936e+03 5.17950366e+03 2.83292305e+01
v 6.11264329e+03 5.18063990e+03 2.66385795e+01
v 6.12087992e+03 5.16231578e+03 2.69908942e+01
v 6.11115727e+03 5.18036713e+03 2.68994946e+01
v 6.11703328e+03 5.18338324e+03 2.69914728e+01
v 6.11671783e+03 5.18259607e+03 2.84921357e+01
v 6.11670041e+03 5.18357260e+03 2.84707820e+01
v 6.11546533e+03 5.18225818e+03 2.76476295e+01
v 6.11493302e+03 5.18117791e+03 2.83301911e+01
v 6.11463332e+03 5.18145043e+03 2.85722351e+01
v 6.11528206e+03 5.18171424e+03 2.84580462e+01
v 6.11667362e+03 5.18319679e+03 2.65532333e+01
v 6.11609061e+03 5.18349063e+03 2.66694605e+01
v 6.11706881e+03 5.18286228e+03 2.84786060e+01
v 6.11698245e+03 5.18263960e+03 2.84818409e+01
v 6.11832736e+03 5.18359512e+03 2.84980553e+01
v 6.11798377e+03 5.18322004e+03 2.85371966e+01
v 6.12145687e+03 5.18616007e+03 2.84759906e+01
v 6.11755151e+03 5.18290183e+03 2.82398645e+01
v 6.11626918e+03 5.18312328e+03 2.63395340e+01
v 6.11891811e+03 5.16276686e+03 2.85205748e+01
v 6.11936103e+03 5.16257852e+03 2.85094557e+01
v 6.11902149e+03 5.16235644e+03 2.88031101e+01
v 6.11634530e+03 5.18228680e+03 2.83965802e+01
v 6.11600405e+03 5.18199565e+03 2.83479627e+01
v 6.11566681e+03 5.18173535e+03 2.84464580e+01
v 6.11536039e+03 5.18173698e+03 2.81105433e+01
v 6.11569535e+03 5.18184844e+03 2.81548933e+01
v 6.11586549e+03 5.18210657e+03 2.85391056e+01
v 6.11984942e+03 5.16243867e+03 2.79823650e+01
v 6.12001494e+03 5.16305810e+03 2.76147038e+01
v 6.12038361e+03 5.16282184e+03 2.75384657e+01
v 6.11907569e+03 5.16341010e+03 2.79965274e+01
v 6.11957493e+03 5.16285757e+03 2.80471721e+01
v 6.11968681e+03 5.16212595e+03 2.84487294e+01
v 6.11867060e+03 5.16256364e+03 2.84971561e+01
v 6.11880867e+03 5.16314047e+03 2.79736076e+01
v 6.11920200e+03 5.16302312e+03 2.82654870e+01
v 6.11873036e+03 5.16229959e+03 2.86316409e+01
v 6.11834623e+03 5.16208182e+03 2.81033427e+01
v 6.11807529e+03 5.16066972e+03 2.82219432e+01
v 6.11791704e+03 5.16087043e+03 2.76179910e+01
v 6.11735984e+03 5.16085504e+03 2.75224374e+01
v 6.11735794e+03 5.16093135e+03 2.70033396e+01
v 6.11811781e+03 5.16186603e+03 2.75284002e+01
v 6.11843495e+03 5.16239481e+03 2.80551560e+01
v 6.11341377e+03 5.16365847e+03 2.82913478e+01
v 6.11347702e+03 5.16330070e+03 2.84746496e+01
v 6.11746083e+03 5.15958248e+03 2.87466013e+01
v 6.11269860e+03 5.16479652e+03 2.77257471e+01
v 6.11248532e+03 5.16426311e+03 2.82490715e+01
v 6.11233276e+03 5.16504001e+03 2.76690097e+01
v 6.11187270e+03 5.16381274e+03 2.82811660e+01
v 6.11215220e+03 5.16379884e+03 2.85252287e+01
v 6.11278365e+03 5.16412644e+03 2.81774382e+01
v 6.11418708e+03 5.16376921e+03 2.63441892e+01
v 6.11793179e+03 5.16183332e+03 2.69062269e+01
v 6.11771791e+03 5.16232612e+03 2.64780362e+01
v 6.11820873e+03 5.16213533e+03 2.71462076e+01
v 6.11881781e+03 5.16162907e+03 2.84184287e+01
v 6.11290539e+03 5.16486182e+03 2.74475331e+01
v 6.11332272e+03 5.16450725e+03 2.71237337e+01
v 6.11340034e+03 5.16433736e+03 2.64169610e+01
v 6.11720892e+03 5.16087199e+03 2.80958140e+01
v 6.11866022e+03 5.16287716e+03 2.78484164e+01
v 6.11913997e+03 5.16159091e+03 2.88822443e+01
v 6.11902602e+03 5.16186082e+03 2.87677324e+01
v 6.12061310e+03 5.16176150e+03 2.77195121e+01
v 6.11877370e+03 5.16304643e+03 2.75615585e+01
v 6.11935543e+03 5.16347121e+03 2.79735557e+01
v 6.11944877e+03 5.16337119e+03 2.80363085e+01
v 6.11960144e+03 5.16332518e+03 2.78022795e+01
v 6.11578816e+03 5.18347130e+03 2.64000434e+01
v 6.11514708e+03 5.18306867e+03 2.62737086e+01
v 6.11665988e+03 5.16197223e+03 2.64263626e+01
v 6.11623544e+03 5.16061279e+03 2.94058704e+01
v 6.11770687e+03 5.18327168e+03 2.84977189e+01
v 6.11389420e+03 5.16209895e+03 2.88459530e+01
v 6.11362153e+03 5.16265498e+03 2.88053871e+01
v 6.11950141e+03 5.16083305e+03 2.93441114e+01
v 6.11990041e+03 5.16068184e+03 2.93788265e+01
v 6.11894320e+03 5.16328642e+03 2.71189355e+01
v 6.11365878e+03 5.18130902e+03 2.85952656e+01
v 6.11284378e+03 5.18111089e+03 2.84311669e+01
v 6.11333480e+03 5.18037869e+03 2.85162095e+01
v 6.11235050e+03 5.18022263e+03 2.85410239e+01
v 6.11336279e+03 5.18204586e+03 2.87736286e+01
v 6.11210421e+03 5.18107026e+03 2.86332099e+01
v 6.11148490e+03 5.16063567e+03 2.86828700e+01
v 6.11129145e+03 5.16016470e+03 2.83814180e+01
v 6.11203128e+03 5.16189888e+03 2.91997124e+01
v 6.11210793e+03 5.16234831e+03 2.87626283e+01
v 6.11246228e+03 5.16202344e+03 2.90638304e+01
v 6.11323448e+03 5.16159457e+03 2.91835749e+01
v 6.11294073e+03 5.16248265e+03 2.91775232e+01
v 6.11274247e+03 5.16227597e+03 2.90676971e+01
v 6.11269896e+03 5.16267201e+03 2.91589512e+01
v 6.11341213e+03 5.16127898e+03 2.95685163e+01
v 6.11346599e+03 5.16235230e+03 2.89585069e+01
v 6.11313204e+03 5.16291536e+03 2.92275306e+01
v 6.11907916e+03 5.16130830e+03 2.90568959e+01
v 6.11415035e+03 5.16123667e+03 2.94718396e+01
v 6.11273721e+03 5.18352937e+03 2.92577733e+01
v 6.11993578e+03 5.16018447e+03 3.25195795e+01
v 6.11234917e+03 5.16247296e+03 2.88494178e+01
v 6.11279277e+03 5.16288016e+03 2.93216440e+01
v 6.11154411e+03 5.18330788e+03 3.01063052e+01
v 6.11222096e+03 5.16340310e+03 2.88710318e+01
v 6.11256482e+03 5.16364173e+03 2.84920924e+01
v 6.11312781e+03 5.16199924e+03 2.90570177e+01
v 6.11313244e+03 5.16423275e+03 2.78033768e+01
v 6.11236513e+03 5.16295294e+03 2.88490965e+01
v 6.11933732e+03 5.16153733e+03 2.89696663e+01
v 6.11941715e+03 5.16121521e+03 2.91498224e+01
v 6.11246549e+03 5.18196609e+03 2.89365006e+01
v 6.11323629e+03 5.18263775e+03 2.89809983e+01
v 6.11523593e+03 5.18326913e+03 2.88008876e+01
v 6.11449341e+03 5.18263066e+03 2.87268845e+01
v 6.11326045e+03 5.18370032e+03 2.90828149e+01
v 6.11191478e+03 5.18333442e+03 3.01965763e+01
v 6.11250282e+03 5.16321330e+03 2.89444364e+01
v 6.11288613e+03 5.18382832e+03 2.93766387e+01
v 6.11358664e+03 5.18361644e+03 2.90861858e+01
v 6.11422146e+03 5.18316394e+03 2.89681195e+01
v 6.11403876e+03 5.18407128e+03 2.92359484e+01
v 6.11475488e+03 5.16174102e+03 2.91215951e+01
v 6.11533586e+03 5.16170989e+03 2.90165509e+01
v 6.11878551e+03 5.16266687e+03 2.87454873e+01
v 6.11929161e+03 5.16344104e+03 2.81443862e+01
v 6.11975773e+03 5.16333511e+03 2.72515703e+01
v 6.11607211e+03 5.18389827e+03 2.87557805e+01
v 6.11765709e+03 5.16182810e+03 2.65438300e+01
v 6.11617783e+03 5.18260569e+03 2.85399770e+01
v 6.11940249e+03 5.16215742e+03 2.89031181e+01
v 6.11511532e+03 5.16070082e+03 2.94261851e+01
v 6.11527024e+03 5.18251270e+03 2.86492461e+01
v 6.11916237e+03 5.16205144e+03 2.89959069e+01
v 6.12132588e+03 5.16223750e+03 2.65504562e+01
v 6.11966784e+03 5.16346259e+03 2.66218745e+01
v 6.11999327e+03 5.16106395e+03 2.90243719e+01
v 6.12089929e+03 5.16201129e+03 2.72791089e+01
v 6.11424347e+03 5.16189356e+03 2.89442613e+01
v 6.11667370e+03 5.16056244e+03 2.91093971e+01
v 6.11917124e+03 5.16108586e+03 2.93291947e+01
v 6.12132973e+03 5.16151006e+03 2.74109519e+01
v 6.11766884e+03 5.18302361e+03 2.84729305e+01
v 6.11526781e+03 5.16148008e+03 2.93086952e+01
v 6.11542097e+03 5.16077368e+03 2.94323678e+01
v 6.11577999e+03 5.16117155e+03 2.91519333e+01
v 6.10674126e+03 5.17995666e+03 2.85541554e+01
v 6.10701838e+03 5.17965375e+03 2.81519317e+01
v 6.10691020e+03 5.18012807e+03 2.92247816e+01
v 6.10740878e+03 5.17955592e+03 2.84365472e+01
v 6.10750536e+03 5.18005503e+03 2.85224296e+01
v 6.10793566e+03 5.17979300e+03 2.85696080e+01
v 6.10697166e+03 5.17981943e+03 2.84119942e+01
v 6.10659536e+03 5.18000399e+03 2.92998368e+01
v 6.10636738e+03 5.18015830e+03 2.94201225e+01
v 6.10727091e+03 5.17908832e+03 2.80283062e+01
v 6.10768336e+03 5.17847293e+03 2.75998286e+01
v 6.10703270e+03 5.17972283e+03 2.77668179e+01
v 6.10982103e+03 5.18033000e+03 2.89577663e+01
v 6.10982780e+03 5.17979953e+03 2.86530533e+01
v 6.10504325e+03 5.18243604e+03 2.92261029e+01
v 6.10856134e+03 5.18077418e+03 2.86075507e+01
v 6.10798674e+03 5.18039263e+03 2.85794221e+01
v 6.10837587e+03 5.18094122e+03 2.87730299e+01
v 6.10763049e+03 5.17834525e+03 2.79929540e+01
v 6.10761157e+03 5.17871117e+03 2.82932450e+01
v 6.10806939e+03 5.17802438e+03 2.83983854e+01
v 6.10607599e+03 5.18080029e+03 2.79820374e+01
v 6.10496475e+03 5.18312304e+03 2.78016071e+01
v 6.10593948e+03 5.18136176e+03 2.72419405e+01
v 6.10207311e+03 5.18171836e+03 2.71604428e+01
v 6.10512688e+03 5.18352856e+03 2.73785880e+01
v 6.10532936e+03 5.18218920e+03 2.72557675e+01
v 6.10490148e+03 5.18250738e+03 2.71974371e+01
v 6.10483055e+03 5.18312655e+03 2.72833927e+01
v 6.10469387e+03 5.18281884e+03 2.72148056e+01
v 6.10441901e+03 5.18218532e+03 2.70029836e+01
v 6.11050582e+03 5.17969667e+03 2.71344464e+01
v 6.11083490e+03 5.17973682e+03 2.71316537e+01
v 6.11067964e+03 5.18034646e+03 2.61638235e+01
v 6.11024792e+03 5.18014209e+03 2.59699528e+01
v 6.11053460e+03 5.18006256e+03 2.66380850e+01
v 6.10799429e+03 5.17784771e+03 2.78325419e+01
v 6.10763575e+03 5.17823918e+03 2.78098404e+01
v 6.10790709e+03 5.17794699e+03 2.81184336e+01
v 6.10640675e+03 5.18029074e+03 2.74136038e+01
v 6.10621824e+03 5.18097548e+03 2.70283748e+01
v 6.10836377e+03 5.17860935e+03 2.61036970e+01
v 6.10995458e+03 5.17943961e+03 2.70582415e+01
v 6.10755241e+03 5.17941406e+03 2.72527527e+01
v 6.10736215e+03 5.17992216e+03 2.70526581e+01
v 6.11012178e+03 5.17977008e+03 2.68415532e+01
v 6.11086937e+03 5.18024321e+03 2.64664796e+01
v 6.10897589e+03 5.17951023e+03 2.87054381e+01
v 6.11044304e+03 5.17939338e+03 2.85039606e+01
v 6.11038712e+03 5.17860672e+03 2.84698636e+01
v 6.11100612e+03 5.17877043e+03 2.83671520e+01
v 6.10651170e+03 5.18025712e+03 2.67398248e+01
v 6.11014300e+03 5.17873414e+03 2.85466884e+01
v 6.11150849e+03 5.17916273e+03 2.84395257e+01
v 6.11129299e+03 5.17991369e+03 2.85323147e+01
v 6.11061869e+03 5.18023877e+03 2.86843001e+01
v 6.10993130e+03 5.17987848e+03 2.62088845e+01
v 6.10648006e+03 5.18010759e+03 2.80359492e+01
v 6.10672890e+03 5.17994097e+03 2.77413966e+01
v 6.10696712e+03 5.18000115e+03 2.70763972e+01
v 6.10657718e+03 5.18008129e+03 2.73525657e+01
v 6.10852417e+03 5.18001016e+03 2.88316446e+01
v 6.10936348e+03 5.18021504e+03 2.88646961e+01
v 6.10977378e+03 5.17965148e+03 2.63634336e+01
v 6.10204866e+03 5.16011271e+03 2.81404369e+01
v 6.10226208e+03 5.16002490e+03 2.81551499e+01
v 6.10241426e+03 5.16007951e+03 2.79678545e+01
v 6.10250415e+03 5.15931033e+03 2.77239996e+01
v 6.10206010e+03 5.15903057e+03 2.79597644e+01
v 6.10245955e+03 5.15828834e+03 2.77037257e+01
v 6.10264115e+03 5.15861853e+03 2.77898857e+01
v 6.10244504e+03 5.15982410e+03 2.78953281e+01
v 6.11032658e+03 5.16122149e+03 2.69215430e+01
v 6.11206081e+03 5.16436879e+03 2.80396791e+01
v 6.11138919e+03 5.16475177e+03 2.78967000e+01
v 6.11174188e+03 5.18268286e+03 2.92589151e+01
v 6.10921916e+03 5.18120770e+03 2.89216866e+01
v 6.10927186e+03 5.18162236e+03 2.90532877e+01
v 6.10949131e+03 5.18083724e+03 2.90008706e+01
v 6.11003969e+03 5.18089851e+03 2.90764291e+01
v 6.11019084e+03 5.18332090e+03 2.97969779e+01
v 6.11079444e+03 5.15854821e+03 2.96343237e+01
v 6.10654484e+03 5.18026982e+03 3.03496751e+01
v 6.10961083e+03 5.18181108e+03 2.92602443e+01
v 6.10918319e+03 5.18056752e+03 2.88635791e+01
v 6.11115701e+03 5.17897123e+03 2.84703660e+01
v 6.10966858e+03 5.17822863e+03 2.85763757e+01
v 6.10884513e+03 5.17754002e+03 2.80340284e+01
v 6.10858138e+03 5.17913844e+03 2.85852310e+01
v 6.10821923e+03 5.17858947e+03 2.85468002e+01
v 6.10714944e+03 5.17985128e+03 2.84814777e+01
v 6.10727990e+03 5.17922672e+03 2.83416971e+01
v 6.11051686e+03 5.16331623e+03 2.75898645e+01
v 6.11063541e+03 5.16313687e+03 2.80028034e+01
v 6.11054054e+03 5.16281485e+03 2.76912902e+01
v 6.11069510e+03 5.16148901e+03 2.80954184e+01
v 6.11056813e+03 5.16132883e+03 2.74040314e+01
v 6.11074662e+03 5.16109126e+03 2.76391422e+01
v 6.11075612e+03 5.16086197e+03 2.72119081e+01
v 6.11053309e+03 5.16269061e+03 2.80966392e+01
v 6.11015525e+03 5.16220508e+03 2.80072064e+01
v 6.11031208e+03 5.16240839e+03 2.82147647e+01
v 6.11035910e+03 5.16212281e+03 2.82727511e+01
v 6.11025584e+03 5.16191549e+03 2.79048762e+01
v 6.11092290e+03 5.16166270e+03 2.84995905e+01
v 6.11067412e+03 5.16204337e+03 2.83519524e+01
v 6.11052852e+03 5.16181027e+03 2.81399427e+01
v 6.10959095e+03 5.15993000e+03 2.72712365e+01
v 6.11024121e+03 5.15982558e+03 2.70682352e+01
v 6.10987263e+03 5.15952710e+03 2.70382340e+01
v 6.11078484e+03 5.16096872e+03 2.83708447e+01
v 6.11058387e+03 5.16298773e+03 2.69892685e+01
v 6.11003053e+03 5.16078162e+03 2.71645477e+01
v 6.10979494e+03 5.16059519e+03 2.74050326e+01
v 6.10958695e+03 5.16066205e+03 2.74573462e+01
v 6.11098442e+03 5.16079530e+03 2.81497605e+01
v 6.11106879e+03 5.17994406e+03 2.66061871e+01
v 6.11097494e+03 5.16324458e+03 2.82773385e+01
v 6.11126710e+03 5.16375919e+03 2.80877336e+01
v 6.11123166e+03 5.16498988e+03 2.69912730e+01
v 6.11123837e+03 5.16500094e+03 2.74566766e+01
v 6.11098147e+03 5.16475073e+03 2.72732249e+01
v 6.11172708e+03 5.16348773e+03 2.86145037e+01
v 6.10319464e+03 5.15902342e+03 2.76808933e+01
v 6.10294251e+03 5.15959812e+03 2.70797443e+01
v 6.10354394e+03 5.15905600e+03 2.73165707e+01
v 6.11115179e+03 5.16267418e+03 2.87728710e+01
v 6.11001600e+03 5.15875278e+03 2.71051217e+01
v 6.11062169e+03 5.15865304e+03 2.73418373e+01
v 6.11059397e+03 5.15837132e+03 2.73707112e+01
v 6.11130104e+03 5.16047177e+03 2.82898385e+01
v 6.11102471e+03 5.16088539e+03 2.84936700e+01
v 6.10270201e+03 5.15975355e+03 2.74157215e+01
v 6.10246090e+03 5.16020046e+03 2.77321593e+01
v 6.10236100e+03 5.16054653e+03 2.68884889e+01
v 6.11097954e+03 5.16209056e+03 2.86741204e+01
v 6.11064427e+03 5.16246529e+03 2.84409163e+01
v 6.11030668e+03 5.15735747e+03 2.79629603e+01
v 6.11048710e+03 5.15786380e+03 2.78563051e+01
v 6.11065964e+03 5.15816300e+03 2.75971068e+01
v 6.10947262e+03 5.15959525e+03 2.69219083e+01
v 6.10978523e+03 5.15918616e+03 2.69021624e+01
v 6.10979610e+03 5.15671567e+03 2.79043722e+01
v 6.10962879e+03 5.15638510e+03 2.79813180e+01
v 6.10957010e+03 5.15656815e+03 2.79296093e+01
v 6.10954698e+03 5.15655042e+03 2.77085048e+01
v 6.11076656e+03 5.15681870e+03 2.88771095e+01
v 6.10766009e+03 5.18031340e+03 2.85552049e+01
v 6.11167422e+03 5.16408794e+03 2.80850731e+01
v 6.11118425e+03 5.15987195e+03 2.73124056e+01
v 6.11100657e+03 5.15951442e+03 2.72302092e+01
v 6.11081449e+03 5.15904378e+03 2.74163013e+01
v 6.10994343e+03 5.16026267e+03 2.73308439e+01
v 6.11028401e+03 5.16043597e+03 2.71081901e+01
v 6.11041953e+03 5.16145026e+03 2.72485595e+01
v 6.10218357e+03 5.16041284e+03 2.78337812e+01
v 6.11043719e+03 5.15918842e+03 2.70393771e+01
v 6.11052552e+03 5.16070304e+03 2.69755825e+01
v 6.11069412e+03 5.16033593e+03 2.70064971e+01
v 6.11130716e+03 5.16046913e+03 2.79936433e+01
v 6.11107320e+03 5.16061168e+03 2.73493417e+01
v 6.11099402e+03 5.16452733e+03 2.76153520e+01
v 6.11081807e+03 5.16399664e+03 2.77996071e+01
v 6.11059927e+03 5.16383487e+03 2.76716156e+01
v 6.11055917e+03 5.16359750e+03 2.68801020e+01
v 6.11014324e+03 5.16207442e+03 2.75920482e+01
v 6.11062059e+03 5.15973534e+03 2.70192628e+01
v 6.11104087e+03 5.16017298e+03 2.70367925e+01
v 6.10814156e+03 5.17829652e+03 2.71576580e+01
v 6.10147428e+03 5.16073371e+03 2.75637074e+01
v 6.10158988e+03 5.16039999e+03 2.78997047e+01
v 6.10271637e+03 5.15947924e+03 2.75599528e+01
v 6.10393700e+03 5.18274335e+03 2.71271144e+01
v 6.10360765e+03 5.15874412e+03 2.74723294e+01
v 6.10206683e+03 5.15749979e+03 2.72012279e+01
v 6.10191223e+03 5.15733049e+03 2.67534829e+01
v 6.10191666e+03 5.15771581e+03 2.75636639e+01
v 6.10215979e+03 5.15867608e+03 2.79221041e+01
v 6.10393399e+03 5.15828827e+03 2.68892462e+01
v 6.10345574e+03 5.15923056e+03 2.69961450e+01
v 6.10339895e+03 5.15799458e+03 2.75266826e+01
v 6.10251027e+03 5.15793420e+03 2.74820854e+01
v 6.10351997e+03 5.15824072e+03 2.75332574e+01
v 6.10310113e+03 5.15826020e+03 2.76693832e+01
v 6.10373617e+03 5.15785290e+03 2.72401062e+01
v 6.10384982e+03 5.15811755e+03 2.72012982e+01
v 6.11001493e+03 5.15735814e+03 2.76506865e+01
v 6.11013400e+03 5.15692092e+03 2.79966210e+01
v 6.11013005e+03 5.15915851e+03 2.70044989e+01
v 6.11015955e+03 5.15796348e+03 2.73917348e+01
v 6.10279532e+03 5.15771052e+03 2.72636860e+01
v 6.10979106e+03 5.15817554e+03 2.70599657e+01
v 6.10193585e+03 5.15822975e+03 2.79598964e+01
v 6.10180164e+03 5.15859705e+03 2.81991850e+01
v 6.10203658e+03 5.15979436e+03 2.81646660e+01
v 6.10966151e+03 5.17802281e+03 2.81987288e+01
v 6.10870185e+03 5.17734679e+03 2.82893395e+01
v 6.10892330e+03 5.18132193e+03 2.90134946e+01
v 6.10179478e+03 5.16077264e+03 2.72123686e+01
v 6.11065657e+03 5.15676726e+03 2.86913957e+01
v 6.11095892e+03 5.15653915e+03 3.05802875e+01
v 6.11195910e+03 5.15990753e+03 2.97228052e+01
v 6.11214573e+03 5.16154157e+03 2.93024848e+01
v 6.11143954e+03 5.16241848e+03 2.88688992e+01
v 6.11143253e+03 5.16205389e+03 2.91060277e+01
v 6.11129054e+03 5.16134330e+03 2.89492658e+01
v 6.11177562e+03 5.16131532e+03 2.92175226e+01
v 6.11169404e+03 5.16175384e+03 2.93374366e+01
v 6.11136351e+03 5.18273553e+03 2.93411195e+01
v 6.11164727e+03 5.16290770e+03 2.87184464e+01
v 6.11135702e+03 5.16160566e+03 2.91424942e+01
v 6.11079277e+03 5.16262462e+03 2.85876170e+01
v 6.10170291e+03 5.15909805e+03 2.82783932e+01
v 6.10174623e+03 5.15956536e+03 2.83005622e+01
v 6.11046284e+03 5.15703991e+03 2.83364145e+01
v 6.11130706e+03 5.15936599e+03 2.92641476e+01
v 6.11104899e+03 5.17973226e+03 2.67946629e+01
v 6.10839955e+03 5.17788216e+03 2.65986951e+01
v 6.12028532e+03 5.18491375e+03 2.65222863e+01
v 6.11964433e+03 5.18450387e+03 2.65065173e+01
v 6.11601996e+03 5.18220426e+03 2.63383585e+01
v 6.11599659e+03 5.18240309e+03 2.65004840e+01
v 6.10639539e+03 5.17899795e+03 2.54904350e+01
v 6.11287644e+03 5.15924799e+03 3.23577424e+01
v 6.11492210e+03 5.18164979e+03 2.64593785e+01
v 6.11523207e+03 5.18189939e+03 2.64449491e+01
v 6.11878934e+03 5.18755684e+03 3.02048327e+01
v 6.11852756e+03 5.18386362e+03 2.61426618e+01
v 6.11872126e+03 5.18382686e+03 2.65665353e+01
v 6.11870203e+03 5.18408221e+03 2.58194161e+01
v 6.11977047e+03 5.18460327e+03 2.61316699e+01
v 6.10855836e+03 5.17751530e+03 2.84465038e+01
v 6.11116864e+03 5.16423851e+03 2.78846308e+01
v 6.12016797e+03 5.15718954e+03 3.40940544e+01
v 6.11541595e+03 5.18305542e+03 2.60486397e+01
v 6.12074405e+03 5.16112912e+03 3.18841384e+01
v 6.11113511e+03 5.15955057e+03 2.86371572e+01
v 6.10821224e+03 5.17746696e+03 2.78935173e+01
v 6.10827544e+03 5.17738853e+03 2.81292137e+01
v 6.11313511e+03 5.18113548e+03 2.63800385e+01
v 6.10490941e+03 5.18300551e+03 2.87754505e+01
v 6.10158051e+03 5.18135830e+03 2.71094484e+01
v 6.11915083e+03 5.15745402e+03 3.28957540e+01
v 6.11836764e+03 5.16036095e+03 2.85453339e+01
v 6.11847336e+03 5.16077691e+03 2.84144106e+01
v 6.12077312e+03 5.16251862e+03 2.66217114e+01
v 6.11287812e+03 5.16306472e+03 2.92680239e+01
v 6.12101151e+03 5.16239090e+03 2.61027758e+01
v 6.11014020e+03 5.15657249e+03 2.82891219e+01
v 6.11329495e+03 5.16302467e+03 2.90519774e+01
v 6.11485071e+03 5.18146798e+03 2.62513924e+01
v 6.11265530e+03 5.18142586e+03 2.85584120e+01
v 6.11570816e+03 5.18201678e+03 2.65220929e+01
v 6.11955387e+03 5.18483780e+03 2.64764862e+01
v 6.11047678e+03 5.16162774e+03 2.68536111e+01
v 6.11043857e+03 5.16210969e+03 2.68921520e+01
v 6.10949920e+03 5.16034027e+03 2.74968637e+01
v 6.10927301e+03 5.15993667e+03 2.71896000e+01
v 6.11040745e+03 5.17870986e+03 2.64467550e+01
v 6.11000303e+03 5.17842397e+03 2.55625385e+01
v 6.10937647e+03 5.15885385e+03 2.66764715e+01
v 6.10906617e+03 5.15849155e+03 2.68342253e+01
v 6.11106891e+03 5.18013129e+03 2.62111924e+01
v 6.11088266e+03 5.18014180e+03 2.59519699e+01
v 6.11053585e+03 5.18025537e+03 2.58281341e+01
v 6.11932776e+03 5.16299884e+03 2.55183625e+01
v 6.11298048e+03 5.16347396e+03 2.85931470e+01
v 6.11242489e+03 5.16543658e+03 2.70310718e+01
v 6.11310408e+03 5.16311647e+03 2.91534780e+01
v 6.11115981e+03 5.16225677e+03 2.88663816e+01
v 6.10900796e+03 5.17815860e+03 2.85812618e+01
v 6.11166851e+03 5.18011829e+03 2.61966554e+01
v 6.11197452e+03 5.17971673e+03 2.64770488e+01
v 6.11134074e+03 5.17972532e+03 2.64872737e+01
v 6.11008579e+03 5.17833404e+03 2.82873610e+01
v 6.11295443e+03 5.16472785e+03 2.64363028e+01
v 6.11064719e+03 5.18004149e+03 2.57509394e+01
v 6.10500386e+03 5.18268987e+03 2.76852109e+01
v 6.10490449e+03 5.18282101e+03 2.74319702e+01
v 6.10493918e+03 5.17804632e+03 2.55079405e+01
v 6.10487578e+03 5.17748518e+03 2.53806972e+01
v 6.10957269e+03 5.15912736e+03 2.66982215e+01
v 6.10763428e+03 5.15716741e+03 2.47423150e+01
v 6.10738796e+03 5.15747386e+03 2.45796233e+01
v 6.10936935e+03 5.15768615e+03 2.70737379e+01
v 6.10829063e+03 5.16333488e+03 1.50936980e+01
v 6.10633483e+03 5.16282504e+03 1.51997559e+01
v 6.10737190e+03 5.16289714e+03 1.51786346e+01
v 6.10637418e+03 5.16400635e+03 1.54220933e+01
v 6.10760531e+03 5.16489784e+03 1.53935402e+01
v 6.10559688e+03 5.16016071e+03 1.51409606e+01
v 6.10620448e+03 5.16052158e+03 1.48933197e+01
v 6.10622886e+03 5.15922133e+03 1.49412965e+01
v 6.11367034e+03 5.16530536e+03 1.50909414e+01
v 6.11541390e+03 5.16554567e+03 1.50926903e+01
v 6.11580011e+03 5.16344113e+03 1.48182334e+01
v 6.11685150e+03 5.16316514e+03 1.48667072e+01
v 6.11693040e+03 5.16185206e+03 1.46907240e+01
v 6.11593620e+03 5.16041910e+03 1.46413002e+01
v 6.10844809e+03 5.16454061e+03 1.52681876e+01
v 6.10866790e+03 5.16635137e+03 1.54892707e+01
v 6.11077187e+03 5.16387863e+03 1.50694209e+01
v 6.10907797e+03 5.16259685e+03 1.50842051e+01
v 6.10811916e+03 5.16575394e+03 1.53602670e+01
v 6.10179027e+03 5.16305047e+03 1.57092172e+01
v 6.10163874e+03 5.16332966e+03 1.56194740e+01
v 6.10344188e+03 5.16455813e+03 1.54130990e+01
v 6.10541841e+03 5.16465106e+03 1.54224829e+01
v 6.10187890e+03 5.16359049e+03 1.56398447e+01
v 6.10250278e+03 5.16390365e+03 1.55890089e+01
v 6.10238730e+03 5.16490514e+03 1.56908755e+01
v 6.10708734e+03 5.16636599e+03 1.54926874e+01
v 6.10664669e+03 5.16547765e+03 1.54668598e+01
v 6.10423112e+03 5.16599797e+03 1.56155709e+01
v 6.11678427e+03 5.16597670e+03 1.49719745e+01
v 6.11594185e+03 5.16683982e+03 1.51462699e+01
v 6.11774209e+03 5.16667772e+03 1.50228182e+01
v 6.11581208e+03 5.16794816e+03 1.51313164e+01
v 6.11873306e+03 5.16560131e+03 1.49020032e+01
v 6.11402790e+03 5.16685150e+03 1.52859240e+01
v 6.10576907e+03 5.16644379e+03 1.56342637e+01
v 6.10558704e+03 5.16585918e+03 1.55248971e+01
v 6.11331984e+03 5.17224060e+03 1.55648883e+01
v 6.11481623e+03 5.16933472e+03 1.53844849e+01
v 6.11147196e+03 5.16989673e+03 1.55459954e+01
v 6.11541333e+03 5.17267478e+03 1.54365420e+01
v 6.11684936e+03 5.17097598e+03 1.53606888e+01
v 6.11637773e+03 5.16906659e+03 1.52559354e+01
v 6.11105452e+03 5.17142202e+03 1.56100583e+01
v 6.10877095e+03 5.16801259e+03 1.55873195e+01
v 6.10709591e+03 5.16919820e+03 1.57663166e+01
v 6.10954322e+03 5.17801673e+03 1.63501021e+01
v 6.11541673e+03 5.17970193e+03 1.52004793e+01
v 6.11536045e+03 5.17885629e+03 1.53073949e+01
v 6.11477091e+03 5.18123898e+03 1.54367650e+01
v 6.11607314e+03 5.17826970e+03 1.54409710e+01
v 6.11596773e+03 5.17920461e+03 1.52763100e+01
v 6.11699260e+03 5.18222248e+03 1.52471532e+01
v 6.11640319e+03 5.17844903e+03 1.54817842e+01
v 6.11681714e+03 5.17799965e+03 1.57715962e+01
v 6.11620221e+03 5.18222185e+03 1.54155693e+01
v 6.11648100e+03 5.18242168e+03 1.54699481e+01
v 6.11177982e+03 5.17661554e+03 1.55250448e+01
v 6.11201962e+03 5.17724090e+03 1.52349073e+01
v 6.11518185e+03 5.18149977e+03 1.53007088e+01
v 6.11262000e+03 5.17918098e+03 1.51548683e+01
v 6.11385016e+03 5.17873757e+03 1.52104233e+01
v 6.11287455e+03 5.17758205e+03 1.53153340e+01
v 6.11234897e+03 5.17802178e+03 1.52538475e+01
v 6.11253144e+03 5.17993385e+03 1.58488777e+01
v 6.11272684e+03 5.17996581e+03 1.53565227e+01
v 6.11239583e+03 5.17964876e+03 1.52872092e+01
v 6.11346210e+03 5.18043925e+03 1.54390261e+01
v 6.11286947e+03 5.18017006e+03 1.55130664e+01
v 6.11330040e+03 5.18029602e+03 1.52828655e+01
v 6.11335657e+03 5.18012316e+03 1.52298836e+01
v 6.11408838e+03 5.18079388e+03 1.53530231e+01
v 6.11142505e+03 5.17924487e+03 1.56244135e+01
v 6.11213953e+03 5.17959548e+03 1.53169556e+01
v 6.11403154e+03 5.17589755e+03 1.55623486e+01
v 6.11605530e+03 5.17792604e+03 1.55878729e+01
v 6.11590152e+03 5.17739706e+03 1.54021782e+01
v 6.11567053e+03 5.17765386e+03 1.54667986e+01
v 6.11727989e+03 5.17869184e+03 1.52668287e+01
v 6.11526754e+03 5.18170806e+03 1.56799231e+01
v 6.11575317e+03 5.18197025e+03 1.61518568e+01
v 6.11624508e+03 5.18219491e+03 1.52727669e+01
v 6.11648628e+03 5.18219499e+03 1.52644422e+01
v 6.11825436e+03 5.17454861e+03 1.52431085e+01
v 6.11709587e+03 5.17549258e+03 1.52695024e+01
v 6.11517811e+03 5.17509944e+03 1.53501775e+01
v 6.11416152e+03 5.17533063e+03 1.54636863e+01
v 6.11512456e+03 5.17634070e+03 1.54552339e+01
v 6.11111393e+03 5.17684456e+03 1.51547536e+01
v 6.11112044e+03 5.17658340e+03 1.52565312e+01
v 6.11325619e+03 5.17597401e+03 1.56450457e+01
v 6.11303689e+03 5.17575312e+03 1.54726285e+01
v 6.11512284e+03 5.17697542e+03 1.53915644e+01
v 6.11116822e+03 5.17622382e+03 1.56387285e+01
v 6.11035536e+03 5.17661446e+03 1.53386853e+01
v 6.11058738e+03 5.17721055e+03 1.50776531e+01
v 6.11160941e+03 5.17925892e+03 1.53687373e+01
v 6.11033228e+03 5.17863401e+03 1.53843066e+01
v 6.11147802e+03 5.17736225e+03 1.51537259e+01
v 6.11013469e+03 5.17860331e+03 1.55741454e+01
v 6.11188441e+03 5.15896854e+03 1.46020652e+01
v 6.11277439e+03 5.15916260e+03 1.44897737e+01
v 6.11148147e+03 5.15977909e+03 1.47957176e+01
v 6.10579009e+03 5.15935371e+03 1.52275066e+01
v 6.10770211e+03 5.16001223e+03 1.47829247e+01
v 6.11796534e+03 5.16398715e+03 1.46848027e+01
v 6.11100667e+03 5.16038733e+03 1.47950100e+01
v 6.11666649e+03 5.16462164e+03 1.49057506e+01
v 6.11271544e+03 5.16486515e+03 1.51389610e+01
v 6.11626901e+03 5.16501955e+03 1.50358519e+01
v 6.11159247e+03 5.16657827e+03 1.53049558e+01
v 6.12099797e+03 5.18221842e+03 1.52579994e+01
v 6.12112338e+03 5.17948704e+03 1.52841434e+01
v 6.12111374e+03 5.17890007e+03 1.52024106e+01
v 6.11912762e+03 5.17972460e+03 1.51739123e+01
v 6.11571744e+03 5.18179392e+03 1.53541540e+01
v 6.12054782e+03 5.18099867e+03 1.54331138e+01
v 6.11824467e+03 5.18337230e+03 1.52466245e+01
v 6.11992178e+03 5.18391487e+03 1.53111762e+01
v 6.12016801e+03 5.18232277e+03 1.54447377e+01
v 6.12139279e+03 5.17973319e+03 1.52292526e+01
v 6.12129793e+03 5.18529678e+03 1.54907053e+01
v 6.11896090e+03 5.18378469e+03 1.53200010e+01
v 6.11838337e+03 5.18358532e+03 1.53802296e+01
v 6.11822670e+03 5.18302658e+03 1.52310520e+01
v 6.11589428e+03 5.18204704e+03 1.55584691e+01
v 6.11278853e+03 5.17688729e+03 1.61594959e+01
v 6.11778679e+03 5.17833259e+03 1.51945202e+01
v 6.11832982e+03 5.17975808e+03 1.52406793e+01
v 6.12063492e+03 5.18464118e+03 1.53106265e+01
v 6.12062368e+03 5.18488976e+03 1.53977729e+01
v 6.12100646e+03 5.18486886e+03 1.53563289e+01
v 6.12024785e+03 5.18470905e+03 1.55063349e+01
v 6.11970882e+03 5.18427959e+03 1.53735485e+01
v 6.11992101e+03 5.18449040e+03 1.58087942e+01
v 6.11932666e+03 5.18416580e+03 1.55247411e+01
v 6.12149773e+03 5.17688217e+03 1.52492253e+01
v 6.12140147e+03 5.17716341e+03 1.52810876e+01
v 6.12149270e+03 5.17795509e+03 1.54952251e+01
v 6.12142882e+03 5.17756245e+03 1.54408462e+01
v 6.12101328e+03 5.17732299e+03 1.53354989e+01
v 6.12062521e+03 5.17695127e+03 1.53182449e+01
v 6.12100794e+03 5.17699578e+03 1.52400952e+01
v 6.12050495e+03 5.17751181e+03 1.53730846e+01
v 6.12014329e+03 5.17758460e+03 1.55868539e+01
v 6.11949204e+03 5.17453329e+03 1.51006246e+01
v 6.11918724e+03 5.17356206e+03 1.51786699e+01
v 6.11825885e+03 5.17626652e+03 1.54502850e+01
v 6.11789277e+03 5.17559299e+03 1.53397678e+01
v 6.11769443e+03 5.17753338e+03 1.53954623e+01
v 6.11627997e+03 5.17806585e+03 1.57189635e+01
v 6.11901511e+03 5.17581686e+03 1.51661991e+01
v 6.11757278e+03 5.17630435e+03 1.54153194e+01
v 6.11769847e+03 5.17365632e+03 1.52107682e+01
v 6.11820064e+03 5.17308522e+03 1.52513974e+01
v 6.11630342e+03 5.17757452e+03 1.55331192e+01
v 6.11666491e+03 5.17775061e+03 1.58121272e+01
v 6.11862511e+03 5.17732319e+03 1.53301962e+01
v 6.11881637e+03 5.17636479e+03 1.53778456e+01
v 6.11975841e+03 5.17559158e+03 1.52480344e+01
v 6.11992651e+03 5.17629848e+03 1.57043929e+01
v 6.12020618e+03 5.17548379e+03 1.52233771e+01
v 6.12085210e+03 5.17632500e+03 1.54836695e+01
v 6.12067924e+03 5.17552442e+03 1.51357217e+01
v 6.11894608e+03 5.17716617e+03 1.54881243e+01
v 6.11924606e+03 5.17640791e+03 1.54004014e+01
v 6.11878891e+03 5.17678228e+03 1.53998427e+01
v 6.11854609e+03 5.17691737e+03 1.52755995e+01
v 6.11826727e+03 5.17693827e+03 1.52659294e+01
v 6.12029953e+03 5.17601481e+03 1.55575713e+01
v 6.11974029e+03 5.17670071e+03 1.56375302e+01
v 6.11740274e+03 5.17695331e+03 1.55409033e+01
v 6.11790453e+03 5.17711793e+03 1.54016238e+01
v 6.12074956e+03 5.17776048e+03 1.54450630e+01
v 6.12125568e+03 5.17658770e+03 1.53045022e+01
v 6.12106031e+03 5.17672532e+03 1.52811218e+01
v 6.12139276e+03 5.17702232e+03 1.53155646e+01
v 6.12054425e+03 5.17163863e+03 1.51117226e+01
v 6.11973974e+03 5.16926232e+03 1.49816720e+01
v 6.11977378e+03 5.16812560e+03 1.49540161e+01
v 6.11892088e+03 5.16964789e+03 1.51230818e+01
v 6.11898054e+03 5.17250193e+03 1.51668363e+01
v 6.11796211e+03 5.17225798e+03 1.52131117e+01
v 6.11898200e+03 5.16775676e+03 1.50614699e+01
v 6.11477552e+03 5.17872132e+03 1.52912479e+01
v 6.11390367e+03 5.17814099e+03 1.53314383e+01
v 6.11360456e+03 5.17779087e+03 1.54384746e+01
v 6.11534544e+03 5.17749902e+03 1.55346191e+01
v 6.11059882e+03 5.17670717e+03 1.51322535e+01
v 6.11059246e+03 5.17861205e+03 1.52812136e+01
v 6.11079331e+03 5.17883351e+03 1.55825490e+01
v 6.11122618e+03 5.17877679e+03 1.52604756e+01
v 6.11092864e+03 5.17633824e+03 1.52742551e+01
v 6.11070905e+03 5.17627625e+03 1.54163414e+01
v 6.10972867e+03 5.17753863e+03 1.54244033e+01
v 6.10946128e+03 5.17781954e+03 1.57797020e+01
v 6.11079636e+03 5.16909567e+03 1.54460911e+01
v 6.11221206e+03 5.17020164e+03 1.55130048e+01
v 6.11700184e+03 5.17182020e+03 1.52628721e+01
v 6.11700040e+03 5.17341203e+03 1.53221434e+01
v 6.11413791e+03 5.18089714e+03 1.56704238e+01
v 6.11695691e+03 5.18263953e+03 1.53535117e+01
v 6.11754805e+03 5.18295998e+03 1.52718964e+01
v 6.11569061e+03 5.17863130e+03 1.53173669e+01
v 6.11674534e+03 5.17968185e+03 1.51954524e+01
v 6.11570020e+03 5.17823645e+03 1.55514792e+01
v 6.12121762e+03 5.18400023e+03 1.52780121e+01
v 6.11687157e+03 5.18268055e+03 1.61196759e+01
v 6.12061458e+03 5.17448627e+03 1.50744824e+01
v 6.12061208e+03 5.17304093e+03 1.50231706e+01
v 6.11859778e+03 5.15978841e+03 1.43417574e+01
v 6.11894281e+03 5.15930574e+03 1.45275107e+01
v 6.11667098e+03 5.15691475e+03 1.43394305e+01
v 6.11637750e+03 5.15747778e+03 1.45378013e+01
v 6.11682502e+03 5.15779569e+03 1.43829279e+01
v 6.11708836e+03 5.15711603e+03 1.43031618e+01
v 6.11705402e+03 5.15645596e+03 1.44400898e+01
v 6.11740964e+03 5.15659785e+03 1.46916002e+01
v 6.11982211e+03 5.16627298e+03 1.48004079e+01
v 6.11878683e+03 5.16688256e+03 1.48901252e+01
v 6.11727153e+03 5.16787536e+03 1.50832894e+01
v 6.11760607e+03 5.16191910e+03 1.45834501e+01
v 6.11748749e+03 5.15995660e+03 1.44801352e+01
v 6.11788360e+03 5.16844094e+03 1.50154386e+01
v 6.11797417e+03 5.16762894e+03 1.49818931e+01
v 6.11970839e+03 5.16113417e+03 1.46164332e+01
v 6.12004835e+03 5.16226317e+03 1.46067080e+01
v 6.11956570e+03 5.16339936e+03 1.47840108e+01
v 6.12002981e+03 5.16403717e+03 1.47374101e+01
v 6.11978787e+03 5.16488771e+03 1.47800069e+01
v 6.11869622e+03 5.16264216e+03 1.46496250e+01
v 6.11895951e+03 5.16393133e+03 1.47026963e+01
v 6.11913441e+03 5.16174379e+03 1.45407971e+01
v 6.11017048e+03 5.16728297e+03 1.54382190e+01
v 6.11057024e+03 5.16569165e+03 1.52271723e+01
v 6.11876752e+03 5.16075489e+03 1.45115486e+01
v 6.10664630e+03 5.15887270e+03 1.47446367e+01
v 6.10724083e+03 5.15925663e+03 1.46631583e+01
v 6.11637737e+03 5.15947584e+03 1.45810143e+01
v 6.11790214e+03 5.15961933e+03 1.44750409e+01
v 6.11929070e+03 5.15948140e+03 1.48975172e+01
v 6.11705277e+03 5.15913133e+03 1.45717490e+01
v 6.10584116e+03 5.15643270e+03 1.50217453e+01
v 6.10583661e+03 5.15803610e+03 1.48617077e+01
v 6.10593949e+03 5.15747231e+03 1.50619815e+01
v 6.10613937e+03 5.15629300e+03 1.48023954e+01
v 6.10700878e+03 5.15738275e+03 1.49712268e+01
v 6.10655874e+03 5.15676294e+03 1.49147939e+01
v 6.10690931e+03 5.15697404e+03 1.49899790e+01
v 6.11590589e+03 5.15855812e+03 1.44447779e+01
v 6.10616670e+03 5.15672964e+03 1.49691498e+01
v 6.10714196e+03 5.15728690e+03 1.54064592e+01
v 6.10679551e+03 5.15781363e+03 1.46772333e+01
v 6.10570340e+03 5.15828565e+03 1.56981394e+01
v 6.10599807e+03 5.15848389e+03 1.48437072e+01
v 6.10844639e+03 5.15864692e+03 1.50249626e+01
v 6.11105297e+03 5.15860596e+03 1.45803179e+01
v 6.11048728e+03 5.15822353e+03 1.47009613e+01
v 6.10722439e+03 5.15690099e+03 1.51260377e+01
v 6.11035244e+03 5.15683277e+03 1.52713641e+01
v 6.10722595e+03 5.15859797e+03 1.47077642e+01
v 6.10917240e+03 5.15860852e+03 1.49326331e+01
v 6.10805908e+03 5.15870580e+03 1.49117673e+01
v 6.10583952e+03 5.15888104e+03 1.51837363e+01
v 6.10557920e+03 5.15881342e+03 1.56802150e+01
v 6.10604744e+03 5.15704836e+03 1.55604671e+01
v 6.10647966e+03 5.15732600e+03 1.57918783e+01
v 6.11580436e+03 5.15732529e+03 1.46053960e+01
v 6.11638534e+03 5.15852064e+03 1.43897558e+01
v 6.11751091e+03 5.15815526e+03 1.43468343e+01
v 6.11103274e+03 5.15796685e+03 1.46702941e+01
v 6.10175607e+03 5.16236611e+03 1.60290017e+01
v 6.10274198e+03 5.16601223e+03 1.57629982e+01
v 6.10968474e+03 5.15814766e+03 1.55319378e+01
v 6.10634340e+03 5.15822356e+03 1.67264119e+01
v 6.10719042e+03 5.15835363e+03 1.65975547e+01
v 6.10672672e+03 5.15839856e+03 1.68223411e+01
v 6.10754300e+03 5.15831918e+03 1.60309440e+01
v 6.10598900e+03 5.15696698e+03 1.50970282e+01
v 6.10816523e+03 5.17060427e+03 1.57135614e+01
v 6.10961964e+03 5.16917737e+03 1.55216530e+01
v 6.11112957e+03 5.17061206e+03 1.57110120e+01
v 6.11091979e+03 5.17442639e+03 1.56524252e+01
v 6.11198698e+03 5.17466492e+03 1.55052584e+01
v 6.11077209e+03 5.17357573e+03 1.56158944e+01
v 6.11165989e+03 5.17519870e+03 1.57966064e+01
v 6.11140504e+03 5.17493978e+03 1.57255379e+01
v 6.11369123e+03 5.17414642e+03 1.54932839e+01
v 6.11255950e+03 5.17546346e+03 1.55454467e+01
v 6.11339145e+03 5.16959118e+03 1.55080709e+01
v 6.11046711e+03 5.16818496e+03 1.55044883e+01
v 6.10793165e+03 5.16957048e+03 1.56734224e+01
v 6.10645420e+03 5.16771304e+03 1.56304408e+01
v 6.10749110e+03 5.16829686e+03 1.56170460e+01
v 6.10710534e+03 5.17047170e+03 1.58581257e+01
v 6.10796167e+03 5.17199043e+03 1.57215544e+01
v 6.10593097e+03 5.17034916e+03 1.57345290e+01
v 6.10609284e+03 5.17125502e+03 1.58091520e+01
v 6.10915836e+03 5.17410956e+03 1.58670231e+01
v 6.11017738e+03 5.17396970e+03 1.57954397e+01
v 6.11240616e+03 5.17388721e+03 1.54864237e+01
v 6.11200642e+03 5.17531346e+03 1.56554400e+01
v 6.11194221e+03 5.17551341e+03 1.60476812e+01
v 6.12073129e+03 5.17825213e+03 1.53853375e+01
v 6.10916302e+03 5.17280133e+03 1.56724066e+01
v 6.11125116e+03 5.17518771e+03 1.63604030e+01
v 6.12119797e+03 5.17755466e+03 1.55774546e+01
v 6.12106124e+03 5.17781444e+03 1.56726234e+01
v 6.12013761e+03 5.17696251e+03 1.55589790e+01
v 6.11762349e+03 5.17689285e+03 1.55715340e+01
v 6.11565613e+03 5.17777178e+03 1.58235429e+01
v 6.11532454e+03 5.17766899e+03 1.63349480e+01
v 6.11567544e+03 5.17789655e+03 1.62062825e+01
v 6.11547438e+03 5.17795324e+03 1.63709998e+01
v 6.11579770e+03 5.17796569e+03 1.58589892e+01
v 6.11432913e+03 5.17732840e+03 1.64320000e+01
v 6.11473966e+03 5.17765519e+03 1.64328638e+01
v 6.11391522e+03 5.17752921e+03 1.60970216e+01
v 6.11388777e+03 5.17716517e+03 1.64253357e+01
v 6.11221434e+03 5.17591071e+03 1.64103218e+01
v 6.11232787e+03 5.17626904e+03 1.62511048e+01
v 6.10687595e+03 5.17630903e+03 1.59111871e+01
v 6.10673290e+03 5.17609507e+03 1.58450513e+01
v 6.10751939e+03 5.17619193e+03 1.57223860e+01
v 6.10778253e+03 5.17679468e+03 1.59106721e+01
v 6.10945203e+03 5.17751284e+03 1.56867059e+01
v 6.10603529e+03 5.15744039e+03 1.76365737e+01
v 6.10550426e+03 5.15786491e+03 1.74675646e+01
v 6.10147672e+03 5.16494250e+03 1.57766644e+01
v 6.11070726e+03 5.17480954e+03 1.62599240e+01
v 6.11057081e+03 5.17435264e+03 1.57919291e+01
v 6.11017793e+03 5.17442251e+03 1.60492047e+01
v 6.10958466e+03 5.17438764e+03 1.60290043e+01
v 6.11008380e+03 5.17493688e+03 1.64047763e+01
v 6.11087741e+03 5.17471755e+03 1.58874906e+01
v 6.11035871e+03 5.17474307e+03 1.63371114e+01
v 6.11063306e+03 5.17517877e+03 1.64309040e+01
v 6.11152794e+03 5.17547493e+03 1.63819951e+01
v 6.11065046e+03 5.17549317e+03 1.63387021e+01
v 6.10981793e+03 5.17573025e+03 1.64128233e+01
v 6.10866690e+03 5.17488967e+03 1.58675210e+01
v 6.11769223e+03 5.16147242e+03 1.89958780e+01
v 6.10511176e+03 5.17028062e+03 1.58583600e+01
v 6.10848228e+03 5.17339592e+03 1.58098468e+01
v 6.10739853e+03 5.17412212e+03 1.57879518e+01
v 6.11460304e+03 5.18124187e+03 1.61742860e+01
v 6.11501651e+03 5.18155889e+03 1.61701762e+01
v 6.11409681e+03 5.18088428e+03 1.61650645e+01
v 6.11413805e+03 5.18109987e+03 1.65358352e+01
v 6.11841669e+03 5.18365178e+03 1.61620178e+01
v 6.11865989e+03 5.18377504e+03 1.56460640e+01
v 6.12075280e+03 5.18503993e+03 1.57334985e+01
v 6.11372249e+03 5.17621055e+03 1.57378912e+01
v 6.11899965e+03 5.18399416e+03 1.74856511e+01
v 6.12124922e+03 5.17779691e+03 1.56496953e+01
v 6.11903099e+03 5.17505711e+03 1.51741284e+01
v 6.11917218e+03 5.18414103e+03 1.65241497e+01
v 6.11893509e+03 5.18397144e+03 1.85689703e+01
v 6.11757954e+03 5.18312179e+03 1.62618179e+01
v 6.11724058e+03 5.18315132e+03 1.67726025e+01
v 6.11621875e+03 5.18239504e+03 1.66386984e+01
v 6.11766476e+03 5.18335892e+03 1.66834477e+01
v 6.11788646e+03 5.18322728e+03 1.54298941e+01
v 6.11262003e+03 5.17607685e+03 1.63920458e+01
v 6.11182545e+03 5.17610381e+03 1.62059698e+01
v 6.11013230e+03 5.17591050e+03 1.63794935e+01
v 6.11694961e+03 5.17718417e+03 1.56236857e+01
v 6.10727941e+03 5.17673616e+03 1.62663883e+01
v 6.10984639e+03 5.17677426e+03 1.57822658e+01
v 6.11021163e+03 5.17619261e+03 1.61685128e+01
v 6.11555924e+03 5.17772614e+03 1.55412839e+01
v 6.10984702e+03 5.17636160e+03 1.64039917e+01
v 6.10970014e+03 5.17682961e+03 1.61038408e+01
v 6.10909419e+03 5.17742479e+03 1.63527750e+01
v 6.10929812e+03 5.17745499e+03 1.61468394e+01
v 6.10941563e+03 5.17703576e+03 1.63870715e+01
v 6.10948711e+03 5.17660418e+03 1.64446936e+01
v 6.11043496e+03 5.17777357e+03 1.52116385e+01
v 6.10851607e+03 5.17733913e+03 1.63113366e+01
v 6.10783537e+03 5.17698380e+03 1.61270366e+01
v 6.10902201e+03 5.17720994e+03 1.63733033e+01
v 6.10813805e+03 5.17667615e+03 1.59296824e+01
v 6.10634241e+03 5.17579615e+03 1.58865446e+01
v 6.10594010e+03 5.17574526e+03 1.59118447e+01
v 6.11074752e+03 5.17611786e+03 1.58381541e+01
v 6.11074106e+03 5.17581828e+03 1.61838358e+01
v 6.11104114e+03 5.17600575e+03 1.59953682e+01
v 6.11119230e+03 5.17576526e+03 1.62618658e+01
v 6.11323958e+03 5.17630995e+03 1.63824073e+01
v 6.11342412e+03 5.17656689e+03 1.64490372e+01
v 6.11319157e+03 5.17612762e+03 1.61072060e+01
v 6.11480273e+03 5.17833481e+03 1.55851059e+01
v 6.11713944e+03 5.17778537e+03 1.57218632e+01
v 6.10618912e+03 5.17545179e+03 1.57792973e+01
v 6.10590682e+03 5.17541500e+03 1.56699687e+01
v 6.11302715e+03 5.17653062e+03 1.64432464e+01
v 6.11435169e+03 5.17804319e+03 1.56193309e+01
v 6.11358509e+03 5.17639000e+03 1.61718951e+01
v 6.11728157e+03 5.17721010e+03 1.55422646e+01
v 6.11718059e+03 5.18287066e+03 1.55061340e+01
v 6.10259655e+03 5.17201319e+03 1.58479480e+01
v 6.10427971e+03 5.17192343e+03 1.58869606e+01
v 6.10228223e+03 5.17371385e+03 1.67013418e+01
v 6.10235349e+03 5.17335250e+03 1.59059724e+01
v 6.10353000e+03 5.17412632e+03 1.59105028e+01
v 6.10396929e+03 5.17436516e+03 1.58171463e+01
v 6.10549141e+03 5.17581882e+03 1.65995637e+01
v 6.10460996e+03 5.17518831e+03 1.68162785e+01
v 6.10369082e+03 5.17459484e+03 1.69446696e+01
v 6.10671652e+03 5.17652791e+03 1.69068021e+01
v 6.10598185e+03 5.17579954e+03 1.74708586e+01
v 6.10662719e+03 5.17628460e+03 1.74565780e+01
v 6.10482756e+03 5.17503250e+03 1.59217476e+01
v 6.10442669e+03 5.17463970e+03 1.57752464e+01
v 6.10325795e+03 5.17440400e+03 1.65397677e+01
v 6.10372865e+03 5.17435392e+03 1.59143898e+01
v 6.10595714e+03 5.17606750e+03 1.65919331e+01
v 6.11286593e+03 5.16811924e+03 1.53599678e+01
v 6.10693377e+03 5.17257662e+03 1.58743052e+01
v 6.10467524e+03 5.17445273e+03 1.57246504e+01
v 6.10554666e+03 5.17498134e+03 1.57372074e+01
v 6.10234824e+03 5.17272938e+03 1.58005608e+01
v 6.10208603e+03 5.17327437e+03 1.60237976e+01
v 6.10530442e+03 5.17523617e+03 1.57758447e+01
v 6.10647889e+03 5.17483765e+03 1.58116390e+01
v 6.10090063e+03 5.17226504e+03 1.57847739e+01
v 6.10161486e+03 5.17281512e+03 1.58528406e+01
v 6.10274260e+03 5.17333598e+03 1.58405613e+01
v 6.10324347e+03 5.17372874e+03 1.58683315e+01
v 6.10287391e+03 5.17380731e+03 1.59863949e+01
v 6.10309323e+03 5.17405312e+03 1.61822685e+01
v 6.10375125e+03 5.17380555e+03 1.58581020e+01
v 6.10463449e+03 5.16774332e+03 1.57830382e+01
v 6.10237714e+03 5.16993511e+03 1.60053399e+01
v 6.10165194e+03 5.17334252e+03 1.66532704e+01
v 6.10343583e+03 5.16752710e+03 1.57699486e+01
v 6.10156972e+03 5.16913792e+03 1.59248486e+01
v 6.10209854e+03 5.16901210e+03 1.58967892e+01
v 6.10129517e+03 5.16658805e+03 1.59418073e+01
v 6.10270766e+03 5.17379951e+03 1.75288123e+01
v 6.10179172e+03 5.17325713e+03 1.74004468e+01
v 6.10267748e+03 5.17388324e+03 1.64494320e+01
v 6.10160616e+03 5.17307796e+03 1.60730260e+01
v 6.10157216e+03 5.17305444e+03 1.81403967e+01
v 6.10244212e+03 5.17355556e+03 1.93784376e+01
v 6.10308546e+03 5.17426517e+03 2.00074474e+01
v 6.10247477e+03 5.17365695e+03 2.05627275e+01
v 6.10300979e+03 5.17404091e+03 2.05532060e+01
v 6.10208233e+03 5.17358925e+03 2.31653856e+01
v 6.10217316e+03 5.17326065e+03 2.24225932e+01
v 6.10246007e+03 5.17383525e+03 1.99621110e+01
v 6.10197788e+03 5.17335070e+03 2.06564907e+01
v 6.10180890e+03 5.17309740e+03 2.23561423e+01
v 6.10179639e+03 5.17316984e+03 2.26185308e+01
v 6.10151650e+03 5.17300837e+03 1.93520307e+01
v 6.10172000e+03 5.17333891e+03 1.99501796e+01
v 6.10836926e+03 5.17758196e+03 1.66148952e+01
v 6.10924880e+03 5.17775877e+03 1.62676018e+01
v 6.10773533e+03 5.17694020e+03 1.74074570e+01
v 6.10761984e+03 5.17726481e+03 1.65995520e+01
v 6.10782116e+03 5.17730359e+03 1.68035725e+01
v 6.10776817e+03 5.17726086e+03 1.64646889e+01
v 6.11026230e+03 5.17854180e+03 1.69891392e+01
v 6.11060362e+03 5.17860542e+03 1.70339457e+01
v 6.11075730e+03 5.17879152e+03 1.63310186e+01
v 6.11096612e+03 5.17889687e+03 1.67816466e+01
v 6.11075434e+03 5.17858817e+03 1.74466977e+01
v 6.10936951e+03 5.17634486e+03 1.64337393e+01
v 6.11276909e+03 5.18008744e+03 1.75773542e+01
v 6.11411248e+03 5.18091585e+03 1.80812575e+01
v 6.11403487e+03 5.18107815e+03 1.69589484e+01
v 6.11598785e+03 5.18209596e+03 1.78203361e+01
v 6.11541450e+03 5.18195069e+03 1.69985398e+01
v 6.11264503e+03 5.18018072e+03 1.69477464e+01
v 6.11289700e+03 5.18024488e+03 1.63820574e+01
v 6.11022368e+03 5.17862925e+03 1.63556516e+01
v 6.11483577e+03 5.17382445e+03 1.53846450e+01
v 6.11467718e+03 5.18149866e+03 1.67963998e+01
v 6.11428015e+03 5.18130360e+03 1.66398647e+01
v 6.11243527e+03 5.18006613e+03 1.65433137e+01
v 6.10848728e+03 5.17744448e+03 1.76078478e+01
v 6.10893158e+03 5.17768700e+03 1.64386601e+01
v 6.10915591e+03 5.17785917e+03 1.67736891e+01
v 6.11572469e+03 5.18216490e+03 1.66347118e+01
v 6.10379591e+03 5.17465805e+03 1.64961282e+01
v 6.10167520e+03 5.17331397e+03 1.70242516e+01
v 6.10252510e+03 5.17385183e+03 1.70058887e+01
v 6.10341596e+03 5.17420886e+03 1.74482162e+01
v 6.12053623e+03 5.18484508e+03 2.08630696e+01
v 6.11599668e+03 5.18225073e+03 2.28540555e+01
v 6.11586075e+03 5.18198629e+03 2.25035624e+01
v 6.11527472e+03 5.18191024e+03 2.29701453e+01
v 6.11562974e+03 5.18217902e+03 2.31341430e+01
v 6.11653361e+03 5.18259501e+03 2.33943815e+01
v 6.11684590e+03 5.18255288e+03 1.94215248e+01
v 6.11656981e+03 5.18234210e+03 1.90557594e+01
v 6.11616194e+03 5.18218108e+03 1.94163910e+01
v 6.11470465e+03 5.18130038e+03 2.17984220e+01
v 6.11772553e+03 5.18342372e+03 2.00703696e+01
v 6.11815249e+03 5.18361313e+03 1.97974500e+01
v 6.11727668e+03 5.18314605e+03 1.98076487e+01
v 6.11743409e+03 5.18303532e+03 2.06123071e+01
v 6.11666468e+03 5.18274317e+03 2.00212349e+01
v 6.12097575e+03 5.18521865e+03 1.92636444e+01
v 6.11943706e+03 5.18423541e+03 2.23988465e+01
v 6.11818444e+03 5.18338689e+03 2.24335559e+01
v 6.11913927e+03 5.18409443e+03 2.05692965e+01
v 6.11869205e+03 5.18404226e+03 2.30606260e+01
v 6.11715355e+03 5.18290076e+03 1.96071191e+01
v 6.11710457e+03 5.18306514e+03 2.00980078e+01
v 6.11222324e+03 5.17998396e+03 2.00550196e+01
v 6.11269745e+03 5.17996994e+03 2.07728337e+01
v 6.11267480e+03 5.18025753e+03 2.00443718e+01
v 6.11303420e+03 5.18026785e+03 2.06932834e+01
v 6.11188599e+03 5.17957461e+03 2.06892768e+01
v 6.11063211e+03 5.17871608e+03 2.03700683e+01
v 6.10878795e+03 5.17760042e+03 2.06173552e+01
v 6.11168434e+03 5.17964788e+03 2.01128769e+01
v 6.11310056e+03 5.18031758e+03 2.12781677e+01
v 6.10837579e+03 5.17754757e+03 1.99116779e+01
v 6.10894532e+03 5.17774775e+03 1.96221579e+01
v 6.10970002e+03 5.17810724e+03 2.01642060e+01
v 6.10896912e+03 5.17770633e+03 2.19131772e+01
v 6.10847652e+03 5.17735548e+03 2.24713798e+01
v 6.10956919e+03 5.17801999e+03 2.26169920e+01
v 6.10867283e+03 5.17766417e+03 2.32416688e+01
v 6.10743771e+03 5.17698751e+03 2.32516878e+01
v 6.11176287e+03 5.17934180e+03 2.23492479e+01
v 6.11244422e+03 5.17984492e+03 2.15736498e+01
v 6.11511281e+03 5.18145963e+03 2.24221707e+01
v 6.11420246e+03 5.18099315e+03 2.26033173e+01
v 6.11420170e+03 5.18110859e+03 2.29128860e+01
v 6.11376874e+03 5.18091076e+03 2.30114807e+01
v 6.11333932e+03 5.18045915e+03 2.25576863e+01
v 6.11370676e+03 5.17688048e+03 1.64877865e+01
v 6.10564600e+03 5.17555276e+03 2.23883167e+01
v 6.10551748e+03 5.17579383e+03 2.29729754e+01
v 6.11357585e+03 5.18050733e+03 2.22077870e+01
v 6.10336702e+03 5.17435364e+03 2.28964439e+01
v 6.10332674e+03 5.17439584e+03 2.32268218e+01
v 6.10426090e+03 5.17500192e+03 2.29651001e+01
v 6.10368804e+03 5.17428709e+03 2.25312074e+01
v 6.10455242e+03 5.17482188e+03 2.23028825e+01
v 6.10549789e+03 5.17552920e+03 2.15584400e+01
v 6.10400881e+03 5.17457018e+03 2.07666536e+01
v 6.10351162e+03 5.17446254e+03 1.99569073e+01
v 6.10241091e+03 5.17356952e+03 2.12770164e+01
v 6.10543473e+03 5.17548711e+03 2.07159796e+01
v 6.10631993e+03 5.17601533e+03 2.08667789e+01
v 6.10509586e+03 5.17549390e+03 2.00995041e+01
v 6.10707186e+03 5.17661833e+03 2.04809354e+01
v 6.10731904e+03 5.17663684e+03 2.24608069e+01
v 6.10797126e+03 5.17697598e+03 2.18356757e+01
v 6.10766402e+03 5.17712204e+03 1.99090750e+01
v 6.10651313e+03 5.17635184e+03 2.01912839e+01
v 6.10714078e+03 5.17684951e+03 2.00465781e+01
v 6.11244296e+03 5.17980351e+03 2.24382882e+01
v 6.11218170e+03 5.17966260e+03 1.92569490e+01
v 6.11184446e+03 5.17940231e+03 1.93612048e+01
v 6.11161405e+03 5.17934423e+03 1.87858700e+01
v 6.11095066e+03 5.17897046e+03 1.94805024e+01
v 6.11131064e+03 5.17935995e+03 1.97942284e+01
v 6.11152672e+03 5.17933784e+03 1.94893373e+01
v 6.11169192e+03 5.17963450e+03 1.98141740e+01
v 6.11192462e+03 5.17958800e+03 1.95394458e+01
v 6.10576841e+03 5.17595432e+03 1.68332626e+01
v 6.11865693e+03 5.18400211e+03 2.00190716e+01
v 6.11913945e+03 5.18410254e+03 1.95623018e+01
v 6.11874035e+03 5.18376526e+03 1.91997450e+01
v 6.11828594e+03 5.18358196e+03 2.05877789e+01
v 6.11565205e+03 5.18182963e+03 1.91068233e+01
v 6.11510076e+03 5.18152579e+03 1.77214296e+01
v 6.11673248e+03 5.18260179e+03 1.74120994e+01
v 6.11758138e+03 5.18319334e+03 1.73781358e+01
v 6.10817711e+03 5.17750541e+03 1.68795521e+01
v 6.11515809e+03 5.18179927e+03 1.99413051e+01
v 6.11445584e+03 5.18118536e+03 2.07901944e+01
v 6.11772893e+03 5.18313122e+03 1.93153090e+01
v 6.11717028e+03 5.18278812e+03 1.90973980e+01
v 6.12096536e+03 5.18522698e+03 1.78541267e+01
v 6.11828362e+03 5.18352165e+03 1.94811431e+01
v 6.11777746e+03 5.18312463e+03 1.89337493e+01
v 6.11045924e+03 5.17863180e+03 1.78463650e+01
v 6.10571668e+03 5.17584651e+03 1.98952327e+01
v 6.10491514e+03 5.17501669e+03 1.92128671e+01
v 6.10522892e+03 5.17555529e+03 1.98247670e+01
v 6.12033491e+03 5.16136578e+03 2.03303729e+01
v 6.11903811e+03 5.16152136e+03 1.92439366e+01
v 6.11860100e+03 5.16166912e+03 1.91706559e+01
v 6.11893892e+03 5.16135905e+03 1.97095128e+01
v 6.12084142e+03 5.16309032e+03 2.00009835e+01
v 6.11780249e+03 5.16155826e+03 1.95220606e+01
v 6.10814988e+03 5.15856814e+03 1.85244364e+01
v 6.11374467e+03 5.15989510e+03 1.91784830e+01
v 6.12054673e+03 5.16204278e+03 1.98652210e+01
v 6.11108041e+03 5.16073259e+03 1.98725534e+01
v 6.11817951e+03 5.16168013e+03 1.90542974e+01
v 6.10893425e+03 5.15989453e+03 1.99248463e+01
v 6.11784411e+03 5.16208223e+03 2.17377018e+01
v 6.12094221e+03 5.16333327e+03 2.03593681e+01
v 6.12069428e+03 5.16161400e+03 2.04206427e+01
v 6.11811024e+03 5.16148765e+03 1.96632926e+01
v 6.10565124e+03 5.15960008e+03 2.00230249e+01
v 6.10745959e+03 5.15789548e+03 1.84159999e+01
v 6.10602141e+03 5.15789973e+03 1.81722427e+01
v 6.10705121e+03 5.15621220e+03 1.68958803e+01
v 6.10565736e+03 5.15788228e+03 1.78090648e+01
v 6.11328149e+03 5.18070307e+03 2.29927071e+01
v 6.11185445e+03 5.17989141e+03 1.98440224e+01
v 6.11276106e+03 5.18032091e+03 1.98639457e+01
v 6.11463773e+03 5.18149787e+03 1.99938828e+01
v 6.11341813e+03 5.18068046e+03 1.98131349e+01
v 6.11679437e+03 5.18257489e+03 2.09400284e+01
v 6.11303608e+03 5.18019809e+03 1.93443297e+01
v 6.11219856e+03 5.17990704e+03 1.96899898e+01
v 6.10970226e+03 5.17815215e+03 1.86891973e+01
v 6.11264477e+03 5.18009382e+03 2.27441956e+01
v 6.11511582e+03 5.18180933e+03 2.32839036e+01
v 6.10847740e+03 5.17727225e+03 1.92470956e+01
v 6.10874774e+03 5.17753203e+03 1.91362802e+01
v 6.10680616e+03 5.17647905e+03 1.97031455e+01
v 6.10722799e+03 5.17685670e+03 1.98078741e+01
v 6.10775197e+03 5.17686822e+03 1.92655380e+01
v 6.10673634e+03 5.17644245e+03 2.33805368e+01
v 6.10389284e+03 5.17476879e+03 1.99194728e+01
v 6.10435370e+03 5.17502334e+03 1.99314169e+01
v 6.10160605e+03 5.17320092e+03 2.02864321e+01
v 6.10162452e+03 5.17311719e+03 2.13738551e+01
v 6.10376640e+03 5.17435076e+03 1.91739321e+01
v 6.10597753e+03 5.17569982e+03 1.87541490e+01
v 6.10690215e+03 5.17639393e+03 1.94254925e+01
v 6.10716539e+03 5.17661490e+03 1.89719810e+01
v 6.10781608e+03 5.17695740e+03 1.82575312e+01
v 6.10890094e+03 5.17764243e+03 1.84187489e+01
v 6.11014280e+03 5.17852891e+03 1.53039261e+01
v 6.11194344e+03 5.17947856e+03 1.79783517e+01
v 6.11260332e+03 5.18002940e+03 1.84792580e+01
v 6.11384210e+03 5.18067640e+03 1.93741273e+01
v 6.11430578e+03 5.18098703e+03 1.92744711e+01
v 6.11429532e+03 5.18121487e+03 1.97271669e+01
v 6.10737243e+03 5.15761734e+03 1.79974907e+01
v 6.10245254e+03 5.16233130e+03 2.05335111e+01
v 6.10383259e+03 5.16226255e+03 2.07352456e+01
v 6.10275937e+03 5.16290497e+03 2.10157715e+01
v 6.10313718e+03 5.16295725e+03 2.08844422e+01
v 6.10212696e+03 5.16234880e+03 2.12831766e+01
v 6.10120675e+03 5.16172789e+03 2.12751351e+01
v 6.10347988e+03 5.16278635e+03 2.07235607e+01
v 6.10361189e+03 5.16292379e+03 2.10005837e+01
v 6.10140072e+03 5.16139533e+03 1.82311069e+01
v 6.10161012e+03 5.16144864e+03 1.75441841e+01
v 6.10249754e+03 5.16260629e+03 2.13595449e+01
v 6.10318394e+03 5.16296149e+03 2.13555762e+01
v 6.10247978e+03 5.16228859e+03 2.16151546e+01
v 6.10333367e+03 5.16307226e+03 2.11872949e+01
v 6.10367509e+03 5.16285464e+03 2.12431479e+01
v 6.10392279e+03 5.16249195e+03 2.12694019e+01
v 6.10166996e+03 5.16191992e+03 2.05336057e+01
v 6.10401379e+03 5.16206526e+03 2.13283056e+01
v 6.10404778e+03 5.16217012e+03 2.11300571e+01
v 6.10351814e+03 5.16272637e+03 2.15322276e+01
v 6.10159823e+03 5.16200234e+03 2.18610471e+01
v 6.10323474e+03 5.16226497e+03 2.17107234e+01
v 6.10648567e+03 5.15705686e+03 2.13941843e+01
v 6.10661036e+03 5.15665460e+03 2.14609804e+01
v 6.10634065e+03 5.15721946e+03 2.14670713e+01
v 6.10607971e+03 5.15754539e+03 2.19617227e+01
v 6.10696172e+03 5.15645373e+03 2.17379529e+01
v 6.10680620e+03 5.15621806e+03 2.13303999e+01
v 6.12099801e+03 5.16242440e+03 2.07848473e+01
v 6.12058672e+03 5.16142623e+03 2.07819373e+01
v 6.10632737e+03 5.15865733e+03 2.13161223e+01
v 6.10697679e+03 5.15802163e+03 2.10615402e+01
v 6.10711778e+03 5.15768157e+03 2.13931549e+01
v 6.10718810e+03 5.15838206e+03 2.10724463e+01
v 6.10653178e+03 5.15929609e+03 2.13462562e+01
v 6.10694149e+03 5.15900760e+03 2.12830490e+01
v 6.10616419e+03 5.15963207e+03 2.15896700e+01
v 6.10586402e+03 5.16012976e+03 2.19404580e+01
v 6.10497321e+03 5.17540893e+03 2.30234093e+01
v 6.10481385e+03 5.17510004e+03 2.26678495e+01
v 6.10607546e+03 5.15898208e+03 2.14953416e+01
v 6.10587996e+03 5.15897397e+03 2.18742163e+01
v 6.10595799e+03 5.15956733e+03 2.19885196e+01
v 6.10668336e+03 5.15755652e+03 2.15216398e+01
v 6.10603776e+03 5.15861267e+03 2.18365735e+01
v 6.10631347e+03 5.15823548e+03 2.20798613e+01
v 6.10644574e+03 5.15779103e+03 2.18345885e+01
v 6.10606664e+03 5.15834062e+03 2.24280427e+01
v 6.10551861e+03 5.15997361e+03 2.22529516e+01
v 6.10535051e+03 5.15922749e+03 2.30012222e+01
v 6.10589440e+03 5.15915932e+03 2.22984599e+01
v 6.10604895e+03 5.15867215e+03 2.24185024e+01
v 6.10686855e+03 5.15741358e+03 2.16255085e+01
v 6.10540508e+03 5.15729224e+03 2.26822878e+01
v 6.10568691e+03 5.15684608e+03 2.20049672e+01
v 6.10566152e+03 5.15742191e+03 2.22370983e+01
v 6.10761400e+03 5.15724547e+03 2.32115451e+01
v 6.11753607e+03 5.16260101e+03 2.51052407e+01
v 6.11690588e+03 5.16356278e+03 2.44872315e+01
v 6.11725640e+03 5.16340363e+03 2.43479507e+01
v 6.11728038e+03 5.16287222e+03 2.48186901e+01
v 6.10564056e+03 5.15945332e+03 2.25055223e+01
v 6.10547521e+03 5.15867725e+03 2.30163922e+01
v 6.10625260e+03 5.15842804e+03 2.23722414e+01
v 6.10622745e+03 5.15839517e+03 2.14272410e+01
v 6.12073084e+03 5.16214452e+03 2.36462822e+01
v 6.11405585e+03 5.16438146e+03 2.48911152e+01
v 6.11727233e+03 5.16341568e+03 2.41209481e+01
v 6.11551667e+03 5.16379477e+03 2.45102051e+01
v 6.11473353e+03 5.16419800e+03 2.47488812e+01
v 6.11489536e+03 5.16384420e+03 2.42571970e+01
v 6.11575090e+03 5.16381908e+03 2.49582940e+01
v 6.11471586e+03 5.16433216e+03 2.53111201e+01
v 6.11400831e+03 5.16421900e+03 2.58300142e+01
v 6.11675686e+03 5.16244943e+03 2.51537753e+01
v 6.12080369e+03 5.16201805e+03 2.43270958e+01
v 6.10627405e+03 5.15656032e+03 2.15616212e+01
v 6.10782929e+03 5.15729623e+03 2.37993129e+01
v 6.10766701e+03 5.15741220e+03 2.42496371e+01
v 6.10803939e+03 5.15707265e+03 2.45022400e+01
v 6.10755973e+03 5.15785633e+03 2.39947458e+01
v 6.10715779e+03 5.15762496e+03 2.50108599e+01
v 6.10834929e+03 5.15698471e+03 2.42716021e+01
v 6.10837944e+03 5.15675457e+03 2.40225261e+01
v 6.10871930e+03 5.15633947e+03 2.44872000e+01
v 6.10441191e+03 5.15841798e+03 2.49707647e+01
v 6.10765200e+03 5.15891466e+03 2.50144249e+01
v 6.10781304e+03 5.15939629e+03 2.44888025e+01
v 6.10746368e+03 5.15722524e+03 2.51368839e+01
v 6.10471281e+03 5.15729295e+03 2.40520460e+01
v 6.10537902e+03 5.15785962e+03 2.26880304e+01
v 6.10552192e+03 5.15811057e+03 2.25875486e+01
v 6.10789418e+03 5.15693359e+03 2.54375702e+01
v 6.10755286e+03 5.15734520e+03 2.55882452e+01
v 6.10816629e+03 5.15655430e+03 2.54572371e+01
v 6.10461359e+03 5.16143904e+03 2.50020784e+01
v 6.10900634e+03 5.16154662e+03 2.52980765e+01
v 6.10864587e+03 5.16147509e+03 2.51141510e+01
v 6.10889514e+03 5.16146659e+03 2.54227356e+01
v 6.10818059e+03 5.16165284e+03 2.46316921e+01
v 6.10881354e+03 5.16196428e+03 2.49387118e+01
v 6.10849217e+03 5.16084948e+03 2.49895056e+01
v 6.10865117e+03 5.16121855e+03 2.55396805e+01
v 6.10863335e+03 5.16116070e+03 2.52004009e+01
v 6.11030167e+03 5.16267668e+03 2.56670338e+01
v 6.11041862e+03 5.16340760e+03 2.62766402e+01
v 6.11042088e+03 5.16299181e+03 2.58869078e+01
v 6.10874287e+03 5.16098308e+03 2.53146660e+01
v 6.10519639e+03 5.15911762e+03 2.37926412e+01
v 6.10837766e+03 5.16180171e+03 2.44534267e+01
v 6.10863264e+03 5.16199675e+03 2.46584170e+01
v 6.10934241e+03 5.16212520e+03 2.50801272e+01
v 6.10821784e+03 5.16024969e+03 2.48490505e+01
v 6.10804623e+03 5.15970772e+03 2.49646496e+01
v 6.10804934e+03 5.16031170e+03 2.42091638e+01
v 6.10431487e+03 5.15855628e+03 2.51854394e+01
v 6.10404844e+03 5.15848698e+03 2.53703984e+01
v 6.10390984e+03 5.15752678e+03 2.50770751e+01
v 6.10398718e+03 5.15730530e+03 2.46136625e+01
v 6.10381416e+03 5.15703347e+03 2.49049472e+01
v 6.10425992e+03 5.15716357e+03 2.42911554e+01
v 6.10446442e+03 5.15767932e+03 2.43875544e+01
v 6.10461269e+03 5.16071178e+03 2.54110545e+01
v 6.10479729e+03 5.15927740e+03 2.48649279e+01
v 6.10402824e+03 5.15791879e+03 2.49113299e+01
v 6.10398985e+03 5.15803958e+03 2.51941632e+01
v 6.10414824e+03 5.15766769e+03 2.46677041e+01
v 6.10413366e+03 5.15905972e+03 2.53157916e+01
v 6.10277576e+03 5.16253986e+03 2.55071877e+01
v 6.10238471e+03 5.16248606e+03 2.55671971e+01
v 6.10277127e+03 5.15652712e+03 2.53970400e+01
v 6.10438858e+03 5.15649421e+03 2.43258743e+01
v 6.10528778e+03 5.15665606e+03 2.35177135e+01
v 6.10511557e+03 5.15746989e+03 2.34155843e+01
v 6.10401414e+03 5.15666606e+03 2.44793253e+01
v 6.10502550e+03 5.15656889e+03 2.39961463e+01
v 6.10454609e+03 5.15886288e+03 2.50252282e+01
v 6.10473819e+03 5.15636879e+03 2.42703490e+01
v 6.10803360e+03 5.16122150e+03 2.44285129e+01
v 6.10806900e+03 5.16123743e+03 2.41368221e+01
v 6.10718065e+03 5.15804785e+03 2.50738159e+01
v 6.10786889e+03 5.15639028e+03 2.34959477e+01
v 6.10915667e+03 5.16042159e+03 2.66011153e+01
v 6.10933559e+03 5.15925843e+03 2.63973790e+01
v 6.10901910e+03 5.15911661e+03 2.62319082e+01
v 6.10877954e+03 5.16090296e+03 2.59550816e+01
v 6.10935410e+03 5.15944839e+03 2.64184904e+01
v 6.10837389e+03 5.15823849e+03 2.62475822e+01
v 6.10895634e+03 5.15828104e+03 2.67897183e+01
v 6.10889200e+03 5.15981690e+03 2.57184606e+01
v 6.10874267e+03 5.15943547e+03 2.56660823e+01
v 6.10865570e+03 5.16055833e+03 2.54358691e+01
v 6.10913652e+03 5.15987884e+03 2.62156528e+01
v 6.10883125e+03 5.16035591e+03 2.56750741e+01
v 6.10842562e+03 5.15875969e+03 2.58052492e+01
v 6.10922175e+03 5.16045975e+03 2.74086075e+01
v 6.10936703e+03 5.16066474e+03 2.72056202e+01
v 6.10816768e+03 5.15943553e+03 2.53056550e+01
v 6.10776944e+03 5.15881773e+03 2.53004657e+01
v 6.10919586e+03 5.16003440e+03 2.66062521e+01
v 6.10906059e+03 5.16067814e+03 2.62345389e+01
v 6.11042116e+03 5.16248590e+03 2.72559715e+01
v 6.11056055e+03 5.16275248e+03 2.64312194e+01
v 6.11043782e+03 5.16180177e+03 2.64440292e+01
v 6.11033082e+03 5.16238101e+03 2.59802708e+01
v 6.11036825e+03 5.16188262e+03 2.61806259e+01
v 6.11086123e+03 5.16443556e+03 2.69936401e+01
v 6.10444245e+03 5.16164433e+03 2.53933159e+01
v 6.10411391e+03 5.16191584e+03 2.55883623e+01
v 6.11020075e+03 5.16126610e+03 2.65171743e+01
v 6.10428326e+03 5.16113820e+03 2.57817808e+01
v 6.10425174e+03 5.16152038e+03 2.55998226e+01
v 6.10884242e+03 5.16129753e+03 2.59917853e+01
v 6.10945018e+03 5.16145145e+03 2.58687827e+01
v 6.10891536e+03 5.16110918e+03 2.61439962e+01
v 6.10886906e+03 5.16089336e+03 2.61639356e+01
v 6.10967070e+03 5.16111331e+03 2.61154467e+01
v 6.10433812e+03 5.16077059e+03 2.58579524e+01
v 6.10420060e+03 5.16060023e+03 2.59991540e+01
v 6.10361864e+03 5.15672595e+03 2.51311376e+01
v 6.10361806e+03 5.15705938e+03 2.57650997e+01
v 6.10335528e+03 5.15678620e+03 2.55432320e+01
v 6.10364058e+03 5.15626583e+03 2.48938221e+01
v 6.10228940e+03 5.15643373e+03 2.54358830e+01
v 6.10329408e+03 5.15646613e+03 2.52081249e+01
v 6.10365597e+03 5.15981396e+03 2.60497036e+01
v 6.10384106e+03 5.15901989e+03 2.57589942e+01
v 6.10327902e+03 5.16120589e+03 2.60068645e+01
v 6.10373140e+03 5.16152231e+03 2.58092078e+01
v 6.10379789e+03 5.16087176e+03 2.62633566e+01
v 6.10330760e+03 5.16069671e+03 2.61263240e+01
v 6.10436827e+03 5.16029527e+03 2.55066727e+01
v 6.10157728e+03 5.16274537e+03 2.52884210e+01
v 6.10368121e+03 5.16020408e+03 2.60122240e+01
v 6.10318477e+03 5.16221254e+03 2.57784877e+01
v 6.10225898e+03 5.16230698e+03 2.57993763e+01
v 6.10344147e+03 5.16223986e+03 2.56236094e+01
v 6.10301079e+03 5.16152167e+03 2.59272143e+01
v 6.10850115e+03 5.17739946e+03 2.83004319e+01
v 6.10416384e+03 5.15976932e+03 2.54951231e+01
v 6.10870907e+03 5.16128767e+03 2.59199488e+01
v 6.10862229e+03 5.16115638e+03 2.60375214e+01
v 6.10815574e+03 5.15994524e+03 2.52268661e+01
v 6.10752349e+03 5.15799032e+03 2.57560314e+01
v 6.10391935e+03 5.15849550e+03 2.57542883e+01
v 6.10816422e+03 5.16070062e+03 2.45304959e+01
v 6.10799360e+03 5.15841384e+03 2.57968021e+01
v 6.10828474e+03 5.17812628e+03 2.66215276e+01
v 6.10198482e+03 5.15676145e+03 2.57004831e+01
v 6.10204584e+03 5.15630528e+03 2.54966776e+01
v 6.10164752e+03 5.15682004e+03 2.58560892e+01
v 6.10385168e+03 5.15773910e+03 2.57000253e+01
v 6.10844917e+03 5.15674614e+03 2.45156581e+01
v 6.10197866e+03 5.16128641e+03 2.65506059e+01
v 6.10167916e+03 5.16108094e+03 2.68466416e+01
v 6.10155010e+03 5.16246899e+03 2.59925687e+01
v 6.10230715e+03 5.16194047e+03 2.60556174e+01
v 6.10394380e+03 5.16105392e+03 2.62388245e+01
v 6.10376340e+03 5.16122169e+03 2.60223941e+01
v 6.10426882e+03 5.16098648e+03 2.59900218e+01
v 6.10280010e+03 5.16017225e+03 2.62932204e+01
v 6.10321453e+03 5.16015177e+03 2.61410083e+01
v 6.10297013e+03 5.16088995e+03 2.61169057e+01
v 6.10250897e+03 5.16089296e+03 2.64466597e+01
v 6.10153185e+03 5.15727419e+03 2.67155665e+01
v 6.10232172e+03 5.15721668e+03 2.64872751e+01
v 6.10294195e+03 5.15747779e+03 2.67420654e+01
v 6.10164280e+03 5.15833404e+03 2.85194751e+01
v 6.10158209e+03 5.15870507e+03 2.84664378e+01
v 6.10176941e+03 5.15726723e+03 2.64214897e+01
v 6.10370386e+03 5.15769513e+03 2.64584621e+01
v 6.10335183e+03 5.15733605e+03 2.63348279e+01
v 6.10392206e+03 5.15799308e+03 2.65005755e+01
v 6.10167057e+03 5.15799650e+03 2.82962465e+01
v 6.10281241e+03 5.15714501e+03 2.64151255e+01
v 6.10178284e+03 5.15713906e+03 2.60601435e+01
v 6.10243558e+03 5.15672064e+03 2.57897237e+01
v 6.10372554e+03 5.15749171e+03 2.60124480e+01
v 6.10438685e+03 5.15809206e+03 2.46398682e+01
v 6.10327414e+03 5.15694378e+03 2.61048473e+01
v 6.10304357e+03 5.15678928e+03 2.59234011e+01
v 6.10284893e+03 5.15683821e+03 2.61647734e+01
v 6.10158470e+03 5.15634737e+03 2.58738788e+01
v 6.10866678e+03 5.15665501e+03 2.61138522e+01
v 6.10839318e+03 5.15650044e+03 2.58419617e+01
v 6.10794564e+03 5.15710960e+03 2.57467748e+01
v 6.10787633e+03 5.15755698e+03 2.59573218e+01
v 6.10840534e+03 5.15711923e+03 2.60403890e+01
v 6.10802218e+03 5.15806877e+03 2.59899716e+01
v 6.10832230e+03 5.15622928e+03 2.56383478e+01
v 6.10925320e+03 5.15727492e+03 2.69736253e+01
v 6.11659859e+03 5.16232127e+03 2.56219939e+01
v 6.11790146e+03 5.16285266e+03 2.66381006e+01
v 6.11257786e+03 5.18021740e+03 2.64644443e+01
v 6.11294175e+03 5.18034754e+03 2.66691521e+01
v 6.11271446e+03 5.18016264e+03 2.62990939e+01
v 6.11332925e+03 5.18047986e+03 2.64818344e+01
v 6.11306370e+03 5.18070450e+03 2.66654971e+01
v 6.11680471e+03 5.18248276e+03 2.84085473e+01
v 6.11504808e+03 5.18247239e+03 2.61789981e+01
v 6.11496910e+03 5.18213204e+03 2.61918022e+01
v 6.11526287e+03 5.18168111e+03 2.64074307e+01
v 6.11292263e+03 5.16495532e+03 2.70632052e+01
v 6.11442971e+03 5.18190880e+03 2.63073601e+01
v 6.11526423e+03 5.18193165e+03 2.57662866e+01
v 6.11563987e+03 5.18207159e+03 2.60176481e+01
v 6.11440525e+03 5.18128260e+03 2.59861764e+01
v 6.11355958e+03 5.18083929e+03 2.64566105e+01
v 6.11349623e+03 5.18136401e+03 2.62167004e+01
v 6.11405362e+03 5.18095854e+03 2.63839894e+01
v 6.11472698e+03 5.18220089e+03 2.63086891e+01
v 6.11708793e+03 5.18292950e+03 2.67665735e+01
v 6.11719616e+03 5.18319166e+03 2.66582077e+01
v 6.11807009e+03 5.18344438e+03 2.66441814e+01
v 6.11765062e+03 5.18327033e+03 2.65251436e+01
v 6.11785843e+03 5.18363069e+03 2.64342322e+01
v 6.11836280e+03 5.18436401e+03 2.60825410e+01
v 6.11879931e+03 5.18470750e+03 2.62145580e+01
v 6.11878998e+03 5.18409393e+03 2.65104692e+01
v 6.11876814e+03 5.18443600e+03 2.61997480e+01
v 6.11916925e+03 5.18428394e+03 2.64375866e+01
v 6.11727191e+03 5.18366460e+03 2.63145623e+01
v 6.11919786e+03 5.18492263e+03 2.64483912e+01
v 6.11531485e+03 5.16401079e+03 2.56302072e+01
v 6.11376196e+03 5.16414390e+03 2.60857432e+01
v 6.11090002e+03 5.16442858e+03 2.60299917e+01
v 6.11771222e+03 5.16254717e+03 2.55495784e+01
v 6.11456914e+03 5.16432744e+03 2.56246396e+01
v 6.11491141e+03 5.16325386e+03 2.63980275e+01
v 6.11242058e+03 5.16485257e+03 2.62795093e+01
v 6.11732277e+03 5.16201924e+03 2.55861482e+01
v 6.11725517e+03 5.16201310e+03 2.59204060e+01
v 6.11675461e+03 5.16289998e+03 2.49633138e+01
v 6.11765499e+03 5.16236629e+03 2.59690156e+01
v 6.11750578e+03 5.16205333e+03 2.60915054e+01
v 6.11709931e+03 5.16226115e+03 2.52880536e+01
v 6.11753860e+03 5.16211261e+03 2.56357854e+01
v 6.10791976e+03 5.17875120e+03 2.59572188e+01
v 6.10787397e+03 5.17923342e+03 2.56812713e+01
v 6.11116980e+03 5.16470727e+03 2.64521417e+01
v 6.10817487e+03 5.17834456e+03 2.67005759e+01
v 6.10802764e+03 5.17833794e+03 2.63692337e+01
v 6.10878744e+03 5.17769645e+03 2.61613682e+01
v 6.10865334e+03 5.17788068e+03 2.64538715e+01
v 6.10794264e+03 5.17851908e+03 2.63982204e+01
v 6.10858223e+03 5.17783254e+03 2.60504284e+01
v 6.10826149e+03 5.17821254e+03 2.56580461e+01
v 6.10663047e+03 5.18000963e+03 2.67859116e+01
v 6.10823013e+03 5.17970648e+03 2.61229607e+01
v 6.10743917e+03 5.17822582e+03 2.62018904e+01
v 6.10705513e+03 5.17816980e+03 2.58580906e+01
v 6.10713830e+03 5.17829256e+03 2.61184148e+01
v 6.10757987e+03 5.17855422e+03 2.58160227e+01
v 6.10739658e+03 5.17845331e+03 2.61522570e+01
v 6.10781619e+03 5.17839605e+03 2.57485173e+01
v 6.10718484e+03 5.17797727e+03 2.55721880e+01
v 6.10761466e+03 5.17717701e+03 2.54115922e+01
v 6.10729525e+03 5.17662933e+03 2.50906420e+01
v 6.10836944e+03 5.17785753e+03 2.55684647e+01
v 6.10785625e+03 5.17774258e+03 2.55089225e+01
v 6.10752851e+03 5.17815363e+03 2.55456057e+01
v 6.10747841e+03 5.17767952e+03 2.55875702e+01
v 6.10780775e+03 5.17836947e+03 2.61740258e+01
v 6.10934155e+03 5.17803851e+03 2.55737781e+01
v 6.10977367e+03 5.17813592e+03 2.49965951e+01
v 6.10676336e+03 5.17827498e+03 2.55663641e+01
v 6.10784387e+03 5.17824012e+03 2.54950737e+01
v 6.10671545e+03 5.17625916e+03 2.52926584e+01
v 6.10690016e+03 5.17620960e+03 2.48339478e+01
v 6.10602798e+03 5.17575834e+03 2.51162070e+01
v 6.10650441e+03 5.17946404e+03 2.58515952e+01
v 6.10723969e+03 5.17936116e+03 2.57177754e+01
v 6.11040647e+03 5.17995056e+03 2.57147625e+01
v 6.10720437e+03 5.17997487e+03 2.63757901e+01
v 6.10795218e+03 5.17976832e+03 2.60051157e+01
v 6.11020465e+03 5.17952049e+03 2.59564245e+01
v 6.11104051e+03 5.17994220e+03 2.60353364e+01
v 6.11036648e+03 5.17882661e+03 2.65537091e+01
v 6.11090339e+03 5.17895898e+03 2.63641560e+01
v 6.10672311e+03 5.18004863e+03 2.66442622e+01
v 6.10638011e+03 5.18032525e+03 2.64600632e+01
v 6.10911920e+03 5.17791848e+03 2.65202355e+01
v 6.10920779e+03 5.17889029e+03 2.59591034e+01
v 6.11120959e+03 5.17930255e+03 2.59432509e+01
v 6.11155936e+03 5.17960325e+03 2.56615897e+01
v 6.11003329e+03 5.17884979e+03 2.63323597e+01
v 6.10949451e+03 5.17823983e+03 2.64330978e+01
v 6.11114795e+03 5.17915647e+03 2.51258044e+01
v 6.11063631e+03 5.17893455e+03 2.57396777e+01
v 6.10636874e+03 5.17808527e+03 2.53734891e+01
v 6.10875285e+03 5.17746709e+03 2.49287507e+01
v 6.10856621e+03 5.17758603e+03 2.54410158e+01
v 6.11742268e+03 5.18301880e+03 2.65358227e+01
v 6.11784009e+03 5.18348002e+03 2.60250582e+01
v 6.11693989e+03 5.18278675e+03 2.65857113e+01
v 6.11661927e+03 5.18266086e+03 2.61464242e+01
v 6.11097013e+03 5.17989858e+03 2.65513923e+01
v 6.11087010e+03 5.17928418e+03 2.63838612e+01
v 6.11075530e+03 5.17972765e+03 2.58857332e+01
v 6.11115993e+03 5.17961817e+03 2.62571800e+01
v 6.11127796e+03 5.17948224e+03 2.66482082e+01
v 6.11107492e+03 5.17907052e+03 2.65906184e+01
v 6.10989111e+03 5.17813336e+03 2.83783296e+01
v 6.11136716e+03 5.17927066e+03 2.63717947e+01
v 6.11172749e+03 5.17953352e+03 2.64533641e+01
v 6.11123304e+03 5.17988182e+03 2.61966723e+01
v 6.11127181e+03 5.17980044e+03 2.64182368e+01
v 6.10788805e+03 5.17899842e+03 2.54816754e+01
v 6.10997493e+03 5.17841089e+03 2.64494865e+01
v 6.10756868e+03 5.17842084e+03 2.64349579e+01
v 6.10979797e+03 5.17953798e+03 2.60304463e+01
v 6.11005022e+03 5.17913978e+03 2.62453038e+01
v 6.11153928e+03 5.16521856e+03 2.71003788e+01
v 6.10731470e+03 5.17661664e+03 2.43732968e+01
v 6.10791513e+03 5.17697171e+03 2.49384606e+01
v 6.10943581e+03 5.17795820e+03 2.37244899e+01
v 6.10653612e+03 5.17617088e+03 2.26236343e+01
v 6.10656758e+03 5.17609007e+03 2.22473529e+01
v 6.11129679e+03 5.17918248e+03 2.38047151e+01
v 6.10817725e+03 5.17727420e+03 2.37271350e+01
v 6.11226960e+03 5.18000185e+03 2.55669608e+01
v 6.11271300e+03 5.18031119e+03 2.57436309e+01
v 6.11190497e+03 5.17949444e+03 2.48875919e+01
v 6.11187727e+03 5.17949615e+03 2.38204879e+01
v 6.11206209e+03 5.17988047e+03 2.30674638e+01
v 6.11135054e+03 5.17938822e+03 2.33125903e+01
v 6.11359120e+03 5.18076203e+03 2.62776647e+01
v 6.11330981e+03 5.18065681e+03 2.60619744e+01
v 6.11709969e+03 5.18272149e+03 2.24163962e+01
v 6.11805033e+03 5.18355541e+03 2.33207358e+01
v 6.11760436e+03 5.18335389e+03 2.30220111e+01
v 6.11767912e+03 5.18312182e+03 2.42291058e+01
v 6.11890459e+03 5.18394176e+03 2.38156749e+01
v 6.11728718e+03 5.18317423e+03 2.32082543e+01
v 6.11984951e+03 5.18452630e+03 2.41848569e+01
v 6.11514174e+03 5.18158072e+03 2.38579304e+01
v 6.11319964e+03 5.18067097e+03 2.32118773e+01
v 6.11412198e+03 5.18100923e+03 2.33223814e+01
v 6.11272962e+03 5.18023580e+03 2.32764479e+01
v 6.11263003e+03 5.18003302e+03 2.38333717e+01
v 6.11089849e+03 5.17893792e+03 2.26457158e+01
v 6.11513679e+03 5.18154242e+03 2.49917385e+01
v 6.11349848e+03 5.18052741e+03 2.37884302e+01
v 6.10634728e+03 5.17980547e+03 2.61053510e+01
v 6.11351778e+03 5.18074191e+03 2.54328053e+01
v 6.11300639e+03 5.18054567e+03 2.57604285e+01
v 6.10959777e+03 5.17950470e+03 2.60083823e+01
v 6.11356254e+03 5.18088481e+03 2.59036785e+01
v 6.11409360e+03 5.18114466e+03 2.57655457e+01
v 6.11604006e+03 5.18232015e+03 2.58638950e+01
v 6.11565126e+03 5.18203761e+03 2.55855486e+01
v 6.11455620e+03 5.18137998e+03 2.55068877e+01
v 6.11404286e+03 5.18222358e+03 2.62657046e+01
v 6.11771736e+03 5.18345394e+03 2.57962647e+01
v 6.11676000e+03 5.18299514e+03 2.57979980e+01
v 6.11694245e+03 5.18270990e+03 2.48524309e+01
v 6.11653973e+03 5.18270393e+03 2.56062828e+01
v 6.11609189e+03 5.18214985e+03 2.52740586e+01
v 6.11486251e+03 5.18160977e+03 2.58002559e+01
v 6.11831640e+03 5.18388673e+03 2.64877705e+01
v 6.11800455e+03 5.18397427e+03 2.61167328e+01
v 6.11713593e+03 5.18410637e+03 2.62024193e+01
v 6.11393310e+03 5.18099911e+03 2.65013596e+01
v 6.11361992e+03 5.18060777e+03 2.48701238e+01
v 6.10633911e+03 5.18062855e+03 2.66047970e+01
v 6.11088392e+03 5.17883875e+03 2.33075609e+01
v 6.10825120e+03 5.17734704e+03 2.52637270e+01
v 6.10765365e+03 5.17691761e+03 2.52132260e+01
v 6.11908901e+03 5.18403386e+03 2.48953710e+01
v 6.10840890e+03 5.18602522e+03 2.44794729e+01
v 6.10802920e+03 5.18598715e+03 2.46885065e+01
v 6.10802275e+03 5.18633293e+03 2.40832040e+01
v 6.11836015e+03 5.18382980e+03 2.31384164e+01
v 6.10774586e+03 5.18702154e+03 2.37040333e+01
v 6.10767590e+03 5.18621147e+03 2.44297395e+01
v 6.10716273e+03 5.18667628e+03 2.46410548e+01
v 6.12059073e+03 5.18494162e+03 2.49807128e+01
v 6.10821988e+03 5.18645059e+03 2.39641110e+01
v 6.10826532e+03 5.18692398e+03 2.35878043e+01
v 6.10682893e+03 5.18737972e+03 2.45426414e+01
v 6.10803925e+03 5.18728638e+03 2.31164895e+01
v 6.10861566e+03 5.18732340e+03 2.34364431e+01
v 6.10835655e+03 5.18737921e+03 2.30506510e+01
v 6.10838657e+03 5.18714157e+03 2.32593812e+01
v 6.10785030e+03 5.18570286e+03 2.67894505e+01
v 6.10743014e+03 5.18581640e+03 2.59183523e+01
v 6.10723418e+03 5.18628222e+03 2.52902248e+01
v 6.10709274e+03 5.18600384e+03 2.59984389e+01
v 6.10683110e+03 5.18651819e+03 2.56865214e+01
v 6.10769877e+03 5.18591626e+03 2.54485238e+01
v 6.10659183e+03 5.18752137e+03 2.54633468e+01
v 6.10651471e+03 5.18713496e+03 2.59556084e+01
v 6.10535834e+03 5.18354819e+03 2.74143435e+01
v 6.10511034e+03 5.18206972e+03 2.68593792e+01
v 6.10159733e+03 5.18021169e+03 2.69087315e+01
v 6.10320373e+03 5.17906491e+03 2.64001613e+01
v 6.10606523e+03 5.18124194e+03 2.69087157e+01
v 6.10610811e+03 5.18099719e+03 2.67016313e+01
v 6.10655538e+03 5.18001221e+03 2.63064519e+01
v 6.10599329e+03 5.18087938e+03 2.65601214e+01
v 6.10688159e+03 5.17795565e+03 2.55195667e+01
v 6.10531551e+03 5.18146082e+03 2.67333512e+01
v 6.10564373e+03 5.18157285e+03 2.68957322e+01
v 6.12143636e+03 5.18665700e+03 2.68288512e+01
v 6.12148618e+03 5.18638645e+03 2.67428994e+01
v 6.12143995e+03 5.18611013e+03 2.68292280e+01
v 6.12128478e+03 5.18617756e+03 2.69840780e+01
v 6.12134468e+03 5.18602848e+03 2.67175473e+01
v 6.12133688e+03 5.18557036e+03 2.65563200e+01
v 6.12103249e+03 5.18549935e+03 2.56582845e+01
v 6.12129266e+03 5.18555749e+03 2.55856435e+01
v 6.12120058e+03 5.18538334e+03 2.51566747e+01
v 6.12067221e+03 5.18523701e+03 2.56428456e+01
v 6.12082730e+03 5.18533256e+03 2.60624280e+01
v 6.12122867e+03 5.18548948e+03 2.61375806e+01
v 6.11630529e+03 5.18223842e+03 2.47264184e+01
v 6.10975952e+03 5.17906090e+03 2.59974182e+01
v 6.10558703e+03 5.17832485e+03 2.55044628e+01
v 6.10575220e+03 5.17934335e+03 2.60882949e+01
v 6.10525462e+03 5.18044942e+03 2.64974683e+01
v 6.10507857e+03 5.17881044e+03 2.61091164e+01
v 6.10383322e+03 5.17820950e+03 2.61774190e+01
v 6.10497264e+03 5.17926905e+03 2.63314461e+01
v 6.10544899e+03 5.17538704e+03 2.50969063e+01
v 6.10482762e+03 5.17512377e+03 2.52596630e+01
v 6.10516305e+03 5.17546379e+03 2.53658107e+01
v 6.10470020e+03 5.17535671e+03 2.53727228e+01
v 6.10435063e+03 5.17474710e+03 2.51747440e+01
v 6.10401482e+03 5.17471730e+03 2.53248054e+01
v 6.10512918e+03 5.17593105e+03 2.53399672e+01
v 6.10384669e+03 5.17677145e+03 2.53436562e+01
v 6.10546669e+03 5.17553564e+03 2.53183645e+01
v 6.10604320e+03 5.17616819e+03 2.53867863e+01
v 6.10624386e+03 5.17597385e+03 2.52833488e+01
v 6.10604334e+03 5.17588378e+03 2.36055040e+01
v 6.10723360e+03 5.17665914e+03 2.37125248e+01
v 6.10415666e+03 5.17458233e+03 2.49487320e+01
v 6.10506766e+03 5.17528158e+03 2.38417990e+01
v 6.10325329e+03 5.17392451e+03 2.52248049e+01
v 6.10244815e+03 5.17359622e+03 2.39094441e+01
v 6.10366819e+03 5.17435644e+03 2.40065980e+01
v 6.10457401e+03 5.17518479e+03 2.31971655e+01
v 6.10316995e+03 5.17396553e+03 2.23701105e+01
v 6.10268608e+03 5.17359761e+03 2.22421230e+01
v 6.10128884e+03 5.17316110e+03 2.29356065e+01
v 6.10172948e+03 5.17336901e+03 2.32955592e+01
v 6.10287042e+03 5.17374460e+03 2.50751160e+01
v 6.10209803e+03 5.17326381e+03 2.49711691e+01
v 6.10087219e+03 5.17259316e+03 2.37476079e+01
v 6.10402504e+03 5.17798776e+03 2.59922159e+01
v 6.10604702e+03 5.18015070e+03 2.62823552e+01
v 6.11334106e+03 5.18107343e+03 2.62209115e+01
v 6.10151103e+03 5.17929209e+03 2.66927681e+01
v 6.10152443e+03 5.17776062e+03 2.63437758e+01
v 6.10529352e+03 5.18213285e+03 2.69805226e+01
v 6.10194487e+03 5.17325022e+03 2.51619276e+01
v 6.10169539e+03 5.17305676e+03 2.51220779e+01
v 6.10336486e+03 5.17414623e+03 2.37845117e+01
v 6.10401484e+03 5.17469409e+03 2.34913623e+01
v 6.10179893e+03 5.17349736e+03 2.53278559e+01
v 6.10243796e+03 5.17399564e+03 2.53813787e+01
v 6.10216217e+03 5.17355850e+03 2.53087907e+01
v 6.10305363e+03 5.17412425e+03 2.53675218e+01
v 6.10345056e+03 5.17436074e+03 2.54146909e+01
v 6.10135998e+03 5.17350993e+03 2.53552449e+01
v 6.10246522e+03 5.17580180e+03 2.53903497e+01
v 6.10263211e+03 5.17668140e+03 2.56252602e+01
v 6.10309150e+03 5.17642750e+03 2.54176459e+01
v 6.10379899e+03 5.17492968e+03 2.53921857e+01
v 6.10362189e+03 5.17434170e+03 2.53378096e+01
v 6.10281082e+03 5.17698916e+03 2.57458968e+01
v 6.10392284e+03 5.17762031e+03 2.56571828e+01
v 6.10869191e+03 5.17769224e+03 2.57612592e+01
v 6.10262600e+03 5.17376180e+03 2.53497476e+01
v 6.10188377e+03 5.17634480e+03 2.57274152e+01
v 6.10300635e+03 5.17535762e+03 2.53548151e+01
v 6.10281441e+03 5.17735024e+03 2.61113098e+01
v 6.10391645e+03 5.17724078e+03 2.54476798e+01
v 6.10253761e+03 5.17385094e+03 2.29140689e+01
v 6.10545712e+03 5.15847071e+03 1.79892199e+01
v 6.11675717e+03 5.18244310e+03 1.52375258e+01
v 6.10340931e+03 5.17422882e+03 1.95354948e+01
v 6.11857029e+03 5.18401203e+03 1.66725810e+01
v 6.10713992e+03 5.15784150e+03 2.10509110e+01
v 6.11573680e+03 5.18184787e+03 2.43863550e+01
v 6.11384536e+03 5.18101809e+03 1.99376360e+01
v 6.11034445e+03 5.16236066e+03 2.83754744e+01
v 6.10165718e+03 5.16274029e+03 2.56764632e+01
v 6.11819088e+03 5.18345505e+03 2.50367928e+01
v 6.10199867e+03 5.17697062e+03 2.61695278e+01
v 6.10179382e+03 5.17322673e+03 2.37072588e+01
v 6.11257032e+03 5.17995459e+03 2.48584918e+01
v 6.11210616e+03 5.15882182e+03 3.43107605e+01
v 6.10436413e+03 5.17478226e+03 2.37418895e+01
v 6.10160224e+03 5.17317306e+03 2.53033978e+01
v 6.11167144e+03 5.16196276e+03 2.92525102e+01
v 6.09763769e+03 5.18618897e+03 2.84812939e+01
v 6.09978865e+03 5.16039943e+03 2.79260057e+01
v 6.10028631e+03 5.16037575e+03 2.80553597e+01
v 6.09390185e+03 5.15951240e+03 1.51563917e+01
v 6.09758588e+03 5.15726763e+03 1.60427240e+01
v 6.09746723e+03 5.15705765e+03 1.53499880e+01
v 6.10098789e+03 5.16191439e+03 1.63069546e+01
v 6.10127267e+03 5.16155309e+03 1.69208203e+01
v 6.09379768e+03 5.15775511e+03 1.66861233e+01
v 6.09416443e+03 5.15724872e+03 1.71573613e+01
v 6.09416931e+03 5.15754135e+03 1.66616354e+01
v 6.09420189e+03 5.15812595e+03 1.61192102e+01
v 6.09444591e+03 5.15701611e+03 1.67418917e+01
v 6.09648818e+03 5.15646503e+03 1.74894966e+01
v 6.09618216e+03 5.15676208e+03 1.71683415e+01
v 6.09769106e+03 5.15665690e+03 1.54320497e+01
v 6.09977368e+03 5.18753986e+03 2.13905623e+01
v 6.09959748e+03 5.18738371e+03 2.01828827e+01
v 6.09466980e+03 5.18417338e+03 2.19727977e+01
v 6.09491945e+03 5.18427923e+03 2.09754748e+01
v 6.09892811e+03 5.16103292e+03 1.56654902e+01
v 6.09830773e+03 5.16120345e+03 1.54091557e+01
v 6.10013967e+03 5.16122434e+03 1.65399869e+01
v 6.09936500e+03 5.16079797e+03 1.60388574e+01
v 6.10072779e+03 5.16229059e+03 1.60392839e+01
v 6.09937834e+03 5.16033062e+03 1.66597612e+01
v 6.09749051e+03 5.15794594e+03 1.55124519e+01
v 6.09775066e+03 5.15837086e+03 1.55520065e+01
v 6.09979007e+03 5.16149537e+03 1.60461171e+01
v 6.09907240e+03 5.16181668e+03 1.56910868e+01
v 6.09380817e+03 5.16400940e+03 1.58528569e+01
v 6.10014772e+03 5.16081323e+03 1.72852918e+01
v 6.09751534e+03 5.15802836e+03 1.60635757e+01
v 6.09758006e+03 5.15812865e+03 1.70499864e+01
v 6.09450661e+03 5.15778809e+03 1.60165047e+01
v 6.09473509e+03 5.15678828e+03 1.61834779e+01
v 6.09443736e+03 5.15801631e+03 1.56124554e+01
v 6.09763405e+03 5.15690705e+03 1.56849244e+01
v 6.09798224e+03 5.15864170e+03 1.52178003e+01
v 6.09468255e+03 5.15767260e+03 1.55592228e+01
v 6.09448547e+03 5.15744957e+03 1.50952242e+01
v 6.09412781e+03 5.15820475e+03 1.57081792e+01
v 6.09833981e+03 5.15623294e+03 1.56542629e+01
v 6.09371662e+03 5.15742435e+03 1.71554272e+01
v 6.09765711e+03 5.15860927e+03 1.65075029e+01
v 6.09588100e+03 5.15882744e+03 1.50753662e+01
v 6.09524627e+03 5.15818207e+03 1.48535350e+01
v 6.09746790e+03 5.15631030e+03 1.71027928e+01
v 6.09725474e+03 5.15680477e+03 1.69695685e+01
v 6.09676820e+03 5.15667493e+03 1.72655836e+01
v 6.09640609e+03 5.15712488e+03 1.70778316e+01
v 6.09409062e+03 5.15724855e+03 1.76713420e+01
v 6.09374892e+03 5.15709320e+03 1.77222513e+01
v 6.09754880e+03 5.15687000e+03 1.65319833e+01
v 6.09732141e+03 5.15727592e+03 1.68808426e+01
v 6.09749192e+03 5.15773036e+03 1.65802450e+01
v 6.09472792e+03 5.15728283e+03 1.53524864e+01
v 6.10150518e+03 5.17327085e+03 1.68852127e+01
v 6.10142636e+03 5.17307424e+03 1.71587266e+01
v 6.09735425e+03 5.15788558e+03 1.72834459e+01
v 6.09709841e+03 5.15755241e+03 1.71680500e+01
v 6.09653512e+03 5.15789525e+03 1.75380210e+01
v 6.09680738e+03 5.15819645e+03 1.80307858e+01
v 6.09635029e+03 5.15818795e+03 1.79482905e+01
v 6.09653508e+03 5.15619728e+03 1.86411053e+01
v 6.09628595e+03 5.15630316e+03 1.79374575e+01
v 6.09368790e+03 5.15809272e+03 1.63184816e+01
v 6.09568872e+03 5.15699814e+03 1.62923331e+01
v 6.09597569e+03 5.15711478e+03 1.67901815e+01
v 6.09562521e+03 5.15765257e+03 1.65263279e+01
v 6.09569792e+03 5.15732385e+03 1.63277781e+01
v 6.09594244e+03 5.15766810e+03 1.69561624e+01
v 6.09618438e+03 5.15786033e+03 1.73363617e+01
v 6.09409541e+03 5.15791545e+03 1.53744880e+01
v 6.09411041e+03 5.15739372e+03 1.49952006e+01
v 6.09398049e+03 5.15899027e+03 1.55978377e+01
v 6.09458597e+03 5.15667461e+03 1.71197019e+01
v 6.09442985e+03 5.15968086e+03 1.85069954e+01
v 6.09513325e+03 5.15909327e+03 1.86126627e+01
v 6.09700382e+03 5.15785336e+03 1.74672826e+01
v 6.09515392e+03 5.15879360e+03 1.80829139e+01
v 6.09549536e+03 5.15831476e+03 1.74399208e+01
v 6.09795545e+03 5.15902403e+03 1.66874239e+01
v 6.09824477e+03 5.15926953e+03 1.71034754e+01
v 6.09854388e+03 5.15943753e+03 1.63004594e+01
v 6.09884255e+03 5.15966210e+03 1.68168429e+01
v 6.09369245e+03 5.15997700e+03 1.85055957e+01
v 6.09406389e+03 5.15992851e+03 1.95376399e+01
v 6.09403587e+03 5.15679070e+03 1.86370223e+01
v 6.09411201e+03 5.15698076e+03 1.80547107e+01
v 6.09606192e+03 5.15811665e+03 1.87883396e+01
v 6.09630856e+03 5.15826776e+03 1.83061515e+01
v 6.09516690e+03 5.15647758e+03 1.93437637e+01
v 6.09572460e+03 5.15716161e+03 1.97223160e+01
v 6.09859872e+03 5.15931187e+03 1.89006597e+01
v 6.09794026e+03 5.15955697e+03 1.99056471e+01
v 6.09793969e+03 5.15888491e+03 1.89141750e+01
v 6.09728722e+03 5.15864715e+03 1.92624674e+01
v 6.09656392e+03 5.15820525e+03 1.88876830e+01
v 6.09442052e+03 5.15777285e+03 1.95042272e+01
v 6.09459178e+03 5.15757596e+03 1.92618065e+01
v 6.09462790e+03 5.15744395e+03 2.04185624e+01
v 6.09540131e+03 5.15692465e+03 1.89532172e+01
v 6.09575265e+03 5.15730499e+03 1.94483352e+01
v 6.09668082e+03 5.15812578e+03 1.97230631e+01
v 6.09498949e+03 5.15649482e+03 2.03695232e+01
v 6.09434998e+03 5.15692502e+03 2.07109667e+01
v 6.09708173e+03 5.15847271e+03 1.99007489e+01
v 6.09745337e+03 5.15889983e+03 1.95352424e+01
v 6.10145368e+03 5.16138172e+03 1.97384350e+01
v 6.10157499e+03 5.16140692e+03 1.94116722e+01
v 6.09969632e+03 5.16019099e+03 1.79668745e+01
v 6.09982996e+03 5.16022145e+03 1.96296474e+01
v 6.10044184e+03 5.16095427e+03 2.06375205e+01
v 6.10097336e+03 5.16129747e+03 1.74263057e+01
v 6.09549719e+03 5.15742492e+03 1.56967608e+01
v 6.09483566e+03 5.15698716e+03 1.56389490e+01
v 6.09483738e+03 5.15643791e+03 1.57337242e+01
v 6.09795591e+03 5.15645879e+03 1.62167691e+01
v 6.10106519e+03 5.16119336e+03 1.86543614e+01
v 6.09558338e+03 5.15849799e+03 1.82927062e+01
v 6.09463606e+03 5.16892982e+03 1.69469485e+01
v 6.09801514e+03 5.15850726e+03 1.78486097e+01
v 6.09413289e+03 5.16023824e+03 2.04671585e+01
v 6.09393822e+03 5.16023984e+03 2.00429595e+01
v 6.09634725e+03 5.15779935e+03 1.94923066e+01
v 6.09621512e+03 5.15787866e+03 1.91494655e+01
v 6.09550794e+03 5.15675629e+03 1.54429740e+01
v 6.09558050e+03 5.15697147e+03 1.58992532e+01
v 6.09565540e+03 5.15715538e+03 1.56054086e+01
v 6.09577781e+03 5.15703416e+03 1.53665728e+01
v 6.09552302e+03 5.15648398e+03 1.70934965e+01
v 6.09574632e+03 5.15674556e+03 1.67835186e+01
v 6.09431879e+03 5.15950124e+03 1.93870028e+01
v 6.09487315e+03 5.15937953e+03 1.89273369e+01
v 6.09460872e+03 5.15917742e+03 1.91124620e+01
v 6.09483191e+03 5.15668047e+03 2.06055095e+01
v 6.09497609e+03 5.15646721e+03 2.06977272e+01
v 6.09473795e+03 5.15671975e+03 2.09715521e+01
v 6.09453619e+03 5.15804760e+03 2.13881525e+01
v 6.09486441e+03 5.15686053e+03 2.04099914e+01
v 6.09518770e+03 5.15658912e+03 2.03601133e+01
v 6.10050857e+03 5.16162068e+03 2.19268283e+01
v 6.10103583e+03 5.16200949e+03 2.25981446e+01
v 6.09888014e+03 5.16060130e+03 2.14775586e+01
v 6.09571374e+03 5.15672375e+03 2.06296986e+01
v 6.09598763e+03 5.15664845e+03 2.17833266e+01
v 6.09643644e+03 5.15751281e+03 2.10064657e+01
v 6.09637823e+03 5.15705450e+03 2.13052862e+01
v 6.09505889e+03 5.15660437e+03 1.98737053e+01
v 6.09720158e+03 5.15918246e+03 2.17002249e+01
v 6.09681731e+03 5.15872867e+03 2.09029131e+01
v 6.09712979e+03 5.15889775e+03 2.09451567e+01
v 6.09683362e+03 5.15849692e+03 2.04426593e+01
v 6.09665633e+03 5.15855488e+03 2.10260421e+01
v 6.09629311e+03 5.15774900e+03 2.01550988e+01
v 6.09649035e+03 5.15809330e+03 2.08745839e+01
v 6.09599156e+03 5.15664448e+03 2.24206900e+01
v 6.10090122e+03 5.16056514e+03 1.97412209e+01
v 6.10105542e+03 5.16131622e+03 2.05453724e+01
v 6.09619019e+03 5.15717656e+03 2.06743649e+01
v 6.09653576e+03 5.15825784e+03 2.15663123e+01
v 6.09700465e+03 5.15881783e+03 2.19682456e+01
v 6.09693322e+03 5.15842835e+03 2.22391626e+01
v 6.09369404e+03 5.15855302e+03 2.11483093e+01
v 6.09401173e+03 5.15847866e+03 2.15068586e+01
v 6.09418666e+03 5.15844568e+03 2.10331750e+01
v 6.09648095e+03 5.15711224e+03 2.21687815e+01
v 6.09598295e+03 5.15621895e+03 2.06289148e+01
v 6.09550961e+03 5.15628149e+03 2.16339426e+01
v 6.09398569e+03 5.15768323e+03 2.22011452e+01
v 6.09450859e+03 5.15712902e+03 2.19242795e+01
v 6.09907171e+03 5.16155663e+03 2.39225186e+01
v 6.09874201e+03 5.17128683e+03 2.16015393e+01
v 6.09905290e+03 5.17147665e+03 2.27206944e+01
v 6.09776754e+03 5.18623028e+03 2.23329467e+01
v 6.10063518e+03 5.16044016e+03 1.91742720e+01
v 6.10039149e+03 5.16061789e+03 1.85749371e+01
v 6.10004813e+03 5.16027622e+03 1.89277251e+01
v 6.09496382e+03 5.15655792e+03 2.12681933e+01
v 6.09636944e+03 5.15702441e+03 2.37436617e+01
v 6.09602743e+03 5.15665536e+03 2.33181280e+01
v 6.09716180e+03 5.15946148e+03 2.27489733e+01
v 6.09571348e+03 5.15639887e+03 1.89430574e+01
v 6.09545318e+03 5.15641039e+03 1.94938703e+01
v 6.09608979e+03 5.15642808e+03 2.36704966e+01
v 6.09612370e+03 5.15634483e+03 2.32927503e+01
v 6.09403982e+03 5.15942357e+03 1.73063799e+01
v 6.09379510e+03 5.15940785e+03 1.65676062e+01
v 6.09403229e+03 5.15919001e+03 1.63457124e+01
v 6.09798664e+03 5.15925895e+03 2.46812507e+01
v 6.09839495e+03 5.16045781e+03 2.46863852e+01
v 6.09856973e+03 5.16070590e+03 2.53796473e+01
v 6.09809710e+03 5.15943972e+03 2.55006839e+01
v 6.09844292e+03 5.16016035e+03 2.59513956e+01
v 6.09848687e+03 5.15875024e+03 2.59943076e+01
v 6.09833517e+03 5.15834396e+03 2.60153165e+01
v 6.10030091e+03 5.16214735e+03 2.31855199e+01
v 6.09826583e+03 5.15763762e+03 2.63426813e+01
v 6.09838615e+03 5.15701762e+03 2.57342830e+01
v 6.09503562e+03 5.15643830e+03 2.12419369e+01
v 6.09688564e+03 5.15835232e+03 1.88691549e+01
v 6.09729741e+03 5.15843471e+03 1.84818695e+01
v 6.09738139e+03 5.15763535e+03 1.69312498e+01
v 6.09683634e+03 5.15699419e+03 1.71162591e+01
v 6.09913707e+03 5.15958586e+03 1.87287074e+01
v 6.09450680e+03 5.16398268e+03 1.57095687e+01
v 6.09392507e+03 5.15982933e+03 1.80836127e+01
v 6.10095958e+03 5.16060990e+03 1.94757265e+01
v 6.10058504e+03 5.16528207e+03 1.58088992e+01
v 6.09843864e+03 5.16479742e+03 1.57050507e+01
v 6.09870461e+03 5.15999256e+03 2.03276153e+01
v 6.10056822e+03 5.17227821e+03 1.59344469e+01
v 6.10023050e+03 5.17156077e+03 1.58547545e+01
v 6.09682125e+03 5.18528365e+03 2.00969487e+01
v 6.09644651e+03 5.18519541e+03 1.97709560e+01
v 6.09395526e+03 5.16826863e+03 2.07961487e+01
v 6.09548967e+03 5.15722798e+03 1.90596428e+01
v 6.09563158e+03 5.15770016e+03 1.90208501e+01
v 6.09430542e+03 5.15785344e+03 2.03161465e+01
v 6.09664868e+03 5.15749794e+03 2.20309567e+01
v 6.09376983e+03 5.15846725e+03 2.06345882e+01
v 6.09530197e+03 5.15668253e+03 1.98083447e+01
v 6.09566255e+03 5.15690604e+03 2.01855286e+01
v 6.09766974e+03 5.15906502e+03 2.39811902e+01
v 6.09485131e+03 5.15667046e+03 2.16705045e+01
v 6.09755202e+03 5.16015041e+03 2.25269884e+01
v 6.09515118e+03 5.15655918e+03 2.23172093e+01
v 6.10091982e+03 5.16282407e+03 2.50143686e+01
v 6.09905257e+03 5.15953174e+03 1.74535265e+01
v 6.09445428e+03 5.15886928e+03 1.69736261e+01
v 6.09719333e+03 5.15801445e+03 1.51567022e+01
v 6.09535957e+03 5.15823981e+03 1.85840206e+01
v 6.09521278e+03 5.15873182e+03 1.83953884e+01
v 6.09903075e+03 5.16005127e+03 1.60158148e+01
v 6.09473483e+03 5.15822359e+03 1.58340132e+01
v 6.09768417e+03 5.15688731e+03 1.60685114e+01
v 6.10014240e+03 5.18409722e+03 2.80490964e+01
v 6.09717806e+03 5.18565282e+03 2.86755342e+01
v 6.09797766e+03 5.18617356e+03 2.86374618e+01
v 6.09995288e+03 5.18701495e+03 2.85399787e+01
v 6.09949221e+03 5.18548483e+03 2.82515007e+01
v 6.09704804e+03 5.18577165e+03 2.61038925e+01
v 6.09696090e+03 5.18562077e+03 2.75917718e+01
v 6.09957122e+03 5.18742922e+03 2.83115308e+01
v 6.09931220e+03 5.18705977e+03 2.72556443e+01
v 6.09858573e+03 5.18681038e+03 2.84972844e+01
v 6.09890610e+03 5.18698294e+03 2.86403467e+01
v 6.09868405e+03 5.18663668e+03 2.86467185e+01
v 6.09955348e+03 5.18424741e+03 2.80392332e+01
v 6.10005622e+03 5.18388690e+03 2.82815177e+01
v 6.09957443e+03 5.18729466e+03 2.86089565e+01
v 6.09973300e+03 5.18359279e+03 2.81832409e+01
v 6.09997782e+03 5.18369657e+03 2.84663387e+01
v 6.09930169e+03 5.18323694e+03 2.78340322e+01
v 6.09937738e+03 5.18375469e+03 2.80572739e+01
v 6.09793817e+03 5.18243424e+03 2.78098890e+01
v 6.09621106e+03 5.18407567e+03 2.83894719e+01
v 6.10014085e+03 5.18361648e+03 2.83620393e+01
v 6.09987749e+03 5.18309217e+03 2.79247695e+01
v 6.10101681e+03 5.18389131e+03 2.78439732e+01
v 6.10022527e+03 5.18438286e+03 2.80019979e+01
v 6.10026499e+03 5.15963440e+03 2.85748769e+01
v 6.09993560e+03 5.15955192e+03 2.87855396e+01
v 6.10009578e+03 5.16009713e+03 2.84180545e+01
v 6.09997253e+03 5.16034405e+03 2.82619092e+01
v 6.09943864e+03 5.15953580e+03 2.82935985e+01
v 6.09937638e+03 5.15915265e+03 2.78289995e+01
v 6.09938301e+03 5.15967606e+03 2.77820244e+01
v 6.10093658e+03 5.15921232e+03 2.86590899e+01
v 6.10138115e+03 5.15944424e+03 2.84341529e+01
v 6.10140080e+03 5.15828625e+03 2.87248705e+01
v 6.09961033e+03 5.16027425e+03 2.77535365e+01
v 6.09959502e+03 5.15978798e+03 2.85598544e+01
v 6.10071605e+03 5.15955582e+03 2.84032099e+01
v 6.10038529e+03 5.15847601e+03 2.89480944e+01
v 6.10103422e+03 5.15819148e+03 2.88420144e+01
v 6.09992929e+03 5.15883544e+03 2.85375261e+01
v 6.09988891e+03 5.15784457e+03 2.83272671e+01
v 6.09971098e+03 5.15815986e+03 2.82058420e+01
v 6.10044836e+03 5.15806680e+03 2.88735123e+01
v 6.09969581e+03 5.15946046e+03 2.86865464e+01
v 6.10089235e+03 5.16007124e+03 2.80303923e+01
v 6.09462973e+03 5.17765500e+03 2.72581918e+01
v 6.09960347e+03 5.17949575e+03 2.69593756e+01
v 6.09662410e+03 5.17792651e+03 2.70661131e+01
v 6.09589170e+03 5.18125293e+03 2.78197115e+01
v 6.09813715e+03 5.18061617e+03 2.73889428e+01
v 6.09485537e+03 5.18444728e+03 2.76405057e+01
v 6.09490019e+03 5.18439851e+03 2.62651223e+01
v 6.09388305e+03 5.18377462e+03 2.83872537e+01
v 6.09853406e+03 5.18416609e+03 2.81368598e+01
v 6.09604179e+03 5.18520649e+03 2.84367411e+01
v 6.09686402e+03 5.18569955e+03 2.86084403e+01
v 6.09644534e+03 5.18504076e+03 2.86645834e+01
v 6.09496709e+03 5.18426539e+03 2.86756434e+01
v 6.09440263e+03 5.18412209e+03 2.85958971e+01
v 6.09461391e+03 5.18448787e+03 2.85722357e+01
v 6.09415622e+03 5.18365182e+03 2.86181994e+01
v 6.09611623e+03 5.18503869e+03 2.86450808e+01
v 6.09972655e+03 5.18381443e+03 2.81413012e+01
v 6.10023736e+03 5.18315921e+03 2.79610885e+01
v 6.10095121e+03 5.18439372e+03 2.78376658e+01
v 6.10160709e+03 5.18315738e+03 2.74849545e+01
v 6.10037203e+03 5.18236941e+03 2.75237137e+01
v 6.09964997e+03 5.18218660e+03 2.75868606e+01
v 6.09975442e+03 5.16012090e+03 2.83612852e+01
v 6.10081968e+03 5.16061107e+03 2.77501560e+01
v 6.10012813e+03 5.16058678e+03 2.75559656e+01
v 6.10049862e+03 5.16097272e+03 2.69476104e+01
v 6.10116067e+03 5.16089321e+03 2.74664262e+01
v 6.09919386e+03 5.15914103e+03 2.73325420e+01
v 6.09949516e+03 5.16067931e+03 2.67719590e+01
v 6.10125449e+03 5.15718798e+03 2.78805571e+01
v 6.09877639e+03 5.15643201e+03 2.74608684e+01
v 6.09932630e+03 5.15623790e+03 2.75272572e+01
v 6.09882438e+03 5.15658551e+03 2.76976308e+01
v 6.09916131e+03 5.15691190e+03 2.78635769e+01
v 6.09856632e+03 5.15674541e+03 2.74550392e+01
v 6.09931456e+03 5.15849540e+03 2.78078139e+01
v 6.09952364e+03 5.15884965e+03 2.80743144e+01
v 6.10094250e+03 5.15707605e+03 2.78667430e+01
v 6.10112925e+03 5.15740990e+03 2.82925077e+01
v 6.10038987e+03 5.15728549e+03 2.80768312e+01
v 6.09948222e+03 5.15657314e+03 2.78656383e+01
v 6.10068534e+03 5.15637774e+03 2.71665357e+01
v 6.10046781e+03 5.15672417e+03 2.76156535e+01
v 6.10116533e+03 5.15714765e+03 2.74972834e+01
v 6.09851802e+03 5.15676407e+03 2.69006579e+01
v 6.10080708e+03 5.15685266e+03 2.75644978e+01
v 6.10105510e+03 5.15705011e+03 2.69990746e+01
v 6.09960190e+03 5.15707287e+03 2.81360710e+01
v 6.10019090e+03 5.15841289e+03 2.88512443e+01
v 6.09982891e+03 5.15671002e+03 2.79389333e+01
v 6.10012331e+03 5.15756628e+03 2.82471618e+01
v 6.10149798e+03 5.15806456e+03 2.86588543e+01
v 6.09932976e+03 5.15763528e+03 2.81407734e+01
v 6.09985243e+03 5.15980182e+03 2.86851934e+01
v 6.09900571e+03 5.15904608e+03 2.70939471e+01
v 6.09377342e+03 5.18357160e+03 2.86028767e+01
v 6.10159622e+03 5.15984312e+03 2.82664026e+01
v 6.09500882e+03 5.18466714e+03 2.85004227e+01
v 6.09930105e+03 5.15989009e+03 2.73467980e+01
v 6.10132461e+03 5.15775042e+03 2.84868807e+01
v 6.09846524e+03 5.15746146e+03 2.71203519e+01
v 6.09892214e+03 5.15844077e+03 2.73592418e+01
v 6.09827453e+03 5.15823285e+03 2.70812241e+01
v 6.09866506e+03 5.15854988e+03 2.70971684e+01
v 6.10139045e+03 5.15746172e+03 2.82701127e+01
v 6.09449027e+03 5.18434854e+03 2.83832467e+01
v 6.10112396e+03 5.16119552e+03 2.68645206e+01
v 6.09694455e+03 5.15652345e+03 1.48480112e+01
v 6.09628103e+03 5.15652376e+03 1.49147331e+01
v 6.09565405e+03 5.15793219e+03 1.48359127e+01
v 6.09706765e+03 5.16039045e+03 1.52577746e+01
v 6.09823274e+03 5.15956252e+03 1.49927025e+01
v 6.09742472e+03 5.15651351e+03 1.50861966e+01
v 6.09764510e+03 5.15877474e+03 1.49903960e+01
v 6.09845798e+03 5.15925746e+03 1.50469800e+01
v 6.09515180e+03 5.15762107e+03 1.49473067e+01
v 6.09474334e+03 5.15807975e+03 1.54189114e+01
v 6.09589305e+03 5.15748752e+03 1.49411918e+01
v 6.09637891e+03 5.15736999e+03 1.49300947e+01
v 6.09540679e+03 5.15729206e+03 1.49533503e+01
v 6.09509239e+03 5.15760459e+03 1.51454589e+01
v 6.09889659e+03 5.15976323e+03 1.54324084e+01
v 6.09870539e+03 5.16005353e+03 1.51915152e+01
v 6.09584662e+03 5.15953742e+03 1.51144765e+01
v 6.09416268e+03 5.16170268e+03 1.55426330e+01
v 6.09460205e+03 5.15970067e+03 1.52419974e+01
v 6.09546234e+03 5.15740871e+03 1.48581808e+01
v 6.09897120e+03 5.16034048e+03 1.55457049e+01
v 6.09535762e+03 5.16116641e+03 1.54824257e+01
v 6.09474628e+03 5.16297144e+03 1.55821104e+01
v 6.09507674e+03 5.15874166e+03 1.49598647e+01
v 6.09659595e+03 5.15823288e+03 1.49730427e+01
v 6.09639287e+03 5.15793297e+03 1.49054581e+01
v 6.09456196e+03 5.15640466e+03 1.50689798e+01
v 6.09472371e+03 5.15670617e+03 1.53545343e+01
v 6.09481803e+03 5.15631701e+03 1.52955835e+01
v 6.09518885e+03 5.15628270e+03 1.49351159e+01
v 6.09585490e+03 5.15665463e+03 1.51345519e+01
v 6.09765455e+03 5.15840613e+03 1.50570034e+01
v 6.09728828e+03 5.15836591e+03 1.49590964e+01
v 6.09426522e+03 5.15922151e+03 1.51592075e+01
v 6.09677635e+03 5.15724165e+03 1.48538950e+01
v 6.09595835e+03 5.15693106e+03 1.51658499e+01
v 6.09595868e+03 5.15720395e+03 1.50841580e+01
v 6.09501649e+03 5.15628551e+03 1.55589704e+01
v 6.09557103e+03 5.15726979e+03 1.51591133e+01
v 6.09477282e+03 5.15831589e+03 1.51293364e+01
v 6.09841143e+03 5.15903647e+03 1.53677103e+01
v 6.10152621e+03 5.16285120e+03 1.57585764e+01
v 6.09971802e+03 5.16413514e+03 1.55489447e+01
v 6.09968624e+03 5.16303413e+03 1.56558429e+01
v 6.09911228e+03 5.16358810e+03 1.55953339e+01
v 6.09443131e+03 5.16475361e+03 1.56558235e+01
v 6.09621841e+03 5.16477763e+03 1.56604340e+01
v 6.09704626e+03 5.16404840e+03 1.56460692e+01
v 6.09414140e+03 5.15897108e+03 1.53084550e+01
v 6.09443463e+03 5.15855576e+03 1.54643182e+01
v 6.10054522e+03 5.16299054e+03 1.57686850e+01
v 6.09461591e+03 5.15882902e+03 1.51289090e+01
v 6.10073189e+03 5.16389729e+03 1.57034671e+01
v 6.09794651e+03 5.16259108e+03 1.54964371e+01
v 6.09690071e+03 5.16594831e+03 1.57453099e+01
v 6.09758974e+03 5.16546751e+03 1.56373510e+01
v 6.09472980e+03 5.15727684e+03 1.58749751e+01
v 6.09391166e+03 5.15823119e+03 1.59236799e+01
v 6.09513998e+03 5.15638605e+03 1.61570185e+01
v 6.09488748e+03 5.15634538e+03 1.60646381e+01
v 6.09665268e+03 5.15746783e+03 1.72243539e+01
v 6.09775888e+03 5.15843261e+03 1.73207330e+01
v 6.09789044e+03 5.15893010e+03 1.71721860e+01
v 6.09502425e+03 5.15632781e+03 1.67304774e+01
v 6.09479692e+03 5.15652922e+03 1.64677172e+01
v 6.09837711e+03 5.15910541e+03 1.76779667e+01
v 6.09845072e+03 5.15903883e+03 1.81068731e+01
v 6.10074965e+03 5.17256073e+03 1.70066675e+01
v 6.10130146e+03 5.17309877e+03 1.66783746e+01
v 6.09980330e+03 5.17215450e+03 1.67611253e+01
v 6.09946560e+03 5.17176773e+03 1.68437421e+01
v 6.09978206e+03 5.17199994e+03 1.63847363e+01
v 6.09922361e+03 5.17157057e+03 1.63903264e+01
v 6.09948117e+03 5.17170998e+03 1.73556012e+01
v 6.10021253e+03 5.17222738e+03 1.74732508e+01
v 6.09858312e+03 5.17121784e+03 1.64174211e+01
v 6.09839997e+03 5.17120301e+03 1.69610708e+01
v 6.09682435e+03 5.16996672e+03 1.77576970e+01
v 6.09702915e+03 5.17038959e+03 1.69745705e+01
v 6.09653454e+03 5.17004657e+03 1.68455087e+01
v 6.09609902e+03 5.16984426e+03 1.68052262e+01
v 6.09584568e+03 5.16948079e+03 1.73642339e+01
v 6.09566850e+03 5.16925284e+03 1.61276797e+01
v 6.09577686e+03 5.16957219e+03 1.68190713e+01
v 6.09490528e+03 5.16912843e+03 1.66320388e+01
v 6.09768811e+03 5.17062594e+03 1.74104107e+01
v 6.09772264e+03 5.17081883e+03 1.67011840e+01
v 6.10009917e+03 5.17198126e+03 1.60452649e+01
v 6.10115457e+03 5.17275113e+03 1.60357147e+01
v 6.09764508e+03 5.17057181e+03 1.60864710e+01
v 6.09774802e+03 5.17051120e+03 1.59454842e+01
v 6.09409464e+03 5.16837236e+03 1.74302579e+01
v 6.09577549e+03 5.15637022e+03 1.77061437e+01
v 6.09594843e+03 5.15656237e+03 1.72779752e+01
v 6.09487544e+03 5.15643524e+03 1.75316963e+01
v 6.09478040e+03 5.15650318e+03 1.83978711e+01
v 6.09750486e+03 5.15821354e+03 1.76960720e+01
v 6.09520256e+03 5.15635816e+03 1.74715427e+01
v 6.09392823e+03 5.16554797e+03 1.57950517e+01
v 6.09445644e+03 5.16594415e+03 1.58178268e+01
v 6.09390947e+03 5.16639323e+03 1.58712994e+01
v 6.09858088e+03 5.16746106e+03 1.57493998e+01
v 6.09935794e+03 5.16695647e+03 1.58099918e+01
v 6.09889099e+03 5.16592410e+03 1.58112818e+01
v 6.09374574e+03 5.16825145e+03 1.64293238e+01
v 6.09427112e+03 5.16826391e+03 1.58210974e+01
v 6.09420630e+03 5.16836069e+03 1.60027618e+01
v 6.09466622e+03 5.16865581e+03 1.60826615e+01
v 6.09418906e+03 5.16861739e+03 1.65370620e+01
v 6.09838515e+03 5.17090403e+03 1.60092574e+01
v 6.09882934e+03 5.17126743e+03 1.59859717e+01
v 6.09944967e+03 5.17048587e+03 1.59326318e+01
v 6.10047247e+03 5.16949550e+03 1.59702863e+01
v 6.09843342e+03 5.16920326e+03 1.58535477e+01
v 6.09916307e+03 5.16869470e+03 1.58407571e+01
v 6.10006188e+03 5.16770775e+03 1.59183261e+01
v 6.09886364e+03 5.17131673e+03 1.73777334e+01
v 6.09944254e+03 5.17168320e+03 1.60490992e+01
v 6.09512163e+03 5.16889710e+03 1.59865284e+01
v 6.09453278e+03 5.16878402e+03 1.65681674e+01
v 6.09693025e+03 5.17033365e+03 1.66093278e+01
v 6.09656571e+03 5.16983804e+03 1.60506762e+01
v 6.09547757e+03 5.16875751e+03 1.59037417e+01
v 6.09647207e+03 5.16764505e+03 1.59054157e+01
v 6.10124137e+03 5.17265386e+03 1.58461641e+01
v 6.10055476e+03 5.17239756e+03 1.62443964e+01
v 6.09890446e+03 5.17118583e+03 1.58537237e+01
v 6.09937217e+03 5.17150437e+03 1.59031627e+01
v 6.09729310e+03 5.16982008e+03 1.58578550e+01
v 6.09741658e+03 5.16859115e+03 1.59046505e+01
v 6.09715196e+03 5.17015067e+03 1.59678754e+01
v 6.09649730e+03 5.16944089e+03 1.58216906e+01
v 6.09993015e+03 5.17170568e+03 1.58375974e+01
v 6.09855749e+03 5.17063934e+03 1.58751908e+01
v 6.09464710e+03 5.16842570e+03 1.58939962e+01
v 6.09630484e+03 5.16634603e+03 1.56965026e+01
v 6.09824334e+03 5.17089577e+03 1.75841711e+01
v 6.09695994e+03 5.16708946e+03 1.57819415e+01
v 6.09369366e+03 5.16766848e+03 1.57894417e+01
v 6.09780918e+03 5.16657311e+03 1.57329813e+01
v 6.09615021e+03 5.16953267e+03 1.59631198e+01
v 6.09386859e+03 5.16811958e+03 1.92020167e+01
v 6.09505856e+03 5.16893027e+03 1.95717898e+01
v 6.09848577e+03 5.17103804e+03 1.91854154e+01
v 6.09913060e+03 5.17148687e+03 1.97483400e+01
v 6.09925705e+03 5.17105899e+03 1.58631437e+01
v 6.10051952e+03 5.17246548e+03 1.92327190e+01
v 6.09773415e+03 5.17064114e+03 1.82061209e+01
v 6.09684771e+03 5.17004800e+03 1.95319547e+01
v 6.09697148e+03 5.17001364e+03 1.92022399e+01
v 6.09735090e+03 5.17025506e+03 1.93305763e+01
v 6.09710912e+03 5.17017587e+03 1.85881890e+01
v 6.09785477e+03 5.17053262e+03 1.94134015e+01
v 6.09802773e+03 5.17084437e+03 1.96694231e+01
v 6.09838112e+03 5.17098017e+03 1.95757407e+01
v 6.09859447e+03 5.17126153e+03 1.96499817e+01
v 6.09795859e+03 5.17110972e+03 2.00204800e+01
v 6.09629652e+03 5.18510722e+03 2.08482342e+01
v 6.09594985e+03 5.18491683e+03 2.32339227e+01
v 6.09477129e+03 5.18411753e+03 2.30960914e+01
v 6.09893665e+03 5.17132845e+03 2.38463048e+01
v 6.10085716e+03 5.17264614e+03 2.26757748e+01
v 6.10098955e+03 5.17291829e+03 2.28717731e+01
v 6.10064265e+03 5.17245895e+03 2.17892255e+01
v 6.10055581e+03 5.17236514e+03 2.24660836e+01
v 6.09633471e+03 5.18653819e+03 1.91099412e+01
v 6.09760887e+03 5.18602191e+03 2.04305752e+01
v 6.10078198e+03 5.17247841e+03 2.01720926e+01
v 6.10111467e+03 5.17295201e+03 1.99670889e+01
v 6.09733986e+03 5.17045547e+03 1.96515235e+01
v 6.09570964e+03 5.18481360e+03 2.01607272e+01
v 6.09618587e+03 5.18634724e+03 1.91352058e+01
v 6.09551561e+03 5.18557587e+03 1.96287294e+01
v 6.09654548e+03 5.18582252e+03 1.92260654e+01
v 6.09468686e+03 5.18486525e+03 1.97656858e+01
v 6.09528877e+03 5.18617289e+03 1.95175696e+01
v 6.09991244e+03 5.17196334e+03 2.06848899e+01
v 6.09534916e+03 5.16921285e+03 2.28511457e+01
v 6.09447295e+03 5.16876442e+03 2.29825215e+01
v 6.09599425e+03 5.18529139e+03 1.96647233e+01
v 6.09396841e+03 5.18408577e+03 1.98300451e+01
v 6.09431739e+03 5.18390741e+03 2.01876796e+01
v 6.09514788e+03 5.18691647e+03 1.94844342e+01
v 6.09623458e+03 5.18729077e+03 1.93814905e+01
v 6.09822456e+03 5.18723008e+03 1.96521781e+01
v 6.09763714e+03 5.18721718e+03 1.96243738e+01
v 6.09862321e+03 5.18702673e+03 1.98474915e+01
v 6.09886604e+03 5.18730248e+03 1.95383142e+01
v 6.09930714e+03 5.18733941e+03 1.97842283e+01
v 6.09671278e+03 5.18545799e+03 1.94689908e+01
v 6.09758057e+03 5.18614703e+03 1.98922044e+01
v 6.09695107e+03 5.17037507e+03 2.00889150e+01
v 6.09765774e+03 5.17094009e+03 1.98714961e+01
v 6.10137714e+03 5.17309941e+03 1.97454585e+01
v 6.09718574e+03 5.18593321e+03 1.94226470e+01
v 6.09726015e+03 5.18574731e+03 1.95940575e+01
v 6.09694784e+03 5.18582706e+03 1.92491496e+01
v 6.09684436e+03 5.18531366e+03 1.97021082e+01
v 6.09685478e+03 5.18702926e+03 1.93777750e+01
v 6.09547658e+03 5.18483098e+03 1.99774489e+01
v 6.09511281e+03 5.18444738e+03 2.04291227e+01
v 6.09375474e+03 5.18596347e+03 1.96129700e+01
v 6.09520355e+03 5.18478882e+03 1.98536596e+01
v 6.09479710e+03 5.18438452e+03 2.00468542e+01
v 6.09693333e+03 5.17024494e+03 2.04455125e+01
v 6.09460134e+03 5.16850016e+03 1.91592448e+01
v 6.09384494e+03 5.16821846e+03 1.95787490e+01
v 6.09496397e+03 5.16909885e+03 1.98082509e+01
v 6.09436731e+03 5.16857412e+03 1.96225202e+01
v 6.09403931e+03 5.16880123e+03 1.98695421e+01
v 6.09401818e+03 5.16821025e+03 2.25195566e+01
v 6.09468580e+03 5.16875776e+03 2.17008222e+01
v 6.09463288e+03 5.16867294e+03 2.26575062e+01
v 6.09533671e+03 5.16902314e+03 2.24641043e+01
v 6.09625162e+03 5.16957280e+03 2.25378187e+01
v 6.09672340e+03 5.17021029e+03 1.98511571e+01
v 6.09853700e+03 5.17142379e+03 1.98954557e+01
v 6.09809805e+03 5.17094487e+03 2.09511426e+01
v 6.09755751e+03 5.17044482e+03 2.25661033e+01
v 6.09916454e+03 5.17143085e+03 2.06439865e+01
v 6.09849970e+03 5.17099638e+03 2.25574558e+01
v 6.09794689e+03 5.17099020e+03 2.30712047e+01
v 6.09825872e+03 5.17103118e+03 2.28609157e+01
v 6.09718341e+03 5.17056714e+03 2.31259152e+01
v 6.09388079e+03 5.16828861e+03 2.29399387e+01
v 6.09621238e+03 5.16982946e+03 2.30318793e+01
v 6.09643287e+03 5.18519442e+03 2.41033745e+01
v 6.10103321e+03 5.17271608e+03 2.05873420e+01
v 6.09498418e+03 5.15647059e+03 1.92070257e+01
v 6.09438146e+03 5.15675457e+03 1.84826797e+01
v 6.09512636e+03 5.15641120e+03 1.86827566e+01
v 6.09487308e+03 5.15641619e+03 1.82414303e+01
v 6.09401128e+03 5.15712259e+03 1.91650239e+01
v 6.09374405e+03 5.15683177e+03 1.88581692e+01
v 6.09439838e+03 5.15681785e+03 1.89087787e+01
v 6.09388346e+03 5.16068659e+03 2.07442000e+01
v 6.09409661e+03 5.15989084e+03 2.01362928e+01
v 6.09417543e+03 5.15973141e+03 1.97242280e+01
v 6.09440693e+03 5.15969594e+03 1.91577980e+01
v 6.09505537e+03 5.15908760e+03 1.89271834e+01
v 6.09483610e+03 5.15872754e+03 1.87372788e+01
v 6.10124548e+03 5.16108843e+03 1.93701425e+01
v 6.10150104e+03 5.16134663e+03 1.90997124e+01
v 6.09576713e+03 5.15639723e+03 2.00913563e+01
v 6.09526478e+03 5.15739665e+03 1.87702327e+01
v 6.09511956e+03 5.15692462e+03 1.83200863e+01
v 6.09499699e+03 5.15732605e+03 1.84744542e+01
v 6.09471512e+03 5.15680066e+03 1.93219924e+01
v 6.09491619e+03 5.15647723e+03 1.96684077e+01
v 6.09595133e+03 5.15626999e+03 1.95810672e+01
v 6.09513354e+03 5.15642510e+03 1.97332068e+01
v 6.09481903e+03 5.15682056e+03 1.98174286e+01
v 6.09490277e+03 5.15651073e+03 1.93930425e+01
v 6.09506152e+03 5.15654607e+03 1.88606735e+01
v 6.09472760e+03 5.15688155e+03 1.90761082e+01
v 6.09474897e+03 5.15697922e+03 1.83669792e+01
v 6.09487742e+03 5.15674289e+03 1.83034973e+01
v 6.09454731e+03 5.15828370e+03 1.88937565e+01
v 6.09406897e+03 5.15842533e+03 1.91621806e+01
v 6.09385603e+03 5.15888336e+03 1.92952549e+01
v 6.09474277e+03 5.15737935e+03 1.87125506e+01
v 6.09448707e+03 5.15789713e+03 1.91245438e+01
v 6.09499824e+03 5.15651279e+03 2.09369865e+01
v 6.09371018e+03 5.15711606e+03 2.12076302e+01
v 6.09370993e+03 5.15753302e+03 2.04435773e+01
v 6.09425753e+03 5.15687838e+03 2.11013247e+01
v 6.09398669e+03 5.15725701e+03 2.08310856e+01
v 6.09369101e+03 5.15748072e+03 2.18143712e+01
v 6.09384954e+03 5.15704937e+03 2.14327813e+01
v 6.09554518e+03 5.15646677e+03 1.97753700e+01
v 6.09497469e+03 5.15842421e+03 1.85094289e+01
v 6.09491797e+03 5.15787409e+03 1.87986141e+01
v 6.09438732e+03 5.15728150e+03 1.93061217e+01
v 6.09762325e+03 5.15928562e+03 2.02585501e+01
v 6.09410477e+03 5.15742611e+03 1.95650743e+01
v 6.09392084e+03 5.15812755e+03 2.00469742e+01
v 6.09430180e+03 5.15742981e+03 1.98879799e+01
v 6.09460635e+03 5.15716899e+03 1.96194045e+01
v 6.09535846e+03 5.15647763e+03 2.07637607e+01
v 6.09466162e+03 5.15681931e+03 2.02021977e+01
v 6.09412796e+03 5.15750929e+03 2.05244613e+01
v 6.09734458e+03 5.15865315e+03 2.01670333e+01
v 6.09813195e+03 5.15981215e+03 2.09709772e+01
v 6.09684810e+03 5.15728564e+03 2.28008815e+01
v 6.09512648e+03 5.15647730e+03 2.25448922e+01
v 6.09589114e+03 5.15652779e+03 2.32001480e+01
v 6.09612924e+03 5.15676606e+03 2.30649909e+01
v 6.09464651e+03 5.15711809e+03 2.15829869e+01
v 6.09555788e+03 5.15631068e+03 2.21759544e+01
v 6.09579121e+03 5.15662077e+03 2.28250921e+01
v 6.09708369e+03 5.15763466e+03 2.32548957e+01
v 6.09465425e+03 5.15681326e+03 2.13681360e+01
v 6.09702113e+03 5.15767080e+03 2.25767149e+01
v 6.09713259e+03 5.15816376e+03 2.29468138e+01
v 6.09918503e+03 5.16166129e+03 2.34010701e+01
v 6.09831601e+03 5.16122739e+03 2.33621994e+01
v 6.09553761e+03 5.15649592e+03 2.31665282e+01
v 6.09706452e+03 5.15887909e+03 2.29885402e+01
v 6.09386438e+03 5.16036266e+03 2.11835996e+01
v 6.09746641e+03 5.16022441e+03 2.29676737e+01
v 6.09377958e+03 5.15758885e+03 2.20885405e+01
v 6.09426100e+03 5.15766079e+03 2.20972163e+01
v 6.09393982e+03 5.15797873e+03 2.23579491e+01
v 6.09430760e+03 5.15804104e+03 2.19076998e+01
v 6.09440887e+03 5.15718505e+03 2.18043987e+01
v 6.09483395e+03 5.15672583e+03 2.19653904e+01
v 6.09589017e+03 5.15633829e+03 2.31208069e+01
v 6.09752037e+03 5.15920310e+03 2.10257718e+01
v 6.09370255e+03 5.16065499e+03 2.10389771e+01
v 6.09396002e+03 5.16062393e+03 2.12017268e+01
v 6.10076190e+03 5.16287066e+03 2.53908617e+01
v 6.09864568e+03 5.16090165e+03 2.45580246e+01
v 6.10058087e+03 5.16155429e+03 2.62366809e+01
v 6.09993278e+03 5.16128240e+03 2.59475948e+01
v 6.10093252e+03 5.16294172e+03 2.56922726e+01
v 6.10029974e+03 5.16173216e+03 2.58499526e+01
v 6.10079413e+03 5.16242029e+03 2.58237814e+01
v 6.10108977e+03 5.16224036e+03 2.60410092e+01
v 6.10148312e+03 5.16193987e+03 2.62852221e+01
v 6.10100205e+03 5.16297568e+03 2.53324242e+01
v 6.10105725e+03 5.16272704e+03 2.58720267e+01
v 6.10129583e+03 5.16288277e+03 2.57077627e+01
v 6.10146801e+03 5.16130097e+03 2.66687352e+01
v 6.10154348e+03 5.16152353e+03 2.64889673e+01
v 6.10105467e+03 5.16151161e+03 2.64283412e+01
v 6.10064248e+03 5.15639109e+03 2.67005137e+01
v 6.10012903e+03 5.17836784e+03 2.67149217e+01
v 6.10113482e+03 5.17302746e+03 2.32298297e+01
v 6.10107501e+03 5.17314153e+03 2.29727212e+01
v 6.10091943e+03 5.17287643e+03 2.30958622e+01
v 6.09928466e+03 5.17153197e+03 2.49933151e+01
v 6.09947669e+03 5.17212362e+03 2.54027873e+01
v 6.09990926e+03 5.17206609e+03 2.53244046e+01
v 6.09970910e+03 5.17181451e+03 2.52579875e+01
v 6.10033255e+03 5.17223761e+03 2.53302500e+01
v 6.10087866e+03 5.17254917e+03 2.51192729e+01
v 6.10016528e+03 5.17204244e+03 2.48986797e+01
v 6.10061324e+03 5.17266989e+03 2.54218499e+01
v 6.10136404e+03 5.17285900e+03 2.52814441e+01
v 6.09919389e+03 5.17404151e+03 2.54526485e+01
v 6.09999565e+03 5.17364031e+03 2.53062929e+01
v 6.09924811e+03 5.17476001e+03 2.57757904e+01
v 6.09797230e+03 5.17344875e+03 2.53207221e+01
v 6.10175444e+03 5.17633895e+03 2.58032895e+01
v 6.10106064e+03 5.17587380e+03 2.56734576e+01
v 6.10037445e+03 5.17581671e+03 2.60531458e+01
v 6.10069107e+03 5.17521778e+03 2.54689990e+01
v 6.10082490e+03 5.17470454e+03 2.53142705e+01
v 6.10058876e+03 5.17637011e+03 2.62289161e+01
v 6.09850887e+03 5.17409310e+03 2.55245797e+01
v 6.09819621e+03 5.17436385e+03 2.60357509e+01
v 6.09919894e+03 5.17523974e+03 2.61545295e+01
v 6.09648665e+03 5.17340389e+03 2.61352345e+01
v 6.09555214e+03 5.17370744e+03 2.63359315e+01
v 6.09704222e+03 5.17390267e+03 2.62314306e+01
v 6.09460099e+03 5.17429762e+03 2.65865214e+01
v 6.09455879e+03 5.17247119e+03 2.61958164e+01
v 6.09892026e+03 5.15965615e+03 2.67219175e+01
v 6.09893361e+03 5.16026737e+03 2.65629616e+01
v 6.09939214e+03 5.16029092e+03 2.72379220e+01
v 6.10115834e+03 5.15707873e+03 2.66653881e+01
v 6.10154473e+03 5.15717381e+03 2.62953371e+01
v 6.10121265e+03 5.15657194e+03 2.59906176e+01
v 6.10089834e+03 5.15668527e+03 2.62094583e+01
v 6.10080029e+03 5.15642206e+03 2.62204329e+01
v 6.09799768e+03 5.17377989e+03 2.54368213e+01
v 6.09732119e+03 5.17336621e+03 2.56067464e+01
v 6.09754790e+03 5.17409610e+03 2.60908736e+01
v 6.09384500e+03 5.18370818e+03 2.47359513e+01
v 6.09775148e+03 5.17454938e+03 2.62349169e+01
v 6.09767066e+03 5.17063752e+03 2.37088835e+01
v 6.09657191e+03 5.16988092e+03 2.38629023e+01
v 6.09817517e+03 5.17083104e+03 2.51593659e+01
v 6.09746002e+03 5.17753457e+03 2.68890276e+01
v 6.09628940e+03 5.17686969e+03 2.69499061e+01
v 6.09669072e+03 5.17728054e+03 2.70647628e+01
v 6.09600393e+03 5.17563797e+03 2.66756004e+01
v 6.09548388e+03 5.17276144e+03 2.60720835e+01
v 6.09545582e+03 5.17242863e+03 2.56475996e+01
v 6.09529006e+03 5.17253234e+03 2.60150802e+01
v 6.09467837e+03 5.17224212e+03 2.60508957e+01
v 6.09398815e+03 5.17215025e+03 2.62670982e+01
v 6.09400325e+03 5.17181225e+03 2.60885643e+01
v 6.09389420e+03 5.17129435e+03 2.56651920e+01
v 6.09490520e+03 5.17175018e+03 2.55729841e+01
v 6.09445751e+03 5.17148732e+03 2.55391324e+01
v 6.09695770e+03 5.17042698e+03 2.53653704e+01
v 6.09692342e+03 5.17003519e+03 2.50885415e+01
v 6.09651297e+03 5.17000054e+03 2.53134205e+01
v 6.09659328e+03 5.17281172e+03 2.55253727e+01
v 6.09601384e+03 5.17272619e+03 2.56712686e+01
v 6.09584025e+03 5.16972301e+03 2.53579221e+01
v 6.09621893e+03 5.16964333e+03 2.50461932e+01
v 6.09618876e+03 5.17021240e+03 2.54026662e+01
v 6.09774461e+03 5.17101903e+03 2.53706843e+01
v 6.09578024e+03 5.17099005e+03 2.53231829e+01
v 6.09549672e+03 5.16946012e+03 2.30699306e+01
v 6.09520494e+03 5.16923944e+03 2.32503739e+01
v 6.09743468e+03 5.17033379e+03 2.52406369e+01
v 6.09435137e+03 5.16870108e+03 2.54052019e+01
v 6.09373263e+03 5.17035122e+03 2.53530551e+01
v 6.09847670e+03 5.17124584e+03 2.32117873e+01
v 6.09801101e+03 5.17104164e+03 2.32855828e+01
v 6.09630543e+03 5.16985463e+03 2.33801225e+01
v 6.09842456e+03 5.17170186e+03 2.53653105e+01
v 6.09870298e+03 5.17122438e+03 2.53040408e+01
v 6.09784419e+03 5.17245211e+03 2.52944386e+01
v 6.09876200e+03 5.17114033e+03 2.51886812e+01
v 6.09557159e+03 5.17178205e+03 2.54530934e+01
v 6.09754076e+03 5.17071128e+03 2.30981726e+01
v 6.09662994e+03 5.17234778e+03 2.53845859e+01
v 6.09928778e+03 5.17166840e+03 2.52870850e+01
v 6.09792899e+03 5.17306838e+03 2.53477863e+01
v 6.09380579e+03 5.16804140e+03 2.49216763e+01
v 6.09443600e+03 5.16849960e+03 2.49059419e+01
v 6.09508404e+03 5.16882664e+03 2.51616458e+01
v 6.09452443e+03 5.16882566e+03 2.32647699e+01
v 6.09469443e+03 5.16871337e+03 2.39272952e+01
v 6.09417313e+03 5.16831140e+03 2.39971146e+01
v 6.09396353e+03 5.16838309e+03 2.32549355e+01
v 6.09556423e+03 5.16918310e+03 2.49603506e+01
v 6.09370294e+03 5.16867889e+03 2.54032117e+01
v 6.09380207e+03 5.16815780e+03 2.52013278e+01
v 6.09611822e+03 5.15664504e+03 2.38914873e+01
v 6.09536711e+03 5.15640738e+03 2.30068035e+01
v 6.09724070e+03 5.15951205e+03 2.31305617e+01
v 6.09740469e+03 5.15863715e+03 2.39092831e+01
v 6.09721609e+03 5.15819790e+03 2.35720205e+01
v 6.09730426e+03 5.15871156e+03 2.35233569e+01
v 6.09752486e+03 5.15931230e+03 2.36430695e+01
v 6.09796266e+03 5.15950953e+03 2.40991805e+01
v 6.09803457e+03 5.15869827e+03 2.51641610e+01
v 6.09818555e+03 5.15816791e+03 2.56901692e+01
v 6.09699025e+03 5.15795619e+03 2.43795647e+01
v 6.09732699e+03 5.15845091e+03 2.43637970e+01
v 6.09704378e+03 5.15690045e+03 2.49566551e+01
v 6.09523793e+03 5.15660931e+03 2.27469946e+01
v 6.09648122e+03 5.15702573e+03 2.49216802e+01
v 6.09614121e+03 5.15656784e+03 2.45244879e+01
v 6.09669401e+03 5.15747262e+03 2.49828223e+01
v 6.09784087e+03 5.15665864e+03 2.51285047e+01
v 6.09633676e+03 5.15646121e+03 2.41697852e+01
v 6.10159876e+03 5.15706916e+03 2.60338811e+01
v 6.09807562e+03 5.15636411e+03 2.48732163e+01
v 6.09818452e+03 5.15798554e+03 2.67699997e+01
v 6.09830354e+03 5.15837279e+03 2.67839181e+01
v 6.09854881e+03 5.15916340e+03 2.60720643e+01
v 6.09823516e+03 5.15877046e+03 2.56853853e+01
v 6.09857757e+03 5.15979195e+03 2.62629384e+01
v 6.09812695e+03 5.16029717e+03 2.40975773e+01
v 6.09813249e+03 5.15929194e+03 2.57375630e+01
v 6.09853636e+03 5.16014978e+03 2.61688225e+01
v 6.09857470e+03 5.15872964e+03 2.65240475e+01
v 6.09820893e+03 5.15806182e+03 2.61937452e+01
v 6.09810034e+03 5.15986806e+03 2.42289262e+01
v 6.09690124e+03 5.15624994e+03 2.41172855e+01
v 6.09632336e+03 5.15631547e+03 2.38335036e+01
v 6.09640788e+03 5.15720634e+03 2.48749627e+01
v 6.09499931e+03 5.15710763e+03 1.82319680e+01
v 6.09416520e+03 5.16830870e+03 2.50686411e+01
v 6.10136965e+03 5.17312899e+03 2.01711798e+01
v 6.09368750e+03 5.15967366e+03 2.05604799e+01
v 6.09368750e+03 5.15979629e+03 2.07060109e+01
v 6.09368750e+03 5.16825028e+03 2.32238111e+01
v 6.09368750e+03 5.16815385e+03 2.35428488e+01
v 6.09368750e+03 5.17125519e+03 2.57576007e+01
v 6.09368750e+03 5.17136763e+03 2.58213812e+01
v 6.09368750e+03 5.16865708e+03 2.54030141e+01
v 6.09368750e+03 5.16869978e+03 2.54031736e+01
v 6.09368750e+03 5.17192755e+03 2.62450929e+01
v 6.09368750e+03 5.17171169e+03 2.61340435e+01
v 6.09368750e+03 5.15956192e+03 2.05308344e+01
v 6.09368750e+03 5.15748201e+03 2.18145639e+01
v 6.09368750e+03 5.15748203e+03 2.18170234e+01
v 6.09368750e+03 5.15712102e+03 2.14194365e+01
v 6.09368750e+03 5.15719281e+03 2.15258668e+01
v 6.09368750e+03 5.15824523e+03 2.22662918e+01
v 6.09368750e+03 5.15851067e+03 2.19091755e+01
v 6.09368750e+03 5.15760155e+03 2.21060893e+01
v 6.09368750e+03 5.15763111e+03 2.21641549e+01
v 6.09368750e+03 5.15841043e+03 2.00557950e+01
v 6.09368750e+03 5.15851456e+03 2.04426430e+01
v 6.09368750e+03 5.16802765e+03 2.21502607e+01
v 6.09368750e+03 5.16799891e+03 2.24750483e+01
v 6.09368750e+03 5.15997743e+03 1.85108632e+01
v 6.09368750e+03 5.15997804e+03 1.85052858e+01
v 6.09368750e+03 5.15860644e+03 2.05866223e+01
v 6.09368750e+03 5.16844422e+03 2.00539536e+01
v 6.09368750e+03 5.16849016e+03 1.99633140e+01
v 6.09368750e+03 5.16822992e+03 2.05254684e+01
v 6.09368750e+03 5.16813620e+03 2.06725175e+01
v 6.09368750e+03 5.16805054e+03 2.39467289e+01
v 6.09368750e+03 5.18364299e+03 2.07725274e+01
v 6.09368750e+03 5.18373497e+03 2.02027759e+01
v 6.09368750e+03 5.18571872e+03 1.96325639e+01
v 6.09368750e+03 5.18597879e+03 1.96074543e+01
v 6.09368750e+03 5.16827546e+03 1.67179999e+01
v 6.09368750e+03 5.16827673e+03 1.68122801e+01
v 6.09368750e+03 5.15682422e+03 1.88235385e+01
v 6.09368750e+03 5.15682794e+03 1.88694674e+01
v 6.09368750e+03 5.15682624e+03 1.85719636e+01
v 6.09368750e+03 5.16821849e+03 1.69889395e+01
v 6.09368750e+03 5.16811087e+03 1.76064367e+01
v 6.09368750e+03 5.15682043e+03 1.84303260e+01
v 6.09368750e+03 5.15905162e+03 1.56729304e+01
v 6.09368750e+03 5.15906764e+03 1.57079623e+01
v 6.09368750e+03 5.16799613e+03 2.46673574e+01
v 6.09368750e+03 5.16796838e+03 2.49436088e+01
v 6.09368750e+03 5.16820987e+03 2.29978853e+01
v 6.09368750e+03 5.16803189e+03 2.50173839e+01
v 6.09368750e+03 5.16812568e+03 2.52397317e+01
v 6.09368750e+03 5.17031945e+03 2.53556658e+01
v 6.09368750e+03 5.17037289e+03 2.53674261e+01
v 6.09368750e+03 5.18362988e+03 2.33881367e+01
v 6.09368750e+03 5.18362996e+03 2.34033919e+01
v 6.09368750e+03 5.18361105e+03 2.47518246e+01
v 6.09368750e+03 5.18360789e+03 2.49698090e+01
v 6.09368750e+03 5.17636891e+03 2.71227691e+01
v 6.09368750e+03 5.17426263e+03 2.66990303e+01
v 6.09368750e+03 5.18608430e+03 1.96070676e+01
v 6.09368750e+03 5.18360673e+03 2.46655685e+01
v 6.09368750e+03 5.18358588e+03 2.53148223e+01
v 6.09368750e+03 5.18354567e+03 2.70004060e+01
v 6.09368750e+03 5.17105780e+03 2.56113995e+01
v 6.09368750e+03 5.17293526e+03 2.64354008e+01
v 6.09368750e+03 5.17265820e+03 2.63974326e+01
v 6.09368750e+03 5.17331932e+03 2.65189683e+01
v 6.09368750e+03 5.15801721e+03 2.24356588e+01
v 6.09368750e+03 5.15795788e+03 2.24063155e+01
v 6.09368750e+03 5.15712584e+03 2.12162778e+01
v 6.09368750e+03 5.15858076e+03 2.17773869e+01
v 6.09368750e+03 5.15818968e+03 2.23382417e+01
v 6.09368750e+03 5.15782825e+03 2.22902804e+01
v 6.09368750e+03 5.16002639e+03 2.08817640e+01
v 6.09368750e+03 5.16024103e+03 2.09777972e+01
v 6.09368750e+03 5.15934102e+03 2.03988564e+01
v 6.09368750e+03 5.15932238e+03 2.03725338e+01
v 6.09368750e+03 5.16044347e+03 2.09996997e+01
v 6.09368750e+03 5.16062963e+03 2.10120417e+01
v 6.09368750e+03 5.15736756e+03 2.07546411e+01
v 6.09368750e+03 5.15732753e+03 2.09035224e+01
v 6.09368750e+03 5.15907378e+03 1.97030255e+01
v 6.09368750e+03 5.15750170e+03 2.00665025e+01
v 6.09368750e+03 5.15748809e+03 1.98731477e+01
v 6.09368750e+03 5.15730668e+03 1.96050628e+01
v 6.09368750e+03 5.16061623e+03 2.05942430e+01
v 6.09368750e+03 5.16064327e+03 2.09454121e+01
v 6.09368750e+03 5.15753397e+03 2.04311602e+01
v 6.09368750e+03 5.15753504e+03 2.04492695e+01
v 6.09368750e+03 5.15712952e+03 2.12009397e+01
v 6.09368750e+03 5.15718914e+03 1.94096160e+01
v 6.09368750e+03 5.15708797e+03 1.93070632e+01
v 6.09368750e+03 5.15855799e+03 2.11519953e+01
v 6.09368750e+03 5.15856305e+03 2.11415399e+01
v 6.09368750e+03 5.16033736e+03 1.99476717e+01
v 6.09368750e+03 5.15854804e+03 1.95502681e+01
v 6.09368750e+03 5.15854884e+03 1.95479064e+01
v 6.09368750e+03 5.15905778e+03 1.96841212e+01
v 6.09368750e+03 5.15903777e+03 1.96629734e+01
v 6.09368750e+03 5.15906595e+03 1.96907846e+01
v 6.09368750e+03 5.15855210e+03 1.95463627e+01
v 6.09368750e+03 5.15702427e+03 1.92128467e+01
v 6.09368750e+03 5.15998295e+03 1.85439608e+01
v 6.09368750e+03 5.15854963e+03 1.95468824e+01
v 6.09368750e+03 5.15686687e+03 1.89528679e+01
v 6.09368750e+03 5.16801963e+03 1.90258850e+01
v 6.09368750e+03 5.16800520e+03 1.92736798e+01
v 6.09368750e+03 5.16016231e+03 1.96505876e+01
v 6.09368750e+03 5.15685703e+03 1.80417638e+01
v 6.09368750e+03 5.15694538e+03 1.79116701e+01
v 6.09368750e+03 5.18365600e+03 2.09197233e+01
v 6.09368750e+03 5.18405787e+03 1.98072779e+01
v 6.09368750e+03 5.18391106e+03 1.99674774e+01
v 6.09368750e+03 5.18363006e+03 2.33860934e+01
v 6.09368750e+03 5.16812611e+03 2.27614527e+01
v 6.09368750e+03 5.16842470e+03 1.99087373e+01
v 6.09368750e+03 5.16820516e+03 1.96648814e+01
v 6.09368750e+03 5.16809427e+03 1.95611648e+01
v 6.09368750e+03 5.18408248e+03 1.97765390e+01
v 6.09368750e+03 5.18429044e+03 1.97222725e+01
v 6.09368750e+03 5.18567292e+03 1.96273438e+01
v 6.09368750e+03 5.16766811e+03 1.57890561e+01
v 6.09368750e+03 5.16684643e+03 1.58326426e+01
v 6.09368750e+03 5.16647905e+03 1.58434112e+01
v 6.09368750e+03 5.16822685e+03 1.65137553e+01
v 6.09368750e+03 5.16822242e+03 1.64583459e+01
v 6.09368750e+03 5.16797915e+03 1.59031117e+01
v 6.09368750e+03 5.16800029e+03 1.59315152e+01
v 6.09368750e+03 5.16813452e+03 1.62435583e+01
v 6.09368750e+03 5.16820564e+03 1.64076751e+01
v 6.09368750e+03 5.16545065e+03 1.57706090e+01
v 6.09368750e+03 5.16491640e+03 1.57748539e+01
v 6.09368750e+03 5.16560414e+03 1.57965394e+01
v 6.09368750e+03 5.16589739e+03 1.57888499e+01
v 6.09368750e+03 5.16552850e+03 1.57917246e+01
v 6.09368750e+03 5.16768330e+03 1.57967154e+01
v 6.09368750e+03 5.15809193e+03 1.62970755e+01
v 6.09368750e+03 5.15807758e+03 1.57061621e+01
v 6.09368750e+03 5.15703869e+03 1.77371135e+01
v 6.09368750e+03 5.15809185e+03 1.63194517e+01
v 6.09368750e+03 5.15766194e+03 1.67937214e+01
v 6.09368750e+03 5.15742094e+03 1.71522966e+01
v 6.09368750e+03 5.15713846e+03 1.76274277e+01
v 6.09368750e+03 5.15807321e+03 1.56955063e+01
v 6.09368750e+03 5.15915160e+03 1.52146931e+01
v 6.09368750e+03 5.15915278e+03 1.52140043e+01
v 6.09368750e+03 5.15809266e+03 1.63183050e+01
v 6.09368750e+03 5.16483144e+03 1.57711604e+01
v 6.09368750e+03 5.16471897e+03 1.57858067e+01
v 6.09368750e+03 5.16400972e+03 1.58445616e+01
v 6.09368750e+03 5.16257580e+03 1.55653178e+01
v 6.09368750e+03 5.16311253e+03 1.55927679e+01
v 6.09368750e+03 5.16485241e+03 1.57693617e+01
v 6.09368750e+03 5.15957364e+03 1.52260863e+01
v 6.09368750e+03 5.15950538e+03 1.51710191e+01
v 6.09368750e+03 5.16193569e+03 1.55469061e+01
v 6.09368750e+03 5.16132665e+03 1.54869831e+01
v 6.09368750e+03 5.16031283e+03 1.53350668e+01
v 6.09368750e+03 5.18335241e+03 2.86329190e+01
v 6.09368750e+03 5.18345626e+03 2.86357974e+01
v 6.09368750e+03 5.18352819e+03 2.86089277e+01
v 6.09368750e+03 5.18356036e+03 2.85758159e+01
v 6.09368750e+03 5.17749399e+03 2.73567525e+01
v 6.09368750e+03 5.17704192e+03 2.72558938e+01
v 6.09368750e+03 5.18368262e+03 2.84137207e+01
v 6.09368750e+03 5.18217042e+03 2.83168066e+01
v 6.09368750e+03 5.18216975e+03 2.83166354e+01
v 6.09368750e+03 5.18216942e+03 2.83165645e+01
v 6.09368750e+03 5.18361309e+03 2.81105628e+01
v 6.09368750e+03 5.17967591e+03 2.78165687e+01
v 6.09368750e+03 5.17858001e+03 2.75889668e+01
v 6.09368750e+03 5.15904815e+03 1.56603716e+01
v 6.09368750e+03 5.15941414e+03 1.65561396e+01
v 6.09368750e+03 5.15948963e+03 1.67915183e+01
v 6.09368750e+03 5.15855610e+03 2.11785026e+01
v 6.09368750e+03 5.15858460e+03 2.07210176e+01
v 6.09368750e+03 5.16810317e+03 2.08095788e+01
v 6.09368750e+03 5.15996806e+03 1.84712776e+01
v 6.09368750e+03 5.15971838e+03 1.75769999e+01
v 6.09368750e+03 5.16337573e+03 1.56263759e+01
v 6.09368750e+03 5.15955943e+03 1.72233828e+01
v 6.09368750e+03 5.18365873e+03 2.10542381e+01
v 6.09368750e+03 5.15997728e+03 1.84982530e+01
v 6.09368750e+03 5.15997757e+03 1.85008587e+01
v 6.09368750e+03 5.15683409e+03 1.83867265e+01
v 6.09368750e+03 5.16007827e+03 1.94821280e+01
v 6.09368750e+03 5.15915125e+03 1.52171900e+01
v 6.09368750e+03 5.15780302e+03 1.52706141e+01
v 6.09368750e+03 5.15752217e+03 1.50660066e+01
v 6.09368750e+03 5.15806566e+03 1.56865234e+01
v 6.09368750e+03 5.15809263e+03 1.63184462e+01
v 6.09368750e+03 5.15652605e+03 1.47220727e+01
v 6.09368750e+03 5.15711325e+03 1.48936960e+01
v 6.09368750e+03 5.16376429e+03 1.57793149e+01
v 6.09368750e+03 5.15725228e+03 1.49419602e+01
v 6.09368750e+03 5.15915630e+03 1.52136110e+01
v 6.12506250e+03 5.18741883e+03 1.75267214e+01
v 6.12506250e+03 5.18741800e+03 1.74794920e+01
v 6.12506250e+03 5.15942915e+03 2.66896901e+01
v 6.12506250e+03 5.15976524e+03 2.61253556e+01
v 6.12506250e+03 5.15779092e+03 2.75429387e+01
v 6.12506250e+03 5.15752404e+03 2.82406013e+01
v 6.12506250e+03 5.15764711e+03 2.91288761e+01
v 6.12506250e+03 5.15783728e+03 2.91456251e+01
v 6.12506250e+03 5.15996450e+03 2.57573474e+01
v 6.12506250e+03 5.16143169e+03 2.56420118e+01
v 6.12506250e+03 5.16125664e+03 2.55664331e+01
v 6.12506250e+03 5.15724004e+03 2.40648830e+01
v 6.12506250e+03 5.15762747e+03 2.41759203e+01
v 6.12506250e+03 5.15939655e+03 2.67344442e+01
v 6.12506250e+03 5.15666791e+03 2.94626274e+01
v 6.12506250e+03 5.15643211e+03 2.94288148e+01
v 6.12506250e+03 5.15811563e+03 2.74813744e+01
v 6.12506250e+03 5.15874694e+03 2.73309189e+01
v 6.12506250e+03 5.15904262e+03 2.69914769e+01
v 6.12506250e+03 5.15918232e+03 2.69017418e+01
v 6.12506250e+03 5.15791755e+03 2.90465319e+01
v 6.12506250e+03 5.16033371e+03 2.54886195e+01
v 6.12506250e+03 5.16015695e+03 2.55513813e+01
v 6.12506250e+03 5.15810620e+03 2.74758187e+01
v 6.12506250e+03 5.15799717e+03 2.74620107e+01
v 6.12506250e+03 5.15634265e+03 2.77090679e+01
v 6.12506250e+03 5.15628062e+03 2.75922201e+01
v 6.12506250e+03 5.15672620e+03 2.84568835e+01
v 6.12506250e+03 5.15666043e+03 2.84084698e+01
v 6.12506250e+03 5.15721816e+03 2.91497464e+01
v 6.12506250e+03 5.15713112e+03 2.89454225e+01
v 6.12506250e+03 5.15796316e+03 2.87746534e+01
v 6.12506250e+03 5.15794266e+03 2.86139054e+01
v 6.12506250e+03 5.15706594e+03 2.91879164e+01
v 6.12506250e+03 5.16202140e+03 2.56155673e+01
v 6.12506250e+03 5.16219486e+03 2.56070733e+01
v 6.12506250e+03 5.15848365e+03 2.24173109e+01
v 6.12506250e+03 5.15828418e+03 2.22351394e+01
v 6.12506250e+03 5.16008751e+03 2.56681543e+01
v 6.12506250e+03 5.16084151e+03 2.54817750e+01
v 6.12506250e+03 5.16240298e+03 2.55002541e+01
v 6.12506250e+03 5.16241859e+03 2.55426797e+01
v 6.12506250e+03 5.16235758e+03 2.55373215e+01
v 6.12506250e+03 5.16229211e+03 2.55749100e+01
v 6.12506250e+03 5.16079881e+03 2.54561261e+01
v 6.12506250e+03 5.16242337e+03 2.53286595e+01
v 6.12506250e+03 5.15824948e+03 2.38699839e+01
v 6.12506250e+03 5.15792183e+03 2.42327308e+01
v 6.12506250e+03 5.16075284e+03 2.54336144e+01
v 6.12506250e+03 5.16067416e+03 2.54329125e+01
v 6.12506250e+03 5.15705056e+03 2.39522229e+01
v 6.12506250e+03 5.16240208e+03 2.50658214e+01
v 6.12506250e+03 5.16242985e+03 2.51641947e+01
v 6.12506250e+03 5.16224801e+03 2.41301137e+01
v 6.12506250e+03 5.16228562e+03 2.43457450e+01
v 6.12506250e+03 5.15841418e+03 2.37260372e+01
v 6.12506250e+03 5.15866805e+03 2.28445395e+01
v 6.12506250e+03 5.18742620e+03 1.75880822e+01
v 6.12506250e+03 5.18016360e+03 1.50538892e+01
v 6.12506250e+03 5.17925628e+03 1.50053982e+01
v 6.12506250e+03 5.16169764e+03 1.81822234e+01
v 6.12506250e+03 5.16186988e+03 1.82512716e+01
v 6.12506250e+03 5.16574166e+03 1.47089661e+01
v 6.12506250e+03 5.16802341e+03 1.46965138e+01
v 6.12506250e+03 5.18738745e+03 1.78500058e+01
v 6.12506250e+03 5.18682359e+03 1.59883370e+01
v 6.12506250e+03 5.18676107e+03 1.60019459e+01
v 6.12506250e+03 5.18740314e+03 1.60015124e+01
v 6.12506250e+03 5.18732866e+03 1.59717861e+01
v 6.12506250e+03 5.18408428e+03 1.51365402e+01
v 6.12506250e+03 5.18468257e+03 1.50821655e+01
v 6.12506250e+03 5.18595360e+03 1.56505783e+01
v 6.12506250e+03 5.18604469e+03 1.58392521e+01
v 6.12506250e+03 5.18371687e+03 1.51487489e+01
v 6.12506250e+03 5.17780740e+03 1.49650192e+01
v 6.12506250e+03 5.17865905e+03 1.49633299e+01
v 6.12506250e+03 5.17514933e+03 1.49173848e+01
v 6.12506250e+03 5.17599470e+03 1.49103341e+01
v 6.12506250e+03 5.17503304e+03 1.48948719e+01
v 6.12506250e+03 5.17491701e+03 1.48936910e+01
v 6.12506250e+03 5.17716893e+03 1.49449273e+01
v 6.12506250e+03 5.17471440e+03 1.49020629e+01
v 6.12506250e+03 5.17623619e+03 1.49018913e+01
v 6.12506250e+03 5.17612419e+03 1.49047480e+01
v 6.12506250e+03 5.17605802e+03 1.48926809e+01
v 6.12506250e+03 5.16297271e+03 2.02299676e+01
v 6.12506250e+03 5.16296857e+03 2.01779185e+01
v 6.12506250e+03 5.16248722e+03 2.13032462e+01
v 6.12506250e+03 5.16283699e+03 2.06424789e+01
v 6.12506250e+03 5.17038424e+03 1.47834187e+01
v 6.12506250e+03 5.16956084e+03 1.48352479e+01
v 6.12506250e+03 5.16539867e+03 1.46791559e+01
v 6.12506250e+03 5.16500746e+03 1.47373984e+01
v 6.12506250e+03 5.16206341e+03 1.45173777e+01
v 6.12506250e+03 5.16297039e+03 1.44557310e+01
v 6.12506250e+03 5.16036467e+03 1.77813480e+01
v 6.12506250e+03 5.16087343e+03 1.78788892e+01
v 6.12506250e+03 5.15809801e+03 2.09745287e+01
v 6.12506250e+03 5.15812556e+03 2.08096123e+01
v 6.12506250e+03 5.15806324e+03 2.12137997e+01
v 6.12506250e+03 5.15735412e+03 2.00887541e+01
v 6.12506250e+03 5.15712664e+03 2.01729651e+01
v 6.12506250e+03 5.15707968e+03 2.02359760e+01
v 6.12506250e+03 5.15671678e+03 2.03402119e+01
v 6.12506250e+03 5.15856993e+03 2.26366770e+01
v 6.12506250e+03 5.15809674e+03 2.16719934e+01
v 6.12506250e+03 5.15803686e+03 2.14958678e+01
v 6.12506250e+03 5.15652645e+03 2.04384608e+01
v 6.12506250e+03 5.15875457e+03 1.79174598e+01
v 6.12506250e+03 5.15849555e+03 1.76898133e+01
v 6.12506250e+03 5.16091397e+03 1.43733787e+01
v 6.12506250e+03 5.16012032e+03 1.42521466e+01
v 6.12506250e+03 5.15953969e+03 1.41519885e+01
v 6.12506250e+03 5.15986715e+03 1.41952190e+01
v 6.12506250e+03 5.16820631e+03 1.46971245e+01
v 6.12506250e+03 5.17168276e+03 1.50235458e+01
v 6.12506250e+03 5.17206428e+03 1.51314987e+01
v 6.12506250e+03 5.17226304e+03 1.51004856e+01
v 6.12506250e+03 5.17267323e+03 1.49654024e+01
v 6.12506250e+03 5.17091374e+03 1.48438045e+01
v 6.12506250e+03 5.15870898e+03 1.41060268e+01
v 6.12506250e+03 5.15825740e+03 1.42253748e+01
v 6.12506250e+03 5.15823285e+03 1.42213313e+01
v 6.12506250e+03 5.15818367e+03 1.42354703e+01
v 6.12506250e+03 5.15779822e+03 1.43816428e+01
v 6.12506250e+03 5.15703359e+03 1.46844931e+01
v 6.12506250e+03 5.15661616e+03 1.48466036e+01
v 6.12506250e+03 5.16560001e+03 1.46887966e+01
v 6.12506250e+03 5.16297506e+03 1.44560004e+01
v 6.12506250e+03 5.16171377e+03 1.45190582e+01
v 6.12506250e+03 5.16299397e+03 1.44570528e+01
v 6.12506250e+03 5.15680476e+03 2.34422572e+01
v 6.12506250e+03 5.18744125e+03 1.73890797e+01
v 6.12506250e+03 5.18616077e+03 1.58451172e+01
v 6.12506250e+03 5.15654002e+03 1.48494042e+01
v 6.12506250e+03 5.15648497e+03 2.31929335e+01
v 6.12506250e+03 5.15892032e+03 1.80293146e+01
v 6.12506250e+03 5.15757915e+03 2.00282922e+01
v 6.12506250e+03 5.15768931e+03 2.00478383e+01
v 6.12506250e+03 5.15810394e+03 2.03715187e+01
v 6.12506250e+03 5.15797996e+03 2.02321571e+01
v 6.12506250e+03 5.15786091e+03 2.00718821e+01
v 6.12506250e+03 5.15812819e+03 2.05533072e+01
v 6.12506250e+03 5.16272914e+03 1.95052675e+01
v 6.12506250e+03 5.15845711e+03 1.75979632e+01
v 6.12506250e+03 5.18636909e+03 1.59830001e+01
v 6.12506250e+03 5.18474053e+03 1.50809185e+01
v 6.12506250e+03 5.15819893e+03 1.71662291e+01
v 6.12506250e+03 5.15809971e+03 1.68603671e+01
v 6.12506250e+03 5.16019365e+03 1.77217451e+01
v 6.12506250e+03 5.15939517e+03 1.78696602e+01
v 6.12506250e+03 5.15647452e+03 1.59637971e+01
v 6.12506250e+03 5.15628216e+03 1.59688498e+01
v 6.12506250e+03 5.15655631e+03 1.60632103e+01
v 6.12506250e+03 5.15922085e+03 1.41008216e+01
v 6.12506250e+03 5.16405645e+03 1.45487502e+01
v 6.12506250e+03 5.17150610e+03 1.49904953e+01
v 6.12506250e+03 5.16480337e+03 1.47341916e+01
v 6.12506250e+03 5.17142067e+03 1.49335246e+01
v 6.12506250e+03 5.17129340e+03 1.48897273e+01
v 6.12506250e+03 5.17289363e+03 1.49534905e+01
v 6.12506250e+03 5.17341763e+03 1.48563187e+01
v 6.12506250e+03 5.18546656e+03 1.54772537e+01
v 6.12506250e+03 5.18585855e+03 1.56086847e+01
v 6.12506250e+03 5.18545709e+03 1.54744686e+01
v 6.12506250e+03 5.18214411e+03 1.51408308e+01
v 6.12506250e+03 5.18271980e+03 1.51568738e+01
v 6.12506250e+03 5.18079888e+03 1.50684976e+01
v 6.12506250e+03 5.18477027e+03 1.50981772e+01
v 6.12506250e+03 5.17886564e+03 1.49881948e+01
v 6.12506250e+03 5.15787787e+03 2.84942583e+01
v 6.12506250e+03 5.15660970e+03 2.84347374e+01
v 6.12506250e+03 5.15664466e+03 2.84396858e+01
v 6.12506250e+03 5.15660273e+03 2.03839556e+01
v 6.12506250e+03 5.15820225e+03 2.21418668e+01
v 6.12506250e+03 5.16224074e+03 2.47046493e+01
v 6.12506250e+03 5.16230265e+03 2.37266653e+01
v 6.12506250e+03 5.16230105e+03 2.29089777e+01
v 6.12506250e+03 5.16228556e+03 2.23828080e+01
v 6.12506250e+03 5.18325991e+03 1.51564533e+01
v 6.12506250e+03 5.16238854e+03 2.18260246e+01
v 6.12506250e+03 5.16246225e+03 1.87744358e+01
v 6.12506250e+03 5.16248699e+03 1.88117627e+01
v 6.12506250e+03 5.15756073e+03 1.64112228e+01
v 6.12506250e+03 5.15763173e+03 1.64382905e+01
v 6.12506250e+03 5.15724820e+03 1.46440735e+01
v 6.12506250e+03 5.15716371e+03 1.46670388e+01
v 6.12506250e+03 5.15766530e+03 1.64852941e+01
v 6.12506250e+03 5.15711020e+03 1.60801205e+01
v 6.12506250e+03 5.18544994e+03 1.54667713e+01
v 6.09862921e+03 5.15618750e+03 2.51637628e+01
v 6.09845252e+03 5.15618750e+03 2.49631484e+01
v 6.09871533e+03 5.15618750e+03 2.63637238e+01
v 6.09899685e+03 5.15618750e+03 2.69481792e+01
v 6.09873412e+03 5.15618750e+03 2.62179883e+01
v 6.09724085e+03 5.15618750e+03 2.41646486e+01
v 6.09692861e+03 5.15618750e+03 2.40723881e+01
v 6.09580662e+03 5.15618750e+03 2.26376045e+01
v 6.09581405e+03 5.15618750e+03 2.25599455e+01
v 6.09831477e+03 5.15618750e+03 1.53408487e+01
v 6.09835271e+03 5.15618750e+03 1.54761280e+01
v 6.09808782e+03 5.15618750e+03 2.46551445e+01
v 6.09839770e+03 5.15618750e+03 2.47828644e+01
v 6.09876184e+03 5.15618750e+03 2.56400091e+01
v 6.09875531e+03 5.15618750e+03 2.58802793e+01
v 6.09875254e+03 5.15618750e+03 2.53759986e+01
v 6.09741750e+03 5.15618750e+03 2.42589239e+01
v 6.09757274e+03 5.15618750e+03 2.43853840e+01
v 6.09641407e+03 5.15618750e+03 2.38167921e+01
v 6.09632160e+03 5.15618750e+03 2.36455627e+01
v 6.09621810e+03 5.15618750e+03 2.33216534e+01
v 6.09626526e+03 5.15618750e+03 2.34811509e+01
v 6.09796823e+03 5.15618750e+03 2.46474668e+01
v 6.09802297e+03 5.15618750e+03 2.46276985e+01
v 6.09683893e+03 5.15618750e+03 2.40505097e+01
v 6.09603368e+03 5.15618750e+03 2.30002370e+01
v 6.09587464e+03 5.15618750e+03 2.27202367e+01
v 6.09581520e+03 5.15618750e+03 2.26868804e+01
v 6.10107718e+03 5.15618750e+03 2.61352142e+01
v 6.10079654e+03 5.15618750e+03 2.62138545e+01
v 6.10161110e+03 5.15618750e+03 2.59031108e+01
v 6.10135586e+03 5.15618750e+03 2.60073625e+01
v 6.10120520e+03 5.15618750e+03 2.60734574e+01
v 6.10059852e+03 5.15618750e+03 2.64326292e+01
v 6.10055171e+03 5.15618750e+03 2.65939632e+01
v 6.09900941e+03 5.15618750e+03 2.69672214e+01
v 6.09901426e+03 5.15618750e+03 2.69719451e+01
v 6.09903105e+03 5.15618750e+03 2.69925031e+01
v 6.10054918e+03 5.15618750e+03 2.70976450e+01
v 6.10052056e+03 5.15618750e+03 2.68404736e+01
v 6.10025720e+03 5.15618750e+03 2.74937897e+01
v 6.09981288e+03 5.15618750e+03 2.76329794e+01
v 6.09600374e+03 5.15618750e+03 2.05943687e+01
v 6.09600839e+03 5.15618750e+03 2.06348501e+01
v 6.09652288e+03 5.15618750e+03 1.87015309e+01
v 6.09619291e+03 5.15618750e+03 1.91775305e+01
v 6.09616059e+03 5.15618750e+03 2.30884811e+01
v 6.09568140e+03 5.15618750e+03 2.21189395e+01
v 6.09569416e+03 5.15618750e+03 2.19434587e+01
v 6.09563814e+03 5.15618750e+03 2.16048835e+01
v 6.09597637e+03 5.15618750e+03 2.07452245e+01
v 6.09601356e+03 5.15618750e+03 2.06762003e+01
v 6.09601137e+03 5.15618750e+03 2.05276511e+01
v 6.09598286e+03 5.15618750e+03 1.99482956e+01
v 6.09602203e+03 5.15618750e+03 1.96371966e+01
v 6.09616391e+03 5.15618750e+03 1.94409808e+01
v 6.09780061e+03 5.15618750e+03 1.50423301e+01
v 6.09775455e+03 5.15618750e+03 1.50074842e+01
v 6.09421025e+03 5.15618750e+03 1.47327691e+01
v 6.09425176e+03 5.15618750e+03 1.47629773e+01
v 6.09487377e+03 5.15618750e+03 1.48864570e+01
v 6.09703110e+03 5.15618750e+03 1.75356776e+01
v 6.09689318e+03 5.15618750e+03 1.75734161e+01
v 6.09592011e+03 5.15618750e+03 1.48436045e+01
v 6.09598518e+03 5.15618750e+03 1.48215403e+01
v 6.09488868e+03 5.15618750e+03 1.49208480e+01
v 6.09491514e+03 5.15618750e+03 1.49725948e+01
v 6.09516767e+03 5.15618750e+03 1.48524781e+01
v 6.09494136e+03 5.15618750e+03 1.48817650e+01
v 6.09650319e+03 5.15618750e+03 1.47207902e+01
v 6.09714381e+03 5.15618750e+03 1.47517653e+01
v 6.09660550e+03 5.15618750e+03 1.47105274e+01
v 6.09728743e+03 5.15618750e+03 1.48247511e+01
v 6.09420121e+03 5.15618750e+03 1.47244211e+01
v 6.09563195e+03 5.15618750e+03 1.48565345e+01
v 6.09977352e+03 5.15618750e+03 2.76534195e+01
v 6.09974564e+03 5.15618750e+03 2.76535453e+01
v 6.09958704e+03 5.15618750e+03 2.75900878e+01
v 6.10047863e+03 5.15618750e+03 2.72617204e+01
v 6.09937752e+03 5.15618750e+03 2.75126927e+01
v 6.09801169e+03 5.15618750e+03 1.64795307e+01
v 6.09756393e+03 5.15618750e+03 1.71204181e+01
v 6.09730761e+03 5.15618750e+03 1.73351258e+01
v 6.09844871e+03 5.15618750e+03 1.56421079e+01
v 6.09818988e+03 5.15618750e+03 1.63386559e+01
v 6.09831407e+03 5.15618750e+03 1.60671676e+01
v 6.09837736e+03 5.15618750e+03 1.57438817e+01
v 6.09627363e+03 5.15618750e+03 2.35785635e+01
v 6.09654515e+03 5.15618750e+03 1.86505063e+01
v 6.09654737e+03 5.15618750e+03 1.86276133e+01
v 6.09666673e+03 5.15618750e+03 1.78352376e+01
v 6.09657394e+03 5.15618750e+03 1.79098339e+01
v 6.09656178e+03 5.15618750e+03 1.85200626e+01
v 6.12005925e+03 5.15618750e+03 3.55276436e+01
v 6.12036467e+03 5.15618750e+03 3.56482312e+01
v 6.10598285e+03 5.15618750e+03 1.47209065e+01
v 6.10607400e+03 5.15618750e+03 1.47187464e+01
v 6.12094187e+03 5.15618750e+03 3.58980735e+01
v 6.12092140e+03 5.15618750e+03 3.58950436e+01
v 6.10837931e+03 5.15618750e+03 2.55598832e+01
v 6.10838890e+03 5.15618750e+03 2.56638031e+01
v 6.10454174e+03 5.15618750e+03 2.42916979e+01
v 6.10432778e+03 5.15618750e+03 2.43226766e+01
v 6.10875110e+03 5.15618750e+03 2.43520217e+01
v 6.10885643e+03 5.15618750e+03 2.45374936e+01
v 6.10502150e+03 5.15618750e+03 2.39416899e+01
v 6.10468397e+03 5.15618750e+03 2.42374439e+01
v 6.11169406e+03 5.15618750e+03 1.86827576e+01
v 6.11112695e+03 5.15618750e+03 1.84433092e+01
v 6.10568697e+03 5.15618750e+03 1.47861392e+01
v 6.10854787e+03 5.15618750e+03 2.57803426e+01
v 6.10863054e+03 5.15618750e+03 2.58373720e+01
v 6.10917120e+03 5.15618750e+03 2.63191748e+01
v 6.10940996e+03 5.15618750e+03 2.70913966e+01
v 6.10922519e+03 5.15618750e+03 2.66652827e+01
v 6.10208045e+03 5.15618750e+03 2.53935408e+01
v 6.10200714e+03 5.15618750e+03 2.55305502e+01
v 6.10195241e+03 5.15618750e+03 2.56138644e+01
v 6.10220797e+03 5.15618750e+03 2.53149918e+01
v 6.10419070e+03 5.15618750e+03 2.43735653e+01
v 6.10349182e+03 5.15618750e+03 2.49452189e+01
v 6.10329584e+03 5.15618750e+03 2.50653893e+01
v 6.10366444e+03 5.15618750e+03 2.48565774e+01
v 6.10395320e+03 5.15618750e+03 2.45041282e+01
v 6.10247295e+03 5.15618750e+03 2.51391797e+01
v 6.10810004e+03 5.15618750e+03 2.36270849e+01
v 6.10778142e+03 5.15618750e+03 2.34544617e+01
v 6.10317441e+03 5.15618750e+03 2.51020385e+01
v 6.10260090e+03 5.15618750e+03 2.51040582e+01
v 6.10845564e+03 5.15618750e+03 2.38039989e+01
v 6.10831102e+03 5.15618750e+03 2.36840380e+01
v 6.10880012e+03 5.15618750e+03 2.47179893e+01
v 6.10845407e+03 5.15618750e+03 2.53486151e+01
v 6.10843123e+03 5.15618750e+03 2.54168974e+01
v 6.10856941e+03 5.15618750e+03 2.50881711e+01
v 6.10869588e+03 5.15618750e+03 2.41990266e+01
v 6.10860938e+03 5.15618750e+03 2.39308702e+01
v 6.10576605e+03 5.15618750e+03 2.19068568e+01
v 6.10591948e+03 5.15618750e+03 2.17956237e+01
v 6.10757754e+03 5.15618750e+03 2.32865749e+01
v 6.10761167e+03 5.15618750e+03 2.33251231e+01
v 6.10644826e+03 5.15618750e+03 2.13875904e+01
v 6.10668862e+03 5.15618750e+03 2.13446913e+01
v 6.10640105e+03 5.15618750e+03 2.14055453e+01
v 6.10504298e+03 5.15618750e+03 2.39188883e+01
v 6.10505079e+03 5.15618750e+03 2.39043362e+01
v 6.10538962e+03 5.15618750e+03 2.32214646e+01
v 6.10541873e+03 5.15618750e+03 2.30804899e+01
v 6.10681534e+03 5.15618750e+03 2.12960438e+01
v 6.10686731e+03 5.15618750e+03 2.13613231e+01
v 6.10703620e+03 5.15618750e+03 2.15353825e+01
v 6.10555937e+03 5.15618750e+03 2.22614273e+01
v 6.10552248e+03 5.15618750e+03 2.23466902e+01
v 6.10739470e+03 5.15618750e+03 2.24700562e+01
v 6.10741564e+03 5.15618750e+03 2.26127255e+01
v 6.10737824e+03 5.15618750e+03 2.23194354e+01
v 6.10723682e+03 5.15618750e+03 2.21064713e+01
v 6.10648501e+03 5.15618750e+03 1.66782527e+01
v 6.10692843e+03 5.15618750e+03 1.68756226e+01
v 6.10704183e+03 5.15618750e+03 1.69168890e+01
v 6.10708391e+03 5.15618750e+03 1.69232046e+01
v 6.11246876e+03 5.15618750e+03 1.87880754e+01
v 6.11401150e+03 5.15618750e+03 1.90119991e+01
v 6.11537810e+03 5.15618750e+03 1.87391983e+01
v 6.10985674e+03 5.15618750e+03 1.50255465e+01
v 6.10990182e+03 5.15618750e+03 1.50494711e+01
v 6.11364263e+03 5.15618750e+03 1.91382723e+01
v 6.11237382e+03 5.15618750e+03 1.45763728e+01
v 6.11245275e+03 5.15618750e+03 1.45653316e+01
v 6.11673672e+03 5.15618750e+03 1.43249418e+01
v 6.11701868e+03 5.15618750e+03 1.43840745e+01
v 6.11293791e+03 5.15618750e+03 1.44938662e+01
v 6.11370883e+03 5.15618750e+03 1.43578700e+01
v 6.10916975e+03 5.15618750e+03 1.47593362e+01
v 6.10979924e+03 5.15618750e+03 1.49790010e+01
v 6.10530942e+03 5.15618750e+03 1.49972341e+01
v 6.10518736e+03 5.15618750e+03 1.51818222e+01
v 6.11131869e+03 5.15618750e+03 1.49603162e+01
v 6.11076487e+03 5.15618750e+03 1.51360942e+01
v 6.10727364e+03 5.15618750e+03 1.45958178e+01
v 6.10713180e+03 5.15618750e+03 1.45730129e+01
v 6.10681258e+03 5.15618750e+03 1.45993445e+01
v 6.10617363e+03 5.15618750e+03 1.47289722e+01
v 6.10545355e+03 5.15618750e+03 1.48889240e+01
v 6.10747160e+03 5.15618750e+03 1.46054043e+01
v 6.11651517e+03 5.15618750e+03 1.42537252e+01
v 6.11627415e+03 5.15618750e+03 1.42730239e+01
v 6.11193713e+03 5.15618750e+03 1.47562479e+01
v 6.11763447e+03 5.15618750e+03 1.49963744e+01
v 6.11749315e+03 5.15618750e+03 1.48411299e+01
v 6.11735495e+03 5.15618750e+03 1.46389653e+01
v 6.11726489e+03 5.15618750e+03 1.45765655e+01
v 6.11591288e+03 5.15618750e+03 1.42491157e+01
v 6.11509769e+03 5.15618750e+03 1.44193846e+01
v 6.11903120e+03 5.15618750e+03 3.38578695e+01
v 6.11891351e+03 5.15618750e+03 3.35546774e+01
v 6.11870556e+03 5.15618750e+03 3.28532831e+01
v 6.11868915e+03 5.15618750e+03 3.27762957e+01
v 6.11867569e+03 5.15618750e+03 3.26726135e+01
v 6.11079953e+03 5.15618750e+03 2.90094790e+01
v 6.11064836e+03 5.15618750e+03 2.87987381e+01
v 6.11095072e+03 5.15618750e+03 2.97687493e+01
v 6.11094951e+03 5.15618750e+03 2.98124365e+01
v 6.11054257e+03 5.15618750e+03 2.87450780e+01
v 6.11090729e+03 5.15618750e+03 3.03213795e+01
v 6.11090996e+03 5.15618750e+03 3.02833733e+01
v 6.11134476e+03 5.15618750e+03 3.24960680e+01
v 6.11160601e+03 5.15618750e+03 3.26505735e+01
v 6.11130402e+03 5.15618750e+03 3.21435653e+01
v 6.11537895e+03 5.15618750e+03 3.38441843e+01
v 6.11539753e+03 5.15618750e+03 3.38158425e+01
v 6.11541495e+03 5.15618750e+03 3.37932030e+01
v 6.11860420e+03 5.15618750e+03 3.24971173e+01
v 6.11671724e+03 5.15618750e+03 3.30503830e+01
v 6.11672376e+03 5.15618750e+03 3.28700606e+01
v 6.11665544e+03 5.15618750e+03 3.32960947e+01
v 6.11647601e+03 5.15618750e+03 3.35534582e+01
v 6.11099786e+03 5.15618750e+03 3.11002503e+01
v 6.11102060e+03 5.15618750e+03 3.11919581e+01
v 6.11245009e+03 5.15618750e+03 3.38613377e+01
v 6.11251353e+03 5.15618750e+03 3.40728928e+01
v 6.12118520e+03 5.15618750e+03 3.59087746e+01
v 6.10950581e+03 5.15618750e+03 2.77644006e+01
v 6.10968669e+03 5.15618750e+03 2.79745981e+01
v 6.11094872e+03 5.15618750e+03 3.05947725e+01
v 6.11098074e+03 5.15618750e+03 3.09934210e+01
v 6.10945583e+03 5.15618750e+03 2.72001448e+01
v 6.10982278e+03 5.15618750e+03 2.81619494e+01
v 6.10947047e+03 5.15618750e+03 2.76774823e+01
v 6.10945712e+03 5.15618750e+03 2.72585147e+01
v 6.11759110e+03 5.15618750e+03 3.16611679e+01
v 6.11806643e+03 5.15618750e+03 3.19789853e+01
v 6.11746227e+03 5.15618750e+03 3.15912731e+01
v 6.11704458e+03 5.15618750e+03 3.11740756e+01
v 6.11831714e+03 5.15618750e+03 3.20725403e+01
v 6.11646818e+03 5.15618750e+03 3.35627951e+01
v 6.11686707e+03 5.15618750e+03 3.11603057e+01
v 6.11680943e+03 5.15618750e+03 3.11691546e+01
v 6.11100081e+03 5.15618750e+03 3.10799013e+01
v 6.11161891e+03 5.15618750e+03 3.26552308e+01
v 6.11095030e+03 5.15618750e+03 2.97657553e+01
v 6.11095018e+03 5.15618750e+03 2.97580854e+01
v 6.11097088e+03 5.15618750e+03 2.93087170e+01
v 6.11091981e+03 5.15618750e+03 3.03519158e+01
v 6.11129667e+03 5.15618750e+03 3.17063725e+01
v 6.11133845e+03 5.15618750e+03 3.18495760e+01
v 6.11240105e+03 5.15618750e+03 3.36855722e+01
v 6.11419049e+03 5.15618750e+03 3.50468410e+01
v 6.11432324e+03 5.15618750e+03 3.50460797e+01
v 6.11220430e+03 5.15618750e+03 3.30563974e+01
v 6.11220196e+03 5.15618750e+03 3.29827031e+01
v 6.11669753e+03 5.15618750e+03 3.17996607e+01
v 6.11668585e+03 5.15618750e+03 3.21209941e+01
v 6.11665485e+03 5.15618750e+03 3.31872417e+01
v 6.11672078e+03 5.15618750e+03 3.26406477e+01
v 6.11875760e+03 5.15618750e+03 3.30876400e+01
v 6.11883738e+03 5.15618750e+03 3.32952719e+01
v 6.11197658e+03 5.15618750e+03 3.27180727e+01
v 6.11213722e+03 5.15618750e+03 3.29186809e+01
v 6.11502609e+03 5.15618750e+03 3.46598597e+01
v 6.11513656e+03 5.15618750e+03 3.44412111e+01
v 6.11241385e+03 5.15618750e+03 3.35247451e+01
v 6.11393429e+03 5.15618750e+03 3.49793913e+01
v 6.11377539e+03 5.15618750e+03 3.49635011e+01
v 6.11266578e+03 5.15618750e+03 3.45405151e+01
v 6.11333673e+03 5.15618750e+03 3.50970559e+01
v 6.11406044e+03 5.15618750e+03 3.50255228e+01
v 6.11317863e+03 5.15618750e+03 3.51342794e+01
v 6.11286490e+03 5.15618750e+03 3.48201685e+01
v 6.11302866e+03 5.15618750e+03 3.50198263e+01
v 6.11279545e+03 5.15618750e+03 3.47185095e+01
v 6.11471126e+03 5.15618750e+03 3.49074658e+01
v 6.11516152e+03 5.15618750e+03 3.42041691e+01
v 6.11542788e+03 5.15618750e+03 3.37902399e+01
v 6.11642031e+03 5.15618750e+03 3.35767638e+01
v 6.11646464e+03 5.15618750e+03 3.35646141e+01
v 6.11594006e+03 5.15618750e+03 3.37014746e+01
v 6.11563852e+03 5.15618750e+03 3.37527945e+01
v 6.11595899e+03 5.15618750e+03 3.36926695e+01
v 6.11838432e+03 5.15618750e+03 3.21504969e+01
v 6.11924912e+03 5.15618750e+03 3.48186963e+01
v 6.11937782e+03 5.15618750e+03 3.51442997e+01
v 6.11918689e+03 5.15618750e+03 3.46733023e+01
v 6.11916145e+03 5.15618750e+03 3.45049182e+01
v 6.11964419e+03 5.15618750e+03 3.54374430e+01
v 6.11981574e+03 5.15618750e+03 3.54601887e+01
v 6.11948892e+03 5.15618750e+03 3.53236866e+01
v 6.12145269e+03 5.15618750e+03 3.59133575e+01
v 6.12144260e+03 5.15618750e+03 3.59157473e+01
v 6.11464630e+03 5.15618750e+03 3.49513561e+01
v 6.11667327e+03 5.15618750e+03 3.14943700e+01
v 6.11668766e+03 5.15618750e+03 3.13941509e+01
v 6.12090193e+03 5.15618750e+03 3.58920611e+01
v 6.12147270e+03 5.15618750e+03 3.59049485e+01
v 6.10950731e+03 5.15618750e+03 1.73416491e+01
v 6.10903711e+03 5.15618750e+03 1.67233005e+01
v 6.11774720e+03 5.15618750e+03 1.56298085e+01
v 6.11764002e+03 5.15618750e+03 1.61008689e+01
v 6.10754536e+03 5.15618750e+03 1.69061302e+01
v 6.11639981e+03 5.15618750e+03 1.81340314e+01
v 6.11633961e+03 5.15618750e+03 1.82340263e+01
v 6.11766165e+03 5.15618750e+03 1.51438948e+01
v 6.11766901e+03 5.15618750e+03 1.50615589e+01
v 6.11148427e+03 5.15618750e+03 1.49174311e+01
v 6.10861537e+03 5.15618750e+03 1.65810246e+01
v 6.11020626e+03 5.15618750e+03 1.76515568e+01
v 6.11752869e+03 5.15618750e+03 1.64657754e+01
v 6.11718589e+03 5.15618750e+03 1.71984022e+01
v 6.11487460e+03 5.15618750e+03 1.44468454e+01
v 6.11478336e+03 5.15618750e+03 1.44554312e+01
v 6.11460466e+03 5.15618750e+03 1.44422558e+01
v 6.10921799e+03 5.15618750e+03 2.63812264e+01
v 6.10822662e+03 5.15618750e+03 2.36713895e+01
v 6.10747725e+03 5.15618750e+03 2.30467675e+01
v 6.10807518e+03 5.15618750e+03 1.66052489e+01
v 6.10849292e+03 5.15618750e+03 1.65504776e+01
v 6.10520276e+03 5.15618750e+03 1.54884492e+01
v 6.10626678e+03 5.15618750e+03 1.66341803e+01
v 6.11584723e+03 5.15618750e+03 1.84559659e+01
v 6.11632089e+03 5.15618750e+03 1.82438425e+01
v 6.11619474e+03 5.15618750e+03 1.83029944e+01
v 6.11653366e+03 5.15618750e+03 1.79189674e+01
v 6.10984728e+03 5.15618750e+03 1.50106315e+01
v 6.10550855e+03 5.15618750e+03 1.58850694e+01
v 6.10560933e+03 5.15618750e+03 1.60067408e+01
v 6.10840778e+03 5.15618750e+03 1.45774917e+01
v 6.10914379e+03 5.15618750e+03 1.47443327e+01
v 6.11062871e+03 5.15618750e+03 1.51199795e+01
v 6.10819729e+03 5.15618750e+03 1.45953915e+01
v 6.10587549e+03 5.15618750e+03 1.62334014e+01
v 6.12178018e+03 5.15618750e+03 3.57243746e+01
v 6.12163395e+03 5.15618750e+03 3.57836538e+01
v 6.12503277e+03 5.15618750e+03 2.76583635e+01
v 6.12502985e+03 5.15618750e+03 2.76457947e+01
v 6.12498019e+03 5.15618750e+03 2.94368014e+01
v 6.12479103e+03 5.15618750e+03 2.26789362e+01
v 6.12439057e+03 5.15618750e+03 2.12956693e+01
v 6.12433948e+03 5.15618750e+03 2.15173993e+01
v 6.12479951e+03 5.15618750e+03 2.07910215e+01
v 6.12435562e+03 5.15618750e+03 2.99375253e+01
v 6.12448677e+03 5.15618750e+03 2.98683583e+01
v 6.12476320e+03 5.15618750e+03 2.26101119e+01
v 6.12444664e+03 5.15618750e+03 2.11590964e+01
v 6.12462224e+03 5.15618750e+03 2.09620744e+01
v 6.12467950e+03 5.15618750e+03 2.08692548e+01
v 6.12442371e+03 5.15618750e+03 2.19861860e+01
v 6.12438420e+03 5.15618750e+03 2.16869547e+01
v 6.12502265e+03 5.15618750e+03 1.58602710e+01
v 6.12501932e+03 5.15618750e+03 1.59337084e+01
v 6.12494134e+03 5.15618750e+03 1.49184312e+01
v 6.12492504e+03 5.15618750e+03 1.50188167e+01
v 6.12477911e+03 5.15618750e+03 2.96201298e+01
v 6.12471131e+03 5.15618750e+03 2.96381617e+01
v 6.12503392e+03 5.15618750e+03 2.76754104e+01
v 6.12357576e+03 5.15618750e+03 3.09021146e+01
v 6.12360400e+03 5.15618750e+03 3.08687565e+01
v 6.12414528e+03 5.15618750e+03 3.02233543e+01
v 6.12408448e+03 5.15618750e+03 3.02570904e+01
v 6.12344915e+03 5.15618750e+03 3.12596501e+01
v 6.12345628e+03 5.15618750e+03 3.12448514e+01
v 6.12333472e+03 5.15618750e+03 3.23232399e+01
v 6.12333535e+03 5.15618750e+03 3.24192479e+01
v 6.12340402e+03 5.15618750e+03 3.15859606e+01
v 6.12344718e+03 5.15618750e+03 3.12767176e+01
v 6.12383086e+03 5.15618750e+03 3.04937074e+01
v 6.12501755e+03 5.15618750e+03 2.83637558e+01
v 6.12403105e+03 5.15618750e+03 3.03112282e+01
v 6.12356847e+03 5.15618750e+03 3.09236030e+01
v 6.12356805e+03 5.15618750e+03 3.09148872e+01
v 6.12352275e+03 5.15618750e+03 3.10629917e+01
v 6.12270831e+03 5.15618750e+03 3.50389166e+01
v 6.12271188e+03 5.15618750e+03 3.50045439e+01
v 6.12272947e+03 5.15618750e+03 3.47910389e+01
v 6.12272232e+03 5.15618750e+03 3.49424749e+01
v 6.12271302e+03 5.15618750e+03 3.41963269e+01
v 6.12251849e+03 5.15618750e+03 3.52940049e+01
v 6.12231176e+03 5.15618750e+03 3.53753855e+01
v 6.12334992e+03 5.15618750e+03 3.24903965e+01
v 6.12310738e+03 5.15618750e+03 3.35856544e+01
v 6.12330866e+03 5.15618750e+03 3.33902060e+01
v 6.12332922e+03 5.15618750e+03 3.32786058e+01
v 6.12333957e+03 5.15618750e+03 3.26862105e+01
v 6.12336200e+03 5.15618750e+03 3.30737680e+01
v 6.12334069e+03 5.15618750e+03 3.25505433e+01
v 6.12286938e+03 5.15618750e+03 3.38282887e+01
v 6.12276211e+03 5.15618750e+03 3.40357648e+01
v 6.12195078e+03 5.15618750e+03 3.55577825e+01
v 6.12472188e+03 5.15618750e+03 2.08236023e+01
v 6.12495134e+03 5.15618750e+03 1.56209782e+01
v 6.12487593e+03 5.15618750e+03 1.52934412e+01
v 6.09416705e+03 5.15618750e+03 1.47211094e+01
v 6.09368750e+03 5.15618750e+03 1.46746127e+01
v 6.12502062e+03 5.15618750e+03 2.94053589e+01
v 6.12506250e+03 5.15618750e+03 2.93727862e+01
v 6.12504876e+03 5.15618750e+03 2.75742841e+01
v 6.12506250e+03 5.15618750e+03 2.75023599e+01
v 6.12495153e+03 5.15618750e+03 2.28633108e+01
v 6.12506250e+03 5.15618750e+03 2.05938712e+01
v 6.12498021e+03 5.15618750e+03 1.49078277e+01
v 6.12506250e+03 5.15618750e+03 1.48655823e+01
v 6.12506250e+03 5.15618750e+03 2.30694895e+01
v 6.12505121e+03 5.15618750e+03 1.60154303e+01
v 6.12502030e+03 5.15618750e+03 2.83712828e+01
v 6.12506250e+03 5.15618750e+03 2.84870221e+01
v 6.12506250e+03 5.15618750e+03 1.60443421e+01
v 6.09988189e+03 5.18756250e+03 2.63855262e+01
v 6.09983102e+03 5.18756250e+03 2.54275786e+01
v 6.09980147e+03 5.18756250e+03 2.13948406e+01
v 6.09980878e+03 5.18756250e+03 2.14215217e+01
v 6.09435837e+03 5.18756250e+03 1.94826009e+01
v 6.09685387e+03 5.18756250e+03 1.94490998e+01
v 6.09646753e+03 5.18756250e+03 1.94296103e+01
v 6.09979116e+03 5.18756250e+03 2.01090121e+01
v 6.09964764e+03 5.18756250e+03 1.98988098e+01
v 6.09937192e+03 5.18756250e+03 1.95977994e+01
v 6.09952924e+03 5.18756250e+03 1.96989707e+01
v 6.09729661e+03 5.18756250e+03 1.95743751e+01
v 6.09780993e+03 5.18756250e+03 1.95852968e+01
v 6.09456438e+03 5.18756250e+03 1.94724665e+01
v 6.09700812e+03 5.18756250e+03 1.95076028e+01
v 6.09889363e+03 5.18756250e+03 1.94609285e+01
v 6.09916166e+03 5.18756250e+03 1.94765098e+01
v 6.09870324e+03 5.18756250e+03 1.94886612e+01
v 6.09805101e+03 5.18756250e+03 1.95974404e+01
v 6.09983342e+03 5.18756250e+03 2.02316637e+01
v 6.09587802e+03 5.18756250e+03 1.94816094e+01
v 6.09533705e+03 5.18756250e+03 1.95641885e+01
v 6.10143750e+03 5.18756250e+03 2.84212433e+01
v 6.10164081e+03 5.18756250e+03 2.84004444e+01
v 6.10022914e+03 5.18756250e+03 2.86325737e+01
v 6.10000443e+03 5.18756250e+03 2.86419489e+01
v 6.09990277e+03 5.18756250e+03 2.85173686e+01
v 6.09978863e+03 5.18756250e+03 2.83467298e+01
v 6.10046439e+03 5.18756250e+03 2.85905407e+01
v 6.09994597e+03 5.18756250e+03 2.65503299e+01
v 6.10004789e+03 5.18756250e+03 2.74087386e+01
v 6.09982411e+03 5.18756250e+03 2.81583299e+01
v 6.09982976e+03 5.18756250e+03 2.51327364e+01
v 6.09980985e+03 5.18756250e+03 2.16339933e+01
v 6.09980480e+03 5.18756250e+03 2.13484634e+01
v 6.10626627e+03 5.18756250e+03 2.75795502e+01
v 6.10636195e+03 5.18756250e+03 2.73652989e+01
v 6.10656791e+03 5.18756250e+03 2.54719053e+01
v 6.10649748e+03 5.18756250e+03 2.55805256e+01
v 6.10628737e+03 5.18756250e+03 2.59279384e+01
v 6.10674218e+03 5.18756250e+03 2.48507524e+01
v 6.10679197e+03 5.18756250e+03 2.45896061e+01
v 6.10659175e+03 5.18756250e+03 2.54546241e+01
v 6.10625117e+03 5.18756250e+03 2.63336547e+01
v 6.10628033e+03 5.18756250e+03 2.61823478e+01
v 6.11011788e+03 5.18756250e+03 2.49339243e+01
v 6.11014940e+03 5.18756250e+03 2.49742334e+01
v 6.10896328e+03 5.18756250e+03 2.37753940e+01
v 6.10881890e+03 5.18756250e+03 2.35401019e+01
v 6.12180544e+03 5.18756250e+03 2.68164020e+01
v 6.12147434e+03 5.18756250e+03 2.68885660e+01
v 6.12102176e+03 5.18756250e+03 2.74059630e+01
v 6.12094188e+03 5.18756250e+03 2.75737005e+01
v 6.10995412e+03 5.18756250e+03 2.47713436e+01
v 6.10761535e+03 5.18756250e+03 2.33752338e+01
v 6.10805564e+03 5.18756250e+03 2.30188575e+01
v 6.10738665e+03 5.18756250e+03 2.36482873e+01
v 6.10720100e+03 5.18756250e+03 2.38542946e+01
v 6.10809393e+03 5.18756250e+03 2.30192613e+01
v 6.10841847e+03 5.18756250e+03 2.31161812e+01
v 6.10808503e+03 5.18756250e+03 2.30202478e+01
v 6.10851652e+03 5.18756250e+03 2.32592984e+01
v 6.10698630e+03 5.18756250e+03 2.41644370e+01
v 6.10624943e+03 5.18756250e+03 2.64764039e+01
v 6.11150115e+03 5.18756250e+03 2.85971718e+01
v 6.11148537e+03 5.18756250e+03 2.85724796e+01
v 6.12118220e+03 5.18756250e+03 2.89238859e+01
v 6.12094606e+03 5.18756250e+03 2.89669590e+01
v 6.11859847e+03 5.18756250e+03 3.01898284e+01
v 6.11838522e+03 5.18756250e+03 3.01030947e+01
v 6.11879520e+03 5.18756250e+03 3.02053354e+01
v 6.11878155e+03 5.18756250e+03 3.02021241e+01
v 6.11879880e+03 5.18756250e+03 3.02038188e+01
v 6.11884210e+03 5.18756250e+03 2.97110178e+01
v 6.11881584e+03 5.18756250e+03 2.99934978e+01
v 6.11197577e+03 5.18756250e+03 3.00136381e+01
v 6.11190745e+03 5.18756250e+03 3.00479733e+01
v 6.11188617e+03 5.18756250e+03 2.90475198e+01
v 6.11198165e+03 5.18756250e+03 2.93336582e+01
v 6.11178705e+03 5.18756250e+03 2.89659617e+01
v 6.11152336e+03 5.18756250e+03 2.86220696e+01
v 6.12011348e+03 5.18756250e+03 2.90820488e+01
v 6.11978217e+03 5.18756250e+03 2.91756350e+01
v 6.12076921e+03 5.18756250e+03 2.89742028e+01
v 6.12037869e+03 5.18756250e+03 2.90106751e+01
v 6.11944115e+03 5.18756250e+03 2.92731094e+01
v 6.11884252e+03 5.18756250e+03 2.96992681e+01
v 6.11303492e+03 5.18756250e+03 2.96379668e+01
v 6.11296643e+03 5.18756250e+03 2.96305293e+01
v 6.11103696e+03 5.18756250e+03 2.75606428e+01
v 6.11119641e+03 5.18756250e+03 2.80938951e+01
v 6.11138558e+03 5.18756250e+03 2.83727190e+01
v 6.11183555e+03 5.18756250e+03 2.89917575e+01
v 6.11347112e+03 5.18756250e+03 2.96148025e+01
v 6.11362887e+03 5.18756250e+03 2.96096296e+01
v 6.11453195e+03 5.18756250e+03 2.97970310e+01
v 6.11471120e+03 5.18756250e+03 2.98360984e+01
v 6.11477330e+03 5.18756250e+03 2.98522530e+01
v 6.11413113e+03 5.18756250e+03 2.97092545e+01
v 6.11378008e+03 5.18756250e+03 2.96306128e+01
v 6.11198796e+03 5.18756250e+03 2.94855296e+01
v 6.11188079e+03 5.18756250e+03 3.00109296e+01
v 6.11186873e+03 5.18756250e+03 2.98778175e+01
v 6.11268973e+03 5.18756250e+03 2.97345012e+01
v 6.11247019e+03 5.18756250e+03 2.97663520e+01
v 6.11619963e+03 5.18756250e+03 2.97971646e+01
v 6.11495035e+03 5.18756250e+03 2.98640292e+01
v 6.11652251e+03 5.18756250e+03 2.97674739e+01
v 6.11691949e+03 5.18756250e+03 2.97974165e+01
v 6.11768501e+03 5.18756250e+03 2.98693456e+01
v 6.11891542e+03 5.18756250e+03 2.93737862e+01
v 6.11895079e+03 5.18756250e+03 2.93549078e+01
v 6.11811367e+03 5.18756250e+03 3.00106405e+01
v 6.11826782e+03 5.18756250e+03 3.00364727e+01
v 6.12142877e+03 5.18756250e+03 2.88091271e+01
v 6.12153684e+03 5.18756250e+03 2.87988665e+01
v 6.12143098e+03 5.18756250e+03 2.85666119e+01
v 6.12140393e+03 5.18756250e+03 2.84906774e+01
v 6.12111278e+03 5.18756250e+03 2.71324420e+01
v 6.11147744e+03 5.18756250e+03 2.85418197e+01
v 6.10198978e+03 5.18756250e+03 2.83394483e+01
v 6.10497113e+03 5.18756250e+03 2.79492172e+01
v 6.10508786e+03 5.18756250e+03 2.79397514e+01
v 6.10484067e+03 5.18756250e+03 2.79667013e+01
v 6.10577406e+03 5.18756250e+03 2.78636064e+01
v 6.10399624e+03 5.18756250e+03 2.80809019e+01
v 6.10258266e+03 5.18756250e+03 2.82828931e+01
v 6.10589602e+03 5.18756250e+03 2.77996173e+01
v 6.10617911e+03 5.18756250e+03 2.76923360e+01
v 6.10609217e+03 5.18756250e+03 2.77099413e+01
v 6.12120507e+03 5.18756250e+03 2.70613526e+01
v 6.12100015e+03 5.18756250e+03 2.77212953e+01
v 6.12116378e+03 5.18756250e+03 2.81385207e+01
v 6.12139060e+03 5.18756250e+03 2.84364295e+01
v 6.11092542e+03 5.18756250e+03 2.71943424e+01
v 6.11095932e+03 5.18756250e+03 2.73633557e+01
v 6.11015893e+03 5.18756250e+03 2.50123267e+01
v 6.11072064e+03 5.18756250e+03 2.63766136e+01
v 6.11038410e+03 5.18756250e+03 2.53699988e+01
v 6.10956670e+03 5.18756250e+03 2.42694913e+01
v 6.10970879e+03 5.18756250e+03 2.44288386e+01
v 6.11920291e+03 5.18756250e+03 2.92883837e+01
v 6.11886460e+03 5.18756250e+03 2.96106584e+01
v 6.12367133e+03 5.18756250e+03 2.77752715e+01
v 6.12350608e+03 5.18756250e+03 2.77197418e+01
v 6.12387107e+03 5.18756250e+03 2.79476305e+01
v 6.12270070e+03 5.18756250e+03 2.72747316e+01
v 6.12239812e+03 5.18756250e+03 2.71428584e+01
v 6.12287501e+03 5.18756250e+03 2.73240638e+01
v 6.12298351e+03 5.18756250e+03 2.74078921e+01
v 6.12504881e+03 5.18756250e+03 1.81177805e+01
v 6.12482416e+03 5.18756250e+03 1.81967015e+01
v 6.12267203e+03 5.18756250e+03 2.41465393e+01
v 6.12264430e+03 5.18756250e+03 2.32282190e+01
v 6.12311659e+03 5.18756250e+03 2.75046334e+01
v 6.12435122e+03 5.18756250e+03 2.80003257e+01
v 6.12401196e+03 5.18756250e+03 2.80179078e+01
v 6.12437691e+03 5.18756250e+03 2.79519704e+01
v 6.12474103e+03 5.18756250e+03 1.58588360e+01
v 6.12495064e+03 5.18756250e+03 1.59479814e+01
v 6.12443763e+03 5.18756250e+03 1.80159695e+01
v 6.12438935e+03 5.18756250e+03 1.79438729e+01
v 6.12369689e+03 5.18756250e+03 1.68233365e+01
v 6.12369737e+03 5.18756250e+03 1.69602626e+01
v 6.12339999e+03 5.18756250e+03 2.70542150e+01
v 6.12377536e+03 5.18756250e+03 2.73096881e+01
v 6.12208953e+03 5.18756250e+03 2.53901803e+01
v 6.12209275e+03 5.18756250e+03 2.57674219e+01
v 6.12265015e+03 5.18756250e+03 2.42212523e+01
v 6.12225020e+03 5.18756250e+03 2.49326116e+01
v 6.12462401e+03 5.18756250e+03 1.82013802e+01
v 6.12227091e+03 5.18756250e+03 1.84162215e+01
v 6.12234790e+03 5.18756250e+03 1.83374118e+01
v 6.12218287e+03 5.18756250e+03 2.18331704e+01
v 6.12226066e+03 5.18756250e+03 2.19841999e+01
v 6.12453585e+03 5.18756250e+03 1.77011187e+01
v 6.12261412e+03 5.18756250e+03 1.82363498e+01
v 6.12350466e+03 5.18756250e+03 1.62337928e+01
v 6.12356538e+03 5.18756250e+03 1.63368794e+01
v 6.12480858e+03 5.18756250e+03 1.70226473e+01
v 6.12389739e+03 5.18756250e+03 1.76580532e+01
v 6.12390030e+03 5.18756250e+03 1.76748560e+01
v 6.12360690e+03 5.18756250e+03 1.64486625e+01
v 6.12456698e+03 5.18756250e+03 1.73437616e+01
v 6.12266534e+03 5.18756250e+03 1.81964172e+01
v 6.12305822e+03 5.18756250e+03 1.81977970e+01
v 6.12205711e+03 5.18756250e+03 2.03743701e+01
v 6.12208654e+03 5.18756250e+03 2.07038982e+01
v 6.12471701e+03 5.18756250e+03 1.82316348e+01
v 6.12390007e+03 5.18756250e+03 1.77119786e+01
v 6.12403379e+03 5.18756250e+03 1.80445078e+01
v 6.12355876e+03 5.18756250e+03 1.53071707e+01
v 6.12383912e+03 5.18756250e+03 1.53291488e+01
v 6.12337985e+03 5.18756250e+03 1.59672852e+01
v 6.12327111e+03 5.18756250e+03 1.55332740e+01
v 6.12466996e+03 5.18756250e+03 1.57558303e+01
v 6.12328598e+03 5.18756250e+03 1.54697225e+01
v 6.12435408e+03 5.18756250e+03 1.55545878e+01
v 6.12412054e+03 5.18756250e+03 1.54085299e+01
v 6.12406231e+03 5.18756250e+03 1.53909180e+01
v 6.12379297e+03 5.18756250e+03 1.72576260e+01
v 6.12214961e+03 5.18756250e+03 2.51113442e+01
v 6.12209705e+03 5.18756250e+03 2.68081428e+01
v 6.12212827e+03 5.18756250e+03 2.68311852e+01
v 6.12436751e+03 5.18756250e+03 2.77432752e+01
v 6.12327130e+03 5.18756250e+03 2.75393157e+01
v 6.12181523e+03 5.18756250e+03 2.68139502e+01
v 6.12182024e+03 5.18756250e+03 2.68095988e+01
v 6.12401541e+03 5.18756250e+03 2.74688298e+01
v 6.12384592e+03 5.18756250e+03 2.73434636e+01
v 6.12215666e+03 5.18756250e+03 2.50178195e+01
v 6.12457624e+03 5.18756250e+03 1.72816226e+01
v 6.12302500e+03 5.18756250e+03 2.68191564e+01
v 6.12264158e+03 5.18756250e+03 2.64897783e+01
v 6.12221676e+03 5.18756250e+03 2.60310511e+01
v 6.12267509e+03 5.18756250e+03 2.41808491e+01
v 6.12267443e+03 5.18756250e+03 2.41819842e+01
v 6.12208969e+03 5.18756250e+03 2.15125800e+01
v 6.12203416e+03 5.18756250e+03 1.87291779e+01
v 6.12240185e+03 5.18756250e+03 2.24752352e+01
v 6.12196828e+03 5.18756250e+03 1.90141741e+01
v 6.12469487e+03 5.18756250e+03 1.71246524e+01
v 6.12369524e+03 5.18756250e+03 1.83622994e+01
v 6.12398711e+03 5.18756250e+03 1.81197001e+01
v 6.12345914e+03 5.18756250e+03 1.83191538e+01
v 6.12315868e+03 5.18756250e+03 1.82173280e+01
v 6.12204136e+03 5.18756250e+03 2.01816126e+01
v 6.12198232e+03 5.18756250e+03 1.95949158e+01
v 6.12257446e+03 5.18756250e+03 2.27660843e+01
v 6.09369350e+03 5.18756250e+03 1.95058629e+01
v 6.09368750e+03 5.18756250e+03 1.95060728e+01
v 6.12506129e+03 5.18756250e+03 1.80901168e+01
v 6.12503735e+03 5.18756250e+03 1.60135199e+01
v 6.12504298e+03 5.18756250e+03 1.69807952e+01
v 6.12506250e+03 5.18756250e+03 1.69964369e+01
v 6.12506250e+03 5.18756250e+03 1.80874262e+01
v 6.12506250e+03 5.18756250e+03 1.60325300e+01
vt 0.12276976 0.87581521
vt 0.11438298 0.88043559
vt 0.11339174 0.85738313
vt 0.12296811 0.86363292
vt 0.1220087 0.8794322
vt 0.10763888 0.8776176
vt 0.12688428 0.85398668
vt 0.13745064 0.86938095
vt 0.1357359 0.87998968
vt 0.12148249 0.88442409
vt 0.11025064 0.89001906
vt 0.10260528 0.85463256
vt 0.14047457 0.85587126
vt 0.12176395 0.85072917
vt 0.12689275 0.88715041
vt 0.1176561 0.88724971
vt 0.097338617 0.89650822
vt 0.091002047 0.85298246
vt 0.11071855 0.84866047
vt 0.1392027 0.84890902
vt 0.12628198 0.84897494
vt 0.1508967 0.85498887
vt 0.15548871 0.87761939
vt 0.13839293 0.88743985
vt 0.12166885 0.88995415
vt 0.085628934 0.88412124
vt 0.108723 0.9110409
vt 0.11476558 0.89543778
vt 0.08159209 0.85314655
vt 0.098052725 0.84514481
vt 0.124274 0.84708661
vt 0.12079509 0.84437388
vt 0.17243756 0.85552996
vt 0.15098265 0.88219786
vt 0.14820395 0.88813776
vt 0.12945378 0.89650989
vt 0.12456863 0.89155394
vt 0.085441731 0.89585865
vt 0.075470448 0.87667233
vt 0.080105104 0.90818554
vt 0.087310016 0.8403247
vt 0.09137509 0.84626091
vt 0.10741103 0.8387028
vt 0.12631923 0.84410441
vt 0.15697226 0.8483454
vt 0.11630043 0.83611953
vt 0.15403852 0.8876105
vt 0.17240733 0.87839979
vt 0.1369358 0.89539349
vt 0.070908882 0.89952981
vt 0.078495644 0.882658
vt 0.10704733 0.91987586
vt 0.12398398 0.90580076
vt 0.07190609 0.85573012
vt 0.078041732 0.8405146
vt 0.096476935 0.84031868
vt 0.13565479 0.8448773
vt 0.15113789 0.842924
vt 0.17105213 0.84685111
vt 0.16041382 0.88715976
vt 0.18866073 0.87262678
vt 0.16708905 0.88743269
vt 0.1454739 0.8953504
vt 0.13553616 0.90472645
vt 0.079389237 0.88572478
vt 0.073948659 0.88173693
vt 0.12555704 0.91873556
vt 0.084754318 0.92285097
vt 0.064759545 0.86369646
vt 0.076151028 0.84750545
vt 0.080843776 0.83500326
vt 0.10648008 0.83474207
vt 0.12987046 0.83619547
vt 0.14094715 0.84172237
vt 0.15854658 0.84251833
vt 0.12353092 0.83667296
vt 0.18510312 0.84415936
vt 0.15974057 0.89840251
vt 0.18960844 0.85582888
vt 0.18745877 0.88726366
vt 0.17837727 0.88977623
vt 0.061261103 0.92058218
vt 0.071057752 0.88720512
vt 0.069358125 0.88283217
vt 0.11243052 0.92261648
vt 0.082306452 0.93755543
vt 0.075186238 0.92068958
vt 0.064928949 0.879583
vt 0.064194724 0.85329962
vt 0.090411864 0.8359347
vt 0.073356993 0.83526731
vt 0.088146865 0.83410019
vt 0.066254035 0.84394968
vt 0.13312566 0.83476985
vt 0.1421546 0.83584726
vt 0.14644 0.83838046
vt 0.15520035 0.83507913
vt 0.17175579 0.83541006
vt 0.18895614 0.84728885
vt 0.20010261 0.85572684
vt 0.20367929 0.88150465
vt 0.18020037 0.88623405
vt 0.14630841 0.9191916
vt 0.053540595 0.89267361
vt 0.12607962 0.92210561
vt 0.11507301 0.92799008
vt 0.1120873 0.93663877
vt 0.077181228 0.92905575
vt 0.073188327 0.92448223
vt 0.13049397 0.9197185
vt 0.054630879 0.8685956
vt 0.050055116 0.85772288
vt 0.063764594 0.83429891
vt 0.063318841 0.83603877
vt 0.15127209 0.83505112
vt 0.19177282 0.84418356
vt 0.18874657 0.83550274
vt 0.16716082 0.91860861
vt 0.20817205 0.87560928
vt 0.20313312 0.84845817
vt 0.20351647 0.88501602
vt 0.19471805 0.90019143
vt 0.18154813 0.89802378
vt 0.13840422 0.91746163
vt 0.041002601 0.91997474
vt 0.054875158 0.88795215
vt 0.066671319 0.88518751
vt 0.12114477 0.92594367
vt 0.11611966 0.92508304
vt 0.087432392 0.95259792
vt 0.070907488 0.92986697
vt 0.057638276 0.8783741
vt 0.055793606 0.84736794
vt 0.054354277 0.84257954
vt 0.19107546 0.84033144
vt 0.18251571 0.909024
vt 0.21745606 0.86646634
vt 0.21654227 0.8553409
vt 0.21603435 0.87963134
vt 0.19957429 0.89128703
vt 0.21091463 0.88639951
vt 0.15412611 0.92140263
vt 0.069838874 0.92706436
vt 0.058767237 0.92758465
vt 0.038734384 0.89240599
vt 0.059314888 0.88242936
vt 0.13254477 0.92914879
vt 0.1184769 0.92977232
vt 0.10040364 0.95157248
vt 0.078941412 0.95507717
vt 0.064045183 0.93543589
vt 0.051860381 0.87662345
vt 0.040501341 0.86961007
vt 0.048008595 0.8456021
vt 0.054851636 0.83445883
vt 0.20298848 0.84247953
vt 0.19304696 0.83538139
vt 0.18413047 0.91992229
vt 0.21834283 0.84453249
vt 0.21001348 0.88946539
vt 0.20728789 0.89523333
vt 0.16596958 0.92696035
vt 0.1516452 0.92593354
vt 0.063469097 0.92734671
vt 0.042908762 0.92623621
vt 0.018777926 0.90862834
vt 0.041922811 0.88619393
vt 0.1392339 0.92598021
vt 0.12720615 0.93077278
vt 0.11892539 0.92631221
vt 0.11173835 0.95456123
vt 0.094005413 0.95612818
vt 0.07057406 0.95453638
vt 0.088674411 0.95634687
vt 0.050978858 0.8808288
vt 0.043683309 0.85950315
vt 0.042041782 0.84494221
vt 0.046458494 0.83538282
vt 0.20271978 0.83570302
vt 0.19944571 0.8348878
vt 0.17213498 0.92335248
vt 0.22657205 0.87957317
vt 0.22822414 0.85809064
vt 0.2206105 0.84728974
vt 0.21744743 0.88781518
vt 0.232448 0.8974278
vt 0.044017922 0.93081844
vt 0.032773398 0.92653441
vt 0.027356379 0.9188081
vt 0.0074454332 0.89669561
vt 0.03445353 0.8853063
vt 0.051232692 0.8848173
vt 0.15163182 0.93019253
vt 0.12654732 0.93626952
vt 0.12407175 0.95477045
vt 0.10373683 0.95718038
vt 0.098160893 0.95695788
vt 0.046793539 0.93725842
vt 0.030763768 0.87841433
vt 0.027718272 0.85433334
vt 0.21037997 0.84031183
vt 0.1977333 0.91830039
vt 0.17640731 0.92789358
vt 0.22581179 0.84836805
vt 0.21972761 0.84286439
vt 0.21905659 0.91321886
vt 0.029161407 0.92374611
vt 0.017502787 0.92112786
vt 0.024614803 0.88639772
vt 0.0075029666 0.9192487
vt 0.1360943 0.93906808
vt 0.12976921 0.95291394
vt 0.11913875 0.956774
vt 0.051512696 0.95335913
vt 0.020258754 0.86535513
vt 0.036371842 0.85230798
vt 0.036536116 0.84509933
vt 0.2157166 0.83593619
vt 0.20978905 0.92119384
vt 0.19814771 0.92313945
vt 0.18504283 0.92732179
vt 0.23393264 0.8687917
vt 0.22804582 0.88800997
vt 0.2383249 0.84735215
vt 0.22833481 0.84498322
vt 0.22726166 0.9215768
vt 0.16086572 0.93386883
vt 0.17059025 0.93006074
vt 0.018434284 0.93770194
vt 0.028014135 0.92885083
vt 0.016085396 0.88863754
vt 0.0027186731 0.91434765
vt 0.024503905 0.88389695
vt 0.023908651 0.88097388
vt 0.14976355 0.93764448
vt 0.059060514 0.95546293
vt 0.04128458 0.95262933
vt 0.015708685 0.87558687
vt 0.0097485445 0.85281157
vt 0.019901069 0.84648478
vt 0.032662738 0.83621472
vt 0.21790487 0.8386724
vt 0.17616387 0.93870372
vt 0.24613401 0.87248135
vt 0.23147394 0.87812787
vt 0.23510663 0.91437221
vt 0.23527941 0.88444948
vt 0.030923598 0.95140439
vt 0.0167848 0.92521489
vt 0.0068823034 0.9246012
vt 0.01300953 0.88432896
vt 0.017852763 0.88330859
vt 0.0034102274 0.89681363
vt 0.0024580634 0.91860187
vt 0.15453449 0.94059193
vt 0.14143835 0.95443255
vt 0.024249718 0.84241474
vt 0.039765026 0.83418226
vt 0.20346606 0.92741811
vt 0.19086374 0.93583035
vt 0.24343812 0.84196055
vt 0.23464985 0.84295511
vt 0.22757784 0.84126222
vt 0.26002848 0.89461088
vt 0.24363022 0.92371601
vt 0.22774878 0.92645311
vt 0.24569231 0.89174712
vt 0.16498782 0.93729043
vt 0.023152174 0.95396453
vt 0.017819026 0.9288891
vt 0.0043315236 0.92529047
vt 0.0064607901 0.88674587
vt 0.0037065132 0.89500535
vt 0.0035880872 0.92225856
vt 0.014124256 0.88144386
vt 0.14670068 0.95650196
vt 0.0053098025 0.87594342
vt 0.0050119786 0.84456724
vt 0.017619085 0.841573
vt 0.024264935 0.83426791
vt 0.20247258 0.93296301
vt 0.20194335 0.95216292
vt 0.23832481 0.84086883
vt 0.25498521 0.85039926
vt 0.16120547 0.95303208
vt 0.01404446 0.95044529
vt 0.0085112788 0.92870063
vt 0.0046886317 0.92821223
vt 0.0068715531 0.88553512
vt 0.0045440262 0.89302915
vt 0.0035225763 0.85502875
vt 0.004490348 0.84690762
vt 0.0050019356 0.84333825
vt 0.01284782 0.84106547
vt 0.21403897 0.93136281
vt 0.20915397 0.93745571
vt 0.18073276 0.95523691
vt 0.26535383 0.88304019
vt 0.24090472 0.83459407
vt 0.25540417 0.84205902
vt 0.25765872 0.86164212
vt 0.26452187 0.92431456
vt 0.23187986 0.93154961
vt 0.015024642 0.95678174
vt 0.0039343699 0.95055866
vt 0.0098659368 0.93855089
vt 0.0059599383 0.88078177
vt 0.15394229 0.957937
vt 0.0026898328 0.87359995
vt 0.017758561 0.83539963
vt 0.20954156 0.94614929
vt 0.189578 0.9556039
vt 0.26411626 0.87313241
vt 0.24502932 0.83040178
vt 0.23608997 0.83951175
vt 0.26195282 0.8419556
vt 0.25433269 0.83182842
vt 0.26009664 0.85663247
vt 0.27226335 0.88710541
vt 0.27966547 0.89899021
vt 0.26348945 0.93300021
vt 0.24178907 0.93812037
vt 0.17244287 0.95715219
vt 0.0097514223 0.95252424
vt 0.0038246796 0.93243349
vt 0.0062887799 0.88486391
vt 0.0025578516 0.87684101
vt 0.16104753 0.95776886
vt 0.0053486223 0.83962262
vt 0.010731525 0.83426601
vt 0.22365877 0.93782794
vt 0.20945889 0.95548648
vt 0.20061301 0.95800501
vt 0.27503771 0.87414384
vt 0.25097987 0.82965875
vt 0.23808341 0.83356601
vt 0.25881499 0.85114801
vt 0.26667547 0.85952204
vt 0.27413625 0.88327134
vt 0.2783986 0.89130604
vt 0.27639046 0.92071307
vt 0.27284887 0.93300331
vt 0.16452573 0.95599359
vt 0.0049326099 0.95413178
vt 0.0028982109 0.9377656
vt 0.0043350412 0.88181949
vt 0.0033479489 0.88053548
vt 0.0045713517 0.84070438
vt 0.23086508 0.95372516
vt 0.21843967 0.95365912
vt 0.2648823 0.84789264
vt 0.2626816 0.83218843
vt 0.25649807 0.8294512
vt 0.27835581 0.88742274
vt 0.28654763 0.89066458
vt 0.28740019 0.91069108
vt 0.29152054 0.92592424
vt 0.2840434 0.92992532
vt 0.27049431 0.93951797
vt 0.0024033617 0.94719887
vt 0.0027173341 0.95174223
vt 0.0045326403 0.83998442
vt 0.0025596586 0.83325064
vt 0.20938912 0.95869488
vt 0.2154537 0.95712042
vt 0.2793954 0.86372435
vt 0.27775061 0.88174975
vt 0.26877767 0.84037948
vt 0.27238798 0.8328563
vt 0.25375068 0.82835484
vt 0.27128327 0.85250485
vt 0.2801699 0.88400722
vt 0.28219959 0.88774967
vt 0.29094672 0.90031922
vt 0.2870073 0.92199391
vt 0.24658634 0.95480442
vt 0.0021522148 0.95081937
vt 0.0035504329 0.95458418
vt 0.0043837596 0.83933389
vt 0.0037520332 0.83723742
vt 0.2249942 0.95786935
vt 0.21739064 0.95952344
vt 0.29272258 0.85860896
vt 0.29060805 0.87030995
vt 0.28329659 0.88042969
vt 0.26631892 0.82828116
vt 0.25879124 0.8282755
vt 0.285631 0.88593632
vt 0.29330382 0.89062548
vt 0.29789299 0.90693545
vt 0.30411589 0.91922688
vt 0.29359028 0.9328292
vt 0.3014203 0.92367947
vt 0.27884012 0.9398756
vt 0.26882139 0.95667684
vt 0.24157871 0.96213531
vt 0.23013394 0.96022153
vt 0.27646893 0.84760219
vt 0.27645943 0.83980966
vt 0.27427933 0.82962281
vt 0.29237658 0.85026467
vt 0.29469603 0.88828427
vt 0.29682311 0.89929777
vt 0.29082286 0.94015986
vt 0.30303589 0.92916763
vt 0.27907521 0.95381194
vt 0.25133935 0.96214443
vt 0.29623759 0.88174713
vt 0.28260645 0.8366971
vt 0.28234866 0.82905501
vt 0.31366453 0.85068357
vt 0.30799344 0.89788878
vt 0.31443229 0.92445856
vt 0.30353376 0.9397853
vt 0.30196419 0.93199742
vt 0.30954555 0.92957455
vt 0.27673033 0.9636336
vt 0.26194301 0.9645161
vt 0.23227827 0.96440774
vt 0.25094199 0.97370464
vt 0.31294435 0.86546946
vt 0.28935507 0.8449353
vt 0.30646855 0.84649462
vt 0.30418399 0.88779062
vt 0.30555105 0.89231801
vt 0.3219834 0.91406906
vt 0.30539644 0.95391697
vt 0.31379637 0.9337796
vt 0.28953892 0.95354402
vt 0.27070177 0.96728528
vt 0.28356889 0.96649754
vt 0.25774232 0.97374165
vt 0.23322368 0.96968102
vt 0.24482404 0.97331017
vt 0.30820718 0.88232017
vt 0.29536518 0.84299672
vt 0.28910485 0.83601701
vt 0.32783526 0.86098754
vt 0.31485033 0.84521282
vt 0.318593 0.90084112
vt 0.32312861 0.890369
vt 0.31544986 0.92842424
vt 0.32729679 0.92234975
vt 0.32822922 0.95582879
vt 0.2870754 0.96257597
vt 0.28015578 0.96753991
vt 0.2647059 0.9728058
vt 0.2383699 0.97442216
vt 0.31541082 0.88110435
vt 0.28527454 0.82878697
vt 0.32355633 0.84868586
vt 0.30264676 0.83595824
vt 0.31253916 0.84048593
vt 0.31802368 0.84652805
vt 0.31127673 0.88946009
vt 0.35333595 0.90332925
vt 0.33043128 0.9333744
vt 0.3328543 0.92931414
vt 0.33914146 0.92353106
vt 0.32863337 0.94101918
vt 0.29406986 0.96495306
vt 0.32122329 0.96230221
vt 0.27770546 0.97410476
vt 0.2833783 0.97253883
vt 0.27191824 0.97298884
vt 0.25839001 0.97503978
vt 0.23357992 0.97330177
vt 0.29126459 0.82969189
vt 0.33463252 0.85148209
vt 0.33579582 0.87919843
vt 0.3205668 0.84068644
vt 0.33079126 0.88980681
vt 0.31733575 0.88686138
vt 0.29896498 0.9652018
vt 0.32619628 0.966169
vt 0.31469908 0.96554589
vt 0.33669686 0.9481011
vt 0.29275206 0.97229135
vt 0.26733705 0.97579283
vt 0.23116472 0.97503829
vt 0.29444697 0.8316921
vt 0.327346 0.84068292
vt 0.34139809 0.86245334
vt 0.31305358 0.83405066
vt 0.35360867 0.89116299
vt 0.35754186 0.92267746
vt 0.33864239 0.93149841
vt 0.34279367 0.92801964
vt 0.30560803 0.96111202
vt 0.31890541 0.96852416
vt 0.33290696 0.96576595
vt 0.3456091 0.95263374
vt 0.28170007 0.97444749
vt 0.27294779 0.97640961
vt 0.2919319 0.97433251
vt 0.30251357 0.83091313
vt 0.33951268 0.84678876
vt 0.35303196 0.85725915
vt 0.34379956 0.88332254
vt 0.34913939 0.87876225
vt 0.31166384 0.82994521
vt 0.3221561 0.83116871
vt 0.36356118 0.89915073
vt 0.37384439 0.92313594
vt 0.34372017 0.93212831
vt 0.3028526 0.96924716
vt 0.32481334 0.97213441
vt 0.33755428 0.96357387
vt 0.31264931 0.97370422
vt 0.30730355 0.96719182
vt 0.36662579 0.94641894
vt 0.34277183 0.9597044
vt 0.29656827 0.97713912
vt 0.29969296 0.82886863
vt 0.34628788 0.84699285
vt 0.33805639 0.8406285
vt 0.31727892 0.82971025
vt 0.3765789 0.89900011
vt 0.36068356 0.89222717
vt 0.35365316 0.88356709
vt 0.36799619 0.93048549
vt 0.35139555 0.92895401
vt 0.35098898 0.93517429
vt 0.30145523 0.97484511
vt 0.32113755 0.97418982
vt 0.33774242 0.96918201
vt 0.33065173 0.97428346
vt 0.30647787 0.97216326
vt 0.31786206 0.97356391
vt 0.35590205 0.95436513
vt 0.3310824 0.83434564
vt 0.36279735 0.84888005
vt 0.35885584 0.87938702
vt 0.36981726 0.89201486
vt 0.35969317 0.88595563
vt 0.37405238 0.93452311
vt 0.38930604 0.8989504
vt 0.34378639 0.9672612
vt 0.30686185 0.97443044
vt 0.31185704 0.97513795
vt 0.3633596 0.93283689
vt 0.37447819 0.95705271
vt 0.35198829 0.96396118
vt 0.32841158 0.82947755
vt 0.35508144 0.84043562
vt 0.34009808 0.83292526
vt 0.366422 0.85695577
vt 0.37559158 0.88859242
vt 0.36305428 0.88849247
vt 0.37946305 0.93215966
vt 0.39338502 0.92290437
vt 0.38387898 0.89154285
vt 0.34255466 0.97350985
vt 0.33789983 0.97583658
vt 0.37530693 0.96271372
vt 0.38822672 0.95538503
vt 0.35668766 0.96641248
vt 0.33615372 0.83031183
vt 0.36578172 0.84243846
vt 0.36870462 0.84784162
vt 0.367663 0.87740612
vt 0.36725259 0.88234991
vt 0.38453126 0.93121129
vt 0.38565722 0.94124907
vt 0.40934965 0.90315038
vt 0.38939372 0.88581079
vt 0.35235751 0.97108072
vt 0.36368003 0.96165466
vt 0.39989722 0.94626582
vt 0.34460244 0.8311367
vt 0.34162778 0.82964104
vt 0.36966789 0.83170509
vt 0.38318458 0.84783512
vt 0.38628465 0.87281364
vt 0.37603405 0.88460177
vt 0.39407444 0.93526077
vt 0.40815559 0.92956412
vt 0.38257617 0.88105285
vt 0.34975034 0.97515893
vt 0.38494536 0.96717668
vt 0.36993083 0.96667677
vt 0.40342042 0.95673501
vt 0.36461383 0.96789855
vt 0.35972044 0.97114217
vt 0.34904853 0.83188838
vt 0.3785114 0.84130752
vt 0.35973904 0.83249938
vt 0.38711926 0.85870785
vt 0.42410842 0.90881902
vt 0.35653913 0.97692382
vt 0.39575976 0.96452498
vt 0.38132426 0.9714244
vt 0.37133354 0.9697181
vt 0.41067541 0.95683134
vt 0.36023891 0.97536242
vt 0.34477407 0.82931638
vt 0.35554215 0.8305186
vt 0.34708092 0.82935178
vt 0.37761113 0.8311317
vt 0.36405161 0.82960808
vt 0.39009109 0.84617841
vt 0.41135296 0.85601711
vt 0.41455412 0.94350696
vt 0.42488444 0.89427924
vt 0.43060163 0.92047781
vt 0.39210668 0.96978778
vt 0.38832688 0.97364527
vt 0.40652734 0.96396267
vt 0.40479761 0.96767104
vt 0.35188302 0.82900846
vt 0.38194248 0.8346464
vt 0.40037459 0.83707792
vt 0.43019164 0.90233934
vt 0.41690382 0.88231885
vt 0.35922462 0.97928268
vt 0.39980116 0.97156405
vt 0.38284278 0.97709173
vt 0.37320632 0.97795314
vt 0.36322433 0.97641736
vt 0.42354733 0.95354366
vt 0.40936396 0.97039717
vt 0.38491073 0.83056724
vt 0.39180231 0.83321953
vt 0.43384355 0.93851227
vt 0.43231103 0.89770329
vt 0.42393702 0.88328081
vt 0.41689777 0.86392248
vt 0.36259791 0.9777711
vt 0.3931441 0.97463256
vt 0.36764598 0.97625798
vt 0.42044142 0.95921636
vt 0.41407874 0.96533304
vt 0.40443307 0.97406983
vt 0.39647254 0.83140498
vt 0.42101285 0.83951718
vt 0.43626997 0.92580414
vt 0.43140736 0.88897848
vt 0.42696223 0.87782818
vt 0.42291224 0.8653084
vt 0.39770406 0.97643971
vt 0.39120233 0.97539347
vt 0.43146977 0.95250148
vt 0.42742029 0.96124816
vt 0.41640756 0.97083914
vt 0.40545267 0.83319223
vt 0.41322696 0.83625132
vt 0.42354137 0.84864736
vt 0.4502143 0.93020451
vt 0.4437072 0.88965929
vt 0.44033563 0.91778874
vt 0.42552695 0.85557866
vt 0.43246049 0.95715964
vt 0.4374983 0.95126486
vt 0.4228684 0.96475846
vt 0.41986161 0.96558672
vt 0.40748611 0.97677368
vt 0.41741493 0.97611135
vt 0.42073181 0.83325052
vt 0.4280751 0.84048378
vt 0.4480572 0.92101884
vt 0.44812158 0.89599693
vt 0.43614992 0.87507302
vt 0.43320137 0.88042349
vt 0.42841461 0.86013091
vt 0.43072134 0.87355101
vt 0.42778504 0.96711898
vt 0.43198353 0.96363568
vt 0.41175464 0.97674894
vt 0.42164281 0.97196168
vt 0.41065833 0.83188844
vt 0.42824239 0.83746713
vt 0.4141323 0.83158946
vt 0.4324384 0.84927857
vt 0.45394942 0.9455663
vt 0.45004579 0.91711622
vt 0.44797361 0.89347327
vt 0.44544801 0.87668163
vt 0.44839844 0.90031266
vt 0.4493041 0.91509986
vt 0.43435818 0.85356647
vt 0.42854685 0.86649776
vt 0.43759 0.9604072
vt 0.42339277 0.97743785
vt 0.43492851 0.8371278
vt 0.43344417 0.84286559
vt 0.45397824 0.94601566
vt 0.45369676 0.9335717
vt 0.45138904 0.92360538
vt 0.44741711 0.88578546
vt 0.43702763 0.87106681
vt 0.44729069 0.8782022
vt 0.44841763 0.91086257
vt 0.43212312 0.86099303
vt 0.43189982 0.87038589
vt 0.44243124 0.95626843
vt 0.42782518 0.97444934
vt 0.43166068 0.96920639
vt 0.43628353 0.96456373
vt 0.43926099 0.84958637
vt 0.43868002 0.84489417
vt 0.44606012 0.94975895
vt 0.45303538 0.92750216
vt 0.43817979 0.85635138
vt 0.4319649 0.86649698
vt 0.44011882 0.96287596
vt 0.42860466 0.97882235
vt 0.43838647 0.83898985
vt 0.45397186 0.94603008
vt 0.43410066 0.8628298
vt 0.44767249 0.95689404
vt 0.43072662 0.9750455
vt 0.44689509 0.84878075
vt 0.44243252 0.83330005
vt 0.44427589 0.8400979
vt 0.45373926 0.94652778
vt 0.43827122 0.86161196
vt 0.44216853 0.96405268
vt 0.44677666 0.85913336
vt 0.44836342 0.96143985
vt 0.44990575 0.95556748
vt 0.44971216 0.84226012
vt 0.45589057 0.85610402
vt 0.45069915 0.83395243
vt 0.44106013 0.86483562
vt 0.44894162 0.95783871
vt 0.44570228 0.97135818
vt 0.45689046 0.86038625
vt 0.44518518 0.82970929
vt 0.44814673 0.86481822
vt 0.43657491 0.86590934
vt 0.44901028 0.95662308
vt 0.44838908 0.9663623
vt 0.43918425 0.96806848
vt 0.45710936 0.83923399
vt 0.45734712 0.84624934
vt 0.45524848 0.86440343
vt 0.44409895 0.86945295
vt 0.43476179 0.86509782
vt 0.43715692 0.86928236
vt 0.4495711 0.96987498
vt 0.43509221 0.97021908
vt 0.43410885 0.96625352
vt 0.4585835 0.83265841
vt 0.46165502 0.85103345
vt 0.45113057 0.86847007
vt 0.45362651 0.97611207
vt 0.4359087 0.97662055
vt 0.46082777 0.8393032
vt 0.46201745 0.8428539
vt 0.46259654 0.84423476
vt 0.45728779 0.98063731
vt 0.44018477 0.98031431
vt 0.43169749 0.97127575
vt 0.45979404 0.83357722
vt 0.46299204 0.84571761
vt 0.45577973 0.99056613
vt 0.4454515 0.98860645
vt 0.43209264 0.97945392
vt 0.45993713 0.83275717
vt 0.46384728 0.85065842
vt 0.46086982 0.98392719
vt 0.43635139 0.98003143
vt 0.46347249 0.98826045
vt 0.45212376 0.99283624
vt 0.46445522 0.98748362
vt 0.45979479 0.99421018
vt 0.46512929 0.9879663
vt 0.46709016 0.99547052
vt 0.46674812 0.98970276
vt 0.47011068 0.99349272
vt 0.46510458 0.99781489
vt 0.47019771 0.99622047
vt 0.46995148 0.99683583
vt 0.5484668 0.6111052
vt 0.54396456 0.61152196
vt 0.54669875 0.60582626
vt 0.55067056 0.60402662
vt 0.54713446 0.6164031
vt 0.54174185 0.60641348
vt 0.55012125 0.59699225
vt 0.55097365 0.61551273
vt 0.53941178 0.61923194
vt 0.53660184 0.60807419
vt 0.54391408 0.59712481
vt 0.54836577 0.62094951
vt 0.53678495 0.6153549
vt 0.55310166 0.62146735
vt 0.53533262 0.59713113
vt 0.54649055 0.59278035
vt 0.55298167 0.62623477
vt 0.5272311 0.61534858
vt 0.53115875 0.60239744
vt 0.53031892 0.60959601
vt 0.53820628 0.59278333
vt 0.54834706 0.5927791
vt 0.53952944 0.59278297
vt 0.54551792 0.64712954
vt 0.53016734 0.62692308
vt 0.52982002 0.59882343
vt 0.53116506 0.60592729
vt 0.53150618 0.59278458
vt 0.55438602 0.59277552
vt 0.55733871 0.62451088
vt 0.56058437 0.63642013
vt 0.52972531 0.63610435
vt 0.52195847 0.61858159
vt 0.52474952 0.6085794
vt 0.5306645 0.59278464
vt 0.52533042 0.60013688
vt 0.52882236 0.60372984
vt 0.5261513 0.60677975
vt 0.5634954 0.63247353
vt 0.56155682 0.65763688
vt 0.52340448 0.65716958
vt 0.51976734 0.62581801
vt 0.52073348 0.61132622
vt 0.52120703 0.5940181
vt 0.56669682 0.64276618
vt 0.55689037 0.67558277
vt 0.50795287 0.66410923
vt 0.51362962 0.63821971
vt 0.51583338 0.62031174
vt 0.52693778 0.59278578
vt 0.56916583 0.63900906
vt 0.56957626 0.6554268
vt 0.57144535 0.66556156
vt 0.51550502 0.68051434
vt 0.54525274 0.69443154
vt 0.5138064 0.62694836
vt 0.52093363 0.59278774
vt 0.57013196 0.64647281
vt 0.57938904 0.68130368
vt 0.50181121 0.6754024
vt 0.5018068 0.65924883
vt 0.57196945 0.68847066
vt 0.50927263 0.63202518
vt 0.57522142 0.65238321
vt 0.58072138 0.66140032
vt 0.53454959 0.70386547
vt 0.50180876 0.66712457
vt 0.50181317 0.68234324
vt 0.50180411 0.64613926
vt 0.56326175 0.7041117
vt 0.5045746 0.63578868
vt 0.50766873 0.62878585
vt 0.59049624 0.68073535
vt 0.57980579 0.69554293
vt 0.54337734 0.71900135
vt 0.51241094 0.69359171
vt 0.50180215 0.63658094
vt 0.5522871 0.71278155
vt 0.50180054 0.63113832
vt 0.50180048 0.63112307
vt 0.59285158 0.67168033
vt 0.52886653 0.71475172
vt 0.50181395 0.68574679
vt 0.59102035 0.71036941
vt 0.56911528 0.71867931
vt 0.50180054 0.63118392
vt 0.50180244 0.63569868
vt 0.5962109 0.66681182
vt 0.60318214 0.67892945
vt 0.5929147 0.69246143
vt 0.53567362 0.72414768
vt 0.55512863 0.7270776
vt 0.51143849 0.70356238
vt 0.50337487 0.69393903
vt 0.60614991 0.67265284
vt 0.60659826 0.68150574
vt 0.60464078 0.68511766
vt 0.54414767 0.73375839
vt 0.51611125 0.73603165
vt 0.51839077 0.71472645
vt 0.50181854 0.70457095
vt 0.50181401 0.69077039
vt 0.5751583 0.73202825
vt 0.60255069 0.70597452
vt 0.56511188 0.73855746
vt 0.60501963 0.66815054
vt 0.6077475 0.68848962
vt 0.53783947 0.74094427
vt 0.50493455 0.71383607
vt 0.50181866 0.70484215
vt 0.50181437 0.69394374
vt 0.50181794 0.7031163
vt 0.60020798 0.72725439
vt 0.60749495 0.66458285
vt 0.61669517 0.67344844
vt 0.55005807 0.7531755
vt 0.52498311 0.75533509
vt 0.51176685 0.71895719
vt 0.5018189 0.70566976
vt 0.5842638 0.74173993
vt 0.61432725 0.70548832
vt 0.61891788 0.71980333
vt 0.61716247 0.66832101
vt 0.62037653 0.68252242
vt 0.51424211 0.75104755
vt 0.50469458 0.72476649
vt 0.57264513 0.7545079
vt 0.50182116 0.71257877
vt 0.61170042 0.73539388
vt 0.61581749 0.69253719
vt 0.62917268 0.66832101
vt 0.53817415 0.7641691
vt 0.50937998 0.7489574
vt 0.52037984 0.75714105
vt 0.5632112 0.7610876
vt 0.50182128 0.71358532
vt 0.50182474 0.72587764
vt 0.62055337 0.75248724
vt 0.58958066 0.76485741
vt 0.62796658 0.70099866
vt 0.62789714 0.73939097
vt 0.63710999 0.67590475
vt 0.63738155 0.68879271
vt 0.5484668 0.76906919
vt 0.52745211 0.761738
vt 0.50854009 0.75020772
vt 0.5144884 0.75402164
vt 0.50190985 0.74126005
vt 0.50182152 0.71456349
vt 0.50182283 0.71835589
vt 0.50182635 0.73062873
vt 0.60376936 0.76022887
vt 0.63817716 0.71961391
vt 0.648072 0.65620983
vt 0.54664195 0.7733441
vt 0.53368455 0.76535624
vt 0.5018304 0.74527669
vt 0.50183028 0.74125522
vt 0.57635802 0.77766955
vt 0.56482142 0.77965862
vt 0.61060798 0.7585997
vt 0.6433993 0.74218196
vt 0.61421359 0.77053416
vt 0.6535278 0.70219207
vt 0.64502841 0.65222538
vt 0.65340781 0.66071832
vt 0.64236373 0.68039441
vt 0.53905821 0.76930279
vt 0.55435193 0.77800423
vt 0.50183016 0.7455498
vt 0.50183022 0.74145162
vt 0.56931102 0.78672457
vt 0.62873697 0.77132344
vt 0.6557126 0.71781421
vt 0.66588527 0.69385064
vt 0.65581995 0.64412379
vt 0.61706144 0.7974087
vt 0.57387012 0.78508282
vt 0.56259239 0.78308105
vt 0.64958119 0.77499217
vt 0.66941512 0.71287626
vt 0.65806788 0.72537267
vt 0.65831417 0.63368595
vt 0.66368151 0.64879024
vt 0.6653738 0.67857581
vt 0.5951311 0.80067337
vt 0.58646125 0.7915678
vt 0.57536036 0.79084164
vt 0.56833863 0.78777909
vt 0.66693348 0.7417841
vt 0.6818105 0.7053746
vt 0.66399091 0.6319747
vt 0.67627895 0.66379988
vt 0.67878586 0.67950404
vt 0.61385363 0.8066721
vt 0.66017693 0.77587622
vt 0.63882756 0.79624057
vt 0.69066978 0.68516183
vt 0.65895194 0.62757349
vt 0.66938984 0.62746608
vt 0.68304813 0.64219785
vt 0.63107336 0.80296552
vt 0.60436922 0.80778348
vt 0.59083092 0.80084383
vt 0.58257782 0.7934432
vt 0.67523706 0.76098657
vt 0.66227335 0.78758967
vt 0.64805311 0.8159734
vt 0.69270933 0.70075238
vt 0.67511708 0.72436237
vt 0.66100419 0.62243974
vt 0.67708093 0.63242936
vt 0.70886821 0.65857142
vt 0.61895579 0.81451476
vt 0.61046278 0.81371915
vt 0.59953862 0.80569971
vt 0.59841466 0.80695629
vt 0.58476269 0.79700458
vt 0.58065826 0.79724455
vt 0.68034554 0.74932998
vt 0.67536336 0.77745485
vt 0.67315328 0.80467677
vt 0.72276014 0.69218361
vt 0.68845969 0.71644402
vt 0.6968959 0.74564862
vt 0.65891403 0.61664933
vt 0.66428769 0.6172871
vt 0.67688519 0.62391102
vt 0.69209683 0.63177264
vt 0.63200158 0.82058299
vt 0.61392313 0.81472945
vt 0.60425556 0.81118071
vt 0.57626963 0.79315275
vt 0.68604755 0.76579827
vt 0.67917103 0.82466221
vt 0.69555718 0.72416663
vt 0.70973963 0.68023026
vt 0.70422071 0.62795234
vt 0.70084876 0.6756143
vt 0.62543446 0.81959164
vt 0.6206544 0.82060826
vt 0.68907219 0.7791661
vt 0.68644536 0.79709303
vt 0.66728079 0.83391929
vt 0.69318295 0.81526619
vt 0.63482416 0.82781947
vt 0.72015858 0.7156294
vt 0.73463142 0.67165506
vt 0.7149933 0.73620844
vt 0.66032219 0.61226702
vt 0.67131579 0.61376989
vt 0.68765771 0.62530023
vt 0.70205486 0.62403733
vt 0.71457654 0.62679678
vt 0.62914109 0.82473165
vt 0.7078768 0.76070875
vt 0.65522635 0.83578205
vt 0.68042129 0.8454622
vt 0.70192856 0.82449168
vt 0.64395493 0.82894975
vt 0.74789822 0.70493257
vt 0.76328671 0.67954826
vt 0.72502702 0.66801167
vt 0.66419297 0.60999382
vt 0.6809454 0.62186515
vt 0.69266516 0.62453616
vt 0.71172869 0.62070954
vt 0.72578478 0.64703476
vt 0.62348962 0.82378447
vt 0.70968908 0.7748217
vt 0.70198536 0.80757511
vt 0.65988648 0.84138936
vt 0.66551906 0.84631467
vt 0.69557613 0.83458233
vt 0.64074087 0.83136821
vt 0.63171113 0.82767421
vt 0.73338115 0.72709024
vt 0.75344872 0.65419543
vt 0.7414574 0.64606237
vt 0.71883249 0.74787134
vt 0.66882151 0.60849726
vt 0.67604536 0.61231124
vt 0.71905982 0.61905515
vt 0.73192251 0.63916695
vt 0.70142972 0.79559648
vt 0.72309482 0.75964791
vt 0.65209436 0.83907825
vt 0.66353625 0.84186292
vt 0.67057067 0.85017914
vt 0.69308823 0.84562004
vt 0.72279805 0.81758362
vt 0.70744109 0.82808465
vt 0.6459251 0.83644509
vt 0.76024944 0.71062195
vt 0.76988536 0.65975857
vt 0.66604316 0.60466439
vt 0.67406887 0.60819423
vt 0.71931243 0.61246282
vt 0.72637838 0.62399948
vt 0.71445656 0.78844213
vt 0.73183411 0.77000374
vt 0.66031587 0.84565794
vt 0.68074334 0.85142946
vt 0.71045947 0.84544325
vt 0.71510696 0.8226794
vt 0.71389455 0.83518219
vt 0.78279859 0.71372241
vt 0.76487797 0.73061377
vt 0.74864334 0.63119167
vt 0.78237551 0.65794629
vt 0.76629245 0.6398741
vt 0.72639728 0.60857308
vt 0.72611314 0.61573374
vt 0.73713201 0.62868482
vt 0.72740763 0.7792545
vt 0.6724208 0.85294491
vt 0.68874383 0.85768712
vt 0.70466274 0.85339326
vt 0.7264415 0.78973025
vt 0.72019643 0.82763004
vt 0.71511328 0.82853299
vt 0.78778702 0.68650687
vt 0.74985576 0.74701256
vt 0.79301548 0.67684567
vt 0.67278075 0.60290897
vt 0.71869361 0.60612935
vt 0.73442936 0.61544323
vt 0.73297071 0.78160977
vt 0.68414688 0.85922158
vt 0.71083832 0.85360795
vt 0.72099841 0.83830786
vt 0.73796552 0.79640472
vt 0.7247113 0.82858348
vt 0.71744961 0.83267534
vt 0.78963089 0.73045588
vt 0.79385531 0.70691538
vt 0.78795755 0.74478984
vt 0.76583779 0.63195574
vt 0.75218582 0.61575902
vt 0.78953618 0.64742631
vt 0.80239886 0.6659531
vt 0.72168034 0.59925282
vt 0.73645633 0.60689974
vt 0.75665647 0.7660445
vt 0.74524611 0.78457761
vt 0.68482882 0.86166525
vt 0.70017314 0.86458254
vt 0.714526 0.84777331
vt 0.70618451 0.85674626
vt 0.72122574 0.84237444
vt 0.74393272 0.82160592
vt 0.73851484 0.83166498
vt 0.72195822 0.83353406
vt 0.8005234 0.71929181
vt 0.80138218 0.68293285
vt 0.79899532 0.70176899
vt 0.77508223 0.76272309
vt 0.76174599 0.61956668
vt 0.77684397 0.63380587
vt 0.80032134 0.65550888
vt 0.71730441 0.6010651
vt 0.74140692 0.77394396
vt 0.69363129 0.86625588
vt 0.75574088 0.8003071
vt 0.73098797 0.83522004
vt 0.81291252 0.72835314
vt 0.79527605 0.7592501
vt 0.75611341 0.60203123
vt 0.7952382 0.63522661
vt 0.80959737 0.64144015
vt 0.81113815 0.66681814
vt 0.72980064 0.59271908
vt 0.70725799 0.59889925
vt 0.7052626 0.86232829
vt 0.70110768 0.86736095
vt 0.76055253 0.82495266
vt 0.73428416 0.83856678
vt 0.82572466 0.71442962
vt 0.80683166 0.74384266
vt 0.8157919 0.69356012
vt 0.80138218 0.78393984
vt 0.77801216 0.61714184
vt 0.76985383 0.60854149
vt 0.74347806 0.59395492
vt 0.78913838 0.62336171
vt 0.73194236 0.59271872
vt 0.7226367 0.59271979
vt 0.71078151 0.59334874
vt 0.69900495 0.87075186
vt 0.78281754 0.8059144
vt 0.74592179 0.84198922
vt 0.73876745 0.8400507
vt 0.82642555 0.73099893
vt 0.81591821 0.74065387
vt 0.81475002 0.7511549
vt 0.81588668 0.77645719
vt 0.77461159 0.59270895
vt 0.73780054 0.59271824
vt 0.75074542 0.59271634
vt 0.80397117 0.6307686
vt 0.79533923 0.62287545
vt 0.82615405 0.65175807
vt 0.82523847 0.67616367
vt 0.77535379 0.82078505
vt 0.75209737 0.84573376
vt 0.82864827 0.69283402
vt 0.83981234 0.72311211
vt 0.82816839 0.76675808
vt 0.80335867 0.79485768
vt 0.81644863 0.78719819
vt 0.7792877 0.61008859
vt 0.77230072 0.59270978
vt 0.77579165 0.59270865
vt 0.74344969 0.59271801
vt 0.76071656 0.59271431
vt 0.7444706 0.59271777
vt 0.81586772 0.62730193
vt 0.79523188 0.60938764
vt 0.82395661 0.6392616
vt 0.83090258 0.66454494
vt 0.72087604 0.59272051
vt 0.77978653 0.83727229
vt 0.76663971 0.84026539
vt 0.83936405 0.70519781
vt 0.82895136 0.74230194
vt 0.83919352 0.74706936
vt 0.80334604 0.81544298
vt 0.82808632 0.78727394
vt 0.78781861 0.60741752
vt 0.779755 0.60185444
vt 0.80989414 0.61814588
vt 0.81495839 0.6370768
vt 0.80102229 0.61349839
vt 0.8316161 0.64788723
vt 0.8383221 0.65665811
vt 0.84272337 0.67125726
vt 0.83648461 0.68595117
vt 0.7114765 0.5927242
vt 0.76496005 0.84759653
vt 0.84248972 0.69419789
vt 0.85652691 0.71152496
vt 0.85314864 0.75191891
vt 0.81577933 0.80051547
vt 0.84917045 0.79249603
vt 0.77867693 0.59270793
vt 0.81596875 0.61966133
vt 0.82064778 0.63049078
vt 0.79902691 0.60210699
vt 0.78973192 0.59766793
vt 0.83306843 0.63722205
vt 0.71089375 0.59272462
vt 0.80458999 0.84234917
vt 0.77909827 0.85332382
vt 0.75493258 0.84858787
vt 0.87000841 0.73016542
vt 0.83875781 0.76176959
vt 0.81237578 0.81860024
vt 0.82895136 0.80366641
vt 0.82040155 0.62520552
vt 0.81236947 0.61332786
vt 0.80925643 0.61458445
vt 0.80442578 0.60470855
vt 0.82841468 0.63301659
vt 0.83466601 0.64188218
vt 0.83891571 0.6510824
vt 0.8495304 0.66313684
vt 0.8515889 0.68577433
vt 0.71077156 0.5927248
vt 0.7702769 0.85823649
vt 0.76096296 0.8516441
vt 0.86304981 0.69453895
vt 0.9034248 0.71390557
vt 0.86846763 0.74655163
vt 0.81886709 0.81121224
vt 0.8500545 0.81063133
vt 0.78922087 0.59270602
vt 0.79700977 0.59270346
vt 0.80397749 0.59617138
vt 0.85537136 0.67117524
vt 0.81956804 0.8301369
vt 0.79355854 0.85884899
vt 0.76286995 0.85518658
vt 0.77907932 0.86153269
vt 0.87641132 0.69208252
vt 0.89570218 0.73483813
vt 0.86041665 0.76023519
vt 0.85527033 0.77978492
vt 0.83162874 0.81737524
vt 0.86161637 0.80212569
vt 0.79389262 0.5927043
vt 0.80872601 0.6060915
vt 0.79987413 0.59270191
vt 0.80857444 0.59800255
vt 0.85972834 0.664204
vt 0.86122489 0.67264652
vt 0.86428744 0.68199193
vt 0.81489527 0.84364361
vt 0.80554348 0.85583699
vt 0.76816154 0.86033291
vt 0.77289742 0.86228406
vt 0.90544546 0.74744827
vt 0.89815217 0.69150794
vt 0.8788929 0.7610687
vt 0.85931158 0.78809482
vt 0.85787821 0.79401785
vt 0.86873287 0.80671
vt 0.85009241 0.82932228
vt 0.80786598 0.59269655
vt 0.8035199 0.59270018
vt 0.86371911 0.66676766
vt 0.83557534 0.82993484
vt 0.82941234 0.84653568
vt 0.81075925 0.85284388
vt 0.80270195 0.86422265
vt 0.78915095 0.8669821
vt 0.77682507 0.8659339
vt 0.87178278 0.67871475
vt 0.90758079 0.71621984
vt 0.90088004 0.77128553
vt 0.90757746 0.70672476
vt 0.8911494 0.66653407
vt 0.89257014 0.78049845
vt 0.86330235 0.77346408
vt 0.86793089 0.78871363
vt 0.87010312 0.79535651
vt 0.86021459 0.81805718
vt 0.80670202 0.5926975
vt 0.86565769 0.67093527
vt 0.8296144 0.83671027
vt 0.81963116 0.85235131
vt 0.79434782 0.86927426
vt 0.8085618 0.86123586
vt 0.78195876 0.86830181
vt 0.87814778 0.67954195
vt 0.90759051 0.7457279
vt 0.90758044 0.71438813
vt 0.90759552 0.76560903
vt 0.90757662 0.70408541
vt 0.90757966 0.71178448
vt 0.90262288 0.66726017
vt 0.87280571 0.77460068
vt 0.89598 0.80920422
vt 0.87161225 0.82863402
vt 0.85093224 0.84274697
vt 0.83902305 0.84361839
vt 0.82684237 0.85362053
vt 0.81974483 0.86104012
vt 0.79902059 0.87154746
vt 0.80699581 0.86455733
vt 0.81141597 0.86045289
vt 0.79114008 0.87382072
vt 0.78616422 0.87030351
vt 0.87173223 0.67027855
vt 0.87564725 0.67276645
vt 0.90759122 0.74809331
vt 0.90309012 0.78448921
vt 0.90759951 0.77625793
vt 0.90757537 0.69442785
vt 0.90187776 0.64695275
vt 0.90752923 0.68041337
vt 0.88171548 0.67099208
vt 0.88736701 0.79092371
vt 0.88900876 0.81702161
vt 0.8927533 0.79498398
vt 0.86219102 0.83731019
vt 0.85911584 0.84148407
vt 0.84481347 0.84222287
vt 0.83239913 0.85417622
vt 0.82648873 0.85901946
vt 0.80515826 0.87199581
vt 0.81233788 0.86873752
vt 0.81505311 0.86336386
vt 0.86758995 0.66599727
vt 0.89962977 0.79221821
vt 0.90757185 0.68068838
vt 0.89387095 0.65281892
vt 0.90756404 0.65379018
vt 0.90756738 0.66865361
vt 0.88202488 0.66539741
vt 0.9060201 0.80727202
vt 0.90062749 0.79994082
vt 0.88434231 0.83620512
vt 0.87052619 0.8419261
vt 0.86240572 0.85221875
vt 0.84601951 0.84908676
vt 0.84119523 0.85275549
vt 0.82335043 0.86076862
vt 0.8009907 0.8747679
vt 0.79404473 0.87562668
vt 0.90760231 0.78965998
vt 0.90760106 0.78310502
vt 0.88961494 0.66057312
vt 0.90756589 0.66413212
vt 0.90756196 0.64352751
vt 0.90757179 0.68038344
vt 0.90757179 0.68044376
vt 0.90760827 0.80870837
vt 0.89820272 0.79658151
vt 0.90601379 0.83630615
vt 0.86932641 0.84855634
vt 0.85316753 0.85309649
vt 0.8387894 0.85795861
vt 0.81802094 0.86724097
vt 0.82437336 0.86601597
vt 0.81353766 0.87907439
vt 0.79137367 0.8782661
vt 0.90760219 0.78801441
vt 0.90760207 0.79076427
vt 0.90576118 0.79781914
vt 0.90761143 0.8154856
vt 0.9076072 0.80585802
vt 0.90159363 0.79478818
vt 0.89500123 0.85788918
vt 0.90761644 0.8322553
vt 0.86819613 0.85890579
vt 0.85838968 0.85649365
vt 0.84392941 0.8613432
vt 0.82852203 0.86398268
vt 0.79564232 0.88058352
vt 0.80698317 0.88372189
vt 0.78654939 0.87783676
vt 0.8154825 0.87272829
vt 0.90480769 0.7937274
vt 0.90411943 0.79609531
vt 0.9076041 0.80055219
vt 0.8814187 0.85462457
vt 0.90637368 0.84986341
vt 0.90761733 0.83487558
vt 0.85586387 0.85827434
vt 0.84400523 0.86938792
vt 0.82879984 0.87819034
vt 0.8205657 0.89750648
vt 0.79001606 0.89035845
vt 0.78642941 0.88294518
vt 0.90760249 0.79304856
vt 0.90760297 0.7979815
vt 0.88888878 0.8588174
vt 0.90761805 0.83787984
vt 0.90453619 0.86333227
vt 0.90761781 0.83637613
vt 0.8799727 0.86461413
vt 0.86152166 0.86030132
vt 0.85023761 0.86119795
vt 0.84868425 0.86844707
vt 0.80007511 0.89652771
vt 0.83088362 0.89707077
vt 0.78079689 0.88034993
vt 0.90762168 0.84881234
vt 0.88806158 0.87432587
vt 0.90762627 0.86399734
vt 0.87317199 0.87848079
vt 0.86283511 0.86388165
vt 0.85518819 0.8617726
vt 0.86016405 0.8621136
vt 0.84569114 0.87328398
vt 0.80328286 0.92938215
vt 0.82384294 0.92390746
vt 0.7828933 0.89679289
vt 0.78216082 0.88585615
vt 0.84021646 0.8828631
vt 0.90762216 0.84963143
vt 0.90762872 0.87225413
vt 0.90762275 0.85193539
vt 0.8794865 0.87677592
vt 0.86027771 0.86393845
vt 0.85525769 0.86600333
vt 0.85184783 0.87166113
vt 0.77942663 0.9152692
vt 0.83821476 0.91728354
vt 0.77459604 0.88411337
vt 0.8463226 0.88718224
vt 0.90762228 0.85048693
vt 0.90763229 0.88326776
vt 0.87789524 0.88588142
vt 0.86512727 0.87330925
vt 0.86063135 0.86909747
vt 0.85161418 0.87801987
vt 0.81924599 0.93977582
vt 0.79257345 0.9255808
vt 0.84434617 0.930664
vt 0.84725088 0.90542489
vt 0.77001166 0.90785599
vt 0.8838498 0.88072246
vt 0.89949715 0.88701802
vt 0.86653543 0.89141929
vt 0.86785513 0.87899232
vt 0.85587651 0.87235576
vt 0.84116995 0.95125562
vt 0.81046879 0.93891704
vt 0.78678936 0.92384434
vt 0.79673469 0.92902851
vt 0.84925258 0.91353905
vt 0.77015692 0.91430306
vt 0.85150683 0.89808106
vt 0.90763289 0.88593924
vt 0.87308353 0.89489228
vt 0.86640912 0.88434702
vt 0.88389403 0.88629818
vt 0.8643316 0.87879658
vt 0.86145854 0.8741743
vt 0.85764456 0.86899638
vt 0.85986727 0.88288838
vt 0.81947958 0.94424653
vt 0.80282193 0.93477476
vt 0.81484473 0.94237113
vt 0.77986234 0.92004299
vt 0.80023926 0.93223631
vt 0.79361534 0.92902851
vt 0.85508084 0.92931271
vt 0.85297811 0.94382346
vt 0.85597754 0.91137946
vt 0.7657178 0.91091847
vt 0.77454549 0.91667104
vt 0.76262999 0.88432807
vt 0.85669106 0.89398926
vt 0.85682368 0.90551329
vt 0.89333421 0.88617188
vt 0.90763438 0.89099085
vt 0.87783837 0.89631933
vt 0.86590397 0.89894617
vt 0.86376965 0.88761795
vt 0.88760692 0.88903236
vt 0.8828963 0.89293474
vt 0.8583076 0.87212843
vt 0.85656476 0.88639921
vt 0.82874298 0.94957596
vt 0.85977256 0.92185521
vt 0.85792869 0.95235437
vt 0.75625235 0.90224868
vt 0.8950265 0.89122981
vt 0.9003433 0.90008909
vt 0.87386656 0.90382099
vt 0.86150903 0.89128667
vt 0.88588941 0.89247382
vt 0.83841687 0.95597255
vt 0.82127291 0.94699967
vt 0.86272776 0.92817605
vt 0.87466216 0.94792157
vt 0.8503955 0.96064532
vt 0.8626709 0.91429043
vt 0.75761628 0.90633416
vt 0.74672371 0.89006793
vt 0.86017668 0.8971718
vt 0.90763766 0.90272409
vt 0.87905711 0.90593004
vt 0.88376141 0.89611095
vt 0.86518407 0.90422511
vt 0.88939393 0.89109725
vt 0.86846763 0.92807508
vt 0.87845719 0.92734885
vt 0.86178058 0.96083474
vt 0.85520083 0.96358788
vt 0.87003994 0.91835701
vt 0.86411065 0.90877789
vt 0.75552619 0.90448403
vt 0.74382538 0.89611727
vt 0.86162269 0.90293694
vt 0.89118093 0.89652771
vt 0.90235764 0.92003667
vt 0.88498008 0.90120679
vt 0.87227529 0.90943456
vt 0.84538805 0.96152306
vt 0.88640088 0.9432236
vt 0.86764675 0.9607085
vt 0.85025024 0.96385944
vt 0.74995047 0.90285486
vt 0.7481066 0.90021539
vt 0.90764016 0.91093957
vt 0.89047372 0.90943456
vt 0.88136822 0.91464406
vt 0.87463063 0.91985357
vt 0.89085895 0.93029773
vt 0.88479698 0.95430553
vt 0.87721324 0.96114415
vt 0.86500728 0.96898681
vt 0.85897058 0.96911943
vt 0.90764511 0.92833567
vt 0.89314479 0.92275822
vt 0.90230715 0.93638492
vt 0.89470446 0.94785213
vt 0.87293833 0.96709245
vt 0.88442445 0.96660626
vt 0.88878143 0.95798057
vt 0.86510199 0.97343856
vt 0.87037462 0.97215039
vt 0.90764731 0.93578047
vt 0.90269232 0.95116091
vt 0.89671248 0.95793009
vt 0.87831199 0.98075706
vt 0.87355083 0.97744197
vt 0.89037901 0.9640615
vt 0.88602197 0.97784609
vt 0.87007153 0.97780818
vt 0.90764958 0.9427653
vt 0.90765631 0.96116412
vt 0.8894887 0.96808386
vt 0.8961947 0.96254599
vt 0.88036418 0.98940796
vt 0.88818789 0.97124738
vt 0.87368345 0.98964161
vt 0.87055141 0.98818296
vt 0.9076516 0.9486748
vt 0.90765655 0.96191359
vt 0.90765327 0.95342642
vt 0.89362466 0.96694088
vt 0.90273023 0.96468031
vt 0.89198923 0.98782301
vt 0.89254493 0.97667789
vt 0.90188408 0.9689489
vt 0.87683439 0.99343663
vt 0.88214487 0.99361974
vt 0.89236808 0.98010665
vt 0.89526016 0.97434783
vt 0.87094927 0.99175066
vt 0.90765649 0.9622981
vt 0.8995477 0.97199249
vt 0.90765554 0.9711768
vt 0.88802367 0.99733901
vt 0.89774173 0.98720419
vt 0.90009707 0.97663367
vt 0.9076556 0.97108454
vt 0.90765554 0.97129941
vt 0.90395522 0.97436047
vt 0.88364774 0.99756628
vt 0.89184481 0.99841082
vt 0.89813322 0.99400491
vt 0.90411311 0.98209572
vt 0.89473057 0.99840939
vt 0.88821942 0.99841219
vt 0.89548343 0.99840897
vt 0.90261656 0.98746938
vt 0.90531284 0.97790921
vt 0.90765584 0.97636741
vt 0.88469017 0.99841195
vt 0.89850211 0.99840671
vt 0.90414464 0.99701065
vt 0.90706199 0.9892059
vt 0.90765429 0.97877264
vt 0.90765584 0.97759634
vt 0.9076556 0.98803556
vt 0.9076547 0.98027372
vt 0.90258509 0.99840367
vt 0.90765601 0.98884428
vt 0.90765417 0.9829666
vt 0.90765828 0.99537599
vt 0.90765828 0.99633896
vt 0.90621293 0.99840081
vt 0.90733361 0.99839985
vt 0.90350318 0.99840248
vt 0.90765864 0.99839962
vt 0.14743064 0.57610798
vt 0.15765591 0.57334387
vt 0.1538519 0.58616209
vt 0.14126426 0.58550775
vt 0.1519873 0.55894738
vt 0.16680193 0.57830155
vt 0.15086906 0.59101892
vt 0.13872054 0.57810926
vt 0.16959719 0.56931841
vt 0.1354214 0.56149709
vt 0.16432144 0.59034443
vt 0.16275348 0.59166074
vt 0.14234108 0.59759283
vt 0.11423007 0.58374357
vt 0.16681671 0.55561721
vt 0.14047937 0.5579735
vt 0.17918286 0.580598
vt 0.17581862 0.58789164
vt 0.12062847 0.59292012
vt 0.12043489 0.57268119
vt 0.17547753 0.55906761
vt 0.16025487 0.55572248
vt 0.13556573 0.55578297
vt 0.14523913 0.55585039
vt 0.19081914 0.5783323
vt 0.18038672 0.59057683
vt 0.17068738 0.59874225
vt 0.12389487 0.60059261
vt 0.095119022 0.58560032
vt 0.10659271 0.58975184
vt 0.11990342 0.55830157
vt 0.16867852 0.55371708
vt 0.19914669 0.55978775
vt 0.15232095 0.55485892
vt 0.16100043 0.55129212
vt 0.14021368 0.55329645
vt 0.19540374 0.5834716
vt 0.14929822 0.60297847
vt 0.1050835 0.59785354
vt 0.10216312 0.56066853
vt 0.17631067 0.55480522
vt 0.18949576 0.55693024
vt 0.15505935 0.5513283
vt 0.13024649 0.55402291
vt 0.13572982 0.55282116
vt 0.14212555 0.55124217
vt 0.20864014 0.57866657
vt 0.18332127 0.59650445
vt 0.17145137 0.61174697
vt 0.12186451 0.64231563
vt 0.10134312 0.60425341
vt 0.091557182 0.58196408
vt 0.098072931 0.58964217
vt 0.095315151 0.6000483
vt 0.11313702 0.55518633
vt 0.19579452 0.55463779
vt 0.12205831 0.55334103
vt 0.19852154 0.58870113
vt 0.21388644 0.58497465
vt 0.21179056 0.55587804
vt 0.20218888 0.59864932
vt 0.20165254 0.61377692
vt 0.15992014 0.63067156
vt 0.086414486 0.56365472
vt 0.086800627 0.59111428
vt 0.10678615 0.55641961
vt 0.18049836 0.55180913
vt 0.18912554 0.55284011
vt 0.19994023 0.55290973
vt 0.22373521 0.58318996
vt 0.22857779 0.55963755
vt 0.20266637 0.59380019
vt 0.18357885 0.6303463
vt 0.16279177 0.64809835
vt 0.089535467 0.63136178
vt 0.087818056 0.6024754
vt 0.085615769 0.57563382
vt 0.085855566 0.55610263
vt 0.10241592 0.55480409
vt 0.19854297 0.55019021
vt 0.23100109 0.57410723
vt 0.22164775 0.59557986
vt 0.20832662 0.55004269
vt 0.22042234 0.55137849
vt 0.22407997 0.6025629
vt 0.19196968 0.64085555
vt 0.11518352 0.65370238
vt 0.10277072 0.64410233
vt 0.072943971 0.56132048
vt 0.096291669 0.55649388
vt 0.070507407 0.5839597
vt 0.23863688 0.58442438
vt 0.21259069 0.55171943
vt 0.22962146 0.55452168
vt 0.23598576 0.56975061
vt 0.23686379 0.61416578
vt 0.20964839 0.65503603
vt 0.089563973 0.66654354
vt 0.11078244 0.64622819
vt 0.068738393 0.61193252
vt 0.077287666 0.60064137
vt 0.049626812 0.57521248
vt 0.085876398 0.5541116
vt 0.07379771 0.59003156
vt 0.24099888 0.58152837
vt 0.23384126 0.59625483
vt 0.23835377 0.55533421
vt 0.23715825 0.57433319
vt 0.24078263 0.56275415
vt 0.24816591 0.63476133
vt 0.20097069 0.65449023
vt 0.15454464 0.6734159
vt 0.062293019 0.62672246
vt 0.06629952 0.59419715
vt 0.048185896 0.56425208
vt 0.076498315 0.55493009
vt 0.053528763 0.58603287
vt 0.2450415 0.5835017
vt 0.24196745 0.57599378
vt 0.24365322 0.59068537
vt 0.23972231 0.56804574
vt 0.24454281 0.59695697
vt 0.24569251 0.6259656
vt 0.19487672 0.67664182
vt 0.24096701 0.64191031
vt 0.13325985 0.69925749
vt 0.068172023 0.65883541
vt 0.04714562 0.60511291
vt 0.060348421 0.60073614
vt 0.035066441 0.56623709
vt 0.058944989 0.56069458
vt 0.06380441 0.55547273
vt 0.05735407 0.59496188
vt 0.038069524 0.59154171
vt 0.25075713 0.57496941
vt 0.24573024 0.56020921
vt 0.24517681 0.56726891
vt 0.23973875 0.57268822
vt 0.24378204 0.60389256
vt 0.24899426 0.61371922
vt 0.21571511 0.675834
vt 0.24921867 0.64292717
vt 0.23977879 0.65218556
vt 0.18492319 0.68034238
vt 0.16679014 0.69688213
vt 0.094700612 0.69844872
vt 0.051275287 0.63370717
vt 0.073570997 0.66685176
vt 0.040627003 0.6178906
vt 0.040163469 0.56128305
vt 0.014464491 0.56148219
vt 0.050297122 0.55907369
vt 0.020436376 0.58356714
vt 0.045439772 0.59127235
vt 0.25147051 0.5834049
vt 0.24720106 0.55164933
vt 0.25049999 0.56890833
vt 0.24469648 0.57239711
vt 0.24864455 0.59878731
vt 0.2249333 0.68062377
vt 0.24927817 0.64791787
vt 0.19485916 0.69034547
vt 0.15965714 0.73059088
vt 0.085909344 0.68533438
vt 0.11470374 0.72818738
vt 0.043707829 0.62250793
vt 0.077197365 0.6723007
vt 0.056232959 0.59936941
vt 0.037862945 0.60625201
vt 0.032280598 0.5600158
vt 0.024116639 0.55968159
vt 0.055402115 0.55515945
vt 0.029899091 0.59431684
vt 0.046714913 0.60094333
vt 0.25789997 0.57714713
vt 0.26310694 0.58416843
vt 0.25268283 0.5580045
vt 0.24957776 0.56559539
vt 0.24169752 0.57486498
vt 0.25597075 0.59399265
vt 0.24909461 0.60432273
vt 0.20764513 0.68840909
vt 0.2539708 0.65476465
vt 0.19962575 0.68862236
vt 0.18925552 0.69564068
vt 0.18768631 0.71303272
vt 0.11470636 0.72819132
vt 0.038404096 0.61468512
vt 0.043978915 0.55587989
vt 0.02408604 0.5560708
vt 0.0066661928 0.56600863
vt 0.03533059 0.60148674
vt 0.020079639 0.58421445
vt 0.25618252 0.57338345
vt 0.25281823 0.55290627
vt 0.25426179 0.56313723
vt 0.2146627 0.69012725
vt 0.25335267 0.65061951
vt 0.25220069 0.68882871
vt 0.20215526 0.69652593
vt 0.19717477 0.69826943
vt 0.20952775 0.72085923
vt 0.11471173 0.72819948
vt 0.032542884 0.60593832
vt 0.032592818 0.55525059
vt 0.0036523051 0.55851579
vt 0.006652324 0.56634772
vt 0.028055787 0.59750926
vt 0.025572477 0.59298265
vt 0.019650996 0.58357131
vt 0.21792378 0.69600058
vt 0.22637779 0.69280136
vt 0.26005992 0.65331292
vt 0.26203319 0.66217411
vt 0.19429673 0.70192945
vt 0.20032054 0.7058515
vt 0.18367375 0.7421068
vt 0.13210391 0.74243855
vt 0.0063096541 0.56588566
vt 0.030812215 0.60298276
vt 0.027154395 0.59593636
vt 0.20605826 0.69464558
vt 0.26788387 0.67234093
vt 0.24190919 0.71404999
vt 0.20088059 0.69917846
vt 0.1988783 0.70047474
vt 0.20930298 0.70215547
vt 0.19725014 0.74162525
vt 0.17015128 0.74083388
vt 0.14655645 0.74341357
vt 0.12419257 0.74274123
vt 0.0020476044 0.55922902
vt 0.2690312 0.65255439
vt 0.26657155 0.69989741
vt 0.27714634 0.66167593
vt 0.22721653 0.73561108
vt 0.20603606 0.69994628
vt 0.20926812 0.74147427
vt 0.18035926 0.74454772
vt 0.13877404 0.74557626
vt 0.12502593 0.74387884
vt 0.2629371 0.65202069
vt 0.28283378 0.67885774
vt 0.24969886 0.72436547
vt 0.1662672 0.74312651
vt 0.14419277 0.74783653
vt 0.12696183 0.74430639
vt 0.27467644 0.65663421
vt 0.28974515 0.69882274
vt 0.28789365 0.66051888
vt 0.24905957 0.72991872
vt 0.25555125 0.7253899
vt 0.21465646 0.74354172
vt 0.15027341 0.74645936
vt 0.12560362 0.74450457
vt 0.2830559 0.65648329
vt 0.3000001 0.6933527
vt 0.27913481 0.70915389
vt 0.29381341 0.67107153
vt 0.23762114 0.73803985
vt 0.25144923 0.72830391
vt 0.26251957 0.72070396
vt 0.22501262 0.74180764
vt 0.30021331 0.68011379
vt 0.29196563 0.70031786
vt 0.28906029 0.70229053
vt 0.29662681 0.65627116
vt 0.23485591 0.74000937
vt 0.30146512 0.69357598
vt 0.30003098 0.69483423
vt 0.29059371 0.70123106
vt 0.30086377 0.66477495
vt 0.2897191 0.65595371
vt 0.23221497 0.74171758
vt 0.30377159 0.69162661
vt 0.30259261 0.66068363
vt 0.30649701 0.6781987
vt 0.30479363 0.69088703
vt 0.30338025 0.65609264
vt 0.30530819 0.66663307
vt 0.30552828 0.68248594
vt 0.5314461 0.96562415
vt 0.52091843 0.96607113
vt 0.52731401 0.96449506
vt 0.52980804 0.95637125
vt 0.52102292 0.96141911
vt 0.53622586 0.96504766
vt 0.51556337 0.96538454
vt 0.53866416 0.96240026
vt 0.51869571 0.95238096
vt 0.51171881 0.96067804
vt 0.5282709 0.94601858
vt 0.54322797 0.96633005
vt 0.51193726 0.95525932
vt 0.50922239 0.9645074
vt 0.54354888 0.95806015
vt 0.51174706 0.94731772
vt 0.50079906 0.95911717
vt 0.54368955 0.93693709
vt 0.54821992 0.96365935
vt 0.50630099 0.95388067
vt 0.52017283 0.93913203
vt 0.49997896 0.96311349
vt 0.5548287 0.94543278
vt 0.5521425 0.95993805
vt 0.55060196 0.9656378
vt 0.50560915 0.94888294
vt 0.5076803 0.94001669
vt 0.49439502 0.95257163
vt 0.49123475 0.95907307
vt 0.52535516 0.9300369
vt 0.55278307 0.93631279
vt 0.56517631 0.95695662
vt 0.51155227 0.9305082
vt 0.48687449 0.9604519
vt 0.53410697 0.92061484
vt 0.56573135 0.93893743
vt 0.55248022 0.93094766
vt 0.55823439 0.964454
vt 0.49566036 0.94337559
vt 0.48596036 0.95307565
vt 0.48308229 0.95866412
vt 0.51642811 0.92075533
vt 0.53988254 0.92574322
vt 0.5219515 0.92007816
vt 0.56890869 0.94721091
vt 0.56500316 0.96387422
vt 0.48823637 0.94163662
vt 0.50295961 0.92595875
vt 0.50476009 0.92244416
vt 0.53872651 0.91921258
vt 0.56336129 0.9280805
vt 0.55237627 0.9201827
vt 0.58057368 0.95557159
vt 0.57749385 0.95877779
vt 0.57016188 0.96169424
vt 0.47807401 0.95363438
vt 0.51313108 0.91915989
vt 0.57562864 0.92244565
vt 0.58430678 0.94560468
vt 0.4935725 0.92420781
vt 0.47741315 0.9588508
vt 0.47979599 0.93824893
vt 0.56234378 0.92112839
vt 0.58325428 0.93671811
vt 0.58166575 0.96204656
vt 0.58930653 0.95793283
vt 0.57420379 0.96442252
vt 0.48545891 0.92824048
vt 0.49917921 0.92073786
vt 0.4751291 0.95941132
vt 0.47402483 0.95057535
vt 0.56111163 0.91733575
vt 0.59122956 0.92947388
vt 0.56736857 0.918607
vt 0.60023385 0.94745189
vt 0.4752807 0.92396003
vt 0.49537876 0.92052215
vt 0.47379211 0.94250304
vt 0.58512324 0.91993833
vt 0.59675032 0.93851173
vt 0.57693315 0.91609949
vt 0.58983487 0.96338028
vt 0.5948894 0.95751983
vt 0.47560832 0.92029524
vt 0.4918873 0.92002302
vt 0.47366273 0.9325645
vt 0.59487218 0.92032254
vt 0.61590052 0.92938209
vt 0.61124778 0.93888205
vt 0.60085553 0.95915735
vt 0.47372168 0.92235124
vt 0.4710536 0.9229185
vt 0.58969492 0.91733468
vt 0.60235274 0.92333752
vt 0.59790927 0.96231872
vt 0.61839765 0.94342554
vt 0.61024493 0.95843291
vt 0.59559429 0.91711295
vt 0.60177886 0.91799343
vt 0.60846257 0.91909707
vt 0.62287581 0.93209827
vt 0.59929472 0.96372437
vt 0.63467151 0.94016111
vt 0.60821873 0.96158165
vt 0.61456436 0.91930467
vt 0.62676018 0.92396104
vt 0.63579488 0.95038295
vt 0.61716771 0.9574216
vt 0.61113298 0.96124166
vt 0.60707867 0.91663218
vt 0.61183387 0.9175989
vt 0.62856942 0.92846191
vt 0.65206224 0.94385171
vt 0.62696248 0.95372701
vt 0.62623978 0.95875496
vt 0.6179626 0.96273476
vt 0.60857272 0.91682273
vt 0.61458957 0.91684699
vt 0.62507337 0.91913676
vt 0.6393612 0.92365921
vt 0.64765763 0.9300853
vt 0.64871091 0.95414925
vt 0.66027939 0.93576783
vt 0.63352752 0.95710647
vt 0.62040532 0.91494685
vt 0.62269813 0.91666323
vt 0.63470924 0.91808748
vt 0.65695477 0.95961863
vt 0.63986462 0.95938325
vt 0.67201537 0.93902963
vt 0.62734592 0.96326053
vt 0.62755388 0.91560209
vt 0.62784016 0.91682154
vt 0.6418786 0.91803682
vt 0.63681573 0.91674024
vt 0.65412241 0.92011219
vt 0.65099835 0.96126091
vt 0.6613512 0.96096265
vt 0.67186588 0.91697919
vt 0.63111544 0.96115822
vt 0.66224283 0.91818929
vt 0.68188912 0.92966831
vt 0.66808581 0.95651037
vt 0.64622849 0.91489899
vt 0.64876759 0.91564041
vt 0.65726483 0.91480988
vt 0.66594809 0.91411877
vt 0.68601233 0.94091046
vt 0.67814618 0.91725314
vt 0.66518116 0.96086675
vt 0.67658955 0.94916981
vt 0.65290397 0.91600007
vt 0.67503417 0.9138782
vt 0.69066793 0.93567753
vt 0.68428183 0.92054957
vt 0.67210114 0.96024978
vt 0.6784814 0.95609015
vt 0.69027805 0.9315064
vt 0.69387645 0.94119644
vt 0.68618405 0.95021605
vt 0.68461877 0.91475427
vt 0.68853104 0.92523724
vt 0.67286426 0.96005905
vt 0.67575264 0.95788437
vt 0.68238842 0.9531076
vt 0.69508857 0.93743169
vt 0.69369549 0.94491714
vt 0.68922246 0.9479208
vt 0.68902642 0.91686833
vt 0.68913436 0.91990495
vt 0.67245895 0.96041644
vt 0.69992024 0.93829685
vt 0.69572097 0.94360775
vt 0.68939579 0.91465008
vt 0.69061023 0.92249084
vt 0.69842607 0.94167626
vt 0.69057405 0.91810381
vt 0.70125157 0.93927711
vt 0.36982104 0.76084894
vt 0.37222344 0.75901687
vt 0.37050712 0.76647174
vt 0.36636296 0.76382601
vt 0.36932373 0.75775176
vt 0.36742327 0.76908118
vt 0.37433368 0.75508595
vt 0.35917178 0.75664139
vt 0.36369905 0.76992458
vt 0.36881766 0.75112158
vt 0.36208376 0.75148857
vt 0.3712112 0.74444723
vt 0.35642472 0.76281959
vt 0.35750154 0.74811172
vt 0.36465225 0.74522322
vt 0.38014042 0.74946845
vt 0.35785913 0.76914454
vt 0.35276678 0.75091743
vt 0.36750013 0.73644865
vt 0.38082272 0.74238741
vt 0.35135689 0.76293004
vt 0.35132602 0.74349654
vt 0.36022788 0.7423811
vt 0.36954126 0.7343694
vt 0.3765972 0.73714137
vt 0.35560536 0.77169359
vt 0.34389183 0.75914389
vt 0.34673676 0.74904013
vt 0.359514 0.72677869
vt 0.36027867 0.73620856
vt 0.38510829 0.73966324
vt 0.35177046 0.77397513
vt 0.34590745 0.76793385
vt 0.34002161 0.7407285
vt 0.3557812 0.74060893
vt 0.3770448 0.72955596
vt 0.36901048 0.71576905
vt 0.38169098 0.73269498
vt 0.35828561 0.77966499
vt 0.33956531 0.7534976
vt 0.34138879 0.76378286
vt 0.34447899 0.73474872
vt 0.33955508 0.74645305
vt 0.35172182 0.73499995
vt 0.37581447 0.7200191
vt 0.36055022 0.7159121
vt 0.38751084 0.73202652
vt 0.35325322 0.77943969
vt 0.34523916 0.77467686
vt 0.33670574 0.75644374
vt 0.33349386 0.76209939
vt 0.33603051 0.76905948
vt 0.33884171 0.72874844
vt 0.33284539 0.74456704
vt 0.38186708 0.72590715
vt 0.35225308 0.72189498
vt 0.37780386 0.71361262
vt 0.3578248 0.7050519
vt 0.35709307 0.78401995
vt 0.33746663 0.77478403
vt 0.32955107 0.75201797
vt 0.33543581 0.74862421
vt 0.334281 0.76714379
vt 0.34787554 0.72888756
vt 0.33426526 0.73820007
vt 0.38623181 0.72061801
vt 0.35361993 0.69866383
vt 0.39002532 0.72748423
vt 0.35178721 0.78418052
vt 0.3489702 0.78175485
vt 0.3362093 0.78159165
vt 0.33049822 0.75722426
vt 0.3286162 0.7734189
vt 0.33135393 0.77792186
vt 0.33140785 0.73084086
vt 0.32745707 0.74354732
vt 0.32774523 0.74574256
vt 0.36585999 0.70132756
vt 0.38880822 0.7051276
vt 0.34169444 0.71237773
vt 0.35942033 0.69835281
vt 0.35041237 0.78995919
vt 0.33974525 0.78759193
vt 0.33013311 0.74879348
vt 0.32973284 0.71646118
vt 0.32575783 0.73512328
vt 0.39226091 0.72347116
vt 0.37338004 0.69740444
vt 0.38980839 0.71297199
vt 0.37624171 0.70475912
vt 0.34388134 0.69918263
vt 0.3565993 0.68496275
vt 0.34330657 0.7909379
vt 0.33017674 0.78315365
vt 0.3364 0.78734642
vt 0.3203913 0.78364098
vt 0.33582962 0.71288079
vt 0.31894055 0.7270968
vt 0.32456326 0.74417663
vt 0.3193287 0.73495448
vt 0.39367896 0.71878469
vt 0.36511791 0.69281673
vt 0.39396977 0.70383292
vt 0.38316447 0.69650209
vt 0.33825108 0.68613279
vt 0.35364878 0.67828286
vt 0.34444255 0.796444
vt 0.33560413 0.7924419
vt 0.32128486 0.78761196
vt 0.32758561 0.70709133
vt 0.31928673 0.72146916
vt 0.39645857 0.72096133
vt 0.37475213 0.69208276
vt 0.38052869 0.69222653
vt 0.38889748 0.69661486
vt 0.39577028 0.71150959
vt 0.34627539 0.6761266
vt 0.33769763 0.7001096
vt 0.36301526 0.68073428
vt 0.36394364 0.68421352
vt 0.33810309 0.79508865
vt 0.35001138 0.79796499
vt 0.32700431 0.78793931
vt 0.32674152 0.79390073
vt 0.31664032 0.72867835
vt 0.31414819 0.73690224
vt 0.3994365 0.7170015
vt 0.36857688 0.68645179
vt 0.3953363 0.69796956
vt 0.39950028 0.70610988
vt 0.38569313 0.69129938
vt 0.33828574 0.67505729
vt 0.32719213 0.68746412
vt 0.35626927 0.67218441
vt 0.36282337 0.67656136
vt 0.33977821 0.79982197
vt 0.34908456 0.80396479
vt 0.32060835 0.78984654
vt 0.33185321 0.70082653
vt 0.37690371 0.68654156
vt 0.38005745 0.68886483
vt 0.3933062 0.69094998
vt 0.39752147 0.70079279
vt 0.40230641 0.71124685
vt 0.38419771 0.68623793
vt 0.33388442 0.67891407
vt 0.34339583 0.673419
vt 0.34856775 0.6684038
vt 0.36726415 0.67889917
vt 0.36696184 0.68207133
vt 0.33977363 0.80579841
vt 0.34485757 0.81069875
vt 0.37328482 0.68060625
vt 0.39975178 0.69530594
vt 0.39912009 0.69957936
vt 0.3998526 0.70194733
vt 0.40258676 0.70070136
vt 0.40369037 0.7148124
vt 0.39495566 0.68267071
vt 0.38819829 0.68256426
vt 0.33081752 0.67308635
vt 0.34049264 0.67160648
vt 0.32430989 0.6819365
vt 0.35794699 0.66379017
vt 0.36560959 0.67524463
vt 0.38166618 0.67839348
vt 0.40155455 0.68788344
vt 0.33412218 0.66635299
vt 0.32114741 0.67745608
vt 0.34410405 0.66151953
vt 0.37173426 0.67457354
vt 0.38242632 0.66933477
vt 0.40387338 0.69100577
vt 0.32819667 0.66686636
vt 0.31983426 0.66884255
vt 0.34999979 0.65125
vt 0.32322973 0.66842306
vt 0.32978377 0.66365957
vt 0.31630692 0.67400557
vt 0.33547771 0.66094947
vt 0.33614975 0.65559959
vt 0.35814428 0.64944005
vt 0.37464276 0.66163206
vt 0.32422382 0.66407156
vt 0.31847364 0.67010105
vt 0.31970832 0.66710711
vt 0.33453315 0.63360119
vt 0.35799804 0.63729286
vt 0.36749017 0.6483357
vt 0.32177579 0.66671836
vt 0.32872191 0.66064644
vt 0.31911096 0.66894388
vt 0.31946805 0.6679619
vt 0.32760778 0.65038794
vt 0.34163886 0.63207358
vt 0.31987485 0.66638052
vt 0.32099709 0.66120535
vt 0.32466653 0.63194847
vt 0.33367696 0.61984432
vt 0.35655648 0.63094962
vt 0.36716011 0.63696784
vt 0.31993255 0.66680157
vt 0.32191238 0.65597713
vt 0.3194921 0.64542568
vt 0.3457191 0.62113941
vt 0.3659009 0.63066888
vt 0.31994841 0.66417032
vt 0.31986809 0.66110396
vt 0.31929451 0.65066314
vt 0.3194797 0.63549346
vt 0.32545057 0.61586499
vt 0.34592929 0.60763711
vt 0.35945562 0.6212036
vt 0.36648011 0.62604249
vt 0.31997094 0.66213125
vt 0.31927237 0.65769279
vt 0.3194344 0.65305638
vt 0.31941861 0.62919009
vt 0.33400777 0.60257626
vt 0.35833874 0.61020863
vt 0.31979257 0.6217947
vt 0.32467574 0.60083503
vt 0.34204721 0.59978795
vt 0.35125616 0.59969592
vt 0.320151 0.61483884
vt 0.34224877 0.59219408
vt 0.34566617 0.59690166
vt 0.32143101 0.60467964
vt 0.32192644 0.59883952
vt 0.61232227 0.88630742
vt 0.61244279 0.88066411
vt 0.61540252 0.88467348
vt 0.61164552 0.89337695
vt 0.61027664 0.88450211
vt 0.62075508 0.89020246
vt 0.61070883 0.87735075
vt 0.61829799 0.89797777
vt 0.6193704 0.88213396
vt 0.60529184 0.88745546
vt 0.60802799 0.87989229
vt 0.627289 0.89467889
vt 0.6123898 0.89906859
vt 0.63253331 0.87963086
vt 0.61649692 0.87720048
vt 0.59714454 0.89460039
vt 0.60362768 0.87243342
vt 0.6253258 0.89999181
vt 0.60500693 0.89808917
vt 0.62542981 0.87725651
vt 0.60127664 0.8811661
vt 0.63419092 0.89948291
vt 0.63409001 0.89251149
vt 0.60658902 0.90042877
vt 0.62631196 0.86955988
vt 0.5997479 0.90018648
vt 0.58867484 0.88891202
vt 0.5946548 0.87480676
vt 0.64350539 0.89070582
vt 0.609707 0.90108079
vt 0.6334545 0.87015909
vt 0.62019032 0.86589503
vt 0.59381837 0.90008593
vt 0.58913356 0.89759171
vt 0.59976673 0.86844176
vt 0.64368671 0.89957809
vt 0.63950431 0.8737973
vt 0.6363042 0.86459881
vt 0.62647098 0.86354071
vt 0.58432925 0.89682591
vt 0.58847529 0.87348223
vt 0.59638488 0.86767256
vt 0.64706624 0.88082308
vt 0.64603037 0.89908105
vt 0.58811641 0.90177137
vt 0.57856727 0.8968088
vt 0.57753122 0.88254988
vt 0.58946908 0.8672114
vt 0.64621317 0.8702805
vt 0.65496296 0.88232255
vt 0.65246952 0.89476264
vt 0.58322024 0.90126508
vt 0.58323503 0.87295914
vt 0.5927304 0.8648712
vt 0.65076876 0.87564546
vt 0.65005761 0.89957917
vt 0.56897944 0.89742744
vt 0.57576627 0.90112364
vt 0.57857394 0.87453693
vt 0.65052325 0.86972868
vt 0.67463267 0.89276206
vt 0.65471554 0.87181717
vt 0.6544261 0.89833945
vt 0.56516671 0.88231409
vt 0.57430214 0.8733623
vt 0.66286582 0.89574301
vt 0.66387671 0.88237429
vt 0.65792936 0.87644696
vt 0.5661177 0.9025352
vt 0.55323875 0.88056046
vt 0.5667004 0.87318921
vt 0.6719045 0.89744592
vt 0.67000121 0.88007814
vt 0.65873623 0.87079239
vt 0.56007755 0.90088242
vt 0.55723584 0.87523878
vt 0.55283207 0.89310354
vt 0.57084578 0.86842299
vt 0.67450482 0.89835387
vt 0.66356266 0.8743881
vt 0.6766935 0.8843624
vt 0.55098671 0.87723851
vt 0.55053127 0.88442898
vt 0.56107199 0.86760598
vt 0.56653631 0.86740148
vt 0.68097985 0.89464521
vt 0.67690992 0.87510091
vt 0.68369663 0.88711911
vt 0.67039901 0.87439275
vt 0.66440701 0.86987007
vt 0.54610741 0.89077234
vt 0.68305945 0.87939054
vt 0.67080098 0.86954433
vt 0.54646826 0.90135336
vt 0.54758364 0.88186014
vt 0.54640967 0.88425493
vt 0.68560165 0.8935318
vt 0.68153679 0.87108177
vt 0.53640366 0.89880568
vt 0.55127937 0.90370619
vt 0.54483366 0.88325185
vt 0.67794222 0.86935931
vt 0.68371868 0.87557161
vt 0.53802937 0.90320128
vt 0.53939408 0.8816539
vt 0.53331876 0.90353572
vt 0.52613854 0.88419783
vt 0.54089969 0.87545103
vt 0.53098017 0.90248954
vt 0.51764196 0.89020628
vt 0.53210866 0.87507999
vt 0.5215376 0.9041478
vt 0.5195331 0.90086991
vt 0.51962155 0.88039088
vt 0.52422076 0.8786276
vt 0.53773177 0.87198424
vt 0.50480646 0.89850301
vt 0.51654512 0.88358033
vt 0.52265918 0.87188578
vt 0.52939051 0.86809093
vt 0.51302022 0.90384132
vt 0.51222867 0.88314521
vt 0.50389314 0.88214344
vt 0.50438571 0.90464383
vt 0.51472485 0.87528473
vt 0.49501434 0.87943947
vt 0.50789624 0.87831414
vt 0.49906105 0.90281224
vt 0.51917911 0.87965041
vt 0.5007512 0.87545812
vt 0.49184403 0.89499658
vt 0.50289458 0.87193817
vt 0.50617367 0.86931634
vt 0.52066165 0.87638569
vt 0.49719673 0.87148339
vt 0.47970858 0.88780934
vt 0.49198502 0.90211546
vt 0.51164109 0.86575997
vt 0.51993299 0.87297308
vt 0.48988727 0.86779284
vt 0.49986053 0.86760175
vt 0.48229843 0.87368751
vt 0.47904611 0.90037715
vt 0.49547505 0.90443218
vt 0.5181852 0.86826885
vt 0.47648266 0.87524319
vt 0.47077087 0.89763534
vt 0.47613889 0.90419292
vt 0.51587516 0.8640182
vt 0.47933289 0.87010503
vt 0.47608462 0.88229609
vt 0.47333196 0.89059407
vt 0.47395605 0.90373451
vt 0.47109458 0.90112758
vt 0.2060632 0.98219979
vt 0.21271031 0.98623091
vt 0.20930763 0.98685503
vt 0.20304801 0.98725253
vt 0.21337539 0.97918022
vt 0.19698614 0.98348629
vt 0.21307021 0.9832136
vt 0.20647486 0.9755916
vt 0.20244442 0.97497725
vt 0.19509917 0.98874128
vt 0.2128718 0.98620892
vt 0.21338037 0.97901452
vt 0.19760524 0.97506762
vt 0.19108152 0.98945338
vt 0.21283053 0.98624122
vt 0.21383035 0.97401518
vt 0.19134155 0.97782898
vt 0.21363457 0.97770661
vt 0.18670645 0.98288375
vt 0.21422035 0.97423559
vt 0.18702267 0.98801816
vt 0.18070725 0.97787815
vt 0.1751624 0.98777008
vt 0.17947611 0.97369528
vt 0.17178328 0.98378479
vt 0.17540367 0.97639471
vt 0.16448689 0.98682761
vt 0.17037129 0.97409499
vt 0.16484904 0.98806775
vt 0.16650619 0.97645938
vt 0.1573392 0.9880197
vt 0.15643774 0.97712356
vt 0.14951333 0.98398823
vt 0.15039496 0.989187
vt 0.14601955 0.97547793
vt 0.1444588 0.98903847
vt 0.14914799 0.97395718
vt 0.13669434 0.97754836
vt 0.14352983 0.99096149
vt 0.13638858 0.9873783
vt 0.13347568 0.99086481
vt 0.12687546 0.98866731
vt 0.12654857 0.97859085
vt 0.1203365 0.98073792
vt 0.11781336 0.97628975
vt 0.11959103 0.99071455
vt 0.11336727 0.98440564
vt 0.11005152 0.97875828
vt 0.11471409 0.98937637
vt 0.10565964 0.98407114
vt 0.10264372 0.99164665
vt 0.10553688 0.97642398
vt 0.10014964 0.97995108
vt 0.099937014 0.98850387
vt 0.10007825 0.99160564
vt 0.093061879 0.9791652
vt 0.094269261 0.99136001
vt 0.085317373 0.99015564
vt 0.090560347 0.99330753
vt 0.084975272 0.98163348
vt 0.081107616 0.99287415
vt 0.077124819 0.98366493
vt 0.06875959 0.9915517
vt 0.069686405 0.98030025
vt 0.064649656 0.98084301
vt 0.06263686 0.98910969
vt 0.053998679 0.99293959
vt 0.058772348 0.99296951
vt 0.053571679 0.97960752
vt 0.045414686 0.99454337
vt 0.052894123 0.99570739
vt 0.045090672 0.99619937
vt 0.047917906 0.97704411
vt 0.026720082 0.99598473
vt 0.036002055 0.97932237
vt 0.026739279 0.99211383
vt 0.0411014 0.97642666
vt 0.018675068 0.99513394
vt 0.015129269 0.98007703
vt 0.031255424 0.9733116
vt 0.019161869 0.9973709
vt 0.016603217 0.97476536
vt 0.0095332116 0.99765038
vt 0.0070051104 0.99015534
vt 0.0080000833 0.97359836
vt 0.017157443 0.97009826
vt 0.0068151583 0.98107982
vt 0.012956536 0.96913993
vt 0.0027191204 0.99465829
vt 0.0020412342 0.98263228
vt 0.0069647059 0.96889466
vt 0.0032790126 0.97156972
vt 0.0039455649 0.99848253
vt 0.004630086 0.96835065
vt 0.00208215 0.9970417
vt 0.15088528 0.7810905
vt 0.13675915 0.77255249
vt 0.14389831 0.77289319
vt 0.15154484 0.77448046
vt 0.15083455 0.79313648
vt 0.13915095 0.7684502
vt 0.15793023 0.77753907
vt 0.15856804 0.78635252
vt 0.13657071 0.7858234
vt 0.13276556 0.75956428
vt 0.16382276 0.78161961
vt 0.16802652 0.7931655
vt 0.1446376 0.80134833
vt 0.12504657 0.7759155
vt 0.13853487 0.76403624
vt 0.1288662 0.76376808
vt 0.16478673 0.78014827
vt 0.17052704 0.78501165
vt 0.17483954 0.80781347
vt 0.12942429 0.79510796
vt 0.15148684 0.80940801
vt 0.14297783 0.76904452
vt 0.12784424 0.75786102
vt 0.18003628 0.78970826
vt 0.17865193 0.79950017
vt 0.098127916 0.77324831
vt 0.11837126 0.76468134
vt 0.12226337 0.75960052
vt 0.19136472 0.8056826
vt 0.17330223 0.81046522
vt 0.1485475 0.8104732
vt 0.099794932 0.78148192
vt 0.10282455 0.76429719
vt 0.12229961 0.75577366
vt 0.18852355 0.79809403
vt 0.18398759 0.81046176
vt 0.15475738 0.81047058
vt 0.17809536 0.81046396
vt 0.14259882 0.81047606
vt 0.15120783 0.81047201
vt 0.09314137 0.77596629
vt 0.10349135 0.79128104
vt 0.088488229 0.76739204
vt 0.10600637 0.7536428
vt 0.11433419 0.75121474
vt 0.1180741 0.75070739
vt 0.19534999 0.81045735
vt 0.19520611 0.80270374
vt 0.15212944 0.81047153
vt 0.13479497 0.80983567
vt 0.095823087 0.78729475
vt 0.12246632 0.80170351
vt 0.084451154 0.75457776
vt 0.09654063 0.74856198
vt 0.20262069 0.80900937
vt 0.13738897 0.81047851
vt 0.083574161 0.76829803
vt 0.089191273 0.78325039
vt 0.12005277 0.805197
vt 0.098098926 0.79251319
vt 0.079160199 0.7630288
vt 0.10417265 0.74732983
vt 0.1096738 0.74772125
vt 0.20171133 0.81045389
vt 0.20851322 0.80892241
vt 0.13514459 0.81047946
vt 0.1263279 0.81048203
vt 0.083972797 0.77924228
vt 0.088915855 0.79022288
vt 0.11202211 0.80547965
vt 0.10427412 0.79842746
vt 0.094772145 0.7955066
vt 0.077659883 0.75774509
vt 0.084088758 0.74753284
vt 0.10053422 0.74577159
vt 0.20399921 0.81045288
vt 0.20890546 0.81044972
vt 0.20354842 0.80508828
vt 0.13280295 0.81048018
vt 0.077841081 0.77337879
vt 0.081849165 0.78549725
vt 0.1212028 0.81048274
vt 0.12531132 0.81048244
vt 0.070585951 0.75489664
vt 0.068505801 0.75046819
vt 0.074282371 0.74858379
vt 0.082102835 0.73682046
vt 0.096315943 0.7438364
vt 0.10609334 0.74622822
vt 0.20574106 0.81045163
vt 0.21173853 0.81036472
vt 0.076594442 0.77886546
vt 0.065063059 0.76161546
vt 0.091198936 0.7990725
vt 0.081022903 0.79109263
vt 0.11794358 0.81048346
vt 0.1022737 0.80460268
vt 0.063359804 0.75590414
vt 0.089785598 0.7368784
vt 0.098156907 0.74097347
vt 0.21162282 0.81044871
vt 0.070803382 0.77621269
vt 0.065490685 0.76975483
vt 0.097917728 0.80328357
vt 0.08474832 0.79542685
vt 0.071796343 0.78615677
vt 0.11060162 0.8104834
vt 0.067636058 0.74295211
vt 0.088270791 0.73352265
vt 0.21182548 0.81044865
vt 0.058786388 0.76530463
vt 0.058844373 0.75902796
vt 0.10958714 0.81048334
vt 0.058721159 0.7527585
vt 0.075847916 0.73547232
vt 0.078863032 0.72921741
vt 0.067404129 0.78337359
vt 0.062961176 0.77682149
vt 0.053756356 0.77134937
vt 0.06029395 0.73988628
vt 0.073108211 0.72694886
vt 0.054031778 0.76317376
vt 0.051350057 0.75636798
vt 0.067585327 0.73017412
vt 0.057749942 0.74682248
vt 0.055684295 0.7762562
vt 0.049037982 0.76584095
vt 0.050712246 0.74125612
vt 0.067070723 0.72198403
vt 0.044653013 0.72665167
vt 0.049095966 0.71871519
vt 0.045370553 0.76613814
vt 0.047197022 0.75836116
vt 0.031374887 0.73648703
vt 0.051712453 0.71169198
vt 0.034368262 0.7573247
vt 0.035962798 0.71617121
vt 0.045160364 0.70774192
vt 0.04157991 0.76625407
vt 0.018459152 0.73431265
vt 0.024040025 0.75375873
vt 0.032722991 0.76208657
vt 0.016154325 0.7216506
vt 0.030251462 0.7591874
vt 0.036716577 0.70282781
vt 0.014574286 0.74675
vt 0.0065653711 0.73802358
vt 0.029947052 0.70225525
vt 0.020104421 0.75488943
vt 0.0064639007 0.7445032
vt 0.0024268283 0.74328554
vt 0.083719939 0.37941867
vt 0.071964964 0.40982205
vt 0.074798413 0.38657975
vt 0.064570762 0.38280731
vt 0.10937425 0.39314693
vt 0.069229491 0.39491618
vt 0.058287248 0.37525308
vt 0.10207815 0.37646008
vt 0.099435851 0.41691256
vt 0.05897845 0.39385104
vt 0.05704993 0.38340551
vt 0.10999052 0.36058587
vt 0.13071276 0.39256257
vt 0.088489644 0.44164461
vt 0.11781536 0.41198975
vt 0.050137717 0.38976759
vt 0.050393168 0.37710434
vt 0.04961054 0.35860091
vt 0.12939063 0.36493534
vt 0.13023727 0.40162408
vt 0.1371603 0.37827492
vt 0.067095213 0.44265789
vt 0.11539951 0.43631464
vt 0.1264613 0.40474808
vt 0.046630654 0.40993667
vt 0.048818376 0.38311327
vt 0.075012475 0.3581118
vt 0.13614415 0.39653391
vt 0.14850803 0.38583827
vt 0.048316229 0.4294855
vt 0.07559716 0.45129937
vt 0.094992951 0.45792866
vt 0.12517488 0.41792887
vt 0.040732656 0.38719743
vt 0.043971393 0.37813294
vt 0.040403701 0.362863
vt 0.061026886 0.34216243
vt 0.13971025 0.36224467
vt 0.13487232 0.40332258
vt 0.15451075 0.36658704
vt 0.054605231 0.44403547
vt 0.068444647 0.4528383
vt 0.082278319 0.4566437
vt 0.10802204 0.45971185
vt 0.14306018 0.42169386
vt 0.045427389 0.38379729
vt 0.036640704 0.4253428
vt 0.03387304 0.39496279
vt 0.042578548 0.38353133
vt 0.14759931 0.36276346
vt 0.14423202 0.39900625
vt 0.16209884 0.37186861
vt 0.060066979 0.45163095
vt 0.049007874 0.44390601
vt 0.076345541 0.45880169
vt 0.083725803 0.46236455
vt 0.12325927 0.46162558
vt 0.098371886 0.47038496
vt 0.14356732 0.40826327
vt 0.13828185 0.45119435
vt 0.040363356 0.43624544
vt 0.028465778 0.41861516
vt 0.029417995 0.38465881
vt 0.036090244 0.38234955
vt 0.039044607 0.37869972
vt 0.031357355 0.36841536
vt 0.14764869 0.35387015
vt 0.16788223 0.35849559
vt 0.15481398 0.35166717
vt 0.052844614 0.44923234
vt 0.049237773 0.44632709
vt 0.06561102 0.45747834
vt 0.090170525 0.46616149
vt 0.11426934 0.47732443
vt 0.15601616 0.42248195
vt 0.15122288 0.43572706
vt 0.019569512 0.40123719
vt 0.020705182 0.38997829
vt 0.15874757 0.39180851
vt 0.15766859 0.40376067
vt 0.16124322 0.35293436
vt 0.17861585 0.36149567
vt 0.040804852 0.44344693
vt 0.076118909 0.46565747
vt 0.08648134 0.46949941
vt 0.1312332 0.45903057
vt 0.12429711 0.47356534
vt 0.092234485 0.47457248
vt 0.10145351 0.48245496
vt 0.16042855 0.41347224
vt 0.15908407 0.45214897
vt 0.019963454 0.43210733
vt 0.016414294 0.41562158
vt 0.027734535 0.37737179
vt 0.019632777 0.38701624
vt 0.034382835 0.37803191
vt 0.15105975 0.34829313
vt 0.17052302 0.38059384
vt 0.17447478 0.35231268
vt 0.17233174 0.37058514
vt 0.17923997 0.35558116
vt 0.034503751 0.44625682
vt 0.044079311 0.44692475
vt 0.14111382 0.45780337
vt 0.13115202 0.46593684
vt 0.12075466 0.4797352
vt 0.10790344 0.49223268
vt 0.16357587 0.43589497
vt 0.16519275 0.42843503
vt 0.16457152 0.44611084
vt 0.15036629 0.45555884
vt 0.021104829 0.4462136
vt 0.016473407 0.39186406
vt 0.0041993912 0.41306633
vt 0.023344642 0.38085783
vt 0.17146674 0.39175415
vt 0.16306436 0.39778829
vt 0.16805109 0.406627
vt 0.18267304 0.36679143
vt 0.18581958 0.3559646
vt 0.14027812 0.460935
vt 0.12445756 0.48176533
vt 0.11666557 0.4854238
vt 0.095577523 0.48267251
vt 0.099490926 0.49377805
vt 0.16647664 0.41530305
vt 0.15544179 0.45504904
vt 0.017291037 0.44285649
vt 0.012446873 0.42662728
vt 0.011523728 0.39961046
vt 0.002654908 0.4081372
vt 0.0042727808 0.4235822
vt 0.17752327 0.37697905
vt 0.1774004 0.40073347
vt 0.17804955 0.35232186
vt 0.1846094 0.36086994
vt 0.026185147 0.45369899
vt 0.041708246 0.45136786
vt 0.14666444 0.45925218
vt 0.11501385 0.49271631
vt 0.10756032 0.49850154
vt 0.15342113 0.45764047
vt 0.013609987 0.45590955
vt 0.012012621 0.43321544
vt 0.17881341 0.39131081
vt 0.18909669 0.36245751
vt 0.18449654 0.37531257
vt 0.03151815 0.46337724
vt 0.017329654 0.45993203
vt 0.048591863 0.44975561
vt 0.12119969 0.49028587
vt 0.11063973 0.49467981
vt 0.0022642952 0.40550762
vt 0.19211653 0.35531288
vt 0.020667329 0.4676798
vt 0.046699293 0.45401758
vt 0.038201459 0.46659756
vt 0.1149038 0.49781531
vt 0.11875033 0.49485177
vt 0.015577004 0.46602523
vt 0.18681727 0.38232195
vt 0.18263534 0.40105212
vt 0.19416074 0.37128162
vt 0.19555491 0.35965389
vt 0.026934473 0.47171342
vt 0.045904242 0.4632045
vt 0.19684853 0.35442579
vt 0.043478373 0.46720248
vt 0.040571909 0.47097367
vt 0.19706944 0.3844341
vt 0.1885398 0.39909834
vt 0.19959562 0.36633903
vt 0.20093641 0.35800862
vt 0.029787511 0.47320688
vt 0.2011041 0.37311906
vt 0.42130107 0.52840644
vt 0.42233121 0.53111267
vt 0.41621369 0.53380978
vt 0.4146314 0.52958143
vt 0.42715436 0.52653396
vt 0.41669816 0.53807509
vt 0.41304019 0.53390783
vt 0.4190132 0.52427495
vt 0.42737377 0.53081638
vt 0.42429578 0.52468193
vt 0.4200632 0.53902763
vt 0.41344649 0.5380615
vt 0.40465447 0.53195155
vt 0.41336295 0.52379084
vt 0.42992625 0.52715325
vt 0.42466518 0.53500783
vt 0.4282518 0.52307081
vt 0.41350076 0.5408743
vt 0.41016674 0.53676713
vt 0.40892038 0.52705324
vt 0.42411631 0.51955646
vt 0.41704011 0.51942521
vt 0.43383417 0.52898794
vt 0.42946461 0.53450161
vt 0.43162408 0.52408922
vt 0.42602843 0.54322469
vt 0.41734406 0.54444778
vt 0.40854451 0.54106194
vt 0.41064677 0.53874207
vt 0.40245807 0.52446222
vt 0.40616453 0.53641331
vt 0.40532985 0.51868749
vt 0.43050954 0.54296505
vt 0.42983884 0.51514673
vt 0.43406105 0.51848817
vt 0.43039665 0.52614802
vt 0.4120717 0.5460512
vt 0.39872912 0.53002977
vt 0.40053979 0.53539169
vt 0.42111561 0.51337254
vt 0.416269 0.51608735
vt 0.4347958 0.53158116
vt 0.43798837 0.53579086
vt 0.4274452 0.51235294
vt 0.42012018 0.55186456
vt 0.40621978 0.54328287
vt 0.39524022 0.52230084
vt 0.41041756 0.51303136
vt 0.44122064 0.52952754
vt 0.4341962 0.54744124
vt 0.43438169 0.51063806
vt 0.43717816 0.51547951
vt 0.4263435 0.54606646
vt 0.41679794 0.55395627
vt 0.40957493 0.54893672
vt 0.39229783 0.53066695
vt 0.39828989 0.54017615
vt 0.42402887 0.50794667
vt 0.4179475 0.50824785
vt 0.39790305 0.51528704
vt 0.40696386 0.50909984
vt 0.44276533 0.53436351
vt 0.44808882 0.54354608
vt 0.43049845 0.54609132
vt 0.4365454 0.52444088
vt 0.4280211 0.55114716
vt 0.41907799 0.55762821
vt 0.4112263 0.55338717
vt 0.40460861 0.5473088
vt 0.3843675 0.52412683
vt 0.38731197 0.51539469
vt 0.40286133 0.5117135
vt 0.4482781 0.52942371
vt 0.44198239 0.55010903
vt 0.43799466 0.50826776
vt 0.44169375 0.51630437
vt 0.43368056 0.52284157
vt 0.42391744 0.55650353
vt 0.41407073 0.55781877
vt 0.38974375 0.53309858
vt 0.38289967 0.53142667
vt 0.39324903 0.54787195
vt 0.42542157 0.49988842
vt 0.40269992 0.50648153
vt 0.41183436 0.50131154
vt 0.44893765 0.53587645
vt 0.44950852 0.52728343
vt 0.45493981 0.56015658
vt 0.44013682 0.56243122
vt 0.42871749 0.56038892
vt 0.43249139 0.50568247
vt 0.44264823 0.52313024
vt 0.43308991 0.52683139
vt 0.41938582 0.56209624
vt 0.39130747 0.53915393
vt 0.3802622 0.5273847
vt 0.42414773 0.49909955
vt 0.41627583 0.49794388
vt 0.45415446 0.53448886
vt 0.45468238 0.52825207
vt 0.45990533 0.53812331
vt 0.4492743 0.56134009
vt 0.46561384 0.55862725
vt 0.44370568 0.55808067
vt 0.44371739 0.51199633
vt 0.43275455 0.50169766
vt 0.43235365 0.50845551
vt 0.44615796 0.52191997
vt 0.43718517 0.5271849
vt 0.38585737 0.53573567
vt 0.37654358 0.53051043
vt 0.38894752 0.54471415
vt 0.4260256 0.49510992
vt 0.45015752 0.52411997
vt 0.45866907 0.54315013
vt 0.45571312 0.56577075
vt 0.46032143 0.56309938
vt 0.46542102 0.54683256
vt 0.4353849 0.56606996
vt 0.44371083 0.56347573
vt 0.44824478 0.51604545
vt 0.43887874 0.50375575
vt 0.42908069 0.50004673
vt 0.42964271 0.50821465
vt 0.42331916 0.56787544
vt 0.38622129 0.54106581
vt 0.37909684 0.53644907
vt 0.4197011 0.49354118
vt 0.45760027 0.53502649
vt 0.45146245 0.52076995
vt 0.46397409 0.54029405
vt 0.4551653 0.56979007
vt 0.4636389 0.56648493
vt 0.47002444 0.55459356
vt 0.43874437 0.56986648
vt 0.44514769 0.50532782
vt 0.43695652 0.49988306
vt 0.43163157 0.49850959
vt 0.42991093 0.50528455
vt 0.42981923 0.49639577
vt 0.42809397 0.50435621
vt 0.42521957 0.48696476
vt 0.4637095 0.53326017
vt 0.46221977 0.52724814
vt 0.45915475 0.57009828
vt 0.44792843 0.56735861
vt 0.46060124 0.56522691
vt 0.47219676 0.56292307
vt 0.47305316 0.55070233
vt 0.43068865 0.57222366
vt 0.44556665 0.56928337
vt 0.4531602 0.51253974
vt 0.4517605 0.49717993
vt 0.44570258 0.49555773
vt 0.45056725 0.51597524
vt 0.43393764 0.49374324
vt 0.4198246 0.48943436
vt 0.45528871 0.51976252
vt 0.47053894 0.54107636
vt 0.45816609 0.57494563
vt 0.45305043 0.57440233
vt 0.46650124 0.56961668
vt 0.47389373 0.54643017
vt 0.47567925 0.55430663
vt 0.47989601 0.56010854
vt 0.42231831 0.57573938
vt 0.44106549 0.57897514
vt 0.44329283 0.575809
vt 0.45012993 0.50441945
vt 0.43078998 0.48452777
vt 0.42287835 0.48601288
vt 0.47135729 0.53601909
vt 0.46050221 0.52012539
vt 0.46469674 0.57544088
vt 0.44884837 0.57711673
vt 0.47572353 0.56879401
vt 0.4766047 0.5517453
vt 0.4827089 0.56576633
vt 0.43250522 0.58767498
vt 0.45910868 0.50498033
vt 0.44884962 0.49244058
vt 0.44188383 0.49146116
vt 0.43664426 0.48711246
vt 0.46926725 0.52559274
vt 0.47624722 0.54102683
vt 0.46276176 0.57999587
vt 0.46583152 0.5737654
vt 0.45565191 0.58054185
vt 0.48270774 0.56580091
vt 0.47117203 0.57299888
vt 0.48039642 0.54467499
vt 0.48233899 0.5537324
vt 0.48270917 0.56568372
vt 0.42089707 0.59255576
vt 0.43837988 0.58991432
vt 0.445465 0.58323926
vt 0.46548876 0.51012945
vt 0.46027571 0.49563885
vt 0.43049595 0.48159629
vt 0.44161528 0.48354262
vt 0.47342491 0.53062296
vt 0.46332973 0.51929581
vt 0.47727528 0.53264606
vt 0.47003943 0.57866764
vt 0.45110914 0.58787751
vt 0.48222026 0.57141262
vt 0.47311145 0.57888639
vt 0.4831298 0.55679452
vt 0.48264563 0.56100237
vt 0.42963308 0.59920514
vt 0.44290757 0.59276748
vt 0.43599889 0.59796369
vt 0.44452921 0.5906567
vt 0.46446997 0.50282681
vt 0.45944831 0.49175465
vt 0.4532294 0.48641437
vt 0.44288248 0.47903109
vt 0.47451085 0.52441102
vt 0.47965983 0.53833628
vt 0.46602538 0.58423364
vt 0.45740226 0.58822751
vt 0.48271164 0.5662607
vt 0.4784905 0.57403398
vt 0.48408672 0.53863347
vt 0.48355746 0.55365145
vt 0.44104499 0.59695965
vt 0.46851438 0.50554049
vt 0.47114772 0.49081993
vt 0.47086743 0.5002116
vt 0.43623051 0.47687203
vt 0.45890063 0.48174483
vt 0.48234099 0.53500533
vt 0.4699716 0.58680069
vt 0.44745478 0.59627438
vt 0.48282897 0.57106155
vt 0.48272201 0.57461834
vt 0.48263508 0.57906806
vt 0.474466 0.5808534
vt 0.48385769 0.55245483
vt 0.43740928 0.6052773
vt 0.4406853 0.60055625
vt 0.47877261 0.50965834
vt 0.44174141 0.4725526
vt 0.46491066 0.47955316
vt 0.48404306 0.52331907
vt 0.48693183 0.52953994
vt 0.48206559 0.53748012
vt 0.47330323 0.58444792
vt 0.46359307 0.59515119
vt 0.45635357 0.59493965
vt 0.48283696 0.57145202
vt 0.48280168 0.57185221
vt 0.4825789 0.58011067
vt 0.48258752 0.58031082
vt 0.48589841 0.54198194
vt 0.44392729 0.60004628
vt 0.4750447 0.50504494
vt 0.47626579 0.49060118
vt 0.45403519 0.45864439
vt 0.48706117 0.52810729
vt 0.48692876 0.53017139
vt 0.47205544 0.59029543
vt 0.44776398 0.60227603
vt 0.47886851 0.58543086
vt 0.48628342 0.53917778
vt 0.48019174 0.50382555
vt 0.47849146 0.49948943
vt 0.48357746 0.51262987
vt 0.44686136 0.46260709
vt 0.47142789 0.47432321
vt 0.48758212 0.52246428
vt 0.48689517 0.53472835
vt 0.48679557 0.53586555
vt 0.46863988 0.59529948
vt 0.45962346 0.5987047
vt 0.4825238 0.58142501
vt 0.44353351 0.61169708
vt 0.48619977 0.50832731
vt 0.48773205 0.51844674
vt 0.47234738 0.48178548
vt 0.48017398 0.49430656
vt 0.44846749 0.45403999
vt 0.47165886 0.46008748
vt 0.48759967 0.51938558
vt 0.47131264 0.59340775
vt 0.46925244 0.60286552
vt 0.46180689 0.60237253
vt 0.45493379 0.60770619
vt 0.48174411 0.58854967
vt 0.44879252 0.61326754
vt 0.48619723 0.50280356
vt 0.48243818 0.50046247
vt 0.48949891 0.50901556
vt 0.48926446 0.51011205
vt 0.45335662 0.45355123
vt 0.47821489 0.46471524
vt 0.46437106 0.45558518
vt 0.47827217 0.48206413
vt 0.47384909 0.59781778
vt 0.4460558 0.61711645
vt 0.48963952 0.50611097
vt 0.48994973 0.50683349
vt 0.45440954 0.44528764
vt 0.45916516 0.45199716
vt 0.47598386 0.45824748
vt 0.47948486 0.4745841
vt 0.47134742 0.45089459
vt 0.46463451 0.60960805
vt 0.47542766 0.60719651
vt 0.45995069 0.61120731
vt 0.45290646 0.61480892
vt 0.44798863 0.61748803
vt 0.45653918 0.44963855
vt 0.47566548 0.45161742
vt 0.48230186 0.45781821
vt 0.48286951 0.4739911
vt 0.46265802 0.45018864
vt 0.48261824 0.48160136
vt 0.47077066 0.60832298
vt 0.45663288 0.61186695
vt 0.4495914 0.61782444
vt 0.47957912 0.45300609
vt 0.49130276 0.46668601
vt 0.48575303 0.47002441
vt 0.4736878 0.44786698
vt 0.46709129 0.44762832
vt 0.467464 0.61379409
vt 0.46208528 0.6161955
vt 0.47366956 0.61113441
vt 0.45691508 0.6145798
vt 0.48390242 0.45128793
vt 0.48629296 0.47590137
vt 0.47062922 0.61552644
vt 0.45325595 0.61782926
vt 0.49078572 0.45609325
vt 0.47839651 0.45060599
vt 0.48898268 0.48031616
vt 0.46679291 0.61846507
vt 0.45790404 0.61873984
vt 0.48938149 0.45078337
vt 0.49278888 0.46513277
vt 0.49268559 0.46848804
vt 0.48339838 0.44847339
vt 0.4922322 0.47664434
vt 0.4887636 0.48530358
vt 0.46454477 0.62286973
vt 0.48492834 0.44877487
vt 0.4940401 0.45114899
vt 0.49318883 0.46202338
vt 0.49274364 0.46683967
vt 0.49251488 0.47349036
vt 0.49213555 0.47725743
vt 0.49075001 0.48336172
vt 0.49423179 0.45188206
vt 0.49375334 0.45473737
vt 0.49165422 0.47963983
vt 0.49039054 0.48458087
vt 0.49437886 0.4508782
vt 0.49015069 0.48521322
vt 0.95357102 0.5180825
vt 0.96055812 0.51927286
vt 0.95770067 0.52780294
vt 0.95492446 0.526833
vt 0.95565838 0.51390731
vt 0.96575528 0.52574563
vt 0.95662457 0.52981985
vt 0.94941431 0.52556723
vt 0.94362032 0.50580966
vt 0.96648669 0.5177688
vt 0.96041441 0.52983224
vt 0.94431901 0.52054238
vt 0.95678771 0.49953735
vt 0.96540916 0.51082975
vt 0.97004694 0.52421904
vt 0.95032912 0.52941877
vt 0.94393224 0.52888346
vt 0.94908786 0.4972688
vt 0.96131319 0.50521046
vt 0.93689859 0.51046848
vt 0.97233933 0.51790833
vt 0.93359113 0.52316368
vt 0.9365418 0.496741
vt 0.95824057 0.48777056
vt 0.96646863 0.49766248
vt 0.9688893 0.50167453
vt 0.9697234 0.51135778
vt 0.97668046 0.52149677
vt 0.95340574 0.53322166
vt 0.9387207 0.53068602
vt 0.94612211 0.48897707
vt 0.95290989 0.48440671
vt 0.95984811 0.49524641
vt 0.92481685 0.4978078
vt 0.97554296 0.50895464
vt 0.97597116 0.51539993
vt 0.95059359 0.53693211
vt 0.93161911 0.53284478
vt 0.93499362 0.49147022
vt 0.95920038 0.4817636
vt 0.96657842 0.49254054
vt 0.97444987 0.50016534
vt 0.91173506 0.5238651
vt 0.93757296 0.54095203
vt 0.92405695 0.53083575
vt 0.95001698 0.48053777
vt 0.93527085 0.48059779
vt 0.96535343 0.48642349
vt 0.9742344 0.49375749
vt 0.90973717 0.50287616
vt 0.92241544 0.48786575
vt 0.98552215 0.5061034
vt 0.97949773 0.51178265
vt 0.9471913 0.54305363
vt 0.93228519 0.54096842
vt 0.92411119 0.53575659
vt 0.94321078 0.47655195
vt 0.95251536 0.47694004
vt 0.97467965 0.49013406
vt 0.98156059 0.49842268
vt 0.91644013 0.53488719
vt 0.90569514 0.52156675
vt 0.90799505 0.49650967
vt 0.91002142 0.48504364
vt 0.95344347 0.54644847
vt 0.94163036 0.54700696
vt 0.93477756 0.54653192
vt 0.93251735 0.47726631
vt 0.91736716 0.47389221
vt 0.9028039 0.53651774
vt 0.89845169 0.52966499
vt 0.90097278 0.51276195
vt 0.8986541 0.50425047
vt 0.90844578 0.47849464
vt 0.98834264 0.49967927
vt 0.95844692 0.5398128
vt 0.94904983 0.55057228
vt 0.92551768 0.54499853
vt 0.92328447 0.54199636
vt 0.91962528 0.54113859
vt 0.94134372 0.47257894
vt 0.90860599 0.54044157
vt 0.89703804 0.52183563
vt 0.90018463 0.49409968
vt 0.89965582 0.48521751
vt 0.90338302 0.48063236
vt 0.95725358 0.54915726
vt 0.9520179 0.55460232
vt 0.93760568 0.55061066
vt 0.94175249 0.55536294
vt 0.92718291 0.55211306
vt 0.92623574 0.46974421
vt 0.91008222 0.4735871
vt 0.89457744 0.53426391
vt 0.89982677 0.53958452
vt 0.8903814 0.52012396
vt 0.89533067 0.50833118
vt 0.89503777 0.51491284
vt 0.89281303 0.50683641
vt 0.9005034 0.4893145
vt 0.90323973 0.47118086
vt 0.96150857 0.54293609
vt 0.94253916 0.5635494
vt 0.91488564 0.54690778
vt 0.9226082 0.55454779
vt 0.91916031 0.46509975
vt 0.91050589 0.46379948
vt 0.89135587 0.52589792
vt 0.90047979 0.54772556
vt 0.89743471 0.49068832
vt 0.89722198 0.48489928
vt 0.89899457 0.47574979
vt 0.94365633 0.56809354
vt 0.9368642 0.56204498
vt 0.92712641 0.55867666
vt 0.9072156 0.56173486
vt 0.88684231 0.53011608
vt 0.89276773 0.54511881
vt 0.90448987 0.55200648
vt 0.88520664 0.52310157
vt 0.88794822 0.51503861
vt 0.8972075 0.46750045
vt 0.93659937 0.56790864
vt 0.93219864 0.5665344
vt 0.9263503 0.56795657
vt 0.93848085 0.56466341
vt 0.91484243 0.56515825
vt 0.92044014 0.56629133
vt 0.9054414 0.46251935
vt 0.88920748 0.5367282
vt 0.89872885 0.56322968
vt 0.93763554 0.57723975
vt 0.9090035 0.56655931
vt 0.88309735 0.53798777
vt 0.88334429 0.54467434
vt 0.89494473 0.56758785
vt 0.94273156 0.57950759
vt 0.93312293 0.57564008
vt 0.92788827 0.57602668
vt 0.92038566 0.57420444
vt 0.9163003 0.57131767
vt 0.90427005 0.56601357
vt 0.91129476 0.57319856
vt 0.88757187 0.55219424
vt 0.89143848 0.5588094
vt 0.93692166 0.58762777
vt 0.93265265 0.58298236
vt 0.8785845 0.54572642
vt 0.88135225 0.55081964
vt 0.8967334 0.57529199
vt 0.89065498 0.56653327
vt 0.94030458 0.58850574
vt 0.92032206 0.5848729
vt 0.91337752 0.58075577
vt 0.90501213 0.57338589
vt 0.88666105 0.55892473
vt 0.87692517 0.55453664
vt 0.8909272 0.57101285
vt 0.94437754 0.59111995
vt 0.93773484 0.59128654
vt 0.93073124 0.58606058
vt 0.92970824 0.58367735
vt 0.92435074 0.58601272
vt 0.90330505 0.57817775
vt 0.8897683 0.57558811
vt 0.93906993 0.59421945
vt 0.93414712 0.58976233
vt 0.91826749 0.59199244
vt 0.9028666 0.58931458
vt 0.8972556 0.58190846
vt 0.8866123 0.57995725
vt 0.94447541 0.59677529
vt 0.92705554 0.58905363
vt 0.91188818 0.59401226
vt 0.92584521 0.59167284
vt 0.8929078 0.58298028
vt 0.94846433 0.59315312
vt 0.93967438 0.59958613
vt 0.93477106 0.59675324
vt 0.91003203 0.60374111
vt 0.91732389 0.60657322
vt 0.89643872 0.5904187
vt 0.90467197 0.59893084
vt 0.94682926 0.58888483
vt 0.94954675 0.60311031
vt 0.94849455 0.60826766
vt 0.92537075 0.60291719
vt 0.89871842 0.59790826
vt 0.95105493 0.587295
vt 0.95518011 0.59434938
vt 0.93355131 0.60388976
vt 0.94154602 0.61070973
vt 0.90737873 0.61179018
vt 0.90345311 0.60604811
vt 0.9228425 0.61135578
vt 0.95315468 0.60596204
vt 0.94650924 0.61213362
vt 0.91062284 0.62016344
vt 0.92834103 0.60854554
vt 0.91563672 0.62047434
vt 0.9569208 0.5866822
vt 0.95294076 0.61315084
vt 0.93720108 0.61134231
vt 0.93080664 0.6119101
vt 0.92679167 0.61681294
vt 0.91066158 0.62266207
vt 0.37555987 0.41875428
vt 0.37256157 0.42569929
vt 0.37241924 0.41895652
vt 0.37719014 0.41417795
vt 0.3752324 0.42683893
vt 0.3672848 0.42095107
vt 0.37408 0.40869725
vt 0.3692165 0.43313235
vt 0.36729065 0.4284634
vt 0.36902925 0.40717167
vt 0.37746465 0.40771896
vt 0.3740851 0.43192041
vt 0.35929605 0.42549765
vt 0.36063725 0.41530287
vt 0.37465194 0.40378773
vt 0.37610766 0.42955357
vt 0.37241551 0.4370876
vt 0.36513102 0.43605918
vt 0.35473776 0.43304443
vt 0.36127034 0.4077009
vt 0.36799812 0.40180957
vt 0.37459862 0.4351638
vt 0.36910674 0.43765646
vt 0.35474086 0.42374831
vt 0.3564412 0.4115572
vt 0.37290636 0.39729732
vt 0.36690447 0.43904823
vt 0.36098546 0.44403845
vt 0.35014009 0.43028116
vt 0.35130069 0.40970725
vt 0.35576674 0.40131861
vt 0.36539918 0.39624321
vt 0.37563533 0.39797997
vt 0.34989923 0.43832397
vt 0.34479612 0.42583269
vt 0.34959233 0.41778791
vt 0.37571689 0.39186674
vt 0.36621073 0.44585699
vt 0.35841408 0.45184547
vt 0.3452135 0.43442452
vt 0.34615326 0.41132212
vt 0.35488573 0.39351201
vt 0.37008879 0.38714194
vt 0.36592385 0.45029342
vt 0.34813136 0.45134157
vt 0.34422541 0.4418152
vt 0.34104031 0.42246145
vt 0.34004274 0.43447822
vt 0.34938028 0.39622718
vt 0.33640105 0.41920602
vt 0.36399925 0.39295053
vt 0.37606952 0.3860808
vt 0.35349286 0.45657951
vt 0.36735851 0.45584923
vt 0.33932805 0.44100147
vt 0.33451116 0.43138212
vt 0.34508187 0.40457815
vt 0.34336257 0.40986103
vt 0.35538387 0.38935769
vt 0.34973955 0.38627899
vt 0.3668851 0.38827318
vt 0.33906475 0.44564348
vt 0.34624165 0.45493656
vt 0.3592028 0.45728362
vt 0.32559255 0.42859131
vt 0.33342743 0.43589133
vt 0.34312782 0.39834195
vt 0.33930385 0.4104324
vt 0.36185786 0.38762796
vt 0.34577751 0.38615179
vt 0.34124067 0.45106006
vt 0.34893674 0.45909929
vt 0.35458979 0.45855922
vt 0.33333236 0.44639361
vt 0.32574141 0.43369484
vt 0.32328936 0.4107644
vt 0.33258834 0.44219381
vt 0.33994129 0.39083618
vt 0.33940884 0.4015193
vt 0.33347395 0.41142148
vt 0.35478619 0.38488764
vt 0.34769771 0.3763212
vt 0.3372196 0.45133883
vt 0.34118059 0.45918298
vt 0.35226667 0.45879591
vt 0.32258373 0.43782336
vt 0.31048203 0.41669279
vt 0.32588431 0.44087082
vt 0.33647576 0.39399731
vt 0.35143405 0.37925589
vt 0.34155399 0.38176554
vt 0.3453179 0.46174502
vt 0.32722598 0.44769222
vt 0.33330491 0.45305842
vt 0.30820766 0.43288225
vt 0.31688428 0.40339345
vt 0.32698569 0.39825475
vt 0.3231523 0.44909382
vt 0.332389 0.38695198
vt 0.33191183 0.40239304
vt 0.3517119 0.37510765
vt 0.34153363 0.37274498
vt 0.33666122 0.45963579
vt 0.31537998 0.43842041
vt 0.31566241 0.44343621
vt 0.28822002 0.42229182
vt 0.30531615 0.39565015
vt 0.31946617 0.44732028
vt 0.35246742 0.37053859
vt 0.34875676 0.36998159
vt 0.33476481 0.37465233
vt 0.32904339 0.45470232
vt 0.33314952 0.46073109
vt 0.31033567 0.43823808
vt 0.29414549 0.40744179
vt 0.28578854 0.43671161
vt 0.32326111 0.38690883
vt 0.31586614 0.45431077
vt 0.34546939 0.36798698
vt 0.33757198 0.36833775
vt 0.29933932 0.43892139
vt 0.28593245 0.40648431
vt 0.28054544 0.43026614
vt 0.29330081 0.3973496
vt 0.31640488 0.38502002
vt 0.34155977 0.36522239
vt 0.35035929 0.36667645
vt 0.32682171 0.37250203
vt 0.32672748 0.37763149
vt 0.32664445 0.46431327
vt 0.30116683 0.4450615
vt 0.31012636 0.45268506
vt 0.28132051 0.41493148
vt 0.27880591 0.45249593
vt 0.27573791 0.42189068
vt 0.29104578 0.44508332
vt 0.29659709 0.39059764
vt 0.30298275 0.3874687
vt 0.34724519 0.36399317
vt 0.33242896 0.36637986
vt 0.31786233 0.46940494
vt 0.31236821 0.46243238
vt 0.27576578 0.40633863
vt 0.2819564 0.39715683
vt 0.27374038 0.43953991
vt 0.27573541 0.42911154
vt 0.2924332 0.39422852
vt 0.30669481 0.37600815
vt 0.31755435 0.36998343
vt 0.3455216 0.35986471
vt 0.35065618 0.36356854
vt 0.32663608 0.36557126
vt 0.33701849 0.35860413
vt 0.30151346 0.45839441
vt 0.29189986 0.45270234
vt 0.26837629 0.41517437
vt 0.28611079 0.3928706
vt 0.27307525 0.45121777
vt 0.28153861 0.45751756
vt 0.26935637 0.4249385
vt 0.297263 0.3833065
vt 0.28681394 0.38428283
vt 0.3429139 0.35362405
vt 0.33110544 0.36065191
vt 0.31714326 0.47202253
vt 0.30460885 0.47934753
vt 0.27009058 0.40945178
vt 0.27687651 0.39633071
vt 0.28070197 0.39335895
vt 0.2750189 0.45820934
vt 0.2688846 0.43168026
vt 0.30830011 0.36036086
vt 0.31831044 0.36229712
vt 0.32269093 0.35617906
vt 0.33811831 0.34753275
vt 0.28411332 0.46266693
vt 0.29596463 0.46953458
vt 0.26581866 0.41930908
vt 0.25843474 0.41205364
vt 0.27216601 0.39770949
vt 0.28182212 0.38967806
vt 0.27601197 0.462533
vt 0.29777926 0.36787379
vt 0.34378496 0.34716475
vt 0.31277147 0.47681373
vt 0.28917399 0.46833014
vt 0.2935845 0.4817934
vt 0.26310441 0.41612947
vt 0.26569667 0.40652895
vt 0.27756086 0.39015698
vt 0.27309218 0.46191525
vt 0.28675348 0.36970872
vt 0.2945298 0.35885942
vt 0.32705194 0.34534496
vt 0.33393413 0.34356892
vt 0.30863094 0.4849987
vt 0.27936494 0.46790266
vt 0.27397034 0.46613574
vt 0.29989803 0.48897624
vt 0.28818339 0.47313708
vt 0.254318 0.41625381
vt 0.25475007 0.41068107
vt 0.2740998 0.38965607
vt 0.28228554 0.37936467
vt 0.31354246 0.35274446
vt 0.30464512 0.35277748
vt 0.33865803 0.3416301
vt 0.30688757 0.49119955
vt 0.27826354 0.4707219
vt 0.29373378 0.49162316
vt 0.28639022 0.48102695
vt 0.25213125 0.41429013
vt 0.27683595 0.37389463
vt 0.28003985 0.37135595
vt 0.28210491 0.36377233
vt 0.29536027 0.35270125
vt 0.31701258 0.34596127
vt 0.32486692 0.34146804
vt 0.27462399 0.46844083
vt 0.30023739 0.49506265
vt 0.28851452 0.48830658
vt 0.30434227 0.49325716
vt 0.2844384 0.47567427
vt 0.2772893 0.47397929
vt 0.28164747 0.35618496
vt 0.31172243 0.3470124
vt 0.30688554 0.49852234
vt 0.27792844 0.36607349
vt 0.27549833 0.36137152
vt 0.30320454 0.49734426
vt 0.59856427 0.55086935
vt 0.59272176 0.55495906
vt 0.59385633 0.54999655
vt 0.59468317 0.54552549
vt 0.59965694 0.55398047
vt 0.58443397 0.55128205
vt 0.59165442 0.54811066
vt 0.60220593 0.54683352
vt 0.60261726 0.55145478
vt 0.59540904 0.55750072
vt 0.58100218 0.55542135
vt 0.58533692 0.54334903
vt 0.6017912 0.54371715
vt 0.58911139 0.56036735
vt 0.57455629 0.54888374
vt 0.58464086 0.54757762
vt 0.59403503 0.53575921
vt 0.58122462 0.54564607
vt 0.57069355 0.55336797
vt 0.57532924 0.54117024
vt 0.57224888 0.54625285
vt 0.56360328 0.5500378
vt 0.58994251 0.52399868
vt 0.56550401 0.5546366
vt 0.58114958 0.51411831
vt 0.56331295 0.54072607
vt 0.56301272 0.5450958
vt 0.5608623 0.55348909
vt 0.57214487 0.52501845
vt 0.55846393 0.54614764
vt 0.55398738 0.55252171
vt 0.56835896 0.51632583
vt 0.55758601 0.54275823
vt 0.55892867 0.5395304
vt 0.55506933 0.54948854
vt 0.55773252 0.55615646
vt 0.57339293 0.50408053
vt 0.55887175 0.52545214
vt 0.55156231 0.55144835
vt 0.56541991 0.50332975
vt 0.58204091 0.50741988
vt 0.56042093 0.51509631
vt 0.55424315 0.53826416
vt 0.55124509 0.5281086
vt 0.54838324 0.54553711
vt 0.56945181 0.49777496
vt 0.5821017 0.50044048
vt 0.55085409 0.51779544
vt 0.55829585 0.49938887
vt 0.57447785 0.49966609
vt 0.56519443 0.4936496
vt 0.5479272 0.53523886
vt 0.57541102 0.49527627
vt 0.56953412 0.4918021
vt 0.58059883 0.49327677
vt 0.54841381 0.4968608
vt 0.53965956 0.53679156
vt 0.53986502 0.5233283
vt 0.55636126 0.49153215
vt 0.5657056 0.49083638
vt 0.54432082 0.50906134
vt 0.54003835 0.53071064
vt 0.57490021 0.4909693
vt 0.56856948 0.48635972
vt 0.54023135 0.48311138
vt 0.54220206 0.49901462
vt 0.53318202 0.5295549
vt 0.53793174 0.51298809
vt 0.56152838 0.48414856
vt 0.58001822 0.49049819
vt 0.57608008 0.48799616
vt 0.54574734 0.47446924
vt 0.5393455 0.50712383
vt 0.53372681 0.52171367
vt 0.53326333 0.47445142
vt 0.5381307 0.48997265
vt 0.53483659 0.50072348
vt 0.52976573 0.52968585
vt 0.52913308 0.51940525
vt 0.53349811 0.50754821
vt 0.55971718 0.47116041
vt 0.53922832 0.4644711
vt 0.53111207 0.49666744
vt 0.53135681 0.50237024
vt 0.57089144 0.47739059
vt 0.54874498 0.46230936
vt 0.52917218 0.48158985
vt 0.53043562 0.46509933
vt 0.52485859 0.49424666
vt 0.52809864 0.51194537
vt 0.52589226 0.50451863
vt 0.57287395 0.46399647
vt 0.55944848 0.45800585
vt 0.51976651 0.4849329
vt 0.52172256 0.47369391
vt 0.54717982 0.44979125
vt 0.51996988 0.46575117
vt 0.53366691 0.45090538
vt 0.52438349 0.49896669
vt 0.51777256 0.512344
vt 0.57803214 0.47299796
vt 0.5219636 0.46130049
vt 0.52585006 0.45502019
vt 0.52031368 0.49173933
vt 0.51805186 0.49615258
vt 0.52322596 0.50973403
vt 0.52187115 0.50527024
vt 0.58001363 0.45790666
vt 0.5813188 0.48060179
vt 0.56137675 0.44745946
vt 0.54346168 0.43409199
vt 0.51524228 0.46050709
vt 0.51971304 0.4458248
vt 0.51406646 0.48724157
vt 0.52001083 0.50016999
vt 0.57390201 0.45183539
vt 0.55485708 0.43420768
vt 0.52894872 0.43787545
vt 0.51660872 0.45686221
vt 0.51179951 0.46385348
vt 0.51300347 0.49170822
vt 0.51740128 0.50556827
vt 0.58336401 0.45036948
vt 0.57369876 0.44295478
vt 0.56753981 0.43752551
vt 0.5474931 0.42743599
vt 0.53070897 0.43101948
vt 0.50795424 0.45886105
vt 0.51247317 0.45575052
vt 0.51803958 0.43369597
vt 0.51371944 0.4463625
vt 0.51164293 0.50898355
vt 0.5137772 0.50084698
vt 0.58377761 0.44472998
vt 0.56961131 0.42921877
vt 0.5235222 0.4321022
vt 0.51379704 0.51203781
vt 0.50727236 0.50385118
vt 0.57875305 0.43658537
vt 0.52580541 0.42435187
vt 0.50787055 0.45325041
vt 0.51165104 0.44963169
vt 0.512909 0.43760997
vt 0.51471198 0.42409205
vt 0.52150363 0.42522359
vt 0.51107758 0.4332369
vt 0.50914907 0.42805159
vt 0.51090407 0.42210948
vt 0.50705814 0.43377221
vt 0.50653845 0.42157823
vt 0.50180274 0.42502898
vt 0.50458318 0.42997652
vt 0.65699691 0.44423646
vt 0.64856201 0.44177824
vt 0.65253228 0.43575847
vt 0.66118443 0.43406183
vt 0.62945038 0.45841408
vt 0.64628243 0.43623263
vt 0.6655587 0.43678105
vt 0.63276225 0.44135696
vt 0.66285682 0.47130054
vt 0.63618809 0.43557149
vt 0.67170012 0.43004107
vt 0.6664809 0.44448334
vt 0.62859678 0.44207793
vt 0.62870681 0.51126117
vt 0.64110488 0.43183982
vt 0.67272615 0.43263382
vt 0.62890935 0.45782465
vt 0.62903219 0.44031924
vt 0.63051414 0.43725914
vt 0.62886137 0.46185857
vt 0.62869811 0.51542413
vt 0.68889099 0.4501456
vt 0.63336271 0.43283176
vt 0.67518324 0.42750949
vt 0.68174833 0.43976074
vt 0.62894446 0.4584772
vt 0.63173634 0.43436164
vt 0.62886924 0.45885855
vt 0.65311664 0.49663866
vt 0.69435018 0.48372686
vt 0.63553649 0.43098366
vt 0.68117934 0.43070894
vt 0.68121374 0.43418181
vt 0.68668681 0.49612606
vt 0.62818593 0.52897978
vt 0.69778621 0.44025844
vt 0.71474922 0.4655965
vt 0.6864723 0.43497598
vt 0.67478204 0.52437592
vt 0.65046358 0.54161507
vt 0.71112996 0.45160812
vt 0.71425438 0.48155653
vt 0.72781241 0.50438184
vt 0.71025652 0.52618635
vt 0.63894361 0.54123235
vt 0.69022447 0.43311954
vt 0.70749897 0.44390756
vt 0.7301777 0.48530632
vt 0.72988933 0.45044363
vt 0.71027005 0.54554009
vt 0.67716134 0.54542446
vt 0.62752527 0.53134763
vt 0.64888501 0.55845785
vt 0.70002735 0.43750888
vt 0.72093534 0.44034797
vt 0.73017591 0.48527735
vt 0.72986495 0.45234066
vt 0.73001266 0.44837451
vt 0.73063058 0.51253378
vt 0.72683167 0.5559051
vt 0.66468966 0.55803698
vt 0.62648326 0.54353118
vt 0.63271469 0.55605686
vt 0.71136653 0.43834949
vt 0.7301771 0.48552161
vt 0.7310434 0.53635526
vt 0.7304132 0.50764865
vt 0.71501136 0.55585533
vt 0.69068086 0.55703676
vt 0.64954561 0.56074762
vt 0.64390731 0.56056851
vt 0.7291168 0.44026983
vt 0.72282022 0.43495405
vt 0.73041987 0.50335467
vt 0.73037946 0.50456941
vt 0.73040932 0.55198133
vt 0.71810615 0.55895269
vt 0.70657378 0.55763048
vt 0.67741865 0.55966067
vt 0.62880981 0.55396807
vt 0.66132289 0.56047159
vt 0.63398415 0.56034791
vt 0.729743 0.55621409
vt 0.72519326 0.55942428
vt 0.7123906 0.55850947
vt 0.69153267 0.56013864
vt 0.62917978 0.55660462
vt 0.62800127 0.55908728
vt 0.72741449 0.43682992
vt 0.7309249 0.55858445
vt 0.72992778 0.55901444
vt 0.62695116 0.56091154
vt 0.72599578 0.43446982
vt 0.73123574 0.55907357
vt 0.77689832 0.53676736
vt 0.78240567 0.53849435
vt 0.77847296 0.54309577
vt 0.77244866 0.54039836
vt 0.78240436 0.53469855
vt 0.78412628 0.54509532
vt 0.77637011 0.54479945
vt 0.77146351 0.53649127
vt 0.77791488 0.53067487
vt 0.78836554 0.54053342
vt 0.77926266 0.54844093
vt 0.77422488 0.54635942
vt 0.76931727 0.5416609
vt 0.77407795 0.53113759
vt 0.7808432 0.5291692
vt 0.79215336 0.53490931
vt 0.78780156 0.54873943
vt 0.78386939 0.55031735
vt 0.7659713 0.53838134
vt 0.76970297 0.53124833
vt 0.77800083 0.52452826
vt 0.78842574 0.53110576
vt 0.77509594 0.52606726
vt 0.79478115 0.54016876
vt 0.79174584 0.54504037
vt 0.78255165 0.55533433
vt 0.77764404 0.558599
vt 0.76840961 0.54771882
vt 0.76248801 0.54047465
vt 0.77064753 0.52702188
vt 0.77914584 0.51892442
vt 0.7875784 0.52641028
vt 0.79699296 0.53582692
vt 0.79440284 0.52680892
vt 0.78581423 0.55225098
vt 0.7700178 0.5519408
vt 0.75984406 0.53321558
vt 0.76462549 0.52222073
vt 0.78580791 0.51907086
vt 0.77643454 0.52142775
vt 0.77403492 0.52099943
vt 0.79565263 0.5308522
vt 0.78192705 0.56098831
vt 0.76129735 0.55216634
vt 0.75851965 0.54762471
vt 0.75512522 0.5387134
vt 0.75974667 0.52828145
vt 0.78125173 0.51516092
vt 0.79480052 0.52129978
vt 0.80489928 0.53269982
vt 0.79792571 0.52692831
vt 0.77179021 0.55496615
vt 0.75247848 0.54275692
vt 0.75644624 0.53487819
vt 0.75686824 0.53264797
vt 0.76104474 0.52211893
vt 0.77316821 0.51746488
vt 0.77797896 0.51125467
vt 0.78663898 0.5118053
vt 0.77505958 0.51693392
vt 0.79282159 0.51227319
vt 0.798491 0.52100718
vt 0.75489825 0.54834276
vt 0.75224394 0.5432058
vt 0.75670111 0.52993131
vt 0.7652089 0.51768076
vt 0.75717026 0.52493262
vt 0.7706241 0.51447117
vt 0.78171289 0.50851494
vt 0.79751247 0.5123986
vt 0.80093974 0.51754689
vt 0.8041802 0.52723503
vt 0.75688958 0.52699935
vt 0.7600233 0.51892704
vt 0.75835174 0.52137721
vt 0.77858359 0.50732154
vt 0.79064006 0.50656497
vt 0.78508073 0.50312936
vt 0.79421157 0.50309092
vt 0.80735415 0.52676535
vt 0.752078 0.54336315
vt 0.76486814 0.51363319
vt 0.76078618 0.51751977
vt 0.77196681 0.5106709
vt 0.77418435 0.50902677
vt 0.76168388 0.51593733
vt 0.76713854 0.5067094
vt 0.77398413 0.50218701
vt 0.78040874 0.50131536
vt 0.80322629 0.50554144
vt 0.80927235 0.5157764
vt 0.76320451 0.5133428
vt 0.77005178 0.50504375
vt 0.78129554 0.49505466
vt 0.78596383 0.49233371
vt 0.79846174 0.49754161
vt 0.76523995 0.50819713
vt 0.76600486 0.50501597
vt 0.76834446 0.49997413
vt 0.7764042 0.49696887
vt 0.79214811 0.49517304
vt 0.80390251 0.50049961
vt 0.80873096 0.50757271
vt 0.76556671 0.5069589
vt 0.76676488 0.50342369
vt 0.76910663 0.49886525
vt 0.77324396 0.49454373
vt 0.77619016 0.49092549
vt 0.79009247 0.48890561
vt 0.79731852 0.49380803
vt 0.80627984 0.49714315
vt 0.81666708 0.5141933
vt 0.7725206 0.4956333
vt 0.77441204 0.4921028
vt 0.78297615 0.48537403
vt 0.7951768 0.4896735
vt 0.80528551 0.49379236
vt 0.81093186 0.50109446
vt 0.77544075 0.49014521
vt 0.7901063 0.48335528
vt 0.80142957 0.48927355
vt 0.8111493 0.4949578
vt 0.81918895 0.50501621
vt 0.77716404 0.48458666
vt 0.7971949 0.48480445
vt 0.78325021 0.48105723
vt 0.80527091 0.48633552
vt 0.82125974 0.51477885
vt 0.77857953 0.48179698
vt 0.79427838 0.47852618
vt 0.77939612 0.48046064
vt 0.81642842 0.48380905
vt 0.82639426 0.50554657
vt 0.78390408 0.47811127
vt 0.78067017 0.47891676
vt 0.81219208 0.47589594
vt 0.81736648 0.49297667
vt 0.82886243 0.51288998
vt 0.79869854 0.46967238
vt 0.78789622 0.47402394
vt 0.81793636 0.47827876
vt 0.82735354 0.49123669
vt 0.83259296 0.50433284
vt 0.8295536 0.5188967
vt 0.78151751 0.47751397
vt 0.78353047 0.47231668
vt 0.79840833 0.45932734
vt 0.82011461 0.46888584
vt 0.82096142 0.48030132
vt 0.83162254 0.51104128
vt 0.8336665 0.51354074
vt 0.79045594 0.46746027
vt 0.78365862 0.47194141
vt 0.80471337 0.46120423
vt 0.81459159 0.4667412
vt 0.83249658 0.51834089
vt 0.80141681 0.45329309
vt 0.78573078 0.46219987
vt 0.81795633 0.45682722
vt 0.78370529 0.47173488
vt 0.80842274 0.46001774
vt 0.79501432 0.44886261
vt 0.78590584 0.46045995
vt 0.81428671 0.45586097
vt 0.80531567 0.44823515
vt 0.78675324 0.45051044
vt 0.78653258 0.45167071
vt 0.8163898 0.45445299
vt 0.80316401 0.44028395
vt 0.78798801 0.44538748
vt 0.81456321 0.45027596
vt 0.81029302 0.44548631
vt 0.79526132 0.43977797
vt 0.80217677 0.43817943
vt 0.80904126 0.43996686
vt 0.7889027 0.44328457
vt 0.81213945 0.44305801
vt 0.79833806 0.43704712
vt 0.79177427 0.43622607
vt 0.79205555 0.43576103
vt 0.79453486 0.43320799
vt 0.79348689 0.43393606
vt 0.79424185 0.43268275
vt 0.44888476 0.77149087
vt 0.45213017 0.76883638
vt 0.45845672 0.77288061
vt 0.44839987 0.77424747
vt 0.44346943 0.76766586
vt 0.45934397 0.77741396
vt 0.44584021 0.76540744
vt 0.45574492 0.78516304
vt 0.43951136 0.77179146
vt 0.44325384 0.75874132
vt 0.46496642 0.7806958
vt 0.43873879 0.79733843
vt 0.43257421 0.7656858
vt 0.4336465 0.7797693
vt 0.4398897 0.76009756
vt 0.4699448 0.79180312
vt 0.46473786 0.77589202
vt 0.44948962 0.80533046
vt 0.43931082 0.75108814
vt 0.47182435 0.77888304
vt 0.41671598 0.78718662
vt 0.4372347 0.80470186
vt 0.42545801 0.75888109
vt 0.44445479 0.7474767
vt 0.48068666 0.7781322
vt 0.46213067 0.80801141
vt 0.47300467 0.77266866
vt 0.42457277 0.80269623
vt 0.39703673 0.77850288
vt 0.42937955 0.80241644
vt 0.44495133 0.80818111
vt 0.4405109 0.74147236
vt 0.47779489 0.77314478
vt 0.47371915 0.79730988
vt 0.45303977 0.81007624
vt 0.4060674 0.79257953
vt 0.4498986 0.81029463
vt 0.43445328 0.73909277
vt 0.38923731 0.76869464
vt 0.48362237 0.77223265
vt 0.48867112 0.79437554
vt 0.47557968 0.80869925
vt 0.41167167 0.80083346
vt 0.38972995 0.78698021
vt 0.42818081 0.72910023
vt 0.39020336 0.76597571
vt 0.38725513 0.7759459
vt 0.4359619 0.73192906
vt 0.48662513 0.77139854
vt 0.49103108 0.77825379
vt 0.48653445 0.80548626
vt 0.41978177 0.80325341
vt 0.40523446 0.80408758
vt 0.37968981 0.79372281
vt 0.38407046 0.7830891
vt 0.43099803 0.7297886
vt 0.41405347 0.74260008
vt 0.39062405 0.76370972
vt 0.49242398 0.79130572
vt 0.49502096 0.80876154
vt 0.49114636 0.81052262
vt 0.41007692 0.8031621
vt 0.39837253 0.8027283
vt 0.38073891 0.78890401
vt 0.43085608 0.72096843
vt 0.41612655 0.72666037
vt 0.38489863 0.77994275
vt 0.43400717 0.7226187
vt 0.49267784 0.77123284
vt 0.4941155 0.78688192
vt 0.49326786 0.79748905
vt 0.4956564 0.80541694
vt 0.38396946 0.7999416
vt 0.37866175 0.78969866
vt 0.3798973 0.78844464
vt 0.42122227 0.71736407
vt 0.39316794 0.75266725
vt 0.40268102 0.73370415
vt 0.38375476 0.78232235
vt 0.39106205 0.80357397
vt 0.3773976 0.79559815
vt 0.37747422 0.7936089
vt 0.37929249 0.78887451
vt 0.38318285 0.78345615
vt 0.42750892 0.71421647
vt 0.39735326 0.73891008
vt 0.4001579 0.73381698
vt 0.40271008 0.73028249
vt 0.40753731 0.72299755
vt 0.38365614 0.78273684
vt 0.3868793 0.80249727
vt 0.37889078 0.80047357
vt 0.3834596 0.78308892
vt 0.42079416 0.71128798
vt 0.40027627 0.73330259
vt 0.40576649 0.72534764
vt 0.40066898 0.73271668
vt 0.4150598 0.71539444
vt 0.37840998 0.80276376
vt 0.3787421 0.80222982
vt 0.424716 0.70928407
vt 0.41685811 0.71205127
vt 0.42369482 0.70553404
vt 0.42062724 0.70780897
vt 0.42184865 0.70575559
vt 0.41322672 0.42451495
vt 0.40735799 0.42668909
vt 0.40606192 0.41870004
vt 0.41129708 0.41751033
vt 0.40908742 0.42968065
vt 0.40143397 0.42375302
vt 0.4090175 0.41436398
vt 0.42280263 0.42032576
vt 0.41520819 0.42884505
vt 0.40488806 0.43184721
vt 0.39948079 0.43478525
vt 0.40100816 0.41945189
vt 0.41799831 0.40825474
vt 0.4027884 0.41636407
vt 0.42051429 0.41313767
vt 0.41056755 0.43208337
vt 0.39709049 0.41827834
vt 0.41176885 0.40392977
vt 0.42423597 0.40801364
vt 0.41898078 0.43136102
vt 0.40875748 0.43595421
vt 0.39252767 0.42732704
vt 0.39868128 0.41451776
vt 0.42052913 0.39435202
vt 0.4030889 0.40616643
vt 0.4281446 0.41915476
vt 0.42536348 0.424833
vt 0.39202523 0.42122567
vt 0.39525905 0.41567349
vt 0.40604672 0.3872689
vt 0.42940608 0.40944177
vt 0.38664433 0.41845953
vt 0.39388844 0.40126181
vt 0.43327644 0.40525484
vt 0.42635614 0.36906087
vt 0.38845852 0.41114879
vt 0.43737108 0.39601612
vt 0.42155302 0.36300868
vt 0.44014385 0.3836633
vt 0.39438942 0.39086604
vt 0.3800585 0.40962523
vt 0.40621755 0.37442285
vt 0.42805544 0.35805452
vt 0.43991831 0.36989075
vt 0.39846262 0.38037038
vt 0.38050905 0.40466166
vt 0.38077378 0.41774398
vt 0.44625106 0.39037693
vt 0.41254282 0.3611002
vt 0.43616751 0.36178637
vt 0.42419371 0.35511631
vt 0.45121458 0.37330949
vt 0.37794387 0.40904868
vt 0.37704003 0.41434377
vt 0.40024352 0.37200069
vt 0.41525659 0.35620964
vt 0.40237415 0.36308163
vt 0.43707421 0.35660356
vt 0.44808415 0.3586989
vt 0.45619455 0.38735294
vt 0.40912884 0.35423851
vt 0.41579723 0.35267448
vt 0.43890938 0.35120445
vt 0.45878702 0.35656983
vt 0.47364956 0.37734795
vt 0.41316524 0.3531127
vt 0.40344051 0.35490882
vt 0.44787914 0.35151863
vt 0.42362663 0.35100871
vt 0.4534083 0.35264003
vt 0.46692854 0.36350328
vt 0.39908016 0.35567379
vt 0.4619967 0.35316449
vt 0.46591869 0.35750389
vt 0.4756839 0.36586493
vt 0.45203429 0.3483569
vt 0.458031 0.34798151
vt 0.47274333 0.35672158
vt 0.46872792 0.35230404
vt 0.48167044 0.36081594
vt 0.47544265 0.35075337
vt 0.48232648 0.35412782
vt 0.48208877 0.34871298
vt 0.26817736 0.9890849
vt 0.26747286 0.98175842
vt 0.27511963 0.98252141
vt 0.27522728 0.98977548
vt 0.26199055 0.98497635
vt 0.27943033 0.98311669
vt 0.2704621 0.99352515
vt 0.25712112 0.99045879
vt 0.26283643 0.97915906
vt 0.28516454 0.99241877
vt 0.27504027 0.99487442
vt 0.26107186 0.99470305
vt 0.25275806 0.9850933
vt 0.28795099 0.98201996
vt 0.24787241 0.98979211
vt 0.25479448 0.995592
vt 0.25455388 0.98057091
vt 0.29603764 0.99137551
vt 0.24672151 0.98327881
vt 0.29362643 0.97998834
vt 0.24161561 0.98591793
vt 0.24270408 0.99566644
vt 0.29982588 0.97889334
vt 0.23676929 0.99512631
vt 0.3075248 0.99154562
vt 0.23620443 0.98471773
vt 0.22952546 0.99801779
vt 0.30616385 0.97950953
vt 0.22687784 0.99395579
vt 0.31234971 0.98367012
vt 0.22797956 0.98780501
vt 0.31375328 0.989501
vt 0.31079838 0.97980523
vt 0.22096212 0.98601443
vt 0.22570659 0.98323429
vt 0.31583169 0.98447132
vt 0.31140131 0.97812802
vt 0.3184422 0.97968096
vt 0.94307411 0.99130857
vt 0.93979478 0.98556274
vt 0.94314122 0.99035728
vt 0.93450081 0.98995966
vt 0.94194478 0.98485655
vt 0.93725932 0.99573624
vt 0.93235725 0.97420841
vt 0.94206023 0.98270464
vt 0.94315141 0.9919197
vt 0.93960524 0.97884917
vt 0.92977309 0.98281473
vt 0.9436878 0.99236357
vt 0.94440401 0.9667123
vt 0.92741752 0.97541773
vt 0.94155514 0.97850734
vt 0.94256014 0.99739176
vt 0.93304765 0.9701255
vt 0.92207795 0.98087144
vt 0.94512266 0.99589819
vt 0.93805373 0.99785084
vt 0.94460881 0.96812069
vt 0.94095898 0.96008426
vt 0.91311485 0.98076826
vt 0.92344868 0.98236883
vt 0.92329043 0.97195089
vt 0.94494456 0.96729237
vt 0.94492501 0.9654634
vt 0.93312049 0.96312779
vt 0.91817105 0.97590244
vt 0.94489789 0.96678066
vt 0.94466859 0.95831907
vt 0.94485605 0.96627998
vt 0.93837202 0.9561134
vt 0.91307235 0.9807694
vt 0.92373341 0.96722811
vt 0.91635323 0.97309393
vt 0.94369137 0.95383275
vt 0.93500733 0.9553377
vt 0.91550308 0.97704297
vt 0.91766465 0.96870166
vt 0.92743492 0.96108007
vt 0.91610658 0.97569019
vt 0.94502252 0.95451343
vt 0.93260783 0.95444953
vt 0.93801588 0.95256406
vt 0.91681999 0.96516067
vt 0.91606635 0.97319347
vt 0.91437191 0.96946698
vt 0.94630325 0.95217907
vt 0.9332779 0.948807
vt 0.94046265 0.94592661
vt 0.91905767 0.95737952
vt 0.92399842 0.95408922
vt 0.91603547 0.97300696
vt 0.94656527 0.94895399
vt 0.92807579 0.9502691
vt 0.93506092 0.94240075
vt 0.92507344 0.94501698
vt 0.93116623 0.93875629
vt 0.94126493 0.93072546
vt 0.94954383 0.94328314
vt 0.91731107 0.95329338
vt 0.92107671 0.95017916
vt 0.92545319 0.93972671
vt 0.93273383 0.93683118
vt 0.9464348 0.93381846
vt 0.93619615 0.92750913
vt 0.94957191 0.94255245
vt 0.92203057 0.94145292
vt 0.91901875 0.94813561
vt 0.9211213 0.93444568
vt 0.93259609 0.92811155
vt 0.94690019 0.9285183
vt 0.94974494 0.9426679
vt 0.91905147 0.94403428
vt 0.91867834 0.92987823
vt 0.95000589 0.93357104
vt 0.95084333 0.93270546
vt 0.94976503 0.94238746
vt 0.91858804 0.94047773
vt 0.91863704 0.93873155
vt 0.934843 0.91827255
vt 0.92797273 0.92302382
vt 0.9498952 0.94107229
vt 0.95288742 0.92961156
vt 0.91860461 0.94357181
vt 0.91852236 0.93820333
vt 0.91934383 0.92359596
vt 0.91857326 0.94413918
vt 0.91833007 0.93397278
vt 0.93109936 0.91503304
vt 0.91382658 0.92342591
vt 0.92383951 0.91850233
vt 0.93346208 0.91001379
vt 0.91177922 0.91789675
vt 0.91692942 0.91767585
vt 0.92836463 0.91165721
vt 0.91790086 0.91007692
vt 0.93223286 0.90596986
vt 0.91231149 0.91137278
vt 0.92760175 0.90513396
vt 0.93513024 0.90382868
vt 0.92421174 0.908153
vt 0.90795195 0.91351509
vt 0.91535866 0.90520418
vt 0.92895323 0.90140212
vt 0.93307495 0.90049529
vt 0.92045987 0.90448004
vt 0.90880817 0.908867
vt 0.90795553 0.9135263
vt 0.91098136 0.90632129
vt 0.92414516 0.90172696
vt 0.91156775 0.91910243
vt 0.90794903 0.91351438
vt 0.89551222 0.37291843
vt 0.90004146 0.3755039
vt 0.89775598 0.37927645
vt 0.89134246 0.37424111
vt 0.89978713 0.37121058
vt 0.90091187 0.38074982
vt 0.89232576 0.38668966
vt 0.89557874 0.3863067
vt 0.88800758 0.38340116
vt 0.89264643 0.39034986
vt 0.88548362 0.37526631
vt 0.88934839 0.38778782
vt 0.88945627 0.39366269
vt 0.88563794 0.38076025
vt 0.88701266 0.389754
vt 0.89364612 0.39771092
vt 0.88559556 0.38384151
vt 0.88515365 0.40178037
vt 0.88267368 0.39391416
vt 0.89202869 0.40203869
vt 0.88353699 0.39923477
vt 0.8974719 0.40271652
vt 0.89032 0.405756
vt 0.88416415 0.40421832
vt 0.8739599 0.39525574
vt 0.89876688 0.40575951
vt 0.87416613 0.4049353
vt 0.86628383 0.40180737
vt 0.87903756 0.38997388
vt 0.89117759 0.4095304
vt 0.88074398 0.40833217
vt 0.86765248 0.3928718
vt 0.8738898 0.38948923
vt 0.88441199 0.38910162
vt 0.8667587 0.40674716
vt 0.87302577 0.409091
vt 0.8614639 0.40143621
vt 0.87807769 0.38574535
vt 0.88262504 0.3833763
vt 0.85762215 0.4052127
vt 0.86451662 0.38970411
vt 0.86319715 0.39299542
vt 0.87316453 0.38447499
vt 0.8614412 0.41198921
vt 0.86484706 0.41019589
vt 0.8553046 0.39721811
vt 0.85877961 0.39639497
vt 0.87781632 0.38119811
vt 0.85609967 0.42312092
vt 0.85992157 0.38903558
vt 0.86568666 0.38403755
vt 0.84764725 0.40471411
vt 0.87462628 0.37954491
vt 0.85963368 0.42159891
vt 0.86045742 0.38727909
vt 0.8474502 0.39254755
vt 0.85916334 0.43259209
vt 0.83641875 0.41212136
vt 0.85660112 0.38852489
vt 0.85918552 0.38277745
vt 0.84137928 0.39539599
vt 0.85737449 0.43417704
vt 0.84127748 0.43294376
vt 0.85474724 0.38486356
vt 0.85167176 0.38690811
vt 0.84363627 0.3910749
vt 0.82855064 0.43405378
vt 0.8282522 0.3957389
vt 0.84621137 0.38826048
vt 0.83669883 0.39086676
vt 0.85679805 0.43534672
vt 0.83639312 0.43551016
vt 0.82334322 0.42126721
vt 0.82072371 0.40143067
vt 0.84616292 0.38628316
vt 0.82048345 0.43590474
vt 0.81699604 0.41097933
vt 0.81680441 0.42920995
vt 0.82136685 0.39493102
vt 0.82841069 0.39211386
vt 0.83457029 0.38849598
vt 0.81469363 0.43351477
vt 0.8185131 0.42110252
vt 0.81651646 0.40319139
vt 0.81861824 0.39817226
vt 0.82722813 0.39039475
vt 0.81663519 0.39523089
vt 0.81521016 0.39639646
vt 0.70961398 0.88950109
vt 0.71098155 0.89501894
vt 0.70201808 0.8858279
vt 0.70159501 0.88328171
vt 0.7168299 0.89021552
vt 0.69652903 0.89316767
vt 0.71144074 0.88588166
vt 0.69620812 0.88330245
vt 0.72507066 0.89196897
vt 0.70450085 0.91654241
vt 0.69671726 0.88216543
vt 0.71944529 0.91017425
vt 0.7233547 0.8882671
vt 0.71753162 0.88611114
vt 0.69443345 0.88607848
vt 0.69733608 0.90424329
vt 0.72635961 0.90191233
vt 0.72932327 0.88688439
vt 0.6926021 0.89189446
vt 0.71205705 0.92505717
vt 0.69443136 0.9100666
vt 0.69370073 0.90147847
vt 0.72843063 0.89281535
vt 0.72837597 0.91463482
vt 0.72932017 0.88691688
vt 0.69034398 0.88876534
vt 0.69627875 0.92833185
vt 0.69382805 0.91530877
vt 0.72839957 0.89264882
vt 0.73058271 0.90481299
vt 0.69516444 0.92362386
vt 0.70529473 0.92786938
vt 0.72693419 0.93074065
vt 0.68916774 0.90756029
vt 0.7285738 0.8932839
vt 0.7323463 0.9077304
vt 0.71094066 0.92914081
vt 0.69729584 0.93439567
vt 0.71493405 0.93216747
vt 0.73310411 0.92499459
vt 0.69077474 0.91817939
vt 0.73167133 0.90460259
vt 0.73297071 0.91342515
vt 0.71998835 0.93631208
vt 0.73439163 0.91815335
vt 0.73665655 0.93047071
vt 0.72728997 0.93925089
vt 0.73662406 0.93001306
vt 0.73266047 0.94416404
vt 0.72639626 0.94207197
vt 0.73670655 0.93037188
vt 0.73675722 0.93097347
vt 0.73670918 0.93040615
vt 0.73761052 0.94330847
vt 0.73670787 0.93053693
vt 0.72982919 0.94654554
vt 0.73671329 0.93046439
vt 0.73836178 0.94556624
vt 0.7320109 0.9519915
vt 0.73664927 0.95089936
vt 0.7399264 0.94956517
vt 0.7347675 0.95656461
vt 0.74116784 0.96032715
vt 0.74241936 0.9582029
vt 0.73829556 0.96371448
vt 0.74262196 0.96405512
vt 0.73987406 0.96631855
vt 0.74266154 0.96281451
vt 0.21411206 0.46556622
vt 0.21449324 0.45826679
vt 0.21981561 0.46184647
vt 0.22027852 0.47250217
vt 0.20970504 0.46226263
vt 0.22026727 0.45120472
vt 0.22531906 0.46415991
vt 0.21526833 0.47322631
vt 0.20981522 0.46604544
vt 0.20889066 0.45697844
vt 0.21165855 0.44616228
vt 0.22691031 0.45903736
vt 0.22489272 0.47776616
vt 0.21873027 0.4781431
vt 0.20486537 0.4536165
vt 0.20904577 0.45218736
vt 0.21744658 0.44188154
vt 0.22440311 0.44886327
vt 0.22956172 0.46867532
vt 0.21063879 0.43462759
vt 0.20513824 0.44717938
vt 0.2317704 0.45845205
vt 0.23364055 0.47811234
vt 0.22333844 0.48780745
vt 0.20307356 0.43190968
vt 0.2167315 0.43525052
vt 0.20291609 0.44058871
vt 0.23417559 0.44762915
vt 0.2392931 0.4690187
vt 0.23338607 0.48344964
vt 0.23710792 0.47238743
vt 0.22965576 0.48645675
vt 0.20131874 0.4442876
vt 0.20765296 0.42791981
vt 0.22218107 0.42847437
vt 0.24032517 0.43245614
vt 0.23916212 0.46068621
vt 0.23776679 0.48351461
vt 0.23739944 0.47657496
vt 0.23387438 0.49386704
vt 0.19662352 0.43155169
vt 0.20306821 0.42319226
vt 0.21109448 0.42225128
vt 0.19610246 0.43554783
vt 0.25356445 0.44778061
vt 0.24428239 0.47420245
vt 0.2484816 0.46850479
vt 0.23542608 0.48878187
vt 0.23949941 0.4796831
vt 0.23154251 0.49793744
vt 0.25292015 0.44031334
vt 0.2548323 0.46427417
vt 0.2447163 0.48854935
vt 0.24337874 0.49340206
vt 0.19623321 0.42214644
vt 0.19378479 0.42974257
vt 0.24936084 0.43243122
vt 0.25973734 0.45438629
vt 0.24641709 0.47818679
vt 0.26129842 0.47327125
vt 0.19289413 0.42611313
vt 0.2467564 0.4297834
vt 0.26052335 0.45986468
vt 0.26390317 0.46626288
vt 0.25039834 0.4907515
vt 0.25373498 0.48274022
vt 0.189523 0.42309564
vt 0.26299539 0.45666128
vt 0.26651719 0.4682036
vt 0.26438993 0.45875192
vt 0.26554295 0.46195245
vt 0.26436648 0.47709119
vt 0.2667335 0.47421616
vt 0.25591457 0.48504812
vt 0.2657235 0.48147303
vt 0.25661814 0.49101287
vt 0.26094848 0.48652363
vt 0.26789489 0.48448199
vt 0.95407897 0.90181488
vt 0.95776719 0.89861178
vt 0.96066517 0.9030537
vt 0.95565271 0.89356661
vt 0.96452212 0.89841926
vt 0.94826245 0.90471327
vt 0.96134233 0.89238304
vt 0.96494895 0.90409851
vt 0.94136387 0.89790922
vt 0.95671022 0.88598329
vt 0.9687252 0.90317446
vt 0.97446835 0.89085746
vt 0.94092858 0.89261717
vt 0.96110594 0.88073605
vt 0.97158569 0.89712727
vt 0.96749997 0.8853026
vt 0.96263623 0.87380677
vt 0.95663899 0.88046426
vt 0.95051146 0.88245153
vt 0.97350961 0.90017307
vt 0.96868187 0.87550253
vt 0.97515565 0.88160449
vt 0.97550994 0.89614683
vt 0.94575346 0.88685274
vt 0.96607089 0.86854678
vt 0.95837998 0.87532341
vt 0.94792324 0.87607241
vt 0.94044173 0.88804334
vt 0.9432615 0.8825444
vt 0.97374713 0.87252754
vt 0.96047217 0.8685056
vt 0.96044528 0.87198728
vt 0.97737974 0.87441862
vt 0.97277272 0.86585718
vt 0.96189314 0.86547488
vt 0.95686799 0.86847639
vt 0.94265336 0.87598318
vt 0.96705484 0.8577894
vt 0.95470923 0.86175013
vt 0.94963139 0.86822224
vt 0.93961614 0.86989617
vt 0.97749394 0.86271262
vt 0.95092481 0.86388576
vt 0.98165083 0.86836308
vt 0.97887397 0.85614228
vt 0.95147711 0.85678434
vt 0.94250524 0.86154222
vt 0.98146635 0.86257493
vt 0.97105628 0.85102212
vt 0.9599275 0.84921753
vt 0.98626047 0.86407214
vt 0.97722226 0.8387574
vt 0.98412836 0.85935819
vt 0.9482426 0.8456859
vt 0.94130981 0.85447347
vt 0.96885377 0.84319913
vt 0.9861964 0.84584719
vt 0.990053 0.85666168
vt 0.95770657 0.8435297
vt 0.94409019 0.85193098
vt 0.97168541 0.83776939
vt 0.95105958 0.8392632
vt 0.94208622 0.84437275
vt 0.96465254 0.8403998
vt 0.95622653 0.8372246
vt 0.96472317 0.83574581
vt 0.96962678 0.83268881
vt 0.80269301 0.95426762
vt 0.79822356 0.95757061
vt 0.79155415 0.95053351
vt 0.79723454 0.94596893
vt 0.80309874 0.96263599
vt 0.79294252 0.96020156
vt 0.79414707 0.94459319
vt 0.80938774 0.95873076
vt 0.79867935 0.96712148
vt 0.79293221 0.96712446
vt 0.78619075 0.95383018
vt 0.7889232 0.94453615
vt 0.81072545 0.96280086
vt 0.79493439 0.96712333
vt 0.80534416 0.96711922
vt 0.78489113 0.96359968
vt 0.78425717 0.95135134
vt 0.79109138 0.93980038
vt 0.8158986 0.96015722
vt 0.7879163 0.96712625
vt 0.77554643 0.94133461
vt 0.78175932 0.93763858
vt 0.8190558 0.96373916
vt 0.80847406 0.96711814
vt 0.78026175 0.96712828
vt 0.77077895 0.95874345
vt 0.77260476 0.9490881
vt 0.81941599 0.96711576
vt 0.81694359 0.96711636
vt 0.76478159 0.93211031
vt 0.77503288 0.93166023
vt 0.82289582 0.96711451
vt 0.77323693 0.96712983
vt 0.75268543 0.94637465
vt 0.76320571 0.96713388
vt 0.76053089 0.96713465
vt 0.77148896 0.93111503
vt 0.75180417 0.92465168
vt 0.75189811 0.96713728
vt 0.76620799 0.92586571
vt 0.75181097 0.9426024
vt 0.75180274 0.92195106
vt 0.75181293 0.94794375
vt 0.75544953 0.92199218
vt 0.75181115 0.94319701
vt 0.75182021 0.96713728
vt 0.75181246 0.94657391
vt 0.75180233 0.92163128
vt 0.5354619 0.83032471
vt 0.52533823 0.8415029
vt 0.52288091 0.83920419
vt 0.52284724 0.83858329
vt 0.5408383 0.83501595
vt 0.51917446 0.8212505
vt 0.54178017 0.82992119
vt 0.52090311 0.83045125
vt 0.54142827 0.82549644
vt 0.51893693 0.82206976
vt 0.52359486 0.81308627
vt 0.51873606 0.82161182
vt 0.51575184 0.81143689
vt 0.53019148 0.80523092
vt 0.5139277 0.81505048
vt 0.51691008 0.7988137
vt 0.5224371 0.8001793
vt 0.54030371 0.811185
vt 0.51252979 0.81412977
vt 0.50675118 0.80096734
vt 0.52720863 0.79366171
vt 0.53691679 0.8005597
vt 0.51013386 0.79410225
vt 0.51783347 0.79092753
vt 0.50584024 0.81004554
vt 0.52581269 0.7800343
vt 0.5357461 0.79229468
vt 0.50171113 0.80859029
vt 0.51035458 0.78240806
vt 0.51554751 0.77654195
vt 0.53098691 0.78697217
vt 0.52084076 0.77557701
vt 0.53512233 0.78160727
vt 0.5147801 0.77054822
vt 0.53065777 0.7764889
vt 0.53923315 0.78380603
vt 0.52251548 0.77342647
vt 0.53958082 0.77692026
vt 0.29790285 0.77891475
vt 0.29473388 0.78286135
vt 0.2884813 0.77567476
vt 0.29080069 0.77217829
vt 0.30102119 0.78563821
vt 0.27838016 0.78009331
vt 0.30136806 0.77595568
vt 0.27914008 0.77163702
vt 0.30453122 0.78059894
vt 0.29127142 0.79158151
vt 0.30093345 0.76856947
vt 0.28236139 0.76661354
vt 0.3069497 0.78735149
vt 0.30022615 0.79248834
vt 0.27894017 0.78867328
vt 0.27594519 0.77512258
vt 0.2876015 0.76114368
vt 0.30655709 0.7769798
vt 0.27723932 0.76828134
vt 0.31120139 0.78136933
vt 0.29018992 0.79824924
vt 0.28508264 0.79597855
vt 0.27002284 0.77831447
vt 0.30558741 0.76150084
vt 0.31065717 0.77201903
vt 0.28135177 0.75955689
vt 0.31335005 0.78584707
vt 0.2745977 0.7941438
vt 0.26931009 0.78284442
vt 0.27306759 0.76747274
vt 0.29685688 0.75317794
vt 0.27975422 0.753142
vt 0.2777532 0.75864249
vt 0.31280938 0.78392106
vt 0.27618536 0.80288768
vt 0.26976928 0.7904864
vt 0.25898328 0.785043
vt 0.26678479 0.7622512
vt 0.28955948 0.74941182
vt 0.30989453 0.7604025
vt 0.30983156 0.76213092
vt 0.31091136 0.77237988
vt 0.28360763 0.74715841
vt 0.31209514 0.7814588
vt 0.28311008 0.80802143
vt 0.26646966 0.80420089
vt 0.26451564 0.79750168
vt 0.26232055 0.79081547
vt 0.26102117 0.7739917
vt 0.27247059 0.76012635
vt 0.29620901 0.74841911
vt 0.30996439 0.75624013
vt 0.31079459 0.77157342
vt 0.31085405 0.7719993
vt 0.27606666 0.7436806
vt 0.27132246 0.75444543
vt 0.27683535 0.80807257
vt 0.2702857 0.80696863
vt 0.25234103 0.77308637
vt 0.25357136 0.78496945
vt 0.25791219 0.76594973
vt 0.2853148 0.74220097
vt 0.29406688 0.74449694
vt 0.30228874 0.74866784
vt 0.30998495 0.75321853
vt 0.31083748 0.77190489
vt 0.27166611 0.74625802
vt 0.27970409 0.74096906
vt 0.28287199 0.81073195
vt 0.26145053 0.80242622
vt 0.26598173 0.80730599
vt 0.25455609 0.79305929
vt 0.25266355 0.76506132
vt 0.26352954 0.75526816
vt 0.30040437 0.74455988
vt 0.261298 0.75224394
vt 0.26213068 0.80586088
vt 0.25219297 0.76164585
vt 0.30995142 0.74978244
vt 0.30685931 0.74153036
vt 0.25724 0.80157375
vt 0.30952987 0.74620515
vt 0.30892661 0.74240071
vt 0.21081328 0.75777566
vt 0.20820811 0.76293099
vt 0.20363435 0.75813103
vt 0.2063956 0.75472981
vt 0.21502164 0.76571554
vt 0.20305507 0.761428
vt 0.21076119 0.75267041
vt 0.21686983 0.76027185
vt 0.20978501 0.76866567
vt 0.20362003 0.77048963
vt 0.20108163 0.76234782
vt 0.20832689 0.74867249
vt 0.21529284 0.75398129
vt 0.22642229 0.7671054
vt 0.2134434 0.77249026
vt 0.21439922 0.75006181
vt 0.21904318 0.75398988
vt 0.22149366 0.77522367
vt 0.20537144 0.77712822
vt 0.19841741 0.77491325
vt 0.19706167 0.76805717
vt 0.20885955 0.74308169
vt 0.22606769 0.77644026
vt 0.20950755 0.77832168
vt 0.1957494 0.77259338
vt 0.19191027 0.76907003
vt 0.22156107 0.78114271
vt 0.20453194 0.78508145
vt 0.20192026 0.78211284
vt 0.19445792 0.77596515
vt 0.22732268 0.78397042
vt 0.2115768 0.78730845
vt 0.18965118 0.77712744
vt 0.22350816 0.7885139
vt 0.21769533 0.79035115
vt 0.20000024 0.78472185
vt 0.2075887 0.79095203
vt 0.2289263 0.79077858
vt 0.20991288 0.79424375
vt 0.20198734 0.78877395
vt 0.19799548 0.7834391
vt 0.22262378 0.79358304
vt 0.23602127 0.78657383
vt 0.21352325 0.79661232
vt 0.20453544 0.7931416
vt 0.20923433 0.79695368
vt 0.21721523 0.79873115
vt 0.23141633 0.80203152
vt 0.23565885 0.79176331
vt 0.24307263 0.79373199
vt 0.21545292 0.80083585
vt 0.21237531 0.80077273
vt 0.22345039 0.8108803
vt 0.24081241 0.7977103
vt 0.21616985 0.80504698
vt 0.23036195 0.81016481
vt 0.24658541 0.80187762
vt 0.91885567 0.82262981
vt 0.92592382 0.82653129
vt 0.9173578 0.8319279
vt 0.91174853 0.83199394
vt 0.92620218 0.81747323
vt 0.9401769 0.82446808
vt 0.9151541 0.83862162
vt 0.91357511 0.82126409
vt 0.91978669 0.81193614
vt 0.93504173 0.81974357
vt 0.93435806 0.83689648
vt 0.9102059 0.83893883
vt 0.92026633 0.83770865
vt 0.92402685 0.80222505
vt 0.93381649 0.7994132
vt 0.94045657 0.8371886
vt 0.94125479 0.81852752
vt 0.91156548 0.81396377
vt 0.91441095 0.79960728
vt 0.93761718 0.81169045
vt 0.94166416 0.82584029
vt 0.94148594 0.84027922
vt 0.93027705 0.83970189
vt 0.94133115 0.82188904
vt 0.93899453 0.813357
vt 0.93142498 0.78865093
vt 0.92079729 0.78701222
vt 0.93636131 0.80306488
vt 0.94164509 0.82396054
vt 0.93411303 0.84150058
vt 0.9086352 0.80277598
vt 0.93373442 0.79334521
vt 0.92942804 0.78540826
vt 0.91175091 0.79362357
vt 0.93798047 0.81143081
vt 0.93582523 0.79949117
vt 0.93823689 0.81172675
vt 0.94242352 0.84201264
vt 0.9269681 0.78116053
vt 0.91435099 0.78432751
vt 0.91997528 0.77751148
vt 0.92223263 0.77520639
vt 0.91496432 0.77889478
vt 0.9219166 0.77513957
vt 0.91738135 0.77540088
vt 0.92182094 0.77510089
vt 0.59236717 0.86316144
vt 0.58282262 0.86554521
vt 0.59127277 0.85790956
vt 0.60014248 0.85842949
vt 0.58429682 0.86950988
vt 0.58258444 0.8578738
vt 0.59554535 0.85127485
vt 0.57336813 0.86711013
vt 0.59116554 0.85392129
vt 0.57587582 0.86284739
vt 0.5734188 0.86724782
vt 0.58623821 0.84718716
vt 0.57655436 0.85631704
vt 0.57471144 0.87011671
vt 0.57326776 0.86680228
vt 0.57971746 0.85164857
vt 0.57172471 0.86158389
vt 0.59547478 0.84342366
vt 0.5763095 0.87291652
vt 0.57245868 0.86381334
vt 0.58468312 0.84246284
vt 0.57164431 0.8494944
vt 0.57086897 0.85805887
vt 0.57593346 0.87278986
vt 0.57376218 0.84664899
vt 0.56905729 0.85221314
vt 0.5913341 0.83605725
vt 0.57603627 0.87299448
vt 0.56817532 0.84370387
vt 0.56801963 0.8490842
vt 0.58530754 0.83587652
vt 0.56706792 0.84450084
vt 0.5909391 0.83146447
vt 0.57319951 0.83609283
vt 0.56705016 0.84413415
vt 0.58363211 0.83018696
vt 0.56696308 0.84190899
vt 0.56699806 0.84342647
vt 0.5900718 0.82653028
vt 0.56704921 0.83645701
vt 0.57493001 0.82808274
vt 0.57726866 0.82604319
vt 0.56989706 0.83227116
vt 0.58958215 0.82248563
vt 0.56680357 0.83437473
vt 0.57360458 0.81986916
vt 0.58148998 0.81757289
vt 0.56626612 0.83118415
vt 0.56783748 0.82131696
vt 0.57754874 0.81566989
vt 0.56507236 0.82616949
vt 0.58535111 0.80876857
vt 0.56406277 0.82202101
vt 0.70708525 0.88413763
vt 0.71078056 0.88128233
vt 0.71158522 0.88505071
vt 0.70982379 0.8813988
vt 0.71702081 0.87918282
vt 0.70574421 0.88390166
vt 0.71078235 0.88111502
vt 0.71988767 0.88593489
vt 0.71603835 0.87835085
vt 0.70538568 0.88273931
vt 0.70591366 0.88437372
vt 0.72559589 0.88375539
vt 0.71767646 0.87776154
vt 0.72571361 0.87742025
vt 0.71874022 0.8772831
vt 0.72566599 0.87323898
vt 0.73783028 0.88227063
vt 0.73051924 0.8707155
vt 0.73245692 0.87454337
vt 0.73598164 0.88537198
vt 0.73113847 0.87043071
vt 0.73851204 0.87602377
vt 0.74344182 0.88573784
vt 0.73144752 0.87037992
vt 0.74933434 0.87893981
vt 0.7371332 0.86785084
vt 0.75237429 0.86784643
vt 0.7475096 0.88767081
vt 0.76117456 0.87136155
vt 0.7553404 0.88265789
vt 0.7435773 0.86605495
vt 0.76014936 0.86774349
vt 0.76058376 0.87947881
vt 0.7519241 0.88842434
vt 0.74759096 0.86538428
vt 0.75490016 0.86422038
vt 0.76855737 0.87514472
vt 0.76374954 0.87813151
vt 0.75171328 0.86461872
vt 0.95613122 0.77431571
vt 0.9542855 0.79356837
vt 0.93959951 0.77298158
vt 0.9474712 0.75511324
vt 0.9715209 0.78041279
vt 0.94234526 0.80181301
vt 0.95915145 0.76327252
vt 0.9703176 0.79349661
vt 0.97095901 0.76824218
vt 0.96524465 0.80693072
vt 0.95531213 0.74715334
vt 0.97205824 0.78755569
vt 0.97702318 0.76745254
vt 0.96387559 0.81092596
vt 0.96390831 0.75601077
vt 0.97464216 0.75751621
vt 0.9733479 0.78355336
vt 0.97460461 0.77800345
vt 0.97829282 0.75942582
vt 0.96156025 0.74665785
vt 0.97381604 0.78207505
vt 0.97410858 0.78063977
vt 0.96986848 0.74947023
vt 0.97870463 0.7559287
vt 0.97388548 0.78184843
vt 0.97656822 0.75095332
vt 0.97910053 0.7517224
vt 0.91694742 0.73528433
vt 0.91177952 0.73852909
vt 0.90826899 0.73146486
vt 0.92012095 0.7294805
vt 0.91459846 0.74300271
vt 0.9115079 0.72594309
vt 0.92484474 0.73934305
vt 0.920596 0.74311566
vt 0.91018718 0.74187124
vt 0.92447042 0.72046554
vt 0.93028891 0.73711747
vt 0.91954058 0.71698892
vt 0.92910969 0.72857332
vt 0.92338836 0.70755923
vt 0.93510425 0.72660035
vt 0.93311727 0.70892572
vt 0.93603611 0.73350471
vt 0.93050289 0.70212984
vt 0.94220448 0.7130394
vt 0.9415431 0.72747982
vt 0.93746829 0.70334387
vt 0.943542 0.73435974
vt 0.95663095 0.69957244
vt 0.94739652 0.71842003
vt 0.94212759 0.73858196
vt 0.94801033 0.73012811
vt 0.94849563 0.711712
vt 0.94937915 0.73850322
vt 0.95660079 0.70977706
vt 0.95236588 0.71825826
vt 0.9474504 0.74352121
vt 0.95526248 0.7340951
vt 0.95920348 0.72307706
vt 0.95182443 0.74590123
vt 0.95607877 0.74087167
vt 0.96360123 0.72705746
vt 0.96286523 0.73629165
vt 0.96376461 0.71296382
vt 0.96003813 0.744326
vt 0.96773845 0.72068739
vt 0.95379013 0.74766523
vt 0.96966147 0.72523975
vt 0.9667207 0.72951734
vt 0.96464217 0.73953354
vt 0.96623194 0.73444116
vt 0.97141749 0.72986317
vt 0.0055083595 0.71309614
vt 0.012277058 0.7120465
vt 0.008690658 0.7169795
vt 0.0067278799 0.70607066
vt 0.001741557 0.70913982
vt 0.013857383 0.7059871
vt 0.016390232 0.7065053
vt 0.011295669 0.7000199
vt 0.01765305 0.70183837
vt 0.0067856084 0.69885522
vt 0.020503407 0.70228565
vt 0.014109947 0.69449496
vt 0.021975491 0.69756258
vt 0.028029796 0.68876266
vt 0.023093987 0.68736196
vt 0.015278954 0.68942833
vt 0.021838386 0.68236434
vt 0.017948911 0.68651682
vt 0.031277038 0.68190753
vt 0.025013469 0.675587
vt 0.019615829 0.67757869
vt 0.0340841 0.67718041
vt 0.022300215 0.66561252
vt 0.029025618 0.67507505
vt 0.030086385 0.66888666
vt 0.032525424 0.65791357
vt 0.037143726 0.67061526
vt 0.035844829 0.66421795
vt 0.04368151 0.66817862
vt 0.040924963 0.66408193
vt 0.038031306 0.67657197
vt 0.040419836 0.65541959
vt 0.04625044 0.66178679
vt 0.033889268 0.65292293
vt 0.047412232 0.65639055
vt 0.04996673 0.65875167
vt 0.051308922 0.65522456
vt 0.47977537 0.73700714
vt 0.47213176 0.72863436
vt 0.48150316 0.72754359
vt 0.48585239 0.72825044
vt 0.47079897 0.73829031
vt 0.481783 0.72243404
vt 0.48449156 0.73385286
vt 0.47535491 0.74064052
vt 0.46100724 0.73272884
vt 0.47011739 0.72444999
vt 0.48826405 0.71388531
vt 0.48300374 0.73659563
vt 0.47862101 0.73918819
vt 0.47125903 0.7429657
vt 0.45500603 0.73675424
vt 0.46541938 0.72735429
vt 0.47421056 0.7158581
vt 0.4837296 0.70828056
vt 0.48912278 0.71512312
vt 0.48092216 0.73851192
vt 0.46361712 0.74756515
vt 0.45931056 0.744353
vt 0.45992339 0.72798371
vt 0.46755931 0.71638262
vt 0.48936319 0.7037468
vt 0.487385 0.72445178
vt 0.49069735 0.7106337
vt 0.4640545 0.7474997
vt 0.45516735 0.73420328
vt 0.45665932 0.71594715
vt 0.46554843 0.70906979
vt 0.4747445 0.70579135
vt 0.48271692 0.70168406
vt 0.48704618 0.72686183
vt 0.45147556 0.72821903
vt 0.48756635 0.69228745
vt 0.49171478 0.70684385
vt 0.45002237 0.732521
vt 0.44726345 0.71472687
vt 0.45749533 0.70839226
vt 0.46971634 0.69945258
vt 0.47952098 0.69632113
vt 0.49481902 0.69159299
vt 0.44612074 0.7263757
vt 0.44184726 0.71687114
vt 0.4667038 0.69768548
vt 0.49365109 0.68652123
vt 0.47710073 0.68872738
vt 0.44525596 0.72992307
vt 0.44675016 0.70615113
vt 0.44259876 0.70974934
vt 0.47106305 0.68789577
vt 0.48392397 0.68505633
vt 0.43987176 0.7250582
vt 0.44960001 0.69584012
vt 0.45773664 0.68861115
vt 0.44185945 0.70083106
vt 0.44626203 0.69283539
vt 0.40602449 0.67823601
vt 0.41042554 0.68169087
vt 0.40889671 0.68375307
vt 0.4056485 0.68081486
vt 0.41360447 0.66326314
vt 0.41097546 0.68525374
vt 0.40516675 0.67972726
vt 0.42398894 0.66710269
vt 0.40334949 0.66758168
vt 0.41693383 0.6841656
vt 0.4236691 0.65711111
vt 0.42695233 0.68368864
vt 0.40667224 0.64983773
vt 0.40193033 0.67450011
vt 0.41868985 0.64272511
vt 0.433936 0.65544021
vt 0.42909753 0.68461078
vt 0.39525583 0.66471469
vt 0.40068743 0.67092097
vt 0.42521805 0.64481485
vt 0.43476102 0.66720599
vt 0.43141669 0.65081072
vt 0.43248981 0.67518675
vt 0.41586336 0.63659656
vt 0.39062664 0.65371346
vt 0.42069441 0.6375562
vt 0.4387491 0.64844769
vt 0.40859249 0.63712561
vt 0.39523983 0.66606867
vt 0.39392832 0.66508257
vt 0.42448065 0.63752341
vt 0.43332213 0.64291281
vt 0.41622874 0.63329411
vt 0.41247189 0.6334641
vt 0.39481884 0.66549146
vt 0.38827816 0.66069973
vt 0.39789045 0.64336061
vt 0.42995566 0.6397841
vt 0.43823317 0.64312339
vt 0.40537614 0.63478827
vt 0.38132924 0.65968955
vt 0.39048189 0.64617771
vt 0.38030371 0.65845281
vt 0.38361278 0.65214515
vt 0.39582992 0.64049017
vt 0.38261732 0.64752316
vt 0.37754491 0.65705538
vt 0.37823594 0.64574087
vt 0.37789041 0.65822458
vt 0.37682277 0.65661949
vt 0.37712017 0.6465736
vt 0.37683228 0.65742296
vt 0.37703773 0.65349329
vt 0.37726551 0.6493516
vt 0.37707198 0.64554799
vt 0.37673628 0.65853727
vt 0.37670234 0.65893149
vt 0.51870108 0.84481525
vt 0.51574779 0.83921295
vt 0.52181143 0.84155697
vt 0.5264107 0.84239346
vt 0.50775135 0.84570849
vt 0.51861352 0.83807158
vt 0.52662605 0.8522777
vt 0.51373947 0.85470909
vt 0.50968003 0.83803231
vt 0.51609188 0.85557079
vt 0.5293619 0.84528673
vt 0.50952548 0.8495447
vt 0.50228113 0.84003693
vt 0.51471096 0.83419025
vt 0.52231914 0.85888076
vt 0.52886772 0.83957237
vt 0.53389198 0.85519874
vt 0.50665843 0.8465488
vt 0.50557339 0.84501112
vt 0.50211877 0.83656198
vt 0.52087045 0.85853451
vt 0.52254623 0.85933048
vt 0.5377236 0.84070706
vt 0.52752179 0.85991222
vt 0.53633207 0.84694439
vt 0.50343698 0.83469027
vt 0.52209264 0.85918885
vt 0.53323781 0.85741615
vt 0.5390836 0.85529363
vt 0.54352081 0.84358823
vt 0.53774256 0.85750055
vt 0.5491215 0.84763789
vt 0.53906238 0.85804945
vt 0.55185038 0.84285855
vt 0.54494679 0.8570267
vt 0.54360783 0.86035711
vt 0.55894226 0.84695297
vt 0.55690169 0.85467601
vt 0.56107533 0.84394383
vt 0.55707419 0.86478961
vt 0.54867005 0.86810112
vt 0.56145442 0.85307389
vt 0.56216669 0.84652638
vt 0.55620241 0.87275922
vt 0.0047173137 0.78977436
vt 0.0085903807 0.78509253
vt 0.012905333 0.79126716
vt 0.0063092127 0.7983433
vt 0.019527296 0.78318822
vt 0.0071353191 0.79912794
vt 0.0023049994 0.79432744
vt 0.011776536 0.77663982
vt 0.023831641 0.79256618
vt 0.011243619 0.80227715
vt 0.017936502 0.77573526
vt 0.021593004 0.80129147
vt 0.0224018 0.77934623
vt 0.0129316 0.80333853
vt 0.026425797 0.80005187
vt 0.016248925 0.80353469
vt 0.028602839 0.78504491
vt 0.029163789 0.77969599
vt 0.030675061 0.79847562
vt 0.027598402 0.80546719
vt 0.0161891 0.80496669
vt 0.014585224 0.8042438
vt 0.023787791 0.81044078
vt 0.01820953 0.8061347
vt 0.037636824 0.78547311
vt 0.039082721 0.79492152
vt 0.032887336 0.80299038
vt 0.034188967 0.77723843
vt 0.044109222 0.78627229
vt 0.041295171 0.77891004
vt 0.039267093 0.80126494
vt 0.045880992 0.80023968
vt 0.04788037 0.79017842
vt 0.046860408 0.77839416
vt 0.051962066 0.78584552
vt 0.052973486 0.77941549
vt 0.05898134 0.78507841
vt 0.060609989 0.78090268
vt 0.062273856 0.784684
vt 0.46619096 0.67382085
vt 0.46766451 0.67937326
vt 0.45990264 0.68594742
vt 0.45629716 0.68179214
vt 0.47223073 0.67337716
vt 0.45314556 0.68541026
vt 0.46336073 0.66623002
vt 0.47830653 0.66173196
vt 0.44463751 0.68248183
vt 0.45129105 0.6677134
vt 0.4442071 0.68049103
vt 0.44478825 0.67694199
vt 0.45683631 0.65893185
vt 0.46601161 0.65720284
vt 0.44318578 0.68199265
vt 0.44452801 0.67499882
vt 0.44644362 0.66107416
vt 0.47567818 0.6540069
vt 0.44474998 0.66690457
vt 0.46409014 0.65146065
vt 0.44673184 0.66027075
vt 0.48395067 0.65730333
vt 0.44370422 0.67371452
vt 0.45476246 0.65632498
vt 0.446612 0.66023207
vt 0.44260147 0.6621024
vt 0.47185645 0.6375255
vt 0.48600253 0.64266294
vt 0.4392046 0.6716994
vt 0.45852453 0.65111333
vt 0.44522524 0.66041595
vt 0.46344197 0.64607555
vt 0.4603017 0.6495344
vt 0.47641277 0.63102132
vt 0.46302712 0.64674181
vt 0.46771872 0.63791949
vt 0.47025454 0.63266587
vt 0.48686156 0.63635778
vt 0.47181943 0.63114834
vt 0.48039636 0.62695765
vt 0.47270304 0.62946099
vt 0.47495168 0.62809813
vt 0.48951036 0.63133931
vt 0.4792822 0.62628829
vt 0.48669064 0.62605333
vt 0.48028293 0.6260398
vt 0.48141065 0.62635207
vt 0.48891693 0.6264261
vt 0.48086765 0.62617099
vt 0.32337543 0.9845351
vt 0.32176048 0.98967165
vt 0.31948876 0.98532277
vt 0.32553756 0.98616612
vt 0.3164219 0.98638666
vt 0.32457271 0.984447
vt 0.32633856 0.9919194
vt 0.31452763 0.98743016
vt 0.32588109 0.98445928
vt 0.32017225 0.99398547
vt 0.33152193 0.99148285
vt 0.33427441 0.9828552
vt 0.32424438 0.99551421
vt 0.33823764 0.98840743
vt 0.32963467 0.99416727
vt 0.3363401 0.99396056
vt 0.3384673 0.98238504
vt 0.34040245 0.9941681
vt 0.34032997 0.98247361
vt 0.35107052 0.98944378
vt 0.34112987 0.99790293
vt 0.34292978 0.98240548
vt 0.35250062 0.98470289
vt 0.36197114 0.98858398
vt 0.35342824 0.99310118
vt 0.3524611 0.98176646
vt 0.36486384 0.98274285
vt 0.35522586 0.98145187
vt 0.36098224 0.99290991
vt 0.37104204 0.99099755
vt 0.36489064 0.98232961
vt 0.37418613 0.98468173
vt 0.36523134 0.98243916
vt 0.37349665 0.98385346
vt 0.37412721 0.98408955
vt 0.91474444 0.67347527
vt 0.91545039 0.67761701
vt 0.91061568 0.68261504
vt 0.90808934 0.67283124
vt 0.92262328 0.67711127
vt 0.91008836 0.6857205
vt 0.91064453 0.66745377
vt 0.92110693 0.67242932
vt 0.91637343 0.66368306
vt 0.93022615 0.67973006
vt 0.91152841 0.65984142
vt 0.93109506 0.67027569
vt 0.93337309 0.6773752
vt 0.91503674 0.65860832
vt 0.92440128 0.65639138
vt 0.93654436 0.68338072
vt 0.91052395 0.65534866
vt 0.91641986 0.65602386
vt 0.93846619 0.66537118
vt 0.94057173 0.67189205
vt 0.94166684 0.68212283
vt 0.91650242 0.64769864
vt 0.93160468 0.65503633
vt 0.94419616 0.67732096
vt 0.94113749 0.6830889
vt 0.91198689 0.64848924
vt 0.9260273 0.64031667
vt 0.94453156 0.6667366
vt 0.9296571 0.6437248
vt 0.94293743 0.6595577
vt 0.94486392 0.67552984
vt 0.93949383 0.68433034
vt 0.91801828 0.63733721
vt 0.91269153 0.64161813
vt 0.93815309 0.65122199
vt 0.93015981 0.63855398
vt 0.922607 0.63261408
vt 0.90967202 0.64107651
vt 0.94469404 0.66664481
vt 0.94462794 0.66715586
vt 0.94454831 0.64442927
vt 0.9432376 0.65138948
vt 0.93947375 0.63917339
vt 0.91140258 0.63431478
vt 0.91872919 0.62752211
vt 0.94489878 0.6607914
vt 0.94464588 0.66678727
vt 0.94455594 0.64439684
vt 0.94423074 0.65685898
vt 0.91516197 0.62655675
vt 0.94510669 0.65893096
vt 0.94456351 0.64438307
vt 0.92245209 0.8862918
vt 0.92502445 0.88893509
vt 0.91922015 0.88996518
vt 0.91523618 0.88698167
vt 0.92940497 0.88531631
vt 0.9182632 0.89138597
vt 0.91818053 0.89127278
vt 0.91183597 0.88275462
vt 0.93161947 0.89101386
vt 0.92586625 0.88151783
vt 0.91837454 0.89176226
vt 0.91683394 0.88955927
vt 0.91155261 0.88234276
vt 0.91478515 0.88691437
vt 0.93081564 0.89543909
vt 0.9342708 0.8868649
vt 0.93147421 0.87957186
vt 0.92004251 0.87879598
vt 0.92548871 0.8975606
vt 0.91490614 0.88713372
vt 0.91153002 0.88229972
vt 0.93768013 0.89675069
vt 0.92621869 0.8737067
vt 0.91849327 0.89221406
vt 0.93649751 0.89911145
vt 0.93066305 0.86994797
vt 0.91147995 0.88214064
vt 0.92558748 0.86701584
vt 0.92435753 0.90139866
vt 0.92962444 0.90041721
vt 0.9113071 0.87603647
vt 0.91988224 0.8978402
vt 0.93215501 0.86198574
vt 0.91033357 0.87797439
vt 0.9142189 0.86503083
vt 0.92004108 0.90083545
vt 0.92731959 0.85959816
vt 0.90993923 0.87465394
vt 0.92201895 0.86213529
vt 0.92074674 0.90412319
vt 0.92969602 0.85556364
vt 0.90989816 0.87245023
vt 0.91033769 0.8766712
vt 0.92145807 0.85200578
vt 0.92552668 0.85351062
vt 0.93322718 0.85368448
vt 0.91109902 0.86375767
vt 0.91426796 0.85588378
vt 0.90991789 0.86971414
vt 0.92088604 0.84773988
vt 0.9128738 0.85095477
vt 0.9101429 0.86368561
vt 0.91006929 0.85975814
vt 0.91575158 0.84740025
vt 0.91022533 0.85623896
vt 0.91306239 0.84593624
vt 0.91013372 0.85494953
vt 0.90911895 0.84889293
vt 0.90935582 0.85151786
vt 0.90898734 0.85106575
vt 0.90785235 0.85016578
vt 0.022529805 0.65330338
vt 0.024373192 0.64648855
vt 0.026410455 0.6542176
vt 0.017442539 0.64592814
vt 0.03073493 0.64960819
vt 0.017422417 0.65162116
vt 0.016595012 0.63509595
vt 0.026121661 0.6359278
vt 0.014925195 0.65002763
vt 0.0043290453 0.63372701
vt 0.032908242 0.64779836
vt 0.011689731 0.64315456
vt 0.0071315118 0.62366438
vt 0.018875599 0.63075566
vt 0.036265567 0.63629556
vt 0.0027312075 0.63259602
vt 0.012560774 0.62382841
vt 0.0074758353 0.63968325
vt 0.029241906 0.62916738
vt 0.034973979 0.63349527
vt 0.0017980931 0.62523562
vt 0.0028074959 0.63343287
vt 0.0067858277 0.61851418
vt 0.0032498781 0.63545173
vt 0.019012483 0.62114453
vt 0.033838786 0.63054961
vt 0.0016920397 0.62138551
vt 0.0015701035 0.61926186
vt 0.012565848 0.61328149
vt 0.0035548478 0.63788718
vt 0.01853431 0.615839
vt 0.031210676 0.62803227
vt 0.025805661 0.61871415
vt 0.0017140293 0.61620033
vt 0.0048935348 0.61321998
vt 0.030131299 0.62675464
vt 0.028745314 0.62048924
vt 0.015053333 0.60884666
vt 0.014199117 0.60668159
vt 0.025462329 0.61267155
vt 0.027957767 0.61812937
vt 0.0018708218 0.61425078
vt 0.026714407 0.60570252
vt 0.0023592329 0.61119246
vt 0.028308716 0.61441815
vt 0.0025188387 0.60981774
vt 0.029134957 0.60911381
vt 0.02876992 0.61127687
vt 0.023861717 0.60227394
vt 0.010759342 0.60329181
vt 0.029172461 0.60572958
vt 0.021938784 0.59848911
vt 0.028854825 0.60331482
vt 0.0026366969 0.60910463
vt 0.014954033 0.60105389
vt 0.02339115 0.59880853
vt 0.018970875 0.59916258
vt 0.027221592 0.60140496
vt 0.025653617 0.59922159
vt 0.28409758 0.62602502
vt 0.26475099 0.63120329
vt 0.26649958 0.6111275
vt 0.27949679 0.61654353
vt 0.29024133 0.64064324
vt 0.25614277 0.61087126
vt 0.2727167 0.60905969
vt 0.26501545 0.64269006
vt 0.2575447 0.63032937
vt 0.26355129 0.6022684
vt 0.27006164 0.60418499
vt 0.27155069 0.65385932
vt 0.26070115 0.63623965
vt 0.25242469 0.61778462
vt 0.266794 0.60074872
vt 0.61477822 0.6336621
vt 0.61004853 0.62515342
vt 0.62002134 0.62694395
vt 0.62216401 0.62998706
vt 0.60965234 0.63493776
vt 0.61820614 0.6189934
vt 0.6258086 0.6237008
vt 0.61997086 0.63885581
vt 0.60528654 0.63176501
vt 0.61404461 0.64098811
vt 0.60879612 0.61919796
vt 0.63203931 0.63006026
vt 0.63051498 0.63965559
vt 0.60369742 0.63989472
vt 0.60276413 0.62380743
vt 0.60947037 0.64067709
vt 0.61588186 0.61653602
vt 0.62844944 0.62001252
vt 0.62682563 0.6459657
vt 0.61627692 0.64966786
vt 0.59995586 0.63558447
vt 0.60901237 0.64687836
vt 0.60230756 0.62325335
vt 0.60993618 0.61834258
vt 0.62004012 0.61633706
vt 0.63538396 0.62089628
vt 0.64458221 0.63309371
vt 0.63514405 0.64893848
vt 0.60004711 0.64195693
vt 0.59787011 0.62966025
vt 0.60782605 0.61926252
vt 0.59903938 0.62383592
vt 0.60873091 0.61681873
vt 0.6185177 0.61597073
vt 0.63876891 0.64375615
vt 0.61116248 0.65303004
vt 0.60033876 0.64292538
vt 0.60310411 0.64790416
vt 0.59840995 0.63501728
vt 0.59604388 0.62572771
vt 0.64387918 0.64102459
vt 0.602777 0.65431654
vt 0.59733343 0.63048351
vt 0.59700805 0.62958103
vt 0.59585005 0.62500215
vt 0.64705372 0.63638335
vt 0.60059494 0.6439985
vt 0.60264164 0.65370637
vt 0.59564918 0.62425041
vt 0.60155481 0.6478343
vt 0.50399393 0.98250794
vt 0.50492358 0.97636682
vt 0.51070452 0.98243463
vt 0.49913585 0.97652525
vt 0.51367575 0.97913992
vt 0.50136626 0.9734298
vt 0.49903724 0.98181218
vt 0.50890499 0.9687326
vt 0.50255173 0.97048813
vt 0.49475873 0.98180026
vt 0.51716834 0.97880924
vt 0.49346161 0.97558081
vt 0.51521355 0.970604
vt 0.50120145 0.96777129
vt 0.4970637 0.97016674
vt 0.49149859 0.98142773
vt 0.51393187 0.96746337
vt 0.52148646 0.96904027
vt 0.49303639 0.96937799
vt 0.48676705 0.97876096
vt 0.4948329 0.96763283
vt 0.486965 0.97090852
vt 0.49096876 0.96807307
vt 0.47854966 0.97605157
vt 0.48169464 0.98209345
vt 0.48068962 0.97064865
vt 0.47739419 0.9827475
vt 0.47517675 0.97140133
vt 0.4726395 0.97713166
vt 0.47451034 0.9741357
vt 0.47063047 0.98098987
vt 0.58617353 0.59620339
vt 0.57850879 0.59574169
vt 0.58065498 0.5892005
vt 0.58644009 0.58405071
vt 0.58544493 0.6014576
vt 0.59273082 0.58779407
vt 0.58244848 0.58318198
vt 0.59390634 0.60607171
vt 0.58111745 0.60379171
vt 0.59901458 0.58927643
vt 0.58988804 0.58040488
vt 0.58720291 0.61444283
vt 0.59918237 0.60091305
vt 0.57227606 0.59801316
vt 0.59471464 0.58024967
vt 0.58770812 0.57861829
vt 0.60034889 0.60674655
vt 0.5818193 0.60986054
vt 0.5737592 0.60645282
vt 0.59995598 0.58956283
vt 0.59902251 0.58767235
vt 0.59059006 0.57880235
vt 0.60521662 0.60038239
vt 0.58213675 0.6161741
vt 0.5689714 0.60456777
vt 0.60340023 0.59710693
vt 0.5959956 0.57973295
vt 0.60570347 0.60176247
vt 0.58334935 0.62196398
vt 0.5733164 0.61503243
vt 0.56601137 0.60928655
vt 0.56605005 0.59739923
vt 0.6072973 0.60714841
vt 0.58037233 0.62303042
vt 0.56447166 0.60500753
vt 0.57339072 0.62109137
vt 0.56772202 0.61563325
vt 0.85916626 0.62333667
vt 0.87180203 0.62554121
vt 0.86697626 0.62861276
vt 0.86180097 0.63189268
vt 0.87565994 0.63122052
vt 0.86425418 0.6355086
vt 0.85676682 0.62732899
vt 0.88303971 0.62667704
vt 0.85887057 0.63950765
vt 0.85425985 0.6377669
vt 0.85256612 0.62406921
vt 0.87283033 0.6409393
vt 0.88328171 0.63200688
vt 0.86192197 0.6428951
vt 0.85059685 0.63379472
vt 0.85097325 0.62640822
vt 0.87726629 0.63959503
vt 0.86816585 0.64680684
vt 0.85782206 0.64365458
vt 0.8777771 0.6484468
vt 0.87268919 0.64938772
vt 0.8831473 0.64045537
vt 0.86336702 0.64810401
vt 0.84540141 0.63083744
vt 0.87015533 0.65153849
vt 0.88800663 0.63892293
vt 0.86631757 0.65025473
vt 0.86049038 0.65068495
vt 0.84591895 0.63408375
vt 0.87609011 0.65216357
vt 0.88303304 0.65137047
vt 0.88697833 0.64366806
vt 0.8653363 0.6524055
vt 0.8798539 0.65390432
vt 0.95352685 0.96951771
vt 0.94933188 0.97670406
vt 0.94750142 0.97319281
vt 0.94749892 0.9686774
vt 0.95589823 0.98010337
vt 0.94750267 0.97565025
vt 0.94776213 0.96310461
vt 0.95777524 0.97129208
vt 0.95330644 0.98218727
vt 0.94750392 0.97746652
vt 0.9474948 0.96360308
vt 0.95532376 0.96196431
vt 0.95175672 0.98716027
vt 0.94749445 0.96308625
vt 0.94756842 0.95953542
vt 0.95671314 0.96019697
vt 0.94750541 0.97966164
vt 0.95420152 0.95700461
vt 0.94750643 0.98179364
vt 0.94749326 0.95961446
vt 0.95887744 0.95691556
vt 0.94750911 0.98571873
vt 0.94749326 0.95957494
vt 0.94751036 0.98809576
vt 0.94751287 0.99153686
vt 0.95117551 0.99501973
vt 0.94751412 0.99368721
vt 0.94751549 0.99785709
vt 0.3144778 0.59025252
vt 0.30555755 0.58699501
vt 0.30694416 0.58159328
vt 0.31463522 0.58497071
vt 0.30915385 0.59437513
vt 0.30012232 0.5858525
vt 0.30459192 0.59215045
vt 0.31708309 0.59712172
vt 0.29642385 0.58214849
vt 0.30063963 0.5983007
vt 0.3113651 0.60172766
vt 0.29175696 0.58979654
vt 0.30005202 0.59328866
vt 0.2914083 0.58550006
vt 0.30684093 0.60205114
vt 0.2956616 0.59754956
vt 0.28359866 0.5882265
vt 0.30755547 0.61178279
vt 0.30338666 0.61003602
vt 0.29824936 0.60642171
vt 0.28359991 0.58810842
vt 0.28422576 0.59316254
vt 0.28910166 0.59776127
vt 0.28357783 0.58791304
vt 0.28372911 0.59025532
vt 0.30481768 0.6142897
vt 0.30026248 0.61560607
vt 0.29430419 0.60855663
vt 0.28391895 0.59292066
vt 0.28406686 0.59772545
vt 0.30801338 0.61642766
vt 0.28558734 0.61032969
vt 0.28393936 0.59314215
vt 0.2839449 0.59338087
vt 0.28426093 0.60799325
vt 0.30514359 0.61761749
vt 0.29453173 0.61498356
vt 0.29704815 0.61849445
vt 0.28425846 0.60930443
vt 0.28758451 0.6181289
vt 0.29307249 0.62094378
vt 0.28421605 0.61023813
vt 0.28424445 0.61294353
vt 0.28424218 0.61108541
vt 0.28784215 0.62264848
vt 0.28417727 0.61818278
vt 0.2843284 0.62265313
vt 0.28427008 0.62107182
vt 0.83473253 0.59288967
vt 0.82619131 0.59814757
vt 0.82858121 0.58928287
vt 0.83863658 0.58289647
vt 0.83236301 0.6001507
vt 0.84825057 0.59482825
vt 0.83530289 0.60548443
vt 0.84877336 0.58851159
vt 0.84378308 0.59914815
vt 0.83126986 0.60522544
vt 0.8414067 0.60537785
vt 0.83725148 0.61089152
vt 0.82415444 0.60234541
vt 0.83562881 0.61095572
vt 0.82597399 0.60561687
vt 0.82926697 0.61646235
vt 0.82309526 0.61226642
vt 0.83224076 0.62021196
vt 0.82462287 0.61947322
vt 0.81999242 0.60687315
vt 0.82651716 0.62312531
vt 0.82011461 0.61673295
vt 0.81872952 0.61014807
vt 0.82209039 0.62178773
vt 0.82095653 0.62007749
vt 0.81733769 0.61426038
vt 0.81575572 0.60915065
vt 0.81449288 0.61283016
vt 0.70621002 0.95729357
vt 0.69812882 0.95289898
vt 0.7039153 0.95001835
vt 0.71108699 0.95324802
vt 0.69624579 0.94835144
vt 0.71098906 0.94490743
vt 0.71518219 0.96008915
vt 0.69332433 0.94700521
vt 0.71567166 0.94724667
vt 0.70675337 0.94219166
vt 0.72227091 0.96182042
vt 0.6927675 0.95127231
vt 0.71399152 0.9403016
vt 0.6983006 0.94510579
vt 0.71863139 0.96697778
vt 0.68902415 0.95022947
vt 0.71945858 0.94529778
vt 0.72271729 0.95126975
vt 0.70916361 0.93636942
vt 0.70186752 0.93705684
vt 0.71859843 0.96699131
vt 0.72510564 0.96623302
vt 0.71917635 0.94171876
vt 0.7283715 0.95552814
vt 0.72537225 0.96634483
vt 0.7241919 0.94615066
vt 0.97334558 0.98427916
vt 0.97500932 0.97669482
vt 0.97961503 0.98930615
vt 0.9753471 0.99421287
vt 0.97218269 0.97533977
vt 0.98416853 0.9851588
vt 0.98103207 0.99767017
vt 0.97290236 0.96873873
vt 0.98590761 0.97843909
vt 0.98446643 0.99196601
vt 0.98461729 0.97316837
vt 0.98975402 0.98515338
vt 0.98855704 0.99052548
vt 0.98883539 0.99516577
vt 0.98196352 0.96719903
vt 0.98895383 0.97870958
vt 0.97456378 0.96055794
vt 0.98702037 0.96919417
vt 0.97103381 0.96094954
vt 0.97129041 0.95975888
vt 0.97349435 0.95950747
vt 0.34528419 0.59160173
vt 0.33707505 0.58872962
vt 0.34040043 0.5839234
vt 0.34601814 0.57707524
vt 0.33450961 0.57980573
vt 0.34848174 0.59176207
vt 0.33069029 0.58756864
vt 0.33648166 0.56652129
vt 0.35118353 0.58310771
vt 0.32741934 0.57786369
vt 0.32942396 0.56893945
vt 0.34524092 0.56759024
vt 0.34959242 0.5748089
vt 0.32474369 0.58578682
vt 0.32558134 0.56366348
vt 0.34580243 0.5644657
vt 0.32265931 0.57961035
vt 0.3210125 0.56943679
vt 0.32873908 0.5593226
vt 0.33827162 0.56152809
vt 0.31771189 0.56357157
vt 0.31866753 0.57942283
vt 0.31419486 0.56806731
vt 0.31754798 0.57196486
vt 0.95254487 0.63394833
vt 0.94939303 0.63882744
vt 0.93961972 0.63292241
vt 0.94356781 0.63015366
vt 0.95305288 0.64198804
vt 0.9448486 0.64009291
vt 0.94208467 0.62838835
vt 0.94685626 0.62626278
vt 0.95187116 0.64777851
vt 0.95912868 0.64464414
vt 0.94454694 0.64568448
vt 0.9426477 0.64083362
vt 0.9556784 0.6264571
vt 0.96631032 0.64034271
vt 0.94273967 0.62383497
vt 0.94768715 0.6212557
vt 0.96054024 0.62800312
vt 0.94769174 0.65044874
vt 0.96319407 0.65157986
vt 0.9651196 0.64543831
vt 0.96284497 0.62985146
vt 0.94975269 0.62036884
vt 0.95646596 0.62554574
vt 0.94394493 0.64819801
vt 0.95535392 0.65400994
vt 0.97021347 0.64115727
vt 0.9648701 0.63195062
vt 0.95529574 0.62489027
vt 0.97018582 0.64850295
vt 0.97002977 0.6366443
vt 0.97074425 0.63668382
vt 0.97433281 0.64262295
vt 0.9715904 0.63728434
vt 0.97563374 0.64011681
vt 0.97634798 0.6423347
vt 0.40117833 0.57720375
vt 0.39590341 0.5827409
vt 0.39513108 0.57120275
vt 0.40185931 0.56950748
vt 0.4021298 0.58431184
vt 0.38742185 0.57072961
vt 0.40637368 0.57364643
vt 0.39671445 0.56431246
vt 0.39385825 0.58927155
vt 0.40797389 0.57959926
vt 0.39023104 0.58712423
vt 0.39065164 0.56556666
vt 0.4044148 0.56862736
vt 0.40182754 0.56446826
vt 0.40736833 0.58814788
vt 0.40992671 0.58329231
vt 0.38282722 0.57740295
vt 0.38658744 0.56538802
vt 0.40901682 0.57767546
vt 0.40546983 0.57065845
vt 0.40311208 0.56361991
vt 0.40290391 0.56251204
vt 0.40957204 0.59134972
vt 0.38807911 0.59126508
vt 0.41043428 0.58208507
vt 0.38268539 0.58471674
vt 0.38323599 0.57047617
vt 0.40726158 0.57370162
vt 0.40924543 0.57853186
vt 0.40681267 0.57284725
vt 0.41077787 0.58353102
vt 0.37991077 0.58251655
vt 0.37675104 0.58402729
vt 0.41183394 0.5885728
vt 0.41212681 0.59164548
vt 0.23410296 0.77319521
vt 0.23830363 0.77151221
vt 0.23297067 0.77550828
vt 0.227667 0.76476049
vt 0.237764 0.7607677
vt 0.23770809 0.77774268
vt 0.22911263 0.75862205
vt 0.24343462 0.76117206
vt 0.24445699 0.76791936
vt 0.2223963 0.75659961
vt 0.24052584 0.75850064
vt 0.22774041 0.75150728
vt 0.24524835 0.77891976
vt 0.24347593 0.76106358
vt 0.24661376 0.76313567
vt 0.24904442 0.76741624
vt 0.22114246 0.75321066
vt 0.24362162 0.7611444
vt 0.24006647 0.75304461
vt 0.25030094 0.77861083
vt 0.22672161 0.7459178
vt 0.23527235 0.74381459
vt 0.24766077 0.76236391
vt 0.2502318 0.7677334
vt 0.24045578 0.74854243
vt 0.24947454 0.76556575
vt 0.25259748 0.77509201
vt 0.25020552 0.76659709
vt 0.23998424 0.74630809
vt 0.25245258 0.77755916
vt 0.18133681 0.76167315
vt 0.18344297 0.7579605
vt 0.18652771 0.76378644
vt 0.18715176 0.76972109
vt 0.18981104 0.75835866
vt 0.1795285 0.7666474
vt 0.19188173 0.76564211
vt 0.18576185 0.77763504
vt 0.17480563 0.76019549
vt 0.17988308 0.77548969
vt 0.17908174 0.75314724
vt 0.17299733 0.76391315
vt 0.17586225 0.77041084
vt 0.17378446 0.75188518
vt 0.16602647 0.76412821
vt 0.17286259 0.7736876
vt 0.17613173 0.7481364
vt 0.16667888 0.75379938
vt 0.17011112 0.7703563
vt 0.17475599 0.77944124
vt 0.17006858 0.74749696
vt 0.1594882 0.76233363
vt 0.16709018 0.77254206
vt 0.1665796 0.77653068
vt 0.1582543 0.75427365
vt 0.16224675 0.76651406
vt 0.16440964 0.77337533
vt 0.48077258 0.8156637
vt 0.48655787 0.8127498
vt 0.49187729 0.81884873
vt 0.48930261 0.82256687
vt 0.49523363 0.8141768
vt 0.49269345 0.82596856
vt 0.48517632 0.8257364
vt 0.4982408 0.81536239
vt 0.49952596 0.82545131
vt 0.47792566 0.82210398
vt 0.4998596 0.81728494
vt 0.49671805 0.81354511
vt 0.48888585 0.83098817
vt 0.50077009 0.82119167
vt 0.47998059 0.82898372
vt 0.47244123 0.81868649
vt 0.48469287 0.83340049
vt 0.50135136 0.82342452
vt 0.49822164 0.83753759
vt 0.47438186 0.8267017
vt 0.49159408 0.8391661
vt 0.50246018 0.82615656
vt 0.49943671 0.83387411
vt 0.47761628 0.8345772
vt 0.47047558 0.83284807
vt 0.48500922 0.83897179
vt 0.50186694 0.82871097
vt 0.49798095 0.83850288
vt 0.49743396 0.84052169
vt 0.49642384 0.84164011
vt 0.49753484 0.84201998
vt 0.089121751 0.96757424
vt 0.085379444 0.9694041
vt 0.087356851 0.96176863
vt 0.091182947 0.96507788
vt 0.087837815 0.97144234
vt 0.082878157 0.96747923
vt 0.091935419 0.95918781
vt 0.084579065 0.97373432
vt 0.079692259 0.96344805
vt 0.078130916 0.97084737
vt 0.094978072 0.96151942
vt 0.080787741 0.97630656
vt 0.075352065 0.9649123
vt 0.073788203 0.97771859
vt 0.072607912 0.96537381
vt 0.069393046 0.97502798
vt 0.077444494 0.98208153
vt 0.071942188 0.98020262
vt 0.06440936 0.9701876
vt 0.065592661 0.966241
vt 0.9148472 0.99373454
vt 0.91300803 0.99723458
vt 0.90897012 0.99263531
vt 0.91733861 0.98477662
vt 0.90874791 0.99645281
vt 0.9086777 0.98735648
vt 0.90865433 0.99271649
vt 0.90876949 0.9983902
vt 0.90865511 0.9924643
vt 0.91458023 0.98029822
vt 0.90868765 0.98465788
vt 0.91344881 0.97393715
vt 0.90879554 0.98046416
vt 0.90886563 0.97744769
vt 0.90892529 0.97575498
vt 0.90896314 0.97428131
vt 0.90987158 0.96887219
vt 0.90905702 0.97026592
vt 0.90908045 0.96900994
vt 0.96738744 0.98443896
vt 0.96210521 0.99015278
vt 0.96085483 0.98483968
vt 0.95909142 0.97988129
vt 0.969019 0.99110425
vt 0.95558709 0.98648155
vt 0.96121711 0.97920305
vt 0.96366251 0.99784213
vt 0.95556206 0.99275142
vt 0.96227747 0.97658044
vt 0.96983451 0.97799397
vt 0.95981354 0.99602538
vt 0.95505011 0.99760753
vt 0.96309799 0.96889764
vt 0.97818881 0.95988488
vt 0.9804759 0.95501661
vt 0.98524261 0.95648777
vt 0.98357511 0.96611387
vt 0.97509933 0.95084327
vt 0.98484147 0.95026392
vt 0.98764801 0.95957851
vt 0.97240245 0.9556967
vt 0.98986119 0.95235831
vt 0.99136633 0.95710588
vt 0.98920554 0.9670859
vt 0.97033602 0.94910443
vt 0.97842097 0.94513226
vt 0.99084133 0.95540911
vt 0.98870957 0.94621384
vt 0.99260408 0.96070975
vt 0.99373752 0.96333271
vt 0.97222048 0.94351852
vt 0.98526961 0.94278377
vt 0.98822963 0.943488
vt 0.99493182 0.96453357
vt 0.97437757 0.93735152
vt 0.98038769 0.94220811
vt 0.98785865 0.94125974
vt 0.96531874 0.91540855
vt 0.97076529 0.91367161
vt 0.97043025 0.91922176
vt 0.96436888 0.9207862
vt 0.97295767 0.9091574
vt 0.97574902 0.92142117
vt 0.95864707 0.92072749
vt 0.96839756 0.92375785
vt 0.97285223 0.90903854
vt 0.97572017 0.91559863
vt 0.97224921 0.92595619
vt 0.96030867 0.91739726
vt 0.95691758 0.92492765
vt 0.96098107 0.92851853
vt 0.9647792 0.90954399
vt 0.97344136 0.90962374
vt 0.97924405 0.91817766
vt 0.96116453 0.91583383
vt 0.96932036 0.9308455
vt 0.96434611 0.93304843
vt 0.97245401 0.90886438
vt 0.98069304 0.91341072
vt 0.95529908 0.93103987
vt 0.95957673 0.93417543
vt 0.96686298 0.90641844
vt 0.98086673 0.91380721
vt 0.95525259 0.93118668
vt 0.98175049 0.92131686
vt 0.95522559 0.93132472
vt 0.98117495 0.9144206
vt 0.95689279 0.93558115
vt 0.46090078 0.88007492
vt 0.47078142 0.87185907
vt 0.46829429 0.88263643
vt 0.46759692 0.8869952
vt 0.46571419 0.86186105
vt 0.47338209 0.88413298
vt 0.45472482 0.87256736
vt 0.47762376 0.86021543
vt 0.47754294 0.87286025
vt 0.47178808 0.88883734
vt 0.73246819 0.85476798
vt 0.73926139 0.85501325
vt 0.73667181 0.86285484
vt 0.72492671 0.85834157
vt 0.73344916 0.84943426
vt 0.74197483 0.86224377
vt 0.72454065 0.8634721
vt 0.72251076 0.85296977
vt 0.72627151 0.84769607
vt 0.73578894 0.86684895
vt 0.74594623 0.85544258
vt 0.72133732 0.86412382
vt 0.72643262 0.86790389
vt 0.72899401 0.84461021
vt 0.72036493 0.86776233
vt 0.73453343 0.84696859
vt 0.72911668 0.8707605
vt 0.72427642 0.87278509
vt 0.72111058 0.87351459
vt 0.46559361 0.96006447
vt 0.46810627 0.95677394
vt 0.46970487 0.96502692
vt 0.46828613 0.96628678
vt 0.46098527 0.95488298
vt 0.47221449 0.9639855
vt 0.47165367 0.96718442
vt 0.46132299 0.95843709
vt 0.46661755 0.95002073
vt 0.46023199 0.95606655
vt 0.47010374 0.95555001
vt 0.46337169 0.96159399
vt 0.45726892 0.95272934
vt 0.45923626 0.9552725
vt 0.45710313 0.95231324
vt 0.45489681 0.94253945
vt 0.46605843 0.94375151
vt 0.45482719 0.94234902
vt 0.45475444 0.9422313
vt 0.4655686 0.93803275
vt 0.62191463 0.83967185
vt 0.61320204 0.83590728
vt 0.62233114 0.83544755
vt 0.62253869 0.837304
vt 0.60984033 0.83934963
vt 0.61952448 0.8305732
vt 0.62306315 0.83967102
vt 0.61706704 0.84659576
vt 0.60709161 0.83474398
vt 0.6134966 0.83073866
vt 0.62267423 0.84088719
vt 0.62233019 0.84504539
vt 0.61035615 0.84449363
vt 0.60518008 0.8442843
vt 0.61927301 0.83002943
vt 0.62165368 0.84840894
vt 0.6098305 0.85036021
vt 0.59638274 0.83765519
vt 0.62068194 0.84994876
vt 0.6162191 0.85730296
vt 0.59551495 0.84505075
vt 0.60902339 0.85555899
vt 0.60363913 0.85488975
vt 0.59902453 0.85159457
vt 0.61824131 0.85760963
vt 0.83923542 0.97810155
vt 0.83664674 0.98201072
vt 0.83560789 0.97688669
vt 0.83816963 0.97500467
vt 0.83418155 0.97121972
vt 0.84255153 0.97089529
vt 0.83125377 0.97413874
vt 0.83787876 0.96388459
vt 0.82987428 0.9675948
vt 0.84421283 0.96326572
vt 0.83116555 0.96457189
vt 0.8414222 0.95809317
vt 0.83502352 0.95638794
vt 0.38356096 0.98041725
vt 0.3837986 0.97649878
vt 0.38593316 0.97646093
vt 0.3874189 0.98258007
vt 0.38371742 0.9852646
vt 0.38982475 0.97799569
vt 0.39147642 0.98434675
vt 0.37940782 0.98634547
vt 0.39442593 0.97956067
vt 0.38832158 0.99422807
vt 0.38129446 0.98880547
vt 0.39571458 0.99386019
vt 0.38398862 0.99153602
vt 0.39547142 0.98569804
vt 0.3788183 0.9910351
vt 0.39143053 0.99670511
vt 0.38076231 0.99345565
vt 0.39966828 0.98294246
vt 0.37672871 0.99119222
vt 0.3847886 0.99646771
vt 0.3950367 0.99826413
vt 0.38309205 0.99544728
vt 0.37741023 0.99456716
vt 0.39924404 0.9933216
vt 0.3982842 0.99774957
vt 0.379976 0.99572194
vt 0.37889495 0.99503028
vt 0.4026846 0.98429716
vt 0.4025245 0.98606557
vt 0.40207487 0.99106729
vt 0.40952462 0.99229097
vt 0.4079462 0.98933607
vt 0.41580841 0.99230886
vt 0.41560024 0.99816883
vt 0.41124177 0.98752642
vt 0.42976126 0.99505311
vt 0.41884735 0.98657262
vt 0.42148948 0.98933178
vt 0.43389645 0.98853254
vt 0.4294368 0.9866218
vt 0.63787162 0.84919071
vt 0.64352632 0.84721053
vt 0.63883811 0.85453677
vt 0.63305134 0.85447639
vt 0.63786715 0.84039873
vt 0.64331067 0.85341072
vt 0.63073468 0.8477962
vt 0.63683838 0.85720718
vt 0.64773685 0.84231353
vt 0.64905107 0.85225952
vt 0.62687695 0.84984511
vt 0.63081902 0.83968985
vt 0.64178085 0.8361603
vt 0.64874816 0.84758699
vt 0.62646806 0.84286356
vt 0.62687796 0.83570492
vt 0.63088995 0.83333313
vt 0.47888017 0.83718812
vt 0.48510528 0.83905971
vt 0.48686829 0.8419283
vt 0.47578147 0.84054738
vt 0.4900316 0.84027386
vt 0.47768649 0.84738553
vt 0.4713085 0.83344966
vt 0.49377888 0.84608912
vt 0.47086808 0.84217405
vt 0.48620352 0.84730101
vt 0.49535015 0.84262812
vt 0.47143415 0.84715462
vt 0.48367137 0.85333306
vt 0.4918485 0.85134226
vt 0.47693238 0.85318416
vt 0.48230311 0.85779917
vt 0.48765659 0.85689783
vt 0.49334419 0.85635948
vt 0.98102182 0.81665957
vt 0.97502929 0.81862509
vt 0.97980464 0.80739319
vt 0.98395115 0.80909055
vt 0.97941625 0.82386351
vt 0.97066647 0.81659758
vt 0.98333615 0.80615717
vt 0.98730189 0.81289035
vt 0.97205645 0.82273358
vt 0.98597455 0.81941909
vt 0.9893021 0.80802977
vt 0.98518062 0.82647276
vt 0.99134088 0.81783623
vt 0.99173456 0.81192899
vt 0.99014831 0.82430601
vt 0.99359065 0.80757946
vt 0.9949379 0.81637812
vt 0.99552989 0.82276726
vt 0.99532396 0.81055015
vt 0.71012938 0.96998775
vt 0.71169126 0.9659071
vt 0.71500087 0.96811604
vt 0.71882653 0.97218323
vt 0.70787024 0.96613586
vt 0.71674812 0.9663161
vt 0.71165961 0.97472912
vt 0.72129387 0.967143
vt 0.70804888 0.96929276
vt 0.70861888 0.96277273
vt 0.71483147 0.97871351
vt 0.72567368 0.9702453
vt 0.70637435 0.96587062
vt 0.7049666 0.9614116
vt 0.71937364 0.97796756
vt 0.72414148 0.97638637
vt 0.7284683 0.96727413
vt 0.71999472 0.98264623
vt 0.7270053 0.97145861
vt 0.7285015 0.96743989
vt 0.72578704 0.97570115
vt 0.72854573 0.96731836
vt 0.7249549 0.98052764
vt 0.72536939 0.97725654
vt 0.72459209 0.98278081
vt 0.16040272 0.99143922
vt 0.16446139 0.99564689
vt 0.15812434 0.99844319
vt 0.15033834 0.99117237
vt 0.17269404 0.98972476
vt 0.56414437 0.80032444
vt 0.56083983 0.80491811
vt 0.55837941 0.79857075
vt 0.55929554 0.7942912
vt 0.56711519 0.81017923
vt 0.55486548 0.80605018
vt 0.55277151 0.79603183
vt 0.56714791 0.79546249
vt 0.57035428 0.80760753
vt 0.56241685 0.81064379
vt 0.551875 0.80234647
vt 0.55613494 0.81008106
vt 0.54991847 0.78940308
vt 0.56305158 0.79147744
vt 0.56990933 0.80019355
vt 0.55577737 0.78775531
vt 0.55206949 0.78775597
vt 0.55762601 0.78775555
vt 0.54863214 0.7877568
vt 0.7487902 0.96738589
vt 0.74255818 0.96540225
vt 0.74863821 0.96093595
vt 0.73752803 0.97161281
vt 0.74419004 0.97896856
vt 0.75353891 0.97393793
vt 0.73655039 0.97714281
vt 0.73804909 0.98230457
vt 0.83118612 0.96379626
vt 0.82750744 0.96674418
vt 0.82187063 0.96435761
vt 0.82453936 0.95909208
vt 0.81626898 0.95613182
vt 0.83194184 0.95971423
vt 0.82244605 0.95253229
vt 0.83094287 0.95220947
vt 0.81823826 0.94567519
vt 0.81423473 0.95034313
vt 0.47137198 0.90690047
vt 0.47414887 0.91170597
vt 0.46626356 0.90972614
vt 0.4639414 0.90296102
vt 0.47576949 0.90926898
vt 0.47234231 0.91808486
vt 0.45586583 0.90496588
vt 0.4764941 0.90644771
vt 0.47502789 0.91149688
vt 0.47444254 0.91977769
vt 0.46580687 0.91656971
vt 0.45670244 0.91066265
vt 0.47484696 0.9123891
vt 0.47488669 0.91342705
vt 0.45541087 0.91750109
vt 0.40232778 0.99270618
vt 0.40583324 0.99829149
vt 0.40017033 0.99737763
vt 0.40071201 0.99543315
vt 0.40722767 0.99241525
vt 0.40128455 0.99302071
vt 0.40398565 0.98451984
vt 0.4018957 0.99118441
vt 0.40362829 0.98439592
vt 0.4051058 0.97905618
vt 0.40695024 0.97774625
vt 0.43598744 0.98734587
vt 0.44000739 0.9888252
vt 0.43505904 0.98884672
vt 0.44004613 0.98354566
vt 0.43443817 0.98999512
vt 0.43894169 0.9827705
vt 0.43481991 0.99769527
vt 0.43932378 0.98189485
vt 0.43574688 0.99846202
vt 0.43167916 0.99460083
vt 0.44117552 0.97891885
vt 0.07291875 0.99325144
vt 0.087476224 0.99550259
vt 0.083398193 0.99831784
vt 0.068243027 0.99694902
vt 0.4711906 0.99013239
vt 0.47667849 0.99292833
vt 0.47125071 0.9980647
vt 0.47854158 0.98753166
vt 0.47828239 0.99833935
vt 0.48371309 0.98710239
vt 0.48278859 0.99690229
vt 0.48156643 0.98488706
vt 0.48917237 0.99403739
vt 0.48703909 0.98553175
vt 0.95880342 0.94611305
vt 0.95536971 0.94154215
vt 0.96215039 0.94471312
vt 0.9613803 0.95075029
vt 0.95885986 0.93949223
vt 0.96681929 0.94414431
vt 0.96552402 0.93397313
vt 0.97238243 0.93246162
vt 0.97628278 0.93184268
vt 0.97106153 0.93367994
vt 0.97369182 0.92973208
vt 0.97572803 0.92371714
vt 0.97538859 0.93545616
vt 0.98202765 0.926341
vt 0.98069268 0.9327026
vt 0.98429698 0.91847396
vt 0.98768359 0.92938238
vt 0.98706222 0.91982567
vt 0.98769253 0.92960012
vt 0.98735964 0.92396581
vt 0.98706222 0.91820306
vt 0.98594755 0.934304
vt 0.9876914 0.93003768
vt 0.98810834 0.93484217
vt 0.92648381 0.99435562
vt 0.9195205 0.98913622
vt 0.92562836 0.99118274
vt 0.93345314 0.99319148
vt 0.91765428 0.99382436
vt 0.92262125 0.98627943
vt 0.93065143 0.99604851
vt 0.91588557 0.9979952
vt 0.52227515 0.9896009
vt 0.52689791 0.98459625
vt 0.5271312 0.98897219
vt 0.52394545 0.99004143
vt 0.52143598 0.98317224
vt 0.52743059 0.98475772
vt 0.52242589 0.99051374
vt 0.51846731 0.98747915
vt 0.52706271 0.98013723
vt 0.5273084 0.98858905
vt 0.52110779 0.99008125
vt 0.51778358 0.98647034
vt 0.5230782 0.97815937
vt 0.52732563 0.98855174
vt 0.51986325 0.98311269
vt 0.52030843 0.97814667
vt 0.52740407 0.97849858
vt 0.52044052 0.9772836
vt 0.52706081 0.97315872
vt 0.52741671 0.97969067
vt 0.52212399 0.97511554
vt 0.52733743 0.97337872
vt 0.52373731 0.97371119
vt 0.52741569 0.98034978
vt 0.16571093 0.99400944
vt 0.17076521 0.99241149
vt 0.17186733 0.99427676
vt 0.17360891 0.99825466
vt 0.17411374 0.99007559
vt 0.17512305 0.99462718
vt 0.17604224 0.99850541
vt 0.18274619 0.98883832
vt 0.17978132 0.9943614
vt 0.17944443 0.99715918
vt 0.78303957 0.97599274
vt 0.78651363 0.9702819
vt 0.79369009 0.97691411
vt 0.79117584 0.9822281
vt 0.79492122 0.97355521
vt 0.79435468 0.96643466
vt 0.79679084 0.97310227
vt 0.53304583 0.97856766
vt 0.54293042 0.9747026
vt 0.53442115 0.98221701
vt 0.53299725 0.97860932
vt 0.54428566 0.97513682
vt 0.53312534 0.98259336
vt 0.53299725 0.97858614
vt 0.5374552 0.98411328
vt 0.53315717 0.98345339
vt 0.5413475 0.98267466
vt 0.53351396 0.98922843
vt 0.53337264 0.98675102
vt 0.53712618 0.98879308
vt 0.53357893 0.9901405
vt 0.21288516 0.98649603
vt 0.21820374 0.97474641
vt 0.21955027 0.98731613
vt 0.21354294 0.98983485
vt 0.22377546 0.97468758
vt 0.55917025 0.9899891
vt 0.55722964 0.98734623
vt 0.5642224 0.98777825
vt 0.56091404 0.98457658
vt 0.5553242 0.98159182
vt 0.55966121 0.98130494
vt 0.55200064 0.98534507
vt 0.5569402 0.97881132
vt 0.54887378 0.98077691
vt 0.55318016 0.97760606
vt 0.56988031 0.97785729
vt 0.5647257 0.9827615
vt 0.56410456 0.97564107
vt 0.57076341 0.98519057
vt 0.57535976 0.98087299
vt 0.56707132 0.98789269
vt 0.57732707 0.98705566
vt 0.57052219 0.99070519
vt 0.58659822 0.98725456
vt 0.5881173 0.98982382
vt 0.58053815 0.98788446
vt 0.58462286 0.9827196
vt 0.59026986 0.98624659
vt 0.59219229 0.98029542
vt 0.58911854 0.97730756
vt 0.59236228 0.97592849
vt 0.60226005 0.98901755
vt 0.59683025 0.98571789
vt 0.604038 0.98379058
vt 0.61012763 0.98344308
vt 0.59527802 0.99023825
vt 0.60446554 0.97937053
vt 0.087723069 0.99769348
vt 0.096085854 0.99128902
vt 0.098803431 0.99760514
vt 0.1028952 0.99443072
vt 0.46176863 0.98252153
vt 0.46209693 0.97604579
vt 0.46829486 0.97515076
vt 0.46532884 0.98155969
vt 0.45484889 0.97676671
vt 0.46425509 0.96983457
vt 0.4560546 0.96898687
vt 0.4946748 0.98925364
vt 0.49057451 0.98458326
vt 0.49509138 0.98661977
vt 0.49315384 0.99133223
vt 0.49459735 0.99075377
vt 0.48987624 0.99625564
vt 0.49450222 0.99188018
vt 0.49420044 0.99531305
vt 0.49373567 0.99841994
vt 0.61482364 0.97761172
vt 0.61908543 0.9769792
vt 0.62091863 0.98040503
vt 0.61533046 0.98535651
vt 0.62222838 0.98597509
vt 0.61097765 0.98167384
vt 0.6156885 0.9901619
vt 0.61100233 0.98804349
vt 0.62687558 0.98822153
vt 0.63278353 0.98931766
vt 0.62688333 0.98831737
vt 0.63329995 0.98913974
vt 0.62700331 0.98979086
vt 0.62693059 0.97873765
vt 0.6332621 0.98940569
vt 0.62705141 0.97843695
vt 0.63437814 0.98968863
vt 0.62692744 0.97850698
vt 0.62913615 0.97921181
vt 0.63347828 0.98898673
vt 0.62691921 0.97834247
vt 0.62828839 0.97757357
vt 0.6269744 0.9773109
vt 0.6270147 0.97628748
vt 0.64290851 0.9897607
vt 0.63734996 0.99015957
vt 0.63984042 0.9866482
vt 0.64448464 0.98729074
vt 0.63657129 0.98398906
vt 0.64414167 0.98621231
vt 0.64514601 0.98976403
vt 0.64111555 0.9829762
vt 0.64408159 0.98522079
vt 0.6371811 0.98091352
vt 0.63952726 0.97913599
vt 0.64374405 0.98328292
vt 0.64242518 0.97853851
vt 0.63505024 0.97710574
vt 0.64333242 0.9805575
vt 0.65712482 0.98561728
vt 0.65010047 0.98288584
vt 0.66256779 0.97737318
vt 0.66257322 0.98449332
vt 0.65200281 0.98666304
vt 0.65611774 0.99047446
vt 0.67116278 0.98976332
vt 0.6716274 0.98468351
vt 0.67820179 0.98669577
vt 0.66778499 0.98788154
vt 0.67829353 0.98240113
vt 0.66616541 0.97732866
vt 0.44345129 0.99482769
vt 0.44308594 0.99778503
vt 0.43975669 0.99181914
vt 0.44179139 0.98558009
vt 0.10969797 0.99598569
vt 0.10390354 0.99759126
vt 0.10683973 0.9926635
vt 0.11518403 0.99016237
vt 0.50984728 0.98521245
vt 0.51640666 0.98510772
vt 0.51923841 0.98925322
vt 0.51279598 0.98983669
vt 0.51666796 0.97899747
vt 0.2547203 0.99549419
vt 0.25079548 0.99773538
vt 0.24375868 0.99653828
vt 0.20681691 0.98763931
vt 0.21118715 0.98737955
vt 0.212367 0.99348617
vt 0.20868348 0.9934569
vt 0.20522593 0.99446785
vt 0.20879877 0.99758649
vt 0.65703493 0.9975881
vt 0.65533352 0.99268627
vt 0.6604616 0.99369466
vt 0.65383261 0.99702191
vt 0.65953928 0.98700547
vt 0.65003169 0.99280006
vt 0.11903419 0.99422765
vt 0.12482535 0.99434108
vt 0.12421308 0.99771184
vt 0.12872759 0.99193776
vt 0.18164486 0.99782026
vt 0.18892764 0.99081856
vt 0.19174582 0.99583733
vt 0.18789715 0.98904264
vt 0.13305743 0.99301887
vt 0.13637868 0.99438828
vt 0.13097811 0.99729425
vt 0.12676397 0.99757159
vt 0.31372923 0.99648964
vt 0.31045333 0.99786782
vt 0.31258744 0.99240696
vt 0.31651148 0.99330503
vt 0.30674595 0.99433488
vt 0.020213872 0.99660194
vt 0.015963545 0.99836564
vt 0.01206687 0.99711782
vt 0.11868179 0.99224079
vt 0.11506502 0.99770147
vt 0.11505371 0.99740285
vt 0.11492547 0.98916286
vt 0.1150604 0.99769878
vt 0.11506008 0.99770075
vt 0.12095822 0.99220693
vt 0.11959352 0.99173564
vt 0.12136765 0.98973715
vt 0.12011179 0.99771446
vt 0.20304041 0.98923492
vt 0.20383623 0.99379098
vt 0.20071507 0.99767596
vt 0.19718558 0.99113512
vt 0.28860292 0.99293423
vt 0.28276408 0.99451393
vt 0.28572246 0.9935531
vt 0.28747422 0.99699843
vt 0.2830736 0.99402291
vt 0.29165643 0.99135137
vt 0.28408134 0.99833888
vt 0.28287908 0.99319786
vt 0.50110829 0.99440926
vt 0.49441281 0.99513483
vt 0.5007987 0.99342746
vt 0.49957904 0.99702239
vt 0.49509093 0.99067259
vt 0.50232077 0.9973408
vt 0.50064641 0.99270743
vt 0.50107908 0.99781924
vt 0.49804536 0.98922902
vt 0.15115573 0.99341744
vt 0.15497945 0.99498188
vt 0.14636277 0.99790639
vt 0.50810504 0.99068254
vt 0.5049597 0.99813831
vt 0.50199986 0.99400043
vt 0.51726359 0.99294353
vt 0.51021868 0.997585
vt 0.51108551 0.99144077
vt 0.30680737 0.99455947
vt 0.30471432 0.99793369
vt 0.30530167 0.99280113
vt 0.29892707 0.99454176
vt 0.52548635 0.99138081
vt 0.5311628 0.99159998
vt 0.52924275 0.9976753
vt 0.26051465 0.99557894
vt 0.26236665 0.9945035
vt 0.25939712 0.99808562
vt 0.2634027 0.99723798
vt 0.26676199 0.99634588
vt 0.36688823 0.99768496
vt 0.36110198 0.99524677
vt 0.36764601 0.99400377
vt 0.36793917 0.99212897
vt 0.52349323 0.99123687
vt 0.51862729 0.99793106
vt 0.51746911 0.99263591
vt 0.52367646 0.99797225
vt 0.062834382 0.99314773
vt 0.065687269 0.9938913
vt 0.060236748 0.99815029
vt 0.064452268 0.99167061
vt 0.53417796 0.99665338
vt 0.53835338 0.99266171
vt 0.53891945 0.99833119
vt 0.53357744 0.99213898
vt 0.40813631 0.99690604
vt 0.40930232 0.99207366
vt 0.41287848 0.99761087
vt 0.54055107 0.99778223
vt 0.54545981 0.99191827
vt 0.54611313 0.99828589
vt 0.54115224 0.99286169
vt 0.35337543 0.99324572
vt 0.35949567 0.99346912
vt 0.3571696 0.99779439
vt 0.28110173 0.99499607
vt 0.27572176 0.99782473
vt 0.27691323 0.99381775
vt 0.27988514 0.9984014
vt 0.26680353 0.99761146
vt 0.26358962 0.99490994
vt 0.26987514 0.99580264
vt 0.55436051 0.99816507
vt 0.54935592 0.9964633
vt 0.54929614 0.99242967
vt 0.14095794 0.99758786
vt 0.13648716 0.99596363
vt 0.13487762 0.99245596
vt 0.13993166 0.99580997
vt 0.31987035 0.99354428
vt 0.31823716 0.99782556
vt 0.31474093 0.99383223
vt 0.22955814 0.99740303
vt 0.22589968 0.99757934
vt 0.22501487 0.9924553
vt 0.19366553 0.99787855
vt 0.19467649 0.99321347
vt 0.19521371 0.99422717
vt 0.19471619 0.99787652
vt 0.19512053 0.99338585
vt 0.12048673 0.99608821
vt 0.12031778 0.99819905
vt 0.11559921 0.99518061
vt 0.11958163 0.99357712
vt 0.16575126 0.99794799
vt 0.1618855 0.99642462
vt 0.16701864 0.9945069
vt 0.16643648 0.99795192
vt 0.17009434 0.99539667
vt 0.17095721 0.99794954
vt 0.33070233 0.99767286
vt 0.32984805 0.99380803
vt 0.33418879 0.99800438
vt 0.10293011 0.99584448
vt 0.099481836 0.99804896
vt 0.10241 0.99511248
vt 0.10279841 0.99846226
vt 0.027758867 0.99836391
vt 0.024911499 0.99767929
vt 0.027398894 0.99528629
vt 0.023555312 0.99808788
vt 0.021866331 0.99809003
vt 0.0239776 0.99640381
vt 0.028976673 0.99624139
vt 0.031071922 0.99650061
vt 0.028978761 0.99788958
vt 0.0014684754 0.99680692
vt 0.0037952212 0.99788839
vt 0.0020061485 0.99853444
vt 0.0018104614 0.99790013
vt 0.0018946195 0.99818939
vt 0.001497664 0.99788684
usemtl Tile_+031_+021_L21_00021300_0
f 94/4838 96/4839 95/4840
f 92/4912 93/4888 33/4900
f 43/4901 92/4912 44/4917
f 89/774 91/775 90/776
f 61/1 63/2 62/3
f 60/3452 59/3453 58/3454
f 88/4876 17/4880 36/4899
f 85/6643 87/6644 86/6645
f 52/153 84/200 83/176
f 80/3834 82/3835 81/3836
f 77/1624 79/1625 78/1626
f 46/3928 76/3929 75/3930
f 73/3504 74/3536 37/3523
f 48/3514 73/3504 37/3523
f 70/4685 72/4686 71/4687
f 67/4752 69/4753 68/4754
f 64/252 66/209 65/231
f 11/3537 13/3539 12/3556
f 10/6317 9/6318 7/6319
f 9/6318 8/6322 7/6319
f 4/3505 6/3490 5/3495
f 3/872 2/873 1/855
f 32/6022 57/6023 4/6024
f 54/6257 56/6258 55/6259
f 51/199 53/215 52/153
f 50/3862 49/3873 5294/3868
f 48/3514 37/3523 18/3535
f 45/3941 47/3936 46/3928
f 4889/4919 44/4917 4890/4920
f 42/4862 41/4861 4891/4878
f 38/3610 40/3585 39/3587
f 18/3535 37/3523 36/3543
f 4504/6326 10/6317 4505/6324
f 33/6040 34/6030 30/6031
f 30/6031 32/6022 31/6035
f 27/3605 29/3627 28/3606
f 24/145 26/191 25/167
f 11/3537 23/3555 22/3546
f 19/1753 21/1794 20/1793
f 15/4892 18/4905 17/4880
f 36/4899 17/4880 18/4905
f 16/3534 15/3554 14/3545
f 20/1793 21/1794 4458/1813
f 4442/304 4502/324 4457/286
f 4416/1673 4394/1651 4391/1661
f 4398/1736 4396/1723 4419/1698
f 3908/190 4252/251 65/231
f 4449/1700 4455/1675 4409/1688
f 4460/229 4457/286 4456/305
f 4425/1815 4424/1792 4512/1827
f 4460/229 4463/248 4458/269
f 4438/1725 4453/1714 4451/1740
f 4453/1714 4433/1737 4421/1756
f 4502/324 4456/305 4457/286
f 4390/1631 4389/1627 4382/1637
f 3644/107 4207/52 4372/106
f 4388/1636 4391/1661 4394/1651
f 4389/1627 77/1624 78/1626
f 4001/3638 4004/3617 4000/3650
f 4406/3965 4407/3983 4405/3993
f 4014/3939 4035/3938 3972/3954
f 4475/4869 17/4880 3890/4854
f 17/4880 88/4876 3890/4854
f 4488/4856 4495/4867 3888/4870
f 4485/3984 4406/3965 3346/3995
f 4028/4847 4023/4851 3970/4858
f 4496/4863 3888/4870 4475/4869
f 48/3514 18/3535 16/3534
f 4364/3682 3351/3683 3683/3684
f 3917/5508 4348/5509 3919/5510
f 4479/3463 4332/3459 3919/3456
f 4476/3496 4470/3497 4333/3485
f 4340/3499 4336/3491 4471/3506
f 4896/4337 4331/4338 4897/4339
f 3874/3507 4468/3517 4342/3526
f 4497/3549 4492/3559 13/3539
f 4304/5951 4303/5952 4314/5953
f 4300/5954 4304/5951 4314/5953
f 4134/239 53/215 4248/238
f 4330/5515 3831/5519 4346/5520
f 3914/3477 3833/3466 3915/3472
f 3911/5530 4318/5542 3913/5537
f 3913/5537 4318/5542 4523/5549
f 3858/5526 3911/5530 3913/5537
f 4283/5959 4302/5961 4300/5954
f 4059/805 4046/797 4064/814
f 4289/5955 4314/5953 4303/5952
f 3848/3481 3839/3476 3853/3487
f 4140/4403 4135/4396 4273/4393
f 3852/3471 3847/3482 3915/3472
f 4312/4369 3876/4381 4292/4373
f 4314/6577 4287/6578 3910/6579
f 3910/6579 4287/6578 3909/6581
f 4052/4539 3927/4540 4056/4541
f 4211/16 4503/25 4270/28
f 3897/3576 3921/3600 4109/3580
f 2938/4 61/1 62/3
f 4454/174 4373/130 4376/172
f 4239/4758 4216/4763 4232/4769
f 24/145 25/167 4234/126
f 67/4752 81/4759 4228/4756
f 67/4752 4228/4756 69/4753
f 3122/53 4270/28 2946/36
f 3709/3841 4231/3843 82/3835
f 4252/251 3908/190 4530/272
f 4507/325 4461/306 4534/345
f 4201/3863 4202/3875 4411/3876
f 4503/25 3121/37 4270/28
f 4214/4768 4208/4762 4226/4767
f 4232/3865 3907/3871 4240/3866
f 4261/82 4452/164 4266/144
f 4456/305 4502/324 4465/344
f 4195/88 4196/84 4235/127
f 24/145 4247/104 4257/125
f 4236/10 2950/15 4503/25
f 4247/104 4199/83 4260/50
f 4175/978 3905/960 4130/991
f 4169/945 4153/962 4152/952
f 4125/918 4165/890 4174/905
f 4320/4389 4315/4399 4290/4392
f 3850/3575 4284/3608 3900/3598
f 4111/32 2929/44 3749/31
f 4110/19 4168/43 4131/46
f 4539/293 3813/240 4540/278
f 25/167 26/191 51/199
f 2938/4 62/3 2935/7
f 4164/941 4183/929 4174/905
f 2949/5 4236/10 63/2
f 4128/89 4190/69 4120/112
f 3742/6499 4103/6500 3896/6501
f 3896/6501 4103/6500 3752/6504
f 3925/5963 4283/5959 4313/5956
f 4102/4430 3809/4435 4080/4438
f 3725/3577 3747/3601 3895/3590
f 4297/5540 4296/5551 4299/5557
f 4106/5977 4101/5978 3823/5979
f 4501/5958 4289/5955 4303/5952
f 4303/5952 4298/5962 4501/5958
f 4299/6586 4288/6582 4501/6584
f 3921/3600 4108/3579 4109/3580
f 3879/4562 3899/4578 3769/4571
f 3815/4600 4278/4601 8/4603
f 4154/932 4188/951 4169/945
f 4158/893 4157/900 4144/878
f 4162/279 3813/240 4151/294
f 4175/978 4130/991 4114/992
f 84/200 53/215 4134/239
f 3901/857 4145/876 4146/858
f 4170/92 4115/41 4153/71
f 4170/92 4160/90 4115/41
f 4143/899 3/872 4148/906
f 3734/6337 3707/6338 4898/6339
f 4140/4403 4274/4401 4137/4408
f 3780/4405 4276/4411 4543/4416
f 4043/784 90/776 4077/779
f 4043/784 4077/779 4044/788
f 4045/791 4053/793 4068/786
f 3727/4433 4099/4439 3808/4437
f 4490/4893 3887/4887 4489/4875
f 3886/4915 3885/4913 4493/4911
f 33/4900 88/4876 36/4899
f 92/6050 33/6040 4483/6041
f 4486/6047 44/6053 92/6050
f 36/6046 37/6039 34/6030
f 4482/6032 34/6030 37/6039
f 4500/3515 4482/3524 73/3504
f 4488/4856 4496/4863 4487/4849
f 4038/4845 4488/4856 4487/4849
f 3884/3593 3886/3592 4494/3616
f 3890/4854 4487/4849 4496/4863
f 4475/4869 15/4892 17/4880
f 4495/4867 4489/4875 3887/4887
f 4493/4911 4490/4893 4489/4875
f 4494/4910 4491/4898 4400/4886
f 4493/4911 3885/4913 4490/4893
f 3916/3525 4469/3513 16/3534
f 4401/4896 4494/4910 4400/4886
f 4039/4853 4030/4860 4495/4867
f 4004/3617 3884/3593 4494/3616
f 4491/4898 4494/4910 3886/4915
f 4030/4860 4003/4866 4034/4874
f 4489/4875 4495/4867 4030/4860
f 4491/4898 3886/4915 4493/4911
f 4492/3559 12/3556 13/3539
f 4475/4869 3888/4870 4490/4893
f 4489/4875 4491/4898 4493/4911
f 4474/4904 4490/4893 3885/4913
f 4494/3616 4401/3636 4004/3617
f 4489/4875 4400/4886 4491/4898
f 4036/4841 95/4840 4038/4845
f 4495/4867 4488/4856 4039/4853
f 4009/4842 4028/4847 96/4839
f 4020/4848 4010/4844 4036/4841
f 4026/3963 3970/3979 4023/3971
f 3890/4854 4496/4863 4475/4869
f 4036/4841 4038/4845 4487/4849
f 3890/4854 4036/4841 4487/4849
f 4036/4841 3890/4854 4020/4848
f 93/4888 92/4912 43/4901
f 3891/4868 43/4901 4902/4902
f 4893/4877 3891/4868 4903/4889
f 15/3554 4474/3564 14/3545
f 88/4876 33/4900 93/4888
f 88/4876 93/4888 3891/4868
f 92/6050 4483/6041 4486/6047
f 3891/4868 93/4888 43/4901
f 57/6023 4478/6026 34/6030
f 4486/6047 4483/6041 31/6035
f 4404/3968 4406/3965 4485/3984
f 31/6035 32/6022 4905/6042
f 4484/6029 4481/6025 5/6028
f 31/6035 4483/6041 30/6031
f 30/6031 34/6030 4478/6026
f 4482/6032 57/6023 34/6030
f 4/6024 5/6028 4481/6025
f 57/6023 4480/6027 4/6024
f 4327/3467 4467/3473 4479/3463
f 32/6022 30/6031 4478/6026
f 4476/3496 48/3514 4477/3522
f 57/6023 32/6022 4478/6026
f 3880/4568 3881/4555 4547/4561
f 4474/4904 15/4892 4475/4869
f 36/6046 34/6030 33/6040
f 3882/3563 14/3545 4474/3564
f 4490/4893 4474/4904 4475/4869
f 14/3545 3882/3563 4473/3544
f 3864/3582 4354/3583 27/3605
f 16/3534 18/3535 15/3554
f 3864/3582 12/3556 4354/3583
f 4480/6027 57/6023 4482/6032
f 4500/6033 4480/6027 4482/6032
f 4/6024 4480/6027 4500/6033
f 73/3504 4482/3524 74/3536
f 4/6024 4481/6025 32/6022
f 4482/6032 37/6039 74/6045
f 73/3504 6/3490 4500/3515
f 4499/6755 4466/6756 3877/6757
f 4476/3496 73/3504 48/3514
f 4479/3463 4339/3468 4332/3459
f 4333/3485 3872/3479 6/3490
f 3883/3569 4354/3583 12/3556
f 16/3534 4477/3522 48/3514
f 12/3556 4492/3559 3883/3569
f 4481/6025 4484/6029 32/6022
f 4484/6029 4498/6034 32/6022
f 4486/6047 31/6035 4911/6051
f 3863/5512 4330/5515 4344/5517
f 3882/3563 4497/3549 4473/3544
f 3883/3569 4492/3559 4497/3549
f 4472/3528 3916/3525 4473/3544
f 4485/3984 3371/3987 4404/3968
f 32/6022 4498/6034 4894/6038
f 4498/6034 4484/6029 4499/6037
f 4466/6036 4499/6037 4484/6029
f 4498/6034 4499/6037 4907/6043
f 4333/3485 6/3490 4476/3496
f 4310/6660 4347/6661 4343/6662
f 4338/3565 12/3556 3864/3582
f 4468/3517 4471/3506 4472/3528
f 4472/3528 4471/3506 3916/3525
f 4473/3544 4497/3549 4472/3528
f 12/3556 23/3555 11/3537
f 4338/3565 22/3546 23/3555
f 4476/3496 4477/3522 4469/3513
f 4336/3491 4470/3497 4471/3506
f 4338/3565 23/3555 12/3556
f 13/3539 4472/3528 4497/3549
f 13/3539 4468/3517 4472/3528
f 4471/3506 4469/3513 3916/3525
f 4469/3513 4471/3506 4470/3497
f 4471/3506 4468/3517 4340/3499
f 4333/3485 4470/3497 4336/3491
f 3872/3479 4466/3489 5/3495
f 5/3495 6/3490 3872/3479
f 4339/4356 4467/4342 4349/4352
f 4915/4348 4467/4342 4916/4345
f 4340/3499 4468/3517 3874/3507
f 4331/4338 4327/4340 3871/4343
f 3877/6757 4466/6756 3873/6759
f 3918/3516 4342/3526 11/3537
f 4326/3470 3849/3460 4329/3469
f 4467/3473 4339/3468 4479/3463
f 4327/4340 4348/4347 3871/4343
f 4463/1828 4435/1812 20/1793
f 4267/250 4462/287 4506/288
f 4534/345 4456/305 4549/360
f 3644/107 4378/171 4379/149
f 4460/229 4439/188 4446/187
f 4460/229 4440/230 4439/188
f 4460/229 4414/198 4463/248
f 4221/249 4459/270 4462/287
f 4255/208 4221/249 4267/250
f 4440/230 4459/270 4221/249
f 4461/306 4462/287 4460/229
f 4440/230 4460/229 4459/270
f 4458/269 4457/286 4460/229
f 4435/237 4463/248 4414/198
f 4450/150 4415/173 4203/86
f 4461/306 4460/229 4456/305
f 4458/1813 4463/1828 20/1793
f 4370/148 3644/107 4372/106
f 4442/1774 21/1794 19/1753
f 4552/361 4465/344 4553/378
f 4465/1829 4464/1814 4510/1842
f 4435/1812 4434/1773 20/1793
f 4442/1774 4464/1814 4465/1829
f 4465/344 4502/324 4442/304
f 4428/1757 4426/1796 4443/1776
f 4442/1774 4443/1776 4464/1814
f 4458/1813 21/1794 4442/1774
f 4442/304 4457/286 4458/269
f 19/1753 20/1793 4434/1773
f 4437/1712 4415/1739 4450/1726
f 4411/3876 4202/3875 4556/3881
f 4417/1711 3975/1721 4419/1698
f 4033/3911 3980/3883 4041/3901
f 3989/3918 4033/3911 4041/3901
f 3981/3877 3980/3883 3934/3872
f 4416/1673 3977/1710 4418/1722
f 4398/1736 3975/1721 4560/1750
f 4398/1736 4419/1698 3975/1721
f 4396/1723 4399/1751 4420/1752
f 4412/1674 4394/1651 4416/1673
f 4374/1663 4380/1654 4383/1643
f 4397/1699 4412/1674 4419/1698
f 4389/1627 4390/1631 77/1624
f 4417/1711 4419/1698 4416/1673
f 4417/1711 4418/1722 3977/1710
f 3976/1697 4416/1673 4369/1686
f 3978/1749 3979/1735 3948/1768
f 3981/3877 4269/3867 4411/3876
f 3867/3842 4269/3867 50/3862
f 4269/3867 3934/3872 50/3862
f 4413/151 4415/173 4414/198
f 4394/1651 4412/1674 4393/1662
f 4408/1676 4410/1677 4409/1688
f 3981/3877 4411/3876 4564/3892
f 4409/1688 4410/1677 4397/1699
f 4392/1653 4408/1676 4385/1652
f 4374/1663 4385/1652 4455/1675
f 4382/1637 4392/1653 4385/1652
f 4415/1739 4437/1712 4441/1755
f 4455/1675 4449/1700 4447/1687
f 4373/130 4454/174 4450/150
f 4409/1688 4397/1699 4395/1724
f 4454/1713 4374/1663 4448/1701
f 4509/1831 4425/1815 4513/1843
f 4437/1712 4429/1754 4441/1755
f 4392/1653 4410/1677 4408/1676
f 4455/1675 4385/1652 4409/1688
f 4409/1688 4453/1714 4449/1700
f 4421/1756 4433/1737 4420/1752
f 4433/1737 4395/1724 4420/1752
f 4426/1796 4428/1757 4425/1815
f 4438/1725 4451/1740 4428/1757
f 4427/1777 4428/1757 4451/1740
f 4432/1727 4453/1714 4409/1688
f 4453/1714 4438/1725 4449/1700
f 4413/151 4452/164 4445/131
f 4413/151 4414/198 4266/144
f 4446/187 4414/198 4460/229
f 4268/165 4446/187 4439/188
f 4415/173 4413/151 4203/86
f 4264/143 4445/131 4452/164
f 4421/1756 4451/1740 4453/1714
f 4385/1652 4408/1676 4409/1688
f 4374/1663 4454/1713 4376/1702
f 4447/1687 4374/1663 4455/1675
f 4450/1726 4454/1713 4448/1701
f 4449/1700 4438/1725 4437/1712
f 4437/1712 4447/1687 4449/1700
f 4380/1654 4378/1680 4381/1667
f 3652/195 4381/213 4378/171
f 4447/1687 4437/1712 4448/1701
f 4379/149 4377/196 4375/197
f 4447/1687 4448/1701 4374/1663
f 4266/144 4414/198 4446/187
f 4413/151 4445/131 4203/86
f 4445/131 4444/108 4203/86
f 4445/131 4264/143 4444/108
f 4265/109 4444/108 4264/143
f 3866/68 4444/108 4265/109
f 4450/1726 4448/1701 4437/1712
f 4436/1738 4431/1775 4429/1754
f 4438/1725 4443/1776 4442/1774
f 4266/144 4452/164 4413/151
f 4415/173 4441/236 4430/214
f 4430/214 4414/198 4415/173
f 4440/230 4220/207 4439/188
f 4430/214 4435/237 4414/198
f 4446/187 4268/165 4266/144
f 4257/125 4439/188 4220/207
f 4263/87 3866/68 4265/109
f 4511/1830 4443/1776 4554/1833
f 4443/1776 4438/1725 4428/1757
f 19/1753 4438/1725 4442/1774
f 4436/1738 4438/1725 19/1753
f 4434/1773 4436/1738 19/1753
f 4429/1754 4437/1712 4436/1738
f 4438/1725 4436/1738 4437/1712
f 4435/1812 4431/1775 4434/1773
f 4395/1724 4433/1737 4409/1688
f 4433/1737 4432/1727 4409/1688
f 4431/1775 4430/1795 4429/1754
f 4428/1757 4427/1777 4423/1797
f 4453/1714 4432/1727 4433/1737
f 4451/1740 4421/1756 4427/1777
f 4430/1795 4441/1755 4429/1754
f 4431/1775 4435/1812 4430/1795
f 4436/1738 4434/1773 4431/1775
f 4425/1815 4428/1757 4423/1797
f 4424/1792 4425/1815 4423/1797
f 4423/1797 4422/1791 4399/1751
f 4424/1792 4399/1751 4567/1772
f 4423/1797 4427/1777 4421/1756
f 4420/1752 4422/1791 4421/1756
f 4422/1791 4423/1797 4421/1756
f 4412/1674 4410/1677 4393/1662
f 4397/1699 4410/1677 4412/1674
f 4410/1677 4392/1653 4393/1662
f 4422/1791 4420/1752 4399/1751
f 4567/1772 4398/1736 4569/1789
f 4396/1723 4398/1736 4399/1751
f 4395/1724 4397/1699 4396/1723
f 4420/1752 4395/1724 4396/1723
f 4423/1797 4399/1751 4424/1792
f 4394/1651 4384/1642 4388/1636
f 4389/1627 4388/1636 4384/1642
f 4384/1642 4394/1651 4393/1662
f 4392/1653 4384/1642 4393/1662
f 3649/1672 4391/1661 3685/1650
f 4369/1686 4416/1673 4391/1661
f 3685/1650 4388/1636 4386/1635
f 3685/1650 4391/1661 4388/1636
f 3670/1634 4386/1635 78/1626
f 4390/1631 4383/1643 3660/1633
f 78/1626 4387/1630 4389/1627
f 4388/1636 4387/1630 4386/1635
f 4389/1627 4387/1630 4388/1636
f 78/1626 4386/1635 4387/1630
f 4383/1643 4385/1652 4374/1663
f 3660/1633 4383/1643 4380/1654
f 4382/1637 4384/1642 4392/1653
f 4389/1627 4384/1642 4382/1637
f 3644/107 4203/86 4207/52
f 4383/1643 4382/1637 4385/1652
f 4381/1667 3690/1646 4380/1654
f 4380/1654 4374/1663 4377/1678
f 4373/130 4379/149 4376/172
f 3690/1646 4381/1667 3652/1668
f 4379/149 4378/171 4377/196
f 3641/169 3686/194 3644/107
f 4382/1637 4383/1643 4390/1631
f 4377/1678 4378/1680 4380/1654
f 4379/149 4375/197 4376/172
f 4374/1663 4376/1702 4375/1689
f 4374/1663 4375/1689 4377/1678
f 3652/195 4378/171 3644/107
f 3690/1646 3660/1633 4380/1654
f 4203/86 4373/130 4450/150
f 3865/40 4262/38 4219/17
f 3865/40 4260/50 4262/38
f 4357/3690 4363/3686 4364/3682
f 3644/107 4379/149 4373/130
f 4372/106 4205/129 4370/148
f 4373/130 4203/86 3644/107
f 4207/52 4204/85 4372/106
f 4371/6912 4205/6913 3640/6914
f 3640/128 4370/148 4371/170
f 4370/148 4205/129 4371/170
f 3644/107 4370/148 3641/169
f 3640/128 3641/169 4370/148
f 3995/1764 1485/1783 3996/1747
f 3983/1809 3947/1838 3941/1839
f 1613/1835 3933/1825 3994/1834
f 2451/1734 3976/1697 3590/1709
f 3649/1672 4369/1686 4391/1661
f 3648/1696 4369/1686 3649/1672
f 3648/1696 3976/1697 4369/1686
f 3590/1709 3976/1697 3648/1696
f 2948/105 3640/128 4204/85
f 4361/4742 4367/4735 4366/4737
f 4405/3993 4407/3983 4917/4001
f 4920/4013 4405/3993 4921/4010
f 4037/4843 95/4840 96/4839
f 4922/3994 4368/3974 4923/4000
f 4020/4848 41/4861 42/4862
f 4406/3965 4022/3947 4368/3974
f 4406/3965 4403/3957 4022/3947
f 3378/4009 3346/3995 4405/3993
f 3369/3933 4035/3938 75/3930
f 4406/3965 4405/3993 3346/3995
f 3360/3950 4404/3968 3365/3967
f 4022/3947 4017/3964 4368/3974
f 3360/3950 45/3941 4403/3957
f 4403/3957 4406/3965 4404/3968
f 4019/3935 46/3928 4005/3931
f 4040/3934 75/3930 4035/3938
f 4027/3945 4035/3938 3369/3933
f 4009/4842 4016/4850 4023/4851
f 4025/3972 4023/3971 4016/3990
f 47/3936 45/3941 3360/3950
f 4025/3972 4018/3956 4015/3955
f 4018/3956 4021/3946 4013/3940
f 4021/3946 4017/3964 4022/3947
f 4004/3617 4401/3636 4402/3647
f 4402/4897 3960/4885 3964/4909
f 4030/4860 4400/4886 4489/4875
f 4011/4852 4037/4843 4028/4847
f 4034/4874 4402/4897 4401/4896
f 4400/4886 4034/4874 4401/4896
f 4004/3617 4001/3638 4356/3628
f 38/3610 4353/3633 3920/3621
f 4365/4732 4042/4728 3350/4726
f 3966/4691 4032/4698 2274/4701
f 4042/4728 4365/4732 4367/4735
f 4362/3689 3328/3685 3920/3694
f 3351/3683 4360/3691 4361/3695
f 4042/3662 4355/3651 4001/3638
f 4042/3662 4367/3674 4355/3651
f 4360/3691 3351/3683 4363/3686
f 4367/4735 4365/4732 4366/4737
f 3349/4729 4366/4737 4365/4732
f 1085/3698 3920/3694 3328/3685
f 4361/4742 4366/4737 3349/4729
f 27/3605 4356/3628 4358/3637
f 3351/3683 4361/3695 3352/3692
f 4358/3637 29/3627 27/3605
f 4364/3682 3328/3685 4362/3689
f 4359/3648 4363/3670 4357/3649
f 4337/3572 39/3587 3889/3567
f 4362/3642 4353/3633 4357/3649
f 4360/3660 4363/3670 4359/3648
f 4362/3642 3920/3621 4353/3633
f 4364/3682 4362/3689 4357/3690
f 4360/3660 4359/3648 4358/3637
f 4355/3651 4367/3674 4361/3675
f 4361/3675 4360/3660 4355/3651
f 29/3627 4358/3637 4359/3648
f 4363/3686 3351/3683 4364/3682
f 4358/3637 4355/3651 4360/3660
f 3328/3685 4364/3682 3683/3684
f 29/3627 4359/3648 4357/3649
f 39/3587 28/3606 38/3610
f 27/3605 3884/3593 4004/3617
f 4356/3628 4355/3651 4358/3637
f 4001/3638 4355/3651 4356/3628
f 3884/3593 27/3605 4354/3583
f 28/3606 3864/3582 27/3605
f 4357/3649 4353/3633 29/3627
f 38/3610 29/3627 4353/3633
f 28/3606 29/3627 38/3610
f 3834/3557 22/3546 3889/3567
f 4368/3974 4017/3964 4927/3982
f 4325/3527 4350/3531 3842/3501
f 4467/4342 4327/4340 4896/4337
f 4323/6200 4309/6201 4307/6202
f 4307/6202 4319/6203 4323/6200
f 3875/4387 3756/4404 4933/4397
f 3878/6762 3873/6759 4328/6764
f 4347/6661 3863/6664 4343/6662
f 3878/6762 4328/6764 4349/6765
f 3878/6762 4349/6765 4914/6767
f 3862/6667 4345/6672 4570/6673
f 4306/4372 4311/4365 4517/4378
f 3863/4360 4347/4354 4348/4347
f 3857/5527 4346/5520 3831/5519
f 4311/4365 4306/4372 4308/4361
f 4520/5531 3857/5527 4573/5538
f 4334/4350 4348/4347 4347/4354
f 4345/5523 4346/5520 4519/5528
f 4344/5517 4346/5520 4345/5523
f 3862/6667 4344/6669 4345/6672
f 4343/6662 3862/6667 4571/6670
f 4342/3526 4468/3517 13/3539
f 4505/6324 4341/6320 4576/6328
f 4137/4408 3768/4419 4106/4418
f 11/3537 4342/3526 13/3539
f 3918/3516 3836/3538 4325/3527
f 3863/5512 4348/5509 3917/5508
f 3855/3486 4336/3491 4340/3499
f 3855/3486 4340/3499 3874/3507
f 4328/6764 4339/6768 4349/6765
f 22/3546 3918/3516 11/3537
f 22/3546 4338/3565 4337/3572
f 4338/3565 3864/3582 4337/3572
f 4333/3485 4336/3491 4335/3480
f 4329/3469 3849/3460 4332/3459
f 4321/3458 3837/3461 3833/3466
f 4347/4354 4310/4359 4334/4350
f 4329/3469 3872/3479 4326/3470
f 3872/3479 4333/3485 4326/3470
f 4339/3468 4328/3474 4332/3459
f 4330/5515 3863/5512 3917/5508
f 3873/3478 4329/3469 4328/3474
f 4346/5520 4344/5517 4330/5515
f 3919/5510 4348/5509 4327/5513
f 3849/3460 4326/3470 3859/3464
f 4332/3459 59/3453 3919/3456
f 3830/5516 4330/5515 3917/5508
f 4350/3531 4316/3551 4324/3530
f 4937/4344 3861/4346 4938/4351
f 3912/3475 3859/3464 4326/3470
f 4335/3480 3912/3475 4326/3470
f 4335/3480 4336/3491 3855/3486
f 4326/3470 4333/3485 4335/3480
f 4279/6325 35/6321 4578/6329
f 9/6318 10/6317 35/6321
f 3833/3466 3837/3461 3915/3472
f 3918/3516 4325/3527 3842/3501
f 3840/3465 3859/3464 3912/3475
f 4577/6844 4351/6845 4580/6846
f 3840/3465 3852/3471 3837/3461
f 4317/6209 4319/6203 4585/6205
f 4275/6211 4317/6209 4586/6210
f 4311/4365 4308/4361 4334/4350
f 3892/3455 58/3454 4321/3458
f 3871/4343 4305/4353 3860/4349
f 3797/4364 4322/4377 4291/4380
f 3837/3461 4321/3458 58/3454
f 4324/3530 3799/3518 3845/3508
f 3851/3573 3805/3566 3834/3557
f 3793/5522 3832/5525 4294/5529
f 3865/40 4261/82 4260/50
f 4256/189 4257/125 4220/207
f 3836/3538 3918/3516 22/3546
f 4319/4388 4322/4377 4323/4382
f 3813/240 4162/279 4127/257
f 4350/3531 4325/3527 3787/3548
f 4351/4604 4352/4605 4278/4601
f 3851/3573 3850/3575 3805/3566
f 8/4603 4278/4601 4352/4605
f 7/6319 4341/6320 10/6317
f 4341/6320 7/6319 4352/6323
f 8/6322 4352/6323 7/6319
f 4352/6850 4351/6845 4341/6847
f 4281/4585 3779/4587 3825/4588
f 3797/4364 4305/4353 4308/4361
f 4305/4353 3871/4343 4334/4350
f 4351/4604 4278/4601 4588/4602
f 3858/5526 3913/5537 3856/5535
f 3842/3501 4350/3531 3844/3519
f 4585/6205 4307/6202 4590/6208
f 4286/4358 4312/4369 4292/4373
f 4311/4365 4310/4359 4515/4370
f 4306/4372 4309/4376 4308/4361
f 4307/6202 4309/6201 4582/6204
f 4583/4384 4306/4372 4592/4390
f 4305/4353 3797/4364 4286/4358
f 3773/4548 3763/4559 3761/4554
f 4303/5544 4304/5543 3792/5534
f 9/6318 4279/6325 3815/6327
f 4302/5961 4301/5957 4300/5954
f 4299/5557 4298/5552 4297/5540
f 4279/6325 9/6318 35/6321
f 26/191 24/145 66/209
f 4325/3527 3903/3547 3787/3548
f 4324/3530 3845/3508 3844/3519
f 3802/3620 4284/3608 3801/3595
f 3851/3573 3152/3594 3801/3595
f 3799/3518 4324/3530 3800/3540
f 4322/4377 4320/4389 4291/4380
f 4312/4369 4293/4374 3876/4381
f 3841/5533 3784/5545 4295/5541
f 3796/3500 3847/3482 3846/3492
f 3796/3500 3845/3508 3799/3518
f 4308/4361 4309/4376 3798/4371
f 3798/4371 4323/4382 4322/4377
f 4321/3458 3833/3466 3829/3462
f 3830/5516 3892/5514 3829/5518
f 4319/4388 4317/4398 4320/4389
f 4291/4380 4293/4374 3797/4364
f 3841/3484 3914/3477 3784/3488
f 4598/5548 3791/5536 4599/5555
f 4312/4369 4286/4358 3797/4364
f 4302/5961 3825/5974 4600/5975
f 3785/3483 3847/3482 3817/3493
f 4600/6335 4280/6333 4602/6334
f 4294/5529 4295/5541 4297/5540
f 4317/4398 4275/4406 4315/4399
f 4297/5540 3792/5534 4294/5529
f 3790/3511 3796/3500 3893/3521
f 3800/3540 3787/3548 3788/3550
f 3800/3540 4316/3551 3787/3548
f 3794/6583 3909/6581 4287/6578
f 3818/3510 3782/3532 3910/3520
f 3782/5970 3924/5960 3910/5964
f 3790/3511 3893/3521 3754/3533
f 3812/5969 3924/5960 3782/5970
f 3827/5968 3825/5974 4302/5961
f 3827/5968 4302/5961 4283/5959
f 4288/6582 4296/6585 3794/6583
f 4288/6582 4299/6586 4296/6585
f 1077/3641 3811/3613 4285/3632
f 4290/4392 4315/4399 4277/4394
f 3794/3494 4296/3503 3784/3488
f 4300/5954 4314/5953 4313/5956
f 3791/5536 4304/5543 4301/5550
f 4297/5540 4303/5544 3792/5534
f 4298/5552 4303/5544 4297/5540
f 4599/5555 4301/5550 4606/5559
f 4313/5956 4314/5953 3924/5960
f 4304/5951 4300/5954 4301/5957
f 3770/5973 3826/5976 4282/5967
f 4501/6584 4288/6582 4289/6580
f 4271/4386 4291/4380 4290/4392
f 4314/6577 4289/6580 4287/6578
f 4287/6578 4289/6580 4288/6582
f 3814/3562 3894/3542 3788/3550
f 4298/5962 4299/5966 4501/5958
f 3783/4565 3755/4569 3773/4548
f 25/167 4191/175 4258/192
f 3754/3533 3894/3542 4139/3553
f 4941/4363 4286/4358 4942/4367
f 3806/3643 3723/3634 3811/3613
f 4285/3632 4284/3608 3802/3620
f 3900/3598 4284/3608 3811/3613
f 3870/3589 3869/3612 3803/3599
f 4186/39 4159/29 4189/6
f 4282/5967 4283/5959 3925/5963
f 3786/3568 3897/3576 4109/3580
f 3827/5968 4283/5959 4282/5967
f 51/199 4191/175 25/167
f 4281/4585 3826/4582 3769/4571
f 3922/4550 3879/4562 3772/4558
f 3772/4558 3879/4562 3769/4571
f 3772/4558 3770/4577 3925/4575
f 4282/5967 3925/5963 3770/5973
f 3779/4587 4279/4597 4280/4594
f 4279/4597 3779/4587 3816/4598
f 4597/4599 3816/4598 4610/4596
f 3780/4405 4272/4400 4277/4394
f 4301/5957 4302/5961 4603/5965
f 4108/3579 3775/3603 4105/3591
f 4276/6216 4275/6211 4604/6215
f 4273/4393 4138/4395 4274/4401
f 4272/4400 4138/4395 4271/4386
f 3766/6260 3732/6264 3765/6270
f 3763/4559 3760/4572 3762/4560
f 4139/3553 4104/3571 3725/3577
f 3704/4429 3727/4433 4107/4427
f 4138/4395 3781/4407 3743/4412
f 3744/6551 3781/6552 4611/6553
f 4271/4386 4290/4392 4277/4394
f 4274/4401 4140/4403 4273/4393
f 3742/6499 3706/6506 3760/6513
f 3824/5982 3760/5988 3706/5989
f 3771/6510 4103/6500 3753/6508
f 4271/4386 4273/4393 3876/4381
f 4106/4418 3768/4419 4107/4427
f 4139/3553 3751/3570 3771/3561
f 4105/3591 3774/3615 3736/3604
f 3875/4387 4135/4396 3757/4402
f 3875/4387 4273/4393 4135/4396
f 4315/4399 4275/4406 4277/4394
f 4277/4394 4275/4406 4276/4411
f 4942/4367 4292/4373 4943/4379
f 3784/5545 4296/5551 4295/5541
f 4294/5529 3841/5533 4295/5541
f 4291/4380 4271/4386 4293/4374
f 4293/4374 4271/4386 3876/4381
f 4320/4389 4290/4392 4291/4380
f 4138/4395 4272/4400 3781/4407
f 4297/5540 4295/5541 4296/5551
f 4271/4386 4138/4395 4273/4393
f 3797/4364 4293/4374 4312/4369
f 4292/4373 3875/4387 4934/4391
f 3860/4349 4305/4353 4286/4358
f 3730/3646 4074/3658 3718/3635
f 3121/37 2946/36 4270/28
f 4270/28 4210/11 4211/16
f 3122/53 4206/27 4270/28
f 4201/3863 4269/3867 3867/3842
f 4209/3845 4233/3840 4238/3849
f 67/3837 80/3834 81/3836
f 4242/4782 4215/4772 4217/4781
f 4217/4781 4245/4788 4242/4782
f 4226/4767 4208/4762 4241/4757
f 4226/4767 4241/4757 5299/4761
f 5303/3856 4231/3843 5304/3860
f 4225/4777 4218/4778 4214/4768
f 82/3835 80/3834 3708/3838
f 4225/4777 4214/4768 4226/4767
f 4222/3879 4213/3869 3907/3871
f 5298/4787 4225/4777 5307/4786
f 5299/4761 69/4753 5308/4765
f 4231/3843 3709/3841 5302/3852
f 67/3837 4233/3840 80/3834
f 4216/4763 4222/4773 4232/4769
f 82/3835 4229/3839 81/3836
f 4229/3839 82/3835 4231/3843
f 4229/3839 4231/3843 4230/3848
f 4227/4764 4230/4774 5309/4779
f 4227/4764 81/4759 4229/4770
f 4229/4770 4230/4774 4227/4764
f 5306/4766 4227/4764 5312/4775
f 69/4753 4228/4756 5305/4760
f 4233/3840 4209/3845 80/3834
f 4225/4777 4226/4767 5314/4776
f 3711/3874 4224/3888 4535/3891
f 84/200 4124/216 83/176
f 4200/3855 4213/3869 3711/3874
f 4215/4772 4222/4773 4216/4763
f 4220/207 4440/230 4221/249
f 4219/17 4210/11 4206/27
f 4215/4772 4218/4778 4217/4781
f 4216/4763 68/4754 4214/4768
f 4218/4778 4215/4772 4214/4768
f 4213/3869 4200/3855 3906/3858
f 4222/3879 3907/3871 4232/3865
f 4209/3845 3906/3858 4200/3855
f 4204/85 4207/52 2947/67
f 4270/28 4206/27 4210/11
f 4212/146 4193/132 4195/88
f 63/2 4211/16 4210/11
f 4195/88 4193/132 4194/111
f 80/3834 4209/3845 3867/3842
f 2947/67 2948/105 4204/85
f 4208/4762 4214/4768 68/4754
f 61/1 2949/5 63/2
f 4207/52 4206/27 2947/67
f 4204/85 3640/128 4205/129
f 4203/86 4444/108 3866/68
f 4204/85 4205/129 4372/106
f 4201/3863 3710/3870 4202/3875
f 4201/3863 4200/3855 3710/3870
f 4209/3845 4200/3855 3867/3842
f 4200/3855 4201/3863 3867/3842
f 4556/3881 3710/3870 4616/3889
f 4257/125 4268/165 4439/188
f 4255/208 4220/207 4221/249
f 4253/210 4267/250 4551/271
f 4261/82 4266/144 4257/125
f 4266/144 4268/165 4257/125
f 4253/210 4255/208 4267/250
f 4256/189 4220/207 4255/208
f 4261/82 4263/87 4265/109
f 4265/109 4264/143 4261/82
f 4261/82 4264/143 4452/164
f 3865/40 4263/87 4261/82
f 4203/86 3866/68 4207/52
f 4219/17 4262/38 4187/26
f 4261/82 4257/125 4247/104
f 4187/26 4262/38 4260/50
f 4260/50 4199/83 4259/65
f 4206/27 4207/52 3865/40
f 4189/6 4210/11 4219/17
f 3865/40 4219/17 4206/27
f 4187/26 4259/65 4198/51
f 4260/50 4261/82 4247/104
f 66/209 4250/233 26/191
f 4258/192 4234/126 25/167
f 4248/238 4251/275 4184/277
f 4234/126 4258/192 4212/146
f 4212/146 4235/127 4234/126
f 3908/190 65/231 66/209
f 4254/166 24/145 4257/125
f 4257/125 4256/189 4254/166
f 4252/251 64/252 65/231
f 4256/189 4255/208 4254/166
f 4255/208 4253/210 4254/166
f 3908/190 4254/166 4253/210
f 4251/6494 64/6495 4252/6496
f 4250/233 66/209 64/252
f 4249/307 4184/277 4251/275
f 4536/3905 4223/3906 4615/3922
f 4252/6496 4249/6497 4251/6494
f 64/6495 4251/6494 4185/6498
f 4185/234 4250/233 64/252
f 4249/307 4252/251 4531/289
f 4248/238 53/215 51/199
f 4251/275 4248/238 4185/234
f 4234/126 4247/104 24/145
f 26/191 4250/233 4185/234
f 66/209 24/145 3908/190
f 4246/3897 4243/3880 4242/3887
f 4224/3888 4246/3897 4223/3906
f 4245/4788 4217/4781 4246/4791
f 4218/4778 4225/4777 4244/4785
f 4246/4791 4217/4781 4223/4795
f 4213/3869 4242/3887 4243/3880
f 4621/4793 4217/4781 4622/4789
f 4217/4781 4218/4778 4244/4785
f 4216/4763 4239/4758 68/4754
f 4622/4789 4244/4785 4623/4792
f 4246/3897 4224/3888 4243/3880
f 3711/3874 4243/3880 4224/3888
f 4242/4782 4245/4788 4246/4791
f 4239/4758 4237/4755 68/4754
f 4222/4773 4215/4772 4242/4782
f 68/4754 4241/4757 4208/4762
f 3906/3858 4238/3849 4240/3866
f 3906/3858 4209/3845 4238/3849
f 4239/3857 4232/3865 4238/3849
f 4238/3849 4233/3840 4237/3844
f 4233/3840 67/3837 4237/3844
f 4187/26 4189/6 4219/17
f 4236/10 4503/25 4211/16
f 4236/10 4211/16 63/2
f 4194/111 52/153 4120/112
f 4259/65 4187/26 4260/50
f 4235/127 4199/83 4234/126
f 4212/146 4191/175 4193/132
f 4235/127 4212/146 4195/88
f 4189/6 63/2 4210/11
f 4258/192 4191/175 4212/146
f 4133/113 4132/114 4173/155
f 4235/127 4196/84 4199/83
f 4112/30 4114/56 4168/43
f 4259/65 4199/83 4198/51
f 4199/83 4196/84 4197/66
f 4159/29 4116/18 4189/6
f 4110/19 62/3 4117/12
f 4186/39 4198/51 4197/66
f 4195/88 4186/39 4196/84
f 4120/112 4190/69 4194/111
f 4195/88 4190/69 4186/39
f 52/153 83/176 4120/112
f 51/199 52/153 4192/152
f 4192/152 4194/111 4193/132
f 4192/152 4191/175 51/199
f 52/153 4194/111 4192/152
f 4128/89 4179/54 4190/69
f 4186/39 4190/69 4179/54
f 63/2 4189/6 62/3
f 4179/54 4159/29 4186/39
f 4116/18 4117/12 4189/6
f 4170/961 4188/951 3905/960
f 4189/6 4187/26 4186/39
f 2935/7 62/3 3750/14
f 4609/327 4249/307 4620/347
f 51/199 4185/234 4248/238
f 51/199 26/191 4185/234
f 53/215 84/200 52/153
f 4248/238 4184/277 4134/239
f 3738/806 4066/815 4082/822
f 4143/899 4181/921 4624/931
f 4165/890 4161/907 4177/898
f 2920/959 4131/990 3904/977
f 2929/44 4111/32 4131/46
f 4945/6342 4048/6346 4946/6351
f 4169/945 4176/933 4156/908
f 3705/5990 4135/5983 4136/5986
f 4148/906 3/872 4177/898
f 4150/920 4177/898 4161/907
f 4162/279 4151/294 4150/310
f 4147/329 4151/294 4539/293
f 3902/843 4090/828 4087/835
f 4165/890 3/872 4166/881
f 4163/134 4122/154 4164/178
f 4127/257 4162/279 4161/280
f 4110/19 4112/30 4168/43
f 4160/90 4114/56 4115/41
f 4115/41 4159/29 4118/55
f 4116/18 4159/29 4115/41
f 4158/893 4155/912 4157/900
f 4154/932 4156/908 4155/912
f 4150/310 4161/280 4162/279
f 4153/71 4118/55 4152/91
f 4150/310 4151/294 4149/330
f 4629/930 4149/919 4630/943
f 4144/878 4146/858 4145/876
f 3/872 4143/899 4142/891
f 4088/866 2/873 4141/882
f 4183/258 4164/178 4125/241
f 4146/858 4144/878 4182/865
f 4180/871 4097/848 4182/865
f 2933/886 4158/893 4145/876
f 1/855 4089/839 4097/848
f 2514/869 4093/846 4084/862
f 4098/851 3902/843 4146/858
f 4146/858 4182/865 4098/851
f 3901/857 2933/886 4145/876
f 4097/848 4178/864 1/855
f 4141/882 4143/899 4626/910
f 4630/363 4147/329 4631/380
f 4142/891 4143/899 4141/882
f 4142/891 2/873 3/872
f 3/872 4165/890 4177/898
f 4181/921 4148/906 4629/930
f 4151/294 4147/329 4149/330
f 4180/871 4166/881 4178/864
f 4144/878 4172/889 4180/871
f 4127/257 4124/216 3813/240
f 4161/907 4165/890 4125/918
f 4046/797 3713/813 4096/819
f 2933/886 985/902 4158/893
f 2931/925 4158/893 986/911
f 4144/878 4180/871 4182/865
f 4157/900 4172/889 4144/878
f 4156/908 4172/889 4157/900
f 4164/941 4174/905 4173/928
f 4159/29 4179/54 4119/70
f 4166/881 4172/889 4165/890
f 4172/889 4174/905 4165/890
f 3/872 4178/864 4166/881
f 4172/889 4166/881 4180/871
f 4148/906 4181/921 4143/899
f 4150/920 4149/919 4177/898
f 4173/155 4163/134 4164/178
f 2920/959 4167/989 4131/990
f 4164/178 4123/177 4126/217
f 4169/945 4152/952 4176/933
f 4118/55 4153/71 4115/41
f 4133/942 4171/917 4176/933
f 4154/932 3905/960 4188/951
f 4156/908 4154/932 4169/945
f 3905/960 4175/978 4170/961
f 2931/925 4155/912 4158/893
f 3905/960 4154/932 2920/959
f 4174/905 4171/917 4173/928
f 2928/936 2895/950 4154/932
f 4154/932 4155/912 2928/936
f 4170/961 4114/992 4160/1006
f 4170/961 4175/978 4114/992
f 4172/889 4171/917 4174/905
f 4156/908 4176/933 4171/917
f 4171/917 4172/889 4156/908
f 4176/933 4152/952 4133/942
f 4129/93 4128/89 4121/133
f 4173/928 4171/917 4133/942
f 4169/945 4188/951 4170/961
f 4163/134 4173/155 4132/114
f 4121/133 4163/134 4129/93
f 3904/72 4168/43 4114/56
f 4153/962 4169/945 4170/961
f 4167/989 2920/959 2921/976
f 4124/216 4127/257 4126/217
f 4131/46 4168/43 3904/72
f 4148/906 4177/898 4149/919
f 4540/278 4134/239 4544/292
f 4132/114 4129/93 4163/134
f 4132/114 4133/113 4118/55
f 4129/93 4132/114 4118/55
f 4152/91 4118/55 4133/113
f 4163/134 4121/133 4122/154
f 2937/1005 4131/990 2921/976
f 4131/990 4167/989 2921/976
f 4114/992 4130/991 3904/977
f 4131/46 2937/76 2929/44
f 4164/178 4122/154 4123/177
f 4128/89 4129/93 4119/70
f 4179/54 4128/89 4119/70
f 4127/257 4161/280 4125/241
f 4125/241 4164/178 4126/217
f 4127/257 4125/241 4126/217
f 4124/216 4126/217 4123/177
f 4120/112 83/176 4123/177
f 4124/216 4123/177 83/176
f 4123/177 4122/154 4120/112
f 4122/154 4121/133 4120/112
f 4128/89 4120/112 4121/133
f 4159/29 4119/70 4118/55
f 4118/55 4119/70 4129/93
f 4112/30 4117/12 4116/18
f 4113/42 4116/18 4115/41
f 4114/56 4113/42 4115/41
f 4116/18 4113/42 4112/30
f 4112/30 4113/42 4114/56
f 4110/19 4111/32 3750/14
f 4069/6266 56/6258 4947/6261
f 4131/46 4111/32 4110/19
f 4083/3645 3719/3626 3776/3625
f 3814/3562 4109/3580 4108/3579
f 4104/3571 3814/3562 4108/3579
f 4062/807 4045/791 4051/816
f 4045/791 3738/806 4051/816
f 4106/4418 4107/4427 4102/4430
f 4105/3591 4104/3571 4108/3579
f 3748/4448 4070/4442 3808/4437
f 4100/6830 3758/6831 4639/6832
f 3719/3626 3774/3615 3776/3625
f 3759/5985 3824/5982 4101/5978
f 3768/4419 3704/4429 4107/4427
f 3745/6353 3740/6358 3746/6359
f 3746/3602 3895/3590 3747/3601
f 3773/4548 3755/4569 3764/4566
f 3764/6503 3753/6508 4103/6500
f 4080/5984 4101/5978 4102/5981
f 4055/6870 4081/6871 4062/6872
f 3927/4540 4052/4539 4092/4543
f 3896/6501 3740/6505 3741/6502
f 3705/4409 3757/4402 4135/4396
f 4066/815 3737/798 4059/805
f 3725/3577 3895/3590 3751/3570
f 4140/5980 4106/5977 3823/5979
f 3705/6512 3741/6502 4950/6514
f 3706/5989 4136/5986 3824/5982
f 3725/3577 4104/3571 4105/3591
f 4642/4446 3700/4431 4643/4449
f 4643/6560 3735/6557 4644/6559
f 4104/3571 4139/3553 3814/3562
f 3768/4419 4137/4408 3743/4412
f 4644/6559 3744/6551 4645/6558
f 4137/4408 4274/4401 4138/4395
f 3823/5979 4136/5986 4135/5983
f 3765/6270 3732/6264 3728/6276
f 3733/6280 4100/6287 4640/6285
f 4647/853 4076/836 4648/852
f 55/6259 4070/6262 3748/6267
f 4051/816 3738/806 4082/822
f 4083/3645 4050/3669 3730/3646
f 3810/6344 3928/6349 3729/6341
f 4102/4430 4107/4427 3727/4433
f 3809/4435 4102/4430 3727/4433
f 3762/5992 3759/5985 3820/5987
f 3820/5987 4101/5978 4080/5984
f 4070/6262 55/6259 56/6258
f 4094/829 4076/836 4091/845
f 4077/779 90/776 91/775
f 4101/5978 4106/5977 4102/5981
f 3821/4557 4081/4553 3807/4544
f 4044/788 4073/799 4952/808
f 4044/788 4078/792 4073/799
f 3927/4540 4092/4543 3767/4547
f 3703/4436 3758/4440 4100/4445
f 3731/4444 4099/4439 3726/4434
f 3748/4448 4099/4439 3731/4444
f 4066/815 4094/829 4082/822
f 4092/4543 4082/4545 4094/4552
f 4093/846 4095/863 4085/847
f 3698/3676 3699/3666 1378/3680
f 3698/3676 3714/3644 3699/3666
f 4090/828 4065/827 4064/814
f 3722/867 3898/849 4650/874
f 2823/877 3901/857 4095/863
f 4096/819 4090/828 4064/814
f 4090/828 4098/851 4097/848
f 4088/866 4141/882 4634/892
f 3695/844 4061/821 4656/850
f 3712/825 3715/837 3721/826
f 4089/839 3898/849 4065/827
f 4090/828 4089/839 4065/827
f 4089/839 1/855 3898/849
f 1/855 4088/866 3898/849
f 4089/839 4090/828 4097/848
f 4085/847 4095/863 3901/857
f 4087/835 4085/847 3902/843
f 4085/847 4087/835 4086/832
f 3716/854 2766/868 4084/862
f 3926/3656 4057/3668 4083/3645
f 3736/3604 3774/3615 3719/3626
f 3715/3657 4063/3677 3926/3656
f 4046/797 4059/805 4067/782
f 2895/950 2920/959 4154/932
f 4145/876 4158/893 4144/878
f 2518/880 2823/877 4095/863
f 4067/782 4075/785 4049/790
f 4049/790 4075/785 4074/787
f 4086/832 4093/846 4085/847
f 3721/826 4086/832 4096/819
f 4087/835 4096/819 4086/832
f 4046/797 4067/782 4049/790
f 4093/846 4086/832 3720/838
f 4057/3668 3926/3656 4063/3677
f 2515/870 4095/863 4093/846
f 2518/880 4095/863 2515/870
f 4061/821 4076/836 4094/829
f 3720/838 3716/854 4093/846
f 4053/793 4081/811 4079/800
f 3713/813 3721/826 4096/819
f 4091/4551 3767/4547 4092/4543
f 4072/5993 3819/5991 4080/5984
f 4052/4539 4082/4545 4092/4543
f 4045/791 4068/786 4067/782
f 4079/800 4081/811 3822/810
f 4080/6284 4071/6273 4954/6282
f 3819/809 4073/799 4078/792
f 3819/809 4078/792 3822/810
f 3729/6341 3928/6349 3696/6350
f 4054/783 4079/800 4078/792
f 4092/4543 4094/4552 4091/4551
f 3713/813 4047/804 4058/818
f 4059/805 3737/798 4067/782
f 4077/779 4054/783 4044/788
f 4076/836 4061/821 3695/844
f 4075/785 3923/778 4074/787
f 4075/785 4067/782 3923/778
f 3732/6264 3766/6260 55/6259
f 4071/6273 4069/6266 4949/6278
f 4056/4541 3927/4540 3807/4544
f 3809/4435 4070/4442 4071/4443
f 4071/4443 4080/4438 3809/4435
f 4070/6262 4069/6266 4071/6273
f 4068/786 4054/783 91/775
f 3807/4544 4081/4553 4055/4546
f 3696/6350 3724/6357 3718/6354
f 3923/778 4067/782 91/775
f 4066/815 4059/805 4061/821
f 4064/814 4065/827 4060/820
f 4183/929 4125/918 4174/905
f 4178/864 3/872 1/855
f 4058/818 4063/831 3712/825
f 4060/820 4065/827 4653/833
f 2/873 4142/891 4141/882
f 4053/793 4045/791 4062/807
f 4061/821 4060/820 4659/834
f 4064/814 4060/820 4059/805
f 4061/821 4059/805 4060/820
f 4047/804 4050/812 4058/818
f 4057/824 4058/818 4050/812
f 4051/4542 4056/4541 4055/4546
f 4054/783 4053/793 4079/800
f 4050/3669 4083/3645 4057/3668
f 54/6257 55/6259 3766/6260
f 4082/4545 4052/4539 4051/4542
f 4052/4539 4056/4541 4051/4542
f 4054/783 4068/786 4053/793
f 4049/790 3730/803 4050/812
f 4049/790 4074/787 3730/803
f 4050/812 4047/804 4049/790
f 3697/777 90/776 4048/780
f 4049/790 4047/804 4046/797
f 3737/798 4045/791 4067/782
f 4051/4542 4055/4546 4062/4549
f 4073/799 3819/809 4072/817
f 4048/780 4043/784 4959/789
f 4947/6261 54/6257 4962/6265
f 4952/808 4072/817 4963/823
f 3912/3475 4335/3480 3855/3486
f 5/6028 4466/6036 4484/6029
f 4479/3463 3919/3456 4327/3467
f 4034/4874 4400/4886 4030/4860
f 4042/4728 4002/4717 3350/4726
f 3988/3910 4041/3901 3982/3893
f 3990/3917 3988/3910 3982/3893
f 4416/1673 4419/1698 4412/1674
f 3964/3659 3693/3673 4000/3650
f 3966/4691 3962/4694 4032/4698
f 4030/4860 4039/4853 4037/4843
f 4014/3939 4005/3931 4040/3934
f 4403/3957 4404/3968 3360/3950
f 4406/3965 4368/3974 4407/3983
f 4403/3957 45/3941 4022/3947
f 4037/4843 4039/4853 4038/4845
f 4900/6054 4486/6047 4912/6052
f 4036/4841 4010/4844 94/4838
f 41/4861 4020/4848 3890/4854
f 4238/3849 4237/3844 4239/3857
f 3963/3962 3968/3953 4027/3945
f 3968/3953 4035/3938 4027/3945
f 3985/3912 3692/3894 3984/3902
f 3940/1861 3931/1851 3933/1825
f 3945/6649 3942/6648 3992/6651
f 3945/6649 3950/6646 3942/6648
f 3941/1839 3947/1838 3992/1849
f 4402/4897 4034/4874 3960/4885
f 3930/1840 3986/1852 3949/1786
f 4033/3911 3984/3902 3980/3883
f 4033/1877 3987/1853 3991/1868
f 3991/3919 3984/3902 4033/3911
f 3982/3893 4041/3901 3980/3883
f 4662/1864 4031/1870 4663/1878
f 3962/4694 2423/4702 4032/4698
f 3979/1735 3997/1767 3948/1768
f 4664/3923 3982/3893 4667/3916
f 3949/1786 3990/1841 4668/1826
f 3992/1849 3947/1838 3944/1824
f 3985/3912 3984/3902 3991/3919
f 3987/1853 3986/1852 3991/1868
f 3987/1853 3949/1786 3986/1852
f 3989/3918 4041/3901 3988/3910
f 3949/1786 3987/1853 3990/1841
f 3987/1853 4033/1877 3989/1869
f 3989/1869 3988/1863 3987/1853
f 3990/1841 3987/1853 3988/1863
f 3991/1868 3986/1852 3985/1862
f 3986/1852 3930/1840 3985/1862
f 3982/3893 4031/3924 3990/3917
f 3935/3884 3984/3902 3692/3894
f 3939/3904 3943/3915 3936/3896
f 3946/1808 3983/1809 3948/1768
f 3978/1749 3949/1786 4669/1810
f 3950/6646 86/6645 3942/6648
f 3982/3893 3981/3877 4565/3899
f 3984/3902 3935/3884 3980/3883
f 3976/1697 3979/1735 3975/1721
f 3978/1749 3975/1721 3979/1735
f 3975/1721 4417/1711 3977/1710
f 3977/1710 3976/1697 3975/1721
f 3975/1721 3978/1749 4672/1769
f 4416/1673 4418/1722 4417/1711
f 3966/4691 3974/4700 3694/4696
f 3962/4694 3963/4697 2422/4703
f 3965/4907 3958/4884 3973/4883
f 3972/3954 3968/3953 3967/3970
f 3969/4872 70/4894 71/4895
f 3968/3953 3972/3954 4035/3938
f 3969/4872 3971/4859 3970/4858
f 3968/4693 3961/4688 3967/4690
f 3961/4688 3966/4691 72/4686
f 3961/4688 70/4685 3967/4690
f 3966/4691 3954/4689 72/4686
f 3965/4907 3964/4909 3958/4884
f 3961/4688 3963/4697 3962/4694
f 3958/4884 3960/4885 3959/4873
f 3968/4693 3963/4697 3961/4688
f 71/4687 72/4686 3954/4689
f 3961/4688 72/4686 70/4685
f 3956/4699 3694/4696 3957/4707
f 71/4687 3954/4689 3955/4692
f 3966/4691 3694/4696 3954/4689
f 3965/4907 3998/4918 3964/4909
f 4003/4866 4030/4860 4011/4852
f 4029/4695 3956/4699 3998/4704
f 4024/6674 3970/6675 3972/6676
f 3966/4691 3961/4688 3962/4694
f 3963/4697 3364/4708 2422/4703
f 2380/4705 3999/4706 3974/4700
f 3974/4700 3966/4691 2380/4705
f 3694/4696 3956/4699 3954/4689
f 4029/4914 3998/4918 3965/4907
f 4029/4914 3973/4883 3955/4908
f 4029/4914 3965/4907 3973/4883
f 4029/4695 3955/4692 3954/4689
f 4029/4695 3954/4689 3956/4699
f 3970/4858 3971/4859 4028/4847
f 71/4895 3955/4908 3973/4883
f 71/4895 3973/4883 3969/4872
f 3958/4884 4012/4865 3973/4883
f 4012/4865 3969/4872 3973/4883
f 3971/4859 4012/4865 4011/4852
f 4023/4851 4028/4847 4009/4842
f 3969/4872 4012/4865 3971/4859
f 3963/4697 3363/4712 3364/4708
f 3963/3962 4027/3945 3363/3944
f 4026/3963 4015/3955 4014/3939
f 3972/3954 4026/3963 4014/3939
f 4964/3991 4016/3990 4965/4008
f 3969/4872 3970/4858 4024/4882
f 70/4894 3969/4872 4024/4882
f 3967/4906 70/4894 4024/4882
f 3967/6677 4024/6674 3972/6676
f 4023/3971 4025/3972 4015/3955
f 3970/6675 4026/6678 3972/6676
f 4037/4843 4011/4852 4030/4860
f 4021/3946 4022/3947 4019/3935
f 4013/3940 4021/3946 4019/3935
f 4015/3955 4026/3963 4023/3971
f 42/4862 4006/4855 4020/4848
f 4022/3947 45/3941 4019/3935
f 4021/3946 4018/3956 4017/3964
f 4965/4864 4007/4857 4966/4871
f 4009/4842 4008/4846 4016/4850
f 3971/4859 4011/4852 4028/4847
f 4038/4845 95/4840 4037/4843
f 4038/4845 4039/4853 4488/4856
f 4040/3934 4035/3938 4014/3939
f 4013/3940 4015/3955 4018/3956
f 4014/3939 4015/3955 4013/3940
f 4014/3939 4013/3940 4005/3931
f 4011/4852 4012/4865 3959/4873
f 4017/3964 4018/3956 4929/3973
f 4007/4857 42/4862 4926/4879
f 4010/4844 4006/4855 4008/4846
f 4006/4855 4010/4844 4020/4848
f 94/4838 4010/4844 4008/4846
f 4008/4846 4009/4842 94/4838
f 4009/4842 96/4839 94/4838
f 4016/4850 4008/4846 4007/4857
f 4006/4855 42/4862 4007/4857
f 4008/4846 4006/4855 4007/4857
f 4930/3980 4025/3972 4964/3991
f 4005/3931 46/3928 75/3930
f 4005/3931 75/3930 4040/3934
f 96/4839 4028/4847 4037/4843
f 94/4838 95/4840 4036/4841
f 4002/4717 2379/4714 2408/4718
f 4011/4852 3959/4873 4003/4866
f 4004/3617 4402/3647 3964/3659
f 3960/4885 4034/4874 4003/4866
f 4001/3638 3999/3661 4002/3672
f 2380/4705 2379/4714 3999/4706
f 2274/4701 2380/4705 3966/4691
f 3964/4909 3960/4885 3958/4884
f 4000/3650 4004/3617 3964/3659
f 3999/3661 4000/3650 3694/3671
f 3694/4696 3974/4700 3999/4706
f 3693/3673 3964/3659 3998/3678
f 3693/3673 3998/3678 3957/3681
f 3976/1697 3977/1710 4416/1673
f 85/1805 3952/1820 3994/1834
f 3951/1785 3946/1808 3997/1767
f 3996/1747 3997/1767 3979/1735
f 2451/1734 3996/1747 3976/1697
f 3941/1839 3953/1850 3933/1825
f 3996/1747 3979/1735 3976/1697
f 3983/1809 3933/1825 3949/1786
f 3996/1747 3993/1807 3951/1785
f 3951/1785 3997/1767 3996/1747
f 85/1805 3993/1807 3996/1747
f 3995/1764 3996/1747 2234/1720
f 3994/1834 3953/1850 87/1845
f 3950/1823 3993/1807 85/1805
f 87/1845 85/1805 3994/1834
f 3944/1824 3951/1785 3950/1823
f 3951/1785 3993/1807 3950/1823
f 3946/1808 3948/1768 3997/1767
f 3948/1768 3983/1809 3949/1786
f 3949/1786 3978/1749 3948/1768
f 3983/1809 3946/1808 3947/1838
f 3946/1808 3944/1824 3947/1838
f 3946/1808 3951/1785 3944/1824
f 3945/1848 3944/1824 3950/1823
f 3992/6651 3944/6652 3945/6649
f 3950/6646 85/6643 86/6645
f 3932/1859 3943/1886 3939/1876
f 3943/1886 3932/1859 5318/1891
f 3936/3896 3943/3915 5320/3921
f 49/3873 3938/3886 3937/3878
f 3941/6650 3992/6651 3942/6648
f 3941/6650 3942/6648 3929/6647
f 3692/6573 3985/6574 3930/6575
f 3938/3886 3692/3894 3940/3903
f 3692/3894 3931/3914 3940/3903
f 3939/1876 3940/1861 3932/1859
f 3939/3904 3938/3886 3940/3903
f 3932/1859 1486/1867 5316/1874
f 3938/3886 3939/3904 3936/3896
f 3936/3896 3937/3878 3938/3886
f 5324/3895 3936/3896 5325/3913
f 3934/3872 3935/3884 49/3873
f 3930/1840 3949/1786 3933/1825
f 3940/1861 3933/1825 3932/1859
f 1514/1847 3932/1859 1613/1835
f 3932/1859 1514/1847 1486/1867
f 3931/1851 3930/1840 3933/1825
f 3930/6575 3931/6576 3692/6573
f 3932/1859 3933/1825 1613/1835
f 86/6645 87/6644 3929/6647
f 86/6645 3929/6647 3942/6648
f 3953/1850 3929/1860 87/1845
f 1485/1783 1613/1835 3952/1820
f 3994/1834 3933/1825 3953/1850
f 1613/1835 3994/1834 3952/1820
f 3835/3574 3834/3557 3889/3567
f 3745/6353 3928/6349 3810/6344
f 3739/6356 3810/6344 4969/6355
f 1083/3596 3835/3574 40/3585
f 3836/3538 22/3546 3834/3557
f 3927/4540 3922/4550 3773/4548
f 3717/3623 3926/3656 3776/3625
f 3806/3643 3699/3666 3714/3644
f 3714/3644 3698/3676 3720/3667
f 3812/5969 3925/5963 3924/5960
f 4140/5980 3823/5979 4135/5983
f 3718/781 3923/778 89/774
f 3697/777 89/774 90/776
f 4547/4561 3767/4547 4674/4567
f 3881/4555 3922/4550 3767/4547
f 60/3452 58/3454 3892/3455
f 3838/3457 58/3454 59/3453
f 4470/3497 4476/3496 4469/3513
f 3890/4854 88/4876 3891/4868
f 67/4752 68/4754 4237/4755
f 40/3585 3889/3567 39/3587
f 3708/3838 80/3834 3867/3842
f 3820/5987 3759/5985 4101/5978
f 3921/3600 3803/3599 3717/3623
f 3921/3600 3777/3624 3775/3603
f 30/6031 4483/6041 33/6040
f 4269/3867 3981/3877 3934/3872
f 77/1624 4390/1631 3660/1633
f 4488/4856 3888/4870 4496/4863
f 40/3585 3920/3621 1085/3609
f 3919/3456 59/3453 60/3452
f 3918/3516 3842/3501 3854/3498
f 3918/3516 3874/3507 4342/3526
f 3917/5508 60/5511 3892/5514
f 14/3545 3916/3525 16/3534
f 4516/6663 4343/6662 4521/6665
f 3915/3472 3785/3483 3914/3477
f 3853/3487 3912/3475 3855/3486
f 3831/5519 3793/5522 3858/5526
f 3793/5522 3911/5530 3858/5526
f 3785/3483 3915/3472 3847/3482
f 3795/3502 3785/3483 3817/3493
f 3814/3562 4139/3553 3894/3542
f 3846/3492 3848/3481 3853/3487
f 3842/3501 3846/3492 3853/3487
f 3839/3476 3912/3475 3853/3487
f 3837/3461 3852/3471 3915/3472
f 3791/5536 4318/5542 3911/5530
f 3910/5964 3924/5960 4314/5953
f 3795/3502 3818/3510 3910/3520
f 3795/3502 3910/3520 3909/3512
f 3803/3599 3921/3600 3897/3576
f 4240/3866 4238/3849 4232/3865
f 4240/3866 3907/3871 3906/3858
f 3905/960 3904/977 4130/991
f 3804/3558 3903/3547 3836/3538
f 3903/3547 3804/3558 3786/3568
f 3901/857 4146/858 3902/843
f 3811/3613 3868/3588 3900/3598
f 3749/31 3750/14 4111/32
f 4680/4586 3899/4578 4681/4583
f 3899/4578 3778/4584 3769/4571
f 4654/841 3898/849 4682/856
f 3897/3576 3786/3568 3804/3558
f 3804/3558 3870/3589 3897/3576
f 3869/3612 3811/3613 3803/3599
f 3752/6504 3746/6509 3896/6501
f 3746/6509 3740/6505 3896/6501
f 3752/3578 3895/3590 3746/3602
f 3752/6504 4103/6500 3771/6510
f 4313/5956 3924/5960 3925/5963
f 3789/3529 3894/3542 3893/3521
f 4681/4583 3879/4562 4683/4581
f 3824/5982 3823/5979 4101/5978
f 3822/6840 3821/6841 3820/6842
f 3807/4544 3762/4560 3821/4557
f 3822/4564 4081/4553 3821/4557
f 3820/6842 3819/6843 3822/6840
f 3822/810 4078/792 4079/800
f 3782/3532 3818/3510 3790/3511
f 3817/3493 3796/3500 3790/3511
f 3818/3510 3817/3493 3790/3511
f 3815/6327 8/6322 9/6318
f 3815/4600 4279/4597 3816/4598
f 3814/3562 3786/3568 4109/3580
f 3788/3550 3786/3568 3814/3562
f 3813/240 84/200 4134/239
f 2933/886 3901/857 2823/877
f 3812/4570 3772/4558 3925/4575
f 3812/4570 3783/4565 3772/4558
f 3811/3613 3144/3655 3806/3643
f 4974/6348 3734/6337 4975/6347
f 4043/784 4044/788 4958/794
f 4070/6262 56/6258 4069/6266
f 3808/4437 4070/4442 3809/4435
f 3809/4435 3727/4433 3808/4437
f 3808/4437 4099/4439 3748/4448
f 3887/4887 4490/4893 3888/4870
f 3887/4887 3888/4870 4495/4867
f 4477/3522 16/3534 4469/3513
f 3886/3592 3883/3569 3885/3581
f 3885/3581 3882/3563 4474/3564
f 3883/3569 3884/3593 4354/3583
f 3891/4868 41/4861 3890/4854
f 3882/3563 3885/3581 3883/3569
f 3922/4550 3881/4555 3879/4562
f 3881/4555 3880/4568 3879/4562
f 3884/3593 3883/3569 3886/3592
f 14/3545 4473/3544 3916/3525
f 6/3490 4/3505 4500/3515
f 4476/3496 6/3490 73/3504
f 4908/6758 3877/6757 4976/6760
f 3873/6759 3878/6762 3877/6757
f 4497/3549 3882/3563 3883/3569
f 3875/4387 4292/4373 3876/4381
f 3874/3507 3918/3516 3854/3498
f 3872/3479 4329/3469 3873/3478
f 3871/4343 3861/4346 4331/4338
f 3877/6757 3878/6762 4910/6763
f 3873/3478 4466/3489 3872/3479
f 3869/3612 3870/3589 3868/3588
f 3850/3575 3900/3598 3868/3588
f 3804/3558 3850/3575 3868/3588
f 3870/3589 3804/3558 3868/3588
f 4462/287 4267/250 4221/249
f 3908/190 4253/210 4525/232
f 4462/287 4459/270 4460/229
f 5294/3868 3937/3878 5323/3885
f 4419/1698 4396/1723 4397/1699
f 50/3862 3934/3872 49/3873
f 3867/3842 50/3862 5295/3854
f 3708/3838 3867/3842 5326/3847
f 4269/3867 4201/3863 4411/3876
f 3935/3884 3934/3872 3980/3883
f 4555/1816 4426/1796 4566/1832
f 4207/52 3866/68 3865/40
f 85/1805 1485/1783 3952/1820
f 85/1805 3996/1747 1485/1783
f 3953/1850 3941/1839 3929/1860
f 4000/3650 3999/3661 4001/3638
f 3999/4706 2379/4714 4002/4717
f 4005/3931 4013/3940 4019/3935
f 40/3585 38/3610 3920/3621
f 1085/3698 3328/3685 1100/3693
f 4004/3617 4356/3628 27/3605
f 3864/3582 28/3606 39/3587
f 3835/3574 3889/3567 40/3585
f 39/3587 4337/3572 3864/3582
f 3862/6667 4343/6662 3863/6664
f 22/3546 4337/3572 3889/3567
f 1083/3596 40/3585 1085/3609
f 1393/3597 3835/3574 1083/3596
f 4938/4351 3860/4349 4939/4357
f 3861/4346 3871/4343 3860/4349
f 3911/5530 3793/5522 3791/5536
f 3875/4387 3757/4402 3756/4404
f 3836/3538 3903/3547 4325/3527
f 3859/3464 3838/3457 3849/3460
f 3863/6664 4344/6669 3862/6667
f 3858/5526 3857/5527 3831/5519
f 4573/5538 3856/5535 4677/5547
f 4106/4418 4140/4403 4137/4408
f 3855/3486 3854/3498 3853/3487
f 3854/3498 3855/3486 3874/3507
f 3852/3471 3839/3476 3848/3481
f 3152/3594 3851/3573 3141/3584
f 3801/3595 4284/3608 3850/3575
f 4332/3459 3849/3460 59/3453
f 4329/3469 4332/3459 4328/3474
f 3892/5514 3830/5516 3917/5508
f 3849/3460 3838/3457 59/3453
f 3838/3457 3859/3464 3840/3465
f 3847/3482 3852/3471 3848/3481
f 3848/3481 3846/3492 3847/3482
f 3846/3492 3845/3508 3796/3500
f 3854/3498 3842/3501 3853/3487
f 3846/3492 3843/3509 3845/3508
f 3844/3519 3843/3509 3842/3501
f 3846/3492 3842/3501 3843/3509
f 4334/4350 3871/4343 4348/4347
f 3832/5525 3833/5524 3841/5533
f 3841/5533 4294/5529 3832/5525
f 3914/3477 3841/3484 3833/3466
f 3839/3476 3852/3471 3840/3465
f 58/3454 3838/3457 3837/3461
f 3839/3476 3840/3465 3912/3475
f 3838/3457 3840/3465 3837/3461
f 4311/4365 4334/4350 4310/4359
f 4324/3530 3844/3519 4350/3531
f 3834/3557 3805/3566 3836/3538
f 3832/5525 3793/5522 3830/5516
f 3834/3557 3835/3574 3156/3586
f 3141/3584 3834/3557 3156/3586
f 24/145 4254/166 3908/190
f 3834/3557 3141/3584 3851/3573
f 3787/3548 4316/3551 4350/3531
f 3828/5521 3833/5524 3832/5525
f 3793/5522 3831/5519 3830/5516
f 3830/5516 3828/5521 3832/5525
f 3829/5518 3828/5521 3830/5516
f 3825/5974 3827/5968 3826/5976
f 3826/4582 4281/4585 3825/4588
f 3779/4587 4281/4585 3769/4571
f 4305/4353 4334/4350 4308/4361
f 3856/5535 3857/5527 3858/5526
f 4596/5546 3913/5537 4678/5553
f 3844/3519 3845/3508 3843/3509
f 3830/5516 3831/5519 4330/5515
f 3773/4548 3761/4554 3807/4544
f 3927/4540 3773/4548 3807/4544
f 4280/4594 3825/4588 3779/4587
f 3144/3655 3811/3613 1077/3641
f 3817/3493 3847/3482 3796/3500
f 3817/3493 3818/3510 3795/3502
f 3145/3665 3806/3643 3144/3655
f 3811/3613 4284/3608 4285/3632
f 3804/3558 3836/3538 3805/3566
f 3850/3575 3804/3558 3805/3566
f 3717/3623 3803/3599 3723/3634
f 3717/3623 3777/3624 3921/3600
f 1077/3641 4285/3632 3802/3620
f 1266/3619 3802/3620 3801/3595
f 3850/3575 3851/3573 3801/3595
f 3800/3540 3789/3529 3799/3518
f 4324/3530 4316/3551 3800/3540
f 3798/4371 3797/4364 4308/4361
f 3798/4371 4309/4376 4323/4382
f 4322/4377 3797/4364 3798/4371
f 3829/3462 3892/3455 4321/3458
f 3829/5518 3833/5524 3828/5521
f 4320/4389 4322/4377 4319/4388
f 4276/4411 3780/4405 4277/4394
f 3796/3500 3799/3518 3789/3529
f 4280/6333 4279/6325 4584/6332
f 3785/3483 3795/3502 3794/3494
f 4315/4399 4320/4389 4317/4398
f 3793/5522 4294/5529 3792/5534
f 3792/5534 3791/5536 3793/5522
f 3792/5534 4304/5543 3791/5536
f 3754/3533 3783/3541 3790/3511
f 3789/3529 3893/3521 3796/3500
f 3789/3529 3788/3550 3894/3542
f 3789/3529 3800/3540 3788/3550
f 3787/3548 3786/3568 3788/3550
f 3794/3494 3795/3502 3909/3512
f 3784/3488 3914/3477 3785/3483
f 3794/6583 4287/6578 4288/6582
f 3921/3600 3775/3603 4108/3579
f 3783/3541 3782/3532 3790/3511
f 3754/3533 3755/3552 3783/3541
f 3754/3533 3893/3521 3894/3542
f 3783/4565 3812/4570 3782/4576
f 3781/4407 3780/4405 4546/4417
f 3780/4405 3781/4407 4272/4400
f 3785/3483 3794/3494 3784/3488
f 4313/5956 4283/5959 4300/5954
f 3779/4587 3778/4584 4605/4590
f 3776/3625 3775/3603 3777/3624
f 3775/3603 3774/3615 4105/3591
f 3773/4548 3772/4558 3783/4565
f 3754/3533 4139/3553 3771/3561
f 3879/4562 3880/4568 4676/4574
f 3811/3613 3869/3612 3868/3588
f 3719/3626 3724/3614 3736/3604
f 3870/3589 3803/3599 3897/3576
f 4282/5967 3826/5976 3827/5968
f 3778/4584 3779/4587 3769/4571
f 3773/4548 3922/4550 3772/4558
f 3769/4571 3826/4582 3770/4577
f 3770/4577 3772/4558 3769/4571
f 3816/4598 4278/4601 3815/4600
f 4610/4596 3779/4587 4688/4592
f 3743/4412 3701/4424 3768/4419
f 3701/4424 3704/4429 3768/4419
f 4271/4386 4277/4394 4272/4400
f 3766/6260 3765/6270 4690/6269
f 3728/6276 3733/6280 3765/6270
f 3763/6507 3764/6503 3742/6499
f 3762/4560 3761/4554 3763/4559
f 3762/5992 3760/5988 3759/5985
f 3751/3570 4139/3553 3725/3577
f 3743/4412 4137/4408 4138/4395
f 4950/6514 3739/6511 4971/6515
f 3757/4402 3705/4409 4979/4414
f 3756/4404 3757/4402 4980/4413
f 3753/3560 3755/3552 3754/3533
f 3751/3570 3895/3590 3752/3578
f 3754/3533 3771/3561 3753/3560
f 3742/6499 3760/6513 3763/6507
f 4273/4393 3875/4387 3876/4381
f 3752/3578 3771/3561 3751/3570
f 3923/778 3718/781 4074/787
f 4545/291 4184/277 4608/309
f 4110/19 3750/14 62/3
f 2947/67 4206/27 3122/53
f 3721/826 3713/813 3712/825
f 4241/4757 68/4754 69/4753
f 3906/3858 3907/3871 4213/3869
f 3711/3874 3710/3870 4200/3855
f 4222/3879 4242/3887 4213/3869
f 4227/4764 4228/4756 81/4759
f 5313/3846 3708/3838 5328/3850
f 4243/3880 3711/3874 4213/3869
f 4214/4768 4215/4772 4216/4763
f 3866/68 4263/87 3865/40
f 3710/3870 3711/3874 4613/3882
f 4247/104 4234/126 4199/83
f 4192/152 4193/132 4191/175
f 4197/66 4198/51 4199/83
f 4187/26 4198/51 4186/39
f 4186/39 4197/66 4196/84
f 4195/88 4194/111 4190/69
f 4189/6 4117/12 62/3
f 3707/6338 3697/6345 4048/6346
f 3705/5990 4136/5986 3706/5989
f 3701/4424 3702/4432 3704/4429
f 3702/4432 3700/4431 3703/4436
f 3701/4424 3700/4431 3702/4432
f 4124/216 84/200 3813/240
f 4097/848 4180/871 4178/864
f 4093/846 3716/854 4084/862
f 4097/848 4098/851 4182/865
f 4650/874 4088/866 4655/883
f 4064/814 4046/797 4096/819
f 4156/908 4157/900 4155/912
f 2920/959 3904/977 3905/960
f 3902/843 4098/851 4090/828
f 2980/21 3750/14 3749/31
f 4112/30 4110/19 4117/12
f 3732/6264 55/6259 3748/6267
f 3697/777 3718/781 89/774
f 1/855 2/873 4088/866
f 3902/843 4085/847 3901/857
f 3696/6350 3928/6349 3745/6353
f 3747/6360 3724/6357 3696/6350
f 3746/6359 3747/6360 3696/6350
f 3810/6344 3739/6356 3745/6353
f 3696/6350 3745/6353 3746/6359
f 3764/4566 3763/4559 3773/4548
f 3764/4566 3755/4569 3753/4579
f 3764/6503 4103/6500 3742/6499
f 3743/6555 3744/6551 3735/6557
f 3741/6502 3742/6499 3896/6501
f 3705/6512 3706/6506 3741/6502
f 3741/6502 3740/6505 3739/6511
f 3737/798 4066/815 3738/806
f 3824/5982 4136/5986 3823/5979
f 3706/6506 3742/6499 3741/6502
f 3725/3577 4105/3591 3736/3604
f 3701/4424 3735/4428 3700/4431
f 3735/4428 3701/4424 3743/4412
f 3729/6341 3707/6338 3734/6337
f 3765/6270 3733/6280 4646/6283
f 3733/4447 3703/4436 4100/4445
f 3728/4441 3703/4436 3733/4447
f 3728/6276 3732/6264 3731/6275
f 3767/4547 4091/4551 4647/4556
f 3819/5991 3820/5987 4080/5984
f 4083/3645 3730/3646 3719/3626
f 3734/6337 3810/6344 3729/6341
f 3729/6341 3697/6345 3707/6338
f 3759/5985 3760/5988 3824/5982
f 3762/5992 3820/5987 3821/5994
f 4077/779 91/775 4054/783
f 3776/3625 3774/3615 3775/3603
f 3807/4544 3761/4554 3762/4560
f 3767/4547 3922/4550 3927/4540
f 3703/4436 3700/4431 3758/4440
f 3726/4434 3704/4429 3702/4432
f 3726/4434 3703/4436 3728/4441
f 3732/6264 3748/6267 3731/6275
f 3728/4441 3731/4444 3726/4434
f 3703/4436 3726/4434 3702/4432
f 3726/4434 4099/4439 3727/4433
f 3704/4429 3726/4434 3727/4433
f 3724/3614 3747/3601 3725/3577
f 3806/3643 3145/3665 3699/3666
f 3714/3644 3717/3623 3723/3634
f 4682/856 3722/867 4696/875
f 3720/838 3721/826 3715/837
f 4090/828 4096/819 4087/835
f 4043/784 4048/780 90/776
f 3776/3625 3926/3656 4083/3645
f 3725/3577 3736/3604 3724/3614
f 3719/3626 3718/3635 3724/3614
f 3715/3657 3926/3656 3717/3623
f 2766/868 3716/854 3698/861
f 4057/824 4063/831 4058/818
f 3715/3657 3714/3644 3720/3667
f 3715/3657 3717/3623 3714/3644
f 3720/838 4086/832 3721/826
f 4072/5993 4080/5984 4955/5995
f 54/6257 3766/6260 4691/6263
f 3696/6350 3718/6354 3697/6345
f 3697/6345 3729/6341 3696/6350
f 4044/788 4054/783 4078/792
f 3713/813 4058/818 3712/825
f 3737/798 3738/806 4045/791
f 4648/852 3695/844 4698/859
f 3807/4544 4055/4546 4056/4541
f 4067/782 4068/786 91/775
f 91/775 89/774 3923/778
f 3713/813 4046/797 4047/804
f 4066/815 4061/821 4094/829
f 3712/825 4063/831 3715/837
f 4062/6872 4081/6871 4053/6873
f 4962/6265 4694/6271 5279/6277
f 3982/3893 3980/3883 3981/3877
f 3959/4873 4012/4865 3958/4884
f 3957/4707 3998/4704 3956/4699
f 3957/3681 3694/3671 3693/3673
f 45/3941 46/3928 4019/3935
f 3959/4873 3960/4885 4003/4866
f 4002/3672 4042/3662 4001/3638
f 4000/3650 3693/3673 3694/3671
f 3692/3894 3938/3886 49/3873
f 3935/3884 3692/3894 49/3873
f 3933/1825 3983/1809 3941/1839
f 3787/3548 3903/3547 3786/3568
f 3803/3599 3811/3613 3723/3634
f 3739/6356 3740/6358 3745/6353
f 1381/3679 3699/3666 3145/3665
f 1393/3597 3156/3586 3835/3574
f 3714/3644 3723/3634 3806/3643
f 3698/861 1379/879 2766/868
f 3917/5508 3919/5510 60/5511
f 3708/3838 3709/3841 82/3835
f 3776/3625 3777/3624 3717/3623
f 3719/3626 3730/3646 3718/3635
f 3743/6555 3781/6552 3744/6551
f 3698/861 3716/854 3720/838
f 903/1905 2293/1906 1376/1907
f 2004/6092 2014/6093 1801/6094
f 3271/4067 3268/4079 3269/4066
f 2151/6810 3691/6811 2417/6812
f 2414/6813 3691/6811 2151/6810
f 3099/3801 3101/3793 1047/3778
f 1342/2712 720/2713 1328/2714
f 1754/5776 1769/5777 1745/5778
f 2364/2887 2306/2888 2313/2889
f 2306/2888 2316/2892 2313/2889
f 3000/504 3064/518 3001/537
f 3454/4451 3668/4452 3441/4453
f 3628/1683 2490/1670 3625/1656
f 1580/2561 1555/2562 1610/2563
f 3394/2021 2066/2004 2036/2014
f 2084/2003 2036/2014 2066/2004
f 3572/594 3608/632 1246/621
f 1993/5226 1928/5227 1997/5228
f 1095/2833 3302/2862 3435/2834
f 1523/2466 2436/2467 1608/2468
f 1991/5385 1964/5386 1955/5387
f 3603/5189 3604/5190 120/5191
f 1437/6469 3600/6470 3599/6471
f 1516/2052 1720/2055 1506/2034
f 1978/5143 1892/5144 2445/5145
f 1890/2083 2445/2084 1892/2085
f 3043/122 3046/219 3513/202
f 3512/220 3513/202 3046/219
f 1148/595 3490/590 3491/567
f 292/2843 3201/2840 3211/2855
f 1152/5745 3395/5746 2134/5747
f 3211/2265 294/2246 292/2271
f 1415/2312 2030/2313 1165/2314
f 1868/5789 1769/5777 1414/5784
f 2039/2213 2190/2224 2091/2197
f 3076/561 3075/575 3072/562
f 3478/5923 3542/5924 1156/5925
f 3478/5923 3612/5927 3542/5924
f 1144/5766 3399/5756 2047/5764
f 3303/3714 3258/3726 3231/3724
f 2510/1009 2521/983 2513/997
f 1996/5250 1917/5258 2021/5261
f 2452/5267 2021/5261 1917/5258
f 3171/6298 3170/6299 3166/6300
f 2633/1473 153/1472 2802/1460
f 2953/138 2955/184 3069/204
f 433/1388 2631/1415 2669/1389
f 2670/1402 2669/1389 2631/1415
f 3164/4216 186/4217 3094/4218
f 312/4221 3094/4218 186/4217
f 1406/5998 1054/5999 1184/6000
f 1343/4229 3085/4222 3094/4218
f 1029/1156 1031/1155 958/1131
f 2770/6432 2771/6433 1357/6434
f 1357/6434 2771/6433 2769/6436
f 3137/6288 1432/6289 3142/6290
f 1402/4289 953/4286 1023/4279
f 1339/1433 2609/1419 813/1404
f 2848/588 3068/547 3678/573
f 3132/435 3681/455 3106/424
f 3133/449 3132/435 2964/421
f 1074/6003 1406/5998 1407/6001
f 1275/4275 948/4267 952/4280
f 3169/6301 3167/6304 3679/6309
f 2508/1113 798/1083 955/1084
f 3282/3007 3288/2991 3285/3022
f 126/620 3607/631 3572/594
f 3333/4736 3349/4729 3359/4733
f 3305/2907 3299/2908 1111/2926
f 1138/2248 1120/2223 2455/2222
f 2844/586 3678/573 2856/560
f 1496/4111 1462/4112 1474/4113
f 3235/3028 3246/3043 3245/3057
f 3391/478 3517/461 3541/474
f 2260/1961 2263/1948 2295/1946
f 3639/124 2944/110 3041/64
f 3112/457 3533/428 3026/442
f 3409/5217 3414/5210 3555/5215
f 2386/3932 76/3929 46/3928
f 2447/2458 1109/2463 1153/2447
f 2108/3246 2476/3247 2478/3248
f 2181/3251 2478/3248 2476/3247
f 1994/5242 2443/5249 1990/5256
f 3638/103 3036/142 3033/163
f 3654/227 3689/268 3636/255
f 1437/6469 3602/6477 3601/6473
f 1314/555 3684/542 3564/556
f 937/6450 2772/6451 940/6452
f 2913/995 2789/994 2790/1016
f 3132/435 3133/449 3681/455
f 3210/3319 3431/3331 3196/3346
f 2959/316 2594/317 2685/352
f 2885/4299 2585/4300 2847/4301
f 2850/1302 2578/1253 2640/1284
f 823/1035 2511/996 1340/1021
f 3518/406 3687/429 3516/445
f 2386/3932 46/3928 47/3936
f 2342/4723 2276/4715 2281/4720
f 2424/3049 922/3035 920/3004
f 1319/6770 3439/6771 2251/6772
f 1316/608 3572/594 1246/621
f 909/6362 2242/6363 2426/6364
f 3677/34 2940/35 2939/9
f 2945/24 2939/9 2940/35
f 1252/582 3564/556 3530/569
f 3537/444 3547/462 3559/427
f 3651/1659 3655/1639 3690/1646
f 3664/1644 3624/1664 3622/1665
f 3213/6149 1306/6150 3219/6151
f 3464/282 3509/311 3453/332
f 2016/4512 2292/4521 1698/4513
f 1687/2676 1676/2669 1686/2647
f 2281/4720 2381/4727 2342/4723
f 2248/4473 2448/4476 2230/4480
f 3407/6526 2030/6527 2031/6528
f 3685/1650 3670/1634 3666/1649
f 3583/4978 1317/4979 1254/4980
f 3119/60 3123/23 3120/62
f 79/1625 3656/1628 3671/1632
f 3637/228 3633/243 3689/268
f 3632/285 3624/328 3665/308
f 3632/285 3636/255 3689/268
f 3674/168 3034/193 2943/147
f 3635/211 3686/194 2943/147
f 3663/1640 3661/1629 3671/1632
f 3667/1681 3645/1695 3672/1671
f 3645/1695 3617/1684 3672/1671
f 911/2428 1163/2442 913/2437
f 3672/1671 3617/1684 3685/1650
f 3570/4996 3566/5008 3567/5011
f 3617/1684 3591/1685 3685/1650
f 2409/3063 922/3035 2424/3049
f 3595/4525 3593/4519 3592/4516
f 835/4126 728/4121 1481/4130
f 3549/581 3489/593 1149/583
f 1495/2409 3602/2414 1435/2403
f 2070/1962 2178/1968 2147/1940
f 1176/522 3524/486 3526/521
f 2078/2079 1492/2066 558/2074
f 1518/2059 558/2074 1492/2066
f 3611/492 3553/512 3537/444
f 3553/512 3546/508 3537/444
f 3537/444 3680/477 3611/492
f 3684/542 1314/555 3551/530
f 3606/654 3607/631 125/643
f 3544/476 3559/427 3547/462
f 2118/4921 1129/4922 3388/4923
f 3525/536 3568/550 3528/564
f 3472/5944 2473/5948 3494/5939
f 3403/5772 3404/5768 3647/5774
f 3404/5768 3403/5772 3558/5770
f 3527/511 3611/492 3531/460
f 3551/530 3527/511 3684/542
f 3004/519 2995/549 2993/534
f 227/666 3610/669 3606/654
f 3078/80 3125/101 3115/121
f 3018/226 991/266 3046/219
f 3470/1799 3467/1778 3434/1798
f 3395/5746 2435/5753 2462/5752
f 3688/3198 1833/3176 1831/3207
f 1960/5422 3688/5423 1831/5421
f 1960/3186 1833/3176 3688/3198
f 3487/4455 3668/4452 3454/4451
f 3587/4987 3586/4997 5332/5002
f 3687/429 3518/406 3535/404
f 2311/2905 3682/2915 2346/2914
f 2311/2905 2346/2914 2309/2917
f 3108/408 3131/384 2963/383
f 3021/295 3631/296 3118/281
f 3462/1801 3450/1780 3456/1760
f 3010/264 3009/320 3536/302
f 2421/2932 2309/2917 2346/2914
f 1833/3176 1934/3197 1831/3207
f 3635/211 3653/235 3636/255
f 2217/2555 2212/2552 1700/2549
f 1777/3149 1800/3174 1833/3176
f 3389/495 1173/464 3391/478
f 3447/6180 3449/6181 1263/6182
f 3445/6184 3449/6181 3447/6180
f 3687/429 3559/427 3517/461
f 2479/2941 2345/2923 2414/2954
f 3418/5205 1500/5209 3413/5208
f 2181/3251 2456/3256 2478/3248
f 3405/509 3522/528 3544/476
f 3404/5768 1144/5766 2047/5764
f 3536/302 3521/342 3561/321
f 3388/4923 1127/4926 1136/4931
f 2454/4954 901/4955 894/4947
f 1225/3367 3195/3374 3196/3346
f 2377/2928 2368/2909 2376/2935
f 2487/4524 772/4527 2232/4534
f 2457/2235 1135/2231 1309/2253
f 2314/2913 2305/2897 2320/2912
f 2151/6122 2417/6123 2412/6124
f 3283/3083 3342/3100 3384/3113
f 901/4955 2454/4954 777/4962
f 3241/2946 3298/2918 2374/2933
f 3426/3330 3431/3331 3387/3309
f 2192/4928 2118/4921 3430/4933
f 2103/3343 2124/3328 870/3341
f 3312/2930 3305/2907 1111/2926
f 1429/2741 1221/2752 3203/2765
f 3283/3083 3290/3066 3342/3100
f 3281/2977 3337/3025 3238/3009
f 3337/3025 3336/3027 3238/3009
f 1306/3204 3213/3184 3192/3192
f 2458/3077 2409/3063 2424/3049
f 2595/1087 2751/1072 995/1100
f 2346/6915 3682/6916 2312/6917
f 3356/4734 3359/4733 2344/4722
f 3459/396 3668/419 3487/397
f 2477/3304 2058/3294 3398/3286
f 2334/4730 2344/4722 2342/4723
f 3176/3796 3180/3803 3200/3814
f 3240/2947 3300/2934 3298/2918
f 3324/3703 3306/3716 3307/3711
f 789/1919 2285/1928 2418/1923
f 3321/4039 1308/4018 3322/4030
f 3307/3711 3304/3708 3324/3703
f 3332/3702 3304/3708 1108/3707
f 3257/4052 3374/4048 3262/4043
f 3376/4003 3377/3985 3372/4012
f 3317/4016 3376/4003 3266/4015
f 2335/4739 1308/4747 2389/4744
f 3316/4005 3376/4003 3317/4016
f 3381/3152 3230/3177 3380/3164
f 3251/4038 3221/4044 3272/4049
f 3243/3024 3287/3023 1114/2992
f 3331/3687 1265/3688 3683/3684
f 3259/4064 3327/4060 3272/4049
f 3327/4060 3335/4050 3272/4049
f 2448/1996 3334/1995 2441/1980
f 3222/3101 3294/3084 3249/3067
f 3675/3783 3101/3793 2822/3800
f 4990/4062 3267/4053 4991/4058
f 722/2716 1282/2726 721/2720
f 3096/6795 1170/6796 3084/6797
f 761/3169 3168/3200 1185/3191
f 1297/6161 3348/6154 3220/6157
f 1434/2787 3245/2802 1300/2771
f 3015/247 3114/245 3128/222
f 3107/456 3070/472 2997/485
f 3113/182 3127/137 2975/183
f 3429/4927 3430/4933 2118/4921
f 1202/2734 717/2756 1300/2771
f 2494/3070 3386/3104 1290/3087
f 3386/3104 1117/3131 1291/3089
f 3169/3212 3679/3211 1289/3193
f 3216/3166 762/3156 3213/3184
f 3227/4088 3226/4081 3191/4084
f 3247/2984 3236/3014 3232/2983
f 3373/4004 3347/4006 3366/3988
f 1279/2788 1212/2841 3165/2824
f 3143/6291 3139/6293 3149/6297
f 3095/4223 3081/4241 3165/4242
f 998/2745 3084/2775 1170/2760
f 3679/3211 3168/3200 1289/3193
f 3172/6308 3176/6303 3170/6299
f 762/3156 3216/3166 1305/3130
f 3183/4091 3227/4088 3161/4092
f 3169/6301 3171/6298 3166/6300
f 3171/6298 1288/6305 1200/6306
f 3642/1666 3669/1657 3643/1669
f 2779/1064 2799/1044 962/1073
f 3444/4498 1162/4493 3470/4503
f 982/1031 2877/1046 2919/1017
f 3076/561 3072/562 3073/533
f 3105/441 3071/440 1270/412
f 3522/528 3403/539 3392/524
f 2890/4607 965/4608 2621/4609
f 2884/4611 3029/4616 965/4608
f 1358/4621 3029/4616 2884/4611
f 3681/455 3134/473 3105/441
f 3536/302 3561/321 3019/265
f 2253/4475 2221/4478 2254/4482
f 3520/358 3111/357 3534/392
f 1269/425 3681/455 3105/441
f 3611/492 3680/477 3531/460
f 3027/416 3533/428 3102/405
f 3534/392 3111/357 3102/405
f 3112/457 3531/460 3533/428
f 3519/394 3535/404 3518/406
f 3070/472 2991/499 2997/485
f 2989/520 2997/485 2991/499
f 1697/4508 2487/4524 2236/4518
f 2628/634 2630/623 2617/622
f 2983/565 1411/577 2999/551
f 3068/547 2852/574 3076/561
f 3535/404 3538/414 3559/427
f 195/1475 2798/1450 2802/1460
f 2939/9 2945/24 2950/15
f 3638/103 3041/64 2942/63
f 2938/4 1368/8 61/1
f 2832/4630 2882/4638 2833/4646
f 3673/1660 3626/1648 2490/1670
f 3016/267 3015/247 3110/244
f 3067/498 2967/469 2855/515
f 3149/3663 3139/3653 3138/3630
f 1076/3631 1266/3619 3152/3594
f 2898/1004 2922/987 2924/1014
f 1361/1105 2532/1137 2795/1124
f 2909/58 2925/96 2899/115
f 2527/1110 2533/1130 2912/1096
f 1370/156 2816/179 2862/201
f 3067/498 2854/532 3068/547
f 3077/301 3110/244 2957/284
f 3040/47 3677/34 3123/23
f 2873/1136 2868/1148 2976/1162
f 2954/159 2956/205 2955/184
f 2808/4647 2806/4650 2807/4662
f 3119/60 3040/47 3123/23
f 2965/411 2843/439 2973/454
f 3104/402 3007/389 3005/355
f 3678/573 2844/586 2851/601
f 2995/549 3072/562 3075/575
f 2567/369 1365/399 1363/368
f 2972/451 2967/469 3066/438
f 2974/422 1366/409 2559/437
f 1330/4311 2797/4313 2796/4317
f 2666/1305 2893/1322 2861/1287
f 3110/244 2975/183 2977/224
f 1211/2805 3084/2775 997/2774
f 2540/979 2786/1007 2789/994
f 2927/935 986/911 2930/914
f 2909/58 2979/75 2903/45
f 1367/33 2905/79 3124/61
f 3043/122 3038/136 3042/123
f 3124/61 3079/48 1367/33
f 1367/33 2982/22 2903/45
f 2895/950 2928/936 987/946
f 2621/4609 2815/4610 2890/4607
f 3114/245 3113/182 3128/222
f 2834/1077 2962/1091 981/1063
f 2877/1046 982/1031 2817/1062
f 2535/1163 2971/1177 2782/1149
f 3083/2776 3096/2757 3084/2775
f 1356/6441 943/6445 1071/6444
f 1183/2858 1059/2844 3098/2830
f 3098/2830 1284/2793 3135/2847
f 1284/2793 3098/2830 3087/2811
f 1048/3769 1047/3778 3675/3783
f 1354/6437 1355/6446 1405/6443
f 2741/1070 2747/1024 1349/1054
f 2739/6886 2760/6887 2773/6888
f 3101/3793 3099/3801 2821/3809
f 2579/1225 2580/1195 2694/1200
f 1061/5341 2760/5342 2761/5343
f 2752/1056 799/1027 931/1040
f 2741/6798 2743/6799 932/6800
f 1061/5341 741/5345 2760/5342
f 2837/953 2792/980 2913/995
f 2712/6536 1391/6537 1033/6538
f 1033/6538 1034/6539 2712/6536
f 960/1132 958/1131 1031/1155
f 2706/4292 1403/4288 2735/4285
f 2526/1139 2528/1151 2714/1166
f 2511/996 2729/1020 2510/1009
f 2640/1284 2656/1340 2654/1318
f 2850/1302 2640/1284 2654/1318
f 1276/2723 1342/2712 1209/2718
f 1065/2777 1392/2747 3091/2746
f 930/6012 2768/6008 923/6015
f 2804/1323 2666/1305 2647/1286
f 2654/1318 2660/1341 2646/1285
f 2967/469 2978/497 2855/515
f 2549/1361 2887/1343 2622/1378
f 2622/1378 2887/1343 2644/1344
f 3676/1480 2577/1464 2547/1429
f 2832/4320 2800/4322 2797/4313
f 2594/317 2592/353 2685/352
f 2575/516 2855/515 2978/497
f 978/4669 3129/4676 977/4677
f 2616/658 2846/646 2626/672
f 2696/597 2551/585 3676/610
f 1333/4312 971/4318 969/4316
f 2781/4324 2829/4329 2777/4333
f 2819/1102 2876/1090 2874/1119
f 2883/4305 2885/4299 2892/4302
f 2847/4301 2892/4302 2885/4299
f 2605/1050 2729/1020 2603/1034
f 2975/183 3069/204 2977/224
f 2885/4299 2858/4310 1331/4306
f 2783/4315 1330/4311 2796/4317
f 2859/4619 2881/4636 2882/4638
f 2565/1502 1268/1455 2566/1485
f 2679/4649 2886/4640 1336/4648
f 2527/1110 2529/1081 2525/1108
f 1278/2740 1388/2751 1277/2763
f 1048/3769 3675/3783 1198/3784
f 986/911 2932/934 2931/925
f 4984/5473 2737/5474 4998/5475
f 1404/6009 1407/6001 929/6005
f 3358/4740 3356/4734 3357/4743
f 4404/3968 3371/3987 3365/3967
f 2408/4718 2344/4722 3350/4726
f 3371/3987 4485/3984 3346/3995
f 3375/3996 3370/3975 3377/3985
f 3370/3975 3375/3996 3367/3986
f 3189/4074 3226/4081 1102/4063
f 3316/4005 3255/4022 3347/4006
f 3333/4736 3358/4740 3323/4745
f 3443/4500 2270/4497 2249/4496
f 2324/6804 917/6805 3292/6806
f 2233/4511 2236/4518 3598/4520
f 2236/4518 3650/4530 3598/4520
f 3674/168 2944/110 3033/163
f 3638/103 3033/163 2944/110
f 3671/1632 3656/1628 3659/1638
f 3643/212 3652/195 3644/107
f 3663/1640 3671/1632 3626/1648
f 2229/1982 2299/1966 2301/1975
f 3665/1655 3624/1664 3664/1644
f 3670/1634 3662/1641 3666/1649
f 2432/1715 3485/1704 1264/1728
f 2227/1926 2225/1921 2407/1918
f 3645/1695 3667/1681 2489/1682
f 3446/6183 3461/6186 3596/6190
f 3663/1640 3673/1660 3666/1649
f 3667/1681 3673/1660 2489/1682
f 3619/297 3633/243 3464/282
f 3613/1693 2432/1715 3616/1705
f 3666/1649 3672/1671 3685/1650
f 3671/1632 3664/1644 3625/1656
f 3689/268 3633/243 3632/285
f 3661/1629 3670/1634 78/1626
f 3656/1628 3669/1657 3658/1645
f 79/1625 3661/1629 78/1626
f 3669/1657 3657/1647 3643/1669
f 3438/433 3668/419 3459/396
f 3673/1660 3667/1681 3666/1649
f 3621/1679 3625/1656 3622/1665
f 3634/1658 3665/1655 3659/1638
f 3664/1644 3671/1632 3659/1638
f 3465/1706 3629/1716 3628/1683
f 3619/1703 3627/1692 3621/1679
f 3509/311 3464/282 3631/296
f 3623/343 3632/285 3620/323
f 3462/1801 3455/1759 3454/1800
f 3663/1640 3662/1641 3661/1629
f 3035/162 3637/228 3654/227
f 3654/227 3034/193 3035/162
f 3670/1634 3661/1629 3662/1641
f 3643/1669 3657/1647 3651/1659
f 3660/1633 3656/1628 77/1624
f 79/1625 77/1624 3656/1628
f 3669/1657 3656/1628 3657/1647
f 3690/1646 3655/1639 3660/1633
f 3659/1638 3658/1645 3634/1658
f 3634/1658 3658/1645 3642/1666
f 3657/1647 3655/1639 3651/1659
f 3656/1628 3655/1639 3657/1647
f 3660/1633 3655/1639 3656/1628
f 3636/255 3653/235 3654/227
f 3485/1704 1159/1694 3596/1718
f 1159/1694 3457/1732 3596/1718
f 3669/1657 3642/1666 3658/1645
f 3034/193 3653/235 3635/211
f 3690/1646 3652/1668 3651/1659
f 3652/1668 3643/1669 3651/1659
f 3644/107 3635/211 3643/212
f 3643/212 3635/211 3642/256
f 3644/107 3686/194 3635/211
f 2942/63 3037/118 3638/103
f 3641/169 2943/147 3686/194
f 3635/211 2943/147 3034/193
f 3641/169 3640/128 2943/147
f 2248/4473 2230/4480 2228/4474
f 2944/110 3639/124 3638/103
f 3637/228 3174/203 3633/243
f 3632/285 3634/276 3636/255
f 3034/193 3654/227 3653/235
f 3634/276 3642/256 3635/211
f 3661/1629 79/1625 3671/1632
f 3656/1628 3658/1645 3659/1638
f 3622/1665 3625/1656 3664/1644
f 3634/276 3635/211 3636/255
f 3174/203 3031/221 3633/243
f 3031/221 3630/260 3633/243
f 3630/260 3464/282 3633/243
f 3633/243 3619/297 3632/285
f 3619/1703 3465/1706 3627/1692
f 3021/295 3515/331 3631/296
f 3031/221 3512/220 990/259
f 3049/140 3078/80 3115/121
f 3630/260 3118/281 3631/296
f 3046/219 3047/206 3018/226
f 3463/1707 3628/1683 3629/1716
f 3463/1707 1159/1694 3628/1683
f 3627/1692 3628/1683 3625/1656
f 3627/1692 3465/1706 3628/1683
f 1159/1694 3485/1704 2490/1670
f 3659/1638 3665/1655 3664/1644
f 3625/1656 2490/1670 3626/1648
f 3632/285 3623/343 3624/328
f 3624/1664 3623/1690 3622/1665
f 3629/1716 3465/1706 3463/1707
f 3625/1656 3621/1679 3627/1692
f 3622/1665 3620/1691 3621/1679
f 3619/1703 3621/1679 3620/1691
f 3620/1691 3622/1665 3623/1690
f 3671/1632 3625/1656 3626/1648
f 3663/1640 3626/1648 3673/1660
f 2230/1990 2448/1996 2441/1980
f 3618/1708 3616/1705 3614/1729
f 3616/1705 3618/1708 3617/1684
f 3562/381 3452/382 3510/350
f 3595/1763 3597/1746 3615/1719
f 2432/1715 3466/1743 3614/1729
f 3437/4459 3458/4464 3450/4461
f 3584/4982 3582/4986 3571/4991
f 2490/1670 3485/1704 3613/1693
f 3579/5020 3576/5018 3574/5017
f 3612/5927 3481/5929 3542/5924
f 3061/552 3064/518 2994/548
f 3615/1719 3597/1746 3589/1733
f 1512/1880 1513/1872 1468/1866
f 2269/4492 2254/4482 2268/4487
f 2056/2417 2263/2423 2061/2420
f 2233/4511 3598/4520 3592/4516
f 2249/4496 2270/4497 2268/4487
f 2239/1784 1484/1806 2382/1766
f 3589/4536 3597/4531 3650/4530
f 1710/4170 1711/4171 1702/4161
f 3648/1696 3649/1672 3591/1685
f 3649/1672 3685/1650 3591/1685
f 1264/1728 3485/1704 1263/1742
f 2441/1980 3334/1995 2406/1988
f 3591/1685 3617/1684 3618/1708
f 3618/1708 3615/1719 3591/1685
f 3589/1733 2237/1765 2240/1748
f 3614/1729 3615/1719 3618/1708
f 3595/1763 3646/1762 3476/1804
f 3403/6731 3647/6732 2449/6733
f 3594/1782 3476/1804 3646/1762
f 3646/1762 3615/1719 3539/1745
f 3617/1684 3645/1695 3616/1705
f 3645/1695 2489/1682 3616/1705
f 2489/1682 3613/1693 3616/1705
f 3539/1745 3594/1782 3646/1762
f 3614/1729 3466/1743 3539/1745
f 1476/4114 727/4118 1537/4122
f 3597/4531 3595/4525 3598/4520
f 3506/6697 2273/6698 3507/6699
f 3451/1744 3446/1761 3596/1718
f 3443/4500 2261/4509 3475/4505
f 2233/4511 2250/4506 2231/4502
f 3595/4525 3560/4515 3593/4519
f 1485/1783 2382/1766 1484/1806
f 3469/4501 3475/4505 3594/4510
f 2234/1720 3591/1685 3589/1733
f 3592/4516 3593/4519 2250/4506
f 3615/1719 3589/1733 3591/1685
f 3476/4514 2261/4509 3560/4515
f 3476/4514 3560/4515 3595/4525
f 3615/1719 3646/1762 3595/1763
f 3590/1709 3591/1685 2234/1720
f 3589/4536 3650/4530 2236/4518
f 3588/4150 1482/4135 1479/4143
f 3588/4150 2235/4159 1482/4135
f 1479/1856 1478/1837 2235/1836
f 3498/2455 2405/2448 2484/2439
f 1255/4983 3587/4987 5333/4994
f 1377/1909 2293/1906 2287/1911
f 1630/4174 1497/4165 1256/4154
f 3586/4997 3575/4992 5334/5005
f 3566/5008 3570/4996 3585/4995
f 1248/4148 3566/4158 3585/4142
f 2426/6679 2326/6680 3496/6681
f 1252/582 3572/594 1316/608
f 3582/4986 3584/4982 3583/4978
f 3583/4978 3581/4985 3582/4986
f 1161/4491 3475/4505 3469/4501
f 3443/4500 3475/4505 1161/4491
f 792/4123 3580/4125 725/4115
f 3581/4134 726/4120 1247/4129
f 726/4120 3580/4125 1247/4129
f 1463/1895 1473/1903 1511/1900
f 726/4981 3583/4978 1254/4980
f 3571/4991 3575/4992 3584/4982
f 3584/4982 3587/4987 1317/4979
f 3583/4978 3584/4982 1317/4979
f 3581/4985 3583/4978 726/4981
f 3582/4986 3585/4995 3570/4996
f 3581/4985 3585/4995 3582/4986
f 3587/4987 3584/4982 3575/4992
f 3586/4997 3587/4987 3575/4992
f 3577/4204 1228/4186 5341/4208
f 1250/609 2440/616 1253/591
f 1247/4129 3585/4142 3581/4134
f 3608/632 3609/644 1246/621
f 1313/568 1149/583 3550/557
f 700/6219 734/6220 122/6221
f 3551/530 3611/492 3527/511
f 3530/569 1412/576 702/603
f 226/696 3604/683 3610/669
f 1435/6375 3602/6376 1437/6377
f 3572/594 3607/631 3608/632
f 1237/657 3609/644 3610/669
f 3605/655 3610/669 3609/644
f 3605/655 3608/632 3607/631
f 3606/654 3605/655 3607/631
f 3609/644 3608/632 3605/655
f 3409/618 3489/593 2437/592
f 1494/5192 3603/5189 1495/5193
f 1439/6472 232/6476 1444/6480
f 1242/668 2428/656 1246/621
f 723/2361 1241/2379 1243/2378
f 1450/2385 1452/2401 1240/2391
f 1240/2391 1452/2401 1451/2404
f 3603/6481 120/6482 3601/6473
f 3600/6470 701/6474 3599/6471
f 2034/5214 3417/5220 3411/5218
f 2462/5752 2435/5753 3397/5758
f 1452/5200 2428/5201 1235/5197
f 3605/655 3606/654 3610/669
f 1445/2050 1490/2045 1454/2040
f 1449/5206 2463/5203 1450/5204
f 3546/508 3401/526 3400/491
f 1237/657 3610/669 3604/683
f 3604/5190 1494/5192 1236/5194
f 1494/5192 3604/5190 3603/5189
f 3413/5208 1500/5209 1459/5211
f 1495/6905 3603/6906 3602/6907
f 3603/6481 3601/6473 3602/6477
f 1444/6480 217/6485 5343/6488
f 3530/569 3564/556 3527/511
f 118/6478 3600/6470 3601/6473
f 3600/6226 118/6230 734/6220
f 877/6384 1492/6394 2078/6396
f 212/747 701/762 3600/758
f 1233/6223 734/6220 700/6219
f 3600/6226 734/6220 1233/6223
f 1231/6486 1443/6484 5345/6491
f 1439/6472 3599/6471 232/6476
f 1437/6469 3599/6471 1439/6472
f 1633/2001 1632/2012 1420/2020
f 3549/581 1149/583 1313/568
f 3061/552 2994/548 3075/575
f 702/603 1411/577 271/605
f 126/620 3572/594 702/603
f 3032/391 1270/412 2992/426
f 3000/504 3107/456 3064/518
f 3413/5208 3416/5207 3418/5205
f 3574/4195 3577/4204 3579/4211
f 3578/5022 3576/5018 3579/5020
f 3571/4991 3569/5004 5350/5010
f 3107/456 2992/426 3071/440
f 3576/5018 3578/5022 5352/5023
f 3480/417 3518/406 1174/431
f 5353/4215 3577/4204 5355/4214
f 3577/4204 3578/4213 3579/4211
f 3573/4175 1228/4186 3574/4195
f 3569/5004 3576/5018 5348/5016
f 3576/5018 3569/5004 3574/5017
f 1226/4167 1257/4188 1229/4176
f 3575/4992 3571/4991 5351/5003
f 1227/4155 1229/4176 1228/4186
f 3565/4166 1227/4155 3573/4175
f 3574/4195 3567/4178 3573/4175
f 3572/594 1252/582 3530/569
f 702/603 3572/594 3530/569
f 3574/5017 3569/5004 3567/5011
f 3571/4991 3570/4996 3569/5004
f 3002/563 3568/550 3000/504
f 3570/4996 3567/5011 3569/5004
f 1227/4155 1228/4186 3573/4175
f 3565/4166 3567/4178 3566/4158
f 3565/4166 3566/4158 1248/4148
f 3573/4175 3567/4178 3565/4166
f 3564/556 1253/591 2439/580
f 1253/591 1180/606 2439/580
f 3553/512 3552/543 3545/538
f 143/589 2983/565 145/604
f 1253/591 2440/616 1180/606
f 1182/629 1180/606 2440/616
f 1435/6375 1437/6377 842/6378
f 3529/541 2988/523 1176/522
f 3529/541 3526/521 3525/536
f 3520/358 3521/342 3536/302
f 3109/388 3059/372 3052/385
f 3550/557 3552/543 3551/530
f 3489/593 3549/581 1314/555
f 3399/5756 1146/5754 3548/5760
f 3406/5748 1146/5754 3399/5756
f 3400/491 3537/444 3546/508
f 3538/414 3533/428 3531/460
f 3547/462 3402/490 3544/476
f 3545/538 3546/508 3553/512
f 3545/538 3491/567 2430/553
f 3540/489 3544/476 3543/510
f 3112/457 2986/458 2987/487
f 3531/460 3680/477 3537/444
f 3542/2452 1315/2441 1177/2446
f 3532/415 3538/414 3534/392
f 3540/489 3523/506 3541/474
f 2988/523 3527/511 3531/460
f 3502/5946 3501/5947 3495/5941
f 3539/1745 3469/1803 3594/1782
f 3559/427 3538/414 3537/444
f 3536/302 3022/341 3111/357
f 3533/428 3027/416 3026/442
f 3687/429 3535/404 3559/427
f 3535/404 3519/394 3520/358
f 3538/414 3535/404 3534/392
f 3520/358 3534/392 3535/404
f 3391/478 3523/506 3392/524
f 3533/428 3538/414 3532/415
f 3102/405 3532/415 3534/392
f 3023/356 3032/391 3051/375
f 3531/460 2987/487 1175/505
f 3025/413 3024/443 2986/458
f 3532/415 3102/405 3533/428
f 1412/576 3530/569 3528/564
f 3568/550 3002/563 3528/564
f 1412/576 3528/564 3002/563
f 3527/511 3529/541 3525/536
f 3527/511 3525/536 3528/564
f 3107/456 3524/486 2985/459
f 3527/511 2988/523 3529/541
f 3000/504 3526/521 3524/486
f 3568/550 3525/536 3000/504
f 3525/536 3526/521 3000/504
f 3524/486 3107/456 3000/504
f 3524/486 1176/522 2984/488
f 3531/460 3112/457 2987/487
f 3392/524 3523/506 3522/528
f 3514/359 3521/342 3520/358
f 3514/359 3519/394 3518/406
f 3477/5928 3482/5931 3478/5923
f 3013/390 3032/391 3023/356
f 3517/461 3516/445 3687/429
f 3020/303 3511/322 3515/331
f 2079/2319 2029/2317 2032/2323
f 3460/376 3511/322 3514/359
f 3030/158 3513/202 3512/220
f 1173/464 2482/493 3500/463
f 2539/998 2510/1009 2728/1022
f 722/2716 3088/2719 3090/2724
f 3096/2757 3086/2737 1171/2727
f 3018/226 3017/246 3019/265
f 3019/265 3511/322 3020/303
f 990/259 3021/295 3118/281
f 1164/6195 3444/6198 3434/6194
f 3510/350 3509/311 3486/349
f 3486/349 3509/311 3515/331
f 3511/322 3486/349 3515/331
f 3539/1745 3467/1778 3470/1799
f 3116/141 3115/121 3125/101
f 3452/1730 3455/1759 3457/1732
f 3452/382 3563/365 3510/350
f 3455/1759 3452/1730 3562/1779
f 3486/349 3511/322 3460/376
f 1172/446 3500/463 3479/430
f 3510/350 3486/349 3562/381
f 3510/350 3563/365 3453/332
f 3511/322 3019/265 3561/321
f 3484/418 3479/430 3474/447
f 3562/1779 3487/1818 3454/1800
f 3668/4452 3438/4456 3441/4453
f 3516/445 3517/461 1174/431
f 2328/2981 2358/3012 2442/2996
f 3561/321 3514/359 3511/322
f 3483/395 3518/406 3480/417
f 3468/5942 3494/5939 2486/5945
f 1150/6715 2062/6716 3390/6717
f 3518/406 3483/395 3514/359
f 3504/5933 3481/5929 3482/5931
f 3459/396 2469/407 3504/420
f 2261/4509 2250/4506 3560/4515
f 894/4947 901/4955 2120/4952
f 3395/5746 1152/5745 3406/5748
f 3541/474 3517/461 3559/427
f 3516/445 1174/431 3518/406
f 2059/2852 3508/2863 2330/2869
f 2273/5935 3542/5924 3507/5932
f 1174/431 1172/446 3480/417
f 3473/5936 3507/5932 2468/5934
f 3419/3313 3207/3337 3208/3326
f 3544/476 3402/490 3405/509
f 2079/2029 2033/2036 2206/2030
f 3404/5768 2449/5773 3647/5774
f 3396/6861 3406/6862 2435/6863
f 3522/528 3523/506 3543/510
f 3481/5929 2468/5934 3507/5932
f 3402/490 3547/462 3554/475
f 3554/475 2460/507 3402/490
f 3559/427 3544/476 3540/489
f 3551/530 1313/568 3550/557
f 3520/358 3536/302 3111/357
f 3405/509 1144/529 3558/540
f 3417/5220 2034/5214 3557/5222
f 1147/2336 889/2326 3557/2343
f 3408/5223 1148/5225 3488/5224
f 2030/6587 3407/6588 2065/6589
f 1314/555 2437/592 3489/593
f 3556/5216 3411/5218 3555/5215
f 2034/5214 3411/5218 3556/5216
f 2439/580 2437/592 1314/555
f 902/2382 2047/2396 3548/2389
f 3412/5213 3556/5216 3555/5215
f 2034/5214 3556/5216 3412/5213
f 3401/526 2430/553 2462/554
f 3499/465 3479/430 3500/463
f 2460/507 3554/475 3400/491
f 3552/543 3550/557 3491/567
f 3547/462 3537/444 3554/475
f 3400/491 3554/475 3537/444
f 3401/526 3545/538 2430/553
f 3553/512 3611/492 3551/530
f 3552/543 3553/512 3551/530
f 3401/526 3546/508 3545/538
f 3409/5217 3555/5215 3411/5218
f 1417/584 3550/557 1149/583
f 3460/376 3483/395 2469/407
f 3486/349 3459/396 3487/397
f 3485/1704 3596/1718 3461/1731
f 3437/4459 3440/4467 3458/4464
f 3483/395 3484/418 2469/407
f 3433/6189 3440/6191 1157/6193
f 3483/395 3479/430 3484/418
f 3459/396 3482/434 3477/448
f 3481/5929 3478/5923 3482/5931
f 3480/417 3479/430 3483/395
f 3477/5928 3478/5923 2251/5926
f 2427/4458 3343/4457 3441/4453
f 3477/5928 2251/5926 3439/5930
f 3477/448 3438/433 3459/396
f 2261/4509 3476/4514 3475/4505
f 3479/430 3480/417 1172/446
f 3434/1798 3467/1778 1262/1758
f 3473/466 2468/432 3474/447
f 3472/6686 2472/6683 2473/6688
f 3539/1745 3466/1743 3467/1778
f 2244/6702 2266/6701 3471/6700
f 3470/1799 3469/1803 3539/1745
f 3470/4503 1162/4493 3469/4501
f 2474/6704 2244/6702 3468/6703
f 1261/1741 3467/1778 3466/1743
f 1169/2785 3421/2817 3435/2834
f 2275/4716 2404/4710 2281/4720
f 3451/1744 3596/1718 3457/1732
f 3463/333 3453/332 1160/364
f 3465/312 3464/282 3463/333
f 3442/1819 3450/1780 3462/1801
f 3446/6183 1263/6182 3461/6186
f 3486/349 3460/376 3459/396
f 3445/6790 3458/6791 3440/6792
f 3486/349 3487/397 3562/381
f 3433/6189 1262/6188 3448/6185
f 3456/1760 3451/1744 3457/1732
f 3462/1801 3456/1760 3455/1759
f 3462/1801 3454/1800 3442/1819
f 3455/1759 3456/1760 3457/1732
f 3037/118 3030/158 3175/181
f 3174/203 3175/181 3030/158
f 1160/364 3453/332 3452/382
f 3453/332 3563/365 3452/382
f 3452/1730 3457/1732 1159/1694
f 3450/4461 3442/4454 3437/4459
f 3451/1744 3456/1760 3450/1780
f 3445/1781 3451/1744 3450/1780
f 3485/1704 3461/1731 1263/1742
f 3450/6794 3458/6791 3445/6790
f 1263/6182 3449/6181 3448/6185
f 3446/6183 3447/6180 1263/6182
f 3446/1761 3445/1781 3447/1802
f 1312/4488 1164/4489 1310/4479
f 3444/4498 1164/4489 1312/4488
f 915/2903 2282/2896 3305/2907
f 3451/1744 3445/1781 3446/1761
f 1161/4491 2269/4492 3443/4500
f 2254/4482 2269/4492 1161/4491
f 3441/4453 3343/4457 3442/4454
f 1157/6193 3440/6191 1154/6196
f 3440/4467 3437/4459 1154/4465
f 2251/5926 3478/5923 1156/5925
f 3477/448 3439/467 3438/433
f 3437/4459 3436/4462 1154/4465
f 2378/4463 1154/4465 3436/4462
f 3295/2962 2467/2978 3291/2951
f 1302/2818 3435/2834 2329/2851
f 1094/2798 3421/2817 1169/2785
f 1843/3019 1681/3048 1849/3031
f 3297/2906 2465/2900 2375/2890
f 3291/2951 2466/2995 2324/2979
f 1164/6195 3434/6194 3433/6189
f 2313/2889 2310/2893 2375/2890
f 3250/3086 3341/3069 3274/3056
f 3508/2863 1302/2818 2329/2851
f 2426/6364 3492/6365 909/6362
f 3398/3286 2122/3278 2123/3269
f 2477/2836 3425/2800 1302/2818
f 2465/2900 3297/2906 2321/2916
f 3438/4456 2427/4458 3441/4453
f 3438/433 3439/467 2427/480
f 1163/2442 2484/2439 2405/2448
f 3442/4454 3343/4457 3437/4459
f 3343/4457 2378/4463 3436/4462
f 2266/2444 2255/2438 2273/2443
f 3343/4457 3436/4462 3437/4459
f 3594/4510 3475/4505 3476/4514
f 3502/6682 3496/6681 2326/6680
f 3471/6700 3506/6697 3507/6699
f 2266/6701 3506/6697 3471/6700
f 3389/495 2482/493 1173/464
f 3505/6187 3449/6181 3445/6184
f 3440/6792 3505/6793 3445/6790
f 3505/6187 3433/6189 3449/6181
f 3481/5929 3504/5933 2468/5934
f 3434/1798 1262/1758 3503/1817
f 3503/6192 1262/6188 3433/6189
f 3433/6189 3434/6194 3503/6192
f 3505/6187 3440/6191 3433/6189
f 2468/432 3484/418 3474/447
f 3468/6703 2244/6702 3471/6700
f 2220/4471 1155/4469 2378/4463
f 2472/6683 2243/6687 2473/6688
f 3494/5939 2473/5948 2486/5945
f 3517/461 3391/478 1174/431
f 2472/6683 3501/6684 3502/6682
f 3495/5941 3501/5947 3472/5944
f 3389/6374 2045/6373 2481/6369
f 3494/5939 3468/5942 3471/5937
f 2426/6364 3496/6368 2483/6366
f 3492/6365 2426/6364 2483/6366
f 2483/6366 3496/6368 3500/6370
f 3495/5941 3472/5944 3494/5939
f 3471/5937 3507/5932 3473/5936
f 3499/465 3500/463 3496/494
f 3481/5929 3507/5932 3542/5924
f 3499/465 3497/479 3474/447
f 3498/1981 2484/1973 2296/1964
f 3496/494 3497/479 3499/465
f 2266/6701 2273/6698 3506/6697
f 3474/447 3497/479 3473/466
f 1151/2352 2068/2338 882/2358
f 3496/5943 3493/5938 3497/5940
f 3496/5943 3495/5941 3493/5938
f 3495/5941 3494/5939 3493/5938
f 3493/5938 3494/5939 3471/5937
f 3471/5937 3473/5936 3493/5938
f 3493/5938 3473/5936 3497/5940
f 1310/4479 1155/4469 2253/4475
f 1258/2402 2053/2410 907/2416
f 3502/6682 2326/6680 2472/6683
f 2481/6369 2045/6373 2043/6371
f 2044/6367 3492/6365 2483/6366
f 2044/6367 2483/6366 2481/6369
f 2252/2434 911/2428 913/2437
f 2431/5757 2462/5752 2430/5761
f 2193/1998 2084/2003 2066/2004
f 2444/5749 2134/5747 3395/5746
f 1149/583 3489/593 3488/619
f 3490/6531 2072/6529 1179/6533
f 3490/590 1179/579 3491/567
f 3550/557 1417/584 3491/567
f 1179/6533 2072/6529 2080/6532
f 3490/6531 3407/6526 2072/6529
f 1178/2353 2028/2339 2134/2359
f 1508/2366 3418/2371 1449/2373
f 3488/619 3489/593 3410/630
f 889/6592 2065/6589 3408/6591
f 3417/6593 889/6592 3408/6591
f 3414/5210 3409/5217 2438/5219
f 2429/5202 2463/5203 3418/5205
f 2463/5203 1449/5206 3418/5205
f 3417/5220 3408/5223 3410/5221
f 3416/641 1182/629 2429/640
f 3414/5210 3416/5207 3413/5208
f 2444/5749 3395/5746 2462/5752
f 1181/6818 3416/6819 3414/6820
f 3414/5210 3413/5208 3415/5212
f 3416/5207 2429/5202 3418/5205
f 3415/5212 3412/5213 3414/5210
f 3555/5215 3414/5210 3412/5213
f 3412/5213 3415/5212 3413/5208
f 3412/5213 3413/5208 1459/5211
f 2034/5214 3412/5213 1459/5211
f 2434/5759 3406/5748 3399/5756
f 3409/5217 3411/5218 3410/5221
f 3417/5220 3410/5221 3411/5218
f 3408/628 3407/615 1148/595
f 2199/2241 1422/2249 2190/2224
f 1258/2402 2050/2386 2052/2405
f 3406/5748 1152/5745 1145/5751
f 3522/528 3405/509 3403/539
f 1258/2402 2040/2388 2050/2386
f 2046/5769 2038/5771 3404/5768
f 3405/509 3402/490 1144/529
f 3393/6734 3392/6736 3403/6731
f 3402/490 2460/507 1142/525
f 3400/491 3401/526 3397/527
f 3401/526 2462/554 3397/527
f 3399/5756 1144/5766 1143/5763
f 2123/3269 2485/3293 3398/3286
f 3397/527 2460/507 3400/491
f 2460/5765 3397/5758 2434/5759
f 3395/5746 3406/5748 3396/5750
f 2055/6735 3393/6734 2449/6733
f 2054/6737 3393/6734 2055/6735
f 2069/2369 884/2368 2048/2357
f 2039/2213 2091/2197 2092/2186
f 2075/2341 3394/2335 2035/2324
f 2075/2015 2066/2004 3394/2021
f 2228/4474 2220/4471 2247/4468
f 2162/3289 1898/3300 2186/3283
f 3390/6738 3393/6734 2054/6737
f 3390/6738 3392/6736 3393/6734
f 3393/6734 3403/6731 2449/6733
f 3389/6720 2062/6716 2045/6721
f 3392/524 3390/513 3391/478
f 3389/495 3391/478 3390/513
f 3389/6720 3390/6717 2062/6716
f 2175/1927 2148/1922 2461/1935
f 2362/6415 2363/6416 2323/6417
f 2054/2406 2042/2407 1150/2412
f 3390/6717 2054/6718 1150/6715
f 2068/2338 2087/2351 2048/2357
f 1140/2871 1139/2860 2199/2866
f 2067/1992 2074/2009 1501/2010
f 2128/2172 892/2196 2092/2186
f 1410/2254 1309/2253 3211/2265
f 2201/2170 2128/2172 784/2139
f 1422/2876 2199/2866 1134/2859
f 2118/4921 3388/4923 1125/4924
f 2457/2235 2198/2210 1293/2232
f 1138/2248 2457/2235 1410/2254
f 2142/2885 1422/2876 1136/2880
f 2135/3308 3387/3309 1126/3279
f 766/4937 2192/4928 3430/4933
f 1128/4930 2129/4945 1137/4941
f 3432/4936 3429/4927 3422/4932
f 2111/3272 2283/3280 2114/3266
f 2135/3308 766/3329 3427/3345
f 1124/2868 3388/2879 1136/2880
f 1124/2868 1136/2880 1422/2876
f 1904/5148 1729/5152 1977/5146
f 2445/5145 1904/5148 1977/5146
f 2104/3342 1304/3344 765/3318
f 2058/3294 2121/3270 3398/3286
f 2373/2942 2374/2933 2302/2924
f 3210/3319 3387/3309 3431/3331
f 3425/2800 2485/2835 1122/2799
f 3420/3277 2123/3269 875/3263
f 3232/2983 3234/2969 1112/2945
f 3424/3284 886/3268 1126/3279
f 3432/3356 3426/3330 3430/3355
f 3429/4927 3432/4936 3430/4933
f 1127/4926 3388/4923 1129/4922
f 2110/3271 2115/3259 2171/3264
f 1133/3314 3428/3338 3194/3352
f 1126/3279 3387/3309 1131/3296
f 3426/3330 3432/3356 3431/3331
f 3432/3356 3193/3357 3431/3331
f 3430/3355 3427/3345 766/3329
f 1125/2877 3388/2879 1124/2868
f 1125/4924 3422/4932 3429/4927
f 3196/3346 3428/3338 3210/3319
f 3427/3345 3426/3330 2135/3308
f 886/3268 3424/3284 2116/3276
f 3423/3302 3209/3291 2116/3276
f 2116/3276 3424/3284 1132/3292
f 3425/2800 1168/2769 1169/2785
f 1126/3279 1131/3296 3424/3284
f 2116/3276 1132/3292 3423/3302
f 3208/3326 3423/3302 3419/3313
f 1132/3292 3419/3313 3423/3302
f 1219/3303 3209/3291 3423/3302
f 3423/3302 3208/3326 1219/3303
f 1097/2832 1299/2815 3247/2850
f 1168/2769 3425/2800 1122/2799
f 2123/3269 3420/3277 1122/3285
f 3193/2861 3422/2867 1123/2849
f 3207/2783 3205/2766 3208/2795
f 1095/2833 3421/2817 1094/2798
f 3209/3291 3420/3277 2116/3276
f 1222/3351 3207/3337 1133/3314
f 3193/4942 3432/4936 3422/4932
f 1131/3296 3387/3309 3210/3319
f 1133/3314 3207/3337 3419/3313
f 1293/2232 2198/2210 683/2202
f 1408/2823 2475/2848 1139/2860
f 893/4938 2100/4944 2105/4935
f 897/3295 895/3317 765/3318
f 2397/3071 2352/3105 2458/3077
f 2454/4954 2453/4958 777/4962
f 2349/2987 2339/3015 2399/3029
f 2446/2960 2425/2990 770/2975
f 1103/4054 3374/4048 3257/4052
f 2401/3030 2471/3059 2494/3070
f 2494/3070 2471/3059 3284/3088
f 1117/3131 3386/3104 3383/3128
f 3386/3104 2494/3070 3284/3088
f 3284/3088 3283/3083 3386/3104
f 3369/3933 2402/3937 3363/3944
f 4027/3945 3369/3933 3363/3944
f 3383/3128 3380/3164 3379/3154
f 3339/3115 3382/3143 3384/3113
f 3380/3164 3230/3177 3385/3187
f 3386/3104 3283/3083 3383/3128
f 3295/2962 3278/2938 1113/2961
f 3383/3128 3283/3083 3384/3113
f 3383/3128 3381/3152 3380/3164
f 3325/4071 3329/4055 3314/4065
f 3355/3712 3313/3720 3306/3716
f 1102/4063 3269/4066 3189/4074
f 3342/3100 3339/3115 3384/3113
f 3339/3115 3217/3144 3229/3153
f 3276/3114 3217/3144 3339/3115
f 3339/3115 3229/3153 3382/3143
f 3375/3996 3316/4005 3367/3986
f 3383/3128 3382/3143 3381/3152
f 3381/3152 3228/3178 3230/3177
f 3229/3153 3381/3152 3382/3143
f 3384/3113 3382/3143 3383/3128
f 3383/3128 3379/3154 1117/3131
f 3293/3039 3338/3040 3249/3067
f 3379/3154 3380/3164 4999/3179
f 3228/6174 1298/6165 3230/6169
f 3218/6152 3348/6154 3215/6155
f 3218/6152 3219/6151 3348/6154
f 2349/2987 1303/3001 1373/2949
f 3302/2956 2373/2942 2371/2967
f 2399/3029 2396/3058 2347/3045
f 3266/4015 3320/4027 3317/4016
f 3340/4017 2388/3998 3347/4006
f 3344/4011 3346/3995 3345/4014
f 2394/3976 3366/3988 3368/3997
f 3345/4014 3319/4020 3344/4011
f 3345/4014 3378/4009 4919/4019
f 3377/3985 3370/3975 3361/3958
f 3377/3985 3376/4003 3375/3996
f 3372/4012 3266/4015 3376/4003
f 3319/4020 3345/4014 5004/4025
f 3347/4006 3253/4028 3261/4023
f 3345/4014 3346/3995 3378/4009
f 3319/4020 3266/4015 3372/4012
f 3372/6518 3344/6519 3319/6520
f 3374/4048 3221/4044 3260/4037
f 3344/6519 3372/6518 3371/6521
f 3272/4049 3335/4050 3263/4045
f 3366/3988 3367/3986 3373/4004
f 3316/4005 3373/4004 3367/3986
f 3349/4729 3352/4741 4361/4742
f 3372/6518 3377/6523 3361/6522
f 3371/6521 3361/6522 3365/6524
f 2384/3942 2400/3959 2391/3949
f 3368/3997 3366/3988 3347/4006
f 3361/6522 3371/6521 3372/6518
f 3371/3987 3346/3995 3344/4011
f 3361/3958 3370/3975 3362/3966
f 3375/3996 3376/4003 3316/4005
f 2392/3978 2395/3989 2383/3999
f 2395/3989 2392/3978 2390/3961
f 2402/3937 3369/3933 76/3929
f 2388/3998 3368/3997 3347/4006
f 2388/3998 1308/4018 2335/4007
f 3362/3966 3367/3986 3366/3988
f 2394/3976 3362/3966 3366/3988
f 2394/3976 2400/3959 3362/3966
f 2392/3978 2393/3969 2390/3961
f 3361/6522 2385/6525 3365/6524
f 2403/4713 3364/4708 3363/4712
f 2402/3937 2403/3952 3363/3944
f 76/3929 2386/3932 2402/3937
f 3362/3966 2384/3942 3361/3958
f 2385/3948 3360/3950 3365/3967
f 2386/3932 2391/3949 2279/3943
f 3264/3699 3265/3697 3331/3687
f 3326/4748 3358/4740 3357/4743
f 2388/3998 3340/4017 1308/4018
f 3357/4743 3329/4749 3326/4748
f 751/3733 3231/3724 3258/3726
f 3325/4071 3355/4078 3353/4083
f 3325/4071 3314/4065 3355/4078
f 2403/3952 2402/3937 2387/3951
f 3333/4736 3359/4733 3358/4740
f 2344/4722 2334/4730 3356/4734
f 2464/2894 3299/2908 3305/2907
f 3282/3007 3295/2962 3288/2991
f 1084/3701 3264/3699 3332/3702
f 3325/4750 3354/4751 3323/4745
f 1307/4738 3321/4746 3357/4743
f 1307/4738 3357/4743 3356/4734
f 2422/4703 3364/4708 2403/4713
f 1082/3730 999/3740 3153/3732
f 3312/2930 1111/2926 3309/2944
f 3324/3703 3354/3709 3355/3712
f 3354/3709 3353/3717 3355/3712
f 3359/4733 3356/4734 3358/4740
f 2427/6774 3439/6771 1319/6770
f 3333/3700 3330/3696 3352/3692
f 3351/3683 3352/3692 3331/3687
f 3358/4740 3326/4748 3323/4745
f 3349/4729 3350/4726 2344/4722
f 2344/4722 3359/4733 3349/4729
f 3314/4065 3313/4077 3355/4078
f 3293/3039 3285/3022 3289/3008
f 3246/3043 3235/3028 3236/3014
f 1114/2992 3287/3023 3289/3008
f 1115/2920 3312/2930 3296/2937
f 3312/6653 3309/6654 3310/6655
f 3296/2937 3310/3010 3311/2993
f 3292/6806 917/6805 1116/6808
f 3298/2918 3242/2958 3240/2947
f 3308/6657 3310/6655 3309/6654
f 2277/4724 2381/4727 2281/4720
f 2371/2967 2331/2982 3302/2956
f 3302/2956 2374/2933 2373/2942
f 3303/3714 3307/3711 3306/3716
f 3258/3726 3303/3714 3306/3716
f 3305/2907 3312/2930 1115/2920
f 1115/2920 915/2903 3305/2907
f 1108/3707 3304/3708 3303/3714
f 3243/3024 1114/2992 3238/3009
f 3237/3042 3239/3026 3233/2999
f 3298/2918 3241/2946 3242/2958
f 2375/2890 2364/2887 2313/2889
f 3302/2862 2329/2851 3435/2834
f 3241/2946 2374/2933 1095/2957
f 1112/2945 3247/2984 3232/2983
f 1111/2926 3299/2908 3301/2927
f 3301/2927 3299/2908 3298/2918
f 3300/2934 1112/2945 3301/2927
f 3299/2908 2465/2900 3298/2918
f 2465/2900 2321/2916 3298/2918
f 2415/2931 2341/2939 2149/2952
f 2321/2916 3297/2906 2304/2899
f 2415/2931 2314/2913 2320/2912
f 2291/2974 863/2988 2446/2960
f 3278/2938 3296/2937 1113/2961
f 1115/2920 3296/2937 3278/2938
f 3278/2938 3295/2962 3291/2951
f 2317/6421 2350/6429 2319/6426
f 1116/2921 917/2911 915/2903
f 3295/2962 3282/3007 2350/2994
f 2337/2986 2398/2973 2351/3000
f 2467/2978 3295/2962 2350/2994
f 2319/6426 2351/6430 2398/6431
f 3293/3039 3294/3084 3290/3066
f 2337/2986 2351/3000 2491/3016
f 3282/3007 2491/3016 2350/2994
f 3291/2951 3292/2963 1116/2921
f 3280/3038 3286/3055 3290/3066
f 2364/2887 2375/2890 2464/2894
f 2282/2896 2364/2887 2464/2894
f 1113/2961 3289/3008 3288/2991
f 3237/3042 3287/3023 3243/3024
f 3285/3022 3286/3055 3280/3038
f 3283/3083 3284/3088 3280/3038
f 3284/3088 2471/3059 3280/3038
f 3280/3038 3279/3041 3282/3007
f 1114/2992 3281/2977 3238/3009
f 2470/3044 3279/3041 3280/3038
f 3282/3007 3279/3041 2491/3016
f 2470/3044 2491/3016 3279/3041
f 3278/2938 3291/2951 1116/2921
f 2318/6419 2376/6427 2368/6423
f 3282/3007 3285/3022 3280/3038
f 2492/6163 3215/6155 1298/6165
f 1298/6165 3224/6172 2492/6163
f 2378/4463 3343/4457 1110/4460
f 3293/3039 3286/3055 3285/3022
f 3294/3084 3342/3100 3290/3066
f 3237/3042 3341/3069 3248/3068
f 3340/4017 3252/4029 3322/4030
f 3308/6657 3336/6659 3310/6655
f 3252/4029 3340/4017 3261/4023
f 1433/2819 3275/2821 1434/2787
f 3294/3084 3222/3101 3276/3114
f 3342/3100 3294/3084 3339/3115
f 3339/3115 3294/3084 3276/3114
f 3216/6164 3214/6158 2493/6168
f 3245/3057 3275/3085 3274/3056
f 3215/6155 3348/6154 1297/6161
f 3237/3042 3248/3068 3338/3040
f 3338/3040 3293/3039 3289/3008
f 3281/2977 3296/2937 3311/2993
f 1113/2961 3296/2937 3281/2977
f 3289/3008 3287/3023 3338/3040
f 3237/3042 3338/3040 3287/3023
f 1104/4059 3259/4064 3272/4049
f 3281/2977 3311/2993 3310/3010
f 3309/2944 1112/2945 3234/2969
f 3234/6658 3308/6657 3309/6654
f 3336/3027 3337/3025 3310/3010
f 3337/3025 3281/2977 3310/3010
f 3274/3056 3235/3028 3245/3057
f 1112/2945 3300/2934 3240/2947
f 1097/2971 3247/2984 1112/2945
f 3336/6659 3308/6657 3234/6658
f 3355/3712 3306/3716 3324/3703
f 3238/3009 3336/3027 3234/2969
f 3303/3714 3231/3724 1106/3715
f 3304/3708 3307/3711 3303/3714
f 3245/2802 1434/2787 3275/2821
f 3329/4055 3321/4039 3335/4050
f 3306/3716 3313/3720 3258/3726
f 2297/2454 3334/2464 2447/2458
f 3330/3696 3333/3700 3324/3703
f 3330/3696 3324/3703 3332/3702
f 1108/3707 1084/3701 3332/3702
f 3324/3703 3304/3708 3332/3702
f 3331/3687 3352/3692 3330/3696
f 3264/3699 3331/3687 3330/3696
f 3264/3699 3330/3696 3332/3702
f 3331/3687 3265/3697 1265/3688
f 3351/3683 3331/3687 3683/3684
f 3314/4065 3329/4055 3327/4060
f 1265/3688 3328/3685 3683/3684
f 3325/6925 3353/6926 3354/6927
f 3274/3056 3341/3069 3237/3042
f 3356/4734 2334/4730 1307/4738
f 3258/4070 3313/4077 3314/4065
f 3327/4060 3258/4070 3314/4065
f 3326/4748 3325/4750 3323/4745
f 3323/3705 3354/3709 3324/3703
f 3321/4746 3329/4749 3357/4743
f 3327/4060 3329/4055 3335/4050
f 3263/4045 3322/4030 3252/4029
f 3263/4045 3335/4050 3321/4039
f 4991/4058 3270/4042 5008/4056
f 5009/4041 3320/4027 5010/4034
f 3270/4042 3318/4035 5011/4046
f 3318/4035 3315/4021 3320/4027
f 3217/3144 3276/3114 1305/3130
f 5014/3239 3277/3223 5015/3242
f 3254/4036 3255/4022 3270/4042
f 3318/4035 3270/4042 3255/4022
f 3315/4021 3317/4016 3320/4027
f 5010/4034 3266/4015 5016/4040
f 3255/4022 3315/4021 3318/4035
f 3255/4022 3316/4005 3315/4021
f 3316/4005 3317/4016 3315/4021
f 3266/4015 3319/4020 5013/4026
f 3244/4068 1102/4063 3185/4075
f 1100/3693 3265/3697 3264/3699
f 3251/4038 3272/4049 3263/4045
f 3161/4092 3191/4084 3190/4089
f 3221/4044 3251/4038 3261/4023
f 3253/4028 3262/4043 3260/4037
f 3261/4023 3260/4037 3221/4044
f 3258/4070 3327/4060 3259/4064
f 3259/4064 1287/4069 3258/4070
f 3225/4057 3257/4052 3256/4047
f 3220/6157 3348/6154 3219/6151
f 3253/4028 3255/4022 3254/4036
f 3255/4022 3253/4028 3347/4006
f 3252/4029 3251/4038 3263/4045
f 3251/4038 3252/4029 3261/4023
f 3248/3068 3250/3086 3223/3102
f 3223/3102 3249/3067 3248/3068
f 3236/2853 3247/2850 1301/2822
f 3246/2838 3236/2853 1301/2822
f 1300/2771 3245/2802 1301/2822
f 1102/4063 3244/4068 1104/4059
f 1097/2971 1112/2945 3240/2947
f 3243/3024 3239/3026 3237/3042
f 1088/2970 3242/2958 3241/2946
f 3240/2947 3242/2958 1088/2970
f 3238/3009 3233/2999 3239/3026
f 3235/3028 3274/3056 3237/3042
f 3233/2999 3236/3014 3235/3028
f 3235/3028 3237/3042 3233/2999
f 717/2756 1434/2787 1300/2771
f 3238/3009 3234/2969 3233/2999
f 3238/3009 3239/3026 3243/3024
f 3232/2983 3236/3014 3233/2999
f 3250/3086 3248/3068 3341/3069
f 1106/3715 3231/3724 749/3725
f 1214/3145 762/3156 1305/3130
f 3230/6169 1297/6161 5021/6167
f 3228/3178 3229/3153 3224/3167
f 3217/3144 3224/3167 3229/3153
f 3223/3102 3222/3101 3249/3067
f 1200/6306 1010/6311 1194/6302
f 3227/4088 3198/4082 3226/4081
f 1103/4054 3257/4052 3225/4057
f 3217/6173 2493/6168 3224/6172
f 5021/6167 3220/6157 5023/6171
f 1298/6165 3228/6174 3224/6172
f 3222/3101 3223/3102 1119/3117
f 1214/3145 1305/3130 1118/3103
f 3221/4044 3374/4048 1103/4054
f 3219/6151 1101/6153 5018/6156
f 3218/6152 3215/6155 3213/6149
f 3219/6151 3218/6152 3213/6149
f 3192/3192 3213/3184 762/3156
f 1101/6153 3219/6151 1306/6150
f 2493/6168 3217/6173 3216/6164
f 3215/6155 3214/6158 3213/6149
f 3212/4100 3190/4089 5026/4097
f 3277/3223 1090/3218 5028/3230
f 1090/3218 3277/3223 1306/3204
f 3160/4096 3212/4100 3158/4101
f 3244/4068 1286/4076 1104/4059
f 3276/3114 3222/3101 1119/3117
f 1089/2768 1094/2798 1169/2785
f 3275/3085 1433/3116 1118/3103
f 1118/3103 3250/3086 3274/3056
f 3274/3056 3275/3085 1118/3103
f 3223/3102 3250/3086 1119/3117
f 3214/6158 3215/6155 2492/6163
f 3198/4082 1102/4063 3226/4081
f 3163/4108 3159/4105 5030/4107
f 5030/4107 3212/4100 5032/4106
f 3256/4047 3257/4052 3262/4043
f 3187/3781 3180/3803 3177/3788
f 3273/4061 3271/4067 3225/4057
f 1285/3755 1286/3748 3244/3759
f 3272/4049 3221/4044 1103/4054
f 3259/4064 1104/4059 1287/4069
f 3271/4067 3273/4061 4994/4073
f 3256/4047 3254/4036 3270/4042
f 3186/3787 3177/3788 3178/3772
f 3157/3731 1430/3718 1273/3727
f 3137/3745 3154/3741 1389/3750
f 3267/4053 3273/4061 3225/4057
f 3225/4057 3271/4067 3269/4066
f 3269/4066 1103/4054 3225/4057
f 3189/4074 3268/4079 5035/4085
f 3256/4047 3267/4053 3225/4057
f 3256/4047 3262/4043 3254/4036
f 3260/4037 3262/4043 3374/4048
f 3256/4047 3270/4042 3267/4053
f 1187/3209 1091/3210 760/3182
f 1409/2803 1410/2839 3211/2855
f 3194/3352 3196/3346 3195/3374
f 3193/2861 1123/2849 1225/2814
f 3195/2782 1225/2814 1223/2794
f 3193/3357 3196/3346 3431/3331
f 3211/2265 1309/2253 294/2246
f 1223/2794 1428/2772 3203/2765
f 1220/2733 3206/2742 3204/2753
f 1134/2859 2475/2848 1224/2813
f 3194/3352 1222/3351 1133/3314
f 3210/3319 3428/3338 1133/3314
f 3426/3330 3387/3309 2135/3308
f 3420/3277 3209/3291 1122/3285
f 3208/2795 3202/2767 1219/2796
f 1121/2784 1219/2796 3202/2767
f 3202/2767 3208/2795 3205/2766
f 1220/2733 1203/2725 3206/2742
f 3207/2783 3204/2753 3205/2766
f 3205/2766 3206/2742 1218/2754
f 3204/2753 3206/2742 3205/2766
f 1300/2771 1096/2797 1089/2768
f 3196/3346 3194/3352 3428/3338
f 1217/3129 1214/3145 1118/3103
f 1220/2733 3204/2753 1222/2764
f 3194/2781 3195/2782 1221/2752
f 3195/2782 3203/2765 1221/2752
f 3202/2767 1218/2754 1167/2743
f 1409/2803 3201/2840 1374/2804
f 1428/2772 1224/2813 1408/2823
f 2751/1072 2595/1087 2597/1057
f 1213/2825 306/2842 1279/2788
f 185/4225 186/4217 1210/4220
f 1295/2758 3093/2736 1429/2741
f 1210/4220 186/4217 3164/4216
f 1433/3116 1217/3129 1118/3103
f 1207/3721 1430/3718 1086/3713
f 3184/3761 3197/3771 3178/3772
f 3197/3771 3186/3787 3178/3772
f 3166/6300 3200/6307 1204/6310
f 3200/3814 3180/3803 1205/3819
f 3198/4082 3187/4086 3185/4075
f 3183/4091 3181/4098 3199/4095
f 3187/3781 3199/3818 3181/3813
f 3187/4086 3183/4091 3199/4095
f 3198/4082 3227/4088 3183/4091
f 3187/4086 3198/4082 3183/4091
f 3185/3760 3187/3781 3197/3771
f 3179/4102 3182/4099 3160/4096
f 3191/4084 3161/4092 3227/4088
f 750/3729 1093/3739 1081/3742
f 1285/3755 3185/3760 1099/3749
f 3184/3761 3173/3765 1098/3754
f 3187/3781 3186/3787 3197/3771
f 1214/3145 1296/3183 761/3169
f 3179/6315 3168/6312 1204/6310
f 3184/3761 1099/3749 3185/3760
f 3185/3760 3197/3771 3184/3761
f 3177/3788 3186/3787 3187/3781
f 3182/4099 1205/4104 3181/4098
f 3182/4099 3181/4098 3183/4091
f 3173/3765 3184/3761 3178/3772
f 3161/4092 3182/4099 3183/4091
f 3181/3813 3180/3803 3187/3781
f 3182/4099 3179/4102 1205/4104
f 3180/3803 3176/3796 3177/3788
f 3172/3780 3178/3772 3177/3788
f 3095/4223 3164/4216 1272/4219
f 3173/3765 3172/3780 1052/3764
f 3173/3765 3178/3772 3172/3780
f 1288/3203 1296/3183 1201/3190
f 1010/3189 1200/3199 1216/3181
f 1010/3189 1216/3181 1215/3168
f 3177/3788 3176/3796 3172/3780
f 3166/6300 3170/6299 3176/6303
f 3035/162 3175/181 3174/203
f 3637/228 3035/162 3174/203
f 1003/3756 757/3753 1000/3746
f 1052/3764 1195/3758 3173/3765
f 1051/3770 1052/3764 3172/3780
f 3170/6299 3171/6298 1194/6302
f 1194/6302 1010/6311 1008/6313
f 3170/3786 1193/3785 1051/3770
f 3171/6298 3169/6301 1288/6305
f 1204/6310 3168/6312 3167/6304
f 3679/6309 3167/6304 3168/6312
f 3166/6300 1204/6310 3167/6304
f 3093/2736 1171/2727 720/2713
f 1423/2717 1427/2721 1208/2722
f 305/4236 1191/4231 1212/4235
f 312/4221 692/4227 3094/4218
f 3165/2824 1395/2789 1279/2788
f 1212/4235 1190/4224 3095/4223
f 3164/4216 3095/4223 1190/4224
f 3163/3234 3162/3221 3159/3226
f 3097/3768 1049/3775 1002/3776
f 3160/4096 3182/4099 3161/4092
f 3212/4100 3159/4105 3158/4101
f 3160/4096 3161/4092 3190/4089
f 1188/3217 3158/3233 3159/3226
f 1188/3217 3159/3226 3162/3221
f 3190/4089 3212/4100 3160/4096
f 3162/3221 3163/3234 5038/3240
f 760/3182 1092/3202 3192/3192
f 3160/3229 3158/3233 1188/3217
f 1188/3217 1186/3201 3188/3208
f 3179/3222 1188/3217 3188/3208
f 3179/3222 3160/3229 1188/3217
f 3191/4084 3189/4074 3190/4089
f 5040/4093 3189/4074 5041/4094
f 1185/3191 3168/3200 3188/3208
f 5044/3227 3162/3221 5045/3235
f 3148/3629 3140/3607 1206/3611
f 3155/3734 1273/3727 3151/3735
f 1206/3722 1430/3718 3148/3728
f 1430/3718 3157/3731 3148/3728
f 3157/3731 1273/3727 3155/3734
f 750/3729 1081/3742 1001/3737
f 3155/3734 3147/3736 3157/3731
f 1087/3723 750/3729 1082/3730
f 3140/3607 3156/3586 1206/3611
f 3154/3741 3153/3732 999/3740
f 3150/3744 3155/3734 3151/3735
f 999/3740 1389/3750 3154/3741
f 3149/3751 3150/3744 3143/3752
f 3154/3741 3137/3745 3151/3735
f 1207/3721 1082/3730 3153/3732
f 3153/3732 3151/3735 1273/3727
f 3154/3741 3151/3735 3153/3732
f 3140/3607 1075/3618 3152/3594
f 3137/3745 3143/3752 3151/3735
f 3147/3736 3155/3734 3150/3744
f 3140/3607 3148/3629 3146/3639
f 3143/3752 3150/3744 3151/3735
f 3147/3652 3149/3663 3138/3630
f 3149/3751 3147/3736 3150/3744
f 3148/3728 3157/3731 3147/3736
f 3147/3652 3146/3639 3148/3629
f 3138/3630 3146/3639 3147/3652
f 3138/3630 3140/3607 3146/3639
f 3138/3630 1075/3618 3140/3607
f 1078/3664 3145/3665 3144/3655
f 3142/6290 3139/6293 3143/6291
f 3152/3594 3141/3584 3140/3607
f 3139/6293 1432/6289 3136/6296
f 3138/3630 3139/3653 3136/3640
f 3136/3640 1075/3618 3138/3630
f 3137/6288 1389/6294 1067/6292
f 1076/6295 3136/6296 1432/6289
f 3142/6290 1432/6289 3139/6293
f 1072/6435 2770/6432 1357/6434
f 1353/2878 1069/2875 1070/2865
f 1068/2857 1355/2831 1070/2865
f 3135/2847 1355/2831 1068/2857
f 2517/937 2531/947 2523/926
f 2714/1166 2678/1198 2719/1167
f 1007/2856 1192/2827 1059/2844
f 1292/2874 3099/2883 1047/2886
f 988/602 3074/627 2998/614
f 3090/2724 1005/2739 1056/2731
f 1060/2809 3092/2790 1277/2763
f 1058/5116 1057/5117 1274/5118
f 3090/2724 3088/2719 1387/2732
f 1009/2872 1183/2858 1292/2874
f 5046/5350 3100/5355 5047/5361
f 2757/1025 1022/1002 2755/1001
f 944/3810 2822/3800 3101/3793
f 1068/2857 1292/2874 1183/2858
f 1060/2809 1192/2827 3092/2790
f 2821/2884 1069/2875 1353/2878
f 2748/3811 928/3827 2739/3828
f 2748/3811 947/3824 928/3827
f 3101/3793 2821/3809 944/3810
f 1059/2844 3087/2811 3098/2830
f 1069/2875 3099/2883 1292/2874
f 1049/3775 3097/3768 1050/3757
f 1068/2857 3098/2830 3135/2847
f 1050/3757 3097/3768 1003/3756
f 3094/4218 692/4227 1343/4229
f 1272/4219 3089/4230 3095/4223
f 3165/2824 3081/2806 1395/2789
f 3091/2746 3096/2757 3083/2776
f 3081/4241 3095/4223 1385/4234
f 998/2745 1171/2727 3093/2736
f 3094/4218 1272/4219 3164/4216
f 1272/4219 3094/4218 3085/4222
f 1343/4229 692/4227 207/4238
f 1294/2773 1006/2759 3093/2736
f 1294/2773 1374/2804 1279/2788
f 3086/2737 3096/2757 3091/2746
f 719/2770 1004/2762 1199/2791
f 1208/2722 1427/2721 1171/2727
f 714/2750 1004/2762 719/2770
f 1080/3747 1050/3757 1000/3746
f 3092/2790 1371/2828 1199/2791
f 3137/6288 3142/6290 3143/6291
f 1004/2762 3092/2790 1199/2791
f 1327/2715 1423/2717 1208/2722
f 2755/1001 2731/973 1012/1000
f 1342/2712 3088/2719 722/2716
f 2836/2728 3091/2746 1392/2747
f 1392/2747 1275/2729 2836/2728
f 3090/2724 1387/2732 1278/2740
f 3089/4230 745/4228 1385/4234
f 1005/2739 3090/2724 1278/2740
f 1276/2723 713/2730 3088/2719
f 1276/2723 3088/2719 1342/2712
f 1277/2763 3087/2811 1060/2809
f 2758/3826 2759/3817 2738/3825
f 1208/2722 3086/2737 2836/2728
f 1344/4233 745/4228 3085/4222
f 997/2774 1395/2789 3081/2806
f 1211/2805 3082/2807 3084/2775
f 3084/2775 3082/2807 3083/2776
f 3091/2746 3083/2776 1065/2777
f 3082/2807 1065/2777 3083/2776
f 997/2774 1431/2826 1211/2805
f 3081/2806 1431/2826 997/2774
f 3078/80 3080/102 3079/48
f 3055/298 3056/319 3010/264
f 1280/338 3077/301 2961/318
f 2812/4617 2811/4633 1337/4631
f 3127/137 2906/100 2953/138
f 3070/472 3134/473 3133/449
f 3133/449 3066/438 3065/470
f 2996/503 3004/519 2993/534
f 2964/421 3066/438 3133/449
f 2874/242 2956/205 2862/201
f 2963/383 3131/384 3130/366
f 3132/435 3108/408 2964/421
f 3109/388 3104/402 3005/355
f 3108/408 3104/402 3109/388
f 2963/383 3130/366 1280/338
f 3054/334 3131/384 3052/385
f 3126/119 2906/100 3127/137
f 1280/338 3130/366 3054/334
f 2592/353 977/335 3129/370
f 2959/316 2685/352 2567/369
f 2975/183 3128/222 3113/182
f 3110/244 3128/222 2975/183
f 3113/182 3117/139 3127/137
f 3110/244 3015/247 3128/222
f 2951/225 2873/263 2976/262
f 3110/244 3077/301 1281/313
f 3126/119 3125/101 3124/61
f 3124/61 2905/79 2906/100
f 3117/139 3126/119 3127/137
f 3125/101 3126/119 3117/139
f 2939/9 1368/8 3123/23
f 3124/61 2906/100 3126/119
f 2979/75 2910/97 2907/98
f 3078/80 3079/48 3124/61
f 2934/13 2982/22 1368/8
f 1367/33 3079/48 3123/23
f 3640/128 2948/105 2943/147
f 2947/67 3122/53 3041/64
f 3121/37 4503/25 2950/15
f 3120/62 3123/23 3079/48
f 3078/80 3043/122 3080/102
f 3124/61 3125/101 3078/80
f 3120/62 3079/48 3044/81
f 3043/122 3078/80 3049/140
f 3080/102 3044/81 3079/48
f 2939/9 3123/23 3677/34
f 3638/103 3639/124 3041/64
f 3119/60 3120/62 3039/78
f 3037/118 3175/181 3035/162
f 3118/281 3630/260 3031/221
f 2940/35 3677/34 3040/47
f 3116/141 3125/101 3117/139
f 3048/185 3116/141 3117/139
f 3050/160 3116/141 3048/185
f 3116/141 3050/160 3115/121
f 3049/140 3115/121 3050/160
f 3010/264 3016/267 3055/298
f 2957/284 3110/244 2541/261
f 3015/247 3014/223 3114/245
f 3117/139 3113/182 3048/185
f 3014/223 3048/185 3113/182
f 3108/408 3052/385 3131/384
f 3112/457 3025/413 2986/458
f 3111/357 3051/375 3028/393
f 1281/313 3055/298 3110/244
f 3059/372 3109/388 3103/373
f 3103/373 3058/354 3059/372
f 3109/388 3052/385 3108/408
f 3104/402 3108/408 3106/424
f 3108/408 3132/435 3106/424
f 3107/456 2996/503 3064/518
f 3106/424 1269/425 3104/402
f 3070/472 3105/441 3134/473
f 3007/389 3104/402 3008/403
f 1269/425 3008/403 3104/402
f 1269/425 3106/424 3681/455
f 3103/373 3109/388 3005/355
f 3005/355 3012/340 3103/373
f 3133/449 3134/473 3681/455
f 3028/393 3102/405 3111/357
f 3012/340 3058/354 3103/373
f 3056/319 3012/340 3010/264
f 3016/267 3110/244 3055/298
f 3057/339 3059/372 3058/354
f 3053/367 3059/372 3057/339
f 3058/354 3012/340 3056/319
f 3057/339 3054/334 3053/367
f 3055/298 3057/339 3056/319
f 3054/334 3055/298 1281/313
f 3052/385 3059/372 3053/367
f 3054/334 3052/385 3053/367
f 968/1254 2861/1287 2650/1304
f 2834/1077 2866/1103 2962/1091
f 3051/375 3022/341 3023/356
f 3019/265 991/266 3018/226
f 3050/160 3045/161 3049/140
f 3011/186 3045/161 3048/185
f 3011/186 3047/206 3043/122
f 990/259 3512/220 3046/219
f 3038/136 3043/122 3030/158
f 3043/122 3045/161 3011/186
f 3043/122 3049/140 3045/161
f 3044/81 3039/78 3120/62
f 3043/122 3042/123 3044/81
f 3039/78 3044/81 3042/123
f 2941/49 3041/64 2946/36
f 2946/36 3121/37 2950/15
f 3039/78 2942/63 3040/47
f 3037/118 3036/142 3638/103
f 2942/63 3039/78 3037/118
f 3043/122 3513/202 3030/158
f 3042/123 3038/136 3039/78
f 3039/78 3038/136 3037/118
f 3033/163 3036/142 3035/162
f 3036/142 3037/118 3035/162
f 3030/158 3037/118 3038/136
f 3046/219 3043/122 3047/206
f 3034/193 3033/163 3035/162
f 3028/393 3032/391 3025/413
f 3030/158 3512/220 3031/221
f 990/259 3118/281 3031/221
f 3031/221 3174/203 3030/158
f 2813/4622 3029/4616 1358/4621
f 3028/393 3027/416 3102/405
f 3028/393 3025/413 3027/416
f 3025/413 3026/442 3027/416
f 3032/391 3028/393 3051/375
f 3022/341 3051/375 3111/357
f 3024/443 2985/459 2986/458
f 3023/356 3006/374 3013/390
f 3112/457 3026/442 3025/413
f 3025/413 2992/426 3024/443
f 3032/391 2992/426 3025/413
f 3009/320 3023/356 3022/341
f 3515/331 3021/295 3020/303
f 3021/295 991/266 3020/303
f 3010/264 3536/302 3019/265
f 3018/226 3047/206 3011/186
f 3017/246 3018/226 3011/186
f 3019/265 3017/246 3010/264
f 3071/440 2992/426 1270/412
f 3015/247 3016/267 3011/186
f 3014/223 3015/247 3011/186
f 3008/403 1270/412 3013/390
f 3005/355 3009/320 3012/340
f 3022/341 3536/302 3009/320
f 3011/186 3010/264 3017/246
f 3011/186 3048/185 3014/223
f 3009/320 3006/374 3023/356
f 3007/389 3008/403 3006/374
f 3006/374 3008/403 3013/390
f 3010/264 3012/340 3009/320
f 3006/374 3005/355 3007/389
f 3006/374 3009/320 3005/355
f 3003/535 2995/549 3004/519
f 3004/519 2997/485 3003/535
f 3002/563 2999/551 1412/576
f 2999/551 3001/537 2983/565
f 2999/551 3002/563 3000/504
f 2998/614 2983/565 988/602
f 3107/456 2997/485 2996/503
f 2993/534 2995/549 2994/548
f 3024/443 2992/426 2985/459
f 2992/426 3107/456 2985/459
f 2991/499 2990/500 2989/520
f 3529/541 1176/522 3526/521
f 1175/505 2988/523 3531/460
f 2987/487 2984/488 1175/505
f 2987/487 2986/458 2984/488
f 2985/459 2984/488 2986/458
f 3000/504 3001/537 2999/551
f 271/605 1411/577 143/589
f 2852/574 988/602 2983/565
f 3075/575 3076/561 3063/578
f 3076/561 2852/574 3063/578
f 988/602 2851/601 2629/612
f 2983/565 3062/566 2852/574
f 145/604 2998/614 319/626
f 358/639 320/638 3074/627
f 2983/565 2998/614 145/604
f 320/638 2998/614 3074/627
f 3067/498 3068/547 3073/533
f 2990/500 3073/533 2989/520
f 3003/535 3073/533 3072/562
f 3075/575 2994/548 2995/549
f 2995/549 3003/535 3072/562
f 2989/520 3003/535 2997/485
f 3065/470 3070/472 3133/449
f 3065/470 2991/499 3070/472
f 3070/472 3107/456 3071/440
f 3105/441 3070/472 3071/440
f 3069/204 2951/225 2977/224
f 2970/300 2594/317 2959/316
f 3068/547 2854/532 2856/560
f 2990/500 2966/483 3067/498
f 2965/411 2972/451 3066/438
f 1399/1454 2611/1465 812/1442
f 3065/470 3066/438 2966/483
f 980/452 2969/436 2559/437
f 1335/4304 2892/4302 2847/4301
f 3062/566 3063/578 2852/574
f 3003/535 2989/520 3073/533
f 3068/547 3076/561 3073/533
f 3065/470 2966/483 2990/500
f 3001/537 3062/566 2983/565
f 3678/573 3068/547 2856/560
f 3064/518 2996/503 2993/534
f 2782/1149 2971/1177 2581/1196
f 3001/537 3064/518 3061/552
f 3064/518 2993/534 2994/548
f 3061/552 3063/578 3062/566
f 3075/575 3063/578 3061/552
f 3061/552 3062/566 3001/537
f 2686/4651 2872/4658 2593/4643
f 2901/77 2911/116 3060/99
f 2905/79 1367/33 3060/99
f 2949/5 2939/9 2950/15
f 2944/110 2948/105 2947/67
f 2949/5 2950/15 4236/10
f 3122/53 2946/36 3041/64
f 2945/24 2941/49 2946/36
f 2941/49 2942/63 3041/64
f 2944/110 2947/67 3041/64
f 2948/105 2944/110 2943/147
f 3033/163 3034/193 3674/168
f 2943/147 2944/110 3674/168
f 2950/15 2945/24 2946/36
f 2940/35 2942/63 2941/49
f 2941/49 2945/24 2940/35
f 2949/5 61/1 2939/9
f 61/1 1368/8 2939/9
f 2934/13 1368/8 2938/4
f 2929/44 2937/76 2917/73
f 2917/988 2937/1005 2921/976
f 2897/57 2924/95 2936/74
f 2938/4 2935/7 2934/13
f 2857/1478 2619/1451 2612/1476
f 2823/877 2767/895 2933/886
f 2531/947 2530/955 2927/935
f 2767/895 2523/926 2930/914
f 2927/935 2523/926 2531/947
f 2931/925 2932/934 2928/936
f 2775/1029 2785/1053 2691/1059
f 985/902 2767/895 2930/914
f 2927/935 2930/914 2523/926
f 2837/953 2927/935 2787/963
f 2929/44 2917/73 2897/57
f 983/975 2926/1003 2922/987
f 2926/1003 2923/1013 2922/987
f 2837/953 2896/970 2895/950
f 2895/950 987/946 2837/953
f 2932/934 986/911 2928/936
f 2837/953 987/946 2927/935
f 2900/1019 2926/1003 984/981
f 2913/995 2792/980 2789/994
f 2782/1149 2795/1124 2532/1137
f 2926/1003 2899/1028 2923/1013
f 2923/1013 2925/1042 2924/1014
f 1359/1118 2784/1117 2533/1130
f 2907/1066 2910/1049 2900/1019
f 2796/1165 2778/1125 2783/1164
f 2922/987 2916/968 983/975
f 2889/1045 2915/1030 2919/1017
f 2916/968 2921/976 2920/959
f 2912/1096 2784/1117 2534/1074
f 2914/1033 2908/1048 2900/1019
f 2918/1060 2915/1030 2889/1045
f 984/981 2839/1008 2919/1017
f 2877/1046 2888/1061 2919/1017
f 2918/1060 2907/1066 2914/1033
f 2916/968 2898/1004 2917/988
f 2923/1013 2899/1028 2925/1042
f 984/981 2914/1033 2900/1019
f 2914/1033 984/981 2915/1030
f 2914/1033 2915/1030 2918/1060
f 2589/4665 2864/4659 2688/4655
f 2913/995 2790/1016 2838/1018
f 2605/1050 2529/1081 2912/1096
f 984/981 2896/970 2837/953
f 1369/135 2911/116 2901/77
f 2909/58 2899/115 2910/97
f 2900/1019 2908/1048 2907/1066
f 2907/1066 2908/1048 2914/1033
f 2904/120 2906/100 2905/79
f 2902/59 1367/33 2903/45
f 1367/33 2902/59 2901/77
f 2899/1028 2926/1003 2900/1019
f 2928/936 4155/912 2931/925
f 2917/73 2898/94 2897/57
f 2895/950 2896/970 983/975
f 2916/968 2895/950 983/975
f 2922/987 2898/1004 2916/968
f 2903/45 2982/22 2981/20
f 2917/988 2921/976 2916/968
f 2895/950 2916/968 2920/959
f 2684/4664 2872/4658 2686/4651
f 2925/96 2909/58 2936/74
f 2936/74 2909/58 2981/20
f 2981/20 2934/13 2935/7
f 2981/20 2897/57 2936/74
f 2902/59 2907/98 2901/77
f 2904/120 2905/79 2911/116
f 2935/7 3750/14 2980/21
f 2868/6894 2952/6895 2976/6896
f 2898/94 2924/95 2897/57
f 2924/95 2925/96 2936/74
f 2910/97 2979/75 2909/58
f 2929/44 2981/20 2980/21
f 2903/45 2979/75 2902/59
f 2907/98 2902/59 2979/75
f 2889/1045 2878/1075 2918/1060
f 2901/77 2907/98 2878/117
f 2907/1066 2918/1060 2878/1075
f 2878/117 1369/135 2901/77
f 2968/401 2974/422 2969/436
f 2575/516 2978/497 2841/482
f 2541/261 2977/224 2952/283
f 2976/262 2952/283 2977/224
f 2977/224 2541/261 3110/244
f 2975/183 2953/138 3069/204
f 2639/1403 813/1404 2659/1391
f 2972/451 2841/482 2967/469
f 1362/398 2974/422 2968/401
f 2972/451 2973/454 2840/471
f 2972/451 2965/411 2973/454
f 3077/301 2957/284 2961/318
f 2535/1163 2580/1195 2971/1177
f 2832/4630 2859/4619 2882/4638
f 2904/120 1370/156 2954/159
f 2957/284 2541/261 2970/300
f 2875/1120 2876/1090 2962/1091
f 2977/224 2951/225 2976/262
f 2967/469 2841/482 2978/497
f 2969/436 2974/422 2559/437
f 2957/284 2970/300 2959/316
f 2960/351 2959/316 1363/368
f 2968/401 2963/383 1364/371
f 1280/338 1364/371 2963/383
f 2969/436 979/423 2968/401
f 979/423 2843/439 2965/411
f 2963/383 2968/401 2965/411
f 2967/469 2966/483 3066/438
f 1280/338 2961/318 2960/351
f 2965/411 2964/421 2963/383
f 2968/401 979/423 2965/411
f 2866/1103 2871/1122 2962/1091
f 2961/318 2958/337 2960/351
f 1364/371 1280/338 2960/351
f 1364/371 1362/398 2968/401
f 2959/316 2960/351 2958/337
f 2957/284 2959/316 2958/337
f 1337/4631 2811/4633 2808/4647
f 2957/284 2958/337 2961/318
f 2953/138 2906/100 2904/120
f 1370/156 2862/201 2954/159
f 3067/498 2966/483 2967/469
f 2962/1091 2871/1122 2875/1120
f 2870/1147 2875/1120 2871/1122
f 2955/184 2956/205 2951/225
f 2860/4660 2864/4659 2866/4671
f 2812/4617 2891/4626 2681/4623
f 2954/159 2953/138 2904/120
f 2954/159 2955/184 2953/138
f 2862/201 2956/205 2954/159
f 2952/283 2869/315 2690/299
f 984/981 2913/995 2839/1008
f 2864/4659 2860/4660 2880/4654
f 2811/4633 2806/4650 2808/4647
f 1331/4306 2814/4314 2797/4313
f 2890/4607 2858/4614 2883/4615
f 2833/4646 2880/4654 2860/4660
f 2874/242 2951/225 2956/205
f 1370/156 2904/120 2911/116
f 2831/1104 2830/1107 2824/1126
f 2812/4617 2813/4622 2810/4627
f 2818/1076 981/1063 2876/1090
f 2878/117 2877/157 1369/135
f 975/4670 2689/4666 2872/4658
f 2689/4666 2590/4653 2872/4658
f 2875/1120 2870/1147 2868/1148
f 2873/1136 2876/1090 2875/1120
f 2873/263 2951/225 2874/242
f 2859/4619 2552/4625 2588/4629
f 978/4669 2872/4658 2684/4664
f 2873/1136 2875/1120 2868/1148
f 2871/4682 2867/4680 2870/4683
f 2869/4681 2870/4683 2867/4680
f 2869/4681 2868/4684 2870/4683
f 2863/4672 2867/4680 2866/4671
f 2682/4326 2572/4335 2865/4331
f 2866/4671 2864/4659 2863/4672
f 2589/4665 2863/4672 2864/4659
f 2819/218 2874/242 2862/201
f 2651/1321 2650/1304 2861/1287
f 2834/1077 2860/1121 2866/1103
f 2859/4619 2832/4630 2814/4620
f 2859/4619 2815/4610 973/4613
f 1331/4306 2858/4310 2814/4314
f 2642/1303 2661/1342 2663/1320
f 2702/545 2855/515 2575/516
f 195/1475 2802/1460 153/1472
f 2629/612 2851/601 2844/586
f 2857/572 2844/586 2853/559
f 811/1430 2547/1429 2623/1405
f 2623/1405 2547/1429 2699/1418
f 2854/532 2853/559 2856/560
f 2844/586 2856/560 2853/559
f 2854/532 2855/515 2702/545
f 2702/545 2853/559 2854/532
f 3068/547 2848/588 2852/574
f 2851/601 2848/588 3678/573
f 2646/1285 2850/1302 2654/1318
f 2632/1438 2635/1439 2637/1426
f 2632/1438 2634/1449 2635/1439
f 2801/1474 2849/1497 2802/1460
f 2854/532 3067/498 2855/515
f 2852/574 2848/588 988/602
f 988/602 402/651 358/639
f 1335/1255 2847/1243 2569/1212
f 988/602 2848/588 2851/601
f 2846/646 2627/645 2625/670
f 2844/586 2845/611 2630/623
f 1400/1489 189/1527 187/1513
f 2701/1501 2626/1525 2624/1512
f 2567/369 2686/386 2591/400
f 980/452 2695/484 2842/453
f 2842/453 2843/439 979/423
f 2840/471 2843/439 2842/453
f 2840/471 2973/454 2843/439
f 2544/502 2840/471 2695/484
f 2574/531 2841/482 2544/502
f 2544/502 2841/482 2840/471
f 2558/4634 2686/4651 2593/4643
f 2567/369 1366/409 1365/399
f 2702/545 2551/585 2696/597
f 2617/1499 2613/1461 2628/1508
f 2566/501 2695/484 980/452
f 2548/1392 2573/1393 2699/1418
f 980/452 2562/496 2566/501
f 2551/585 2577/598 3676/610
f 2563/481 980/452 2559/437
f 2853/559 2702/545 2857/572
f 2702/545 2894/587 2857/572
f 2697/600 2857/572 2894/587
f 2702/545 2696/597 2894/587
f 2618/599 2844/586 2857/572
f 2617/622 2630/623 2845/611
f 2618/599 2617/622 2845/611
f 2846/646 989/635 2629/612
f 989/635 2846/646 2616/658
f 1400/1489 446/1530 189/1527
f 989/635 2616/658 340/671
f 2634/1449 2849/1497 2801/1474
f 2634/1449 2633/1473 2849/1497
f 432/1425 2634/1449 2632/1438
f 2700/4661 2808/4647 2809/4667
f 2570/4673 2700/4661 2809/4667
f 2893/1322 2644/1344 2887/1343
f 2682/4326 2865/4331 2805/4328
f 2802/1460 2798/1450 2668/1440
f 2802/1460 2849/1497 2633/1473
f 1338/1428 2668/1440 2798/1450
f 2639/1403 2803/1390 2638/1417
f 2803/1390 2636/1416 2638/1417
f 1337/4631 2891/4626 2812/4617
f 2804/1323 2647/1286 2663/1320
f 2631/1415 2671/1427 2670/1402
f 195/1475 2608/1498 1401/1444
f 2803/1390 2665/1375 2655/1359
f 969/4639 2810/4627 1358/4621
f 2813/4622 1358/4621 2810/4627
f 2861/1287 967/1271 2666/1305
f 826/1299 484/1316 2703/1280
f 2648/1230 2694/1200 2677/1216
f 1335/4304 1358/4308 2892/4302
f 2884/4309 2892/4302 1358/4308
f 2655/1359 2665/1375 2660/1341
f 2665/1375 2661/1342 2660/1341
f 2665/1375 2659/1391 2661/1342
f 2680/4632 2891/4626 2886/4640
f 2884/4611 965/4608 2890/4607
f 2620/546 2610/558 810/571
f 2863/4672 2589/4665 2689/4666
f 2686/386 2567/369 2685/352
f 2889/1045 2888/1061 2878/1075
f 2878/1075 2888/1061 2877/1046
f 2816/179 2819/218 2862/201
f 2880/4654 2879/4644 2864/4659
f 2553/4628 2558/4634 2593/4643
f 2858/4614 2890/4607 2815/4610
f 2876/1090 2873/1136 2874/1119
f 2863/4672 2689/4666 2820/4678
f 2651/1321 2887/1343 2549/1361
f 2891/4626 2680/4632 2681/4623
f 2861/1287 2887/1343 2651/1321
f 2861/1287 2893/1322 2887/1343
f 970/4321 2682/4326 2806/4323
f 1337/4631 2886/4640 2891/4626
f 972/4618 2621/4609 966/4612
f 2552/4625 2859/4619 973/4613
f 2680/4632 2556/4641 2557/4624
f 2858/4310 2885/4299 2883/4305
f 2885/4299 1332/4303 2585/4300
f 2884/4309 2883/4305 2892/4302
f 2805/4328 2570/4336 2809/4334
f 2805/4328 2572/4335 2570/4336
f 2883/4615 2884/4611 2890/4607
f 2876/1090 981/1063 2962/1091
f 2869/4681 2863/4672 2820/4678
f 2541/261 2952/283 2690/299
f 2881/4636 2588/4629 2879/4644
f 2880/4654 2882/4638 2881/4636
f 2882/4638 2880/4654 2833/4646
f 982/1031 2818/1076 2817/1062
f 2864/4659 2879/4644 2688/4655
f 2952/6895 2868/6894 2869/6897
f 2869/315 2820/336 2690/299
f 2818/1076 2819/1102 2816/1089
f 1369/135 2817/180 2816/179
f 1369/135 2877/157 2817/180
f 2858/4614 2815/4610 2814/4620
f 2869/4681 2867/4680 2863/4672
f 2859/4619 2814/4620 2815/4610
f 2799/1044 2779/1064 2793/1032
f 2813/4622 2812/4617 965/4608
f 2549/1361 2645/1362 2651/1321
f 2812/4617 2681/4623 966/4612
f 2811/4633 969/4639 2806/4650
f 2811/4633 2810/4627 969/4639
f 2865/4331 2572/4335 2805/4328
f 2808/4647 2807/4662 2809/4667
f 2808/4647 2700/4661 1336/4648
f 2807/4330 2805/4328 2809/4334
f 2806/4323 2805/4328 2807/4330
f 2804/1323 2667/1345 2666/1305
f 2657/1374 2670/1402 2636/1416
f 2636/1416 2803/1390 2657/1374
f 2802/1460 2668/1440 2635/1439
f 2802/1460 2635/1439 2801/1474
f 2635/1439 2634/1449 2801/1474
f 2663/1320 2652/1377 814/1376
f 2804/1323 2663/1320 2667/1345
f 2663/1320 814/1376 2667/1345
f 2719/1167 2526/1139 2714/1166
f 2779/1064 2538/1092 1361/1105
f 2800/4322 2781/4324 2780/4319
f 2581/1196 2569/1212 2586/1178
f 2919/1017 2888/1061 2889/1045
f 2900/1019 2910/1049 2899/1028
f 2790/1016 963/1058 2799/1044
f 1338/1428 2798/1450 1401/1444
f 967/1271 2647/1286 2666/1305
f 2704/1248 2703/1280 2641/1261
f 2676/1231 2704/1248 2641/1261
f 2653/1319 2661/1342 2642/1303
f 2578/1253 2850/1302 2646/1285
f 2578/1253 2648/1230 2641/1261
f 2797/4313 2780/4319 2796/4317
f 1361/1105 2795/1124 2779/1064
f 2779/1064 2794/1078 2793/1032
f 2539/998 2775/1029 2786/1007
f 956/1051 801/1052 2596/1082
f 2605/1050 2912/1096 2534/1074
f 2787/963 2927/935 2530/955
f 2522/954 2499/964 2787/963
f 2789/994 2792/980 2791/969
f 2774/1015 2790/1016 2789/994
f 2540/979 2787/963 2788/993
f 2539/998 2788/993 2787/963
f 2787/963 2521/983 2539/998
f 2776/1088 2538/1092 962/1073
f 2728/1022 2775/1029 2539/998
f 2786/1007 2775/1029 2774/1015
f 2728/1022 2605/1050 2785/1053
f 2534/1074 2691/1059 2605/1050
f 2784/1117 1359/1118 2692/1135
f 1197/3794 2748/3811 1397/3799
f 2534/1074 2776/1088 964/1043
f 1350/3832 2739/3828 2773/3833
f 1350/5487 2773/5485 2745/5479
f 2694/1200 2648/1230 2579/1225
f 2586/1178 2783/1164 2782/1149
f 2780/1150 2781/1138 2778/1125
f 2778/1125 2796/1165 2780/1150
f 2777/1106 2779/1064 2778/1125
f 2776/1088 2534/1074 1360/1101
f 2775/1029 964/1043 2774/1015
f 2835/1047 2828/1079 2834/1077
f 2799/1044 2838/1018 2790/1016
f 2794/1078 2825/1093 2826/1094
f 2827/1065 2794/1078 2826/1094
f 2779/1064 2777/1106 2825/1093
f 2839/1008 2835/1047 982/1031
f 2834/1077 2833/1123 2860/1121
f 2919/1017 2839/1008 982/1031
f 2793/1032 2827/1065 2835/1047
f 2793/1032 2839/1008 2838/1018
f 2774/1015 964/1043 2790/1016
f 964/1043 2776/1088 962/1073
f 2791/969 2837/953 2787/963
f 2540/979 2791/969 2787/963
f 2836/2728 1275/2729 1209/2718
f 2839/1008 2913/995 2838/1018
f 981/1063 2835/1047 2834/1077
f 2834/1077 2828/1079 2831/1104
f 2833/1123 2834/1077 2831/1104
f 2777/4333 2829/4329 2825/4332
f 2832/4320 2831/4325 2800/4322
f 2833/4646 2831/4656 2832/4630
f 2828/1079 2826/1094 2830/1107
f 2824/4327 2829/4329 2781/4324
f 2831/4325 2824/4327 2800/4322
f 2827/1065 2826/1094 2828/1079
f 2824/1126 2830/1107 2826/1094
f 2826/1094 2825/1093 2824/1126
f 2828/1079 2830/1107 2831/1104
f 2835/1047 2827/1065 2828/1079
f 2779/1064 2825/1093 2794/1078
f 2827/1065 2793/1032 2794/1078
f 2829/4329 2824/4327 2825/4332
f 2800/4322 2780/4319 2797/4313
f 2832/4320 2797/4313 2814/4314
f 2587/1256 971/1273 1334/1242
f 2778/1125 2795/1124 2782/1149
f 412/4245 744/4239 1344/4233
f 3088/2719 713/2730 1387/2732
f 742/2761 1053/2780 1388/2751
f 1066/3773 1271/3774 752/3791
f 1276/5121 1274/5118 1057/5117
f 996/1085 2765/1086 2752/1056
f 2823/877 2520/894 2767/895
f 3675/3783 2822/3800 1198/3784
f 951/1071 996/1085 2752/1056
f 924/6007 1055/6002 1053/6004
f 1053/2780 743/2778 1382/2808
f 1405/2812 1355/2831 1284/2793
f 1197/3794 2822/3800 946/3812
f 1023/4279 953/4286 948/4267
f 2772/6451 937/6450 2770/6454
f 948/4267 953/4286 952/4280
f 2748/3811 1197/3794 946/3812
f 713/5680 1390/5681 712/5682
f 946/3812 2822/3800 944/3810
f 2821/2884 3099/2883 1069/2875
f 1357/6434 2769/6436 942/6439
f 1284/2793 1355/2831 3135/2847
f 942/6439 2769/6436 946/6442
f 944/3810 2821/3809 943/3822
f 1073/6458 2772/6451 2770/6454
f 1276/5121 1057/5117 5051/5125
f 1061/5341 2761/5343 939/5344
f 939/6456 2761/6460 1323/6453
f 1323/6453 2761/6460 934/6457
f 2753/5490 2743/5488 1016/5486
f 2753/5490 932/5493 2743/5488
f 931/6016 2756/6017 929/6005
f 2734/1205 1037/1220 2705/1192
f 1063/5349 2773/5354 2760/5342
f 1063/5482 2745/5479 2773/5485
f 2502/965 2598/956 2758/972
f 2748/3811 2759/3817 1397/3799
f 1035/5130 1352/5122 740/5126
f 1324/6455 2772/6451 1073/6458
f 1324/6010 1073/6006 1407/6001
f 2519/903 1042/897 1044/916
f 938/6459 2771/6461 2770/6454
f 2769/6464 2771/6461 938/6459
f 934/6457 2761/6460 936/6463
f 946/6467 2769/6464 935/6462
f 935/6462 2769/6464 938/6459
f 712/5682 708/5685 926/5689
f 1382/6011 925/6014 924/6007
f 1404/6405 2750/6406 941/6407
f 1055/6002 924/6007 2768/6008
f 1055/6002 929/6005 1407/6001
f 929/6005 1055/6002 2768/6008
f 2725/1176 2722/1210 2726/1179
f 2721/1209 2720/1208 825/1239
f 2767/895 2520/894 2516/913
f 2766/868 1041/888 2514/869
f 1044/916 1043/940 2498/948
f 2933/886 2767/895 985/902
f 929/6005 2756/6017 2750/6013
f 2764/1204 1024/1233 1039/1219
f 2736/1173 2733/1142 2763/1174
f 2763/1174 2764/1204 2736/1173
f 1403/4288 2706/4292 1038/4294
f 1030/1184 2762/1202 2744/1158
f 1028/1203 2762/1202 1030/1184
f 2750/6013 1404/6009 929/6005
f 824/1097 798/1083 2507/1114
f 1320/1112 958/1131 2596/1082
f 1023/4279 2735/4285 1403/4288
f 2744/1158 2762/1202 2708/1191
f 2763/1174 2744/1158 2708/1191
f 2595/1087 993/1116 1320/1112
f 1017/5501 1015/5496 1322/5502
f 960/1132 2744/1158 2733/1142
f 2765/1086 995/1100 2751/1072
f 2710/1235 2711/1251 2712/1266
f 1321/1141 1383/1157 5060/1172
f 2733/1142 2744/1158 2763/1174
f 2764/1204 2709/1206 1025/1234
f 2706/1236 2705/1192 1037/1220
f 2764/1204 1040/1190 2736/1173
f 1037/1220 2734/1205 1040/1190
f 2709/1206 2764/1204 2763/1174
f 2709/1206 2763/1174 2708/1191
f 2709/1206 2710/1235 1025/1234
f 2708/1191 2762/1202 1345/1222
f 945/5504 1026/5499 5062/5505
f 2738/3825 2748/3811 2739/3828
f 2518/880 2514/869 1042/897
f 2741/1070 1021/1055 2747/1024
f 2746/6801 932/6800 939/6803
f 939/5344 932/5356 1348/5351
f 1347/6412 1020/6411 2741/6413
f 2742/5483 2745/5479 2740/5476
f 940/6802 2741/6798 2746/6801
f 936/6463 2761/6460 927/6465
f 2760/6887 2739/6886 927/6889
f 2732/985 2755/1001 1022/1002
f 2598/3821 2759/3817 2758/3826
f 2598/3821 1396/3808 2759/3817
f 1063/5482 2737/5474 2745/5479
f 2752/1056 931/1040 951/1071
f 2748/3811 2738/3825 2759/3817
f 2738/999 2749/984 2758/972
f 2755/1001 1020/1038 2757/1025
f 2750/6406 2757/6409 941/6407
f 807/1011 1022/1002 2756/1026
f 995/1100 2765/1086 996/1085
f 799/1027 2751/1072 2597/1057
f 2747/1024 2755/1001 1012/1000
f 1322/5502 1026/5499 945/5504
f 994/1115 2754/1134 1322/1146
f 735/6908 739/6909 2754/6910
f 1322/1146 945/1161 994/1115
f 1015/5496 1026/5499 1322/5502
f 1394/5365 1019/5363 1017/5370
f 1015/5496 1017/5501 1019/5497
f 1016/5486 933/5492 2753/5490
f 2751/1072 799/1027 2752/1056
f 2751/1072 2752/1056 2765/1086
f 2755/1001 2747/1024 1020/1038
f 1022/1002 2757/1025 2750/1039
f 1022/1002 2750/1039 2756/1026
f 2739/3828 1350/3832 1014/3831
f 2747/1024 1012/1000 1014/1037
f 1012/1000 2731/973 2749/984
f 2749/984 2502/965 2758/972
f 2731/973 2502/965 2749/984
f 2738/999 1012/1000 2749/984
f 2742/5483 1016/5486 2743/5488
f 2742/5483 2743/5488 1350/5487
f 1350/1069 2743/1098 2741/1070
f 5070/5484 2740/5476 5071/5481
f 1016/5486 2742/5483 2740/5476
f 2738/3825 2739/3828 1013/3829
f 2500/949 2598/956 2502/965
f 2737/5474 1063/5482 5064/5480
f 1022/1002 2599/974 2732/985
f 1026/5499 1015/5496 1011/5495
f 5074/1250 1345/1222 5075/1263
f 1031/1155 2744/1158 960/1132
f 5079/1281 2711/1251 5080/1300
f 2710/1235 2712/1266 1034/1264
f 2710/1235 1034/1264 1025/1234
f 5058/1265 2707/1221 5074/1250
f 2710/1235 2707/1221 2711/1251
f 2710/1235 2709/1206 2707/1221
f 2708/1191 2707/1221 2709/1206
f 2705/1192 2706/1236 829/1223
f 830/1207 1375/1237 1045/1238
f 819/1262 485/1279 2704/1248
f 830/1207 2730/1175 2705/1192
f 2736/1173 1040/1190 2717/1143
f 949/4274 1375/4283 2735/4285
f 2735/4285 1375/4283 829/4291
f 2721/1209 1325/1252 822/1240
f 2723/1213 2724/1197 2726/1179
f 1325/1252 180/1283 467/1268
f 2730/1175 830/1207 2720/1208
f 2705/1192 2730/1175 2717/1143
f 2716/1144 2600/1153 2506/1128
f 2717/1143 2734/1205 2705/1192
f 2717/1143 2733/1142 2736/1173
f 2508/1113 2733/1142 2717/1143
f 2727/1193 2725/1176 2716/1144
f 2731/973 2732/985 2501/957
f 2727/1193 2716/1144 2730/1175
f 1384/4250 670/4253 828/4258
f 2716/1144 2725/1176 2600/1153
f 2510/1009 2729/1020 2728/1022
f 2614/1453 2611/1465 2606/1482
f 2672/1217 821/1201 2675/1181
f 821/1201 2676/1231 2677/1216
f 1325/1252 2721/1209 825/1239
f 471/1214 2724/1197 2723/1213
f 473/1244 2723/1213 822/1240
f 2720/1208 2727/1193 2730/1175
f 828/4258 1326/4266 1046/4273
f 1326/4266 825/4284 1045/4278
f 2721/1209 2727/1193 2720/1208
f 2600/1153 2726/1179 2528/1151
f 2721/1209 2725/1176 2727/1193
f 2716/1144 2506/1128 2507/1114
f 2537/1140 2718/1168 2675/1181
f 2713/1180 2528/1151 2724/1197
f 2674/1199 817/1215 2673/1229
f 2723/1213 2726/1179 2722/1210
f 2721/1209 822/1240 2722/1210
f 2722/1210 2725/1176 2721/1209
f 1045/1238 2720/1208 830/1207
f 2720/1208 1045/1238 825/1239
f 2719/1167 2715/1152 2526/1139
f 2719/1167 2718/1168 2715/1152
f 2719/1167 2678/1198 2718/1168
f 2716/1144 797/1133 2717/1143
f 2527/1110 2715/1152 2537/1140
f 2675/1181 820/1169 2537/1140
f 2674/1199 2678/1198 2714/1166
f 2528/1151 2713/1180 2714/1166
f 473/1244 471/1214 2723/1213
f 682/4271 1326/4266 670/4253
f 2713/1180 817/1215 2674/1199
f 2714/1166 2713/1180 2674/1199
f 471/1214 466/1228 2713/1180
f 819/1262 2704/1248 2672/1217
f 477/1296 816/1260 482/1259
f 2677/1216 2693/1182 1329/1183
f 2675/1181 2718/1168 2678/1198
f 2677/1216 2676/1231 2649/1247
f 1329/1183 821/1201 2677/1216
f 2672/1217 2704/1248 2676/1231
f 2674/1199 2673/1229 2675/1181
f 2641/1261 2649/1247 2676/1231
f 821/1201 2672/1217 2676/1231
f 2675/1181 2678/1198 2674/1199
f 2675/1181 2673/1229 2672/1217
f 816/1260 2672/1217 817/1215
f 961/1277 818/1278 2672/1217
f 818/1278 961/1277 475/1297
f 2671/1427 2632/1438 2637/1426
f 2637/1426 2670/1402 2671/1427
f 2657/1374 2669/1389 2670/1402
f 1338/1428 2638/1417 2668/1440
f 2656/1340 2658/1317 2664/1358
f 2658/1317 2656/1340 2640/1284
f 2666/1305 2667/1345 2644/1344
f 2665/1375 2639/1403 2659/1391
f 2646/1285 2643/1270 2578/1253
f 2657/1374 2803/1390 2655/1359
f 2655/1359 2664/1358 2657/1374
f 2647/1286 2642/1303 2663/1320
f 2652/1377 2663/1320 2662/1360
f 2662/1360 2661/1342 2652/1377
f 2661/1342 2653/1319 2660/1341
f 2659/1391 2652/1377 2661/1342
f 2657/1374 2658/1317 548/1357
f 2654/1318 2656/1340 2655/1359
f 2664/1358 2655/1359 2656/1340
f 813/1404 2609/1419 2622/1378
f 2646/1285 2660/1341 2653/1319
f 2652/1377 2659/1391 813/1404
f 2650/1304 2651/1321 2570/1324
f 2644/1344 815/1395 2622/1378
f 2622/1378 815/1395 813/1404
f 2677/1216 2649/1247 2648/1230
f 2643/1270 2647/1286 2579/1225
f 2646/1285 2653/1319 2642/1303
f 2548/1392 2545/1379 2645/1362
f 2893/1322 2666/1305 2644/1344
f 2644/1344 2667/1345 814/1376
f 2642/1303 2647/1286 2643/1270
f 2642/1303 2643/1270 2646/1285
f 2655/1359 2660/1341 2654/1318
f 2648/1230 2649/1247 2641/1261
f 2640/1284 2578/1253 2641/1261
f 2639/1403 2638/1417 1338/1428
f 2638/1417 2635/1439 2668/1440
f 2670/1402 2637/1426 2636/1416
f 2636/1416 2635/1439 2638/1417
f 2637/1426 2635/1439 2636/1416
f 2634/1449 154/1448 2633/1473
f 813/1404 2639/1403 1338/1428
f 2671/1427 2631/1415 2632/1438
f 432/1425 2632/1438 2631/1415
f 2629/612 2630/623 2628/634
f 2627/645 2629/612 2628/634
f 2624/1512 2626/1525 2625/1538
f 2607/1488 1400/1489 1398/1467
f 2619/1451 811/1430 2613/1461
f 2618/599 2845/611 2844/586
f 2609/1419 2623/1405 2622/1378
f 2621/4609 973/4613 2815/4610
f 2620/546 2574/531 2610/558
f 2609/1419 811/1430 2623/1405
f 811/1430 2619/1451 2547/1429
f 1400/1489 2615/1516 446/1530
f 2607/1488 2615/1516 1400/1489
f 2618/1509 2612/1476 2617/1499
f 2559/437 1366/409 2568/410
f 2616/1549 132/1524 364/1548
f 2607/1488 688/1506 2615/1516
f 500/1493 2615/1516 688/1506
f 2615/1516 500/1493 446/1530
f 2611/1465 2614/1453 812/1442
f 2612/1476 2619/1451 2613/1461
f 2611/1465 974/1484 498/1500
f 809/1441 2610/1463 2554/1479
f 2609/1419 1399/1454 812/1442
f 2608/1498 2607/1488 1401/1444
f 1401/1444 2607/1488 1398/1467
f 498/1500 2606/1482 2611/1465
f 684/1510 504/1483 2606/1482
f 133/1511 2701/1501 504/1483
f 132/1524 2616/1549 2626/1525
f 826/1299 2703/1280 2704/1248
f 2628/1508 2613/1461 2624/1512
f 2608/1498 195/1475 551/1494
f 2553/4628 2593/4643 2583/4635
f 2613/1461 2617/1499 2612/1476
f 484/1316 549/1338 2703/1280
f 2703/1280 2658/1317 2640/1284
f 2658/1317 2657/1374 2664/1358
f 2703/1280 549/1338 546/1339
f 546/1339 548/1357 2658/1317
f 2669/1389 2657/1374 548/1357
f 2573/1393 2622/1378 2623/1405
f 2547/1429 2619/1451 2697/1462
f 2579/1225 968/1254 2582/1226
f 504/1483 2701/1501 2613/1461
f 2702/545 2575/516 2620/546
f 2550/570 2702/545 2620/546
f 2613/1461 811/1430 2614/1453
f 2624/1512 2627/1535 2628/1508
f 2545/1379 2570/1324 2645/1362
f 2619/1451 2857/1478 2697/1462
f 2614/1453 2606/1482 504/1483
f 132/1524 2626/1525 2701/1501
f 551/1494 688/1506 2608/1498
f 2609/1419 1401/1444 1399/1454
f 2612/1476 2618/1509 2857/1478
f 2699/1418 2573/1393 2623/1405
f 2557/4624 2558/4634 2553/4628
f 809/1441 2542/1431 2699/1418
f 2698/1407 2700/1394 2545/1379
f 1336/1420 2543/1432 2679/1443
f 2698/1407 2543/1432 1336/1420
f 2587/1256 2682/1306 970/1289
f 2542/1431 1268/1455 2679/1443
f 1268/1455 2556/1487 2679/1443
f 2699/1418 2546/1406 2548/1392
f 2576/596 2577/598 2550/570
f 2650/1304 2571/1288 968/1254
f 2647/1286 967/1271 2579/1225
f 2698/1407 2546/1406 2542/1431
f 2697/600 2894/587 2696/597
f 2547/1429 2696/1477 3676/1480
f 809/1441 1268/1455 2542/1431
f 2542/1431 2546/1406 2699/1418
f 1267/517 2544/502 2695/484
f 2545/1379 2700/1394 2570/1324
f 966/4612 2557/4624 972/4618
f 2694/1200 2535/1163 2693/1182
f 2527/1110 2537/1140 2533/1130
f 2535/1163 2533/1130 2536/1154
f 1329/1183 2693/1182 2536/1154
f 2535/1163 2694/1200 2580/1195
f 2537/1140 2715/1152 2718/1168
f 2784/1117 2692/1135 2534/1074
f 2691/1059 2534/1074 964/1043
f 2789/994 2786/1007 2774/1015
f 2533/1130 2784/1117 2912/1096
f 976/4675 2690/4679 2689/4666
f 2690/4679 2820/4678 2689/4666
f 2782/1149 2581/1196 2586/1178
f 2683/4652 2589/4665 2688/4655
f 2688/4655 2588/4629 2687/4645
f 2584/4637 2683/4652 2687/4645
f 2588/4629 2688/4655 2879/4644
f 2568/410 2561/450 2559/437
f 2686/4651 2555/4642 2591/4657
f 2561/1529 2555/1515 2565/1502
f 2684/387 2685/352 2592/353
f 1332/4303 1330/4311 2586/4307
f 2683/4652 2583/4635 2590/4653
f 2574/531 2554/544 2610/558
f 2571/1288 2682/1306 2587/1256
f 2557/4624 966/4612 2681/4623
f 2556/4641 2680/4632 2679/4649
f 2680/4632 2886/4640 2679/4649
f 1334/1242 2582/1226 2587/1256
f 2541/261 977/335 2594/317
f 2555/4642 2561/4668 2568/4663
f 2553/4628 972/4618 2557/4624
f 2872/4658 2590/4653 2593/4643
f 978/4669 2592/4674 3129/4676
f 2557/4624 2681/4623 2680/4632
f 2591/4657 2555/4642 2568/4663
f 2589/4665 2683/4652 2590/4653
f 2588/4629 2552/4625 2584/4637
f 2582/1226 968/1254 2587/1256
f 1330/4311 2783/4315 2586/4307
f 2586/4307 2585/4300 1332/4303
f 2569/1212 2847/1243 2585/1227
f 2586/1178 2569/1212 2585/1227
f 2563/1539 2560/1540 2565/1502
f 1268/1455 2565/1502 2556/1487
f 2569/1212 2581/1196 2582/1226
f 2583/4635 2584/4637 2552/4625
f 2580/1195 2582/1226 2581/1196
f 2578/1253 2643/1270 2579/1225
f 810/1452 2577/1464 2576/1481
f 2575/516 2574/531 2620/546
f 2622/1378 2573/1393 2549/1361
f 2699/1418 2547/1429 809/1441
f 968/1254 2571/1288 2587/1256
f 2572/1325 2571/1288 2570/1324
f 2569/1212 2582/1226 1334/1242
f 2567/369 2591/400 2568/410
f 2565/1502 2564/1528 2563/1539
f 2695/484 2566/501 1267/517
f 2562/1514 2565/1502 2566/1485
f 2564/1528 2565/1502 2562/1514
f 2562/496 980/452 2563/481
f 2561/450 2560/468 2559/437
f 2559/437 2560/468 2563/481
f 2555/4642 2558/4634 2557/4624
f 2556/4641 2555/4642 2557/4624
f 2554/544 2574/531 2544/502
f 972/4618 2553/4628 2552/4625
f 1336/1420 2700/1394 2698/1407
f 810/571 2576/596 2550/570
f 2550/570 2577/598 2551/585
f 2582/1226 2580/1195 2579/1225
f 2702/545 2550/570 2551/585
f 2548/1392 2645/1362 2549/1361
f 2549/1361 2573/1393 2548/1392
f 2580/1195 2581/1196 2971/1177
f 2620/546 810/571 2550/570
f 2547/1429 2577/1464 810/1452
f 2648/1230 2578/1253 2579/1225
f 2548/1392 2546/1406 2545/1379
f 2546/1406 2698/1407 2545/1379
f 2783/1164 2778/1125 2782/1149
f 809/1441 2554/1479 2544/1486
f 1366/409 2567/369 2568/410
f 2679/1443 2543/1432 2542/1431
f 2552/4625 2553/4628 2583/4635
f 2686/4651 2558/4634 2555/4642
f 2541/261 2690/299 976/314
f 2583/4635 2683/4652 2584/4637
f 2686/386 2685/352 2684/387
f 2778/1125 2781/1138 2777/1106
f 2800/4322 2824/4327 2781/4324
f 2779/1064 2795/1124 2778/1125
f 984/981 2919/1017 2915/1030
f 2791/969 2540/979 2789/994
f 962/1073 2538/1092 2779/1064
f 2539/998 2786/1007 2540/979
f 2540/979 2788/993 2539/998
f 2775/1029 2691/1059 964/1043
f 1360/1101 2538/1092 2776/1088
f 2536/1154 2537/1140 820/1169
f 2535/1163 2782/1149 2532/1137
f 2534/1074 2692/1135 1359/1118
f 2532/1137 1359/1118 2533/1130
f 2536/1154 2693/1182 2535/1163
f 2533/1130 2537/1140 2536/1154
f 1359/1118 2532/1137 1361/1105
f 2531/947 2522/954 2530/955
f 2504/1080 2525/1108 2529/1081
f 2524/1127 2528/1151 2526/1139
f 2526/1139 2715/1152 2527/1110
f 2524/1127 2525/1108 2504/1080
f 2785/1053 2775/1029 2728/1022
f 2605/1050 2728/1022 2729/1020
f 2517/937 2523/926 2516/913
f 2498/948 2522/954 2517/937
f 2531/947 2517/937 2522/954
f 2530/955 2522/954 2787/963
f 2521/983 2787/963 2499/964
f 2513/997 2521/983 2499/964
f 2520/894 2519/903 2516/913
f 2823/877 2518/880 2520/894
f 1042/897 2519/903 2518/880
f 1044/916 2517/937 2516/913
f 2518/880 2519/903 2520/894
f 2518/880 2515/870 2514/869
f 2509/982 2513/997 2499/964
f 1341/1010 2512/1012 800/986
f 2511/996 1341/1010 1340/1021
f 2509/982 2495/971 2511/996
f 2498/948 2517/937 1044/916
f 2511/996 2510/1009 2509/982
f 2717/1143 797/1133 2508/1113
f 797/1133 2716/1144 2507/1114
f 2505/1095 824/1097 2506/1128
f 2503/1067 823/1035 2504/1080
f 2495/971 2509/982 2499/964
f 2502/965 2731/973 2501/957
f 992/938 2500/949 805/927
f 2500/949 2502/965 2501/957
f 2495/971 2499/964 2498/948
f 2496/958 2498/948 1043/940
f 803/915 1042/897 957/904
f 2497/967 2495/971 2498/948
f 806/966 2497/967 2496/958
f 956/1051 1340/1021 801/1052
f 2495/971 2497/967 806/966
f 1043/940 804/939 2496/958
f 1380/3820 808/3805 1386/3806
f 800/986 2512/1012 2495/971
f 1341/1010 2511/996 2495/971
f 2603/1034 2729/1020 2511/996
f 2529/1081 2527/1110 2912/1096
f 2529/1081 2605/1050 2503/1067
f 2524/1127 2526/1139 2525/1108
f 823/1035 2505/1095 2504/1080
f 2504/1080 2604/1109 2524/1127
f 2524/1127 2604/1109 2602/1129
f 2602/1129 2604/1109 2505/1095
f 823/1035 2503/1067 2603/1034
f 2600/1153 2602/1129 2506/1128
f 2505/1095 2604/1109 2504/1080
f 2597/1057 2601/1041 799/1027
f 2506/1128 824/1097 2507/1114
f 2601/1041 801/1052 800/986
f 956/1051 823/1035 1340/1021
f 2505/1095 2506/1128 2602/1129
f 955/1084 960/1132 2508/1113
f 2596/1082 959/1111 955/1084
f 2529/1081 2503/1067 2504/1080
f 806/966 800/986 2495/971
f 2508/1113 960/1132 2733/1142
f 2600/1153 2524/1127 2602/1129
f 2527/1110 2525/1108 2526/1139
f 2511/996 823/1035 2603/1034
f 2500/949 2501/957 804/939
f 800/986 806/966 2599/974
f 806/966 2501/957 2599/974
f 2500/949 992/938 2598/956
f 992/3807 1396/3808 2598/3821
f 2597/1057 801/1052 2601/1041
f 2595/1087 2596/1082 801/1052
f 2501/957 2732/985 2599/974
f 3598/4520 3595/4525 3592/4516
f 1973/5397 2011/5395 1952/5402
f 3545/538 3552/543 3491/567
f 2478/3248 2459/3249 2108/3246
f 143/589 1411/577 2983/565
f 1622/2000 1634/1979 2191/1993
f 2280/3960 2393/3969 2333/3977
f 2477/2836 1302/2818 2059/2852
f 2173/4966 2197/4965 2127/4957
f 2320/2912 2341/2939 2415/2931
f 2169/3255 2476/3247 2107/3250
f 2199/2866 1139/2860 2475/2848
f 2473/5948 2243/5950 2474/5949
f 2453/4958 2024/4963 2022/4969
f 2160/6145 2166/6144 2155/6137
f 2472/6683 3472/6686 3501/6684
f 1801/3195 1935/3205 1786/3172
f 2359/2929 2377/2928 2360/2948
f 868/3316 2203/3315 2020/3339
f 5330/4993 1255/4983 5357/4998
f 2433/3429 1761/3434 1823/3422
f 3670/1634 3685/1650 4386/1635
f 2472/6683 2326/6680 2256/6685
f 1484/1806 2238/1821 2235/1836
f 1561/2666 1559/2641 1600/2655
f 1291/3089 2355/3118 2352/3105
f 2404/4710 2274/4701 2423/4702
f 1304/4934 893/4938 2117/4925
f 2471/3059 2470/3044 3280/3038
f 785/3078 2409/3063 2458/3077
f 2012/5399 1957/5393 1959/5403
f 2468/432 3504/420 2469/407
f 3291/2951 2467/2978 2466/2995
f 2467/6425 2317/6421 2466/6418
f 1848/3060 1804/3073 1805/3090
f 2301/4486 2219/4477 2229/4481
f 2396/3058 2401/3030 2494/3070
f 2360/2948 2366/2959 2361/2972
f 1625/2575 1609/2582 1624/2566
f 1947/6233 1942/6234 1948/6235
f 3481/5929 3612/5927 3478/5923
f 3329/4749 3325/4750 3326/4748
f 2327/2943 2303/2925 2421/2932
f 3224/6172 2493/6168 2492/6163
f 2366/2959 2398/2973 2337/2986
f 3229/3153 3228/3178 3381/3152
f 2362/6415 2466/6418 2317/6421
f 2362/6415 2323/6417 2466/6418
f 2491/3016 2470/3044 2401/3030
f 3295/2962 1113/2961 3288/2991
f 3628/1683 1159/1694 2490/1670
f 3673/1660 2490/1670 2489/1682
f 3349/4729 4365/4732 3350/4726
f 2257/1943 2298/1951 2262/1952
f 1704/2684 1664/2680 1716/2688
f 3589/1733 2240/1748 2234/1720
f 1686/2647 2290/2634 1660/2646
f 772/4527 2487/4524 1697/4508
f 2488/4535 2487/4524 2232/4534
f 2238/4538 2488/4535 2232/4534
f 3496/5943 3502/5946 3495/5941
f 2239/4537 2237/4529 2488/4535
f 2487/4524 2488/4535 2237/4529
f 1701/4151 771/4181 1837/4182
f 2219/4477 2301/4486 2211/4485
f 2181/3251 2476/3247 2169/3255
f 2473/5948 2474/5949 2486/5945
f 2477/2836 2485/2835 3425/2800
f 2259/2435 2484/2439 911/2428
f 2221/4478 2253/4475 2220/4471
f 1713/2700 1693/2697 1708/2694
f 2225/1921 2271/1932 2294/1924
f 2441/1980 2480/1972 2299/1966
f 3352/4741 3349/4729 3333/4736
f 2483/6366 2482/6372 2481/6369
f 2483/6366 3500/6370 2482/6372
f 2298/1951 2480/1972 2296/1964
f 2345/2923 2314/2913 2415/2931
f 846/3334 1897/3312 1856/3311
f 2063/2195 2201/2170 263/2184
f 2225/1921 2286/1914 2407/1918
f 2202/3275 2138/3262 2154/3282
f 2162/3289 2202/3275 2154/3282
f 2160/3252 2459/3249 2478/3248
f 2336/2955 2421/2932 2479/2941
f 2336/6142 2479/6138 2413/6135
f 1635/2510 1629/2509 1646/2512
f 2182/2513 1646/2512 1659/2515
f 2076/2031 2137/2023 2077/2037
f 2463/5203 2429/5202 1452/5200
f 778/4967 1887/4973 2140/4975
f 2104/3342 765/3318 895/3317
f 3395/5746 3396/5750 2435/5753
f 2462/5752 2431/5757 1178/5755
f 2070/1962 2057/1967 2049/1978
f 2145/1956 2144/1941 2146/1947
f 1615/2024 1501/2010 2076/2031
f 2481/6369 2482/6372 3389/6374
f 2147/1940 2461/1935 2144/1941
f 1133/3314 1131/3296 3210/3319
f 2460/5765 2434/5759 1143/5763
f 3489/593 3409/618 3410/630
f 2108/3246 2459/3249 2139/3253
f 3407/6588 3408/6591 2065/6589
f 2358/3298 2113/3281 2283/3280
f 2093/2239 2130/2237 1421/2236
f 1922/5257 2452/5267 1917/5258
f 1421/2236 2130/2237 2132/2211
f 2115/3259 2111/3272 2114/3266
f 3421/2817 1095/2833 3435/2834
f 884/2368 2040/2388 881/2381
f 2284/3013 2371/2967 2442/2996
f 3426/3330 3427/3345 3430/3355
f 2093/2239 1421/2236 2142/2255
f 2458/3077 2353/3110 785/3078
f 2455/2222 2457/2235 1138/2248
f 2160/6145 2456/6148 2166/6144
f 2198/2210 2457/2235 2455/2222
f 2063/2195 2198/2210 2455/2222
f 2017/3092 1841/3062 5090/3075
f 2187/3290 2186/3283 2207/3301
f 2024/4963 2453/4958 2101/4951
f 2454/4954 2101/4951 2453/4958
f 2396/3058 2399/3029 2401/3030
f 1739/4968 777/4962 2453/4958
f 899/3288 2209/3306 2203/3315
f 1914/5813 1915/5814 1906/5815
f 2089/1991 2193/1998 2196/1977
f 2375/2890 2465/2900 2464/2894
f 2168/3260 2114/3266 2332/3273
f 5024/6162 3219/6151 5025/6159
f 2446/2960 1373/2949 2291/2974
f 1764/5178 1866/5184 1965/5185
f 1954/5417 1834/5413 1836/5419
f 1816/3411 1861/3405 1812/3397
f 1972/5410 1947/5415 2009/5411
f 2001/6099 2003/6096 5095/6102
f 5095/6102 1795/6103 5097/6110
f 2005/6107 1949/6100 2002/6106
f 1968/5560 1963/5561 1987/5562
f 1961/5578 1991/5588 5098/5583
f 1963/5561 1961/5578 5099/5570
f 2009/5411 1959/5403 1972/5410
f 5087/6722 866/6723 5101/6724
f 2021/5261 1979/5273 1912/5278
f 1912/5278 865/5272 2021/5261
f 1985/5240 1426/5230 1612/5247
f 1881/5177 1763/5174 1966/5179
f 1877/5260 663/5269 650/5270
f 1990/5256 2443/5249 1931/5255
f 1990/5256 1925/5265 1879/5271
f 1881/5177 1992/5170 1763/5174
f 778/4967 2204/4971 2161/4964
f 2174/4972 2161/4964 2204/4971
f 1880/5176 1902/5173 1992/5170
f 1962/5574 1989/5568 1988/5581
f 646/5276 1889/5275 1878/5264
f 1818/3120 1790/3136 1777/3149
f 1178/5755 2444/5749 2462/5752
f 1931/5255 2443/5249 1926/5235
f 1909/5799 1912/5787 1980/5804
f 1767/5594 2006/5590 5102/5597
f 1903/5809 1901/5811 1908/5805
f 1908/5805 1909/5799 1903/5809
f 1987/5562 1986/5563 1968/5560
f 2372/2966 2328/2981 2442/2996
f 1945/3224 1937/3213 1936/3219
f 1978/5143 1895/5149 1885/5150
f 1894/5843 1893/5846 859/5832
f 2406/1988 2296/1964 2441/1980
f 2405/1989 2296/1964 2406/1988
f 2015/3150 1844/3124 5106/3140
f 1577/2488 847/2490 831/2484
f 1701/4151 2450/4169 771/4181
f 899/3288 2187/3290 2209/3306
f 1914/5277 1979/5273 1921/5266
f 1979/5273 2452/5267 1921/5266
f 1884/5831 1896/5821 2060/5826
f 1911/5818 2060/5826 1896/5821
f 1858/3408 1859/3418 1863/3420
f 1774/3413 1858/3408 1863/3420
f 859/5832 1899/5833 1910/5824
f 1765/3361 775/3378 1141/3387
f 1862/3407 1762/3384 1832/3392
f 1762/3384 1814/3383 1832/3392
f 1614/2671 1546/2679 1675/2682
f 2420/2940 2415/2931 2416/2953
f 2272/1930 2257/1943 2223/1931
f 2234/1720 2451/1734 3590/1709
f 1693/2697 2292/2708 1695/2705
f 1819/2709 1712/2706 1706/2701
f 1693/2697 1715/2690 1708/2694
f 772/4180 2450/4169 2232/4160
f 2294/1924 2272/1930 2222/1920
f 1691/2695 1703/2691 1694/2698
f 1690/2540 2227/2545 2407/2542
f 906/2547 2357/2551 2227/2545
f 2038/5771 2449/5773 3404/5768
f 2089/1991 2196/1977 2071/1983
f 2176/1949 2147/1940 2183/1957
f 2447/4472 2448/4476 2246/4470
f 1818/3120 1779/3091 1791/3107
f 1870/5800 1967/5810 1871/5807
f 1680/3033 1843/3019 1849/3031
f 2150/2936 2446/2960 770/2975
f 1843/3019 1851/3003 1372/2989
f 1764/5178 1966/5179 1763/5174
f 1992/5170 1736/5164 844/5168
f 2133/6535 1178/6534 2073/6530
f 2295/1946 2258/1937 2259/1953
f 1882/5153 1977/5146 1738/5155
f 1725/2087 1904/2089 2445/2084
f 1674/2526 1676/2528 1798/2527
f 1521/2615 1608/2625 5362/2637
f 2436/2467 1523/2466 5367/2470
f 3397/5758 2435/5753 2434/5759
f 3406/5748 2434/5759 2435/5753
f 1634/1979 1631/1987 2185/1970
f 1618/2017 1616/2026 839/2011
f 1604/2033 839/2011 1616/2026
f 1529/4138 1537/4122 1531/4140
f 1581/2654 1557/2629 1569/2632
f 730/4131 1529/4138 794/4146
f 1567/2602 1574/2612 1564/2619
f 1566/2657 1563/2630 5369/2667
f 1582/2664 1569/2632 1566/2657
f 1538/6705 1662/6706 1627/6707
f 1546/2679 1662/2687 1675/2682
f 2185/1970 1631/1987 1594/1986
f 1719/2704 1536/2702 1819/2709
f 1573/2580 1596/2573 1571/2581
f 1668/6937 2180/6938 2167/6939
f 1826/3126 1760/3098 2433/3127
f 1579/2499 1593/2498 1419/2496
f 1550/2501 1593/2498 1579/2499
f 258/2090 1725/2087 1891/2086
f 5371/4184 795/4164 5372/4192
f 1497/4165 1630/4174 5373/4185
f 2429/640 2440/616 1251/633
f 1246/621 2428/656 1251/633
f 2997/485 3004/519 2996/503
f 1181/607 2437/592 2439/580
f 2437/592 1181/607 2438/617
f 1236/5194 1494/5192 1234/5196
f 1535/4128 1601/4147 1538/4141
f 2486/5945 2474/5949 3468/5942
f 3597/4531 3598/4520 3650/4530
f 1701/4151 1626/4144 1482/4135
f 3466/1743 2432/1715 1261/1741
f 2432/1715 1264/1728 1261/1741
f 1466/1887 1511/1900 1510/1904
f 2112/3287 2110/3271 2121/3270
f 2058/3294 2112/3287 2121/3270
f 2098/2212 2131/2225 2189/2238
f 3407/615 3490/590 1148/595
f 1619/2585 1572/2579 1621/2572
f 1503/2005 1504/2007 2191/1993
f 725/4115 1472/4119 792/4123
f 1179/5762 2431/5757 2430/5761
f 3491/567 1179/579 2430/553
f 888/2331 889/2326 1147/2336
f 2429/5202 2428/5201 1452/5200
f 1516/2052 1506/2034 1489/2046
f 1489/2046 1491/2058 1516/2052
f 1720/2055 1516/2052 5375/2064
f 1941/6238 1943/6251 5108/6252
f 2344/4722 2408/4718 2365/4709
f 1535/4128 1537/4122 727/4118
f 1482/4135 1626/4144 835/4126
f 2246/4470 1109/4466 2447/4472
f 1800/3174 1797/3173 1999/3196
f 1690/2540 2407/2542 2287/2538
f 2231/4502 2249/4496 2267/4490
f 2359/2929 2150/2936 2369/2919
f 1727/3393 2026/3380 1744/3394
f 2394/3976 2395/3989 2390/3961
f 2399/3029 2339/3015 2337/2986
f 2356/3050 786/3051 921/3020
f 1842/3034 1372/2989 921/3020
f 1841/3062 2017/3092 2410/3109
f 1841/3062 1845/3093 1682/3076
f 1841/3062 2410/3109 1845/3093
f 1999/3196 1932/3206 1800/3174
f 2274/4701 4032/4698 2423/4702
f 2427/4458 1110/4460 3343/4457
f 2426/2440 2242/2429 2245/2436
f 2152/6130 2165/6133 2172/6136
f 1835/3194 1937/3213 1953/3214
f 1945/3224 1953/3214 1937/3213
f 1818/3120 1780/3099 1779/3091
f 2296/1964 2480/1972 2441/1980
f 2291/2974 1373/2949 1372/2989
f 2415/2931 2420/2940 2345/2923
f 2425/2990 863/2988 1678/3006
f 2425/2990 2446/2960 863/2988
f 2424/3049 2347/3045 2397/3071
f 2278/4711 2423/4702 2422/4703
f 1695/2548 2292/2558 1699/2554
f 2332/2968 2113/2998 2328/2981
f 2345/2923 2479/2941 2421/2932
f 2202/3275 2162/3289 2186/3283
f 2412/6124 2416/6126 919/6128
f 2419/6139 2168/6143 2332/6146
f 2414/6813 2417/6812 3691/6811
f 2336/6142 2413/6135 2419/6139
f 2414/6132 2413/6135 2479/6138
f 2172/6136 2165/6133 2157/6140
f 2414/2954 2420/2940 2417/2965
f 2419/6139 2152/6130 2172/6136
f 2419/6139 2172/6136 2168/6143
f 1806/1929 1798/1916 2418/1923
f 1667/1942 1806/1929 2285/1928
f 2420/2940 2416/2953 2417/2965
f 918/2964 2416/2953 2415/2931
f 1654/3036 1655/3011 2411/3005
f 2332/6146 2336/6142 2419/6139
f 2414/6132 2152/6130 2413/6135
f 2420/2940 2414/2954 2345/2923
f 2416/6126 2412/6124 2417/6123
f 2151/6122 2412/6124 768/6125
f 768/6125 2412/6124 919/6128
f 2149/2952 918/2964 2415/2931
f 1655/3011 919/2980 769/2976
f 1677/3021 2411/3005 770/2975
f 769/2976 2411/3005 1655/3011
f 1847/3046 1849/3031 1848/3060
f 2410/3109 2017/3092 5113/3122
f 2356/3050 2409/3063 785/3078
f 1678/3006 863/2988 1840/3032
f 1849/3031 1681/3048 1804/3073
f 1848/3060 1849/3031 1804/3073
f 920/3004 2347/3045 2424/3049
f 2425/2990 1678/3006 770/2975
f 2357/1938 2214/1945 2226/1933
f 2409/3063 2356/3050 922/3035
f 1291/3089 1117/3131 5002/3146
f 5092/3125 2353/3110 5116/3141
f 2354/3133 2355/3118 2353/3110
f 2352/3105 2354/3133 2353/3110
f 2352/3105 2355/3118 2354/3133
f 2491/3016 2351/3000 2350/2994
f 2349/2987 2348/3017 1303/3001
f 920/3004 2348/3017 2347/3045
f 2345/2923 2346/2914 2315/2904
f 2312/2898 2315/2904 2346/2914
f 2344/4722 2343/4719 2342/4723
f 2312/2898 2316/2892 2315/2904
f 3302/2862 2331/2870 2329/2851
f 2341/2939 2340/2950 2149/2952
f 2341/6776 2325/6777 2340/6778
f 2337/2986 2339/3015 2338/2985
f 2284/3297 2112/3287 2059/3305
f 2421/2932 2336/2955 2327/2943
f 1095/2957 2374/2933 3302/2956
f 2333/4731 2335/4739 2334/4730
f 2327/2943 2336/2955 2332/2968
f 2328/2981 2113/2998 2358/3012
f 2421/2932 2346/2914 2345/2923
f 2248/4473 2246/4470 2448/4476
f 2329/2851 2331/2870 2330/2869
f 2328/2981 2327/2943 2332/2968
f 2470/3044 2471/3059 2401/3030
f 2245/2436 2256/2450 2326/2445
f 2320/6779 2325/6777 2341/6776
f 2324/6804 2323/6807 917/6805
f 917/6805 2323/6807 2322/6809
f 2302/2924 2321/2916 2304/2899
f 2320/2912 2305/2897 2307/2902
f 2317/6421 2319/6426 2318/6419
f 2315/2904 2316/2892 2305/2897
f 2345/2923 2315/2904 2314/2913
f 2305/2897 2314/2913 2315/2904
f 2311/2905 2312/2898 3682/2915
f 2310/2893 2312/2898 2311/2905
f 2313/2889 2312/2898 2310/2893
f 2316/2892 2312/2898 2313/2889
f 3508/2863 2329/2851 2330/2869
f 2310/2893 2311/2905 2304/2899
f 2309/2917 2304/2899 2311/2905
f 2308/2895 2306/2888 916/2891
f 2308/2895 2307/2902 2306/2888
f 2305/2897 2316/2892 2306/2888
f 2304/2899 2303/2925 2302/2924
f 2303/2925 2327/2943 2373/2942
f 2406/2459 2297/2454 2405/2448
f 2278/4711 2404/4710 2423/4702
f 3962/4694 2422/4703 2423/4702
f 2278/4711 2422/4703 2403/4713
f 2402/3937 2386/3932 2279/3943
f 76/3929 3369/3933 75/3930
f 3362/3966 2400/3959 2384/3942
f 2333/4731 2381/4727 2277/4724
f 2401/3030 2399/3029 2337/2986
f 2402/3937 2279/3943 2387/3951
f 2394/3976 2390/3961 2400/3959
f 2399/3029 2347/3045 2348/3017
f 2366/2959 2376/2935 2398/2973
f 2399/3029 2348/3017 2349/2987
f 1290/3087 2396/3058 2494/3070
f 5111/3159 2355/3118 5117/3158
f 2350/6429 2351/6430 2319/6426
f 2397/3071 2347/3045 2396/3058
f 2353/3110 2458/3077 2352/3105
f 2376/6427 2318/6419 2319/6426
f 2319/6426 2398/6431 2376/6427
f 2352/3105 2397/3071 1291/3089
f 2397/3071 2396/3058 1291/3089
f 2388/3998 2395/3989 2394/3976
f 2394/3976 3368/3997 2388/3998
f 2390/3961 2393/3969 2279/3943
f 2392/3978 2383/3999 2333/3977
f 2279/3943 2391/3949 2390/3961
f 1307/4738 2334/4730 2389/4744
f 2388/3998 2383/3999 2395/3989
f 2278/4711 2387/4721 2280/4725
f 2384/3942 2386/3932 47/3936
f 2384/3942 47/3936 2385/3948
f 2384/3942 2391/3949 2386/3932
f 2335/4007 2383/3999 2388/3998
f 2391/3949 2400/3959 2390/3961
f 2383/3999 2335/4007 2333/3977
f 4002/4717 2408/4718 3350/4726
f 2240/1748 2382/1766 2234/1720
f 2334/4730 2342/4723 2381/4727
f 2334/4730 2335/4739 2389/4744
f 2426/2440 2245/2436 2326/2445
f 2379/4714 2380/4705 2365/4709
f 1109/4466 2247/4468 2378/4463
f 3305/2907 2282/2896 2464/2894
f 1153/2447 2297/2454 2447/2458
f 2370/2910 2308/2895 2368/2909
f 2377/2928 2370/2910 2368/2909
f 2337/2986 2491/3016 2401/3030
f 2369/6780 2340/6778 2325/6777
f 2377/2928 2376/2935 2360/2948
f 2369/2919 2370/2910 2359/2929
f 2323/6417 2324/6422 2466/6418
f 2150/2936 2340/2950 2369/2919
f 2465/2900 3299/2908 2464/2894
f 2360/2948 2376/2935 2366/2959
f 2375/2890 2310/2893 2304/2899
f 2327/2943 2328/2981 2372/2966
f 3298/2918 2321/2916 2374/2933
f 2373/2942 2372/2966 2371/2967
f 2374/2933 2321/2916 2302/2924
f 2059/2852 1302/2818 3508/2863
f 2331/2982 2371/2967 2330/2997
f 2327/2943 2372/2966 2373/2942
f 2377/2928 2359/2929 2370/2910
f 2307/2902 2370/2910 2369/2919
f 2324/2979 3292/2963 3291/2951
f 2363/6416 2368/6423 2367/6428
f 2304/2899 2309/2917 2303/2925
f 2309/2917 2421/2932 2303/2925
f 916/6424 2322/6420 2363/6416
f 2308/2895 916/2891 2367/2901
f 2333/4731 2277/4724 2280/4725
f 2442/2996 2371/2967 2372/2966
f 2366/2959 2338/2985 2361/2972
f 2274/4701 2276/4715 2365/4709
f 2365/4709 2276/4715 2343/4719
f 2325/6777 2307/6781 2369/6780
f 2284/3013 2330/2997 2371/2967
f 2306/2888 2364/2887 916/2891
f 2318/6419 2363/6416 2362/6415
f 2362/6415 2317/6421 2318/6419
f 2349/2987 2338/2985 2339/3015
f 1373/2949 2361/2972 2349/2987
f 2359/2929 2360/2948 1373/2949
f 2110/3271 2171/3264 2121/3270
f 2284/3297 2059/3305 2330/3320
f 2358/3012 2284/3013 2442/2996
f 2284/3297 2358/3298 2283/3280
f 2112/3287 2284/3297 2283/3280
f 2169/3255 2115/3259 2114/3266
f 2150/2936 2359/2929 1373/2949
f 1373/2949 2446/2960 2150/2936
f 2302/2924 2303/2925 2373/2942
f 2307/2902 2308/2895 2370/2910
f 2306/2888 2307/2902 2305/2897
f 2364/2887 2282/2896 916/2891
f 2325/6777 2320/6779 2307/6781
f 2406/2459 3334/2464 2297/2454
f 2333/4731 2334/4730 2381/4727
f 2448/2465 2447/2458 3334/2464
f 2393/3969 2392/3978 2333/3977
f 1698/4513 2218/4499 2016/4512
f 2343/4719 2276/4715 2342/4723
f 2404/4710 2278/4711 2281/4720
f 2280/3960 2279/3943 2393/3969
f 2278/4711 2277/4724 2281/4720
f 2279/3943 2280/3960 2387/3951
f 2281/4720 2276/4715 2275/4716
f 2277/4724 2278/4711 2280/4725
f 2274/4701 2404/4710 2275/4716
f 2275/4716 2276/4715 2274/4701
f 1698/4513 1718/4522 1714/4517
f 2233/4511 3592/4516 2250/4506
f 2221/4478 2268/4487 2254/4482
f 2252/2434 2273/2443 2255/2438
f 2252/2434 1315/2441 2273/2443
f 2257/1943 2272/1930 2271/1932
f 2272/1930 2294/1924 2271/1932
f 2268/4487 2270/4497 2269/4492
f 2268/4487 2221/4478 2267/4490
f 2221/4478 2211/4485 2267/4490
f 2266/2444 2245/2436 2255/2438
f 2223/1931 2258/1937 2265/1925
f 2263/1948 2056/1939 2264/1934
f 2262/1952 2259/1953 2258/1937
f 2261/4509 3443/4500 2249/4496
f 911/2428 2260/2432 2259/2435
f 2262/1952 2258/1937 2257/1943
f 1155/4469 1310/4479 1158/4484
f 2472/6683 2256/6685 2243/6687
f 2241/2433 2255/2438 2245/2436
f 2253/4475 2254/4482 1311/4483
f 2252/2434 2241/2433 911/2428
f 2252/2434 2255/2438 2241/2433
f 1318/2457 2251/2461 914/2453
f 2249/4496 2231/4502 2250/4506
f 2248/4473 2228/4474 2247/4468
f 2247/4468 2246/4470 2248/4473
f 3443/4500 2269/4492 2270/4497
f 1954/3225 1836/3220 1933/3216
f 2245/2436 2243/2456 2256/2450
f 2250/4506 3593/4519 3560/4515
f 2243/2456 2245/2436 2244/2449
f 2243/2456 2244/2449 2474/2460
f 2253/4475 1155/4469 2220/4471
f 3542/2452 2273/2443 1315/2441
f 2266/2444 2244/2449 2245/2436
f 914/2453 2251/2461 1156/2451
f 2249/4496 2250/4506 2261/4509
f 2044/6367 909/6362 3492/6365
f 2241/2433 2242/2429 910/2421
f 2247/4468 2220/4471 2378/4463
f 1109/4466 2246/4470 2247/4468
f 1158/4484 1310/4479 1164/4489
f 3648/1696 3591/1685 3590/1709
f 2234/1720 3996/1747 2451/1734
f 1718/2703 1693/2697 1713/2700
f 1480/4137 1481/4130 1477/4127
f 2382/1766 2240/1748 2239/1784
f 2238/1821 1484/1806 2239/1784
f 2237/4529 2236/4518 2487/4524
f 3589/4536 2236/4518 2237/4529
f 2240/1748 2237/1765 2239/1784
f 1478/1837 1484/1806 2235/1836
f 2239/6922 2488/6923 2238/6924
f 2232/4160 2235/4159 2238/4179
f 2232/4160 1482/4135 2235/4159
f 2234/1720 2382/1766 1485/1783
f 2234/1720 1485/1783 3995/1764
f 2227/2545 1690/2540 906/2547
f 1479/1856 2235/1836 3588/1865
f 1697/4508 2236/4518 2233/4511
f 2232/4160 2450/4169 1701/4151
f 2224/4523 1837/4528 771/4533
f 1697/4508 2231/4502 2218/4499
f 2228/4474 2230/4480 2229/4481
f 2232/4160 1701/4151 1482/4135
f 1819/4152 1702/4161 1711/4171
f 1565/2631 1567/2602 1563/2630
f 1715/2690 1716/2688 1708/2694
f 2225/1921 2227/1926 2226/1933
f 1837/4528 2224/4523 1714/4517
f 1697/4508 1714/4517 2224/4523
f 772/4527 1697/4508 2224/4523
f 2222/1920 2272/1930 2223/1931
f 1704/2684 1685/2681 1663/2668
f 2219/4477 2221/4478 2220/4471
f 2267/4490 2249/4496 2268/4487
f 2217/4504 2218/4499 2210/4494
f 2210/2557 905/2550 2212/2552
f 2210/2557 2216/2559 905/2550
f 2213/1960 2215/1944 2214/1945
f 1690/2540 1838/2544 906/2547
f 1690/2540 1692/2541 1838/2544
f 1838/2544 2212/2552 905/2550
f 2211/4485 2210/4494 2267/4490
f 2216/4495 2210/4494 2211/4485
f 2212/2552 1838/2544 1700/2549
f 2218/4499 2217/4504 1699/4507
f 2357/2551 906/2547 2214/2553
f 2299/1966 2480/1972 2298/1951
f 2301/1975 2299/1966 2213/1960
f 2300/1965 2216/1974 2213/1960
f 2213/1960 2214/1945 2300/1965
f 2221/4478 2219/4477 2211/4485
f 2216/4495 2211/4485 2301/4486
f 2220/4471 2228/4474 2219/4477
f 2228/4474 2229/4481 2219/4477
f 2301/1975 2213/1960 2216/1974
f 2226/1933 2214/1945 2215/1944
f 2210/4494 2218/4499 2267/4490
f 2218/4499 2231/4502 2267/4490
f 2216/2559 2300/2556 905/2550
f 2300/2556 2214/2553 905/2550
f 2271/1932 2225/1921 2226/1933
f 2299/1966 2229/1982 2230/1990
f 2299/1966 2298/1951 2213/1960
f 2299/1966 2230/1990 2441/1980
f 2298/1951 2215/1944 2213/1960
f 2298/1951 2257/1943 2271/1932
f 2271/1932 2215/1944 2298/1951
f 2296/1964 2405/1989 3498/1981
f 2405/2448 2297/2454 1163/2442
f 2259/1953 2262/1952 2296/1964
f 2265/1925 2258/1937 2264/1934
f 910/2421 1259/2418 2053/2410
f 2289/1913 2222/1920 790/1915
f 2263/2423 912/2424 2061/2420
f 2258/1937 2295/1946 2264/1934
f 911/2428 912/2424 2260/2432
f 2265/1925 2264/1934 2148/1922
f 2258/1937 2223/1931 2257/1943
f 2478/3248 2456/3256 2160/3252
f 2295/1946 2263/1948 2264/1934
f 2011/3445 1988/3443 1864/3426
f 1864/3426 1981/3440 2011/3445
f 2148/1922 2144/1941 2461/1935
f 1376/1907 2293/1906 1377/1909
f 2265/1925 790/1915 2222/1920
f 2222/1920 2288/1917 2294/1924
f 1672/2614 2290/2634 1686/2647
f 1676/2528 903/2530 1813/2529
f 790/1915 904/1908 2289/1913
f 1683/2532 1689/2535 2293/2534
f 2292/4521 1718/4522 1698/4513
f 2287/2538 2293/2534 1689/2535
f 1679/3002 2291/2974 1851/3003
f 1544/2613 2290/2634 1672/2614
f 2179/1958 2182/1971 2163/1959
f 2163/1959 1852/1936 2179/1958
f 1673/2635 2167/2622 1672/2614
f 1663/2668 1660/2646 1556/2645
f 1546/2679 1614/2671 1628/2663
f 768/3321 919/3347 1655/3332
f 2145/1956 2057/1967 2143/1955
f 2148/1922 2175/1927 789/1919
f 2289/1913 1377/1909 2288/1917
f 2222/1920 2289/1913 2288/1917
f 2225/1921 2288/1917 2286/1914
f 2287/1911 2407/1918 2286/1914
f 1377/1909 2287/1911 2286/1914
f 791/1912 1813/1910 904/1908
f 1377/1909 2286/1914 2288/1917
f 2148/1922 790/1915 2265/1925
f 2148/1922 2264/1934 2056/1939
f 2175/1927 2461/1935 2147/1940
f 2181/6147 2168/6143 2172/6136
f 2096/4949 2106/4939 2100/4944
f 2070/1962 2071/1983 2196/1977
f 2147/1940 2178/1968 2184/1963
f 1853/3349 2208/3325 2195/3324
f 1622/2000 1632/2012 1633/2001
f 2067/1992 2177/1984 2196/1977
f 1667/1942 2285/1928 1852/1936
f 2145/2411 2052/2405 2050/2386
f 1635/1969 2183/1957 2185/1970
f 1646/2512 1586/2514 1650/2516
f 2185/1970 2184/1963 1634/1979
f 1597/2605 1605/2604 2180/2623
f 2183/1957 2184/1963 2185/1970
f 2180/2522 1667/2521 1653/2519
f 2179/1958 2183/1957 1635/1969
f 2182/1971 2179/1958 1635/1969
f 2166/6144 2456/6148 2181/6147
f 1669/2523 1667/2521 2180/2522
f 1886/5147 1892/5144 1978/5143
f 1672/2614 1605/2604 1607/2593
f 2184/1963 2183/1957 2147/1940
f 2183/1957 2179/1958 2176/1949
f 1634/1979 2178/1968 2177/1984
f 2184/1963 2178/1968 1634/1979
f 1852/1936 2176/1949 2179/1958
f 2147/1940 2176/1949 1852/1936
f 1852/1936 2285/1928 789/1919
f 789/1919 2175/1927 1852/1936
f 2161/4964 2174/4972 2173/4966
f 2126/4959 2161/4964 2173/4966
f 2166/6144 2181/6147 2172/6136
f 2159/6141 2155/6137 2170/6131
f 2153/6127 2170/6131 2156/6134
f 2107/3250 872/3258 2171/3264
f 2154/3282 2138/3262 2170/3274
f 2168/3260 2181/3251 2169/3255
f 2138/3262 2159/3261 2170/3274
f 2180/2623 1605/2604 2167/2622
f 2037/2327 2085/2344 2088/2345
f 1820/3336 1645/3360 1822/3350
f 2166/6144 2157/6140 2155/6137
f 2153/6127 2156/6134 2165/6133
f 2164/5839 1883/5835 1900/5830
f 2136/3327 1853/3349 1765/3361
f 1765/3361 1657/3364 2136/3327
f 1666/2518 2163/2517 1659/2515
f 2162/3289 2158/3299 1856/3311
f 2160/6145 2155/6137 2159/6141
f 2161/4964 2126/4959 901/4955
f 850/3322 2158/3299 767/3310
f 2139/3253 2160/3252 2159/3261
f 2459/3249 2160/3252 2139/3253
f 767/3310 2158/3299 2154/3282
f 2155/6137 2157/6140 2156/6134
f 2165/6133 2156/6134 2157/6140
f 2153/6127 768/6125 2154/6129
f 2154/6129 2170/6131 2153/6127
f 2151/6122 2153/6127 2152/6130
f 2152/6130 2414/6132 2151/6122
f 1762/3384 1644/3370 845/3369
f 2171/3264 872/3258 2121/3270
f 2166/6144 2172/6136 2157/6140
f 2169/3255 2114/3266 2168/3260
f 2155/6137 2156/6134 2170/6131
f 2165/6133 2152/6130 2153/6127
f 2149/2952 2150/2936 769/2976
f 2056/1939 2146/1947 2148/1922
f 2147/1940 2143/1955 2070/1962
f 2145/1956 2146/1947 2051/1954
f 2143/1955 2147/1940 2144/1941
f 2070/1962 2143/1955 2057/1967
f 2144/1941 2145/1956 2143/1955
f 2142/4946 1137/4941 2129/4945
f 2068/2338 2037/2327 2088/2345
f 2154/3282 2158/3299 2162/3289
f 1765/3361 1853/3349 776/3372
f 1887/2113 2141/2120 2140/2129
f 2138/3262 873/3257 2139/3253
f 2139/3253 873/3257 2108/3246
f 1501/2010 2137/2023 2076/2031
f 2139/3253 2159/3261 2138/3262
f 2148/1922 2146/1947 2144/1941
f 3398/3286 2485/3293 2477/3304
f 2019/3340 2136/3327 1656/3354
f 2135/3308 897/3295 765/3318
f 868/3316 2124/3328 896/3307
f 285/2140 2205/2160 784/2139
f 2201/2170 784/2139 2205/2160
f 2099/4948 2083/4960 2188/4956
f 2195/3324 2208/3325 2207/3301
f 2207/3301 2208/3325 2209/3306
f 2136/3327 2209/3306 2208/3325
f 1726/5161 1737/5158 1740/5163
f 2200/2137 2174/2150 2140/2129
f 2109/3375 2026/3380 2023/3379
f 1898/3300 2195/3324 2207/3301
f 1853/3349 2136/3327 2208/3325
f 1887/4973 778/4967 1739/4968
f 2136/3327 2203/3315 2209/3306
f 1748/3363 2109/3375 2020/3339
f 2207/3301 2209/3306 2187/3290
f 2074/2009 2206/2030 2137/2023
f 2079/2029 2206/2030 2074/2009
f 2141/2120 2200/2137 2140/2129
f 2141/2120 1920/2118 2200/2137
f 2201/2170 2205/2160 263/2184
f 255/2163 263/2184 2205/2160
f 1887/2113 1728/2102 1731/2107
f 2141/2120 1887/2113 1731/2107
f 2162/3289 1856/3311 1897/3312
f 783/2148 2173/2169 2174/2150
f 2140/4975 2204/4971 778/4967
f 2140/4975 2174/4972 2204/4971
f 2136/3327 2019/3340 2203/3315
f 2138/3262 2202/3275 874/3267
f 1646/2512 2182/2513 1635/2510
f 2128/2172 2201/2170 892/2196
f 2173/2169 783/2148 2194/2183
f 2074/2009 2035/2022 2079/2029
f 2141/2120 1731/2107 1920/2118
f 2200/2137 783/2148 2174/2150
f 2200/2137 1920/2118 782/2127
f 1746/3381 1866/3403 780/3396
f 2190/2224 2039/2213 2199/2241
f 2164/5839 1885/5837 1895/5845
f 2127/4957 2197/4965 2083/4960
f 1826/3404 1823/3422 1788/3417
f 263/2184 2198/2210 2063/2195
f 2194/2183 2083/2209 2197/2194
f 2194/2183 2082/2198 2083/2209
f 892/2196 2039/2213 2092/2186
f 2173/2169 2194/2183 2197/2194
f 1622/2000 2191/1993 1504/2007
f 1745/6689 856/6690 1743/6691
f 1971/5584 1962/5574 1988/5581
f 2207/3301 2186/3283 1898/3300
f 592/2105 867/2101 1723/2097
f 2137/2023 2206/2030 2033/2036
f 2196/1977 2177/1984 2178/1968
f 1721/2094 1904/2089 1724/2092
f 1821/3323 2195/3324 1898/3300
f 2095/2171 2082/2198 2194/2183
f 2196/1977 2193/1998 2067/1992
f 2188/4956 2096/4949 2099/4948
f 2127/4957 2083/4960 2099/4948
f 1304/4934 2117/4925 2192/4928
f 2048/2357 2087/2351 2071/2363
f 731/2325 2029/2317 887/2320
f 1634/1979 2177/1984 2191/1993
f 2067/1992 2191/1993 2177/1984
f 1420/2020 1636/2013 1633/2001
f 2093/2239 2098/2212 2189/2238
f 2031/6528 2072/6529 3407/6526
f 1421/2236 2132/2211 2190/2224
f 2189/2238 2130/2237 2093/2239
f 2188/4956 2081/4961 2096/4949
f 2126/4959 2173/4966 2127/4957
f 2187/3290 899/3288 874/3267
f 874/3267 2186/3283 2187/3290
f 2085/2002 2089/1991 2086/1997
f 2089/1991 2084/2003 2193/1998
f 1501/2010 1503/2005 2067/1992
f 2067/1992 1503/2005 2191/1993
f 2087/2351 2088/2345 2086/2356
f 2086/2356 2071/2363 2087/2351
f 2196/1977 2178/1968 2070/1962
f 2086/1997 2089/1991 2071/1983
f 2089/1991 2085/2002 2084/2003
f 2037/2327 2084/2337 2085/2344
f 2201/2170 2063/2195 892/2196
f 2081/2226 2188/2240 2083/2209
f 1737/5158 1728/5156 1887/5160
f 2082/2198 2081/2226 2083/2209
f 2073/6530 1178/6534 2080/6532
f 1498/2038 1615/2024 1456/2039
f 1458/2048 1498/2038 1456/2039
f 1615/2024 2076/2031 1456/2039
f 2079/2319 1416/2315 2029/2317
f 2078/6396 555/6391 877/6384
f 2077/2037 2137/2023 2033/2036
f 2076/2031 2077/2037 2033/2036
f 731/2325 1455/2334 2032/2323
f 1507/2354 1457/2340 733/2348
f 2075/2015 2035/2022 2074/2009
f 2075/2015 2074/2009 2066/2004
f 2044/2430 1260/2422 2064/2426
f 2079/2319 2035/2324 1416/2315
f 2073/2328 2031/2318 787/2322
f 2073/6530 2072/6529 2031/6528
f 2069/2369 2048/2357 2071/2363
f 2070/1962 2069/1985 2071/1983
f 2086/2356 2088/2345 2085/2344
f 2069/1985 2070/1962 2049/1978
f 2068/2338 2028/2339 2041/2332
f 2037/2327 2036/2330 2084/2337
f 2074/2009 2067/1992 2066/2004
f 1165/6590 2030/6587 2065/6589
f 2067/1992 2193/1998 2066/2004
f 2074/2009 2137/2023 1501/2010
f 902/2382 1146/2376 882/2358
f 2444/2365 1178/2353 2134/2359
f 1259/2418 909/2425 2064/2426
f 2063/2195 2455/2222 1120/2223
f 892/2196 2063/2195 1120/2223
f 2062/6716 1150/6715 908/6719
f 2053/2410 2061/2420 912/2424
f 1900/5830 1883/5835 2060/5826
f 2059/3305 2058/3294 2477/3304
f 2038/2387 2046/2395 902/2382
f 2146/1947 2056/1939 2051/1954
f 2145/1956 2050/1976 2057/1967
f 2053/2410 2051/2415 2056/2417
f 2055/2393 2038/2387 881/2381
f 2055/2393 880/2394 2054/2406
f 2051/2415 2053/2410 2052/2405
f 2051/2415 2052/2405 2145/2411
f 2056/2417 2061/2420 2053/2410
f 2050/1976 2049/1978 2057/1967
f 2050/2386 884/2368 2049/2380
f 884/2368 2069/2369 2049/2380
f 884/2368 882/2358 2048/2357
f 2047/5764 2046/5769 3404/5768
f 2047/2396 902/2382 2046/2395
f 1260/2422 2045/2427 908/2419
f 2053/2410 1258/2402 2052/2405
f 2059/3305 2112/3287 2058/3294
f 1260/2422 2044/2430 2043/2431
f 2088/2345 2087/2351 2068/2338
f 1258/2402 2042/2407 880/2394
f 2054/2406 880/2394 2042/2407
f 787/2322 2027/2321 2041/2332
f 2041/2332 2027/2321 2037/2327
f 1258/2402 880/2394 2040/2388
f 2055/5775 2449/5773 2038/5771
f 2039/2213 891/2227 1140/2242
f 881/2381 2038/2387 883/2375
f 1416/2315 2036/2330 2037/2327
f 3394/2335 2036/2330 2035/2324
f 1459/2349 1147/2336 2034/2350
f 1456/2039 2076/2031 2033/2036
f 1456/2333 2033/2329 2032/2323
f 1508/2366 1507/2354 1500/2360
f 788/2316 2031/2318 2030/2313
f 2029/2317 1165/2314 887/2320
f 1151/2352 2028/2339 2068/2338
f 1416/2315 2027/2321 788/2316
f 1416/2315 2035/2324 2036/2330
f 2134/2359 2028/2339 1151/2352
f 2096/4949 2125/4940 2106/4939
f 2133/2346 2028/2339 1178/2353
f 2133/2346 2073/2328 2028/2339
f 2041/2332 2028/2339 2073/2328
f 2131/2225 2094/2185 2132/2211
f 2090/2161 2095/2171 783/2148
f 2091/2197 2132/2211 2094/2185
f 2142/4946 2129/4945 2093/4953
f 2131/2225 2130/2237 2189/2238
f 2091/2197 2190/2224 2132/2211
f 2097/4950 2093/4953 2129/4945
f 2125/4940 2097/4950 2129/4945
f 784/2139 2128/2172 2090/2161
f 2126/4959 2127/4957 2120/4952
f 783/2148 2095/2171 2194/2183
f 2106/4939 2125/4940 2119/4929
f 2117/4925 2105/4935 2119/4929
f 784/2139 876/2119 285/2140
f 899/3288 1126/3279 874/3267
f 2125/4940 2129/4945 1128/4930
f 1128/4930 2119/4929 2125/4940
f 2102/3366 870/3341 2101/3365
f 2124/3328 2103/3343 895/3317
f 875/3263 2123/3269 872/3258
f 872/3258 2122/3278 2121/3270
f 2120/4952 2099/4948 893/4938
f 2105/4935 2117/4925 893/4938
f 2117/4925 2119/4929 1129/4922
f 2117/4925 1129/4922 2118/4921
f 875/3263 886/3268 2116/3276
f 2107/3250 2171/3264 2115/3259
f 2122/3278 3398/3286 2121/3270
f 2114/3266 2113/3281 2332/3273
f 2110/3271 2112/3287 2111/3272
f 2024/3362 2020/3339 2109/3375
f 873/3257 900/3265 871/3254
f 2107/3250 2108/3246 871/3254
f 2100/4944 2106/4939 2105/4935
f 2113/3281 2114/3266 2283/3280
f 895/3317 2103/3343 2104/3342
f 1304/3344 2104/3342 2103/3343
f 2203/3315 868/3316 899/3288
f 2101/4951 894/4947 2102/4943
f 2102/4943 893/4938 1304/4934
f 2102/3366 1304/3344 2103/3343
f 2102/3366 2103/3343 870/3341
f 1126/3279 900/3265 874/3267
f 2283/3280 2111/3272 2112/3287
f 2111/3272 2115/3259 2110/3271
f 2107/3250 2115/3259 2169/3255
f 2107/3250 2476/3247 2108/3246
f 2020/3339 2024/3362 869/3353
f 2101/3365 870/3341 869/3353
f 869/3353 2024/3362 2101/3365
f 894/4947 2101/4951 2454/4954
f 901/4955 2126/4959 2120/4952
f 2099/4948 2096/4949 2100/4944
f 2098/2212 2081/2226 2082/2198
f 2094/2185 2131/2225 2098/2212
f 2131/2225 2132/2211 2130/2237
f 2093/4953 2097/4950 2096/4949
f 2082/2198 2095/2171 2094/2185
f 2098/2212 2082/2198 2094/2185
f 2097/4950 2125/4940 2096/4949
f 2090/2161 2094/2185 2095/2171
f 2098/2212 2093/2239 2081/2226
f 2096/4949 2081/4961 2093/4953
f 2090/2161 2128/2172 2092/2186
f 2091/2197 2090/2161 2092/2186
f 2091/2197 2094/2185 2090/2161
f 1677/3021 1751/3037 1753/3054
f 1727/4977 2025/4974 2023/4970
f 1748/3363 862/3389 2026/3380
f 2023/3379 2026/3380 1727/3393
f 2025/4974 1739/4968 2022/4969
f 2022/4969 2024/4963 2023/4970
f 2109/3375 2023/3379 2024/3362
f 2025/4974 1727/4977 1739/4968
f 1897/3312 846/3334 1820/3336
f 1771/3409 1642/3400 853/3388
f 1764/5178 780/5182 1866/5184
f 1637/3358 1808/3382 1807/3377
f 2020/3339 2019/3340 1748/3363
f 1754/5776 2018/5785 1998/5788
f 862/3389 1744/3394 2026/3380
f 592/2105 615/2117 890/2112
f 537/2126 600/2111 890/2112
f 2018/5785 1755/5781 1854/5790
f 1414/5784 1768/5780 1912/5787
f 1998/5788 2018/5785 5119/5795
f 5121/5796 1854/5790 5122/5802
f 1996/5250 2021/5261 866/5268
f 5105/5586 1872/5577 5124/5580
f 1855/5615 1758/5610 1854/5617
f 5125/5619 1758/5610 5126/5618
f 1845/3093 2410/3109 5114/3123
f 1794/6782 1950/6783 1796/6784
f 1787/3135 1796/3119 1950/3148
f 1847/3046 1850/3074 1839/3047
f 1752/3061 1839/3047 1850/3074
f 5129/3064 786/3051 5130/3079
f 1699/4507 2016/4512 2218/4499
f 5106/3140 1845/3093 5127/3139
f 1918/5564 1969/5569 1874/5576
f 5097/6110 2015/6113 5134/6116
f 1795/6103 1803/6112 2015/6113
f 1803/3134 1844/3124 2015/3150
f 1802/6095 2000/6098 2004/6092
f 1864/3426 1783/3425 1774/3413
f 1955/5387 2013/5400 5136/5398
f 1855/5615 1756/5613 1758/5610
f 1873/5606 1767/5594 5103/5601
f 1996/6727 2007/6725 5144/6729
f 1998/5788 865/5783 1754/5776
f 2007/6725 1996/6727 866/6723
f 851/5582 1784/5585 1874/5576
f 2006/5590 1767/5594 852/5587
f 2005/6107 2002/6106 5146/6114
f 1944/6255 1939/6245 1938/6254
f 2003/6096 2004/6092 2000/6098
f 2001/6099 2002/6106 1949/6100
f 2003/6096 2000/6098 1795/6103
f 1953/3214 1999/3196 1835/3194
f 2003/6096 2001/6099 2014/6093
f 1949/6100 2014/6093 2001/6099
f 2014/6093 2004/6092 2003/6096
f 2002/6106 2001/6099 5128/6109
f 1943/6111 2005/6107 5138/6115
f 1795/6103 2000/6098 1950/6101
f 1949/6100 2005/6107 1944/6104
f 1938/6097 1801/6094 2014/6093
f 5151/5405 1970/5396 5152/5408
f 1946/5416 1972/5410 1834/5413
f 1834/5413 1954/5417 1946/5416
f 1959/5403 2010/5404 2012/5399
f 1999/3196 1953/3214 1933/3216
f 5154/6253 2010/6243 5156/6249
f 2010/5404 1970/5396 2012/5399
f 1971/5392 2011/5395 1956/5389
f 2009/6236 2008/6239 2010/6243
f 1948/6235 2008/6239 2009/6236
f 5157/6242 1948/6235 5159/6246
f 5156/6249 2008/6239 5158/6248
f 1981/3440 1952/3450 2011/3445
f 1879/5271 1921/5266 1990/5256
f 1810/3431 1809/3430 1781/3441
f 1781/3441 1960/3447 1810/3431
f 1961/5578 1964/5589 1991/5588
f 1988/5581 1989/5568 1919/5575
f 1973/5397 1952/5402 1958/5401
f 1911/5818 1900/5830 2060/5826
f 1987/5562 1963/5561 5100/5565
f 1968/5560 1986/5563 5163/5567
f 1986/5563 1987/5562 5162/5566
f 1982/5254 1985/5240 1923/5263
f 1916/5243 1984/5236 1983/5231
f 866/5792 1998/5788 5123/5798
f 1983/5231 1995/5229 1997/5228
f 1872/5577 851/5582 1969/5569
f 1983/5231 1994/5242 1916/5243
f 1426/5230 1929/5234 1928/5227
f 1997/5228 1928/5227 1983/5231
f 1916/5243 1996/5250 1984/5236
f 1984/5236 1995/5229 1983/5231
f 1995/5229 1984/5236 5083/5244
f 1922/5257 1916/5243 1994/5242
f 5084/5252 1996/5250 5145/5262
f 1922/5257 1994/5242 1990/5256
f 1985/5024 1424/5025 1924/5026
f 1931/5255 1925/5265 1990/5256
f 1997/5228 1995/5229 1993/5226
f 1926/5235 2443/5249 1994/5242
f 1924/5026 1424/5025 660/5029
f 1426/5230 1928/5227 1993/5226
f 1911/5818 774/5816 1906/5815
f 1993/5226 1995/5229 5170/5232
f 4982/5233 1993/5226 5174/5238
f 1864/3426 1865/3432 1981/3440
f 1994/5242 1983/5231 1926/5235
f 1928/5227 1926/5235 1983/5231
f 659/5030 1923/5027 1924/5026
f 1985/5024 1924/5026 1923/5027
f 1822/3350 1639/3373 776/3372
f 1930/5248 1929/5234 1982/5254
f 1963/5561 1918/5564 1989/5568
f 1768/5780 865/5783 1912/5787
f 1902/5173 773/5167 1992/5170
f 1908/5805 1901/5811 1976/5812
f 1929/5234 1426/5230 1985/5240
f 1877/5260 1931/5255 1930/5248
f 1931/5255 1926/5235 1930/5248
f 1929/5234 1930/5248 1927/5241
f 1926/5235 1928/5227 1927/5241
f 1424/5025 1985/5024 1612/5028
f 1929/6864 1985/6865 1982/6866
f 5176/5031 1612/5028 5177/5034
f 1925/5265 1878/5264 1889/5275
f 1924/5026 661/5032 659/5030
f 1923/5263 659/5274 663/5269
f 1921/5266 2452/5267 1922/5257
f 1879/5271 1925/5265 1889/5275
f 626/2108 1888/2121 596/2114
f 885/2106 1920/2118 1731/2107
f 1783/3425 1919/3438 1874/3439
f 1874/5576 1919/5575 1918/5564
f 1647/3399 1641/3385 1815/3398
f 1917/5258 1916/5243 1922/5257
f 1996/5250 1916/5243 1917/5258
f 1922/5257 1990/5256 1921/5266
f 1900/5830 1910/5824 1899/5833
f 846/3334 849/3335 898/3359
f 1915/5814 1875/5820 1905/5817
f 2021/5261 2452/5267 1979/5273
f 1913/5819 1914/5813 774/5816
f 1912/5787 1907/5793 1414/5784
f 1910/5824 1911/5818 1905/5817
f 861/3390 1748/3363 1746/3381
f 844/5168 1763/5174 1992/5170
f 1757/5603 856/5604 1766/5598
f 1912/5787 1909/5799 1907/5793
f 1909/5799 1908/5805 1907/5793
f 1908/5805 1413/5794 1907/5793
f 1882/5153 1738/5155 1733/5157
f 1906/5815 1905/5817 1911/5818
f 1721/2094 1730/2098 1904/2089
f 1893/5151 1892/5144 1886/5147
f 859/5832 1886/5842 1899/5833
f 1902/5827 1901/5836 1903/5828
f 1880/5841 1901/5836 1902/5827
f 1736/5164 1992/5170 773/5167
f 1673/2635 1670/2648 1674/2660
f 1885/5837 2164/5839 1900/5830
f 1899/5833 1885/5837 1900/5830
f 1420/2497 1593/2498 1595/2500
f 1898/3300 1897/3312 1821/3323
f 1898/3300 2162/3289 1897/3312
f 773/5822 1896/5821 1884/5831
f 1736/5164 773/5167 1884/5159
f 1734/5166 1726/5161 1735/5169
f 1733/5157 1732/5162 1884/5159
f 2445/2084 1890/2083 1725/2087
f 2164/5839 1895/5845 1883/5835
f 1893/5846 1886/5842 859/5832
f 860/5834 568/5844 1894/5843
f 566/2095 1894/2091 568/2099
f 1894/2091 258/2090 1891/2086
f 566/2095 258/2090 1894/2091
f 1888/2121 595/2130 596/2114
f 1891/2086 1893/2088 1894/2091
f 1892/2085 1893/2088 1891/2086
f 1890/2083 1892/2085 1891/2086
f 1889/5275 647/5282 1876/5280
f 1888/5825 860/5834 858/5829
f 1737/5158 1887/5160 1740/5163
f 1899/5833 1886/5842 1885/5837
f 1884/5831 2060/5826 1883/5835
f 1882/5840 1884/5831 1883/5835
f 626/5838 860/5834 1888/5825
f 626/5838 568/5844 860/5834
f 1911/5818 1910/5824 1900/5830
f 1881/5177 1880/5176 1992/5170
f 1876/5280 1879/5271 1889/5275
f 650/5270 1878/5264 1877/5260
f 1875/5283 1876/5280 647/5282
f 663/5269 1877/5260 1923/5263
f 1877/5260 1930/5248 1982/5254
f 1923/5263 1877/5260 1982/5254
f 595/2130 1888/2121 1875/2141
f 1875/2141 521/2151 595/2130
f 1620/6827 1524/6828 1522/6829
f 847/2490 857/2491 1606/2487
f 858/5829 1910/5824 1905/5817
f 1882/5840 1883/5835 1895/5845
f 1888/5825 858/5829 1905/5817
f 1980/5804 1903/5809 1909/5799
f 1974/3444 1827/3449 1981/3440
f 1875/5820 1888/5825 1905/5817
f 1906/5815 1915/5814 1905/5817
f 1914/5277 1921/5266 1879/5271
f 1879/5271 1876/5280 1915/5281
f 1931/5255 1877/5260 1878/5264
f 1925/5265 1931/5255 1878/5264
f 1876/5280 1875/5283 1915/5281
f 1914/5813 1913/5819 1980/5823
f 1979/6786 1914/6787 1980/6788
f 1912/6789 1979/6786 1980/6788
f 1413/5794 1908/5805 1975/5806
f 1975/5186 1976/5181 1966/5179
f 1881/5177 1966/5179 1976/5181
f 1879/5271 1915/5281 1914/5277
f 1908/5805 1976/5812 1975/5806
f 1903/5828 1980/5823 1913/5819
f 774/5816 1911/5818 1896/5821
f 1978/5143 1977/5146 1895/5149
f 1882/5153 1895/5149 1977/5146
f 773/5822 1902/5827 1913/5819
f 1913/5819 1902/5827 1903/5828
f 1881/5177 1976/5181 1880/5176
f 1880/5176 1976/5181 1901/5183
f 1836/6867 1831/6868 1934/6869
f 1859/6814 1860/6815 1857/6816
f 1975/5806 1967/5810 1870/5800
f 1974/3444 1865/3432 1825/3436
f 1981/3440 1865/3432 1974/3444
f 855/5600 1869/5605 1785/5592
f 1971/3451 1988/3443 2011/3445
f 1981/3440 1827/3449 1952/3450
f 1783/3425 1864/3426 1919/3438
f 1972/5410 1829/5409 1834/5413
f 1956/5389 1973/5397 1957/5393
f 1973/5397 1956/5389 2011/5395
f 1972/5410 1958/5401 1829/5409
f 1864/3426 1988/3443 1919/3438
f 1971/5584 1964/5589 1961/5578
f 1963/5561 1968/5560 1918/5564
f 1918/5564 1919/5575 1989/5568
f 1970/5396 1955/5387 1957/5393
f 1872/5577 1969/5569 1968/5560
f 1918/5564 1968/5560 1969/5569
f 1965/5185 1967/5187 1966/5179
f 1965/5185 1871/5188 1967/5187
f 1971/5392 1956/5389 1964/5386
f 5124/5580 1968/5560 5164/5572
f 1989/5568 1962/5574 1963/5561
f 1963/5561 1962/5574 1961/5578
f 5160/5388 1955/5387 5178/5390
f 2012/5399 1970/5396 1957/5393
f 1960/3447 1830/3442 1810/3431
f 1958/5401 1972/5410 1959/5403
f 1973/5397 1958/5401 1957/5393
f 1970/5396 2013/5400 1955/5387
f 2009/5411 2010/5404 1959/5403
f 1935/3205 1801/3195 1938/3215
f 1956/5389 1955/5387 1964/5386
f 1961/5578 1962/5574 1971/5584
f 1955/5387 1956/5389 1957/5393
f 1954/3225 1953/3214 1946/3232
f 1958/5401 1952/5402 1829/5409
f 1793/3160 1950/3148 1951/3171
f 1802/3185 1951/3171 1950/3148
f 1802/3185 1793/3160 1951/3171
f 1933/3216 1836/3220 1934/3197
f 1949/6100 1944/6104 1938/6097
f 2014/6093 1949/6100 1938/6097
f 1941/6238 1939/6245 1943/6251
f 1948/6235 1942/6234 1941/6238
f 1947/6233 1946/6240 1940/6237
f 2009/6236 1947/6233 1948/6235
f 1946/3232 1953/3214 1945/3224
f 1945/6244 1936/6250 1940/6237
f 1946/6240 1945/6244 1940/6237
f 1944/6255 1943/6251 1939/6245
f 1941/6238 1942/6234 1940/6237
f 1940/6237 1939/6245 1941/6238
f 1936/6250 1939/6245 1940/6237
f 1953/3214 1954/3225 1933/3216
f 1939/6245 1936/6250 1938/6254
f 1936/3219 1937/3213 1935/3205
f 1835/3194 1935/3205 1937/3213
f 1800/3174 1932/3206 1934/3197
f 1936/3219 1935/3205 1938/3215
f 1797/3173 1835/3194 1999/3196
f 1797/3173 1799/3161 1787/3135
f 1932/3206 1999/3196 1933/3216
f 1824/5418 1830/5420 1836/5419
f 1947/6233 1940/6237 1942/6234
f 1947/5415 1972/5410 1946/5416
f 1833/3176 1800/3174 1934/3197
f 1786/3172 1935/3205 1835/3194
f 1834/5413 1828/5414 1824/5418
f 1834/5413 1829/5409 1828/5414
f 1836/5419 1834/5413 1824/5418
f 1777/3149 1833/3176 1781/3163
f 1814/3383 1807/3377 1832/3392
f 1932/3206 1933/3216 1934/3197
f 1824/3437 1828/3448 1825/3436
f 1830/5420 1960/5422 1831/5421
f 1836/5419 1830/5420 1831/5421
f 1829/5409 1952/5402 1827/5412
f 1825/3436 1828/3448 1827/3449
f 1716/2688 1665/2685 1661/2683
f 1812/3397 1808/3382 1826/3404
f 1810/3431 1830/3442 1824/3437
f 1826/3404 1816/3411 1812/3397
f 1817/3424 1789/3423 1825/3436
f 1825/3436 1789/3423 1824/3437
f 1824/3437 1789/3423 1810/3431
f 1823/3422 1778/3435 1809/3430
f 1781/3163 1833/3176 1960/3186
f 1820/3336 1822/3350 1821/3323
f 1702/4161 1819/4152 1626/4144
f 1707/2696 1602/2693 1717/2699
f 1555/2562 1624/2566 1610/2563
f 1773/3446 1778/3435 1761/3434
f 1818/3120 1778/3142 1773/3097
f 1789/3423 1817/3424 1816/3411
f 1826/3404 1788/3417 1816/3411
f 1774/3413 1647/3399 1815/3398
f 845/3369 1652/3368 1814/3383
f 1798/2527 1676/2528 1813/2529
f 1808/3382 1811/3391 1807/3377
f 1808/3382 1812/3397 1811/3391
f 1809/3430 1810/3431 1788/3417
f 1823/3422 1809/3430 1788/3417
f 1651/3065 1760/3098 1808/3096
f 1773/3097 1749/3053 1780/3099
f 2000/6098 1802/6095 1950/6101
f 1807/3377 1814/3383 1652/3368
f 1826/3126 1808/3096 1760/3098
f 1798/2527 1806/2525 1669/2523
f 1798/2527 1669/2523 1674/2526
f 2292/2708 1693/2697 1718/2703
f 1682/3076 1805/3090 1804/3073
f 1796/6784 1803/6785 1794/6782
f 1786/3172 1802/3185 1801/3195
f 1790/3136 1799/3161 1777/3149
f 1802/3185 1786/3172 1793/3160
f 1797/3173 1800/3174 1799/3161
f 1798/1916 791/1912 789/1919
f 1777/3149 1799/3161 1800/3174
f 1835/3194 1797/3173 1786/3172
f 1796/3119 1787/3135 1792/3106
f 2004/6092 1801/6094 1802/6095
f 1803/6112 1795/6103 1794/6108
f 1793/3160 1787/3135 1950/3148
f 1795/6103 1950/6101 1794/6108
f 1787/3135 1791/3107 1792/3106
f 1790/3136 1791/3107 1787/3135
f 1810/3431 1789/3423 1788/3417
f 1797/3173 1787/3135 1786/3172
f 1784/3433 1785/3427 1770/3414
f 1787/3135 1793/3160 1786/3172
f 1783/3425 1782/3428 1775/3419
f 1770/3414 1775/3419 1782/3428
f 1781/3441 1809/3430 1778/3435
f 1816/3411 1788/3417 1789/3423
f 1780/3099 1759/3082 1779/3091
f 1778/3142 1777/3149 1781/3163
f 1777/3149 1778/3142 1818/3120
f 1778/3435 1823/3422 1761/3434
f 1757/5603 1767/5594 1776/5607
f 1783/3425 1775/3419 1774/3413
f 1749/3053 1759/3082 1780/3099
f 776/3372 1640/3386 853/3388
f 1644/3370 1641/3385 1639/3373
f 851/5582 1874/5576 1969/5569
f 863/2988 2291/2974 1679/3002
f 1761/3112 1750/3081 1773/3097
f 1770/3414 1772/3415 1771/3409
f 1768/5780 1769/5777 1754/5776
f 1767/5594 1766/5598 852/5587
f 854/5596 1785/5592 852/5587
f 1785/5592 1784/5585 852/5587
f 1784/3433 1782/3428 1874/3439
f 1783/3425 1874/3439 1782/3428
f 1758/5610 1776/5607 5179/5614
f 1776/5607 1873/5606 5140/5612
f 852/5587 1872/5577 2006/5590
f 1965/5185 1866/5184 1871/5188
f 1975/5806 1870/5800 1413/5794
f 1766/5598 1767/5594 1757/5603
f 1766/5598 856/5604 854/5596
f 1869/3421 1772/3415 1785/3427
f 1966/5179 1967/5187 1975/5186
f 1868/3416 1871/3410 1643/3395
f 1643/3395 1772/3415 1869/3421
f 1413/5794 1870/5800 1868/5789
f 1770/3414 1782/3428 1784/3433
f 1772/3415 1770/3414 1785/3427
f 1643/3395 1642/3400 1771/3409
f 1775/3419 1770/3414 1647/3399
f 1771/3409 1647/3399 1770/3414
f 1869/3421 1868/3416 1643/3395
f 1764/5178 1965/5185 1966/5179
f 1867/6692 1869/6696 855/6694
f 1867/6692 1868/6695 1869/6696
f 1867/6692 856/6690 1745/6689
f 1769/6693 1868/6695 1867/6692
f 1746/3381 1643/3395 1866/3403
f 1868/5789 1870/5800 1871/5807
f 1817/3424 1825/3436 1863/3420
f 1645/3360 1644/3370 1639/3373
f 1774/3413 1775/3419 1647/3399
f 1811/3391 1832/3392 1807/3377
f 1647/3399 1771/3409 853/3388
f 1762/3384 1862/3407 1858/3408
f 1863/3420 1865/3432 1864/3426
f 1859/3418 1858/3408 1862/3407
f 1811/3391 1812/3397 1861/3405
f 1859/6814 1862/6817 1860/6815
f 1857/3412 1811/3391 1861/3405
f 1857/3412 1860/3406 1811/3391
f 1860/3406 1832/3392 1811/3391
f 1825/3436 1865/3432 1863/3420
f 1863/3420 1859/3418 1817/3424
f 1762/3384 1858/3408 1815/3398
f 1857/3412 1861/3405 1816/3411
f 1817/3424 1857/3412 1816/3411
f 1859/3418 1857/3412 1817/3424
f 1643/3395 1871/3410 1866/3403
f 1860/3406 1862/3407 1832/3392
f 1814/3383 1762/3384 845/3369
f 846/3334 1856/3311 849/3335
f 850/3322 1856/3311 2158/3299
f 1742/5786 1855/5797 1854/5790
f 1755/5781 1742/5786 1854/5790
f 1686/2647 1688/2675 1687/2676
f 1822/3350 1853/3349 1821/3323
f 1819/2709 1706/2701 1719/2704
f 1661/2683 1602/2693 1716/2688
f 1528/2653 1532/2658 1534/2621
f 1852/1936 2163/1959 1666/1950
f 1708/2694 1706/2701 1713/2700
f 1752/3061 1850/3074 1779/3091
f 1791/3107 1779/3091 1850/3074
f 903/2530 1705/2531 1683/2532
f 1680/6898 1851/6899 1843/6900
f 1671/2659 1672/2614 1686/2647
f 1855/5797 1742/5786 1756/5791
f 1650/2516 1659/2515 1646/2512
f 1850/3074 1846/3072 1791/3107
f 1849/3031 864/3018 1679/3002
f 1849/3031 1847/3046 864/3018
f 1839/3047 1752/3061 1840/3032
f 1746/3381 780/3396 861/3390
f 1848/3060 1846/3072 1847/3046
f 1850/3074 1847/3046 1846/3072
f 1846/3072 1792/3106 1791/3107
f 1792/3106 1846/3072 1805/3090
f 1796/3119 1792/3106 1805/3090
f 1803/3134 1796/3119 1805/3090
f 1846/3072 1848/3060 1805/3090
f 1845/3093 1805/3090 1682/3076
f 1845/3093 1844/3124 1805/3090
f 1681/3048 1843/3019 1842/3034
f 1700/2549 1696/2543 1695/2548
f 1842/3034 1841/3062 1681/3048
f 1840/3032 1751/3037 1678/3006
f 1684/2689 1703/2691 1691/2695
f 1840/3032 864/3018 1839/3047
f 864/3018 1847/3046 1839/3047
f 1838/2544 1692/2541 1696/2543
f 2016/2560 1699/2554 2292/2558
f 1700/2549 1838/2544 1696/2543
f 1837/4182 1710/4170 1701/4151
f 1715/2690 1693/2697 1703/2691
f 1707/2696 1717/2699 1536/2702
f 1536/2702 1719/2704 1707/2696
f 1837/4528 1714/4517 1710/4532
f 1718/2703 1713/2700 1709/2707
f 1717/4145 1601/4147 1535/4128
f 1716/2688 1602/2693 1707/2696
f 1716/2688 1715/2690 1704/2684
f 1714/4517 1718/4522 1709/4526
f 1712/2706 1819/2709 1711/2710
f 1713/2700 1712/2706 1709/2707
f 1709/2707 1711/2710 1710/2711
f 1714/4517 1709/4526 1710/4532
f 1709/2707 1712/2706 1711/2710
f 1707/2696 1708/2694 1716/2688
f 1708/2694 1707/2696 1706/2701
f 1585/2603 1549/2617 1534/2621
f 1623/2674 1556/2645 1532/2658
f 1716/2688 1664/2680 1665/2685
f 1676/2528 1687/2533 1705/2531
f 1684/2689 1704/2684 1703/2691
f 1702/4161 1701/4151 1710/4170
f 1706/2701 1712/2706 1713/2700
f 1700/2549 1699/2554 2217/2555
f 2218/4499 1698/4513 1697/4508
f 1696/2543 1692/2541 1691/2539
f 1694/2546 1696/2543 1691/2539
f 1695/2548 1696/2543 1694/2546
f 1699/2554 1700/2549 1695/2548
f 1693/2697 1695/2705 1694/2698
f 1703/2691 1704/2684 1715/2690
f 1693/2697 1694/2698 1703/2691
f 1692/2541 1689/2535 1691/2539
f 1689/2535 1684/2537 1691/2539
f 1692/2541 1690/2540 1689/2535
f 1663/2668 1685/2681 1688/2675
f 1687/2676 1688/2675 1685/2681
f 1687/2533 1683/2532 1705/2531
f 1663/2668 1688/2675 1686/2647
f 1683/2532 1687/2533 1685/2536
f 1683/2532 2293/2534 903/2530
f 1683/2532 1685/2536 1684/2537
f 1689/2535 1683/2532 1684/2537
f 1684/2689 1685/2681 1704/2684
f 1841/3062 1682/3076 1681/3048
f 1804/3073 1681/3048 1682/3076
f 1680/3033 1679/3002 1851/3003
f 1849/3031 1679/3002 1680/3033
f 770/2975 1678/3006 1677/3021
f 1751/3037 1677/3021 1678/3006
f 903/2530 1676/2528 1705/2531
f 791/1912 1798/1916 1813/1910
f 1671/2659 1676/2669 1674/2660
f 1585/2603 1534/2621 1544/2613
f 1661/2683 1527/2672 1675/2682
f 1674/2660 1668/2649 1673/2635
f 1663/2668 1664/2680 1704/2684
f 1676/2669 1671/2659 1686/2647
f 1670/2648 1672/2614 1671/2659
f 1674/2526 1669/2523 1668/2524
f 1674/2660 1670/2648 1671/2659
f 1667/2521 1666/2518 1653/2519
f 1589/2495 1575/2492 1420/2497
f 1623/2674 1665/2685 1664/2680
f 1663/2668 1686/2647 1660/2646
f 1663/2668 1623/2674 1664/2680
f 1605/2604 1672/2614 2167/2622
f 1667/2521 1669/2523 1806/2525
f 1661/2683 1662/2687 1601/2692
f 1661/2683 1665/2685 1623/2674
f 1607/2593 1541/2586 1585/2603
f 1623/2674 1663/2668 1556/2645
f 2290/2634 1544/2613 1660/2646
f 1556/2645 1660/2646 1544/2613
f 1668/2649 2167/2622 1673/2635
f 1528/2653 1628/2663 1614/2671
f 1672/2614 1670/2648 1673/2635
f 1653/2519 1666/2518 1659/2515
f 1658/3371 1648/3348 1652/3368
f 898/3359 1658/3371 1652/3368
f 898/3359 1648/3348 1658/3371
f 1659/2515 2163/2517 2182/2513
f 2180/2522 1653/2519 1597/2520
f 2136/3327 1657/3364 1656/3354
f 1655/3332 1638/3333 767/3310
f 1655/3011 1654/3036 1638/3052
f 1650/2516 1653/2519 1659/2515
f 1648/3348 1637/3358 1652/3368
f 1808/3096 1637/3080 1651/3065
f 1637/3358 1807/3377 1652/3368
f 1668/2524 1669/2523 2180/2522
f 1598/2594 1650/2606 1586/2583
f 1597/2520 1653/2519 1650/2516
f 1650/2606 1598/2594 1597/2605
f 849/3335 1648/3348 898/3359
f 1649/5171 781/5180 779/5175
f 850/3322 1638/3333 1648/3348
f 853/3388 1640/3386 1647/3399
f 1587/2511 1646/2512 1629/2509
f 1611/4183 795/4164 1581/4173
f 1592/2503 1551/2505 1625/2507
f 1644/3370 1645/3360 846/3334
f 1642/3400 1643/3395 1141/3387
f 1820/3336 846/3334 1645/3360
f 1645/3360 1639/3373 1822/3350
f 1641/3385 1640/3386 1639/3373
f 776/3372 1639/3373 1640/3386
f 1637/3358 1648/3348 1638/3333
f 1651/3065 1637/3080 1638/3052
f 1141/3387 1747/3376 1765/3361
f 1734/5166 844/5168 1732/5162
f 1638/3052 1654/3036 1651/3065
f 1750/3081 1749/3053 1773/3097
f 779/5175 1764/5178 1763/5174
f 1641/3385 1647/3399 1640/3386
f 1762/3384 1641/3385 1644/3370
f 2433/3127 1760/3098 1761/3112
f 1750/3081 1761/3112 1760/3098
f 1752/3061 1759/3082 1753/3054
f 1757/5603 1743/5609 856/5604
f 1757/5603 1776/5607 1758/5610
f 1743/5609 1757/5603 1756/5613
f 1758/5610 1756/5613 1757/5603
f 1754/5776 1741/5779 1755/5781
f 1749/3053 1677/3021 1753/3054
f 1779/3091 1759/3082 1752/3061
f 1749/3053 1753/3054 1759/3082
f 1751/3037 1840/3032 1752/3061
f 1753/3054 1751/3037 1752/3061
f 1654/3036 2411/3005 1677/3021
f 862/3389 781/3401 1649/3402
f 1749/3053 1750/3081 1651/3065
f 1654/3036 1677/3021 1749/3053
f 1651/3065 1654/3036 1749/3053
f 1748/3363 1656/3354 1747/3376
f 1656/3354 1657/3364 1747/3376
f 1747/3376 1746/3381 1748/3363
f 1657/3364 1765/3361 1747/3376
f 1141/3387 1643/3395 1746/3381
f 1746/3381 1747/3376 1141/3387
f 1822/3350 776/3372 1853/3349
f 1743/5782 1741/5779 1745/5778
f 1649/3402 1744/3394 862/3389
f 1744/3394 1649/3402 1727/3393
f 1754/5776 1745/5778 1741/5779
f 1756/5791 1742/5786 1743/5782
f 1742/5786 1741/5779 1743/5782
f 1755/5781 1741/5779 1742/5786
f 1649/5171 1735/5169 1727/5165
f 1739/4968 1727/4977 1740/4976
f 1977/5146 1729/5152 1738/5155
f 1729/5152 1737/5158 1733/5157
f 1884/5159 1732/5162 1736/5164
f 1732/5162 844/5168 1736/5164
f 1735/5169 843/5172 1734/5166
f 1649/5171 843/5172 1735/5169
f 1732/5162 1733/5157 1726/5161
f 1737/5158 1726/5161 1733/5157
f 1726/5161 1734/5166 1732/5162
f 885/2106 1731/2107 1721/2094
f 1733/5157 1738/5155 1729/5152
f 1725/2087 1724/2092 1904/2089
f 1729/5152 1730/5154 1728/5156
f 1725/2087 1890/2083 1891/2086
f 1721/2094 1731/2107 1728/2102
f 1726/5161 1740/5163 1727/5165
f 258/2090 1722/2093 1725/2087
f 1722/2093 1724/2092 1725/2087
f 1722/2093 1723/2097 1724/2092
f 1721/2094 1724/2092 1723/2097
f 259/2096 1723/2097 1722/2093
f 1737/5158 1729/5152 1728/5156
f 1727/5165 1735/5169 1726/5161
f 1730/5154 1729/5152 1904/5148
f 1721/2094 1723/2097 867/2101
f 1440/2053 1518/2059 1489/2046
f 1506/2034 1720/2055 796/2047
f 841/6383 1448/6388 878/6381
f 796/2047 840/2060 764/2054
f 1525/2471 1603/2469 1522/2475
f 5367/2470 764/2473 5380/2477
f 1505/2027 1506/2034 1618/2017
f 1578/2571 1419/2577 1576/2578
f 1584/2568 1578/2571 1576/2578
f 1504/2007 839/2011 1622/2000
f 1524/2479 1620/2486 831/2484
f 1618/2017 1506/2034 763/2042
f 1621/2572 1584/2568 1576/2578
f 1604/2033 1616/2026 832/2041
f 1604/2033 848/2044 838/2028
f 1564/2619 1574/2612 5381/2627
f 1620/2595 1520/2589 1619/2585
f 1569/2632 1568/2620 1565/2631
f 1606/2487 831/2484 847/2490
f 1618/2017 1504/2007 1505/2027
f 1577/2488 831/2484 1620/2486
f 1619/2585 1577/2584 1620/2595
f 763/2042 1526/2032 1618/2017
f 1588/2019 1617/2018 838/2028
f 1616/2026 1618/2017 1526/2032
f 1615/2024 1499/2025 1502/2016
f 1490/2045 1442/2043 1505/2027
f 839/2011 1504/2007 1618/2017
f 839/2011 1617/2018 1622/2000
f 1622/2000 1633/2001 1634/1979
f 1595/2008 1633/2001 1636/2013
f 2185/1970 1594/1986 1635/1969
f 1577/2584 1621/2572 1576/2578
f 1631/1987 1634/1979 837/1994
f 1634/1979 1633/2001 837/1994
f 1632/2012 1622/2000 1588/2019
f 1541/2586 1607/2593 1591/2574
f 1622/2000 1617/2018 1588/2019
f 1594/1986 1631/1987 836/1999
f 5384/4157 1497/4165 5385/4177
f 794/4146 1599/4163 1581/4173
f 1594/2508 1625/2507 1629/2509
f 1468/1866 1513/1872 1471/1857
f 1537/4122 793/4124 1476/4114
f 1560/2618 1559/2641 1547/2628
f 1539/2662 1548/2640 1553/2652
f 1539/2662 1628/2663 1548/2640
f 1628/2663 1539/2662 1540/2678
f 1420/2497 1595/2500 1636/2502
f 1530/6708 1627/6707 1546/6710
f 1528/2653 1534/2621 1548/2640
f 1529/4138 730/4131 1537/4122
f 1542/2601 1560/2618 1547/2628
f 1553/2652 1561/2666 1539/2662
f 1584/2568 1621/2572 1583/2565
f 1819/4152 1536/4136 1626/4144
f 1672/2614 1607/2593 1544/2613
f 1573/2580 1567/2602 1543/2592
f 1587/2570 1625/2575 1624/2566
f 1529/4138 1562/4153 794/4146
f 1661/2683 1623/2674 1527/2672
f 1496/4111 725/4115 1462/4112
f 1717/2699 1602/2693 1601/2692
f 1599/4163 1562/4153 1600/4172
f 1567/2602 1565/2631 1568/2620
f 1621/2572 1572/2579 1583/2565
f 1573/2580 1590/2569 1596/2573
f 1598/2594 834/2588 1597/2605
f 1571/2581 1596/2573 1583/2565
f 1595/2008 1592/2006 837/1994
f 1594/2508 1629/2509 1635/2510
f 1592/2006 1594/1986 836/1999
f 1592/2503 1593/2498 1550/2501
f 1592/2503 1595/2500 1593/2498
f 1587/2511 1586/2514 1646/2512
f 1573/2580 1591/2574 1590/2569
f 1590/2569 1555/2562 1583/2565
f 1420/2020 1632/2012 1588/2019
f 1588/2019 848/2044 1589/2035
f 1624/2566 1555/2562 1587/2570
f 1573/2580 1574/2612 1567/2602
f 1587/2570 1554/2576 1586/2583
f 1625/2507 1594/2508 1592/2503
f 1542/2601 1549/2617 1585/2603
f 1580/2561 1584/2568 1583/2565
f 1569/2632 1582/2664 1581/2654
f 1578/2571 1580/2561 1579/2567
f 1575/2492 1577/2488 1576/2494
f 1419/2577 1578/2571 1579/2567
f 1574/2612 1573/2580 1570/2610
f 1590/2569 1583/2565 1596/2573
f 1580/2561 1583/2565 1555/2562
f 1573/2580 1571/2581 5389/2591
f 1572/2579 1571/2581 1583/2565
f 794/4146 1562/4153 1599/4163
f 1570/2610 1573/2580 5392/2599
f 1561/2666 1553/2652 1559/2641
f 1568/2620 1569/2632 1558/2611
f 1543/2592 1567/2602 1558/2611
f 1567/2602 1568/2620 1558/2611
f 1566/2657 1565/2631 1563/2630
f 1563/2630 1567/2602 1564/2619
f 1560/2618 1542/2601 1558/2611
f 1561/4162 1600/4172 1562/4153
f 1559/2641 1560/2618 1557/2629
f 1557/2629 1560/2618 1558/2611
f 1701/4151 1702/4161 1626/4144
f 1533/2644 1556/2645 1545/2633
f 1555/2562 1554/2576 1587/2570
f 1547/2628 1559/2641 1553/2652
f 1550/2501 1552/2504 1551/2505
f 1534/2621 1549/2617 1548/2640
f 1553/2652 1548/2640 1547/2628
f 1628/2663 1540/2678 1546/2679
f 1534/2621 1545/2633 1544/2613
f 1546/2679 1540/2678 1530/2686
f 1541/2586 1543/2592 1542/2601
f 1628/2663 1528/2653 1548/2640
f 1529/2677 1540/2678 1539/2662
f 1544/2613 1607/2593 1585/2603
f 1538/6705 1601/6709 1662/6706
f 1627/6707 1530/6708 1538/6705
f 1546/6710 1627/6707 1662/6706
f 1537/4122 1535/4128 1530/4132
f 1535/4128 835/4126 1536/4136
f 1534/2621 1533/2644 1545/2633
f 1706/2701 1707/2696 1719/2704
f 1556/2645 1533/2644 1532/2658
f 1529/4138 1531/4140 1530/4132
f 1540/2678 1529/2677 1530/2686
f 1528/2653 1527/2672 1532/2658
f 1623/2674 1532/2658 1527/2672
f 1527/2672 1528/2653 1614/2671
f 1675/2682 1527/2672 1614/2671
f 1530/4132 1535/4128 1538/4141
f 1533/2644 1534/2621 1532/2658
f 1662/2687 1661/2683 1675/2682
f 1544/2613 1545/2633 1556/2645
f 1537/4122 1530/4132 1531/4140
f 1548/2640 1549/2617 1547/2628
f 1547/2628 1549/2617 1542/2601
f 1551/2505 1552/2504 1609/2506
f 1566/2657 1569/2632 1565/2631
f 1561/2666 1529/2677 1539/2662
f 1535/4128 1536/4136 1717/4145
f 1625/2507 1587/2511 1629/2509
f 1602/2693 1661/2683 1601/2692
f 1613/1835 1483/1822 1514/1847
f 1612/5028 1425/5042 5110/5037
f 1580/2561 1552/2564 1579/2567
f 1625/2507 1551/2505 1609/2506
f 1559/2641 1557/2629 1600/2655
f 1599/2665 1600/2655 1557/2629
f 1529/4138 1561/4162 1562/4153
f 1581/2654 1599/2665 1557/2629
f 1573/2580 1541/2586 1591/2574
f 1581/4173 1582/4190 1611/4183
f 1582/4190 1566/4201 1611/4183
f 1611/4183 1566/4201 5370/4209
f 5394/4191 1611/4183 5396/4202
f 1563/2630 1564/2619 5397/2642
f 1590/2569 1591/2574 1555/2562
f 847/2490 1575/2492 1589/2495
f 1552/6711 1610/6712 1609/6713
f 1557/2629 1558/2611 1569/2632
f 1521/2615 1522/2608 1608/2625
f 1522/2608 1603/2638 1608/2625
f 1607/2593 833/2587 1591/2574
f 1571/2581 1572/2579 5399/2590
f 1578/2571 1584/2568 1580/2561
f 1586/2583 1554/2576 834/2588
f 1606/2487 1604/2489 832/2482
f 1552/2504 1550/2501 1579/2499
f 1605/2604 1597/2605 834/2588
f 1607/2593 1605/2604 833/2587
f 1610/2563 1552/2564 1580/2561
f 1610/6712 1624/6714 1609/6713
f 1591/2574 833/2587 1554/2576
f 1541/2586 1542/2601 1585/2603
f 1555/2562 1591/2574 1554/2576
f 1598/2594 1586/2583 834/2588
f 5362/2637 2436/2651 5365/2661
f 1575/2492 1576/2494 1419/2496
f 1575/2492 847/2490 1577/2488
f 1604/2489 1606/2487 857/2491
f 1523/2466 1608/2468 1603/2469
f 5402/2596 1520/2589 5403/2607
f 1451/2404 1245/2398 1239/2400
f 1523/2466 1603/2469 1525/2471
f 763/2042 1506/2034 796/2047
f 763/2474 1525/2471 1526/2478
f 1525/2471 832/2482 1526/2478
f 832/2482 1525/2471 1524/2479
f 1522/2475 1524/2479 1525/2471
f 1523/2466 1525/2471 763/2474
f 1520/2589 1620/2595 1522/2608
f 1577/2584 1619/2585 1621/2572
f 1572/2579 1619/2585 1520/2589
f 1522/2608 1521/2615 1520/2589
f 5403/2607 1521/2615 5406/2624
f 5360/2080 1519/2076 5408/2082
f 555/6391 2078/6396 558/6400
f 5410/6852 1509/6853 5411/6854
f 877/6384 555/6391 1515/6387
f 877/6384 1488/6390 1492/6394
f 1446/2377 724/2372 1441/2383
f 1517/2063 1509/2070 1519/2076
f 1518/2059 1438/2065 556/2073
f 1491/2058 1509/2070 1517/2063
f 1517/2063 1516/2052 1491/2058
f 879/6379 842/6378 878/6381
f 1447/2362 1457/2340 723/2361
f 1518/2059 556/2073 558/2074
f 1499/2025 1505/2027 1504/2007
f 534/6385 879/6379 1515/6387
f 1509/6399 1418/6386 1487/6398
f 1418/6386 1231/6392 1487/6398
f 1457/2340 1447/2362 1493/2355
f 1458/2048 1493/2049 1498/2038
f 1507/2354 1508/2366 723/2361
f 1442/2043 1506/2034 1505/2027
f 1505/2027 1454/2040 1490/2045
f 1502/2016 1504/2007 1503/2005
f 1502/2016 1501/2010 1615/2024
f 1504/2007 1502/2016 1499/2025
f 1459/2349 1500/2360 733/2348
f 1454/2040 1498/2038 1493/2049
f 1454/2040 1499/2025 1498/2038
f 1509/6399 1491/6395 1418/6386
f 1475/6901 1470/6902 1477/6903
f 1477/4127 728/4121 1475/4116
f 1465/1882 1466/1887 1468/1866
f 1476/4114 1496/4111 1474/4113
f 1256/4154 729/4139 794/4146
f 1483/1822 1471/1857 1514/1847
f 5416/1888 1512/1880 5418/1893
f 1471/1857 1513/1872 5419/1881
f 1512/1880 1468/1866 1466/1887
f 1460/4988 1511/5000 1473/4990
f 1510/5007 1460/4988 5329/4999
f 1514/1847 1471/1857 1486/1867
f 5414/1875 1471/1857 5420/1885
f 1613/1835 1485/1783 1483/1822
f 725/4115 1496/4111 1476/4114
f 725/4115 1476/4114 1472/4119
f 1483/1822 1478/1837 1467/1846
f 1483/1822 1485/1783 1484/1806
f 1484/1806 1478/1837 1483/1822
f 1479/4143 1482/4135 1481/4130
f 1479/1856 1480/1871 1469/1858
f 1465/1882 1470/1873 1462/1890
f 726/4981 1254/4980 1461/4984
f 1478/1837 1479/1856 1469/1858
f 1467/1846 1478/1837 1469/1858
f 1469/1858 1480/1871 1477/1879
f 727/4118 1476/4114 1475/4116
f 1474/4113 1475/4116 1476/4114
f 1480/4137 1479/4143 1481/4130
f 1470/1873 1469/1858 1477/1879
f 1477/4127 1481/4130 728/4121
f 1474/6904 1470/6902 1475/6901
f 1254/4980 1473/4990 1461/4984
f 1476/4114 793/4124 1472/4119
f 1474/1896 1462/1890 1470/1873
f 1471/1857 1483/1822 1467/1846
f 1469/1858 1470/1873 1468/1866
f 1466/1887 1510/1904 5422/1901
f 726/4981 1461/4984 1464/4989
f 1469/1858 1468/1866 1467/1846
f 5421/1892 1466/1887 5423/1898
f 1467/1846 1468/1866 1471/1857
f 1511/1900 1466/1887 1463/1895
f 1463/1895 1465/1882 1462/1890
f 725/4115 1464/4117 1462/4112
f 1463/1895 1461/1899 1473/1903
f 1462/1890 1461/1899 1463/1895
f 1510/5007 1511/5000 1460/4988
f 1473/4990 1254/4980 1460/4988
f 733/2348 1457/2340 731/2325
f 1505/2027 1499/2025 1454/2040
f 1249/4133 793/4124 729/4139
f 1147/2336 1459/2349 732/2342
f 1458/2347 1457/2340 1493/2355
f 1439/6472 1443/6484 1230/6483
f 1458/2347 1455/2334 1457/2340
f 1456/2333 1455/2334 1458/2347
f 1615/2024 1498/2038 1499/2025
f 1447/2362 1445/2374 1453/2367
f 1454/2040 1453/2056 1445/2050
f 1451/5198 1452/5200 1234/5196
f 1449/2373 1450/2385 1241/2379
f 1449/2373 723/2361 1508/2366
f 1452/5200 1450/5204 2463/5203
f 878/6381 1448/6388 1418/6386
f 1447/2362 1446/2377 1445/2374
f 1443/6484 1439/6472 1444/6480
f 1443/6484 1444/6480 5344/6487
f 1440/2053 1442/2043 1441/2057
f 1439/6472 841/6479 1436/6475
f 535/2399 667/2408 1438/2397
f 1437/6469 3601/6473 3600/6470
f 842/6378 1437/6377 1436/6380
f 1435/2403 535/2399 1244/2392
f 1495/2409 1245/2398 1494/2413
f 1494/2413 1245/2398 1451/2404
f 724/2372 1244/2392 535/2399
f 1245/2398 1495/2409 1435/2403
f 1440/2053 1438/2065 1518/2059
f 1441/2383 724/2372 1440/2390
f 724/2372 1438/2397 1440/2390
f 1457/2340 1507/2354 723/2361
f 1231/6392 1448/6388 841/6383
f 1493/2049 1453/2056 1454/2040
f 1492/2066 1488/2062 1489/2046
f 1447/2362 1453/2367 1493/2355
f 535/6382 1435/6375 879/6379
f 1442/2043 1446/2051 1441/2057
f 1488/2062 1491/2058 1489/2046
f 724/2372 1446/2377 1447/2362
f 1446/2051 1442/2043 1490/2045
f 1490/2045 1445/2050 1446/2051
f 1442/2043 1440/2053 1489/2046
f 1489/2046 1518/2059 1492/2066
f 1491/6395 1488/6390 1418/6386
f 879/6379 1435/6375 842/6378
f 1487/6398 1231/6392 5346/6402
f 1612/5247 1426/5230 1425/5246
f 1425/5246 1426/5230 4983/5239
f 669/5033 1424/5025 5176/5031
f 1202/2734 1282/2726 716/2744
f 1384/4250 950/4259 1064/4254
f 5050/5687 1276/5684 5055/5691
f 713/5680 1276/5684 1390/5681
f 710/5375 708/5380 5183/5381
f 1384/4250 744/4239 412/4245
f 1352/5122 1058/5116 952/5119
f 1274/5118 952/5119 1058/5116
f 1348/5351 1394/5365 1189/5357
f 1374/2804 3201/2840 292/2843
f 1054/2792 1283/2779 1388/2751
f 1434/2787 718/2786 1433/2819
f 1289/3193 3168/3200 761/3169
f 1076/6295 1432/6289 1067/6292
f 756/3767 706/3777 1271/3774
f 1352/5122 1035/5130 1351/5131
f 1351/5131 1346/5141 5185/5142
f 1211/4249 1431/4246 1385/4234
f 753/3797 1078/3789 1066/3773
f 753/3797 808/3805 1378/3815
f 1105/3706 1107/3710 1086/3713
f 1203/2725 1202/2734 1167/2743
f 720/2713 1220/2733 1429/2741
f 1086/3713 1430/3718 1105/3706
f 1428/2772 1295/2758 1429/2741
f 718/2786 747/2801 1217/2820
f 1409/2803 1294/2773 1428/2772
f 1215/2829 747/2801 1199/2791
f 747/2801 718/2786 719/2770
f 1423/2717 720/2713 1427/2721
f 719/2770 716/2744 714/2750
f 5049/5362 1062/5347 5187/5364
f 1083/3596 1105/3622 1393/3597
f 1206/3611 3156/3586 1393/3597
f 1079/3782 1066/3773 1078/3789
f 1067/6292 1432/6289 3137/6288
f 758/3762 1067/3766 1389/3750
f 1067/3766 1079/3782 1076/3790
f 1064/4254 948/4267 1392/4263
f 5185/6545 1391/6537 5190/6549
f 1390/5681 708/5685 712/5682
f 757/3753 1389/3750 999/3740
f 1387/2732 742/2761 1388/2751
f 1387/2732 711/2749 742/2761
f 707/3798 705/3792 992/3807
f 707/3798 1386/3806 752/3791
f 1211/4249 1385/4234 744/4239
f 1384/4250 827/4265 950/4259
f 5076/1171 993/1116 5192/1159
f 926/5689 925/5694 712/5682
f 1382/5690 712/5682 925/5694
f 926/5382 709/5378 739/5377
f 1078/3789 753/3797 1381/3804
f 808/3805 1380/3820 1378/3815
f 1378/3680 3699/3666 1381/3679
f 1024/4298 1032/4297 1039/4296
f 996/1085 735/1099 994/1115
f 1380/896 1041/888 1379/879
f 1378/887 1380/896 1379/879
f 5428/4168 1249/4133 5429/4156
f 1377/1909 904/1908 1376/1907
f 1047/3778 3101/3793 3675/3783
f 720/2713 1423/2717 1328/2714
f 1422/2249 1421/2236 2190/2224
f 1419/2496 1593/2498 1420/2497
f 877/6384 1418/6386 1488/6390
f 1148/595 3491/567 1417/584
f 1224/2813 2475/2848 1408/2823
f 1416/2315 1165/2314 2029/2317
f 1416/2315 1415/2312 1165/2314
f 1415/2312 1416/2315 788/2316
f 1414/5784 1413/5794 1868/5789
f 3032/391 3013/390 1270/412
f 1027/5372 710/5375 1018/5369
f 1018/5369 710/5375 5184/5376
f 702/603 1412/576 1411/577
f 3069/204 2955/184 2951/225
f 1410/2839 1408/2823 1138/2854
f 1408/2823 1410/2839 1409/2803
f 1283/2779 1054/2792 1406/2810
f 1184/6000 1407/6001 1406/5998
f 1405/2812 1283/2779 1406/2810
f 1074/6440 1072/6435 1354/6437
f 1406/2810 1074/2846 1405/2812
f 1041/888 1380/896 957/904
f 1386/3806 957/3816 1380/3820
f 958/1131 1321/1141 1029/1156
f 942/6439 1356/6441 1357/6434
f 1404/6405 941/6407 1324/6408
f 1403/4288 1038/4294 1402/4289
f 1402/4289 1038/4294 738/4293
f 1023/4279 1403/4288 1402/4289
f 2609/1419 1339/1433 1401/1444
f 989/635 339/659 686/647
f 974/1484 1399/1454 1400/1489
f 1399/1454 1398/1467 1400/1489
f 705/3792 1196/3779 1397/3799
f 1396/3808 705/3792 1397/3799
f 1006/2759 1395/2789 997/2774
f 1018/5369 1189/5357 1394/5365
f 1062/5347 1348/5351 1189/5357
f 949/4274 827/4265 1046/4273
f 949/4274 1046/4273 1375/4283
f 1374/2804 292/2843 1213/2825
f 3541/474 3523/506 3391/478
f 2963/383 2964/421 3108/408
f 1373/2949 920/3004 1372/2989
f 3666/1649 3667/1681 3672/1671
f 3521/342 3514/359 3561/321
f 3564/556 3684/542 3527/511
f 937/6450 938/6459 2770/6454
f 940/6452 2772/6451 1324/6455
f 940/6452 1323/6453 937/6450
f 2811/4633 2812/4617 2810/4627
f 1322/5374 739/5377 1027/5372
f 739/5377 709/5378 1027/5372
f 993/1116 1383/1157 1321/1141
f 1320/1112 993/1116 1321/1141
f 1318/6773 1110/6775 1319/6770
f 914/2453 1153/2447 1318/2457
f 2251/6772 1318/6773 1319/6770
f 1319/6770 1110/6775 2427/6774
f 3587/4987 1255/4983 1317/4979
f 1252/582 1316/608 1250/609
f 1246/621 1250/609 1316/608
f 2225/1921 2294/1924 2288/1917
f 3463/333 3464/282 3453/332
f 3689/268 3654/227 3637/228
f 3483/395 3460/376 3514/359
f 913/2437 1315/2441 2252/2434
f 2424/3049 2397/3071 2458/3077
f 3551/530 1314/555 1313/568
f 1482/4135 835/4126 1481/4130
f 3558/5770 1144/5766 3404/5768
f 3558/540 3403/539 3405/509
f 3509/311 3510/350 3453/332
f 2254/4482 1161/4491 1311/4483
f 1311/4483 1162/4493 1312/4488
f 1311/4483 1310/4479 2253/4475
f 2122/3278 872/3258 2123/3269
f 2123/3269 1122/3285 2485/3293
f 1309/2253 1410/2254 2457/2235
f 248/2247 1309/2253 1135/2231
f 1308/4747 1307/4738 2389/4744
f 1428/2772 1429/2741 3203/2765
f 3258/3726 1287/3738 751/3733
f 1306/3204 1092/3202 1090/3218
f 3192/3192 1092/3202 1306/3204
f 3276/3114 1119/3117 1305/3130
f 1305/3130 3216/3166 3217/3144
f 766/4937 1304/4934 2192/4928
f 920/3004 1303/3001 2348/3017
f 1217/2820 1433/2819 718/2786
f 3166/6300 3176/6303 3200/6307
f 1302/2818 1169/2785 3435/2834
f 1169/2785 1302/2818 3425/2800
f 1299/2815 1301/2822 3247/2850
f 1299/2815 1300/2771 1301/2822
f 1097/2832 1096/2797 1299/2815
f 2418/1923 1798/1916 789/1919
f 2418/1923 2285/1928 1806/1929
f 1308/4018 3340/4017 3322/4030
f 3230/6169 1298/6165 1297/6161
f 3245/2802 3246/2838 1301/2822
f 4988/6177 3230/6169 5022/6176
f 3380/3164 3385/3187 4989/3188
f 3249/3067 3294/3084 3293/3039
f 761/3169 1296/3183 1289/3193
f 3188/3208 1186/3201 1185/3191
f 1295/2758 1294/2773 3093/2736
f 175/2201 1135/2231 1293/2232
f 3185/4075 1102/4063 3198/4082
f 1292/2874 1002/2881 1009/2872
f 1089/2768 1166/2755 1202/2734
f 3386/3104 1291/3089 1290/3087
f 1288/3203 3169/3212 1289/3193
f 1289/3193 1296/3183 1288/3203
f 762/3156 760/3182 3192/3192
f 3213/6149 3214/6158 3216/6164
f 1130/3743 1287/3738 1286/3748
f 1286/4076 1287/4069 1104/4059
f 1093/3739 1130/3743 1286/3748
f 1285/3755 1093/3739 1286/3748
f 3169/6301 3166/6300 3167/6304
f 1405/2812 1284/2793 1283/2779
f 722/2716 715/2735 1282/2726
f 3054/334 1281/313 1280/338
f 1196/3779 706/3777 759/3763
f 1047/2886 1002/2881 1292/2874
f 3347/4006 3373/4004 3316/4005
f 2737/5474 2740/5476 2745/5479
f 1279/2788 1395/2789 1006/2759
f 1004/2762 1278/2740 1277/2763
f 1274/2738 1276/2723 1275/2729
f 1430/3718 1207/3721 1273/3727
f 1272/4219 745/4228 3089/4230
f 758/3762 1271/3774 1066/3773
f 319/626 2998/614 320/638
f 3470/6199 3434/6194 3444/6198
f 2813/4622 965/4608 3029/4616
f 1134/2859 2199/2866 2475/2848
f 3020/303 991/266 3019/265
f 3519/394 3514/359 3520/358
f 1270/412 1269/425 3105/441
f 1267/1466 2566/1485 1268/1455
f 809/1441 2544/1486 1267/1466
f 1268/1455 809/1441 1267/1466
f 2980/21 3749/31 2929/44
f 1076/3631 1077/3641 1266/3619
f 1266/3619 1077/3641 3802/3620
f 3092/2790 1192/2827 1371/2828
f 1370/156 1369/135 2816/179
f 3123/23 1368/8 1367/33
f 1362/398 1366/409 2974/422
f 1362/398 1365/399 1366/409
f 1362/398 1364/371 1363/368
f 2574/531 2575/516 2841/482
f 1363/368 1365/399 1362/398
f 2630/623 2629/612 2844/586
f 3054/334 3057/339 3055/298
f 720/2713 1203/2725 1220/2733
f 1359/1118 1361/1105 1360/1101
f 1358/4308 1335/4304 1333/4312
f 1354/6437 1357/6434 1356/6441
f 1071/6444 1355/6446 1354/6437
f 1354/6437 1356/6441 1071/6444
f 1071/6444 943/6445 1353/6448
f 1405/6443 1074/6440 1354/6437
f 1058/5116 1352/5122 754/5124
f 1035/5130 1036/5138 1351/5131
f 754/5124 1351/5131 5195/5134
f 1349/1054 1350/1069 2741/1070
f 1014/1037 1349/1054 2747/1024
f 2741/6798 932/6800 2746/6801
f 1019/5363 1394/5365 1348/5351
f 741/5345 1063/5349 2760/5342
f 1020/6411 941/6407 2757/6409
f 1020/6411 1347/6412 941/6407
f 2741/6413 940/6410 1347/6412
f 1346/6541 1036/6546 1033/6538
f 1391/6537 1346/6541 1033/6538
f 1033/6538 1036/6546 1032/6547
f 819/1262 2672/1217 818/1278
f 2762/1202 1028/1203 1345/1222
f 798/1083 823/1035 954/1068
f 205/4240 1344/4233 1343/4229
f 1327/2715 1209/2718 1342/2712
f 951/6018 930/6012 923/6015
f 1341/1010 802/1036 1340/1021
f 1363/368 2959/316 2567/369
f 1401/1444 2798/1450 195/1475
f 1401/1444 1339/1433 1338/1428
f 2532/1137 2533/1130 2535/1163
f 1401/1444 1398/1467 1399/1454
f 2661/1342 2662/1360 2663/1320
f 1337/4631 1336/4648 2886/4640
f 969/4316 1358/4308 1333/4312
f 1333/1272 1335/1255 1334/1242
f 1332/4303 2885/4299 1331/4306
f 1331/4306 1330/4311 1332/4303
f 2572/1325 2682/1306 2571/1288
f 1329/1183 2536/1154 820/1169
f 1342/2712 1328/2714 1327/2715
f 1388/2751 1283/2779 1277/2763
f 1208/2722 1171/2727 3086/2737
f 1198/3784 1196/3779 1048/3769
f 3087/2811 1277/2763 1284/2793
f 2603/1034 2503/1067 2605/1050
f 5082/1218 1028/1203 5197/1186
f 5198/1170 1321/1141 5199/1185
f 182/4277 1326/4266 682/4271
f 182/1267 180/1283 1325/1252
f 2689/4666 2589/4665 2590/4653
f 3145/3665 1078/3664 1381/3679
f 3570/4996 3571/4991 3582/4986
f 2259/1953 2296/1964 2484/1973
f 3362/3966 3370/3975 3367/3986
f 3360/3950 2385/3948 47/3936
f 3347/4006 3261/4023 3340/4017
f 2432/1715 3614/1729 3616/1705
f 3666/1649 3662/1641 3663/1640
f 3634/276 3632/285 3665/308
f 1100/3693 1265/3688 3265/3697
f 3464/282 3465/312 3619/297
f 3509/311 3631/296 3515/331
f 3464/282 3630/260 3631/296
f 3632/285 3619/297 3620/323
f 1262/1758 1264/1728 1263/1742
f 1261/1741 1264/1728 1262/1758
f 1261/1741 1262/1758 3467/1778
f 3613/1693 2489/1682 2490/1670
f 3485/1704 2432/1715 3613/1693
f 792/4123 1249/4133 1247/4129
f 3615/1719 3614/1729 3539/1745
f 1259/2418 1260/2422 907/2416
f 2053/2410 1259/2418 907/2416
f 2233/4511 2231/4502 1697/4508
f 1150/2412 2042/2407 1258/2402
f 795/4164 1630/4174 1256/4154
f 1247/4129 3580/4125 792/4123
f 1254/4980 1317/4979 1255/4983
f 1228/4186 3577/4204 3574/4195
f 1253/591 1252/582 1250/609
f 1250/609 1246/621 1251/633
f 1248/4148 1249/4133 1227/4155
f 1248/4148 1247/4129 1249/4133
f 1248/4148 3585/4142 1247/4129
f 3609/644 1237/657 1246/621
f 3527/511 3528/564 3530/569
f 1252/582 1253/591 3564/556
f 1238/2384 1245/2398 1244/2392
f 1238/2384 1243/2378 1240/2391
f 724/2372 1243/2378 1238/2384
f 1238/2384 1244/2392 724/2372
f 1237/657 1242/668 1246/621
f 1242/5199 1237/5195 1235/5197
f 1241/2379 723/2361 1449/2373
f 1241/2379 1450/2385 1240/2391
f 1240/2391 1243/2378 1241/2379
f 1238/2384 1240/2391 1239/2400
f 2428/5201 1242/5199 1235/5197
f 1235/5197 1237/5195 1236/5194
f 1236/5194 1237/5195 3604/5190
f 1234/5196 1452/5200 1235/5197
f 1232/741 212/747 1233/753
f 1232/741 700/742 222/733
f 700/742 1232/741 1233/753
f 1233/753 212/747 3600/758
f 214/726 212/747 1232/741
f 1231/6486 1230/6483 1443/6484
f 1230/6483 841/6479 1439/6472
f 1231/6486 841/6479 1230/6483
f 1314/555 3549/581 1313/568
f 1227/4155 3565/4166 1248/4148
f 3524/486 2984/488 2985/459
f 5433/4199 1229/4176 5434/4206
f 1229/4176 1227/4155 1226/4167
f 1229/4176 1257/4188 5347/4198
f 5430/4197 1226/4167 5432/4196
f 2429/640 1182/629 2440/616
f 1180/606 1182/629 1181/607
f 1181/607 2439/580 1180/606
f 1181/607 1182/629 3416/641
f 1179/5762 1178/5755 2431/5757
f 3548/5760 2047/5764 3399/5756
f 3548/2389 1146/2376 902/2382
f 3543/510 3523/506 3540/489
f 3543/510 3544/476 3522/528
f 1177/2446 1156/2451 3542/2452
f 913/2437 1177/2446 1315/2441
f 3559/427 3540/489 3541/474
f 3531/460 3537/444 3538/414
f 1412/576 2999/551 1411/577
f 1175/505 2984/488 1176/522
f 2032/2323 2033/2329 2079/2319
f 1172/446 1174/431 1173/464
f 3500/463 1172/446 1173/464
f 1171/2727 1170/2760 3096/2757
f 1171/2727 998/2745 1170/2760
f 2940/35 3040/47 2942/63
f 3040/47 3119/60 3039/78
f 3562/1779 3454/1800 3455/1759
f 1166/2755 1169/2785 1168/2769
f 3504/420 3482/434 3459/396
f 1121/2784 1167/2743 1168/2769
f 1167/2743 1166/2755 1168/2769
f 3557/6594 889/6592 3417/6593
f 3557/2343 2034/2350 1147/2336
f 3488/5224 3410/5221 3408/5223
f 2439/580 1314/555 3564/556
f 889/6592 1165/6590 2065/6589
f 3460/376 2469/407 3459/396
f 1157/6193 1164/6195 3433/6189
f 3484/418 2468/432 2469/407
f 913/2437 1163/2442 1153/2447
f 1161/4491 3469/4501 1162/4493
f 1161/4491 1162/4493 1311/4483
f 1160/1717 1159/1694 3463/1707
f 3448/6185 3449/6181 3433/6189
f 1262/6188 1263/6182 3448/6185
f 3452/1730 1159/1694 1160/1717
f 1310/4479 1311/4483 1312/4488
f 1312/4488 1162/4493 3444/4498
f 3442/4454 3454/4451 3441/4453
f 1157/6193 1154/6196 1158/6197
f 2304/2899 3297/2906 2375/2890
f 3479/430 3499/465 3474/447
f 913/2437 1156/2451 1177/2446
f 1155/4469 1154/4465 2378/4463
f 1153/2447 1163/2442 2297/2454
f 1153/2447 1110/2462 1318/2457
f 1173/464 1174/431 3391/478
f 882/2358 1152/2364 1151/2352
f 907/2416 1150/2412 1258/2402
f 2043/6371 2044/6367 2481/6369
f 2043/2431 2045/2427 1260/2422
f 1148/595 1417/584 1149/583
f 3488/619 1148/595 1149/583
f 1179/6533 2080/6532 1178/6534
f 2080/6532 2072/6529 2073/6530
f 2438/6821 1181/6818 3414/6820
f 2438/617 3409/618 2437/592
f 888/2331 1147/2336 731/2325
f 1145/5751 1146/5754 3406/5748
f 882/2358 1145/2370 1152/2364
f 1142/525 1144/529 3402/490
f 1143/5763 1142/5767 2460/5765
f 1143/5763 2434/5759 3399/5756
f 1143/5763 1144/5766 1142/5767
f 853/3388 1642/3400 1141/3387
f 882/2358 2068/2338 2048/2357
f 1140/2242 2199/2241 2039/2213
f 1140/2242 891/2227 1138/2248
f 1125/4924 3429/4927 2118/4921
f 2118/4921 2192/4928 2117/4925
f 1293/2232 1135/2231 2457/2235
f 1138/2854 1408/2823 1139/2860
f 1136/4931 1137/4941 2142/4946
f 1137/4941 1136/4931 1128/4930
f 248/2247 1135/2231 174/2217
f 1422/2876 1134/2859 1124/2868
f 1977/5146 1978/5143 2445/5145
f 1131/3296 1133/3314 1132/3292
f 1287/3738 1130/3743 751/3733
f 875/3263 2116/3276 3420/3277
f 1127/4926 1129/4922 1128/4930
f 897/3295 2135/3308 1126/3279
f 1132/3292 3424/3284 1131/3296
f 3419/3313 1132/3292 1133/3314
f 1123/2849 3422/2867 1125/2877
f 1124/2868 1123/2849 1125/2877
f 1121/2784 1168/2769 1122/2799
f 1166/2755 1167/2743 1202/2734
f 1138/2248 891/2227 1120/2223
f 1138/2854 1139/2860 1140/2871
f 3286/3055 3293/3039 3290/3066
f 1118/3103 1305/3130 1119/3117
f 1117/3131 3379/3154 5001/3165
f 1373/2949 1303/3001 920/3004
f 3268/4079 3271/4067 5033/4080
f 2384/3942 2385/3948 3361/3958
f 1116/2921 1115/2920 3278/2938
f 1084/3701 1108/3707 1107/3710
f 1113/2961 3281/2977 1114/2992
f 3289/3008 1113/2961 1114/2992
f 3310/6655 3296/6656 3312/6653
f 3301/2927 1112/2945 1111/2926
f 3298/2918 3300/2934 3301/2927
f 1112/2945 3309/2944 1111/2926
f 1372/2989 1851/3003 2291/2974
f 1116/2921 915/2903 1115/2920
f 3283/3083 3280/3038 3290/3066
f 3289/3008 3285/3022 3288/2991
f 2318/6419 2368/6423 2363/6416
f 1110/4460 1109/4466 2378/4463
f 1297/6161 1298/6165 3215/6155
f 1106/3715 1108/3707 3303/3714
f 3324/3703 3333/3700 3323/3705
f 748/3719 750/3729 1087/3723
f 1106/3715 748/3719 1107/3710
f 1084/3701 1107/3710 1105/3706
f 1307/4738 1308/4747 3321/4746
f 3263/4045 3321/4039 3322/4030
f 1103/4054 1104/4059 3272/4049
f 1103/4054 1102/4063 1104/4059
f 3189/4074 3269/4066 3268/4079
f 1084/3701 1100/3693 3264/3699
f 3260/4037 3261/4023 3253/4028
f 3269/4066 1102/4063 1103/4054
f 3338/3040 3248/3068 3249/3067
f 3254/4036 3262/4043 3253/4028
f 3250/3086 1118/3103 1119/3117
f 751/3733 749/3725 3231/3724
f 1098/3754 1081/3742 1099/3749
f 1108/3707 1106/3715 1107/3710
f 1096/2797 1300/2771 1299/2815
f 1097/2832 1088/2816 1096/2797
f 1088/2970 3241/2946 1095/2957
f 1095/2833 1094/2798 1088/2816
f 3234/2969 3232/2983 3233/2999
f 751/3733 1130/3743 1093/3739
f 1194/6302 3171/6298 1200/6306
f 1306/3204 3277/3223 1101/3231
f 1090/3218 1092/3202 1091/3210
f 1169/2785 1166/2755 1089/2768
f 1088/2816 1094/2798 1089/2768
f 2493/6168 3214/6158 2492/6163
f 1199/2791 747/2801 719/2770
f 3185/3760 1285/3755 3244/3759
f 1087/3723 1086/3713 748/3719
f 1086/3713 1107/3710 748/3719
f 3184/3761 1098/3754 1099/3749
f 1085/3698 1084/3701 1083/3704
f 1082/3730 1001/3737 999/3740
f 760/3182 1091/3210 1092/3202
f 1090/3218 1187/3209 5043/3228
f 3211/2855 3201/2840 1409/2803
f 3196/3346 3193/3357 1225/3367
f 1225/2814 1123/2849 1224/2813
f 1224/2813 1223/2794 1225/2814
f 1428/2772 1223/2794 1224/2813
f 3195/2782 1223/2794 3203/2765
f 1222/2764 3194/2781 1221/2752
f 1221/2752 1220/2733 1222/2764
f 1123/2849 1124/2868 1134/2859
f 1123/2849 1134/2859 1224/2813
f 1122/3285 3209/3291 1219/3303
f 1122/2799 1219/2796 1121/2784
f 1222/2764 3204/2753 3207/2783
f 1167/2743 1121/2784 3202/2767
f 1218/2754 3202/2767 3205/2766
f 720/2713 1429/2741 3093/2736
f 1203/2725 1167/2743 1218/2754
f 1214/3145 1217/3129 746/3155
f 1214/3145 1216/3181 1201/3190
f 1214/3145 746/3155 1215/3168
f 1203/2725 1218/2754 3206/2742
f 1215/3168 1216/3181 1214/3145
f 1294/2773 1409/2803 1374/2804
f 1294/2773 1295/2758 1428/2772
f 292/2271 289/2270 1213/2283
f 1279/2788 1374/2804 1213/2825
f 1212/2841 1279/2788 306/2842
f 1210/4220 1191/4231 185/4225
f 1211/2805 1065/2777 3082/2807
f 1190/4224 1210/4220 3164/4216
f 2836/2728 1209/2718 1208/2722
f 1086/3713 1087/3723 1207/3721
f 1430/3718 1206/3722 1105/3706
f 3200/6307 1205/6314 1204/6310
f 1205/3819 3180/3803 3181/3813
f 1093/3739 1099/3749 1081/3742
f 1093/3739 1285/3755 1099/3749
f 1204/6310 1205/6314 3179/6315
f 1203/2725 721/2720 1202/2734
f 1201/3190 1296/3183 1214/3145
f 1201/3190 1200/3199 1288/3203
f 1215/2829 1199/2791 1010/2845
f 1199/2791 1371/2828 1192/2827
f 1196/3779 1198/3784 1197/3794
f 1195/3758 1098/3754 3173/3765
f 1080/3747 1098/3754 1195/3758
f 1195/3758 1052/3764 1080/3747
f 1051/3770 1193/3785 1049/3775
f 1051/3770 3172/3780 3170/3786
f 1194/3802 1193/3785 3170/3786
f 1194/3802 1008/3795 1193/3785
f 1010/2845 1199/2791 1192/2827
f 1171/2727 1427/2721 720/2713
f 952/2748 1274/2738 1275/2729
f 1212/2841 306/2842 305/2864
f 1212/4235 1191/4231 1190/4224
f 3091/2746 2836/2728 3086/2737
f 1343/4229 207/4238 205/4240
f 1190/4224 1191/4231 1210/4220
f 5203/5368 1018/5369 5204/5371
f 1187/3209 1186/3201 1188/3217
f 1188/3217 3162/3221 1187/3209
f 1187/3209 760/3182 1186/3201
f 760/3182 1185/3191 1186/3201
f 3188/6316 3168/6312 3179/6315
f 3226/4081 3189/4074 3191/4084
f 1090/3218 1091/3210 1187/3209
f 1407/6001 1184/6000 1055/6002
f 1059/2844 1183/2858 1007/2856
f 1082/3730 1207/3721 1087/3723
f 1081/3742 1098/3754 1080/3747
f 1080/3747 1001/3737 1081/3742
f 1000/3746 1050/3757 1003/3756
f 1082/3730 750/3729 1001/3737
f 1393/3597 1105/3622 1206/3611
f 1207/3721 3153/3732 1273/3727
f 3141/3584 3156/3586 3140/3607
f 1077/3641 1079/3654 1078/3664
f 1077/3641 1078/3664 3144/3655
f 3801/3595 3152/3594 1266/3619
f 1075/3618 3136/3640 1076/3631
f 1072/6435 1074/6440 1073/6438
f 1072/6435 1357/6434 1354/6437
f 1070/6447 1355/6446 1071/6444
f 1353/6448 943/6445 2821/6449
f 1071/6444 1353/6448 1070/6447
f 1069/2875 1068/2857 1070/2865
f 1066/3773 1079/3782 1067/3766
f 1064/4254 1065/4252 744/4239
f 1061/5341 939/5344 1062/5347
f 1348/5351 1062/5347 939/5344
f 1061/5341 1062/5347 5046/5350
f 1192/2827 1060/2809 1059/2844
f 1057/5117 1058/5116 755/5120
f 5052/5123 755/5120 5207/5127
f 714/2750 1056/2731 1005/2739
f 1056/2731 715/2735 722/2716
f 1059/2844 1060/2809 3087/2811
f 1069/2875 1292/2874 1068/2857
f 1054/5999 1055/6002 1184/6000
f 1055/6002 1054/5999 1053/6004
f 1407/6001 1073/6006 1074/6003
f 2770/6432 1072/6435 1073/6438
f 1068/2857 1183/2858 3098/2830
f 1008/3795 1049/3775 1193/3785
f 1050/3757 1052/3764 1051/3770
f 928/6468 947/6466 936/6463
f 722/2716 3090/2724 1056/2731
f 1002/2881 1049/2882 1009/2872
f 1183/2858 1009/2872 1007/2856
f 1051/3770 1049/3775 1050/3757
f 1048/3769 759/3763 1003/3756
f 1047/3778 1048/3769 1003/3756
f 1192/2827 1007/2856 1010/2845
f 1007/2856 1009/2872 1008/2873
f 3165/4242 1212/4235 3095/4223
f 1385/4234 1431/4246 3081/4241
f 3095/4223 3089/4230 1385/4234
f 1006/2759 1294/2773 1279/2788
f 1006/2759 998/2745 3093/2736
f 1004/2762 714/2750 1005/2739
f 1002/3776 1047/3778 1003/3756
f 1008/2873 1010/2845 1007/2856
f 1049/2882 1008/2873 1009/2872
f 1080/3747 1052/3764 1050/3757
f 1001/3737 1080/3747 1000/3746
f 999/3740 1001/3737 1000/3746
f 1000/3746 757/3753 999/3740
f 1278/2740 1387/2732 1388/2751
f 757/3753 1003/3756 759/3763
f 3097/3768 1002/3776 1003/3756
f 997/2774 3084/2775 998/2745
f 1208/2722 1209/2718 1327/2715
f 1327/2715 1328/2714 1423/2717
f 996/1085 993/1116 995/1100
f 996/1085 994/1115 993/1116
f 998/2745 1006/2759 997/2774
f 1004/2762 1005/2739 1278/2740
f 3092/2790 1004/2762 1277/2763
f 1344/4233 3085/4222 1343/4229
f 759/3763 1048/3769 1196/3779
f 1277/2763 1283/2779 1284/2793
f 707/3798 992/3807 957/3816
f 1272/4219 3085/4222 745/4228
f 1209/2718 1275/2729 1276/2723
f 744/4239 1065/4252 1211/4249
f 3077/301 1280/338 1281/313
f 2953/138 2975/183 3127/137
f 3054/334 3130/366 3131/384
f 3066/438 2964/421 2965/411
f 2982/22 1367/33 1368/8
f 3050/160 3048/185 3045/161
f 3113/182 3114/245 3014/223
f 990/259 3046/219 991/266
f 1269/425 1270/412 3008/403
f 3056/319 3057/339 3058/354
f 3044/81 3080/102 3043/122
f 3016/267 3010/264 3011/186
f 3021/295 990/259 991/266
f 1176/522 2988/523 1175/505
f 358/639 3074/627 988/602
f 2629/612 989/635 988/602
f 402/651 988/602 686/647
f 3073/533 2990/500 3067/498
f 2991/499 3065/470 2990/500
f 3060/99 1367/33 2901/77
f 3060/99 2911/116 2905/79
f 986/911 2927/935 987/946
f 986/911 985/902 2930/914
f 4158/893 985/902 986/911
f 2693/1182 2677/1216 2694/1200
f 4084/862 2766/868 2514/869
f 2981/20 2982/22 2934/13
f 2909/58 2903/45 2981/20
f 2897/57 2981/20 2929/44
f 2837/953 2791/969 2792/980
f 987/946 2928/936 986/911
f 2924/1014 2922/987 2923/1013
f 984/981 983/975 2896/970
f 983/975 984/981 2926/1003
f 2837/953 2913/995 984/981
f 2818/1076 982/1031 981/1063
f 982/1031 2835/1047 981/1063
f 2980/21 2981/20 2935/7
f 979/423 2969/436 980/452
f 2841/482 2972/451 2840/471
f 2866/4671 2867/4680 2871/4682
f 2960/351 1363/368 1364/371
f 1330/4311 1331/4306 2797/4313
f 1370/156 2911/116 1369/135
f 2835/1047 2839/1008 2793/1032
f 978/4669 977/4677 975/4670
f 2872/4658 978/4669 975/4670
f 975/4670 977/4677 976/4675
f 2818/1076 2876/1090 2819/1102
f 2859/4619 2588/4629 2881/4636
f 2684/4664 2592/4674 978/4669
f 988/602 989/635 686/647
f 402/651 357/664 358/639
f 2625/670 2626/672 2846/646
f 2627/1535 2624/1512 2625/1538
f 187/1513 974/1484 1400/1489
f 2624/1512 2613/1461 2701/1501
f 979/423 980/452 2842/453
f 2842/453 2695/484 2840/471
f 2629/612 2627/645 2846/646
f 2556/1487 2565/1502 2555/1515
f 973/4613 972/4618 2552/4625
f 2608/1498 688/1506 2607/1488
f 969/4316 971/4318 970/4321
f 2806/4323 2682/4326 2805/4328
f 968/1254 967/1271 2861/1287
f 2818/1076 2816/1089 2817/1062
f 2650/1304 2570/1324 2571/1288
f 969/4316 970/4321 2806/4323
f 966/4612 965/4608 2812/4617
f 2881/4636 2879/4644 2880/4654
f 966/4612 2621/4609 965/4608
f 1336/4648 1337/4631 2808/4647
f 2665/1375 2803/1390 2639/1403
f 2790/1016 964/1043 963/1058
f 2523/926 2767/895 2516/913
f 2799/1044 963/1058 962/1073
f 963/1058 964/1043 962/1073
f 2672/1217 816/1260 961/1277
f 2524/1127 2600/1153 2528/1151
f 958/1131 960/1132 959/1111
f 2510/1009 2539/998 2521/983
f 1197/3794 1397/3799 1196/3779
f 2703/1280 2640/1284 2641/1261
f 2838/1018 2799/1044 2793/1032
f 1053/2780 1054/2792 1388/2751
f 802/1036 1341/1010 800/986
f 992/938 805/927 957/904
f 954/1068 956/1051 955/1084
f 1198/3784 2822/3800 1197/3794
f 740/4290 953/4286 738/4293
f 740/4290 952/4280 953/4286
f 951/6018 923/6015 735/6020
f 931/6016 930/6012 951/6018
f 1053/6004 1382/6011 924/6007
f 948/4267 950/4259 949/4274
f 935/6462 947/6466 946/6467
f 947/3824 2748/3811 946/3812
f 712/5682 1382/5690 743/5686
f 942/3823 946/3812 944/3810
f 944/3810 943/3822 942/3823
f 942/6439 943/6445 1356/6441
f 5205/5353 741/5345 5212/5359
f 940/6410 941/6407 1347/6412
f 1324/6408 941/6407 940/6410
f 1320/1112 1321/1141 958/1131
f 1323/6453 940/6452 939/6456
f 934/6457 938/6459 937/6450
f 937/6450 1323/6453 934/6457
f 936/6463 935/6462 934/6457
f 932/5493 2753/5490 933/5492
f 807/1011 2756/1026 931/1040
f 2768/6008 930/6012 929/6005
f 799/1027 807/1011 931/1040
f 930/6012 931/6016 929/6005
f 1397/3799 2759/3817 1396/3808
f 1407/6001 1404/6009 1324/6010
f 1044/916 2516/913 2519/903
f 935/6462 938/6459 934/6457
f 936/6463 947/6466 935/6462
f 2739/3828 928/3827 927/3830
f 2515/870 4093/846 2514/869
f 926/6019 923/6015 925/6014
f 2768/6008 924/6007 923/6015
f 2596/1082 2595/1087 1320/1112
f 1375/4283 1046/4273 1045/4278
f 1040/1190 2764/1204 1039/1219
f 1043/940 1044/916 803/915
f 3698/861 1378/887 1379/879
f 1042/897 1041/888 957/904
f 1041/888 1042/897 2514/869
f 1386/3806 707/3798 957/3816
f 2495/971 2512/1012 1341/1010
f 1039/1219 1038/1232 1040/1190
f 1032/4297 738/4293 1039/4296
f 1040/1190 1038/1232 1037/1220
f 1038/1232 2706/1236 1037/1220
f 737/5135 1036/5138 1035/5130
f 1024/6542 1034/6539 1033/6538
f 737/6550 1032/6547 1036/6546
f 1033/6538 1032/6547 1024/6542
f 2744/1158 1031/1155 1030/1184
f 1028/1203 1030/1184 1029/1156
f 958/1131 959/1111 2596/1082
f 1029/1156 1030/1184 1031/1155
f 995/1100 993/1116 2595/1087
f 1027/5372 1017/5370 1322/5374
f 2742/5483 1350/5487 2745/5479
f 1026/5499 1011/5495 5214/5500
f 2764/1204 1025/1234 1024/1233
f 949/4274 2735/4285 1023/4279
f 2730/1175 2716/1144 2717/1143
f 1024/1233 1025/1234 1034/1264
f 2599/974 1022/1002 800/986
f 1021/1055 1020/1038 2747/1024
f 940/6802 2746/6801 939/6803
f 933/5492 1019/5497 932/5493
f 2741/6413 1020/6411 1021/6414
f 928/6468 936/6463 927/6465
f 927/5346 2761/5343 2760/5342
f 926/6019 736/6021 923/6015
f 1017/5370 1027/5372 1018/5369
f 1394/5365 1017/5370 1018/5369
f 2754/1134 994/1115 735/1099
f 5067/1160 945/1161 5216/1194
f 1348/5351 932/5356 1019/5363
f 1016/5486 1011/5495 933/5492
f 933/5492 1015/5496 1019/5497
f 1014/3831 1013/3829 2739/3828
f 1013/1023 1012/1000 2738/999
f 1014/1037 1012/1000 1013/1023
f 1014/1037 1350/1069 1349/1054
f 2755/1001 2732/985 2731/973
f 1011/5495 1016/5486 5073/5494
f 933/5492 1011/5495 1015/5496
f 955/1084 956/1051 2596/1082
f 2707/1221 2708/1191 1345/1222
f 5197/1186 1029/1156 5198/1170
f 955/1084 959/1111 960/1132
f 5078/6540 2712/6536 5079/6543
f 829/4291 2706/4292 2735/4285
f 829/1223 1375/1237 830/1207
f 827/4265 1384/4250 828/4258
f 826/1299 2704/1248 485/1279
f 830/1207 2705/1192 829/1223
f 467/1268 822/1240 1325/1252
f 825/4284 1326/4266 182/4277
f 1040/1190 2734/1205 2717/1143
f 798/1083 824/1097 823/1035
f 822/1240 166/1269 473/1244
f 1325/1252 825/1239 182/1267
f 670/4253 1326/4266 828/4258
f 2726/1179 2724/1197 2528/1151
f 821/1201 820/1169 2675/1181
f 1329/1183 820/1169 821/1201
f 481/1298 819/1262 818/1278
f 466/1228 479/1246 817/1215
f 466/1228 817/1215 2713/1180
f 482/1259 816/1260 817/1215
f 1046/4273 827/4265 828/4258
f 1045/4278 1046/4273 1326/4266
f 2600/1153 2725/1176 2726/1179
f 822/1240 2723/1213 2722/1210
f 475/1297 961/1277 816/1260
f 2673/1229 817/1215 2672/1217
f 815/1395 814/1376 813/1404
f 814/1376 2652/1377 813/1404
f 2645/1362 2570/1324 2651/1321
f 2644/1344 814/1376 815/1395
f 498/1500 684/1510 2606/1482
f 1339/1433 813/1404 1338/1428
f 811/1430 2609/1419 812/1442
f 498/1500 974/1484 187/1513
f 2614/1453 811/1430 812/1442
f 546/1339 2658/1317 2703/1280
f 2613/1461 2614/1453 504/1483
f 809/1441 2547/1429 810/1452
f 809/1441 810/1452 2610/1463
f 970/1289 971/1273 2587/1256
f 2547/1429 2697/1462 2696/1477
f 968/1254 2579/1225 967/1271
f 2689/4666 975/4670 976/4675
f 976/314 977/335 2541/261
f 2687/4645 2683/4652 2688/4655
f 2687/4645 2588/4629 2584/4637
f 2565/1502 2560/1540 2561/1529
f 2594/317 977/335 2592/353
f 2594/317 2970/300 2541/261
f 2583/4635 2593/4643 2590/4653
f 1334/1242 971/1273 1333/1272
f 1334/1242 1335/1255 2569/1212
f 2563/481 2564/514 2562/496
f 973/4613 2621/4609 972/4618
f 2542/1431 2543/1432 2698/1407
f 1361/1105 2538/1092 1360/1101
f 1360/1101 2534/1074 1359/1118
f 2605/1050 2691/1059 2785/1053
f 1386/3806 808/3805 752/3791
f 1042/897 803/915 1044/916
f 2510/1009 2513/997 2509/982
f 1022/1002 807/1011 800/986
f 2499/964 2522/954 2498/948
f 992/3807 705/3792 1396/3808
f 2496/958 804/939 806/966
f 957/904 805/927 803/915
f 805/927 804/939 803/915
f 2496/958 2497/967 2498/948
f 1340/1021 802/1036 801/1052
f 804/939 805/927 2500/949
f 2501/957 806/966 804/939
f 804/939 1043/940 803/915
f 802/1036 800/986 801/1052
f 800/986 799/1027 2601/1041
f 798/1083 797/1133 2507/1114
f 2508/1113 797/1133 798/1083
f 823/1035 956/1051 954/1068
f 955/1084 798/1083 954/1068
f 824/1097 2505/1095 823/1035
f 807/1011 799/1027 800/986
f 801/1052 2597/1057 2595/1087
f 796/2047 1720/2055 5379/2061
f 5405/2067 796/2047 5435/2068
f 2022/4969 1739/4968 2453/4958
f 794/4146 1581/4173 795/4164
f 794/4146 795/4164 1256/4154
f 2203/3315 2019/3340 2020/3339
f 793/4124 792/4123 1472/4119
f 1787/3135 1799/3161 1790/3136
f 2360/2948 2361/2972 1373/2949
f 2338/2985 2366/2959 2337/2986
f 789/1919 791/1912 790/1915
f 787/2322 2031/2318 788/2316
f 884/2368 2050/2386 2040/2388
f 1421/2236 1422/2249 2142/2255
f 786/3051 785/3078 5088/3094
f 5090/3075 1842/3034 5129/3064
f 782/2127 784/2139 783/2148
f 783/2148 2200/2137 782/2127
f 882/2358 1146/2376 1145/2370
f 779/5175 781/5180 780/5182
f 1764/5178 779/5175 780/5182
f 1739/4968 778/4967 777/4962
f 1906/5815 774/5816 1914/5813
f 2296/1964 2262/1952 2298/1951
f 776/3372 775/3378 1765/3361
f 1913/5819 774/5816 773/5822
f 772/4180 771/4181 2450/4169
f 772/4527 2224/4523 771/4533
f 1887/4973 1739/4968 1740/4976
f 1110/2462 1153/2447 1109/2463
f 2265/1925 2222/1920 2223/1931
f 1698/4513 1714/4517 1697/4508
f 1827/3449 1974/3444 1825/3436
f 2357/1938 2226/1933 2227/1926
f 1791/3107 1790/3136 1818/3120
f 769/2976 2150/2936 770/2975
f 1372/2989 1842/3034 1843/3019
f 2260/1961 2295/1946 2259/1953
f 2154/3282 768/3321 767/3310
f 765/3318 1304/3344 766/3329
f 2433/3429 1823/3422 1826/3404
f 796/2047 764/2054 763/2042
f 1251/633 2428/656 2429/640
f 1251/633 2440/616 1250/609
f 1506/2034 1442/2043 1489/2046
f 1235/5197 1236/5194 1234/5196
f 1234/5196 1494/5192 1451/5198
f 1501/2010 1502/2016 1503/2005
f 2365/4709 2343/4719 2344/4722
f 921/3020 922/3035 2356/3050
f 786/3051 1842/3034 921/3020
f 920/3004 922/3035 921/3020
f 921/3020 1372/2989 920/3004
f 918/2964 919/2980 2416/2953
f 2419/6139 2413/6135 2152/6130
f 769/2976 770/2975 2411/3005
f 2153/6127 2151/6122 768/6125
f 918/2964 769/2976 919/2980
f 786/3051 2356/3050 785/3078
f 2355/3118 1291/3089 5115/3132
f 2149/2952 2340/2950 2150/2936
f 2322/2922 916/2891 917/2911
f 915/2903 917/2911 916/2891
f 915/2903 916/2891 2282/2896
f 2467/6425 2350/6429 2317/6421
f 2322/6420 2323/6417 2363/6416
f 2241/2433 2245/2436 2242/2429
f 2365/4709 2408/4718 2379/4714
f 2278/4711 2403/4713 2387/4721
f 1290/3087 1291/3089 2396/3058
f 2367/6428 916/6424 2363/6416
f 2367/2901 2368/2909 2308/2895
f 2380/4705 2274/4701 2365/4709
f 2349/2987 2361/2972 2338/2985
f 913/2437 1153/2447 914/2453
f 910/2421 912/2424 911/2428
f 911/2428 2241/2433 910/2421
f 910/2421 909/2425 1259/2418
f 1158/6874 1154/6875 1155/6876
f 1164/6195 1157/6193 1158/6197
f 1156/2451 913/2437 914/2453
f 907/2416 1260/2422 908/2419
f 2212/2552 2217/2555 2210/2557
f 1689/2535 1690/2540 2287/2538
f 906/2547 905/2550 2214/2553
f 906/2547 1838/2544 905/2550
f 2215/1944 2271/1932 2226/1933
f 911/2428 2484/2439 1163/2442
f 1259/2418 2064/2426 1260/2422
f 912/2424 2263/2423 2260/2432
f 903/1905 1376/1907 904/1908
f 1377/1909 2289/1913 904/1908
f 904/1908 790/1915 791/1912
f 790/1915 2148/1922 789/1919
f 1655/3332 767/3310 768/3321
f 1813/1910 903/1905 904/1908
f 883/2375 2038/2387 902/2382
f 1852/1936 1666/1950 1667/1942
f 730/4131 793/4124 1537/4122
f 2147/1940 1852/1936 2175/1927
f 1978/5143 1885/5150 1886/5147
f 778/4967 2161/4964 901/4955
f 901/4955 777/4962 778/4967
f 868/3316 896/3307 899/3288
f 900/3265 1126/3279 886/3268
f 769/2976 918/2964 2149/2952
f 897/3295 1126/3279 899/3288
f 845/3369 898/3359 1652/3368
f 2019/3340 1656/3354 1748/3363
f 897/3295 896/3307 895/3317
f 2102/4943 894/4947 893/4938
f 766/3329 2135/3308 765/3318
f 783/2148 784/2139 2090/2161
f 876/2119 782/2127 885/2106
f 885/2106 600/2111 876/2119
f 885/2106 782/2127 1920/2118
f 2119/4929 2105/4935 2106/4939
f 892/2196 891/2227 2039/2213
f 1745/6689 1769/6693 1867/6692
f 867/2101 592/2105 890/2112
f 2099/4948 2120/4952 2127/4957
f 887/2320 889/2326 888/2331
f 888/2331 731/2325 887/2320
f 889/2326 887/2320 1165/2314
f 899/3288 896/3307 897/3295
f 871/3254 900/3265 886/3268
f 873/3257 871/3254 2108/3246
f 2202/3275 2186/3283 874/3267
f 1721/2094 867/2101 885/2106
f 2032/2323 2029/2317 731/2325
f 2032/2323 1455/2334 1456/2333
f 1500/2360 1507/2354 733/2348
f 1457/2340 1455/2334 731/2325
f 2064/2426 909/2425 2044/2430
f 2037/2327 2068/2338 2041/2332
f 884/2368 883/2375 882/2358
f 882/2358 883/2375 902/2382
f 892/2196 1120/2223 891/2227
f 908/6719 2045/6721 2062/6716
f 908/2419 1150/2412 907/2416
f 912/2424 910/2421 2053/2410
f 881/2381 880/2394 2055/2393
f 2040/2388 880/2394 881/2381
f 2041/2332 2073/2328 787/2322
f 883/2375 884/2368 881/2381
f 2037/2327 2027/2321 1416/2315
f 1500/2360 3418/2371 1508/2366
f 877/6384 879/6379 878/6381
f 2030/2313 1415/2312 788/2316
f 2027/2321 787/2322 788/2316
f 1151/2352 1152/2364 2134/2359
f 1136/4931 1127/4926 1128/4930
f 1128/4930 1129/4922 2119/4929
f 784/2139 782/2127 876/2119
f 599/2128 285/2140 876/2119
f 2100/4944 893/4938 2099/4948
f 875/3263 871/3254 886/3268
f 873/3257 2138/3262 874/3267
f 900/3265 873/3257 874/3267
f 871/3254 875/3263 872/3258
f 872/3258 2107/3250 871/3254
f 893/4938 894/4947 2120/4952
f 868/3316 870/3341 2124/3328
f 869/3353 868/3316 2020/3339
f 868/3316 869/3353 870/3341
f 599/2128 876/2119 600/2111
f 2026/3380 2109/3375 1748/3363
f 600/2111 885/2106 867/2101
f 2023/4970 2025/4974 2022/4969
f 1820/3336 1821/3323 1897/3312
f 1754/5776 1755/5781 2018/5785
f 890/2112 600/2111 867/2101
f 1998/5788 866/5792 865/5783
f 865/5272 866/5268 2021/5261
f 1679/3002 864/3018 863/2988
f 1774/3413 1863/3420 1864/3426
f 1768/5780 1754/5776 865/5783
f 1948/6235 1941/6238 5153/6241
f 1943/6111 1944/6104 2005/6107
f 1927/5241 1928/5227 1929/5234
f 1927/5241 1930/5248 1926/5235
f 1815/3398 1858/3408 1774/3413
f 1641/3385 1762/3384 1815/3398
f 781/3401 861/3390 780/3396
f 861/3390 781/3401 862/3389
f 1414/5784 1769/5777 1768/5780
f 1414/5784 1907/5793 1413/5794
f 1884/5159 1882/5153 1733/5157
f 858/5829 860/5834 859/5832
f 1910/5824 858/5829 859/5832
f 1894/5843 859/5832 860/5834
f 857/2491 848/2493 1604/2489
f 774/5816 1896/5821 773/5822
f 854/5596 856/5604 855/5600
f 1785/5592 854/5596 855/5600
f 855/6694 856/6690 1867/6692
f 1957/5393 1958/5401 1959/5403
f 1827/5412 1828/5414 1829/5409
f 1853/3349 2195/3324 1821/3323
f 1651/3065 1750/3081 1760/3098
f 1780/3099 1818/3120 1773/3097
f 853/3388 775/3378 776/3372
f 852/5587 1766/5598 854/5596
f 1767/5594 1873/5606 1776/5607
f 852/5587 851/5582 1872/5577
f 851/5582 852/5587 1784/5585
f 1643/3395 1771/3409 1772/3415
f 850/3322 849/3335 1856/3311
f 1648/3348 849/3335 850/3322
f 1803/3134 1805/3090 1844/3124
f 863/2988 864/3018 1840/3032
f 1543/2592 1558/2611 1542/2601
f 1589/2495 848/2493 847/2490
f 1589/2035 1420/2020 1588/2019
f 850/3322 767/3310 1638/3333
f 1141/3387 775/3378 853/3388
f 779/5175 843/5172 1649/5171
f 845/3369 1644/3370 846/3334
f 1748/3363 861/3390 862/3389
f 844/5168 779/5175 1763/5174
f 843/5172 779/5175 844/5168
f 1734/5166 843/5172 844/5168
f 1728/2102 1730/2098 1721/2094
f 1516/2052 1517/2063 5377/2071
f 878/6381 842/6378 841/6383
f 5380/2477 840/2481 5436/2483
f 839/2011 838/2028 1617/2018
f 838/2028 848/2044 1588/2019
f 838/2028 839/2011 1604/2033
f 832/2041 1616/2026 1526/2032
f 1419/2496 1420/2497 1575/2492
f 836/1999 1631/1987 837/1994
f 1592/2006 836/1999 837/1994
f 1633/2001 1595/2008 837/1994
f 1255/4983 1460/4988 1254/4980
f 727/4118 835/4126 1535/4128
f 1541/2586 1573/2580 1543/2592
f 834/2588 833/2587 1605/2604
f 1550/2501 1551/2505 1592/2503
f 5381/2627 1570/2610 5387/2639
f 832/2482 831/2484 1606/2487
f 835/4126 1626/4144 1536/4136
f 833/2587 834/2588 1554/2576
f 847/2490 848/2493 857/2491
f 763/2474 764/2473 1523/2466
f 1524/2479 831/2484 832/2482
f 1515/6387 879/6379 877/6384
f 5411/6854 1487/6856 5427/6858
f 1418/6386 1448/6388 1231/6392
f 1418/6386 877/6384 878/6381
f 733/2348 732/2342 1459/2349
f 732/2342 731/2325 1147/2336
f 733/2348 731/2325 732/2342
f 793/4124 730/4131 729/4139
f 1249/4133 729/4139 5383/4149
f 1470/1873 1465/1882 1468/1866
f 1249/4133 792/4123 793/4124
f 727/4118 1475/4116 728/4121
f 725/4115 3580/4125 726/4120
f 725/4115 726/4120 1464/4117
f 1464/1902 1461/1899 1462/1890
f 1463/1895 1466/1887 1465/1882
f 794/4146 729/4139 730/4131
f 723/2361 1243/2378 724/2372
f 1436/6475 1437/6469 1439/6472
f 1436/6380 841/6383 842/6378
f 1244/2392 1245/2398 1435/2403
f 724/2372 535/2399 1438/2397
f 1447/2362 723/2361 724/2372
f 879/6379 534/6385 535/6382
f 720/2713 722/2716 721/2720
f 719/2770 717/2756 716/2744
f 717/2756 719/2770 718/2786
f 714/2750 716/2744 715/2735
f 711/5683 713/5680 712/5682
f 1027/5372 709/5378 710/5375
f 708/5380 710/5375 709/5378
f 708/5685 1390/5681 4997/5688
f 705/3792 707/3798 706/3777
f 706/3777 1196/3779 705/3792
f 1342/2712 722/2716 720/2713
f 1434/2787 717/2756 718/2786
f 760/3182 762/3156 761/3169
f 1202/2734 1300/2771 1089/2768
f 759/3763 706/3777 756/3767
f 1389/3750 757/3753 758/3762
f 758/3762 756/3767 1271/3774
f 1067/3766 758/3762 1066/3773
f 3152/3594 1075/3618 1076/3631
f 1079/3654 1077/3641 1076/3631
f 752/3791 1271/3774 706/3777
f 757/3753 756/3767 758/3762
f 759/3763 756/3767 757/3753
f 755/5120 754/5124 5196/5128
f 755/5120 1058/5116 754/5124
f 1351/5131 1036/5138 1346/5141
f 1351/5131 754/5124 1352/5122
f 1392/4263 1065/4252 1064/4254
f 1275/4275 1392/4263 948/4267
f 752/3791 808/3805 753/3797
f 1381/3804 753/3797 1378/3815
f 750/3729 749/3725 751/3733
f 748/3719 1106/3715 749/3725
f 762/3156 1214/3145 761/3169
f 1221/2752 1429/2741 1220/2733
f 1089/2768 1096/2797 1088/2816
f 1083/3704 1084/3701 1105/3706
f 1217/2820 747/2801 746/2837
f 746/2837 747/2801 1215/2829
f 1408/2823 1409/2803 1428/2772
f 721/2720 1282/2726 1202/2734
f 716/2744 717/2756 1202/2734
f 720/2713 721/2720 1203/2725
f 716/2744 1282/2726 715/2735
f 714/2750 715/2735 1056/2731
f 5187/5364 1189/5357 5203/5368
f 993/1116 994/1115 5066/1145
f 752/3791 706/3777 707/3798
f 1385/4234 745/4228 744/4239
f 1344/4233 744/4239 745/4228
f 205/4240 412/4245 1344/4233
f 713/2730 711/2749 1387/2732
f 711/2749 743/2778 742/2761
f 1053/2780 742/2761 743/2778
f 949/4274 1023/4279 948/4267
f 950/4259 827/4265 949/4274
f 743/5686 711/5683 712/5682
f 741/5345 1061/5341 5206/5348
f 1352/5122 952/5119 740/5126
f 737/5135 1035/5130 740/5126
f 924/6007 925/6014 923/6015
f 708/5380 709/5378 926/5382
f 926/5382 739/5377 736/5383
f 738/4293 1038/4294 1039/4296
f 737/4295 740/4290 738/4293
f 1032/4297 737/4295 738/4293
f 736/6021 735/6020 923/6015
f 996/1085 951/1071 735/1099
f 1041/888 2766/868 1379/879
f 744/4239 1384/4250 1064/4254
f 1185/3191 760/3182 761/3169
f 752/3791 753/3797 1066/3773
f 1100/3693 3328/3685 1265/3688
f 1226/4167 1227/4155 1249/4133
f 1239/2400 1240/2391 1451/2404
f 1239/2400 1245/2398 1238/2384
f 1093/3739 750/3729 751/3733
f 748/3719 749/3725 750/3729
f 1100/3693 1084/3701 1085/3698
f 1088/2970 1097/2971 3240/2947
f 1201/3190 1216/3181 1200/3199
f 2611/1465 1399/1454 974/1484
f 953/4286 1402/4289 738/4293
f 2713/1180 2724/1197 471/1214
f 735/6908 736/6911 739/6909
f 739/5377 1322/5374 2754/5379
f 910/2421 2242/2429 909/2425
f 896/3307 2124/3328 895/3317
f 846/3334 898/3359 845/3369
f 729/4139 1256/4154 1497/4165
f 835/4126 727/4118 728/4121
f 950/4259 948/4267 1064/4254
f 226/696 121/697 119/711
f 734/6220 119/6227 121/6224
f 693/6057 322/6058 142/6059
f 123/6222 704/6225 700/6219
f 120/706 3604/683 226/696
f 219/5847 703/5848 5440/5849
f 324/6619 694/6620 5444/6621
f 612/2158 583/2168 585/2147
f 704/6225 124/6228 221/6229
f 703/5848 666/5851 668/5855
f 5443/5856 668/5855 5448/5863
f 5449/773 223/768 5451/772
f 172/2199 238/2229 179/2230
f 252/5424 540/5425 283/5426
f 542/2180 117/2167 584/2157
f 574/5695 698/5696 605/5697
f 605/5697 607/5698 574/5695
f 115/2135 584/2157 117/2167
f 603/5719 606/5700 4705/5711
f 271/605 267/624 702/603
f 232/5864 701/5867 216/5858
f 700/6219 704/6225 221/6229
f 5219/5040 669/5033 5220/5043
f 560/2156 520/2155 562/2134
f 563/2115 567/2103 596/2114
f 4701/5455 276/5443 4712/5458
f 699/5436 280/5440 4715/5444
f 280/5440 536/5442 4703/5449
f 602/5715 531/5709 604/5703
f 254/5430 281/5433 699/5436
f 276/5443 699/5436 4716/5447
f 276/5443 588/5437 699/5436
f 254/5430 699/5436 588/5437
f 698/5696 574/5695 575/5699
f 604/5703 698/5696 575/5699
f 531/5709 698/5696 604/5703
f 698/5696 531/5709 697/5705
f 698/5696 697/5705 606/5700
f 281/5433 282/5427 4730/5435
f 697/5705 531/5709 4713/5717
f 695/2257 256/2251 4708/2261
f 260/2259 696/2272 262/2266
f 286/5457 284/5450 4707/5460
f 695/2257 242/2243 256/2251
f 695/2257 260/2259 242/2243
f 4709/5468 287/5463 4738/5470
f 4739/2278 696/2272 4740/2284
f 4740/6946 260/6947 4741/6948
f 4741/2268 695/2257 4742/2275
f 678/2279 262/2266 4739/2278
f 4711/5621 298/5622 4746/5623
f 287/5463 286/5457 4720/5465
f 4752/2291 590/2285 4753/2299
f 302/5630 299/5633 290/5627
f 290/5627 690/5624 302/5630
f 237/2281 234/2294 168/2287
f 233/2214 240/2228 242/2243
f 247/2273 262/2266 678/2279
f 336/2304 236/2301 307/2293
f 5225/5654 300/5643 5226/5648
f 99/1274 97/1245 4761/1291
f 349/6073 347/6062 323/6067
f 693/6057 355/6060 353/6063
f 376/721 360/735 367/722
f 344/6080 341/6082 323/6067
f 447/1580 435/1585 439/1592
f 693/6057 352/6066 346/6061
f 354/6623 324/6619 5454/6626
f 694/6928 163/6929 4756/6930
f 694/6620 354/6623 163/6627
f 164/6631 163/6627 354/6623
f 345/6595 350/6596 366/6597
f 391/1563 379/1566 392/1558
f 4764/1616 442/1610 4765/1613
f 197/1531 160/1519 199/1507
f 198/1495 512/1490 371/1503
f 158/1492 160/1519 196/1533
f 387/1456 201/1471 157/1447
f 131/1337 480/1335 486/1295
f 396/1422 394/1412 4773/1435
f 550/1400 426/1372 4775/1411
f 4779/1423 550/1400 4781/1436
f 502/1523 499/1522 381/1544
f 427/1542 497/1532 509/1551
f 331/4800 336/4801 4784/4802
f 336/2304 307/2293 4786/2307
f 310/4232 692/4227 312/4221
f 206/4248 308/4256 325/4261
f 689/1333 102/1313 4792/1351
f 418/1315 131/1337 417/1354
f 330/4805 422/4810 325/4808
f 206/4248 303/4244 309/4251
f 412/4245 672/4257 670/4253
f 103/5659 304/5658 114/5649
f 691/5675 103/5659 676/5670
f 107/5653 106/5660 4798/5665
f 103/5659 105/5669 104/5663
f 100/1294 102/1313 101/1275
f 111/5284 110/5285 4807/5286
f 109/5628 108/5639 4735/5646
f 99/1274 98/1258 97/1245
f 689/1333 101/1275 102/1313
f 210/1385 417/1354 130/1371
f 4789/1310 99/1274 4813/1328
f 420/1353 478/1382 4816/1398
f 515/1329 516/1292 4788/1330
f 149/5077 148/5078 456/5079
f 681/5298 328/5296 450/5307
f 4820/5100 680/5095 4821/5097
f 4824/5085 148/5078 4825/5083
f 4810/5112 454/5103 4812/5115
f 102/1313 203/1332 4809/1350
f 112/5637 114/5649 113/5651
f 145/604 144/613 143/589
f 140/6064 142/6059 141/6068
f 137/1547 139/1554 138/1537
f 134/1414 136/1399 135/1410
f 132/1524 2701/1501 133/1511
f 131/1337 130/1371 417/1354
f 127/5299 129/5305 128/5310
f 3607/631 126/620 125/643
f 704/6225 123/6222 124/6228
f 121/6224 123/6222 122/6221
f 118/6230 120/6231 119/6227
f 226/696 119/711 120/706
f 117/2167 116/2179 115/2135
f 176/2252 179/2230 178/2244
f 178/2244 177/2250 176/2252
f 174/2217 1135/2231 175/2201
f 171/2216 173/2188 172/2199
f 168/2287 170/2295 169/2282
f 165/1301 167/1290 166/1269
f 4831/6635 164/6631 5527/6637
f 161/1593 162/1596 155/1605
f 159/1496 160/1519 158/1492
f 157/1447 159/1496 158/1492
f 156/1600 155/1605 4771/1611
f 154/1448 153/1472 2633/1473
f 150/5101 152/5099 151/5093
f 4833/5080 149/5077 5287/5082
f 147/5288 146/5291 110/5285
f 211/6822 210/6823 208/6824
f 210/6823 209/6826 208/6824
f 205/4240 207/4238 206/4248
f 202/5113 204/5105 203/5108
f 159/1496 201/1471 199/1507
f 198/1495 200/1521 199/1507
f 196/1533 160/1519 197/1531
f 194/1470 195/1475 153/1472
f 192/1571 193/1584 191/1583
f 190/1573 192/1571 191/1583
f 187/1513 189/1527 188/1526
f 170/4226 186/4217 185/4225
f 183/6877 180/6878 184/6879
f 180/6878 182/6881 181/6880
f 217/6485 1444/6480 232/6476
f 230/682 124/705 123/698
f 229/652 230/682 228/667
f 230/682 123/698 228/667
f 229/652 125/643 126/620
f 228/667 227/666 125/643
f 3606/654 125/643 227/666
f 228/667 125/643 229/652
f 228/667 123/698 121/697
f 227/666 228/667 121/697
f 232/6476 3599/6471 701/6474
f 226/696 3610/669 227/666
f 5439/5871 225/5872 5450/5873
f 223/768 225/771 224/766
f 118/6478 3601/6473 120/6482
f 121/697 226/696 227/666
f 734/6220 118/6230 119/6227
f 214/726 222/733 221/717
f 214/726 220/756 215/757
f 215/5854 219/5847 216/5858
f 216/5858 217/5861 232/5864
f 216/5858 218/5853 217/5861
f 216/6918 701/6919 212/6920
f 216/5858 213/5862 215/5854
f 214/726 213/752 212/747
f 214/726 221/717 5460/719
f 230/682 272/695 124/705
f 221/6229 124/6228 272/6232
f 269/653 272/695 230/682
f 271/605 143/589 144/613
f 269/653 230/682 229/652
f 702/603 267/624 126/620
f 126/620 268/642 229/652
f 267/624 269/653 268/642
f 264/649 266/637 265/662
f 255/2163 251/2174 263/2184
f 243/2256 262/2266 261/2260
f 243/2256 260/2259 262/2266
f 250/2149 244/2187 172/2199
f 257/2100 259/2096 258/2090
f 238/2229 178/2244 179/2230
f 241/2245 256/2251 240/2228
f 250/2149 251/2174 255/2163
f 252/5424 254/5430 253/5431
f 171/2216 172/2199 179/2230
f 173/2188 251/2174 250/2149
f 168/2287 234/2294 249/2302
f 170/2295 168/2287 249/2302
f 248/2247 174/2217 171/2216
f 177/2250 178/2244 233/2214
f 246/2263 245/2262 247/2273
f 177/2250 245/2262 176/2252
f 244/2187 240/2228 233/2214
f 256/2251 242/2243 240/2228
f 172/2199 173/2188 250/2149
f 242/2243 260/2259 243/2256
f 243/2256 177/2250 242/2243
f 242/2243 177/2250 233/2214
f 239/2215 241/2245 240/2228
f 233/2214 178/2244 238/2229
f 234/2294 237/2281 236/2301
f 234/2294 236/2301 235/2305
f 238/2229 172/2199 233/2214
f 256/5466 241/5461 287/5463
f 284/5450 286/5457 239/5451
f 241/5461 239/5451 286/5457
f 250/2149 255/2163 285/2140
f 2205/2160 285/2140 255/2163
f 239/5451 277/5441 284/5450
f 116/2179 117/2167 253/2192
f 283/5426 282/5427 252/5424
f 699/5436 281/5433 280/5440
f 278/2200 279/2221 239/2215
f 277/5441 276/5443 284/5450
f 273/5875 275/5876 274/5877
f 109/5628 291/5634 108/5639
f 4745/5625 109/5628 4754/5631
f 246/2263 176/2252 245/2262
f 245/2262 177/2250 261/2260
f 107/5653 108/5639 297/5645
f 295/5304 296/5306 146/5291
f 294/2246 293/2264 292/2271
f 288/2277 168/2287 169/2282
f 290/5627 291/5634 109/5628
f 169/2282 289/2270 288/2277
f 176/2252 313/2258 294/2246
f 289/2270 293/2264 313/2258
f 290/5627 109/5628 298/5622
f 170/4226 312/4221 186/4217
f 288/2277 311/2269 237/2281
f 289/2270 306/2288 1213/2283
f 291/5634 112/5637 297/5645
f 291/5634 290/5627 112/5637
f 305/4236 185/4225 1191/4231
f 112/5637 300/5643 114/5649
f 310/4232 312/4221 170/4226
f 206/4248 309/4251 308/4256
f 237/2281 307/2293 236/2301
f 237/2281 168/2287 288/2277
f 305/2296 306/2288 169/2282
f 170/4226 185/4225 305/4236
f 113/5651 114/5649 304/5658
f 206/4248 207/4238 303/4244
f 301/5655 114/5649 300/5643
f 104/5663 106/5660 113/5651
f 113/5651 107/5653 297/5645
f 103/5659 301/5655 5232/5664
f 299/5633 302/5630 5230/5636
f 5226/5648 299/5633 5235/5647
f 304/5658 103/5659 104/5663
f 304/5658 104/5663 113/5651
f 103/5659 691/5675 4799/5677
f 105/5669 103/5659 4836/5672
f 4838/5673 105/5669 4839/5678
f 4797/5667 104/5663 4841/5671
f 236/2301 336/2304 335/2308
f 331/4800 335/4804 336/4801
f 334/2309 235/2305 335/2308
f 303/4244 332/4247 309/4251
f 309/4251 332/4247 334/4262
f 310/4232 207/4238 692/4227
f 310/4232 303/4244 207/4238
f 335/2308 235/2305 236/2301
f 326/4268 308/4256 335/4269
f 335/4804 331/4800 326/4806
f 334/2309 332/2306 234/2294
f 234/2294 235/2305 334/2309
f 308/4256 309/4251 334/4262
f 334/4262 335/4269 308/4256
f 333/4243 303/4244 310/4232
f 333/4243 332/4247 303/4244
f 330/4805 325/4808 331/4800
f 330/4805 331/4800 4785/4803
f 327/5292 329/5301 328/5296
f 325/4261 308/4256 326/4268
f 144/613 317/625 271/605
f 321/6065 323/6067 322/6058
f 319/626 320/638 266/637
f 267/624 271/605 315/636
f 271/605 317/625 315/636
f 267/624 315/636 314/648
f 5466/6081 352/6066 5470/6085
f 361/6079 362/6071 318/6072
f 360/735 368/734 5471/749
f 352/6066 318/6072 346/6061
f 365/718 367/722 366/727
f 138/1537 139/1554 364/1548
f 140/6601 363/6600 5474/6603
f 354/6623 694/6620 324/6619
f 346/6061 318/6072 362/6071
f 321/6065 362/6071 361/6079
f 359/744 360/735 5472/750
f 337/681 358/639 357/664
f 355/6060 142/6059 140/6064
f 693/6057 142/6059 355/6060
f 355/6060 140/6064 356/6070
f 322/6058 693/6057 346/6061
f 5478/6075 353/6063 5479/6084
f 351/650 317/625 5480/661
f 5444/6621 4763/6624 5525/6628
f 347/6062 350/6074 141/6068
f 347/6062 349/6073 348/6083
f 141/6068 142/6059 347/6062
f 321/6065 322/6058 346/6061
f 140/6601 141/6599 345/6595
f 319/626 266/637 145/604
f 141/6599 350/6596 345/6595
f 344/6080 343/6089 341/6082
f 343/6089 342/6088 341/6082
f 339/659 989/635 340/671
f 338/693 337/681 357/664
f 347/6062 322/6058 323/6067
f 339/659 383/685 389/673
f 321/690 265/662 405/665
f 341/6082 342/6088 349/6073
f 407/704 344/694 337/681
f 344/6080 323/6067 321/6065
f 341/6082 349/6073 323/6067
f 346/6061 362/6071 321/6065
f 265/662 321/690 361/677
f 266/637 406/663 265/662
f 317/625 144/613 145/604
f 266/637 317/625 145/604
f 265/662 406/663 405/665
f 405/665 344/694 321/690
f 337/681 344/694 405/665
f 342/739 403/724 349/737
f 342/6882 397/6883 404/6884
f 404/6884 397/6883 399/6885
f 349/737 403/724 393/729
f 345/6595 367/6598 363/6600
f 390/680 357/664 402/651
f 401/703 390/680 388/699
f 338/693 357/664 390/680
f 398/6611 400/6612 399/6613
f 343/6943 397/6944 342/6945
f 394/1412 396/1422 395/1386
f 366/727 350/736 365/718
f 365/718 350/736 393/729
f 391/1563 392/1558 139/1554
f 388/699 390/680 389/673
f 386/1437 387/1456 157/1447
f 156/1600 161/1593 155/1605
f 384/728 191/723 385/713
f 382/707 383/685 379/684
f 380/1534 381/1544 188/1526
f 379/684 383/685 339/659
f 339/659 340/671 379/684
f 368/734 360/735 376/721
f 378/1561 377/1560 4769/1568
f 191/723 368/734 376/721
f 373/1572 375/1581 374/1565
f 371/1503 197/1531 200/1521
f 200/1521 197/1531 199/1507
f 2616/1549 364/1548 340/1557
f 370/714 369/712 448/700
f 370/714 385/713 191/723
f 389/673 383/685 448/700
f 192/1571 374/1565 447/1580
f 5487/748 436/743 5488/754
f 396/1422 386/1437 134/1414
f 445/1520 189/1527 446/1530
f 139/1554 137/1547 434/1555
f 380/1534 431/1505 428/1518
f 444/1553 377/1560 378/1561
f 443/1562 374/1565 192/1571
f 440/1604 442/1610 441/1609
f 439/1592 435/1585 156/1600
f 437/1589 161/1593 438/1586
f 385/1574 391/1563 190/1573
f 368/734 191/723 436/743
f 435/1585 374/1565 375/1581
f 379/1566 340/1557 392/1558
f 364/1548 392/1558 340/1557
f 434/1555 373/1572 374/1565
f 198/1495 371/1503 200/1521
f 2631/1415 433/1388 432/1425
f 201/1471 198/1495 199/1507
f 430/1469 158/1492 431/1505
f 427/1542 429/1543 428/1518
f 425/1355 426/1372 395/1386
f 421/4815 424/4812 296/4819
f 421/4815 423/4816 422/4810
f 418/1315 420/1353 419/1336
f 210/1385 211/1397 417/1354
f 146/5291 296/5306 4794/5300
f 110/5285 111/5284 147/5288
f 110/5285 146/5291 4848/5295
f 416/5330 415/5327 4850/5326
f 4850/5326 414/5308 4852/5324
f 411/4255 413/4260 412/4245
f 409/5109 410/5106 150/5101
f 127/5299 295/5304 146/5291
f 146/5291 408/5294 127/5299
f 203/1332 102/1313 100/1294
f 202/5322 128/5310 462/5315
f 129/5305 463/5303 462/5315
f 129/5305 462/5315 128/5310
f 183/6933 184/6934 165/6935
f 452/5104 152/5099 150/5101
f 414/5308 461/5325 457/5320
f 454/5103 453/5098 4819/5102
f 458/1334 460/1307 459/1327
f 455/5323 449/5311 457/5320
f 456/5329 415/5327 149/5331
f 449/5311 455/5323 152/5317
f 454/5103 150/5101 453/5098
f 452/5316 450/5307 152/5317
f 450/5307 452/5316 451/5309
f 328/5296 449/5311 450/5307
f 328/5296 414/5308 449/5311
f 449/5311 152/5317 450/5307
f 456/5079 148/5078 487/5081
f 489/5090 488/5088 487/5081
f 151/5093 455/5096 488/5088
f 488/5088 461/5084 487/5081
f 456/5079 487/5081 461/5084
f 203/5108 204/5105 454/5103
f 150/5101 410/5106 452/5104
f 101/1275 689/1333 4829/1348
f 483/1276 476/1314 477/1296
f 486/1295 480/1335 475/1297
f 826/1299 485/1279 484/1316
f 479/1246 483/1276 482/1259
f 480/1335 131/1337 481/1298
f 210/1385 130/1371 209/1347
f 479/1246 466/1228 98/1258
f 4814/1408 208/1396 4855/1381
f 475/1297 477/1296 476/1314
f 454/5103 204/5105 150/5101
f 409/5109 150/5101 204/5105
f 474/4836 464/4831 202/4833
f 167/1290 459/1327 460/1307
f 410/5314 463/5303 451/5309
f 474/4836 468/4834 464/4831
f 100/1294 468/1352 474/1365
f 472/1257 167/1290 460/1307
f 471/1214 473/1244 472/1257
f 100/1294 202/1349 203/1332
f 100/1294 474/1365 202/1349
f 469/4282 470/4272 459/4287
f 100/1294 458/1334 468/1352
f 467/1268 180/1283 165/1301
f 204/5105 202/5113 462/5114
f 462/5114 409/5109 204/5105
f 97/1245 98/1258 466/1228
f 183/6933 165/6935 180/6936
f 483/1276 477/1296 482/1259
f 128/4829 465/4823 127/4828
f 128/4829 464/4831 517/4825
f 128/4829 202/4833 464/4831
f 4791/1293 101/1275 4856/1311
f 468/4834 517/4825 464/4831
f 463/5303 410/5314 409/5321
f 409/5321 462/5315 463/5303
f 97/1245 472/1257 101/1275
f 472/1257 97/1245 471/1214
f 466/1228 471/1214 97/1245
f 486/1295 516/1292 515/1329
f 503/1424 154/1448 432/1425
f 417/1354 478/1382 420/1353
f 130/1371 131/1337 209/1347
f 208/6824 478/6825 211/6822
f 4855/1381 209/1347 4857/1363
f 418/1315 419/1336 485/1279
f 475/1297 480/1335 481/1298
f 482/1259 817/1215 479/1246
f 211/1397 478/1382 417/1354
f 481/1298 485/1279 819/1262
f 485/1279 481/1298 418/1315
f 131/1337 418/1315 481/1298
f 477/1296 475/1297 816/1260
f 516/1292 486/1295 98/1258
f 486/1295 209/1347 131/1337
f 418/1315 417/1354 420/1353
f 486/1295 515/1329 209/1347
f 4857/1363 515/1329 4858/1380
f 198/1495 387/1456 512/1490
f 419/1336 420/1353 4859/1370
f 433/1388 514/1373 136/1399
f 425/1355 395/1386 136/1399
f 513/1459 194/1470 153/1472
f 134/1414 386/1437 503/1424
f 432/1425 433/1388 503/1424
f 4780/1387 419/1336 4860/1383
f 134/1414 433/1388 136/1399
f 503/1424 386/1437 157/1447
f 432/1425 154/1448 2634/1449
f 513/1459 153/1472 154/1448
f 503/1424 513/1459 154/1448
f 198/1495 201/1471 387/1456
f 201/1471 159/1496 157/1447
f 157/1447 501/1458 503/1424
f 159/1496 199/1507 160/1519
f 188/1526 381/1544 499/1522
f 510/1504 427/1542 196/1533
f 511/1457 371/1503 512/1490
f 510/1504 197/1531 371/1503
f 428/1518 431/1505 158/1492
f 132/1524 138/1537 364/1548
f 502/1523 496/1545 494/1536
f 138/1537 133/1511 137/1547
f 372/1591 436/1597 193/1584
f 191/1583 193/1584 436/1597
f 391/1563 443/1562 190/1573
f 509/1551 496/1545 502/1523
f 490/1556 507/1564 434/1555
f 490/1556 378/1561 507/1564
f 506/1569 507/1564 492/1578
f 436/1597 372/1591 5485/1602
f 429/1543 502/1523 381/1544
f 447/1580 439/1592 508/1599
f 493/1582 437/1589 492/1578
f 508/1599 441/1609 5491/1608
f 4861/1595 493/1582 4863/1590
f 4770/1612 162/1596 4862/1606
f 378/1561 491/1570 507/1564
f 434/1555 507/1564 506/1569
f 384/1587 190/1573 191/1583
f 505/1546 137/1547 133/1511
f 499/1522 502/1523 504/1483
f 374/1565 435/1585 447/1580
f 384/1587 385/1574 190/1573
f 498/1500 187/1513 188/1526
f 501/1458 194/1470 503/1424
f 133/1511 504/1483 502/1523
f 500/1493 501/1458 430/1469
f 430/1469 431/1505 500/1493
f 380/1534 188/1526 189/1527
f 380/1534 189/1527 445/1520
f 500/1493 445/1520 446/1530
f 498/1500 188/1526 499/1522
f 134/1414 503/1424 433/1388
f 133/1511 138/1537 132/1524
f 495/1552 497/1532 4864/1550
f 494/1536 496/1545 495/1552
f 447/1580 372/1591 193/1584
f 192/1571 447/1580 193/1584
f 491/1570 493/1582 492/1578
f 380/1534 429/1543 381/1544
f 428/1518 429/1543 380/1534
f 513/1459 503/1424 194/1470
f 378/1561 490/1556 444/1553
f 496/1545 509/1551 495/1552
f 430/1469 157/1447 158/1492
f 510/1504 196/1533 197/1531
f 428/1518 158/1492 196/1533
f 494/1536 444/1553 505/1546
f 502/1523 429/1543 427/1542
f 511/1457 512/1490 387/1456
f 497/1532 510/1504 4757/1517
f 5486/1598 447/1580 5493/1601
f 552/1579 378/1561 4845/1576
f 491/1570 378/1561 552/1579
f 377/1560 444/1553 495/1552
f 495/1552 444/1553 494/1536
f 495/1552 509/1551 497/1532
f 4758/1491 511/1457 4868/1468
f 431/1505 380/1534 445/1520
f 551/1494 195/1475 194/1470
f 494/1536 133/1511 502/1523
f 190/1573 443/1562 192/1571
f 396/1422 387/1456 386/1437
f 371/1503 511/1457 510/1504
f 428/1518 196/1533 427/1542
f 387/1456 396/1422 511/1457
f 445/1520 500/1493 431/1505
f 396/1422 134/1414 395/1386
f 134/1414 135/1410 395/1386
f 426/1372 550/1400 395/1386
f 514/1373 547/1356 425/1355
f 425/1355 419/1336 426/1372
f 425/1355 547/1356 484/1316
f 484/1316 547/1356 549/1338
f 395/1386 550/1400 394/1412
f 433/1388 548/1357 514/1373
f 425/1355 136/1399 514/1373
f 485/1279 419/1336 484/1316
f 419/1336 425/1355 484/1316
f 549/1338 547/1356 546/1339
f 547/1356 514/1373 546/1339
f 433/1388 2669/1389 548/1357
f 407/6615 400/6612 398/6611
f 542/2180 540/2207 545/2193
f 543/5052 524/5044 544/5048
f 542/2180 541/2182 540/2207
f 537/2126 539/2146 538/2138
f 536/5442 281/5433 4731/5439
f 533/6389 535/6382 534/6385
f 269/653 532/701 272/695
f 233/2214 172/2199 244/2187
f 244/2187 239/2215 240/2228
f 5223/5734 530/5724 5240/5738
f 286/5457 287/5463 241/5461
f 527/5066 529/5069 528/5064
f 524/5044 526/5050 525/5041
f 521/2151 523/2175 522/2152
f 518/5889 520/5885 519/5892
f 519/5892 572/5893 518/5889
f 569/2132 571/2143 570/2122
f 566/2095 568/2099 567/2103
f 520/5885 518/5889 565/5884
f 564/2142 562/2134 563/2115
f 561/2123 563/2115 562/2134
f 519/2178 560/2156 559/2191
f 557/2081 558/2074 556/2073
f 557/6401 555/6391 558/6400
f 557/6401 556/6397 555/6391
f 5460/719 270/710 5495/725
f 529/5069 554/5073 553/5065
f 285/2140 599/2128 250/2149
f 538/2138 115/2135 587/2162
f 600/2111 537/2126 538/2138
f 599/2128 538/2138 250/2149
f 539/2146 537/2126 598/2124
f 538/2138 539/2146 115/2135
f 593/2104 257/2100 577/2110
f 581/5883 274/5877 597/5880
f 594/2131 596/2114 595/2130
f 593/2104 259/2096 257/2100
f 592/2105 1723/2097 259/2096
f 247/2273 590/2285 589/2276
f 4705/5711 697/5705 4728/5718
f 250/2149 587/2162 586/2173
f 253/5431 254/5430 588/5437
f 538/2138 587/2162 250/2149
f 538/2138 599/2128 600/2111
f 281/5433 536/5442 280/5440
f 116/2179 587/2162 115/2135
f 586/2173 587/2162 116/2179
f 117/2167 545/2193 253/2192
f 253/5431 545/5428 252/5424
f 115/2135 585/2147 584/2157
f 584/2157 583/2168 542/2180
f 573/5704 582/5716 576/5710
f 581/5714 582/5716 573/5704
f 577/2110 579/2125 578/2116
f 576/5710 575/5699 573/5704
f 574/5695 573/5704 575/5699
f 530/5724 602/5715 5229/5733
f 542/2180 545/2193 117/2167
f 583/2168 541/2182 542/2180
f 585/2147 583/2168 584/2157
f 537/2126 615/2117 593/2104
f 606/5700 603/5719 610/5712
f 283/2208 540/2207 541/2182
f 609/5732 582/5716 5243/5736
f 570/2122 579/2125 577/2110
f 612/2158 614/2159 613/2181
f 610/5712 608/5701 606/5700
f 611/5702 274/5713 581/5714
f 610/5429 282/5427 283/5426
f 601/5708 582/5716 609/5732
f 607/5698 605/5697 608/5701
f 606/5700 605/5697 698/5696
f 601/5708 576/5710 582/5716
f 252/5424 545/5428 540/5425
f 604/5703 575/5699 601/5708
f 274/5877 275/5876 597/5880
f 282/5427 610/5429 603/5432
f 5245/5723 601/5708 5246/5731
f 567/2103 568/2099 626/2108
f 622/5897 625/5902 624/5906
f 622/5897 624/5906 5249/5909
f 619/5896 622/5897 5251/5904
f 623/5706 621/5707 607/5698
f 622/5897 619/5896 616/5886
f 608/5701 605/5697 606/5700
f 5254/6739 4870/6740 5291/6741
f 611/5702 573/5704 574/5695
f 581/5714 573/5704 611/5702
f 602/5715 530/5724 531/5709
f 621/5707 274/5713 611/5702
f 611/5702 607/5698 621/5707
f 620/5888 616/5886 5256/5891
f 616/5886 618/5887 617/5890
f 629/5057 543/5052 5261/5060
f 638/2153 640/2177 639/2176
f 637/2145 562/2134 520/2155
f 636/5072 527/5066 5267/5074
f 635/5914 636/5919 5268/5921
f 529/5915 636/5919 635/5914
f 529/5069 527/5066 636/5072
f 5270/5917 635/5914 5271/5920
f 632/5070 634/5067 553/5065
f 527/5066 629/5057 5263/5063
f 631/2220 633/2205 632/2206
f 629/5057 527/5066 528/5064
f 629/5057 528/5064 630/5059
f 628/5901 627/5911 625/5902
f 625/5902 656/5894 628/5901
f 660/5029 664/5036 662/5039
f 5259/5055 641/5045 5264/5053
f 641/5045 544/5048 662/5039
f 5265/5049 664/5036 5275/5046
f 662/5039 664/5036 641/5045
f 661/5032 1924/5026 660/5029
f 657/5054 524/5044 543/5052
f 525/2234 526/2233 648/2189
f 629/5057 657/5054 543/5052
f 657/5054 526/5050 524/5044
f 525/5279 663/5269 659/5274
f 521/2151 1875/2141 647/2164
f 658/5035 662/5039 524/5044
f 632/5070 554/5073 631/5075
f 524/5044 662/5039 544/5048
f 543/5052 544/5048 641/5045
f 658/5035 661/5032 660/5029
f 559/5905 631/5910 654/5900
f 658/5035 524/5044 525/5041
f 662/5039 658/5035 660/5029
f 630/5059 528/5064 553/5065
f 622/5897 617/5890 656/5894
f 565/5884 518/5889 572/5893
f 627/5911 635/5914 624/5906
f 627/5911 529/5915 635/5914
f 658/5035 525/5041 659/5030
f 632/5070 553/5065 554/5073
f 657/5054 629/5057 630/5059
f 659/5030 661/5032 658/5035
f 526/5050 657/5054 655/5056
f 640/2177 633/2205 639/2176
f 553/5065 528/5064 529/5069
f 633/2205 640/2177 632/2206
f 564/2142 638/2153 560/2156
f 639/2176 560/2156 638/2153
f 554/5912 627/5911 628/5901
f 628/5901 631/5910 554/5912
f 572/5893 654/5900 628/5901
f 564/2142 594/2131 638/2153
f 640/2177 634/2190 632/2206
f 631/5910 628/5901 654/5900
f 529/5915 627/5911 554/5912
f 656/5894 625/5902 622/5897
f 565/5884 617/5890 618/5887
f 572/5893 656/5894 565/5884
f 625/5902 627/5911 624/5906
f 572/5893 628/5901 656/5894
f 562/2134 564/2142 560/2156
f 648/2189 526/2233 655/2218
f 523/2175 649/2203 634/2190
f 519/5892 559/5905 654/5900
f 562/2134 637/2145 561/2123
f 595/2130 521/2151 522/2152
f 651/2165 640/2177 638/2153
f 560/2156 639/2176 559/2191
f 653/2109 561/2123 273/2133
f 594/2131 564/2142 563/2115
f 594/2131 563/2115 596/2114
f 523/2175 647/2164 648/2189
f 613/5721 614/5740 652/5735
f 519/5892 654/5900 572/5893
f 651/2165 594/2131 522/2152
f 594/2131 595/2130 522/2152
f 626/2108 596/2114 567/2103
f 523/2175 651/2165 522/2152
f 634/2190 640/2177 651/2165
f 650/5270 646/5276 1878/5264
f 639/2176 633/2205 559/2191
f 594/2131 651/2165 638/2153
f 519/2178 520/2155 560/2156
f 559/2191 633/2205 631/2220
f 650/2219 525/2234 648/2189
f 523/2175 648/2189 649/2203
f 523/2175 521/2151 647/2164
f 646/2204 648/2189 647/2164
f 648/2189 646/2204 650/2219
f 525/5279 650/5270 663/5269
f 579/2125 644/2144 645/2136
f 283/2208 541/2182 613/2181
f 537/2126 593/2104 598/2124
f 570/2122 644/2144 579/2125
f 604/5703 601/5708 602/5715
f 614/2159 645/2136 644/2144
f 571/5729 621/5707 613/5721
f 613/5721 623/5706 283/5720
f 283/5720 623/5706 610/5712
f 623/5706 608/5701 610/5712
f 541/2182 583/2168 612/2158
f 621/5707 623/5706 613/5721
f 608/5701 623/5706 607/5698
f 282/5427 603/5432 4719/5434
f 607/5698 611/5702 574/5695
f 575/5699 576/5710 601/5708
f 616/5886 620/5888 581/5883
f 581/5883 597/5880 616/5886
f 643/5878 273/5875 274/5877
f 642/5881 618/5887 597/5880
f 565/5884 618/5887 642/5881
f 565/5884 656/5894 617/5890
f 597/5880 618/5887 616/5886
f 275/5876 273/5875 665/5879
f 665/5879 637/5882 520/5885
f 565/5884 642/5881 665/5879
f 653/2109 563/2115 561/2123
f 571/5729 613/5721 652/5735
f 571/2143 652/2166 644/2144
f 644/2144 570/2122 571/2143
f 571/5729 643/5722 621/5707
f 621/5707 643/5722 274/5713
f 644/2144 652/2166 614/2159
f 257/2100 567/2103 653/2109
f 566/2095 567/2103 257/2100
f 258/2090 566/2095 257/2100
f 585/2147 115/2135 578/2116
f 577/2110 257/2100 653/2109
f 653/2109 570/2122 577/2110
f 567/2103 563/2115 653/2109
f 578/2116 115/2135 598/2124
f 593/2104 578/2116 598/2124
f 593/2104 577/2110 578/2116
f 612/2158 645/2136 614/2159
f 259/2096 1722/2093 258/2090
f 578/2116 579/2125 645/2136
f 612/2158 585/2147 645/2136
f 224/5859 668/5855 666/5851
f 5448/5863 224/5859 5499/5865
f 556/6397 667/6393 533/6389
f 220/756 666/764 215/757
f 556/2073 1438/2065 667/2078
f 533/6389 667/6393 535/6382
f 533/6389 555/6391 556/6397
f 533/6389 534/6385 555/6391
f 5498/770 231/763 5502/769
f 224/766 666/764 220/756
f 231/763 223/768 224/766
f 660/5029 1424/5025 669/5033
f 660/5029 669/5033 664/5036
f 670/4253 1384/4250 412/4245
f 413/4260 672/4257 412/4245
f 675/4820 423/4816 465/4823
f 673/4826 413/4821 675/4820
f 674/4832 459/4837 470/4835
f 470/4272 672/4257 673/4270
f 670/4253 672/4257 671/4264
f 267/624 314/648 269/653
f 219/5847 666/5851 703/5848
f 244/2187 586/2173 278/2200
f 254/5430 252/5424 282/5427
f 281/5433 254/5430 282/5427
f 676/5670 103/5659 5233/5666
f 4802/6562 676/6563 4872/6564
f 5227/6568 676/6563 5276/6570
f 591/6742 580/6746 4724/6749
f 5242/6744 591/6742 5254/6739
f 590/2285 678/2279 4750/2290
f 589/2276 677/2280 311/2269
f 307/2293 237/2281 677/2280
f 247/2273 589/2276 246/2263
f 302/5630 690/5624 4830/5632
f 299/5633 112/5637 290/5627
f 677/2280 589/2276 4875/2286
f 693/6057 353/6063 352/6066
f 385/1574 379/1566 391/1563
f 296/4819 424/4812 4759/4818
f 678/2279 590/2285 247/2273
f 679/4813 413/4821 411/4817
f 473/1244 166/1269 472/1257
f 369/712 376/721 367/722
f 359/744 367/722 360/735
f 351/650 316/660 315/636
f 316/660 314/648 315/636
f 164/6631 354/6623 5477/6634
f 366/6597 367/6598 345/6595
f 139/1554 443/1562 391/1563
f 5453/1620 4766/1619 5526/1621
f 377/1560 495/1552 4865/1559
f 156/1600 440/1604 439/1592
f 442/1610 440/1604 156/1600
f 307/2293 677/2280 4877/2300
f 147/5288 327/5292 328/5296
f 424/4812 421/4815 422/4810
f 205/4240 206/4248 412/4245
f 103/5659 114/5649 301/5655
f 108/5639 107/5653 4804/5657
f 451/5309 681/5298 450/5307
f 453/5098 151/5093 680/5095
f 680/5095 151/5093 489/5090
f 4821/5097 489/5090 4822/5094
f 151/5093 152/5099 455/5096
f 414/5308 415/5327 461/5325
f 113/5651 297/5645 112/5637
f 229/652 268/642 269/653
f 465/4823 295/4822 127/4828
f 122/6221 734/6220 121/6224
f 122/6221 123/6222 700/6219
f 173/2188 171/2216 174/2217
f 175/2201 251/2174 173/2188
f 173/2188 174/2217 175/2201
f 467/1268 165/1301 166/1269
f 166/1269 822/1240 467/1268
f 295/4822 465/4823 421/4815
f 296/4819 295/4822 421/4815
f 423/4816 421/4815 465/4823
f 4823/5092 487/5081 4884/5091
f 151/5093 453/5098 150/5101
f 329/5301 414/5308 328/5296
f 483/1276 479/1246 98/1258
f 129/5305 127/5299 408/5294
f 682/4271 184/4276 181/4281
f 670/4253 671/4264 682/4271
f 5458/761 220/756 5506/751
f 222/733 700/742 221/717
f 5506/751 214/726 5507/746
f 214/726 215/757 213/752
f 218/5853 216/5858 219/5847
f 218/5853 219/5847 5441/5850
f 219/5847 215/5854 666/5851
f 216/6918 212/6920 213/6921
f 1232/741 222/733 214/726
f 272/695 270/710 221/717
f 269/653 314/648 5446/674
f 532/701 269/653 5509/686
f 272/695 532/701 270/710
f 5462/715 532/701 5510/708
f 126/620 267/624 268/642
f 265/662 361/677 264/649
f 288/2277 289/2270 313/2258
f 261/2260 177/2250 243/2256
f 247/2273 261/2260 262/2266
f 683/2202 251/2174 175/2201
f 294/2246 171/2216 179/2230
f 292/2271 293/2264 289/2270
f 171/2216 294/2246 248/2247
f 175/2201 1293/2232 683/2202
f 683/2202 2198/2210 263/2184
f 261/2260 247/2273 245/2262
f 263/2184 251/2174 683/2202
f 294/2246 1309/2253 248/2247
f 278/2200 116/2179 253/2192
f 253/2192 279/2221 278/2200
f 279/5445 253/5431 277/5441
f 239/5451 279/5445 277/5441
f 278/2200 239/2215 244/2187
f 293/2264 294/2246 313/2258
f 179/2230 176/2252 294/2246
f 289/2270 169/2282 306/2288
f 690/5624 290/5627 298/5622
f 299/5633 300/5643 112/5637
f 246/2263 311/2269 313/2258
f 176/2252 246/2263 313/2258
f 311/2269 246/2263 589/2276
f 311/2269 288/2277 313/2258
f 108/5639 291/5634 297/5645
f 237/2281 311/2269 677/2280
f 249/4237 310/4232 170/4226
f 332/2306 249/2302 234/2294
f 169/2282 170/2295 305/2296
f 106/5660 107/5653 113/5651
f 325/4808 326/4806 331/4800
f 332/4247 333/4243 249/4237
f 310/4232 249/4237 333/4243
f 4760/4814 330/4805 4880/4811
f 424/4812 422/4810 330/4805
f 679/4813 325/4808 422/4810
f 422/4810 423/4816 679/4813
f 325/4808 679/4813 411/4817
f 206/4248 325/4261 411/4255
f 329/5301 327/5292 4847/5302
f 398/6611 397/6614 343/6617
f 317/625 351/650 315/636
f 361/6079 318/6072 5465/6087
f 5467/679 351/650 5511/692
f 314/648 316/660 5468/675
f 139/1554 392/1558 364/1548
f 363/6600 140/6601 345/6595
f 367/6598 359/6602 363/6600
f 4765/1613 156/1600 4844/1617
f 355/6060 356/6070 5484/6078
f 356/6608 140/6601 5475/6605
f 353/6063 355/6060 5516/6069
f 5480/661 264/649 5520/676
f 348/6083 350/6074 347/6062
f 393/729 348/745 349/737
f 347/6062 142/6059 322/6058
f 398/6611 343/6617 344/6618
f 686/647 339/659 389/673
f 390/680 401/703 338/693
f 338/693 400/709 407/704
f 685/716 400/709 401/703
f 401/703 400/709 338/693
f 685/716 401/703 365/718
f 685/716 403/724 404/730
f 369/712 365/718 401/703
f 365/718 403/724 685/716
f 388/699 369/712 401/703
f 337/681 338/693 407/704
f 344/6618 407/6615 398/6611
f 317/625 266/637 264/649
f 266/637 320/638 406/663
f 264/649 361/677 5514/691
f 406/663 320/638 405/665
f 358/639 337/681 405/665
f 404/730 403/724 342/739
f 399/6613 400/6612 685/6616
f 685/716 404/730 399/738
f 397/6614 398/6611 399/6613
f 393/729 350/736 348/745
f 365/718 393/729 403/724
f 551/1494 194/1470 501/1458
f 390/680 402/651 389/673
f 389/673 402/651 686/647
f 504/1483 684/1510 499/1522
f 448/700 388/699 389/673
f 363/6600 359/6602 5457/6604
f 385/713 382/707 379/684
f 382/707 385/713 370/714
f 156/1600 435/1585 161/1593
f 376/721 369/712 370/714
f 501/1458 688/1506 551/1494
f 448/700 383/685 382/707
f 191/723 376/721 370/714
f 382/707 370/714 448/700
f 369/712 388/699 448/700
f 434/1555 443/1562 139/1554
f 508/1599 440/1604 441/1609
f 435/1585 375/1581 161/1593
f 375/1581 438/1586 161/1593
f 373/1572 438/1586 375/1581
f 505/1546 490/1556 434/1555
f 443/1562 434/1555 374/1565
f 166/1269 167/1290 472/1257
f 415/5327 416/5330 5236/5333
f 423/4816 675/4820 679/4813
f 408/5294 146/5291 147/5288
f 327/5292 111/5284 4843/5290
f 147/5288 111/5284 327/5292
f 5237/5335 4851/5332 5290/5339
f 414/5308 329/5301 4882/5313
f 408/5294 147/5288 681/5298
f 463/5303 129/5305 408/5294
f 101/1275 472/1257 100/1294
f 458/1334 100/1294 460/1307
f 472/1257 460/1307 100/1294
f 489/5090 151/5093 488/5088
f 469/1326 165/1301 184/1346
f 147/5288 328/5296 681/5298
f 463/5303 408/5294 681/5298
f 488/5328 457/5320 461/5325
f 457/5320 449/5311 414/5308
f 457/5320 488/5328 455/5323
f 468/1352 458/1334 459/1327
f 5239/5334 415/5327 5278/5337
f 456/5329 461/5325 415/5327
f 463/5303 681/5298 451/5309
f 451/5110 452/5104 410/5106
f 465/4823 128/4829 517/4825
f 517/4825 687/4830 675/4820
f 483/1276 98/1258 486/1295
f 486/1295 476/1314 483/1276
f 469/1326 167/1290 165/1301
f 469/1326 459/1327 167/1290
f 465/4823 517/4825 675/4820
f 675/4820 413/4821 679/4813
f 674/4832 470/4835 673/4826
f 687/4830 517/4825 674/4832
f 468/4834 459/4837 674/4832
f 674/4832 517/4825 468/4834
f 672/4257 470/4272 671/4264
f 671/4264 184/4276 682/4271
f 98/1258 99/1274 516/1292
f 475/1297 476/1314 486/1295
f 475/1297 481/1298 818/1278
f 427/1542 509/1551 502/1523
f 395/1386 135/1410 136/1399
f 427/1542 510/1504 497/1532
f 157/1447 430/1469 501/1458
f 373/1572 437/1589 438/1586
f 492/1578 437/1589 373/1572
f 506/1569 373/1572 434/1555
f 373/1572 506/1569 492/1578
f 437/1589 162/1596 161/1593
f 447/1580 508/1599 5492/1603
f 508/1599 439/1592 440/1604
f 492/1578 507/1564 491/1570
f 4863/1590 552/1579 4888/1594
f 437/1589 493/1582 162/1596
f 511/1457 396/1422 4774/1446
f 500/1493 688/1506 501/1458
f 498/1500 499/1522 684/1510
f 133/1511 494/1536 505/1546
f 490/1556 505/1546 444/1553
f 137/1547 505/1546 434/1555
f 552/1579 493/1582 491/1570
f 546/1339 514/1373 548/1357
f 569/2132 570/2122 653/2109
f 569/2132 273/2133 643/2154
f 115/2135 539/2146 598/2124
f 593/2104 615/2117 592/2105
f 250/2149 586/2173 244/2187
f 259/2096 593/2104 592/2105
f 278/2200 586/2173 116/2179
f 588/5437 276/5443 277/5441
f 277/5441 253/5431 588/5437
f 5243/5898 620/5888 5257/5895
f 275/5876 642/5881 597/5880
f 890/2112 615/2117 537/2126
f 5246/5731 609/5732 5255/5741
f 616/5886 617/5890 622/5897
f 5256/5891 619/5896 5258/5899
f 634/5067 649/5062 553/5065
f 649/5062 630/5059 553/5065
f 630/5059 649/5062 655/5056
f 657/5054 630/5059 655/5056
f 655/2218 649/2203 648/2189
f 651/2165 523/2175 634/2190
f 273/2133 569/2132 653/2109
f 637/2145 273/2133 561/2123
f 646/5276 647/5282 1889/5275
f 541/2182 612/2158 613/2181
f 620/5730 582/5716 581/5714
f 571/2143 569/2132 643/2154
f 665/5879 642/5881 275/5876
f 665/5879 273/5875 637/5882
f 665/5879 520/5885 565/5884
f 578/2116 645/2136 585/2147
f 217/5861 218/5853 5496/5860
f 220/756 231/763 224/766
f 1515/6387 555/6391 534/6385
f 412/4245 206/4248 411/4255
f 675/4820 687/4830 673/4826
f 469/4282 184/4276 470/4272
f 673/4826 687/4830 674/4832
f 673/4270 672/4257 413/4260
f 470/4272 184/4276 671/4264
f 365/718 369/712 367/722
f 181/6880 184/6879 180/6878
f 181/4281 182/4277 682/4271
f 320/638 358/639 405/665
f 4504/6326 35/6321 10/6317
f 4505/6324 10/6317 4341/6320
f 4506/288 4462/287 4507/325
f 4507/325 4462/287 4461/306
f 4508/1844 4426/1796 4509/1831
f 4509/1831 4426/1796 4425/1815
f 4510/1842 4464/1814 4511/1830
f 4511/1830 4464/1814 4443/1776
f 4512/1827 4424/1792 4568/1811
f 4513/1843 4425/1815 4512/1827
f 4514/6330 35/6321 4504/6326
f 4515/6666 4310/6660 4516/6663
f 4516/6663 4310/6660 4343/6662
f 4517/4378 4311/4365 4518/4375
f 4518/4375 4311/4365 4515/4370
f 4519/5528 4346/5520 4520/5531
f 4520/5531 4346/5520 3857/5527
f 4521/6665 4343/6662 4522/6668
f 4522/6668 4343/6662 4575/6671
f 4523/5549 4318/5542 4598/5548
f 4524/5556 3913/5537 4523/5549
f 4525/232 4253/210 4526/254
f 4526/254 4253/210 4617/274
f 4527/4593 3778/4584 4528/4595
f 4528/4595 3778/4584 4686/4591
f 4529/5558 3913/5537 4524/5556
f 4530/272 3908/190 4532/290
f 4531/289 4252/251 4530/272
f 4532/290 3908/190 4533/273
f 4533/273 3908/190 4679/253
f 4534/345 4461/306 4456/305
f 4535/3891 4224/3888 4536/3905
f 4536/3905 4224/3888 4223/3906
f 4537/4796 4244/4785 4538/4798
f 4538/4798 4244/4785 4562/4794
f 4539/293 4151/294 3813/240
f 4540/278 3813/240 4134/239
f 4541/4422 4276/4411 4542/4425
f 4542/6218 4276/6216 4607/6217
f 4543/4416 4276/4411 4541/4422
f 4544/292 4134/239 4545/291
f 4545/291 4134/239 4184/277
f 4546/4417 3780/4405 4543/4416
f 4547/4561 3881/4555 3767/4547
f 4548/4573 3880/4568 4547/4561
f 4549/360 4456/305 4550/377
f 4550/377 4456/305 4552/361
f 4551/271 4267/250 4506/288
f 4552/361 4456/305 4465/344
f 4553/1855 4465/1829 4510/1842
f 4554/1833 4443/1776 4555/1816
f 4555/1816 4443/1776 4426/1796
f 4556/3881 4202/3875 3710/3870
f 4557/3898 4411/3876 4556/3881
f 4558/3908 4411/3876 4563/3907
f 4559/3900 4411/3876 4558/3908
f 4560/1750 3975/1721 4666/1771
f 4561/1770 4398/1736 4560/1750
f 4562/4794 4244/4785 5523/4790
f 4563/3907 4411/3876 4557/3898
f 4564/3892 4411/3876 4559/3900
f 4565/3899 3981/3877 4564/3892
f 4566/1832 4426/1796 4508/1844
f 4567/1772 4399/1751 4398/1736
f 4568/1811 4424/1792 4567/1772
f 4569/1789 4398/1736 4561/1770
f 4570/5539 4345/5523 4574/5532
f 4571/6670 3862/6667 4570/6673
f 4572/4383 4306/4372 4517/4378
f 4573/5538 3857/5527 3856/5535
f 4574/5532 4345/5523 4519/5528
f 4575/6671 4343/6662 4571/6670
f 4576/6849 4341/6847 4577/6844
f 4577/6844 4341/6847 4351/6845
f 4578/6329 35/6321 4514/6330
f 4579/6331 4279/6325 4578/6329
f 4580/6846 4351/6845 4581/6848
f 4581/6848 4351/6845 4589/6851
f 4582/6204 4309/6201 4583/6207
f 4583/4384 4309/4376 4306/4372
f 4584/6332 4279/6325 4579/6331
f 4585/6205 4319/6203 4307/6202
f 4586/6210 4317/6209 4585/6205
f 4587/6212 4275/6211 4586/6210
f 4588/4602 4278/4601 4597/4599
f 4589/4606 4351/4604 4588/4602
f 4590/6208 4307/6202 4591/6206
f 4591/6206 4307/6202 4582/6204
f 4592/4390 4306/4372 4572/4383
f 4593/6213 4275/6211 4587/6212
f 4594/6214 4275/6211 4593/6213
f 4595/5554 3856/5535 4596/5546
f 4596/5546 3856/5535 3913/5537
f 4597/4599 4278/4601 3816/4598
f 4598/5548 4318/5542 3791/5536
f 4599/5555 3791/5536 4301/5550
f 4600/6335 3825/6336 4280/6333
f 4601/5972 4302/5961 4600/5975
f 4602/6334 4280/6333 4584/6332
f 4603/5965 4302/5961 4601/5972
f 4604/6215 4275/6211 4594/6214
f 4605/4590 3778/4584 4527/4593
f 4606/5971 4301/5957 4603/5965
f 4607/6217 4276/6216 4604/6215
f 4608/309 4184/277 4609/327
f 4609/327 4184/277 4249/307
f 4610/4596 3816/4598 3779/4587
f 4611/4426 3781/4407 4687/4423
f 4612/6554 3744/6551 4611/6553
f 4613/3882 3711/3874 4535/3891
f 4614/4799 4223/4795 4621/4793
f 4615/3922 4223/3906 4614/3926
f 4616/3889 3710/3870 4684/3890
f 4617/274 4253/210 4551/271
f 4618/326 4249/307 4531/289
f 4619/346 4249/307 4618/326
f 4620/347 4249/307 4619/346
f 4621/4793 4223/4795 4217/4781
f 4622/4789 4217/4781 4244/4785
f 4623/4792 4244/4785 4537/4796
f 4624/931 4181/921 4638/944
f 4625/924 4143/899 4624/931
f 4626/910 4143/899 4625/924
f 4627/348 4147/329 4539/293
f 4628/362 4147/329 4627/348
f 4629/930 4148/906 4149/919
f 4630/363 4149/330 4147/329
f 4631/380 4147/329 4632/379
f 4632/379 4147/329 4628/362
f 4633/901 4141/882 4637/909
f 4634/892 4141/882 4633/901
f 4635/922 4141/882 4636/923
f 4636/923 4141/882 4626/910
f 4637/909 4141/882 4635/922
f 4638/944 4181/921 4629/930
f 4639/6832 3758/6831 4649/6834
f 4640/6833 4100/6830 4639/6832
f 4641/6556 3744/6551 4612/6554
f 4642/4446 3758/4440 3700/4431
f 4643/6560 3700/6561 3735/6557
f 4644/6559 3735/6557 3744/6551
f 4645/6558 3744/6551 4641/6556
f 4646/6283 3733/6280 4640/6285
f 4647/853 4091/845 4076/836
f 4648/852 4076/836 3695/844
f 4649/6834 3758/6831 4693/6835
f 4650/874 3898/849 4088/866
f 4651/885 3722/867 4650/874
f 4652/884 3722/867 4651/885
f 4653/833 4065/827 4654/841
f 4654/841 4065/827 3898/849
f 4655/883 4088/866 4634/892
f 4656/850 4061/821 4660/842
f 4657/860 3695/844 4656/850
f 4658/840 4060/820 4653/833
f 4659/834 4060/820 4658/840
f 4660/842 4061/821 4659/834
f 4661/1854 3990/1841 4662/1864
f 4662/1864 3990/1841 4031/1870
f 4663/3927 4031/3924 4664/3923
f 4664/3923 4031/3924 3982/3893
f 4665/1790 3975/1721 4673/1787
f 4666/1771 3975/1721 4665/1790
f 4667/3916 3982/3893 4671/3909
f 4668/1826 3990/1841 4661/1854
f 4669/1810 3949/1786 4668/1826
f 4670/1788 3978/1749 4669/1810
f 4671/3909 3982/3893 4565/3899
f 4672/1769 3978/1749 4670/1788
f 4673/1787 3975/1721 4672/1769
f 4674/4567 3767/4547 4689/4563
f 4675/4580 3880/4568 4548/4573
f 4676/4574 3880/4568 4675/4580
f 4677/5547 3856/5535 4595/5554
f 4678/5553 3913/5537 4529/5558
f 4679/253 3908/190 4525/232
f 4680/4586 3778/4584 3899/4578
f 4681/4583 3899/4578 3879/4562
f 4682/856 3898/849 3722/867
f 4683/4581 3879/4562 4676/4574
f 4684/3890 3710/3870 4613/3882
f 4685/4589 3778/4584 4680/4586
f 4686/4591 3778/4584 4685/4589
f 4687/4423 3781/4407 4546/4417
f 4688/4592 3779/4587 4605/4590
f 4689/4563 3767/4547 4647/4556
f 4690/6269 3765/6270 4692/6279
f 4691/6263 3766/6260 4690/6269
f 4692/6279 3765/6270 4646/6283
f 4693/4450 3758/4440 4642/4446
f 4694/6271 54/6257 4695/6274
f 4695/6274 54/6257 4697/6268
f 4696/875 3722/867 4652/884
f 4697/6268 54/6257 4691/6263
f 4698/859 3695/844 4657/860
f 4699/6642 163/6627 4700/6638
f 4700/6638 163/6627 4831/6635
f 4701/5455 284/5450 276/5443
f 4702/5459 284/5450 4701/5455
f 4703/5449 536/5442 4704/5452
f 4704/5452 536/5442 4869/5446
f 4705/5711 606/5700 697/5705
f 4706/5728 603/5719 4705/5711
f 4707/5460 284/5450 4702/5459
f 4708/5471 256/5466 4709/5468
f 4709/5468 256/5466 287/5463
f 4710/5626 690/5624 4711/5621
f 4711/5621 690/5624 298/5622
f 4712/5458 276/5443 4718/5456
f 4713/5717 531/5709 4714/5726
f 4714/5726 531/5709 5223/5734
f 4715/5444 280/5440 4722/5448
f 4716/5447 699/5436 4715/5444
f 4717/5453 276/5443 4716/5447
f 4718/5456 276/5443 4717/5453
f 4719/5434 603/5432 4706/5438
f 4720/5465 286/5457 4721/5464
f 4721/5464 286/5457 4737/5462
f 4722/5448 280/5440 4723/5454
f 4723/5454 280/5440 4703/5449
f 4724/6749 580/6746 4725/6752
f 4725/6752 580/6746 5283/6753
f 4726/6747 591/6742 4727/6750
f 4727/6750 591/6742 4724/6749
f 4728/5718 697/5705 4729/5727
f 4729/5727 697/5705 4732/5725
f 4730/5435 282/5427 4719/5434
f 4731/5439 281/5433 4730/5435
f 4732/5725 697/5705 4713/5717
f 4733/2267 695/2257 4708/2261
f 4734/2274 695/2257 4733/2267
f 4735/5646 108/5639 4736/5652
f 4736/5652 108/5639 4873/5656
f 4737/5462 286/5457 4707/5460
f 4738/5470 287/5463 4743/5472
f 4739/2278 262/2266 696/2272
f 4740/6946 696/6949 260/6947
f 4741/2268 260/2259 695/2257
f 4742/2275 695/2257 4734/2274
f 4743/5472 287/5463 4747/5469
f 4744/2289 678/2279 4739/2278
f 4745/5625 298/5622 109/5628
f 4746/5623 298/5622 4745/5625
f 4747/5469 287/5463 4748/5467
f 4748/5467 287/5463 4720/5465
f 4749/5629 690/5624 4710/5626
f 4750/2290 678/2279 4751/2297
f 4751/2297 678/2279 4744/2289
f 4752/2291 589/2276 590/2285
f 4753/2299 590/2285 4874/2298
f 4754/5631 109/5628 4755/5635
f 4755/5635 109/5628 4803/5640
f 5285/5644 4834/5638 5289/5650
f 4756/6930 163/6929 4699/6932
f 4757/1517 510/1504 4758/1491
f 4758/1491 510/1504 511/1457
f 4759/4818 424/4812 4760/4814
f 4760/4814 424/4812 330/4805
f 4761/1291 97/1245 4826/1309
f 4762/1308 99/1274 4761/1291
f 4763/6931 694/6928 4756/6930
f 4764/1616 441/1609 442/1610
f 4765/1613 442/1610 156/1600
f 4766/1619 441/1609 4767/1618
f 4767/1618 441/1609 4764/1616
f 4768/1577 377/1560 4772/1575
f 4769/1568 377/1560 4768/1577
f 4770/1612 155/1605 162/1596
f 4771/6950 155/6951 4770/6952
f 4772/1575 377/1560 4878/1567
f 4773/1435 394/1412 4779/1423
f 4774/1446 396/1422 4773/1435
f 4775/1411 426/1372 4777/1413
f 4776/1421 550/1400 4775/1411
f 4777/1413 426/1372 4778/1401
f 4778/1401 426/1372 4780/1387
f 4779/1423 394/1412 550/1400
f 4780/1387 426/1372 419/1336
f 4781/1436 550/1400 4782/1445
f 4782/1445 550/1400 4783/1434
f 4783/1434 550/1400 4776/1421
f 4784/2311 336/2304 4787/2310
f 4785/4803 331/4800 4784/4802
f 4786/2307 307/2293 4879/2303
f 4787/2310 336/2304 4786/2307
f 4788/1330 516/1292 4789/1310
f 4789/1310 516/1292 99/1274
f 4790/1312 97/1245 4791/1293
f 4791/1293 97/1245 101/1275
f 4792/1351 102/1313 4828/1366
f 4793/1368 689/1333 4792/1351
f 4794/4827 296/4819 4795/4824
f 4795/4824 296/4819 4759/4818
f 4796/5668 106/5660 4797/5667
f 4797/5667 106/5660 104/5663
f 4798/5665 106/5660 4796/5668
f 4799/6572 691/6565 4800/6569
f 4800/6569 691/6565 4801/6567
f 4801/6567 691/6565 4802/6562
f 4802/6562 691/6565 676/6563
f 4803/5640 109/5628 4735/5646
f 4804/5657 107/5653 4805/5661
f 4805/5661 107/5653 4798/5665
f 4807/5286 110/5285 4835/5289
f 4808/5287 111/5284 4807/5286
f 4809/1350 203/1332 4810/1367
f 4810/5112 203/5108 454/5103
f 4811/5111 454/5103 4853/5107
f 4812/5115 454/5103 4811/5111
f 4813/1328 99/1274 4762/1308
f 4814/1408 478/1382 208/1396
f 4815/1409 478/1382 4814/1408
f 4816/1398 478/1382 4815/1409
f 4817/1384 420/1353 4816/1398
f 4818/1364 515/1329 4788/1330
f 4819/5102 453/5098 4820/5100
f 4820/5100 453/5098 680/5095
f 4821/5097 680/5095 489/5090
f 4822/5094 489/5090 4823/5092
f 4823/5092 489/5090 487/5081
f 4824/5085 487/5081 148/5078
f 4825/5083 148/5078 4833/5080
f 4826/1309 97/1245 4790/1312
f 4827/1369 689/1333 4793/1368
f 4828/1366 102/1313 4809/1350
f 4829/1348 689/1333 4827/1369
f 4830/5632 690/5624 4749/5629
f 4831/6635 163/6627 164/6631
f 4832/1614 156/1600 4771/1611
f 4833/5080 148/5078 149/5077
f 4834/5638 302/5630 4830/5632
f 4835/5289 110/5285 4849/5293
f 4836/5672 103/5659 4799/5677
f 4837/5676 105/5669 4836/5672
f 4838/5673 104/5663 105/5669
f 4839/5678 105/5669 4840/5679
f 4840/5679 105/5669 4837/5676
f 4841/5671 104/5663 4838/5673
f 4842/4807 330/4805 4785/4803
f 4843/5290 111/5284 4808/5287
f 4844/1617 156/1600 4832/1614
f 4845/1576 378/1561 4769/1568
f 4846/5297 327/5292 4843/5290
f 4847/5302 327/5292 4846/5297
f 4848/5295 146/5291 4794/5300
f 4849/5293 110/5285 4848/5295
f 4850/5326 415/5327 414/5308
f 4851/5332 416/5330 4850/5326
f 4852/5324 414/5308 4887/5319
f 4853/5107 454/5103 4819/5102
f 4854/1331 101/1275 4829/1348
f 4855/1381 208/1396 209/1347
f 4856/1311 101/1275 4854/1331
f 4857/1363 209/1347 515/1329
f 4858/1380 515/1329 4818/1364
f 4859/1370 420/1353 4817/1384
f 4860/1383 419/1336 4859/1370
f 4861/1595 162/1596 493/1582
f 4862/1606 162/1596 4861/1595
f 4863/1590 493/1582 552/1579
f 4864/1550 497/1532 4866/1541
f 4865/1559 495/1552 4864/1550
f 4866/1541 497/1532 4757/1517
f 4867/1588 552/1579 4845/1576
f 4868/1468 511/1457 4774/1446
f 4869/5446 536/5442 4731/5439
f 4870/6740 591/6742 4871/6745
f 4871/6745 591/6742 4726/6747
f 4872/6564 676/6563 4806/6566
f 4873/5656 108/5639 4804/5657
f 4874/2298 590/2285 4750/2290
f 4875/2286 589/2276 4752/2291
f 4876/2292 677/2280 4875/2286
f 4877/2300 677/2280 4876/2292
f 4878/1567 377/1560 4865/1559
f 4879/2303 307/2293 4877/2300
f 4880/4811 330/4805 4881/4809
f 4881/4809 330/4805 4842/4807
f 4882/5313 329/5301 4883/5318
f 4883/5318 329/5301 4886/5312
f 4884/5091 487/5081 4885/5089
f 4885/5089 487/5081 4824/5085
f 4886/5312 329/5301 4847/5302
f 4887/5319 414/5308 4882/5313
f 4888/1594 552/1579 4867/1588
f 4889/4919 43/4901 44/4917
f 4890/6056 44/6053 4901/6055
f 4891/4878 41/4861 4893/4877
f 4892/4890 42/4862 4891/4878
f 4893/4877 41/4861 3891/4868
f 4894/6038 4498/6034 4895/6044
f 4895/6044 4498/6034 4913/6049
f 4896/4337 4327/4340 4331/4338
f 4897/4339 4331/4338 4936/4341
f 4898/6339 3707/6338 4945/6342
f 4899/6340 3734/6337 4898/6339
f 4900/6054 44/6053 4486/6047
f 4901/6055 44/6053 4900/6054
f 4902/4902 43/4901 4904/4916
f 4903/4889 3891/4868 4902/4902
f 4904/4916 43/4901 4889/4919
f 4905/6042 32/6022 4894/6038
f 4906/6048 31/6035 4905/6042
f 4907/6761 4499/6755 4908/6758
f 4908/6758 4499/6755 3877/6757
f 4909/6766 3878/6762 4935/6769
f 4910/6763 3878/6762 4909/6766
f 4911/6051 31/6035 4906/6048
f 4912/6052 4486/6047 4911/6051
f 4913/6049 4498/6034 4907/6043
f 4914/4355 4349/4352 4915/4348
f 4915/4348 4349/4352 4467/4342
f 4916/4345 4467/4342 4896/4337
f 4917/4001 4407/3983 4918/4002
f 4918/4002 4407/3983 4922/3994
f 4919/4019 3378/4009 4920/4013
f 4920/4013 3378/4009 4405/3993
f 4921/4010 4405/3993 4917/4001
f 4922/3994 4407/3983 4368/3974
f 4923/4000 4368/3974 4928/3992
f 4924/4903 42/4862 4892/4890
f 4925/4891 42/4862 4924/4903
f 4926/4879 42/4862 4925/4891
f 4927/3982 4017/3964 4967/3981
f 4928/3992 4368/3974 4927/3982
f 4929/3973 4018/3956 4930/3980
f 4930/3980 4018/3956 4025/3972
f 4931/4368 3860/4349 4941/4363
f 4932/4366 3860/4349 4931/4368
f 4933/4397 3756/4404 4977/4410
f 4934/4391 3875/4387 4933/4397
f 4935/6769 3878/6762 4914/6767
f 4936/4341 4331/4338 4937/4344
f 4937/4344 4331/4338 3861/4346
f 4938/4351 3861/4346 3860/4349
f 4939/4357 3860/4349 4940/4362
f 4940/4362 3860/4349 4932/4366
f 4941/4363 3860/4349 4286/4358
f 4942/4367 4286/4358 4292/4373
f 4943/4379 4292/4373 4944/4385
f 4944/4385 4292/4373 4934/4391
f 4945/6342 3707/6338 4048/6346
f 4946/802 4048/780 4961/795
f 4947/6261 56/6258 54/6257
f 4948/6272 4069/6266 4947/6261
f 4949/6278 4069/6266 4948/6272
f 4950/6514 3741/6502 3739/6511
f 4951/6516 3705/6512 4950/6514
f 4952/808 4073/799 4072/817
f 4953/801 4044/788 4952/808
f 4954/6282 4071/6273 4949/6278
f 4955/6286 4080/6284 4954/6282
f 4956/5997 4072/5993 4957/5996
f 4957/5996 4072/5993 4955/5995
f 4958/794 4044/788 4953/801
f 4959/789 4043/784 4960/796
f 4960/796 4043/784 4958/794
f 4961/795 4048/780 4959/789
f 4962/6265 54/6257 4694/6271
f 4963/823 4072/817 4956/830
f 4964/3991 4025/3972 4016/3990
f 4965/4864 4016/4850 4007/4857
f 4966/4871 4007/4857 4968/4881
f 4967/3981 4017/3964 4929/3973
f 4968/4881 4007/4857 4926/4879
f 4969/6355 3810/6344 4973/6352
f 4970/6361 3739/6356 4969/6355
f 4971/6515 3739/6511 4970/6517
f 4972/6343 3734/6337 4899/6340
f 4973/6352 3810/6344 4974/6348
f 4974/6348 3810/6344 3734/6337
f 4975/6347 3734/6337 4972/6343
f 4976/6760 3877/6757 4910/6763
f 4977/4410 3756/4404 4978/4415
f 4978/4415 3756/4404 4981/4420
f 4979/4414 3705/4409 4951/4421
f 4980/4413 3757/4402 4979/4414
f 4981/4420 3756/4404 4980/4413
f 4982/5233 1426/5230 1993/5226
f 4983/5239 1426/5230 4982/5233
f 4984/5473 2740/5476 2737/5474
f 4985/5478 2740/5476 4984/5473
f 4986/5047 1425/5042 4987/5051
f 4987/6962 1425/6963 5181/6964
f 4988/6177 3385/6178 3230/6169
f 4989/6179 3385/6178 4988/6177
f 4990/4062 3273/4061 3267/4053
f 4991/4058 3267/4053 3270/4042
f 4992/6166 3220/6157 5024/6162
f 4993/6170 3220/6157 4992/6166
f 4994/4073 3273/4061 4995/4072
f 4995/4072 3273/4061 4990/4062
f 4996/5692 1390/5681 5050/5687
f 4997/5688 1390/5681 4996/5692
f 4998/5475 2737/5474 5072/5477
f 4999/3179 3380/3164 4989/3188
f 5000/3180 3379/3154 4999/3179
f 5001/3165 3379/3154 5000/3180
f 5002/3146 1117/3131 5003/3157
f 5003/3157 1117/3131 5200/3170
f 5004/4025 3345/4014 5005/4031
f 5005/4031 3345/4014 5006/4024
f 5006/4024 3345/4014 4919/4019
f 5007/4032 3319/4020 5004/4025
f 5008/4056 3270/4042 5012/4051
f 5009/4041 3318/4035 3320/4027
f 5010/4034 3320/4027 3266/4015
f 5011/4046 3318/4035 5009/4041
f 5012/4051 3270/4042 5011/4046
f 5013/4026 3319/4020 5007/4032
f 5014/3239 1101/3231 3277/3223
f 5015/3242 3277/3223 5029/3238
f 5016/4040 3266/4015 5017/4033
f 5017/4033 3266/4015 5013/4026
f 5018/6156 1101/6153 5019/6160
f 5019/3245 1101/3231 5201/3243
f 5020/6175 3220/6157 4993/6170
f 5021/6167 1297/6161 3220/6157
f 5022/6176 3230/6169 5021/6167
f 5023/6171 3220/6157 5020/6175
f 5024/6162 3220/6157 3219/6151
f 5025/6159 3219/6151 5018/6156
f 5026/4097 3190/4089 5040/4093
f 5027/4103 3212/4100 5026/4097
f 5028/3230 1090/3218 5202/3237
f 5029/3238 3277/3223 5028/3230
f 5030/4107 3159/4105 3212/4100
f 5031/4109 3163/4108 5030/4107
f 5032/4106 3212/4100 5027/4103
f 5033/4080 3271/4067 4994/4073
f 5034/4087 3268/4079 5033/4080
f 5035/4085 3268/4079 5034/4087
f 5036/4090 3189/4074 5035/4085
f 5037/4110 3163/4108 5031/4109
f 5038/3240 3163/3234 5037/3244
f 5039/3241 3162/3221 5038/3240
f 5040/4093 3190/4089 3189/4074
f 5041/4094 3189/4074 5036/4090
f 5042/3236 1187/3209 5044/3227
f 5043/3228 1187/3209 5042/3236
f 5044/3227 1187/3209 3162/3221
f 5045/3235 3162/3221 5039/3241
f 5046/5350 1062/5347 3100/5355
f 5047/5361 3100/5355 5048/5367
f 5048/5367 3100/5355 5049/5362
f 5049/5362 3100/5355 1062/5347
f 5050/5687 1390/5681 1276/5684
f 5051/5125 1057/5117 5052/5123
f 5052/5123 1057/5117 755/5120
f 5053/1224 945/1161 5211/1241
f 5054/1211 945/1161 5053/1224
f 5055/5129 1276/5121 5051/5125
f 5056/1187 1383/1157 5076/1171
f 5057/1189 1383/1157 5056/1187
f 5058/1265 2711/1251 2707/1221
f 5059/1282 2711/1251 5058/1265
f 5060/1172 1383/1157 5057/1189
f 5061/1188 1321/1141 5060/1172
f 5062/5505 1026/5499 5215/5503
f 5063/5506 945/5504 5062/5505
f 5064/5366 1063/5349 5065/5360
f 5065/5360 1063/5349 5205/5353
f 5066/1145 994/1115 5067/1160
f 5067/1160 994/1115 945/1161
f 5068/5491 1016/5486 5069/5489
f 5069/5489 1016/5486 5070/5484
f 5070/5484 1016/5486 2740/5476
f 5071/5481 2740/5476 4985/5478
f 5072/5477 2737/5474 5064/5480
f 5073/5494 1016/5486 5068/5491
f 5074/1250 2707/1221 1345/1222
f 5075/1263 1345/1222 5081/1249
f 5076/1171 1383/1157 993/1116
f 5077/6544 1391/6537 5078/6540
f 5078/6540 1391/6537 2712/6536
f 5079/1281 2712/1266 2711/1251
f 5080/1300 2711/1251 5059/1282
f 5081/1249 1345/1222 5082/1218
f 5082/1218 1345/1222 1028/1203
f 5083/5244 1984/5236 5084/5252
f 5084/5252 1984/5236 1996/5250
f 5085/6728 2007/6725 5086/6726
f 5086/6726 2007/6725 5087/6722
f 5087/6722 2007/6725 866/6723
f 5088/3094 785/3078 5089/3111
f 5089/3111 785/3078 5092/3125
f 5090/3075 1841/3062 1842/3034
f 5091/3108 2017/3092 5090/3075
f 5092/3125 785/3078 2353/3110
f 5093/3137 2017/3092 5094/3121
f 5094/3121 2017/3092 5091/3108
f 5095/6102 2003/6096 1795/6103
f 5096/6105 2001/6099 5095/6102
f 5097/6110 1795/6103 2015/6113
f 5098/5583 1991/5588 5161/5591
f 5099/5570 1961/5578 5098/5583
f 5100/5565 1963/5561 5099/5570
f 5101/5808 866/5792 5168/5803
f 5102/5597 2006/5590 5142/5602
f 5103/5601 1767/5594 5102/5597
f 5104/5593 2006/5590 5105/5586
f 5105/5586 2006/5590 1872/5577
f 5106/3140 1844/3124 1845/3093
f 5107/3162 2015/3150 5106/3140
f 5108/6252 1943/6251 5135/6256
f 5109/6247 1941/6238 5108/6252
f 5110/5037 1425/5042 4986/5047
f 5111/3159 2353/3110 2355/3118
f 5112/3151 2353/3110 5111/3159
f 5113/3122 2017/3092 5132/3138
f 5114/3123 2410/3109 5113/3122
f 5115/3132 1291/3089 5002/3146
f 5116/3141 2353/3110 5112/3151
f 5117/3158 2355/3118 5118/3147
f 5118/3147 2355/3118 5115/3132
f 5119/5795 2018/5785 5121/5796
f 5120/5801 1998/5788 5119/5795
f 5121/5796 2018/5785 1854/5790
f 5122/5620 1854/5617 5125/5619
f 5123/5798 1998/5788 5120/5801
f 5124/5580 1872/5577 1968/5560
f 5125/5619 1854/5617 1758/5610
f 5126/5618 1758/5610 5180/5616
f 5127/3139 1845/3093 5114/3123
f 5128/6109 2001/6099 5096/6105
f 5129/3064 1842/3034 786/3051
f 5130/3079 786/3051 5131/3095
f 5131/3095 786/3051 5088/3094
f 5132/3138 2017/3092 5093/3137
f 5133/3175 2015/3150 5107/3162
f 5134/6116 2015/6113 5133/6120
f 5135/6121 1943/6111 5150/6118
f 5136/5398 2013/5400 5155/5406
f 5137/5394 1955/5387 5136/5398
f 5138/6115 2005/6107 5139/6119
f 5139/6119 2005/6107 5147/6117
f 5140/5612 1873/5606 5141/5611
f 5141/5611 1873/5606 5143/5608
f 5142/6956 2006/6957 5104/6958
f 5143/5608 1873/5606 5103/5601
f 5144/6729 2007/6725 5085/6728
f 5145/6730 1996/6727 5144/6729
f 5146/6114 2002/6106 5128/6109
f 5147/6117 2005/6107 5146/6114
f 5148/5391 1991/5385 5160/5388
f 5149/5595 1991/5588 5148/5599
f 5150/6118 1943/6111 5138/6115
f 5151/5405 2013/5400 1970/5396
f 5152/5408 1970/5396 5154/5407
f 5153/6241 1941/6238 5109/6247
f 5154/5407 1970/5396 2010/5404
f 5155/5406 2013/5400 5151/5405
f 5156/6249 2010/6243 2008/6239
f 5157/6242 2008/6239 1948/6235
f 5158/6248 2008/6239 5157/6242
f 5159/6246 1948/6235 5153/6241
f 5160/5388 1991/5385 1955/5387
f 5161/5591 1991/5588 5149/5595
f 5162/5566 1987/5562 5100/5565
f 5163/5567 1986/5563 5167/5573
f 5164/5572 1968/5560 5163/5567
f 5165/5579 1986/5563 5166/5571
f 5166/5571 1986/5563 5162/5566
f 5167/5573 1986/5563 5165/5579
f 5168/5803 866/5792 5123/5798
f 5169/6836 1995/6837 5171/6838
f 5170/6839 1995/6837 5169/6836
f 5171/5259 1995/5229 5172/5251
f 5172/5251 1995/5229 5083/5244
f 5173/5245 1993/5226 5175/5237
f 5174/5238 1993/5226 5173/5245
f 5175/5237 1993/5226 5170/5232
f 5176/5031 1424/5025 1612/5028
f 5177/5034 1612/5028 5110/5037
f 5178/5390 1955/5387 5137/5394
f 5179/5614 1776/5607 5140/5612
f 5180/5616 1758/5610 5179/5614
f 5181/5253 1425/5246 4983/5239
f 5182/5038 669/5033 5176/5031
f 5183/5381 708/5380 5194/5384
f 5184/5376 710/5375 5183/5381
f 5185/6545 1346/6541 1391/6537
f 5186/5139 1351/5131 5185/5142
f 5187/5364 1062/5347 1189/5357
f 5188/5137 755/5120 5210/5133
f 5189/5140 755/5120 5188/5137
f 5190/6549 1391/6537 5191/6548
f 5191/6548 1391/6537 5077/6544
f 5192/1159 993/1116 5066/1145
f 5193/5373 1018/5369 5184/5376
f 5194/5693 708/5685 4997/5688
f 5195/5134 1351/5131 5186/5139
f 5196/5128 754/5124 5195/5134
f 5197/1186 1028/1203 1029/1156
f 5198/1170 1029/1156 1321/1141
f 5199/1185 1321/1141 5061/1188
f 5200/3170 1117/3131 5001/3165
f 5201/3243 1101/3231 5014/3239
f 5202/3237 1090/3218 5043/3228
f 5203/5368 1189/5357 1018/5369
f 5204/5371 1018/5369 5193/5373
f 5205/5353 1063/5349 741/5345
f 5206/5348 1061/5341 5046/5350
f 5207/5127 755/5120 5209/5132
f 5208/5136 755/5120 5189/5140
f 5209/5132 755/5120 5208/5136
f 5210/5133 755/5120 5196/5128
f 5211/5507 945/5504 5063/5506
f 5212/5359 741/5345 5213/5358
f 5213/5358 741/5345 5218/5352
f 5214/5500 1011/5495 5217/5498
f 5215/5503 1026/5499 5214/5500
f 5216/1194 945/1161 5054/1211
f 5217/5498 1011/5495 5073/5494
f 5218/5352 741/5345 5206/5348
f 5219/5040 664/5036 669/5033
f 5220/5043 669/5033 5182/5038
f 5221/6748 580/6746 5242/6744
f 5222/6751 580/6746 5221/6748
f 5223/5734 531/5709 530/5724
f 5224/5642 302/5630 5285/5644
f 5225/5654 301/5655 300/5643
f 5226/5648 300/5643 299/5633
f 5227/6568 4806/6566 676/6563
f 5228/6890 602/6891 5245/6892
f 5229/6893 602/6891 5228/6890
f 5230/5636 302/5630 5224/5642
f 5231/5662 301/5655 5225/5654
f 5232/5664 301/5655 5231/5662
f 5233/5666 103/5659 5232/5664
f 5234/5641 299/5633 5230/5636
f 5235/5647 299/5633 5234/5641
f 5236/5333 416/5330 5237/5335
f 5237/5335 416/5330 4851/5332
f 5238/5338 149/5331 5239/5334
f 5239/5334 149/5331 415/5327
f 5240/5738 530/5724 5241/5737
f 5241/5737 530/5724 5229/5733
f 5242/6744 580/6746 591/6742
f 5243/5736 582/5716 620/5730
f 5244/5742 609/5732 5243/5736
f 5245/5723 602/5715 601/5708
f 5246/5731 601/5708 609/5732
f 5247/5907 619/5896 5252/5908
f 5248/5903 619/5896 5247/5907
f 5249/5909 624/5906 5250/5913
f 5250/5913 624/5906 5266/5916
f 5251/5904 622/5897 5249/5909
f 5252/5908 619/5896 5251/5904
f 5253/5744 609/5732 5244/5742
f 5254/6739 591/6742 4870/6740
f 5255/5741 609/5732 5253/5744
f 5256/5891 616/5886 619/5896
f 5257/5895 620/5888 5256/5891
f 5258/5899 619/5896 5248/5903
f 5259/5055 543/5052 641/5045
f 5260/5058 543/5052 5259/5055
f 5261/5060 543/5052 5262/5061
f 5262/5061 543/5052 5260/5058
f 5263/5063 629/5057 5261/5060
f 5264/5053 641/5045 5265/5049
f 5265/5049 641/5045 664/5036
f 5266/5916 624/5906 5272/5918
f 5267/5074 527/5066 5273/5071
f 5268/5076 636/5072 5267/5074
f 5269/5922 635/5914 5268/5921
f 5270/5917 624/5906 635/5914
f 5271/5920 635/5914 5269/5922
f 5272/5918 624/5906 5270/5917
f 5273/5071 527/5066 5274/5068
f 5274/5068 527/5066 5263/5063
f 5275/5046 664/5036 5219/5040
f 5276/5674 676/5670 5233/5666
f 5277/5336 415/5327 5236/5333
f 5278/5337 415/5327 5277/5336
f 5279/6277 4694/6271 5280/6281
f 5281/5739 4714/5726 5223/5734
f 5282/5743 4714/5726 5281/5739
f 5283/6753 580/6746 5222/6751
f 5284/6754 4725/6752 5283/6753
f 5285/5644 302/5630 4834/5638
f 5286/6571 4806/6566 5227/6568
f 5287/5082 149/5077 5238/5087
f 5288/5086 4833/5080 5287/5082
f 5290/5339 4851/5332 5293/5340
f 5291/6741 4870/6740 5292/6743
f 5294/3868 49/3873 3937/3878
f 5295/3854 50/3862 5294/3868
f 5296/3859 3708/3838 5297/3861
f 5297/3861 3708/3838 5327/3853
f 5298/4787 4244/4785 4225/4777
f 5299/4761 4241/4757 69/4753
f 5300/4771 4226/4767 5299/4761
f 5301/3851 3709/3841 5313/3846
f 5302/3852 3709/3841 5301/3851
f 5303/3856 4230/3848 4231/3843
f 5304/3860 4231/3843 5302/3852
f 5305/4760 4228/4756 5306/4766
f 5306/4766 4228/4756 4227/4764
f 5307/4786 4225/4777 5315/4784
f 5308/4765 69/4753 5305/4760
f 5309/4779 4230/4774 5310/4783
f 5310/3864 4230/3848 5303/3856
f 5311/4780 4227/4764 5309/4779
f 5312/4775 4227/4764 5311/4780
f 5313/3846 3709/3841 3708/3838
f 5314/4776 4226/4767 5300/4771
f 5315/4784 4225/4777 5314/4776
f 5316/1874 1486/1867 5317/1884
f 5317/1884 1486/1867 5414/1875
f 5318/1891 3932/1859 5322/1883
f 5319/1897 3943/1886 5318/1891
f 5320/3921 3943/3915 5319/3925
f 5321/3920 3936/3896 5320/3921
f 5322/1883 3932/1859 5316/1874
f 5323/3885 3937/3878 5324/3895
f 5324/3895 3937/3878 3936/3896
f 5325/3913 3936/3896 5321/3920
f 5326/3847 3867/3842 5295/3854
f 5327/3853 3708/3838 5326/3847
f 5328/3850 3708/3838 5296/3859
f 5329/4999 1460/4988 5330/4993
f 5330/4993 1460/4988 1255/4983
f 5331/5014 3586/4997 5336/5012
f 5332/5002 3586/4997 5331/5014
f 5333/4994 3587/4987 5332/5002
f 5334/5005 3575/4992 5335/5013
f 5335/5013 3575/4992 5356/5009
f 5336/5012 3586/4997 5334/5005
f 5337/5006 1255/4983 5338/5001
f 5338/5001 1255/4983 5333/4994
f 5339/4207 1257/4188 5340/4205
f 5340/4205 1257/4188 5430/4197
f 5341/4208 1228/4186 5433/4199
f 5342/4212 3577/4204 5341/4208
f 5343/6488 217/6485 5500/6490
f 5344/6487 1444/6480 5343/6488
f 5345/6491 1443/6484 5412/6492
f 5346/6493 1231/6486 5345/6491
f 5347/4198 1257/4188 5339/4207
f 5348/5016 3576/5018 5349/5019
f 5349/5019 3576/5018 5354/5021
f 5350/5010 3569/5004 5348/5016
f 5351/5003 3571/4991 5350/5010
f 5352/6940 3578/6941 5353/6942
f 5353/4215 3578/4213 3577/4204
f 5354/5021 3576/5018 5352/5023
f 5355/4214 3577/4204 5342/4212
f 5356/5009 3575/4992 5351/5003
f 5357/4998 1255/4983 5337/5006
f 5358/4203 1497/4165 5374/4194
f 5359/4200 1497/4165 5358/4203
f 5360/2080 1517/2063 1519/2076
f 5361/2077 1517/2063 5360/2080
f 5362/2637 1608/2625 2436/2651
f 5363/2650 1521/2615 5362/2637
f 5364/2480 2436/2467 5366/2476
f 5365/2661 2436/2651 5364/2670
f 5366/2476 2436/2467 5368/2472
f 5367/2470 1523/2466 764/2473
f 5368/2472 2436/2467 5367/2470
f 5369/2667 1563/2630 5398/2656
f 5370/2673 1566/2657 5369/2667
f 5371/4184 1630/4174 795/4164
f 5372/4192 795/4164 5394/4191
f 5373/4185 1630/4174 5386/4193
f 5374/4194 1497/4165 5373/4185
f 5375/2064 1516/2052 5378/2072
f 5376/2069 1720/2055 5375/2064
f 5377/2071 1517/2063 5361/2077
f 5378/2072 1516/2052 5377/2071
f 5379/2061 1720/2055 5376/2069
f 5380/2477 764/2473 840/2481
f 5381/2627 1574/2612 1570/2610
f 5382/2643 1564/2619 5381/2627
f 5383/4149 729/4139 5384/4157
f 5384/4157 729/4139 1497/4165
f 5385/4177 1497/4165 5413/4189
f 5386/4193 1630/4174 5371/4184
f 5387/2639 1570/2610 5388/2626
f 5388/2626 1570/2610 5393/2616
f 5389/2591 1571/2581 5390/2600
f 5390/2600 1571/2581 5391/2609
f 5391/2609 1571/2581 5400/2597
f 5392/2599 1573/2580 5389/2591
f 5393/2616 1570/2610 5392/2599
f 5394/4191 795/4164 1611/4183
f 5395/4210 1611/4183 5370/4209
f 5396/4202 1611/4183 5395/4210
f 5397/2642 1564/2619 5382/2643
f 5398/2656 1563/2630 5397/2642
f 5399/2590 1572/2579 5401/2598
f 5400/2597 1571/2581 5399/2590
f 5401/2598 1572/2579 5402/2596
f 5402/2596 1572/2579 1520/2589
f 5403/2607 1520/2589 1521/2615
f 5404/2075 840/2060 5405/2067
f 5405/2067 840/2060 796/2047
f 5406/2624 1521/2615 5407/2636
f 5407/2636 1521/2615 5363/2650
f 5408/6859 1519/6855 5409/6857
f 5409/6857 1519/6855 5410/6852
f 5410/6852 1519/6855 1509/6853
f 5411/6854 1509/6853 1487/6856
f 5412/6492 1443/6484 5424/6489
f 5413/4189 1497/4165 5359/4200
f 5414/1875 1486/1867 1471/1857
f 5415/1894 1513/1872 5416/1888
f 5416/1888 1513/1872 1512/1880
f 5417/1889 1513/1872 5415/1894
f 5418/1893 1512/1880 5421/1892
f 5419/1881 1513/1872 5417/1889
f 5420/1885 1471/1857 5419/1881
f 5421/1892 1512/1880 1466/1887
f 5422/5015 1510/5007 5329/4999
f 5423/1898 1466/1887 5422/1901
f 5424/6489 1443/6484 5344/6487
f 5425/6403 1487/6398 5346/6402
f 5426/6404 1487/6398 5425/6403
f 5427/6858 1487/6856 5426/6860
f 5428/4168 1226/4167 1249/4133
f 5429/4156 1249/4133 5383/4149
f 5430/4197 1257/4188 1226/4167
f 5431/4187 1226/4167 5428/4168
f 5432/4196 1226/4167 5431/4187
f 5433/4199 1228/4186 1229/4176
f 5434/4206 1229/4176 5347/4198
f 5435/2068 796/2047 5379/2061
f 5436/2483 840/2481 5404/2485
f 5437/5870 224/5859 5439/5871
f 5438/5868 224/5859 5437/5870
f 5439/5871 224/5859 225/5872
f 5440/5849 703/5848 5442/5852
f 5441/5850 219/5847 5440/5849
f 5442/5852 703/5848 5443/5856
f 5443/5856 703/5848 668/5855
f 5444/6621 694/6620 4763/6624
f 5445/6622 324/6619 5444/6621
f 5446/674 314/648 5447/687
f 5447/687 314/648 5522/702
f 5448/5863 668/5855 224/5859
f 5449/773 225/771 223/768
f 5450/5873 225/5872 5449/5874
f 5451/772 223/768 5498/770
f 5452/1622 441/1609 5453/1620
f 5453/1620 441/1609 4766/1619
f 5454/6626 324/6619 5464/6629
f 5455/6630 354/6623 5454/6626
f 5456/760 359/744 5476/755
f 5457/6604 359/6602 5456/6607
f 5458/761 231/763 220/756
f 5459/765 231/763 5458/761
f 5460/719 221/717 270/710
f 5461/732 214/726 5460/719
f 5462/715 270/710 532/701
f 5463/720 270/710 5462/715
f 5464/6629 324/6619 5482/6625
f 5465/6087 318/6072 5466/6081
f 5466/6081 318/6072 352/6066
f 5467/679 316/660 351/650
f 5468/675 316/660 5467/679
f 5469/6633 354/6623 5455/6630
f 5470/6085 352/6066 5478/6075
f 5471/749 368/734 5487/748
f 5472/750 360/735 5471/749
f 5473/6641 164/6631 5515/6639
f 5474/6603 363/6600 5494/6606
f 5475/6605 140/6601 5474/6603
f 5476/755 359/744 5472/750
f 5477/6634 354/6623 5469/6633
f 5478/6075 352/6066 353/6063
f 5479/6084 353/6063 5519/6086
f 5480/661 317/625 264/649
f 5481/678 351/650 5480/661
f 5482/6625 324/6619 5445/6622
f 5483/6609 356/6608 5475/6605
f 5484/6610 356/6608 5483/6609
f 5485/1602 372/1591 5486/1598
f 5486/1598 372/1591 447/1580
f 5487/748 368/734 436/743
f 5488/754 436/743 5490/759
f 5489/6959 441/6960 5452/6961
f 5490/1607 436/1597 5485/1602
f 5491/1608 441/1609 5489/1615
f 5492/1603 508/1599 5491/1608
f 5493/1601 447/1580 5492/1603
f 5494/6606 363/6600 5457/6604
f 5495/725 270/710 5504/731
f 5496/5860 218/5853 5497/5857
f 5497/5857 218/5853 5441/5850
f 5498/770 223/768 231/763
f 5499/5865 224/5859 5438/5868
f 5500/5869 217/5861 5501/5866
f 5501/5866 217/5861 5496/5860
f 5502/769 231/763 5503/767
f 5503/767 231/763 5459/765
f 5504/6953 270/6954 5463/6955
f 5505/6636 164/6631 5477/6634
f 5506/751 220/756 214/726
f 5507/746 214/726 5508/740
f 5508/740 214/726 5461/732
f 5509/686 269/653 5446/674
f 5510/708 532/701 5509/686
f 5511/692 351/650 5481/678
f 5512/6090 361/6079 5465/6087
f 5513/688 314/648 5468/675
f 5514/6091 361/6079 5512/6090
f 5515/6639 164/6631 5505/6636
f 5516/6069 355/6060 5517/6077
f 5517/6077 355/6060 5484/6078
f 5518/6076 353/6063 5516/6069
f 5519/6086 353/6063 5518/6076
f 5520/676 264/649 5521/689
f 5521/689 264/649 5514/691
f 5522/702 314/648 5513/688
f 5523/4790 4244/4785 5298/4787
f 5524/4797 4562/4794 5523/4790
f 5525/6628 4763/6624 5529/6632
f 5526/1621 4766/1619 5530/1623
f 5527/6637 164/6631 5473/6641
f 5528/6640 4831/6635 5527/6637
usemtl Tile_+031_+021_L21_00021300_untextured
