mtllib Tile_+031_+021_L19_000232.mtl
v 6.08434607e+03 5.25000000e+03 2.06964664e+01
v 6.08448050e+03 5.25000000e+03 2.13200094e+01
v 6.09126554e+03 5.25000000e+03 3.89752659e+01
v 6.09252343e+03 5.25000000e+03 3.91966442e+01
v 6.08684874e+03 5.25000000e+03 3.63344838e+01
v 6.08678550e+03 5.25000000e+03 3.64476051e+01
v 6.09374996e+03 5.25000000e+03 3.89792399e+01
v 6.08656588e+03 5.25000000e+03 3.06483235e+01
v 6.08602793e+03 5.25000000e+03 3.08211418e+01
v 6.08699501e+03 5.25000000e+03 3.45981710e+01
v 6.08710059e+03 5.25000000e+03 3.53376897e+01
v 6.08685331e+03 5.25000000e+03 3.21084278e+01
v 6.08704559e+03 5.25000000e+03 3.26731825e+01
v 6.08722264e+03 5.25000000e+03 3.03897344e+01
v 6.08534281e+03 5.25000000e+03 3.20953570e+01
v 6.08550590e+03 5.25000000e+03 3.21335428e+01
v 6.08570876e+03 5.25000000e+03 3.21059947e+01
v 6.08538268e+03 5.25000000e+03 3.11200541e+01
v 6.08487408e+03 5.25000000e+03 3.15202819e+01
v 6.08456176e+03 5.24898162e+03 3.05760088e+01
v 6.06248988e+03 5.25000000e+03 2.23766906e+01
v 6.06253051e+03 5.25000000e+03 2.15770562e+01
v 6.06289949e+03 5.25000000e+03 2.13739696e+01
v 6.06225279e+03 5.24950438e+03 2.16141525e+01
v 6.08669722e+03 5.25000000e+03 2.85788962e+01
v 6.08490373e+03 5.25000000e+03 2.82080519e+01
v 6.08529549e+03 5.25000000e+03 2.86671112e+01
v 6.08713508e+03 5.25000000e+03 3.32844608e+01
v 6.08446086e+03 5.25000000e+03 2.19817634e+01
v 6.08451459e+03 5.24982014e+03 2.08844965e+01
v 6.08300009e+03 5.25000000e+03 2.01797059e+01
v 6.08307874e+03 5.24906488e+03 2.02726586e+01
v 6.08444643e+03 5.25000000e+03 2.23743901e+01
v 6.08453823e+03 5.25000000e+03 2.59076857e+01
v 6.08442739e+03 5.25000000e+03 2.62800162e+01
v 6.08475346e+03 5.25000000e+03 2.52581298e+01
v 6.08478401e+03 5.24971076e+03 2.55990810e+01
v 6.08505280e+03 5.25000000e+03 2.71264073e+01
v 6.07667555e+03 5.25000000e+03 1.99160766e+01
v 6.07884189e+03 5.25000000e+03 1.96332063e+01
v 6.07521514e+03 5.25000000e+03 2.03602056e+01
v 6.07623649e+03 5.25000000e+03 2.00262856e+01
v 6.08092095e+03 5.25000000e+03 1.98088949e+01
v 6.07586515e+03 5.24936825e+03 1.99302341e+01
v 6.07008254e+03 5.25000000e+03 2.00444554e+01
v 6.06776268e+03 5.25000000e+03 2.10930372e+01
v 6.06544738e+03 5.25000000e+03 2.12826715e+01
v 6.06629413e+03 5.25000000e+03 2.16156776e+01
v 6.06362125e+03 5.25000000e+03 2.15897402e+01
v 6.09108678e+03 5.23394685e+03 2.11375602e+01
v 6.09131292e+03 5.23478877e+03 2.05977779e+01
v 6.08255163e+03 5.22392323e+03 1.93924176e+01
v 6.08382918e+03 5.22501103e+03 1.81553908e+01
v 6.08894797e+03 5.22595729e+03 1.80786320e+01
v 6.08852199e+03 5.22694956e+03 1.83009715e+01
v 6.08506719e+03 5.23993864e+03 4.09753008e+01
v 6.08230757e+03 5.24114341e+03 4.00830458e+01
v 6.08284635e+03 5.24233862e+03 4.04774231e+01
v 6.08253526e+03 5.24270691e+03 3.94707437e+01
v 6.08504645e+03 5.24367277e+03 3.96443229e+01
v 6.07307398e+03 5.22223243e+03 3.35374375e+01
v 6.07038169e+03 5.22068045e+03 3.37473605e+01
v 6.07669545e+03 5.22479052e+03 3.46928178e+01
v 6.07825018e+03 5.22569772e+03 3.70823402e+01
v 6.06991554e+03 5.23758534e+03 3.22023658e+01
v 6.07132816e+03 5.23844806e+03 3.35899025e+01
v 6.06685128e+03 5.24112519e+03 3.21305253e+01
v 6.06791380e+03 5.23959171e+03 3.06146112e+01
v 6.06712487e+03 5.24000307e+03 3.08160857e+01
v 6.06566190e+03 5.24084045e+03 3.10555081e+01
v 6.06921282e+03 5.23800005e+03 3.28613170e+01
v 6.06901176e+03 5.23766765e+03 3.17185905e+01
v 6.06902375e+03 5.23829931e+03 3.00147546e+01
v 6.07876386e+03 5.22651642e+03 3.15989809e+01
v 6.08077916e+03 5.22707793e+03 3.37300300e+01
v 6.06630187e+03 5.23956504e+03 3.02244553e+01
v 6.06987609e+03 5.23763263e+03 3.03052368e+01
v 6.06694615e+03 5.24088589e+03 2.88674575e+01
v 6.06555414e+03 5.24084535e+03 2.77964020e+01
v 6.07191176e+03 5.24058804e+03 3.01297810e+01
v 6.07143078e+03 5.23906883e+03 2.72561264e+01
v 6.08326425e+03 5.24783212e+03 3.01764934e+01
v 6.08291390e+03 5.24757361e+03 3.37858840e+01
v 6.07908898e+03 5.24534721e+03 3.08140886e+01
v 6.07794615e+03 5.24409859e+03 3.02880705e+01
v 6.06789562e+03 5.23983755e+03 2.91001539e+01
v 6.06785786e+03 5.23968981e+03 2.70344872e+01
v 6.06822925e+03 5.23552625e+03 3.75505798e+01
v 6.07000891e+03 5.23646857e+03 3.77724230e+01
v 6.06999774e+03 5.23814201e+03 3.67374520e+01
v 6.06825806e+03 5.23768913e+03 3.68834554e+01
v 6.06881617e+03 5.23653296e+03 3.63618876e+01
v 6.06720918e+03 5.23656326e+03 3.67358182e+01
v 6.06777719e+03 5.23580302e+03 3.66234449e+01
v 6.08095950e+03 5.23847395e+03 4.05954448e+01
v 6.08086366e+03 5.24080355e+03 3.97679738e+01
v 6.07841566e+03 5.24451059e+03 3.41148352e+01
v 6.07818868e+03 5.24437282e+03 3.61573691e+01
v 6.07076024e+03 5.23797155e+03 3.62060293e+01
v 6.06713432e+03 5.24083345e+03 3.74644771e+01
v 6.06597538e+03 5.24006114e+03 3.51535311e+01
v 6.06747114e+03 5.24065399e+03 3.70639765e+01
v 6.06438068e+03 5.24176911e+03 3.52498599e+01
v 6.06356460e+03 5.24353977e+03 3.69926101e+01
v 6.06712192e+03 5.23961961e+03 3.25486301e+01
v 6.06815228e+03 5.23955224e+03 3.24055046e+01
v 6.06653660e+03 5.23909901e+03 3.36016833e+01
v 6.06771591e+03 5.23962638e+03 3.31280518e+01
v 6.06731443e+03 5.24055036e+03 3.55064105e+01
v 6.06727682e+03 5.23991972e+03 3.42749883e+01
v 6.07366619e+03 5.22272648e+03 3.17630097e+01
v 6.06921940e+03 5.23781790e+03 3.54028619e+01
v 6.06909549e+03 5.23781398e+03 2.81615124e+01
v 6.07495206e+03 5.22428647e+03 3.45466377e+01
v 6.06998765e+03 5.23768426e+03 3.44407006e+01
v 6.06379012e+03 5.24793140e+03 2.10735926e+01
v 6.07551059e+03 5.22405615e+03 1.98744412e+01
v 6.07575719e+03 5.22437586e+03 2.13764599e+01
v 6.07583294e+03 5.21931325e+03 1.89881931e+01
v 6.07728810e+03 5.21901149e+03 1.91429953e+01
v 6.07521949e+03 5.24269672e+03 2.67179552e+01
v 6.07404968e+03 5.24200902e+03 2.70275951e+01
v 6.07765038e+03 5.24511769e+03 2.81333139e+01
v 6.07793671e+03 5.24406337e+03 2.66803500e+01
v 6.07199814e+03 5.24064888e+03 2.67822090e+01
v 6.07307109e+03 5.24097734e+03 2.49604697e+01
v 6.07031189e+03 5.22176609e+03 1.99140023e+01
v 6.07068401e+03 5.22135180e+03 2.14499377e+01
v 6.06882203e+03 5.22126618e+03 1.90408368e+01
v 6.06850754e+03 5.22001442e+03 1.94486415e+01
v 6.06875332e+03 5.22010614e+03 2.09994527e+01
v 6.07044243e+03 5.22065904e+03 2.19064909e+01
v 6.06941759e+03 5.22033342e+03 2.09091958e+01
v 6.06896902e+03 5.22074846e+03 2.03632105e+01
v 6.07384789e+03 5.25000000e+03 2.00778582e+01
v 6.06839062e+03 5.24079661e+03 1.97642490e+01
v 6.06973976e+03 5.24205654e+03 1.98118141e+01
v 6.07506031e+03 5.22269211e+03 2.24011471e+01
v 6.07323161e+03 5.22239017e+03 2.28912704e+01
v 6.06526841e+03 5.24749532e+03 2.02959770e+01
v 6.07699643e+03 5.22486110e+03 2.13232677e+01
v 6.07593831e+03 5.22512186e+03 2.06463372e+01
v 6.08267928e+03 5.22855685e+03 2.19802157e+01
v 6.08186496e+03 5.22855368e+03 2.08798804e+01
v 6.08034981e+03 5.22686323e+03 2.29008604e+01
v 6.08227370e+03 5.24722848e+03 2.35240288e+01
v 6.08082507e+03 5.24597805e+03 2.50348426e+01
v 6.07561135e+03 5.22336503e+03 2.46474622e+01
v 6.07538332e+03 5.22276248e+03 2.70159801e+01
v 6.07189123e+03 5.24060644e+03 2.33654455e+01
v 6.07584450e+03 5.24426545e+03 2.80167639e+01
v 6.07622742e+03 5.22363191e+03 2.22545924e+01
v 6.07733163e+03 5.22498460e+03 2.25038232e+01
v 6.07623543e+03 5.24344220e+03 2.22733042e+01
v 6.07577213e+03 5.24355498e+03 2.35729731e+01
v 6.07487205e+03 5.22344726e+03 2.14653700e+01
v 6.07414974e+03 5.22401679e+03 2.04959316e+01
v 6.07339698e+03 5.22286250e+03 2.18315369e+01
v 6.07174150e+03 5.22153105e+03 2.31002749e+01
v 6.07192778e+03 5.22220513e+03 2.14022539e+01
v 6.07771798e+03 5.22525802e+03 2.69931970e+01
v 6.07706496e+03 5.22484494e+03 2.69495092e+01
v 6.07196667e+03 5.24068933e+03 2.02289984e+01
v 6.07147268e+03 5.23965280e+03 2.02958960e+01
v 6.07406726e+03 5.22394937e+03 1.96949187e+01
v 6.07186483e+03 5.24357279e+03 1.95968906e+01
v 6.07293556e+03 5.24605755e+03 1.96828148e+01
v 6.06753760e+03 5.23992907e+03 2.35467924e+01
v 6.06802863e+03 5.23959522e+03 2.17213219e+01
v 6.06348171e+03 5.24588678e+03 2.03396176e+01
v 6.06510778e+03 5.24591852e+03 1.99594223e+01
v 6.07210393e+03 5.22202241e+03 2.48007957e+01
v 6.07206744e+03 5.22200093e+03 2.72061307e+01
v 6.06989020e+03 5.23766049e+03 2.30517638e+01
v 6.06995813e+03 5.23767513e+03 2.02028560e+01
v 6.07412644e+03 5.21899156e+03 1.83693365e+01
v 6.08122619e+03 5.24650519e+03 3.01873870e+01
v 6.06667688e+03 5.23913074e+03 2.09898345e+01
v 6.06415659e+03 5.23234820e+03 4.18582471e+01
v 6.06419842e+03 5.23140056e+03 4.19048911e+01
v 6.06435371e+03 5.22372533e+03 3.91995212e+01
v 6.06565978e+03 5.22487766e+03 4.03025860e+01
v 6.06513354e+03 5.22664135e+03 4.15145060e+01
v 6.06541211e+03 5.22586741e+03 4.06141893e+01
v 6.06363982e+03 5.22628324e+03 4.00186969e+01
v 6.06436942e+03 5.22969094e+03 4.10648009e+01
v 6.06510746e+03 5.23083765e+03 4.07380881e+01
v 6.06458590e+03 5.22791117e+03 4.06085708e+01
v 6.06547224e+03 5.22738596e+03 4.08949446e+01
v 6.06493433e+03 5.23157749e+03 4.04073737e+01
v 6.06662547e+03 5.23056347e+03 4.01470421e+01
v 6.06781370e+03 5.23122961e+03 4.04303130e+01
v 6.06817823e+03 5.23168907e+03 4.00954763e+01
v 6.07273160e+03 5.22905200e+03 4.02846052e+01
v 6.07188994e+03 5.22865816e+03 4.02260275e+01
v 6.07746436e+03 5.23027039e+03 3.96570670e+01
v 6.07708935e+03 5.22940501e+03 4.03785042e+01
v 6.07616540e+03 5.23097445e+03 4.04332018e+01
v 6.07885311e+03 5.23034914e+03 3.94852116e+01
v 6.07962504e+03 5.23093253e+03 4.03668152e+01
v 6.07735010e+03 5.23149989e+03 4.02583990e+01
v 6.06601291e+03 5.22085559e+03 3.89664998e+01
v 6.06471931e+03 5.22642698e+03 4.03206325e+01
v 6.06633126e+03 5.22818817e+03 4.10111647e+01
v 6.06572185e+03 5.22634088e+03 4.06477847e+01
v 6.06446774e+03 5.22739146e+03 4.16520727e+01
v 6.06455859e+03 5.23067299e+03 4.10714635e+01
v 6.06370473e+03 5.23171446e+03 4.15157399e+01
v 6.06933515e+03 5.23245252e+03 4.06784876e+01
v 6.06864441e+03 5.23048339e+03 4.10968128e+01
v 6.06830842e+03 5.23112473e+03 4.17498902e+01
v 6.06953559e+03 5.23184226e+03 4.15936195e+01
v 6.07074267e+03 5.23076615e+03 4.09511486e+01
v 6.07109520e+03 5.22948640e+03 4.07892797e+01
v 6.06817877e+03 5.22910908e+03 4.10486162e+01
v 6.06819443e+03 5.23171016e+03 4.14046465e+01
v 6.06997541e+03 5.23146632e+03 4.07415069e+01
v 6.07607832e+03 5.22922984e+03 3.96381818e+01
v 6.07680876e+03 5.22843591e+03 3.93563845e+01
v 6.07339553e+03 5.22992140e+03 4.16344264e+01
v 6.07315025e+03 5.23084338e+03 4.07346098e+01
v 6.07710354e+03 5.23222592e+03 4.16207487e+01
v 6.07500228e+03 5.23200310e+03 4.07675869e+01
v 6.06972905e+03 5.22774837e+03 4.03178370e+01
v 6.07399292e+03 5.22931320e+03 4.03616092e+01
v 6.06734249e+03 5.22736909e+03 4.08754459e+01
v 6.07829402e+03 5.23312626e+03 4.04022177e+01
v 6.08014088e+03 5.23217057e+03 3.96628585e+01
v 6.07701076e+03 5.23285631e+03 4.05864258e+01
v 6.07595495e+03 5.23114565e+03 4.15242809e+01
v 6.07133726e+03 5.23234792e+03 4.06075474e+01
v 6.07210255e+03 5.23149867e+03 4.11690976e+01
v 6.06916356e+03 5.23237261e+03 4.14613905e+01
v 6.07323658e+03 5.23244225e+03 4.09926826e+01
v 6.07447746e+03 5.22634623e+03 3.89787154e+01
v 6.07413512e+03 5.22765437e+03 3.94745222e+01
v 6.07292311e+03 5.22791670e+03 4.04028997e+01
v 6.07348112e+03 5.22686632e+03 4.03225976e+01
v 6.07437927e+03 5.22464613e+03 3.78335450e+01
v 6.06521573e+03 5.21917674e+03 3.81193131e+01
v 6.07076515e+03 5.22100004e+03 3.70924001e+01
v 6.06523340e+03 5.22048235e+03 3.89631799e+01
v 6.06744765e+03 5.21900694e+03 3.70575645e+01
v 6.06856353e+03 5.21969222e+03 3.67175838e+01
v 6.06862208e+03 5.22024041e+03 3.48964008e+01
v 6.07261436e+03 5.22650875e+03 3.94980947e+01
v 6.06486283e+03 5.23143838e+03 4.18016968e+01
v 6.07009803e+03 5.22687627e+03 4.02642764e+01
v 6.07155867e+03 5.22427628e+03 3.88463680e+01
v 6.07788874e+03 5.22845743e+03 3.90469170e+01
v 6.08448342e+03 5.22980827e+03 3.71881034e+01
v 6.08131557e+03 5.22761397e+03 3.70272152e+01
v 6.08031749e+03 5.22842593e+03 3.78978201e+01
v 6.08057363e+03 5.23003587e+03 3.89672266e+01
v 6.07269235e+03 5.22219649e+03 3.70524884e+01
v 6.07547101e+03 5.22391455e+03 3.70602932e+01
v 6.07574504e+03 5.23049824e+03 4.05181027e+01
v 6.08378871e+03 5.23210586e+03 3.89417627e+01
v 6.07163331e+03 5.23523284e+03 3.96878423e+01
v 6.07316058e+03 5.23707298e+03 3.93791976e+01
v 6.06559115e+03 5.23336767e+03 3.96815020e+01
v 6.06659730e+03 5.23279135e+03 3.94707724e+01
v 6.06632459e+03 5.23553477e+03 3.89181652e+01
v 6.07956959e+03 5.22651328e+03 3.65794238e+01
v 6.07124597e+03 5.23859195e+03 3.64772849e+01
v 6.07187779e+03 5.24059593e+03 3.62067854e+01
v 6.06884444e+03 5.23902163e+03 3.72381588e+01
v 6.06983234e+03 5.23751858e+03 3.56363618e+01
v 6.06738523e+03 5.23750128e+03 3.67869740e+01
v 6.06792489e+03 5.23845304e+03 3.76959669e+01
v 6.06678884e+03 5.23778148e+03 3.78411999e+01
v 6.07094081e+03 5.23769128e+03 3.86023359e+01
v 6.06617317e+03 5.23649607e+03 3.83402247e+01
v 6.06495288e+03 5.23957305e+03 3.80118433e+01
v 6.06484060e+03 5.23645999e+03 3.90563795e+01
v 6.06757542e+03 5.23423954e+03 3.92307031e+01
v 6.07094989e+03 5.23633317e+03 3.92031427e+01
v 6.06391757e+03 5.23509697e+03 3.98086246e+01
v 6.06516013e+03 5.23479628e+03 3.96366251e+01
v 6.06718399e+03 5.23491340e+03 3.85297321e+01
v 6.07000035e+03 5.23470746e+03 3.96575858e+01
v 6.06851968e+03 5.23374510e+03 3.96631458e+01
v 6.08201329e+03 5.23292192e+03 3.97027922e+01
v 6.07173518e+03 5.23884881e+03 3.74741842e+01
v 6.07678077e+03 5.23849958e+03 4.04641109e+01
v 6.07747788e+03 5.23626637e+03 4.05203011e+01
v 6.07387043e+03 5.23912191e+03 3.89384243e+01
v 6.07623108e+03 5.23813354e+03 3.96544203e+01
v 6.07963551e+03 5.23902139e+03 4.00797880e+01
v 6.07865709e+03 5.23812411e+03 4.01735991e+01
v 6.08222631e+03 5.23492861e+03 4.02629317e+01
v 6.08217043e+03 5.23659839e+03 4.06741568e+01
v 6.08195151e+03 5.23557970e+03 4.15450694e+01
v 6.08303259e+03 5.23292042e+03 4.03163749e+01
v 6.08136728e+03 5.23460196e+03 4.04910005e+01
v 6.07310920e+03 5.23625604e+03 4.04511382e+01
v 6.07422522e+03 5.23522202e+03 4.05708982e+01
v 6.07595278e+03 5.23640444e+03 4.03158475e+01
v 6.06332677e+03 5.23912908e+03 3.90973128e+01
v 6.07265566e+03 5.23962752e+03 3.80895638e+01
v 6.07718604e+03 5.23930674e+03 4.00542501e+01
v 6.07719155e+03 5.24088539e+03 3.90916504e+01
v 6.07791955e+03 5.24007599e+03 3.94796227e+01
v 6.07718441e+03 5.24021056e+03 3.98753432e+01
v 6.08184852e+03 5.23889009e+03 4.08745660e+01
v 6.07896263e+03 5.23777913e+03 4.05089540e+01
v 6.07747432e+03 5.23871969e+03 4.05834077e+01
v 6.08063086e+03 5.23780147e+03 4.06815315e+01
v 6.07993552e+03 5.23841384e+03 4.08272929e+01
v 6.07326449e+03 5.23441512e+03 4.07556088e+01
v 6.06446236e+03 5.23241103e+03 4.08212317e+01
v 6.06396047e+03 5.23428078e+03 4.07106570e+01
v 6.07339430e+03 5.23391142e+03 4.14567707e+01
v 6.07454940e+03 5.23453846e+03 4.15991243e+01
v 6.07481059e+03 5.23547111e+03 4.15096366e+01
v 6.07500492e+03 5.23376037e+03 4.09649481e+01
v 6.07615478e+03 5.23635088e+03 4.15245406e+01
v 6.07517467e+03 5.23461906e+03 4.08875762e+01
v 6.07243566e+03 5.23543647e+03 4.04319511e+01
v 6.06993296e+03 5.23397222e+03 4.05612675e+01
v 6.06892342e+03 5.23342912e+03 4.04993236e+01
v 6.07223747e+03 5.23306422e+03 4.05689537e+01
v 6.06492983e+03 5.23437901e+03 4.06346713e+01
v 6.07145410e+03 5.24050953e+03 3.70999213e+01
v 6.07728980e+03 5.23504094e+03 4.09551089e+01
v 6.07667507e+03 5.23554103e+03 4.08805439e+01
v 6.08059440e+03 5.23520892e+03 4.07856850e+01
v 6.07805863e+03 5.23528421e+03 4.10922733e+01
v 6.08129631e+03 5.23520353e+03 4.14886134e+01
v 6.08213069e+03 5.23846555e+03 4.17461649e+01
v 6.08141656e+03 5.23722504e+03 4.10948495e+01
v 6.07278993e+03 5.23343852e+03 4.14665582e+01
v 6.08255846e+03 5.23907658e+03 4.07248645e+01
v 6.07996321e+03 5.23830409e+03 4.18517271e+01
v 6.08257450e+03 5.23825471e+03 4.10556280e+01
v 6.08066146e+03 5.23764999e+03 4.10649688e+01
v 6.08059940e+03 5.23782255e+03 4.17031512e+01
v 6.08080999e+03 5.23635947e+03 4.10271256e+01
v 6.07920469e+03 5.23809873e+03 4.16648737e+01
v 6.07962319e+03 5.23690662e+03 4.09451528e+01
v 6.08111523e+03 5.23783691e+03 4.17951750e+01
v 6.08163423e+03 5.24381115e+03 3.90128668e+01
v 6.07948014e+03 5.23742655e+03 4.17309678e+01
v 6.07602797e+03 5.24334658e+03 3.71902377e+01
v 6.07945964e+03 5.24553844e+03 3.53474246e+01
v 6.07915230e+03 5.24549369e+03 3.69832238e+01
v 6.08162356e+03 5.24690697e+03 3.71457224e+01
v 6.08086560e+03 5.24590484e+03 3.51343852e+01
v 6.07390830e+03 5.24194845e+03 3.65796661e+01
v 6.07510537e+03 5.24228403e+03 3.51265304e+01
v 6.06408487e+03 5.22731385e+03 4.03702415e+01
v 6.07922958e+03 5.24542324e+03 3.21972156e+01
v 6.08088080e+03 5.24622884e+03 3.34546553e+01
v 6.07809029e+03 5.24439940e+03 3.21099295e+01
v 6.08083084e+03 5.24591970e+03 3.14140587e+01
v 6.07658610e+03 5.24463366e+03 3.21202122e+01
v 6.07800851e+03 5.24558893e+03 3.14331657e+01
v 6.07678910e+03 5.24355419e+03 3.23216932e+01
v 6.07582577e+03 5.24406601e+03 3.14594236e+01
v 6.07581914e+03 5.24336238e+03 3.04107023e+01
v 6.07578293e+03 5.24300991e+03 3.18882537e+01
v 6.06577161e+03 5.24107250e+03 3.68238416e+01
v 6.07596706e+03 5.24314701e+03 3.41546588e+01
v 6.07388728e+03 5.24186581e+03 3.39089939e+01
v 6.07286825e+03 5.24085177e+03 3.45591828e+01
v 6.07200527e+03 5.24067794e+03 3.40838462e+01
v 6.06562670e+03 5.24068390e+03 2.90703492e+01
v 6.07391860e+03 5.24190153e+03 3.04460541e+01
v 6.07517818e+03 5.24231177e+03 3.11949290e+01
v 6.07521381e+03 5.24267584e+03 3.02060556e+01
v 6.07297029e+03 5.24092672e+03 3.10366711e+01
v 6.06666083e+03 5.23921548e+03 3.24705974e+01
v 6.06548052e+03 5.24086355e+03 3.25043268e+01
v 6.06449370e+03 5.24166694e+03 3.14895015e+01
v 6.07752129e+03 5.22493939e+03 3.33332961e+01
v 6.07687738e+03 5.22356624e+03 3.39651776e+01
v 6.07861938e+03 5.22651696e+03 3.49788869e+01
v 6.07828080e+03 5.22566821e+03 3.37721912e+01
v 6.07675651e+03 5.22467512e+03 3.22495408e+01
v 6.06469812e+03 5.24175898e+03 3.39533907e+01
v 6.07137210e+03 5.23829191e+03 3.12434658e+01
v 6.07660932e+03 5.22344882e+03 3.32956231e+01
v 6.07557249e+03 5.22332986e+03 3.14503774e+01
v 6.07664079e+03 5.22358394e+03 3.11925490e+01
v 6.07445884e+03 5.22337966e+03 3.39385345e+01
v 6.07530689e+03 5.22378558e+03 3.36317597e+01
v 6.07558111e+03 5.22304682e+03 3.45309944e+01
v 6.07342343e+03 5.22269859e+03 3.46391801e+01
v 6.07450042e+03 5.22242798e+03 3.44475362e+01
v 6.07496335e+03 5.22227972e+03 3.38430298e+01
v 6.06804360e+03 5.21933483e+03 3.40194266e+01
v 6.07112055e+03 5.22178047e+03 3.49933940e+01
v 6.06946737e+03 5.22038944e+03 3.47368750e+01
v 6.08308813e+03 5.22868067e+03 3.66807064e+01
v 6.08172649e+03 5.22846036e+03 3.48837493e+01
v 6.08377401e+03 5.22926109e+03 3.44206501e+01
v 6.07631617e+03 5.22374534e+03 3.44333614e+01
v 6.08094348e+03 5.22749574e+03 3.44726758e+01
v 6.06778646e+03 5.21922271e+03 3.27519218e+01
v 6.06912624e+03 5.22011061e+03 3.06025163e+01
v 6.07123228e+03 5.22177049e+03 3.21235688e+01
v 6.06344023e+03 5.21861534e+03 3.37531032e+01
v 6.06321150e+03 5.21922779e+03 3.68892646e+01
v 6.06354085e+03 5.21894494e+03 3.44176079e+01
v 6.06679619e+03 5.21910119e+03 3.47855796e+01
v 6.07809501e+03 5.22569301e+03 3.02190517e+01
v 6.07134366e+03 5.23867349e+03 3.03028716e+01
v 6.08090240e+03 5.22740312e+03 3.04421883e+01
v 6.08271495e+03 5.22862531e+03 3.05607821e+01
v 6.06649090e+03 5.23950224e+03 2.94060489e+01
v 6.06777190e+03 5.21918373e+03 3.01428766e+01
v 6.07375188e+03 5.22269670e+03 2.80603499e+01
v 6.07322430e+03 5.22235495e+03 3.02780015e+01
v 6.07952928e+03 5.22660254e+03 3.00457042e+01
v 6.07479847e+03 5.22240452e+03 3.07915865e+01
v 6.07062446e+03 5.22101259e+03 3.03329560e+01
v 6.07194864e+03 5.22195720e+03 3.03436723e+01
v 6.07693364e+03 5.22475600e+03 2.94942664e+01
v 6.06678508e+03 5.21903045e+03 3.15216195e+01
v 6.08197578e+03 5.22841010e+03 3.22300115e+01
v 6.08290123e+03 5.22843196e+03 3.36255998e+01
v 6.07058589e+03 5.22102739e+03 2.70745771e+01
v 6.06937216e+03 5.22027005e+03 2.70919456e+01
v 6.07349345e+03 5.22242280e+03 2.68679330e+01
v 6.07461952e+03 5.22241319e+03 2.80738764e+01
v 6.06678115e+03 5.21908269e+03 2.79332299e+01
v 6.06313489e+03 5.21967503e+03 2.91291564e+01
v 6.06300395e+03 5.21974645e+03 2.65451626e+01
v 6.07650124e+03 5.22356869e+03 2.54734218e+01
v 6.07653846e+03 5.22447365e+03 2.84423905e+01
v 6.06867227e+03 5.22019692e+03 3.15748105e+01
v 6.06367619e+03 5.21876524e+03 3.10971777e+01
v 6.07135917e+03 5.23825462e+03 2.83047982e+01
v 6.07297107e+03 5.24096917e+03 2.77956258e+01
v 6.07002463e+03 5.23771078e+03 2.65973157e+01
v 6.06894241e+03 5.23846648e+03 2.65261738e+01
v 6.06564483e+03 5.24065212e+03 2.56459056e+01
v 6.06625562e+03 5.23969419e+03 2.69257506e+01
v 6.07664744e+03 5.22362040e+03 2.76826841e+01
v 6.08271203e+03 5.22855429e+03 2.67565244e+01
v 6.08193904e+03 5.22851424e+03 2.80010258e+01
v 6.07945977e+03 5.22661432e+03 2.67735395e+01
v 6.07853504e+03 5.22633015e+03 2.77410221e+01
v 6.08121124e+03 5.22765741e+03 2.70130386e+01
v 6.07663410e+03 5.22349805e+03 2.97590755e+01
v 6.07552257e+03 5.22329625e+03 2.82742877e+01
v 6.06429159e+03 5.24220295e+03 3.00905414e+01
v 6.06445792e+03 5.24159875e+03 2.78358193e+01
v 6.07518101e+03 5.24226966e+03 2.82756555e+01
v 6.07773514e+03 5.24414498e+03 2.86683868e+01
v 6.07689460e+03 5.24365335e+03 2.89942496e+01
v 6.07902521e+03 5.24532402e+03 2.88218452e+01
v 6.08225929e+03 5.24725029e+03 2.78448429e+01
v 6.08078743e+03 5.24601774e+03 2.88381674e+01
v 6.08098379e+03 5.24630630e+03 2.68966026e+01
v 6.07912167e+03 5.24529186e+03 2.71277082e+01
v 6.06721103e+03 5.24026502e+03 2.76710800e+01
v 6.06399012e+03 5.24269970e+03 2.72322462e+01
v 6.07582377e+03 5.24326880e+03 2.84549192e+01
v 6.07943202e+03 5.24545165e+03 2.37072738e+01
v 6.06774092e+03 5.23991535e+03 2.55673381e+01
v 6.06687020e+03 5.24102369e+03 2.52399154e+01
v 6.07461979e+03 5.22243184e+03 2.47037736e+01
v 6.06867851e+03 5.22023385e+03 2.79552875e+01
v 6.06672107e+03 5.21899223e+03 2.46356017e+01
v 6.06804138e+03 5.21933888e+03 2.72878204e+01
v 6.06333150e+03 5.24362360e+03 3.26781024e+01
v 6.06377031e+03 5.24315186e+03 2.01197359e+01
v 6.06437423e+03 5.24201609e+03 2.04143121e+01
v 6.06363784e+03 5.21853853e+03 2.11473918e+01
v 6.07612165e+03 5.22055919e+03 1.83292980e+01
v 6.07844893e+03 5.22197836e+03 1.83103406e+01
v 6.07845399e+03 5.22455128e+03 1.81656397e+01
v 6.07935612e+03 5.22219308e+03 1.82113612e+01
v 6.07252003e+03 5.21989634e+03 1.82738776e+01
v 6.07125461e+03 5.22144195e+03 1.84248253e+01
v 6.08075635e+03 5.22050838e+03 1.81869956e+01
v 6.07955189e+03 5.22034530e+03 1.84027528e+01
v 6.07788585e+03 5.22550704e+03 1.82652461e+01
v 6.08163249e+03 5.22737220e+03 1.81968123e+01
v 6.08277619e+03 5.22857239e+03 1.82251749e+01
v 6.07489101e+03 5.22340801e+03 1.83585748e+01
v 6.08196408e+03 5.22454407e+03 1.82456784e+01
v 6.08204365e+03 5.22202689e+03 1.92813845e+01
v 6.07487902e+03 5.21890450e+03 1.82733281e+01
v 6.07642835e+03 5.22523578e+03 1.87548203e+01
v 6.07672493e+03 5.22523075e+03 2.02384728e+01
v 6.07768975e+03 5.22534911e+03 1.97178986e+01
v 6.07799299e+03 5.22512903e+03 2.09178242e+01
v 6.07789223e+03 5.22568581e+03 2.13823050e+01
v 6.07942303e+03 5.22053624e+03 1.92180140e+01
v 6.07831619e+03 5.22645481e+03 2.03402385e+01
v 6.07751518e+03 5.22486197e+03 1.84635746e+01
v 6.07685530e+03 5.22055110e+03 1.93640785e+01
v 6.07807928e+03 5.21991954e+03 1.97200011e+01
v 6.07859546e+03 5.22154434e+03 1.93259288e+01
v 6.08040836e+03 5.22261510e+03 1.87878554e+01
v 6.08281751e+03 5.22869032e+03 2.02879727e+01
v 6.08143835e+03 5.22785079e+03 1.95557939e+01
v 6.07485207e+03 5.22373594e+03 1.94085869e+01
v 6.07978418e+03 5.22681091e+03 1.85642683e+01
v 6.08240241e+03 5.22185286e+03 1.82338904e+01
v 6.07303104e+03 5.22243117e+03 1.83123373e+01
v 6.07151632e+03 5.22185453e+03 1.91397555e+01
v 6.07043153e+03 5.22106748e+03 1.93427333e+01
v 6.07243108e+03 5.22216476e+03 1.97327258e+01
v 6.07360012e+03 5.22331118e+03 1.93905163e+01
v 6.07317888e+03 5.22266286e+03 2.00971695e+01
v 6.07158687e+03 5.22250230e+03 1.99542995e+01
v 6.07333458e+03 5.22349913e+03 2.04063500e+01
v 6.06989151e+03 5.21960893e+03 1.84168958e+01
v 6.07018880e+03 5.22055991e+03 1.87238770e+01
v 6.06705390e+03 5.21993369e+03 1.94840044e+01
v 6.06770174e+03 5.21906887e+03 1.91568269e+01
v 6.06634474e+03 5.21856912e+03 1.93526662e+01
v 6.06608753e+03 5.23992161e+03 2.01259385e+01
v 6.06661801e+03 5.24480251e+03 2.03821869e+01
v 6.06700874e+03 5.24675619e+03 1.98484795e+01
v 6.06923452e+03 5.24807600e+03 1.97456888e+01
v 6.06845292e+03 5.24356679e+03 1.97223752e+01
v 6.07096171e+03 5.24092246e+03 2.02313023e+01
v 6.06801529e+03 5.23967670e+03 2.02720498e+01
v 6.06898916e+03 5.23865628e+03 2.02365329e+01
v 6.06916377e+03 5.23740457e+03 2.05864723e+01
v 6.06978871e+03 5.21993933e+03 2.00055562e+01
v 6.06651830e+03 5.22016097e+03 2.00030277e+01
v 6.07148136e+03 5.25000000e+03 2.00507120e+01
v 6.07392410e+03 5.24200879e+03 2.00173483e+01
v 6.07734456e+03 5.24399921e+03 2.02636021e+01
v 6.07596079e+03 5.24328405e+03 2.00125573e+01
v 6.08068012e+03 5.24830256e+03 1.98860534e+01
v 6.08266474e+03 5.24728833e+03 1.97513865e+01
v 6.08141517e+03 5.24662084e+03 2.01398583e+01
v 6.07993712e+03 5.24577419e+03 2.00077147e+01
v 6.07435740e+03 5.24743871e+03 1.94979932e+01
v 6.07127055e+03 5.23829224e+03 2.23364725e+01
v 6.07125214e+03 5.23842136e+03 2.04415837e+01
v 6.07300942e+03 5.24097235e+03 2.08476409e+01
v 6.07505349e+03 5.24228019e+03 2.13135754e+01
v 6.08063524e+03 5.24581384e+03 2.12641123e+01
v 6.07831891e+03 5.24473461e+03 2.00905796e+01
v 6.07806126e+03 5.24651255e+03 2.00593707e+01
v 6.06904443e+03 5.23728608e+03 2.15840120e+01
v 6.06881534e+03 5.23847291e+03 2.10127972e+01
v 6.06904591e+03 5.23819164e+03 2.28650320e+01
v 6.06720925e+03 5.21988853e+03 2.07199035e+01
v 6.06960891e+03 5.23701823e+03 2.12078573e+01
v 6.07664749e+03 5.22347472e+03 2.34601403e+01
v 6.06788432e+03 5.21924890e+03 2.42006673e+01
v 6.06799873e+03 5.21912158e+03 2.20693048e+01
v 6.07420922e+03 5.24210792e+03 2.34536719e+01
v 6.07466507e+03 5.24407785e+03 2.00382266e+01
v 6.06998956e+03 5.22060648e+03 2.42105528e+01
v 6.07137411e+03 5.23885375e+03 2.34057798e+01
v 6.06546959e+03 5.24095356e+03 2.36174004e+01
v 6.06489626e+03 5.24132993e+03 2.45629636e+01
v 6.07773060e+03 5.24433969e+03 2.20596756e+01
v 6.07846799e+03 5.24539513e+03 2.50491629e+01
v 6.07748778e+03 5.24478823e+03 2.42508249e+01
v 6.07908507e+03 5.24535163e+03 2.56723362e+01
v 6.07761707e+03 5.24468162e+03 2.47912030e+01
v 6.07755915e+03 5.24402453e+03 2.50545507e+01
v 6.08357149e+03 5.24792062e+03 2.65096611e+01
v 6.08444971e+03 5.22951014e+03 2.28763116e+01
v 6.08031595e+03 5.22694967e+03 2.38611099e+01
v 6.07138013e+03 5.23825509e+03 2.46554190e+01
v 6.06640512e+03 5.23954892e+03 2.59811916e+01
v 6.07683050e+03 5.22477244e+03 2.45137854e+01
v 6.07803459e+03 5.22551910e+03 2.35512697e+01
v 6.08296264e+03 5.22869063e+03 2.36862137e+01
v 6.08191252e+03 5.22859120e+03 2.44852744e+01
v 6.07624614e+03 5.24339398e+03 2.56136722e+01
v 6.07762491e+03 5.24394546e+03 2.31891870e+01
v 6.07517383e+03 5.24229096e+03 2.47203359e+01
v 6.07572249e+03 5.24306228e+03 2.50733540e+01
v 6.07869120e+03 5.22655550e+03 2.45395560e+01
v 6.06306312e+03 5.24379884e+03 2.37169932e+01
v 6.07629768e+03 5.24427353e+03 2.48044411e+01
v 6.07573898e+03 5.24394943e+03 2.42701202e+01
v 6.06864050e+03 5.22015605e+03 2.45091055e+01
v 6.07130294e+03 5.22195134e+03 2.45785101e+01
v 6.07359919e+03 5.22266002e+03 2.52130633e+01
v 6.06375323e+03 5.22919361e+03 4.10266949e+01
v 6.06335552e+03 5.22978815e+03 4.19947371e+01
v 6.06294578e+03 5.22986126e+03 4.07588705e+01
v 6.06292648e+03 5.22876159e+03 4.06776172e+01
v 6.06257941e+03 5.23070760e+03 4.18779122e+01
v 6.06257712e+03 5.23186839e+03 4.11026685e+01
v 6.06340504e+03 5.23121873e+03 4.12151336e+01
v 6.06332234e+03 5.22777191e+03 4.03178272e+01
v 6.06236815e+03 5.22535622e+03 3.91804226e+01
v 6.06294733e+03 5.22006875e+03 3.59602554e+01
v 6.06283969e+03 5.23461150e+03 4.06817609e+01
v 6.06252717e+03 5.24046488e+03 3.98078489e+01
v 6.06228848e+03 5.23605606e+03 4.02607544e+01
v 6.06305911e+03 5.24118385e+03 3.82725672e+01
v 6.06287229e+03 5.23994907e+03 3.98557614e+01
v 6.06352973e+03 5.23367775e+03 4.16858172e+01
v 6.06236543e+03 5.23408398e+03 4.17980996e+01
v 6.06267239e+03 5.24429906e+03 3.40035977e+01
v 6.06297007e+03 5.24401630e+03 3.02868657e+01
v 6.06254568e+03 5.24413638e+03 3.17613171e+01
v 6.06248866e+03 5.24415904e+03 3.51576294e+01
v 6.06299080e+03 5.22015811e+03 3.16932290e+01
v 6.06234222e+03 5.22045419e+03 3.02551093e+01
v 6.06242876e+03 5.24426959e+03 2.79715556e+01
v 6.06305064e+03 5.22006155e+03 3.46411257e+01
v 6.06280569e+03 5.22038196e+03 2.76678473e+01
v 6.06231620e+03 5.22042600e+03 2.71323449e+01
v 6.06348145e+03 5.23476285e+03 4.17180517e+01
v 6.06246657e+03 5.24432084e+03 2.13953898e+01
v 6.06284620e+03 5.24961124e+03 2.11944599e+01
v 6.06238371e+03 5.24933251e+03 2.13204063e+01
v 6.06369171e+03 5.21931834e+03 2.00311745e+01
v 6.06276389e+03 5.22063445e+03 2.08913577e+01
v 6.06273984e+03 5.22060608e+03 1.96294504e+01
v 6.06266742e+03 5.24912825e+03 2.13696249e+01
v 6.06326590e+03 5.21889867e+03 2.27590576e+01
v 6.06245982e+03 5.22046627e+03 2.18433244e+01
v 6.06342020e+03 5.21910386e+03 2.37664167e+01
v 6.06298223e+03 5.22040365e+03 2.44028262e+01
v 6.06237449e+03 5.24424485e+03 2.46238630e+01
v 6.09147909e+03 5.23289312e+03 3.22149574e+01
v 6.09190251e+03 5.23310564e+03 3.02881860e+01
v 6.08892515e+03 5.23248804e+03 3.01596498e+01
v 6.08750628e+03 5.23158594e+03 3.03673981e+01
v 6.08370519e+03 5.24774228e+03 3.52240047e+01
v 6.08450794e+03 5.24859946e+03 2.85550742e+01
v 6.09214820e+03 5.24677415e+03 4.00739344e+01
v 6.09019514e+03 5.24926413e+03 3.89893544e+01
v 6.08708182e+03 5.25000000e+03 3.58476132e+01
v 6.08675324e+03 5.25000000e+03 3.71208977e+01
v 6.09045389e+03 5.23331077e+03 3.45882877e+01
v 6.09091285e+03 5.23397605e+03 3.49035822e+01
v 6.08990587e+03 5.23284061e+03 3.36496065e+01
v 6.09037405e+03 5.23323216e+03 3.24061915e+01
v 6.09360044e+03 5.23528936e+03 3.69766873e+01
v 6.09172808e+03 5.23469848e+03 3.39570537e+01
v 6.09283843e+03 5.23381914e+03 3.44811085e+01
v 6.09366088e+03 5.23404318e+03 3.36677717e+01
v 6.09343928e+03 5.23449285e+03 3.45358743e+01
v 6.09189614e+03 5.23435889e+03 3.35426130e+01
v 6.09362454e+03 5.23525688e+03 3.26339918e+01
v 6.08679274e+03 5.23088675e+03 3.36107147e+01
v 6.08594649e+03 5.23059582e+03 3.05993303e+01
v 6.08431872e+03 5.22955545e+03 3.03172965e+01
v 6.09254840e+03 5.23502250e+03 2.10777643e+01
v 6.09246247e+03 5.23565588e+03 1.97430070e+01
v 6.09213573e+03 5.22022398e+03 1.81257348e+01
v 6.09133567e+03 5.21863680e+03 1.85999389e+01
v 6.08730333e+03 5.23115879e+03 2.31017394e+01
v 6.08921807e+03 5.23253656e+03 2.25242011e+01
v 6.08446283e+03 5.24855458e+03 2.56577603e+01
v 6.08493916e+03 5.24931382e+03 2.45278035e+01
v 6.09010856e+03 5.23295595e+03 2.10057428e+01
v 6.09316551e+03 5.23525468e+03 1.99074465e+01
v 6.08488245e+03 5.24903254e+03 2.25811162e+01
v 6.08359677e+03 5.24823413e+03 2.08551545e+01
v 6.08950155e+03 5.23266482e+03 3.70256096e+01
v 6.08645147e+03 5.23075008e+03 3.68176425e+01
v 6.08514410e+03 5.23040314e+03 3.57530391e+01
v 6.08880514e+03 5.23382842e+03 3.78825571e+01
v 6.08708645e+03 5.23447198e+03 3.91283264e+01
v 6.08555829e+03 5.23487778e+03 3.94572693e+01
v 6.09351671e+03 5.23670984e+03 3.78897517e+01
v 6.09186754e+03 5.23421446e+03 3.68030908e+01
v 6.09066671e+03 5.23646553e+03 3.89811815e+01
v 6.08990872e+03 5.23726053e+03 4.04072284e+01
v 6.09042581e+03 5.23833604e+03 3.95278254e+01
v 6.09078226e+03 5.24016272e+03 4.00322306e+01
v 6.08666938e+03 5.23636564e+03 3.97325397e+01
v 6.08941092e+03 5.23654256e+03 3.93384200e+01
v 6.08368019e+03 5.23381544e+03 3.94640743e+01
v 6.08651134e+03 5.23516718e+03 4.03258436e+01
v 6.08851144e+03 5.23798583e+03 3.99209319e+01
v 6.08612341e+03 5.23922876e+03 4.09013839e+01
v 6.08715400e+03 5.23844989e+03 4.10015968e+01
v 6.08861507e+03 5.23954154e+03 4.03355015e+01
v 6.08762878e+03 5.24036562e+03 4.07686186e+01
v 6.08741096e+03 5.23820081e+03 4.01424687e+01
v 6.08378298e+03 5.23828630e+03 4.10607551e+01
v 6.08314832e+03 5.23865565e+03 4.12527409e+01
v 6.08555999e+03 5.24043110e+03 4.15780797e+01
v 6.08491366e+03 5.23726331e+03 4.03669025e+01
v 6.08633279e+03 5.24070988e+03 4.11313677e+01
v 6.08638455e+03 5.24201765e+03 4.07132658e+01
v 6.08471665e+03 5.24201667e+03 4.16843013e+01
v 6.08536627e+03 5.24161396e+03 4.18433168e+01
v 6.08613003e+03 5.24026865e+03 4.18255716e+01
v 6.08461354e+03 5.24183211e+03 4.05424183e+01
v 6.08366389e+03 5.24314847e+03 3.96577110e+01
v 6.08355469e+03 5.24269988e+03 4.04938551e+01
v 6.09247940e+03 5.24150234e+03 4.06376866e+01
v 6.08683689e+03 5.23875488e+03 4.17367451e+01
v 6.08934338e+03 5.24276712e+03 4.10633569e+01
v 6.09251938e+03 5.24224469e+03 4.14047767e+01
v 6.08712552e+03 5.24107020e+03 4.10125116e+01
v 6.08698289e+03 5.23987039e+03 4.14972873e+01
v 6.09146634e+03 5.24207065e+03 4.07531671e+01
v 6.08826123e+03 5.24178796e+03 4.12362347e+01
v 6.08708903e+03 5.24271869e+03 4.03753590e+01
v 6.08995093e+03 5.24319342e+03 4.10378636e+01
v 6.09238280e+03 5.24300884e+03 4.07794261e+01
v 6.09310570e+03 5.24230105e+03 4.03672933e+01
v 6.08869362e+03 5.24374008e+03 4.16250387e+01
v 6.08636768e+03 5.24307329e+03 4.06165429e+01
v 6.08647690e+03 5.24399592e+03 4.00226536e+01
v 6.08580590e+03 5.24249519e+03 4.17020764e+01
v 6.09307779e+03 5.24448840e+03 4.03124174e+01
v 6.09263360e+03 5.24409901e+03 4.07396797e+01
v 6.09286904e+03 5.24586782e+03 4.01961964e+01
v 6.08456373e+03 5.24208105e+03 4.01151070e+01
v 6.08642402e+03 5.24303860e+03 4.17330755e+01
v 6.08994454e+03 5.24562009e+03 4.00277137e+01
v 6.08773513e+03 5.24522893e+03 4.04813830e+01
v 6.08700039e+03 5.24479344e+03 4.05487275e+01
v 6.08617093e+03 5.24502448e+03 3.94442910e+01
v 6.08843548e+03 5.24403429e+03 4.08040757e+01
v 6.08883776e+03 5.24513914e+03 3.99543317e+01
v 6.08926011e+03 5.24430928e+03 4.07208385e+01
v 6.08930368e+03 5.24795409e+03 3.99261001e+01
v 6.08756617e+03 5.24580237e+03 3.98076019e+01
v 6.08912786e+03 5.24409915e+03 4.17745754e+01
v 6.09301818e+03 5.24716699e+03 4.12653334e+01
v 6.09001097e+03 5.24832568e+03 4.00116338e+01
v 6.08693432e+03 5.24720823e+03 3.90097482e+01
v 6.09385698e+03 5.24786121e+03 3.95543791e+01
v 6.08875210e+03 5.24771452e+03 3.92850998e+01
v 6.08837830e+03 5.25000000e+03 3.78499760e+01
v 6.08410422e+03 5.24831681e+03 3.72543383e+01
v 6.08532331e+03 5.24900375e+03 3.54648416e+01
v 6.08503089e+03 5.24884091e+03 3.29698086e+01
v 6.09339037e+03 5.23538266e+03 3.48373386e+01
v 6.09275875e+03 5.23349413e+03 3.37541067e+01
v 6.09109621e+03 5.23314301e+03 3.43318133e+01
v 6.08467005e+03 5.24875611e+03 3.13726198e+01
v 6.08810269e+03 5.23240796e+03 3.51183999e+01
v 6.09161470e+03 5.23271139e+03 3.39625457e+01
v 6.08743292e+03 5.23162808e+03 3.43327350e+01
v 6.08384476e+03 5.24782238e+03 3.11925937e+01
v 6.08508113e+03 5.25000000e+03 3.20208480e+01
v 6.08543226e+03 5.24922295e+03 3.21309207e+01
v 6.08621127e+03 5.24939237e+03 3.02297697e+01
v 6.08608708e+03 5.23069532e+03 3.43150672e+01
v 6.08524935e+03 5.23032730e+03 3.23293841e+01
v 6.09340017e+03 5.23399850e+03 3.04789802e+01
v 6.09238659e+03 5.23385439e+03 3.16075836e+01
v 6.08800843e+03 5.23242470e+03 3.14283785e+01
v 6.09377838e+03 5.23513491e+03 3.01159335e+01
v 6.08608850e+03 5.23075041e+03 2.81009405e+01
v 6.09019848e+03 5.23307151e+03 3.00766075e+01
v 6.09235432e+03 5.23387830e+03 2.79663433e+01
v 6.09022172e+03 5.23314536e+03 2.76217641e+01
v 6.08477443e+03 5.23040124e+03 2.80203725e+01
v 6.08430054e+03 5.22959759e+03 2.75875447e+01
v 6.08790880e+03 5.23233454e+03 2.81419151e+01
v 6.08757982e+03 5.23168963e+03 2.72443452e+01
v 6.09370770e+03 5.23521808e+03 2.76439552e+01
v 6.09345004e+03 5.23411493e+03 2.76130914e+01
v 6.09140387e+03 5.23292928e+03 2.66510606e+01
v 6.09192039e+03 5.23311302e+03 2.73192708e+01
v 6.08539015e+03 5.24930131e+03 2.88394442e+01
v 6.08401633e+03 5.24801943e+03 2.79370895e+01
v 6.08483782e+03 5.24928158e+03 2.67227816e+01
v 6.08807795e+03 5.23213329e+03 2.58754304e+01
v 6.08574406e+03 5.23044138e+03 2.68744664e+01
v 6.08492467e+03 5.23017330e+03 2.58087943e+01
v 6.08494923e+03 5.23050900e+03 3.14455866e+01
v 6.09261022e+03 5.23001012e+03 1.79334847e+01
v 6.09065244e+03 5.23351986e+03 1.82078053e+01
v 6.09273995e+03 5.23188248e+03 1.80290501e+01
v 6.08943125e+03 5.23234016e+03 1.80172569e+01
v 6.08705881e+03 5.23094145e+03 1.80097365e+01
v 6.09180276e+03 5.23040278e+03 1.80765165e+01
v 6.09246831e+03 5.23461586e+03 1.79579461e+01
v 6.09110020e+03 5.23470157e+03 1.82139996e+01
v 6.08494949e+03 5.23012886e+03 1.80934492e+01
v 6.08533019e+03 5.22660354e+03 1.81427763e+01
v 6.08453191e+03 5.22437042e+03 1.81299060e+01
v 6.08425263e+03 5.22353738e+03 1.90835147e+01
v 6.08457448e+03 5.22314081e+03 1.80071496e+01
v 6.09067697e+03 5.22281878e+03 1.80774297e+01
v 6.08602290e+03 5.21999477e+03 1.82061283e+01
v 6.09283938e+03 5.22854246e+03 1.80086467e+01
v 6.09277064e+03 5.23542931e+03 1.82197873e+01
v 6.09215532e+03 5.22859816e+03 1.89134182e+01
v 6.08835636e+03 5.22609939e+03 1.87515415e+01
v 6.09062205e+03 5.22707732e+03 1.81287733e+01
v 6.08707037e+03 5.22435396e+03 1.80566124e+01
v 6.08804585e+03 5.22782931e+03 1.80204114e+01
v 6.08873853e+03 5.22805958e+03 1.86101529e+01
v 6.08980781e+03 5.22925153e+03 1.80801230e+01
v 6.08520953e+03 5.22461477e+03 1.86352827e+01
v 6.08723462e+03 5.22543023e+03 1.91539217e+01
v 6.08962381e+03 5.21888939e+03 1.81876031e+01
v 6.08822812e+03 5.23223116e+03 1.83644097e+01
v 6.09347102e+03 5.23531302e+03 1.82136941e+01
v 6.08951833e+03 5.23278352e+03 1.96432664e+01
v 6.09361598e+03 5.23545947e+03 2.12905278e+01
v 6.08727081e+03 5.23147448e+03 2.03215560e+01
v 6.09237466e+03 5.22943318e+03 1.88934936e+01
v 6.08808719e+03 5.23244027e+03 2.10119007e+01
v 6.08636740e+03 5.23086280e+03 1.92071396e+01
v 6.08987210e+03 5.22728607e+03 1.87601585e+01
v 6.09037835e+03 5.22892764e+03 1.90016957e+01
v 6.09071772e+03 5.22764171e+03 1.91743029e+01
v 6.08367888e+03 5.22449198e+03 1.92142858e+01
v 6.08427437e+03 5.22955811e+03 1.99599982e+01
v 6.08315587e+03 5.24752829e+03 2.13437882e+01
v 6.08490333e+03 5.23040921e+03 2.08815551e+01
v 6.09366680e+03 5.23468452e+03 2.24359293e+01
v 6.09220513e+03 5.23299513e+03 2.26088654e+01
v 6.09048173e+03 5.23308030e+03 2.26882157e+01
v 6.08363074e+03 5.24790097e+03 2.34950797e+01
v 6.09363765e+03 5.23516708e+03 2.40508375e+01
v 6.09342139e+03 5.23419577e+03 2.46910023e+01
v 6.08899777e+03 5.23253856e+03 2.39174652e+01
v 6.09150420e+03 5.23293261e+03 2.45041215e+01
v 6.08461627e+03 5.25000000e+03 2.43255262e+01
v 6.09060860e+03 5.23324022e+03 2.44915617e+01
v 6.09243495e+03 5.23386700e+03 2.46720672e+01
v 6.08795991e+03 5.23234883e+03 2.43141367e+01
v 6.08498905e+03 5.23044773e+03 2.43529162e+01
v 6.06225000e+03 5.22059026e+03 2.40289776e+01
v 6.06225000e+03 5.22060661e+03 2.40714602e+01
v 6.06225000e+03 5.22087834e+03 2.09514316e+01
v 6.06225000e+03 5.22064074e+03 2.16482121e+01
v 6.06225000e+03 5.24490366e+03 2.68324398e+01
v 6.06225000e+03 5.24489025e+03 2.62415705e+01
v 6.06225000e+03 5.24452970e+03 2.48140793e+01
v 6.06225000e+03 5.24506795e+03 2.48833223e+01
v 6.06225000e+03 5.22058736e+03 2.65257731e+01
v 6.06225000e+03 5.22050843e+03 2.70711793e+01
v 6.06225000e+03 5.22061243e+03 2.42153411e+01
v 6.06225000e+03 5.22064746e+03 2.41003888e+01
v 6.06225000e+03 5.24470072e+03 2.73790521e+01
v 6.06225000e+03 5.24568220e+03 2.03340746e+01
v 6.06225000e+03 5.24494356e+03 2.02753671e+01
v 6.06225000e+03 5.24469100e+03 2.14280376e+01
v 6.06225000e+03 5.24467998e+03 2.10945940e+01
v 6.06225000e+03 5.24950207e+03 2.16148118e+01
v 6.06225000e+03 5.24898846e+03 2.15100575e+01
v 6.06225000e+03 5.22067878e+03 2.17592258e+01
v 6.06225000e+03 5.22063194e+03 2.21336557e+01
v 6.06225000e+03 5.22022283e+03 2.30260498e+01
v 6.06225000e+03 5.24925380e+03 2.13817877e+01
v 6.06225000e+03 5.24947827e+03 2.15609001e+01
v 6.06225000e+03 5.24808698e+03 2.11709050e+01
v 6.06225000e+03 5.22086646e+03 1.91194328e+01
v 6.06225000e+03 5.22062746e+03 1.88552884e+01
v 6.06225000e+03 5.22088019e+03 1.95320773e+01
v 6.06225000e+03 5.24620629e+03 2.05266794e+01
v 6.06225000e+03 5.24782147e+03 2.11381483e+01
v 6.06225000e+03 5.24843501e+03 2.12149132e+01
v 6.06225000e+03 5.24805288e+03 2.11832662e+01
v 6.06225000e+03 5.24805588e+03 2.11490563e+01
v 6.06225000e+03 5.22056195e+03 3.03073047e+01
v 6.06225000e+03 5.22056104e+03 2.97612797e+01
v 6.06225000e+03 5.22405676e+03 3.88572926e+01
v 6.06225000e+03 5.22277459e+03 3.81070392e+01
v 6.06225000e+03 5.22044785e+03 3.69248342e+01
v 6.06225000e+03 5.22049485e+03 3.57617500e+01
v 6.06225000e+03 5.22549942e+03 3.91734886e+01
v 6.06225000e+03 5.22562166e+03 3.94654055e+01
v 6.06225000e+03 5.23237650e+03 4.11083985e+01
v 6.06225000e+03 5.23204196e+03 4.10253784e+01
v 6.06225000e+03 5.23269444e+03 4.10702528e+01
v 6.06225000e+03 5.24166764e+03 3.85544273e+01
v 6.06225000e+03 5.24093945e+03 3.89446549e+01
v 6.06225000e+03 5.24456451e+03 3.51561292e+01
v 6.06225000e+03 5.24479939e+03 3.58355753e+01
v 6.06225000e+03 5.24441634e+03 3.74551514e+01
v 6.06225000e+03 5.24531334e+03 3.69441737e+01
v 6.06225000e+03 5.24466188e+03 3.13782866e+01
v 6.06225000e+03 5.24491181e+03 3.27173221e+01
v 6.06225000e+03 5.24460142e+03 2.84289431e+01
v 6.06225000e+03 5.24498863e+03 3.03353885e+01
v 6.06225000e+03 5.22078434e+03 3.11766478e+01
v 6.06225000e+03 5.22062241e+03 3.27220378e+01
v 6.06225000e+03 5.22011402e+03 3.38040872e+01
v 6.06225000e+03 5.22084607e+03 3.45984282e+01
v 6.06225000e+03 5.22078980e+03 3.53911683e+01
v 6.06225000e+03 5.22059283e+03 3.42406478e+01
v 6.06225000e+03 5.24491023e+03 3.42729091e+01
v 6.06225000e+03 5.24408471e+03 3.76195690e+01
v 6.06225000e+03 5.24363479e+03 3.77750010e+01
v 6.06225000e+03 5.24066543e+03 3.94813317e+01
v 6.06225000e+03 5.23604068e+03 4.02784478e+01
v 6.06225000e+03 5.23610424e+03 4.02636796e+01
v 6.06225000e+03 5.23613450e+03 4.02518034e+01
v 6.06225000e+03 5.23775159e+03 3.97331782e+01
v 6.06225000e+03 5.23403699e+03 4.08940953e+01
v 6.06225000e+03 5.23398666e+03 4.16209630e+01
v 6.06225000e+03 5.23145845e+03 4.08049299e+01
v 6.06225000e+03 5.23197174e+03 4.10278143e+01
v 6.06225000e+03 5.23325655e+03 4.11331361e+01
v 6.06225000e+03 5.24029953e+03 3.98291677e+01
v 6.06225000e+03 5.23978970e+03 3.98817670e+01
v 6.06225000e+03 5.23932620e+03 3.99122284e+01
v 6.06225000e+03 5.23869675e+03 3.95581237e+01
v 6.06225000e+03 5.23477395e+03 4.07916421e+01
v 6.06225000e+03 5.22045472e+03 3.70325476e+01
v 6.06225000e+03 5.22198450e+03 3.77206715e+01
v 6.06225000e+03 5.22252305e+03 3.79470991e+01
v 6.06225000e+03 5.22526561e+03 3.91248482e+01
v 6.06225000e+03 5.22728087e+03 3.97127614e+01
v 6.06225000e+03 5.22819689e+03 4.00344322e+01
v 6.06225000e+03 5.22669175e+03 4.02725336e+01
v 6.06225000e+03 5.22634573e+03 4.02127331e+01
v 6.06225000e+03 5.23078186e+03 4.12544767e+01
v 6.06225000e+03 5.23047886e+03 4.05354103e+01
v 6.06225000e+03 5.23002823e+03 4.05051264e+01
v 6.06225000e+03 5.22871964e+03 4.03259456e+01
v 6.06225000e+03 5.22455206e+03 3.89178330e+01
v 6.06225000e+03 5.24460932e+03 2.55184315e+01
v 6.06225000e+03 5.24499752e+03 2.29134882e+01
v 6.06225000e+03 5.24974591e+03 2.22806351e+01
v 6.06225000e+03 5.24986272e+03 2.24301299e+01
v 6.06225000e+03 5.25000000e+03 2.25236144e+01
v 6.09400000e+03 5.23324036e+03 1.79939062e+01
v 6.09400000e+03 5.23212757e+03 1.79517712e+01
v 6.09400000e+03 5.22921333e+03 1.79963768e+01
v 6.09400000e+03 5.22808086e+03 1.80058830e+01
v 6.09400000e+03 5.23547982e+03 2.47570989e+01
v 6.09400000e+03 5.23545326e+03 2.39132471e+01
v 6.09400000e+03 5.23569778e+03 2.14296683e+01
v 6.09400000e+03 5.23568012e+03 2.14422130e+01
v 6.09400000e+03 5.23540895e+03 2.38900186e+01
v 6.09400000e+03 5.23617197e+03 2.08146896e+01
v 6.09400000e+03 5.22298226e+03 1.80247384e+01
v 6.09400000e+03 5.22499868e+03 1.80356733e+01
v 6.09400000e+03 5.23620663e+03 1.98932354e+01
v 6.09400000e+03 5.23566648e+03 1.81973193e+01
v 6.09400000e+03 5.23533230e+03 1.81562095e+01
v 6.09400000e+03 5.22022008e+03 1.80372865e+01
v 6.09400000e+03 5.23097209e+03 1.78870122e+01
v 6.09400000e+03 5.23495745e+03 1.79492609e+01
v 6.09400000e+03 5.22988780e+03 1.79422336e+01
v 6.09400000e+03 5.22950149e+03 1.80354504e+01
v 6.09400000e+03 5.24816254e+03 3.94265928e+01
v 6.09400000e+03 5.24781388e+03 3.95581676e+01
v 6.09400000e+03 5.24316735e+03 4.03772235e+01
v 6.09400000e+03 5.24314898e+03 4.03717402e+01
v 6.09400000e+03 5.24767423e+03 4.12585862e+01
v 6.09400000e+03 5.24671826e+03 4.03726384e+01
v 6.09400000e+03 5.23535722e+03 3.02317971e+01
v 6.09400000e+03 5.23538124e+03 2.98660615e+01
v 6.09400000e+03 5.23547219e+03 2.75450201e+01
v 6.09400000e+03 5.23534983e+03 2.96568840e+01
v 6.09400000e+03 5.23536546e+03 3.03198536e+01
v 6.09400000e+03 5.23503803e+03 3.37443003e+01
v 6.09400000e+03 5.23534511e+03 3.39214642e+01
v 6.09400000e+03 5.23559334e+03 3.24689566e+01
v 6.09400000e+03 5.23548296e+03 3.28668628e+01
v 6.09400000e+03 5.23574507e+03 3.53534584e+01
v 6.09400000e+03 5.23566136e+03 3.44373970e+01
v 6.09400000e+03 5.23560095e+03 3.66491909e+01
v 6.09400000e+03 5.24020386e+03 3.94430240e+01
v 6.09400000e+03 5.24008928e+03 3.94239786e+01
v 6.09400000e+03 5.25000000e+03 3.88789875e+01
v 6.09400000e+03 5.24963021e+03 3.90102049e+01
v 6.09400000e+03 5.24511648e+03 4.02881061e+01
v 6.09400000e+03 5.24567888e+03 4.02431160e+01
v 6.09400000e+03 5.24861749e+03 3.92442640e+01
v 6.09400000e+03 5.24776092e+03 4.09309791e+01
v 6.09400000e+03 5.24771348e+03 4.12929545e+01
v 6.09400000e+03 5.24319968e+03 4.03704867e+01
v 6.09400000e+03 5.24432667e+03 4.01345631e+01
v 6.09400000e+03 5.24225230e+03 4.03459034e+01
v 6.09400000e+03 5.24318395e+03 4.03775758e+01
v 6.09400000e+03 5.24001772e+03 3.93758898e+01
v 6.09400000e+03 5.23865876e+03 3.90101918e+01
v 6.09400000e+03 5.23842978e+03 3.89482654e+01
v 6.09400000e+03 5.23997692e+03 3.93631117e+01
v 6.09400000e+03 5.23773079e+03 3.84303925e+01
v 6.09400000e+03 5.23700604e+03 3.78827858e+01
v 6.09400000e+03 5.23680750e+03 3.77459744e+01
v 6.09400000e+03 5.23553938e+03 3.69624166e+01
v 6.09400000e+03 5.22185176e+03 1.80550238e+01
v 6.09400000e+03 5.23584041e+03 1.83159072e+01
v 6.09400000e+03 5.23532123e+03 3.35243185e+01
v 6.06387268e+03 5.21850000e+03 2.43145710e+01
v 6.06390401e+03 5.21850000e+03 2.59282666e+01
v 6.06366652e+03 5.21850000e+03 2.10244352e+01
v 6.06395236e+03 5.21850000e+03 1.94003024e+01
v 6.06382148e+03 5.21850000e+03 1.90633891e+01
v 6.06370667e+03 5.21850000e+03 1.88763974e+01
v 6.06378991e+03 5.21850000e+03 3.69646735e+01
v 6.06500549e+03 5.21850000e+03 3.77228459e+01
v 6.06390580e+03 5.21850000e+03 2.37147425e+01
v 6.06367443e+03 5.21850000e+03 2.29975380e+01
v 6.06358363e+03 5.21850000e+03 2.27503298e+01
v 6.06364534e+03 5.21850000e+03 2.23328443e+01
v 6.07718016e+03 5.21850000e+03 1.83071099e+01
v 6.08175604e+03 5.21850000e+03 1.82000407e+01
v 6.06636549e+03 5.21850000e+03 2.42596594e+01
v 6.06642764e+03 5.21850000e+03 2.68898068e+01
v 6.06645433e+03 5.21850000e+03 2.15847311e+01
v 6.06640764e+03 5.21850000e+03 2.15542833e+01
v 6.07696474e+03 5.21850000e+03 1.83556591e+01
v 6.07687813e+03 5.21850000e+03 1.85326463e+01
v 6.06919813e+03 5.21850000e+03 1.84171127e+01
v 6.07034386e+03 5.21850000e+03 1.83994629e+01
v 6.06367353e+03 5.21850000e+03 2.11474789e+01
v 6.06390141e+03 5.21850000e+03 2.74722478e+01
v 6.06642805e+03 5.21850000e+03 2.71352446e+01
v 6.06647984e+03 5.21850000e+03 2.70885445e+01
v 6.06661845e+03 5.21850000e+03 2.17033141e+01
v 6.06693448e+03 5.21850000e+03 2.27730354e+01
v 6.06693275e+03 5.21850000e+03 2.27874434e+01
v 6.06692107e+03 5.21850000e+03 2.28159051e+01
v 6.06692587e+03 5.21850000e+03 2.28319269e+01
v 6.06689344e+03 5.21850000e+03 2.28670502e+01
v 6.06636807e+03 5.21850000e+03 2.03017596e+01
v 6.06822632e+03 5.21850000e+03 1.88053065e+01
v 6.06871812e+03 5.21850000e+03 1.87195747e+01
v 6.06631383e+03 5.21850000e+03 1.92705488e+01
v 6.07483916e+03 5.21850000e+03 1.88144109e+01
v 6.07497266e+03 5.21850000e+03 1.83246900e+01
v 6.07392925e+03 5.21850000e+03 1.96014983e+01
v 6.06774323e+03 5.21850000e+03 1.89049581e+01
v 6.07142409e+03 5.21850000e+03 1.84283635e+01
v 6.07238732e+03 5.21850000e+03 1.83837799e+01
v 6.07675738e+03 5.21850000e+03 1.87633973e+01
v 6.07541421e+03 5.21850000e+03 1.83015046e+01
v 6.07602951e+03 5.21850000e+03 1.86074910e+01
v 6.07335233e+03 5.21850000e+03 1.83976049e+01
v 6.07389885e+03 5.21850000e+03 1.96136307e+01
v 6.06367611e+03 5.21850000e+03 2.10678504e+01
v 6.06361574e+03 5.21850000e+03 3.38857100e+01
v 6.06400737e+03 5.21850000e+03 3.45643316e+01
v 6.06708388e+03 5.21850000e+03 3.38057090e+01
v 6.06693435e+03 5.21850000e+03 3.39318921e+01
v 6.06656926e+03 5.21850000e+03 3.70642063e+01
v 6.06673131e+03 5.21850000e+03 3.67748073e+01
v 6.06649720e+03 5.21850000e+03 3.04822606e+01
v 6.06655922e+03 5.21850000e+03 3.03670164e+01
v 6.06388539e+03 5.21850000e+03 2.88987587e+01
v 6.06392486e+03 5.21850000e+03 3.01006568e+01
v 6.06649463e+03 5.21850000e+03 3.01885153e+01
v 6.06386786e+03 5.21850000e+03 3.10857265e+01
v 6.06641524e+03 5.21850000e+03 3.26186749e+01
v 6.06678294e+03 5.21850000e+03 3.33088216e+01
v 6.06706715e+03 5.21850000e+03 3.36441276e+01
v 6.06639731e+03 5.21850000e+03 3.42194749e+01
v 6.06644683e+03 5.21850000e+03 3.59320115e+01
v 6.06354409e+03 5.21850000e+03 3.37436040e+01
v 6.06398993e+03 5.21850000e+03 3.59291175e+01
v 6.06355540e+03 5.21850000e+03 3.35020011e+01
v 6.06646879e+03 5.21850000e+03 1.92864417e+01
v 6.08997672e+03 5.21850000e+03 1.86256681e+01
v 6.09109696e+03 5.21850000e+03 1.87224880e+01
v 6.08946591e+03 5.21850000e+03 1.83107415e+01
v 6.08922019e+03 5.21850000e+03 1.81796782e+01
v 6.09143079e+03 5.21850000e+03 1.85616698e+01
v 6.08537859e+03 5.21850000e+03 1.82114606e+01
v 6.08650826e+03 5.21850000e+03 1.81774090e+01
v 6.09235627e+03 5.21850000e+03 1.81152817e+01
v 6.08593555e+03 5.21850000e+03 1.82403326e+01
v 6.06374281e+03 5.21850000e+03 1.89352695e+01
v 6.06225000e+03 5.21850000e+03 1.87428557e+01
v 6.06379286e+03 5.21850000e+03 3.70231242e+01
v 6.06379482e+03 5.21850000e+03 3.70620286e+01
v 6.06408483e+03 5.21850000e+03 3.72326315e+01
v 6.09364431e+03 5.21850000e+03 1.80541720e+01
v 6.09400000e+03 5.21850000e+03 1.80372966e+01
vt 0.049964149 0.96304089
vt 0.05613048 0.96418858
vt 0.050009709 0.97928452
vt 0.056638286 0.99103296
vt 0.049054198 0.99574345
vt 0.061677549 0.97434372
vt 0.065946877 0.96979785
vt 0.074537598 0.95061791
vt 0.067006595 0.98546672
vt 0.062167533 0.93016917
vt 0.049689673 0.93851769
vt 0.078144245 0.92637479
vt 0.04272953 0.96245086
vt 0.053091865 0.92688859
vt 0.087202892 0.93920094
vt 0.065084189 0.91143924
vt 0.040926259 0.94529247
vt 0.085136332 0.95065355
vt 0.10198737 0.92468107
vt 0.098624922 0.9056558
vt 0.035882354 0.95725608
vt 0.043827444 0.93401659
vt 0.050099935 0.91095173
vt 0.10012363 0.93789506
vt 0.082157351 0.89318806
vt 0.038183086 0.96525425
vt 0.036418289 0.92322618
vt 0.047621075 0.92462474
vt 0.043255724 0.89197296
vt 0.098935425 0.95117176
vt 0.11786265 0.9047842
vt 0.080696106 0.87953198
vt 0.10010797 0.88592875
vt 0.043946952 0.98187667
vt 0.044013783 0.91806245
vt 0.029249201 0.94087964
vt 0.046015881 0.90763587
vt 0.078676499 0.82813364
vt 0.087855428 0.95355564
vt 0.045932025 0.98740673
vt 0.027725192 0.93640757
vt 0.027824743 0.83317697
vt 0.1072729 0.88415182
vt 0.047698267 0.97583538
vt 0.024541212 0.923208
vt 0.029761354 0.88206404
vt 0.015291844 0.81448847
vt 0.10350572 0.86987174
vt 0.095317975 0.85008854
vt 0.024136281 0.9173454
vt 0.021151166 0.83503658
vt 0.098512091 0.80344903
vt 0.10247883 0.85240763
vt 0.10662651 0.82988369
vt 0.01765161 0.90089816
vt 0.05913689 0.78487647
vt 0.012008823 0.8810631
vt 0.022975333 0.91688365
vt 0.11017712 0.85122496
vt 0.01983328 0.90714478
vt 0.028952252 0.78786516
vt 0.076842301 0.78322691
vt 0.15347652 0.80062765
vt 0.010901904 0.87709308
vt 0.11656081 0.87752122
vt 0.010957129 0.80571705
vt 0.10233891 0.78116906
vt 0.13087109 0.83813459
vt 0.12812553 0.77996701
vt 0.0085310163 0.86930931
vt 0.12965396 0.85519689
vt 0.11537586 0.89742392
vt 0.021051584 0.78900075
vt 0.15634573 0.77755105
vt 0.13308485 0.87836528
vt 0.13728334 0.89055616
vt 0.022099432 0.7859031
vt 0.0050211675 0.81013781
vt 0.18645027 0.77893704
vt 0.14945239 0.89466941
vt 0.003151445 0.81143045
vt 0.13694274 0.85366648
vt 0.23203921 0.79593253
vt 0.13789566 0.88008714
vt 0.14785552 0.87565476
vt 0.0017968108 0.84692192
vt 0.13793622 0.82774282
vt 0.23141268 0.77121115
vt 0.19207652 0.82262701
vt 0.1431807 0.85643935
vt 0.275132 0.79202914
vt 0.22377582 0.825158
vt 0.1622134 0.82424772
vt 0.15248893 0.84507811
vt 0.25565916 0.81892556
vt 0.26942128 0.76887161
vt 0.24789357 0.83220297
vt 0.21570161 0.84436214
vt 0.18421105 0.85136372
vt 0.28581908 0.81504869
vt 0.27868146 0.78838992
vt 0.22942302 0.85471559
vt 0.22311853 0.84544706
vt 0.19890408 0.84700036
vt 0.16882069 0.85735464
vt 0.1907758 0.84688902
vt 0.16110967 0.8881911
vt 0.16003241 0.85119438
vt 0.28274372 0.80356324
vt 0.28682739 0.81814605
vt 0.25425979 0.8432883
vt 0.27310079 0.76851583
vt 0.27955508 0.79158872
vt 0.24844418 0.8601886
vt 0.22204526 0.88347846
vt 0.20141457 0.89968222
vt 0.18743852 0.88137639
vt 0.15163951 0.89650822
vt 0.2623415 0.84642816
vt 0.2422895 0.87300754
vt 0.1944218 0.87689245
vt 0.18512377 0.89664471
vt 0.29263201 0.83595461
vt 0.25596353 0.88035619
vt 0.21925174 0.9090386
vt 0.18962289 0.89524299
vt 0.29281166 0.83651733
vt 0.27268502 0.86831814
vt 0.25322735 0.90077984
vt 0.19930816 0.91580832
vt 0.19550699 0.89475173
vt 0.28549856 0.88985813
vt 0.2385052 0.90029711
vt 0.21131574 0.91840804
vt 0.29312655 0.8376627
vt 0.28953177 0.87421179
vt 0.28066579 0.91718721
vt 0.23481765 0.9177146
vt 0.21678273 0.91973734
vt 0.20937568 0.92876172
vt 0.29305404 0.88742673
vt 0.27486762 0.91720462
vt 0.20005417 0.92982477
vt 0.2936312 0.83913887
vt 0.2970936 0.87694639
vt 0.26357046 0.91541588
vt 0.19666362 0.93325901
vt 0.26011518 0.93061841
vt 0.25308266 0.914711
vt 0.30264878 0.86900198
vt 0.2745949 0.93797284
vt 0.11019827 0.97583538
vt 0.10522953 0.96245086
vt 0.11863048 0.96418858
vt 0.099853091 0.5153808
vt 0.097289361 0.49682713
vt 0.10680142 0.4977749
vt 0.12710482 0.52233124
vt 0.086338684 0.51171082
vt 0.1044145 0.49101841
vt 0.10670901 0.5318166
vt 0.11332946 0.48125988
vt 0.087622523 0.49713188
vt 0.087891757 0.53092313
vt 0.10386409 0.47193056
vt 0.11597465 0.54692441
vt 0.095842935 0.54651785
vt 0.12362927 0.45435447
vt 0.077616706 0.49857551
vt 0.092637919 0.48532408
vt 0.074661538 0.51386011
vt 0.097716212 0.47944587
vt 0.12736413 0.53721416
vt 0.10348092 0.58544743
vt 0.13861348 0.47022235
vt 0.10583779 0.449305
vt 0.084522322 0.47377521
vt 0.087540366 0.56213796
vt 0.070738994 0.54963911
vt 0.10028137 0.45261139
vt 0.15176432 0.53508449
vt 0.12066153 0.58225948
vt 0.097549118 0.58460677
vt 0.13718404 0.44952834
vt 0.14478527 0.49064898
vt 0.066069625 0.50366533
vt 0.079057321 0.46627963
vt 0.096060373 0.45609879
vt 0.081377104 0.54877627
vt 0.062599584 0.52042019
vt 0.14522769 0.54686677
vt 0.16463429 0.52291059
vt 0.13622491 0.58646965
vt 0.11385573 0.59689426
vt 0.096304253 0.62425435
vt 0.15011333 0.4498961
vt 0.15096101 0.48199916
vt 0.14944625 0.50838327
vt 0.076531589 0.48252255
vt 0.07754118 0.45018011
vt 0.088633321 0.59664857
vt 0.076844625 0.58598834
vt 0.066118814 0.55668139
vt 0.14958102 0.58287597
vt 0.13307755 0.63990176
vt 0.12096935 0.63333416
vt 0.10792665 0.63568801
vt 0.09255033 0.60778201
vt 0.056850087 0.47077113
vt 0.06911651 0.48092812
vt 0.069640689 0.46541941
vt 0.070610687 0.60219598
vt 0.064237267 0.58258307
vt 0.054181106 0.54965949
vt 0.16391166 0.47728157
vt 0.17085761 0.56847775
vt 0.14494064 0.60175687
vt 0.094838783 0.66714537
vt 0.063773818 0.47661734
vt 0.054175697 0.49641144
vt 0.075707614 0.47002506
vt 0.061709166 0.44885647
vt 0.080473885 0.60530984
vt 0.05383857 0.58715093
vt 0.049506083 0.52325267
vt 0.17203256 0.49146682
vt 0.17269941 0.5456214
vt 0.16420963 0.596192
vt 0.13061409 0.69131589
vt 0.14994521 0.64213753
vt 0.11612424 0.65706873
vt 0.088372506 0.65139318
vt 0.10060793 0.68439198
vt 0.17082529 0.44823855
vt 0.087888345 0.62910289
vt 0.07156495 0.64470196
vt 0.067163572 0.60115516
vt 0.049227316 0.54567468
vt 0.040187158 0.58476484
vt 0.18282852 0.46606952
vt 0.18972188 0.52723861
vt 0.17695928 0.5854786
vt 0.16406682 0.63879585
vt 0.14456144 0.66779447
vt 0.08745572 0.68426001
vt 0.089607589 0.69480324
vt 0.049975064 0.46110332
vt 0.037446942 0.5043602
vt 0.0623101 0.6356076
vt 0.034560479 0.53999853
vt 0.052901249 0.63601601
vt 0.17119558 0.60268199
vt 0.14995462 0.69019759
vt 0.10882732 0.69123602
vt 0.080912411 0.65483892
vt 0.095084816 0.70510924
vt 0.18720798 0.44783604
vt 0.046287321 0.45007628
vt 0.042521976 0.49690032
vt 0.040302224 0.63560474
vt 0.19124053 0.48363525
vt 0.19931754 0.57031286
vt 0.18056396 0.604617
vt 0.14338313 0.70895362
vt 0.13377301 0.70270163
vt 0.07942865 0.70308506
vt 0.071817353 0.69248736
vt 0.08735121 0.70156908
vt 0.20075791 0.45324314
vt 0.039581642 0.46407771
vt 0.024449669 0.54402447
vt 0.042615417 0.47238034
vt 0.066802464 0.65880001
vt 0.060771964 0.68640912
vt 0.029216759 0.58473122
vt 0.047798697 0.6633935
vt 0.17348047 0.67025769
vt 0.21106279 0.47369283
vt 0.20104533 0.4942643
vt 0.19980407 0.54572642
vt 0.19409633 0.59162933
vt 0.1789086 0.64358282
vt 0.15935272 0.70260084
vt 0.11527413 0.7096613
vt 0.10878264 0.74280083
vt 0.03549546 0.45463258
vt 0.0058824248 0.51719207
vt 0.053822804 0.4733724
vt 0.037117656 0.68891191
vt 0.026933568 0.63940728
vt 0.17274073 0.65612924
vt 0.18526973 0.69092143
vt 0.20800793 0.51857841
vt 0.2067485 0.54014206
vt 0.21694508 0.59831905
vt 0.19309838 0.64034528
vt 0.13650833 0.74270737
vt 0.15232286 0.73777854
vt 0.12067104 0.73529637
vt 0.08340209 0.74179661
vt 0.06995713 0.70147169
vt 0.20821618 0.44860864
vt 0.029892571 0.47479028
vt 0.028732648 0.45034015
vt 0.0058154222 0.51762748
vt 0.0058923885 0.51696861
vt 0.016649956 0.5875262
vt 0.02505333 0.59772325
vt 0.21968652 0.5497219
vt 0.19940484 0.60537946
vt 0.17325535 0.72350442
vt 0.1802119 0.7015413
vt 0.082438767 0.70195961
vt 0.22147779 0.45157558
vt 0.015298165 0.53934908
vt 0.015290983 0.5062952
vt 0.029864287 0.48832142
vt 0.047190133 0.70804977
vt 0.0247915 0.65417814
vt 0.014260228 0.63196218
vt 0.21534298 0.49522853
vt 0.21812418 0.5216341
vt 0.22255656 0.58418918
vt 0.20601378 0.63744956
vt 0.20042785 0.65662289
vt 0.16629919 0.74584842
vt 0.19287151 0.70208514
vt 0.065243378 0.70348978
vt 0.22621085 0.4972465
vt 0.0058427518 0.51788068
vt 0.0040952777 0.50006497
vt 0.024856949 0.48942304
vt 0.0072802999 0.54549015
vt 0.04098431 0.74110091
vt 0.014529912 0.67262125
vt 0.21639894 0.63663077
vt 0.21346778 0.69229984
vt 0.18256548 0.74077845
vt 0.058371186 0.74096644
vt 0.23033224 0.45111459
vt 0.0031584557 0.49809897
vt 0.014876937 0.48412377
vt 0.0080787111 0.59687924
vt 0.0029627925 0.58079135
vt 0.029516859 0.47918063
vt 0.030334681 0.7039026
vt 0.01658625 0.69248325
vt 0.0077936244 0.65286732
vt 0.22274867 0.6710164
vt 0.21823917 0.67295736
vt 0.21019353 0.74477696
vt 0.20084734 0.7142337
vt 0.23199296 0.4883672
vt 0.005657149 0.51840514
vt 0.022976477 0.465137
vt 0.0036863436 0.63509846
vt 0.0029631224 0.58461827
vt 0.0032594658 0.58392715
vt 0.0026290705 0.53974032
vt 0.02143936 0.7346561
vt 0.0066563017 0.68908566
vt 0.0028453316 0.67010128
vt 0.0033310172 0.63685095
vt 0.22751863 0.52169049
vt 0.226316 0.64112067
vt 0.21909654 0.70697707
vt 0.24318828 0.4752174
vt 0.012386195 0.47225142
vt 0.014239973 0.46471041
vt 0.0033187272 0.63226932
vt 0.011409309 0.73966873
vt 0.024709348 0.70589697
vt 0.0065620248 0.68655455
vt 0.0082074795 0.70371115
vt 0.0049407254 0.68112385
vt 0.22316501 0.55078542
vt 0.2264815 0.59483957
vt 0.23306051 0.66148114
vt 0.24375439 0.45185709
vt 0.24029393 0.49655914
vt 0.0028919172 0.49759096
vt 0.00580082 0.69094622
vt 0.23346025 0.55337465
vt 0.24084827 0.55413008
vt 0.23303306 0.60466981
vt 0.23325029 0.6954807
vt 0.23962912 0.64450169
vt 0.22526097 0.71172661
vt 0.24487279 0.51878357
vt 0.00291867 0.46316934
vt 0.0027298059 0.69504654
vt 0.0046175201 0.73512518
vt 0.24055766 0.59976876
vt 0.23377594 0.69701499
vt 0.23197095 0.74184644
vt 0.2487205 0.50031412
vt 0.0026760453 0.47803462
vt 0.0029988524 0.72178197
vt 0.24790703 0.59961498
vt 0.24133104 0.6943711
vt 0.24759831 0.74499214
vt 0.24726413 0.54358256
vt 0.0023745066 0.46191829
vt 0.24784774 0.63826782
vt 0.24759817 0.6773265
vt 0.23543128 0.70663095
vt 0.25208914 0.50278938
vt 0.25099513 0.55462044
vt 0.25093192 0.59809256
vt 0.24856855 0.69506776
vt 0.24245358 0.70741367
vt 0.25062457 0.54115438
vt 0.25086042 0.54148364
vt 0.25026286 0.63110948
vt 0.25034079 0.64143419
vt 0.25007915 0.69142783
vt 0.24691239 0.71141833
vt 0.2504285 0.63434744
vt 0.25153747 0.67477167
vt 0.25029761 0.64006746
vt 0.25094613 0.68105739
vt 0.25020319 0.69760203
vt 0.25188389 0.7054112
vt 0.25232249 0.71963131
vt 0.25154412 0.73994005
vt 0.25121358 0.74486923
vt 0.20743877 0.95195961
vt 0.20680504 0.93832093
vt 0.22008482 0.95510924
vt 0.1997941 0.94279969
vt 0.19024338 0.95348978
vt 0.21047647 0.215137
vt 0.21894597 0.20807427
vt 0.21701686 0.22918063
vt 0.37191239 0.71141833
vt 0.37259832 0.74499214
vt 0.35877594 0.69701499
vt 0.30901062 0.23881161
vt 0.28417146 0.19475096
vt 0.31159371 0.19461966
vt 0.31794867 0.25755864
vt 0.2945669 0.23004699
vt 0.29121318 0.15789884
vt 0.3261666 0.20190746
vt 0.27973467 0.20968664
vt 0.28412458 0.15454739
vt 0.31617525 0.1849041
vt 0.33789742 0.2267831
vt 0.27683595 0.19960725
vt 0.25633147 0.17690337
vt 0.29943129 0.16448158
vt 0.33165526 0.19189459
vt 0.33493242 0.28186899
vt 0.26593891 0.13238442
vt 0.33694664 0.19570392
vt 0.35141414 0.29455584
vt 0.26834416 0.20545048
vt 0.25622693 0.10653657
vt 0.33198553 0.17268294
vt 0.35276657 0.20842981
vt 0.35911745 0.24592334
vt 0.25034699 0.10789973
vt 0.37288612 0.26813608
vt 0.23779973 0.12204611
vt 0.35148746 0.19162536
vt 0.36153445 0.21888399
vt 0.37733695 0.26306272
vt 0.36995238 0.31639874
vt 0.24179819 0.16165
vt 0.23675875 0.10022777
vt 0.37966019 0.16761947
vt 0.36616027 0.21666765
vt 0.36283341 0.23217183
vt 0.38847467 0.28611439
vt 0.36055043 0.3146981
vt 0.2279166 0.14620119
vt 0.24429779 0.10022271
vt 0.22923316 0.10023218
vt 0.34329215 0.12351638
vt 0.364526 0.24951172
vt 0.39121926 0.25790656
vt 0.39580056 0.30923063
vt 0.21726274 0.11756718
vt 0.30214843 0.13156849
vt 0.37142172 0.10622662
vt 0.37924159 0.23415923
vt 0.37337914 0.23741823
vt 0.39293516 0.27095288
vt 0.3799839 0.24296647
vt 0.37949476 0.33482349
vt 0.39478284 0.27997649
vt 0.22079398 0.10023797
vt 0.30995336 0.10018218
vt 0.36826751 0.10014457
vt 0.39104995 0.12706769
vt 0.39656904 0.25704217
vt 0.39368573 0.35194194
vt 0.40564579 0.31305456
vt 0.21184285 0.10024357
vt 0.33825463 0.1001637
vt 0.34708041 0.10015833
vt 0.37018633 0.10014194
vt 0.40562221 0.17015755
vt 0.38479248 0.10226691
vt 0.40563521 0.24982387
vt 0.40564835 0.33044147
vt 0.38299593 0.35328555
vt 0.40564328 0.29500073
vt 0.20644493 0.1238991
vt 0.34260574 0.1001606
vt 0.37417513 0.1001361
vt 0.40561914 0.15249318
vt 0.40562722 0.20166415
vt 0.38553551 0.10012937
vt 0.40563813 0.26751882
vt 0.40565297 0.35727167
vt 0.39604807 0.36464804
vt 0.20809087 0.10024285
vt 0.2089076 0.14346075
vt 0.40561512 0.12699825
vt 0.38292643 0.10012937
vt 0.39276862 0.10012937
vt 0.40563864 0.27202094
vt 0.40565264 0.36312658
vt 0.4015196 0.36282742
vt 0.40564018 0.27805811
vt 0.20424813 0.10024446
vt 0.40283182 0.10012347
vt 0.20014906 0.10913205
vt 0.40561077 0.10012186
vt 0.40565321 0.36834782
vt 0.19508792 0.12264478
vt 0.20047329 0.10024583
vt 0.40565291 0.37106413
vt 0.18954492 0.10132819
vt 0.1905143 0.10024834
vt 0.18930382 0.10024929
vt 0.15046982 0.24095255
vt 0.098821595 0.23490697
vt 0.12104916 0.23399365
vt 0.15143506 0.29154181
vt 0.11006676 0.28531969
vt 0.18734847 0.26930755
vt 0.12637678 0.31822366
vt 0.076541275 0.23527688
vt 0.1924189 0.24375039
vt 0.18081124 0.28980219
vt 0.14936545 0.30714351
vt 0.11516561 0.32581979
vt 0.061056141 0.27981389
vt 0.19654444 0.26491207
vt 0.16812134 0.31890911
vt 0.15395467 0.30683136
vt 0.14136918 0.33234972
vt 0.10787916 0.30532557
vt 0.12657021 0.35366094
vt 0.040879909 0.2475704
vt 0.074305847 0.30138648
vt 0.2008533 0.25338435
vt 0.20626657 0.28478575
vt 0.1931989 0.31045604
vt 0.157245 0.31731576
vt 0.15140399 0.33695638
vt 0.13422768 0.34992695
vt 0.1070833 0.32190555
vt 0.087009601 0.31072778
vt 0.12098463 0.35369986
vt 0.046654746 0.287247
vt 0.052098028 0.23113978
vt 0.061831802 0.30522257
vt 0.21111952 0.25441658
vt 0.21116762 0.30440384
vt 0.17636238 0.34126174
vt 0.150556 0.3455444
vt 0.14152139 0.34811062
vt 0.10051167 0.36094296
vt 0.100872 0.32222742
vt 0.098473154 0.30894154
vt 0.13910209 0.36699659
vt 0.046072256 0.32119197
vt 0.031027334 0.27653074
vt 0.075952895 0.31914306
vt 0.055472057 0.31936133
vt 0.069429383 0.32037437
vt 0.21716091 0.28199023
vt 0.16299467 0.32755858
vt 0.19261374 0.34668738
vt 0.16633463 0.35242975
vt 0.21046892 0.32360941
vt 0.15740171 0.3303082
vt 0.1389537 0.3555578
vt 0.096727692 0.33608735
vt 0.096159339 0.32859331
vt 0.11541542 0.37097186
vt 0.12617837 0.36906278
vt 0.041975375 0.29513597
vt 0.020947337 0.2748
vt 0.0800808 0.33404481
vt 0.062763982 0.31916881
vt 0.19654527 0.33017647
vt 0.18766864 0.35809058
vt 0.17453077 0.35937744
vt 0.14772639 0.3571043
vt 0.035734147 0.29615396
vt 0.012261065 0.28356022
vt 0.076391481 0.33812004
vt 0.062291503 0.337466
vt 0.20219709 0.35158926
vt 0.19287877 0.36651474
vt 0.17517237 0.3567059
vt 0.20418967 0.33425999
vt 0.14173906 0.36109126
vt 0.026638474 0.32185572
vt 0.20314527 0.36500937
vt 0.079827249 0.3475312
vt 0.0037880191 0.28710175
vt 0.20904629 0.36654198
vt 0.21422163 0.35694116
vt 0.095350668 0.34805644
vt 0.0034115475 0.29213411
vt 0.086080387 0.34918153
vt 0.0071112108 0.30426037
vt 0.0020602625 0.28717822
vt 0.092335664 0.35684419
vt 0.0087738587 0.31059867
vt 0.010862929 0.31417233
vt 0.019204788 0.33624089
vt 0.010048013 0.3153621
vt 0.010252244 0.33169806
vt 0.010428334 0.33631706
vt 0.46173564 0.75804478
vt 0.47506246 0.76097429
vt 0.46444905 0.77587223
vt 0.44610268 0.78412169
vt 0.47745603 0.72564828
vt 0.47711945 0.78082293
vt 0.44146806 0.7265631
vt 0.46075112 0.79170066
vt 0.46574095 0.73001939
vt 0.48799932 0.74602997
vt 0.47521299 0.79137564
vt 0.49375865 0.77892131
vt 0.43727797 0.74662054
vt 0.45625401 0.72747147
vt 0.45192322 0.80439681
vt 0.49588811 0.72521567
vt 0.48004031 0.80454564
vt 0.48728195 0.79922265
vt 0.42851272 0.72905004
vt 0.42039707 0.78197443
vt 0.47029811 0.79986453
vt 0.46058473 0.80029714
vt 0.44863397 0.81458551
vt 0.4952262 0.83460182
vt 0.43534893 0.80542356
vt 0.46441868 0.80484939
vt 0.44875509 0.83734673
vt 0.50664335 0.73827708
vt 0.47528526 0.81309736
vt 0.48487541 0.83009887
vt 0.50629777 0.80244052
vt 0.41781321 0.72338986
vt 0.43270823 0.83431989
vt 0.46206754 0.83043796
vt 0.51410455 0.7280975
vt 0.51500267 0.77700549
vt 0.48738325 0.85467458
vt 0.51419342 0.83032107
vt 0.41374135 0.74838948
vt 0.42039827 0.84931374
vt 0.4580982 0.85210401
vt 0.43538332 0.86466485
vt 0.47295672 0.8496303
vt 0.49657562 0.88788521
vt 0.47838873 0.85718662
vt 0.50693578 0.84657806
vt 0.40905979 0.78199267
vt 0.4074575 0.74056196
vt 0.40931803 0.8289361
vt 0.44914863 0.86366725
vt 0.52245015 0.72955728
vt 0.48504737 0.88449329
vt 0.47793242 0.88760644
vt 0.52585739 0.83847779
vt 0.51503825 0.88249654
vt 0.39587119 0.76779664
vt 0.43029013 0.88565189
vt 0.4062613 0.8514353
vt 0.47022548 0.86607432
vt 0.46280062 0.86122894
vt 0.52729577 0.77856624
vt 0.48719868 0.90015566
vt 0.53046113 0.79849809
vt 0.40084034 0.8158198
vt 0.39406437 0.79797906
vt 0.41157481 0.885952
vt 0.46185514 0.88666654
vt 0.44867688 0.89475662
vt 0.53027242 0.73258543
vt 0.49697301 0.94188005
vt 0.4800292 0.91087878
vt 0.4741542 0.90343946
vt 0.50719273 0.89714015
vt 0.52848619 0.88621086
vt 0.54112226 0.82821047
vt 0.4149833 0.94216776
vt 0.40036696 0.8609907
vt 0.394833 0.83215255
vt 0.43567848 0.90492928
vt 0.5308705 0.76223761
vt 0.54212958 0.77287316
vt 0.45356789 0.90345782
vt 0.5140571 0.94414437
vt 0.53061301 0.85538089
vt 0.53036433 0.90117919
vt 0.39284471 0.81427592
vt 0.43376252 0.93655038
vt 0.40831789 0.90221566
vt 0.39803973 0.89225376
vt 0.39064077 0.85482311
vt 0.44747955 0.91636491
vt 0.54164022 0.72849351
vt 0.47826505 0.94624394
vt 0.46679068 0.91386318
vt 0.5298025 0.93761522
vt 0.54241747 0.88597262
vt 0.42593527 0.99412465
vt 0.39612812 0.93001485
vt 0.39158896 0.86553311
vt 0.38978019 0.83806562
vt 0.48779443 0.96142185
vt 0.47138357 0.91795081
vt 0.50820369 0.9520424
vt 0.52952898 0.98246688
vt 0.54245949 0.91561401
vt 0.40957487 0.96502918
vt 0.43558916 0.96296877
vt 0.39360985 0.96900278
vt 0.39862886 0.90491843
vt 0.38642308 0.88772821
vt 0.44557679 0.96555847
vt 0.5471437 0.7444008
vt 0.47687835 0.99346697
vt 0.49643427 0.98347211
vt 0.45700833 0.94635892
vt 0.51523972 0.97721297
vt 0.53560758 0.97835147
vt 0.54153854 0.95048994
vt 0.4042502 0.99654245
vt 0.44758457 0.99087602
vt 0.3779318 0.93556231
vt 0.39179248 0.91693872
vt 0.39083701 0.90644288
vt 0.38792759 0.90056604
vt 0.38039568 0.86188531
vt 0.54762387 0.73410821
vt 0.45905587 0.97814429
vt 0.45944366 0.91495067
vt 0.54331839 0.96914357
vt 0.53906071 0.98596597
vt 0.51812822 0.99089944
vt 0.37953237 0.91702563
vt 0.37874281 0.95594436
vt 0.38423818 0.89636636
vt 0.37740803 0.89049315
vt 0.38014469 0.9951036
vt 0.37843823 0.92596799
vt 0.37814552 0.96754956
vt 0.37995493 0.98462933
vt 0.37825689 0.9754864
vt 0.38116288 0.89405596
vt 0.37959266 0.98291081
vt 0.57671601 0.88973749
vt 0.57446694 0.93247008
vt 0.56484365 0.92927986
vt 0.56484216 0.91773903
vt 0.59896636 0.91551185
vt 0.576877 0.96440822
vt 0.61330271 0.89620125
vt 0.5871731 0.93296176
vt 0.56484377 0.93746674
vt 0.58842993 0.95759505
vt 0.60202718 0.94604194
vt 0.6128087 0.85291684
vt 0.56484401 0.96269763
vt 0.59644145 0.99671203
vt 0.61942023 0.96665388
vt 0.59481126 0.83925283
vt 0.62335181 0.87259597
vt 0.56810695 0.98311186
vt 0.58982831 0.99671978
vt 0.60791785 0.99671
vt 0.64833003 0.93509728
vt 0.60987043 0.83541483
vt 0.63289279 0.85486543
vt 0.63995922 0.89627904
vt 0.56484431 0.966313
vt 0.56950599 0.99065948
vt 0.57555962 0.9967258
vt 0.63697672 0.99670196
vt 0.6174764 0.81946599
vt 0.59940809 0.82688349
vt 0.56484509 0.9722836
vt 0.56486714 0.9889884
vt 0.62604839 0.99670911
vt 0.66183472 0.90415192
vt 0.65546519 0.99668968
vt 0.63688117 0.83502364
vt 0.64074355 0.85121757
vt 0.56589127 0.98630524
vt 0.56992221 0.9967317
vt 0.56484532 0.98895234
vt 0.67195565 0.89174241
vt 0.65604073 0.87182659
vt 0.6594429 0.95667267
vt 0.62504429 0.80413097
vt 0.67122447 0.98680985
vt 0.61883527 0.79990345
vt 0.63515413 0.81578183
vt 0.69448382 0.99666899
vt 0.66614515 0.99667978
vt 0.68837357 0.94217682
vt 0.67755741 0.99667704
vt 0.67412651 0.99667811
vt 0.70883918 0.97013438
vt 0.69038177 0.91439462
vt 0.71072543 0.9966566
vt 0.70302731 0.93063092
vt 0.72434241 0.95427829
vt 0.71457595 0.94385105
vt 0.72757798 0.98202956
vt 0.73161936 0.96904033
vt 0.7269665 0.99664223
vt 0.75234467 0.98092812
vt 0.75560695 0.98311186
vt 0.75234532 0.98895234
vt 0.92562109 0.79314286
vt 0.94022572 0.7887491
vt 0.92553401 0.79381764
vt 0.94043696 0.77277762
vt 0.93080074 0.79935104
vt 0.92757833 0.77722657
vt 0.94621718 0.7878288
vt 0.92531651 0.79429984
vt 0.93442172 0.83226359
vt 0.92540115 0.76362664
vt 0.94489503 0.77648246
vt 0.94602722 0.79715645
vt 0.92550284 0.79606521
vt 0.92748314 0.75912356
vt 0.94437617 0.7725637
vt 0.94620472 0.82233632
vt 0.92563403 0.83206564
vt 0.92515212 0.75782508
vt 0.94448262 0.74764204
vt 0.94472945 0.76609915
vt 0.94618827 0.84640509
vt 0.92687094 0.84144604
vt 0.92535472 0.75606531
vt 0.92832714 0.74462783
vt 0.94609517 0.86863297
vt 0.92605364 0.84050822
vt 0.92990357 0.85011017
vt 0.92409045 0.74538398
vt 0.94489175 0.74763942
vt 0.94063997 0.7308743
vt 0.93554801 0.87258685
vt 0.92686647 0.89017004
vt 0.94490665 0.74639988
vt 0.94485188 0.74571621
vt 0.92834204 0.72491586
vt 0.9240821 0.72325766
vt 0.94631964 0.88739872
vt 0.92577082 0.88248706
vt 0.94648778 0.72059989
vt 0.92415559 0.71681404
vt 0.94348466 0.90295959
vt 0.9257654 0.89100027
vt 0.94573981 0.71525407
vt 0.94599277 0.90271527
vt 0.93214959 0.9128269
vt 0.94529015 0.71320057
vt 0.942931 0.94408262
vt 0.92458051 0.90472317
vt 0.94508356 0.71225697
vt 0.94420379 0.940162
vt 0.92544103 0.9286921
vt 0.92542827 0.71251357
vt 0.94413888 0.94392049
vt 0.92814666 0.94517291
vt 0.94454843 0.94618708
vt 0.93300283 0.95875353
vt 0.94175076 0.95476574
vt 0.92559695 0.9523446
vt 0.94678688 0.95704621
vt 0.92424834 0.95811582
vt 0.93835932 0.99327993
vt 0.93237245 0.97925055
vt 0.94668579 0.97831076
vt 0.92454714 0.97043169
vt 0.92611706 0.97598374
vt 0.94554108 0.99431235
vt 0.92636615 0.99408031
vt 0.94555789 0.99522567
vt 0.92632943 0.99576479
vt 0.94556904 0.99583358
vt 0.77316493 0.70502794
vt 0.7626304 0.65619451
vt 0.77309287 0.69580603
vt 0.75148207 0.71081924
vt 0.76894319 0.67018193
vt 0.76876813 0.72242999
vt 0.73900563 0.66880548
vt 0.77159643 0.68431777
vt 0.77208501 0.71339464
vt 0.76432705 0.75871849
vt 0.73111802 0.68570495
vt 0.73372281 0.65418577
vt 0.77117175 0.67327613
vt 0.77155739 0.72968662
vt 0.74711663 0.7552157
vt 0.73266757 0.71931404
vt 0.72608984 0.68053365
vt 0.7456392 0.60427964
vt 0.76017231 0.79595578
vt 0.74294651 0.71972179
vt 0.7736209 0.75970376
vt 0.72252709 0.70536184
vt 0.71644437 0.65377796
vt 0.71711254 0.61269122
vt 0.75513875 0.60012376
vt 0.74310875 0.77676028
vt 0.76739442 0.78149402
vt 0.77188236 0.77571297
vt 0.72010446 0.71809918
vt 0.72089791 0.69063193
vt 0.71521097 0.68541288
vt 0.72469193 0.5994066
vt 0.76881802 0.61997378
vt 0.74243253 0.81538844
vt 0.73202878 0.77019662
vt 0.76753843 0.81666583
vt 0.73139447 0.73910332
vt 0.7249257 0.73703587
vt 0.71334302 0.70819688
vt 0.71185762 0.62541425
vt 0.77337044 0.60283375
vt 0.77202702 0.62061095
vt 0.7331903 0.79267192
vt 0.69856966 0.6428985
vt 0.77196801 0.61540413
vt 0.77366048 0.64400321
vt 0.75839776 0.86332119
vt 0.72609156 0.83371317
vt 0.72157842 0.75672299
vt 0.72674561 0.78802216
vt 0.7732144 0.79677945
vt 0.71391582 0.74054039
vt 0.70062846 0.70011175
vt 0.70138353 0.6140725
vt 0.76784456 0.83441913
vt 0.74430275 0.83538163
vt 0.71775872 0.8091855
vt 0.71920568 0.76686823
vt 0.7732076 0.82102978
vt 0.69927698 0.75442904
vt 0.69091469 0.64600635
vt 0.69375551 0.6222347
vt 0.71236616 0.60287285
vt 0.77136791 0.83453518
vt 0.77261913 0.84530711
vt 0.73264295 0.86038035
vt 0.71766728 0.79172945
vt 0.71250463 0.76397598
vt 0.69628096 0.72521752
vt 0.69041747 0.70141578
vt 0.693703 0.60685873
vt 0.70136517 0.6022346
vt 0.77535665 0.86298269
vt 0.72357953 0.87115753
vt 0.71093279 0.79203594
vt 0.69085449 0.75905657
vt 0.68910164 0.61656868
vt 0.77058142 0.87026376
vt 0.72069788 0.865017
vt 0.6959843 0.78050083
vt 0.70415533 0.86746556
vt 0.69660556 0.79871327
vt 0.69037914 0.78862482
vt 0.72104055 0.84054363
vt 0.69560075 0.83820146
vt 0.69049585 0.82364744
vt 0.69287765 0.85981059
vt 0.69050288 0.84205043
vt 0.63219404 0.71872365
vt 0.6235041 0.71376526
vt 0.62737149 0.69885314
vt 0.62741137 0.67057985
vt 0.61767942 0.70429659
vt 0.61802733 0.69131112
vt 0.64210922 0.70344836
vt 0.61203504 0.73255777
vt 0.60895723 0.70504022
vt 0.64270276 0.70277417
vt 0.64228994 0.70405114
vt 0.5999257 0.70243633
vt 0.64981931 0.68039477
vt 0.64256966 0.70320624
vt 0.63671553 0.72224367
vt 0.60531884 0.73606247
vt 0.58993924 0.73280418
vt 0.61375999 0.66869891
vt 0.64893085 0.65142792
vt 0.60094565 0.74548048
vt 0.58487099 0.70659345
vt 0.59998602 0.67587864
vt 0.65397912 0.66810721
vt 0.58520234 0.71705854
vt 0.60547698 0.66671503
vt 0.64038652 0.62630451
vt 0.65675044 0.66283762
vt 0.59171587 0.67678559
vt 0.60142553 0.64494193
vt 0.61896729 0.6549499
vt 0.65970081 0.6241284
vt 0.65547526 0.65007544
vt 0.58639443 0.65337718
vt 0.59408659 0.62076247
vt 0.60555959 0.6395753
vt 0.62064999 0.63164806
vt 0.67769015 0.59223831
vt 0.65879053 0.65715468
vt 0.58359528 0.66823131
vt 0.58742017 0.62361932
vt 0.60206562 0.62090695
vt 0.61257237 0.63584942
vt 0.61627281 0.61360729
vt 0.67571014 0.59853381
vt 0.67914945 0.58728945
vt 0.65997314 0.64645362
vt 0.66103446 0.65078557
vt 0.58772087 0.68244445
vt 0.56738168 0.67642343
vt 0.60152215 0.5946092
vt 0.61075813 0.61494076
vt 0.61556494 0.62362409
vt 0.63185263 0.5903461
vt 0.6670534 0.62667727
vt 0.66680491 0.58419317
vt 0.66384912 0.63772476
vt 0.58076513 0.69180268
vt 0.57816678 0.63413978
vt 0.6128391 0.59660202
vt 0.64169925 0.59455943
vt 0.66264421 0.6442951
vt 0.57229179 0.69870895
vt 0.56472385 0.66041839
vt 0.57678735 0.70308155
vt 0.5815227 0.69898295
vt 0.77679044 0.88856041
vt 0.77746731 0.91353989
vt 0.7686041 0.89880013
vt 0.75797945 0.88736367
vt 0.79126221 0.90667152
vt 0.7696659 0.92326766
vt 0.76263088 0.91207957
vt 0.79128605 0.93412697
vt 0.80767369 0.91013354
vt 0.7739774 0.92910403
vt 0.75198829 0.89830989
vt 0.80695695 0.91999471
vt 0.77870029 0.93649012
vt 0.77869874 0.87414372
vt 0.80914015 0.95412463
vt 0.78772533 0.94628048
vt 0.80433929 0.96194243
vt 0.81514645 0.95792049
vt 0.79261488 0.94754404
vt 0.81061536 0.97327566
vt 0.83495903 0.95673436
vt 0.78976882 0.96085286
vt 0.80027252 0.97459233
vt 0.8273747 0.98326433
vt 0.83664477 0.97470826
vt 0.82221895 0.99690539
vt 0.84043837 0.95663923
vt 0.83548737 0.99487305
vt 0.84727615 0.9784382
vt 0.84138536 0.98822916
vt 0.84555775 0.96251297
vt 0.88553101 0.89203244
vt 0.871041 0.89031279
vt 0.88516873 0.87705815
vt 0.90232271 0.87054658
vt 0.87990767 0.91358411
vt 0.90022326 0.85482711
vt 0.9008292 0.89483225
vt 0.86676174 0.90572572
vt 0.88570493 0.9086256
vt 0.90919322 0.86145169
vt 0.90790653 0.88231063
vt 0.86783719 0.91585743
vt 0.84708458 0.92492253
vt 0.84653455 0.92789257
vt 0.87316853 0.93056357
vt 0.85876191 0.87075192
vt 0.91213012 0.87243474
vt 0.84631228 0.93060625
vt 0.859851 0.93382537
vt 0.85113102 0.93379265
vt 0.84600258 0.93423516
vt 0.30000377 0.95177382
vt 0.31333411 0.98603457
vt 0.29861012 0.98533475
vt 0.29682425 0.96696955
vt 0.31491014 0.9198643
vt 0.2925806 0.97879505
vt 0.28708258 0.94953138
vt 0.30626836 0.92553926
vt 0.32405427 0.95106757
vt 0.28904191 0.96696639
vt 0.28715563 0.94933689
vt 0.29884961 0.94092333
vt 0.32270396 0.97642756
vt 0.28722486 0.94910651
vt 0.2870017 0.94971526
vt 0.2956616 0.92587471
vt 0.32681644 0.98686695
vt 0.32263505 0.98651004
vt 0.28305486 0.96018457
vt 0.29218483 0.93428677
vt 0.29813689 0.91892958
vt 0.32908103 0.96525896
vt 0.31537935 0.99615562
vt 0.34020764 0.96676522
vt 0.3238571 0.99335009
vt 0.33659452 0.97636801
vt 0.01060294 0.95798665
vt 0.0048022768 0.95404929
vt 0.012630558 0.93059409
vt 0.0073090093 0.97209948
vt 0.0044872547 0.92625332
vt 0.0050544008 0.96775466
vt 0.0059722643 0.90618777
vt 0.00466645 0.97497237
vt 0.0045120106 0.92102408
vt 0.016360153 0.8960672
vt 0.0044667823 0.9792034
vt 0.0045452444 0.91217542
vt 0.0091056144 0.8857587
vt 0.010672086 0.98700792
vt 0.004299216 0.9026919
vt 0.0056039658 0.99539441
vt 0.0018565536 0.88558382
vt 0.19435781 0.97689283
vt 0.19715083 0.95874411
vt 0.21319591 0.95516318
vt 0.20671944 0.96984714
vt 0.18085591 0.98849571
vt 0.21385284 0.96331203
vt 0.20310041 0.9881134
vt 0.19387424 0.9967857
vt 0.17847858 0.97405601
vt 0.21146014 0.97274613
vt 0.21557178 0.95902497
vt 0.20862804 0.98179871
vt 0.17349212 0.98107696
vt 0.13088113 0.97018504
vt 0.12037283 0.97298503
vt 0.12371583 0.95242518
vt 0.13224842 0.94162744
vt 0.11892544 0.99586731
vt 0.12250891 0.93290573
vt 0.1202353 0.92053044
vt 0.13091172 0.92500067
vt 0.12612474 0.92626327
vt 0.25102326 0.9720251
vt 0.25439855 0.95776767
vt 0.2584565 0.97731262
vt 0.2560252 0.98637235
vt 0.2421336 0.97011733
vt 0.25064307 0.99637979
vt 0.24149993 0.98191583
vt 0.23363936 0.98127311
vt 0.23875888 0.99274486
vt 0.23564614 0.96474969
vt 0.2257767 0.98976094
vt 0.22022331 0.96992826
vt 0.2227166 0.98020619
vt 0.76907355 0.96841753
vt 0.78428662 0.97430307
vt 0.78144008 0.98707265
vt 0.76786208 0.98504382
vt 0.79159623 0.97993708
vt 0.77210104 0.9913494
vt 0.78370923 0.99441594
vt 0.79649419 0.99578756
vt 0.79938418 0.98762244
vt 0.80173987 0.97742158
vt 0.87767965 0.97160888
vt 0.88296306 0.98611987
vt 0.87729698 0.98979533
vt 0.8653869 0.9790324
vt 0.88608944 0.97351331
vt 0.86692482 0.99558067
vt 0.8581515 0.9960621
vt 0.85369653 0.98195463
vt 0.9007442 0.97583401
vt 0.89226675 0.97534901
vt 0.89756811 0.95981318
vt 0.91113389 0.98588538
vt 0.91608202 0.97728091
vt 0.91853774 0.98676521
vt 0.89832717 0.95706308
vt 0.91824335 0.99566865
vt 0.92421842 0.9867925
vt 0.90402871 0.95404959
vt 0.91995263 0.97112072
vt 0.90841985 0.95365703
vt 0.91487449 0.95854628
vt 0.92394722 0.96334761
vt 0.91090405 0.95388937
vt 0.91807479 0.95201063
vt 0.91351718 0.95337468
vt 0.92336297 0.95477581
vt 0.91406584 0.95338905
vt 0.025101878 0.9638626
vt 0.024395857 0.99529028
vt 0.017746639 0.96314651
vt 0.017385887 0.93552488
vt 0.033327751 0.95569265
vt 0.034612976 0.99612677
vt 0.026250221 0.95491123
vt 0.025334977 0.93547851
vt 0.0784273 0.99258995
vt 0.071993463 0.98772818
vt 0.085244842 0.97798562
vt 0.086055532 0.99659151
vt 0.092586733 0.98112017
vt 0.095778577 0.9960565
vt 0.10223051 0.99043679
vt 0.95080751 0.97961998
vt 0.9714607 0.97647578
vt 0.95417416 0.99698424
vt 0.94730824 0.99220759
vt 0.9675985 0.9922719
vt 0.97306222 0.99459428
vt 0.97735214 0.9819656
vt 0.065071516 0.99232793
vt 0.05664634 0.99685055
vt 0.084047228 0.97496998
vt 0.27344844 0.98301381
vt 0.28519949 0.97934586
vt 0.29410234 0.99533683
vt 0.27503043 0.96614373
vt 0.267171 0.95764893
vt 0.98721749 0.9831208
vt 0.99146307 0.9897058
vt 0.98043036 0.98998028
vt 0.99155205 0.96787196
vt 0.98378921 0.99550498
vt 0.97950757 0.9804799
vt 0.99572563 0.98447984
vt 0.98739856 0.96523696
vt 0.97115165 0.95827556
vt 0.97282851 0.97322917
vt 0.54863685 0.99144661
vt 0.55378097 0.97445732
vt 0.55763572 0.99490291
vt 0.55014366 0.96861988
vt 0.55614835 0.94986773
vt 0.5515821 0.94787651
vt 0.56272167 0.98541498
vt 0.5628441 0.97165829
vt 0.56114173 0.99669278
vt 0.5616399 0.95008796
vt 0.56108296 0.99695998
vt 0.16543466 0.96530545
vt 0.15245168 0.9546327
vt 0.15376636 0.94932997
vt 0.1658164 0.95140499
vt 0.14248954 0.93294936
vt 0.16112086 0.94088167
vt 0.14750886 0.93032748
vt 0.22097424 0.94834644
vt 0.22451021 0.93058109
vt 0.23435293 0.95297652
vt 0.2301645 0.95989573
vt 0.23324637 0.9267565
vt 0.24354558 0.96451735
vt 0.22509506 0.9642536
vt 0.24303256 0.95236635
vt 0.74335021 0.97021985
vt 0.75104719 0.98671305
vt 0.73497736 0.98846799
vt 0.72802985 0.98005366
vt 0.73617458 0.99650186
vt 0.11547037 0.98158729
vt 0.10981198 0.99074191
vt 0.095336102 0.99609095
vt 0.360284 0.95644677
vt 0.35793555 0.98139298
vt 0.3453452 0.96667677
vt 0.35371459 0.99551696
vt 0.34894073 0.98700202
vt 0.18378881 0.93114072
vt 0.19329675 0.93789154
vt 0.18431744 0.94907755
vt 0.1744467 0.93980998
vt 0.18587552 0.96035749
vt 0.17380163 0.96248579
vt 0.18060239 0.96394557
vt 0.89539552 0.99588251
vt 0.88762772 0.98938066
vt 0.89216417 0.97902089
vt 0.89963937 0.98581159
vt 0.88499582 0.98085159
vt 0.90323436 0.98170829
vt 0.88563424 0.97297794
vt 0.08792454 0.95603925
vt 0.095669083 0.95618594
vt 0.088427864 0.97353798
vt 0.092782192 0.96938884
vt 0.09907122 0.97827572
vt 0.092919059 0.98134452
vt 0.10013127 0.96961498
vt 0.10689799 0.96971714
vt 0.36111745 0.96390855
vt 0.37083411 0.96005797
vt 0.36112055 0.96996701
vt 0.3671928 0.97567999
vt 0.36112162 0.97418338
vt 0.36112222 0.97676033
vt 0.36112261 0.9795031
vt 0.3611255 0.995951
vt 0.21014152 0.98351824
vt 0.21166298 0.97480875
vt 0.2226932 0.98253328
vt 0.21450718 0.99035662
vt 0.20468459 0.99697816
vt 0.016747862 0.97319257
vt 0.013048239 0.99689811
vt 0.0096560549 0.97618216
vt 0.011308601 0.96098936
vt 0.33022982 0.94312668
vt 0.3352975 0.9330492
vt 0.33723527 0.95915115
vt 0.3451888 0.96417052
vt 0.34521222 0.9649843
vt 0.34461832 0.94384986
vt 0.34399256 0.93028158
vt 0.14647676 0.94792283
vt 0.13510202 0.9811722
vt 0.13509734 0.94793165
vt 0.25179929 0.94651049
vt 0.26229712 0.93838203
vt 0.25880945 0.96421123
vt 0.26857185 0.9552027
vt 0.26803455 0.99642456
vt 0.2610395 0.98319978
vt 0.26068246 0.97089028
vt 0.26694268 0.96739471
vt 0.25949636 0.96239471
vt 0.15312628 0.95866299
vt 0.15932754 0.9641313
vt 0.14544839 0.97962159
vt 0.14477773 0.95893168
vt 0.15292144 0.97818995
vt 0.14211653 0.96424061
vt 0.33902916 0.98683298
vt 0.34087101 0.97657895
vt 0.34582397 0.98131287
vt 0.34281451 0.99580294
vt 0.33555183 0.98568481
vt 0.33000022 0.98436195
vt 0.30388653 0.98655796
vt 0.30689186 0.98923498
vt 0.29111013 0.98712325
vt 0.29088062 0.98678732
vt 0.30138075 0.99648255
vt 0.078862824 0.9790957
vt 0.07197015 0.96029913
vt 0.082977347 0.97981942
vt 0.076485433 0.97598541
vt 0.082446367 0.94968629
vt 0.36874339 0.96687251
vt 0.37542224 0.97791445
vt 0.37684748 0.99568075
vt 0.74460405 0.9638502
vt 0.75897342 0.9577679
vt 0.75117373 0.97955513
vt 0.032103024 0.9951601
vt 0.025847474 0.9852851
vt 0.027086128 0.96843559
vt 0.85380065 0.97951704
vt 0.85334122 0.95863962
vt 0.85402954 0.97974378
vt 0.8474943 0.95646465
vt 0.85813713 0.96392709
vt 0.84694898 0.96685034
vt 0.84594196 0.95980084
vt 0.76155668 0.99658728
vt 0.75944722 0.974078
vt 0.76837575 0.97042447
vt 0.033456855 0.99699658
vt 0.034990121 0.98986375
vt 0.045712959 0.98180103
vt 0.809789 0.99339056
vt 0.80699372 0.97568506
vt 0.81965065 0.99618298
vt 0.16834031 0.9809044
vt 0.15815279 0.979168
vt 0.16312967 0.96545118
vt 0.16930193 0.97033948
vt 0.16949148 0.97919637
vt 0.16661017 0.96229839
vt 0.87261051 0.96883422
vt 0.86151487 0.98044127
vt 0.86132711 0.95864999
vt 0.74071145 0.9511959
vt 0.73256564 0.96453929
vt 0.72803694 0.94365132
vt 0.95461291 0.96086645
vt 0.95078248 0.9799968
vt 0.94745815 0.96285737
vt 0.95921838 0.96431184
vt 0.11088993 0.99041069
vt 0.11510289 0.99162453
vt 0.11519265 0.99653506
vt 0.11991875 0.98141307
vt 0.12158855 0.97651112
vt 0.17672709 0.96485728
vt 0.17175455 0.98081833
vt 0.16581233 0.95966017
vt 0.76430541 0.94938534
vt 0.76558799 0.96289068
vt 0.76164442 0.96578604
vt 0.75971645 0.94958663
vt 0.77045512 0.95648688
vt 0.17742023 0.96296901
vt 0.18438205 0.96392989
vt 0.17351343 0.98067844
vt 0.54691023 0.99612004
vt 0.54140335 0.97518331
vt 0.54741591 0.97869956
vt 0.28027797 0.96211237
vt 0.27599412 0.95158148
vt 0.280431 0.95095754
vt 0.27596804 0.95160121
vt 0.28176811 0.94568372
vt 0.27765128 0.96153033
vt 0.27528021 0.94608045
vt 0.27845883 0.96398133
vt 0.2794086 0.96574354
vt 0.10322145 0.96480978
vt 0.095934272 0.95452255
vt 0.10466038 0.94586307
vt 0.26803517 0.99106103
vt 0.27055287 0.98117375
vt 0.27727288 0.99675578
vt 0.11107704 0.96311384
vt 0.11271761 0.94991267
vt 0.11881518 0.96433067
vt 0.12067369 0.94648272
vt 0.019665226 0.99202293
vt 0.020449802 0.98838174
vt 0.022548202 0.99402189
vt 0.020587981 0.9938513
vt 0.013420629 0.98923498
vt 0.018931745 0.99648255
vt 0.77504677 0.94739616
vt 0.78199703 0.95087796
vt 0.77534276 0.96249264
vt 0.78144068 0.96553493
vt 0.8516174 0.9969027
vt 0.84582883 0.98608446
vt 0.85037303 0.97854501
vt 0.002959741 0.99170518
vt 0.004389829 0.9921416
vt 0.00213245 0.99540955
vt 0.0045428574 0.9898293
usemtl Tile_+031_+021_L19_000232_0
f 583/1 186/2 584/3
f 242/51 202/42 181/46
f 824/837 620/838 825/839
f 826/864 619/850 827/859
f 608/863 428/845 427/867
f 828/907 577/908 829/909
f 830/1381 577/1382 831/1383
f 832/853 609/858 833/862
f 428/845 621/841 620/838
f 621/841 428/845 834/849
f 428/845 620/838 982/848
f 606/912 458/910 828/907
f 468/773 170/774 837/775
f 21/1446 24/1447 22/1448
f 617/790 24/804 841/812
f 825/839 621/841 835/844
f 618/840 619/850 470/855
f 844/846 618/840 845/842
f 613/1465 617/1466 842/1467
f 23/1450 24/1447 613/1452
f 24/804 617/790 612/798
f 612/798 617/790 116/778
f 984/870 614/866 985/875
f 985/875 616/871 986/879
f 986/879 849/876 1060/882
f 849/876 615/860 851/872
f 612/1427 613/1428 24/1429
f 116/778 49/799 612/798
f 23/811 612/798 49/799
f 617/790 613/810 854/803
f 116/778 170/774 140/782
f 23/1469 613/1465 846/1468
f 854/1430 612/1427 856/1431
f 612/1376 23/1377 848/1378
f 611/939 577/908 468/931
f 593/995 312/996 278/997
f 598/1208 610/1209 599/1210
f 179/1211 599/1210 208/1212
f 609/858 608/863 605/868
f 600/942 602/933 874/934
f 601/916 606/912 876/920
f 447/921 458/910 601/916
f 458/910 606/912 601/916
f 609/858 428/845 608/863
f 833/862 605/868 858/874
f 427/867 605/868 608/863
f 857/878 604/881 878/884
f 605/868 427/867 432/877
f 432/877 604/881 605/868
f 404/893 403/897 607/892
f 607/892 402/883 404/893
f 604/881 432/877 402/883
f 879/887 402/883 880/890
f 881/896 592/898 882/900
f 880/890 607/892 883/894
f 403/897 592/898 607/892
f 600/942 603/961 104/953
f 601/916 602/933 467/925
f 874/934 601/916 877/927
f 447/921 601/916 467/925
f 104/953 603/961 871/971
f 596/1025 274/1020 885/1031
f 594/1040 596/1025 869/1050
f 599/1411 610/1412 593/1413
f 890/1004 275/998 891/1007
f 599/1411 593/1413 892/1414
f 312/1200 610/1201 598/1202
f 610/1201 312/1200 593/1204
f 179/1211 598/1208 599/1210
f 208/1212 599/1210 893/1214
f 179/1205 311/1203 598/1202
f 597/1026 594/1040 897/1041
f 299/1013 597/1026 899/1021
f 594/1040 597/1026 596/1025
f 593/995 595/1001 888/1005
f 891/1007 299/1013 900/1017
f 275/998 593/995 278/997
f 586/13 590/17 188/11
f 592/898 403/897 862/901
f 902/905 861/903 1062/904
f 185/27 591/50 181/46
f 903/70 240/47 904/64
f 351/22 590/17 185/27
f 864/45 185/27 909/41
f 584/1313 587/1314 585/1315
f 584/3 186/2 589/4
f 588/1220 589/1218 208/1212
f 588/1220 587/1221 589/1218
f 867/1219 208/1212 896/1217
f 587/1221 588/1220 894/1223
f 585/1315 587/1314 910/1317
f 587/5 584/3 589/4
f 586/13 585/44 911/40
f 186/1318 583/1316 585/1315
f 185/27 203/35 351/22
f 585/152 586/153 186/154
f 185/27 590/17 908/36
f 859/55 181/46 914/60
f 181/46 591/50 905/58
f 853/785 617/790 855/797
f 611/939 468/931 838/947
f 829/909 622/911 915/914
f 577/908 611/939 839/948
f 990/843 618/840 991/847
f 615/860 616/871 614/866
f 470/855 619/850 615/860
f 841/1449 21/1446 917/1451
f 577/908 469/924 468/931
f 837/775 116/778 852/781
f 470/855 615/860 614/866
f 595/1001 593/995 275/998
f 870/970 600/942 884/965
f 597/1026 299/1013 596/1025
f 104/953 380/940 600/942
f 600/942 467/925 602/933
f 380/940 467/925 600/942
f 907/21 586/13 913/26
f 585/1315 583/1316 584/1313
f 351/22 188/11 590/17
f 425/1231 415/1232 412/1233
f 249/38 235/54 246/49
f 344/538 347/539 346/540
f 209/1051 233/1059 212/1058
f 101/1168 109/1169 110/1170
f 557/631 154/632 573/633
f 153/155 141/156 490/157
f 480/438 473/439 483/440
f 526/368 546/342 998/341
f 484/1091 477/1092 502/1093
f 494/1155 471/1156 485/1157
f 546/342 131/332 550/316
f 479/445 473/439 501/442
f 1000/1104 491/1102 1001/1108
f 486/188 487/172 142/170
f 504/247 505/270 476/258
f 164/681 537/699 554/691
f 511/1301 525/1302 129/1303
f 546/1475 526/1476 513/1477
f 463/179 582/203 139/190
f 530/813 167/793 552/806
f 523/978 544/960 524/977
f 150/666 551/642 538/658
f 541/644 529/639 557/631
f 369/692 368/674 364/700
f 113/975 77/982 435/976
f 504/247 509/288 127/272
f 544/960 523/978 522/969
f 569/161 568/167 153/155
f 440/204 444/193 571/191
f 139/190 158/186 138/171
f 406/207 418/195 161/174
f 455/663 453/670 146/650
f 562/656 124/664 560/653
f 463/179 424/213 582/203
f 576/166 569/161 145/158
f 152/159 548/164 138/171
f 161/174 162/183 568/167
f 559/638 579/641 578/651
f 556/913 437/917 462/923
f 126/661 122/654 551/642
f 993/856 470/855 1004/865
f 554/691 150/666 164/681
f 368/674 122/654 434/676
f 581/238 172/214 422/239
f 70/941 367/943 447/921
f 466/307 426/343 1006/357
f 466/307 549/315 580/271
f 466/307 423/275 464/308
f 466/307 464/308 411/320
f 997/344 466/307 1007/358
f 465/333 549/315 466/307
f 172/214 582/203 173/224
f 582/203 424/213 173/224
f 574/648 551/642 122/654
f 417/251 416/260 422/239
f 439/201 445/235 446/223
f 159/225 172/214 581/238
f 139/190 582/203 172/214
f 463/179 148/189 149/202
f 160/220 506/209 139/190
f 425/212 424/213 463/179
f 1009/306 132/248 1010/287
f 132/248 553/250 580/271
f 429/178 148/189 548/164
f 581/238 422/239 553/250
f 565/173 442/182 576/166
f 442/182 161/174 576/166
f 150/666 554/691 566/693
f 125/668 126/661 150/666
f 559/638 573/633 579/641
f 461/1355 462/1356 567/1357
f 555/918 178/930 469/924
f 566/693 554/691 174/711
f 461/937 436/959 545/950
f 566/693 174/711 435/705
f 462/923 555/918 556/913
f 568/167 569/161 161/174
f 436/959 435/976 174/967
f 574/648 575/647 155/636
f 155/636 579/641 573/633
f 561/652 559/638 578/651
f 124/664 562/656 572/659
f 578/651 579/641 575/647
f 572/659 562/656 578/651
f 456/657 123/671 452/680
f 122/654 121/660 574/648
f 429/178 439/201 149/202
f 572/659 575/647 574/648
f 429/178 568/167 162/183
f 458/910 79/922 437/917
f 87/945 461/937 567/936
f 462/1356 437/1358 567/1357
f 435/976 436/959 113/975
f 436/959 461/937 87/945
f 87/945 567/936 438/928
f 566/693 81/684 150/666
f 125/668 150/666 81/684
f 425/212 149/202 446/223
f 455/663 460/634 456/657
f 409/230 408/205 441/217
f 415/236 425/212 446/223
f 565/173 444/193 442/182
f 539/640 154/632 530/635
f 569/161 576/166 161/174
f 565/173 145/158 570/181
f 145/158 565/173 576/166
f 153/155 568/167 548/164
f 146/650 147/655 455/663
f 561/652 562/656 558/645
f 460/634 147/655 146/650
f 147/655 460/634 455/663
f 558/645 559/638 561/652
f 558/645 560/653 460/634
f 560/653 558/645 562/656
f 541/644 557/631 534/637
f 460/634 534/637 557/631
f 175/722 524/756 547/742
f 571/191 565/173 570/181
f 540/643 460/634 146/650
f 146/650 533/649 540/643
f 557/631 573/633 460/634
f 40/820 530/813 542/822
f 568/167 429/178 548/164
f 145/158 569/161 153/155
f 153/155 490/157 145/158
f 117/177 500/187 482/200
f 490/157 492/162 145/158
f 166/796 528/814 552/806
f 538/658 551/642 528/646
f 556/913 555/918 577/908
f 468/773 517/777 170/774
f 48/786 47/791 116/778
f 519/787 518/783 520/779
f 551/642 539/640 528/646
f 551/642 574/648 155/636
f 155/636 154/632 551/642
f 126/661 551/642 150/666
f 462/923 168/929 555/918
f 461/937 545/950 169/946
f 469/924 577/908 555/918
f 150/666 163/665 164/681
f 174/967 543/968 545/950
f 154/632 539/640 551/642
f 537/699 536/710 554/691
f 152/159 118/163 141/156
f 132/248 505/270 127/272
f 553/250 132/248 159/225
f 169/946 168/929 461/937
f 1010/287 580/271 1011/305
f 1011/305 549/315 1012/330
f 1012/330 465/333 1013/354
f 148/189 463/179 548/164
f 548/164 463/179 138/171
f 159/225 581/238 553/250
f 132/248 128/259 160/220
f 132/248 133/317 525/303
f 523/801 136/784 522/794
f 127/272 128/259 132/248
f 508/219 158/186 506/209
f 158/186 139/190 506/209
f 510/210 508/219 507/211
f 117/177 118/163 156/169
f 156/169 152/159 138/171
f 159/225 132/248 160/220
f 158/186 156/169 138/171
f 174/711 554/691 536/710
f 546/342 513/369 130/355
f 515/390 513/369 526/368
f 133/1304 134/1305 129/1303
f 129/1303 525/1302 133/1304
f 482/200 500/187 507/211
f 44/817 535/815 40/820
f 43/827 531/825 532/829
f 167/793 519/787 520/779
f 140/782 171/780 517/777
f 167/793 535/815 135/807
f 166/796 520/779 137/789
f 516/788 136/784 468/773
f 521/795 163/809 166/796
f 166/796 137/789 521/795
f 136/784 137/789 520/779
f 140/782 518/783 519/787
f 536/710 537/699 175/722
f 40/820 535/815 530/813
f 167/793 530/813 535/815
f 135/807 527/800 167/793
f 144/185 498/197 143/198
f 44/817 135/807 535/815
f 167/793 166/796 552/806
f 528/814 166/796 163/809
f 528/646 163/665 538/658
f 530/635 529/639 541/644
f 534/637 540/643 533/649
f 531/825 40/820 542/822
f 531/825 533/830 532/829
f 531/825 534/828 533/830
f 541/826 534/828 531/825
f 557/631 529/639 530/635
f 532/662 533/649 146/650
f 527/800 45/805 519/787
f 528/646 539/640 530/635
f 530/813 552/806 528/814
f 538/658 163/665 150/666
f 164/808 521/795 523/801
f 175/816 537/819 164/808
f 169/946 544/960 522/969
f 524/977 543/968 547/983
f 524/818 175/816 523/801
f 521/795 137/789 136/784
f 523/801 175/816 164/808
f 516/788 178/802 522/794
f 164/808 163/809 521/795
f 468/773 136/784 520/779
f 140/782 519/787 46/792
f 468/931 469/924 516/938
f 136/784 516/788 522/794
f 178/930 516/938 469/924
f 515/390 526/368 999/381
f 130/509 514/529 1015/527
f 506/1341 160/1342 509/1343
f 156/169 500/187 117/177
f 165/221 157/199 510/210
f 525/303 512/286 505/270
f 158/186 510/210 157/199
f 503/222 507/211 508/219
f 127/272 509/288 160/220
f 128/259 127/272 160/220
f 503/222 506/209 504/247
f 507/211 165/221 510/210
f 504/1344 506/1341 509/1343
f 127/272 505/270 504/247
f 506/209 503/222 508/219
f 1002/499 130/509 1016/518
f 513/532 515/535 514/529
f 505/270 512/286 476/258
f 475/464 511/483 1022/478
f 507/211 503/222 482/200
f 512/286 511/304 476/258
f 176/462 485/458 482/450
f 503/469 476/476 475/464
f 475/464 176/462 482/450
f 145/158 492/162 501/168
f 485/1157 119/1158 494/1155
f 994/1103 478/1098 1000/1104
f 494/1155 496/1159 471/1156
f 474/1167 472/1163 496/1159
f 501/168 499/175 145/158
f 499/175 480/184 481/196
f 484/1091 497/1099 474/1095
f 473/439 479/445 493/449
f 480/184 499/175 501/168
f 52/447 483/440 474/443
f 496/1105 491/1102 474/1095
f 474/443 497/451 52/447
f 495/1109 491/1102 496/1105
f 1001/1108 120/1110 1024/1111
f 495/1109 120/1110 491/1102
f 1024/1166 119/1158 1026/1164
f 486/457 482/450 493/449
f 488/165 493/180 479/176
f 501/168 492/162 479/176
f 478/1098 474/1095 491/1102
f 117/177 482/200 486/188
f 489/160 490/157 141/156
f 492/162 488/165 479/176
f 488/165 487/172 493/180
f 492/162 490/157 489/160
f 488/165 489/160 141/156
f 487/172 141/156 142/170
f 487/172 488/165 141/156
f 472/1163 471/1156 496/1159
f 120/1161 495/1162 494/1155
f 494/1155 495/1162 496/1159
f 52/1097 497/1099 484/1091
f 481/196 498/197 499/175
f 499/175 498/197 144/185
f 176/462 475/464 1023/470
f 119/1158 485/1157 1025/1160
f 1020/1395 176/1396 1028/1397
f 477/1092 484/1091 474/1095
f 473/439 493/449 482/450
f 501/442 473/439 480/438
f 474/1095 478/1098 477/1092
f 476/476 511/483 475/464
f 472/446 474/443 473/439
f 482/450 485/458 471/454
f 473/439 474/443 483/440
f 517/777 171/780 170/774
f 374/932 447/921 467/925
f 317/610 298/573 315/601
f 75/229 421/253 395/264
f 274/1020 362/1054 104/1049
f 312/996 323/999 278/997
f 270/1037 267/1053 100/1047
f 356/1252 354/1253 352/1254
f 358/732 361/701 363/723
f 112/991 268/994 115/992
f 439/201 162/183 430/208
f 404/893 402/883 1030/891
f 205/23 189/14 183/28
f 303/548 289/554 96/544
f 221/1060 234/1061 232/1062
f 191/1011 193/1015 262/1006
f 197/82 257/75 219/68
f 230/76 220/72 225/65
f 396/283 394/298 395/264
f 225/65 257/75 230/76
f 194/43 237/48 238/53
f 247/1206 187/1207 311/1203
f 199/94 196/90 250/87
f 202/42 242/51 240/47
f 241/334 244/360 393/346
f 63/256 378/254 64/285
f 387/266 376/246 397/268
f 382/245 376/246 387/266
f 254/93 258/89 283/99
f 282/1022 276/1016 193/1015
f 323/999 312/996 311/1002
f 271/1030 273/1024 93/1036
f 284/551 324/546 265/559
f 335/1370 333/1371 305/1372
f 317/1455 326/1456 298/1457
f 302/541 288/552 304/553
f 327/1080 328/1077 229/1071
f 223/1064 316/1067 234/1061
f 298/573 286/588 288/552
f 337/147 341/143 330/140
f 330/595 305/556 337/579
f 334/612 309/575 339/603
f 306/574 339/603 309/575
f 95/564 308/591 337/579
f 293/131 329/126 291/121
f 342/542 347/539 302/541
f 265/734 99/747 90/760
f 97/745 363/723 98/757
f 68/974 73/966 86/958
f 562/1458 561/1459 578/1460
f 358/1255 354/1253 356/1252
f 75/229 420/244 421/253
f 444/193 565/173 571/191
f 370/682 360/683 449/667
f 437/917 556/913 458/910
f 87/945 73/966 436/959
f 103/962 104/953 362/972
f 380/940 101/954 373/949
f 383/255 382/245 390/267
f 99/747 265/734 66/725
f 1032/361 405/374 1033/382
f 382/245 384/232 379/218
f 377/284 398/265 264/299
f 446/223 445/235 415/236
f 416/260 401/276 62/289
f 459/675 449/667 360/683
f 423/275 466/307 580/271
f 162/183 161/174 418/195
f 418/195 406/207 379/218
f 400/290 411/320 464/308
f 161/174 443/194 406/207
f 168/929 462/923 461/937
f 572/659 578/651 575/647
f 123/671 450/690 452/680
f 123/671 151/673 451/689
f 91/1045 267/1053 270/1037
f 423/275 553/250 422/239
f 453/670 454/672 177/687
f 85/697 84/698 452/680
f 452/680 454/672 456/657
f 455/663 456/657 454/672
f 177/687 82/696 453/670
f 453/670 455/663 454/672
f 177/687 454/672 452/680
f 84/698 177/687 452/680
f 451/689 459/675 360/683
f 452/680 450/690 85/697
f 360/683 359/702 357/712
f 360/683 370/682 359/702
f 84/698 357/712 352/721
f 78/1306 367/1307 410/1308
f 410/1308 86/1309 78/1306
f 72/986 73/966 106/981
f 368/674 370/682 449/667
f 360/683 85/697 451/689
f 451/1392 450/1393 123/1394
f 151/673 459/675 451/689
f 151/673 121/660 459/675
f 449/667 459/675 121/660
f 438/928 457/935 87/945
f 79/922 438/928 437/917
f 457/935 438/928 79/922
f 435/705 77/726 433/714
f 78/944 86/958 87/945
f 113/975 436/959 73/966
f 411/320 419/348 1036/363
f 125/668 80/685 434/676
f 81/684 433/714 407/704
f 407/704 381/715 80/685
f 76/1310 410/1308 367/1307
f 458/910 447/921 448/926
f 447/921 367/943 79/922
f 79/922 448/926 447/921
f 445/235 418/195 384/232
f 445/235 439/201 418/195
f 408/205 409/230 420/244
f 441/217 440/204 409/230
f 406/207 414/206 74/231
f 408/205 444/193 441/217
f 443/194 442/182 414/206
f 408/205 414/206 442/182
f 414/206 406/207 443/194
f 442/182 444/193 408/205
f 463/179 149/202 425/212
f 427/867 428/845 1038/861
f 426/343 466/307 411/320
f 416/260 400/290 423/275
f 422/239 416/260 423/275
f 375/233 379/218 406/207
f 422/239 173/224 417/251
f 425/1231 412/1233 424/1234
f 419/348 411/320 399/335
f 432/877 427/867 1039/873
f 62/289 399/335 431/319
f 431/319 400/290 62/289
f 384/232 383/255 415/236
f 445/235 384/232 415/236
f 413/249 417/251 173/224
f 75/229 414/206 408/205
f 415/236 413/249 412/237
f 426/343 411/320 1037/356
f 410/1308 69/1312 68/1311
f 410/1308 76/1310 69/1312
f 368/674 80/685 371/703
f 86/1309 410/1308 68/1311
f 77/726 381/715 407/704
f 370/682 369/692 361/701
f 408/205 420/244 75/229
f 75/229 398/265 378/254
f 417/251 413/249 61/274
f 61/274 401/276 417/251
f 61/274 111/273 390/267
f 415/236 383/255 390/267
f 415/236 111/273 413/249
f 416/260 417/251 401/276
f 384/232 418/195 379/218
f 74/231 375/233 406/207
f 400/290 416/260 62/289
f 411/320 400/290 399/335
f 388/328 255/339 392/318
f 398/265 252/297 264/299
f 398/265 75/229 395/264
f 75/229 378/254 74/231
f 377/284 378/254 398/265
f 397/1235 63/1236 386/1237
f 395/264 252/297 398/265
f 395/264 394/298 252/297
f 241/334 393/346 62/289
f 393/346 245/372 391/347
f 62/289 393/346 391/347
f 391/347 245/372 244/360
f 391/347 399/335 62/289
f 62/289 61/274 392/318
f 62/289 392/318 241/334
f 405/374 391/347 243/371
f 240/47 243/61 241/56
f 403/897 404/893 1031/895
f 402/883 432/877 1041/880
f 378/254 63/256 375/233
f 392/318 255/339 241/334
f 239/52 256/67 64/69
f 389/301 390/267 387/266
f 388/431 385/430 114/427
f 390/267 389/301 61/274
f 388/328 61/274 389/301
f 385/1239 388/1241 389/1240
f 387/1238 386/1237 385/1239
f 387/1238 385/1239 389/1240
f 390/267 382/245 387/266
f 415/236 390/267 111/273
f 111/273 61/274 413/249
f 99/747 66/725 268/759
f 66/725 115/748 268/759
f 382/245 383/255 384/232
f 90/571 89/585 272/560
f 66/725 65/735 115/748
f 71/988 115/992 65/989
f 376/246 382/245 379/218
f 378/254 375/233 74/231
f 376/246 63/256 397/268
f 376/246 375/233 63/256
f 379/218 375/233 376/246
f 256/300 114/313 63/256
f 378/254 377/284 64/285
f 236/59 194/43 238/53
f 373/949 374/932 380/940
f 101/954 380/940 103/962
f 362/972 101/954 103/962
f 104/953 103/962 380/940
f 364/700 365/733 349/744
f 363/723 344/743 98/757
f 350/731 344/743 363/723
f 349/744 365/733 266/746
f 369/692 370/682 368/674
f 66/725 265/734 366/713
f 366/713 266/746 365/733
f 267/987 109/990 102/985
f 350/731 364/700 349/744
f 366/713 365/733 364/700
f 363/723 364/700 350/731
f 108/1173 110/1170 109/1169
f 110/1170 107/1171 101/1168
f 101/954 107/963 373/949
f 71/988 106/981 112/991
f 67/1293 373/1294 105/1295
f 106/1174 105/1176 108/1173
f 373/949 107/963 372/973
f 372/1297 105/1295 373/1294
f 106/1296 67/1293 105/1295
f 108/1173 105/1176 372/1175
f 106/981 71/988 72/986
f 366/713 364/700 371/703
f 80/685 366/713 371/703
f 361/701 369/692 364/700
f 366/713 80/685 66/725
f 359/702 361/701 356/724
f 361/1256 358/1255 356/1252
f 373/949 67/956 70/941
f 447/921 374/932 70/941
f 370/682 361/701 359/702
f 356/724 357/712 359/702
f 357/712 356/724 352/721
f 363/723 97/745 358/732
f 97/745 352/721 354/758
f 97/745 354/758 358/732
f 380/940 374/932 467/925
f 355/709 177/687 84/698
f 84/698 352/721 355/709
f 177/687 355/709 353/717
f 353/717 355/709 352/721
f 348/737 353/717 345/741
f 353/717 352/721 345/741
f 353/717 348/737 347/727
f 83/706 353/717 347/727
f 97/745 345/741 352/721
f 346/750 345/741 98/757
f 345/741 346/750 348/737
f 100/1047 362/1054 274/1020
f 274/1020 104/1049 872/1039
f 266/746 324/761 349/744
f 102/1172 109/1169 101/1168
f 324/546 300/543 344/538
f 349/744 324/761 344/743
f 344/743 350/731 349/744
f 347/727 348/737 346/750
f 347/539 344/538 302/541
f 344/538 300/543 302/541
f 302/541 304/553 303/548
f 300/543 287/547 302/541
f 203/1364 184/1365 206/1366
f 95/564 305/556 96/544
f 290/563 289/554 303/548
f 302/541 96/544 342/542
f 302/541 303/548 96/544
f 57/549 96/544 305/556
f 57/549 59/555 342/542
f 342/542 96/544 57/549
f 305/556 95/564 337/579
f 340/1083 338/1084 336/1087
f 326/1076 325/1074 286/1079
f 330/1373 335/1370 305/1372
f 306/1320 340/1321 339/1322
f 308/1471 309/1472 337/1473
f 335/134 330/140 331/130
f 338/1084 327/1080 329/1086
f 292/1088 331/1089 338/1084
f 334/1325 343/1323 337/1324
f 306/1085 286/1079 340/1083
f 328/1077 327/1080 340/1083
f 340/1083 286/1079 328/1077
f 337/1324 336/1326 331/1327
f 340/1321 336/1326 337/1324
f 331/1089 336/1087 338/1084
f 327/1080 338/1084 340/1083
f 343/1323 340/1321 337/1324
f 286/588 285/586 288/552
f 334/1474 337/1473 309/1472
f 340/1321 343/1323 339/1322
f 334/1325 339/1322 343/1323
f 331/130 330/140 341/143
f 331/130 341/143 337/147
f 286/588 306/574 307/590
f 328/1077 286/1079 325/1074
f 329/1086 293/1090 292/1088
f 199/94 200/108 227/107
f 229/118 227/107 327/122
f 328/1077 325/1074 229/1071
f 316/1067 229/1071 325/1074
f 318/1078 316/1067 326/1076
f 316/1067 223/1064 229/1071
f 314/1075 313/1072 316/1067
f 322/618 332/617 310/608
f 217/1056 209/1051 212/1058
f 322/1065 234/1061 332/1069
f 232/1062 234/1061 322/1065
f 216/1257 211/1258 233/1259
f 260/561 259/589 296/600
f 310/608 259/589 322/618
f 318/1078 315/1081 314/1075
f 297/587 314/609 315/601
f 310/608 313/614 297/587
f 313/1072 332/1069 234/1061
f 313/614 310/608 332/617
f 316/1067 318/1078 314/1075
f 313/1072 234/1061 316/1067
f 315/601 298/573 297/587
f 313/614 314/609 297/587
f 323/999 311/1002 261/1003
f 311/1203 312/1200 598/1202
f 323/999 279/1000 278/997
f 277/1034 281/1027 231/1043
f 596/1025 299/1013 274/1020
f 296/600 319/611 310/608
f 190/1010 261/1003 311/1002
f 320/1033 321/1042 209/1051
f 231/1043 320/1033 209/1051
f 197/82 198/84 257/75
f 231/1043 322/1057 259/1052
f 217/1056 231/1043 209/1051
f 259/589 319/611 296/600
f 209/1262 321/1266 282/1265
f 211/1258 212/1261 233/1259
f 231/1043 281/1027 320/1033
f 282/1022 321/1042 320/1033
f 310/608 319/611 259/589
f 320/1033 281/1027 282/1022
f 259/1052 277/1034 231/1043
f 259/589 260/561 277/572
f 260/561 297/587 298/573
f 260/561 296/600 297/587
f 326/602 286/588 298/573
f 283/99 295/117 228/105
f 223/1064 222/1068 229/1071
f 228/105 327/122 227/107
f 295/117 283/99 294/106
f 228/105 295/117 327/122
f 291/121 295/117 294/106
f 292/1420 293/1421 291/1422
f 298/573 288/552 260/561
f 95/564 289/554 309/575
f 285/586 286/588 307/590
f 306/574 290/563 307/590
f 289/554 290/563 306/574
f 301/562 304/553 288/552
f 301/562 307/590 290/563
f 290/563 303/548 301/562
f 285/586 307/590 301/562
f 304/553 301/562 303/548
f 260/561 287/547 277/572
f 288/552 287/547 260/561
f 272/560 287/547 284/551
f 302/541 287/547 288/552
f 88/1023 94/1029 280/1019
f 288/552 285/586 301/562
f 272/560 277/572 287/547
f 274/1020 299/1013 263/1012
f 275/998 263/1012 299/1013
f 102/985 100/980 267/987
f 274/1020 271/1030 270/1037
f 273/1024 271/1030 274/1020
f 92/1035 94/1029 88/1023
f 89/585 277/572 272/560
f 263/1012 273/1024 274/1020
f 269/1440 91/1441 271/1442
f 100/1047 274/1020 270/1037
f 93/1036 269/1046 271/1030
f 92/1035 89/1028 90/1044
f 112/991 90/993 268/994
f 112/991 109/990 267/987
f 90/760 99/747 268/759
f 267/987 90/993 112/991
f 284/551 300/543 324/546
f 324/761 266/746 265/734
f 265/734 266/746 366/713
f 300/543 284/551 287/547
f 272/560 284/551 90/571
f 261/1003 279/1000 323/999
f 92/1035 88/1023 89/1028
f 94/1029 93/1036 273/1024
f 276/1016 280/1019 263/1012
f 273/1024 280/1019 94/1029
f 277/1034 89/1028 276/1016
f 89/1028 88/1023 276/1016
f 283/99 228/105 254/93
f 276/1016 88/1023 280/1019
f 282/1022 281/1027 276/1016
f 281/1027 277/1034 276/1016
f 273/1024 263/1012 280/1019
f 261/1003 262/1006 275/998
f 275/998 278/997 279/1000
f 275/998 279/1000 261/1003
f 262/1006 276/1016 263/1012
f 263/1012 275/998 262/1006
f 262/1006 261/1003 191/1011
f 276/1016 262/1006 193/1015
f 200/108 199/94 254/93
f 196/90 197/82 250/87
f 235/54 249/38 239/52
f 235/54 239/52 253/63
f 250/1249 219/1250 253/1251
f 251/79 253/63 252/74
f 236/59 218/71 225/65
f 235/54 253/63 219/68
f 249/38 202/42 240/47
f 255/62 256/67 239/52
f 253/63 254/93 250/87
f 64/285 256/300 63/256
f 253/63 64/69 252/74
f 256/300 255/339 388/328
f 64/69 253/63 239/52
f 64/285 264/299 252/297
f 377/284 264/299 64/285
f 243/371 244/360 241/334
f 244/360 245/372 393/346
f 405/374 243/371 1035/392
f 391/347 244/360 243/371
f 243/61 240/47 989/66
f 240/47 242/51 860/57
f 241/56 255/62 239/52
f 239/52 249/38 240/47
f 240/47 241/56 239/52
f 226/16 215/12 204/10
f 197/82 219/68 250/87
f 219/68 218/71 235/54
f 202/42 249/38 182/29
f 194/43 195/33 237/48
f 235/54 236/59 238/53
f 238/53 237/48 246/49
f 238/53 246/49 235/54
f 248/32 224/25 226/16
f 182/29 249/38 226/16
f 249/38 248/32 226/16
f 226/16 205/23 182/29
f 226/16 204/10 189/14
f 248/32 249/38 195/33
f 213/19 214/20 221/31
f 186/2 204/10 191/8
f 226/16 224/25 214/20
f 214/20 195/33 221/31
f 224/25 195/33 214/20
f 249/38 246/49 195/33
f 223/1064 221/1060 222/1068
f 236/59 225/65 194/43
f 213/19 217/24 210/15
f 191/8 215/12 210/15
f 215/12 226/16 214/20
f 214/20 213/19 215/12
f 210/15 215/12 213/19
f 217/24 212/30 210/15
f 212/30 211/39 210/15
f 209/1262 193/1264 192/1260
f 194/43 225/65 220/72
f 221/1389 194/1390 220/1391
f 221/1060 232/1062 213/1063
f 220/72 230/76 222/80
f 221/1060 220/1073 222/1068
f 234/1061 221/1060 223/1064
f 257/75 198/84 230/76
f 192/1260 216/1257 233/1259
f 210/1263 211/1258 192/1260
f 211/1258 216/1257 192/1260
f 192/18 191/8 210/15
f 232/1062 231/1066 213/1063
f 230/76 198/84 201/85
f 222/80 230/76 201/85
f 227/107 200/108 228/105
f 227/107 229/118 201/85
f 253/63 258/89 254/93
f 228/105 200/108 254/93
f 254/93 199/94 250/87
f 198/84 197/82 196/90
f 221/31 195/33 194/43
f 257/75 218/71 219/68
f 196/90 201/85 198/84
f 218/71 257/75 225/65
f 192/1018 193/1015 191/1011
f 209/1262 282/1265 193/1264
f 261/1003 190/1010 191/1011
f 190/1010 187/1014 191/1011
f 191/8 187/7 186/2
f 183/1368 206/1366 184/1365
f 207/1216 208/1212 589/1218
f 179/1211 208/1212 180/1213
f 187/1014 190/1010 311/1002
f 187/7 207/6 186/2
f 205/23 226/16 189/14
f 186/2 207/6 589/4
f 247/9 207/6 187/7
f 179/1205 247/1206 311/1203
f 247/1215 179/1211 180/1213
f 180/1213 208/1212 207/1216
f 207/1216 247/1215 180/1213
f 188/11 186/2 586/13
f 183/1461 189/1462 206/1463
f 188/1369 351/1367 206/1366
f 189/14 204/10 188/11
f 186/2 188/11 204/10
f 205/23 183/28 184/37
f 205/23 184/37 182/29
f 188/1464 206/1463 189/1462
f 182/29 184/37 185/27
f 203/35 185/27 184/37
f 206/1366 351/1367 203/1364
f 182/29 181/46 202/42
f 545/950 544/960 169/946
f 177/687 353/717 83/706
f 508/219 510/210 158/186
f 174/711 536/710 175/722
f 175/722 547/742 174/711
f 178/930 168/929 169/946
f 482/450 471/454 472/446
f 482/450 503/469 475/464
f 482/450 472/446 473/439
f 142/170 117/177 486/188
f 156/1359 157/1360 165/1361
f 165/1361 500/1362 156/1359
f 131/332 546/342 130/355
f 558/645 460/634 559/638
f 178/930 555/918 168/929
f 158/186 157/199 156/169
f 139/190 159/225 160/220
f 123/671 456/657 124/664
f 141/156 153/155 152/159
f 429/178 149/202 148/189
f 422/239 172/214 173/224
f 580/271 553/250 423/275
f 412/237 173/224 424/213
f 131/332 132/248 550/316
f 122/654 126/661 125/668
f 81/684 566/693 435/705
f 174/967 545/950 436/959
f 556/913 577/908 458/910
f 559/638 460/634 573/633
f 579/641 155/636 575/647
f 560/653 456/657 460/634
f 121/660 572/659 574/648
f 567/936 437/917 438/928
f 87/945 457/935 78/944
f 151/673 572/659 121/660
f 449/667 122/654 368/674
f 78/944 457/935 79/922
f 439/201 446/223 149/202
f 439/201 429/178 162/183
f 439/1386 430/1387 418/1388
f 571/191 570/181 440/204
f 124/664 456/657 560/653
f 530/635 154/632 557/631
f 144/185 145/158 499/175
f 145/158 144/185 143/198
f 534/637 460/634 540/643
f 548/164 152/159 153/155
f 141/156 118/163 142/170
f 517/777 520/779 518/783
f 116/778 140/782 48/786
f 517/777 468/773 520/779
f 573/633 154/632 155/636
f 159/225 139/190 172/214
f 174/967 547/983 543/968
f 463/179 139/190 138/171
f 134/345 131/332 130/355
f 132/248 525/303 505/270
f 152/159 156/169 118/163
f 998/341 550/316 1008/331
f 543/968 544/960 545/950
f 524/977 544/960 543/968
f 178/1417 169/1418 522/1419
f 519/787 45/805 46/792
f 532/829 32/831 43/827
f 167/793 520/779 166/796
f 167/793 527/800 519/787
f 542/822 541/826 531/825
f 530/813 541/826 542/822
f 41/821 135/807 44/817
f 523/801 521/795 136/784
f 46/792 48/786 140/782
f 518/783 140/782 517/777
f 133/317 131/332 134/345
f 131/332 133/317 132/248
f 130/432 129/433 134/434
f 511/304 512/286 525/303
f 165/1361 507/1363 500/1362
f 130/509 513/532 514/529
f 1021/533 515/535 1050/536
f 504/247 476/258 503/222
f 129/519 130/509 511/483
f 494/1155 119/1158 120/1161
f 487/1402 486/1403 493/1404
f 142/170 118/163 117/177
f 489/160 488/165 492/162
f 481/441 480/438 483/440
f 47/791 49/799 116/778
f 171/780 140/782 170/774
f 381/715 66/725 80/685
f 464/308 423/275 400/290
f 322/1065 231/1066 232/1062
f 297/587 296/600 310/608
f 329/126 295/117 291/121
f 284/551 265/559 90/571
f 397/1235 386/1237 387/1238
f 112/991 115/992 71/988
f 114/427 386/428 63/429
f 114/313 256/300 388/328
f 385/430 386/428 114/427
f 418/195 430/208 162/183
f 125/668 434/676 122/654
f 412/237 413/249 173/224
f 440/204 441/217 444/193
f 80/685 368/674 434/676
f 85/697 450/690 451/689
f 73/966 87/945 86/958
f 83/706 82/696 177/687
f 85/697 360/683 357/712
f 363/723 361/701 364/700
f 572/659 151/673 124/664
f 151/673 123/671 124/664
f 458/910 448/926 79/922
f 449/667 121/660 122/654
f 433/714 77/726 407/704
f 73/966 77/982 113/975
f 80/685 125/668 81/684
f 435/705 433/714 81/684
f 79/922 367/943 78/944
f 76/955 367/943 70/941
f 442/182 443/194 161/174
f 74/231 414/206 75/229
f 407/704 80/685 81/684
f 68/974 106/981 73/966
f 65/989 72/986 71/988
f 69/964 76/955 70/941
f 106/981 68/974 67/956
f 65/735 381/715 77/726
f 373/949 70/941 374/932
f 400/290 431/319 399/335
f 1042/362 399/335 1043/375
f 399/335 391/347 1032/361
f 62/289 401/276 61/274
f 61/274 388/328 392/318
f 66/725 381/715 65/735
f 344/743 346/750 98/757
f 109/990 112/991 106/981
f 106/1174 108/1173 109/1169
f 107/1171 110/1170 108/1173
f 372/1175 107/1171 108/1173
f 70/941 67/956 69/964
f 368/674 371/703 364/700
f 68/974 69/964 67/956
f 72/986 65/989 77/982
f 77/982 73/966 72/986
f 357/712 84/698 85/697
f 100/980 102/985 101/954
f 362/972 100/980 101/954
f 345/741 97/745 98/757
f 309/575 308/591 95/564
f 305/556 333/567 57/549
f 309/575 289/554 306/574
f 325/1074 326/1076 316/1067
f 326/1076 317/1082 318/1078
f 338/1084 329/1086 292/1088
f 329/126 327/122 295/117
f 229/1432 222/1433 201/1434
f 317/1082 315/1081 318/1078
f 289/554 95/564 96/544
f 94/1029 91/1045 93/1036
f 91/1045 269/1046 93/1036
f 92/1035 91/1045 94/1029
f 91/1045 270/1037 271/1030
f 90/1044 267/1053 91/1045
f 91/1045 92/1035 90/1044
f 199/94 201/85 196/90
f 195/33 246/49 237/48
f 224/25 248/32 195/33
f 236/59 235/54 218/71
f 217/1070 213/1063 231/1066
f 191/8 204/10 215/12
f 233/1259 209/1262 192/1260
f 227/107 201/85 199/94
f 185/27 181/46 182/29
f 56/576 58/565 57/549
f 59/555 691/578 60/566
f 807/1408 53/1409 52/1410
f 769/491 771/482 774/474
f 803/240 808/215 777/234
f 779/452 793/455 778/448
f 647/1267 656/1268 799/1269
f 785/1272 797/1271 656/1268
f 813/322 50/329 812/364
f 50/329 655/321 798/278
f 823/227 564/192 651/241
f 564/192 143/198 808/215
f 763/688 628/707 26/720
f 766/242 823/227 651/241
f 759/393 761/377 816/384
f 651/241 652/293 817/294
f 654/1138 819/1139 657/1140
f 763/688 563/679 453/670
f 440/204 767/216 755/228
f 766/242 767/216 823/227
f 767/216 440/204 564/192
f 564/192 823/227 767/216
f 440/204 570/181 564/192
f 816/384 815/402 758/399
f 646/243 440/204 755/228
f 760/323 818/376 821/383
f 766/242 750/263 754/252
f 743/740 14/765 25/755
f 765/262 757/281 766/242
f 757/281 750/263 766/242
f 756/310 757/281 753/295
f 753/295 760/323 751/336
f 820/309 760/323 753/295
f 761/377 760/323 816/384
f 819/1139 37/1141 36/1143
f 764/708 37/716 653/694
f 814/677 146/650 563/679
f 37/1141 764/1151 35/1148
f 763/688 653/694 563/679
f 765/262 822/280 817/294
f 822/280 651/241 817/294
f 760/323 821/383 816/384
f 818/1227 760/1228 820/1229
f 816/384 821/383 812/364
f 820/309 765/262 817/294
f 821/383 818/376 812/364
f 651/241 822/280 765/262
f 563/679 653/694 814/677
f 654/695 814/677 653/694
f 146/650 814/677 809/669
f 814/677 657/686 809/669
f 33/1142 657/1140 819/1139
f 52/1097 484/1091 780/1094
f 564/192 570/181 145/158
f 812/364 818/376 813/322
f 813/322 820/309 817/294
f 812/364 811/389 816/384
f 820/1229 813/1230 818/1227
f 816/384 811/389 815/402
f 815/402 811/389 799/396
f 815/402 799/396 927/407
f 652/293 813/322 817/294
f 802/279 798/278 652/293
f 143/198 564/192 145/158
f 651/241 564/192 810/226
f 800/261 802/279 651/241
f 796/269 798/278 803/240
f 655/321 50/329 813/322
f 810/226 803/240 651/241
f 799/396 811/389 647/380
f 773/257 803/240 777/234
f 798/278 655/321 652/293
f 810/226 808/215 803/240
f 810/226 564/192 808/215
f 809/669 658/678 532/662
f 146/650 809/669 532/662
f 657/1140 30/1144 658/1147
f 143/198 498/197 808/215
f 483/440 53/444 481/441
f 481/441 778/448 777/453
f 780/1094 484/1091 502/1093
f 780/1094 779/1100 807/1101
f 779/1100 53/1107 807/1101
f 53/444 483/440 52/447
f 481/196 808/215 498/197
f 794/460 787/466 790/461
f 788/1242 784/1243 806/1244
f 774/474 801/488 769/491
f 805/467 806/489 786/481
f 786/481 801/488 774/474
f 790/461 55/473 791/480
f 805/467 791/480 804/487
f 805/467 804/487 806/489
f 778/448 793/455 794/460
f 54/472 787/466 794/460
f 784/1243 786/1246 806/1244
f 787/466 55/473 790/461
f 805/467 774/474 792/463
f 790/1298 791/1299 805/1300
f 804/487 791/480 55/473
f 804/487 54/472 788/486
f 650/504 795/485 1051/511
f 797/1271 799/1269 656/1268
f 776/340 648/367 51/353
f 803/240 773/257 796/269
f 803/240 800/261 651/241
f 784/1243 769/1248 801/1247
f 648/1270 656/1268 647/1267
f 770/314 50/329 798/278
f 798/278 802/279 800/261
f 798/278 800/261 803/240
f 929/1273 797/1271 932/1274
f 776/340 51/353 50/329
f 790/461 792/463 773/456
f 798/278 772/302 770/314
f 798/278 796/269 772/302
f 785/517 775/497 797/525
f 776/507 770/490 775/497
f 783/479 477/484 995/493
f 1054/494 783/479 1057/501
f 795/485 650/504 649/495
f 783/479 795/485 782/471
f 649/495 650/504 1055/514
f 778/448 481/441 53/444
f 792/463 774/474 772/468
f 777/234 808/215 481/196
f 773/456 778/448 790/461
f 54/472 782/471 788/486
f 54/472 789/465 782/471
f 782/471 784/496 788/486
f 54/472 55/473 787/466
f 801/1247 786/1246 784/1243
f 792/463 790/461 805/467
f 782/471 795/485 649/495
f 789/465 794/460 781/459
f 794/460 793/455 781/459
f 54/472 804/487 55/473
f 923/505 782/471 931/513
f 794/460 789/465 54/472
f 793/455 779/452 781/459
f 781/459 783/479 782/471
f 781/1096 502/1093 477/1092
f 782/471 789/465 781/459
f 53/444 779/452 778/448
f 781/1096 779/1100 780/1094
f 772/468 774/474 771/482
f 772/468 796/475 773/456
f 770/490 772/468 771/482
f 921/498 769/491 936/508
f 771/482 775/497 770/490
f 776/507 775/497 785/517
f 648/367 776/340 785/379
f 934/524 775/497 937/516
f 936/508 784/496 938/526
f 775/497 771/482 920/506
f 792/463 772/468 773/456
f 252/297 394/298 251/326
f 727/626 629/613 724/627
f 57/549 58/565 59/555
f 718/1435 705/1436 723/1437
f 653/694 763/688 764/708
f 667/95 672/97 662/83
f 712/593 690/592 706/598
f 668/111 669/119 678/124
f 674/103 684/115 664/98
f 687/619 688/624 708/621
f 292/116 681/125 331/130
f 335/134 331/130 681/125
f 710/1112 702/1113 699/1114
f 942/1118 704/1121 943/1126
f 726/550 719/583 714/580
f 726/550 728/568 729/557
f 409/230 440/204 646/243
f 12/762 732/728 28/751
f 732/728 12/762 742/752
f 768/291 745/277 646/243
f 625/324 626/296 756/310
f 635/1285 636/1286 738/1287
f 623/349 636/350 751/336
f 746/387 759/393 749/404
f 755/228 767/216 766/242
f 25/755 762/729 743/740
f 83/706 740/718 82/696
f 27/1336 26/1337 628/1338
f 453/670 82/696 763/688
f 563/679 146/650 453/670
f 764/708 763/688 26/720
f 628/1338 762/1339 27/1336
f 20/719 628/707 82/696
f 82/696 740/718 20/719
f 20/719 743/740 762/729
f 743/740 20/719 18/754
f 626/296 750/263 757/281
f 421/253 420/244 409/230
f 754/252 750/263 646/243
f 761/377 759/393 752/385
f 760/323 761/377 624/365
f 758/399 759/393 816/384
f 758/399 815/402 924/408
f 626/296 757/281 756/310
f 749/404 758/399 948/409
f 753/295 625/324 756/310
f 754/252 755/228 766/242
f 646/243 755/228 754/252
f 746/387 624/365 752/385
f 753/295 751/336 625/324
f 761/377 752/385 624/365
f 758/399 749/404 759/393
f 734/1292 738/1287 623/1289
f 624/365 623/349 760/323
f 623/349 751/336 760/323
f 626/296 625/324 748/325
f 625/324 751/336 636/350
f 624/365 746/387 747/378
f 626/296 645/282 750/263
f 645/282 646/243 750/263
f 646/243 645/282 768/291
f 633/1291 635/1285 735/1288
f 747/378 734/386 623/349
f 623/349 624/365 747/378
f 768/291 645/282 745/277
f 635/337 644/292 748/325
f 396/283 661/311 394/298
f 733/417 641/411 640/400
f 660/338 744/312 739/327
f 643/405 640/400 746/387
f 747/378 746/387 734/386
f 641/411 639/406 640/400
f 733/417 640/400 951/410
f 733/1278 638/1279 642/1280
f 735/1288 738/1287 639/1290
f 623/1289 738/1287 636/1286
f 635/337 737/352 739/327
f 744/312 660/338 661/311
f 644/292 635/337 739/327
f 738/1287 735/1288 635/1285
f 637/401 666/395 634/388
f 737/352 633/366 659/351
f 660/338 739/327 737/352
f 642/1280 638/1279 633/1282
f 633/366 634/388 659/351
f 633/1282 735/1284 642/1280
f 639/1283 642/1280 735/1284
f 637/401 733/417 955/424
f 661/311 396/283 744/312
f 644/292 421/253 745/277
f 739/327 744/312 644/292
f 395/264 421/253 396/283
f 421/253 644/292 396/283
f 396/283 644/292 744/312
f 11/768 731/738 631/770
f 19/1328 736/1329 741/1330
f 19/753 20/719 736/739
f 14/765 743/740 9/764
f 12/1335 17/1334 742/1331
f 736/739 20/719 740/718
f 741/1330 742/1331 15/1332
f 731/738 732/728 83/706
f 732/728 742/752 736/739
f 732/728 736/739 740/718
f 83/706 732/728 740/718
f 28/751 731/738 10/763
f 730/749 632/766 731/738
f 958/144 693/136 959/135
f 347/727 730/749 627/736
f 627/736 83/706 347/727
f 627/736 730/749 731/738
f 731/738 632/766 6/769
f 632/569 730/545 729/557
f 729/557 730/545 726/550
f 630/581 3/597 729/557
f 630/581 729/557 728/568
f 699/132 670/128 693/136
f 342/542 59/555 60/566
f 730/545 347/539 342/542
f 722/570 719/583 726/550
f 730/545 342/542 726/550
f 342/542 717/558 726/550
f 342/542 60/566 717/558
f 629/613 630/581 725/604
f 711/1119 709/1123 962/1127
f 961/620 629/613 964/622
f 965/629 724/627 966/630
f 629/613 727/626 940/625
f 714/580 728/568 726/550
f 630/581 629/613 4/605
f 728/568 721/596 630/581
f 629/1345 711/1346 724/1347
f 725/604 630/581 721/596
f 714/580 721/596 728/568
f 725/604 721/596 714/580
f 695/1439 705/1436 718/1435
f 703/1115 710/1112 699/1114
f 723/1437 720/1438 718/1435
f 723/1129 702/1113 720/1124
f 714/1120 719/1133 718/1128
f 60/566 707/582 717/558
f 690/1190 56/1191 683/1192
f 702/1113 629/1116 714/1120
f 711/1119 629/1116 710/1112
f 710/1112 629/1116 702/1113
f 718/607 716/584 701/606
f 716/584 707/582 701/606
f 701/148 695/142 718/151
f 715/599 716/584 718/607
f 714/1120 720/1124 702/1113
f 718/1128 720/1124 714/1120
f 717/558 716/584 722/570
f 718/1128 719/1133 722/1135
f 716/584 715/599 722/570
f 707/582 716/584 717/558
f 726/550 717/558 722/570
f 714/580 629/613 725/604
f 724/1347 711/1346 944/1348
f 710/1112 709/1123 711/1119
f 706/598 690/592 713/615
f 702/1113 723/1129 695/1134
f 696/1117 703/1115 699/1114
f 723/1129 705/1136 695/1134
f 967/1125 710/1112 970/1122
f 710/1112 703/1115 942/1118
f 690/1405 712/1406 691/1407
f 686/1177 701/1178 713/1179
f 694/1187 698/1184 689/1185
f 690/592 687/619 713/615
f 699/132 678/124 670/128
f 959/135 670/128 971/127
f 694/1187 677/1189 680/1188
f 695/142 701/148 700/146
f 684/115 680/120 681/125
f 680/120 671/102 675/114
f 713/1443 701/1444 706/1445
f 691/578 692/577 690/592
f 58/565 692/577 59/555
f 59/555 692/577 691/578
f 56/576 690/592 58/565
f 687/1193 690/1190 683/1192
f 690/592 692/577 58/565
f 688/1182 689/1185 685/1183
f 683/1192 689/1196 688/1195
f 688/1195 687/1193 683/1192
f 701/1178 686/1177 697/1181
f 686/1177 688/1182 685/1183
f 708/1180 688/1182 686/1177
f 707/582 60/566 706/598
f 686/1177 713/1179 708/1180
f 687/619 708/621 713/615
f 698/1184 697/1181 685/1183
f 696/141 699/132 693/136
f 699/132 702/137 679/129
f 696/1117 704/1121 703/1115
f 701/606 707/582 706/598
f 697/1181 686/1177 685/1183
f 701/148 697/149 700/146
f 702/137 695/142 679/129
f 696/141 693/136 704/145
f 700/146 679/129 695/142
f 697/149 679/129 700/146
f 689/1185 698/1184 685/1183
f 676/1194 694/1197 689/1196
f 698/1184 679/1186 697/1181
f 56/138 681/125 676/133
f 676/1194 689/1196 683/1192
f 669/119 670/128 678/124
f 699/132 679/129 678/124
f 676/1194 677/1198 694/1197
f 676/1194 683/1192 56/1191
f 333/1371 682/1374 681/1375
f 335/1370 682/1374 333/1371
f 681/125 682/139 335/134
f 56/576 333/567 681/594
f 680/1188 679/1186 698/1184
f 675/114 668/111 678/124
f 680/1199 677/1198 676/1194
f 698/1184 694/1187 680/1188
f 672/97 668/111 675/114
f 292/116 673/104 664/98
f 667/95 662/83 665/91
f 294/106 673/104 291/121
f 291/121 673/104 292/116
f 664/98 684/115 292/116
f 684/115 674/103 671/102
f 676/133 681/125 680/120
f 684/115 681/125 292/116
f 680/120 684/115 671/102
f 679/129 680/120 678/124
f 680/120 675/114 678/124
f 972/110 667/95 973/100
f 971/127 669/119 974/123
f 672/97 675/114 671/102
f 668/111 667/95 669/119
f 668/111 672/97 667/95
f 977/101 637/96 978/112
f 637/96 665/91 659/88
f 672/97 663/92 662/83
f 672/97 671/102 663/92
f 662/83 659/88 665/91
f 634/388 666/395 659/351
f 251/79 662/83 253/63
f 659/351 666/395 637/401
f 294/106 258/89 673/104
f 294/106 283/99 258/89
f 664/98 673/104 258/89
f 674/103 663/92 671/102
f 663/92 258/89 662/83
f 973/100 665/91 975/109
f 664/98 258/89 663/92
f 674/103 664/98 663/92
f 659/88 662/83 251/79
f 258/89 253/63 662/83
f 661/311 660/338 251/326
f 251/326 394/298 661/311
f 660/338 659/351 251/326
f 774/474 805/467 786/481
f 785/1272 656/1268 648/1270
f 813/322 652/293 655/321
f 640/400 734/386 746/387
f 788/1242 806/1244 804/1245
f 753/295 765/262 820/309
f 753/295 757/281 765/262
f 37/716 654/695 653/694
f 652/293 651/241 802/279
f 651/241 765/262 766/242
f 50/329 51/353 812/364
f 814/677 654/695 657/686
f 807/1101 52/1097 780/1094
f 812/364 647/380 811/389
f 658/678 809/669 657/686
f 812/364 51/353 647/380
f 658/1147 30/1144 32/1150
f 658/832 32/831 532/829
f 781/1096 780/1094 502/1093
f 930/503 649/495 979/512
f 778/448 794/460 790/461
f 777/453 778/448 773/456
f 51/353 648/367 647/380
f 770/314 776/340 50/329
f 783/479 781/459 477/484
f 627/736 731/738 83/706
f 20/719 762/729 628/707
f 628/707 763/688 82/696
f 752/385 759/393 746/387
f 749/404 643/405 746/387
f 409/230 646/243 421/253
f 644/292 745/277 645/282
f 645/282 626/296 644/292
f 643/405 749/404 950/415
f 748/325 644/292 626/296
f 951/410 643/405 981/416
f 641/1281 733/1278 642/1280
f 639/406 734/386 640/400
f 634/388 638/394 637/401
f 733/435 637/436 638/437
f 748/325 625/324 635/337
f 636/350 635/337 625/324
f 635/337 633/366 737/352
f 638/394 634/388 633/366
f 642/1280 639/1283 641/1281
f 738/1287 734/1292 639/1290
f 745/277 421/253 646/243
f 6/769 5/772 631/770
f 722/1135 715/1137 718/1128
f 60/566 712/593 706/598
f 691/578 712/593 60/566
f 57/549 333/567 56/576
f 659/351 660/338 737/352
f 22/1448 24/1447 23/1450
f 32/831 31/833 43/827
f 42/824 44/817 39/823
f 40/820 39/823 44/817
f 40/820 531/825 43/827
f 41/821 44/817 42/824
f 764/1151 38/1153 35/1148
f 819/1139 654/1138 37/1141
f 38/730 764/708 26/720
f 36/1143 37/1141 34/1145
f 37/1141 35/1148 34/1145
f 33/1142 30/1144 657/1140
f 29/1146 30/1144 33/1142
f 31/1154 32/1150 1/1152
f 1/1152 32/1150 30/1144
f 30/1144 29/1146 2/1149
f 732/728 731/738 28/751
f 13/767 12/762 28/751
f 27/1336 762/1339 25/1340
f 18/754 20/719 19/753
f 9/764 743/740 18/754
f 16/1333 742/1331 17/1334
f 15/1332 742/1331 16/1333
f 10/763 731/738 11/768
f 631/770 731/738 6/769
f 741/1330 736/1329 742/1331
f 8/771 14/765 9/764
f 4/605 629/613 7/616
f 3/597 630/581 4/605
f 1/1152 30/1144 2/1149
f 824/837 618/840 620/838
f 825/839 620/838 621/841
f 826/864 615/860 619/850
f 827/859 619/850 843/854
f 828/907 458/910 577/908
f 829/909 577/908 622/911
f 830/1381 622/1384 577/1382
f 831/1383 577/1382 916/1385
f 832/853 428/845 609/858
f 833/862 609/858 605/868
f 834/849 428/845 832/853
f 835/844 621/841 834/849
f 836/915 606/912 828/907
f 837/775 170/774 116/778
f 838/776 468/773 837/775
f 839/948 611/939 840/951
f 840/951 611/939 838/947
f 841/1449 24/1447 21/1446
f 842/834 617/835 841/836
f 843/854 619/850 844/846
f 844/846 619/850 618/840
f 845/842 618/840 824/837
f 846/1468 613/1465 842/1467
f 847/1470 23/1469 846/1468
f 848/1378 23/1377 847/1380
f 849/876 616/871 615/860
f 849/876 850/888 987/885
f 851/872 615/860 826/864
f 852/781 116/778 853/785
f 853/785 116/778 617/790
f 854/1430 613/1428 612/1427
f 855/797 617/790 854/803
f 856/1379 612/1376 848/1378
f 857/878 605/868 604/881
f 858/874 605/868 857/878
f 859/55 242/51 181/46
f 860/57 242/51 859/55
f 861/903 403/897 988/902
f 862/901 403/897 861/903
f 863/1478 591/1479 864/1480
f 864/45 591/50 185/27
f 865/1222 588/1220 867/1219
f 866/1224 588/1220 865/1222
f 867/1219 588/1220 208/1212
f 868/1048 596/1025 886/1038
f 869/1050 596/1025 868/1048
f 870/970 603/961 600/942
f 871/971 603/961 870/970
f 872/984 104/953 873/979
f 873/979 104/953 871/971
f 874/934 602/933 601/916
f 875/957 600/942 874/934
f 876/920 606/912 836/915
f 877/927 601/916 876/920
f 878/884 604/881 879/887
f 879/887 604/881 402/883
f 880/890 402/883 607/892
f 881/896 607/892 592/898
f 882/900 592/898 862/901
f 883/894 607/892 881/896
f 884/965 600/942 875/957
f 885/1031 274/1020 872/1039
f 886/1038 596/1025 885/1031
f 887/1055 594/1040 869/1050
f 888/1005 595/1001 889/1008
f 889/1008 595/1001 890/1004
f 890/1004 595/1001 275/998
f 891/1007 275/998 299/1013
f 892/1414 593/1413 901/1416
f 893/1415 599/1411 892/1414
f 894/1223 588/1220 895/1226
f 895/1226 588/1220 866/1224
f 896/1217 208/1212 893/1214
f 897/1041 594/1040 887/1055
f 898/1032 597/1026 897/1041
f 899/1021 597/1026 898/1032
f 900/1017 299/1013 899/1021
f 901/1009 593/995 888/1005
f 903/70 902/86 1063/81
f 989/66 903/70 1064/78
f 904/64 240/47 860/57
f 905/1481 591/1479 863/1478
f 906/1423 590/1424 907/1425
f 907/21 590/17 586/13
f 908/1426 590/1424 906/1423
f 909/41 185/27 908/36
f 910/1225 587/1221 894/1223
f 911/1319 585/1315 910/1317
f 912/34 586/13 911/40
f 913/26 586/13 912/34
f 914/60 181/46 905/58
f 915/914 622/911 830/919
f 916/952 577/908 839/948
f 917/1451 21/1446 918/1453
f 918/1453 21/1446 919/1454
f 920/506 771/482 921/498
f 921/498 771/482 769/491
f 922/515 784/496 923/505
f 923/505 784/496 782/471
f 924/408 815/402 925/413
f 925/413 815/402 928/412
f 926/1275 799/1269 929/1273
f 927/1277 799/1269 926/1275
f 928/412 815/402 927/407
f 929/1273 799/1269 797/1271
f 930/503 782/471 649/495
f 931/513 782/471 930/503
f 932/1274 797/1271 980/1276
f 933/531 797/525 934/524
f 934/524 797/525 775/497
f 935/520 649/495 1065/528
f 936/508 769/491 784/496
f 937/516 775/497 920/506
f 938/526 784/496 939/523
f 939/523 784/496 922/515
f 940/625 727/626 941/628
f 941/628 727/626 965/629
f 942/1118 703/1115 704/1121
f 943/1126 704/1121 969/1130
f 944/1348 711/1346 945/1350
f 945/1350 711/1346 963/1351
f 946/420 749/404 947/418
f 947/418 749/404 949/414
f 948/409 758/399 924/408
f 949/414 749/404 948/409
f 950/415 749/404 946/420
f 951/410 640/400 643/405
f 952/422 733/417 951/410
f 953/419 643/405 950/415
f 954/421 643/405 953/419
f 955/424 733/417 956/423
f 956/423 733/417 952/422
f 957/425 637/401 955/424
f 958/144 704/145 693/136
f 959/135 693/136 670/128
f 960/623 7/616 961/620
f 961/620 7/616 629/613
f 962/1127 709/1123 968/1131
f 963/1132 711/1119 962/1127
f 964/622 629/613 940/625
f 965/629 727/626 724/627
f 966/1349 724/1347 944/1348
f 967/1125 709/1123 710/1112
f 968/1131 709/1123 967/1125
f 969/150 704/145 958/144
f 970/1122 710/1112 942/1118
f 971/127 670/128 669/119
f 972/110 669/119 667/95
f 973/100 667/95 665/91
f 974/123 669/119 972/110
f 975/109 665/91 976/113
f 976/113 665/91 977/101
f 977/101 665/91 637/96
f 978/426 637/401 957/425
f 979/512 649/495 935/520
f 980/534 797/525 933/531
f 981/416 643/405 954/421
f 982/848 620/838 990/843
f 983/852 428/845 982/848
f 984/870 470/855 614/866
f 985/875 614/866 616/871
f 986/879 616/871 849/876
f 987/1352 850/1353 1061/1354
f 988/902 403/897 1048/899
f 989/66 240/47 903/70
f 990/843 620/838 618/840
f 991/847 618/840 992/851
f 992/851 618/840 993/856
f 993/856 618/840 470/855
f 994/1103 477/1092 478/1098
f 995/1106 477/1092 994/1103
f 996/359 465/333 997/344
f 997/344 465/333 466/307
f 998/341 546/342 550/316
f 999/381 526/368 998/341
f 1000/1104 478/1098 491/1102
f 1001/1108 491/1102 120/1110
f 1002/499 511/483 130/509
f 1003/492 511/483 1002/499
f 1004/865 470/855 1029/869
f 1005/857 428/845 983/852
f 1006/357 426/343 1040/370
f 1007/358 466/307 1006/357
f 1008/331 550/316 1009/306
f 1009/306 550/316 132/248
f 1010/287 132/248 580/271
f 1011/305 580/271 549/315
f 1012/330 549/315 465/333
f 1013/354 465/333 996/359
f 1014/397 515/390 999/381
f 1015/527 514/529 1021/533
f 1016/518 130/509 1015/527
f 1017/403 515/390 1014/397
f 1018/1400 485/1398 1020/1395
f 1019/1401 485/1398 1018/1400
f 1020/1395 485/1398 176/1396
f 1021/533 514/529 515/535
f 1022/478 511/483 1003/492
f 1023/470 475/464 1022/478
f 1024/1166 120/1161 119/1158
f 1025/1160 485/1157 1019/1165
f 1026/1164 119/1158 1025/1160
f 1027/477 176/462 1023/470
f 1028/1397 176/1396 1027/1399
f 1029/869 470/855 984/870
f 1030/891 402/883 1047/889
f 1031/895 404/893 1030/891
f 1032/361 391/347 405/374
f 1033/382 405/374 1045/391
f 1034/73 243/61 989/66
f 1035/77 243/61 1034/73
f 1036/363 419/348 1042/362
f 1037/356 411/320 1036/363
f 1038/861 428/845 1005/857
f 1039/873 427/867 1038/861
f 1040/370 426/343 1037/356
f 1041/880 432/877 1039/873
f 1042/362 419/348 399/335
f 1043/375 399/335 1044/373
f 1044/373 399/335 1032/361
f 1045/391 405/374 1046/398
f 1046/398 405/374 1035/392
f 1047/889 402/883 1049/886
f 1048/899 403/897 1031/895
f 1049/886 402/883 1041/880
f 1050/536 515/535 1017/537
f 1051/511 795/485 1053/502
f 1052/521 650/504 1051/511
f 1053/502 795/485 1054/494
f 1054/494 795/485 783/479
f 1055/514 650/504 1052/521
f 1056/500 783/479 995/493
f 1057/501 783/479 1059/510
f 1058/522 649/495 1055/514
f 1059/510 783/479 1056/500
f 1060/882 849/876 987/885
f 1062/904 861/903 988/902
f 1063/906 902/905 1062/904
f 1064/78 903/70 1063/81
f 1065/528 649/495 1058/522
f 1066/530 935/520 1065/528
usemtl Tile_+031_+021_L19_000232_untextured
