mtllib Tile_+031_+021_L21_00023300.mtl
v 6.12385499e+03 5.25000000e+03 1.70290948e+01
v 6.12434324e+03 5.25000000e+03 1.73068741e+01
v 6.12251675e+03 5.25000000e+03 1.72057092e+01
v 6.12254985e+03 5.25000000e+03 1.72023729e+01
v 6.12334182e+03 5.25000000e+03 1.71432552e+01
v 6.12357537e+03 5.25000000e+03 1.70878542e+01
v 6.12338231e+03 5.24990713e+03 1.71397248e+01
v 6.12254103e+03 5.24998991e+03 1.72029765e+01
v 6.12476897e+03 5.25000000e+03 1.75818259e+01
v 6.12386967e+03 5.24957766e+03 1.70774060e+01
v 6.12503627e+03 5.25000000e+03 1.77727608e+01
v 6.12492328e+03 5.24988799e+03 1.77017389e+01
v 6.11637736e+03 5.25000000e+03 2.30002475e+01
v 6.11631238e+03 5.25000000e+03 2.23520687e+01
v 6.11636560e+03 5.24995181e+03 2.31395793e+01
v 6.11653644e+03 5.25000000e+03 2.55055541e+01
v 6.11654625e+03 5.25000000e+03 2.54954650e+01
v 6.11680018e+03 5.25000000e+03 2.51282000e+01
v 6.11682778e+03 5.25000000e+03 2.49377537e+01
v 6.11658438e+03 5.24984373e+03 2.49814466e+01
v 6.11652278e+03 5.25000000e+03 2.55182897e+01
v 6.11652274e+03 5.24998516e+03 2.54996677e+01
v 6.11656755e+03 5.25000000e+03 2.54771159e+01
v 6.11651280e+03 5.25000000e+03 2.77359503e+01
v 6.11635012e+03 5.25000000e+03 2.69174171e+01
v 6.11650072e+03 5.24995892e+03 2.79012346e+01
v 6.11638825e+03 5.25000000e+03 2.62136446e+01
v 6.11638924e+03 5.25000000e+03 2.57821878e+01
v 6.11619398e+03 5.24973772e+03 2.58372276e+01
v 6.11659116e+03 5.25000000e+03 2.20813711e+01
v 6.11661195e+03 5.25000000e+03 2.20662074e+01
v 6.11660155e+03 5.24998730e+03 2.20601283e+01
v 6.11637426e+03 5.25000000e+03 2.94446005e+01
v 6.11645275e+03 5.25000000e+03 2.91221260e+01
v 6.11650809e+03 5.25000000e+03 2.88745606e+01
v 6.11663089e+03 5.25000000e+03 2.87328969e+01
v 6.11640862e+03 5.24982953e+03 2.86888981e+01
v 6.11689742e+03 5.25000000e+03 1.72864766e+01
v 6.11702973e+03 5.25000000e+03 1.72895224e+01
v 6.11725004e+03 5.25000000e+03 1.73557140e+01
v 6.11739324e+03 5.24982620e+03 1.73072854e+01
v 6.11693823e+03 5.25000000e+03 3.20142834e+01
v 6.11694703e+03 5.25000000e+03 3.19392478e+01
v 6.11690142e+03 5.24997055e+03 3.19941926e+01
v 6.11691474e+03 5.25000000e+03 3.20586720e+01
v 6.11661992e+03 5.25000000e+03 3.55955725e+01
v 6.11683409e+03 5.25000000e+03 3.52680435e+01
v 6.11648016e+03 5.24948122e+03 3.50204517e+01
v 6.12040505e+03 5.25000000e+03 1.72100654e+01
v 6.12072826e+03 5.25000000e+03 1.71966065e+01
v 6.12128973e+03 5.25000000e+03 1.71797650e+01
v 6.12105202e+03 5.24912465e+03 1.71549841e+01
v 6.09688649e+03 5.25000000e+03 3.96804915e+01
v 6.09698374e+03 5.25000000e+03 3.99343503e+01
v 6.09704945e+03 5.25000000e+03 3.99944594e+01
v 6.09724182e+03 5.25000000e+03 4.00647663e+01
v 6.09696277e+03 5.24986606e+03 3.95244788e+01
v 6.09763738e+03 5.25000000e+03 4.01636201e+01
v 6.09772178e+03 5.25000000e+03 4.01318773e+01
v 6.09785223e+03 5.25000000e+03 3.96997705e+01
v 6.09787756e+03 5.25000000e+03 3.95461559e+01
v 6.09621976e+03 5.25000000e+03 3.93569132e+01
v 6.09640126e+03 5.25000000e+03 3.92703471e+01
v 6.09747230e+03 5.25000000e+03 4.01073453e+01
v 6.09751348e+03 5.25000000e+03 4.01071108e+01
v 6.09751348e+03 5.24996036e+03 4.00838657e+01
v 6.09552815e+03 5.25000000e+03 3.92460917e+01
v 6.09566777e+03 5.25000000e+03 3.94070706e+01
v 6.09786904e+03 5.25000000e+03 3.94122328e+01
v 6.09659753e+03 5.25000000e+03 3.93757274e+01
v 6.09385576e+03 5.25000000e+03 3.89247562e+01
v 6.09414737e+03 5.25000000e+03 3.88200396e+01
v 6.09435790e+03 5.25000000e+03 3.87234593e+01
v 6.09772150e+03 5.25000000e+03 3.78392293e+01
v 6.09975153e+03 5.25000000e+03 3.73934591e+01
v 6.09986401e+03 5.25000000e+03 3.74568559e+01
v 6.09781038e+03 5.25000000e+03 3.76915325e+01
v 6.09809551e+03 5.25000000e+03 3.72170341e+01
v 6.09821835e+03 5.25000000e+03 3.71246490e+01
v 6.09839996e+03 5.25000000e+03 3.70038244e+01
v 6.09823314e+03 5.24973327e+03 3.74727053e+01
v 6.09840573e+03 5.24892357e+03 3.86540819e+01
v 6.09686996e+03 5.25000000e+03 3.94605360e+01
v 6.09530764e+03 5.25000000e+03 3.91906148e+01
v 6.09519012e+03 5.24980182e+03 3.92446112e+01
v 6.09893894e+03 5.25000000e+03 3.70997917e+01
v 6.09944462e+03 5.25000000e+03 3.72660416e+01
v 6.09976089e+03 5.24985093e+03 3.74297273e+01
v 6.09781242e+03 5.25000000e+03 4.00868044e+01
v 6.09791779e+03 5.24981251e+03 4.00452524e+01
v 6.10070263e+03 5.25000000e+03 3.78297127e+01
v 6.10099911e+03 5.25000000e+03 3.78688151e+01
v 6.11640282e+03 5.25000000e+03 2.95505408e+01
v 6.11700474e+03 5.25000000e+03 2.11060932e+01
v 6.11689228e+03 5.25000000e+03 2.09707060e+01
v 6.11641042e+03 5.25000000e+03 2.31775083e+01
v 6.11630111e+03 5.25000000e+03 1.96006965e+01
v 6.11629080e+03 5.25000000e+03 1.90710479e+01
v 6.11651793e+03 5.25000000e+03 2.05815892e+01
v 6.11643754e+03 5.25000000e+03 2.02712340e+01
v 6.11355001e+03 5.25000000e+03 3.67061448e+01
v 6.11365718e+03 5.25000000e+03 3.66736963e+01
v 6.10730709e+03 5.25000000e+03 3.86852113e+01
v 6.10806250e+03 5.25000000e+03 3.84647311e+01
v 6.10640687e+03 5.25000000e+03 3.89760666e+01
v 6.10700397e+03 5.24919472e+03 3.83624338e+01
v 6.10530017e+03 5.25000000e+03 3.91122427e+01
v 6.10604753e+03 5.25000000e+03 3.91147472e+01
v 6.10519010e+03 5.24938850e+03 3.91546805e+01
v 6.10351128e+03 5.25000000e+03 3.86339625e+01
v 6.10405585e+03 5.25000000e+03 3.88680433e+01
v 6.10435013e+03 5.25000000e+03 3.90248477e+01
v 6.10455976e+03 5.25000000e+03 3.90416767e+01
v 6.10422304e+03 5.24989689e+03 3.90234955e+01
v 6.10853457e+03 5.25000000e+03 3.83269837e+01
v 6.10863430e+03 5.25000000e+03 3.82888263e+01
v 6.11367431e+03 5.25000000e+03 3.66659325e+01
v 6.11359413e+03 5.24997015e+03 3.66772163e+01
v 6.11478695e+03 5.25000000e+03 3.63799631e+01
v 6.11519144e+03 5.25000000e+03 3.63168633e+01
v 6.11564380e+03 5.25000000e+03 3.61415539e+01
v 6.11478090e+03 5.24975935e+03 3.63063569e+01
v 6.11743556e+03 5.25000000e+03 3.46041377e+01
v 6.11745295e+03 5.25000000e+03 3.45830549e+01
v 6.11723584e+03 5.25000000e+03 3.49281055e+01
v 6.11711269e+03 5.24983383e+03 3.48248587e+01
v 6.11744406e+03 5.25000000e+03 3.45785819e+01
v 6.11731511e+03 5.25000000e+03 3.42707423e+01
v 6.11712017e+03 5.25000000e+03 3.41015560e+01
v 6.11704071e+03 5.24971690e+03 3.45134608e+01
v 6.11677321e+03 5.25000000e+03 3.36750361e+01
v 6.11667235e+03 5.25000000e+03 3.33741424e+01
v 6.11659182e+03 5.25000000e+03 3.27679482e+01
v 6.11661958e+03 5.25000000e+03 3.27296826e+01
v 6.11676211e+03 5.25000000e+03 3.24132543e+01
v 6.11706131e+03 5.25000000e+03 3.50571096e+01
v 6.10900604e+03 5.25000000e+03 3.81766842e+01
v 6.11144961e+03 5.25000000e+03 3.73901416e+01
v 6.11179082e+03 5.24882701e+03 3.67068219e+01
v 6.11656646e+03 5.25000000e+03 2.80423092e+01
v 6.11658192e+03 5.25000000e+03 2.79750478e+01
v 6.11656333e+03 5.25000000e+03 2.78857534e+01
v 6.11656711e+03 5.25000000e+03 3.32364195e+01
v 6.11627580e+03 5.24972286e+03 3.35624142e+01
v 6.11658286e+03 5.25000000e+03 3.28454591e+01
v 6.11634232e+03 5.24991012e+03 3.31716127e+01
v 6.11650687e+03 5.25000000e+03 3.04079813e+01
v 6.11638020e+03 5.25000000e+03 2.98880765e+01
v 6.11615806e+03 5.24964697e+03 3.03712347e+01
v 6.11694257e+03 5.25000000e+03 3.11736012e+01
v 6.11670865e+03 5.25000000e+03 3.08796964e+01
v 6.11667719e+03 5.24982981e+03 3.11815723e+01
v 6.11621737e+03 5.25000000e+03 3.59201156e+01
v 6.11562337e+03 5.24959820e+03 3.58662921e+01
v 6.10473742e+03 5.25000000e+03 3.90583498e+01
v 6.10290108e+03 5.25000000e+03 3.83483080e+01
v 6.10329945e+03 5.25000000e+03 3.84890793e+01
v 6.10277593e+03 5.24963532e+03 3.84803175e+01
v 6.10196992e+03 5.25000000e+03 3.79937439e+01
v 6.10242275e+03 5.25000000e+03 3.81544552e+01
v 6.11955745e+03 5.25000000e+03 1.72624821e+01
v 6.11883257e+03 5.25000000e+03 1.72210537e+01
v 6.11860687e+03 5.24899309e+03 1.72890421e+01
v 6.11758364e+03 5.25000000e+03 1.72998653e+01
v 6.11804364e+03 5.25000000e+03 1.72896801e+01
v 6.11757400e+03 5.25000000e+03 1.73008085e+01
v 6.11678920e+03 5.25000000e+03 1.79938736e+01
v 6.11681310e+03 5.25000000e+03 1.73576986e+01
v 6.11687032e+03 5.25000000e+03 1.72932792e+01
v 6.11629114e+03 5.24965087e+03 1.77874751e+01
v 6.12137841e+03 5.25000000e+03 1.71806855e+01
v 6.12184581e+03 5.25000000e+03 1.72353434e+01
v 6.12172668e+03 5.24959510e+03 1.71739794e+01
v 6.11642367e+03 5.25000000e+03 1.87737387e+01
v 6.11591366e+03 5.24951135e+03 1.89029696e+01
v 6.11660769e+03 5.25000000e+03 1.85707950e+01
v 6.11669042e+03 5.25000000e+03 1.82868776e+01
v 6.11639912e+03 5.24988288e+03 1.85860925e+01
v 6.11674756e+03 5.25000000e+03 2.08320200e+01
v 6.11682292e+03 5.24990319e+03 2.10262665e+01
v 6.11661634e+03 5.25000000e+03 2.20642412e+01
v 6.11665707e+03 5.25000000e+03 2.20237252e+01
v 6.11632413e+03 5.25000000e+03 1.97738004e+01
v 6.11608678e+03 5.24958140e+03 1.98871813e+01
v 6.11712833e+03 5.25000000e+03 2.15057616e+01
v 6.11717123e+03 5.25000000e+03 2.13371916e+01
v 6.11710054e+03 5.24992012e+03 2.13814360e+01
v 6.11636738e+03 5.25000000e+03 2.38072499e+01
v 6.11632843e+03 5.25000000e+03 2.37205534e+01
v 6.11630747e+03 5.24998197e+03 2.37341396e+01
v 6.10141598e+03 5.25000000e+03 3.79400379e+01
v 6.10150716e+03 5.25000000e+03 3.79235236e+01
v 6.10140937e+03 5.24959746e+03 3.80138060e+01
v 6.09876250e+03 5.25000000e+03 3.70909360e+01
v 6.09864163e+03 5.24972493e+03 3.72121287e+01
v 6.10040627e+03 5.25000000e+03 3.77167253e+01
v 6.10080211e+03 5.24916612e+03 3.80310929e+01
v 6.09452659e+03 5.25000000e+03 3.87353433e+01
v 6.09439738e+03 5.24964456e+03 3.88417673e+01
v 6.09490974e+03 5.25000000e+03 3.88916931e+01
v 6.10172538e+03 5.25000000e+03 3.79755935e+01
v 6.10180095e+03 5.24977632e+03 3.80567595e+01
v 6.09375159e+03 5.25000000e+03 3.90168586e+01
v 6.09395753e+03 5.24971335e+03 3.89781364e+01
v 6.09496268e+03 5.25000000e+03 3.89210945e+01
v 6.09492125e+03 5.24997338e+03 3.89083069e+01
v 6.09650180e+03 5.24972912e+03 3.94168114e+01
v 6.09588824e+03 5.25000000e+03 3.93851938e+01
v 6.09604922e+03 5.24986235e+03 3.95370489e+01
v 6.09971694e+03 5.23908479e+03 2.26104731e+01
v 6.09994238e+03 5.23973155e+03 2.14551031e+01
v 6.09918283e+03 5.23887669e+03 2.19959818e+01
v 6.10016075e+03 5.21906445e+03 1.80916946e+01
v 6.10141103e+03 5.24045928e+03 2.10228331e+01
v 6.10151160e+03 5.24048576e+03 2.04093537e+01
v 6.10113812e+03 5.24020679e+03 2.03578479e+01
v 6.09771305e+03 5.23799587e+03 1.90962697e+01
v 6.09785216e+03 5.23825237e+03 1.85273374e+01
v 6.09738397e+03 5.23776338e+03 1.84200878e+01
v 6.10110315e+03 5.24008857e+03 1.80867317e+01
v 6.10159849e+03 5.24058955e+03 1.85798594e+01
v 6.10154487e+03 5.24048272e+03 1.80303579e+01
v 6.10156064e+03 5.22670796e+03 1.81363984e+01
v 6.10082217e+03 5.22688387e+03 1.79573446e+01
v 6.10156378e+03 5.22724743e+03 1.80077594e+01
v 6.09381236e+03 5.23509303e+03 2.24264041e+01
v 6.09385528e+03 5.23519256e+03 2.30136954e+01
v 6.09415438e+03 5.23556220e+03 2.28990512e+01
v 6.09902584e+03 5.23566495e+03 1.79086359e+01
v 6.09968784e+03 5.23585947e+03 1.78637247e+01
v 6.09981153e+03 5.23550896e+03 1.79117211e+01
v 6.09900701e+03 5.24648068e+03 3.97630440e+01
v 6.09914332e+03 5.24617448e+03 4.03562049e+01
v 6.09923617e+03 5.24610334e+03 3.98082800e+01
v 6.09669009e+03 5.23523161e+03 1.79623182e+01
v 6.09796562e+03 5.23511541e+03 1.80877962e+01
v 6.09748600e+03 5.23401859e+03 1.81008223e+01
v 6.09916278e+03 5.22340535e+03 1.87197073e+01
v 6.09835257e+03 5.22295896e+03 1.89573234e+01
v 6.09871499e+03 5.22347452e+03 1.87011820e+01
v 6.09522738e+03 5.23638437e+03 3.39687955e+01
v 6.09544888e+03 5.23691609e+03 3.45754845e+01
v 6.09587125e+03 5.23657834e+03 3.38362821e+01
v 6.09945107e+03 5.22274626e+03 1.87169174e+01
v 6.09962053e+03 5.22369394e+03 1.85212365e+01
v 6.09700868e+03 5.24490091e+03 4.11909055e+01
v 6.09712125e+03 5.24512006e+03 4.10078489e+01
v 6.09721003e+03 5.24494566e+03 4.08249640e+01
v 6.09725338e+03 5.24715726e+03 4.03632306e+01
v 6.09679553e+03 5.24770922e+03 4.01678949e+01
v 6.09737314e+03 5.24776898e+03 4.01707921e+01
v 6.09555811e+03 5.24981441e+03 3.96442309e+01
v 6.09953583e+03 5.23921777e+03 2.14860063e+01
v 6.09983100e+03 5.23973449e+03 2.07869388e+01
v 6.09948232e+03 5.23920099e+03 2.05012672e+01
v 6.12487356e+03 5.22780074e+03 1.92588532e+01
v 6.12490208e+03 5.23178513e+03 1.92944142e+01
v 6.12491069e+03 5.23188315e+03 1.90994334e+01
v 6.12482766e+03 5.23114211e+03 1.93900651e+01
v 6.12429274e+03 5.22858717e+03 1.92523765e+01
v 6.12498822e+03 5.23152549e+03 1.94378835e+01
v 6.12462354e+03 5.23169604e+03 1.83638158e+01
v 6.12451927e+03 5.23165607e+03 1.92449232e+01
v 6.12487108e+03 5.24823718e+03 1.70902768e+01
v 6.12499798e+03 5.24863621e+03 1.71841262e+01
v 6.12356573e+03 5.24013826e+03 1.72396752e+01
v 6.12495487e+03 5.24041466e+03 1.73354579e+01
v 6.12450987e+03 5.23987069e+03 1.75141238e+01
v 6.12474594e+03 5.23842078e+03 1.78222816e+01
v 6.12443925e+03 5.23893347e+03 1.79705626e+01
v 6.12414078e+03 5.24898198e+03 1.69798126e+01
v 6.12446468e+03 5.24852264e+03 1.70157128e+01
v 6.12427205e+03 5.23933570e+03 1.78727025e+01
v 6.12505675e+03 5.23933012e+03 1.79208869e+01
v 6.12331628e+03 5.23575988e+03 1.73832724e+01
v 6.12472280e+03 5.23479840e+03 1.73345053e+01
v 6.12432906e+03 5.23705514e+03 1.74097022e+01
v 6.12484207e+03 5.23798315e+03 1.75698473e+01
v 6.12394321e+03 5.22940891e+03 2.52401832e+01
v 6.12345413e+03 5.23015445e+03 2.39130460e+01
v 6.12422977e+03 5.22879878e+03 2.61543624e+01
v 6.12278771e+03 5.23116398e+03 1.94984547e+01
v 6.12285679e+03 5.23109492e+03 1.91514406e+01
v 6.12306804e+03 5.23083835e+03 1.94384131e+01
v 6.12188831e+03 5.23082144e+03 2.61469193e+01
v 6.12217151e+03 5.23087470e+03 2.67916722e+01
v 6.12174947e+03 5.23043924e+03 2.63988809e+01
v 6.12255768e+03 5.23123784e+03 1.76117919e+01
v 6.12311235e+03 5.23161311e+03 1.77554305e+01
v 6.12302770e+03 5.23131493e+03 1.80228658e+01
v 6.12286350e+03 5.23112224e+03 1.83774299e+01
v 6.12245356e+03 5.23104764e+03 1.80012474e+01
v 6.12338672e+03 5.23015641e+03 1.95614168e+01
v 6.12285477e+03 5.23106296e+03 2.02810953e+01
v 6.12265008e+03 5.23795052e+03 1.80400076e+01
v 6.12254206e+03 5.23731692e+03 1.76359211e+01
v 6.12219611e+03 5.23786411e+03 1.75547433e+01
v 6.12313431e+03 5.24738136e+03 1.74051778e+01
v 6.12366792e+03 5.24806866e+03 1.75856363e+01
v 6.12349154e+03 5.24750049e+03 1.72104000e+01
v 6.12156628e+03 5.24433726e+03 1.71787872e+01
v 6.12254074e+03 5.24492892e+03 1.72349327e+01
v 6.12253980e+03 5.24330539e+03 1.72339171e+01
v 6.12178340e+03 5.23779209e+03 1.73823310e+01
v 6.12155058e+03 5.23730270e+03 1.72872582e+01
v 6.12151811e+03 5.23821923e+03 1.73601686e+01
v 6.12176443e+03 5.23057832e+03 1.82202093e+01
v 6.12113688e+03 5.23043037e+03 1.92549486e+01
v 6.12414287e+03 5.23165078e+03 1.80863460e+01
v 6.12388991e+03 5.23133556e+03 1.85268795e+01
v 6.12232573e+03 5.23114619e+03 1.94093641e+01
v 6.12252595e+03 5.23113804e+03 1.88116024e+01
v 6.12226517e+03 5.23228788e+03 1.73892508e+01
v 6.12232587e+03 5.23369571e+03 1.75408644e+01
v 6.12329535e+03 5.23298364e+03 1.75558671e+01
v 6.12296076e+03 5.23100372e+03 2.58552113e+01
v 6.12288075e+03 5.23095213e+03 2.46827218e+01
v 6.12255070e+03 5.23063193e+03 3.01302210e+01
v 6.12306731e+03 5.23055787e+03 3.01209049e+01
v 6.12294982e+03 5.23025322e+03 3.02293424e+01
v 6.12496979e+03 5.22765136e+03 3.09711442e+01
v 6.12460417e+03 5.22827217e+03 3.07286987e+01
v 6.12473185e+03 5.22812304e+03 3.03502265e+01
v 6.12280263e+03 5.23125258e+03 2.78860339e+01
v 6.12304900e+03 5.23092762e+03 2.81139817e+01
v 6.12268876e+03 5.23116740e+03 2.83504727e+01
v 6.12214332e+03 5.23109033e+03 2.58018668e+01
v 6.12173945e+03 5.23080199e+03 2.56115842e+01
v 6.12266874e+03 5.23117665e+03 2.46550529e+01
v 6.12178641e+03 5.23040582e+03 2.67901185e+01
v 6.12155612e+03 5.22917512e+03 3.02008458e+01
v 6.12196834e+03 5.22909818e+03 3.03107252e+01
v 6.12260354e+03 5.23133456e+03 2.13076663e+01
v 6.12261662e+03 5.23121049e+03 2.05116922e+01
v 6.12169935e+03 5.23057831e+03 2.48251018e+01
v 6.12181640e+03 5.23074388e+03 2.41043807e+01
v 6.12287438e+03 5.23116717e+03 2.35094284e+01
v 6.12267490e+03 5.23123762e+03 2.38149302e+01
v 6.12148788e+03 5.23046977e+03 2.47154575e+01
v 6.12137792e+03 5.23023000e+03 2.32676239e+01
v 6.12173496e+03 5.23053253e+03 2.35225535e+01
v 6.12146613e+03 5.23033580e+03 2.37128782e+01
v 6.12277831e+03 5.23127818e+03 2.30888220e+01
v 6.12245800e+03 5.23117788e+03 2.36632497e+01
v 6.12360785e+03 5.22994835e+03 2.74268939e+01
v 6.12308807e+03 5.23078664e+03 2.68322316e+01
v 6.12389444e+03 5.22945571e+03 3.02692939e+01
v 6.12340230e+03 5.22998664e+03 2.93101473e+01
v 6.12396726e+03 5.22906269e+03 2.95736637e+01
v 6.12404418e+03 5.22905448e+03 1.94211852e+01
v 6.12407202e+03 5.22898532e+03 2.18682028e+01
v 6.12222766e+03 5.23131302e+03 2.14091141e+01
v 6.12256564e+03 5.23121203e+03 2.21012466e+01
v 6.12218580e+03 5.23106444e+03 2.20937543e+01
v 6.12443544e+03 5.22872415e+03 1.88502245e+01
v 6.12402772e+03 5.22940144e+03 1.91241461e+01
v 6.12162708e+03 5.23075431e+03 1.93354497e+01
v 6.12458899e+03 5.22828714e+03 2.38985612e+01
v 6.12183134e+03 5.23081973e+03 2.14134065e+01
v 6.12269289e+03 5.23127679e+03 2.25024200e+01
v 6.12293803e+03 5.23106003e+03 2.24471765e+01
v 6.12317695e+03 5.23056651e+03 2.98435937e+01
v 6.12352225e+03 5.22996392e+03 3.03188722e+01
v 6.12168147e+03 5.23079221e+03 2.26810838e+01
v 6.12139887e+03 5.23057340e+03 2.27348256e+01
v 6.12199781e+03 5.23086788e+03 2.32420980e+01
v 6.12172644e+03 5.23077573e+03 2.21126170e+01
v 6.12146758e+03 5.23043378e+03 2.12723077e+01
v 6.12139478e+03 5.23058741e+03 2.25072420e+01
v 6.12267654e+03 5.23123011e+03 2.28068234e+01
v 6.12335649e+03 5.23017183e+03 2.14738259e+01
v 6.12227297e+03 5.23102774e+03 2.48658583e+01
v 6.12203099e+03 5.23079181e+03 2.99684191e+01
v 6.12245417e+03 5.23111026e+03 2.98976269e+01
v 6.12143980e+03 5.23056614e+03 2.94047438e+01
v 6.12176619e+03 5.23081650e+03 2.97877152e+01
v 6.12148700e+03 5.23059720e+03 2.98207905e+01
v 6.12139779e+03 5.23022690e+03 2.73885236e+01
v 6.12155308e+03 5.23020751e+03 2.67926195e+01
v 6.12244072e+03 5.23112409e+03 2.64830790e+01
v 6.12128590e+03 5.23034125e+03 2.61134268e+01
v 6.12157335e+03 5.23012429e+03 2.64607126e+01
v 6.12151562e+03 5.23015982e+03 2.63238994e+01
v 6.12122573e+03 5.23005094e+03 2.64683474e+01
v 6.12454129e+03 5.22855267e+03 3.03677292e+01
v 6.12446019e+03 5.22814485e+03 2.95190242e+01
v 6.12276670e+03 5.23118941e+03 2.68915698e+01
v 6.12261623e+03 5.23119962e+03 2.61786225e+01
v 6.12415215e+03 5.22903631e+03 2.87277302e+01
v 6.12262159e+03 5.23122787e+03 2.67938570e+01
v 6.12310064e+03 5.23682087e+03 1.74300849e+01
v 6.12334977e+03 5.23702178e+03 1.76384221e+01
v 6.12330377e+03 5.23664414e+03 1.73657330e+01
v 6.12322705e+03 5.23745230e+03 1.82248546e+01
v 6.12363482e+03 5.23748814e+03 1.83148632e+01
v 6.12311753e+03 5.23717619e+03 1.79278670e+01
v 6.12429552e+03 5.23824894e+03 1.80910548e+01
v 6.12376425e+03 5.23835815e+03 1.80997557e+01
v 6.12393158e+03 5.23879960e+03 1.80944945e+01
v 6.12401057e+03 5.23771177e+03 1.81289483e+01
v 6.12354640e+03 5.23761457e+03 1.83110386e+01
v 6.12318096e+03 5.23787363e+03 1.81641016e+01
v 6.12284455e+03 5.23752724e+03 1.80318278e+01
v 6.12235864e+03 5.23825386e+03 1.76274128e+01
v 6.12267144e+03 5.23823126e+03 1.79974023e+01
v 6.12160120e+03 5.23080290e+03 1.75153692e+01
v 6.12207632e+03 5.23095594e+03 1.76004734e+01
v 6.12169579e+03 5.23059418e+03 1.78730485e+01
v 6.12378332e+03 5.23966337e+03 1.74346069e+01
v 6.12304627e+03 5.23897859e+03 1.74800832e+01
v 6.12283985e+03 5.23846083e+03 1.80279005e+01
v 6.12336639e+03 5.23888566e+03 1.78129764e+01
v 6.12278983e+03 5.23852950e+03 1.77895043e+01
v 6.12317358e+03 5.23220435e+03 1.76180382e+01
v 6.12405481e+03 5.23135838e+03 1.89837623e+01
v 6.12321272e+03 5.23088500e+03 1.90304304e+01
v 6.12267715e+03 5.23121602e+03 1.92522194e+01
v 6.12207239e+03 5.24694046e+03 1.79501655e+01
v 6.12150462e+03 5.24677479e+03 1.80070679e+01
v 6.12166719e+03 5.24708837e+03 1.80919769e+01
v 6.12188283e+03 5.24747365e+03 1.80218863e+01
v 6.12284403e+03 5.24802227e+03 1.79772028e+01
v 6.12296081e+03 5.24749977e+03 1.78580907e+01
v 6.12245075e+03 5.24738646e+03 1.80574844e+01
v 6.12150197e+03 5.24737340e+03 1.79821400e+01
v 6.12129112e+03 5.24716681e+03 1.80054419e+01
v 6.12216319e+03 5.23103768e+03 2.00461352e+01
v 6.12214359e+03 5.23097648e+03 2.05472636e+01
v 6.12169699e+03 5.23063028e+03 2.00211835e+01
v 6.12455859e+03 5.23152882e+03 1.95170966e+01
v 6.12373113e+03 5.23015968e+03 1.91708054e+01
v 6.12448687e+03 5.22954003e+03 1.87718847e+01
v 6.12152390e+03 5.23063393e+03 1.97207910e+01
v 6.12154939e+03 5.23033552e+03 2.03313091e+01
v 6.12334537e+03 5.23119463e+03 1.83357045e+01
v 6.12377937e+03 5.23072226e+03 1.92740085e+01
v 6.12345960e+03 5.23058300e+03 1.92891241e+01
v 6.12368291e+03 5.23102091e+03 1.90603189e+01
v 6.12406250e+03 5.23107346e+03 1.93291289e+01
v 6.12427493e+03 5.23067207e+03 1.91945250e+01
v 6.12438876e+03 5.23103261e+03 1.94244432e+01
v 6.12421038e+03 5.23026415e+03 1.89092842e+01
v 6.12180985e+03 5.24650687e+03 1.73443424e+01
v 6.12153220e+03 5.24650498e+03 1.75755144e+01
v 6.12198130e+03 5.24666962e+03 1.74896715e+01
v 6.12255480e+03 5.24688891e+03 1.72944518e+01
v 6.12238016e+03 5.24697593e+03 1.75355659e+01
v 6.12260319e+03 5.24948992e+03 1.71853065e+01
v 6.12296213e+03 5.24960046e+03 1.73001837e+01
v 6.12265096e+03 5.24920114e+03 1.75815019e+01
v 6.12327548e+03 5.24658534e+03 1.71456913e+01
v 6.12428330e+03 5.24800020e+03 1.71246856e+01
v 6.12387423e+03 5.24817892e+03 1.73375432e+01
v 6.12327324e+03 5.24777137e+03 1.78831298e+01
v 6.12206942e+03 5.24845311e+03 1.78931615e+01
v 6.12251368e+03 5.24874331e+03 1.79213682e+01
v 6.12209342e+03 5.24812986e+03 1.78607327e+01
v 6.12173692e+03 5.24857464e+03 1.79743462e+01
v 6.12185487e+03 5.24881430e+03 1.77944195e+01
v 6.12215869e+03 5.24882719e+03 1.79368300e+01
v 6.12235089e+03 5.24902785e+03 1.78008105e+01
v 6.12366827e+03 5.24886563e+03 1.77378881e+01
v 6.12363918e+03 5.24828605e+03 1.77595238e+01
v 6.12332669e+03 5.24875434e+03 1.79563170e+01
v 6.12246538e+03 5.24710170e+03 1.79194882e+01
v 6.12294864e+03 5.24890601e+03 1.78673311e+01
v 6.12178966e+03 5.24666928e+03 1.78118071e+01
v 6.12176163e+03 5.24911083e+03 1.73247596e+01
v 6.12403848e+03 5.24849423e+03 1.70880915e+01
v 6.12136700e+03 5.24783131e+03 1.79059432e+01
v 6.12392698e+03 5.24327164e+03 1.71960001e+01
v 6.12486801e+03 5.24432708e+03 1.71534275e+01
v 6.12452881e+03 5.24369266e+03 1.70991762e+01
v 6.12161247e+03 5.24831872e+03 1.79384226e+01
v 6.12229076e+03 5.24627353e+03 1.71991909e+01
v 6.12384455e+03 5.24910461e+03 1.72281329e+01
v 6.12343191e+03 5.24948540e+03 1.73345402e+01
v 6.12344892e+03 5.24909404e+03 1.76816735e+01
v 6.12143705e+03 5.24851489e+03 1.78555467e+01
v 6.12324061e+03 5.24264344e+03 1.71262909e+01
v 6.12135563e+03 5.24502617e+03 1.72089269e+01
v 6.12226455e+03 5.23867602e+03 1.73747384e+01
v 6.12271085e+03 5.23865517e+03 1.73758503e+01
v 6.12245501e+03 5.23690651e+03 1.73004344e+01
v 6.12260403e+03 5.23643973e+03 1.72357217e+01
v 6.12219309e+03 5.23594743e+03 1.72645070e+01
v 6.12382034e+03 5.23690412e+03 1.74337567e+01
v 6.12398581e+03 5.23726310e+03 1.74985921e+01
v 6.12417387e+03 5.23753869e+03 1.77078317e+01
v 6.12371794e+03 5.23730567e+03 1.77655600e+01
v 6.12197763e+03 5.23823114e+03 1.74240670e+01
v 6.12263001e+03 5.23938704e+03 1.73254038e+01
v 6.12449509e+03 5.23790455e+03 1.77675141e+01
v 6.12158477e+03 5.23356516e+03 1.76273861e+01
v 6.12181192e+03 5.23444551e+03 1.74883856e+01
v 6.12454411e+03 5.23360753e+03 1.74925851e+01
v 6.12142938e+03 5.23597548e+03 1.72321171e+01
v 6.12414181e+03 5.23238779e+03 1.76617669e+01
v 6.12204337e+03 5.23122680e+03 1.74176036e+01
v 6.12347860e+03 5.23177249e+03 1.78671810e+01
v 6.12133493e+03 5.24144131e+03 1.73452084e+01
v 6.12132750e+03 5.24029631e+03 1.73620562e+01
v 6.12103572e+03 5.23957256e+03 1.73279805e+01
v 6.12205550e+03 5.23740497e+03 1.73780826e+01
v 6.12142939e+03 5.24219426e+03 1.73237988e+01
v 6.12192676e+03 5.24275496e+03 1.73179944e+01
v 6.12129620e+03 5.24315607e+03 1.72394439e+01
v 6.12428001e+03 5.24937868e+03 1.72380677e+01
v 6.12225334e+03 5.24920820e+03 1.73833787e+01
v 6.12222671e+03 5.24950884e+03 1.71784282e+01
v 6.12202235e+03 5.25000000e+03 1.72412307e+01
v 6.12148071e+03 5.24917850e+03 1.71570073e+01
v 6.12146861e+03 5.24620010e+03 1.73095548e+01
v 6.12232400e+03 5.23155793e+03 1.73918849e+01
v 6.12277872e+03 5.23152008e+03 1.75345864e+01
v 6.12237520e+03 5.22674886e+03 3.19797802e+01
v 6.12232276e+03 5.22665629e+03 3.23176665e+01
v 6.12206388e+03 5.22684416e+03 3.22696911e+01
v 6.12382853e+03 5.22465171e+03 3.20091194e+01
v 6.12390630e+03 5.22493862e+03 3.16803105e+01
v 6.12409745e+03 5.22441970e+03 3.17672762e+01
v 6.12253878e+03 5.22823978e+03 3.07479414e+01
v 6.12310455e+03 5.22836487e+03 3.06189506e+01
v 6.12280758e+03 5.22788402e+03 3.09112643e+01
v 6.12335441e+03 5.22982184e+03 3.04215014e+01
v 6.12291345e+03 5.22507524e+03 3.27415836e+01
v 6.12279913e+03 5.22547417e+03 3.28205149e+01
v 6.12313954e+03 5.22538889e+03 3.28946920e+01
v 6.12245184e+03 5.22606550e+03 3.22943570e+01
v 6.12190265e+03 5.22555943e+03 3.22349970e+01
v 6.12200501e+03 5.22647802e+03 3.23924117e+01
v 6.12214937e+03 5.22677886e+03 3.16859027e+01
v 6.12360476e+03 5.22471298e+03 3.24762175e+01
v 6.12353417e+03 5.22494220e+03 3.28414696e+01
v 6.12385369e+03 5.22492447e+03 3.24460199e+01
v 6.12202835e+03 5.22676659e+03 3.23812322e+01
v 6.12436120e+03 5.22698131e+03 3.10599729e+01
v 6.12428400e+03 5.22822725e+03 3.08817631e+01
v 6.12486942e+03 5.22737604e+03 3.11222622e+01
v 6.12246684e+03 5.22655445e+03 3.10877510e+01
v 6.12213750e+03 5.22695512e+03 3.09432351e+01
v 6.12268443e+03 5.22674924e+03 3.09404582e+01
v 6.12297281e+03 5.22571929e+03 3.27363169e+01
v 6.12339476e+03 5.22563305e+03 3.28069152e+01
v 6.12346185e+03 5.22528744e+03 3.29113833e+01
v 6.12426955e+03 5.22241843e+03 3.12264486e+01
v 6.12395889e+03 5.22016415e+03 3.07817222e+01
v 6.12285801e+03 5.23097423e+03 2.92725819e+01
v 6.12282525e+03 5.23112453e+03 2.98921388e+01
v 6.12267219e+03 5.23122832e+03 2.96433261e+01
v 6.12243871e+03 5.23112591e+03 2.70274865e+01
v 6.12281876e+03 5.22962728e+03 3.03361718e+01
v 6.12168112e+03 5.23030689e+03 3.00487662e+01
v 6.12241190e+03 5.23121648e+03 2.95925109e+01
v 6.12258133e+03 5.23111991e+03 2.89335757e+01
v 6.12283952e+03 5.23109402e+03 2.87875756e+01
v 6.12248531e+03 5.22876850e+03 3.06512973e+01
v 6.12289381e+03 5.22908935e+03 3.05381065e+01
v 6.12159583e+03 5.22721561e+03 3.08401362e+01
v 6.12183150e+03 5.22671094e+03 3.10333279e+01
v 6.12121755e+03 5.22954653e+03 3.01136575e+01
v 6.12146182e+03 5.22842281e+03 3.04321412e+01
v 6.12378605e+03 5.22340331e+03 3.14979387e+01
v 6.12460860e+03 5.22422443e+03 3.15793199e+01
v 6.12401946e+03 5.22893846e+03 3.06996314e+01
v 6.12346805e+03 5.22808874e+03 3.07871145e+01
v 6.12433686e+03 5.22874077e+03 3.06350313e+01
v 6.12342570e+03 5.22081649e+03 3.10550039e+01
v 6.12177900e+03 5.22009235e+03 3.10862544e+01
v 6.12299827e+03 5.22201281e+03 3.13107675e+01
v 6.12156108e+03 5.22105726e+03 3.12959747e+01
v 6.12268780e+03 5.22536669e+03 3.27800838e+01
v 6.12265091e+03 5.22554472e+03 3.25143172e+01
v 6.12311379e+03 5.22373139e+03 3.17521973e+01
v 6.12222220e+03 5.22381804e+03 3.17960619e+01
v 6.12275817e+03 5.22462298e+03 3.19241505e+01
v 6.12226425e+03 5.22747075e+03 3.08966142e+01
v 6.12495131e+03 5.22752661e+03 2.91546291e+01
v 6.12431580e+03 5.22843707e+03 2.91958667e+01
v 6.12193120e+03 5.23076499e+03 2.78748651e+01
v 6.12260975e+03 5.23127017e+03 2.72660440e+01
v 6.12290684e+03 5.23120452e+03 2.75147098e+01
v 6.12261654e+03 5.23123880e+03 2.78125308e+01
v 6.12341272e+03 5.23038597e+03 2.84434951e+01
v 6.12362041e+03 5.22190367e+03 3.13623079e+01
v 6.12216361e+03 5.22677657e+03 3.11692191e+01
v 6.12299073e+03 5.22485420e+03 3.22014016e+01
v 6.12308287e+03 5.22470702e+03 3.25698963e+01
v 6.12328975e+03 5.22455653e+03 3.23217472e+01
v 6.12323782e+03 5.22472431e+03 3.27946773e+01
v 6.12238702e+03 5.22566264e+03 3.22778436e+01
v 6.12325247e+03 5.22498561e+03 3.29037392e+01
v 6.12334909e+03 5.22432191e+03 3.19349543e+01
v 6.12309332e+03 5.22485761e+03 3.28782777e+01
v 6.12269743e+03 5.22611058e+03 3.16764175e+01
v 6.12233520e+03 5.22663857e+03 3.13683925e+01
v 6.12158767e+03 5.22306148e+03 3.17759719e+01
v 6.12196565e+03 5.22228166e+03 3.15256526e+01
v 6.12147176e+03 5.22407865e+03 3.19553177e+01
v 6.12416137e+03 5.22526911e+03 3.14406278e+01
v 6.12342473e+03 5.22563141e+03 3.18003469e+01
v 6.12384016e+03 5.22522462e+03 3.15164832e+01
v 6.12310806e+03 5.22591632e+03 3.15843775e+01
v 6.12154844e+03 5.22646286e+03 3.11157345e+01
v 6.12183973e+03 5.22660922e+03 3.15195660e+01
v 6.12137440e+03 5.22630088e+03 3.13928854e+01
v 6.12324063e+03 5.22588132e+03 3.24914546e+01
v 6.12351117e+03 5.22566947e+03 3.24514475e+01
v 6.12260836e+03 5.22629444e+03 3.21144988e+01
v 6.12314455e+03 5.22592297e+03 3.20306994e+01
v 6.12279515e+03 5.22591376e+03 3.22945943e+01
v 6.12162337e+03 5.22651477e+03 3.20353435e+01
v 6.12140246e+03 5.22632152e+03 3.23091523e+01
v 6.12154372e+03 5.22606869e+03 3.23921389e+01
v 6.12276827e+03 5.22563233e+03 3.27593585e+01
v 6.12171712e+03 5.22283788e+03 3.17587053e+01
v 6.12365360e+03 5.22531912e+03 3.27366323e+01
v 6.12324631e+03 5.22722746e+03 3.09650679e+01
v 6.12276947e+03 5.22609723e+03 3.13853597e+01
v 6.12342971e+03 5.22587578e+03 3.14108312e+01
v 6.12352659e+03 5.22634688e+03 3.12376531e+01
v 6.12146826e+03 5.23053069e+03 2.89491870e+01
v 6.12310404e+03 5.23052833e+03 2.90068444e+01
v 6.12423929e+03 5.22474335e+03 3.15835697e+01
v 6.12469919e+03 5.22820927e+03 2.86104615e+01
v 6.12469379e+03 5.24926958e+03 1.74482234e+01
v 6.12459893e+03 5.23176376e+03 1.81434558e+01
v 6.12498527e+03 5.22805376e+03 1.86061277e+01
v 6.12494551e+03 5.22854198e+03 1.85436610e+01
v 6.12477202e+03 5.23208155e+03 1.79543396e+01
v 6.12474140e+03 5.22814476e+03 1.89912660e+01
v 6.12501373e+03 5.23285732e+03 1.76743365e+01
v 6.12466863e+03 5.22887594e+03 1.86457666e+01
v 6.12458316e+03 5.24176155e+03 1.71129566e+01
v 6.12455317e+03 5.24104869e+03 1.71748023e+01
v 6.12136762e+03 5.23123588e+03 1.74556932e+01
v 6.12335264e+03 5.22481818e+03 3.29195877e+01
v 6.12466840e+03 5.22799597e+03 3.09491385e+01
v 6.12144762e+03 5.22669999e+03 3.09114279e+01
v 6.12162641e+03 5.22657557e+03 3.09608482e+01
v 6.11822525e+03 5.22448366e+03 3.09604766e+01
v 6.11756317e+03 5.22436478e+03 3.09321312e+01
v 6.11621513e+03 5.24983661e+03 3.28375113e+01
v 6.11609656e+03 5.24954856e+03 3.22080567e+01
v 6.11147619e+03 5.24641091e+03 3.30276385e+01
v 6.11126213e+03 5.24620409e+03 3.27042063e+01
v 6.10852776e+03 5.24504899e+03 3.28192230e+01
v 6.10875960e+03 5.24539478e+03 3.28451696e+01
v 6.10873355e+03 5.24533252e+03 3.32195906e+01
v 6.10913500e+03 5.24562048e+03 3.28317040e+01
v 6.10970972e+03 5.24552593e+03 3.28215129e+01
v 6.11031524e+03 5.24578258e+03 3.29854709e+01
v 6.10181811e+03 5.24063579e+03 3.07390791e+01
v 6.10167473e+03 5.24074774e+03 3.10006228e+01
v 6.10548715e+03 5.24329485e+03 3.32070638e+01
v 6.10570100e+03 5.24348930e+03 3.32651842e+01
v 6.10563654e+03 5.24310677e+03 3.37187032e+01
v 6.11013305e+03 5.24537555e+03 3.33664909e+01
v 6.10513362e+03 5.24275259e+03 3.29667427e+01
v 6.10724205e+03 5.24390970e+03 3.10340508e+01
v 6.10777368e+03 5.24428838e+03 3.04391669e+01
v 6.11315440e+03 5.24703678e+03 3.20476877e+01
v 6.11348555e+03 5.24703062e+03 3.21677508e+01
v 6.10588052e+03 5.24343395e+03 3.36472749e+01
v 6.11169780e+03 5.22399298e+03 2.68696925e+01
v 6.11129055e+03 5.22369237e+03 2.73316934e+01
v 6.11352660e+03 5.22561259e+03 2.96320942e+01
v 6.11325619e+03 5.22519067e+03 2.89586536e+01
v 6.11307901e+03 5.22526092e+03 2.96876161e+01
v 6.11208829e+03 5.22446228e+03 2.75071816e+01
v 6.10792009e+03 5.24420428e+03 3.09289150e+01
v 6.10981894e+03 5.24562652e+03 2.83581714e+01
v 6.11018804e+03 5.24579405e+03 2.89922836e+01
v 6.10519227e+03 5.24289795e+03 2.75694263e+01
v 6.10519762e+03 5.24306211e+03 2.69866511e+01
v 6.11066396e+03 5.24589575e+03 2.82337793e+01
v 6.11108914e+03 5.24533208e+03 2.84719118e+01
v 6.11496269e+03 5.24768590e+03 3.07251579e+01
v 6.11561144e+03 5.24800351e+03 3.00234911e+01
v 6.11598643e+03 5.24918964e+03 2.92633380e+01
v 6.11616246e+03 5.24967888e+03 2.91571323e+01
v 6.11558968e+03 5.24820076e+03 3.22144701e+01
v 6.11485771e+03 5.24794309e+03 3.20504715e+01
v 6.11600303e+03 5.24917142e+03 3.04872762e+01
v 6.11586928e+03 5.24818977e+03 2.95119311e+01
v 6.11719444e+03 5.22615331e+03 3.03378306e+01
v 6.11727697e+03 5.22712780e+03 3.01263413e+01
v 6.11478251e+03 5.22638211e+03 2.75517962e+01
v 6.11513005e+03 5.22661135e+03 2.62766413e+01
v 6.11478877e+03 5.22647590e+03 2.68683592e+01
v 6.11620516e+03 5.22703755e+03 3.00399817e+01
v 6.11132640e+03 5.22404804e+03 2.83497297e+01
v 6.10354714e+03 5.24161173e+03 2.74977150e+01
v 6.10469991e+03 5.24243975e+03 2.89955111e+01
v 6.11482840e+03 5.22270475e+03 3.09649933e+01
v 6.11544404e+03 5.22276935e+03 3.08964941e+01
v 6.11380105e+03 5.22562744e+03 2.90696947e+01
v 6.10908843e+03 5.24533248e+03 3.37153790e+01
v 6.10870967e+03 5.24446254e+03 3.41602221e+01
v 6.10819076e+03 5.24411579e+03 3.35675704e+01
v 6.10828271e+03 5.24445205e+03 3.32798941e+01
v 6.12098814e+03 5.23351811e+03 1.76598246e+01
v 6.11804804e+03 5.24415956e+03 1.74755943e+01
v 6.11742267e+03 5.24396654e+03 1.75486975e+01
v 6.11800126e+03 5.24371761e+03 1.74144527e+01
v 6.11834038e+03 5.24460351e+03 1.74913813e+01
v 6.10544737e+03 5.23789694e+03 1.78201090e+01
v 6.10544256e+03 5.23751799e+03 1.77468924e+01
v 6.11343995e+03 5.23456641e+03 1.76128890e+01
v 6.11391406e+03 5.23366194e+03 1.78573637e+01
v 6.11165586e+03 5.24317658e+03 1.75457724e+01
v 6.11305014e+03 5.24390309e+03 1.75322798e+01
v 6.10975731e+03 5.24553928e+03 1.83503867e+01
v 6.11100913e+03 5.24630891e+03 1.78953156e+01
v 6.11424338e+03 5.24865090e+03 1.80961968e+01
v 6.11451073e+03 5.24855303e+03 1.83792539e+01
v 6.11797588e+03 5.24445365e+03 1.77380922e+01
v 6.11378179e+03 5.24389471e+03 1.77831764e+01
v 6.11379123e+03 5.24422021e+03 1.75073502e+01
v 6.11328183e+03 5.24372364e+03 1.77645690e+01
v 6.11347865e+03 5.24358642e+03 1.83794288e+01
v 6.11390410e+03 5.24337912e+03 1.85017330e+01
v 6.11429342e+03 5.24381324e+03 1.76444087e+01
v 6.11382134e+03 5.24454146e+03 1.74363432e+01
v 6.11435872e+03 5.24341258e+03 1.79391760e+01
v 6.11474522e+03 5.24301984e+03 1.75052129e+01
v 6.12002129e+03 5.23019005e+03 1.74657627e+01
v 6.11980091e+03 5.23263637e+03 1.76395412e+01
v 6.11337707e+03 5.24433380e+03 1.74334248e+01
v 6.10869276e+03 5.24033988e+03 1.85602454e+01
v 6.10897866e+03 5.24066555e+03 1.84026349e+01
v 6.10930248e+03 5.24055291e+03 1.84667598e+01
v 6.10914419e+03 5.23983133e+03 1.86863596e+01
v 6.10819610e+03 5.23988340e+03 1.88829762e+01
v 6.10797119e+03 5.23921338e+03 1.88432425e+01
v 6.10592425e+03 5.23972076e+03 1.77338249e+01
v 6.10640393e+03 5.24044450e+03 1.76559417e+01
v 6.11682264e+03 5.24924449e+03 1.73255935e+01
v 6.12041448e+03 5.24868110e+03 1.71672727e+01
v 6.10969378e+03 5.24540254e+03 1.76071642e+01
v 6.10934481e+03 5.24535754e+03 1.84015518e+01
v 6.10939317e+03 5.24512810e+03 1.77179411e+01
v 6.11012425e+03 5.24585756e+03 1.87864088e+01
v 6.10283574e+03 5.23659202e+03 1.87267514e+01
v 6.10330145e+03 5.23695107e+03 1.87462838e+01
v 6.11520267e+03 5.24838310e+03 2.02282096e+01
v 6.11541564e+03 5.24828596e+03 2.08955853e+01
v 6.10834488e+03 5.24044801e+03 1.83242401e+01
v 6.10545758e+03 5.24274374e+03 2.09688137e+01
v 6.10598778e+03 5.24346385e+03 2.05516458e+01
v 6.11156367e+03 5.24664768e+03 1.96880770e+01
v 6.11116098e+03 5.24626231e+03 1.97049128e+01
v 6.11396493e+03 5.24887390e+03 1.80154875e+01
v 6.11963989e+03 5.22938507e+03 2.01412434e+01
v 6.12040109e+03 5.23002764e+03 1.97533702e+01
v 6.12011727e+03 5.22981791e+03 1.95024040e+01
v 6.12073601e+03 5.22998196e+03 1.84548050e+01
v 6.10447960e+03 5.22771270e+03 1.79681890e+01
v 6.10368454e+03 5.22822174e+03 1.79978391e+01
v 6.10885909e+03 5.22807669e+03 1.76432177e+01
v 6.10959910e+03 5.22921622e+03 1.78332147e+01
v 6.10992434e+03 5.22862685e+03 1.76542743e+01
v 6.11698300e+03 5.22773731e+03 1.80346492e+01
v 6.11666696e+03 5.22731259e+03 1.83220343e+01
v 6.11650982e+03 5.22748656e+03 1.78777962e+01
v 6.10366512e+03 5.22207485e+03 1.80821171e+01
v 6.10373761e+03 5.22136344e+03 1.80758582e+01
v 6.10198272e+03 5.22130230e+03 1.80331675e+01
v 6.10665284e+03 5.22070832e+03 2.05316481e+01
v 6.10684581e+03 5.22120281e+03 2.02376068e+01
v 6.10698049e+03 5.22132139e+03 2.08027737e+01
v 6.10403156e+03 5.21935016e+03 1.84940642e+01
v 6.10402832e+03 5.21944855e+03 1.81403853e+01
v 6.10363514e+03 5.21936124e+03 1.91946435e+01
v 6.10373709e+03 5.21919764e+03 1.83809014e+01
v 6.10342654e+03 5.21962400e+03 1.79324562e+01
v 6.10306443e+03 5.21879660e+03 1.84536893e+01
v 6.10772752e+03 5.22729753e+03 1.76536828e+01
v 6.10679701e+03 5.22686706e+03 1.76682227e+01
v 6.10696829e+03 5.22776277e+03 1.78956607e+01
v 6.10876730e+03 5.22913701e+03 1.80851819e+01
v 6.11184509e+03 5.22661055e+03 1.78864534e+01
v 6.11048287e+03 5.22635180e+03 1.78725318e+01
v 6.10582183e+03 5.22875935e+03 1.77207601e+01
v 6.10666308e+03 5.22923480e+03 1.78439002e+01
v 6.10156829e+03 5.22342115e+03 1.78207252e+01
v 6.11023677e+03 5.22771641e+03 1.78103114e+01
v 6.10880702e+03 5.22768805e+03 1.77130689e+01
v 6.11057591e+03 5.22919387e+03 1.75236013e+01
v 6.11284721e+03 5.22749658e+03 1.78412792e+01
v 6.11825102e+03 5.22866713e+03 1.83581403e+01
v 6.11769870e+03 5.22825320e+03 1.80910867e+01
v 6.12013503e+03 5.23450932e+03 1.73474342e+01
v 6.11907729e+03 5.23372831e+03 1.74802322e+01
v 6.12123735e+03 5.23291712e+03 1.76579675e+01
v 6.11532141e+03 5.22661251e+03 2.49869773e+01
v 6.11472848e+03 5.22638605e+03 2.46907837e+01
v 6.10548399e+03 5.22027474e+03 2.47647591e+01
v 6.10686509e+03 5.22128941e+03 2.48698451e+01
v 6.10613090e+03 5.22071894e+03 2.42518870e+01
v 6.10336896e+03 5.21893941e+03 2.81492040e+01
v 6.10543623e+03 5.22021634e+03 2.36212034e+01
v 6.10493440e+03 5.22008547e+03 2.31149195e+01
v 6.10660409e+03 5.22103943e+03 2.13773754e+01
v 6.10515354e+03 5.22011443e+03 2.17713517e+01
v 6.10785502e+03 5.22202279e+03 1.92622748e+01
v 6.10866356e+03 5.22255490e+03 1.94213740e+01
v 6.10899964e+03 5.22230540e+03 2.07319207e+01
v 6.10945215e+03 5.22291791e+03 2.08274715e+01
v 6.10179642e+03 5.24081891e+03 1.82843724e+01
v 6.10223665e+03 5.24070068e+03 1.79800223e+01
v 6.11560226e+03 5.24908538e+03 1.94964039e+01
v 6.10959214e+03 5.24531649e+03 2.11694849e+01
v 6.11002144e+03 5.24572649e+03 2.14646735e+01
v 6.12079543e+03 5.22991016e+03 2.13251136e+01
v 6.12104124e+03 5.23032353e+03 2.23688189e+01
v 6.11045731e+03 5.24591226e+03 2.01105240e+01
v 6.11082222e+03 5.24597796e+03 2.03467048e+01
v 6.11132684e+03 5.24622162e+03 2.01178652e+01
v 6.11591121e+03 5.24913210e+03 2.05919015e+01
v 6.11541763e+03 5.24896846e+03 1.99895320e+01
v 6.11650843e+03 5.24967244e+03 2.14945340e+01
v 6.11336499e+03 5.24795359e+03 1.84565271e+01
v 6.11312263e+03 5.24775402e+03 1.87655772e+01
v 6.11130123e+03 5.24653906e+03 1.87353698e+01
v 6.11120162e+03 5.24525777e+03 2.31275964e+01
v 6.11107539e+03 5.24536880e+03 2.34767053e+01
v 6.11104905e+03 5.24538452e+03 2.29010119e+01
v 6.11887280e+03 5.22903047e+03 1.81475632e+01
v 6.11889434e+03 5.22939202e+03 1.77428384e+01
v 6.11035778e+03 5.24582373e+03 2.14018093e+01
v 6.11040628e+03 5.24575118e+03 2.09533648e+01
v 6.10242549e+03 5.24093941e+03 2.22240777e+01
v 6.10271592e+03 5.24099843e+03 2.27341959e+01
v 6.10278451e+03 5.24113117e+03 2.18596908e+01
v 6.11571142e+03 5.24802890e+03 2.18819139e+01
v 6.11489673e+03 5.24762264e+03 2.07922162e+01
v 6.11536603e+03 5.24782196e+03 2.21902846e+01
v 6.11573530e+03 5.24926601e+03 2.23308767e+01
v 6.11588031e+03 5.24896868e+03 2.15766429e+01
v 6.11569513e+03 5.24897821e+03 2.20415989e+01
v 6.11068417e+03 5.24584257e+03 2.16793107e+01
v 6.11066259e+03 5.24581473e+03 2.09382719e+01
v 6.10663301e+03 5.24348573e+03 2.08352107e+01
v 6.10613521e+03 5.24321226e+03 2.10312973e+01
v 6.12145431e+03 5.23048100e+03 2.18018388e+01
v 6.11604152e+03 5.24938526e+03 2.30771417e+01
v 6.11593998e+03 5.24908536e+03 2.29800767e+01
v 6.11564318e+03 5.24889199e+03 2.23818417e+01
v 6.11575929e+03 5.24813737e+03 2.56454023e+01
v 6.11593135e+03 5.24836371e+03 2.59701163e+01
v 6.11597614e+03 5.24836028e+03 2.51866291e+01
v 6.11605964e+03 5.24942936e+03 2.62459270e+01
v 6.11619915e+03 5.24955936e+03 2.48848318e+01
v 6.11567591e+03 5.24801011e+03 2.44996117e+01
v 6.11486127e+03 5.24763199e+03 2.53371079e+01
v 6.11543815e+03 5.24785126e+03 2.50994370e+01
v 6.11549406e+03 5.24795347e+03 2.60561706e+01
v 6.11136016e+03 5.24534847e+03 2.36004638e+01
v 6.11239414e+03 5.24637730e+03 2.31500281e+01
v 6.11209594e+03 5.24590503e+03 2.31350811e+01
v 6.10596250e+03 5.24319183e+03 2.85682323e+01
v 6.10579380e+03 5.24340712e+03 2.71212251e+01
v 6.11352220e+03 5.24708316e+03 3.03853723e+01
v 6.11342475e+03 5.24704479e+03 3.00180101e+01
v 6.10829121e+03 5.24495811e+03 2.69737166e+01
v 6.10839878e+03 5.24479994e+03 2.77058881e+01
v 6.11587361e+03 5.24822317e+03 2.39139982e+01
v 6.11068882e+03 5.24609205e+03 2.45687555e+01
v 6.11085513e+03 5.24573923e+03 2.47925133e+01
v 6.11074801e+03 5.24602761e+03 2.52945725e+01
v 6.11058903e+03 5.24597994e+03 2.49107917e+01
v 6.11357519e+03 5.24711569e+03 2.64150930e+01
v 6.11393557e+03 5.24714701e+03 2.70840019e+01
v 6.10778316e+03 5.24434203e+03 2.88733918e+01
v 6.10756922e+03 5.24428337e+03 2.81415806e+01
v 6.11567031e+03 5.24797151e+03 2.66613252e+01
v 6.11536561e+03 5.24777555e+03 2.65682252e+01
v 6.11509997e+03 5.24779164e+03 2.59353106e+01
v 6.10919963e+03 5.24562893e+03 2.56853209e+01
v 6.10873218e+03 5.24538240e+03 2.59868463e+01
v 6.10927121e+03 5.24569269e+03 2.60713512e+01
v 6.10987292e+03 5.24571019e+03 2.56619018e+01
v 6.10952999e+03 5.24556831e+03 2.54057282e+01
v 6.10137872e+03 5.24031000e+03 2.63864558e+01
v 6.10231643e+03 5.24082820e+03 2.68632765e+01
v 6.12097379e+03 5.22995156e+03 2.76749516e+01
v 6.11517082e+03 5.22250277e+03 3.10583969e+01
v 6.11332073e+03 5.22527297e+03 2.78717371e+01
v 6.11299526e+03 5.22502501e+03 2.74223845e+01
v 6.11570251e+03 5.22665957e+03 2.65446961e+01
v 6.11640559e+03 5.22673547e+03 2.65276822e+01
v 6.11664962e+03 5.22699285e+03 2.64933450e+01
v 6.11650348e+03 5.22669760e+03 2.68052325e+01
v 6.11889542e+03 5.24457183e+03 1.73087452e+01
v 6.10806200e+03 5.22206659e+03 2.84423822e+01
v 6.10824599e+03 5.22205689e+03 2.77124541e+01
v 6.10309634e+03 5.21882767e+03 2.91233579e+01
v 6.10407306e+03 5.21945197e+03 2.83521920e+01
v 6.11623994e+03 5.22730976e+03 2.59876189e+01
v 6.11274379e+03 5.22500189e+03 2.80168842e+01
v 6.11186865e+03 5.22452233e+03 2.39575481e+01
v 6.11207232e+03 5.22459758e+03 2.46657162e+01
v 6.11122017e+03 5.22388455e+03 2.48666047e+01
v 6.11079209e+03 5.22351578e+03 2.48898855e+01
v 6.12148453e+03 5.23045623e+03 2.41808238e+01
v 6.11499019e+03 5.22651766e+03 2.35012855e+01
v 6.11611218e+03 5.22674703e+03 2.35110396e+01
v 6.11596748e+03 5.22672389e+03 2.32868575e+01
v 6.11648547e+03 5.22707760e+03 2.33409152e+01
v 6.10212951e+03 5.24097978e+03 2.58109109e+01
v 6.10152969e+03 5.24051095e+03 2.59755911e+01
v 6.10908074e+03 5.24524089e+03 2.52207518e+01
v 6.10856446e+03 5.22227929e+03 2.42540510e+01
v 6.10936221e+03 5.22285928e+03 2.37476672e+01
v 6.11407936e+03 5.24721873e+03 2.61803287e+01
v 6.11412618e+03 5.24718068e+03 2.54793522e+01
v 6.10954892e+03 5.22293994e+03 2.52583886e+01
v 6.10196522e+03 5.24091995e+03 2.18244681e+01
v 6.10144634e+03 5.24032006e+03 2.23888061e+01
v 6.10440122e+03 5.21968409e+03 2.48128229e+01
v 6.10398033e+03 5.21956365e+03 2.60032102e+01
v 6.10866443e+03 5.22217282e+03 2.34390969e+01
v 6.10794642e+03 5.22182846e+03 2.36049248e+01
v 6.10843529e+03 5.22239386e+03 1.96699711e+01
v 6.11456818e+03 5.23088963e+03 1.77342294e+01
v 6.11353228e+03 5.23024771e+03 1.77538165e+01
v 6.11574967e+03 5.22669586e+03 2.38347457e+01
v 6.11619997e+03 5.22701943e+03 2.41045890e+01
v 6.11562138e+03 5.22663626e+03 2.45877071e+01
v 6.10711148e+03 5.22148141e+03 1.97976059e+01
v 6.11303914e+03 5.24658051e+03 2.07598181e+01
v 6.11171365e+03 5.24556084e+03 2.11896306e+01
v 6.11195131e+03 5.24599314e+03 2.05869210e+01
v 6.11283913e+03 5.24754398e+03 1.95320826e+01
v 6.11346882e+03 5.24768608e+03 1.99723064e+01
v 6.11531030e+03 5.24889914e+03 2.00761053e+01
v 6.10985787e+03 5.24562900e+03 1.95817185e+01
v 6.10469321e+03 5.23998208e+03 1.77292352e+01
v 6.10513563e+03 5.23844075e+03 1.77645087e+01
v 6.11301311e+03 5.24346349e+03 1.80595694e+01
v 6.10756180e+03 5.23970344e+03 1.87879742e+01
v 6.10916080e+03 5.24355725e+03 1.77515366e+01
v 6.10929118e+03 5.24461968e+03 1.75798255e+01
v 6.10298303e+03 5.23708872e+03 1.81027922e+01
v 6.10351465e+03 5.23715417e+03 1.86008539e+01
v 6.10401363e+03 5.24167624e+03 1.85426285e+01
v 6.10384685e+03 5.24170526e+03 1.82125935e+01
v 6.11237498e+03 5.24734343e+03 1.84831097e+01
v 6.11175652e+03 5.24705514e+03 1.92157857e+01
v 6.11485092e+03 5.23195847e+03 1.75904108e+01
v 6.11412236e+03 5.23159962e+03 1.79971689e+01
v 6.11462834e+03 5.23213233e+03 1.77569372e+01
v 6.11192628e+03 5.22453593e+03 2.08962674e+01
v 6.11197356e+03 5.22456233e+03 2.01910892e+01
v 6.11416373e+03 5.22580384e+03 2.46973368e+01
v 6.11352590e+03 5.22539374e+03 2.43536864e+01
v 6.10880472e+03 5.22628195e+03 1.79240972e+01
v 6.10547503e+03 5.22053378e+03 2.58806616e+01
v 6.10443488e+03 5.21978094e+03 2.35891975e+01
v 6.10563002e+03 5.22059025e+03 2.55485307e+01
v 6.10268516e+03 5.21873069e+03 2.59555158e+01
v 6.11316316e+03 5.22506445e+03 2.05918237e+01
v 6.11343149e+03 5.22524156e+03 2.09910853e+01
v 6.11124012e+03 5.22362736e+03 2.65179096e+01
v 6.10858083e+03 5.24532954e+03 2.66015570e+01
v 6.10919523e+03 5.24559507e+03 2.68917915e+01
v 6.11582472e+03 5.23417289e+03 1.87017036e+01
v 6.11560611e+03 5.23385694e+03 1.87572359e+01
v 6.11536272e+03 5.23407157e+03 1.85552242e+01
v 6.10967135e+03 5.24561202e+03 2.20434979e+01
v 6.10907441e+03 5.24509877e+03 2.14991627e+01
v 6.11603813e+03 5.24930511e+03 2.73869041e+01
v 6.11603651e+03 5.24863733e+03 2.69248245e+01
v 6.11343725e+03 5.24784747e+03 1.96407898e+01
v 6.11358346e+03 5.24813789e+03 1.94081987e+01
v 6.11414280e+03 5.24824134e+03 1.97780180e+01
v 6.10511161e+03 5.24309131e+03 1.95381116e+01
v 6.10589268e+03 5.24356900e+03 2.01239324e+01
v 6.11241485e+03 5.24642242e+03 2.34266164e+01
v 6.11226736e+03 5.24610529e+03 2.38786098e+01
v 6.11638483e+03 5.24968220e+03 2.08042795e+01
v 6.11347743e+03 5.24826438e+03 1.87570105e+01
v 6.11355732e+03 5.24832863e+03 1.91528913e+01
v 6.11908153e+03 5.22894297e+03 2.88829881e+01
v 6.11987239e+03 5.22948791e+03 2.70684641e+01
v 6.11400462e+03 5.22572724e+03 2.41298560e+01
v 6.11444114e+03 5.22615124e+03 2.49185631e+01
v 6.10267689e+03 5.24797509e+03 3.91319162e+01
v 6.10355564e+03 5.24838942e+03 3.91153295e+01
v 6.10439284e+03 5.24898637e+03 3.91152730e+01
v 6.10199467e+03 5.24806221e+03 3.90458665e+01
v 6.10182703e+03 5.24850403e+03 3.90173783e+01
v 6.10312313e+03 5.24933012e+03 3.90101257e+01
v 6.10164782e+03 5.24667674e+03 3.88707570e+01
v 6.10181759e+03 5.24615798e+03 3.84773781e+01
v 6.10510201e+03 5.24753724e+03 3.81482751e+01
v 6.10672610e+03 5.24721409e+03 3.75002002e+01
v 6.10825808e+03 5.25000000e+03 3.84133787e+01
v 6.10980542e+03 5.24760667e+03 3.67341547e+01
v 6.10620734e+03 5.25000000e+03 3.90429076e+01
v 6.10311181e+03 5.24763372e+03 3.88206396e+01
v 6.10180361e+03 5.24714032e+03 3.91045151e+01
v 6.10407362e+03 5.24881248e+03 3.91757916e+01
v 6.10151881e+03 5.24775355e+03 3.91767249e+01
v 6.10161523e+03 5.24819929e+03 3.90367114e+01
v 6.10168946e+03 5.24395147e+03 3.85537055e+01
v 6.10200621e+03 5.24357830e+03 3.82174248e+01
v 6.10238255e+03 5.24751548e+03 3.90583491e+01
v 6.10178114e+03 5.24757010e+03 3.92593688e+01
v 6.10216352e+03 5.24292933e+03 3.80585869e+01
v 6.10153544e+03 5.24453929e+03 3.85298122e+01
v 6.10186270e+03 5.24419133e+03 3.79071981e+01
v 6.10904326e+03 5.24548872e+03 3.59307564e+01
v 6.10884744e+03 5.24520341e+03 3.57864555e+01
v 6.10978232e+03 5.24590101e+03 3.58488030e+01
v 6.11079042e+03 5.24653904e+03 3.58731632e+01
v 6.11007301e+03 5.24593258e+03 3.54525672e+01
v 6.11049210e+03 5.24619716e+03 3.51415987e+01
v 6.10945684e+03 5.24627666e+03 3.62602266e+01
v 6.11023454e+03 5.24727854e+03 3.65105436e+01
v 6.10827793e+03 5.24576906e+03 3.64076894e+01
v 6.11045270e+03 5.24802530e+03 3.66800423e+01
v 6.11148673e+03 5.24785457e+03 3.64339938e+01
v 6.11166526e+03 5.24709207e+03 3.58981859e+01
v 6.11328662e+03 5.24882238e+03 3.63458914e+01
v 6.11237126e+03 5.24832745e+03 3.63459153e+01
v 6.11458993e+03 5.24896704e+03 3.59141235e+01
v 6.10171121e+03 5.24498728e+03 3.80763892e+01
v 6.10175706e+03 5.24557677e+03 3.82635769e+01
v 6.10197428e+03 5.24448422e+03 3.77347359e+01
v 6.10216068e+03 5.24497991e+03 3.77882500e+01
v 6.10227174e+03 5.24206083e+03 3.74847918e+01
v 6.10244546e+03 5.24329069e+03 3.72340353e+01
v 6.10207126e+03 5.24375580e+03 3.78223201e+01
v 6.10163954e+03 5.24471384e+03 3.81037462e+01
v 6.10178107e+03 5.24169928e+03 3.73942617e+01
v 6.10202330e+03 5.24099804e+03 3.71692700e+01
v 6.10246377e+03 5.24257628e+03 3.78741038e+01
v 6.10280110e+03 5.24174603e+03 3.74486787e+01
v 6.10169800e+03 5.24226381e+03 3.75505091e+01
v 6.10200366e+03 5.24241971e+03 3.76093365e+01
v 6.10159469e+03 5.24928515e+03 3.82137790e+01
v 6.10167566e+03 5.24886694e+03 3.85440184e+01
v 6.10240945e+03 5.24887289e+03 3.90463941e+01
v 6.10279671e+03 5.24420875e+03 3.72248953e+01
v 6.10247052e+03 5.24284142e+03 3.78739817e+01
v 6.10302475e+03 5.24162255e+03 3.74180195e+01
v 6.10475382e+03 5.24565866e+03 3.73135925e+01
v 6.10290939e+03 5.24209909e+03 3.74495490e+01
v 6.10286662e+03 5.24551437e+03 3.78673035e+01
v 6.10567639e+03 5.24469705e+03 3.65788322e+01
v 6.10366560e+03 5.24379368e+03 3.67446884e+01
v 6.10238870e+03 5.24384198e+03 3.73117651e+01
v 6.10157655e+03 5.24297940e+03 3.80054977e+01
v 6.10295241e+03 5.24344683e+03 3.68353375e+01
v 6.10282310e+03 5.24315821e+03 3.68269937e+01
v 6.10320771e+03 5.24302341e+03 3.65737722e+01
v 6.10286235e+03 5.24278621e+03 3.69058724e+01
v 6.10228593e+03 5.24134631e+03 3.72287984e+01
v 6.10156292e+03 5.24142726e+03 3.74221038e+01
v 6.10332234e+03 5.24167233e+03 3.64994839e+01
v 6.10136368e+03 5.24025353e+03 3.69231816e+01
v 6.10207294e+03 5.24068876e+03 3.68402121e+01
v 6.10157906e+03 5.24048808e+03 3.70787774e+01
v 6.10146204e+03 5.24092091e+03 3.74692015e+01
v 6.10259662e+03 5.24109175e+03 3.60863435e+01
v 6.10271395e+03 5.24098730e+03 3.68359352e+01
v 6.10327003e+03 5.24145052e+03 3.63220795e+01
v 6.10299143e+03 5.24122634e+03 3.71089465e+01
v 6.10466477e+03 5.24261324e+03 3.58491354e+01
v 6.10388318e+03 5.24211542e+03 3.58261113e+01
v 6.10331172e+03 5.24246275e+03 3.63540905e+01
v 6.10370119e+03 5.24214331e+03 3.60037794e+01
v 6.10344454e+03 5.24193532e+03 3.61580385e+01
v 6.10187998e+03 5.24097645e+03 3.56076830e+01
v 6.10212197e+03 5.24075496e+03 3.65073930e+01
v 6.10239093e+03 5.24086284e+03 3.70654188e+01
v 6.10353906e+03 5.24303801e+03 3.63471484e+01
v 6.10423871e+03 5.24268751e+03 3.61311843e+01
v 6.10724540e+03 5.24511489e+03 3.63580067e+01
v 6.10766275e+03 5.24601945e+03 3.65698724e+01
v 6.10231219e+03 5.24785827e+03 3.91305456e+01
v 6.10684949e+03 5.24450188e+03 3.62190112e+01
v 6.10516717e+03 5.24309104e+03 3.59954450e+01
v 6.10508046e+03 5.24279285e+03 3.55190610e+01
v 6.10648669e+03 5.24388146e+03 3.59412815e+01
v 6.10805037e+03 5.24507542e+03 3.60930133e+01
v 6.10565238e+03 5.24321709e+03 3.58746050e+01
v 6.10572133e+03 5.24393663e+03 3.62961811e+01
v 6.10735407e+03 5.24424489e+03 3.57349719e+01
v 6.10760897e+03 5.24439786e+03 3.58209018e+01
v 6.10845888e+03 5.24492497e+03 3.58020379e+01
v 6.10797649e+03 5.24460982e+03 3.57126027e+01
v 6.10908064e+03 5.24533567e+03 3.55887397e+01
v 6.11236283e+03 5.24758692e+03 3.58831153e+01
v 6.11334848e+03 5.24815314e+03 3.58737622e+01
v 6.11448813e+03 5.22212837e+03 3.08143012e+01
v 6.11420040e+03 5.22287640e+03 3.09491941e+01
v 6.11226261e+03 5.22078496e+03 3.09394200e+01
v 6.11241901e+03 5.22176155e+03 3.09099285e+01
v 6.11276536e+03 5.22137498e+03 3.09566471e+01
v 6.11268886e+03 5.22093307e+03 3.09745894e+01
v 6.11362593e+03 5.22229227e+03 3.10008385e+01
v 6.11399515e+03 5.22184996e+03 3.09269566e+01
v 6.11024844e+03 5.21936440e+03 3.09411965e+01
v 6.10989857e+03 5.21910953e+03 3.11212662e+01
v 6.11000957e+03 5.21939648e+03 3.08301703e+01
v 6.10945460e+03 5.21889242e+03 3.08760816e+01
v 6.11073972e+03 5.21964155e+03 3.11459297e+01
v 6.11096123e+03 5.21986957e+03 3.10257525e+01
v 6.11130718e+03 5.21997050e+03 3.13799621e+01
v 6.11295861e+03 5.22191562e+03 3.10419655e+01
v 6.11326248e+03 5.22136004e+03 3.10184952e+01
v 6.11368432e+03 5.22151400e+03 3.10408125e+01
v 6.11379615e+03 5.22280158e+03 3.09698093e+01
v 6.10958961e+03 5.21881306e+03 3.11557487e+01
v 6.11622921e+03 5.22317151e+03 3.16981524e+01
v 6.11677107e+03 5.22349840e+03 3.10508773e+01
v 6.10720901e+03 5.21869926e+03 3.08024397e+01
v 6.10956245e+03 5.21895965e+03 3.20548447e+01
v 6.11672406e+03 5.21899432e+03 3.15091445e+01
v 6.11551732e+03 5.21888086e+03 3.18141813e+01
v 6.11622049e+03 5.22033228e+03 3.18613902e+01
v 6.11608207e+03 5.21924378e+03 3.17361317e+01
v 6.11500446e+03 5.21936897e+03 3.18106042e+01
v 6.11650432e+03 5.22350991e+03 3.08766193e+01
v 6.11616596e+03 5.22350639e+03 3.08890298e+01
v 6.11774720e+03 5.22077320e+03 3.18667789e+01
v 6.11704797e+03 5.22061619e+03 3.17891865e+01
v 6.11603828e+03 5.22401654e+03 3.07942970e+01
v 6.11565572e+03 5.22343004e+03 3.08696800e+01
v 6.11938346e+03 5.22197192e+03 3.17983233e+01
v 6.11988694e+03 5.22171133e+03 3.17740481e+01
v 6.11797151e+03 5.22193545e+03 3.19704532e+01
v 6.11908388e+03 5.22075489e+03 3.15850210e+01
v 6.11901386e+03 5.22500801e+03 3.12188867e+01
v 6.11889251e+03 5.22515184e+03 3.09522120e+01
v 6.11792366e+03 5.22421801e+03 3.10545252e+01
v 6.11801056e+03 5.22622449e+03 3.12383788e+01
v 6.11829774e+03 5.22592036e+03 3.12075648e+01
v 6.11798325e+03 5.22573512e+03 3.10816745e+01
v 6.11854480e+03 5.22459962e+03 3.18928486e+01
v 6.11814727e+03 5.22419699e+03 3.16423283e+01
v 6.11801387e+03 5.22424415e+03 3.21405790e+01
v 6.11683338e+03 5.22372586e+03 3.09134045e+01
v 6.11461770e+03 5.22204601e+03 3.09950021e+01
v 6.11539889e+03 5.22259211e+03 3.23854070e+01
v 6.11580498e+03 5.22288515e+03 3.23000491e+01
v 6.11743802e+03 5.22557986e+03 3.06258083e+01
v 6.11773706e+03 5.22638316e+03 3.06161391e+01
v 6.11795257e+03 5.22651525e+03 3.08885413e+01
v 6.11407260e+03 5.22164300e+03 3.24544083e+01
v 6.11351757e+03 5.22131717e+03 3.24988409e+01
v 6.11674765e+03 5.22160705e+03 3.21531311e+01
v 6.11341459e+03 5.22128216e+03 3.13092185e+01
v 6.10975813e+03 5.21879543e+03 3.24557652e+01
v 6.10927562e+03 5.21881131e+03 3.23422927e+01
v 6.11052414e+03 5.21946585e+03 3.13771396e+01
v 6.11166468e+03 5.22031641e+03 3.22442288e+01
v 6.11212849e+03 5.22044504e+03 3.16125617e+01
v 6.11211192e+03 5.22046907e+03 3.10462851e+01
v 6.11154171e+03 5.22017055e+03 3.10501151e+01
v 6.11319602e+03 5.22259378e+03 3.08376295e+01
v 6.11246857e+03 5.22215942e+03 3.07723541e+01
v 6.11137445e+03 5.21985453e+03 3.24305457e+01
v 6.11046437e+03 5.21953292e+03 3.23871542e+01
v 6.11211304e+03 5.22035231e+03 3.24123573e+01
v 6.11046217e+03 5.21973457e+03 3.09185131e+01
v 6.11282679e+03 5.22067675e+03 3.24008510e+01
v 6.11275876e+03 5.22092178e+03 3.22998160e+01
v 6.11001717e+03 5.21927054e+03 3.23502050e+01
v 6.12037617e+03 5.22113758e+03 3.15048358e+01
v 6.12057814e+03 5.21889904e+03 3.09882020e+01
v 6.12058544e+03 5.22580057e+03 3.13089661e+01
v 6.12014144e+03 5.22562627e+03 3.22746365e+01
v 6.11966628e+03 5.22522027e+03 3.14112584e+01
v 6.11963450e+03 5.22602080e+03 3.10677330e+01
v 6.12034151e+03 5.22586278e+03 3.09892362e+01
v 6.11952717e+03 5.22551046e+03 3.09767319e+01
v 6.12091193e+03 5.22607251e+03 3.18313918e+01
v 6.12008632e+03 5.22665854e+03 3.09158851e+01
v 6.11966251e+03 5.22653729e+03 3.08851659e+01
v 6.11867388e+03 5.22479924e+03 3.09649989e+01
v 6.11752717e+03 5.22605591e+03 3.05578993e+01
v 6.11765906e+03 5.22663192e+03 3.02492668e+01
v 6.11764492e+03 5.22515970e+03 3.09039260e+01
v 6.11690279e+03 5.22462226e+03 3.07586295e+01
v 6.11826737e+03 5.22661438e+03 3.07552425e+01
v 6.11816806e+03 5.22650960e+03 3.10945423e+01
v 6.11798341e+03 5.22502462e+03 3.10009764e+01
v 6.11796103e+03 5.22660094e+03 3.05156475e+01
v 6.11836949e+03 5.22691102e+03 3.03462502e+01
v 6.11626236e+03 5.22322283e+03 3.10381038e+01
v 6.11581499e+03 5.22313371e+03 3.08701703e+01
v 6.11572344e+03 5.22279493e+03 3.10374914e+01
v 6.10952827e+03 5.22089210e+03 3.03807563e+01
v 6.11060157e+03 5.22044065e+03 3.09015193e+01
v 6.10998103e+03 5.22015038e+03 3.08548489e+01
v 6.11180147e+03 5.22131359e+03 3.08925291e+01
v 6.11964036e+03 5.22460557e+03 3.29585492e+01
v 6.11932507e+03 5.22453281e+03 3.30991358e+01
v 6.11949209e+03 5.22522235e+03 3.09528897e+01
v 6.11993549e+03 5.22544671e+03 3.11012842e+01
v 6.12115532e+03 5.22632886e+03 3.09865812e+01
v 6.12033158e+03 5.22638279e+03 3.09892443e+01
v 6.12059926e+03 5.22705216e+03 3.07732762e+01
v 6.12093447e+03 5.22656700e+03 3.08921448e+01
v 6.12049445e+03 5.22582662e+03 3.23447889e+01
v 6.11990594e+03 5.22475906e+03 3.23462929e+01
v 6.11989586e+03 5.22448374e+03 3.24545643e+01
v 6.11960342e+03 5.22509468e+03 3.27517618e+01
v 6.12034734e+03 5.22441633e+03 3.22007977e+01
v 6.12078595e+03 5.22300460e+03 3.18050182e+01
v 6.11995167e+03 5.22256491e+03 3.18508728e+01
v 6.12073530e+03 5.22556063e+03 3.23984917e+01
v 6.12112826e+03 5.22591867e+03 3.24126373e+01
v 6.11888589e+03 5.22396007e+03 3.25883095e+01
v 6.11907908e+03 5.22345253e+03 3.21710198e+01
v 6.11848978e+03 5.22364725e+03 3.23110133e+01
v 6.12091029e+03 5.22612454e+03 3.22381156e+01
v 6.11886658e+03 5.22430702e+03 3.30084130e+01
v 6.11865698e+03 5.22434982e+03 3.28603811e+01
v 6.11983947e+03 5.22525472e+03 3.24646734e+01
v 6.12022314e+03 5.22543839e+03 3.23951080e+01
v 6.11554194e+03 5.24921690e+03 3.52324542e+01
v 6.11518524e+03 5.24825586e+03 3.45114999e+01
v 6.11490137e+03 5.24832636e+03 3.49361882e+01
v 6.11577993e+03 5.24861989e+03 3.46217677e+01
v 6.11604205e+03 5.24905215e+03 3.46887752e+01
v 6.11468932e+03 5.24790907e+03 3.45888818e+01
v 6.11311897e+03 5.24727937e+03 3.48817135e+01
v 6.11376134e+03 5.24741568e+03 3.46866887e+01
v 6.11406478e+03 5.24806017e+03 3.52197127e+01
v 6.11506394e+03 5.24821999e+03 3.42348563e+01
v 6.11608479e+03 5.24912621e+03 3.44351718e+01
v 6.11429817e+03 5.24811950e+03 3.40139620e+01
v 6.11727609e+03 5.24979955e+03 3.45916178e+01
v 6.12076597e+03 5.22597668e+03 3.24450934e+01
v 6.11611804e+03 5.24946823e+03 3.40226321e+01
v 6.11663811e+03 5.24939755e+03 3.46776555e+01
v 6.11411499e+03 5.24834713e+03 3.27772467e+01
v 6.11358542e+03 5.24785580e+03 3.28459736e+01
v 6.11368733e+03 5.24795869e+03 3.33174305e+01
v 6.11459013e+03 5.24821114e+03 3.21602869e+01
v 6.11463474e+03 5.24755586e+03 3.21175480e+01
v 6.11413766e+03 5.24769684e+03 3.21628159e+01
v 6.11381654e+03 5.24715571e+03 3.21513046e+01
v 6.11401548e+03 5.24709986e+03 3.17736151e+01
v 6.11393518e+03 5.24795087e+03 3.24552045e+01
v 6.11857392e+03 5.22627293e+03 3.11189321e+01
v 6.11826705e+03 5.22436851e+03 3.25157523e+01
v 6.11785886e+03 5.22409292e+03 3.24135998e+01
v 6.11551908e+03 5.24904235e+03 3.34206484e+01
v 6.11572132e+03 5.24914864e+03 3.23543326e+01
v 6.11474064e+03 5.24851411e+03 3.24423673e+01
v 6.11519443e+03 5.24872979e+03 3.27521220e+01
v 6.11528642e+03 5.24866266e+03 3.23577522e+01
v 6.11579085e+03 5.24903022e+03 3.19396782e+01
v 6.11553931e+03 5.24842486e+03 3.22120543e+01
v 6.11506377e+03 5.24830605e+03 3.22167885e+01
v 6.11368987e+03 5.24755062e+03 3.20444700e+01
v 6.11318784e+03 5.24748055e+03 3.19189390e+01
v 6.11558348e+03 5.24792801e+03 3.10521624e+01
v 6.11594554e+03 5.24840560e+03 3.09492480e+01
v 6.11612751e+03 5.24931592e+03 3.11165288e+01
v 6.11500701e+03 5.24858906e+03 3.34147018e+01
v 6.11575260e+03 5.24824316e+03 3.20248755e+01
v 6.11532173e+03 5.24780963e+03 3.15819943e+01
v 6.12072113e+03 5.22752091e+03 3.07122023e+01
v 6.11942744e+03 5.22521509e+03 3.25497732e+01
v 6.11447461e+03 5.24774989e+03 3.46925804e+01
v 6.11398596e+03 5.24760135e+03 3.47731694e+01
v 6.10967070e+03 5.21890381e+03 3.24651202e+01
v 6.11077278e+03 5.21976436e+03 3.22443749e+01
v 6.11127324e+03 5.22003704e+03 3.23258741e+01
v 6.11488425e+03 5.22229548e+03 3.22694647e+01
v 6.11495170e+03 5.22226291e+03 3.17219038e+01
v 6.11828325e+03 5.22429841e+03 3.13649153e+01
v 6.11513098e+03 5.22220777e+03 3.24156674e+01
v 6.11470862e+03 5.22220862e+03 3.24262928e+01
v 6.11431260e+03 5.22196426e+03 3.22866689e+01
v 6.11355399e+03 5.22145426e+03 3.23008216e+01
v 6.11446072e+03 5.22198350e+03 3.25136739e+01
v 6.11589305e+03 5.22269388e+03 3.24591418e+01
v 6.11889070e+03 5.22488506e+03 3.28800676e+01
v 6.11933759e+03 5.22490484e+03 3.30322326e+01
v 6.11900470e+03 5.22469334e+03 3.30869314e+01
v 6.11858314e+03 5.22457438e+03 3.28195603e+01
v 6.11846170e+03 5.22459993e+03 3.23864118e+01
v 6.11840920e+03 5.22416787e+03 3.25139939e+01
v 6.11983296e+03 5.22402420e+03 3.23821071e+01
v 6.11928397e+03 5.22412881e+03 3.28325745e+01
v 6.11952232e+03 5.22434825e+03 3.30093308e+01
v 6.11953592e+03 5.22478336e+03 3.30955216e+01
v 6.11944921e+03 5.22379260e+03 3.23314809e+01
v 6.11987491e+03 5.22361049e+03 3.21594115e+01
v 6.11771834e+03 5.22381603e+03 3.24311285e+01
v 6.11925183e+03 5.22582934e+03 3.11691099e+01
v 6.11694099e+03 5.22363408e+03 3.23431488e+01
v 6.11766760e+03 5.22572995e+03 3.07985629e+01
v 6.11728949e+03 5.22388137e+03 3.10484954e+01
v 6.11736092e+03 5.22387460e+03 3.18427384e+01
v 6.11975233e+03 5.22536537e+03 3.22317664e+01
v 6.10890438e+03 5.24514798e+03 3.24493273e+01
v 6.11058891e+03 5.24600371e+03 3.27587644e+01
v 6.11073673e+03 5.24581138e+03 3.12894613e+01
v 6.11068989e+03 5.24582661e+03 3.07263838e+01
v 6.11039580e+03 5.24578382e+03 3.11377665e+01
v 6.11137925e+03 5.24612649e+03 3.19681570e+01
v 6.11129789e+03 5.24562795e+03 3.19954929e+01
v 6.11088228e+03 5.24591200e+03 3.20061714e+01
v 6.10939505e+03 5.24544896e+03 3.25071534e+01
v 6.10972061e+03 5.24550514e+03 3.23841518e+01
v 6.10835915e+03 5.24465670e+03 3.18602564e+01
v 6.10909495e+03 5.24508573e+03 3.19851729e+01
v 6.11062087e+03 5.24587513e+03 3.17595848e+01
v 6.11046966e+03 5.24591974e+03 3.13606949e+01
v 6.10973894e+03 5.24530185e+03 3.13998796e+01
v 6.10842710e+03 5.24432434e+03 3.42768830e+01
v 6.11266289e+03 5.24612353e+03 3.12980153e+01
v 6.11272232e+03 5.24636869e+03 3.06089203e+01
v 6.11211422e+03 5.24576059e+03 3.13433937e+01
v 6.10809386e+03 5.24444239e+03 3.28000604e+01
v 6.10275276e+03 5.24113728e+03 3.10520378e+01
v 6.10279034e+03 5.24117765e+03 3.22765843e+01
v 6.10222771e+03 5.24094064e+03 3.07832463e+01
v 6.10185275e+03 5.24102350e+03 3.14820635e+01
v 6.10332946e+03 5.24152831e+03 3.06539680e+01
v 6.10465474e+03 5.24216082e+03 3.10261372e+01
v 6.10397485e+03 5.24189807e+03 3.12794431e+01
v 6.10495907e+03 5.24226751e+03 3.12447354e+01
v 6.10535723e+03 5.24271381e+03 3.10808316e+01
v 6.10793888e+03 5.24418202e+03 3.12209384e+01
v 6.10745138e+03 5.24405951e+03 3.15289573e+01
v 6.11067236e+03 5.24595689e+03 3.20715712e+01
v 6.10708117e+03 5.24377904e+03 3.06811768e+01
v 6.10599832e+03 5.24303098e+03 3.11780173e+01
v 6.10550661e+03 5.24285832e+03 3.17117051e+01
v 6.10644662e+03 5.24327929e+03 3.13593545e+01
v 6.10646682e+03 5.24336256e+03 3.10096317e+01
v 6.10602824e+03 5.24355012e+03 3.27912333e+01
v 6.10656380e+03 5.24350774e+03 3.26782537e+01
v 6.10925253e+03 5.24503056e+03 3.11806304e+01
v 6.10843621e+03 5.24491322e+03 3.06132481e+01
v 6.10738473e+03 5.24405034e+03 3.24559520e+01
v 6.10783931e+03 5.24416273e+03 3.31032650e+01
v 6.10603814e+03 5.24320843e+03 3.22122578e+01
v 6.10541003e+03 5.24286708e+03 3.24456907e+01
v 6.10522898e+03 5.24309992e+03 3.02204253e+01
v 6.10580055e+03 5.24328398e+03 3.06521768e+01
v 6.10491049e+03 5.24245183e+03 3.16253902e+01
v 6.10465176e+03 5.24229387e+03 3.28606153e+01
v 6.10377664e+03 5.24176502e+03 3.24864261e+01
v 6.10445336e+03 5.24226543e+03 3.20342439e+01
v 6.10374444e+03 5.24133557e+03 3.35819202e+01
v 6.10447768e+03 5.24179576e+03 3.35769799e+01
v 6.10547031e+03 5.24324630e+03 3.28914543e+01
v 6.10726678e+03 5.24343443e+03 3.36993761e+01
v 6.11259508e+03 5.24708955e+03 3.23797600e+01
v 6.11196645e+03 5.24698115e+03 3.26866752e+01
v 6.11035498e+03 5.24544031e+03 3.37112297e+01
v 6.10982077e+03 5.24524474e+03 3.35802154e+01
v 6.10669389e+03 5.24326220e+03 3.34459929e+01
v 6.10613912e+03 5.24322036e+03 3.39383202e+01
v 6.10795781e+03 5.24412878e+03 3.41325747e+01
v 6.10741821e+03 5.24363966e+03 3.38583977e+01
v 6.10686058e+03 5.24324923e+03 3.36780062e+01
v 6.10720561e+03 5.24392165e+03 3.43382297e+01
v 6.10584454e+03 5.24283226e+03 3.42131554e+01
v 6.10640304e+03 5.24311320e+03 3.42101478e+01
v 6.10509526e+03 5.24223545e+03 3.36385635e+01
v 6.10504922e+03 5.24215367e+03 3.40376254e+01
v 6.11282841e+03 5.22101460e+03 3.08892227e+01
v 6.10236383e+03 5.24098919e+03 3.25050762e+01
v 6.10235558e+03 5.24068723e+03 3.36721484e+01
v 6.10422549e+03 5.24163226e+03 3.38131722e+01
v 6.10440574e+03 5.24188441e+03 3.40152233e+01
v 6.10360495e+03 5.24132246e+03 3.37684448e+01
v 6.10278725e+03 5.24101366e+03 3.38468232e+01
v 6.10310328e+03 5.24115997e+03 3.34381424e+01
v 6.10201542e+03 5.24038690e+03 3.37730057e+01
v 6.10185607e+03 5.24058980e+03 3.42510801e+01
v 6.10222408e+03 5.24069724e+03 3.40968031e+01
v 6.10169113e+03 5.24081237e+03 3.20071668e+01
v 6.10146489e+03 5.24036413e+03 3.28453070e+01
v 6.10212144e+03 5.24101580e+03 3.22568650e+01
v 6.10242241e+03 5.24109153e+03 3.43765609e+01
v 6.10175573e+03 5.24086348e+03 3.46622320e+01
v 6.10290668e+03 5.24127329e+03 3.43178368e+01
v 6.10369475e+03 5.24173411e+03 3.44985879e+01
v 6.10396253e+03 5.24171149e+03 3.41291125e+01
v 6.10324662e+03 5.24149367e+03 3.51480490e+01
v 6.10441169e+03 5.24211013e+03 3.42246049e+01
v 6.10369200e+03 5.24196177e+03 3.54269579e+01
v 6.10546134e+03 5.24241023e+03 3.41581287e+01
v 6.10847713e+03 5.24474588e+03 3.22803451e+01
v 6.10809281e+03 5.24400504e+03 3.37558453e+01
v 6.10972107e+03 5.24505895e+03 3.40018223e+01
v 6.10951591e+03 5.24518140e+03 3.39455348e+01
v 6.10985928e+03 5.24514303e+03 3.40769624e+01
v 6.10931362e+03 5.24502192e+03 3.43217731e+01
v 6.10926861e+03 5.24537308e+03 3.37406772e+01
v 6.11076820e+03 5.24601264e+03 3.28879283e+01
v 6.11102105e+03 5.24600330e+03 3.34000135e+01
v 6.11099322e+03 5.24587866e+03 3.39606694e+01
v 6.11205792e+03 5.24674037e+03 3.40131072e+01
v 6.11110796e+03 5.24608602e+03 3.21954041e+01
v 6.11168067e+03 5.24671761e+03 3.30179573e+01
v 6.11196854e+03 5.24691720e+03 3.34417676e+01
v 6.11263680e+03 5.24724498e+03 3.33299914e+01
v 6.11280125e+03 5.24733295e+03 3.26320029e+01
v 6.11172860e+03 5.24657320e+03 3.24409603e+01
v 6.11411652e+03 5.24766659e+03 3.44195255e+01
v 6.11434853e+03 5.24851729e+03 3.30213659e+01
v 6.11317145e+03 5.24768145e+03 3.22636084e+01
v 6.11307200e+03 5.24770541e+03 3.30893447e+01
v 6.11339194e+03 5.24769209e+03 3.19983494e+01
v 6.11359038e+03 5.24774654e+03 3.22828981e+01
v 6.11499081e+03 5.24771488e+03 3.17090424e+01
v 6.11209518e+03 5.24686285e+03 3.24140196e+01
v 6.11187775e+03 5.24651052e+03 3.20900620e+01
v 6.11163074e+03 5.24547017e+03 3.17360288e+01
v 6.11166847e+03 5.24563684e+03 3.19737919e+01
v 6.11204916e+03 5.24587126e+03 3.18581018e+01
v 6.11156044e+03 5.24598348e+03 3.19593368e+01
v 6.11269066e+03 5.24688777e+03 3.21433873e+01
v 6.11285211e+03 5.24722126e+03 3.20703398e+01
v 6.11148231e+03 5.24628284e+03 3.20762574e+01
v 6.11233867e+03 5.24590942e+03 3.18267653e+01
v 6.11183133e+03 5.24627505e+03 3.19435535e+01
v 6.11122315e+03 5.24535682e+03 3.18359647e+01
v 6.11014445e+03 5.24561672e+03 3.18251896e+01
v 6.11247925e+03 5.24612433e+03 3.18558945e+01
v 6.11287087e+03 5.24652790e+03 3.20444308e+01
v 6.11233478e+03 5.24662056e+03 3.21331152e+01
v 6.11294336e+03 5.24746789e+03 3.20951787e+01
v 6.11319385e+03 5.24650629e+03 3.17053580e+01
v 6.11366200e+03 5.24682000e+03 3.10873543e+01
v 6.11491676e+03 5.24756465e+03 3.12483955e+01
v 6.11433539e+03 5.24830935e+03 3.23841248e+01
v 6.11094263e+03 5.24551786e+03 3.03600379e+01
v 6.11227905e+03 5.24709872e+03 3.53170696e+01
v 6.11184836e+03 5.24662236e+03 3.50906061e+01
v 6.11126506e+03 5.24632929e+03 3.52107972e+01
v 6.10879379e+03 5.24511804e+03 3.52096797e+01
v 6.11048993e+03 5.24584092e+03 3.47216120e+01
v 6.11074574e+03 5.24562313e+03 3.45717670e+01
v 6.10657792e+03 5.24350600e+03 3.44646372e+01
v 6.10646204e+03 5.24355557e+03 3.49044168e+01
v 6.11159000e+03 5.24598974e+03 3.47531233e+01
v 6.11101650e+03 5.24573243e+03 3.43163674e+01
v 6.10996748e+03 5.24569423e+03 3.46626805e+01
v 6.10501741e+03 5.24267124e+03 3.47790439e+01
v 6.10559361e+03 5.24295619e+03 3.49286232e+01
v 6.10566962e+03 5.24263227e+03 3.46012105e+01
v 6.10606554e+03 5.24282281e+03 3.45756905e+01
v 6.10622810e+03 5.24327608e+03 3.47206401e+01
v 6.10546155e+03 5.24302768e+03 3.52924155e+01
v 6.10155179e+03 5.24074730e+03 3.48170912e+01
v 6.10202241e+03 5.24102481e+03 3.48289881e+01
v 6.10325891e+03 5.24146330e+03 3.27858341e+01
v 6.10348934e+03 5.24172913e+03 3.59181905e+01
v 6.10370218e+03 5.24258827e+03 3.62104197e+01
v 6.10438015e+03 5.21961037e+03 2.77606748e+01
v 6.10422823e+03 5.21931290e+03 2.69482663e+01
v 6.10510807e+03 5.22017839e+03 2.90968325e+01
v 6.10600007e+03 5.22043965e+03 2.72506016e+01
v 6.10700790e+03 5.22131279e+03 2.76397564e+01
v 6.10587589e+03 5.22054238e+03 2.83285392e+01
v 6.10669021e+03 5.22115500e+03 2.84097633e+01
v 6.10742476e+03 5.22157892e+03 2.81910200e+01
v 6.10813086e+03 5.22207730e+03 2.90817574e+01
v 6.10346205e+03 5.21876159e+03 2.72428688e+01
v 6.10377483e+03 5.21899636e+03 2.76875281e+01
v 6.10990765e+03 5.22324210e+03 2.64128300e+01
v 6.11050667e+03 5.22343546e+03 2.75986553e+01
v 6.11040628e+03 5.22341279e+03 2.66002192e+01
v 6.11379024e+03 5.22523151e+03 2.69757342e+01
v 6.11423442e+03 5.22574379e+03 2.76071455e+01
v 6.11231214e+03 5.22463479e+03 2.90896055e+01
v 6.11112957e+03 5.22396288e+03 2.88687137e+01
v 6.11049923e+03 5.22351245e+03 2.80966905e+01
v 6.11355667e+03 5.22508574e+03 2.66948141e+01
v 6.11010161e+03 5.22324244e+03 2.90199713e+01
v 6.11184501e+03 5.22425949e+03 2.66659052e+01
v 6.11054699e+03 5.22365282e+03 2.98870915e+01
v 6.11069209e+03 5.22375705e+03 2.94125410e+01
v 6.11585120e+03 5.24823592e+03 3.13612458e+01
v 6.11153695e+03 5.22437479e+03 2.98474649e+01
v 6.11197720e+03 5.22457747e+03 2.96998971e+01
v 6.11274366e+03 5.22511095e+03 2.97476658e+01
v 6.11237938e+03 5.22478397e+03 2.65131163e+01
v 6.11052907e+03 5.24584497e+03 3.05083318e+01
v 6.11016377e+03 5.24561272e+03 3.09420555e+01
v 6.10528088e+03 5.24237567e+03 3.44047768e+01
v 6.11224740e+03 5.24714746e+03 3.29954618e+01
v 6.11115753e+03 5.24590082e+03 3.48934366e+01
v 6.11286034e+03 5.24724002e+03 3.38365076e+01
v 6.10928122e+03 5.24536064e+03 3.48551441e+01
v 6.11337651e+03 5.24722843e+03 3.45178766e+01
v 6.11248795e+03 5.24668072e+03 3.44285828e+01
v 6.11352524e+03 5.24773830e+03 3.38702803e+01
v 6.11235689e+03 5.24646895e+03 3.47025106e+01
v 6.11259709e+03 5.24676400e+03 3.47811660e+01
v 6.11190138e+03 5.24623587e+03 3.46717343e+01
v 6.11352014e+03 5.24685669e+03 3.20067615e+01
v 6.10811919e+03 5.24464871e+03 3.46486051e+01
v 6.10592612e+03 5.24332358e+03 3.50766400e+01
v 6.10756676e+03 5.24377030e+03 3.34492798e+01
v 6.10159628e+03 5.24030641e+03 3.40940290e+01
v 6.10156140e+03 5.24015336e+03 3.37765314e+01
v 6.11609354e+03 5.22314898e+03 3.23916424e+01
v 6.11650129e+03 5.22315598e+03 3.24493823e+01
v 6.10874213e+03 5.24443246e+03 3.44367527e+01
v 6.10892576e+03 5.24464745e+03 3.45726185e+01
v 6.10666989e+03 5.24363910e+03 3.04365480e+01
v 6.10627466e+03 5.24335576e+03 3.18947438e+01
v 6.11035043e+03 5.24551579e+03 3.41518871e+01
v 6.11099654e+03 5.22396786e+03 2.98188285e+01
v 6.10947965e+03 5.22302490e+03 2.96733952e+01
v 6.11041692e+03 5.22366483e+03 2.96488556e+01
v 6.10491143e+03 5.24283796e+03 2.92830155e+01
v 6.10540972e+03 5.24326772e+03 2.91492396e+01
v 6.10542471e+03 5.24306150e+03 2.88907642e+01
v 6.10561950e+03 5.24347318e+03 2.96283612e+01
v 6.10606432e+03 5.24356523e+03 2.90495897e+01
v 6.10613068e+03 5.24360559e+03 3.02368218e+01
v 6.10448999e+03 5.24221489e+03 3.01876454e+01
v 6.10760708e+03 5.22187887e+03 2.97897201e+01
v 6.10732541e+03 5.22147841e+03 2.90950873e+01
v 6.10860434e+03 5.24485952e+03 2.83432111e+01
v 6.10849052e+03 5.24505032e+03 2.89706119e+01
v 6.10934616e+03 5.24549870e+03 2.87645407e+01
v 6.10705223e+03 5.24378299e+03 2.92923024e+01
v 6.11269897e+03 5.24631674e+03 2.88527274e+01
v 6.11222111e+03 5.24596067e+03 2.89162242e+01
v 6.11236711e+03 5.24634852e+03 2.90726596e+01
v 6.11215245e+03 5.24615177e+03 2.92245402e+01
v 6.10969495e+03 5.24565378e+03 2.90298219e+01
v 6.10960650e+03 5.24562333e+03 2.95384246e+01
v 6.11302244e+03 5.24654366e+03 2.92351561e+01
v 6.11312241e+03 5.24665730e+03 2.97330278e+01
v 6.11069286e+03 5.24584691e+03 2.89435644e+01
v 6.11056914e+03 5.24596923e+03 2.93683017e+01
v 6.11087098e+03 5.24568953e+03 2.93598854e+01
v 6.11106899e+03 5.24536560e+03 2.89469683e+01
v 6.11275248e+03 5.24625456e+03 2.85685866e+01
v 6.11319917e+03 5.24666954e+03 3.04778001e+01
v 6.11077917e+03 5.24593810e+03 2.94508038e+01
v 6.11063244e+03 5.24596918e+03 2.85412571e+01
v 6.10935318e+03 5.24570496e+03 2.90725369e+01
v 6.11352880e+03 5.24682622e+03 2.87562929e+01
v 6.11244343e+03 5.24650252e+03 2.93297346e+01
v 6.11139785e+03 5.24537120e+03 2.98707212e+01
v 6.11144488e+03 5.24537053e+03 2.88401561e+01
v 6.11121068e+03 5.24525916e+03 2.96214618e+01
v 6.11063671e+03 5.24588728e+03 3.01944697e+01
v 6.10912779e+03 5.24561560e+03 2.98960118e+01
v 6.10996929e+03 5.24567367e+03 3.01680845e+01
v 6.10640960e+03 5.24364988e+03 2.91604826e+01
v 6.10670802e+03 5.24363776e+03 2.98785246e+01
v 6.11175233e+03 5.24561690e+03 3.05727472e+01
v 6.11202952e+03 5.24585146e+03 2.92554294e+01
v 6.11101401e+03 5.24541254e+03 2.98202474e+01
v 6.11080538e+03 5.24580301e+03 3.04216467e+01
v 6.11117838e+03 5.24530834e+03 3.01651740e+01
v 6.11125933e+03 5.24536436e+03 3.06689887e+01
v 6.10926029e+03 5.24543842e+03 3.06665795e+01
v 6.10837726e+03 5.24505063e+03 3.02232472e+01
v 6.10282732e+03 5.24115142e+03 3.02633050e+01
v 6.10145042e+03 5.24033968e+03 3.05959895e+01
v 6.10228892e+03 5.24088765e+03 3.03728916e+01
v 6.10318358e+03 5.24143246e+03 2.83043007e+01
v 6.10253917e+03 5.24105521e+03 2.89059730e+01
v 6.10214467e+03 5.24088116e+03 2.94847536e+01
v 6.10608806e+03 5.24367977e+03 2.94698974e+01
v 6.10873394e+03 5.24471876e+03 3.46954629e+01
v 6.10901692e+03 5.22266403e+03 2.91155660e+01
v 6.10605106e+03 5.22027483e+03 2.68292525e+01
v 6.10531290e+03 5.22018874e+03 2.69492982e+01
v 6.10673820e+03 5.22118583e+03 2.92192155e+01
v 6.10679036e+03 5.22141280e+03 2.98076535e+01
v 6.10709099e+03 5.22152853e+03 2.96758109e+01
v 6.10521996e+03 5.22009707e+03 2.79227021e+01
v 6.10424205e+03 5.21956237e+03 2.90693577e+01
v 6.10666766e+03 5.22085812e+03 2.69448693e+01
v 6.10448550e+03 5.21986746e+03 2.95575599e+01
v 6.10564595e+03 5.22061202e+03 2.96332266e+01
v 6.10638801e+03 5.22109080e+03 2.96664738e+01
v 6.10484302e+03 5.22011578e+03 2.97859015e+01
v 6.10498036e+03 5.21907994e+03 3.01505590e+01
v 6.10304902e+03 5.21892334e+03 2.98343017e+01
v 6.10354001e+03 5.21932479e+03 2.97231470e+01
v 6.10481737e+03 5.21988690e+03 2.99882394e+01
v 6.10434262e+03 5.21911925e+03 3.01019748e+01
v 6.10433542e+03 5.21968306e+03 2.98789053e+01
v 6.10388065e+03 5.21899099e+03 2.69079246e+01
v 6.10602326e+03 5.21945826e+03 3.02300380e+01
v 6.10664017e+03 5.22110668e+03 2.99334823e+01
v 6.10951240e+03 5.21981724e+03 3.08723196e+01
v 6.10709021e+03 5.22148034e+03 2.98973788e+01
v 6.10827659e+03 5.22009630e+03 3.03955824e+01
v 6.10802086e+03 5.22179322e+03 3.00237108e+01
v 6.11430894e+03 5.22186791e+03 3.13332526e+01
v 6.11242693e+03 5.22069976e+03 3.12322484e+01
v 6.11117459e+03 5.22089585e+03 3.08089431e+01
v 6.11122715e+03 5.22192830e+03 3.03960358e+01
v 6.10894581e+03 5.21896844e+03 3.08982660e+01
v 6.10909021e+03 5.21938500e+03 3.09032380e+01
v 6.10724171e+03 5.21933329e+03 3.04209097e+01
v 6.10834167e+03 5.21939891e+03 3.09018019e+01
v 6.11110944e+03 5.22028946e+03 3.09191280e+01
v 6.10576005e+03 5.22047753e+03 2.99874974e+01
v 6.10922946e+03 5.22013637e+03 3.07163107e+01
v 6.11219868e+03 5.22248773e+03 3.04480894e+01
v 6.11076984e+03 5.22345281e+03 3.00447557e+01
v 6.10844385e+03 5.22241139e+03 2.98311750e+01
v 6.11283929e+03 5.22219676e+03 3.09311225e+01
v 6.11502147e+03 5.22347528e+03 3.09226278e+01
v 6.11376568e+03 5.22352922e+03 3.04043697e+01
v 6.11130040e+03 5.22392511e+03 2.99970157e+01
v 6.11231205e+03 5.22430830e+03 3.00666977e+01
v 6.11126444e+03 5.22418906e+03 2.97014588e+01
v 6.11155814e+03 5.22032816e+03 3.08918082e+01
v 6.11279765e+03 5.22487824e+03 3.00079286e+01
v 6.11341719e+03 5.22514455e+03 3.00131925e+01
v 6.11350826e+03 5.22549897e+03 2.98573016e+01
v 6.10941302e+03 5.22290495e+03 2.99578632e+01
v 6.10862515e+03 5.24528102e+03 2.70481768e+01
v 6.11108359e+03 5.24537939e+03 2.76529713e+01
v 6.11100218e+03 5.24541334e+03 2.66092900e+01
v 6.11075964e+03 5.24571130e+03 2.68986547e+01
v 6.11051458e+03 5.24600863e+03 2.77033228e+01
v 6.11076752e+03 5.24589004e+03 2.76729967e+01
v 6.11158989e+03 5.24540833e+03 2.76094552e+01
v 6.11201642e+03 5.24579161e+03 2.80972224e+01
v 6.11240171e+03 5.24615083e+03 2.76798016e+01
v 6.11300513e+03 5.24648160e+03 2.77053258e+01
v 6.11333357e+03 5.24681522e+03 2.69993989e+01
v 6.11282051e+03 5.24648988e+03 2.70250143e+01
v 6.11364785e+03 5.24695284e+03 2.74586539e+01
v 6.11605892e+03 5.24921541e+03 2.83315900e+01
v 6.11597411e+03 5.24831252e+03 2.75313562e+01
v 6.11597745e+03 5.24839826e+03 2.87043848e+01
v 6.11420084e+03 5.24727525e+03 2.66844822e+01
v 6.11439160e+03 5.24748317e+03 2.71945886e+01
v 6.11458628e+03 5.24744583e+03 2.82216339e+01
v 6.11470326e+03 5.24757358e+03 2.86314094e+01
v 6.11422070e+03 5.24729239e+03 2.89520234e+01
v 6.11529289e+03 5.24777132e+03 2.90620250e+01
v 6.11508335e+03 5.24773424e+03 2.77305288e+01
v 6.11447364e+03 5.24771936e+03 2.91500076e+01
v 6.11425647e+03 5.24735299e+03 2.97551671e+01
v 6.11482155e+03 5.24770218e+03 2.88519589e+01
v 6.11465235e+03 5.24787278e+03 2.92115702e+01
v 6.11579488e+03 5.24810763e+03 2.86414179e+01
v 6.11615979e+03 5.24950783e+03 2.81909284e+01
v 6.12039032e+03 5.22975400e+03 2.82415966e+01
v 6.12130140e+03 5.23037551e+03 2.84340261e+01
v 6.12094646e+03 5.23034109e+03 2.97017919e+01
v 6.12087571e+03 5.23007939e+03 2.90361586e+01
v 6.11615547e+03 5.24977814e+03 2.71588630e+01
v 6.11409246e+03 5.24722910e+03 3.22341174e+01
v 6.11414928e+03 5.24725539e+03 3.06201029e+01
v 6.11446351e+03 5.24735486e+03 3.09992597e+01
v 6.11343944e+03 5.24720657e+03 2.95138389e+01
v 6.11331289e+03 5.24690267e+03 2.92823773e+01
v 6.11506953e+03 5.24775723e+03 3.00126945e+01
v 6.11388282e+03 5.24707764e+03 3.07303957e+01
v 6.11593622e+03 5.24843690e+03 3.02954595e+01
v 6.11490982e+03 5.24778751e+03 2.93584112e+01
v 6.11516736e+03 5.24770817e+03 2.96055098e+01
v 6.11463777e+03 5.24772175e+03 3.04599819e+01
v 6.11459034e+03 5.24776914e+03 2.97891524e+01
v 6.11241626e+03 5.24633309e+03 3.00881244e+01
v 6.11263077e+03 5.24652288e+03 2.97503239e+01
v 6.11386565e+03 5.24715188e+03 3.00398756e+01
v 6.11434528e+03 5.24755070e+03 3.03782581e+01
v 6.10528242e+03 5.24284492e+03 2.85495075e+01
v 6.10304518e+03 5.24132169e+03 2.92097969e+01
v 6.11396304e+03 5.24714103e+03 2.90894067e+01
v 6.10208019e+03 5.24108600e+03 2.77016521e+01
v 6.10267477e+03 5.24117447e+03 2.75529594e+01
v 6.10469032e+03 5.24247490e+03 2.67758243e+01
v 6.10267052e+03 5.24106560e+03 2.83024258e+01
v 6.10629663e+03 5.24351702e+03 2.76652884e+01
v 6.10186804e+03 5.24101475e+03 2.85950971e+01
v 6.10214913e+03 5.24108357e+03 2.84222129e+01
v 6.10154131e+03 5.24074458e+03 2.77877660e+01
v 6.10166295e+03 5.24090487e+03 2.79276487e+01
v 6.10173207e+03 5.24082216e+03 2.76121528e+01
v 6.10620723e+03 5.24348846e+03 2.88197001e+01
v 6.10171260e+03 5.24089832e+03 2.83364707e+01
v 6.10165440e+03 5.24078336e+03 2.87848463e+01
v 6.10817185e+03 5.24485061e+03 2.91148227e+01
v 6.10830357e+03 5.24503802e+03 2.96545784e+01
v 6.10886118e+03 5.24549250e+03 2.92219165e+01
v 6.11217049e+03 5.24596461e+03 2.97274293e+01
v 6.10812499e+03 5.24464473e+03 2.71968591e+01
v 6.10776491e+03 5.24431427e+03 2.67909952e+01
v 6.10689675e+03 5.24379375e+03 2.71948749e+01
v 6.10688824e+03 5.24376118e+03 2.81486277e+01
v 6.10947427e+03 5.24551273e+03 2.77653789e+01
v 6.11257695e+03 5.24640831e+03 2.71023119e+01
v 6.11030606e+03 5.24579079e+03 2.69630502e+01
v 6.11001444e+03 5.24573874e+03 2.74146250e+01
v 6.11457413e+03 5.22597792e+03 2.99978085e+01
v 6.11453448e+03 5.22414710e+03 3.03575248e+01
v 6.11687542e+03 5.22537006e+03 3.04109363e+01
v 6.11591335e+03 5.22551174e+03 3.02600361e+01
v 6.11858649e+03 5.22741098e+03 3.01938465e+01
v 6.11792356e+03 5.22804835e+03 3.00302228e+01
v 6.11771868e+03 5.22826880e+03 2.97472181e+01
v 6.11740172e+03 5.22771519e+03 3.00594708e+01
v 6.12092881e+03 5.22808335e+03 3.05372112e+01
v 6.12102664e+03 5.22860718e+03 3.03528162e+01
v 6.11925176e+03 5.22907850e+03 2.99414948e+01
v 6.11855128e+03 5.22863642e+03 3.00063795e+01
v 6.11751108e+03 5.22797276e+03 2.89079834e+01
v 6.11711660e+03 5.22785196e+03 2.95362424e+01
v 6.12039447e+03 5.22992841e+03 2.98542508e+01
v 6.12127977e+03 5.23020518e+03 3.00274656e+01
v 6.12052523e+03 5.22932999e+03 3.00928926e+01
v 6.11903288e+03 5.22908515e+03 2.97770988e+01
v 6.12026343e+03 5.22982272e+03 2.95801564e+01
v 6.11867156e+03 5.22862259e+03 2.89786514e+01
v 6.11986358e+03 5.22934016e+03 2.88255178e+01
v 6.11996402e+03 5.22952160e+03 2.99505561e+01
v 6.11801441e+03 5.22841186e+03 2.96014645e+01
v 6.11675574e+03 5.22743513e+03 2.99516319e+01
v 6.11708608e+03 5.22781308e+03 2.98326750e+01
v 6.11670028e+03 5.22765759e+03 2.96853385e+01
v 6.11698103e+03 5.22751318e+03 2.89978584e+01
v 6.11586011e+03 5.22703179e+03 2.96259726e+01
v 6.11600965e+03 5.22715796e+03 2.98417122e+01
v 6.11560001e+03 5.22686480e+03 2.97585317e+01
v 6.12047248e+03 5.22788508e+03 3.07128676e+01
v 6.11560569e+03 5.22654760e+03 3.00184687e+01
v 6.11499019e+03 5.22653642e+03 2.96680624e+01
v 6.11532226e+03 5.22660258e+03 2.91365331e+01
v 6.11495961e+03 5.22644279e+03 2.98597459e+01
v 6.11519213e+03 5.22378723e+03 3.07479783e+01
v 6.11390020e+03 5.22583011e+03 2.97998295e+01
v 6.11458307e+03 5.22624920e+03 2.96859580e+01
v 6.11554953e+03 5.22263054e+03 3.20989653e+01
v 6.11964293e+03 5.22813988e+03 3.02549582e+01
v 6.11974628e+03 5.22859985e+03 3.02288814e+01
v 6.11998245e+03 5.22839312e+03 3.05576714e+01
v 6.11217756e+03 5.22455571e+03 2.99090179e+01
v 6.11633433e+03 5.22707363e+03 2.91644044e+01
v 6.11613335e+03 5.22705092e+03 2.81554707e+01
v 6.11593219e+03 5.22669978e+03 2.74146533e+01
v 6.11429393e+03 5.22592635e+03 2.82184008e+01
v 6.11540776e+03 5.22659695e+03 2.79669115e+01
v 6.11602388e+03 5.22663191e+03 2.66426903e+01
v 6.11633340e+03 5.22672225e+03 2.72338890e+01
v 6.11666200e+03 5.22695678e+03 2.73101404e+01
v 6.11672232e+03 5.22746245e+03 2.84665193e+01
v 6.11675987e+03 5.22706061e+03 2.70103092e+01
v 6.11474090e+03 5.22641067e+03 2.86604672e+01
v 6.11664583e+03 5.22736154e+03 2.80156796e+01
v 6.11691346e+03 5.22746089e+03 2.75084234e+01
v 6.12107113e+03 5.23031489e+03 2.98944178e+01
v 6.12058078e+03 5.22887854e+03 3.03807253e+01
v 6.12054019e+03 5.22856093e+03 3.07946934e+01
v 6.12027056e+03 5.22859299e+03 3.06734899e+01
v 6.12075631e+03 5.22851200e+03 3.05338116e+01
v 6.11872955e+03 5.22669786e+03 3.05077060e+01
v 6.11791722e+03 5.22699379e+03 3.02191324e+01
v 6.11899446e+03 5.22692585e+03 3.03188126e+01
v 6.11957484e+03 5.22736986e+03 3.02783597e+01
v 6.12006795e+03 5.22699333e+03 3.06699688e+01
v 6.12020882e+03 5.22749526e+03 3.05757236e+01
v 6.12105423e+03 5.22904069e+03 3.02199462e+01
v 6.11913642e+03 5.22621597e+03 3.10987812e+01
v 6.11412020e+03 5.22308238e+03 3.08776366e+01
v 6.11588395e+03 5.22477015e+03 3.04402765e+01
v 6.10942499e+03 5.22285085e+03 2.71786074e+01
v 6.10861964e+03 5.21920229e+03 3.10020754e+01
v 6.10798333e+03 5.21911898e+03 3.08603527e+01
v 6.10385759e+03 5.21931871e+03 2.99729883e+01
v 6.10348132e+03 5.21883278e+03 3.00095082e+01
v 6.11824551e+03 5.22851778e+03 2.79786993e+01
v 6.12103359e+03 5.22993972e+03 2.67303105e+01
v 6.12075953e+03 5.22988384e+03 2.65386778e+01
v 6.11729356e+03 5.22787944e+03 2.67262920e+01
v 6.10662801e+03 5.21899224e+03 3.03649533e+01
v 6.11089040e+03 5.24571988e+03 2.43181529e+01
v 6.11126064e+03 5.24528438e+03 2.86031834e+01
v 6.10624691e+03 5.24343542e+03 2.83415595e+01
v 6.11112238e+03 5.24533611e+03 2.42241893e+01
v 6.11080214e+03 5.24595007e+03 2.39389726e+01
v 6.10595660e+03 5.22084078e+03 2.98509516e+01
v 6.11793605e+03 5.22834367e+03 2.98891604e+01
v 6.11641668e+03 5.22329113e+03 3.23343464e+01
v 6.11391837e+03 5.22159864e+03 3.19023287e+01
v 6.11167511e+03 5.22022034e+03 3.24192506e+01
v 6.11311352e+03 5.24659559e+03 2.65082055e+01
v 6.11352641e+03 5.24704937e+03 2.58314037e+01
v 6.11296188e+03 5.22503493e+03 2.47429280e+01
v 6.11296077e+03 5.22521000e+03 2.58767150e+01
v 6.11440889e+03 5.22602514e+03 2.91405263e+01
v 6.10297273e+03 5.21869963e+03 2.09892495e+01
v 6.10632009e+03 5.24356093e+03 3.56891482e+01
v 6.10151356e+03 5.24040944e+03 3.63402707e+01
v 6.10161790e+03 5.24072641e+03 3.56655887e+01
v 6.10160286e+03 5.24041657e+03 3.01364016e+01
v 6.10183830e+03 5.24062031e+03 2.72691625e+01
v 6.10168533e+03 5.24045261e+03 2.70168973e+01
v 6.10936063e+03 5.24558575e+03 3.04230109e+01
v 6.11494056e+03 5.24867374e+03 3.52313281e+01
v 6.11111366e+03 5.24531004e+03 2.61426715e+01
v 6.11085767e+03 5.24564831e+03 2.61112795e+01
v 6.11069673e+03 5.24589018e+03 2.64533158e+01
v 6.10152924e+03 5.24365588e+03 3.83530873e+01
v 6.12021980e+03 5.22900237e+03 3.02598463e+01
v 6.11869923e+03 5.22880830e+03 2.70056686e+01
v 6.11699779e+03 5.22796488e+03 1.95382124e+01
v 6.11711525e+03 5.22827292e+03 1.93886728e+01
v 6.11726496e+03 5.22839190e+03 1.98096022e+01
v 6.11668206e+03 5.22747590e+03 2.45014243e+01
v 6.11649355e+03 5.22741419e+03 2.50438845e+01
v 6.10895351e+03 5.24698134e+03 3.66487002e+01
v 6.10317685e+03 5.24146855e+03 3.70501626e+01
v 6.10569123e+03 5.22030279e+03 2.13521576e+01
v 6.10705280e+03 5.23959418e+03 1.84703557e+01
v 6.10736934e+03 5.23987140e+03 1.81422677e+01
v 6.10764877e+03 5.24004499e+03 1.83793262e+01
v 6.10260471e+03 5.24109977e+03 2.53868862e+01
v 6.10268010e+03 5.24113162e+03 2.62599803e+01
v 6.10354627e+03 5.24164934e+03 2.45827986e+01
v 6.10287283e+03 5.24121866e+03 2.48829502e+01
v 6.10305889e+03 5.24116093e+03 1.87541850e+01
v 6.10312668e+03 5.24110871e+03 1.80162527e+01
v 6.11177347e+03 5.23079658e+03 1.79478332e+01
v 6.11113272e+03 5.23066675e+03 1.83392070e+01
v 6.11031883e+03 5.23095088e+03 1.79297635e+01
v 6.11058254e+03 5.23282812e+03 1.75165172e+01
v 6.11095918e+03 5.23160631e+03 1.78583679e+01
v 6.11004221e+03 5.23007087e+03 1.78662247e+01
v 6.10920237e+03 5.23012628e+03 1.78905415e+01
v 6.11318155e+03 5.23213470e+03 1.83492425e+01
v 6.11355363e+03 5.23283284e+03 1.80292936e+01
v 6.11292589e+03 5.23118629e+03 1.82110798e+01
v 6.11265882e+03 5.23036226e+03 1.78933912e+01
v 6.11179982e+03 5.23064321e+03 1.78585150e+01
v 6.11154459e+03 5.23023444e+03 1.78645547e+01
v 6.11123897e+03 5.23126542e+03 1.83448340e+01
v 6.11082746e+03 5.23078966e+03 1.82804357e+01
v 6.11094617e+03 5.23046056e+03 1.82272599e+01
v 6.11126288e+03 5.22975134e+03 1.77105807e+01
v 6.11073018e+03 5.22981955e+03 1.77451597e+01
v 6.10536747e+03 5.23137499e+03 1.78386057e+01
v 6.10431852e+03 5.23170276e+03 1.78168106e+01
v 6.11159096e+03 5.23118196e+03 1.82299819e+01
v 6.11182087e+03 5.23232104e+03 1.80009474e+01
v 6.11161179e+03 5.23165852e+03 1.82200017e+01
v 6.10785665e+03 5.23128832e+03 1.77230595e+01
v 6.11057150e+03 5.23033039e+03 1.79733116e+01
v 6.10338028e+03 5.23123866e+03 1.79144748e+01
v 6.11149492e+03 5.22920643e+03 1.76202094e+01
v 6.10571644e+03 5.23046108e+03 1.78925581e+01
v 6.10418561e+03 5.22928093e+03 1.79352991e+01
v 6.10696303e+03 5.23338480e+03 1.78730776e+01
v 6.10856102e+03 5.23341108e+03 1.77005581e+01
v 6.10804993e+03 5.23287866e+03 1.76589486e+01
v 6.10741532e+03 5.22994258e+03 1.78778979e+01
v 6.10649512e+03 5.23217661e+03 1.78176077e+01
v 6.10179540e+03 5.22616427e+03 1.83945769e+01
v 6.10196141e+03 5.22697223e+03 1.81077267e+01
v 6.10250112e+03 5.22669708e+03 1.81956758e+01
v 6.10239964e+03 5.22734141e+03 1.79515829e+01
v 6.10145836e+03 5.22832006e+03 1.78871644e+01
v 6.10250278e+03 5.22558317e+03 1.79837022e+01
v 6.10311516e+03 5.22483862e+03 1.77881938e+01
v 6.10465686e+03 5.22562034e+03 1.77491032e+01
v 6.10571750e+03 5.22653759e+03 1.76261069e+01
v 6.10146927e+03 5.22591658e+03 1.83471648e+01
v 6.10206151e+03 5.22589719e+03 1.82826528e+01
v 6.10386418e+03 5.22733325e+03 1.81819894e+01
v 6.10545352e+03 5.22806939e+03 1.78661714e+01
v 6.10639007e+03 5.22785677e+03 1.78207260e+01
v 6.10466918e+03 5.22662029e+03 1.76817543e+01
v 6.10838412e+03 5.22793403e+03 1.77471811e+01
v 6.10886486e+03 5.22956774e+03 1.81358541e+01
v 6.11239781e+03 5.22935916e+03 1.77592866e+01
v 6.10810818e+03 5.22911096e+03 1.81464829e+01
v 6.10751175e+03 5.22797444e+03 1.79986945e+01
v 6.11146891e+03 5.22533493e+03 1.77246364e+01
v 6.10930177e+03 5.22483242e+03 1.79277917e+01
v 6.10729971e+03 5.22846756e+03 1.80347680e+01
v 6.11381993e+03 5.22583042e+03 1.78728402e+01
v 6.11355641e+03 5.22552618e+03 1.79376386e+01
v 6.11324666e+03 5.22565096e+03 1.77527439e+01
v 6.10685247e+03 5.22504645e+03 1.79015850e+01
v 6.10277012e+03 5.22923605e+03 1.79481465e+01
v 6.10244870e+03 5.22796393e+03 1.78782996e+01
v 6.10302445e+03 5.22647933e+03 1.79799296e+01
v 6.10406886e+03 5.22605913e+03 1.77832197e+01
v 6.10289390e+03 5.22713019e+03 1.80149952e+01
v 6.10383169e+03 5.22539835e+03 1.76843706e+01
v 6.10236986e+03 5.22390820e+03 1.77891779e+01
v 6.10526703e+03 5.22030859e+03 1.78122579e+01
v 6.10495547e+03 5.22050920e+03 1.78448660e+01
v 6.10372252e+03 5.21948252e+03 1.79813556e+01
v 6.10406070e+03 5.21985074e+03 1.78908100e+01
v 6.10432379e+03 5.21964846e+03 1.82982504e+01
v 6.10268306e+03 5.21895038e+03 1.78754125e+01
v 6.10630246e+03 5.22110438e+03 1.78753402e+01
v 6.10650014e+03 5.22095192e+03 1.83334259e+01
v 6.11043544e+03 5.22357984e+03 1.78914195e+01
v 6.11040886e+03 5.22389370e+03 1.77507900e+01
v 6.11091706e+03 5.22426253e+03 1.77791447e+01
v 6.10997929e+03 5.22364554e+03 1.78002282e+01
v 6.10682643e+03 5.22134439e+03 1.80285748e+01
v 6.10633159e+03 5.22168692e+03 1.79015478e+01
v 6.10704739e+03 5.22170227e+03 1.78806310e+01
v 6.10724885e+03 5.22149941e+03 1.81637255e+01
v 6.10932786e+03 5.23260810e+03 1.76826823e+01
v 6.11111965e+03 5.23433024e+03 1.75200993e+01
v 6.11151213e+03 5.23332652e+03 1.76010277e+01
v 6.11362227e+03 5.23523632e+03 1.75105173e+01
v 6.11179085e+03 5.23506781e+03 1.75896491e+01
v 6.11039594e+03 5.23498099e+03 1.76839091e+01
v 6.11141133e+03 5.23574354e+03 1.77005725e+01
v 6.10835442e+03 5.23392917e+03 1.78385780e+01
v 6.11102917e+03 5.23682253e+03 1.77312862e+01
v 6.11306712e+03 5.23368293e+03 1.75208190e+01
v 6.11170183e+03 5.23285890e+03 1.77315037e+01
v 6.11476721e+03 5.22850690e+03 1.77483312e+01
v 6.10932656e+03 5.22979092e+03 1.79678170e+01
v 6.10243710e+03 5.23052542e+03 1.78478285e+01
v 6.10158686e+03 5.23111355e+03 1.78994827e+01
v 6.10292800e+03 5.23457489e+03 1.78777901e+01
v 6.10365449e+03 5.23461268e+03 1.78030472e+01
v 6.10218058e+03 5.23403311e+03 1.78212162e+01
v 6.10265739e+03 5.23193714e+03 1.79025417e+01
v 6.10394064e+03 5.23555444e+03 1.82118708e+01
v 6.10394148e+03 5.23521195e+03 1.78983338e+01
v 6.11000115e+03 5.23414245e+03 1.76291984e+01
v 6.10645589e+03 5.23545874e+03 1.77168505e+01
v 6.10781774e+03 5.23423811e+03 1.78888141e+01
v 6.10868082e+03 5.23590232e+03 1.76957356e+01
v 6.11257900e+03 5.23232252e+03 1.83990721e+01
v 6.11227800e+03 5.23293186e+03 1.77613070e+01
v 6.10355102e+03 5.23521685e+03 1.81104900e+01
v 6.10447700e+03 5.23608962e+03 1.87244675e+01
v 6.10471538e+03 5.23603077e+03 1.82123082e+01
v 6.10415129e+03 5.23578423e+03 1.85581930e+01
v 6.10437260e+03 5.23563161e+03 1.80343604e+01
v 6.10143965e+03 5.23547058e+03 1.81488884e+01
v 6.10197056e+03 5.23524719e+03 1.82473986e+01
v 6.10182736e+03 5.23572958e+03 1.82762900e+01
v 6.10162737e+03 5.23607263e+03 1.80603921e+01
v 6.10298378e+03 5.23501605e+03 1.82082348e+01
v 6.10381659e+03 5.23565150e+03 1.88381444e+01
v 6.10209361e+03 5.23477152e+03 1.80575798e+01
v 6.10162046e+03 5.23505219e+03 1.81572559e+01
v 6.10180597e+03 5.23463854e+03 1.79511427e+01
v 6.10754052e+03 5.22178397e+03 1.78740037e+01
v 6.10789253e+03 5.22197942e+03 1.79062337e+01
v 6.10765255e+03 5.22173193e+03 1.81228814e+01
v 6.10597364e+03 5.22359702e+03 1.80126665e+01
v 6.10487572e+03 5.22136962e+03 1.80004745e+01
v 6.10761801e+03 5.22205104e+03 1.78069384e+01
v 6.10774732e+03 5.22245249e+03 1.78660781e+01
v 6.10860268e+03 5.22263583e+03 1.78058637e+01
v 6.11266716e+03 5.22528600e+03 1.77164871e+01
v 6.11225586e+03 5.22477526e+03 1.79090935e+01
v 6.11095143e+03 5.22399310e+03 1.79116168e+01
v 6.10893918e+03 5.22242542e+03 1.84366043e+01
v 6.10881351e+03 5.22238518e+03 1.81840570e+01
v 6.10945041e+03 5.22291164e+03 1.80207052e+01
v 6.10563072e+03 5.22060511e+03 1.78390433e+01
v 6.10341313e+03 5.21910406e+03 1.80560818e+01
v 6.10632954e+03 5.22089406e+03 1.80643310e+01
v 6.10135224e+03 5.22016001e+03 1.80382470e+01
v 6.10529822e+03 5.22025084e+03 1.83238357e+01
v 6.10499955e+03 5.22022702e+03 1.79002480e+01
v 6.10160958e+03 5.22439146e+03 1.79488389e+01
v 6.10859754e+03 5.22236251e+03 1.79799984e+01
v 6.10439117e+03 5.21996749e+03 1.78085462e+01
v 6.10455488e+03 5.21986900e+03 1.79444051e+01
v 6.10146869e+03 5.22224544e+03 1.79686051e+01
v 6.10171493e+03 5.22575846e+03 1.83562119e+01
v 6.10169000e+03 5.22550445e+03 1.82163912e+01
v 6.10341190e+03 5.22993931e+03 1.78515855e+01
v 6.10845949e+03 5.22963151e+03 1.80396168e+01
v 6.11384368e+03 5.22619366e+03 1.77927624e+01
v 6.11291989e+03 5.22590571e+03 1.77247074e+01
v 6.12133479e+03 5.23050846e+03 1.76350505e+01
v 6.11839251e+03 5.23153478e+03 1.75473054e+01
v 6.11841286e+03 5.23027545e+03 1.74469431e+01
v 6.11830106e+03 5.22926776e+03 1.76687439e+01
v 6.11837372e+03 5.22865516e+03 1.79164842e+01
v 6.11743953e+03 5.22959308e+03 1.75436023e+01
v 6.11690325e+03 5.22877461e+03 1.76363405e+01
v 6.11695139e+03 5.22790452e+03 1.76453088e+01
v 6.11609266e+03 5.23172740e+03 1.75506779e+01
v 6.11519601e+03 5.23214114e+03 1.75079092e+01
v 6.11581807e+03 5.23220825e+03 1.75239240e+01
v 6.11525198e+03 5.23057988e+03 1.78704515e+01
v 6.11438432e+03 5.22619588e+03 1.79368756e+01
v 6.11478140e+03 5.22684479e+03 1.77228210e+01
v 6.11556423e+03 5.22977919e+03 1.78505763e+01
v 6.11606575e+03 5.22761859e+03 1.76500378e+01
v 6.11500417e+03 5.23299584e+03 1.79241678e+01
v 6.11460233e+03 5.23278814e+03 1.78503727e+01
v 6.11521950e+03 5.22671218e+03 1.78123510e+01
v 6.11477933e+03 5.22643484e+03 1.80280611e+01
v 6.11392235e+03 5.22565982e+03 1.82654477e+01
v 6.11385357e+03 5.23248287e+03 1.80607141e+01
v 6.11564721e+03 5.23249345e+03 1.76878583e+01
v 6.11619155e+03 5.23289788e+03 1.83532668e+01
v 6.11583364e+03 5.23251981e+03 1.75792083e+01
v 6.11710594e+03 5.23149875e+03 1.75917951e+01
v 6.11635507e+03 5.23248038e+03 1.75065253e+01
v 6.11631854e+03 5.23267825e+03 1.77024270e+01
v 6.11952700e+03 5.22953277e+03 1.76150980e+01
v 6.11660503e+03 5.23289948e+03 1.76211077e+01
v 6.11692282e+03 5.23281551e+03 1.74868179e+01
v 6.11811587e+03 5.22840058e+03 1.77695096e+01
v 6.11771452e+03 5.22838092e+03 1.77731365e+01
v 6.11740459e+03 5.22808438e+03 1.84278470e+01
v 6.11784698e+03 5.22877313e+03 1.93468230e+01
v 6.11972906e+03 5.22933292e+03 1.80460899e+01
v 6.11961441e+03 5.22933484e+03 1.87829585e+01
v 6.12119500e+03 5.23036169e+03 1.80061133e+01
v 6.12124803e+03 5.23036049e+03 1.83822755e+01
v 6.11532116e+03 5.23276403e+03 1.79495182e+01
v 6.11850525e+03 5.23311095e+03 1.75018263e+01
v 6.12064373e+03 5.23067319e+03 1.75137586e+01
v 6.11857895e+03 5.23003771e+03 1.74472168e+01
v 6.12044487e+03 5.23321186e+03 1.77716319e+01
v 6.12097740e+03 5.23175438e+03 1.75619288e+01
v 6.11793325e+03 5.23405216e+03 1.82201759e+01
v 6.11750849e+03 5.23371066e+03 1.81356314e+01
v 6.11747987e+03 5.23401313e+03 1.84951607e+01
v 6.11896432e+03 5.23480311e+03 1.76888089e+01
v 6.11887840e+03 5.23428099e+03 1.75004380e+01
v 6.11508294e+03 5.23332226e+03 1.82559119e+01
v 6.11452672e+03 5.23490170e+03 1.75804921e+01
v 6.11457941e+03 5.23422759e+03 1.78684572e+01
v 6.11689356e+03 5.23513891e+03 1.84815606e+01
v 6.11777448e+03 5.23564043e+03 1.81533338e+01
v 6.11725340e+03 5.23511361e+03 1.84495456e+01
v 6.11694790e+03 5.23325720e+03 1.78977586e+01
v 6.11739457e+03 5.23267116e+03 1.75217856e+01
v 6.11659047e+03 5.23223824e+03 1.74629180e+01
v 6.11505980e+03 5.23527980e+03 1.75821921e+01
v 6.11505783e+03 5.23453146e+03 1.78646947e+01
v 6.11594511e+03 5.23448631e+03 1.85612184e+01
v 6.11622701e+03 5.23437616e+03 1.87298205e+01
v 6.11500346e+03 5.23409458e+03 1.80972918e+01
v 6.11926404e+03 5.23455893e+03 1.74837406e+01
v 6.11552210e+03 5.23433707e+03 1.82987936e+01
v 6.12041600e+03 5.23003111e+03 1.76304038e+01
v 6.12003972e+03 5.22969608e+03 1.77135275e+01
v 6.12087731e+03 5.23040382e+03 1.76339286e+01
v 6.12031914e+03 5.23732672e+03 1.73018167e+01
v 6.11934530e+03 5.23828888e+03 1.74221636e+01
v 6.11965902e+03 5.23578258e+03 1.73196621e+01
v 6.11849772e+03 5.23576831e+03 1.77197277e+01
v 6.11893221e+03 5.23670914e+03 1.73904974e+01
v 6.12098802e+03 5.24221367e+03 1.73669156e+01
v 6.12028768e+03 5.24252249e+03 1.73093638e+01
v 6.11891721e+03 5.24086343e+03 1.74127517e+01
v 6.11972885e+03 5.24032703e+03 1.73387376e+01
v 6.12118401e+03 5.23539389e+03 1.72856985e+01
v 6.12080931e+03 5.23568617e+03 1.71640587e+01
v 6.12083897e+03 5.24533414e+03 1.72479269e+01
v 6.11956039e+03 5.24347396e+03 1.73919043e+01
v 6.12062487e+03 5.24440337e+03 1.71995240e+01
v 6.11812913e+03 5.24480522e+03 1.84005052e+01
v 6.11893510e+03 5.24507648e+03 1.76740343e+01
v 6.11930888e+03 5.24504514e+03 1.73600742e+01
v 6.11879730e+03 5.24475693e+03 1.74174777e+01
v 6.11941841e+03 5.24449243e+03 1.73314441e+01
v 6.11968257e+03 5.24573853e+03 1.72235493e+01
v 6.11918395e+03 5.24534797e+03 1.75649549e+01
v 6.11899501e+03 5.24174037e+03 1.73630618e+01
v 6.11895444e+03 5.24657192e+03 1.74286411e+01
v 6.11839598e+03 5.24662118e+03 1.76150980e+01
v 6.11838489e+03 5.24706192e+03 1.73565977e+01
v 6.11926858e+03 5.24705383e+03 1.72388921e+01
v 6.12141803e+03 5.24877922e+03 1.73795194e+01
v 6.12040025e+03 5.24759806e+03 1.78628571e+01
v 6.11965640e+03 5.24714002e+03 1.74330558e+01
v 6.11732765e+03 5.24639618e+03 1.75508632e+01
v 6.11869412e+03 5.24637243e+03 1.78793579e+01
v 6.11836039e+03 5.24608339e+03 1.80795249e+01
v 6.12109442e+03 5.24658365e+03 1.78671393e+01
v 6.12108691e+03 5.24594757e+03 1.73661733e+01
v 6.12107183e+03 5.24623627e+03 1.75590550e+01
v 6.11958528e+03 5.24636747e+03 1.73311443e+01
v 6.11931893e+03 5.24567111e+03 1.73504837e+01
v 6.11926056e+03 5.24623645e+03 1.72513464e+01
v 6.11764344e+03 5.23340421e+03 1.76293180e+01
v 6.11795875e+03 5.23521574e+03 1.82235510e+01
v 6.11761737e+03 5.23448873e+03 1.84429361e+01
v 6.11727435e+03 5.23368050e+03 1.84250837e+01
v 6.11573100e+03 5.23270179e+03 1.81480197e+01
v 6.11644354e+03 5.23319251e+03 1.85287873e+01
v 6.11539229e+03 5.23311452e+03 1.85069066e+01
v 6.11596854e+03 5.23297021e+03 1.85550219e+01
v 6.11416177e+03 5.23336227e+03 1.79253541e+01
v 6.11522323e+03 5.23380401e+03 1.86452057e+01
v 6.11482137e+03 5.23367940e+03 1.79692844e+01
v 6.11429451e+03 5.23572680e+03 1.75638754e+01
v 6.11575620e+03 5.23623260e+03 1.74965949e+01
v 6.11473840e+03 5.23334973e+03 1.78864930e+01
v 6.11804548e+03 5.23608213e+03 1.77220743e+01
v 6.11704199e+03 5.23559618e+03 1.80408091e+01
v 6.11686924e+03 5.23603879e+03 1.77340216e+01
v 6.11265046e+03 5.23192805e+03 1.84534974e+01
v 6.11452196e+03 5.23372709e+03 1.78674988e+01
v 6.11598489e+03 5.23492429e+03 1.78018446e+01
v 6.11672599e+03 5.23456726e+03 1.87505552e+01
v 6.11723136e+03 5.23434080e+03 1.86598143e+01
v 6.11835230e+03 5.23355038e+03 1.75394797e+01
v 6.11795738e+03 5.23353226e+03 1.76499922e+01
v 6.11546367e+03 5.23451945e+03 1.79607713e+01
v 6.11609203e+03 5.23481021e+03 1.80119188e+01
v 6.11841433e+03 5.23416337e+03 1.78048054e+01
v 6.12021819e+03 5.23529590e+03 1.72456531e+01
v 6.11818697e+03 5.23456638e+03 1.81967712e+01
v 6.12063122e+03 5.22998167e+03 1.80788091e+01
v 6.11718429e+03 5.22813707e+03 1.77333725e+01
v 6.11594110e+03 5.22706938e+03 1.78706416e+01
v 6.11569575e+03 5.22678624e+03 1.80708412e+01
v 6.11544059e+03 5.22666178e+03 1.82824504e+01
v 6.11019035e+03 5.23786318e+03 1.75947798e+01
v 6.10830862e+03 5.23787437e+03 1.77288018e+01
v 6.10676210e+03 5.23705118e+03 1.78212053e+01
v 6.10610432e+03 5.23739183e+03 1.78795544e+01
v 6.10682614e+03 5.23743272e+03 1.80822068e+01
v 6.10755976e+03 5.23732334e+03 1.77077644e+01
v 6.10719266e+03 5.23737897e+03 1.78319358e+01
v 6.10760520e+03 5.23776930e+03 1.79257299e+01
v 6.10566862e+03 5.23903172e+03 1.77421814e+01
v 6.10591864e+03 5.23918274e+03 1.78214862e+01
v 6.10661434e+03 5.23811604e+03 1.85037200e+01
v 6.10568767e+03 5.23761770e+03 1.77808634e+01
v 6.10570176e+03 5.23821351e+03 1.79447360e+01
v 6.10706501e+03 5.23767905e+03 1.83118011e+01
v 6.10385156e+03 5.23818449e+03 1.77896654e+01
v 6.10334739e+03 5.23899292e+03 1.77879401e+01
v 6.10830181e+03 5.23840529e+03 1.79743496e+01
v 6.10797541e+03 5.23807426e+03 1.81651331e+01
v 6.10508775e+03 5.23767333e+03 1.80221412e+01
v 6.10565373e+03 5.23688528e+03 1.77899952e+01
v 6.10600279e+03 5.23699816e+03 1.77568001e+01
v 6.11380205e+03 5.23814022e+03 1.75866885e+01
v 6.11488416e+03 5.23755699e+03 1.74574395e+01
v 6.11322635e+03 5.23664638e+03 1.75698292e+01
v 6.11169936e+03 5.23728363e+03 1.76470902e+01
v 6.11203662e+03 5.23904345e+03 1.75824862e+01
v 6.11071457e+03 5.23976465e+03 1.75170823e+01
v 6.11011509e+03 5.23970058e+03 1.76502358e+01
v 6.11245958e+03 5.24031460e+03 1.76172361e+01
v 6.11337262e+03 5.24018739e+03 1.75157120e+01
v 6.11070952e+03 5.24240396e+03 1.77681407e+01
v 6.11041517e+03 5.24205180e+03 1.77344757e+01
v 6.10956910e+03 5.24077581e+03 1.79660093e+01
v 6.10994383e+03 5.24082894e+03 1.76518366e+01
v 6.10969199e+03 5.23939294e+03 1.78237357e+01
v 6.10989605e+03 5.23907258e+03 1.76483303e+01
v 6.11002407e+03 5.24016487e+03 1.75891414e+01
v 6.10924022e+03 5.23909958e+03 1.81814331e+01
v 6.10926731e+03 5.23892599e+03 1.77945049e+01
v 6.10899540e+03 5.23880043e+03 1.78193600e+01
v 6.10893001e+03 5.23894884e+03 1.85429091e+01
v 6.10786610e+03 5.24037388e+03 1.79484808e+01
v 6.10848215e+03 5.24078567e+03 1.79175819e+01
v 6.10811340e+03 5.24073712e+03 1.77749825e+01
v 6.11061987e+03 5.24127872e+03 1.81636068e+01
v 6.11086944e+03 5.24068153e+03 1.80063234e+01
v 6.11035595e+03 5.24089014e+03 1.76997022e+01
v 6.10987517e+03 5.24049402e+03 1.77514717e+01
v 6.11030962e+03 5.24039834e+03 1.75612586e+01
v 6.11076283e+03 5.24041223e+03 1.76778426e+01
v 6.10986227e+03 5.24007618e+03 1.79424666e+01
v 6.10726923e+03 5.24034324e+03 1.76984808e+01
v 6.11124298e+03 5.24030753e+03 1.78592440e+01
v 6.11180832e+03 5.24031301e+03 1.77454966e+01
v 6.11137667e+03 5.23991286e+03 1.75766385e+01
v 6.11183638e+03 5.24065608e+03 1.81800747e+01
v 6.11132714e+03 5.24085424e+03 1.83045296e+01
v 6.11172803e+03 5.24110444e+03 1.84153988e+01
v 6.11136817e+03 5.24044839e+03 1.81566727e+01
v 6.11113815e+03 5.24041312e+03 1.80884479e+01
v 6.11282035e+03 5.24082798e+03 1.77434507e+01
v 6.11218520e+03 5.24062858e+03 1.77849938e+01
v 6.11246363e+03 5.24093451e+03 1.80475382e+01
v 6.11267975e+03 5.24103162e+03 1.78544100e+01
v 6.10959122e+03 5.24107932e+03 1.76622262e+01
v 6.11003206e+03 5.24123081e+03 1.76359888e+01
v 6.11297028e+03 5.24117288e+03 1.79255578e+01
v 6.10544171e+03 5.24153747e+03 1.77028874e+01
v 6.10653366e+03 5.24247041e+03 1.76681579e+01
v 6.11466307e+03 5.24192706e+03 1.75194178e+01
v 6.11377285e+03 5.24080767e+03 1.75693397e+01
v 6.10309685e+03 5.23764763e+03 1.77854843e+01
v 6.10269212e+03 5.23752348e+03 1.78020824e+01
v 6.10745685e+03 5.24021739e+03 1.77995991e+01
v 6.10663645e+03 5.23955078e+03 1.80282439e+01
v 6.10973628e+03 5.23984698e+03 1.84446130e+01
v 6.10960724e+03 5.24025221e+03 1.84453130e+01
v 6.10630841e+03 5.23864515e+03 1.83765155e+01
v 6.10627350e+03 5.23901076e+03 1.82230944e+01
v 6.10772023e+03 5.24091469e+03 1.77162153e+01
v 6.12071307e+03 5.24835222e+03 1.73537470e+01
v 6.12004229e+03 5.24802583e+03 1.73572564e+01
v 6.11993990e+03 5.24598282e+03 1.73337048e+01
v 6.12095426e+03 5.24819933e+03 1.78816696e+01
v 6.12115063e+03 5.24846474e+03 1.74763563e+01
v 6.12002734e+03 5.24663149e+03 1.76454133e+01
v 6.12034089e+03 5.24789037e+03 1.76385852e+01
v 6.11963574e+03 5.24735039e+03 1.73256249e+01
v 6.12068367e+03 5.24589574e+03 1.74544634e+01
v 6.12034192e+03 5.24637040e+03 1.77026682e+01
v 6.12101608e+03 5.24864616e+03 1.72068078e+01
v 6.11893551e+03 5.24732522e+03 1.72675745e+01
v 6.11738936e+03 5.24694883e+03 1.74006117e+01
v 6.11554358e+03 5.24589165e+03 1.74777570e+01
v 6.11304598e+03 5.24595526e+03 1.74306845e+01
v 6.11602821e+03 5.24919001e+03 1.72944923e+01
v 6.11608050e+03 5.24887015e+03 1.72189831e+01
v 6.11483033e+03 5.24838599e+03 1.74161201e+01
v 6.11542489e+03 5.24883344e+03 1.73994151e+01
v 6.11566812e+03 5.24833100e+03 1.72800345e+01
v 6.11586226e+03 5.24930088e+03 1.74228616e+01
v 6.11831483e+03 5.24799505e+03 1.74428538e+01
v 6.11670712e+03 5.24860382e+03 1.73150885e+01
v 6.11636805e+03 5.24947730e+03 1.74074361e+01
v 6.11637545e+03 5.24624784e+03 1.74183141e+01
v 6.11610809e+03 5.24571996e+03 1.74765181e+01
v 6.11611626e+03 5.24583805e+03 1.73581560e+01
v 6.11490667e+03 5.24778444e+03 1.73873475e+01
v 6.11533334e+03 5.24907049e+03 1.77966061e+01
v 6.11260187e+03 5.24698252e+03 1.75218341e+01
v 6.11209188e+03 5.24633982e+03 1.75817844e+01
v 6.11041299e+03 5.24531532e+03 1.75392520e+01
v 6.11110372e+03 5.24597280e+03 1.75872678e+01
v 6.11439590e+03 5.24490051e+03 1.73952564e+01
v 6.11260458e+03 5.23559048e+03 1.75150829e+01
v 6.11767614e+03 5.23756034e+03 1.74569409e+01
v 6.11754547e+03 5.24126090e+03 1.73627234e+01
v 6.11647809e+03 5.24287385e+03 1.73999669e+01
v 6.11457935e+03 5.24389815e+03 1.74282043e+01
v 6.11462794e+03 5.24344611e+03 1.75564747e+01
v 6.11247387e+03 5.24439758e+03 1.76046042e+01
v 6.11682347e+03 5.24603965e+03 1.76692506e+01
v 6.11627343e+03 5.24032357e+03 1.75007926e+01
v 6.11418841e+03 5.24779495e+03 1.73841238e+01
v 6.11340543e+03 5.24706715e+03 1.73698212e+01
v 6.11630004e+03 5.23785821e+03 1.74191002e+01
v 6.10541967e+03 5.23601560e+03 1.78259876e+01
v 6.10523176e+03 5.23628423e+03 1.80304224e+01
v 6.10604624e+03 5.24287505e+03 1.76883511e+01
v 6.10961097e+03 5.24153382e+03 1.75145804e+01
v 6.10857542e+03 5.24165712e+03 1.76713160e+01
v 6.10636946e+03 5.24312179e+03 1.77620121e+01
v 6.10652781e+03 5.23975128e+03 1.78003709e+01
v 6.10295965e+03 5.24072375e+03 1.78118622e+01
v 6.10436862e+03 5.24149524e+03 1.78730979e+01
v 6.10493265e+03 5.23809013e+03 1.78052323e+01
v 6.10268258e+03 5.23996099e+03 1.78425777e+01
v 6.10291206e+03 5.23720186e+03 1.79312349e+01
v 6.10226361e+03 5.23571916e+03 1.85417637e+01
v 6.11259074e+03 5.24734109e+03 1.77965066e+01
v 6.11314929e+03 5.24775736e+03 1.79117791e+01
v 6.11301238e+03 5.24749879e+03 1.75674410e+01
v 6.10756108e+03 5.24364064e+03 1.76371678e+01
v 6.11184199e+03 5.24679454e+03 1.79035356e+01
v 6.11174865e+03 5.24661520e+03 1.77377458e+01
v 6.10988179e+03 5.24510615e+03 1.75209709e+01
v 6.11030009e+03 5.24567858e+03 1.75633027e+01
v 6.10931814e+03 5.24131845e+03 1.76007128e+01
v 6.11083621e+03 5.24418950e+03 1.75523564e+01
v 6.11142629e+03 5.24505104e+03 1.75967148e+01
v 6.10997212e+03 5.24557017e+03 1.77100304e+01
v 6.11135545e+03 5.24271231e+03 1.78212732e+01
v 6.11185925e+03 5.24285598e+03 1.77422282e+01
v 6.11218326e+03 5.24322222e+03 1.76360371e+01
v 6.11194303e+03 5.24298576e+03 1.75461503e+01
v 6.11265975e+03 5.24342501e+03 1.76284684e+01
v 6.11225297e+03 5.24298763e+03 1.80089519e+01
v 6.11009687e+03 5.24156431e+03 1.76093977e+01
v 6.11034715e+03 5.24492659e+03 1.74793271e+01
v 6.11151268e+03 5.24672433e+03 1.82264892e+01
v 6.11111395e+03 5.24315351e+03 1.76252844e+01
v 6.10681165e+03 5.24363998e+03 1.77349666e+01
v 6.10679953e+03 5.24376931e+03 1.91246794e+01
v 6.10757672e+03 5.24421886e+03 1.85011215e+01
v 6.10754463e+03 5.24411794e+03 1.80166821e+01
v 6.11106671e+03 5.24233201e+03 1.80652032e+01
v 6.11088401e+03 5.24172324e+03 1.83229614e+01
v 6.11171129e+03 5.24264875e+03 1.82556031e+01
v 6.11224664e+03 5.24279953e+03 1.85728307e+01
v 6.11138577e+03 5.24243046e+03 1.83716600e+01
v 6.11599666e+03 5.24541547e+03 1.78346529e+01
v 6.11468058e+03 5.24869621e+03 1.77315708e+01
v 6.11423871e+03 5.24856617e+03 1.77122543e+01
v 6.11807480e+03 5.24529594e+03 1.84377351e+01
v 6.11765839e+03 5.24565397e+03 1.80823475e+01
v 6.11656601e+03 5.24563155e+03 1.79498190e+01
v 6.11865660e+03 5.24567397e+03 1.83066321e+01
v 6.11849470e+03 5.24516371e+03 1.83668819e+01
v 6.11350500e+03 5.24843567e+03 1.78760720e+01
v 6.11332091e+03 5.24791252e+03 1.76513053e+01
v 6.11502557e+03 5.24882215e+03 1.75109146e+01
v 6.11525423e+03 5.24516740e+03 1.74241576e+01
v 6.11575329e+03 5.24538494e+03 1.75646601e+01
v 6.11365083e+03 5.24832081e+03 1.76231803e+01
v 6.11418643e+03 5.24852739e+03 1.88888955e+01
v 6.11387256e+03 5.24879167e+03 1.84925536e+01
v 6.11695914e+03 5.24728761e+03 1.74834193e+01
v 6.11370408e+03 5.24777187e+03 1.74311266e+01
v 6.11671459e+03 5.24971565e+03 1.73400277e+01
v 6.11721618e+03 5.24536581e+03 1.81845094e+01
v 6.11623909e+03 5.24535227e+03 1.81215549e+01
v 6.10926424e+03 5.24100463e+03 1.78439915e+01
v 6.11336222e+03 5.24127007e+03 1.77774270e+01
v 6.11234379e+03 5.24098355e+03 1.84270602e+01
v 6.10976533e+03 5.23965386e+03 1.80522796e+01
v 6.10943865e+03 5.23935280e+03 1.85257732e+01
v 6.10846931e+03 5.24025107e+03 1.87511002e+01
v 6.10780872e+03 5.24004626e+03 1.87324747e+01
v 6.10682125e+03 5.23650278e+03 1.76943657e+01
v 6.10854830e+03 5.23847514e+03 1.78856857e+01
v 6.10539273e+03 5.23678233e+03 1.80328293e+01
v 6.10884810e+03 5.24115092e+03 1.77525823e+01
v 6.10822746e+03 5.24111942e+03 1.76827997e+01
v 6.10414821e+03 5.23779750e+03 1.79690198e+01
v 6.10430619e+03 5.23752321e+03 1.88031139e+01
v 6.10387013e+03 5.23735209e+03 1.86917842e+01
v 6.10375352e+03 5.23748017e+03 1.82407869e+01
v 6.10469182e+03 5.23777729e+03 1.81494838e+01
v 6.10527440e+03 5.23726958e+03 1.80220714e+01
v 6.10491897e+03 5.23521809e+03 1.78443782e+01
v 6.10201621e+03 5.23624580e+03 1.83422429e+01
v 6.10282037e+03 5.23523249e+03 1.84946525e+01
v 6.10078552e+03 5.23724897e+03 1.78425600e+01
v 6.10152088e+03 5.24028290e+03 1.78731275e+01
v 6.11488161e+03 5.24087972e+03 1.74479880e+01
v 6.10461175e+03 5.23753982e+03 1.86781283e+01
v 6.10663077e+03 5.23869369e+03 1.85241246e+01
v 6.10192811e+03 5.24034164e+03 1.78978694e+01
v 6.10155551e+03 5.24038739e+03 1.78596068e+01
v 6.10234848e+03 5.24102796e+03 1.81286580e+01
v 6.10273613e+03 5.24098508e+03 1.80663287e+01
v 6.10388725e+03 5.24159870e+03 1.80125913e+01
v 6.10437660e+03 5.24171370e+03 1.81676764e+01
v 6.10922655e+03 5.24236338e+03 1.76715496e+01
v 6.10668033e+03 5.24362865e+03 1.83839244e+01
v 6.10616976e+03 5.24333313e+03 1.84708971e+01
v 6.10634577e+03 5.24360103e+03 1.88663578e+01
v 6.10846456e+03 5.24477418e+03 1.83021482e+01
v 6.10590861e+03 5.24299472e+03 1.78139788e+01
v 6.10616309e+03 5.24322004e+03 1.80244523e+01
v 6.10541555e+03 5.24250233e+03 1.77439200e+01
v 6.10503979e+03 5.24182350e+03 1.77426681e+01
v 6.10314954e+03 5.24141471e+03 1.92542659e+01
v 6.10697181e+03 5.24338850e+03 1.76369598e+01
v 6.10738167e+03 5.24267962e+03 1.75939208e+01
v 6.10795068e+03 5.24423317e+03 1.78209931e+01
v 6.10520325e+03 5.24265082e+03 1.79358544e+01
v 6.10875962e+03 5.24434712e+03 1.76913767e+01
v 6.10870098e+03 5.24467332e+03 1.77710748e+01
v 6.11606426e+03 5.24381850e+03 1.80759912e+01
v 6.11621793e+03 5.24448219e+03 1.81813475e+01
v 6.11510374e+03 5.24261370e+03 1.74855394e+01
v 6.11475768e+03 5.24255753e+03 1.76327358e+01
v 6.11488696e+03 5.24274942e+03 1.75691232e+01
v 6.11556531e+03 5.24482851e+03 1.79680206e+01
v 6.11506649e+03 5.24479050e+03 1.75827150e+01
v 6.11418283e+03 5.24327755e+03 1.83608222e+01
v 6.11480639e+03 5.24429773e+03 1.75766944e+01
v 6.11513519e+03 5.24432535e+03 1.78265547e+01
v 6.11533653e+03 5.24405596e+03 1.79321879e+01
v 6.11606150e+03 5.24498163e+03 1.81509041e+01
v 6.11495552e+03 5.24343933e+03 1.74904523e+01
v 6.11461282e+03 5.24278228e+03 1.79188552e+01
v 6.11440623e+03 5.24257648e+03 1.83905030e+01
v 6.11450229e+03 5.24276248e+03 1.82995149e+01
v 6.11430085e+03 5.24201883e+03 1.76675954e+01
v 6.11436243e+03 5.24220059e+03 1.78145326e+01
v 6.11658036e+03 5.24390804e+03 1.81028733e+01
v 6.11616087e+03 5.24339307e+03 1.78230404e+01
v 6.11390792e+03 5.24216966e+03 1.85125403e+01
v 6.11548453e+03 5.24312709e+03 1.76171654e+01
v 6.11583480e+03 5.24342235e+03 1.79529160e+01
v 6.11596254e+03 5.24292747e+03 1.75126483e+01
v 6.11745792e+03 5.24414929e+03 1.77353690e+01
v 6.11761593e+03 5.24440454e+03 1.82211996e+01
v 6.11401485e+03 5.24153630e+03 1.76352665e+01
v 6.12119506e+03 5.24818872e+03 1.79686323e+01
v 6.11716087e+03 5.24413773e+03 1.81246646e+01
v 6.11511822e+03 5.23869871e+03 1.75331461e+01
v 6.11408179e+03 5.23959094e+03 1.75098109e+01
v 6.10522613e+03 5.23674500e+03 1.85144465e+01
v 6.11957153e+03 5.24802612e+03 1.72941024e+01
v 6.12096698e+03 5.24686248e+03 1.79750284e+01
v 6.12093453e+03 5.24741908e+03 1.79198169e+01
v 6.12094166e+03 5.24795666e+03 1.79015677e+01
v 6.11906798e+03 5.24541554e+03 1.79041553e+01
v 6.11882600e+03 5.24518022e+03 1.80675113e+01
v 6.11901801e+03 5.24595849e+03 1.79109665e+01
v 6.11883337e+03 5.24548893e+03 1.82432592e+01
v 6.12125091e+03 5.24741720e+03 1.78882010e+01
v 6.11855196e+03 5.24484742e+03 1.77812613e+01
v 6.11801346e+03 5.24498008e+03 1.85479677e+01
v 6.11662446e+03 5.24340910e+03 1.74798393e+01
v 6.11752572e+03 5.24450425e+03 1.84175174e+01
v 6.11696362e+03 5.24441657e+03 1.82634030e+01
v 6.11735285e+03 5.24460821e+03 1.84343566e+01
v 6.11704988e+03 5.24494296e+03 1.82665927e+01
v 6.11390048e+03 5.24192730e+03 1.82589129e+01
v 6.11382408e+03 5.24174540e+03 1.78988980e+01
v 6.11273545e+03 5.24224871e+03 1.90165796e+01
v 6.11347440e+03 5.24248314e+03 1.87289658e+01
v 6.11429639e+03 5.24278404e+03 1.85101184e+01
v 6.11179125e+03 5.24236581e+03 1.86086603e+01
v 6.11263327e+03 5.24306136e+03 1.85639940e+01
v 6.11259341e+03 5.24159619e+03 1.88062916e+01
v 6.11307574e+03 5.24185025e+03 1.88048600e+01
v 6.11214267e+03 5.24105630e+03 1.85158300e+01
v 6.11172191e+03 5.24199411e+03 1.84596135e+01
v 6.11327283e+03 5.24331108e+03 1.85596682e+01
v 6.11294983e+03 5.24302448e+03 1.87462760e+01
v 6.11195913e+03 5.24262172e+03 1.86047974e+01
v 6.11525378e+03 5.24906407e+03 1.84571138e+01
v 6.11380041e+03 5.24855576e+03 1.91549376e+01
v 6.11260607e+03 5.24126698e+03 1.86320072e+01
v 6.11502412e+03 5.24869298e+03 1.93202436e+01
v 6.11460016e+03 5.24852521e+03 1.90863656e+01
v 6.11212399e+03 5.24718493e+03 1.96317924e+01
v 6.11212027e+03 5.24737418e+03 1.93214074e+01
v 6.10826171e+03 5.24400225e+03 1.77213581e+01
v 6.10272670e+03 5.24104201e+03 1.85068764e+01
v 6.10489017e+03 5.24267287e+03 1.96700545e+01
v 6.10475457e+03 5.24237021e+03 1.91079832e+01
v 6.10162546e+03 5.23236009e+03 1.78224882e+01
v 6.10523773e+03 5.23256931e+03 1.78860504e+01
v 6.10330714e+03 5.23525606e+03 1.84532484e+01
v 6.10361645e+03 5.23768839e+03 1.78865265e+01
v 6.10349788e+03 5.23673048e+03 1.88229381e+01
v 6.10374411e+03 5.24181674e+03 1.92284441e+01
v 6.10359752e+03 5.24166430e+03 1.84204077e+01
v 6.10469528e+03 5.24195438e+03 1.86769682e+01
v 6.10441726e+03 5.23721817e+03 1.89598159e+01
v 6.10260382e+03 5.23631308e+03 1.86357162e+01
v 6.10246007e+03 5.23658637e+03 1.84917292e+01
v 6.11642020e+03 5.23472920e+03 1.86541487e+01
v 6.10820015e+03 5.23204819e+03 1.77129586e+01
v 6.11217186e+03 5.23202306e+03 1.83809498e+01
v 6.10769349e+03 5.23814329e+03 1.85787318e+01
v 6.10818511e+03 5.23834119e+03 1.85602252e+01
v 6.10505598e+03 5.23674760e+03 1.88371802e+01
v 6.10698697e+03 5.23783831e+03 1.84719978e+01
v 6.10743318e+03 5.23840300e+03 1.86121235e+01
v 6.10691332e+03 5.23934860e+03 1.85734793e+01
v 6.10444634e+03 5.23627090e+03 1.89223673e+01
v 6.11564141e+03 5.23337549e+03 1.87341411e+01
v 6.11682928e+03 5.23362293e+03 1.87015204e+01
v 6.11420242e+03 5.23119082e+03 1.78016277e+01
v 6.11298908e+03 5.24266323e+03 1.88385906e+01
v 6.11120183e+03 5.24197386e+03 1.83616472e+01
v 6.10969141e+03 5.24566618e+03 1.90430212e+01
v 6.10843919e+03 5.24525178e+03 1.91354124e+01
v 6.10925159e+03 5.24576675e+03 1.92291078e+01
v 6.10527289e+03 5.24329523e+03 1.91882265e+01
v 6.10787198e+03 5.24441843e+03 1.96264796e+01
v 6.10804890e+03 5.24460097e+03 1.86855704e+01
v 6.10513932e+03 5.24288079e+03 1.86852726e+01
v 6.10605436e+03 5.24369772e+03 1.90231702e+01
v 6.10800801e+03 5.23860842e+03 1.88545766e+01
v 6.10818329e+03 5.23855035e+03 1.88190698e+01
v 6.10889345e+03 5.23943485e+03 1.88130041e+01
v 6.10845237e+03 5.24523461e+03 1.97418290e+01
v 6.10489939e+03 5.24246492e+03 1.82774709e+01
v 6.10475765e+03 5.24196512e+03 1.79046885e+01
v 6.10447756e+03 5.24176827e+03 1.86717132e+01
v 6.11215133e+03 5.24193680e+03 1.87147257e+01
v 6.10424803e+03 5.24204241e+03 2.05777803e+01
v 6.10382904e+03 5.24192900e+03 1.98492834e+01
v 6.10632856e+03 5.24367166e+03 1.93588470e+01
v 6.10631316e+03 5.24357799e+03 2.02186099e+01
v 6.10582080e+03 5.24361000e+03 1.93954591e+01
v 6.10611542e+03 5.24371819e+03 1.96815497e+01
v 6.10995721e+03 5.24546885e+03 2.10206088e+01
v 6.10875081e+03 5.24490887e+03 2.09745509e+01
v 6.10897913e+03 5.24543340e+03 2.03187736e+01
v 6.10853249e+03 5.24513447e+03 2.03764559e+01
v 6.10811575e+03 5.24465687e+03 2.04863746e+01
v 6.10689085e+03 5.24370228e+03 2.03393730e+01
v 6.11545364e+03 5.24858823e+03 2.09150108e+01
v 6.11243186e+03 5.24277433e+03 1.87650814e+01
v 6.11473612e+03 5.24826796e+03 1.98651098e+01
v 6.11095601e+03 5.24569709e+03 2.08454943e+01
v 6.11124433e+03 5.24576583e+03 2.05497145e+01
v 6.11280682e+03 5.24727569e+03 1.99336698e+01
v 6.10152265e+03 5.24039338e+03 1.95298178e+01
v 6.10350843e+03 5.23596393e+03 1.88865787e+01
v 6.10308019e+03 5.23562872e+03 1.87226915e+01
v 6.10405624e+03 5.23614870e+03 1.89166062e+01
v 6.10228826e+03 5.24099184e+03 2.03683116e+01
v 6.10178725e+03 5.24057845e+03 2.01526488e+01
v 6.10184995e+03 5.24092687e+03 2.05489506e+01
v 6.10201804e+03 5.24105499e+03 2.07523035e+01
v 6.11225231e+03 5.24248915e+03 1.88186976e+01
v 6.12119858e+03 5.23009387e+03 2.05676860e+01
v 6.11936949e+03 5.22935292e+03 1.96475135e+01
v 6.11896103e+03 5.22922258e+03 1.98911572e+01
v 6.11867606e+03 5.22898039e+03 2.00251818e+01
v 6.12037981e+03 5.22973321e+03 2.05093147e+01
v 6.11948159e+03 5.22935011e+03 2.12418521e+01
v 6.11916810e+03 5.22910977e+03 2.05043567e+01
v 6.12097998e+03 5.23001780e+03 2.01047651e+01
v 6.11822620e+03 5.22879842e+03 1.97465909e+01
v 6.11752569e+03 5.22849503e+03 1.98409920e+01
v 6.11497700e+03 5.22647603e+03 2.03982031e+01
v 6.11548707e+03 5.22678823e+03 1.96915788e+01
v 6.11582824e+03 5.22678570e+03 2.01288089e+01
v 6.11448725e+03 5.22613448e+03 2.02592540e+01
v 6.11355171e+03 5.22549209e+03 2.24564894e+01
v 6.11775328e+03 5.22831826e+03 2.04439154e+01
v 6.11848651e+03 5.22871927e+03 2.10158630e+01
v 6.11449745e+03 5.22618662e+03 2.08282727e+01
v 6.11381929e+03 5.22540694e+03 2.05830237e+01
v 6.11389901e+03 5.22551948e+03 2.01714983e+01
v 6.11642245e+03 5.22711017e+03 2.02284023e+01
v 6.11562513e+03 5.22664246e+03 2.07050876e+01
v 6.11786003e+03 5.22835950e+03 2.14629527e+01
v 6.11652036e+03 5.22740850e+03 1.94361454e+01
v 6.11694535e+03 5.22765879e+03 2.03983185e+01
v 6.10935193e+03 5.22280942e+03 2.00167611e+01
v 6.10944863e+03 5.22293555e+03 1.94697078e+01
v 6.10984997e+03 5.22316270e+03 2.01465935e+01
v 6.10789673e+03 5.22188664e+03 2.00807708e+01
v 6.11048809e+03 5.22343776e+03 2.08027925e+01
v 6.10547503e+03 5.22026634e+03 2.02424379e+01
v 6.10488432e+03 5.22006844e+03 2.03043180e+01
v 6.10645845e+03 5.22047474e+03 2.03627496e+01
v 6.10596709e+03 5.22032004e+03 2.07217543e+01
v 6.10166108e+03 5.23429378e+03 1.79666680e+01
v 6.10475919e+03 5.23682669e+03 1.89727073e+01
v 6.10494254e+03 5.23714792e+03 1.87984962e+01
v 6.10431543e+03 5.23659414e+03 1.89896788e+01
v 6.10372683e+03 5.23699279e+03 1.88713766e+01
v 6.10242548e+03 5.24098131e+03 1.91587861e+01
v 6.10220099e+03 5.23664026e+03 1.81500828e+01
v 6.10351974e+03 5.23554006e+03 1.88162754e+01
v 6.10451477e+03 5.24224937e+03 1.96053756e+01
v 6.10440368e+03 5.24189600e+03 1.91392898e+01
v 6.11613576e+03 5.24934011e+03 2.12189752e+01
v 6.11276343e+03 5.24620539e+03 2.14323311e+01
v 6.11414657e+03 5.24747329e+03 2.05208782e+01
v 6.11519454e+03 5.24813024e+03 2.03357996e+01
v 6.11510477e+03 5.24838579e+03 1.99120592e+01
v 6.10485510e+03 5.24260985e+03 2.03658066e+01
v 6.10444097e+03 5.24223895e+03 2.01277057e+01
v 6.10493956e+03 5.24245007e+03 2.08989344e+01
v 6.10420157e+03 5.24183566e+03 2.10144593e+01
v 6.10331282e+03 5.24154428e+03 2.01735529e+01
v 6.10269486e+03 5.24117786e+03 2.08836381e+01
v 6.11124025e+03 5.24548575e+03 2.08358668e+01
v 6.10510059e+03 5.24294732e+03 2.03606773e+01
v 6.10402944e+03 5.24197035e+03 1.95171853e+01
v 6.11883173e+03 5.22922562e+03 1.93954992e+01
v 6.11628100e+03 5.22709552e+03 2.10258037e+01
v 6.11596802e+03 5.22681012e+03 2.15412803e+01
v 6.11511804e+03 5.22649199e+03 2.15516993e+01
v 6.11598416e+03 5.22697073e+03 1.85578971e+01
v 6.11392390e+03 5.22590834e+03 1.97018719e+01
v 6.11420783e+03 5.22605914e+03 1.94511032e+01
v 6.11414518e+03 5.22595928e+03 1.98419656e+01
v 6.10983153e+03 5.22328228e+03 1.78893350e+01
v 6.11033556e+03 5.22344177e+03 1.81131123e+01
v 6.11306860e+03 5.22529987e+03 1.78178519e+01
v 6.11326215e+03 5.22534894e+03 1.80843185e+01
v 6.11285492e+03 5.22512657e+03 1.79761635e+01
v 6.11137836e+03 5.22406860e+03 1.81541750e+01
v 6.11175192e+03 5.22459094e+03 1.77945056e+01
v 6.11346584e+03 5.22546475e+03 1.88439234e+01
v 6.11246192e+03 5.22489093e+03 1.92019954e+01
v 6.11128488e+03 5.22399504e+03 1.84636758e+01
v 6.10849597e+03 5.22218667e+03 2.15936152e+01
v 6.10878070e+03 5.22210638e+03 2.04091745e+01
v 6.10582611e+03 5.22027281e+03 2.02600712e+01
v 6.10579391e+03 5.22059036e+03 1.97994817e+01
v 6.10432268e+03 5.21966927e+03 1.87596289e+01
v 6.10582433e+03 5.22073368e+03 1.94333948e+01
v 6.10408923e+03 5.21960062e+03 1.98952266e+01
v 6.10445145e+03 5.21979986e+03 2.04775867e+01
v 6.10415901e+03 5.21937097e+03 2.03541526e+01
v 6.10126446e+03 5.22389715e+03 1.78635865e+01
v 6.11179263e+03 5.22448928e+03 1.98268241e+01
v 6.10635916e+03 5.22098162e+03 1.97477180e+01
v 6.11092322e+03 5.22358456e+03 2.03455699e+01
v 6.11079812e+03 5.22383018e+03 1.96972375e+01
v 6.10305405e+03 5.21900146e+03 1.96074635e+01
v 6.10349193e+03 5.21926868e+03 1.95828048e+01
v 6.10449865e+03 5.21996686e+03 1.97371802e+01
v 6.11261162e+03 5.22491312e+03 2.01861577e+01
v 6.10233509e+03 5.24098336e+03 2.15435979e+01
v 6.11132408e+03 5.22402564e+03 2.11173017e+01
v 6.11150896e+03 5.22402415e+03 2.02710421e+01
v 6.10751234e+03 5.22163522e+03 2.10670289e+01
v 6.10988825e+03 5.22331102e+03 1.92307800e+01
v 6.11230492e+03 5.22469002e+03 2.18624733e+01
v 6.11132686e+03 5.22411846e+03 1.97335120e+01
v 6.11701490e+03 5.22779110e+03 1.88715413e+01
v 6.11430732e+03 5.22595463e+03 1.86388529e+01
v 6.11721691e+03 5.22807270e+03 2.00410666e+01
v 6.11742902e+03 5.22851316e+03 1.92473032e+01
v 6.11820773e+03 5.22890552e+03 1.92830163e+01
v 6.11344058e+03 5.22552875e+03 1.96444295e+01
v 6.12111536e+03 5.23034283e+03 1.97818072e+01
v 6.11687817e+03 5.22765977e+03 2.18852741e+01
v 6.11472755e+03 5.22640974e+03 1.92187615e+01
v 6.11681180e+03 5.22743598e+03 1.87560526e+01
v 6.11474831e+03 5.22636469e+03 1.82930858e+01
v 6.11626931e+03 5.23341621e+03 1.87194590e+01
v 6.10656462e+03 5.22078762e+03 2.01466903e+01
v 6.10164053e+03 5.22630285e+03 1.83401549e+01
v 6.10155090e+03 5.22480945e+03 1.80082601e+01
v 6.10356969e+03 5.21890145e+03 2.02094851e+01
v 6.10662487e+03 5.22057778e+03 2.03019105e+01
v 6.10395272e+03 5.21918113e+03 2.06006012e+01
v 6.10392499e+03 5.21921254e+03 2.01180074e+01
v 6.10417824e+03 5.21960737e+03 2.19195615e+01
v 6.10387744e+03 5.21934750e+03 2.11746969e+01
v 6.10345121e+03 5.21925591e+03 2.24132104e+01
v 6.10404949e+03 5.21962546e+03 2.27365084e+01
v 6.10403049e+03 5.21942264e+03 2.39314390e+01
v 6.10357373e+03 5.21894513e+03 2.34584777e+01
v 6.10298602e+03 5.21870471e+03 2.41971921e+01
v 6.11206751e+03 5.22458119e+03 2.35200661e+01
v 6.11180076e+03 5.22448680e+03 2.26872604e+01
v 6.11382166e+03 5.22542798e+03 2.35743690e+01
v 6.11376525e+03 5.22542628e+03 2.32467878e+01
v 6.11309859e+03 5.22505222e+03 2.35126897e+01
v 6.11460391e+03 5.22627671e+03 2.33418726e+01
v 6.11375656e+03 5.22561692e+03 2.28437345e+01
v 6.11050341e+03 5.22340277e+03 2.47032277e+01
v 6.10386453e+03 5.21918192e+03 2.32856976e+01
v 6.10333571e+03 5.21904141e+03 2.44426805e+01
v 6.10802109e+03 5.22185102e+03 2.66425586e+01
v 6.10576840e+03 5.22041836e+03 2.32666754e+01
v 6.10620128e+03 5.22061604e+03 2.36842448e+01
v 6.10690912e+03 5.22131310e+03 2.37641239e+01
v 6.11143237e+03 5.22391781e+03 2.33891358e+01
v 6.11063107e+03 5.22350767e+03 2.37928569e+01
v 6.11022347e+03 5.22335386e+03 2.32590158e+01
v 6.10611660e+03 5.22089829e+03 2.23061505e+01
v 6.10669808e+03 5.22122755e+03 2.29826806e+01
v 6.10595937e+03 5.22071794e+03 2.28392297e+01
v 6.10534909e+03 5.22039301e+03 2.28037104e+01
v 6.10655880e+03 5.22087762e+03 2.33047168e+01
v 6.11100938e+03 5.22387466e+03 2.25882029e+01
v 6.11128795e+03 5.22397200e+03 2.41686328e+01
v 6.11103448e+03 5.22368916e+03 2.33666562e+01
v 6.10890114e+03 5.22249197e+03 2.15947322e+01
v 6.11026400e+03 5.22348583e+03 2.27087971e+01
v 6.10984007e+03 5.22308030e+03 2.17896324e+01
v 6.11313362e+03 5.22503380e+03 2.15022487e+01
v 6.10715152e+03 5.22147288e+03 2.16355108e+01
v 6.10787486e+03 5.22201926e+03 2.27278286e+01
v 6.11346363e+03 5.22518932e+03 2.02517157e+01
v 6.11906865e+03 5.22904240e+03 2.13013267e+01
v 6.11857234e+03 5.22863171e+03 2.14615660e+01
v 6.10271574e+03 5.24107772e+03 2.00858755e+01
v 6.11309491e+03 5.22536016e+03 1.96163304e+01
v 6.11458126e+03 5.22634109e+03 2.25117679e+01
v 6.12007962e+03 5.22965392e+03 2.18360748e+01
v 6.11569868e+03 5.22687801e+03 2.24214799e+01
v 6.11871197e+03 5.22833959e+03 2.19444217e+01
v 6.11973276e+03 5.22939863e+03 2.21165902e+01
v 6.11343893e+03 5.24681401e+03 2.07133700e+01
v 6.11410109e+03 5.24719133e+03 2.09417908e+01
v 6.11094250e+03 5.24565212e+03 2.22547038e+01
v 6.11072350e+03 5.24593757e+03 2.20658749e+01
v 6.10910667e+03 5.22274582e+03 2.28718132e+01
v 6.10903386e+03 5.22250636e+03 2.33240265e+01
v 6.11573902e+03 5.24866860e+03 2.12272278e+01
v 6.11065584e+03 5.24601041e+03 2.29679168e+01
v 6.11081849e+03 5.24599984e+03 2.24144775e+01
v 6.11579812e+03 5.24848003e+03 2.17915909e+01
v 6.11122454e+03 5.24537953e+03 2.19108370e+01
v 6.11088977e+03 5.24562045e+03 2.16428570e+01
v 6.11054104e+03 5.24601578e+03 2.22880079e+01
v 6.11270252e+03 5.24754167e+03 1.90524405e+01
v 6.11531379e+03 5.24792711e+03 2.10019294e+01
v 6.11565637e+03 5.24811649e+03 2.14594460e+01
v 6.10994225e+03 5.24573893e+03 2.25875977e+01
v 6.10905344e+03 5.24553339e+03 2.23211113e+01
v 6.11407916e+03 5.24713649e+03 2.22004700e+01
v 6.11368350e+03 5.24678116e+03 2.18535066e+01
v 6.11232832e+03 5.24648978e+03 2.27052738e+01
v 6.11231065e+03 5.24594960e+03 2.17623660e+01
v 6.10340412e+03 5.24155229e+03 2.26251391e+01
v 6.10889744e+03 5.24505401e+03 2.18217464e+01
v 6.11699508e+03 5.25000000e+03 2.16370726e+01
v 6.11604676e+03 5.24910318e+03 2.40333705e+01
v 6.11459554e+03 5.24775074e+03 2.34058146e+01
v 6.11487507e+03 5.24766743e+03 2.42787158e+01
v 6.11524375e+03 5.24778349e+03 2.31385549e+01
v 6.11449714e+03 5.24784679e+03 2.25011694e+01
v 6.11432455e+03 5.24765940e+03 2.27560656e+01
v 6.11476983e+03 5.24779628e+03 2.27795864e+01
v 6.11146201e+03 5.24534890e+03 2.27323509e+01
v 6.11049288e+03 5.24602015e+03 2.37461877e+01
v 6.11019981e+03 5.24583779e+03 2.35407233e+01
v 6.10983950e+03 5.24568378e+03 2.41384839e+01
v 6.10956222e+03 5.24565891e+03 2.35909064e+01
v 6.11007945e+03 5.24570373e+03 2.31861114e+01
v 6.11105125e+03 5.24532571e+03 2.25686559e+01
v 6.11301721e+03 5.24662222e+03 2.32867476e+01
v 6.11263088e+03 5.24641827e+03 2.36940439e+01
v 6.11060850e+03 5.24601514e+03 2.42319199e+01
v 6.10500183e+03 5.24301817e+03 2.26838800e+01
v 6.10469954e+03 5.24242600e+03 2.29985577e+01
v 6.10165534e+03 5.24052561e+03 2.37284898e+01
v 6.10219879e+03 5.24096828e+03 2.39061442e+01
v 6.10517185e+03 5.24300007e+03 2.40243810e+01
v 6.10482055e+03 5.24257665e+03 2.48016372e+01
v 6.10173365e+03 5.24094094e+03 2.41317767e+01
v 6.10166618e+03 5.24087434e+03 2.46071426e+01
v 6.10202023e+03 5.24052698e+03 2.26789613e+01
v 6.10229535e+03 5.24066645e+03 2.30174252e+01
v 6.10481257e+03 5.24250992e+03 2.21065764e+01
v 6.10578190e+03 5.24306034e+03 2.18392223e+01
v 6.10562975e+03 5.24286614e+03 2.13832424e+01
v 6.10544386e+03 5.24327249e+03 2.23506608e+01
v 6.10302843e+03 5.24133343e+03 2.41137603e+01
v 6.10245145e+03 5.24090758e+03 2.35439881e+01
v 6.10650499e+03 5.24338150e+03 2.12856122e+01
v 6.10604044e+03 5.24359967e+03 2.35910248e+01
v 6.10628921e+03 5.24370805e+03 2.27024290e+01
v 6.10605415e+03 5.24363748e+03 2.24237749e+01
v 6.10466406e+03 5.24217435e+03 2.12672198e+01
v 6.10420393e+03 5.24200881e+03 2.22047410e+01
v 6.10753584e+03 5.24410525e+03 2.16974854e+01
v 6.10677827e+03 5.24369144e+03 2.24487243e+01
v 6.10816013e+03 5.24493451e+03 2.23820676e+01
v 6.10830294e+03 5.24507981e+03 2.27355256e+01
v 6.11580196e+03 5.24830261e+03 2.22574512e+01
v 6.11093846e+03 5.24573838e+03 2.27426558e+01
v 6.11207213e+03 5.24576706e+03 2.19949668e+01
v 6.11396911e+03 5.24690821e+03 2.18743062e+01
v 6.10833944e+03 5.24452065e+03 2.11235787e+01
v 6.11466729e+03 5.24742179e+03 2.13907358e+01
v 6.11506378e+03 5.24773541e+03 2.21502024e+01
v 6.11363626e+03 5.24298360e+03 1.86202642e+01
v 6.11609350e+03 5.24961371e+03 2.22253173e+01
v 6.11395640e+03 5.24724415e+03 2.26092709e+01
v 6.10356551e+03 5.24162403e+03 2.17495207e+01
v 6.10435285e+03 5.24212616e+03 2.16393319e+01
v 6.10811407e+03 5.24452214e+03 2.20035150e+01
v 6.10790946e+03 5.24419979e+03 2.12357179e+01
v 6.10772304e+03 5.24429148e+03 2.26370028e+01
v 6.10169651e+03 5.24076685e+03 2.15594986e+01
v 6.10655485e+03 5.24354510e+03 2.20470995e+01
v 6.10423022e+03 5.24166385e+03 1.88983254e+01
v 6.10744329e+03 5.23923611e+03 1.87704840e+01
v 6.11454170e+03 5.24738056e+03 2.18580989e+01
v 6.10927378e+03 5.24566625e+03 2.00744193e+01
v 6.10959709e+03 5.24547292e+03 2.06960978e+01
v 6.11256578e+03 5.24646076e+03 2.22760689e+01
v 6.10647057e+03 5.24366913e+03 2.35600363e+01
v 6.11409867e+03 5.24732387e+03 2.34818358e+01
v 6.11361841e+03 5.24695311e+03 2.42049437e+01
v 6.10696653e+03 5.24374887e+03 2.28137725e+01
v 6.10601573e+03 5.24331541e+03 2.49479247e+01
v 6.10321035e+03 5.24147113e+03 2.33003033e+01
v 6.10164890e+03 5.24028531e+03 2.28984250e+01
v 6.10218005e+03 5.24113409e+03 2.43441006e+01
v 6.10273271e+03 5.24119381e+03 2.42892170e+01
v 6.10165753e+03 5.24037008e+03 2.33484464e+01
v 6.10815070e+03 5.24457451e+03 2.51158918e+01
v 6.10838627e+03 5.24490021e+03 2.42950848e+01
v 6.11212943e+03 5.24598701e+03 2.23044375e+01
v 6.11303559e+03 5.24651594e+03 2.42555516e+01
v 6.11357584e+03 5.24707666e+03 2.35266971e+01
v 6.10690155e+03 5.24381752e+03 2.40180233e+01
v 6.10942256e+03 5.24542816e+03 2.47110644e+01
v 6.11323561e+03 5.24697708e+03 2.29963113e+01
v 6.11320115e+03 5.24697244e+03 2.26413524e+01
v 6.11272915e+03 5.24661393e+03 2.27009133e+01
v 6.10674364e+03 5.24371206e+03 2.55751195e+01
v 6.11603279e+03 5.24921559e+03 2.49296190e+01
v 6.11313238e+03 5.24655693e+03 2.56454159e+01
v 6.11358616e+03 5.24686549e+03 2.53727790e+01
v 6.11214649e+03 5.24590194e+03 2.65344719e+01
v 6.11214280e+03 5.24590911e+03 2.55774458e+01
v 6.11124309e+03 5.24530384e+03 2.55741675e+01
v 6.11143948e+03 5.24535828e+03 2.51088012e+01
v 6.11101230e+03 5.24545001e+03 2.52173540e+01
v 6.11245650e+03 5.24634604e+03 2.60395141e+01
v 6.11162205e+03 5.24540869e+03 2.44509471e+01
v 6.11160892e+03 5.24549746e+03 2.57924968e+01
v 6.11231253e+03 5.24603754e+03 2.47814112e+01
v 6.11123901e+03 5.24526861e+03 2.47216357e+01
v 6.11264925e+03 5.24625085e+03 2.52445809e+01
v 6.11098208e+03 5.24539934e+03 2.46554257e+01
v 6.10910247e+03 5.24552560e+03 2.37996908e+01
v 6.11129224e+03 5.24528199e+03 2.72029182e+01
v 6.10804360e+03 5.24467722e+03 2.24859480e+01
v 6.11047030e+03 5.24597536e+03 2.54205866e+01
v 6.11043950e+03 5.24589221e+03 2.59576916e+01
v 6.11079663e+03 5.24586864e+03 2.55822474e+01
v 6.11178944e+03 5.24560663e+03 2.31849883e+01
v 6.11564228e+03 5.24800454e+03 2.27319629e+01
v 6.11600976e+03 5.24854850e+03 2.33222757e+01
v 6.11583830e+03 5.24862075e+03 2.26430899e+01
v 6.11585800e+03 5.24824580e+03 2.27030568e+01
v 6.11441419e+03 5.24761270e+03 2.37182292e+01
v 6.11337945e+03 5.24658240e+03 2.19651812e+01
v 6.12124037e+03 5.23036447e+03 2.28860615e+01
v 6.12046253e+03 5.23001206e+03 2.27226995e+01
v 6.11973836e+03 5.22937278e+03 2.36258129e+01
v 6.11940350e+03 5.22906563e+03 2.30199935e+01
v 6.11599340e+03 5.22706101e+03 2.28614128e+01
v 6.11655011e+03 5.22751702e+03 2.25229272e+01
v 6.11878551e+03 5.22849999e+03 2.30054726e+01
v 6.11827115e+03 5.22826619e+03 2.26504581e+01
v 6.11793081e+03 5.22821193e+03 2.19946642e+01
v 6.11729287e+03 5.22789837e+03 2.21760072e+01
v 6.11699377e+03 5.22776846e+03 2.30013509e+01
v 6.11908754e+03 5.22854932e+03 2.21387191e+01
v 6.10208611e+03 5.24113147e+03 2.41132171e+01
v 6.11714009e+03 5.22782494e+03 2.34333914e+01
v 6.11754024e+03 5.22813389e+03 2.44993916e+01
v 6.11790921e+03 5.22841568e+03 2.44039152e+01
v 6.10825371e+03 5.24509705e+03 2.59202801e+01
v 6.10851511e+03 5.24501433e+03 2.54888153e+01
v 6.10976914e+03 5.24568633e+03 2.65385731e+01
v 6.11574715e+03 5.24808980e+03 2.75570312e+01
v 6.11075926e+03 5.24588640e+03 2.58723224e+01
v 6.10810726e+03 5.24458119e+03 2.63648378e+01
v 6.11418824e+03 5.24722779e+03 2.43296182e+01
v 6.10618651e+03 5.24358620e+03 2.67530599e+01
v 6.11462054e+03 5.24772218e+03 2.59790163e+01
v 6.11137903e+03 5.24535037e+03 2.64566356e+01
v 6.10545192e+03 5.24320441e+03 2.57035196e+01
v 6.10599547e+03 5.24366670e+03 2.60115821e+01
v 6.10601173e+03 5.24344077e+03 2.54881385e+01
v 6.10567696e+03 5.24342462e+03 2.63306224e+01
v 6.11269887e+03 5.24625208e+03 2.19249450e+01
v 6.10795439e+03 5.24451818e+03 2.56815249e+01
v 6.10481819e+03 5.24256541e+03 2.55177534e+01
v 6.10502703e+03 5.24297553e+03 2.61082572e+01
v 6.10694825e+03 5.24373990e+03 2.62241299e+01
v 6.10290373e+03 5.24116800e+03 2.87211470e+01
v 6.10529645e+03 5.24280711e+03 2.52956942e+01
v 6.10213907e+03 5.24089195e+03 2.73597610e+01
v 6.10794973e+03 5.24451421e+03 2.41196292e+01
v 6.11935038e+03 5.22902575e+03 2.62144862e+01
v 6.11754078e+03 5.24491788e+03 1.84875791e+01
v 6.11356281e+03 5.24721126e+03 2.25407154e+01
v 6.11456416e+03 5.24774575e+03 2.69343777e+01
v 6.11527815e+03 5.24780274e+03 2.71105409e+01
v 6.10921903e+03 5.22279973e+03 2.60414429e+01
v 6.11082155e+03 5.22353433e+03 2.63332983e+01
v 6.11053020e+03 5.22366973e+03 2.59668599e+01
v 6.11680917e+03 5.22737376e+03 2.65013857e+01
v 6.11802404e+03 5.22815775e+03 2.56285121e+01
v 6.11817698e+03 5.22835318e+03 2.64658955e+01
v 6.11694403e+03 5.22770559e+03 2.61344819e+01
v 6.11891123e+03 5.22852141e+03 2.57678111e+01
v 6.12113231e+03 5.23042448e+03 2.58010525e+01
v 6.12018644e+03 5.22977152e+03 2.60612315e+01
v 6.11922237e+03 5.22872730e+03 2.53674333e+01
v 6.11978904e+03 5.22952048e+03 2.54169507e+01
v 6.12037450e+03 5.22966784e+03 2.42571103e+01
v 6.11361660e+03 5.22556730e+03 2.61110656e+01
v 6.11415249e+03 5.22559651e+03 2.64455368e+01
v 6.11343666e+03 5.22528612e+03 2.62955853e+01
v 6.11370798e+03 5.22575160e+03 2.56659709e+01
v 6.11467316e+03 5.22641262e+03 2.57565167e+01
v 6.11408418e+03 5.22594973e+03 2.60370179e+01
v 6.11645055e+03 5.22752445e+03 2.56589938e+01
v 6.11747134e+03 5.22789385e+03 2.55588525e+01
v 6.11039464e+03 5.22358933e+03 2.55478242e+01
v 6.11120882e+03 5.22403912e+03 2.60125020e+01
v 6.11141547e+03 5.22417025e+03 2.55873898e+01
v 6.11193642e+03 5.22457234e+03 2.56930555e+01
v 6.11075018e+03 5.22384592e+03 2.57383053e+01
v 6.11314992e+03 5.22505923e+03 2.66684931e+01
v 6.11447542e+03 5.22622591e+03 2.63115996e+01
v 6.11878175e+03 5.22847497e+03 2.50166971e+01
v 6.10544728e+03 5.22027979e+03 2.64971417e+01
v 6.10627000e+03 5.22047442e+03 2.65428938e+01
v 6.10607220e+03 5.22078746e+03 2.59892866e+01
v 6.10664283e+03 5.22125443e+03 2.59731886e+01
v 6.11417543e+03 5.22556566e+03 2.70320959e+01
v 6.11454506e+03 5.22617874e+03 2.72907314e+01
v 6.11605294e+03 5.22675626e+03 2.63876938e+01
v 6.11578117e+03 5.22695080e+03 2.61008971e+01
v 6.10767727e+03 5.22189782e+03 2.59599855e+01
v 6.10708095e+03 5.22135766e+03 2.67964386e+01
v 6.10865031e+03 5.22214950e+03 2.65476112e+01
v 6.10838892e+03 5.22227390e+03 2.57785007e+01
v 6.11091915e+03 5.22347759e+03 2.68609265e+01
v 6.10633632e+03 5.22111092e+03 2.54585545e+01
v 6.10771844e+03 5.22190732e+03 2.55459573e+01
v 6.11808545e+03 5.22828815e+03 2.49208919e+01
v 6.11546771e+03 5.22674841e+03 2.29674858e+01
v 6.11856531e+03 5.22874350e+03 2.43532289e+01
v 6.11928489e+03 5.22902681e+03 2.49030686e+01
v 6.11563082e+03 5.22695282e+03 2.55404366e+01
v 6.10818664e+03 5.22203937e+03 2.49080931e+01
v 6.10336550e+03 5.21919414e+03 2.57350129e+01
v 6.10345471e+03 5.21907236e+03 2.61237523e+01
v 6.10305621e+03 5.21872971e+03 2.65097563e+01
v 6.10369139e+03 5.21890325e+03 2.65000626e+01
v 6.10442438e+03 5.21967281e+03 2.69201175e+01
v 6.11624152e+03 5.24973178e+03 2.42121906e+01
v 6.10197743e+03 5.24104891e+03 2.55679426e+01
v 6.10170654e+03 5.24081641e+03 2.55938378e+01
v 6.11955167e+03 5.22936853e+03 2.46563237e+01
v 6.10170227e+03 5.24092649e+03 2.51805895e+01
v 6.10795156e+03 5.24445948e+03 2.33185052e+01
v 6.11293442e+03 5.24648285e+03 2.22739529e+01
v 6.10164366e+03 5.24078880e+03 2.08155855e+01
v 6.10145648e+03 5.24056296e+03 2.41897645e+01
v 6.11318562e+03 5.22519591e+03 2.00269402e+01
v 6.10171287e+03 5.24047231e+03 1.99142515e+01
v 6.10524741e+03 5.23709454e+03 1.84011352e+01
v 6.10148119e+03 5.23913590e+03 1.78462031e+01
v 6.10171801e+03 5.23645249e+03 1.79786540e+01
v 6.10840066e+03 5.24512523e+03 2.34431844e+01
v 6.11880947e+03 5.23520741e+03 1.77747224e+01
v 6.10574237e+03 5.22112467e+03 1.78338238e+01
v 6.10134041e+03 5.22929515e+03 1.79367041e+01
v 6.11073216e+03 5.22382874e+03 1.90324211e+01
v 6.10664505e+03 5.24360631e+03 2.00511617e+01
v 6.10927822e+03 5.24083151e+03 1.81695444e+01
v 6.10187844e+03 5.23692124e+03 1.79023761e+01
v 6.09378289e+03 5.23516754e+03 3.02053000e+01
v 6.09376871e+03 5.23523598e+03 2.95988955e+01
v 6.09581692e+03 5.23693971e+03 2.95346602e+01
v 6.09513571e+03 5.23652966e+03 2.92895053e+01
v 6.09530660e+03 5.23684140e+03 2.87947492e+01
v 6.09578851e+03 5.23711797e+03 2.88712356e+01
v 6.09375210e+03 5.23435334e+03 3.35210546e+01
v 6.09567083e+03 5.23674893e+03 2.68788741e+01
v 6.09552118e+03 5.23694470e+03 2.54320829e+01
v 6.09384583e+03 5.23535987e+03 3.08378513e+01
v 6.09433316e+03 5.23556233e+03 3.03361015e+01
v 6.09877787e+03 5.24853498e+03 3.85816390e+01
v 6.09854548e+03 5.24726336e+03 3.99453755e+01
v 6.09811941e+03 5.24731027e+03 4.02115512e+01
v 6.09850412e+03 5.24742610e+03 4.01914683e+01
v 6.10138850e+03 5.24041242e+03 2.76694918e+01
v 6.10100894e+03 5.24769176e+03 3.90190374e+01
v 6.10103314e+03 5.24722898e+03 3.91720888e+01
v 6.09902845e+03 5.24959864e+03 3.72899696e+01
v 6.10131509e+03 5.24031606e+03 3.11126535e+01
v 6.10154191e+03 5.24051765e+03 3.09070450e+01
v 6.09402579e+03 5.23526557e+03 3.35901738e+01
v 6.09406648e+03 5.23531994e+03 3.38263618e+01
v 6.09387008e+03 5.23537896e+03 3.30935775e+01
v 6.09561903e+03 5.23605109e+03 1.79628589e+01
v 6.09544896e+03 5.23499293e+03 1.79544539e+01
v 6.09446351e+03 5.22325927e+03 1.79612108e+01
v 6.09561583e+03 5.22217821e+03 1.81042108e+01
v 6.09652458e+03 5.22265036e+03 1.83748559e+01
v 6.09643543e+03 5.22305499e+03 1.81888793e+01
v 6.09430020e+03 5.22091010e+03 1.79424318e+01
v 6.09729566e+03 5.21883408e+03 1.81661349e+01
v 6.09929656e+03 5.23235705e+03 1.80614791e+01
v 6.09995027e+03 5.23280115e+03 1.81259034e+01
v 6.10069073e+03 5.22141617e+03 1.80794671e+01
v 6.10155464e+03 5.21909947e+03 1.79318893e+01
v 6.10094445e+03 5.22307042e+03 1.78973060e+01
v 6.09967542e+03 5.23926595e+03 1.89717895e+01
v 6.09992390e+03 5.23964166e+03 1.84505221e+01
v 6.09842550e+03 5.23766467e+03 1.78009667e+01
v 6.09876859e+03 5.23839384e+03 1.78870098e+01
v 6.10143608e+03 5.23675603e+03 1.78702139e+01
v 6.09927822e+03 5.23898742e+03 2.83936115e+01
v 6.09937133e+03 5.23906702e+03 2.76270221e+01
v 6.10120925e+03 5.24023201e+03 2.44694159e+01
v 6.10067760e+03 5.23995734e+03 2.50785054e+01
v 6.09680596e+03 5.23737345e+03 1.90127158e+01
v 6.09602530e+03 5.23716628e+03 1.84382577e+01
v 6.09868188e+03 5.23497397e+03 1.79806760e+01
v 6.09588721e+03 5.23689956e+03 1.90584467e+01
v 6.09383504e+03 5.23552513e+03 2.16451089e+01
v 6.09430516e+03 5.23598578e+03 2.17157813e+01
v 6.09469153e+03 5.22190929e+03 1.80150928e+01
v 6.10090374e+03 5.24006515e+03 1.96795753e+01
v 6.09410636e+03 5.23569741e+03 2.21228813e+01
v 6.09458620e+03 5.23633003e+03 2.16025680e+01
v 6.09405645e+03 5.23624449e+03 2.09865801e+01
v 6.09753370e+03 5.23790494e+03 2.19459685e+01
v 6.09854336e+03 5.23840132e+03 2.26328349e+01
v 6.09622102e+03 5.23719363e+03 2.20303421e+01
v 6.09638233e+03 5.23698032e+03 2.27769481e+01
v 6.09979448e+03 5.23978683e+03 2.46089971e+01
v 6.09949569e+03 5.23925578e+03 2.50569935e+01
v 6.10153933e+03 5.24074878e+03 2.52968004e+01
v 6.10137846e+03 5.24044085e+03 3.22465054e+01
v 6.09646596e+03 5.23724331e+03 2.61166329e+01
v 6.09595562e+03 5.23704331e+03 2.59253553e+01
v 6.10142868e+03 5.24040369e+03 2.84653048e+01
v 6.09692050e+03 5.23749795e+03 2.18698457e+01
v 6.09690718e+03 5.23754000e+03 2.04980465e+01
v 6.10114378e+03 5.24022797e+03 2.50259761e+01
v 6.09414551e+03 5.22812631e+03 1.79302511e+01
v 6.09627684e+03 5.23709106e+03 2.70872633e+01
v 6.10004024e+03 5.23964768e+03 2.59745800e+01
v 6.09927516e+03 5.23896908e+03 2.57700324e+01
v 6.09821692e+03 5.23853343e+03 2.17265550e+01
v 6.10153782e+03 5.23620821e+03 1.78652018e+01
v 6.10139418e+03 5.23635657e+03 1.78129125e+01
v 6.10119661e+03 5.23594152e+03 1.78826216e+01
v 6.09711435e+03 5.22647694e+03 1.80052815e+01
v 6.09673780e+03 5.22830007e+03 1.80258758e+01
v 6.09463903e+03 5.23605323e+03 3.63155206e+01
v 6.09595733e+03 5.23684777e+03 3.65770796e+01
v 6.09436509e+03 5.23591255e+03 3.56342453e+01
v 6.09552460e+03 5.23651583e+03 3.69185655e+01
v 6.09472643e+03 5.23606392e+03 3.69324664e+01
v 6.09507743e+03 5.23655206e+03 3.58176184e+01
v 6.09528063e+03 5.23648512e+03 3.71187130e+01
v 6.09444487e+03 5.23592136e+03 3.70956009e+01
v 6.09477100e+03 5.23639617e+03 3.72435761e+01
v 6.09574487e+03 5.23694379e+03 3.71559594e+01
v 6.09599010e+03 5.23781333e+03 3.76559502e+01
v 6.09666785e+03 5.23737815e+03 3.56659380e+01
v 6.09634519e+03 5.23715435e+03 3.63064651e+01
v 6.09686534e+03 5.23731972e+03 3.65458427e+01
v 6.09807258e+03 5.23818436e+03 3.65497840e+01
v 6.09763024e+03 5.23805881e+03 3.59365328e+01
v 6.09718286e+03 5.23754313e+03 3.68056728e+01
v 6.09736774e+03 5.23768859e+03 3.66434727e+01
v 6.09717177e+03 5.23773470e+03 3.70563423e+01
v 6.09470380e+03 5.23747910e+03 3.79064361e+01
v 6.09413648e+03 5.23649873e+03 3.75848751e+01
v 6.09793577e+03 5.23817732e+03 3.70483375e+01
v 6.09665817e+03 5.23724960e+03 3.69478508e+01
v 6.09611527e+03 5.23696474e+03 3.69174601e+01
v 6.09592379e+03 5.23843709e+03 3.80330311e+01
v 6.09512638e+03 5.23854513e+03 3.86231849e+01
v 6.09546424e+03 5.23914743e+03 3.88350496e+01
v 6.09654459e+03 5.23997351e+03 3.89070920e+01
v 6.09807954e+03 5.23971263e+03 3.79479570e+01
v 6.09728813e+03 5.23900620e+03 3.77715704e+01
v 6.09745947e+03 5.23871220e+03 3.75914989e+01
v 6.09909292e+03 5.24021236e+03 3.77878293e+01
v 6.09942048e+03 5.23994427e+03 3.75942617e+01
v 6.09849442e+03 5.23912947e+03 3.75140097e+01
v 6.09976826e+03 5.23920218e+03 3.68366199e+01
v 6.09893092e+03 5.23866764e+03 3.66844907e+01
v 6.09976009e+03 5.23932830e+03 3.70486387e+01
v 6.10016491e+03 5.23987327e+03 3.54717136e+01
v 6.10027258e+03 5.23966880e+03 3.63232971e+01
v 6.09861899e+03 5.23862275e+03 3.61575912e+01
v 6.09901914e+03 5.23888267e+03 3.47301035e+01
v 6.09941129e+03 5.23911322e+03 3.61298871e+01
v 6.09472421e+03 5.23893050e+03 3.89977386e+01
v 6.09420344e+03 5.23562415e+03 3.67024844e+01
v 6.09589339e+03 5.23957929e+03 3.89538955e+01
v 6.09419595e+03 5.23861437e+03 3.89328576e+01
v 6.09508043e+03 5.24002447e+03 3.91560859e+01
v 6.09724599e+03 5.23772854e+03 3.58325645e+01
v 6.09543191e+03 5.24093344e+03 3.94281096e+01
v 6.09672209e+03 5.24206767e+03 3.94681149e+01
v 6.09603619e+03 5.24237183e+03 3.97538064e+01
v 6.09733592e+03 5.24059390e+03 3.89533522e+01
v 6.09522047e+03 5.24208113e+03 3.98795429e+01
v 6.09471288e+03 5.24194292e+03 4.00882235e+01
v 6.10129645e+03 5.24470736e+03 3.95416513e+01
v 6.10133854e+03 5.24457176e+03 3.89972838e+01
v 6.10111451e+03 5.24468800e+03 3.91484356e+01
v 6.10077548e+03 5.24491926e+03 3.90394053e+01
v 6.10088996e+03 5.24510166e+03 3.93940805e+01
v 6.10082085e+03 5.24525030e+03 3.97371049e+01
v 6.10140647e+03 5.24511055e+03 3.92940468e+01
v 6.10146493e+03 5.24503272e+03 3.97069840e+01
v 6.10109296e+03 5.24521339e+03 3.99012319e+01
v 6.10121211e+03 5.24477094e+03 3.97311417e+01
v 6.09995027e+03 5.24498736e+03 3.90456448e+01
v 6.09988573e+03 5.24545564e+03 3.91205640e+01
v 6.10023617e+03 5.24529333e+03 4.01073741e+01
v 6.10043657e+03 5.24526971e+03 3.97383589e+01
v 6.10076923e+03 5.24541744e+03 3.99849305e+01
v 6.10058742e+03 5.24548993e+03 4.04092729e+01
v 6.09722686e+03 5.24434967e+03 3.96402918e+01
v 6.09703619e+03 5.24451001e+03 4.00188438e+01
v 6.09721041e+03 5.24482794e+03 4.00241504e+01
v 6.09890094e+03 5.24584562e+03 3.93606923e+01
v 6.09852516e+03 5.24495578e+03 3.92478914e+01
v 6.09742338e+03 5.24494537e+03 3.95605254e+01
v 6.09739871e+03 5.24213469e+03 3.93306381e+01
v 6.09430436e+03 5.24469234e+03 4.01906229e+01
v 6.10018114e+03 5.24518394e+03 4.08521990e+01
v 6.10019998e+03 5.24530995e+03 3.94272374e+01
v 6.09980664e+03 5.24552140e+03 4.03917375e+01
v 6.09992136e+03 5.24558401e+03 3.97678127e+01
v 6.09710457e+03 5.24467212e+03 4.07235323e+01
v 6.09557223e+03 5.24366776e+03 4.07761351e+01
v 6.09584375e+03 5.24316979e+03 4.00099148e+01
v 6.09657523e+03 5.24431244e+03 4.05230301e+01
v 6.09648114e+03 5.24393507e+03 3.99331337e+01
v 6.09430186e+03 5.24218709e+03 4.03345486e+01
v 6.09447056e+03 5.24303628e+03 4.03718551e+01
v 6.09951564e+03 5.24583210e+03 3.93029032e+01
v 6.09906322e+03 5.24508975e+03 3.92662912e+01
v 6.09630563e+03 5.24444799e+03 4.10947365e+01
v 6.09564471e+03 5.24397517e+03 4.11698020e+01
v 6.10039404e+03 5.24527486e+03 4.09025236e+01
v 6.09493594e+03 5.24419302e+03 4.09002328e+01
v 6.09488873e+03 5.24457369e+03 4.06395078e+01
v 6.09553616e+03 5.24498023e+03 4.07693769e+01
v 6.09455895e+03 5.24443960e+03 4.03396757e+01
v 6.09470135e+03 5.24503292e+03 4.03639106e+01
v 6.09686977e+03 5.24285920e+03 3.94497740e+01
v 6.09652550e+03 5.24363563e+03 3.97218786e+01
v 6.09453736e+03 5.24598393e+03 4.02192599e+01
v 6.09529843e+03 5.24542425e+03 4.04128768e+01
v 6.09445531e+03 5.24439941e+03 4.01719964e+01
v 6.09406469e+03 5.24423322e+03 4.00978415e+01
v 6.09385267e+03 5.24347107e+03 4.02721453e+01
v 6.09405747e+03 5.24308107e+03 4.03749418e+01
v 6.10064050e+03 5.24532336e+03 3.95437925e+01
v 6.09499000e+03 5.24350370e+03 4.10678294e+01
v 6.09482088e+03 5.24321827e+03 4.07201585e+01
v 6.09522680e+03 5.24302130e+03 4.02407083e+01
v 6.09476988e+03 5.24306471e+03 4.03927133e+01
v 6.09530726e+03 5.24268521e+03 3.99704024e+01
v 6.09459596e+03 5.24361249e+03 4.11038365e+01
v 6.09439164e+03 5.24389071e+03 4.03316502e+01
v 6.09414596e+03 5.24377286e+03 4.01851700e+01
v 6.09413500e+03 5.24346831e+03 4.03956681e+01
v 6.09609341e+03 5.24503278e+03 4.09567084e+01
v 6.09570423e+03 5.24546154e+03 4.04817280e+01
v 6.09625505e+03 5.24546664e+03 4.05374204e+01
v 6.09442534e+03 5.24523931e+03 4.02790037e+01
v 6.09423940e+03 5.24659279e+03 4.03279210e+01
v 6.09572693e+03 5.24593558e+03 4.03623244e+01
v 6.09482273e+03 5.24648100e+03 4.00817563e+01
v 6.09459255e+03 5.24704438e+03 4.00652661e+01
v 6.09434173e+03 5.24721439e+03 4.03257472e+01
v 6.09632508e+03 5.24596167e+03 4.03875977e+01
v 6.09493575e+03 5.24699658e+03 3.99696905e+01
v 6.10031947e+03 5.24516384e+03 3.91874862e+01
v 6.09859224e+03 5.24699351e+03 4.09207714e+01
v 6.09882169e+03 5.24677923e+03 4.01715362e+01
v 6.10056610e+03 5.24543430e+03 4.12057633e+01
v 6.10039657e+03 5.24601203e+03 4.07037238e+01
v 6.10055961e+03 5.24568034e+03 4.11256395e+01
v 6.09954272e+03 5.24570507e+03 4.13759707e+01
v 6.09932275e+03 5.24594168e+03 4.11663742e+01
v 6.09876477e+03 5.24671157e+03 3.97871226e+01
v 6.09823797e+03 5.24666797e+03 3.98312604e+01
v 6.09447261e+03 5.24322244e+03 4.05593203e+01
v 6.09464182e+03 5.24331552e+03 4.09408879e+01
v 6.09719275e+03 5.24347107e+03 3.93799096e+01
v 6.10014842e+03 5.24440858e+03 3.86919994e+01
v 6.09765683e+03 5.24363265e+03 3.90967039e+01
v 6.09877509e+03 5.24369766e+03 3.86477786e+01
v 6.09501893e+03 5.24381981e+03 4.13401172e+01
v 6.09556079e+03 5.24411684e+03 4.13082143e+01
v 6.09467906e+03 5.24344947e+03 4.11623005e+01
v 6.09443621e+03 5.24340626e+03 4.09140338e+01
v 6.09624223e+03 5.24483925e+03 4.13566611e+01
v 6.09689290e+03 5.24513722e+03 4.12245652e+01
v 6.10005384e+03 5.24525679e+03 4.10580278e+01
v 6.10051974e+03 5.24602642e+03 4.02476336e+01
v 6.09641558e+03 5.24483150e+03 4.13649677e+01
v 6.09581103e+03 5.24470329e+03 4.12341312e+01
v 6.10028658e+03 5.24526593e+03 4.14724402e+01
v 6.09937960e+03 5.24615872e+03 4.15173968e+01
v 6.09683037e+03 5.24529794e+03 4.06363359e+01
v 6.09696680e+03 5.24540618e+03 4.03221289e+01
v 6.09974011e+03 5.24565347e+03 4.15112187e+01
v 6.09875702e+03 5.24652635e+03 4.10203772e+01
v 6.09989041e+03 5.24593281e+03 4.15100999e+01
v 6.09981692e+03 5.24687635e+03 4.03581365e+01
v 6.10016105e+03 5.24668590e+03 4.01489971e+01
v 6.10133845e+03 5.24423517e+03 3.87438551e+01
v 6.10061767e+03 5.24467688e+03 3.88160634e+01
v 6.10048416e+03 5.24569418e+03 4.14225364e+01
v 6.10026289e+03 5.24589331e+03 4.14014732e+01
v 6.10092151e+03 5.24560547e+03 3.99737244e+01
v 6.10130006e+03 5.24485942e+03 3.98437851e+01
v 6.10014459e+03 5.24709440e+03 3.98751303e+01
v 6.10114140e+03 5.24590174e+03 3.96918439e+01
v 6.10138131e+03 5.24630554e+03 3.88359354e+01
v 6.10117671e+03 5.24602748e+03 3.93236560e+01
v 6.10138578e+03 5.24525781e+03 3.97327573e+01
v 6.10138938e+03 5.24574067e+03 3.89299399e+01
v 6.10070189e+03 5.24650131e+03 3.98557074e+01
v 6.10067848e+03 5.24684329e+03 3.94152796e+01
v 6.09972555e+03 5.24595716e+03 3.92919545e+01
v 6.09989217e+03 5.24568088e+03 3.93316127e+01
v 6.09970960e+03 5.24591480e+03 3.94786103e+01
v 6.09685031e+03 5.24602619e+03 4.02225781e+01
v 6.09661495e+03 5.24671036e+03 4.04878294e+01
v 6.09781101e+03 5.24433836e+03 3.92400293e+01
v 6.09412516e+03 5.24707092e+03 4.05506800e+01
v 6.09667579e+03 5.24722842e+03 4.04531412e+01
v 6.09679455e+03 5.24711475e+03 4.05422455e+01
v 6.09910407e+03 5.24602933e+03 3.94472131e+01
v 6.09626984e+03 5.24631179e+03 4.04455488e+01
v 6.09635519e+03 5.24749279e+03 4.01902281e+01
v 6.09382405e+03 5.24681453e+03 4.06349261e+01
v 6.09436528e+03 5.24755304e+03 3.99826942e+01
v 6.09446149e+03 5.24783303e+03 3.95181189e+01
v 6.09512218e+03 5.24890925e+03 4.00110319e+01
v 6.09468966e+03 5.24876177e+03 3.94545543e+01
v 6.09634504e+03 5.24921663e+03 3.97926224e+01
v 6.09571911e+03 5.24959645e+03 4.00071764e+01
v 6.09581614e+03 5.24975216e+03 3.98964286e+01
v 6.09528249e+03 5.24958987e+03 3.98704228e+01
v 6.09501267e+03 5.24916991e+03 3.99444662e+01
v 6.09607809e+03 5.24803218e+03 4.00971489e+01
v 6.09539944e+03 5.24746448e+03 3.99381184e+01
v 6.09726560e+03 5.24972362e+03 3.95902412e+01
v 6.09729013e+03 5.24985218e+03 3.97834232e+01
v 6.09824720e+03 5.24875629e+03 4.12389535e+01
v 6.09807534e+03 5.24862739e+03 4.05882923e+01
v 6.09774547e+03 5.24982617e+03 4.01110033e+01
v 6.09821554e+03 5.24918680e+03 4.02894356e+01
v 6.09865170e+03 5.24681020e+03 4.13149530e+01
v 6.09886168e+03 5.24730603e+03 4.15454131e+01
v 6.09908121e+03 5.24625871e+03 4.14952232e+01
v 6.09925122e+03 5.24784006e+03 4.04104596e+01
v 6.09894273e+03 5.24822011e+03 4.00765405e+01
v 6.09745229e+03 5.24966521e+03 3.97729262e+01
v 6.09844781e+03 5.24900653e+03 4.00249893e+01
v 6.09964103e+03 5.24808665e+03 3.94915229e+01
v 6.09994423e+03 5.24749909e+03 3.98325128e+01
v 6.09940122e+03 5.24793551e+03 3.99614928e+01
v 6.09799192e+03 5.24895132e+03 4.02029269e+01
v 6.09719355e+03 5.24927102e+03 3.96714485e+01
v 6.09757275e+03 5.24875710e+03 3.98399061e+01
v 6.09682550e+03 5.24900628e+03 3.97088342e+01
v 6.09393695e+03 5.24778171e+03 4.11692255e+01
v 6.09790733e+03 5.24805635e+03 4.03021139e+01
v 6.09789185e+03 5.24756904e+03 4.02930111e+01
v 6.09845567e+03 5.24773255e+03 4.13997127e+01
v 6.09853134e+03 5.24807396e+03 4.15235867e+01
v 6.09882827e+03 5.24781476e+03 4.14928018e+01
v 6.09644722e+03 5.24955972e+03 3.94902624e+01
v 6.09897905e+03 5.24800472e+03 4.14458404e+01
v 6.10050901e+03 5.24745477e+03 3.90046140e+01
v 6.10017097e+03 5.24739927e+03 3.94039391e+01
v 6.09724614e+03 5.24672900e+03 4.03042658e+01
v 6.09480151e+03 5.24756711e+03 3.96297043e+01
v 6.09397759e+03 5.24761087e+03 4.12354634e+01
v 6.09418833e+03 5.24756927e+03 4.09760255e+01
v 6.09410429e+03 5.24779484e+03 4.10024661e+01
v 6.09844951e+03 5.24882398e+03 4.08554751e+01
v 6.09695242e+03 5.24827311e+03 3.99778405e+01
v 6.09422410e+03 5.24772478e+03 4.05848299e+01
v 6.09387361e+03 5.24725482e+03 4.11291343e+01
v 6.09464243e+03 5.24742208e+03 3.96974513e+01
v 6.09490534e+03 5.24815455e+03 3.96517566e+01
v 6.09456435e+03 5.24903742e+03 3.91774880e+01
v 6.09447664e+03 5.24863167e+03 3.92402891e+01
v 6.09547296e+03 5.24818327e+03 3.99685822e+01
v 6.09591856e+03 5.24900475e+03 4.00595137e+01
v 6.09396971e+03 5.24798616e+03 3.94643009e+01
v 6.09396209e+03 5.24836589e+03 3.92542895e+01
v 6.09836847e+03 5.24775963e+03 4.10506668e+01
v 6.09844811e+03 5.24774270e+03 4.05025517e+01
v 6.09896633e+03 5.24624781e+03 4.13177328e+01
v 6.09965300e+03 5.24746063e+03 4.01587963e+01
v 6.09963482e+03 5.24713859e+03 4.04961045e+01
v 6.09910822e+03 5.24804756e+03 4.11802173e+01
v 6.09974651e+03 5.24687609e+03 4.14633509e+01
v 6.10015920e+03 5.24624430e+03 4.13285670e+01
v 6.09986460e+03 5.24687949e+03 4.13777517e+01
v 6.09996547e+03 5.24632688e+03 4.15102244e+01
v 6.09756433e+03 5.24549768e+03 3.95913504e+01
v 6.09717741e+03 5.24535469e+03 3.98904222e+01
v 6.09929862e+03 5.24747364e+03 4.15366347e+01
v 6.10095490e+03 5.24647517e+03 3.93374530e+01
v 6.10096394e+03 5.24683982e+03 3.91936582e+01
v 6.09818869e+03 5.24788461e+03 4.03749124e+01
v 6.09808084e+03 5.24844084e+03 4.12853358e+01
v 6.09806572e+03 5.24824411e+03 4.06214775e+01
v 6.09846672e+03 5.24850898e+03 4.14988428e+01
v 6.09870990e+03 5.24868449e+03 4.09771915e+01
v 6.09781334e+03 5.24842389e+03 4.01516289e+01
v 6.09535757e+03 5.24424221e+03 4.12357189e+01
v 6.09495149e+03 5.24392622e+03 4.13160038e+01
v 6.09861594e+03 5.24873061e+03 4.13452710e+01
v 6.09412476e+03 5.24783063e+03 3.97458645e+01
v 6.09385189e+03 5.24779544e+03 3.98208769e+01
v 6.09486679e+03 5.24936443e+03 3.95660104e+01
v 6.09485235e+03 5.24943306e+03 3.92369729e+01
v 6.09407925e+03 5.24781092e+03 4.02227233e+01
v 6.09830413e+03 5.24262507e+03 3.91101251e+01
v 6.09760386e+03 5.24287875e+03 3.91140961e+01
v 6.09854174e+03 5.24114650e+03 3.88900265e+01
v 6.09779162e+03 5.24331721e+03 3.90073690e+01
v 6.09901083e+03 5.24172578e+03 3.89419897e+01
v 6.09971409e+03 5.24167835e+03 3.84953386e+01
v 6.09952502e+03 5.24061737e+03 3.79248035e+01
v 6.09930841e+03 5.24204165e+03 3.87372077e+01
v 6.09923559e+03 5.24293593e+03 3.84050895e+01
v 6.10061353e+03 5.24162404e+03 3.78942145e+01
v 6.10003338e+03 5.24235933e+03 3.80978586e+01
v 6.10049995e+03 5.24241840e+03 3.78430594e+01
v 6.10010256e+03 5.24177257e+03 3.82772692e+01
v 6.09955921e+03 5.24305756e+03 3.83128334e+01
v 6.10100481e+03 5.24385544e+03 3.84037012e+01
v 6.09425761e+03 5.24906458e+03 3.90580988e+01
v 6.10027070e+03 5.24746590e+03 3.89667069e+01
v 6.09964632e+03 5.24816187e+03 3.88019425e+01
v 6.09960417e+03 5.24808887e+03 3.91836310e+01
v 6.09913350e+03 5.24817764e+03 3.92637622e+01
v 6.09892433e+03 5.24822910e+03 3.96529109e+01
v 6.10126306e+03 5.24821422e+03 3.88968952e+01
v 6.10036439e+03 5.24809602e+03 3.85416023e+01
v 6.10109389e+03 5.24635004e+03 3.90701498e+01
v 6.09994996e+03 5.24773545e+03 3.91525629e+01
v 6.09675700e+03 5.24995911e+03 3.93058126e+01
v 6.10041639e+03 5.24029366e+03 3.75139606e+01
v 6.10041690e+03 5.24112201e+03 3.78747856e+01
v 6.10087344e+03 5.24272667e+03 3.79205770e+01
v 6.10060463e+03 5.23982953e+03 3.70314543e+01
v 6.10067571e+03 5.23977712e+03 3.67488764e+01
v 6.09674785e+03 5.25000000e+03 3.93099424e+01
v 6.10142040e+03 5.24738985e+03 3.93174975e+01
v 6.10117888e+03 5.24883731e+03 3.82791367e+01
v 6.09665377e+03 5.24564096e+03 4.03561163e+01
v 6.10149649e+03 5.24589380e+03 3.86019390e+01
v 6.09829773e+03 5.24349789e+03 3.87805263e+01
v 6.10153272e+03 5.24543480e+03 3.85441023e+01
v 6.09696995e+03 5.24562817e+03 4.00644701e+01
v 6.09981599e+03 5.24822570e+03 3.85157322e+01
v 6.09464507e+03 5.24946843e+03 3.89367806e+01
v 6.10011073e+03 5.24829890e+03 3.83119470e+01
v 6.09961263e+03 5.24891466e+03 3.78817969e+01
v 6.09772901e+03 5.25000000e+03 3.78172062e+01
v 6.09891216e+03 5.24916964e+03 3.76346686e+01
v 6.09987842e+03 5.24933256e+03 3.76457861e+01
v 6.10048791e+03 5.23977533e+03 3.26817547e+01
v 6.10103699e+03 5.24005705e+03 3.31146513e+01
v 6.09996822e+03 5.23982932e+03 3.18902802e+01
v 6.10047164e+03 5.23987979e+03 3.19128558e+01
v 6.10028802e+03 5.23988614e+03 3.12632649e+01
v 6.10085978e+03 5.23997382e+03 3.06753617e+01
v 6.10005498e+03 5.23976044e+03 3.10535248e+01
v 6.10095746e+03 5.24009581e+03 3.19742322e+01
v 6.10068181e+03 5.23987914e+03 3.15678465e+01
v 6.10062445e+03 5.23959875e+03 3.36144093e+01
v 6.09941251e+03 5.23906311e+03 3.27409409e+01
v 6.09985300e+03 5.23909840e+03 3.34513995e+01
v 6.09983009e+03 5.23934791e+03 3.42045076e+01
v 6.09943295e+03 5.23916930e+03 3.45380809e+01
v 6.10016033e+03 5.23987759e+03 3.46279256e+01
v 6.10119473e+03 5.24015806e+03 3.44197269e+01
v 6.10076148e+03 5.23978905e+03 3.40888625e+01
v 6.09979995e+03 5.23963065e+03 3.57245099e+01
v 6.10086634e+03 5.24003164e+03 3.46476520e+01
v 6.09990052e+03 5.23978850e+03 3.51482042e+01
v 6.10147986e+03 5.24047511e+03 3.45207095e+01
v 6.10140657e+03 5.24043395e+03 3.50604816e+01
v 6.10074819e+03 5.23993581e+03 3.52422476e+01
v 6.10077370e+03 5.23994756e+03 3.60073268e+01
v 6.10007098e+03 5.23927642e+03 3.37797798e+01
v 6.09947509e+03 5.23895071e+03 3.40237794e+01
v 6.10103635e+03 5.24008542e+03 3.53943733e+01
v 6.09946399e+03 5.23921006e+03 3.12163192e+01
v 6.09876978e+03 5.23864738e+03 3.42117832e+01
v 6.09825247e+03 5.23864695e+03 3.45450962e+01
v 6.09857052e+03 5.23873463e+03 3.48135888e+01
v 6.10149755e+03 5.24435482e+03 3.86963660e+01
v 6.10151899e+03 5.24759791e+03 3.93515462e+01
v 6.10155327e+03 5.24495766e+03 3.83946072e+01
v 6.10160337e+03 5.24523005e+03 3.82667081e+01
v 6.10105749e+03 5.24201314e+03 3.75862401e+01
v 6.10135937e+03 5.24039198e+03 3.58519358e+01
v 6.09473215e+03 5.23588447e+03 3.36215381e+01
v 6.09526322e+03 5.23683177e+03 3.56206326e+01
v 6.09701632e+03 5.23752091e+03 3.43015034e+01
v 6.09628097e+03 5.23726800e+03 3.54188527e+01
v 6.09797055e+03 5.23860601e+03 3.55285822e+01
v 6.09754820e+03 5.23796224e+03 3.46655913e+01
v 6.09802400e+03 5.23849550e+03 3.45372782e+01
v 6.09782467e+03 5.23806750e+03 3.42215028e+01
v 6.09694414e+03 5.23734080e+03 3.37127588e+01
v 6.09646244e+03 5.23697063e+03 3.38510187e+01
v 6.09651257e+03 5.23727422e+03 3.43890875e+01
v 6.09787934e+03 5.23845033e+03 3.49650929e+01
v 6.09825452e+03 5.23801999e+03 3.37918420e+01
v 6.09470879e+03 5.23606223e+03 3.44006918e+01
v 6.09373097e+03 5.23540615e+03 3.43951039e+01
v 6.09578661e+03 5.23719194e+03 3.51040779e+01
v 6.09518085e+03 5.23660199e+03 3.44898834e+01
v 6.09495797e+03 5.23631878e+03 3.53267510e+01
v 6.09629890e+03 5.23712510e+03 3.27325437e+01
v 6.09587885e+03 5.23657377e+03 3.35744422e+01
v 6.09682438e+03 5.23741009e+03 3.29654319e+01
v 6.09373694e+03 5.23440647e+03 3.41250920e+01
v 6.09828597e+03 5.23864566e+03 3.18526223e+01
v 6.09788754e+03 5.23844927e+03 3.11585858e+01
v 6.09777271e+03 5.23821798e+03 3.21819774e+01
v 6.09804171e+03 5.23848324e+03 3.22415830e+01
v 6.09504565e+03 5.23635021e+03 3.26212397e+01
v 6.09485118e+03 5.23622948e+03 3.17910633e+01
v 6.09370109e+03 5.23523641e+03 3.17525432e+01
v 6.09522172e+03 5.23626300e+03 3.35597129e+01
v 6.09544305e+03 5.23690520e+03 3.21568128e+01
v 6.09402144e+03 5.23549060e+03 3.12877747e+01
v 6.09532980e+03 5.23664698e+03 3.08661179e+01
v 6.09496967e+03 5.23627643e+03 3.03749512e+01
v 6.09488911e+03 5.23626070e+03 3.09948092e+01
v 6.09572596e+03 5.23714787e+03 3.12765229e+01
v 6.09657636e+03 5.23734580e+03 3.11341136e+01
v 6.09519813e+03 5.23672034e+03 3.11057136e+01
v 6.09838843e+03 5.23867696e+03 3.11487756e+01
v 6.09782441e+03 5.23780891e+03 3.37931182e+01
v 6.09752318e+03 5.23790669e+03 3.26538784e+01
v 6.09903222e+03 5.23856813e+03 3.38615452e+01
v 6.09880110e+03 5.23842775e+03 3.35972023e+01
v 6.09862594e+03 5.23863261e+03 3.26198080e+01
v 6.09780955e+03 5.23774768e+03 3.34967152e+01
v 6.09587602e+03 5.23713349e+03 3.45321871e+01
v 6.09388463e+03 5.23453572e+03 3.38481697e+01
v 6.09765547e+03 5.23795537e+03 3.01706383e+01
v 6.09857487e+03 5.23842501e+03 3.03338259e+01
v 6.09707178e+03 5.23757186e+03 3.16046020e+01
v 6.09436182e+03 5.23569108e+03 3.08186287e+01
v 6.09381573e+03 5.23544043e+03 3.23126478e+01
v 6.09612969e+03 5.23700785e+03 3.05183993e+01
v 6.09576882e+03 5.23695194e+03 2.73836372e+01
v 6.09497678e+03 5.23638198e+03 2.83043438e+01
v 6.09439128e+03 5.23574079e+03 2.92012508e+01
v 6.09397889e+03 5.23547782e+03 2.75124118e+01
v 6.09489179e+03 5.23630045e+03 2.76244440e+01
v 6.09516460e+03 5.23668383e+03 2.76152834e+01
v 6.09551229e+03 5.23701755e+03 2.77926186e+01
v 6.09832857e+03 5.23834604e+03 2.69721617e+01
v 6.09810567e+03 5.23862008e+03 2.79957428e+01
v 6.09761378e+03 5.23800925e+03 2.75136234e+01
v 6.09893102e+03 5.23876456e+03 2.82562708e+01
v 6.09886981e+03 5.23877083e+03 2.74342152e+01
v 6.09790891e+03 5.23844070e+03 2.85564582e+01
v 6.09677893e+03 5.23746302e+03 2.74125794e+01
v 6.09627371e+03 5.23728325e+03 2.75276428e+01
v 6.09594783e+03 5.23722380e+03 2.78694816e+01
v 6.09376080e+03 5.23527349e+03 2.58119556e+01
v 6.09472577e+03 5.23609639e+03 2.63071380e+01
v 6.09727996e+03 5.23776630e+03 2.94512803e+01
v 6.09690607e+03 5.23747829e+03 2.82763065e+01
v 6.09377111e+03 5.23505164e+03 2.70134945e+01
v 6.09783598e+03 5.23812617e+03 3.06662198e+01
v 6.09965525e+03 5.23915148e+03 3.04003586e+01
v 6.09946870e+03 5.23917646e+03 2.91493434e+01
v 6.09880963e+03 5.23862329e+03 3.02790237e+01
v 6.09636089e+03 5.23720910e+03 2.90575682e+01
v 6.09422629e+03 5.23556406e+03 2.85825459e+01
v 6.09797871e+03 5.23842207e+03 2.91379376e+01
v 6.09804640e+03 5.23856993e+03 2.89759020e+01
v 6.09978370e+03 5.23962408e+03 2.87986921e+01
v 6.09583689e+03 5.23721481e+03 2.83575681e+01
v 6.09752042e+03 5.23792612e+03 3.10314567e+01
v 6.09875125e+03 5.23878114e+03 3.12321947e+01
v 6.09886525e+03 5.23872170e+03 3.21102987e+01
v 6.10018756e+03 5.23966764e+03 2.94922322e+01
v 6.09394174e+03 5.23537480e+03 2.68146790e+01
v 6.10115656e+03 5.24021723e+03 2.94313714e+01
v 6.10156936e+03 5.24055266e+03 2.92013683e+01
v 6.10139822e+03 5.24043128e+03 2.88505637e+01
v 6.10112205e+03 5.24014278e+03 2.83608525e+01
v 6.09872668e+03 5.23871823e+03 2.91647116e+01
v 6.09968328e+03 5.23955304e+03 2.77518153e+01
v 6.09972004e+03 5.23918401e+03 2.71565605e+01
v 6.10095917e+03 5.24006003e+03 2.73578393e+01
v 6.10050086e+03 5.23989886e+03 2.75301850e+01
v 6.10073714e+03 5.23997200e+03 2.87226627e+01
v 6.10000786e+03 5.23980360e+03 2.76965240e+01
v 6.09865454e+03 5.23854387e+03 2.98617113e+01
v 6.09982897e+03 5.23970749e+03 2.49724542e+01
v 6.10012912e+03 5.23983682e+03 2.54643863e+01
v 6.10007897e+03 5.23993770e+03 2.81341238e+01
v 6.09907273e+03 5.23886524e+03 2.90498572e+01
v 6.10088763e+03 5.23999012e+03 2.57970767e+01
v 6.10031380e+03 5.23961264e+03 3.04171226e+01
v 6.09853546e+03 5.24714568e+03 4.14243486e+01
v 6.10016804e+03 5.22215965e+03 1.80825473e+01
v 6.09460397e+03 5.23113325e+03 1.78819231e+01
v 6.09445310e+03 5.23290281e+03 1.80070879e+01
v 6.09541864e+03 5.23171157e+03 1.77890324e+01
v 6.09370696e+03 5.23137176e+03 1.79279368e+01
v 6.09711906e+03 5.23171720e+03 1.80810377e+01
v 6.09571989e+03 5.22917664e+03 1.79607198e+01
v 6.09917534e+03 5.23819960e+03 1.78275483e+01
v 6.10048750e+03 5.23185147e+03 1.78899706e+01
v 6.10020607e+03 5.23278946e+03 1.80442906e+01
v 6.09946406e+03 5.23184087e+03 1.78773604e+01
v 6.09582593e+03 5.23054829e+03 1.80143377e+01
v 6.09436367e+03 5.23437584e+03 1.78903856e+01
v 6.09604897e+03 5.23377097e+03 1.79658976e+01
v 6.09577062e+03 5.23672687e+03 1.78970495e+01
v 6.09666119e+03 5.23716180e+03 1.80105385e+01
v 6.09721929e+03 5.23703792e+03 1.79549267e+01
v 6.09702891e+03 5.23738956e+03 1.81602540e+01
v 6.09697716e+03 5.23378101e+03 1.79320756e+01
v 6.09618201e+03 5.23274017e+03 1.78339435e+01
v 6.09709596e+03 5.23342171e+03 1.79766370e+01
v 6.09669291e+03 5.23263155e+03 1.79945291e+01
v 6.09813175e+03 5.23160715e+03 1.80387900e+01
v 6.09811923e+03 5.23080679e+03 1.79371882e+01
v 6.09453617e+03 5.22983648e+03 1.80615667e+01
v 6.09833771e+03 5.22865551e+03 1.79439395e+01
v 6.10044178e+03 5.22991498e+03 1.79466833e+01
v 6.09937531e+03 5.23260189e+03 1.83331582e+01
v 6.10107724e+03 5.23979598e+03 1.79322430e+01
v 6.10060813e+03 5.23917956e+03 1.78421425e+01
v 6.09780206e+03 5.23826969e+03 1.81611606e+01
v 6.09753701e+03 5.23773048e+03 1.80595264e+01
v 6.09813119e+03 5.23604064e+03 1.79170757e+01
v 6.09974255e+03 5.23882872e+03 1.78727804e+01
v 6.09932571e+03 5.23881747e+03 1.80526689e+01
v 6.09799238e+03 5.23796050e+03 1.79053478e+01
v 6.09800853e+03 5.23833319e+03 1.81017175e+01
v 6.09945535e+03 5.23513299e+03 1.80923272e+01
v 6.10002166e+03 5.23538414e+03 1.80771448e+01
v 6.10016350e+03 5.23533798e+03 1.83517332e+01
v 6.10055788e+03 5.23615957e+03 1.78858975e+01
v 6.10031513e+03 5.23952377e+03 1.79418137e+01
v 6.09847769e+03 5.23853402e+03 1.80860864e+01
v 6.09983338e+03 5.23948176e+03 1.81462667e+01
v 6.10041729e+03 5.23990046e+03 1.82259102e+01
v 6.09893531e+03 5.23869934e+03 1.82841494e+01
v 6.09823663e+03 5.23858340e+03 1.83020354e+01
v 6.10030804e+03 5.23973682e+03 1.89258341e+01
v 6.09968083e+03 5.23284265e+03 1.82490067e+01
v 6.09984700e+03 5.23302062e+03 1.85147892e+01
v 6.10121446e+03 5.23395334e+03 1.80198931e+01
v 6.10068536e+03 5.23337505e+03 1.80298196e+01
v 6.09878767e+03 5.23258285e+03 1.86321633e+01
v 6.09878890e+03 5.23236825e+03 1.82580962e+01
v 6.09836531e+03 5.23226916e+03 1.85080450e+01
v 6.10071150e+03 5.23569881e+03 1.80789647e+01
v 6.10045526e+03 5.23536516e+03 1.86972063e+01
v 6.10020357e+03 5.23572053e+03 1.79424027e+01
v 6.09902529e+03 5.23481987e+03 1.81072981e+01
v 6.09769991e+03 5.23324156e+03 1.84550249e+01
v 6.09774798e+03 5.23381181e+03 1.83452066e+01
v 6.09827407e+03 5.23263550e+03 1.87460010e+01
v 6.09444352e+03 5.23571148e+03 1.81538803e+01
v 6.09385192e+03 5.23590682e+03 1.84789784e+01
v 6.09430603e+03 5.23636119e+03 1.86749077e+01
v 6.09422674e+03 5.23607138e+03 1.83214987e+01
v 6.09377227e+03 5.23550429e+03 1.82355318e+01
v 6.09528113e+03 5.23640800e+03 1.80956372e+01
v 6.09543366e+03 5.23664703e+03 1.84202041e+01
v 6.09579702e+03 5.23698137e+03 1.80410729e+01
v 6.09926899e+03 5.22137771e+03 1.82178003e+01
v 6.09813534e+03 5.22105902e+03 1.82602007e+01
v 6.09779759e+03 5.22041676e+03 1.81660098e+01
v 6.09742499e+03 5.22074090e+03 1.82419509e+01
v 6.09928625e+03 5.22489857e+03 1.80234763e+01
v 6.10021117e+03 5.22461129e+03 1.80585795e+01
v 6.10032662e+03 5.22542626e+03 1.80521396e+01
v 6.10131991e+03 5.22513511e+03 1.80897376e+01
v 6.09580295e+03 5.22320948e+03 1.80523846e+01
v 6.09607587e+03 5.22228930e+03 1.82589500e+01
v 6.10118217e+03 5.22579829e+03 1.83078105e+01
v 6.10106118e+03 5.22640356e+03 1.80643197e+01
v 6.10026333e+03 5.23322477e+03 1.83932735e+01
v 6.10001612e+03 5.22804571e+03 1.79450407e+01
v 6.09853962e+03 5.22802671e+03 1.80044577e+01
v 6.09592291e+03 5.22019719e+03 1.78581270e+01
v 6.09744903e+03 5.22136471e+03 1.86466861e+01
v 6.09481948e+03 5.22499138e+03 1.80648804e+01
v 6.09618436e+03 5.22724026e+03 1.79379711e+01
v 6.09556950e+03 5.22456868e+03 1.79198722e+01
v 6.09490022e+03 5.22426432e+03 1.79957209e+01
v 6.09850985e+03 5.22481232e+03 1.79438870e+01
v 6.09724443e+03 5.22426164e+03 1.79738913e+01
v 6.09760431e+03 5.22569046e+03 1.79636117e+01
v 6.09891392e+03 5.22692326e+03 1.79091425e+01
v 6.09864517e+03 5.22389462e+03 1.82715696e+01
v 6.09784553e+03 5.22346811e+03 1.82962506e+01
v 6.09817710e+03 5.22414575e+03 1.79946782e+01
v 6.09990084e+03 5.22433689e+03 1.82156222e+01
v 6.09561935e+03 5.22619669e+03 1.80253538e+01
v 6.09600807e+03 5.22194842e+03 1.82064478e+01
v 6.09683794e+03 5.22374156e+03 1.80653623e+01
v 6.09706056e+03 5.22310512e+03 1.83799788e+01
v 6.09538597e+03 5.22756573e+03 1.79944742e+01
v 6.10092510e+03 5.22844341e+03 1.78631633e+01
v 6.10084809e+03 5.22566428e+03 1.81335731e+01
v 6.09928114e+03 5.22446556e+03 1.81784010e+01
v 6.09700310e+03 5.22016540e+03 1.79852504e+01
v 6.09695623e+03 5.22067872e+03 1.82073979e+01
v 6.09686316e+03 5.22117654e+03 1.86518396e+01
v 6.09661117e+03 5.22556169e+03 1.79285021e+01
v 6.09873245e+03 5.22155050e+03 1.83822641e+01
v 6.09807889e+03 5.22159983e+03 1.87157624e+01
v 6.10071333e+03 5.23359399e+03 1.82909235e+01
v 6.09736610e+03 5.23243962e+03 1.83364583e+01
v 6.09809616e+03 5.23202722e+03 1.82773042e+01
v 6.10114462e+03 5.23567015e+03 1.80907793e+01
v 6.10146292e+03 5.23578108e+03 1.80611794e+01
v 6.10138042e+03 5.23369694e+03 1.78516874e+01
v 6.10145963e+03 5.23329412e+03 1.78293262e+01
v 6.10147881e+03 5.23431893e+03 1.84196984e+01
v 6.10142749e+03 5.23469885e+03 1.85048933e+01
v 6.10105897e+03 5.23547060e+03 1.83646341e+01
v 6.09644392e+03 5.22095197e+03 1.81783436e+01
v 6.09463383e+03 5.21892729e+03 1.79179632e+01
v 6.09844339e+03 5.23859341e+03 1.85695592e+01
v 6.10133139e+03 5.24030414e+03 1.90643523e+01
v 6.09858932e+03 5.23857330e+03 1.90980905e+01
v 6.10070622e+03 5.23990427e+03 1.86760193e+01
v 6.10069660e+03 5.23533311e+03 1.88405330e+01
v 6.10141902e+03 5.23442511e+03 1.87919950e+01
v 6.10077832e+03 5.23397591e+03 1.91265548e+01
v 6.10054004e+03 5.23442468e+03 1.93122341e+01
v 6.10096377e+03 5.23439690e+03 1.91816450e+01
v 6.10041141e+03 5.23483228e+03 1.92044878e+01
v 6.10026226e+03 5.23508896e+03 1.90342595e+01
v 6.10120196e+03 5.23407504e+03 1.89319803e+01
v 6.09985877e+03 5.23459970e+03 1.92272575e+01
v 6.09810220e+03 5.23430401e+03 1.82014232e+01
v 6.09891618e+03 5.23460125e+03 1.83482706e+01
v 6.10035954e+03 5.23384795e+03 1.92773675e+01
v 6.09859433e+03 5.23432994e+03 1.87617323e+01
v 6.10017060e+03 5.23399296e+03 1.93635200e+01
v 6.10008900e+03 5.23345808e+03 1.90799532e+01
v 6.10099107e+03 5.23382250e+03 1.88887325e+01
v 6.09924431e+03 5.23455977e+03 1.89553015e+01
v 6.10067078e+03 5.23361386e+03 1.88286208e+01
v 6.09621453e+03 5.23725407e+03 1.81998638e+01
v 6.09697200e+03 5.23748985e+03 1.84824426e+01
v 6.09875739e+03 5.23296331e+03 1.87864716e+01
v 6.09933841e+03 5.23407901e+03 1.92031306e+01
v 6.09935129e+03 5.23302615e+03 1.90072690e+01
v 6.09923847e+03 5.23276821e+03 1.88581071e+01
v 6.09991077e+03 5.23939147e+03 1.96392499e+01
v 6.09502215e+03 5.23649070e+03 1.84950265e+01
v 6.09529342e+03 5.23650518e+03 1.88424462e+01
v 6.09904198e+03 5.23880937e+03 1.92218262e+01
v 6.09940407e+03 5.23902527e+03 1.84395316e+01
v 6.09859500e+03 5.23197350e+03 1.80241314e+01
v 6.09826592e+03 5.23365843e+03 1.87403256e+01
v 6.09372377e+03 5.23571505e+03 1.87373959e+01
v 6.09387988e+03 5.23593664e+03 1.92593290e+01
v 6.09420163e+03 5.23636946e+03 1.94064050e+01
v 6.09489917e+03 5.23648379e+03 1.91821833e+01
v 6.09451840e+03 5.23659511e+03 1.93459709e+01
v 6.09425294e+03 5.23650716e+03 2.01310545e+01
v 6.09393237e+03 5.23617521e+03 1.96640435e+01
v 6.09538808e+03 5.23656515e+03 1.93966816e+01
v 6.10064921e+03 5.23990980e+03 1.82211296e+01
v 6.09469931e+03 5.23638405e+03 1.83383365e+01
v 6.09462196e+03 5.23655179e+03 1.87696569e+01
v 6.09791326e+03 5.23367531e+03 1.85962438e+01
v 6.09781590e+03 5.23232751e+03 1.84190215e+01
v 6.09804601e+03 5.23235162e+03 1.85822507e+01
v 6.09948300e+03 5.23283512e+03 1.87688321e+01
v 6.09569906e+03 5.23698850e+03 2.07381318e+01
v 6.09578960e+03 5.23705130e+03 2.04093800e+01
v 6.09564504e+03 5.23677381e+03 2.02524392e+01
v 6.09506472e+03 5.23640199e+03 2.16412001e+01
v 6.09438435e+03 5.23650327e+03 2.08147221e+01
v 6.09388922e+03 5.23606841e+03 2.06172853e+01
v 6.09546822e+03 5.23664615e+03 2.07440663e+01
v 6.09557215e+03 5.23669187e+03 2.18922949e+01
v 6.09820720e+03 5.23867673e+03 2.06235870e+01
v 6.09797907e+03 5.23849138e+03 2.10285610e+01
v 6.09859540e+03 5.23862885e+03 2.18559236e+01
v 6.10001266e+03 5.23954611e+03 2.01157451e+01
v 6.10017870e+03 5.22312224e+03 1.83704071e+01
v 6.09924594e+03 5.22397117e+03 1.85392579e+01
v 6.09799167e+03 5.22304279e+03 1.89149027e+01
v 6.09757345e+03 5.22225652e+03 1.88978967e+01
v 6.09373094e+03 5.23560349e+03 1.91108672e+01
v 6.09756401e+03 5.23788324e+03 2.01429156e+01
v 6.09399576e+03 5.23615456e+03 2.01592101e+01
v 6.09894567e+03 5.23431415e+03 1.90819811e+01
v 6.09872692e+03 5.23407623e+03 1.89947689e+01
v 6.09450778e+03 5.23660147e+03 2.01161396e+01
v 6.09606228e+03 5.23728357e+03 2.07785982e+01
v 6.09625592e+03 5.23712676e+03 1.98421343e+01
v 6.09525912e+03 5.23644533e+03 1.99019234e+01
v 6.09750742e+03 5.23794179e+03 2.08437638e+01
v 6.09865655e+03 5.23865167e+03 2.01685360e+01
v 6.09921533e+03 5.23892308e+03 2.05126295e+01
v 6.09486070e+03 5.23639189e+03 2.05099845e+01
v 6.09456726e+03 5.23651636e+03 2.05838601e+01
v 6.09693743e+03 5.22180177e+03 1.89653641e+01
v 6.09734471e+03 5.22277006e+03 1.88147712e+01
v 6.09662238e+03 5.22170585e+03 1.87883287e+01
v 6.09583620e+03 5.22133590e+03 1.79652171e+01
v 6.09716576e+03 5.22234138e+03 1.89532666e+01
v 6.09681178e+03 5.22222554e+03 1.89359005e+01
v 6.09641417e+03 5.22206166e+03 1.86735707e+01
v 6.09728785e+03 5.23755186e+03 2.27182795e+01
v 6.09483161e+03 5.23624781e+03 2.19383614e+01
v 6.09592751e+03 5.23719308e+03 2.13459242e+01
v 6.09885967e+03 5.23872149e+03 2.07972515e+01
v 6.09491491e+03 5.23640502e+03 2.11364107e+01
v 6.10067731e+03 5.23981871e+03 2.22023536e+01
v 6.10133021e+03 5.24034997e+03 2.18924337e+01
v 6.09818909e+03 5.23821375e+03 1.97605120e+01
v 6.10102739e+03 5.24006425e+03 2.41248609e+01
v 6.10065045e+03 5.23971598e+03 2.33831307e+01
v 6.10034257e+03 5.23941234e+03 2.29171815e+01
v 6.10071095e+03 5.23997130e+03 2.03543316e+01
v 6.10025503e+03 5.23967197e+03 2.71571963e+01
v 6.09545618e+03 5.23700339e+03 2.41541766e+01
v 6.09489130e+03 5.23622327e+03 2.39170358e+01
v 6.09669359e+03 5.23729018e+03 2.38011715e+01
v 6.09791761e+03 5.23794065e+03 2.33356429e+01
v 6.09993486e+03 5.23934279e+03 2.35146286e+01
v 6.09901251e+03 5.23883544e+03 2.39329276e+01
v 6.09916135e+03 5.23874417e+03 2.31719264e+01
v 6.09979943e+03 5.23985046e+03 2.41133258e+01
v 6.09982233e+03 5.23957203e+03 2.39325755e+01
v 6.09965949e+03 5.23965716e+03 2.42729142e+01
v 6.09822631e+03 5.23872613e+03 2.44039329e+01
v 6.09863138e+03 5.23853960e+03 2.34634131e+01
v 6.10007280e+03 5.23980605e+03 2.40076126e+01
v 6.09797695e+03 5.23816214e+03 2.37506100e+01
v 6.09747397e+03 5.23784536e+03 2.41655914e+01
v 6.09787172e+03 5.23843435e+03 2.41620222e+01
v 6.09585963e+03 5.23723563e+03 2.44208471e+01
v 6.09663915e+03 5.23730103e+03 2.47292116e+01
v 6.09765850e+03 5.23804882e+03 2.60464025e+01
v 6.09950180e+03 5.23927129e+03 2.41495225e+01
v 6.09979663e+03 5.23968483e+03 2.54280456e+01
v 6.10014003e+03 5.23988157e+03 2.44644313e+01
v 6.10049317e+03 5.23989260e+03 2.39974326e+01
v 6.09934080e+03 5.23900166e+03 2.48138402e+01
v 6.09905935e+03 5.23882648e+03 2.51073522e+01
v 6.09796124e+03 5.23847840e+03 2.50062696e+01
v 6.09528083e+03 5.23635338e+03 2.25965387e+01
v 6.09572171e+03 5.23665720e+03 2.32885437e+01
v 6.09517457e+03 5.23626062e+03 2.34064478e+01
v 6.09407783e+03 5.23561152e+03 2.36653926e+01
v 6.09881092e+03 5.23865879e+03 2.63933041e+01
v 6.09822679e+03 5.23856869e+03 2.55532927e+01
v 6.09883686e+03 5.23875874e+03 2.46789141e+01
v 6.09515264e+03 5.23636127e+03 2.71721117e+01
v 6.09492456e+03 5.23625980e+03 2.52307453e+01
v 6.09374961e+03 5.23519171e+03 2.39889630e+01
v 6.09513072e+03 5.23665182e+03 2.42897104e+01
v 6.09374089e+03 5.23522880e+03 2.47066651e+01
v 6.09778314e+03 5.23279243e+03 1.85517104e+01
v 6.09840015e+03 5.23407065e+03 1.88455936e+01
v 6.09812460e+03 5.23397275e+03 1.86041750e+01
v 6.09368750e+03 5.23053213e+03 1.79278043e+01
v 6.09368750e+03 5.23126807e+03 1.79287892e+01
v 6.09368750e+03 5.23511254e+03 3.11990303e+01
v 6.09368750e+03 5.23509804e+03 3.12849029e+01
v 6.09368750e+03 5.23523822e+03 2.84331151e+01
v 6.09368750e+03 5.23524843e+03 2.82717907e+01
v 6.09368750e+03 5.23488808e+03 2.67302964e+01
v 6.09368750e+03 5.23498711e+03 2.65861198e+01
v 6.09368750e+03 5.23499383e+03 2.73653405e+01
v 6.09368750e+03 5.23505147e+03 2.75112233e+01
v 6.09368750e+03 5.23505062e+03 2.62308716e+01
v 6.09368750e+03 5.23513247e+03 2.58594227e+01
v 6.09368750e+03 5.23467404e+03 2.26318294e+01
v 6.09368750e+03 5.23465616e+03 2.28963922e+01
v 6.09368750e+03 5.23492499e+03 2.23856139e+01
v 6.09368750e+03 5.23512150e+03 2.41928795e+01
v 6.09368750e+03 5.23515820e+03 2.47314435e+01
v 6.09368750e+03 5.23494123e+03 2.40949155e+01
v 6.09368750e+03 5.23486869e+03 2.37885832e+01
v 6.09368750e+03 5.23465564e+03 2.32775308e+01
v 6.09368750e+03 5.23494328e+03 2.22337006e+01
v 6.09368750e+03 5.23506614e+03 2.19860287e+01
v 6.09368750e+03 5.23538557e+03 2.16301939e+01
v 6.09368750e+03 5.23551545e+03 2.12778514e+01
v 6.09368750e+03 5.23562410e+03 2.10913750e+01
v 6.09368750e+03 5.22398305e+03 1.80769841e+01
v 6.09368750e+03 5.22418294e+03 1.80940706e+01
v 6.09368750e+03 5.22262522e+03 1.80391852e+01
v 6.09368750e+03 5.22323283e+03 1.80088133e+01
v 6.09368750e+03 5.22198551e+03 1.80230110e+01
v 6.09368750e+03 5.23565038e+03 2.09871757e+01
v 6.09368750e+03 5.23544594e+03 1.82231960e+01
v 6.09368750e+03 5.23547366e+03 1.83141771e+01
v 6.09368750e+03 5.23553262e+03 2.03203185e+01
v 6.09368750e+03 5.23566415e+03 1.97748631e+01
v 6.09368750e+03 5.23553296e+03 2.03643865e+01
v 6.09368750e+03 5.23552606e+03 2.03436396e+01
v 6.09368750e+03 5.23557075e+03 1.90261810e+01
v 6.09368750e+03 5.23567277e+03 1.87126429e+01
v 6.09368750e+03 5.23562930e+03 1.96591099e+01
v 6.09368750e+03 5.23557016e+03 1.93746693e+01
v 6.09368750e+03 5.23222663e+03 1.80534857e+01
v 6.09368750e+03 5.23296795e+03 1.80051066e+01
v 6.09368750e+03 5.23511187e+03 1.80585956e+01
v 6.09368750e+03 5.23455898e+03 1.79484653e+01
v 6.09368750e+03 5.21944499e+03 1.79999692e+01
v 6.09368750e+03 5.22003611e+03 1.80154936e+01
v 6.09368750e+03 5.22660414e+03 1.80451844e+01
v 6.09368750e+03 5.22670726e+03 1.80425845e+01
v 6.09368750e+03 5.22699126e+03 1.80188234e+01
v 6.09368750e+03 5.22816084e+03 1.79603124e+01
v 6.09368750e+03 5.22366839e+03 1.80547801e+01
v 6.09368750e+03 5.22466590e+03 1.80567631e+01
v 6.09368750e+03 5.22848805e+03 1.79542218e+01
v 6.09368750e+03 5.22644912e+03 1.80487175e+01
v 6.09368750e+03 5.23138631e+03 1.79336416e+01
v 6.09368750e+03 5.23539145e+03 1.82015315e+01
v 6.09368750e+03 5.23033612e+03 1.79553901e+01
v 6.09368750e+03 5.22959187e+03 1.79576406e+01
v 6.09368750e+03 5.23376251e+03 1.79419554e+01
v 6.09368750e+03 5.23154187e+03 1.80117332e+01
v 6.09368750e+03 5.24804015e+03 3.95014501e+01
v 6.09368750e+03 5.24795880e+03 3.94950682e+01
v 6.09368750e+03 5.23515731e+03 2.93426553e+01
v 6.09368750e+03 5.23505064e+03 2.96402953e+01
v 6.09368750e+03 5.24727348e+03 4.11975013e+01
v 6.09368750e+03 5.24735749e+03 4.12306309e+01
v 6.09368750e+03 5.24681201e+03 4.07206404e+01
v 6.09368750e+03 5.24710108e+03 4.09990966e+01
v 6.09368750e+03 5.24942419e+03 3.91002557e+01
v 6.09368750e+03 5.24927832e+03 3.91453796e+01
v 6.09368750e+03 5.23912982e+03 3.91339582e+01
v 6.09368750e+03 5.23833109e+03 3.89481507e+01
v 6.09368750e+03 5.23522710e+03 3.21890710e+01
v 6.09368750e+03 5.23517306e+03 3.24482613e+01
v 6.09368750e+03 5.23518788e+03 3.16280575e+01
v 6.09368750e+03 5.23521538e+03 3.17928567e+01
v 6.09368750e+03 5.23517146e+03 2.55369200e+01
v 6.09368750e+03 5.23506565e+03 2.77144785e+01
v 6.09368750e+03 5.23415484e+03 3.37918162e+01
v 6.09368750e+03 5.23413978e+03 3.38509504e+01
v 6.09368750e+03 5.23475387e+03 2.70866873e+01
v 6.09368750e+03 5.23524389e+03 2.84753087e+01
v 6.09368750e+03 5.23521727e+03 2.88994547e+01
v 6.09368750e+03 5.23511174e+03 3.29775504e+01
v 6.09368750e+03 5.23518175e+03 3.44030735e+01
v 6.09368750e+03 5.23445230e+03 3.42127155e+01
v 6.09368750e+03 5.23417704e+03 3.39121286e+01
v 6.09368750e+03 5.23435497e+03 3.41374878e+01
v 6.09368750e+03 5.23545219e+03 3.46407584e+01
v 6.09368750e+03 5.23537485e+03 3.44347241e+01
v 6.09368750e+03 5.23552428e+03 3.48695533e+01
v 6.09368750e+03 5.23553517e+03 3.49804386e+01
v 6.09368750e+03 5.23553317e+03 3.49055147e+01
v 6.09368750e+03 5.23550348e+03 3.57571866e+01
v 6.09368750e+03 5.23545009e+03 3.59505729e+01
v 6.09368750e+03 5.24981028e+03 3.90136272e+01
v 6.09368750e+03 5.24841042e+03 3.93240953e+01
v 6.09368750e+03 5.24150429e+03 4.00553374e+01
v 6.09368750e+03 5.24148488e+03 4.00433500e+01
v 6.09368750e+03 5.24768649e+03 3.98326941e+01
v 6.09368750e+03 5.24777374e+03 3.97087179e+01
v 6.09368750e+03 5.24502837e+03 4.02946086e+01
v 6.09368750e+03 5.24582773e+03 4.02458207e+01
v 6.09368750e+03 5.24875531e+03 3.92681703e+01
v 6.09368750e+03 5.24762735e+03 4.10904803e+01
v 6.09368750e+03 5.24763891e+03 4.04330514e+01
v 6.09368750e+03 5.24783100e+03 3.95658943e+01
v 6.09368750e+03 5.24763351e+03 4.02918940e+01
v 6.09368750e+03 5.24765235e+03 4.01966884e+01
v 6.09368750e+03 5.24741052e+03 4.12137830e+01
v 6.09368750e+03 5.24761974e+03 4.11673785e+01
v 6.09368750e+03 5.24641989e+03 4.04068876e+01
v 6.09368750e+03 5.24667165e+03 4.05840290e+01
v 6.09368750e+03 5.24416440e+03 4.02067882e+01
v 6.09368750e+03 5.24354683e+03 4.02940397e+01
v 6.09368750e+03 5.24597173e+03 4.02526647e+01
v 6.09368750e+03 5.24589527e+03 4.02405744e+01
v 6.09368750e+03 5.24435026e+03 4.01910589e+01
v 6.09368750e+03 5.24486027e+03 4.02594630e+01
v 6.09368750e+03 5.24332323e+03 4.03320789e+01
v 6.09368750e+03 5.24309662e+03 4.04020833e+01
v 6.09368750e+03 5.24496550e+03 4.02834496e+01
v 6.09368750e+03 5.24275334e+03 4.03673852e+01
v 6.09368750e+03 5.24262355e+03 4.03637437e+01
v 6.09368750e+03 5.24234179e+03 4.03505651e+01
v 6.09368750e+03 5.24146299e+03 4.00319691e+01
v 6.09368750e+03 5.24144214e+03 4.00238890e+01
v 6.09368750e+03 5.23927152e+03 3.91691597e+01
v 6.09368750e+03 5.23919866e+03 3.91560906e+01
v 6.09368750e+03 5.23818986e+03 3.88804519e+01
v 6.09368750e+03 5.23789236e+03 3.86353507e+01
v 6.09368750e+03 5.23693684e+03 3.79115297e+01
v 6.09368750e+03 5.23672886e+03 3.78119672e+01
v 6.09368750e+03 5.23550783e+03 3.56286706e+01
v 6.09368750e+03 5.23542533e+03 3.69216593e+01
v 6.09368750e+03 5.23535973e+03 3.66315214e+01
v 6.09368750e+03 5.23548294e+03 3.70615004e+01
v 6.09368750e+03 5.23578427e+03 3.72620858e+01
v 6.09368750e+03 5.22863830e+03 1.79078143e+01
v 6.09368750e+03 5.22141285e+03 1.80337339e+01
v 6.09368750e+03 5.22091387e+03 1.80497496e+01
v 6.09368750e+03 5.22054157e+03 1.79972630e+01
v 6.09368750e+03 5.23422445e+03 3.35313589e+01
v 6.09368750e+03 5.23428978e+03 3.33998643e+01
v 6.09368750e+03 5.23490566e+03 3.04147542e+01
v 6.09368750e+03 5.23489995e+03 3.01893081e+01
v 6.09368750e+03 5.23500227e+03 2.99347954e+01
v 6.09368750e+03 5.23444001e+03 3.33136712e+01
v 6.09368750e+03 5.23465700e+03 3.32454234e+01
v 6.09368750e+03 5.23505064e+03 3.30487431e+01
v 6.09368750e+03 5.25000000e+03 3.90240220e+01
v 6.12506250e+03 5.22751326e+03 2.31565603e+01
v 6.12506250e+03 5.22742823e+03 2.36210408e+01
v 6.12506250e+03 5.22749456e+03 3.10339621e+01
v 6.12506250e+03 5.22750002e+03 3.08965254e+01
v 6.12506250e+03 5.22726222e+03 3.11483477e+01
v 6.12506250e+03 5.22710982e+03 3.12035231e+01
v 6.12506250e+03 5.22486072e+03 3.16037825e+01
v 6.12506250e+03 5.22446262e+03 3.15819003e+01
v 6.12506250e+03 5.22517173e+03 3.15824631e+01
v 6.12506250e+03 5.22611620e+03 3.14021544e+01
v 6.12506250e+03 5.22346634e+03 3.13242523e+01
v 6.12506250e+03 5.22278148e+03 3.12077401e+01
v 6.12506250e+03 5.22410533e+03 3.14706208e+01
v 6.12506250e+03 5.22030380e+03 3.06749201e+01
v 6.12506250e+03 5.21962320e+03 3.05230988e+01
v 6.12506250e+03 5.22752336e+03 3.06685802e+01
v 6.12506250e+03 5.22743631e+03 2.90118688e+01
v 6.12506250e+03 5.22731929e+03 2.91914325e+01
v 6.12506250e+03 5.22733475e+03 2.95527777e+01
v 6.12506250e+03 5.22759641e+03 2.87211379e+01
v 6.12506250e+03 5.22754471e+03 2.52806414e+01
v 6.12506250e+03 5.22758100e+03 2.83791546e+01
v 6.12506250e+03 5.22753656e+03 2.58025313e+01
v 6.12506250e+03 5.23874572e+03 1.78746048e+01
v 6.12506250e+03 5.23900773e+03 1.79376063e+01
v 6.12506250e+03 5.24830574e+03 1.70932227e+01
v 6.12506250e+03 5.24861793e+03 1.71743636e+01
v 6.12506250e+03 5.23572918e+03 1.74184952e+01
v 6.12506250e+03 5.23492609e+03 1.73523644e+01
v 6.12506250e+03 5.23970788e+03 1.77750686e+01
v 6.12506250e+03 5.23935624e+03 1.79111177e+01
v 6.12506250e+03 5.22808543e+03 1.85271750e+01
v 6.12506250e+03 5.22842202e+03 1.84583867e+01
v 6.12506250e+03 5.22750350e+03 1.93005229e+01
v 6.12506250e+03 5.22767511e+03 1.88152074e+01
v 6.12506250e+03 5.22788149e+03 1.85690184e+01
v 6.12506250e+03 5.22936702e+03 1.85835066e+01
v 6.12506250e+03 5.22903588e+03 1.85472999e+01
v 6.12506250e+03 5.23229597e+03 1.79476361e+01
v 6.12506250e+03 5.23282700e+03 1.77036773e+01
v 6.12506250e+03 5.23287408e+03 1.76692133e+01
v 6.12506250e+03 5.23195846e+03 1.82774829e+01
v 6.12506250e+03 5.23210476e+03 1.80900042e+01
v 6.12506250e+03 5.23294881e+03 1.76357078e+01
v 6.12506250e+03 5.24004490e+03 1.75735531e+01
v 6.12506250e+03 5.24098221e+03 1.71082390e+01
v 6.12506250e+03 5.24142671e+03 1.70723163e+01
v 6.12506250e+03 5.23780784e+03 1.74799169e+01
v 6.12506250e+03 5.23812073e+03 1.75448759e+01
v 6.12506250e+03 5.23843384e+03 1.76968544e+01
v 6.12506250e+03 5.23753329e+03 1.74152824e+01
v 6.12506250e+03 5.23757898e+03 1.74166296e+01
v 6.12506250e+03 5.24047093e+03 1.72956196e+01
v 6.12506250e+03 5.24029510e+03 1.73924152e+01
v 6.12506250e+03 5.24225329e+03 1.71302045e+01
v 6.12506250e+03 5.24240035e+03 1.71373887e+01
v 6.12506250e+03 5.24235061e+03 1.71328599e+01
v 6.12506250e+03 5.24526036e+03 1.71383715e+01
v 6.12506250e+03 5.24650479e+03 1.71219028e+01
v 6.12506250e+03 5.24405404e+03 1.71446347e+01
v 6.12506250e+03 5.24430897e+03 1.71423065e+01
v 6.12506250e+03 5.24438372e+03 1.71455600e+01
v 6.12506250e+03 5.24865786e+03 1.71916900e+01
v 6.12506250e+03 5.24972490e+03 1.77114273e+01
v 6.12506250e+03 5.24938985e+03 1.76217211e+01
v 6.12506250e+03 5.24927021e+03 1.75351277e+01
v 6.12506250e+03 5.24991842e+03 1.78045917e+01
v 6.12506250e+03 5.24991031e+03 1.78057477e+01
v 6.12506250e+03 5.24871914e+03 1.72432064e+01
v 6.12506250e+03 5.24979353e+03 1.77907356e+01
v 6.12506250e+03 5.22873909e+03 1.85113376e+01
v 6.12506250e+03 5.23015958e+03 1.86435360e+01
v 6.12506250e+03 5.23014089e+03 1.86303412e+01
v 6.12506250e+03 5.22859136e+03 1.85066117e+01
v 6.12506250e+03 5.22796491e+03 1.84674366e+01
v 6.12506250e+03 5.23194842e+03 1.89980520e+01
v 6.12506250e+03 5.23192978e+03 1.87262996e+01
v 6.12506250e+03 5.23013543e+03 1.86299673e+01
v 6.12506250e+03 5.23164428e+03 1.94024022e+01
v 6.12506250e+03 5.23155825e+03 1.94299371e+01
v 6.12506250e+03 5.23134314e+03 1.93852075e+01
v 6.12506250e+03 5.23107546e+03 1.92434428e+01
v 6.12506250e+03 5.23123000e+03 1.93550548e+01
v 6.12506250e+03 5.23189830e+03 1.90986198e+01
v 6.12506250e+03 5.23179491e+03 1.93324241e+01
v 6.12506250e+03 5.22749536e+03 2.00106899e+01
v 6.12506250e+03 5.23933567e+03 1.79174006e+01
v 6.12506250e+03 5.22730340e+03 2.69642135e+01
v 6.12506250e+03 5.22749931e+03 2.08720423e+01
v 6.12506250e+03 5.22748678e+03 2.04593227e+01
v 6.12506250e+03 5.22748882e+03 2.02718065e+01
v 6.12506250e+03 5.23852926e+03 1.77886898e+01
v 6.12506250e+03 5.23932450e+03 1.79209152e+01
v 6.12506250e+03 5.24686689e+03 1.71200208e+01
v 6.12506250e+03 5.24251794e+03 1.71286295e+01
v 6.12506250e+03 5.24326802e+03 1.70953852e+01
v 6.12506250e+03 5.22163956e+03 3.09612461e+01
v 6.12506250e+03 5.22219286e+03 3.10629558e+01
v 6.12506250e+03 5.22731451e+03 2.97402114e+01
v 6.12506250e+03 5.22669434e+03 3.12610203e+01
v 6.12506250e+03 5.22506819e+03 3.16086164e+01
v 6.12506250e+03 5.22736740e+03 2.98498904e+01
v 6.12506250e+03 5.22740260e+03 2.77468520e+01
v 6.12506250e+03 5.23366360e+03 1.73930723e+01
v 6.12506250e+03 5.23430022e+03 1.73258109e+01
v 6.12506250e+03 5.23466817e+03 1.72964782e+01
v 6.12506250e+03 5.24829557e+03 1.71099304e+01
v 6.12506250e+03 5.25000000e+03 1.77929574e+01
v 6.10119369e+03 5.21868750e+03 1.79142672e+01
v 6.10020320e+03 5.21868750e+03 1.80375615e+01
v 6.09448706e+03 5.21868750e+03 1.79405090e+01
v 6.10261727e+03 5.21868750e+03 2.59506891e+01
v 6.10261907e+03 5.21868750e+03 2.59119026e+01
v 6.09515745e+03 5.21868750e+03 1.80154714e+01
v 6.09570427e+03 5.21868750e+03 1.80769308e+01
v 6.10003537e+03 5.21868750e+03 1.80667336e+01
v 6.09585301e+03 5.21868750e+03 1.80937294e+01
v 6.09667101e+03 5.21868750e+03 1.81449336e+01
v 6.09723634e+03 5.21868750e+03 1.81549954e+01
v 6.10159813e+03 5.21868750e+03 1.78664126e+01
v 6.09753994e+03 5.21868750e+03 1.81470029e+01
v 6.10914880e+03 5.21868750e+03 3.10373448e+01
v 6.10930047e+03 5.21868750e+03 3.11673417e+01
v 6.12061774e+03 5.21868750e+03 3.09452559e+01
v 6.12065728e+03 5.21868750e+03 3.09364769e+01
v 6.10283152e+03 5.21868750e+03 2.02066585e+01
v 6.10262219e+03 5.21868750e+03 1.99023949e+01
v 6.10301089e+03 5.21868750e+03 2.68412904e+01
v 6.10314603e+03 5.21868750e+03 2.71988889e+01
v 6.10262963e+03 5.21868750e+03 2.60385518e+01
v 6.10261810e+03 5.21868750e+03 2.59740453e+01
v 6.10297139e+03 5.21868750e+03 2.65456160e+01
v 6.10289310e+03 5.21868750e+03 2.78365368e+01
v 6.10284885e+03 5.21868750e+03 2.86367946e+01
v 6.10299278e+03 5.21868750e+03 2.03196992e+01
v 6.10294688e+03 5.21868750e+03 2.09076107e+01
v 6.10278128e+03 5.21868750e+03 2.27102418e+01
v 6.10301405e+03 5.21868750e+03 2.38067426e+01
v 6.10295076e+03 5.21868750e+03 2.42070444e+01
v 6.10271506e+03 5.21868750e+03 2.25906349e+01
v 6.10289751e+03 5.21868750e+03 2.13859436e+01
v 6.10294902e+03 5.21868750e+03 2.09775350e+01
v 6.10288843e+03 5.21868750e+03 1.81669921e+01
v 6.10290877e+03 5.21868750e+03 1.83334543e+01
v 6.10252110e+03 5.21868750e+03 1.94718432e+01
v 6.10200832e+03 5.21868750e+03 1.78543274e+01
v 6.10271871e+03 5.21868750e+03 1.80968910e+01
v 6.10255231e+03 5.21868750e+03 1.79518569e+01
v 6.10237140e+03 5.21868750e+03 1.78624197e+01
v 6.10611625e+03 5.21868750e+03 3.04181497e+01
v 6.10596493e+03 5.21868750e+03 3.04123075e+01
v 6.11995162e+03 5.21868750e+03 3.10251343e+01
v 6.12038104e+03 5.21868750e+03 3.09710921e+01
v 6.11878987e+03 5.21868750e+03 3.11781598e+01
v 6.11856894e+03 5.21868750e+03 3.12240450e+01
v 6.10295039e+03 5.21868750e+03 2.10016539e+01
v 6.10278543e+03 5.21868750e+03 2.98911810e+01
v 6.10314173e+03 5.21868750e+03 2.99936044e+01
v 6.10848785e+03 5.21868750e+03 3.09019240e+01
v 6.10872617e+03 5.21868750e+03 3.09068361e+01
v 6.10790615e+03 5.21868750e+03 3.09082136e+01
v 6.10721755e+03 5.21868750e+03 3.08053340e+01
v 6.12107372e+03 5.21868750e+03 3.08755182e+01
v 6.11896808e+03 5.21868750e+03 3.11557742e+01
v 6.12053012e+03 5.21868750e+03 3.09605244e+01
v 6.10897622e+03 5.21868750e+03 3.08960531e+01
v 6.10804740e+03 5.21868750e+03 3.08888135e+01
v 6.10825810e+03 5.21868750e+03 3.09366313e+01
v 6.10650294e+03 5.21868750e+03 3.05005485e+01
v 6.10719294e+03 5.21868750e+03 3.08027465e+01
v 6.10282051e+03 5.21868750e+03 2.92197281e+01
v 6.10286329e+03 5.21868750e+03 2.91085574e+01
v 6.10271387e+03 5.21868750e+03 2.94608333e+01
v 6.10345564e+03 5.21868750e+03 3.00378120e+01
v 6.10492409e+03 5.21868750e+03 3.02304892e+01
v 6.10452463e+03 5.21868750e+03 3.02052955e+01
v 6.10285957e+03 5.21868750e+03 2.89788187e+01
v 6.10370995e+03 5.21868750e+03 3.00717192e+01
v 6.10354751e+03 5.21868750e+03 3.00459846e+01
v 6.10262727e+03 5.21868750e+03 2.97251657e+01
v 6.10576833e+03 5.21868750e+03 3.03795606e+01
v 6.10528243e+03 5.21868750e+03 3.02774653e+01
v 6.11345671e+03 5.21868750e+03 3.18838615e+01
v 6.11357182e+03 5.21868750e+03 3.18675036e+01
v 6.11359985e+03 5.21868750e+03 3.18652835e+01
v 6.10947427e+03 5.21868750e+03 3.24474321e+01
v 6.10908261e+03 5.21868750e+03 3.23617482e+01
v 6.10983188e+03 5.21868750e+03 3.24189017e+01
v 6.11122367e+03 5.21868750e+03 3.21887610e+01
v 6.10908093e+03 5.21868750e+03 3.22037164e+01
v 6.10910552e+03 5.21868750e+03 3.19957035e+01
v 6.10958710e+03 5.21868750e+03 3.24560018e+01
v 6.11519176e+03 5.21868750e+03 3.17999309e+01
v 6.11446624e+03 5.21868750e+03 3.17784314e+01
v 6.11375243e+03 5.21868750e+03 3.18418646e+01
v 6.11758078e+03 5.21868750e+03 3.13332630e+01
v 6.11540308e+03 5.21868750e+03 3.17648393e+01
v 6.11631067e+03 5.21868750e+03 3.14988682e+01
v 6.10720668e+03 5.21868750e+03 3.08052546e+01
v 6.10928246e+03 5.21868750e+03 3.14341753e+01
v 6.11683844e+03 5.21868750e+03 3.14319974e+01
v 6.12180433e+03 5.21868750e+03 3.07775936e+01
v 6.12198535e+03 5.21868750e+03 3.07528819e+01
v 6.10262412e+03 5.21868750e+03 2.58427303e+01
v 6.10302351e+03 5.21868750e+03 2.73140971e+01
v 6.10274228e+03 5.21868750e+03 1.88139310e+01
v 6.12246605e+03 5.21868750e+03 3.06823130e+01
v 6.09385179e+03 5.21868750e+03 1.79238621e+01
v 6.09368750e+03 5.21868750e+03 1.79297696e+01
v 6.12452707e+03 5.21868750e+03 3.04104102e+01
v 6.12506250e+03 5.21868750e+03 3.03371042e+01
vt 0.074689656 0.64305913
vt 0.068711206 0.64398491
vt 0.063867167 0.63710028
vt 0.078536205 0.63425773
vt 0.075804502 0.65061533
vt 0.0590492 0.63822162
vt 0.060209684 0.61895633
vt 0.080805019 0.64691222
vt 0.067785427 0.6495983
vt 0.057106368 0.64390671
vt 0.053461928 0.62772512
vt 0.068939395 0.61829782
vt 0.088256888 0.63927782
vt 0.084553771 0.6554985
vt 0.076280437 0.65721965
vt 0.046622895 0.63906264
vt 0.050410766 0.63458371
vt 0.051799435 0.61582041
vt 0.060965955 0.61173916
vt 0.076104403 0.61598992
vt 0.098486103 0.63858676
vt 0.06153968 0.65295589
vt 0.043656487 0.64756417
vt 0.048018083 0.62885952
vt 0.044966921 0.6216554
vt 0.088113457 0.62642777
vt 0.08870022 0.65916252
vt 0.076352149 0.66300249
vt 0.06598603 0.6618551
vt 0.043291394 0.62731439
vt 0.038277838 0.63839769
vt 0.051479977 0.60749489
vt 0.043975946 0.61331034
vt 0.056454413 0.60316586
vt 0.095089406 0.61649841
vt 0.10276294 0.64962435
vt 0.049087293 0.65450752
vt 0.039464403 0.63299292
vt 0.029834991 0.64046437
vt 0.040761799 0.62037754
vt 0.049745768 0.58203596
vt 0.08800263 0.58510017
vt 0.1054816 0.62756866
vt 0.10681812 0.64326775
vt 0.090245359 0.67004371
vt 0.053898737 0.67358381
vt 0.037984461 0.6251303
vt 0.033472914 0.62817496
vt 0.045221187 0.60666692
vt 0.045847066 0.59981483
vt 0.038382154 0.61031783
vt 0.10391691 0.59972358
vt 0.1123402 0.61497283
vt 0.11752325 0.64976776
vt 0.10658993 0.66180289
vt 0.071390755 0.69003922
vt 0.040637925 0.67186916
vt 0.026725156 0.65861487
vt 0.027331475 0.62669504
vt 0.032566693 0.62362432
vt 0.086327188 0.58006775
vt 0.030483408 0.58008564
vt 0.10661601 0.58556306
vt 0.13480665 0.62528026
vt 0.10737228 0.65622216
vt 0.10350617 0.66615152
vt 0.096869245 0.68950462
vt 0.047359604 0.6840868
vt 0.017786819 0.65455317
vt 0.011951801 0.64113587
vt 0.053006932 0.58007789
vt 0.088568367 0.58006734
vt 0.041404981 0.5800817
vt 0.028497599 0.58008647
vt 0.12168274 0.58356804
vt 0.10179491 0.58006418
vt 0.13161205 0.5925585
vt 0.13577154 0.61578125
vt 0.12747864 0.66218758
vt 0.1193031 0.67212993
vt 0.10844801 0.67108029
vt 0.097208261 0.67321873
vt 0.086111948 0.70502114
vt 0.066396758 0.70477343
vt 0.027396671 0.68035114
vt 0.01671109 0.6642608
vt 0.014989923 0.62310922
vt 0.031425767 0.60024512
vt 0.030271804 0.61544877
vt 0.04895319 0.58007914
vt 0.10719548 0.58006281
vt 0.15096867 0.61585951
vt 0.1656377 0.64559531
vt 0.10166765 0.67500508
vt 0.10005732 0.68308938
vt 0.098251395 0.7103281
vt 0.063704178 0.71317065
vt 0.034946337 0.69428349
vt 0.0015922657 0.65080214
vt 0.001586796 0.63267267
vt 0.021196984 0.58008933
vt 0.11267263 0.58006114
vt 0.13142951 0.58561516
vt 0.14449473 0.5971418
vt 0.15203136 0.60437202
vt 0.13704938 0.66965902
vt 0.11340941 0.67632198
vt 0.10550116 0.67658281
vt 0.10672684 0.68715107
vt 0.10379955 0.72169828
vt 0.10537077 0.70867866
vt 0.091803536 0.72997808
vt 0.042339534 0.70843089
vt 0.0016039382 0.68579972
vt 0.024286835 0.698632
vt 0.0015929483 0.65347099
vt 0.0015911411 0.64660096
vt 0.0015897466 0.64078569
vt 0.0015842018 0.6241312
vt 0.0097612254 0.60977018
vt 0.014207575 0.58329421
vt 0.11752035 0.58005953
vt 0.12442066 0.58005452
vt 0.13556291 0.59066784
vt 0.16254091 0.61258668
vt 0.17041004 0.62009072
vt 0.14806746 0.67261887
vt 0.14021789 0.67848003
vt 0.12627253 0.68409336
vt 0.10878051 0.67447042
vt 0.10677248 0.69435513
vt 0.10778953 0.68173981
vt 0.060796447 0.74189591
vt 0.028752742 0.7201401
vt 0.0016032303 0.68372983
vt 0.0015954336 0.65991986
vt 0.0015816113 0.61648488
vt 0.0015792834 0.60982227
vt 0.001575852 0.59810257
vt 0.001573461 0.59021008
vt 0.012246704 0.58009291
vt 0.11993498 0.58005792
vt 0.12215519 0.58005589
vt 0.15261813 0.6006037
vt 0.16104794 0.60564983
vt 0.18758911 0.62494779
vt 0.17737946 0.66494536
vt 0.11928354 0.68700111
vt 0.11207941 0.69067812
vt 0.10985624 0.67988825
vt 0.10709846 0.74597716
vt 0.12288886 0.72090286
vt 0.11793399 0.69560695
vt 0.078757875 0.75569785
vt 0.0016044119 0.68717659
vt 0.0015782317 0.60485172
vt 0.0037645618 0.58009589
vt 0.15619084 0.60169244
vt 0.17001887 0.61231285
vt 0.17996773 0.62029278
vt 0.18931679 0.63030684
vt 0.21008164 0.66207671
vt 0.16223449 0.68486267
vt 0.14823696 0.68597102
vt 0.13748619 0.69548953
vt 0.1245318 0.69278395
vt 0.11844903 0.73812103
vt 0.092422895 0.75583476
vt 0.11859246 0.70391941
vt 0.047444358 0.7540549
vt 0.060965955 0.75258148
vt 0.0077271182 0.70612299
vt 0.0015709321 0.58009648
vt 0.17701437 0.61551392
vt 0.18655249 0.62138158
vt 0.19125311 0.6239894
vt 0.20073909 0.6327517
vt 0.20345123 0.68143338
vt 0.17664927 0.68925685
vt 0.12139589 0.75696915
vt 0.10762002 0.76262164
vt 0.13509351 0.7073552
vt 0.1314621 0.73029101
vt 0.03017401 0.73845357
vt 0.088667624 0.76835883
vt 0.067153029 0.75747114
vt 0.012949296 0.72895455
vt 0.0016058926 0.69096875
vt 0.21912429 0.64622766
vt 0.22585902 0.68235916
vt 0.17121847 0.70247203
vt 0.14570737 0.70055526
vt 0.13104485 0.74763966
vt 0.10540989 0.77509356
vt 0.14178911 0.72149611
vt 0.050743263 0.76369733
vt 0.024743205 0.7539897
vt 0.10435372 0.78047222
vt 0.085251369 0.76851529
vt 0.076521657 0.76258904
vt 0.060490027 0.75818831
vt 0.0016177892 0.72569317
vt 0.0016115726 0.70658565
vt 0.21714886 0.64137709
vt 0.23164839 0.65446186
vt 0.23902203 0.6687789
vt 0.22257966 0.70058131
vt 0.18907557 0.69500059
vt 0.17893764 0.70121372
vt 0.15871392 0.70531458
vt 0.1150393 0.78495765
vt 0.14357547 0.75383323
vt 0.16223449 0.73724747
vt 0.15757951 0.74945211
vt 0.041759294 0.76626605
vt 0.034939818 0.76771992
vt 0.013862037 0.74627054
vt 0.095069848 0.7761758
vt 0.069741301 0.76273894
vt 0.06408231 0.76141548
vt 0.0016141955 0.71296126
vt 0.0016210314 0.73563051
vt 0.0016130522 0.71095467
vt 0.22387706 0.64350247
vt 0.22486152 0.64953959
vt 0.24404863 0.685808
vt 0.20349035 0.70020974
vt 0.18336444 0.71062148
vt 0.16363619 0.71452671
vt 0.13472189 0.79268992
vt 0.05674779 0.76219785
vt 0.055202652 0.7744025
vt 0.011854008 0.76989746
vt 0.0016221724 0.73824787
vt 0.10213706 0.78389502
vt 0.05981851 0.76251733
vt 0.22521357 0.64534754
vt 0.24279687 0.65884304
vt 0.23210476 0.65086305
vt 0.25839821 0.67639375
vt 0.20418794 0.70539927
vt 0.2574333 0.69763452
vt 0.1978444 0.70349562
vt 0.18619393 0.70403671
vt 0.17486942 0.72087026
vt 0.12502077 0.79218787
vt 0.15585183 0.76539898
vt 0.10810247 0.78843915
vt 0.17263973 0.76015067
vt 0.056310982 0.76840448
vt 0.047144461 0.7768147
vt 0.033166494 0.78148276
vt 0.0016281632 0.76087189
vt 0.0018855802 0.74945861
vt 0.062863156 0.76630521
vt 0.25502107 0.66812038
vt 0.23780286 0.65186709
vt 0.21841365 0.71274036
vt 0.23938712 0.72047257
vt 0.18491609 0.73031712
vt 0.19416085 0.71920776
vt 0.11387882 0.7948153
vt 0.13333975 0.80075461
vt 0.15160759 0.80076766
vt 0.11003879 0.79304194
vt 0.045560203 0.78161311
vt 0.052353598 0.78478163
vt 0.062758833 0.77996367
vt 0.010667446 0.78956699
vt 0.0016256461 0.75172931
vt 0.0016318834 0.77077055
vt 0.0016253443 0.74807429
vt 0.001625804 0.74965286
vt 0.069721743 0.76560104
vt 0.24952506 0.6613009
vt 0.27073324 0.68023378
vt 0.2627598 0.67299056
vt 0.22711729 0.72030962
vt 0.21407162 0.72060949
vt 0.20296226 0.71955335
vt 0.25144181 0.72250664
vt 0.12357994 0.80096322
vt 0.125764 0.79807508
vt 0.13855541 0.8006894
vt 0.178892 0.77628011
vt 0.10756135 0.79856402
vt 0.1908163 0.74828506
vt 0.055848092 0.78201735
vt 0.058051705 0.7801919
vt 0.041733213 0.80098277
vt 0.025160458 0.79780126
vt 0.069317527 0.77067983
vt 0.25752458 0.6659885
vt 0.28325734 0.68892431
vt 0.26038015 0.66830295
vt 0.2830748 0.71111703
vt 0.24346186 0.73965317
vt 0.23629032 0.72774839
vt 0.19885494 0.72615767
vt 0.11223588 0.80116534
vt 0.14431219 0.80628973
vt 0.17213121 0.80397528
vt 0.19340457 0.76951933
vt 0.20877773 0.73276198
vt 0.19540608 0.75842953
vt 0.0605813 0.78858906
vt 0.060874682 0.78416228
vt 0.011736656 0.80739808
vt 0.0016359909 0.78138018
vt 0.27041379 0.67538321
vt 0.27795041 0.68025982
vt 0.2199914 0.73201871
vt 0.20426618 0.72530359
vt 0.26659331 0.73436582
vt 0.24005212 0.73419631
vt 0.25492978 0.7358979
vt 0.22917747 0.72866118
vt 0.11614762 0.80746323
vt 0.13007995 0.80127615
vt 0.15829667 0.81141412
vt 0.19030778 0.78766984
vt 0.20023057 0.77662563
vt 0.22368799 0.74376702
vt 0.058762338 0.79942459
vt 0.027435789 0.81192917
vt 0.0016405854 0.79939616
vt 0.0016393658 0.79201484
vt 0.30041033 0.69925135
vt 0.28322473 0.68344796
vt 0.21043369 0.72828305
vt 0.29372126 0.72810048
vt 0.24310981 0.74170029
vt 0.23205912 0.7372148
vt 0.2345496 0.73996609
vt 0.12704836 0.80625057
vt 0.11032565 0.8076067
vt 0.10514911 0.8041513
vt 0.14888893 0.81161618
vt 0.19747278 0.78354293
vt 0.20184091 0.80988854
vt 0.17701437 0.81791413
vt 0.2104663 0.76590097
vt 0.060978994 0.8117792
vt 0.068326555 0.79753393
vt 0.029463377 0.82095224
vt 0.022924244 0.81669497
vt 0.0027722423 0.80463374
vt 0.29874131 0.69191682
vt 0.31159791 0.71468318
vt 0.28910539 0.68715107
vt 0.2270586 0.73548067
vt 0.28955525 0.73879254
vt 0.25849599 0.74689639
vt 0.12069177 0.81539106
vt 0.11284872 0.81449783
vt 0.10006384 0.8041513
vt 0.13291597 0.80506402
vt 0.15578663 0.81499988
vt 0.22473764 0.79757959
vt 0.16608755 0.8245315
vt 0.2194633 0.78638548
vt 0.22722159 0.76883477
vt 0.015152913 0.81637549
vt 0.0016402741 0.80312783
vt 0.0088419653 0.81220299
vt 0.30633661 0.69748455
vt 0.31223685 0.70306528
vt 0.31431657 0.7510559
vt 0.28042784 0.7429325
vt 0.31876293 0.72561002
vt 0.27447546 0.75241196
vt 0.24067149 0.74684429
vt 0.23047487 0.74160904
vt 0.13276602 0.81072307
vt 0.10765914 0.81218994
vt 0.10546204 0.80829775
vt 0.10121128 0.80681777
vt 0.15793809 0.82164985
vt 0.23320004 0.82216489
vt 0.18687847 0.82886702
vt 0.1762255 0.82523561
vt 0.16142607 0.82302547
vt 0.23224168 0.75251627
vt 0.04880695 0.82509869
vt 0.072922856 0.80675912
vt 0.029815434 0.82434893
vt 0.0016402793 0.80385524
vt 0.31534669 0.70616865
vt 0.30078846 0.75411355
vt 0.33149567 0.75153184
vt 0.27554467 0.74695504
vt 0.33176297 0.73471785
vt 0.33026347 0.72126144
vt 0.26191226 0.75955743
vt 0.23597087 0.74795914
vt 0.25481895 0.75679964
vt 0.13262911 0.82095873
vt 0.11877502 0.81904203
vt 0.10887178 0.81726217
vt 0.095428422 0.80720246
vt 0.23439965 0.78888899
vt 0.23829836 0.8077566
vt 0.22200595 0.83606458
vt 0.19687951 0.8362211
vt 0.16744363 0.82978624
vt 0.23963487 0.77548474
vt 0.24216446 0.76923895
vt 0.064916819 0.83346331
vt 0.041355077 0.82675469
vt 0.078653559 0.79965281
vt 0.035389669 0.82798684
vt 0.32242694 0.70942187
vt 0.30743843 0.76093304
vt 0.3330082 0.77257699
vt 0.28881854 0.75964218
vt 0.28420919 0.75720382
vt 0.32778603 0.7096827
vt 0.2708897 0.76420587
vt 0.24095182 0.75320733
vt 0.12378857 0.81911373
vt 0.11531964 0.81976569
vt 0.10190888 0.81044269
vt 0.10646606 0.81400239
vt 0.15636036 0.82815635
vt 0.24336407 0.79873353
vt 0.24215142 0.82831937
vt 0.1874848 0.83481938
vt 0.18197577 0.82961023
vt 0.17707956 0.83032739
vt 0.15860961 0.83147484
vt 0.24374872 0.76205444
vt 0.053051192 0.83434343
vt 0.046264317 0.8297928
vt 0.083412848 0.80467284
vt 0.096425913 0.82790208
vt 0.31817618 0.76670939
vt 0.29712448 0.76053536
vt 0.35323843 0.7335704
vt 0.35030463 0.76623344
vt 0.33397961 0.73154283
vt 0.33122835 0.71307933
vt 0.28123626 0.75952482
vt 0.26688668 0.76888043
vt 0.25386709 0.76206744
vt 0.24842978 0.75807095
vt 0.1045493 0.81598431
vt 0.11101672 0.82352096
vt 0.093381278 0.81335694
vt 0.2603997 0.7802375
vt 0.2542322 0.80570948
vt 0.26253814 0.81980479
vt 0.21808116 0.85221362
vt 0.24666297 0.85181594
vt 0.17922451 0.83573866
vt 0.16188243 0.8328048
vt 0.24985756 0.77021039
vt 0.059133954 0.83741415
vt 0.081763394 0.80935395
vt 0.074930884 0.84060222
vt 0.31187826 0.76863921
vt 0.30429599 0.76416677
vt 0.34663412 0.72479504
vt 0.34064913 0.78081775
vt 0.32150117 0.77649528
vt 0.29484263 0.76434278
vt 0.33818474 0.72291744
vt 0.27501008 0.77594763
vt 0.28089073 0.76828063
vt 0.10510999 0.82131732
vt 0.125764 0.82575065
vt 0.088648066 0.80749583
vt 0.15386988 0.83354807
vt 0.26538065 0.79203141
vt 0.26781899 0.80097628
vt 0.27023122 0.83974814
vt 0.20968395 0.85025775
vt 0.22901449 0.86145186
vt 0.18026763 0.83361328
vt 0.17425007 0.83944827
vt 0.15867481 0.83653402
vt 0.069500074 0.84319705
vt 0.056591321 0.84154105
vt 0.082506627 0.84899944
vt 0.29733309 0.76469481
vt 0.3615509 0.74001825
vt 0.35347965 0.72697258
vt 0.35890394 0.7739135
vt 0.33096758 0.77844465
vt 0.32569325 0.77820337
vt 0.29048753 0.76795465
vt 0.27170464 0.77995062
vt 0.12188485 0.8315596
vt 0.27679643 0.80752194
vt 0.21535598 0.85649043
vt 0.22100845 0.86059779
vt 0.26450706 0.86708474
vt 0.23785503 0.86342728
vt 0.18518339 0.84327525
vt 0.1620715 0.84075868
vt 0.059349101 0.84238863
vt 0.10572283 0.85309374
vt 0.076938912 0.84884948
vt 0.30763403 0.76976055
vt 0.30380702 0.7668072
vt 0.36466724 0.73641944
vt 0.36601028 0.75445259
vt 0.35850626 0.73144501
vt 0.35477707 0.79124254
vt 0.33799568 0.78819788
vt 0.32536727 0.78514022
vt 0.28625634 0.77105141
vt 0.28270969 0.77577811
vt 0.27982152 0.78081775
vt 0.15180318 0.83911574
vt 0.28059083 0.78750032
vt 0.27989325 0.79650384
vt 0.29631603 0.81426966
vt 0.21979581 0.86679786
vt 0.25231543 0.86878633
vt 0.27397346 0.85911781
vt 0.22360976 0.86991423
vt 0.17824656 0.85590369
vt 0.15451531 0.84379685
vt 0.17016882 0.84651548
vt 0.09406583 0.85368049
vt 0.083719268 0.85771608
vt 0.31221077 0.77453291
vt 0.37077609 0.73781466
vt 0.37121943 0.74752879
vt 0.36948523 0.76997566
vt 0.36616024 0.77800131
vt 0.34314615 0.79190755
vt 0.33179557 0.7866267
vt 0.31969523 0.78058302
vt 0.1485825 0.83493674
vt 0.28467861 0.83195728
vt 0.28701261 0.80154997
vt 0.25713339 0.87563843
vt 0.287808 0.84720004
vt 0.26985309 0.8753646
vt 0.24361832 0.86876678
vt 0.22965991 0.8700968
vt 0.1853203 0.85439765
vt 0.17447174 0.84716094
vt 0.16497271 0.85370004
vt 0.13064064 0.85117698
vt 0.10033114 0.8619082
vt 0.090154089 0.85827678
vt 0.37433577 0.74174595
vt 0.38320893 0.76157194
vt 0.37716526 0.79038197
vt 0.35589191 0.80174559
vt 0.33914313 0.79516733
vt 0.31931058 0.78461868
vt 0.32875744 0.7920053
vt 0.28381801 0.78017884
vt 0.13736884 0.84038055
vt 0.14132622 0.83521056
vt 0.28698 0.79155546
vt 0.30358538 0.83597332
vt 0.29936069 0.79679722
vt 0.21780734 0.8711921
vt 0.24865144 0.87297845
vt 0.28465906 0.87632298
vt 0.23606867 0.86869508
vt 0.22422911 0.87647945
vt 0.16970593 0.85139865
vt 0.16163468 0.85168552
vt 0.10625743 0.8684082
vt 0.091516681 0.86330342
vt 0.3802425 0.74740493
vt 0.37412715 0.77862716
vt 0.32114911 0.79096872
vt 0.28624982 0.78572047
vt 0.31117415 0.81167489
vt 0.21872659 0.87566447
vt 0.26437014 0.88153863
vt 0.30323982 0.86889064
vt 0.28174481 0.89030749
vt 0.23108119 0.87368906
vt 0.17455648 0.85860932
vt 0.16505095 0.86088461
vt 0.14861511 0.86437911
vt 0.17310914 0.86128885
vt 0.12728958 0.83321559
vt 0.1217675 0.86410528
vt 0.10067668 0.86581343
vt 0.094613478 0.86342728
vt 0.38399127 0.75182521
vt 0.38067931 0.74378657
vt 0.38402387 0.78036791
vt 0.36878762 0.8030495
vt 0.348427 0.8082456
vt 0.33707643 0.80056554
vt 0.31599212 0.7889933
vt 0.3257128 0.80067635
vt 0.1342264 0.83375669
vt 0.32195753 0.83198988
vt 0.29239777 0.79139251
vt 0.31347555 0.80576164
vt 0.21371956 0.87495387
vt 0.27308679 0.88509178
vt 0.32022983 0.88140172
vt 0.28763196 0.89947397
vt 0.21990664 0.88103008
vt 0.22774969 0.88166249
vt 0.12481866 0.82726318
vt 0.11169476 0.86919057
vt 0.38710761 0.74754834
vt 0.39533532 0.7604506
vt 0.39696521 0.77085584
vt 0.41364229 0.77918136
vt 0.37206697 0.81081432
vt 0.36378711 0.80695474
vt 0.31629202 0.79931378
vt 0.31061998 0.77940953
vt 0.3268798 0.81224859
vt 0.34424794 0.84171057
vt 0.33854333 0.87608826
vt 0.30078846 0.79527164
vt 0.31148708 0.79965281
vt 0.21401946 0.87900907
vt 0.27053764 0.88788217
vt 0.28300959 0.89872426
vt 0.27690727 0.89153314
vt 0.23719002 0.87599051
vt 0.18301237 0.86919057
vt 0.15861613 0.885144
vt 0.17145969 0.87054664
vt 0.12547061 0.87428886
vt 0.11581513 0.87398243
vt 0.10672032 0.86980343
vt 0.39006099 0.75131667
vt 0.39725861 0.80792612
vt 0.38226357 0.81043619
vt 0.35724798 0.82886046
vt 0.33291692 0.80805653
vt 0.30924436 0.79201835
vt 0.30258134 0.78946924
vt 0.32325491 0.80634838
vt 0.33872586 0.82061976
vt 0.20965135 0.87801152
vt 0.30598456 0.90294242
vt 0.33958644 0.88779742
vt 0.27772874 0.89395845
vt 0.28473729 0.90128642
vt 0.22077374 0.88548297
vt 0.21428676 0.88507879
vt 0.23127678 0.8875953
vt 0.23773767 0.87057269
vt 0.1855159 0.86750853
vt 0.14428611 0.88458329
vt 0.10657689 0.87107474
vt 0.39451385 0.75255537
vt 0.40826362 0.76289546
vt 0.41603497 0.79508257
vt 0.3857646 0.82324064
vt 0.30314204 0.77665174
vt 0.34937885 0.86892325
vt 0.21037503 0.88220364
vt 0.32632563 0.91420168
vt 0.29909989 0.90365958
vt 0.35685027 0.89823526
vt 0.28565654 0.91049856
vt 0.24254259 0.87932849
vt 0.23466696 0.8701033
vt 0.24398994 0.87334353
vt 0.18903646 0.87681848
vt 0.15325052 0.88896441
vt 0.13785781 0.88596541
vt 0.12248465 0.87777686
vt 0.10993447 0.87556016
vt 0.39940354 0.75468075
vt 0.4199076 0.76916075
vt 0.42056519 0.77992857
vt 0.42057386 0.80750829
vt 0.38775307 0.8170079
vt 0.37369034 0.82853448
vt 0.30516312 0.7941829
vt 0.36682522 0.85884398
vt 0.20409667 0.87996745
vt 0.30794045 0.91008782
vt 0.29271725 0.90632606
vt 0.34714264 0.9109419
vt 0.2828466 0.90489829
vt 0.22502451 0.89198953
vt 0.20045875 0.88672823
vt 0.24246436 0.89120716
vt 0.19097929 0.86959481
vt 0.17320041 0.89759636
vt 0.14948221 0.89085513
vt 0.1582706 0.89802665
vt 0.12770031 0.8794263
vt 0.11730811 0.87835056
vt 0.40827015 0.75305086
vt 0.4166739 0.75880116
vt 0.42055953 0.77038252
vt 0.42056865 0.78842938
vt 0.42057109 0.79678595
vt 0.4205817 0.83159715
vt 0.39709562 0.81973308
vt 0.38043159 0.82989711
vt 0.39438346 0.82209313
vt 0.37326005 0.84077173
vt 0.37072393 0.86850601
vt 0.37082824 0.88379443
vt 0.31859994 0.91752666
vt 0.30174685 0.90987271
vt 0.29739177 0.9102639
vt 0.36136183 0.92334867
vt 0.3382695 0.92560446
vt 0.2907418 0.91872627
vt 0.28128192 0.91058987
vt 0.23372161 0.89572525
vt 0.20915586 0.89615554
vt 0.24807772 0.87868309
vt 0.23552102 0.89093983
vt 0.19428472 0.87444532
vt 0.18452491 0.90038675
vt 0.16669388 0.90300107
vt 0.42055342 0.76166284
vt 0.42055884 0.76938438
vt 0.42057055 0.79334259
vt 0.41078672 0.82521605
vt 0.40399331 0.82320148
vt 0.37680018 0.83506715
vt 0.38692507 0.82871705
vt 0.40060967 0.86638713
vt 0.36619934 0.89410836
vt 0.38811165 0.85636008
vt 0.19581029 0.87955016
vt 0.3269515 0.92010194
vt 0.30734715 0.91674435
vt 0.37031972 0.90669113
vt 0.34525195 0.92454171
vt 0.33085674 0.92602819
vt 0.28366807 0.92196
vt 0.28063646 0.91662699
vt 0.27768311 0.91014004
vt 0.22895581 0.89669013
vt 0.20828223 0.9120959
vt 0.24819507 0.89043784
vt 0.23797889 0.89703566
vt 0.19920699 0.87509078
vt 0.18692411 0.91321725
vt 0.17905499 0.90985316
vt 0.17100984 0.90629345
vt 0.15543458 0.90000856
vt 0.42055827 0.76875544
vt 0.42055109 0.75910854
vt 0.42058188 0.8322072
vt 0.39770845 0.82477272
vt 0.38230923 0.83602548
vt 0.39460513 0.82683289
vt 0.37939498 0.8409282
vt 0.37209305 0.89384758
vt 0.38322848 0.84686756
vt 0.30045596 0.91555125
vt 0.37393156 0.92246199
vt 0.34878558 0.94117969
vt 0.33695906 0.92807537
vt 0.28805575 0.92232507
vt 0.27681601 0.91549259
vt 0.23758121 0.90080398
vt 0.24339014 0.89616859
vt 0.25409529 0.88588721
vt 0.16485536 0.90459836
vt 0.42058218 0.83526242
vt 0.40620345 0.82799339
vt 0.40262422 0.82856059
vt 0.38836589 0.83717293
vt 0.39096069 0.83152044
vt 0.39366633 0.85090315
vt 0.38918737 0.84658718
vt 0.30250964 0.92441136
vt 0.3787365 0.90133208
vt 0.38692507 0.9086796
vt 0.37112162 0.93166113
vt 0.36422393 0.93577498
vt 0.34379157 0.9319219
vt 0.27819163 0.93001169
vt 0.29379949 0.92904025
vt 0.28714299 0.92853826
vt 0.27051809 0.92521977
vt 0.23065741 0.92053223
vt 0.23436053 0.90669769
vt 0.1962797 0.91804171
vt 0.24954462 0.89781147
vt 0.25599247 0.89459735
vt 0.17691657 0.91321075
vt 0.41763878 0.83760321
vt 0.40871349 0.8316704
vt 0.40150937 0.8309924
vt 0.38448024 0.84122813
vt 0.3960655 0.83051646
vt 0.39628068 0.8998391
vt 0.40351087 0.86004359
vt 0.31246501 0.92353123
vt 0.30042338 0.93108088
vt 0.38694462 0.93035722
vt 0.35222137 0.94443947
vt 0.34392849 0.94028002
vt 0.27011389 0.92092991
vt 0.21002948 0.92628247
vt 0.24159727 0.90700412
vt 0.20292968 0.92264456
vt 0.19212674 0.92112547
vt 0.18670245 0.9195869
vt 0.42058286 0.83943951
vt 0.39545268 0.83614284
vt 0.38865277 0.8409217
vt 0.41379875 0.87853962
vt 0.413212 0.86280787
vt 0.39793664 0.84965789
vt 0.30279648 0.93602926
vt 0.31509894 0.91980851
vt 0.40544719 0.90822327
vt 0.38361314 0.9483121
vt 0.3621507 0.94327247
vt 0.34748816 0.94957691
vt 0.34315267 0.94782966
vt 0.28965303 0.93357134
vt 0.26017153 0.94410044
vt 0.29956278 0.93687677
vt 0.26458529 0.92244899
vt 0.26998347 0.91658133
vt 0.22413132 0.93037677
vt 0.2443094 0.90272075
vt 0.20214732 0.92699963
vt 0.41635442 0.84344476
vt 0.41300336 0.83655357
vt 0.40032932 0.83268094
vt 0.39090201 0.84398592
vt 0.41420296 0.88805819
vt 0.41915783 0.8700707
vt 0.41003045 0.85566247
vt 0.31361899 0.93055934
vt 0.31996906 0.92469823
vt 0.41801691 0.92231202
vt 0.37263417 0.94733417
vt 0.36753586 0.94396353
vt 0.35758698 0.94960952
vt 0.3533884 0.95309746
vt 0.3390649 0.9523086
vt 0.29351914 0.94323987
vt 0.29631603 0.93647254
vt 0.26021716 0.91669869
vt 0.22501147 0.93556637
vt 0.21791817 0.93277597
vt 0.23853958 0.9320327
vt 0.24543077 0.90445495
vt 0.42058259 0.84361881
vt 0.40652943 0.83397835
vt 0.40324357 0.84261024
vt 0.42059985 0.87765032
vt 0.42060512 0.89462179
vt 0.40547979 0.84850395
vt 0.31766114 0.9260869
vt 0.31584215 0.93620527
vt 0.30716461 0.93975842
vt 0.42060566 0.89658535
vt 0.41348583 0.91384315
vt 0.39676312 0.95247161
vt 0.37719136 0.95142847
vt 0.36733377 0.94781661
vt 0.34844002 0.95989084
vt 0.34326348 0.95874345
vt 0.25252408 0.92330301
vt 0.28502414 0.96851629
vt 0.26330745 0.91429949
vt 0.21139207 0.93306935
vt 0.24863841 0.90761042
vt 0.42058206 0.84489214
vt 0.41033685 0.84114987
vt 0.42060214 0.88358569
vt 0.42060551 0.89592117
vt 0.42059565 0.87082195
vt 0.42058727 0.86062932
vt 0.41226014 0.8502903
vt 0.32017115 0.93022031
vt 0.30105576 0.94094497
vt 0.42061275 0.91866565
vt 0.42061803 0.93477261
vt 0.38714021 0.95652676
vt 0.37947971 0.95359945
vt 0.37348172 0.95140237
vt 0.35836935 0.96599972
vt 0.36763367 0.95245206
vt 0.33146307 0.95885426
vt 0.27543384 0.9686597
vt 0.31242591 0.96187282
vt 0.25500152 0.91031605
vt 0.21912429 0.93896955
vt 0.23423666 0.94434166
vt 0.21540813 0.93673337
vt 0.42058209 0.84778154
vt 0.42059386 0.86847335
vt 0.42059088 0.86513114
vt 0.4205074 0.8555842
vt 0.32174888 0.94005179
vt 0.32730359 0.93526644
vt 0.32648212 0.93104827
vt 0.31060696 0.94520879
vt 0.42060629 0.89815551
vt 0.42060986 0.90817094
vt 0.42061388 0.92206943
vt 0.42062357 0.9513886
vt 0.42061415 0.92306751
vt 0.39487895 0.96309853
vt 0.36593205 0.95617473
vt 0.35758048 0.96990496
vt 0.3481662 0.96270078
vt 0.33881715 0.96236831
vt 0.33160651 0.95296711
vt 0.30116659 0.9425227
vt 0.28400707 0.97654837
vt 0.26497644 0.95894551
vt 0.29519469 0.97581166
vt 0.30462849 0.94799268
vt 0.22350544 0.94041693
vt 0.42058432 0.85593307
vt 0.42058253 0.85127938
vt 0.32802725 0.92871428
vt 0.41022602 0.97135878
vt 0.39965129 0.96468925
vt 0.36550176 0.96360701
vt 0.37311009 0.95500118
vt 0.36559954 0.97078508
vt 0.31816965 0.95734823
vt 0.31734166 0.9499681
vt 0.33558342 0.94964212
vt 0.24743228 0.94923788
vt 0.2682558 0.9756813
vt 0.26896644 0.96835327
vt 0.25424522 0.95781767
vt 0.30906832 0.97944957
vt 0.23297186 0.94882715
vt 0.42058417 0.85565829
vt 0.42058408 0.85550916
vt 0.33112404 0.94578254
vt 0.33291042 0.93349963
vt 0.42062518 0.95622343
vt 0.37026104 0.96023643
vt 0.37691754 0.95359296
vt 0.36576906 0.97402531
vt 0.35359702 0.97171736
vt 0.34731215 0.97172391
vt 0.33053076 0.97131318
vt 0.33990592 0.94411349
vt 0.24284902 0.95291495
vt 0.27610537 0.97895408
vt 0.29194793 0.98252034
vt 0.25972819 0.96470886
vt 0.3007037 0.98300928
vt 0.3350749 0.94031262
vt 0.42063144 0.97529948
vt 0.40476263 0.97374499
vt 0.37127811 0.96910954
vt 0.36972645 0.96358097
vt 0.38069236 0.95721132
vt 0.37528113 0.95918673
vt 0.36898321 0.9738819
vt 0.36255491 0.97607243
vt 0.24409425 0.9553076
vt 0.28200558 0.98068833
vt 0.26384857 0.97023094
vt 0.28661492 0.98237038
vt 0.25409529 0.96260303
vt 0.334436 0.98463917
vt 0.31061345 0.98800325
vt 0.33743498 0.93784165
vt 0.40695971 0.97795659
vt 0.37307751 0.96299422
vt 0.37221691 0.97823697
vt 0.35857144 0.98046666
vt 0.29778945 0.98875952
vt 0.30000612 0.98727959
vt 0.4126513 0.97833472
vt 0.37455744 0.9756161
vt 0.37816277 0.96433067
vt 0.36660355 0.97999722
vt 0.32692006 0.99808604
vt 0.30454373 0.99111313
vt 0.41807559 0.9745208
vt 0.40832883 0.98446965
vt 0.38097921 0.97309303
vt 0.38574502 0.96316367
vt 0.37621993 0.97903234
vt 0.36708602 0.98638642
vt 0.35845083 0.9980765
vt 0.32077795 0.99808794
vt 0.33745468 0.99808323
vt 0.30917263 0.99429464
vt 0.41977069 0.97984731
vt 0.40437144 0.9861061
vt 0.38065976 0.97740895
vt 0.38594061 0.9593628
vt 0.37779766 0.98223346
vt 0.37196916 0.98177058
vt 0.3627665 0.99807525
vt 0.34713292 0.99807972
vt 0.32064927 0.998088
vt 0.31161562 0.99809104
vt 0.42063168 0.97543538
vt 0.41018692 0.98976356
vt 0.41570899 0.98830318
vt 0.38659257 0.98128158
vt 0.39255798 0.96467626
vt 0.39099979 0.97165221
vt 0.37281018 0.98710358
vt 0.37026346 0.99807298
vt 0.31823486 0.99576807
vt 0.3112537 0.9980911
vt 0.31338209 0.99809045
vt 0.42063215 0.97960311
vt 0.40471047 0.99242353
vt 0.42063117 0.9883092
vt 0.38185284 0.98240298
vt 0.37655896 0.98619735
vt 0.37609607 0.99266475
vt 0.37144753 0.99807256
vt 0.31632301 0.9980889
vt 0.42063215 0.98013598
vt 0.39820394 0.99682426
vt 0.42063189 0.98095381
vt 0.42063078 0.98990589
vt 0.39744768 0.98142505
vt 0.38442156 0.98508251
vt 0.39673051 0.96830112
vt 0.4187732 0.99655694
vt 0.39886242 0.99119133
vt 0.40078267 0.99806386
vt 0.42063129 0.99437875
vt 0.39240152 0.98345262
vt 0.38277212 0.99151081
vt 0.37768775 0.99807006
vt 0.41671464 0.99805433
vt 0.39259058 0.99272996
vt 0.39908409 0.98596263
vt 0.40451685 0.99806321
vt 0.39766377 0.9980644
vt 0.40162018 0.97517276
vt 0.3884311 0.98739696
vt 0.38312417 0.98749477
vt 0.41103306 0.99805862
vt 0.42028159 0.99805146
vt 0.3869707 0.99793261
vt 0.40201136 0.98291147
vt 0.38708863 0.99806732
vt 0.3877987 0.99125654
vt 0.38004485 0.99806923
vt 0.3866466 0.99806744
vt 0.53763974 0.95487165
vt 0.54565072 0.95338422
vt 0.54459715 0.96270853
vt 0.53915119 0.96160996
vt 0.54568684 0.94992262
vt 0.55071425 0.96225685
vt 0.54201615 0.9764961
vt 0.52968061 0.96048242
vt 0.53649145 0.94952488
vt 0.55494392 0.95369065
vt 0.55036747 0.96974266
vt 0.53441083 0.97274095
vt 0.52830863 0.95028579
vt 0.53558415 0.93692935
vt 0.56245035 0.94189996
vt 0.5581724 0.96065837
vt 0.53767645 0.97916967
vt 0.55543512 0.98603547
vt 0.51488501 0.96641409
vt 0.52497053 0.97671151
vt 0.5444752 0.93066722
vt 0.5629757 0.95191759
vt 0.55476987 0.93867546
vt 0.56529945 0.95964795
vt 0.55585271 0.97416496
vt 0.54888862 0.98957896
vt 0.51496506 0.96688491
vt 0.51423544 0.96342826
vt 0.5149821 0.96787632
vt 0.51536673 0.94308686
vt 0.53261381 0.92588866
vt 0.57373762 0.9378829
vt 0.56633645 0.92391855
vt 0.52889526 0.98581505
vt 0.55932826 0.99466288
vt 0.56060386 0.97760379
vt 0.51424408 0.96022904
vt 0.51472557 0.97648185
vt 0.51540625 0.93266869
vt 0.51672953 0.95295179
vt 0.54043734 0.91670942
vt 0.5494321 0.91902292
vt 0.57506716 0.94932353
vt 0.55948484 0.9175272
vt 0.54167587 0.99405015
vt 0.5146845 0.97818732
vt 0.55147702 0.99411058
vt 0.56198061 0.98941821
vt 0.51353788 0.96074736
vt 0.51223099 0.93108821
vt 0.51245332 0.9253071
vt 0.53327584 0.91534251
vt 0.57898599 0.93158573
vt 0.59102041 0.93764257
vt 0.57576191 0.95322096
vt 0.57390904 0.91637373
vt 0.57445592 0.96451592
vt 0.52983236 0.99403518
vt 0.52077454 0.99094832
vt 0.56708354 0.99291235
vt 0.56938881 0.97994107
vt 0.5117898 0.96044981
vt 0.50786215 0.95362508
vt 0.51173806 0.93455625
vt 0.51787233 0.91918343
vt 0.54105502 0.91366118
vt 0.52299964 0.91304779
vt 0.55209547 0.90931189
vt 0.58399945 0.93237132
vt 0.59085304 0.95082742
vt 0.58185011 0.95333183
vt 0.57809997 0.95873362
vt 0.57014841 0.89539313
vt 0.5141983 0.98078316
vt 0.56870699 0.99610585
vt 0.5701983 0.99078375
vt 0.57610953 0.98134333
vt 0.50525373 0.95728594
vt 0.5158453 0.94983214
vt 0.51117557 0.94160742
vt 0.51213032 0.92584622
vt 0.51107484 0.91919041
vt 0.53420907 0.90716904
vt 0.58220953 0.91795075
vt 0.58784759 0.92726374
vt 0.60255563 0.93945301
vt 0.57549727 0.90503234
vt 0.58390695 0.9627682
vt 0.52580494 0.99611562
vt 0.51337075 0.98986197
vt 0.50518733 0.95838797
vt 0.50492817 0.94932586
vt 0.50236255 0.9537921
vt 0.51188356 0.92368013
vt 0.51498944 0.91319835
vt 0.51120728 0.91804355
vt 0.52156216 0.90671867
vt 0.55618304 0.88997084
vt 0.57879001 0.91159999
vt 0.59415817 0.9309811
vt 0.6071431 0.94911075
vt 0.59252924 0.95881236
vt 0.58867621 0.90745586
vt 0.58208716 0.96837699
vt 0.51396078 0.99366456
vt 0.58013451 0.99618405
vt 0.58153367 0.98965734
vt 0.50430709 0.95745265
vt 0.5024997 0.95299917
vt 0.50705427 0.94544327
vt 0.50269908 0.95457917
vt 0.51062137 0.94258916
vt 0.54845458 0.89613175
vt 0.53812957 0.8927291
vt 0.56392574 0.87978095
vt 0.58913571 0.91798097
vt 0.60440713 0.91919208
vt 0.61944908 0.93887198
vt 0.59436506 0.95438129
vt 0.59360141 0.91924059
vt 0.59053254 0.90117425
vt 0.58749694 0.96291482
vt 0.5843749 0.97579968
vt 0.51448047 0.99548095
vt 0.50313354 0.94950449
vt 0.50508845 0.94648439
vt 0.5126453 0.90490091
vt 0.50934482 0.90778327
vt 0.52375811 0.89160585
vt 0.54980183 0.8872124
vt 0.55602884 0.86960143
vt 0.5756169 0.86977065
vt 0.61490202 0.92803651
vt 0.61916333 0.95142281
vt 0.60212791 0.95655805
vt 0.5828765 0.89125192
vt 0.59275216 0.90674716
vt 0.59424347 0.99165791
vt 0.59081507 0.98451614
vt 0.50372696 0.94772112
vt 0.51313567 0.896815
vt 0.54261863 0.88608122
vt 0.53526235 0.8796736
vt 0.55115569 0.88037515
vt 0.56256461 0.86827004
vt 0.58237535 0.8834939
vt 0.60574526 0.90853447
vt 0.61513227 0.91704655
vt 0.62024754 0.92860913
vt 0.62732631 0.94476271
vt 0.61086744 0.95348132
vt 0.59137595 0.96660966
vt 0.59707421 0.96568233
vt 0.59282154 0.8918736
vt 0.60721338 0.99384415
vt 0.50929618 0.9048
vt 0.51066822 0.89743114
vt 0.51243412 0.8818745
vt 0.52056414 0.88342011
vt 0.5543251 0.86389005
vt 0.55232114 0.87397021
vt 0.58591807 0.87607121
vt 0.5856154 0.86281806
vt 0.61853069 0.91988742
vt 0.62692064 0.92958075
vt 0.63426614 0.9412601
vt 0.63328207 0.95378923
vt 0.62221074 0.95767182
vt 0.60916954 0.95891726
vt 0.60369086 0.9632085
vt 0.58487499 0.88905293
vt 0.60417706 0.89183104
vt 0.60827303 0.99656868
vt 0.60295081 0.98432034
vt 0.51022619 0.90136343
vt 0.51163822 0.89342046
vt 0.54622501 0.87281775
vt 0.51218724 0.88751072
vt 0.5123834 0.88131905
vt 0.5337081 0.87066555
vt 0.54812771 0.86759621
vt 0.57642961 0.85033381
vt 0.6163162 0.90886515
vt 0.62488538 0.91238987
vt 0.62228745 0.92416608
vt 0.6341297 0.93322581
vt 0.59751487 0.89046907
vt 0.62123317 0.9928695
vt 0.6163432 0.98705482
vt 0.53982913 0.87046784
vt 0.51739532 0.86914641
vt 0.54534489 0.86097729
vt 0.55755359 0.85104895
vt 0.59471172 0.86900008
vt 0.59313959 0.85524416
vt 0.615601 0.89650011
vt 0.63239992 0.91824383
vt 0.64053357 0.93001014
vt 0.63980597 0.95387065
vt 0.62975496 0.96208543
vt 0.617167 0.96439326
vt 0.61141616 0.97885895
vt 0.59523803 0.87993252
vt 0.60062587 0.88182211
vt 0.62101358 0.99653715
vt 0.53026628 0.85324079
vt 0.53679824 0.86479259
vt 0.51247805 0.87917525
vt 0.55977732 0.8327359
vt 0.58666259 0.84381747
vt 0.61129415 0.88709402
vt 0.64655101 0.93345106
vt 0.64866054 0.93690342
vt 0.63500226 0.95792031
vt 0.62541801 0.96498573
vt 0.61383003 0.97118497
vt 0.63222575 0.99529564
vt 0.62373823 0.9829967
vt 0.61716074 0.97557801
vt 0.51345068 0.84661388
vt 0.51083064 0.87190676
vt 0.55078924 0.84833133
vt 0.57282108 0.82543159
vt 0.60671365 0.86557662
vt 0.60226142 0.87167197
vt 0.58327371 0.8364659
vt 0.59708822 0.83825171
vt 0.61701047 0.87827051
vt 0.62998861 0.89593494
vt 0.63393509 0.91146582
vt 0.64402211 0.92301798
vt 0.64583021 0.95255125
vt 0.64008915 0.95997989
vt 0.63539344 0.96339631
vt 0.62754565 0.97494817
vt 0.62339467 0.97285223
vt 0.64413583 0.98993057
vt 0.63510096 0.98756528
vt 0.53369129 0.8389973
vt 0.51070505 0.86922282
vt 0.5456841 0.8415947
vt 0.56022048 0.82048029
vt 0.55161923 0.82821876
vt 0.60046613 0.84707242
vt 0.5880993 0.82849014
vt 0.59432012 0.83248317
vt 0.62370461 0.88644564
vt 0.60969007 0.87320799
vt 0.63611805 0.90542078
vt 0.63643092 0.9155302
vt 0.63980275 0.91670543
vt 0.65379846 0.91779482
vt 0.65737522 0.9496063
vt 0.64463788 0.95809138
vt 0.63430154 0.9705292
vt 0.64305568 0.9943521
vt 0.63345218 0.98101288
vt 0.51286793 0.83198619
vt 0.57800376 0.81464475
vt 0.58201712 0.82525408
vt 0.61403787 0.84981847
vt 0.60521364 0.83757842
vt 0.59673077 0.82265782
vt 0.62076426 0.87054944
vt 0.61511171 0.87251425
vt 0.64559549 0.89682281
vt 0.62899399 0.88177782
vt 0.64018518 0.91339785
vt 0.64704305 0.90867299
vt 0.64692271 0.91403919
vt 0.65451223 0.93401599
vt 0.65297562 0.95492148
vt 0.65013039 0.96166945
vt 0.64158708 0.96519369
vt 0.63855249 0.96719497
vt 0.6519841 0.99449593
vt 0.64380366 0.97772396
vt 0.63899362 0.97848988
vt 0.53925592 0.82640743
vt 0.51170975 0.83232659
vt 0.5330556 0.82159501
vt 0.5456019 0.82458746
vt 0.56837595 0.80632865
vt 0.58057982 0.82003886
vt 0.61201608 0.84240627
vt 0.61632758 0.86560178
vt 0.59035701 0.81639272
vt 0.60141176 0.83442324
vt 0.62667668 0.86844242
vt 0.63703781 0.89292645
vt 0.63428158 0.88825148
vt 0.65466154 0.9073813
vt 0.66294521 0.912624
vt 0.66164213 0.94086701
vt 0.66371387 0.95418429
vt 0.65180069 0.98442763
vt 0.647717 0.99741888
vt 0.51181877 0.84298986
vt 0.5113849 0.82521439
vt 0.51961976 0.8181535
vt 0.55440605 0.80691713
vt 0.5882616 0.80542237
vt 0.54505783 0.81349826
vt 0.61662078 0.84299362
vt 0.62537044 0.84776479
vt 0.61254162 0.83637559
vt 0.60542589 0.82554936
vt 0.63995844 0.88731408
vt 0.65833342 0.89344829
vt 0.63403267 0.87260962
vt 0.6343329 0.88318312
vt 0.6651898 0.95178938
vt 0.6564799 0.96107054
vt 0.64563543 0.96746302
vt 0.66158575 0.98773307
vt 0.65683955 0.99813056
vt 0.51146126 0.8472873
vt 0.51262653 0.82250613
vt 0.53615177 0.8149786
vt 0.56433201 0.79489899
vt 0.57397121 0.79602277
vt 0.59736007 0.81272334
vt 0.61293 0.83148921
vt 0.61044961 0.82703638
vt 0.61028767 0.81735533
vt 0.64413095 0.88478374
vt 0.65101063 0.88928413
vt 0.63728815 0.86411822
vt 0.66940618 0.93702394
vt 0.67070413 0.95893419
vt 0.66176534 0.97213709
vt 0.50975388 0.82403016
vt 0.51367384 0.80964851
vt 0.5199272 0.80807787
vt 0.53803474 0.80425417
vt 0.55478138 0.79679304
vt 0.58630002 0.7931338
vt 0.61714566 0.82972372
vt 0.62304389 0.83813781
vt 0.61126482 0.82267976
vt 0.64157069 0.88133639
vt 0.6555748 0.88698536
vt 0.64028877 0.86744744
vt 0.63852274 0.8740598
vt 0.68043894 0.90671664
vt 0.67255241 0.92106909
vt 0.67647761 0.95187843
vt 0.66830337 0.96365261
vt 0.67254472 0.95495784
vt 0.67032534 0.97580719
vt 0.66083419 0.99731141
vt 0.50910127 0.8200174
vt 0.54393852 0.79488695
vt 0.55407143 0.78005582
vt 0.56460238 0.77668965
vt 0.58361912 0.78376842
vt 0.5908379 0.79501718
vt 0.60584766 0.80540687
vt 0.63002229 0.83755398
vt 0.63302797 0.8556695
vt 0.61488503 0.80964327
vt 0.61356115 0.82488501
vt 0.61581516 0.82367826
vt 0.64748627 0.88262033
vt 0.65238851 0.88136095
vt 0.66069293 0.88146555
vt 0.64108008 0.87179989
vt 0.64682001 0.86222881
vt 0.68153763 0.91795981
vt 0.68051535 0.93112791
vt 0.6826883 0.94217879
vt 0.67867446 0.9602204
vt 0.6765756 0.9575851
vt 0.66624391 0.98233926
vt 0.66409987 0.98997527
vt 0.50717914 0.81338096
vt 0.51236397 0.80190432
vt 0.52069581 0.79768008
vt 0.53272539 0.79532814
vt 0.55193543 0.78754759
vt 0.57406491 0.78138065
vt 0.58751851 0.77842444
vt 0.59878486 0.79707283
vt 0.62068146 0.82374382
vt 0.63631934 0.85019088
vt 0.63070238 0.8302173
vt 0.62061799 0.81581181
vt 0.64684874 0.87303036
vt 0.64566803 0.86865884
vt 0.64115351 0.87588573
vt 0.68452996 0.89090776
vt 0.69562882 0.90704095
vt 0.68664813 0.92587078
vt 0.68645561 0.95279163
vt 0.67356777 0.98111457
vt 0.5071891 0.80833095
vt 0.50735474 0.80481452
vt 0.53638935 0.79143524
vt 0.5478729 0.77948546
vt 0.55454493 0.76786512
vt 0.57409388 0.77216649
vt 0.59425771 0.78109288
vt 0.61390918 0.7898283
vt 0.62182534 0.80011934
vt 0.62742192 0.82564789
vt 0.64080793 0.84504765
vt 0.64176881 0.83950055
vt 0.63547617 0.80963659
vt 0.65342599 0.87136525
vt 0.66585791 0.87088668
vt 0.6901859 0.89459395
vt 0.68545622 0.9209733
vt 0.69611692 0.92711955
vt 0.6852625 0.95810241
vt 0.69152004 0.94358778
vt 0.68962997 0.96757954
vt 0.69133323 0.97734547
vt 0.67205048 0.98334044
vt 0.66767269 0.98535973
vt 0.50963038 0.8013941
vt 0.51650757 0.79129422
vt 0.52524316 0.79222512
vt 0.53109121 0.7906785
vt 0.54253107 0.77964002
vt 0.54932529 0.77514517
vt 0.58316219 0.76727074
vt 0.59166163 0.77268392
vt 0.59954089 0.77741057
vt 0.60530841 0.79031521
vt 0.63857579 0.84105349
vt 0.64639175 0.84807712
vt 0.63610381 0.82645345
vt 0.64095408 0.83191407
vt 0.68478554 0.86147141
vt 0.69720006 0.88956743
vt 0.69336635 0.91876173
vt 0.70280933 0.89919817
vt 0.69524813 0.93677986
vt 0.6915862 0.95978707
vt 0.68566549 0.98157966
vt 0.50979811 0.79936993
vt 0.53071046 0.78000873
vt 0.53869355 0.76848245
vt 0.54541081 0.77315325
vt 0.5621317 0.75705433
vt 0.57657546 0.75831896
vt 0.62355906 0.77555931
vt 0.61286336 0.78090644
vt 0.63383067 0.80273986
vt 0.64554423 0.84472221
vt 0.63770318 0.82048631
vt 0.64830005 0.82857692
vt 0.65310758 0.85426503
vt 0.63632143 0.81555057
vt 0.69347996 0.87202334
vt 0.69891816 0.89285272
vt 0.69386178 0.88509649
vt 0.70284027 0.91299176
vt 0.70896411 0.9074862
vt 0.70246273 0.92023814
vt 0.70444214 0.93385285
vt 0.68951738 0.96296722
vt 0.69926131 0.94248307
vt 0.69960076 0.95363206
vt 0.69716364 0.97442567
vt 0.69486886 0.98352146
vt 0.51091397 0.79601109
vt 0.52518046 0.78224999
vt 0.53496885 0.78465462
vt 0.54891771 0.75740182
vt 0.59031379 0.75851041
vt 0.59684557 0.76027542
vt 0.60465032 0.77724665
vt 0.62983978 0.77571648
vt 0.63298053 0.79607421
vt 0.64127356 0.80680174
vt 0.65209895 0.84267187
vt 0.64221889 0.82561487
vt 0.64520365 0.81136489
vt 0.68686426 0.8448239
vt 0.69502634 0.86420196
vt 0.7079705 0.89174193
vt 0.7036072 0.88553828
vt 0.70923239 0.89725268
vt 0.70906228 0.92275596
vt 0.70807737 0.92969668
vt 0.69561338 0.96564364
vt 0.6998601 0.94664413
vt 0.69912833 0.96048236
vt 0.69780374 0.96973109
vt 0.70072395 0.9821353
vt 0.51381129 0.79109514
vt 0.52947903 0.77086878
vt 0.53260851 0.77705276
vt 0.53433216 0.77633053
vt 0.57128388 0.74930739
vt 0.5526824 0.74910057
vt 0.58908594 0.75140679
vt 0.61054778 0.7659657
vt 0.62629044 0.76667732
vt 0.61293101 0.7722429
vt 0.6403172 0.7916224
vt 0.6443094 0.79519939
vt 0.64889568 0.81828386
vt 0.64698672 0.8228904
vt 0.64736724 0.82546264
vt 0.66623014 0.83224308
vt 0.69259781 0.85251534
vt 0.70393825 0.86612892
vt 0.71001726 0.91808224
vt 0.71486712 0.90306908
vt 0.71225077 0.94015682
vt 0.70743191 0.94130206
vt 0.70369673 0.94742125
vt 0.70493364 0.9526273
vt 0.70435756 0.97166204
vt 0.71032423 0.97986639
vt 0.51499218 0.78634506
vt 0.52196717 0.77736688
vt 0.53555614 0.75870407
vt 0.5410378 0.76179117
vt 0.56480551 0.75005615
vt 0.58025682 0.75070381
vt 0.54223537 0.74882996
vt 0.59482622 0.74785697
vt 0.58699113 0.74774325
vt 0.60713482 0.75705898
vt 0.63476712 0.78453308
vt 0.63783169 0.77002048
vt 0.65229779 0.80765814
vt 0.64894992 0.80076075
vt 0.65420866 0.82814735
vt 0.65578622 0.83608294
vt 0.68699878 0.83533049
vt 0.69880205 0.84726644
vt 0.70980906 0.87357283
vt 0.70297283 0.8555724
vt 0.70866638 0.88883126
vt 0.7145012 0.9104383
vt 0.71208858 0.89336717
vt 0.71975911 0.91384053
vt 0.72249973 0.91853088
vt 0.70118392 0.96542555
vt 0.70550698 0.95677495
vt 0.70686495 0.96715862
vt 0.51597857 0.78380597
vt 0.53280801 0.77076626
vt 0.52378827 0.77130818
vt 0.53958315 0.75442863
vt 0.56445438 0.74588525
vt 0.57993215 0.7458111
vt 0.54879665 0.74381644
vt 0.55531836 0.74600148
vt 0.58888793 0.74505961
vt 0.60232776 0.7499944
vt 0.61754274 0.75653684
vt 0.63599205 0.77644944
vt 0.63527495 0.76486158
vt 0.64605987 0.78094131
vt 0.64001298 0.78172052
vt 0.64847934 0.79166257
vt 0.65834713 0.82591403
vt 0.68448424 0.81146336
vt 0.69370043 0.8420195
vt 0.7093786 0.8613764
vt 0.70857799 0.88255394
vt 0.71953291 0.89541948
vt 0.72588229 0.92512029
vt 0.70709598 0.96060407
vt 0.71166509 0.96955907
vt 0.53286409 0.76057285
vt 0.51621795 0.78240883
vt 0.5151633 0.77423167
vt 0.52336639 0.7646963
vt 0.55882311 0.74382234
vt 0.5724771 0.74464393
vt 0.58251309 0.74510872
vt 0.53859419 0.74458814
vt 0.53682244 0.74967027
vt 0.59044641 0.74268693
vt 0.59969044 0.74495244
vt 0.61295706 0.75006652
vt 0.62292922 0.75336301
vt 0.63951176 0.77315718
vt 0.63261592 0.75863498
vt 0.64937139 0.76012266
vt 0.6541779 0.79602981
vt 0.66137189 0.81516016
vt 0.69425505 0.82497871
vt 0.705293 0.83752763
vt 0.70638174 0.84460336
vt 0.70826238 0.85138601
vt 0.7181493 0.86752987
vt 0.7177586 0.88018137
vt 0.73109961 0.91073298
vt 0.73173016 0.92125785
vt 0.72513932 0.93736732
vt 0.71128017 0.9505623
vt 0.71234757 0.96383405
vt 0.72655815 0.98066926
vt 0.52774376 0.76132369
vt 0.51510113 0.77396113
vt 0.5151608 0.77364802
vt 0.61063433 0.74608147
vt 0.62009501 0.74722672
vt 0.64327019 0.77822596
vt 0.62846088 0.74568015
vt 0.65305042 0.77252078
vt 0.63780081 0.75219798
vt 0.65374339 0.78301442
vt 0.66399783 0.80628133
vt 0.69278622 0.80710411
vt 0.71817505 0.85473382
vt 0.73175323 0.91736341
vt 0.74010098 0.92968357
vt 0.73056269 0.94614828
vt 0.71277827 0.95374554
vt 0.73765993 0.9664855
vt 0.72220862 0.96227783
vt 0.53348547 0.7530275
vt 0.52869284 0.75170076
vt 0.52070206 0.75945294
vt 0.51635939 0.76633841
vt 0.53272367 0.74746573
vt 0.62243199 0.74729818
vt 0.64811748 0.7760576
vt 0.64180386 0.74825847
vt 0.66307235 0.77375031
vt 0.66622669 0.79473305
vt 0.67590451 0.80090874
vt 0.68635404 0.79966128
vt 0.70812553 0.81938595
vt 0.71594489 0.84602857
vt 0.72910023 0.88017172
vt 0.73129904 0.86237717
vt 0.73169899 0.88996011
vt 0.7431891 0.91304708
vt 0.7521714 0.9209854
vt 0.73557121 0.94210917
vt 0.72435766 0.95081484
vt 0.71839976 0.95415825
vt 0.72172648 0.95622748
vt 0.73590738 0.98052025
vt 0.52017123 0.74911606
vt 0.63632029 0.74495256
vt 0.64906019 0.74639845
vt 0.660326 0.76155347
vt 0.67433012 0.78524667
vt 0.69938636 0.80279702
vt 0.71845466 0.82542813
vt 0.74183989 0.87457663
vt 0.73500079 0.8476643
vt 0.74007559 0.8930738
vt 0.74386626 0.90775752
vt 0.75934869 0.92401415
vt 0.7420485 0.93526459
vt 0.73158765 0.95504749
vt 0.73748606 0.9485749
vt 0.73041755 0.98186582
vt 0.74845332 0.97403228
vt 0.73139197 0.9598788
vt 0.52530354 0.74715316
vt 0.51604533 0.76482677
vt 0.51718676 0.75258303
vt 0.6342802 0.74298096
vt 0.65285522 0.75163001
vt 0.65715462 0.75503308
vt 0.67157346 0.76952457
vt 0.67842108 0.79343402
vt 0.70075524 0.79635996
vt 0.70861697 0.80390567
vt 0.71293193 0.81919247
vt 0.74436682 0.88310754
vt 0.7377826 0.86776435
vt 0.73704642 0.8567704
vt 0.74498063 0.89123046
vt 0.74304432 0.9001866
vt 0.75594699 0.91392225
vt 0.76629543 0.91801006
vt 0.75112963 0.93151426
vt 0.74527729 0.94224358
vt 0.73354435 0.95254266
vt 0.74426371 0.96743506
vt 0.7434445 0.98179895
vt 0.73771816 0.96195203
vt 0.51575619 0.74609625
vt 0.51624107 0.75760579
vt 0.63556278 0.7427569
vt 0.65243739 0.74583495
vt 0.67665941 0.77935892
vt 0.65735018 0.74533039
vt 0.6697408 0.76131845
vt 0.68188488 0.78866237
vt 0.69752544 0.79034895
vt 0.71153492 0.80769557
vt 0.71848071 0.80955589
vt 0.73494107 0.82697064
vt 0.75873774 0.87556756
vt 0.74223751 0.86471117
vt 0.74314582 0.85064393
vt 0.75258064 0.89450586
vt 0.75627512 0.90352094
vt 0.77009541 0.92063582
vt 0.76099789 0.93691528
vt 0.74983633 0.93750894
vt 0.7498377 0.94749397
vt 0.7553885 0.96947771
vt 0.74973941 0.98165256
vt 0.51551378 0.76109558
vt 0.51552391 0.75647813
vt 0.51465464 0.74710613
vt 0.68706197 0.78377616
vt 0.66694796 0.75062013
vt 0.67389864 0.76522011
vt 0.68031895 0.77338898
vt 0.71069294 0.78926128
vt 0.71264821 0.79927719
vt 0.71613741 0.80464143
vt 0.73447418 0.8163923
vt 0.73742503 0.84025383
vt 0.74840337 0.86569655
vt 0.76310712 0.88355869
vt 0.74841845 0.85972184
vt 0.74494129 0.84513825
vt 0.75735289 0.88873643
vt 0.75825888 0.91066313
vt 0.77195197 0.91233879
vt 0.77334458 0.91533691
vt 0.77204037 0.92354846
vt 0.76613194 0.92969638
vt 0.75732589 0.93838286
vt 0.75065953 0.94250989
vt 0.75327688 0.95427793
vt 0.7454825 0.96596885
vt 0.75320441 0.97909111
vt 0.74171531 0.96049064
vt 0.51645195 0.75225973
vt 0.51440483 0.74591821
vt 0.6876958 0.77656084
vt 0.66917324 0.74543417
vt 0.67109531 0.75248432
vt 0.67686492 0.76048732
vt 0.69475085 0.78483099
vt 0.70557308 0.78577435
vt 0.73074311 0.80733049
vt 0.72725165 0.79488689
vt 0.74486214 0.8178966
vt 0.74267316 0.8293165
vt 0.75678545 0.86377227
vt 0.7660349 0.87110555
vt 0.75037539 0.85163605
vt 0.75928444 0.8926912
vt 0.76496929 0.90759945
vt 0.77309942 0.92895317
vt 0.76107442 0.94269007
vt 0.75634903 0.94241679
vt 0.74175435 0.96419299
vt 0.75264335 0.96264446
vt 0.76824844 0.97751236
vt 0.69313574 0.77642888
vt 0.66974306 0.74799222
vt 0.6730817 0.75733608
vt 0.68113714 0.76650691
vt 0.71288627 0.78330588
vt 0.73735106 0.80528033
vt 0.74351162 0.80849028
vt 0.75751173 0.83512336
vt 0.75248951 0.84178692
vt 0.7733317 0.8750636
vt 0.76214069 0.89236486
vt 0.7584185 0.85288692
vt 0.76099896 0.89906883
vt 0.77338475 0.9082191
vt 0.77433556 0.93306625
vt 0.77393961 0.94209063
vt 0.75539398 0.95469677
vt 0.76507622 0.96713364
vt 0.7747184 0.97347975
vt 0.68861663 0.76732445
vt 0.67643231 0.7544179
vt 0.68456692 0.75998628
vt 0.70642596 0.77917135
vt 0.73174244 0.78893602
vt 0.71735781 0.77675641
vt 0.73663777 0.79902923
vt 0.75529802 0.82279301
vt 0.76319003 0.85938311
vt 0.76934427 0.8652668
vt 0.77375299 0.88225341
vt 0.76819986 0.89207816
vt 0.75715142 0.84776926
vt 0.77348185 0.89718062
vt 0.77596855 0.93235546
vt 0.76927644 0.9450677
vt 0.75605708 0.95768183
vt 0.75904244 0.95965564
vt 0.69455785 0.76544666
vt 0.67496461 0.74771315
vt 0.68023175 0.75450218
vt 0.70646042 0.77338064
vt 0.71062392 0.7748844
vt 0.74081391 0.80381238
vt 0.75491273 0.80316889
vt 0.76388317 0.82762897
vt 0.75981456 0.84430361
vt 0.77303034 0.86473888
vt 0.77410764 0.88626164
vt 0.76442605 0.84781611
vt 0.77973336 0.93488967
vt 0.77575994 0.94390506
vt 0.76381642 0.95026207
vt 0.7714774 0.96813881
vt 0.76718646 0.96071106
vt 0.68684226 0.74901104
vt 0.73789489 0.77884483
vt 0.73882502 0.78750873
vt 0.71410567 0.77284932
vt 0.74906379 0.79676068
vt 0.76097274 0.82022166
vt 0.7743504 0.82912433
vt 0.77404523 0.85868764
vt 0.77358168 0.89170557
vt 0.78273743 0.93201798
vt 0.7781238 0.95084888
vt 0.75959623 0.95298678
vt 0.76655322 0.95492327
vt 0.69797534 0.76078033
vt 0.67291307 0.74394333
vt 0.68094528 0.74430144
vt 0.69293243 0.75429714
vt 0.70998055 0.76756054
vt 0.73338032 0.76745474
vt 0.71163344 0.76344377
vt 0.72872132 0.75249183
vt 0.76540178 0.807109
vt 0.76878506 0.81983072
vt 0.77582222 0.83358723
vt 0.77327961 0.82261562
vt 0.77263176 0.84481406
vt 0.77157241 0.85196388
vt 0.78229266 0.94164979
vt 0.78515261 0.93341404
vt 0.77671725 0.95833868
vt 0.70614356 0.76365972
vt 0.69148123 0.74455208
vt 0.74640548 0.76882023
vt 0.74633735 0.78553891
vt 0.75119221 0.79256594
vt 0.71709466 0.7605654
vt 0.76162928 0.79981607
vt 0.76640725 0.81514406
vt 0.77383327 0.83812904
vt 0.78623974 0.9459343
vt 0.75693989 0.95862931
vt 0.77199167 0.9664461
vt 0.70921117 0.75881362
vt 0.70703816 0.75179666
vt 0.74626821 0.77734005
vt 0.7464413 0.76076704
vt 0.73676431 0.75498098
vt 0.71116775 0.75697386
vt 0.71606034 0.74224222
vt 0.77372777 0.80332839
vt 0.77478462 0.81240946
vt 0.79016858 0.93821222
vt 0.7756142 0.96315765
vt 0.70144677 0.74314833
vt 0.75331318 0.77665818
vt 0.75899255 0.76217633
vt 0.7423746 0.75004393
vt 0.75819606 0.78837478
vt 0.71467358 0.75076771
vt 0.72750252 0.74611777
vt 0.76607358 0.79228747
vt 0.79105425 0.93369323
vt 0.79100281 0.94573659
vt 0.79559988 0.95140028
vt 0.78350759 0.96912974
vt 0.70595556 0.74594909
vt 0.75828636 0.77345264
vt 0.75620389 0.75152689
vt 0.77022123 0.79159725
vt 0.79635167 0.93789488
vt 0.79616904 0.94135457
vt 0.79485875 0.95913565
vt 0.78876138 0.96808499
vt 0.70707357 0.74265921
vt 0.75966698 0.78200722
vt 0.76362813 0.76730275
vt 0.76185608 0.75098455
vt 0.73249197 0.74369872
vt 0.76312298 0.78652763
vt 0.77355766 0.79545993
vt 0.7964884 0.93447143
vt 0.80717808 0.95696747
vt 0.79848921 0.9649387
vt 0.74376458 0.74321485
vt 0.76235574 0.76004118
vt 0.76001108 0.74118543
vt 0.77004141 0.78573108
vt 0.77310622 0.7856465
vt 0.80236387 0.93465483
vt 0.80325955 0.93760121
vt 0.80039912 0.94551116
vt 0.80505902 0.95011795
vt 0.79529506 0.96862203
vt 0.75460535 0.74264389
vt 0.76829553 0.75678319
vt 0.76423073 0.74261141
vt 0.77200717 0.77449375
vt 0.81207651 0.96631527
vt 0.81345791 0.94690323
vt 0.80029827 0.96962374
vt 0.78589714 0.75639105
vt 0.7809881 0.74522924
vt 0.8069526 0.93357462
vt 0.80746228 0.94091469
vt 0.81814659 0.95750391
vt 0.78201592 0.76932585
vt 0.76839942 0.740798
vt 0.7761426 0.77780277
vt 0.82323182 0.96518469
vt 0.81003171 0.97094733
vt 0.8142181 0.93603861
vt 0.82172382 0.95013857
vt 0.7832526 0.77492332
vt 0.78941631 0.769104
vt 0.78963524 0.74966031
vt 0.81007153 0.93380344
vt 0.82910258 0.95963591
vt 0.81750697 0.96866715
vt 0.81980908 0.9438954
vt 0.83320719 0.94626474
vt 0.79498512 0.76270658
vt 0.79094535 0.743397
vt 0.77831817 0.7808823
vt 0.81256282 0.9316088
vt 0.83098787 0.967623
vt 0.8213684 0.96983206
vt 0.8262822 0.9755066
vt 0.81887567 0.93650723
vt 0.82940179 0.94299614
vt 0.79972333 0.76835924
vt 0.79347336 0.74553704
vt 0.8036117 0.75319278
vt 0.78724164 0.78166068
vt 0.84024638 0.95183015
vt 0.83744609 0.96296364
vt 0.82745999 0.96896702
vt 0.8164593 0.93265128
vt 0.82407188 0.93887037
vt 0.83699423 0.93883353
vt 0.80717206 0.77271575
vt 0.80140501 0.76412535
vt 0.77573854 0.78484768
vt 0.83894503 0.96667981
vt 0.83120543 0.93794525
vt 0.80992073 0.76724553
vt 0.8056953 0.74422842
vt 0.80857968 0.76080942
vt 0.80312216 0.78424072
vt 0.78101099 0.78977448
vt 0.84334987 0.94307667
vt 0.84801507 0.96827179
vt 0.8368209 0.97208977
vt 0.81731653 0.77337033
vt 0.81488723 0.74583185
vt 0.81458622 0.75712967
vt 0.80911958 0.78372055
vt 0.77460933 0.79914731
vt 0.8436408 0.93794984
vt 0.84932363 0.95193362
vt 0.84034282 0.97580469
vt 0.8184759 0.76885712
vt 0.82196397 0.7811836
vt 0.81122106 0.74134982
vt 0.79703867 0.79322016
vt 0.77662694 0.81019479
vt 0.85226476 0.9378618
vt 0.85898846 0.96000385
vt 0.83958429 0.9844532
vt 0.82252866 0.76568103
vt 0.82889223 0.77085477
vt 0.81875134 0.75305623
vt 0.81796235 0.74238712
vt 0.81896347 0.78691053
vt 0.81510544 0.79936385
vt 0.79032099 0.79747945
vt 0.78634852 0.80053163
vt 0.85187346 0.93248498
vt 0.86328322 0.94412887
vt 0.86283243 0.95384157
vt 0.85556293 0.96566516
vt 0.85110134 0.97584176
vt 0.834894 0.77235174
vt 0.82265323 0.75690943
vt 0.82448411 0.74514663
vt 0.8305977 0.78513938
vt 0.81118149 0.79899514
vt 0.79682773 0.79967809
vt 0.78213418 0.81622779
vt 0.85953212 0.93589914
vt 0.87019372 0.96690959
vt 0.85447371 0.96904588
vt 0.85533613 0.98404819
vt 0.82842273 0.76219362
vt 0.83591372 0.7617895
vt 0.82486367 0.74195707
vt 0.82654268 0.79305661
vt 0.81823671 0.80360788
vt 0.8064276 0.80041564
vt 0.78889239 0.80452776
vt 0.79742002 0.80411774
vt 0.77562207 0.82163477
vt 0.857741 0.92160314
vt 0.86869192 0.94284254
vt 0.86517942 0.94858611
vt 0.87017089 0.95546061
vt 0.86339003 0.96904224
vt 0.86260897 0.97343534
vt 0.82400537 0.76216233
vt 0.84154689 0.76503944
vt 0.83809239 0.77895284
vt 0.83126861 0.75331271
vt 0.8329168 0.74699628
vt 0.83694088 0.80382115
vt 0.82494318 0.79919845
vt 0.81389457 0.80775535
vt 0.80821854 0.80901992
vt 0.79537088 0.80964184
vt 0.80120009 0.80429935
vt 0.78781343 0.81556422
vt 0.77869892 0.83302361
vt 0.77326757 0.81533086
vt 0.84773332 0.91985077
vt 0.86773151 0.92247415
vt 0.86842185 0.94333267
vt 0.87008035 0.93873668
vt 0.8683337 0.94435418
vt 0.86817539 0.9495244
vt 0.87353444 0.96132195
vt 0.86919552 0.95141292
vt 0.87194729 0.9710052
vt 0.86865592 0.98081249
vt 0.84714913 0.75350916
vt 0.8395403 0.77312309
vt 0.83740193 0.78797877
vt 0.8327933 0.743339
vt 0.83322251 0.80316132
vt 0.8421731 0.79981452
vt 0.82872331 0.80739725
vt 0.81801373 0.80888164
vt 0.80038768 0.80974889
vt 0.77319241 0.82976198
vt 0.77293682 0.81215638
vt 0.77304238 0.81980956
vt 0.85523242 0.91328192
vt 0.84437406 0.93408704
vt 0.8610456 0.91153854
vt 0.87117243 0.93328768
vt 0.87542528 0.9636817
vt 0.87322694 0.96803576
vt 0.8647421 0.98486817
vt 0.87074029 0.97660303
vt 0.83530682 0.75234926
vt 0.8576014 0.75953436
vt 0.85071194 0.76747656
vt 0.84046245 0.77737278
vt 0.84164178 0.78640521
vt 0.84243739 0.79412866
vt 0.835392 0.81633472
vt 0.84126943 0.81105018
vt 0.81278884 0.82091129
vt 0.80859035 0.81374073
vt 0.80325216 0.81768006
vt 0.79498547 0.81564522
vt 0.79128128 0.82539278
vt 0.84793526 0.91116339
vt 0.84527504 0.92535907
vt 0.86958224 0.91838634
vt 0.87184983 0.92242217
vt 0.87156743 0.93413144
vt 0.87667328 0.96783847
vt 0.87675965 0.96790314
vt 0.85916901 0.98745406
vt 0.8382616 0.74378097
vt 0.8479889 0.74480242
vt 0.83091038 0.81128323
vt 0.84710127 0.79838586
vt 0.84552568 0.80467224
vt 0.82534701 0.81078786
vt 0.82010531 0.82047814
vt 0.79559129 0.8192938
vt 0.79109412 0.83742404
vt 0.84086061 0.90763652
vt 0.84505814 0.90089786
vt 0.85525298 0.89704454
vt 0.83627015 0.92823148
vt 0.83989131 0.92129594
vt 0.86762917 0.91201425
vt 0.87188268 0.93256879
vt 0.87179625 0.93355763
vt 0.87659043 0.96817189
vt 0.87294978 0.97394627
vt 0.86568439 0.75539625
vt 0.85990334 0.77263486
vt 0.84618241 0.77509731
vt 0.8447476 0.78649497
vt 0.84824252 0.79075384
vt 0.8287968 0.81950307
vt 0.84547943 0.8267132
vt 0.84554929 0.81064582
vt 0.81207418 0.83000106
vt 0.79764807 0.82297057
vt 0.7793569 0.85073364
vt 0.84800756 0.8901329
vt 0.8664062 0.90504926
vt 0.84240526 0.93652689
vt 0.87464648 0.97234297
vt 0.84275544 0.7409873
vt 0.86254591 0.74489629
vt 0.86698067 0.75782335
vt 0.84785354 0.77397168
vt 0.86600029 0.77101266
vt 0.83074504 0.83129013
vt 0.84162223 0.83448637
vt 0.84975553 0.81875086
vt 0.85232705 0.79527962
vt 0.84875393 0.80960286
vt 0.82578152 0.82361925
vt 0.80245501 0.83059382
vt 0.82009345 0.83182526
vt 0.77646053 0.8416605
vt 0.7882719 0.84794867
vt 0.83167481 0.91673964
vt 0.83387947 0.90201569
vt 0.84360385 0.88937122
vt 0.86663043 0.90059102
vt 0.85620314 0.88472766
vt 0.83219677 0.92977375
vt 0.83012366 0.9237206
vt 0.84673703 0.73974514
vt 0.85521674 0.74002624
vt 0.86957788 0.75153482
vt 0.86568636 0.76168174
vt 0.8687706 0.75524616
vt 0.85412043 0.7821486
vt 0.8657791 0.76870525
vt 0.86709487 0.77767187
vt 0.84769917 0.84354979
vt 0.85512775 0.82784462
vt 0.85060859 0.80132145
vt 0.85817599 0.7904616
vt 0.81095165 0.84550929
vt 0.79628927 0.84363019
vt 0.77405399 0.84774125
vt 0.77370697 0.83646595
vt 0.78822964 0.86063492
vt 0.83336806 0.90732014
vt 0.8356778 0.89485145
vt 0.8429938 0.87498665
vt 0.86635458 0.89917016
vt 0.84721482 0.87464362
vt 0.86139393 0.89543557
vt 0.83296591 0.93407261
vt 0.86172628 0.74001741
vt 0.87054116 0.74771273
vt 0.86369807 0.78490263
vt 0.83786666 0.84238935
vt 0.84356856 0.84963709
vt 0.85764408 0.81499451
vt 0.8536008 0.80499685
vt 0.8493188 0.80585212
vt 0.85394377 0.8138361
vt 0.80374712 0.84904075
vt 0.81904846 0.84704995
vt 0.77284533 0.85519087
vt 0.79526836 0.85398519
vt 0.7757833 0.8594861
vt 0.82884759 0.91300666
vt 0.82382584 0.92027724
vt 0.83332533 0.8771069
vt 0.85682631 0.87214243
vt 0.85983241 0.8827408
vt 0.82729334 0.93507034
vt 0.86725086 0.73918414
vt 0.87078202 0.73929864
vt 0.86787128 0.78183246
vt 0.83027565 0.8453266
vt 0.84728456 0.85390079
vt 0.85599756 0.83963948
vt 0.86562097 0.82348388
vt 0.86022925 0.80359626
vt 0.81203008 0.85143328
vt 0.79698735 0.86809981
vt 0.77834004 0.87485099
vt 0.82882541 0.90406024
vt 0.81119776 0.92129558
vt 0.82816708 0.88891333
vt 0.84118867 0.86314756
vt 0.83584583 0.86896777
vt 0.86712128 0.89494532
vt 0.85077024 0.86644071
vt 0.86515498 0.88928634
vt 0.81715524 0.93042564
vt 0.87133861 0.73847985
vt 0.86480051 0.79412884
vt 0.87009788 0.7852897
vt 0.83403122 0.85329616
vt 0.85817599 0.85696048
vt 0.83932197 0.85503441
vt 0.86270851 0.82993531
vt 0.86592054 0.81566095
vt 0.80390215 0.86043596
vt 0.82874572 0.85362822
vt 0.81892866 0.85628474
vt 0.79294616 0.87580705
vt 0.80009234 0.867172
vt 0.77431107 0.86936396
vt 0.82445949 0.91185439
vt 0.83210015 0.89853561
vt 0.81568009 0.9165377
vt 0.82587987 0.8834939
vt 0.82839853 0.86623663
vt 0.86225218 0.86889398
vt 0.86723185 0.87882495
vt 0.81906676 0.93649191
vt 0.86995047 0.78797001
vt 0.86072654 0.83893013
vt 0.8622784 0.85143268
vt 0.86704129 0.84026444
vt 0.86598802 0.82330525
vt 0.8685481 0.80148017
vt 0.81309628 0.85915422
vt 0.80180097 0.8763026
vt 0.78594601 0.88133025
vt 0.77316052 0.87513864
vt 0.8198787 0.91512597
vt 0.82181537 0.90367001
vt 0.83037394 0.89638019
vt 0.81223261 0.9117443
vt 0.80380231 0.92939734
vt 0.82093018 0.89304578
vt 0.82434154 0.86974508
vt 0.83645654 0.86185288
vt 0.86766201 0.89169896
vt 0.86885655 0.88989651
vt 0.87279493 0.79283333
vt 0.87150145 0.78721488
vt 0.87082064 0.83973467
vt 0.86585093 0.80516464
vt 0.86679167 0.8161602
vt 0.86636508 0.82447749
vt 0.86920279 0.80102354
vt 0.86856192 0.80174732
vt 0.80802107 0.86693859
vt 0.82061327 0.86300218
vt 0.81687057 0.86821538
vt 0.7972796 0.88772976
vt 0.77657264 0.89109224
vt 0.77277482 0.88602185
vt 0.82725012 0.89555293
vt 0.80534905 0.91303384
vt 0.81619507 0.90733182
vt 0.79518569 0.92391992
vt 0.80999255 0.89032698
vt 0.86615479 0.86567318
vt 0.86824036 0.88070798
vt 0.87249058 0.79610586
vt 0.87420535 0.79223967
vt 0.87259161 0.78907686
vt 0.86653465 0.85637212
vt 0.87055004 0.84224111
vt 0.86647302 0.81379163
vt 0.86880666 0.80153561
vt 0.86876398 0.80155897
vt 0.81231296 0.87312704
vt 0.77400655 0.88789523
vt 0.83047736 0.89182603
vt 0.81094396 0.90684223
vt 0.7934019 0.93119925
vt 0.81705564 0.89480513
vt 0.86772341 0.87661648
vt 0.86839134 0.87982619
vt 0.87378645 0.79444695
vt 0.86771619 0.8470037
vt 0.86655027 0.85065639
vt 0.86828607 0.84672272
vt 0.79731917 0.89142263
vt 0.78945351 0.89219862
vt 0.77287614 0.89228249
vt 0.79799229 0.91467154
vt 0.80450302 0.90312761
vt 0.81255835 0.90006942
vt 0.79009116 0.93086362
vt 0.80085677 0.93368012
vt 0.86821204 0.87863189
vt 0.80250996 0.89654243
vt 0.7865994 0.89664537
vt 0.77327901 0.90137184
vt 0.78657037 0.92441726
vt 0.81013978 0.93336749
vt 0.80858076 0.89711773
vt 0.86807895 0.84695292
vt 0.86785072 0.84724104
vt 0.79438102 0.89411509
vt 0.7965132 0.89747024
vt 0.79051286 0.89612126
vt 0.7817654 0.91407818
vt 0.77610779 0.90471709
vt 0.79470479 0.90760839
vt 0.79851109 0.90314335
vt 0.78693366 0.93112725
vt 0.86798358 0.84708065
vt 0.78898638 0.90291297
vt 0.77924007 0.92950916
vt 0.77468967 0.91521353
vt 0.77425402 0.93065745
vt 0.77340317 0.90852475
vt 0.39960936 0.67414731
vt 0.40162697 0.68519485
vt 0.39743015 0.68279147
vt 0.39793682 0.68715644
vt 0.40369892 0.70802361
vt 0.39870697 0.71146595
vt 0.39819244 0.70476198
vt 0.44406676 0.93649191
vt 0.44072387 0.93527365
vt 0.44215524 0.93042564
vt 0.43513981 0.93336749
vt 0.42880231 0.92939734
vt 0.56648922 0.6352433
vt 0.56625354 0.64829117
vt 0.56118888 0.64265406
vt 0.55663872 0.63493407
vt 0.57532871 0.63721949
vt 0.56210858 0.65176666
vt 0.56286973 0.62788928
vt 0.57539344 0.64502621
vt 0.57278746 0.63154131
vt 0.57321483 0.65257037
vt 0.54867142 0.62526596
vt 0.55064487 0.63880336
vt 0.58216077 0.64425635
vt 0.58079427 0.6324802
vt 0.57099175 0.66059184
vt 0.55475169 0.61795831
vt 0.54723698 0.63278592
vt 0.57823122 0.62652081
vt 0.54806161 0.6504463
vt 0.58574611 0.64048374
vt 0.58509147 0.63499379
vt 0.58635837 0.65581954
vt 0.56226933 0.66641593
vt 0.55161715 0.61283398
vt 0.56255841 0.61381614
vt 0.53952771 0.63133657
vt 0.56747943 0.61680853
vt 0.55409479 0.65751171
vt 0.54777497 0.64031446
vt 0.54636294 0.63687432
vt 0.59039789 0.62920201
vt 0.57849848 0.67176306
vt 0.56899291 0.67281961
vt 0.53610528 0.61891782
vt 0.54312748 0.63895655
vt 0.53553283 0.62697381
vt 0.57331765 0.61392766
vt 0.54293734 0.66016442
vt 0.54395825 0.64828002
vt 0.58993703 0.63990486
vt 0.59175968 0.64982349
vt 0.58322316 0.60924518
vt 0.58774573 0.67023653
vt 0.56527907 0.68001223
vt 0.55489033 0.67295659
vt 0.54251969 0.60654086
vt 0.55880779 0.5981282
vt 0.56474024 0.5959332
vt 0.53842539 0.63848722
vt 0.52910513 0.63346028
vt 0.57554924 0.606359
vt 0.54252344 0.64271808
vt 0.59442008 0.65756404
vt 0.59195721 0.61428773
vt 0.59991288 0.6375519
vt 0.5813067 0.67905909
vt 0.55872262 0.67984092
vt 0.57570982 0.68137145
vt 0.52226979 0.62603301
vt 0.53370768 0.61180437
vt 0.54982084 0.60289574
vt 0.53342563 0.63845021
vt 0.53514385 0.65842682
vt 0.54079312 0.67364281
vt 0.53674781 0.64536232
vt 0.60566795 0.65075195
vt 0.59045571 0.5980562
vt 0.60455847 0.61300075
vt 0.60612124 0.62654889
vt 0.60195267 0.67174983
vt 0.58884054 0.6797452
vt 0.54982585 0.68120265
vt 0.53920889 0.5965569
vt 0.54583144 0.59879351
vt 0.56436574 0.58487797
vt 0.58002931 0.59907526
vt 0.52414334 0.64140558
vt 0.5145117 0.62712502
vt 0.53349304 0.66438425
vt 0.53864312 0.64934194
vt 0.54578501 0.67949837
vt 0.61683226 0.66171682
vt 0.61802304 0.63067728
vt 0.58251709 0.68210417
vt 0.5194118 0.61188293
vt 0.52608246 0.59770805
vt 0.54744363 0.59574938
vt 0.55207181 0.59119821
vt 0.57894027 0.58923388
vt 0.58058822 0.59470081
vt 0.51126742 0.63819182
vt 0.51272434 0.61770231
vt 0.50913167 0.65817779
vt 0.53163725 0.65180415
vt 0.53195649 0.68040001
vt 0.53052783 0.67155075
vt 0.60985625 0.63958341
vt 0.62038791 0.64842808
vt 0.60473794 0.59782553
vt 0.61482209 0.62508619
vt 0.61952269 0.66852891
vt 0.59345722 0.68043214
vt 0.54319263 0.68236852
vt 0.52800947 0.59192932
vt 0.54864693 0.58402073
vt 0.58205557 0.58405644
vt 0.50207967 0.64537477
vt 0.50426984 0.61927658
vt 0.50260168 0.62927985
vt 0.52121514 0.67039132
vt 0.61370289 0.64236295
vt 0.63033301 0.65165246
vt 0.60720861 0.60353971
vt 0.61929703 0.61559582
vt 0.62145543 0.63765395
vt 0.62422442 0.62688708
vt 0.62971485 0.65819949
vt 0.60573381 0.67967063
vt 0.51327407 0.61066377
vt 0.54413253 0.5899142
vt 0.50397891 0.59260952
vt 0.55777156 0.57238531
vt 0.56655574 0.56261432
vt 0.50393099 0.61018324
vt 0.50405753 0.67162192
vt 0.52614987 0.67855412
vt 0.5334363 0.68410307
vt 0.62593454 0.6420995
vt 0.60817248 0.58668661
vt 0.61783701 0.60633194
vt 0.62636143 0.63501215
vt 0.62796015 0.62989372
vt 0.63603556 0.67036426
vt 0.61184812 0.68148696
vt 0.51108813 0.58774018
vt 0.53458989 0.58547854
vt 0.5466333 0.57256222
vt 0.55927026 0.55702317
vt 0.58547235 0.56472147
vt 0.48452902 0.64648998
vt 0.49377397 0.63514763
vt 0.49438256 0.61772782
vt 0.49770907 0.6240328
vt 0.51235825 0.67960989
vt 0.497172 0.67040074
vt 0.52680242 0.68248856
vt 0.51652879 0.68145239
vt 0.64612961 0.64579833
vt 0.63149983 0.63837415
vt 0.60142314 0.57593381
vt 0.6214028 0.58527988
vt 0.61691421 0.59612358
vt 0.63062102 0.61329973
vt 0.62679577 0.61587727
vt 0.6299994 0.62430894
vt 0.62564421 0.67560035
vt 0.61617547 0.67950392
vt 0.50613147 0.5786047
vt 0.52391595 0.58109105
vt 0.53010148 0.57713711
vt 0.55147117 0.56137836
vt 0.5671193 0.55510014
vt 0.58020175 0.55944461
vt 0.59025455 0.57144594
vt 0.48869264 0.61440408
vt 0.49636912 0.68213063
vt 0.52462608 0.68574744
vt 0.63788694 0.63569593
vt 0.62285 0.59572852
vt 0.62841827 0.60124642
vt 0.65181231 0.67133796
vt 0.6291557 0.67862332
vt 0.48682651 0.60085797
vt 0.5148766 0.57887709
vt 0.50058639 0.58127511
vt 0.54100108 0.5657407
vt 0.54819292 0.55377418
vt 0.57050478 0.54426819
vt 0.58967745 0.55937922
vt 0.48597702 0.66986305
vt 0.48502105 0.62453234
vt 0.51374108 0.68341804
vt 0.50511479 0.68516004
vt 0.64857763 0.6306355
vt 0.6169582 0.56588262
vt 0.64661592 0.60028672
vt 0.66478086 0.65265864
vt 0.64405662 0.6787836
vt 0.62800413 0.681867
vt 0.62078291 0.68103635
vt 0.49285287 0.59282005
vt 0.51422024 0.57169455
vt 0.49629232 0.56985509
vt 0.52943724 0.55747271
vt 0.53948337 0.55524981
vt 0.55147809 0.54777122
vt 0.56227767 0.54128325
vt 0.57202315 0.54947305
vt 0.5784024 0.55396831
vt 0.58562309 0.55497551
vt 0.47710398 0.66218317
vt 0.47889578 0.63315332
vt 0.47798333 0.609424
vt 0.5165391 0.68546629
vt 0.49430546 0.68444628
vt 0.47773254 0.67980194
vt 0.65999848 0.63740861
vt 0.63039923 0.56157827
vt 0.60648358 0.5629968
vt 0.63376343 0.5940215
vt 0.64409238 0.62036979
vt 0.66573322 0.67072248
vt 0.65967721 0.68063319
vt 0.47398946 0.5889256
vt 0.50483555 0.57193661
vt 0.48662606 0.58083743
vt 0.57047385 0.53363025
vt 0.57463217 0.54751432
vt 0.58826083 0.55182385
vt 0.59640014 0.55376399
vt 0.46945274 0.67280221
vt 0.46963903 0.65490317
vt 0.47231808 0.63975751
vt 0.46379009 0.62986726
vt 0.46313089 0.59656501
vt 0.4833734 0.68471897
vt 0.66140032 0.62697893
vt 0.62483639 0.55569041
vt 0.63994527 0.57448864
vt 0.6151641 0.55478072
vt 0.6321668 0.58667111
vt 0.65011382 0.58859611
vt 0.65962529 0.60687947
vt 0.66881537 0.63847339
vt 0.66649026 0.66221416
vt 0.64579415 0.6825887
vt 0.50487006 0.56592268
vt 0.48949328 0.56912327
vt 0.51561677 0.55815113
vt 0.53581935 0.54462171
vt 0.56247121 0.52905685
vt 0.58308762 0.5361464
vt 0.58276433 0.54669935
vt 0.45960793 0.67172444
vt 0.46262726 0.66489398
vt 0.46132195 0.60245246
vt 0.45991102 0.6156677
vt 0.47550607 0.68344712
vt 0.46640432 0.68150127
vt 0.67172194 0.62918949
vt 0.63908017 0.55266845
vt 0.64517099 0.56160474
vt 0.60577548 0.55366349
vt 0.65299618 0.59469593
vt 0.6654774 0.61546922
vt 0.65960729 0.5962072
vt 0.68354607 0.65141344
vt 0.67709398 0.65880406
vt 0.67262816 0.67991203
vt 0.46324393 0.59134007
vt 0.48094055 0.5771693
vt 0.4947052 0.55931115
vt 0.52304554 0.55264187
vt 0.55305552 0.52914846
vt 0.54498082 0.53293371
vt 0.57687837 0.52863419
vt 0.58764869 0.54622358
vt 0.45956954 0.67772198
vt 0.45297414 0.65762013
vt 0.46915239 0.64242816
vt 0.4662751 0.63900292
vt 0.46005887 0.60858905
vt 0.45692608 0.59996915
vt 0.45447052 0.62748659
vt 0.67123026 0.62372166
vt 0.6160714 0.5474872
vt 0.6238181 0.54686755
vt 0.65439183 0.57170725
vt 0.59804171 0.54064465
vt 0.66970325 0.59818643
vt 0.68241847 0.64025354
vt 0.67898172 0.67078829
vt 0.45980978 0.58930022
vt 0.4655419 0.5843904
vt 0.47728816 0.55971867
vt 0.48762381 0.55461156
vt 0.51621819 0.54991132
vt 0.52614373 0.54591298
vt 0.56153095 0.52551919
vt 0.5327301 0.53576839
vt 0.56753111 0.5242219
vt 0.58610469 0.52602935
vt 0.44345874 0.67182112
vt 0.46302265 0.65119082
vt 0.4630563 0.63415265
vt 0.45422864 0.60759586
vt 0.45133159 0.59620035
vt 0.45285577 0.63465905
vt 0.45687521 0.61718059
vt 0.46543318 0.68414617
vt 0.45883554 0.68324465
vt 0.68759799 0.62914276
vt 0.63735223 0.54046136
vt 0.64711595 0.55086851
vt 0.65511304 0.56045038
vt 0.60818964 0.54877245
vt 0.6686582 0.58639896
vt 0.68510699 0.61463362
vt 0.68807185 0.66152471
vt 0.69095975 0.64228499
vt 0.68733758 0.67226154
vt 0.68081295 0.67831039
vt 0.45971954 0.58627284
vt 0.47165933 0.57067049
vt 0.50065005 0.55274403
vt 0.49568647 0.55098796
vt 0.50666434 0.54889393
vt 0.51968455 0.54940224
vt 0.52754235 0.53719801
vt 0.54944682 0.52642047
vt 0.55474025 0.52275264
vt 0.53524858 0.53000653
vt 0.57632262 0.52326137
vt 0.59207314 0.52448922
vt 0.58163893 0.52415216
vt 0.4442389 0.68038982
vt 0.45761877 0.64338338
vt 0.46168154 0.64340007
vt 0.46247098 0.63719583
vt 0.44793844 0.63007134
vt 0.45413667 0.68283737
vt 0.69186813 0.62222719
vt 0.62446272 0.53801799
vt 0.64502674 0.54359788
vt 0.66109288 0.57163918
vt 0.61757964 0.53071123
vt 0.68444943 0.59999192
vt 0.6982922 0.63695866
vt 0.70152962 0.66034073
vt 0.70223069 0.64074671
vt 0.68126011 0.68127656
vt 0.45508212 0.58862138
vt 0.45478678 0.5811255
vt 0.46009532 0.5770278
vt 0.46606892 0.56076145
vt 0.47440439 0.54952776
vt 0.4905349 0.5479247
vt 0.5105716 0.54338187
vt 0.51698482 0.54197347
vt 0.52221066 0.5438081
vt 0.54449612 0.52373755
vt 0.5210945 0.53136939
vt 0.60107332 0.5234586
vt 0.58842564 0.52241153
vt 0.58351517 0.5214352
vt 0.44202453 0.6569109
vt 0.44160399 0.68121374
vt 0.44963121 0.64334178
vt 0.46223384 0.63906634
vt 0.45766956 0.6381551
vt 0.44405937 0.60186529
vt 0.44475314 0.63925821
vt 0.44723311 0.61778516
vt 0.69737077 0.62930453
vt 0.64520603 0.52441132
vt 0.63180751 0.52583849
vt 0.65903795 0.55616593
vt 0.65609986 0.54272115
vt 0.61600113 0.52661991
vt 0.69739729 0.60635865
vt 0.68726361 0.58956188
vt 0.70344621 0.62331957
vt 0.70123899 0.64619565
vt 0.71229553 0.67028618
vt 0.68478334 0.67994821
vt 0.44770941 0.58097208
vt 0.46038687 0.57004809
vt 0.49690807 0.54433894
vt 0.46887496 0.55454201
vt 0.46046925 0.55768931
vt 0.47905755 0.54616201
vt 0.5058673 0.54267162
vt 0.52832788 0.5261218
vt 0.53519326 0.52391422
vt 0.44197696 0.66412878
vt 0.44179884 0.64964473
vt 0.44479465 0.68452597
vt 0.44118321 0.6700592
vt 0.44235986 0.63528228
vt 0.4420369 0.6151377
vt 0.65458155 0.52991951
vt 0.65977919 0.54597878
vt 0.68061829 0.57182896
vt 0.67563516 0.56441176
vt 0.62082863 0.52319407
vt 0.70771158 0.61304319
vt 0.69763774 0.59894371
vt 0.69588488 0.58045113
vt 0.69179034 0.59396589
vt 0.70546776 0.62766266
vt 0.71192902 0.65484536
vt 0.70315039 0.67744744
vt 0.71018249 0.64194399
vt 0.69160622 0.67803627
vt 0.68901658 0.68171775
vt 0.46461165 0.55013907
vt 0.46360236 0.54311478
vt 0.48830757 0.53662729
vt 0.49825957 0.52794886
vt 0.5167039 0.52697849
vt 0.44009307 0.6579892
vt 0.439511 0.65316182
vt 0.4447636 0.64647055
vt 0.4400315 0.59438378
vt 0.65616345 0.5265218
vt 0.63814509 0.52266777
vt 0.6696105 0.5514161
vt 0.66877121 0.54045784
vt 0.70868874 0.59789622
vt 0.69905311 0.58753413
vt 0.72357988 0.61339581
vt 0.72449285 0.65249562
vt 0.72116566 0.67621034
vt 0.70804626 0.63597596
vt 0.45335966 0.57189524
vt 0.45800558 0.54939473
vt 0.47154689 0.53255069
vt 0.50759327 0.53059149
vt 0.52274764 0.521999
vt 0.52711517 0.52083743
vt 0.44100055 0.64482826
vt 0.44141343 0.60396934
vt 0.44145161 0.59061521
vt 0.44010955 0.60008615
vt 0.44206041 0.64342099
vt 0.62958372 0.522874
vt 0.6584639 0.52370083
vt 0.65593594 0.52122378
vt 0.68090469 0.54744267
vt 0.67335671 0.52541882
vt 0.68364018 0.56078506
vt 0.68985826 0.56834942
vt 0.70362741 0.59327197
vt 0.70792371 0.58689809
vt 0.72891873 0.66024828
vt 0.71544683 0.67929667
vt 0.72628713 0.66978526
vt 0.69806391 0.68037701
vt 0.44504195 0.57176757
vt 0.44889486 0.5605073
vt 0.45636138 0.55348295
vt 0.46314365 0.53166133
vt 0.48720112 0.52693284
vt 0.50650376 0.52482051
vt 0.51131219 0.52287692
vt 0.51538903 0.52269387
vt 0.44086587 0.58656156
vt 0.7287755 0.62899184
vt 0.71233231 0.57327402
vt 0.72235882 0.59713912
vt 0.71474177 0.59096479
vt 0.72348607 0.64134365
vt 0.73593318 0.65154636
vt 0.70326513 0.68229651
vt 0.72429812 0.68049419
vt 0.73526752 0.67817348
vt 0.44268304 0.58120871
vt 0.4481433 0.55383945
vt 0.45590776 0.54427469
vt 0.4561522 0.52968943
vt 0.46364281 0.52664334
vt 0.47256222 0.52750444
vt 0.48734802 0.52097243
vt 0.49477017 0.52237022
vt 0.73974597 0.60824949
vt 0.66878098 0.52253723
vt 0.6916188 0.5280019
vt 0.69237208 0.55737996
vt 0.68601483 0.55328834
vt 0.70539731 0.56792611
vt 0.72953701 0.60165536
vt 0.72749895 0.58570325
vt 0.72865158 0.64182478
vt 0.74039787 0.65745437
vt 0.74407166 0.67026925
vt 0.4421798 0.56017524
vt 0.44119415 0.57063758
vt 0.48088968 0.5224849
vt 0.73809111 0.62529767
vt 0.67397016 0.5220198
vt 0.67938483 0.52586186
vt 0.70017529 0.54230678
vt 0.69637358 0.55517113
vt 0.69273865 0.5466404
vt 0.70781237 0.55311143
vt 0.73332047 0.59314895
vt 0.72640079 0.57496631
vt 0.74109173 0.64561188
vt 0.73494309 0.64128232
vt 0.74367452 0.67960191
vt 0.44557276 0.54543084
vt 0.45667052 0.52503705
vt 0.46634212 0.52149165
vt 0.47419888 0.52140021
vt 0.7382924 0.59541166
vt 0.74890047 0.6280995
vt 0.73833287 0.63058043
vt 0.68489027 0.52391231
vt 0.72439355 0.53313822
vt 0.69250548 0.55217481
vt 0.69382292 0.5544008
vt 0.7025528 0.55972826
vt 0.71534377 0.55369794
vt 0.73665321 0.58128893
vt 0.73757058 0.63581777
vt 0.74483192 0.64488405
vt 0.74729764 0.65318096
vt 0.74906111 0.67459798
vt 0.44369349 0.53763568
vt 0.44520441 0.52690971
vt 0.4609504 0.52171808
vt 0.74618906 0.60499644
vt 0.67950046 0.52185994
vt 0.69215184 0.52171504
vt 0.70177394 0.54723024
vt 0.72000229 0.5460121
vt 0.7096439 0.52758789
vt 0.70434362 0.55355412
vt 0.72198367 0.55590099
vt 0.73166621 0.56507647
vt 0.74602371 0.6463365
vt 0.74613971 0.64006305
vt 0.74773854 0.66375941
vt 0.74990594 0.67804849
vt 0.74802184 0.67146748
vt 0.44092527 0.5468806
vt 0.44152451 0.54351747
vt 0.44969389 0.52142739
vt 0.45569408 0.52010787
vt 0.74606723 0.59984994
vt 0.74531263 0.63567024
vt 0.74668759 0.60511649
vt 0.69379634 0.52436876
vt 0.73386818 0.53868032
vt 0.70941669 0.52075291
vt 0.72456497 0.52703762
vt 0.74831325 0.58517742
vt 0.74631995 0.56247866
vt 0.74763912 0.6682986
vt 0.74837184 0.68034458
vt 0.74760473 0.67002016
vt 0.44246489 0.52169162
vt 0.74983221 0.62919343
vt 0.749883 0.62659502
vt 0.70319849 0.52114147
vt 0.72729868 0.54808927
vt 0.73010814 0.52964354
vt 0.71275502 0.52180815
vt 0.72031784 0.52234942
vt 0.74895489 0.58355212
vt 0.72870725 0.55435836
vt 0.73243392 0.55761898
vt 0.74651939 0.63612068
vt 0.74994332 0.6283316
vt 0.749933 0.62750864
vt 0.73610306 0.54379594
vt 0.73434842 0.52806139
vt 0.72924358 0.52489239
vt 0.72528285 0.5213508
vt 0.73868239 0.55237985
vt 0.74716592 0.56769782
vt 0.74995106 0.6280216
vt 0.74277717 0.5440256
vt 0.73241222 0.5511868
vt 0.74451602 0.52887094
vt 0.7210142 0.52038747
vt 0.74622577 0.55362535
vt 0.746647 0.56263715
vt 0.73190421 0.52257788
vt 0.73833847 0.52361923
vt 0.74667972 0.56138873
vt 0.74779069 0.55202943
vt 0.74665993 0.56231666
vt 0.75079602 0.54210305
vt 0.74720979 0.52503347
vt 0.74981987 0.54787016
vt 0.74863833 0.53351831
vt 0.74701446 0.52725184
vt 0.27523959 0.56379783
vt 0.28128999 0.56662685
vt 0.27511096 0.56964922
vt 0.26258269 0.56781882
vt 0.28308287 0.56128138
vt 0.2828992 0.56926668
vt 0.26875442 0.57047749
vt 0.264294 0.56316859
vt 0.2797977 0.55666691
vt 0.29158071 0.56919849
vt 0.2737138 0.5740664
vt 0.25449449 0.56648439
vt 0.27486777 0.55969709
vt 0.29387498 0.56212437
vt 0.28520775 0.57023203
vt 0.25850487 0.5733695
vt 0.25341043 0.56967688
vt 0.25313556 0.56024373
vt 0.26770881 0.55694073
vt 0.29701751 0.54906213
vt 0.30352959 0.56940567
vt 0.29007822 0.57375526
vt 0.26524511 0.57990515
vt 0.24337396 0.56895375
vt 0.24634929 0.56470436
vt 0.25874209 0.55927444
vt 0.28100985 0.54923308
vt 0.30458227 0.56196952
vt 0.29559538 0.572335
vt 0.28441939 0.58462954
vt 0.27081797 0.58369577
vt 0.25782913 0.58262813
vt 0.24775334 0.57700908
vt 0.23876399 0.55857044
vt 0.25277206 0.5573737
vt 0.25425956 0.54697686
vt 0.29260832 0.53031731
vt 0.31486189 0.56423569
vt 0.30945635 0.5679993
vt 0.3047919 0.57234371
vt 0.29555473 0.57859051
vt 0.23814 0.56620884
vt 0.23444188 0.56873959
vt 0.2310205 0.56450349
vt 0.28275135 0.52818727
vt 0.31340513 0.52794212
vt 0.32539758 0.55005574
vt 0.3022818 0.58425939
vt 0.27219635 0.58678794
vt 0.26300856 0.5860498
vt 0.24839576 0.58220637
vt 0.23775186 0.58055651
vt 0.2310535 0.56125784
vt 0.24042098 0.54469198
vt 0.26741424 0.53022516
vt 0.2863017 0.52457213
vt 0.29408529 0.52594578
vt 0.32463846 0.56341416
vt 0.3141343 0.57202953
vt 0.30909532 0.57646936
vt 0.29638076 0.58775079
vt 0.28519779 0.58808804
vt 0.25583282 0.58552825
vt 0.25119665 0.58380848
vt 0.23991552 0.5832271
vt 0.22554767 0.57478863
vt 0.23452246 0.55484223
vt 0.2240985 0.56311399
vt 0.24786855 0.52752888
vt 0.27675804 0.52384901
vt 0.28143868 0.52265942
vt 0.33841619 0.53181839
vt 0.33422381 0.55868089
vt 0.32133844 0.56979537
vt 0.30279422 0.58697116
vt 0.30909339 0.58573282
vt 0.24586698 0.58560884
vt 0.22477657 0.5675354
vt 0.23282762 0.5816642
vt 0.22230318 0.55719656
vt 0.22768848 0.52549309
vt 0.25747308 0.52694499
vt 0.26745853 0.52584881
vt 0.32894203 0.52643353
vt 0.34652352 0.55133855
vt 0.33278319 0.56431979
vt 0.31845689 0.57423913
vt 0.30903518 0.5888474
vt 0.31723502 0.58493567
vt 0.23299465 0.58536834
vt 0.22742198 0.58168721
vt 0.21651049 0.56761986
vt 0.21980056 0.56447947
vt 0.21921484 0.54635036
vt 0.21388844 0.5382694
vt 0.24434906 0.52327812
vt 0.25135866 0.52157688
vt 0.26984119 0.52255267
vt 0.3430678 0.52675343
vt 0.36469209 0.55343103
vt 0.35036603 0.56290984
vt 0.32931221 0.56969869
vt 0.32235676 0.57720208
vt 0.22238979 0.58133042
vt 0.20655848 0.575436
vt 0.21420227 0.56451428
vt 0.20733695 0.555565
vt 0.21085359 0.52551627
vt 0.23718587 0.52162147
vt 0.25659722 0.52197409
vt 0.35225996 0.52894962
vt 0.37576085 0.53243476
vt 0.34100342 0.5664202
vt 0.32651064 0.57222098
vt 0.32267851 0.58702111
vt 0.33007932 0.58684671
vt 0.22222523 0.5840764
vt 0.20740411 0.56667399
vt 0.20268378 0.54540777
vt 0.21971259 0.52181858
vt 0.19342214 0.5394094
vt 0.22575937 0.51993346
vt 0.36044076 0.5304805
vt 0.37924626 0.54485655
vt 0.35676137 0.56323826
vt 0.34816915 0.56689543
vt 0.34560922 0.56926143
vt 0.33263493 0.57471222
vt 0.33652586 0.59083569
vt 0.21347658 0.58086985
vt 0.19446939 0.57412457
vt 0.20071708 0.5625664
vt 0.19417904 0.54842788
vt 0.21869825 0.51913667
vt 0.20000947 0.52427769
vt 0.3916131 0.53321671
vt 0.37472117 0.55297464
vt 0.36934474 0.56270611
vt 0.33968946 0.57196951
vt 0.33789524 0.58432412
vt 0.20244324 0.58375657
vt 0.19584686 0.57837975
vt 0.19714524 0.56673348
vt 0.19437537 0.5558722
vt 0.20880324 0.52004772
vt 0.18586884 0.52925611
vt 0.20167215 0.52027857
vt 0.38975775 0.52924913
vt 0.39494559 0.5425328
vt 0.38322163 0.55382097
vt 0.36061856 0.56706738
vt 0.35883397 0.56749988
vt 0.35026002 0.57075202
vt 0.33851799 0.57620549
vt 0.33690667 0.58961767
vt 0.34251332 0.58732629
vt 0.19881883 0.58184898
vt 0.18676256 0.57513511
vt 0.19207041 0.57094711
vt 0.19100292 0.55957305
vt 0.18987279 0.54406178
vt 0.19027916 0.55000937
vt 0.18435562 0.53649741
vt 0.19039816 0.52244538
vt 0.39906085 0.53162354
vt 0.40273836 0.53880858
vt 0.385133 0.55307662
vt 0.37833813 0.55643499
vt 0.36931553 0.56287527
vt 0.35617313 0.568955
vt 0.34710115 0.57176626
vt 0.34492317 0.574036
vt 0.34548387 0.58395493
vt 0.34579739 0.5860393
vt 0.19136775 0.58475327
vt 0.19182357 0.58242297
vt 0.19156 0.56484056
vt 0.18781747 0.57996655
vt 0.18626139 0.55437714
vt 0.17867744 0.53426409
vt 0.18036926 0.52411407
vt 0.39827839 0.54646242
vt 0.38761598 0.55184418
vt 0.3696264 0.56273693
vt 0.36945283 0.56282538
vt 0.34300911 0.57609212
vt 0.34083229 0.59038579
vt 0.34324053 0.5788269
vt 0.34577847 0.58771467
vt 0.17810036 0.56666261
vt 0.17866893 0.56207669
vt 0.18265061 0.55198932
vt 0.18503672 0.54283822
vt 0.18075173 0.54093456
vt 0.1674367 0.53346586
vt 0.17155208 0.52332407
vt 0.40753135 0.53356171
vt 0.40332404 0.54439449
vt 0.3937524 0.54857475
vt 0.33940718 0.59098518
vt 0.18646027 0.58530313
vt 0.18050119 0.58468497
vt 0.1837855 0.56422627
vt 0.17351893 0.53835046
vt 0.41149884 0.52944064
vt 0.41553017 0.5363853
vt 0.17151232 0.58081174
vt 0.18143632 0.54556108
vt 0.17679577 0.54473066
vt 0.4203836 0.53181541
vt 0.41361317 0.53930968
vt 0.18034452 0.58901405
vt 0.17472619 0.58813858
vt 0.16844423 0.56982958
vt 0.17062411 0.5641886
vt 0.17875488 0.54875535
vt 0.42528909 0.53323376
vt 0.4156647 0.53830528
vt 0.18466805 0.59085023
vt 0.1700964 0.5847621
vt 0.16640006 0.5776422
vt 0.16825725 0.56214643
vt 0.42078975 0.53592199
vt 0.41682509 0.5378046
vt 0.17736979 0.59195435
vt 0.18702778 0.58797812
vt 0.173033 0.59073496
vt 0.16604172 0.58143502
vt 0.15974315 0.57762957
vt 0.16352686 0.56584549
vt 0.15295653 0.56795764
vt 0.15561774 0.56295353
vt 0.15996756 0.58086848
vt 0.14702374 0.57262969
vt 0.15394685 0.5782572
vt 0.13965039 0.56814444
vt 0.1422251 0.56263006
vt 0.15268156 0.5821743
vt 0.14670298 0.57647187
vt 0.13508627 0.57422757
vt 0.14951642 0.57926357
vt 0.13917132 0.57776535
vt 0.13171501 0.56895638
vt 0.13636613 0.5646261
vt 0.14532681 0.58104908
vt 0.12732539 0.57588458
vt 0.12829387 0.57756162
vt 0.13605317 0.55999684
vt 0.13907652 0.58143014
vt 0.12667306 0.57066488
vt 0.13113263 0.56292188
vt 0.13051593 0.58003032
vt 0.13462631 0.56238389
vt 0.12650102 0.5652957
vt 0.88343406 0.65463465
vt 0.90130115 0.6430223
vt 0.90440571 0.67217791
vt 0.89624548 0.6808334
vt 0.90534878 0.63597649
vt 0.91339928 0.6456809
vt 0.90782082 0.6799612
vt 0.87550992 0.6828872
vt 0.88724715 0.63018429
vt 0.91008145 0.6645273
vt 0.911982 0.6743139
vt 0.86402434 0.68240666
vt 0.87077928 0.64248812
vt 0.90656435 0.62400699
vt 0.92750561 0.64392877
vt 0.92131728 0.66005999
vt 0.91244078 0.68216944
vt 0.8654269 0.66150868
vt 0.86604577 0.60643631
vt 0.93603915 0.62481266
vt 0.93795663 0.63815707
vt 0.9340319 0.66583037
vt 0.91756797 0.66648209
vt 0.91468108 0.6809274
vt 0.84805447 0.6493181
vt 0.86075401 0.64568257
vt 0.86329818 0.60843128
vt 0.93766797 0.63449085
vt 0.92061758 0.61261135
vt 0.86826169 0.60491419
vt 0.94514853 0.65174812
vt 0.92430466 0.66643822
vt 0.91836029 0.67459214
vt 0.85042298 0.68253422
vt 0.84296143 0.62801206
vt 0.96261871 0.63377416
vt 0.94659847 0.6124143
vt 0.91513807 0.59864151
vt 0.88049209 0.59647101
vt 0.95226866 0.64197433
vt 0.94856751 0.67705566
vt 0.92898703 0.67162907
vt 0.92229706 0.68047315
vt 0.83246881 0.68456161
vt 0.8510108 0.6167829
vt 0.9681955 0.62327367
vt 0.9035306 0.58055794
vt 0.89007813 0.59378481
vt 0.96576434 0.64775497
vt 0.96307337 0.66697085
vt 0.94116199 0.67963099
vt 0.9314515 0.67405182
vt 0.92683697 0.67801058
vt 0.92318392 0.6762929
vt 0.84018415 0.68577909
vt 0.82475787 0.64748847
vt 0.83709401 0.63721609
vt 0.84177977 0.62315631
vt 0.97055495 0.63977385
vt 0.94175988 0.59389389
vt 0.96584928 0.60663819
vt 0.90578157 0.57900006
vt 0.89444536 0.58683515
vt 0.88583189 0.59280252
vt 0.95649272 0.67816752
vt 0.93483138 0.68093687
vt 0.93053341 0.68265617
vt 0.82280111 0.68542945
vt 0.82699001 0.63793606
vt 0.83521694 0.62766767
vt 0.97931463 0.64024597
vt 0.94285482 0.58065951
vt 0.95340616 0.60662496
vt 0.98539221 0.62672758
vt 0.88768548 0.59157777
vt 0.88926685 0.59044361
vt 0.96997118 0.66462958
vt 0.96293211 0.6765213
vt 0.92704582 0.68167067
vt 0.80150783 0.65097618
vt 0.82392883 0.63632393
vt 0.97061455 0.65023327
vt 0.98069215 0.63406062
vt 0.98460329 0.61301148
vt 0.91175914 0.57483363
vt 0.88877511 0.59080398
vt 0.97419715 0.66882515
vt 0.97214252 0.67760396
vt 0.80340523 0.64964759
vt 0.80115938 0.6512078
vt 0.82130098 0.63817972
vt 0.98272258 0.64096159
vt 0.9577632 0.57301784
vt 0.99002606 0.62118244
vt 0.97879058 0.60449409
vt 0.98520631 0.6355598
vt 0.93738788 0.55715197
vt 0.81228095 0.64370668
vt 0.80877697 0.68291408
vt 0.96909946 0.58998173
vt 0.95198721 0.56433904
vt 0.99305773 0.62592632
vt 0.97379541 0.59690797
vt 0.99643737 0.63060474
vt 0.79972792 0.65220237
vt 0.94404596 0.55254263
vt 0.78373897 0.68501699
vt 0.79714829 0.68483901
vt 0.7719599 0.67142105
vt 0.75465238 0.68363798
vt 0.75465113 0.68566525
vt 0.75160831 0.6857667
vt 0.013169548 0.47533178
vt 0.01965032 0.47770852
vt 0.012509298 0.48684585
vt 0.017357182 0.46809417
vt 0.022878436 0.49031746
vt 0.025534356 0.48319489
vt 0.011104349 0.46832037
vt 0.035944302 0.4826926
vt 0.011659075 0.46063513
vt 0.028909862 0.48921657
vt 0.04604416 0.4769308
vt 0.011617165 0.44781029
vt 0.025877701 0.49213314
vt 0.024964044 0.44888699
vt 0.04352393 0.48609555
vt 0.037983827 0.48759919
vt 0.049723398 0.43249083
vt 0.058003865 0.48387569
vt 0.035763387 0.49191099
vt 0.012989882 0.43064809
vt 0.053049363 0.40988606
vt 0.070040032 0.45626444
vt 0.06062128 0.49740213
vt 0.020294564 0.41624069
vt 0.087542892 0.43600768
vt 0.047833335 0.49795818
vt 0.068059973 0.48503441
vt 0.073519967 0.48417068
vt 0.0084515149 0.41838151
vt 0.018032357 0.39543402
vt 0.089063928 0.40945745
vt 0.10785113 0.4616639
vt 0.086879455 0.48278183
vt 0.012291676 0.40620339
vt 0.03304182 0.39199126
vt 0.076165974 0.40109462
vt 0.11333828 0.41085869
vt 0.10476517 0.48117036
vt 0.12789753 0.46322596
vt 0.079154857 0.49537867
vt 0.10277212 0.48284757
vt 0.086443357 0.49274826
vt 0.0080337059 0.4099769
vt 0.022715256 0.38957196
vt 0.047141615 0.39913964
vt 0.01049903 0.39896226
vt 0.066015802 0.39633811
vt 0.094603062 0.40081531
vt 0.12927794 0.41187376
vt 0.10725319 0.47921264
vt 0.13033611 0.46139145
vt 0.11847842 0.47044367
vt 0.084229149 0.49403703
vt 0.093456849 0.48867238
vt 0.0045615234 0.40143257
vt 0.0087363804 0.38984013
vt 0.040164437 0.38892293
vt 0.056217272 0.39041078
vt 0.0067025553 0.39264131
vt 0.085867636 0.39277214
vt 0.13183728 0.40342873
vt 0.11362016 0.39653778
vt 0.081616461 0.49557471
vt 0.070125178 0.38656509
vt 0.074603006 0.38683784
vt 0.10176372 0.38877976
vt 0.13378377 0.45871568
vt 0.14090982 0.41128796
vt 0.051416434 0.38653761
vt 0.0017309709 0.39318454
vt 0.080989666 0.38574785
vt 0.096896723 0.38618141
vt 0.13502736 0.4577089
vt 0.13248166 0.38681394
vt 0.15234905 0.39978528
vt 0.11448604 0.3872382
vt 0.089683361 0.38612157
vt 0.10093224 0.38469493
vt 0.14809264 0.38646144
vt 0.16441214 0.41017407
vt 0.13966264 0.4541353
vt 0.11838415 0.38296521
vt 0.13662265 0.37675232
vt 0.16099957 0.38658839
vt 0.16740052 0.39776444
vt 0.1258647 0.38086605
vt 0.14638951 0.37483436
vt 0.15580876 0.37827563
vt 0.18302242 0.39628029
vt 0.17013235 0.43035048
vt 0.13778983 0.3675946
vt 0.13164036 0.37079239
vt 0.16782217 0.37118506
vt 0.17810453 0.38531613
vt 0.19661941 0.4089995
vt 0.14376722 0.3674953
vt 0.15142824 0.36678904
vt 0.1241492 0.36891109
vt 0.15693225 0.36876059
vt 0.20962337 0.39509994
vt 0.20050539 0.38517815
vt 0.19632319 0.40985864
vt 0.12281208 0.37429804
vt 0.1862516 0.3747533
vt 0.21174586 0.39824796
vt 0.19765951 0.40882766
vt 0.11831475 0.3682664
vt 0.19787306 0.4086476
vt 0.21678855 0.39471096
vt 0.21875942 0.38404661
vt 0.22242971 0.39013064
vt 0.9210701 0.98731381
vt 0.91211849 0.98688346
vt 0.93111658 0.98033607
vt 0.93165147 0.98409903
vt 0.92208767 0.97259867
vt 0.94060749 0.98083586
vt 0.90647465 0.97668016
vt 0.89629769 0.98877156
vt 0.89610696 0.97138172
vt 0.93842137 0.97186178
vt 0.90000552 0.99237823
vt 0.89137155 0.97605234
vt 0.90503091 0.96486068
vt 0.93104619 0.96813148
vt 0.94289392 0.9770503
vt 0.89220136 0.99383581
vt 0.88946646 0.98851478
vt 0.89081156 0.96351922
vt 0.92732775 0.96051472
vt 0.88025552 0.97123331
vt 0.94012243 0.9649598
vt 0.87677908 0.97968161
vt 0.90142936 0.92781347
vt 0.92036748 0.94589871
vt 0.87704837 0.9770053
vt 0.8817935 0.99749064
vt 0.87748033 0.98130488
vt 0.87839818 0.96931994
vt 0.87664318 0.93976927
vt 0.9366743 0.95554215
vt 0.87684476 0.97179759
vt 0.87923557 0.99646652
vt 0.87954628 0.99321061
vt 0.88052362 0.9652825
vt 0.9382171 0.92296821
vt 0.87795615 0.95110667
vt 0.87974167 0.92327726
vt 0.93457729 0.93707031
vt 0.9419927 0.95844543
vt 0.87916261 0.99843723
vt 0.88032061 0.96035314
vt 0.91122913 0.91464901
vt 0.87985194 0.91578275
vt 0.94119442 0.94689345
vt 0.94244903 0.95206857
vt 0.92402893 0.89527035
vt 0.94182813 0.93764764
vt 0.8925184 0.89564216
vt 0.9380123 0.90591186
vt 0.94285965 0.92711294
vt 0.8783133 0.89182448
vt 0.94382966 0.94279325
vt 0.93911332 0.87398583
vt 0.94090807 0.88922435
vt 0.94224954 0.90529591
vt 0.87944347 0.88522315
vt 0.92484921 0.8600322
vt 0.94302541 0.89328587
vt 0.87926793 0.85237294
vt 0.94295293 0.88308781
vt 0.90485841 0.86605865
vt 0.93965518 0.84268934
vt 0.94292021 0.87879187
vt 0.90595138 0.83089137
vt 0.94474548 0.85719168
vt 0.92447305 0.83258879
vt 0.87910342 0.84642941
vt 0.94344383 0.87448967
vt 0.94334137 0.86841583
vt 0.94302505 0.84566629
vt 0.93541288 0.8307972
vt 0.87913126 0.84373581
vt 0.91065389 0.82689601
vt 0.94139677 0.83139706
vt 0.92970181 0.82919514
vt 0.87921911 0.83998829
vt 0.92247415 0.82765388
vt 0.89924896 0.8231613
vt 0.8843953 0.82907993
vt 0.89827663 0.82854033
vt 0.87933004 0.82978749
vt 0.88974518 0.82527792
vt 0.88160896 0.82296318
vt 0.89380622 0.81959617
vt 0.88709217 0.82014072
vt 0.88434827 0.81960684
vt 0.88705438 0.81918561
vt 0.88545561 0.81822044
vt 0.89152056 0.81849438
vt 0.0048773102 0.85260218
vt 0.0021384479 0.8557846
vt 0.0054049324 0.84685463
vt 0.0098291468 0.84630001
vt 0.0052734697 0.85780835
vt 0.010077147 0.85530567
vt 0.0054530026 0.83598322
vt 0.0034222065 0.86580062
vt 0.015825927 0.85027039
vt 0.0097756134 0.83473849
vt 0.0091713443 0.86250061
vt 0.01493548 0.83463651
vt 0.014503483 0.85973585
vt 0.0055359774 0.82755589
vt 0.0055923769 0.88005608
vt 0.012182141 0.83065522
vt 0.001575465 0.87708008
vt 0.01389184 0.8646369
vt 0.0028648167 0.88425726
vt 0.0088376682 0.88549542
vt 0.014330348 0.87306225
vt 0.0029575319 0.889292
vt 0.016793959 0.86796182
vt 0.015159526 0.88400161
vt 0.0082651684 0.8924228
vt 0.013022199 0.89025944
vt 0.0030062993 0.89414686
vt 0.017083842 0.89130598
vt 0.012839071 0.89853364
vt 0.004234734 0.89989984
vt 0.001777516 0.90151942
vt 0.018337751 0.89716631
vt 0.0063436003 0.9040255
vt 0.016774096 0.90380144
vt 0.0091981012 0.91164511
vt 0.0022766995 0.90929395
vt 0.015322787 0.91203314
vt 0.0057647931 0.90825528
vt 0.013094315 0.91885638
vt 0.0050552036 0.91671264
vt 0.017765841 0.91683102
vt 0.017516525 0.9276377
vt 0.0075159455 0.92313927
vt 0.014304645 0.93414944
vt 0.005813702 0.93459666
vt 0.001915918 0.93495584
vt 0.014835133 0.94609553
vt 0.0046447772 0.94273239
vt 0.0035726121 0.9472605
vt 0.005441227 0.95309669
vt 0.014283461 0.95305336
vt 0.01715108 0.94809586
vt 0.0089229839 0.95919144
vt 0.0028915815 0.95931292
vt 0.016865119 0.96293575
vt 0.0054552867 0.96063769
vt 0.013223072 0.96582109
vt 0.0044334335 0.97138143
vt 0.01775323 0.96678644
vt 0.011404432 0.97374272
vt 0.016026426 0.97090065
vt 0.0070838784 0.97475612
vt 0.016334169 0.9783628
vt 0.0056087733 0.97915226
vt 0.016019177 0.99539918
vt 0.0062623117 0.98740721
vt 0.0043819044 0.99425048
vt 0.0028808347 0.98494095
vt 0.0068172235 0.99805796
vt 0.002315141 0.98834783
vt 0.90252763 0.50644213
vt 0.90620893 0.50907063
vt 0.90291357 0.51569664
vt 0.89733523 0.51571268
vt 0.90827107 0.50482166
vt 0.90024263 0.52148575
vt 0.89509445 0.50630844
vt 0.90730506 0.49627417
vt 0.89895219 0.52906579
vt 0.88802058 0.52432489
vt 0.90055317 0.49282676
vt 0.90992171 0.50117987
vt 0.90206569 0.52494895
vt 0.87391353 0.50843388
vt 0.9100498 0.49613154
vt 0.90497702 0.48671466
vt 0.89205176 0.53391361
vt 0.90231746 0.5288161
vt 0.88084704 0.52666539
vt 0.87787259 0.49430352
vt 0.90910006 0.48975921
vt 0.90025699 0.47739798
vt 0.89579487 0.53485799
vt 0.86790466 0.52525914
vt 0.87323713 0.49584484
vt 0.88362569 0.47832888
vt 0.90655535 0.47297007
vt 0.89027953 0.47931141
vt 0.89819652 0.54199952
vt 0.87410998 0.54107636
vt 0.86065829 0.51818955
vt 0.86691737 0.51047599
vt 0.87784576 0.48243278
vt 0.89607906 0.46655649
vt 0.90077442 0.46632612
vt 0.89723241 0.54627901
vt 0.89088947 0.5498265
vt 0.86820638 0.53613198
vt 0.86133033 0.53173304
vt 0.86019385 0.50308806
vt 0.8671034 0.48777145
vt 0.8868292 0.46870214
vt 0.87873793 0.46947867
vt 0.90103847 0.45997405
vt 0.88005549 0.56012988
vt 0.86858398 0.54397386
vt 0.85410863 0.52135706
vt 0.85974103 0.5134365
vt 0.87406558 0.47677273
vt 0.89263499 0.45919991
vt 0.90723222 0.46612233
vt 0.89902502 0.55448627
vt 0.89453113 0.55947256
vt 0.87007707 0.55515301
vt 0.86834544 0.5492686
vt 0.8648591 0.53895164
vt 0.85418802 0.51076853
vt 0.8477807 0.52971148
vt 0.86125141 0.4877063
vt 0.86890262 0.47975028
vt 0.88294172 0.45373714
vt 0.87259108 0.46552062
vt 0.89564377 0.45099515
vt 0.88803202 0.45806175
vt 0.90462172 0.4526993
vt 0.86039996 0.53683817
vt 0.84566587 0.51763833
vt 0.84960228 0.53431576
vt 0.8460573 0.5056237
vt 0.88994187 0.44889992
vt 0.89981663 0.55782771
vt 0.86483788 0.55325139
vt 0.83638299 0.53127432
vt 0.85139906 0.48470825
vt 0.85850018 0.46688044
vt 0.86614454 0.45488298
vt 0.90275139 0.44404548
vt 0.89308059 0.44429165
vt 0.85360265 0.54081154
vt 0.83782345 0.51050508
vt 0.83715296 0.54260623
vt 0.83237022 0.52014768
vt 0.8809126 0.44624013
vt 0.88810557 0.44351256
vt 0.85157704 0.54727411
vt 0.86243057 0.54188961
vt 0.84036541 0.54745388
vt 0.82923752 0.54663813
vt 0.82649934 0.52981734
vt 0.83335751 0.4878813
vt 0.83498794 0.46785909
vt 0.85207593 0.45877683
vt 0.87663543 0.44447434
vt 0.81429607 0.50762701
vt 0.82509404 0.54296172
vt 0.8281939 0.53538525
vt 0.82081091 0.52361649
vt 0.81951302 0.48678583
vt 0.85042661 0.46497947
vt 0.85116047 0.44692582
vt 0.86468494 0.44604743
vt 0.84050953 0.55029148
vt 0.86311156 0.54751873
vt 0.83202302 0.55122614
vt 0.82380736 0.54646277
vt 0.82332277 0.53993273
vt 0.81969094 0.54165959
vt 0.83518398 0.45642287
vt 0.85389549 0.5532521
vt 0.85581046 0.55197793
vt 0.80902416 0.4875651
vt 0.81394827 0.52693331
vt 0.82559323 0.55078852
vt 0.82527089 0.54880661
vt 0.82116014 0.54461646
vt 0.8111611 0.53376925
vt 0.82047504 0.46515393
vt 0.82141548 0.44790459
vt 0.86363065 0.55100375
vt 0.80322146 0.49913669
vt 0.80077505 0.48546082
vt 0.79870021 0.52921748
vt 0.80755621 0.54288757
vt 0.82014227 0.4598695
vt 0.80049568 0.47036678
vt 0.79852998 0.52892613
vt 0.79065186 0.48936296
vt 0.79885101 0.52948594
vt 0.81533211 0.5450964
vt 0.80536383 0.53986531
vt 0.80856609 0.54426646
vt 0.79640287 0.46130556
vt 0.79836786 0.52866375
vt 0.78148937 0.50127447
vt 0.79224128 0.48041248
vt 0.80926502 0.44877136
vt 0.78092259 0.5004403
vt 0.7821731 0.48947275
vt 0.77914065 0.46836054
vt 0.8112368 0.54805017
vt 0.79963923 0.44676924
vt 0.78038728 0.4995988
vt 0.77417457 0.49022204
vt 0.77307653 0.48837405
vt 0.76505172 0.46039438
vt 0.78684914 0.45122606
vt 0.77076501 0.48392248
vt 0.77148908 0.4529267
vt 0.76334 0.46997046
vt 0.79123652 0.44749904
vt 0.76408011 0.44947785
vt 0.76172298 0.46724975
vt 0.77799046 0.44953656
vt 0.78101236 0.44702393
vt 0.76840019 0.44806969
vt 0.75203854 0.45011157
vt 0.75438052 0.4543606
vt 0.95000708 0.77288795
vt 0.94720471 0.77759099
vt 0.94442534 0.76905692
vt 0.95229554 0.7661342
vt 0.95108134 0.78170413
vt 0.94228077 0.77912343
vt 0.94667274 0.7629655
vt 0.95852745 0.77033287
vt 0.9616825 0.77931589
vt 0.94739777 0.78828806
vt 0.93685645 0.77238274
vt 0.95232075 0.76093781
vt 0.96372092 0.76168537
vt 0.95457089 0.78996414
vt 0.93813795 0.78447932
vt 0.93205541 0.76744914
vt 0.94867063 0.7546649
vt 0.96182626 0.75827682
vt 0.97997427 0.76291567
vt 0.97007799 0.77647477
vt 0.96140486 0.79348147
vt 0.9502632 0.79356098
vt 0.94466215 0.79388142
vt 0.93250138 0.77381122
vt 0.9343667 0.76062542
vt 0.94524348 0.74675786
vt 0.9567892 0.75384903
vt 0.96010143 0.75477237
vt 0.966111 0.75600791
vt 0.96867013 0.78406656
vt 0.96292698 0.78460908
vt 0.92777812 0.76526809
vt 0.95161766 0.74749762
vt 0.95395291 0.75140047
vt 0.98255068 0.77364832
vt 0.97543931 0.75296521
vt 0.96753341 0.79011732
vt 0.9618116 0.79960859
vt 0.94909555 0.80200553
vt 0.92619252 0.76005197
vt 0.92874789 0.75351524
vt 0.95000112 0.73697579
vt 0.95878768 0.74799007
vt 0.96384913 0.74860734
vt 0.9707787 0.74332321
vt 0.96785122 0.79376626
vt 0.96743226 0.79864591
vt 0.95844126 0.81006658
vt 0.92451292 0.76296091
vt 0.93629181 0.73706305
vt 0.94472063 0.73544478
vt 0.95466322 0.74205339
vt 0.96394956 0.80309308
vt 0.91838139 0.75829411
vt 0.91934514 0.76267755
vt 0.9315871 0.74272674
vt 0.94998771 0.71431243
vt 0.95672679 0.73503357
vt 0.96291649 0.74210572
vt 0.9157021 0.74944025
vt 0.93413556 0.73019171
vt 0.92577595 0.74541688
vt 0.92612636 0.7366932
vt 0.93915635 0.72401166
vt 0.96903914 0.73549062
vt 0.90569365 0.75812089
vt 0.91236377 0.76691759
vt 0.95735085 0.7234472
vt 0.94251734 0.71596503
vt 0.9611237 0.72724789
vt 0.90314436 0.76467001
vt 0.90112466 0.74459422
vt 0.91985601 0.73790503
vt 0.93457711 0.71863544
vt 0.92017424 0.72463804
vt 0.95713234 0.71545982
vt 0.94354266 0.71135902
vt 0.96434438 0.72686237
vt 0.96180588 0.72055644
vt 0.95479071 0.70874017
vt 0.95068413 0.70592117
vt 0.89012802 0.76595789
vt 0.91165698 0.73117042
vt 0.93377036 0.71539938
vt 0.96033233 0.71610129
vt 0.89343393 0.76912081
vt 0.88645172 0.75049734
vt 0.89840829 0.73719871
vt 0.9256019 0.7177847
vt 0.91503495 0.72409093
vt 0.95322698 0.70457125
vt 0.89046651 0.77252752
vt 0.89093155 0.74369508
vt 0.87913299 0.76133597
vt 0.89415115 0.73904604
vt 0.90549636 0.73121619
vt 0.90836591 0.72758961
vt 0.88516861 0.77166903
vt 0.89533204 0.73715496
vt 0.89940059 0.73278797
vt 0.87833071 0.76255894
vt 0.8971321 0.73410708
vt 0.87672293 0.76469761
vt 0.35739455 0.66652131
vt 0.34820801 0.66703898
vt 0.34910247 0.65905184
vt 0.35632414 0.65908551
vt 0.35121399 0.67491806
vt 0.34063444 0.66009545
vt 0.35235038 0.65310681
vt 0.35803241 0.66125095
vt 0.35509974 0.67757297
vt 0.34389701 0.67518961
vt 0.33336878 0.66784132
vt 0.32964432 0.64632106
vt 0.34424892 0.64873677
vt 0.3700856 0.65343171
vt 0.36410299 0.65844721
vt 0.3638244 0.66606867
vt 0.35336214 0.68276292
vt 0.34647775 0.67950141
vt 0.33837628 0.67300451
vt 0.3296223 0.656757
vt 0.35276827 0.63842642
vt 0.37573096 0.64544487
vt 0.34108165 0.67926848
vt 0.33532631 0.6792078
vt 0.32564858 0.66161579
vt 0.3304581 0.67577672
vt 0.34197611 0.6396274
vt 0.32646239 0.650626
vt 0.37437463 0.66011745
vt 0.3753424 0.65384769
vt 0.31973195 0.66579014
vt 0.31876415 0.650567
vt 0.33107397 0.63504517
vt 0.35979199 0.63221192
vt 0.34240136 0.62991875
vt 0.38277668 0.65376472
vt 0.33237901 0.68595463
vt 0.31885213 0.66213274
vt 0.31731984 0.6718393
vt 0.35122132 0.62835062
vt 0.36753419 0.63131201
vt 0.38015929 0.65819347
vt 0.38284999 0.64583504
vt 0.32692426 0.6793766
vt 0.31692392 0.66361654
vt 0.31671131 0.65756613
vt 0.31530362 0.66847873
vt 0.3533988 0.62655586
vt 0.35907349 0.62804329
vt 0.37499779 0.62818503
vt 0.34722558 0.62300056
vt 0.38340718 0.63982791
vt 0.38929451 0.65401471
vt 0.38531342 0.66228712
vt 0.31531096 0.65343255
vt 0.31470859 0.66861689
vt 0.31752512 0.67382717
vt 0.36585525 0.62472284
vt 0.39007899 0.64521599
vt 0.31469685 0.65164673
vt 0.31469694 0.65333104
vt 0.31470978 0.67066115
vt 0.31470987 0.67163754
vt 0.37517717 0.61665714
vt 0.38927984 0.63129652
vt 0.39424336 0.65175921
vt 0.31469902 0.65590799
vt 0.31470984 0.67262107
vt 0.37632516 0.6165849
vt 0.36844942 0.61757445
vt 0.38617855 0.6269871
vt 0.3961789 0.63551056
vt 0.39220515 0.65843558
vt 0.40116441 0.64550823
vt 0.3773393 0.61661536
vt 0.39438999 0.62478971
vt 0.39818776 0.62918317
vt 0.40189758 0.63770306
vt 0.40304863 0.64874053
vt 0.38934243 0.61689758
vt 0.40590799 0.64037836
vt 0.39878896 0.62675965
vt 0.39028636 0.61683095
vt 0.40750629 0.64145076
vt 0.41061488 0.63421351
vt 0.40128171 0.62092942
vt 0.39186618 0.61668801
vt 0.40642852 0.62682259
vt 0.41277039 0.62365729
vt 0.40819544 0.6225642
vt 0.39952347 0.61627853
vt 0.41370884 0.63088334
vt 0.4127264 0.6190303
vt 0.40231431 0.61637008
vt 0.41646552 0.62928271
vt 0.41507253 0.63387853
vt 0.41158822 0.61688173
vt 0.41858438 0.62246156
vt 0.41306365 0.63570511
vt 0.41494611 0.61710519
vt 0.41834939 0.61751795
vt 0.081562713 0.94479996
vt 0.086375445 0.95018077
vt 0.078692488 0.94939506
vt 0.075534217 0.94215488
vt 0.081092931 0.95714068
vt 0.070176221 0.95195377
vt 0.079090536 0.93737
vt 0.072039068 0.95851904
vt 0.062311999 0.94651192
vt 0.073239066 0.93722141
vt 0.07911174 0.9618901
vt 0.069146238 0.9383176
vt 0.063860327 0.95460236
vt 0.069522485 0.9568435
vt 0.070688166 0.93307531
vt 0.073473245 0.96611792
vt 0.063284434 0.9387787
vt 0.065965042 0.95918256
vt 0.073811091 0.926144
vt 0.069330543 0.9626016
vt 0.060483083 0.94062376
vt 0.066427968 0.93295956
vt 0.065685049 0.92492658
vt 0.069806136 0.96662945
vt 0.056333523 0.93598533
vt 0.060870323 0.92696416
vt 0.064124413 0.9579457
vt 0.067809619 0.91155195
vt 0.053494602 0.92800677
vt 0.059860542 0.91417223
vt 0.045732088 0.92251533
vt 0.056398295 0.92287761
vt 0.058491495 0.90256643
vt 0.046729438 0.91765231
vt 0.052714847 0.91079497
vt 0.043048415 0.91676217
vt 0.053610977 0.90230465
vt 0.039708711 0.90635985
vt 0.04879408 0.90178716
vt 0.054522656 0.89582968
vt 0.034095757 0.90582925
vt 0.036833655 0.88928187
vt 0.034006368 0.90347409
vt 0.047589347 0.89019036
vt 0.041317359 0.88479251
vt 0.032991312 0.89695382
vt 0.8180778 0.60178351
vt 0.80538744 0.60889149
vt 0.80213904 0.59613216
vt 0.80481577 0.58869147
vt 0.81239432 0.61369014
vt 0.79537433 0.60113484
vt 0.79378235 0.58752668
vt 0.82000816 0.59624708
vt 0.82065243 0.61328173
vt 0.8052305 0.61728549
vt 0.79591626 0.61030221
vt 0.79351836 0.59338689
vt 0.79638833 0.58040905
vt 0.81584853 0.57860118
vt 0.8244155 0.5977571
vt 0.82372195 0.61164027
vt 0.81530857 0.61961162
vt 0.80084217 0.61222851
vt 0.80907214 0.62161148
vt 0.78564799 0.61008722
vt 0.77547449 0.59878403
vt 0.78736174 0.588256
vt 0.80030376 0.57857907
vt 0.79088295 0.58316147
vt 0.81377786 0.57104945
vt 0.822281 0.58367085
vt 0.8189404 0.62298656
vt 0.79678756 0.61533928
vt 0.80631751 0.6206007
vt 0.78679681 0.58501327
vt 0.80421662 0.57593423
vt 0.78967834 0.58340931
vt 0.81137532 0.5705086
vt 0.82521212 0.56829727
vt 0.82974905 0.57537043
vt 0.80304778 0.62106752
vt 0.77302766 0.60898447
vt 0.77758813 0.5902766
vt 0.78356695 0.58636713
vt 0.81286001 0.56927836
vt 0.81691194 0.56642461
vt 0.76601303 0.59810483
vt 0.77127284 0.5946722
vt 0.82358885 0.5622046
vt 0.82943845 0.56448972
vt 0.76321727 0.60070288
vt 0.82591927 0.56127459
vt 0.7560277 0.60585481
vt 0.75454164 0.60927659
vt 0.75214303 0.60897338
vt 0.26183584 0.48670852
vt 0.2758514 0.49438953
vt 0.26666012 0.49517149
vt 0.25693369 0.4932518
vt 0.27635714 0.48050708
vt 0.26960778 0.49795443
vt 0.2622478 0.49716085
vt 0.25485852 0.48400933
vt 0.28083393 0.48198771
vt 0.26057896 0.48000193
vt 0.27715158 0.49593896
vt 0.25791308 0.49751729
vt 0.28360412 0.47609544
vt 0.29517263 0.48963755
vt 0.27071688 0.47728908
vt 0.25215864 0.47657108
vt 0.27467677 0.47205514
vt 0.2916407 0.47937375
vt 0.26291296 0.47229409
vt 0.2877233 0.49609315
vt 0.25241676 0.47092557
vt 0.28067529 0.47057712
vt 0.29083049 0.47238356
vt 0.29862973 0.4743042
vt 0.29623374 0.49384528
vt 0.27719539 0.46435821
vt 0.30554867 0.48569113
vt 0.25981754 0.46448779
vt 0.26633599 0.46503431
vt 0.30703512 0.49087328
vt 0.28279307 0.46032226
vt 0.28952226 0.46462548
vt 0.29891911 0.46849394
vt 0.31147671 0.47218275
vt 0.25317964 0.46528327
vt 0.30666971 0.49426126
vt 0.27389628 0.45762908
vt 0.27668568 0.45778877
vt 0.30977291 0.48428845
vt 0.25709352 0.46084929
vt 0.26308501 0.46112978
vt 0.31142929 0.4904328
vt 0.28995758 0.46048981
vt 0.28883213 0.45014441
vt 0.29608425 0.46269196
vt 0.31118062 0.45374209
vt 0.31576195 0.4758606
vt 0.25344133 0.45691746
vt 0.29015589 0.45483619
vt 0.30339393 0.4530552
vt 0.32718083 0.46182162
vt 0.32490048 0.47108406
vt 0.32708523 0.46363974
vt 0.32883975 0.440611
vt 0.30774236 0.43725854
vt 0.32875496 0.44028497
vt 0.32737118 0.46583164
vt 0.32060564 0.43500048
vt 0.32782111 0.47128129
vt 0.31592271 0.43020451
vt 0.32783723 0.43830782
vt 0.32118863 0.42705065
vt 0.32462144 0.43090969
vt 0.32323635 0.42926508
vt 0.31710166 0.42715037
vt 0.12601057 0.94027555
vt 0.13245842 0.94083947
vt 0.13069035 0.94912493
vt 0.12086365 0.9465543
vt 0.13175741 0.93522549
vt 0.14481235 0.94963819
vt 0.1209319 0.94064361
vt 0.12275907 0.95917565
vt 0.1383688 0.93317914
vt 0.13966742 0.93603551
vt 0.13508947 0.96134472
vt 0.11278897 0.94329739
vt 0.12796415 0.96361685
vt 0.11609734 0.95789975
vt 0.14544016 0.9403162
vt 0.13997936 0.96449548
vt 0.11064585 0.94711596
vt 0.11865287 0.96377391
vt 0.14411496 0.93376255
vt 0.15194261 0.94546056
vt 0.15029344 0.95970261
vt 0.13347535 0.96686059
vt 0.1291271 0.96639222
vt 0.10674875 0.95202267
vt 0.11389188 0.96559882
vt 0.15137002 0.93514872
vt 0.13940682 0.93325156
vt 0.15246122 0.95661998
vt 0.1527832 0.96614599
vt 0.1427052 0.96664202
vt 0.10568784 0.96027994
vt 0.10239977 0.95001537
vt 0.14637339 0.93039519
vt 0.15441339 0.93999404
vt 0.097315341 0.9539305
vt 0.1069358 0.9656058
vt 0.15420882 0.93149263
vt 0.15612392 0.93722886
vt 0.15657985 0.9440679
vt 0.095447131 0.96413952
vt 0.15888229 0.94022691
vt 0.16118793 0.9349702
vt 0.16228607 0.94287342
vt 0.16180362 0.92938483
vt 0.16818595 0.94005215
vt 0.16796082 0.93109924
vt 0.16824746 0.9418844
vt 0.16978064 0.93719399
vt 0.17165169 0.92887938
vt 0.45516151 0.99142653
vt 0.4555842 0.98876238
vt 0.46105123 0.99065584
vt 0.46524465 0.99406868
vt 0.44787782 0.98775089
vt 0.46231389 0.9789843
vt 0.47182909 0.99181962
vt 0.45576653 0.98298198
vt 0.4784472 0.97982955
vt 0.47469488 0.99803758
vt 0.44989774 0.98038024
vt 0.47556677 0.97510695
vt 0.45850196 0.97945833
vt 0.48164657 0.98383629
vt 0.48277289 0.99042517
vt 0.44323087 0.98122573
vt 0.45681092 0.97645825
vt 0.46624538 0.97491205
vt 0.48514944 0.97211498
vt 0.44199297 0.98974794
vt 0.49032816 0.98045653
vt 0.49227932 0.98338372
vt 0.43931368 0.98627478
vt 0.4924823 0.968463
vt 0.43997094 0.99022818
vt 0.49441651 0.97379953
vt 0.49340197 0.97930396
vt 0.49585822 0.96746767
vt 0.49792823 0.98385793
vt 0.49841255 0.96846449
vt 0.5008865 0.97779858
vt 0.97529012 0.98718375
vt 0.97070473 0.98772675
vt 0.97074068 0.98096722
vt 0.97832131 0.9758473
vt 0.97580135 0.99179077
vt 0.96336806 0.98372877
vt 0.96789604 0.97731787
vt 0.98445952 0.98020309
vt 0.97971362 0.98723251
vt 0.971569 0.99570489
vt 0.95822257 0.98703754
vt 0.98532093 0.97360402
vt 0.98211676 0.99266386
vt 0.96509266 0.99373454
vt 0.97975236 0.99685532
vt 0.95363659 0.99167901
vt 0.9562099 0.98106897
vt 0.95769924 0.97852135
vt 0.98876417 0.98272669
vt 0.98536825 0.98535591
vt 0.97213167 0.99832565
vt 0.95499653 0.98428923
vt 0.99430782 0.97851694
vt 0.99582767 0.98568302
vt 0.98390418 0.99761778
vt 0.95512331 0.99592602
vt 0.95011163 0.98637098
vt 0.99183446 0.99312377
vt 0.95126045 0.99400365
vt 0.9466275 0.98281777
vt 0.94612908 0.9934153
vt 0.94352496 0.98825109
vt 0.93961269 0.99347264
vt 0.47585487 0.93348402
vt 0.4798995 0.93937898
vt 0.47194663 0.94342911
vt 0.466153 0.94106412
vt 0.47665238 0.94379598
vt 0.46312761 0.93324488
vt 0.46429595 0.95025414
vt 0.47420174 0.94832903
vt 0.48285842 0.94376826
vt 0.46258092 0.93860012
vt 0.46959043 0.94995373
vt 0.44771522 0.94901001
vt 0.45547387 0.94085974
vt 0.46971202 0.9561758
vt 0.44524851 0.95496833
vt 0.4593142 0.95853406
vt 0.45016387 0.95786458
vt 0.43913943 0.9496696
vt 0.44815969 0.94476551
vt 0.48809421 0.95275009
vt 0.46473968 0.96616918
vt 0.44389796 0.95883274
vt 0.44256452 0.94336927
vt 0.43950555 0.95699483
vt 0.44810569 0.94047838
vt 0.48297098 0.96021676
vt 0.45656937 0.96684688
vt 0.45233506 0.96233809
vt 0.48706341 0.9591251
vt 0.49269754 0.95365614
vt 0.10114709 0.93154448
vt 0.0952546 0.93050766
vt 0.10213166 0.92489862
vt 0.10897143 0.92383945
vt 0.097798072 0.9353261
vt 0.10097554 0.91968489
vt 0.10666665 0.92093796
vt 0.10717385 0.91316587
vt 0.11384952 0.91572422
vt 0.10219134 0.91071934
vt 0.11508023 0.89563751
vt 0.10396654 0.90559512
vt 0.12068929 0.90659457
vt 0.11052287 0.89716661
vt 0.12403086 0.89820337
vt 0.12288219 0.89218408
vt 0.12058487 0.88791764
vt 0.12699202 0.89694285
vt 0.12893133 0.88199532
vt 0.1285733 0.89157993
vt 0.13195217 0.88853669
vt 0.18403618 0.94687897
vt 0.1875574 0.94089293
vt 0.19194016 0.94277346
vt 0.19048634 0.95148164
vt 0.18233022 0.93918121
vt 0.19368999 0.93395263
vt 0.20008078 0.94069475
vt 0.17508173 0.95586455
vt 0.17578802 0.94335735
vt 0.18532342 0.93651104
vt 0.19758976 0.93617117
vt 0.19707468 0.94913751
vt 0.17224212 0.9527626
vt 0.18312143 0.96081561
vt 0.16647036 0.94229847
vt 0.17367336 0.94653028
vt 0.19987974 0.92901355
vt 0.20380555 0.93572176
vt 0.20499748 0.94358891
vt 0.19331518 0.96124625
vt 0.16722763 0.95746297
vt 0.17504717 0.95827556
vt 0.20766082 0.94816363
vt 0.19961673 0.95850772
vt 0.16762003 0.95049983
vt 0.1878746 0.96653157
vt 0.18094513 0.96591103
vt 0.20578144 0.93116891
vt 0.20956539 0.93543351
vt 0.21196222 0.94167209
vt 0.20188275 0.95474184
vt 0.1617212 0.95120353
vt 0.16954139 0.96151531
vt 0.15794079 0.96009868
vt 0.15974228 0.96295381
vt 0.23158772 0.96118301
vt 0.22653475 0.9690274
vt 0.22644895 0.96370947
vt 0.22335362 0.95926362
vt 0.23327641 0.9712624
vt 0.22120886 0.96578908
vt 0.24085151 0.96755302
vt 0.22588728 0.97512448
vt 0.22181256 0.97188038
vt 0.21610437 0.96230906
vt 0.21560648 0.96884871
vt 0.21933359 0.97778541
vt 0.21098594 0.96566921
vt 0.21216358 0.97935361
vt 0.20654185 0.97066349
vt 0.20343962 0.97899729
vt 0.20320129 0.96584702
vt 0.20412232 0.98242718
vt 0.19903913 0.97292501
vt 0.1964175 0.97014356
vt 0.19685709 0.9797796
vt 0.18990222 0.982449
vt 0.74769402 0.99085546
vt 0.74517149 0.99789733
vt 0.7410962 0.99177712
vt 0.74775231 0.9864316
vt 0.74987167 0.99556875
vt 0.73980337 0.99703938
vt 0.7579453 0.98580384
vt 0.75829399 0.99299127
vt 0.73597574 0.99514252
vt 0.73786354 0.99048901
vt 0.76386809 0.99223661
vt 0.77032703 0.98698759
vt 0.76186836 0.98149496
vt 0.77291822 0.99007702
vt 0.77312595 0.98292869
vt 0.78054166 0.99153775
vt 0.7782712 0.97979563
vt 0.78479272 0.98479891
vt 0.46320137 0.92628837
vt 0.45971018 0.9295274
vt 0.45807981 0.9236511
vt 0.45705029 0.91844964
vt 0.46925697 0.92957872
vt 0.45462215 0.92327267
vt 0.46152598 0.9141742
vt 0.47309506 0.9243688
vt 0.46891609 0.91752064
vt 0.47283316 0.93142205
vt 0.47993428 0.91862082
vt 0.48299316 0.92992246
vt 0.48511028 0.92528003
vt 0.47901416 0.93486214
vt 0.48643324 0.916439
vt 0.48865181 0.93242216
vt 0.4900119 0.92288965
vt 0.49613661 0.92748624
vt 0.50193501 0.92102671
vt 0.49969706 0.93015295
vt 0.4934825 0.93583047
vt 0.090510793 0.89688241
vt 0.092697732 0.90050119
vt 0.085744053 0.90443802
vt 0.082666233 0.89827186
vt 0.093104102 0.89501363
vt 0.075743407 0.89877176
vt 0.083594061 0.89367801
vt 0.088021256 0.89188242
vt 0.096902207 0.89739656
vt 0.074030355 0.8924101
vt 0.093210734 0.88789827
vt 0.098957948 0.9002459
vt 0.10036427 0.89412785
vt 0.06466268 0.89296991
vt 0.079418048 0.88871765
vt 0.083176732 0.88276958
vt 0.070735827 0.88697362
vt 0.088031381 0.87952459
vt 0.0985277 0.88715965
vt 0.10464719 0.8977316
vt 0.066761106 0.88653058
vt 0.076855049 0.88402671
vt 0.079724111 0.87714154
vt 0.094423205 0.88209742
vt 0.10536184 0.8897866
vt 0.064461358 0.88113248
vt 0.072973363 0.87512076
vt 0.097501919 0.88394618
vt 0.10896369 0.89622355
vt 0.065790318 0.87430114
vt 0.055783328 0.94622189
vt 0.055083465 0.95309323
vt 0.051010069 0.94616276
vt 0.052285023 0.94033945
vt 0.062789105 0.94669706
vt 0.050254587 0.95078081
vt 0.058253266 0.94326389
vt 0.044881463 0.94019705
vt 0.058796454 0.95694649
vt 0.049939081 0.95537323
vt 0.053593609 0.96028101
vt 0.041062932 0.95619863
vt 0.03878339 0.95348716
vt 0.044779122 0.9593401
vt 0.039104331 0.94629204
vt 0.037626658 0.95980465
vt 0.047391158 0.9659465
vt 0.03319728 0.95434684
vt 0.042826623 0.96697521
vt 0.032185849 0.94688779
vt 0.029872576 0.9598282
vt 0.032625418 0.96462893
vt 0.029155923 0.95269907
vt 0.024584459 0.94870383
vt 0.027011236 0.96235234
vt 0.022843152 0.95468026
vt 0.02223626 0.96038163
vt 0.017536165 0.96076667
vt 0.96879768 0.95471591
vt 0.96276706 0.95534092
vt 0.96379477 0.952106
vt 0.96636885 0.95140022
vt 0.96617293 0.95874101
vt 0.95992416 0.95321232
vt 0.97316599 0.94938314
vt 0.96826816 0.96064144
vt 0.96330231 0.96414578
vt 0.9578042 0.9531247
vt 0.96799666 0.94924808
vt 0.97340423 0.95753908
vt 0.95998782 0.95892423
vt 0.95830423 0.95710295
vt 0.97057027 0.94778764
vt 0.97938508 0.9508009
vt 0.97914708 0.96043944
vt 0.96959221 0.96663731
vt 0.95551425 0.95497078
vt 0.97459376 0.94372076
vt 0.97964436 0.95461005
vt 0.98158252 0.94673055
vt 0.97524154 0.94363266
vt 0.98518825 0.95213181
vt 0.97947824 0.96359539
vt 0.97521138 0.94321328
vt 0.9833858 0.94338596
vt 0.98859996 0.94947487
vt 0.9854303 0.95752466
vt 0.98871714 0.95556998
vt 0.98666263 0.96512324
vt 0.97968227 0.94009101
vt 0.98809797 0.94234115
vt 0.99636459 0.95565182
vt 0.98165143 0.93927181
vt 0.98411053 0.93933606
vt 0.99393749 0.9462682
vt 0.99929637 0.95483762
vt 0.99382669 0.96449822
vt 0.98751622 0.93914163
vt 0.99716705 0.95157951
vt 0.99303663 0.94468081
vt 0.99862218 0.96071869
vt 0.99065262 0.94079918
vt 0.97281516 0.92881477
vt 0.9787603 0.92791575
vt 0.97712469 0.93322116
vt 0.966663 0.93540019
vt 0.97344041 0.92229164
vt 0.98187524 0.93392545
vt 0.96601194 0.93053955
vt 0.96616715 0.91841584
vt 0.98607075 0.92065406
vt 0.98290545 0.93027049
vt 0.9619475 0.93045557
vt 0.97378403 0.91602087
vt 0.99626762 0.92681414
vt 0.99137735 0.93103647
vt 0.99924272 0.92146021
vt 0.9592824 0.92304933
vt 0.9548738 0.92440695
vt 0.47802481 0.87967759
vt 0.47160283 0.88349044
vt 0.47097197 0.8717984
vt 0.47487804 0.87058711
vt 0.47416505 0.89397699
vt 0.47544533 0.86445379
vt 0.48332864 0.87260962
vt 0.48054874 0.89015806
vt 0.47836107 0.86552346
vt 0.48070896 0.86888301
vt 0.48940811 0.88104892
vt 0.48945129 0.88110906
vt 0.47917405 0.90018892
vt 0.47719222 0.86392432
vt 0.48959899 0.88138121
vt 0.47436672 0.90111285
vt 0.48452029 0.89561409
vt 0.47585294 0.86185384
vt 0.49464145 0.89768785
vt 0.48523295 0.90217727
vt 0.49683744 0.89445943
vt 0.48868886 0.89990085
vt 0.49805862 0.89672369
vt 0.49458176 0.9044643
vt 0.49895337 0.89809555
vt 0.49953479 0.90086877
vt 0.50065488 0.90063399
vt 0.83207572 0.99157435
vt 0.82626629 0.98929667
vt 0.83276165 0.98651296
vt 0.83893508 0.98935008
vt 0.82774484 0.99750167
vt 0.83657372 0.99828357
vt 0.81993049 0.99614179
vt 0.84718198 0.99482155
vt 0.81927878 0.98772013
vt 0.81158733 0.99633247
vt 0.81176043 0.98919791
vt 0.806247 0.99298739
vt 0.019912874 0.97715724
vt 0.020326039 0.98148781
vt 0.017467899 0.98073727
vt 0.026206948 0.98214442
vt 0.026563844 0.97606713
vt 0.022133568 0.97160459
vt 0.036326755 0.9783476
vt 0.018174207 0.97240531
vt 0.031433482 0.97044474
vt 0.03404355 0.98268497
vt 0.037355315 0.97267938
vt 0.040664185 0.98222297
vt 0.042867068 0.97612852
vt 0.04838229 0.97093457
vt 0.048527908 0.97923303
vt 0.049629491 0.97380567
vt 0.050716095 0.96906513
vt 0.057711069 0.97706431
vt 0.44373792 0.90426761
vt 0.44823101 0.90663421
vt 0.44362146 0.91186494
vt 0.43880922 0.90996695
vt 0.45053071 0.89874589
vt 0.44917384 0.91203654
vt 0.43815973 0.91484857
vt 0.43366784 0.90438348
vt 0.44464213 0.89467239
vt 0.45260397 0.90762115
vt 0.43232441 0.91404188
vt 0.44186243 0.89950883
vt 0.45706433 0.89806354
vt 0.45497149 0.91477847
vt 0.44992292 0.92038745
vt 0.42375112 0.91467029
vt 0.45966876 0.90521908
vt 0.46004915 0.91167593
vt 0.46180734 0.89828658
vt 0.46433702 0.90310121
vt 0.14081094 0.91405523
vt 0.14847115 0.91430718
vt 0.14687423 0.9186033
vt 0.13775654 0.91967463
vt 0.14370635 0.91052139
vt 0.15568413 0.91870636
vt 0.13316754 0.9154259
vt 0.13635996 0.90737486
vt 0.15593085 0.90552264
vt 0.16226502 0.91464138
vt 0.13434169 0.90011096
vt 0.14465213 0.90029335
vt 0.16651966 0.91737717
vt 0.13076523 0.90592551
vt 0.13710704 0.89851677
vt 0.14962012 0.90015882
vt 0.16572845 0.91061002
vt 0.12716766 0.90769798
vt 0.98225093 0.91328776
vt 0.9779706 0.91161597
vt 0.9841491 0.90925157
vt 0.99075139 0.91244173
vt 0.98117453 0.90373582
vt 0.99159312 0.90751272
vt 0.99059767 0.91599858
vt 0.97572827 0.90601844
vt 0.99492753 0.91285193
vt 0.99416584 0.91475075
vt 0.9758904 0.90060657
vt 0.99044162 0.90037179
vt 0.99350828 0.90511572
vt 0.98051602 0.8996284
vt 0.97007024 0.90228426
vt 0.98846632 0.89625335
vt 0.97319293 0.89649713
vt 0.96997511 0.90987432
vt 0.99338406 0.89847434
vt 0.96201026 0.89739507
vt 0.97453934 0.91139567
vt 0.95804036 0.91010481
vt 0.95786989 0.90000427
vt 0.97029066 0.91524607
vt 0.96448779 0.91375345
vt 0.95469022 0.90562391
vt 0.9604283 0.91709316
vt 0.96537447 0.91729361
vt 0.96289307 0.91952705
vt 0.97059321 0.88056904
vt 0.97301215 0.87405974
vt 0.97623694 0.88258964
vt 0.97065938 0.88634408
vt 0.96206564 0.87077981
vt 0.9810558 0.87165153
vt 0.96313125 0.88779461
vt 0.97501242 0.88652724
vt 0.96911615 0.86686683
vt 0.96362484 0.88351917
vt 0.98319274 0.88249022
vt 0.97977197 0.88710278
vt 0.9623813 0.86742091
vt 0.95776266 0.88083023
vt 0.9881444 0.87239486
vt 0.97874892 0.86328524
vt 0.95795077 0.88390797
vt 0.95965433 0.8638162
vt 0.95550233 0.87920815
vt 0.98826838 0.88357455
vt 0.98562187 0.86677611
vt 0.98534101 0.8884573
vt 0.98419869 0.86209285
vt 0.95685238 0.88672471
vt 0.95548755 0.86884391
vt 0.9555105 0.87536401
vt 0.993074 0.87853235
vt 0.99253464 0.86103988
vt 0.95569342 0.88588357
vt 0.95539576 0.86573362
vt 0.95553422 0.88079494
vt 0.99417776 0.86715984
vt 0.99082136 0.88464773
vt 0.98924005 0.88834399
vt 0.95560038 0.8844462
vt 0.066859327 0.99017888
vt 0.0642896 0.98698443
vt 0.071055554 0.97970313
vt 0.073464021 0.98813343
vt 0.06002152 0.99057716
vt 0.063572243 0.98017651
vt 0.079334043 0.98237854
vt 0.058455687 0.98586041
vt 0.067489609 0.9781729
vt 0.080145881 0.988473
vt 0.057418741 0.98895383
vt 0.056858376 0.98115212
vt 0.052182924 0.98406315
vt 0.054981027 0.97813267
vt 0.049431741 0.99060023
vt 0.048959635 0.98060501
vt 0.42370325 0.98166245
vt 0.43009055 0.98801428
vt 0.4253194 0.98907173
vt 0.42954415 0.96701437
vt 0.43057856 0.99801815
vt 0.44323251 0.98048967
vt 0.43748292 0.97773731
vt 0.44201311 0.97075385
vt 0.43669939 0.9906472
vt 0.43835583 0.96658999
vt 0.43212858 0.98124123
vt 0.43327686 0.97156608
vt 0.44446576 0.96154553
vt 0.43461463 0.96484298
vt 0.43824589 0.96158266
vt 0.035642456 0.9122026
vt 0.036113728 0.91814214
vt 0.030306432 0.91458786
vt 0.031428076 0.92017305
vt 0.035494711 0.92884213
vt 0.022559341 0.91899312
vt 0.037765861 0.92558348
vt 0.028478101 0.9239285
vt 0.038147449 0.93079668
vt 0.029779723 0.93237722
vt 0.02361124 0.92692536
vt 0.035069965 0.93352056
vt 0.017649733 0.92491233
vt 0.037187465 0.93399572
vt 0.029162629 0.9350245
vt 0.021046095 0.92740047
vt 0.030296311 0.93562561
vt 0.026837861 0.93264055
vt 0.022939095 0.92912155
vt 0.031012308 0.93567193
vt 0.033837307 0.93603182
vt 0.090929642 0.98553711
vt 0.095442332 0.98100096
vt 0.091740079 0.98746973
vt 0.091464981 0.98178321
vt 0.096763045 0.99021512
vt 0.087553546 0.98162973
vt 0.090840325 0.97571468
vt 0.094630703 0.96695167
vt 0.089445353 0.97736543
vt 0.091736689 0.97134727
vt 0.092891477 0.96680635
vt 0.10590498 0.99044991
vt 0.11076792 0.98647285
vt 0.11254962 0.98951977
vt 0.10720274 0.98186356
vt 0.11325046 0.98507369
vt 0.10322594 0.98400152
vt 0.11159515 0.97435218
vt 0.10389009 0.98101705
vt 0.10564969 0.96966553
vt 0.11287328 0.96808708
vt 0.11651989 0.96788681
vt 0.14949188 0.97203791
vt 0.14514022 0.96918547
vt 0.15140691 0.9680568
vt 0.15303515 0.973046
vt 0.14653902 0.97577262
vt 0.15009527 0.97812468
vt 0.15516832 0.97166097
vt 0.1430281 0.97252393
vt 0.15525039 0.9794066
vt 0.15513583 0.96970576
vt 0.15521684 0.97345364
vt 0.14827543 0.9829486
vt 0.15523918 0.97815239
vt 0.15524897 0.98118132
vt 0.15506594 0.96848333
vt 0.15195858 0.99017471
vt 0.14978895 0.98804796
vt 0.15526222 0.98954052
vt 0.15526715 0.99053413
vt 0.50560516 0.98833263
vt 0.51153821 0.98384309
vt 0.50963241 0.99187046
vt 0.50808454 0.9981795
vt 0.50430167 0.98038226
vt 0.50255829 0.9766289
vt 0.50157416 0.98633265
vt 0.66606259 0.98796725
vt 0.67307723 0.98971617
vt 0.67384648 0.99851191
vt 0.68037724 0.99554169
vt 0.68063164 0.98835754
vt 0.68788451 0.98960829
vt 0.017602721 0.97746181
vt 0.022448191 0.98998308
vt 0.023066323 0.99806243
vt 0.42769477 0.96642417
vt 0.42688489 0.96013993
vt 0.42983633 0.96252668
vt 0.43166286 0.96681494
vt 0.42396766 0.96043974
vt 0.43258256 0.94667011
vt 0.4342503 0.95894486
vt 0.42531168 0.95002025
vt 0.43474302 0.95354861
vt 0.43768865 0.94937992
vt 0.44007114 0.95524454
vt 0.085427038 0.93084258
vt 0.081826411 0.93348807
vt 0.080275208 0.92887658
vt 0.085318215 0.92528784
vt 0.086770982 0.93512577
vt 0.089383923 0.9276126
vt 0.080577068 0.92236483
vt 0.090677112 0.93087822
vt 0.088676043 0.9253521
vt 0.086314559 0.91773558
vt 0.089810543 0.93523467
vt 0.091636851 0.92759764
vt 0.090865761 0.92283773
vt 0.081562571 0.91636974
vt 0.093563415 0.91786212
vt 0.089840502 0.91471964
vt 0.12263803 0.98404682
vt 0.13103771 0.987679
vt 0.12542295 0.98807538
vt 0.13469292 0.97925788
vt 0.1192605 0.97993392
vt 0.13739048 0.98502553
vt 0.13813587 0.98885512
vt 0.13530369 0.98997194
vt 0.18040349 0.9725306
vt 0.17612647 0.96485996
vt 0.18591723 0.96981424
vt 0.18539457 0.97243494
vt 0.17341009 0.97028536
vt 0.19038564 0.97431946
vt 0.17584674 0.97531325
vt 0.18091142 0.97922218
vt 0.18847902 0.98027486
vt 0.18398853 0.98240972
vt 0.16357316 0.97310275
vt 0.16692171 0.98297906
vt 0.15846695 0.98468983
vt 0.16312057 0.98729485
vt 0.16674533 0.98798674
vt 0.1681086 0.98974758
vt 0.28313679 0.99356937
vt 0.28683853 0.98783571
vt 0.29311013 0.9936083
vt 0.29287562 0.99734992
vt 0.29337141 0.98710352
vt 0.29657906 0.99758381
vt 0.30062518 0.99165642
vt 0.018115668 0.99840188
vt 0.017413503 0.99114829
vt 0.019528721 0.98124886
vt 0.23009525 0.98417085
vt 0.2254207 0.98136175
vt 0.22647114 0.97491425
vt 0.2335303 0.9770726
vt 0.22452338 0.98888999
vt 0.22070426 0.98042679
vt 0.23373605 0.98439103
vt 0.22218835 0.9854753
vt 0.22887799 0.99028039
vt 0.024938691 0.98351121
vt 0.028930174 0.98986179
vt 0.025061168 0.99764198
vt 0.047276247 0.99656314
vt 0.03790186 0.99299014
vt 0.033014592 0.99053925
vt 0.042613313 0.99841702
vt 0.49563506 0.9941588
vt 0.49073103 0.99817747
vt 0.48660421 0.99210066
vt 0.48905605 0.98535258
vt 0.43644902 0.99767494
vt 0.431826 0.99282467
vt 0.44435146 0.98976684
vt 0.49802226 0.99829298
vt 0.49429891 0.99056363
vt 0.4972935 0.98536718
vt 0.0019630874 0.99822533
vt 0.014720019 0.99839211
vt 0.002029385 0.99851251
vt 0.0050545558 0.99808282
vt 0.03012697 0.99776119
vt 0.029619951 0.99403119
vt 0.03219324 0.98625588
vt 0.69540381 0.98647207
vt 0.69239253 0.99758363
vt 0.6895566 0.98631138
vt 0.059226587 0.99296558
vt 0.065241925 0.9984225
vt 0.056365851 0.99496537
vt 0.067315981 0.99258363
vt 0.062193278 0.99113494
vt 0.17688155 0.9840247
vt 0.16969568 0.98841798
vt 0.16608517 0.98008412
vt 0.17298047 0.99040037
vt 0.70004898 0.99682152
vt 0.69774586 0.99822766
vt 0.70281917 0.99168426
vt 0.70010751 0.98725271
vt 0.72957599 0.99418503
vt 0.73467767 0.99203235
vt 0.73046774 0.99517423
vt 0.73014688 0.98773968
vt 0.73307884 0.99657482
vt 0.72825742 0.99038714
vt 0.737019 0.99724013
vt 0.72803456 0.98723924
vt 0.73620754 0.99766326
vt 0.73676658 0.99774677
vt 0.23849975 0.98983359
vt 0.2362489 0.98429483
vt 0.24141242 0.97957677
vt 0.24403839 0.99048889
vt 0.24692017 0.98042154
vt 0.091114514 0.98423243
vt 0.090384349 0.99063724
vt 0.08016216 0.9803341
vt 0.080335259 0.98892748
vt 0.70874864 0.9959203
vt 0.70774931 0.98807073
vt 0.71095186 0.99016917
vt 0.70539087 0.99790353
vt 0.24905393 0.99187744
vt 0.24926579 0.99783647
vt 0.24407344 0.98928261
vt 0.0211544 0.99800736
vt 0.021959009 0.99446809
vt 0.025856243 0.98886317
vt 0.021677831 0.99774951
vt 0.028719019 0.99671906
vt 0.030351896 0.99852365
vt 0.044662569 0.99393302
vt 0.04770514 0.9906432
vt 0.045713797 0.99762094
vt 0.035059884 0.99814278
vt 0.032920253 0.99308014
vt 0.03446272 0.99001801
vt 0.032726932 0.99726123
vt 0.040946964 0.99495858
vt 0.038633034 0.998523
vt 0.013631985 0.99795604
vt 0.015531587 0.99546963
vt 0.02112796 0.99365604
vt 0.44753063 0.99543709
vt 0.45080099 0.98998064
vt 0.45076507 0.99809438
vt 0.45144579 0.99721533
vt 0.45454368 0.99199915
vt 0.048616726 0.99805319
vt 0.048927333 0.99079949
vt 0.052599084 0.9910441
vt 0.052088421 0.99790847
vt 0.07243754 0.99133486
vt 0.079440624 0.99334288
vt 0.075921685 0.99757379
vt 0.056508221 0.99626625
vt 0.054586433 0.99396098
vt 0.059520762 0.9967702
vt 0.055134453 0.99818867
vt 0.052471064 0.99654585
vt 0.070543796 0.99566978
vt 0.075511016 0.9984839
vt 0.068638653 0.99777263
vt 0.080634229 0.99551207
vt 0.086108923 0.99666023
vt 0.079864167 0.99839956
vt 0.093132891 0.99519277
vt 0.088224858 0.99660766
vt 0.091858871 0.99385548
vt 0.092334673 0.99779445
vt 0.09391655 0.99572533
vt 0.086294286 0.9975664
vt 0.084219128 0.99313438
vt 0.089315735 0.99430138
vt 0.032354519 0.99773288
vt 0.029147036 0.9951641
vt 0.032851715 0.99488997
vt 0.076433122 0.99806774
vt 0.076997995 0.99580902
vt 0.077595755 0.99816805
vt 0.076614708 0.99848962
vt 0.077693231 0.99813604
vt 0.079097599 0.9973883
vt 0.079922624 0.99630922
vt 0.0037883963 0.99646389
vt 0.0028451295 0.99786776
vt 0.002213279 0.99528986
vt 0.0022020899 0.99655294
vt 0.004026548 0.99765927
vt 0.0028076344 0.99763018
usemtl Tile_+031_+021_L21_00023300_0
f 241/1053 243/1054 242/1055
f 238/1 240/2 239/3
f 235/290 237/267 236/324
f 253/1481 255/1525 254/1500
f 252/4448 209/4449 208/4450
f 249/3868 251/3869 250/3870
f 246/4777 248/4778 247/4779
f 244/4 245/8 238/1
f 232/4130 234/4131 233/4132
f 229/385 231/434 230/458
f 226/1429 228/1386 227/1385
f 223/109 225/131 224/67
f 220/1659 222/1697 221/1661
f 217/1498 219/1548 218/1575
f 214/1580 216/1526 215/1609
f 210/1410 212/1435 211/1455
f 3630/306 236/324 237/267
f 235/290 3505/252 3510/266
f 3552/288 3757/307 3630/306
f 3630/4243 3757/4244 3633/4245
f 2996/1552 3715/1499 3645/1551
f 3524/343 3508/384 3506/345
f 2971/38 3571/48 3703/47
f 3655/1572 3659/1573 3691/1495
f 3758/234 3496/254 3759/272
f 3637/4249 3548/4257 3531/4254
f 3691/1495 3669/1496 3673/1476
f 2967/325 3506/345 3559/346
f 3636/4210 3638/4211 3605/4212
f 3650/186 3546/220 3607/201
f 3515/133 3498/134 3517/97
f 3606/196 3664/231 3755/250
f 3638/4211 3635/4223 3666/4225
f 3642/4256 3629/4258 3637/4249
f 1934/151 3500/168 3518/112
f 920/1501 2779/1460 3709/1456
f 3591/85 3579/86 3602/57
f 3695/1547 3691/1495 3708/1521
f 3719/1294 3720/1311 3731/1275
f 1934/151 3518/112 2938/110
f 3533/548 3520/547 3660/588
f 3000/1373 3676/1408 3018/1389
f 2934/399 2984/469 3020/446
f 3666/4225 3541/4220 3638/4211
f 3638/4211 3574/4215 3605/4212
f 3678/1553 3645/1551 3715/1499
f 3649/1607 3648/1524 3537/1577
f 2989/1497 3640/1574 219/1548
f 3633/4245 3757/4244 3756/4247
f 217/1498 218/1575 3538/1578
f 3661/1676 3646/1631 3662/1672
f 3651/4251 3687/4250 3756/4247
f 3637/4249 3686/4253 3642/4256
f 3625/4222 3622/4229 3614/4233
f 3519/4236 3666/4225 3644/4238
f 3651/268 3757/307 3663/289
f 3557/365 3554/308 3661/363
f 3546/220 3665/236 3607/201
f 3473/1281 1808/1301 3352/1236
f 3722/1315 3736/1359 3740/1340
f 3678/1553 3715/1499 254/1500
f 3700/89 3615/51 2970/59
f 212/1435 253/1481 211/1455
f 3665/236 3553/255 3755/250
f 3586/56 3576/84 3022/68
f 3746/1352 3718/1333 3754/1310
f 3551/232 3755/250 3651/268
f 3570/39 3582/69 2969/70
f 3673/1476 3674/1405 3670/1450
f 3693/1479 3707/1454 3675/1434
f 3737/1337 3486/1356 3016/1313
f 3738/1390 3485/1358 3004/1375
f 3017/1296 3005/1314 3737/1337
f 3748/1262 3742/1278 3727/1297
f 3352/1236 3490/1235 3471/1248
f 3016/1313 3486/1356 3489/1357
f 3376/1174 3377/1204 3388/1175
f 3716/1338 3479/1276 3016/1313
f 3728/1339 3723/1374 3722/1315
f 3468/1108 3458/1151 3407/1136
f 3747/1247 3448/1246 3444/1215
f 3482/1299 3476/1319 3473/1281
f 2726/1503 2929/1484 3712/1457
f 3448/1246 3747/1247 3479/1276
f 912/1437 885/1412 3489/1357
f 3760/1148 3415/1117 3761/1134
f 3702/30 2971/38 3703/47
f 3714/1413 3713/1439 3721/1377
f 3482/1299 3471/1248 3487/1280
f 3721/1377 3713/1439 3739/1436
f 3489/1357 3716/1338 3016/1313
f 3451/1183 3450/1197 3456/1167
f 2958/1362 1810/1380 1809/1395
f 3447/1255 2985/1256 3488/1239
f 3010/1363 2958/1362 1690/1396
f 3748/1262 3747/1247 3735/1234
f 3440/1243 3463/1211 3762/1231
f 3766/4720 3472/4721 3767/4722
f 3442/1242 3441/1232 3750/1259
f 2950/1244 3750/1259 3454/1258
f 3735/1234 3444/1215 3450/1197
f 3486/1356 2988/1391 3489/1357
f 2951/1293 3454/1258 3751/1291
f 3442/1242 3750/1259 3437/1233
f 3453/4727 3472/4721 3768/4729
f 3732/1312 3727/1297 3742/1278
f 3735/1234 3008/1245 3734/1261
f 3749/1298 3722/1315 3741/1279
f 3727/1297 3749/1298 3748/1262
f 3008/1245 3735/1234 3015/1212
f 2951/1293 3733/1295 3009/1274
f 3747/1247 3748/1262 3741/1279
f 3741/1279 3017/1296 3747/1247
f 3770/1449 227/1385 3771/1448
f 3453/1272 3754/1310 3751/1291
f 2951/1293 3751/1291 3753/1331
f 3454/1258 3453/1272 3751/1291
f 3731/1275 3732/1312 3742/1278
f 3721/1377 3725/1392 3736/1359
f 3752/1370 227/1385 3746/1352
f 3744/1355 3719/1294 3717/1334
f 3718/1333 3751/1291 3754/1310
f 3773/1351 3754/1310 3774/1332
f 3751/1291 3718/1333 3753/1331
f 3717/1334 3733/1295 2951/1293
f 3753/1331 3717/1334 2951/1293
f 3489/1357 2988/1391 3013/1411
f 2958/1362 3480/1341 1810/1380
f 3489/1357 3013/1411 912/1437
f 3728/1339 3720/1311 3001/1354
f 3735/1234 3742/1278 3748/1262
f 3009/1274 3733/1295 3734/1261
f 3739/1436 3712/1457 2988/1391
f 2988/1391 3486/1356 3738/1390
f 3017/1296 3741/1279 3005/1314
f 3738/1390 3004/1375 3726/1376
f 3730/1336 3720/1311 3728/1339
f 2731/1485 2925/1459 2987/1438
f 2987/1438 2925/1459 3013/1411
f 3005/1314 3741/1279 3740/1340
f 3739/1436 3738/1390 3729/1415
f 3724/1414 3729/1415 3738/1390
f 3005/1314 3485/1358 3737/1337
f 3712/1457 2929/1484 2987/1438
f 3736/1359 3726/1376 3005/1314
f 3739/1436 3729/1415 3721/1377
f 3731/1275 3735/1234 3734/1261
f 3731/1275 3734/1261 3719/1294
f 3733/1295 3717/1334 3719/1294
f 3728/1339 3732/1312 3730/1336
f 3732/1312 3731/1275 3730/1336
f 3720/1311 3730/1336 3731/1275
f 3725/1392 3721/1377 3729/1415
f 3001/1354 3723/1374 3728/1339
f 3727/1297 3728/1339 3722/1315
f 3724/1414 3726/1376 3725/1392
f 3724/4959 3725/4960 3729/4961
f 3716/1338 3481/1316 3483/1317
f 3011/1372 3704/1335 3003/1353
f 3712/1457 3739/1436 3713/1439
f 3709/1456 211/1455 3715/1499
f 3002/1388 3689/1406 3011/1372
f 3642/4256 3686/4253 3687/4250
f 3721/1377 3723/1374 3714/1413
f 210/1410 3714/1413 3723/1374
f 3725/1392 3726/1376 3736/1359
f 3721/1377 3736/1359 3722/1315
f 3723/1374 3721/1377 3722/1315
f 3727/1297 3732/1312 3728/1339
f 3722/1315 3749/1298 3727/1297
f 3704/1335 3720/1311 3719/1294
f 3726/1376 3724/1414 3738/1390
f 3717/1334 3753/1331 3718/1333
f 3480/1341 3716/1338 3489/1357
f 2782/1506 2726/1503 3712/1457
f 3704/1335 3001/1354 3720/1311
f 3710/1527 214/1580 2765/1554
f 3709/1456 3715/1499 216/1526
f 3689/1406 3002/1388 3706/1432
f 3709/1456 2779/1460 3714/1413
f 2779/1460 3713/1439 3714/1413
f 3001/1354 3677/1409 212/1435
f 216/1526 3710/1527 3709/1456
f 2779/1460 3712/1457 3713/1439
f 226/1429 2993/1473 2997/1430
f 227/1385 228/1386 3746/1352
f 3718/1333 3745/1371 3717/1334
f 3754/1310 3752/1370 3746/1352
f 3745/1371 3744/1355 3717/1334
f 3719/1294 3744/1355 3003/1353
f 3003/1353 3743/1387 3674/1405
f 3707/1454 3694/1480 212/1435
f 3705/1431 3743/1387 2997/1430
f 227/1385 3752/1370 3776/1404
f 3003/1353 3704/1335 3719/1294
f 3746/1352 228/1386 3745/1371
f 3745/1371 3718/1333 3746/1352
f 3744/1355 3745/1371 3743/1387
f 2993/1473 226/1429 3778/1493
f 2997/1430 228/1386 226/1429
f 3670/1450 3674/1405 3705/1431
f 3744/1355 3743/1387 3003/1353
f 228/1386 3743/1387 3745/1371
f 228/1386 2997/1430 3743/1387
f 2995/87 2973/120 3700/89
f 3561/1604 2990/1549 3560/1576
f 3684/1453 3711/1478 3675/1434
f 920/1501 3710/1527 2765/1554
f 216/1526 214/1580 3710/1527
f 2996/1552 3618/1637 2505/1610
f 210/1410 3723/1374 3001/1354
f 3714/1413 210/1410 3709/1456
f 212/1435 210/1410 3001/1354
f 3688/4684 3695/4685 3696/4686
f 2999/1520 2993/1473 3781/1570
f 3690/1452 3689/1406 3668/1477
f 3671/1494 3696/1546 3708/1521
f 3000/1373 3692/1433 3676/1408
f 3708/1521 3670/1450 3671/1494
f 212/1435 3677/1409 3707/1454
f 255/1525 3694/1480 3645/1551
f 214/1580 215/1609 2928/1612
f 2996/1552 2505/1610 2931/1581
f 3588/10 3589/22 3593/23
f 254/1500 211/1455 253/1481
f 253/1481 212/1435 3694/1480
f 3689/1406 3706/1432 3667/1451
f 3674/1405 3706/1432 3002/1388
f 3705/1431 2994/1474 2998/1475
f 3000/1373 3704/1335 3011/1372
f 3711/1478 217/1498 3619/1523
f 3692/1433 3000/1373 3012/1407
f 2996/1552 3620/1635 220/1659
f 3711/1478 3693/1479 3675/1434
f 3694/1480 3648/1524 3645/1551
f 3619/1523 3648/1524 3693/1479
f 3563/19 3604/7 3578/18
f 3586/56 3585/46 3566/28
f 3703/47 3699/40 3702/30
f 3703/47 3592/60 3699/40
f 3681/6 3698/17 3682/11
f 3697/25 3702/30 3699/40
f 213/42 3562/20 2974/41
f 3698/17 3701/24 3682/11
f 3702/30 3701/24 3698/17
f 3594/16 2971/38 3702/30
f 3681/6 3588/10 3594/16
f 3603/12 3562/20 244/4
f 3783/99 3579/86 3784/116
f 3615/51 3700/89 3577/88
f 3510/266 3512/251 237/267
f 2975/200 3545/219 3650/186
f 3502/154 2975/200 3650/186
f 3592/60 3615/51 3699/40
f 244/4 238/1 239/3
f 3577/88 3616/121 4023/101
f 3785/100 2969/70 3786/118
f 3601/33 3697/25 3699/40
f 3615/51 3601/33 3699/40
f 3577/88 3700/89 2973/120
f 3594/16 3698/17 3681/6
f 3604/7 3682/11 3578/18
f 3697/25 3578/18 3682/11
f 245/8 3679/13 2979/21
f 3682/11 3701/24 3697/25
f 3697/25 3701/24 3702/30
f 3571/48 3592/60 3703/47
f 1978/52 213/42 2978/63
f 3022/68 3602/57 3585/46
f 3681/6 3682/11 239/3
f 3604/7 239/3 3682/11
f 3681/6 239/3 240/2
f 3562/20 3603/12 3563/19
f 3572/94 1879/108 3573/95
f 3597/82 3572/94 3573/95
f 3590/14 3598/15 3680/5
f 3681/6 240/2 3588/10
f 3598/15 3566/28 3583/29
f 3680/5 238/1 245/8
f 238/1 3680/5 240/2
f 3587/9 240/2 3680/5
f 3599/50 2974/41 3564/34
f 3597/82 3568/45 3569/66
f 3583/29 3566/28 3585/46
f 2979/21 3679/13 244/4
f 3628/4218 3636/4210 3612/4217
f 3642/4256 3643/4268 3634/4263
f 3641/4262 3544/4272 3644/4271
f 3573/95 1879/108 2628/132
f 3627/4259 3548/4257 3637/4249
f 3604/7 244/4 239/3
f 3678/1553 254/1500 255/1525
f 211/1455 254/1500 3715/1499
f 3694/1480 255/1525 253/1481
f 3677/1409 3018/1389 3675/1434
f 3675/1434 3707/1454 3677/1409
f 3676/1408 3675/1434 3018/1389
f 2999/1520 3672/1571 3657/1545
f 3667/1451 3674/1405 3673/1476
f 3671/1494 2999/1520 3657/1545
f 3672/1571 2999/1520 3782/1598
f 2998/1475 3671/1494 3670/1450
f 3667/1451 3673/1476 3669/1496
f 3668/1477 3667/1451 3669/1496
f 3670/1450 3708/1521 3691/1495
f 3691/1495 3673/1476 3670/1450
f 3689/1406 3667/1451 3668/1477
f 3657/1545 3688/1599 3696/1546
f 3655/4687 3695/4685 3688/4684
f 3690/1452 3669/1496 3691/1495
f 3693/1479 3648/1524 3694/1480
f 3694/1480 3707/1454 3693/1479
f 3676/1408 3692/1433 3684/1453
f 3675/1434 3676/1408 3684/1453
f 3684/1453 3692/1433 3012/1407
f 3690/1452 3684/1453 3012/1407
f 3691/1495 3695/1547 3655/1572
f 3684/1453 3690/1452 2989/1497
f 3690/1452 3691/1495 2992/1522
f 3691/1495 3659/1573 2992/1522
f 3645/1551 3678/1553 255/1525
f 3690/1452 3012/1407 3689/1406
f 3690/1452 3668/1477 3669/1496
f 3688/1599 3657/1545 3656/1623
f 3656/1623 3657/1545 3654/1653
f 3633/4245 3687/4250 3686/4253
f 2931/1581 215/1609 216/1526
f 3685/1600 3672/1571 3793/1625
f 3643/4235 3666/4225 3635/4223
f 3791/1655 3685/1600 3794/1654
f 3672/1571 3685/1600 3657/1545
f 3652/1716 3683/1739 3795/1762
f 3651/268 3663/289 3551/232
f 3648/1524 3619/1523 3537/1577
f 2989/1497 217/1498 3684/1453
f 3683/1739 3653/1674 3797/1715
f 3653/1674 3658/1626 3792/1675
f 220/587 3520/547 2346/569
f 3654/1653 3556/1673 3656/1623
f 2989/1497 219/1548 217/1498
f 3647/1601 3659/1573 3655/1572
f 2992/1522 3659/1573 3647/1601
f 3658/1626 3653/1674 3654/1653
f 3657/1545 3685/1600 3658/1626
f 3655/1572 3688/1599 3656/1623
f 3654/1653 3653/1674 3555/1696
f 3652/1716 3555/1696 3653/1674
f 3652/1716 3653/1674 3683/1739
f 3497/170 3606/196 3513/215
f 3642/4256 3687/4250 3651/4251
f 3636/4210 3623/4214 3638/4211
f 3650/186 3514/171 3502/154
f 3649/1607 2980/1579 3648/1524
f 3560/1576 2992/1522 3647/1601
f 3646/1631 3560/1576 3647/1601
f 2980/1579 3539/1608 3645/1551
f 237/267 3552/288 3630/306
f 3686/4253 3637/4249 3633/4245
f 3644/4271 3643/4268 3641/4262
f 3643/4268 3642/4256 3641/4262
f 3507/1627 3640/1574 3639/1605
f 3632/4219 3635/4223 3638/4211
f 3637/4249 3531/4254 3631/4246
f 3542/4213 3636/4210 3605/4212
f 3666/4225 3643/4235 3644/4238
f 3635/4223 3634/4230 3643/4235
f 3632/4219 3634/4230 3635/4223
f 3638/4211 3541/4220 3574/4215
f 3634/4263 3624/4269 3629/4258
f 3633/4245 3637/4249 3631/4246
f 3636/4210 3628/4218 3623/4214
f 3628/4218 3625/4222 3623/4214
f 3638/4211 3623/4214 3632/4219
f 3622/4229 3613/4228 3614/4233
f 3634/4230 3632/4219 3624/4224
f 3624/4269 3626/4270 3629/4258
f 3630/4243 3633/4245 3631/4246
f 3637/4249 3629/4258 3627/4259
f 3622/4229 3625/4222 3628/4218
f 3614/4233 3621/4237 3625/4222
f 3627/4259 3626/4270 3621/4264
f 3621/4237 3626/4234 3625/4222
f 3626/4270 3627/4259 3629/4258
f 3625/4222 3624/4224 3623/4214
f 3623/4214 3624/4224 3632/4219
f 2980/1579 3645/1551 3648/1524
f 220/1659 3618/1637 2996/1552
f 3645/1551 3539/1608 2996/1552
f 3622/4229 3628/4218 3612/4217
f 3621/4264 3548/4257 3627/4259
f 3538/1578 3617/1550 217/1498
f 3539/1608 3620/1635 2996/1552
f 3619/1523 217/1498 3617/1550
f 3501/185 3610/198 3543/218
f 220/1659 221/1661 3618/1637
f 230/458 3549/471 3532/448
f 229/385 2991/344 3529/410
f 3621/4264 3614/4266 3548/4257
f 3619/1523 3617/1550 3537/1577
f 220/1659 2346/1717 222/1697
f 2346/1717 2351/1740 222/1697
f 3614/4233 3613/4228 1959/4232
f 3606/196 3755/250 3551/232
f 3666/4225 3519/4236 3540/4231
f 3644/4238 3544/4240 3519/4236
f 3540/4231 3541/4220 3666/4225
f 3544/274 3641/292 3553/255
f 3512/251 3513/215 3551/232
f 3553/255 3651/268 3755/250
f 3651/268 3553/255 3641/292
f 3531/4254 3529/4255 3631/4246
f 3612/4217 3636/4210 3542/4213
f 2991/344 229/385 3524/343
f 3631/4246 2991/4248 3630/4243
f 3631/4246 3529/4255 3550/4252
f 3559/1630 3646/1631 3661/1676
f 3664/231 3665/236 3755/250
f 3655/1572 3646/1631 3647/1601
f 3506/345 235/290 3524/343
f 3665/236 3664/231 3607/201
f 3757/307 3552/288 3663/289
f 3646/1631 3655/1572 3662/1672
f 3655/1572 3656/1623 3662/1672
f 3556/1673 3662/1672 3656/1623
f 3554/308 2967/325 3559/346
f 2990/1549 2992/1522 3560/1576
f 3561/1604 3639/1605 2990/1549
f 3509/1602 3523/1628 219/1548
f 3640/1574 3509/1602 219/1548
f 2990/1549 3639/1605 3640/1574
f 3522/1603 218/1575 219/1548
f 3561/386 3506/345 3639/411
f 3556/1673 3661/1676 3662/1672
f 235/290 2968/291 3505/252
f 3526/1633 3649/1607 3537/1577
f 3538/1578 3534/1606 3617/1550
f 3790/1763 3652/1716 3796/1789
f 3555/1696 3652/1716 3558/1738
f 2982/408 3527/457 3523/432
f 3533/548 3660/588 3536/570
f 2933/501 3521/525 3525/483
f 2345/435 2933/501 3525/483
f 3020/446 2984/469 2345/435
f 3649/1607 3526/1633 3535/1656
f 3614/356 1952/337 3608/377
f 1952/337 1954/336 3609/376
f 2346/569 3520/547 2933/501
f 3536/1657 3660/1677 3620/1635
f 220/1659 3620/1635 3660/1677
f 3649/1607 3535/1656 2981/1634
f 3504/269 3554/308 3801/326
f 1871/149 225/131 223/109
f 2938/110 3596/96 1874/111
f 2979/21 3567/27 3590/14
f 1978/52 2977/35 213/42
f 2599/36 1981/65 2629/55
f 2979/21 2977/35 1985/43
f 3573/95 2628/132 223/109
f 3599/50 3600/49 3615/51
f 3614/356 3608/377 3547/400
f 1874/111 3596/96 224/67
f 2445/181 1937/211 3611/194
f 3610/198 3611/194 1937/211
f 3614/356 1959/286 1952/337
f 3622/4229 3612/4217 3613/4228
f 2548/4221 3613/4228 3612/4217
f 1952/337 3609/376 3608/377
f 3542/235 3610/198 2548/248
f 3500/168 2445/181 3611/194
f 3611/194 3610/198 3500/168
f 1955/375 3021/422 3609/376
f 3021/422 3608/377 3609/376
f 2445/181 3500/168 1934/151
f 3514/171 3607/201 3606/196
f 3513/215 3606/196 3551/232
f 237/267 3512/251 3551/232
f 3021/422 3532/448 3547/400
f 3650/186 3545/219 3546/220
f 3549/4265 231/4267 3530/4261
f 3543/4216 3605/4212 3574/4215
f 3566/28 3598/15 3590/14
f 3599/50 3577/88 4024/74
f 2974/41 3599/50 4026/62
f 3565/32 3563/19 3578/18
f 3803/140 3577/88 3804/139
f 3022/68 3585/46 3586/56
f 3518/112 3576/84 3575/83
f 1874/111 224/67 225/131
f 2976/4226 3501/4227 3574/4215
f 3543/4216 3574/4215 3501/4227
f 229/385 3529/410 231/434
f 224/67 3573/95 223/109
f 3572/94 1987/81 1879/108
f 2970/59 3571/48 3570/39
f 3568/45 3567/27 2599/36
f 2629/55 3569/66 3568/45
f 3590/14 3567/27 3566/28
f 3563/19 3565/32 3564/34
f 3568/45 2599/36 2629/55
f 3562/20 3492/26 244/4
f 3569/66 1987/81 3572/94
f 3604/7 3603/12 244/4
f 3602/57 3581/58 3584/37
f 3581/58 3570/39 3584/37
f 3578/18 3697/25 3601/33
f 3601/33 3615/51 3600/49
f 3575/83 3576/84 3586/56
f 3565/32 3601/33 3600/49
f 3565/32 3599/50 3564/34
f 213/42 2977/35 3562/20
f 3589/22 3587/9 3598/15
f 3568/45 3586/56 3566/28
f 3593/23 3594/16 3588/10
f 3573/95 224/67 3597/82
f 3566/28 3567/27 3568/45
f 3575/83 224/67 3596/96
f 3595/115 3023/113 3498/134
f 3575/83 3596/96 2938/110
f 3595/115 3580/98 3023/113
f 3805/114 3595/115 3806/155
f 3595/115 3591/85 3580/98
f 3806/155 3014/172 3807/188
f 3014/172 3498/134 3516/187
f 3014/172 3595/115 3498/134
f 3576/84 3517/97 3022/68
f 3593/23 2972/31 3594/16
f 2972/31 3593/23 3570/39
f 3603/12 3604/7 3563/19
f 3589/22 3584/37 3593/23
f 3615/51 3592/60 2970/59
f 3602/57 3579/86 3581/58
f 3602/57 3022/68 3591/85
f 3568/45 3597/82 224/67
f 2972/31 3570/39 3571/48
f 3565/32 3600/49 3599/50
f 245/8 3590/14 3680/5
f 3680/5 3598/15 3587/9
f 3583/29 3589/22 3598/15
f 3589/22 3588/10 3587/9
f 3590/14 245/8 2979/21
f 2979/21 2599/36 3567/27
f 2977/35 3492/26 3562/20
f 3601/33 3565/32 3578/18
f 3593/23 3584/37 3570/39
f 2970/59 2995/87 3700/89
f 2970/59 3592/60 3571/48
f 3562/20 3563/19 3564/34
f 244/4 3679/13 245/8
f 224/67 3586/56 3568/45
f 3585/46 3584/37 3583/29
f 3579/86 3582/69 3581/58
f 3022/68 3580/98 3591/85
f 3575/83 3586/56 224/67
f 3579/86 3591/85 3805/114
f 3493/217 3495/197 3494/233
f 3557/365 3558/347 3554/308
f 3559/1630 3561/1604 3560/1576
f 3559/1630 3560/1576 3646/1631
f 3506/345 3561/386 3559/346
f 3555/1696 3557/1714 3556/1673
f 2968/291 3554/308 3504/269
f 3506/345 2967/325 235/290
f 3801/326 3558/347 3814/364
f 3665/236 3546/220 3553/255
f 3606/196 3607/201 3664/231
f 3663/289 3552/288 3551/232
f 3552/288 237/267 3551/232
f 2991/4248 3550/4252 3529/4255
f 2975/4239 3519/4236 3545/4241
f 3549/4265 3531/4254 3547/4260
f 3531/4254 3548/4257 3547/4260
f 3544/274 3553/255 3546/220
f 3545/4241 3544/4240 3546/4242
f 3517/97 3576/84 3518/112
f 3605/4212 3543/4216 3542/4213
f 3610/198 3542/235 3543/218
f 3548/4257 3614/4266 3547/4260
f 3541/4220 2976/4226 3574/4215
f 3541/4220 3540/4231 2976/4226
f 3536/1657 3539/1608 2981/1634
f 3522/1603 3528/1629 218/1575
f 3538/1578 218/1575 3528/1629
f 3537/1577 3617/1550 3534/1606
f 3537/1577 3534/1606 2983/1632
f 3631/4246 3550/4252 2991/4248
f 3533/548 3536/570 3535/526
f 3535/526 3526/502 3525/483
f 229/385 230/458 2345/435
f 3538/1578 3528/1629 3534/1606
f 230/458 231/434 3549/471
f 3547/400 3532/448 3549/471
f 3525/483 3521/525 3533/548
f 2345/435 3532/448 3020/446
f 3531/4254 3530/4261 3529/4255
f 2983/1632 3534/1606 3528/1629
f 2983/481 3528/500 3527/457
f 3527/457 3528/500 3522/482
f 2983/1632 3526/1633 3537/1577
f 2983/481 3499/459 3526/502
f 3525/483 3526/502 3499/459
f 3510/266 237/267 235/290
f 220/587 3660/588 3520/547
f 3509/433 3508/384 3523/432
f 3508/384 3524/343 2982/408
f 235/290 236/324 3524/343
f 219/1548 3523/1628 3522/1603
f 3527/457 3522/482 3523/432
f 3533/548 3521/525 3520/547
f 3021/422 3020/446 3532/448
f 2976/4226 3540/4231 3519/4236
f 2976/199 3502/154 3501/185
f 3518/112 3502/154 3515/133
f 3650/186 3607/201 3514/171
f 3511/216 3505/252 3494/233
f 3498/134 3023/113 3517/97
f 3503/184 3493/217 3516/187
f 3503/184 3495/197 3493/217
f 3498/134 3503/184 3516/187
f 3516/187 3493/217 3758/234
f 3511/216 3495/197 3497/170
f 3514/171 3497/170 3515/133
f 3511/216 3513/215 3512/251
f 3510/266 3505/252 3511/216
f 3558/1738 3557/1714 3555/1696
f 3507/1627 3509/1602 3640/1574
f 3508/384 3509/433 3507/409
f 3508/384 3507/409 3506/345
f 3508/384 2982/408 3523/432
f 3506/345 3507/409 3639/411
f 3505/252 3504/269 3494/233
f 3495/197 3511/216 3494/233
f 3813/273 3493/217 3818/270
f 3493/217 3494/233 3799/253
f 3800/271 3504/269 3817/309
f 3495/197 3503/184 3497/170
f 3500/168 3502/154 3518/112
f 3517/97 3518/112 3515/133
f 3514/171 3515/133 3502/154
f 3501/185 3500/168 3610/198
f 3532/448 2345/435 230/458
f 3512/251 3510/266 3511/216
f 2968/291 3504/269 3505/252
f 229/385 2982/408 3524/343
f 2345/435 2982/408 229/385
f 2345/435 3525/483 3499/459
f 3499/459 2982/408 2345/435
f 3497/170 3503/184 3498/134
f 3515/133 3497/170 3498/134
f 2938/110 3518/112 3575/83
f 3150/3897 3335/3909 3204/3896
f 3113/4138 3203/4139 234/4131
f 3265/4478 3267/4477 3215/4486
f 3267/4477 3271/4481 3215/4486
f 247/4779 3180/4783 3173/4780
f 3265/3902 3224/3888 3268/3894
f 3396/1123 3426/1122 3375/1154
f 3491/4154 3248/4165 3272/4160
f 70/3927 3326/3922 3332/3928
f 3205/3882 249/3868 3209/3875
f 3122/3932 3144/3938 3101/3943
f 3122/3932 3101/3943 3121/3944
f 3188/3608 3081/3609 3152/3610
f 3115/3692 3109/3686 3106/3693
f 3152/4166 3103/4155 3089/4162
f 3103/4155 3202/4148 3089/4162
f 3365/1267 3362/1252 3373/1287
f 3030/3760 3027/3761 3033/3753
f 3047/3757 3033/3753 3027/3761
f 2979/21 244/4 3492/26
f 3470/1152 3427/1106 3406/1137
f 3427/1106 3409/1121 3406/1137
f 3455/1125 3484/1173 3432/1155
f 3044/3752 3032/3755 3034/3739
f 3045/1158 3058/1207 3060/1225
f 3428/1095 3423/1107 3386/1076
f 3048/3732 3043/3746 3034/3739
f 3100/3676 3305/3666 3301/3647
f 3033/3753 3047/3757 3046/3748
f 3124/3665 3110/3675 3108/3680
f 3100/3676 3302/3664 3123/3674
f 3156/4065 3280/4066 3279/4067
f 3280/4066 3156/4065 3185/4069
f 3264/4699 3214/4700 3148/4701
f 3290/4273 3288/4274 3249/4275
f 3171/3959 3137/3952 3140/3956
f 3128/3953 3138/3955 3127/3949
f 3118/3945 3127/3949 3138/3955
f 3129/3960 3140/3956 3139/3957
f 3255/3652 3282/3637 3161/3644
f 3255/3652 3161/3644 2956/3660
f 3491/4282 3232/4280 3248/4278
f 3094/3646 3110/3675 3124/3665
f 3132/3695 3133/3702 3108/3680
f 3129/3960 3130/3965 3140/3956
f 247/4779 248/4778 3283/4782
f 3436/1120 3419/1094 3416/1118
f 3116/3694 3115/3692 3169/3709
f 3323/4015 3322/4016 3334/4017
f 3173/4780 246/4777 247/4779
f 3212/3874 3224/3888 3146/3889
f 3339/3662 3282/3637 3204/3661
f 3491/4154 3153/4143 3231/4147
f 3258/4703 3263/4708 3207/4706
f 3823/4713 3257/4710 3824/4715
f 3169/3946 3293/3941 3294/3948
f 3157/4068 3156/4065 3279/4067
f 3176/3717 3172/3716 3115/3692
f 3322/4016 1044/4020 3334/4017
f 3262/4705 3258/4703 3214/4700
f 3268/3894 3223/3880 3269/3879
f 3315/3618 3314/3627 3312/3633
f 3207/4706 3149/4702 3258/4703
f 3146/3889 3211/3881 3212/3874
f 3382/3649 1037/3657 1041/3641
f 3252/4089 3277/4078 3295/4094
f 1043/4026 193/4021 3334/4017
f 3129/3960 3139/3957 3128/3953
f 3096/4784 3283/4782 248/4778
f 193/4021 202/4036 201/4044
f 3075/3697 3303/3681 3073/3687
f 3082/4171 3080/4175 3087/4174
f 3167/3621 3337/3639 3309/3632
f 3166/3638 3206/3631 3094/3646
f 3283/4782 3181/4785 247/4779
f 3470/1152 3374/1169 3357/1138
f 3357/1138 3427/1106 3470/1152
f 3304/3655 3166/3638 3302/3664
f 2954/4114 3340/4108 3345/4119
f 1806/1290 3370/1270 3383/1309
f 76/4047 197/4018 196/4045
f 3396/1123 3428/1095 3426/1122
f 3148/3916 3151/3901 3264/3915
f 1055/3629 3329/3635 1041/3641
f 1066/3668 3327/3683 1065/3690
f 3195/3338 995/3339 3286/3340
f 3322/4016 2959/4019 1005/4024
f 3336/3969 3195/3970 3198/3971
f 197/4018 3346/4028 3342/4022
f 3283/4782 3339/4786 3181/4785
f 3469/1172 3422/1168 3461/1189
f 3432/1155 3461/1189 3422/1168
f 3026/1072 3401/1064 3029/1069
f 3450/1197 3015/1212 3735/1234
f 3369/1288 3373/1287 3370/1270
f 3065/1226 3064/1205 3360/1222
f 3375/1154 3425/1171 3372/1187
f 3424/1084 3404/1067 3433/1085
f 3426/1122 3428/1095 3427/1106
f 3490/1235 3353/1200 3459/1199
f 3357/1138 3358/1153 3426/1122
f 1810/1380 3489/1357 885/1412
f 2953/1149 3434/1119 2952/1147
f 3429/1058 242/1055 243/1054
f 3831/1102 2966/1082 3832/1116
f 3026/1072 3397/1060 3401/1064
f 3355/1237 3350/1201 3351/1216
f 3462/1150 3455/1125 3436/1120
f 3477/1206 3488/1239 3460/1224
f 3441/1232 3438/1195 3463/1211
f 2946/1166 3417/1135 2953/1149
f 3747/1247 3444/1215 3735/1234
f 3487/1280 3483/1317 3481/1316
f 3451/1183 3015/1212 3450/1197
f 3477/1206 3465/1223 3445/1214
f 3384/1065 3413/1061 241/1053
f 3747/1247 3017/1296 3479/1276
f 3487/1280 3466/1263 3478/1300
f 3461/1189 3484/1173 3477/1206
f 3490/1235 3352/1236 3353/1200
f 3735/1234 3731/1275 3742/1278
f 1695/1360 3475/1343 3010/1363
f 3486/1356 3485/1358 3738/1390
f 2779/1460 2782/1506 3712/1457
f 3420/1096 3455/1125 3468/1108
f 3484/1173 3461/1189 3432/1155
f 3455/1125 3464/1188 3484/1173
f 3455/1125 3431/1139 3468/1108
f 3480/1341 2958/1362 3476/1319
f 3010/1363 3476/1319 2958/1362
f 3473/1281 3475/1343 3474/1342
f 3476/1319 3482/1299 3480/1341
f 3479/1276 3716/1338 3483/1317
f 3483/1317 3478/1300 3479/1276
f 3482/1299 3481/1316 3480/1341
f 3471/1248 3482/1299 3473/1281
f 3480/1341 3489/1357 1810/1380
f 2986/1277 3479/1276 3478/1300
f 2986/1277 3478/1300 3466/1263
f 3478/1300 3483/1317 3487/1280
f 3445/1214 3447/1255 3477/1206
f 3488/1239 3477/1206 3447/1255
f 3479/1276 2986/1277 3448/1246
f 3482/1299 3487/1280 3481/1316
f 3475/1343 1695/1360 3474/1342
f 3716/1338 3480/1341 3481/1316
f 3473/1281 3476/1319 3475/1343
f 3433/1085 3420/1096 3468/1108
f 1808/1301 1572/1282 3352/1236
f 3355/1237 3351/1216 3352/1236
f 3010/1363 3475/1343 3476/1319
f 3352/1236 3471/1248 3473/1281
f 3459/1199 3471/1248 3490/1235
f 3473/1281 3474/1342 1576/1318
f 3767/1292 3440/1243 3836/1273
f 3471/1248 3466/1263 3487/1280
f 3460/1224 3466/1263 3471/1248
f 3462/1150 3467/1196 3451/1183
f 3837/1161 3430/1115 3838/1145
f 3469/1172 3470/1152 3406/1137
f 3459/1199 3374/1169 3469/1172
f 3464/1188 3465/1223 3477/1206
f 3443/1229 3437/1233 3452/1213
f 3454/1258 3750/1259 3441/1232
f 3455/1125 3456/1167 3446/1184
f 3453/1272 3454/1258 3440/1243
f 3451/1183 3452/1213 3437/1233
f 3450/1197 3446/1184 3456/1167
f 3445/1214 3449/1198 3446/1184
f 3448/1246 3447/1255 3445/1214
f 3448/1246 2986/1277 3447/1255
f 3444/1215 3446/1184 3450/1197
f 3444/1215 3448/1246 3445/1214
f 3437/1233 3443/1229 3442/1242
f 3441/1232 3440/1243 3454/1258
f 3437/1233 3015/1212 3451/1183
f 2946/1166 3439/1181 3438/1195
f 2947/1194 2946/1166 3438/1195
f 3463/1211 3440/1243 3441/1232
f 3750/1259 2950/1244 3437/1233
f 3412/1103 3435/1091 3831/1102
f 3840/1210 2944/1193 3841/1230
f 3438/1195 3441/1232 3442/1242
f 3443/1229 3467/1196 2947/1194
f 3433/1085 3468/1108 3408/1105
f 3468/1108 3407/1136 3408/1105
f 3442/1242 3443/1229 3438/1195
f 3462/1150 2948/1182 3467/1196
f 3438/1195 3443/1229 2947/1194
f 3443/1229 3452/1213 3467/1196
f 3467/1196 2948/1182 2947/1194
f 3456/1167 3462/1150 3451/1183
f 2985/1256 3466/1263 3460/1224
f 3449/1198 3445/1214 3465/1223
f 3449/1198 3455/1125 3446/1184
f 3462/1150 3456/1167 3455/1125
f 3455/1125 3449/1198 3464/1188
f 3465/1223 3464/1188 3449/1198
f 3762/1231 3439/1181 3840/1210
f 3462/1150 3436/1120 2945/1165
f 2953/1149 2944/1193 3439/1181
f 3461/1189 3459/1199 3469/1172
f 3459/1199 3461/1189 3460/1224
f 3477/1206 3484/1173 3464/1188
f 3436/1120 3455/1125 3420/1096
f 3432/1155 3407/1136 3458/1151
f 3404/1067 3424/1084 3392/1074
f 3431/1139 3458/1151 3468/1108
f 3417/1135 3418/1104 3434/1119
f 2953/1149 3417/1135 3434/1119
f 3039/1129 3071/1113 3389/1109
f 3421/1093 3411/1083 3418/1104
f 3411/1083 3434/1119 3418/1104
f 3419/1094 3414/1073 3421/1093
f 3436/1120 3417/1135 2945/1165
f 2953/1149 3439/1181 2946/1166
f 3414/1073 3411/1083 3421/1093
f 3411/1083 3410/1066 3435/1091
f 3434/1119 3415/1117 2952/1147
f 3420/1096 3433/1085 3402/1075
f 3358/1153 3372/1187 3425/1171
f 3431/1139 3455/1125 3432/1155
f 3431/1139 3432/1155 3458/1151
f 3761/1134 3412/1103 3833/1146
f 3405/1130 3430/1115 3398/1089
f 3422/1168 3407/1136 3432/1155
f 3419/1094 3421/1093 3416/1118
f 3419/1094 3420/1096 3402/1075
f 3436/1120 3420/1096 3419/1094
f 3418/1104 3416/1118 3421/1093
f 3418/1104 3417/1135 3416/1118
f 3417/1135 3436/1120 3416/1118
f 3402/1075 3414/1073 3419/1094
f 241/1053 3413/1061 3403/1057
f 3434/1119 3411/1083 3415/1117
f 3391/1124 3389/1109 3386/1076
f 3410/1066 3411/1083 3414/1073
f 3384/1065 3410/1066 3413/1061
f 3412/1103 3411/1083 3435/1091
f 3410/1066 3403/1057 3413/1061
f 3433/1085 3404/1067 3402/1075
f 3409/1121 3408/1105 3406/1137
f 3408/1105 3407/1136 3406/1137
f 3405/1130 3398/1089 3843/1114
f 3385/1059 3399/1063 3036/1070
f 3402/1075 3404/1067 3403/1057
f 3400/1056 3401/1064 3397/1060
f 3838/1145 3405/1130 3845/1163
f 3435/1091 3410/1066 2966/1082
f 3430/1115 2949/1144 2964/1131
f 2965/1092 3398/1089 3430/1115
f 3410/1066 3384/1065 2966/1082
f 3364/1254 3065/1226 3360/1222
f 243/1054 3403/1057 3393/1062
f 3422/1168 3469/1172 3406/1137
f 3356/1186 3363/1220 3371/1203
f 3358/1153 3356/1186 3371/1203
f 3393/1062 3429/1058 243/1054
f 3363/1220 3356/1186 1512/1219
f 3387/1077 3399/1063 3394/1068
f 3396/1123 3423/1107 3428/1095
f 3429/1058 3393/1062 3394/1068
f 3399/1063 3429/1058 3394/1068
f 3390/1140 3376/1174 3395/1156
f 3424/1084 3428/1095 3392/1074
f 3403/1057 243/1054 241/1053
f 3428/1095 3424/1084 3427/1106
f 3426/1122 3425/1171 3375/1154
f 3409/1121 3427/1106 3424/1084
f 3424/1084 3408/1105 3409/1121
f 241/1053 3400/1056 3397/1060
f 3423/1107 3391/1124 3386/1076
f 3410/1066 3414/1073 3403/1057
f 3393/1062 3403/1057 3404/1067
f 3392/1074 3393/1062 3404/1067
f 3414/1073 3402/1075 3403/1057
f 242/1055 3400/1056 241/1053
f 3385/1059 3401/1064 3400/1056
f 3399/1063 3385/1059 242/1055
f 3847/1080 3384/1065 3849/1071
f 3397/1060 3026/1072 3850/1081
f 3046/1087 3040/1112 3042/1127
f 3385/1059 3029/1069 3401/1064
f 242/1055 3429/1058 3399/1063
f 3399/1063 3387/1077 3036/1070
f 3035/1088 3389/1109 3071/1113
f 3423/1107 3396/1123 3391/1124
f 3849/1071 3397/1060 3851/1079
f 3390/1140 3396/1123 3375/1154
f 3388/1175 3395/1156 3376/1174
f 3389/1109 3395/1156 3039/1129
f 3388/1175 3039/1129 3395/1156
f 3386/1076 3394/1068 3393/1062
f 3393/1062 3392/1074 3386/1076
f 3396/1123 3390/1140 3391/1124
f 3389/1109 3391/1124 3390/1140
f 3395/1156 3389/1109 3390/1140
f 3388/1175 3063/1191 3038/1159
f 3035/1088 3387/1077 3386/1076
f 3386/1076 3389/1109 3035/1088
f 3386/1076 3387/1077 3394/1068
f 3029/1069 3385/1059 3025/1078
f 3852/1098 3067/1111 3853/1126
f 3398/1089 2965/1092 3384/1065
f 3384/1065 241/1053 3397/1060
f 3034/3739 3046/3748 3042/3743
f 3425/1171 3426/1122 3358/1153
f 3427/1106 3357/1138 3426/1122
f 3407/1136 3422/1168 3406/1137
f 3357/1138 3374/1169 3349/1185
f 3061/1271 3364/1254 3366/1268
f 3388/1175 3377/1204 3063/1191
f 3360/1222 3366/1268 3364/1254
f 3372/1187 3360/1222 3064/1205
f 3375/1154 3372/1187 3064/1205
f 3058/1207 3062/1241 3331/1240
f 3064/1205 3377/1204 3375/1154
f 3376/1174 3375/1154 3377/1204
f 3309/3632 3337/3639 3301/3647
f 3349/1185 3374/1169 3353/1200
f 3368/1307 3373/1287 3362/1252
f 1807/1330 3368/1307 1460/1327
f 3359/1221 3372/1187 3371/1203
f 3061/1271 3369/1288 3370/1270
f 3333/4033 2960/4031 3286/4041
f 3369/1288 3061/1271 3361/1253
f 3373/1287 3369/1288 3365/1267
f 3369/1288 3361/1253 3365/1267
f 1460/1327 3368/1307 3367/1286
f 3362/1252 3367/1286 3368/1307
f 1460/1327 3367/1286 1389/1326
f 1511/1266 1383/1285 3367/1286
f 3363/1220 3359/1221 3371/1203
f 3361/1253 3061/1271 3366/1268
f 3366/1268 3360/1222 3361/1253
f 3361/1253 3363/1220 3365/1267
f 3065/1226 3364/1254 3062/1241
f 3362/1252 3365/1267 3363/1220
f 3367/1286 3362/1252 1511/1266
f 1512/1219 1511/1266 3362/1252
f 3359/1221 3363/1220 3361/1253
f 3361/1253 3360/1222 3359/1221
f 3356/1186 3358/1153 3347/1170
f 3347/1170 3358/1153 3357/1138
f 3349/1185 3347/1170 3357/1138
f 3347/1170 3348/1202 3356/1186
f 3355/1237 3354/1217 3350/1201
f 2962/1249 3354/1217 3355/1237
f 3356/1186 3348/1202 1512/1219
f 1512/1219 3362/1252 3363/1220
f 3007/1238 3354/1217 2962/1249
f 3347/1170 3354/1217 3007/1238
f 2962/1249 1385/1250 3007/1238
f 3351/1216 3353/1200 3352/1236
f 1572/1282 653/1320 2963/1302
f 2962/1249 3352/1236 1572/1282
f 3347/1170 3350/1201 3354/1217
f 3349/1185 3351/1216 3350/1201
f 3351/1216 3349/1185 3353/1200
f 3374/1169 3459/1199 3353/1200
f 1386/1218 3348/1202 3347/1170
f 3293/3941 3169/3946 3177/3933
f 3137/3952 3163/3963 3170/3966
f 3383/1309 3368/1307 1807/1330
f 1806/1290 1077/1289 3331/1240
f 3329/3635 3382/3649 1041/3641
f 1063/3700 1065/3690 3327/3683
f 3331/1240 3062/1241 3370/1270
f 3331/1240 3370/1270 1806/1290
f 3310/3650 3328/3669 1066/3668
f 3059/1190 3038/1159 3063/1191
f 3327/3683 1066/3668 3328/3669
f 3313/3656 3311/3640 3308/3648
f 1061/3671 1037/3657 3382/3649
f 3373/1287 3368/1307 3383/1309
f 3310/3650 3382/3649 3312/3633
f 1066/3668 1061/3671 3382/3649
f 3382/3649 3310/3650 1066/3668
f 3074/3689 3073/3687 3123/3674
f 3330/3708 3327/3683 3060/3707
f 3328/3669 3306/3667 3307/3682
f 3331/1240 3330/1257 3060/1225
f 3315/3618 1055/3629 1816/3623
f 3088/3611 3165/3614 3188/3608
f 3315/3618 3329/3635 1055/3629
f 3097/3624 3161/3644 3282/3637
f 3079/3977 3380/3980 3338/3972
f 3380/3980 1029/3983 3381/3978
f 1030/3975 3338/3972 3381/3978
f 3338/3972 1030/3975 3336/3969
f 1012/3985 3380/3980 3079/3977
f 3187/3615 1007/3628 3378/3622
f 3087/3995 3078/3981 3192/3986
f 1007/3628 3187/3615 1816/3623
f 1036/3990 3380/3980 1012/3985
f 3333/3342 3286/3340 995/3339
f 3379/3350 3333/3342 1010/3347
f 3379/4043 1010/4050 1005/4024
f 3079/3977 3378/3989 1012/3985
f 3187/3615 3315/3618 1816/3623
f 3114/3617 3098/3626 3167/3621
f 3338/3972 3084/3974 3079/3977
f 1044/4020 1043/4026 3334/4017
f 3187/3615 3378/3622 3079/3619
f 3194/4085 3196/4099 3285/4092
f 3335/4787 3181/4785 3339/4786
f 3286/4105 3285/4092 3324/4104
f 3338/3972 3198/3971 3084/3974
f 3338/3972 3336/3969 3198/3971
f 249/3868 3255/3883 2956/3876
f 3166/3638 3304/3655 3337/3639
f 3195/4112 3286/4105 3324/4104
f 996/3341 3195/3338 3336/3344
f 3285/4092 3199/4083 3194/4085
f 3180/3921 3335/3909 3143/3903
f 202/4036 193/4021 1043/4026
f 193/4021 197/4018 3334/4017
f 3286/4041 2960/4031 3253/4023
f 993/4025 1044/4020 3322/4016
f 995/3339 1003/3343 3333/3342
f 3197/3976 3191/3984 3086/3988
f 3141/4902 3172/4903 3180/4904
f 3237/4098 3291/4091 3235/4088
f 3237/4098 3230/4111 3260/4103
f 3113/3616 3210/3630 3097/3624
f 2961/4048 88/4039 87/4055
f 205/4467 85/4454 84/4462
f 3332/3928 57/3913 83/3934
f 3277/4078 3276/4073 3234/4082
f 3065/1226 3059/1190 3063/1191
f 3331/1240 1063/1269 3330/1257
f 3052/3698 3054/3731 3057/3715
f 3382/3649 3329/3635 3312/3633
f 3313/3656 3306/3667 3328/3669
f 3327/3683 3328/3669 3307/3682
f 3327/3683 3307/3682 3056/3699
f 197/4018 193/4021 92/4027
f 74/4118 2954/4114 3344/4120
f 88/4039 3346/4028 197/4018
f 3346/4028 3343/4040 3342/4022
f 3269/3879 3261/3873 3244/3887
f 195/4124 81/4122 3345/4119
f 81/4122 195/4124 80/4126
f 2954/4114 3345/4119 81/4122
f 3342/4022 3323/4015 197/4018
f 3343/4040 3346/4028 2961/4048
f 3346/4028 88/4039 2961/4048
f 2961/4048 195/4059 3345/4049
f 3345/4049 3343/4040 2961/4048
f 3344/4120 81/4122 77/4125
f 3343/4040 3345/4049 3340/4029
f 3343/4040 3340/4029 3342/4022
f 3340/4029 3323/4015 3342/4022
f 3334/4017 197/4018 3323/4015
f 204/4480 199/4474 72/4483
f 3218/3895 3269/3879 3244/3887
f 3266/4471 3299/4463 3341/4469
f 3316/4475 3266/4471 3341/4469
f 199/4474 3316/4475 3341/4469
f 3221/4459 85/4454 3299/4463
f 199/4474 3341/4469 206/4470
f 3237/4098 82/4110 69/4115
f 85/4454 206/4470 3341/4469
f 85/4454 252/4448 68/4451
f 199/4474 206/4470 200/4473
f 2959/4019 3322/4016 3323/4015
f 2954/4114 3318/4113 3340/4108
f 3333/4033 1005/4024 2959/4019
f 3239/4086 3254/4090 3325/4095
f 3317/4102 3340/4108 3325/4095
f 3282/3637 3206/3631 3098/3626
f 3323/4015 3340/4029 3317/4030
f 3084/3974 3197/3976 3085/3982
f 3131/4167 3083/4170 3091/4163
f 3314/3627 3315/3618 3167/3621
f 3164/3654 3123/3674 3302/3664
f 3098/3626 3206/3631 3167/3621
f 3152/3610 3088/3611 3188/3608
f 3166/3638 3164/3654 3302/3664
f 3084/3974 3198/3971 3197/3976
f 3315/3618 3165/3614 3167/3621
f 3315/3618 3187/3615 3188/3608
f 3188/3608 3165/3614 3315/3618
f 3305/3666 3308/3648 3301/3647
f 3309/3632 3314/3627 3167/3621
f 3314/3627 3309/3632 3311/3640
f 3329/3635 3315/3618 3312/3633
f 3091/4163 3083/4170 3092/4168
f 3308/3648 3306/3667 3313/3656
f 3100/3676 3303/3681 3305/3666
f 3328/3669 3310/3650 3313/3656
f 3312/3633 3311/3640 3310/3650
f 3309/3632 3308/3648 3311/3640
f 3311/3640 3313/3656 3310/3650
f 3314/3627 3311/3640 3312/3633
f 3052/3698 3055/3706 3307/3682
f 3306/3667 3303/3681 3307/3682
f 3305/3666 3303/3681 3306/3667
f 3337/3639 3304/3655 3301/3647
f 3303/3681 3052/3698 3307/3682
f 3306/3667 3308/3648 3305/3666
f 3301/3647 3304/3655 3302/3664
f 3301/3647 3308/3648 3309/3632
f 3303/3681 3075/3697 3052/3698
f 3077/3719 3111/3723 3856/3735
f 3296/4742 3215/4743 3270/4744
f 3296/4742 3300/4747 3214/4746
f 3193/4081 3186/4079 3199/4083
f 3168/3951 3294/3948 3137/3952
f 3221/4459 3299/4463 3298/4468
f 3266/4471 3222/4464 3298/4468
f 3296/4742 3270/4744 3297/4745
f 3316/4475 204/4480 3828/4484
f 3260/4103 3227/4106 3295/4094
f 3316/4475 3267/4477 3266/4471
f 3317/4102 3325/4095 3254/4090
f 3234/4082 3275/4077 3240/4087
f 3179/4283 3278/4285 3284/4281
f 3269/4465 3219/4455 3222/4464
f 3222/4464 3216/4472 3269/4465
f 3221/4459 252/4448 85/4454
f 3251/4460 207/4461 209/4449
f 207/3899 57/3913 3326/3922
f 3236/3898 3226/3912 3225/3905
f 209/4449 207/4461 63/4457
f 3236/3898 3242/3892 3243/3878
f 3236/3898 3225/3905 3242/3892
f 199/4474 204/4480 3316/4475
f 3241/3893 3236/3898 3243/3878
f 2954/4114 3320/4109 3318/4113
f 3321/4097 3320/4109 2954/4114
f 3325/4095 3319/4107 3238/4096
f 2956/3876 3247/3872 249/3868
f 3197/3976 3196/3973 3194/3979
f 3340/4108 3318/4113 3325/4095
f 3237/4098 3321/4097 82/4110
f 3285/4092 3196/4099 3324/4104
f 3193/4081 3239/4086 3275/4077
f 3228/3891 3292/3886 3246/3877
f 3253/4023 2959/4019 3323/4015
f 3276/4073 3275/4077 3234/4082
f 3193/4081 3200/4093 3254/4090
f 3321/4097 3235/4088 3240/4087
f 3227/4106 3290/4100 3295/4094
f 249/3868 3247/3872 251/3869
f 1005/4024 1006/4032 3322/4016
f 3320/4109 3321/4097 3238/4096
f 3318/4113 3320/4109 3319/4107
f 3379/4043 1005/4024 3333/4033
f 3317/4030 3253/4023 3323/4015
f 3855/4485 3316/4475 3862/4488
f 3271/4481 3267/4477 3316/4475
f 3859/4748 3270/4744 3865/4751
f 3866/4750 3297/4745 3867/4754
f 3262/4753 3300/4747 3245/4757
f 3224/3888 3151/3901 3146/3889
f 3271/4481 3270/4490 3215/4486
f 3256/3907 3224/3888 3265/3902
f 3269/3879 3223/3880 250/3870
f 3268/3894 3216/3900 3265/3902
f 3267/4477 3217/4476 3266/4471
f 3265/4478 3217/4476 3267/4477
f 3264/3915 3256/3907 3215/3918
f 3261/3873 250/3870 251/3869
f 3213/4709 3263/4708 3823/4713
f 3245/4757 3259/4758 3262/4753
f 3261/3873 251/3869 3243/3878
f 3241/3893 3228/3891 3260/3904
f 3258/4703 3259/4707 3257/4710
f 3245/4712 3257/4710 3259/4707
f 3214/4700 3149/4702 3148/4701
f 3256/3907 3264/3915 3151/3901
f 3255/3652 3204/3661 3282/3637
f 3253/4101 3254/4090 3200/4093
f 3253/4101 3317/4102 3254/4090
f 234/4131 3210/4134 3113/4138
f 3252/4276 3250/4279 3232/4280
f 207/4461 3251/4460 3218/4456
f 3223/3880 3212/3874 250/3870
f 3232/4280 3250/4279 3248/4278
f 3250/4279 3249/4275 3248/4278
f 3218/3895 3244/3887 207/3899
f 3236/3898 3241/3893 3229/3906
f 3246/3877 251/3869 3247/3872
f 3258/4703 3149/4702 3214/4700
f 250/3870 3261/3873 3269/3879
f 3243/3878 3242/3892 3244/3887
f 3244/3887 3242/3892 207/3899
f 3241/3893 3230/3911 3229/3906
f 3275/4077 3239/4086 3240/4087
f 3238/4096 3240/4087 3239/4086
f 3238/4096 3321/4097 3240/4087
f 90/4116 3237/4098 61/4117
f 3236/3898 3229/3906 66/3914
f 3235/4088 3234/4082 3240/4087
f 3233/4286 3179/4283 3232/4280
f 3231/4284 3233/4286 3232/4280
f 3230/4111 3237/4098 90/4116
f 65/3923 3229/3906 58/3929
f 3266/4471 3217/4476 3222/4464
f 3227/4897 3260/4898 3228/4899
f 3270/4931 3271/4932 3820/4933
f 66/3914 3226/3912 3236/3898
f 54/4887 3226/4888 55/4889
f 207/3899 3242/3892 3225/3905
f 3225/3905 3226/3912 57/3913
f 3225/3905 57/3913 207/3899
f 3224/3888 3223/3880 3268/3894
f 3263/4708 3258/4703 3257/4710
f 3216/3900 3268/3894 3269/3879
f 3221/4459 3222/4464 3219/4455
f 3220/4452 3219/4455 3218/4456
f 3219/4455 3269/4465 3218/4456
f 3220/4452 209/4449 252/4448
f 3221/4459 3219/4455 252/4448
f 3219/4455 3220/4452 252/4448
f 209/4449 3220/4452 3218/4456
f 3218/4456 3251/4460 209/4449
f 3175/4074 3199/4083 3186/4079
f 3864/4755 3300/4747 3866/4750
f 3216/4472 3222/4464 3217/4476
f 3265/4478 3216/4472 3217/4476
f 250/3870 3208/3871 249/3868
f 3296/4742 3297/4745 3300/4747
f 3265/3902 3215/3918 3256/3907
f 3212/3874 3223/3880 3224/3888
f 3214/4746 3264/4749 3215/4743
f 3296/4742 3214/4746 3215/4743
f 3151/3901 3224/3888 3256/3907
f 3213/4709 3207/4706 3263/4708
f 3212/3874 3208/3871 250/3870
f 3208/3871 3212/3874 3211/3881
f 3205/3882 3208/3871 3211/3881
f 3262/4753 3214/4746 3300/4747
f 3824/4715 3245/4712 3868/4718
f 3189/4293 3184/4288 3178/4291
f 3295/4094 3291/4091 3260/4103
f 3153/4143 3183/4137 3231/4147
f 3274/4142 3231/4147 3183/4137
f 3118/3945 3137/3952 3294/3948
f 3258/4703 3262/4705 3259/4707
f 3118/3945 3293/3941 3120/3926
f 3118/3945 3294/3948 3293/3941
f 3226/4888 66/4893 56/4891
f 3292/3886 3243/3878 251/3869
f 3246/3877 3289/3890 3228/3891
f 3273/4153 3272/4160 3289/4164
f 3288/4900 3227/4897 3228/4899
f 3241/3893 3292/3886 3228/3891
f 3289/4901 3288/4900 3228/4899
f 3243/3878 3292/3886 3241/3893
f 3229/3906 90/3924 59/3930
f 3291/4091 3237/4098 3260/4103
f 3211/3881 3150/3897 3204/3896
f 3235/4088 3321/4097 3237/4098
f 3234/4082 3235/4088 3277/4078
f 3291/4091 3277/4078 3235/4088
f 3288/4274 3290/4273 3227/4277
f 3295/4094 3290/4100 3252/4089
f 3277/4078 3291/4091 3295/4094
f 3232/4280 3491/4282 3231/4284
f 3284/4281 3232/4280 3179/4283
f 3287/4161 3273/4153 3289/4164
f 3290/4273 3249/4275 3252/4276
f 251/3869 3246/3877 3292/3886
f 3250/4279 3252/4276 3249/4275
f 3199/4083 3175/4074 3194/4085
f 3289/3890 3246/3877 3287/3885
f 3288/4169 3272/4160 3248/4165
f 3248/4278 3249/4275 3288/4274
f 3272/4160 3288/4169 3289/4164
f 2957/4146 3273/4153 3287/4161
f 2957/3884 3287/3885 3247/3872
f 3246/3877 3247/3872 3287/3885
f 3277/4078 3280/4066 3276/4073
f 3286/4105 3200/4093 3285/4092
f 3150/3897 3143/3903 3335/3909
f 3284/4281 3252/4276 3232/4280
f 3252/4089 3284/4084 3277/4078
f 3870/4711 3213/4709 3871/4714
f 3179/4151 3274/4142 3159/4140
f 3282/3637 3283/3653 3099/3645
f 3133/3702 3162/3722 3135/3713
f 3183/4137 233/4132 3274/4142
f 233/4132 3159/4140 3274/4142
f 3203/4139 3105/4144 3104/4135
f 3179/4283 3281/4287 3278/4285
f 3178/4731 3155/4732 3189/4733
f 3102/4157 3174/4150 3104/4135
f 3281/4287 3184/4288 3279/4290
f 3280/4066 3278/4075 3281/4070
f 3179/4283 3184/4288 3281/4287
f 3184/4288 3190/4292 3279/4290
f 3277/4078 3284/4084 3278/4075
f 3281/4070 3279/4067 3280/4066
f 3275/4077 3276/4073 3185/4069
f 3233/4152 3231/4147 3274/4142
f 3233/4152 3274/4142 3179/4151
f 3205/3882 3255/3883 249/3868
f 3272/4160 3273/4153 3153/4143
f 3272/4160 3153/4143 3491/4154
f 3278/4075 3280/4066 3277/4078
f 232/4130 233/4132 3154/4133
f 3189/4076 3157/4068 3190/4071
f 3080/3612 3188/3608 3187/3615
f 3186/4079 3185/4069 3175/4074
f 3182/4289 3184/4288 3179/4283
f 3172/3940 3141/3920 3177/3933
f 233/4132 3183/4137 3154/4133
f 3279/4067 3190/4071 3157/4068
f 3182/4159 3158/4145 3178/4158
f 3180/4783 247/4779 3181/4785
f 3178/4291 3184/4288 3182/4289
f 3159/4140 3158/4145 3179/4151
f 3158/4145 3182/4159 3179/4151
f 3178/4731 3174/4736 3117/4734
f 3141/3920 3120/3926 3177/3933
f 3189/4293 3190/4292 3184/4288
f 246/3710 3173/3726 3176/3717
f 3120/3926 3142/3910 3126/3919
f 3115/3692 246/3710 3176/3717
f 3185/4069 3156/4065 3175/4074
f 3157/4735 3189/4733 3155/4732
f 3117/4734 3155/4732 3178/4731
f 3158/4145 3174/4150 3178/4158
f 3173/4905 3180/4904 3172/4903
f 3132/3695 3168/3711 3137/3720
f 3172/3716 3176/3717 3173/3726
f 3117/4734 3174/4736 3102/4738
f 3172/3940 3177/3933 3169/3946
f 3115/3692 3172/3716 3169/3709
f 3162/3962 3171/3959 3140/3956
f 3137/3952 3171/3959 3163/3963
f 3106/3693 246/3710 3115/3692
f 3106/3693 3109/3686 3095/3673
f 3170/3721 3132/3695 3137/3720
f 3169/3709 3168/3711 3116/3694
f 3294/3948 3168/3951 3169/3946
f 232/4130 3210/4134 234/4131
f 3208/3871 3205/3882 3209/3875
f 3145/4704 3207/4706 3213/4709
f 3094/3646 3206/3631 3099/3645
f 3282/3637 3339/3662 3283/3653
f 3180/4783 3181/4785 3335/4787
f 3255/3883 3205/3882 3204/3896
f 3205/3882 3211/3881 3204/3896
f 3204/3661 3335/3679 3339/3662
f 3105/4144 3202/4148 3103/4155
f 3105/4144 3203/4139 3202/4148
f 3160/3643 3161/3644 3097/3624
f 3203/4962 3113/4963 3201/4964
f 3106/4781 248/4778 246/4777
f 3089/3613 3202/3620 3113/3616
f 3201/3625 3113/3616 3202/3620
f 3201/4156 3202/4148 3203/4139
f 3079/3619 3080/3612 3187/3615
f 3200/4093 3199/4083 3285/4092
f 3198/3971 3196/3973 3197/3976
f 3200/4093 3193/4081 3199/4083
f 3197/3976 3086/3988 3192/3986
f 3195/4112 3324/4104 3196/4099
f 3195/3970 3196/3973 3198/3971
f 3175/4074 3191/4080 3194/4085
f 3191/3984 3092/3992 3086/3988
f 3185/4069 3276/4073 3280/4066
f 3185/4069 3186/4079 3193/4081
f 3085/3982 3197/3976 3192/3986
f 3197/3976 3194/3979 3191/3984
f 3093/4072 3191/4080 3175/4074
f 3160/4136 3154/4133 2955/4141
f 2955/3659 3161/3644 3160/3643
f 3154/4133 2957/4146 2955/4141
f 232/3636 3160/3643 3097/3624
f 3097/3624 3210/3630 232/3636
f 3158/4145 3159/4140 3104/4135
f 3157/4068 3093/4072 3156/4065
f 3157/4735 3155/4732 3093/4737
f 232/4130 3154/4133 3160/4136
f 3104/4135 3174/4150 3158/4145
f 3153/4143 3273/4153 2957/4146
f 2957/4146 3154/4133 3153/4143
f 3104/4135 234/4131 3203/4139
f 3156/4065 3093/4072 3175/4074
f 3131/4167 3152/4166 3082/4171
f 3104/4135 233/4132 234/4131
f 249/3868 3208/3871 3209/3875
f 3180/3921 3143/3903 3141/3920
f 3151/3901 3147/3908 3146/3889
f 3146/3889 3150/3897 3211/3881
f 3143/3903 3150/3897 3146/3889
f 3154/4133 3183/4137 3153/4143
f 3148/4701 3149/4702 3145/4704
f 3145/3925 3147/3908 3148/3916
f 3207/4706 3145/4704 3149/4702
f 3147/3908 3151/3901 3148/3916
f 3125/3917 3147/3908 3145/3925
f 3147/3908 3125/3917 3146/3889
f 3142/3910 3146/3889 3126/3919
f 3125/3917 3145/3925 3874/3931
f 3861/3942 3125/3917 3875/3936
f 3141/3920 3143/3903 3142/3910
f 3146/3889 3142/3910 3143/3903
f 3125/3917 3144/3938 3122/3932
f 3140/3956 3138/3955 3139/3957
f 3137/3952 3118/3945 3138/3955
f 3140/3956 3137/3952 3138/3955
f 3120/3926 3126/3919 3122/3932
f 3112/3714 3076/3704 3136/3696
f 3133/3702 3135/3713 3134/3703
f 3132/3695 3107/3688 3116/3694
f 3132/3695 3116/3694 3168/3711
f 3131/4167 3091/4163 3103/4155
f 3130/3965 3129/3960 3878/3967
f 3127/3949 3101/3943 3128/3953
f 3127/3949 3121/3944 3101/3943
f 3118/3945 3121/3944 3127/3949
f 3128/3953 3139/3957 3138/3955
f 3122/3932 3126/3919 3125/3917
f 3123/3674 3124/3665 3108/3680
f 3119/3939 3122/3932 3121/3944
f 3120/3926 3119/3939 3118/3945
f 3177/3933 3120/3926 3293/3941
f 3102/4738 3093/4737 3117/4734
f 3155/4732 3117/4734 3093/4737
f 3115/3692 3116/3694 3110/3675
f 3097/3624 3114/3617 3113/3616
f 3111/3723 3077/3719 3076/3704
f 3112/3714 3111/3723 3076/3704
f 3116/3694 3107/3688 3110/3675
f 3110/3675 3109/3686 3115/3692
f 3108/3680 3107/3688 3132/3695
f 3106/4781 3096/4784 248/4778
f 3104/4135 3105/4144 3090/4149
f 3090/4149 3105/4144 3103/4155
f 3090/4149 3102/4157 3104/4135
f 3110/3675 3107/3688 3108/3680
f 3101/3943 3144/3938 3860/3947
f 3122/3932 3119/3939 3120/3926
f 3118/3945 3119/3939 3121/3944
f 3100/3676 3073/3687 3303/3681
f 3282/3637 3099/3645 3206/3631
f 3094/3646 3099/3645 3096/3663
f 3098/3626 3097/3624 3282/3637
f 3096/3663 3095/3673 3094/3646
f 3092/4740 3093/4737 3090/4739
f 3103/4155 3091/4163 3090/4149
f 3090/4739 3093/4737 3102/4738
f 3088/3611 3152/3610 3089/3613
f 3087/4174 3192/4176 3086/4172
f 3083/4170 3087/4174 3086/4172
f 3083/4170 3086/4172 3092/4168
f 3078/3981 3085/3982 3192/3986
f 3084/3974 3085/3982 3078/3981
f 3082/4171 3087/4174 3083/4170
f 3082/4171 3083/4170 3131/4167
f 3080/3612 3081/3609 3188/3608
f 3087/4174 3080/4175 3078/4177
f 3079/4178 3078/4177 3080/4175
f 3079/3977 3084/3974 3078/3981
f 3103/4155 3152/4166 3131/4167
f 3082/4171 3152/4166 3081/4173
f 3082/4171 3081/4173 3080/4175
f 3114/3617 3088/3611 3113/3616
f 3088/3611 3089/3613 3113/3616
f 3097/3624 3098/3626 3114/3617
f 3337/3639 3167/3621 3166/3638
f 3167/3621 3165/3614 3114/3617
f 3166/3638 3094/3646 3164/3654
f 3110/3675 3095/3673 3109/3686
f 3124/3665 3164/3654 3094/3646
f 3283/3653 3096/3663 3099/3645
f 3096/4871 3106/4872 3095/4873
f 3094/3646 3095/3673 3110/3675
f 3877/3954 3101/3943 3880/3950
f 3133/3702 3134/3703 3108/3680
f 3112/3714 3130/3736 3881/3738
f 3133/3702 3163/3712 3162/3722
f 3111/3723 3112/3714 3882/3730
f 3112/3714 3135/3713 3162/3722
f 3136/3696 3074/3689 3108/3680
f 3074/3689 3123/3674 3108/3680
f 3123/3674 3164/3654 3124/3665
f 3108/3680 3134/3703 3136/3696
f 3170/3721 3163/3712 3132/3695
f 3132/3695 3163/3712 3133/3702
f 3136/3696 3134/3703 3135/3713
f 3112/3714 3136/3696 3135/3713
f 3112/3714 3162/3722 3130/3736
f 3162/3962 3140/3956 3130/3965
f 3129/3960 3128/3953 3873/3964
f 3076/3704 3077/3719 3072/3701
f 3072/3701 3077/3719 3857/3729
f 3136/3696 3076/3704 3074/3689
f 3100/3676 3123/3674 3073/3687
f 3051/3705 3075/3697 3073/3687
f 3076/3704 3072/3701 3074/3689
f 3073/3687 3074/3689 3072/3701
f 3072/3701 3051/3705 3073/3687
f 3070/3727 3072/3701 3884/3733
f 3171/3959 3162/3962 3163/3963
f 3068/3718 3050/3728 3051/3705
f 3068/3718 3051/3705 3072/3701
f 3071/1113 3039/1129 3037/1100
f 3066/3734 3068/3718 3070/3727
f 3072/3701 3070/3727 3068/3718
f 3066/3734 3070/3727 3886/3741
f 3829/3749 3066/3734 3887/3744
f 3066/3734 3069/3745 3049/3742
f 3066/3734 3050/3728 3068/3718
f 3060/3707 3057/3715 3045/3725
f 3049/3742 3069/3745 3830/3750
f 3043/3746 3049/3742 3888/3751
f 3327/3683 3330/3708 1063/3700
f 3045/3725 3057/3715 3054/3731
f 3045/1158 3038/1159 3059/1190
f 3065/1226 3062/1241 3058/1207
f 3377/1204 3064/1205 3063/1191
f 3370/1270 3062/1241 3061/1271
f 3062/1241 3364/1254 3061/1271
f 3370/1270 3373/1287 3383/1309
f 3038/1159 3045/1158 3041/1128
f 3327/3683 3056/3699 3060/3707
f 3045/1158 3059/1190 3058/1207
f 3059/1190 3065/1226 3058/1207
f 3052/3698 3057/3715 3056/3699
f 3056/3699 3055/3706 3052/3698
f 3057/3715 3060/3707 3056/3699
f 3048/3732 3053/3724 3051/3705
f 3034/3739 3054/3731 3048/3732
f 3053/3724 3054/3731 3052/3698
f 3307/3682 3055/3706 3056/3699
f 3054/3731 3053/3724 3048/3732
f 3052/3698 3051/3705 3053/3724
f 3052/3698 3075/3697 3051/3705
f 3048/3732 3050/3728 3049/3742
f 3050/3728 3066/3734 3049/3742
f 3048/3732 3051/3705 3050/3728
f 3025/1078 3036/1070 3046/1087
f 3046/1087 3047/1099 3025/1078
f 3043/3746 3048/3732 3049/3742
f 3046/1087 3037/1100 3040/1112
f 3034/3739 3042/3743 3045/3725
f 3041/1128 3037/1100 3039/1129
f 3037/1100 3046/1087 3036/1070
f 3044/3752 3043/3746 3890/3756
f 3034/3739 3043/3746 3044/3752
f 3045/3725 3054/3731 3034/3739
f 3045/1158 3042/1127 3041/1128
f 3041/1128 3040/1112 3037/1100
f 3041/1128 3039/1129 3038/1159
f 3040/1112 3041/1128 3042/1127
f 3037/1100 3035/1088 3071/1113
f 3036/1070 3035/1088 3037/1100
f 3036/1070 3387/1077 3035/1088
f 3034/3739 3033/3753 3046/3748
f 3036/1070 3025/1078 3385/1059
f 3033/3753 3034/3739 3032/3755
f 3030/3760 3033/3753 3032/3755
f 3031/3758 3028/3762 3032/3755
f 3030/3760 3032/3755 3028/3762
f 3027/3761 3030/3760 3028/3762
f 3029/1069 3024/1086 3026/1072
f 3028/1110 3024/1086 3027/1097
f 3026/1072 3024/1086 3852/1098
f 3024/1086 3029/1069 3025/1078
f 3025/1078 3027/1097 3024/1086
f 3027/1097 3025/1078 3047/1099
f 3067/1111 3024/1086 3028/1110
f 3893/1157 3031/1141 3895/1176
f 3067/1111 3028/1110 3031/1141
f 3032/3755 3044/3752 3031/3758
f 3895/3763 3044/3752 3896/3764
f 240/2 3587/9 3588/10
f 3517/97 3023/113 3022/68
f 3695/4685 3708/4688 3696/4686
f 3019/423 3021/422 1955/375
f 3020/446 3019/423 2934/399
f 211/1455 3709/1456 210/1410
f 2979/21 3492/26 2977/35
f 3020/446 3021/422 3019/423
f 3756/4247 3687/4250 3633/4245
f 3756/4247 3757/4244 3651/4251
f 3642/4256 3634/4263 3629/4258
f 3557/1714 3661/1676 3556/1673
f 3740/1340 3741/1279 3722/1315
f 3740/1340 3736/1359 3005/1314
f 3006/1482 2923/1458 3013/1411
f 3689/1406 3012/1407 3011/1372
f 3018/1389 3677/1409 3001/1354
f 3693/1479 3711/1478 3619/1523
f 3017/1296 3016/1313 3479/1276
f 3015/1212 2950/1244 3008/1245
f 2987/1438 3013/1411 2988/1391
f 3445/1214 3446/1184 3444/1215
f 2986/1277 2985/1256 3447/1255
f 1690/1396 1694/1393 3010/1363
f 2985/1256 2986/1277 3466/1263
f 3472/4721 3457/4723 3765/4726
f 2950/1244 3015/1212 3437/1233
f 2950/1244 3009/1274 3008/1245
f 3734/1261 3008/1245 3009/1274
f 3749/1298 3741/1279 3748/1262
f 3347/1170 3007/1238 1386/1218
f 3000/1373 3011/1372 3012/1407
f 3734/1261 3733/1295 3719/1294
f 3774/1332 3453/1272 3835/1350
f 2925/1459 3006/1482 3013/1411
f 3013/1411 2923/1458 912/1437
f 3737/1337 3485/1358 3486/1356
f 3737/1337 3016/1313 3017/1296
f 3674/1405 3743/1387 3705/1431
f 3738/1390 3739/1436 2988/1391
f 3712/1457 2987/1438 2988/1391
f 3004/1375 3485/1358 3005/1314
f 2987/1438 2929/1484 2731/1485
f 3726/1376 3004/1375 3005/1314
f 3002/1388 3011/1372 3003/1353
f 3709/1456 3710/1527 920/1501
f 3000/1373 3018/1389 3001/1354
f 3001/1354 3704/1335 3000/1373
f 3003/1353 3674/1405 3002/1388
f 2999/1520 2998/1475 2993/1473
f 2997/1430 2994/1474 3705/1431
f 216/1526 2996/1552 2931/1581
f 3706/1432 3674/1405 3667/1451
f 3670/1450 3705/1431 2998/1475
f 2978/63 213/42 4018/76
f 3589/22 3583/29 3584/37
f 3702/30 3698/17 3594/16
f 3582/69 3570/39 3581/58
f 3577/88 3599/50 3615/51
f 3572/94 3597/82 3569/66
f 3562/20 3564/34 2974/41
f 3525/483 3533/548 3535/526
f 2996/1552 216/1526 3715/1499
f 3671/1494 3657/1545 3696/1546
f 2994/1474 2993/1473 2998/1475
f 2999/1520 3671/1494 2998/1475
f 3690/1452 2992/1522 2989/1497
f 3497/170 3513/215 3511/216
f 217/1498 3711/1478 3684/1453
f 3658/1626 3654/1653 3657/1545
f 3654/1653 3555/1696 3556/1673
f 3642/4256 3651/4251 3641/4262
f 3624/4224 3625/4222 3626/4234
f 3545/4241 3519/4236 3544/4240
f 3500/168 3501/185 3502/154
f 2548/4221 3612/4217 3542/4213
f 2991/344 3524/343 236/324
f 3559/346 3661/363 3554/308
f 2990/1549 2989/1497 2992/1522
f 3640/1574 2989/1497 2990/1549
f 2345/435 2984/469 2942/447
f 2982/408 3499/459 2983/481
f 3620/1635 3539/1608 3536/1657
f 2980/1579 3649/1607 2981/1634
f 3539/1608 2980/1579 2981/1634
f 3023/113 3580/98 3022/68
f 786/44 2979/21 1985/43
f 2978/63 1909/75 1978/52
f 768/53 1985/43 2977/35
f 768/53 2977/35 1978/52
f 1897/152 2938/110 1874/111
f 3021/422 3547/400 3608/377
f 2975/200 3502/154 2976/199
f 3519/4236 2975/4239 2976/4226
f 3606/196 3497/170 3514/171
f 3530/4261 3531/4254 3549/4265
f 3530/4261 231/4267 3529/4255
f 4025/61 2974/41 4030/71
f 2973/120 2995/87 3899/138
f 3594/16 2972/31 2971/38
f 2995/87 2970/59 2969/70
f 3804/139 2973/120 3900/156
f 2969/70 3582/69 3783/99
f 3570/39 2969/70 2970/59
f 3571/48 2971/38 2972/31
f 3585/46 3602/57 3584/37
f 2968/291 2967/325 3554/308
f 2968/291 235/290 2967/325
f 2981/1634 3535/1656 3536/1657
f 3527/457 2982/408 2983/481
f 3630/306 2991/344 236/324
f 2933/501 3520/547 3521/525
f 3014/172 3516/187 3816/202
f 3193/4081 3254/4090 3239/4086
f 3126/3919 3146/3889 3125/3917
f 2955/3659 2957/3678 2956/3660
f 2956/3660 3161/3644 2955/3659
f 3038/1159 3039/1129 3388/1175
f 2954/4114 82/4110 3321/4097
f 3376/1174 3390/1140 3375/1154
f 3408/1105 3424/1084 3433/1085
f 2952/1147 2943/1179 2953/1149
f 3460/1224 3461/1189 3477/1206
f 2950/1244 3454/1258 2951/1293
f 3355/1237 3352/1236 2962/1249
f 3349/1185 3350/1201 3347/1170
f 3460/1224 3471/1248 3459/1199
f 3467/1196 3452/1213 3451/1183
f 1512/1219 3348/1202 1386/1218
f 3438/1195 3439/1181 3463/1211
f 3440/4724 3472/4721 3453/4727
f 3462/1150 2945/1165 2948/1182
f 3488/1239 2985/1256 3460/1224
f 2948/1182 2945/1165 2947/1194
f 3417/1135 2946/1166 2945/1165
f 3822/1209 2943/1179 3905/1227
f 2944/1193 2953/1149 2943/1179
f 2943/1179 2952/1147 3903/1180
f 3411/1083 3412/1103 3415/1117
f 3392/1074 3428/1095 3386/1076
f 2965/4868 2964/4869 2966/4870
f 2964/1131 2949/1144 3907/1162
f 3842/1132 2964/1131 3908/1164
f 3384/1065 2965/1092 2966/1082
f 2964/1131 2965/1092 3430/1115
f 3400/1056 242/1055 3385/1059
f 3470/1152 3469/1172 3374/1169
f 3060/1225 3058/1207 3331/1240
f 1328/1283 1385/1250 2962/1249
f 2962/1249 2963/1302 654/1303
f 3360/1222 3372/1187 3359/1221
f 3358/1153 3371/1203 3372/1187
f 2963/1302 2962/1249 1572/1282
f 3142/3910 3120/3926 3141/3920
f 194/4061 2961/4048 86/4058
f 3381/3978 3338/3972 3380/3980
f 3253/4023 2960/4031 2959/4019
f 3206/3631 3166/3638 3167/3621
f 3253/4101 3200/4093 3286/4105
f 3238/4096 3319/4107 3320/4109
f 2959/4019 2960/4031 3333/4033
f 3260/3904 3230/3911 3241/3893
f 3238/4096 3239/4086 3325/4095
f 3341/4469 3299/4463 85/4454
f 3298/4468 3222/4464 3221/4459
f 3298/4468 3299/4463 3266/4471
f 3318/4113 3319/4107 3325/4095
f 2956/3876 2957/3884 3247/3872
f 3244/3887 3261/3873 3243/3878
f 90/3924 3229/3906 3230/3911
f 3159/4140 233/4132 3104/4135
f 3185/4069 3193/4081 3275/4077
f 3191/4741 3093/4737 3092/4740
f 3090/4149 3091/4163 3092/4168
f 3114/3617 3165/3614 3088/3611
f 3100/3676 3301/3647 3302/3664
f 3063/1191 3064/1205 3065/1226
f 2958/1362 1692/1419 1690/1396
f 2946/1166 2947/1194 2945/1165
f 2951/1293 3009/1274 2950/1244
f 2993/1473 2994/1474 2997/1430
f 2599/36 2979/21 786/44
f 2097/4329 2408/4330 2081/4331
f 1113/2972 1102/2973 1114/2974
f 2893/2384 2900/2385 690/2386
f 1739/3079 1742/3091 1708/3052
f 1239/3212 1221/3210 1209/3206
f 1773/3765 1182/3766 1207/3767
f 1117/3125 1109/3110 4031/3143
f 1144/3102 1302/3089 1303/3076
f 2874/2607 328/2657 339/2630
f 1300/3101 1145/3113 1303/3076
f 2874/2607 381/2678 285/2681
f 1729/2609 1722/2631 1726/2589
f 1766/3791 1767/3792 1738/3776
f 976/2034 984/2073 2435/2058
f 1633/1858 1634/1821 1706/1840
f 2489/1885 2295/1901 2940/1869
f 2429/4179 2326/4180 2436/4181
f 2436/4181 2427/4182 2429/4179
f 2862/880 2306/901 2322/859
f 2414/902 2306/901 2862/880
f 739/975 52/989 50/1000
f 2615/2702 2624/2673 2537/2623
f 2837/2502 2836/2468 2910/2475
f 2912/2507 2837/2502 2910/2475
f 1236/2045 1229/2016 1240/2032
f 1208/3775 1206/3770 1179/3779
f 1243/1984 1419/1993 1250/2003
f 2112/512 2109/556 2117/513
f 2620/2626 2930/2602 2672/2583
f 2536/2575 2674/2598 2530/2620
f 2531/2506 2528/2489 2677/2458
f 2784/1800 2935/1799 2809/1838
f 2100/596 2127/555 2936/594
f 2768/543 2464/522 2463/498
f 812/2119 2562/2098 2437/2074
f 308/2790 2621/2789 433/2809
f 2771/1940 813/1923 2495/1920
f 2537/2623 1819/2671 2615/2702
f 980/2145 2722/2166 981/2129
f 2788/1702 2776/1748 2926/1771
f 2449/397 2454/354 2506/374
f 1955/375 2934/399 3019/423
f 1857/431 2458/445 1945/444
f 2614/2659 2600/2689 2589/2719
f 2373/775 2390/733 2417/798
f 816/2667 2823/2597 2822/2643
f 644/2054 1255/2031 1259/2042
f 2295/1901 2489/1885 2359/1913
f 2603/2660 2614/2659 2939/2716
f 1167/3086 1275/3060 1172/3087
f 2705/1870 972/1900 971/1902
f 1841/312 1853/317 1860/351
f 2554/421 2942/447 2934/399
f 943/741 2370/806 2441/787
f 1937/211 2548/248 3610/198
f 2057/4566 970/4567 968/4568
f 2217/4536 2087/4537 2223/4538
f 2932/4420 2550/4421 2403/4422
f 2173/4294 2170/4295 2328/4296
f 2625/2624 2623/2580 2525/2579
f 2401/539 2155/536 2258/560
f 2295/1901 2296/1886 2940/1869
f 2481/4297 733/4305 734/4313
f 2250/643 2415/682 2395/662
f 767/78 776/77 1983/104
f 2450/1744 2571/1766 2488/1720
f 2484/1881 2452/1851 2355/1850
f 2205/492 2942/447 945/470
f 1899/129 1872/148 1880/107
f 1965/92 1905/105 2937/125
f 1975/145 2937/125 1905/105
f 921/2804 960/2843 2638/2864
f 2939/2716 2581/2749 2612/2686
f 2143/479 2136/405 2462/454
f 1942/302 2331/341 2259/320
f 1859/287 2457/305 1869/249
f 2942/447 2554/421 945/470
f 1988/183 1861/193 1933/167
f 929/2429 930/2407 1823/2417
f 2106/4586 2104/4587 2626/4588
f 1974/2748 2612/2686 2581/2749
f 2479/4315 735/4307 2768/4320
f 2352/1698 2553/1638 810/1679
f 2765/1554 2928/1612 2512/1611
f 988/2410 797/2408 2646/2431
f 2333/4423 2341/4426 2932/4420
f 2210/524 2145/499 2143/479
f 2938/110 1897/152 1933/167
f 963/2562 2672/2583 2930/2602
f 1861/193 1938/180 1933/167
f 969/4571 2626/4580 2054/4572
f 969/4571 2466/4579 2626/4580
f 2586/238 1914/205 2585/257
f 1911/2860 1919/2874 1916/2891
f 1910/159 1917/126 2937/125
f 2595/2875 2594/2892 2606/2909
f 1902/106 1877/127 1900/128
f 1865/285 1942/302 2342/264
f 2540/2717 2612/2686 1974/2748
f 1971/2778 2581/2749 2589/2719
f 1969/256 1890/206 2586/238
f 1861/193 1988/183 1854/214
f 1890/206 1914/205 2586/238
f 1963/2823 1972/2774 1982/2820
f 2581/2749 2939/2716 2589/2719
f 2670/2776 2611/2777 771/2824
f 1842/304 1932/330 1841/312
f 2529/2622 2617/2646 2538/2577
f 1856/372 1836/332 1845/353
f 2521/2762 2518/2668 2514/2728
f 1994/392 2034/440 2020/462
f 2673/2576 2520/2645 2530/2620
f 731/4369 732/4370 2941/4371
f 2165/4374 2324/4372 2941/4371
f 2004/311 1990/276 1893/310
f 2099/464 2122/489 2037/510
f 2490/1853 2940/1869 2498/1836
f 1998/349 2129/388 2024/412
f 2050/413 2018/461 2002/437
f 754/2669 2515/2730 2516/2699
f 2625/2624 2132/2647 2011/2672
f 789/278 1841/312 761/279
f 2019/4597 2048/4594 2015/4590
f 2109/4578 2108/4575 2055/4570
f 2075/923 2414/902 2416/838
f 2821/2063 2927/2083 2852/2052
f 1922/406 1946/456 1929/449
f 2067/663 2073/684 2082/644
f 2217/4536 2223/4538 2213/4539
f 2063/593 2936/594 2040/553
f 2748/1854 2811/1817 2762/1837
f 837/2050 2755/2061 2683/2038
f 2481/4297 735/4307 2480/4301
f 738/970 41/1012 39/1014
f 2384/664 2382/712 2380/737
f 2303/824 2383/799 2323/815
f 2323/815 2308/860 2303/824
f 2193/538 2162/496 2203/540
f 2325/577 2193/538 2203/540
f 2472/1911 2360/1922 741/1933
f 2164/686 2356/715 2262/648
f 895/711 2079/735 2078/761
f 2158/453 2157/426 2154/475
f 2281/785 2282/850 2244/848
f 2212/668 2335/731 2263/687
f 733/4305 2481/4297 2208/4300
f 2354/1792 948/1813 2451/1765
f 2148/546 2205/492 2147/557
f 2338/4492 946/4493 2552/4494
f 2149/4309 2460/4306 2150/4318
f 2552/4436 2551/4433 2453/4430
f 2500/4390 2513/4391 2422/4392
f 2401/539 2347/564 2402/520
f 2862/880 2416/838 2414/902
f 2147/557 2448/597 2336/558
f 2455/4504 744/4505 946/4493
f 2449/397 744/420 2454/354
f 741/1933 713/1942 2473/1921
f 2553/1638 2675/1660 2931/1581
f 2506/4441 2555/4444 1957/4440
f 2442/1718 2553/1638 2352/1698
f 2365/1699 2488/1720 2567/1680
f 2436/4181 2199/4184 2420/4187
f 2421/4190 2420/4187 2199/4184
f 2330/4380 1829/4381 942/4384
f 2212/668 2184/627 2206/651
f 2289/4400 2286/4413 2285/4408
f 2470/717 2430/688 2302/743
f 949/1997 824/2020 2695/2012
f 2477/1882 2444/1833 2483/1866
f 2369/1897 2477/1882 2483/1866
f 2311/2049 753/2077 2318/2076
f 2407/928 470/958 2399/962
f 2216/945 2407/928 2399/962
f 2257/917 2320/934 2274/953
f 2765/1554 214/1580 2928/1612
f 2827/2519 2831/2542 2622/2543
f 2416/838 2862/880 2418/858
f 2151/4508 2340/4507 2348/4502
f 2029/2854 2060/2886 2128/2855
f 757/2810 2029/2854 2128/2855
f 1924/425 2247/450 1926/402
f 2064/637 2100/596 2936/594
f 2422/4392 2469/4393 2500/4390
f 308/2790 2030/2835 757/2810
f 2513/4391 2301/4394 2433/4398
f 941/4405 2431/4404 721/4411
f 2685/3538 2694/3539 842/3540
f 2860/1749 2926/1771 2935/1799
f 2500/4390 2301/4394 2513/4391
f 2332/4302 2134/4308 2172/4298
f 971/1902 814/1926 2694/1915
f 1686/1417 1689/1416 1683/1440
f 2770/1932 2473/1921 938/1941
f 2832/2487 910/2456 2835/2469
f 2863/2080 2791/2081 2701/2051
f 2872/2433 1787/2460 2871/2474
f 2510/1636 215/1609 2931/1581
f 2683/2038 2755/2061 2753/2039
f 2306/901 2307/900 2322/859
f 2379/4207 2424/4200 2387/4205
f 2420/4187 2392/4192 2428/4185
f 2212/668 2176/718 2335/731
f 722/4406 2431/4404 2757/4399
f 2935/1799 2749/1818 2809/1838
f 2762/1837 2763/1835 2754/1868
f 935/2010 2695/2012 824/2020
f 2289/4400 2426/4397 941/4405
f 2554/421 2934/399 2343/355
f 2205/492 2148/546 2933/501
f 2932/4420 2341/4426 2151/4424
f 1960/265 2548/248 1937/211
f 2507/335 2344/282 2447/319
f 2746/1798 2764/1797 2776/1748
f 2772/2065 2852/2052 2927/2083
f 2935/1799 2784/1800 2860/1749
f 2734/1683 2745/1682 2761/1721
f 935/2010 824/2020 975/2026
f 2237/919 2319/891 2226/845
f 907/2430 2646/2431 797/2408
f 2416/4346 2397/4344 2075/4342
f 1705/2247 1641/2270 1639/2287
f 2704/1663 2760/1681 2745/1682
f 2045/4581 2124/4573 2456/4576
f 2119/638 2045/621 2456/679
f 2925/1459 2923/1458 3006/1482
f 835/1639 2568/1662 2760/1681
f 2588/2662 2587/2625 1970/2736
f 2668/2612 2666/2661 2686/2615
f 771/2824 769/2861 804/2825
f 2573/2559 2574/2520 2622/2543
f 2625/2624 2011/2672 2004/2674
f 433/2809 2621/2789 2521/2762
f 1864/195 1897/152 759/182
f 1974/2748 1972/2774 2540/2717
f 2006/331 2003/352 927/314
f 2576/2648 2130/2734 2131/2703
f 799/2691 2915/2638 924/2663
f 2539/2687 2540/2717 807/2751
f 804/2825 769/2861 2546/2876
f 1979/2910 1984/2942 1908/2929
f 2632/2945 2633/2957 2630/2953
f 2632/2945 2598/2944 2633/2957
f 2583/2675 2012/2649 1894/2708
f 2588/2662 2607/2603 2676/2650
f 2930/2602 2676/2650 2607/2603
f 2650/2858 921/2804 2638/2864
f 2635/2913 2634/2880 2597/2912
f 796/2399 2883/2390 2914/2394
f 809/2635 2666/2661 2668/2612
f 1831/1505 1832/1559 2854/1532
f 1779/2531 2905/2590 897/2570
f 797/2408 988/2410 2883/2390
f 2620/2626 2676/2650 2930/2602
f 2739/1556 2738/1614 2781/1584
f 2739/1556 2781/1584 2727/1557
f 1361/1936 1409/1928 1413/1917
f 2829/2518 2830/2557 2831/2542
f 2833/2558 2673/2576 2680/2541
f 2823/2597 816/2667 2678/2644
f 2787/2125 2790/2126 2863/2080
f 2512/1611 2608/1613 919/1555
f 2511/1658 2928/1612 215/1609
f 2811/1817 2748/1854 2749/1818
f 2735/1722 2740/1768 2766/1769
f 2566/1700 2744/1745 2761/1721
f 2792/2105 2927/2083 2821/2063
f 2792/2105 2772/2065 2927/2083
f 2075/4342 2397/4344 717/4343
f 960/2843 2649/2879 2638/2864
f 1686/1417 2857/1394 1575/1379
f 2711/2103 2756/2101 2713/2140
f 681/2216 37/2256 34/2254
f 836/2102 2750/2142 2816/2124
f 2926/1771 2811/1817 2749/1818
f 1249/2381 1507/2382 1438/2383
f 2777/1642 2858/1616 2729/1586
f 2762/1837 2705/1870 2748/1854
f 2821/2063 2701/2051 2791/2081
f 2831/2542 2830/2557 2536/2575
f 2924/2548 2877/2564 2878/2586
f 2529/2622 2523/2670 2617/2646
f 1821/2701 2617/2646 2523/2670
f 2781/1584 2780/1504 2727/1557
f 2812/3568 872/3564 871/3567
f 1830/1529 911/1483 2922/1502
f 1800/2246 916/2268 873/2286
f 2925/1459 2780/1504 2922/1502
f 1614/3083 1611/3071 1604/3043
f 2877/2564 2924/2548 2913/2525
f 2922/1502 911/1483 2923/1458
f 2877/2564 2913/2525 2876/2526
f 1692/1419 2958/1362 1809/1395
f 2843/1727 2853/1704 2838/1752
f 20/2283 2921/2264 190/2244
f 1789/3557 1792/3561 2808/3563
f 2775/2165 2796/2206 2786/2183
f 2709/2177 2844/2184 2820/2182
f 2838/1752 881/1803 966/1775
f 855/2178 857/2221 2709/2177
f 1344/1690 1315/1667 1334/1648
f 2707/2203 2921/2264 2794/2243
f 2758/2245 32/2285 30/2307
f 1687/1588 1791/1618 862/1535
f 2902/2400 2914/2394 689/2387
f 2799/2208 2804/2167 1813/2229
f 869/1889 2789/1819 2723/1872
f 869/1889 872/1904 2789/1819
f 2776/1748 2764/1797 2926/1771
f 854/2281 2794/2243 2921/2264
f 2856/1665 2845/1617 2849/1644
f 1652/2234 1647/2296 2864/2276
f 1354/1381 1356/1364 1462/1346
f 1672/4761 1651/4762 1673/4763
f 2730/1530 2929/1484 2726/1503
f 689/2387 891/2395 2902/2400
f 1585/2784 1470/2722 1468/2756
f 847/2223 15/2265 190/2244
f 1702/1645 2856/1665 1701/1687
f 1695/1360 1688/1378 1576/1318
f 2805/2146 2786/2183 2807/2207
f 2913/2525 2894/2491 2876/2526
f 2868/2515 2887/2538 1476/2551
f 965/2498 2867/2514 2907/2511
f 688/2389 2900/2385 1480/2393
f 2651/2617 2904/2664 1469/2640
f 342/2629 2878/2586 906/2655
f 1590/2787 1794/2831 1600/2788
f 2924/2548 2824/2556 2912/2507
f 2677/2458 2911/2471 2679/2488
f 2836/2468 1822/2443 2886/2442
f 2873/2492 2876/2526 2894/2491
f 2664/2513 2656/2553 2648/2536
f 2917/2890 2916/2872 962/2889
f 2648/2536 2887/2538 905/2537
f 2867/2514 965/2498 2888/2466
f 1802/2414 2892/2423 2881/2404
f 1053/3361 1046/3357 1056/3366
f 2920/2845 1581/2786 922/2841
f 2919/2898 2917/2890 2918/2924
f 962/2889 2918/2924 2917/2890
f 2920/2845 922/2841 1466/2866
f 922/2841 2919/2898 1466/2866
f 1470/2722 1467/2757 1471/2692
f 1585/2784 1581/2786 1465/2805
f 2920/2845 1465/2805 1581/2786
f 2897/2747 2908/2715 961/2755
f 2918/2924 1474/2881 2919/2898
f 1474/2881 2918/2924 4037/2915
f 1581/4835 2895/4836 959/4837
f 1474/2881 1598/2882 2919/2898
f 898/2868 801/2867 4042/2900
f 2916/2872 2650/2858 962/2889
f 2650/2858 2640/2905 962/2889
f 2916/2872 2917/2890 922/2841
f 2650/2858 2916/2872 922/2841
f 1483/2500 1477/2495 1779/2531
f 2652/2826 802/2802 2653/2780
f 2891/2499 2887/2538 2868/2515
f 2637/2865 2649/2879 960/2843
f 800/2753 2653/2780 802/2802
f 1478/2532 2907/2511 2867/2514
f 924/2663 2654/2720 799/2691
f 2896/2721 1587/2693 2904/2664
f 2598/2944 2632/2945 2635/2913
f 2666/2661 2671/2690 2686/2615
f 799/2691 2654/2720 800/2753
f 900/2409 2885/2419 2914/2394
f 959/2783 922/2841 1581/2786
f 914/2616 2915/2638 918/2594
f 2915/2638 2909/2658 2906/2610
f 2648/2536 918/2594 2887/2538
f 918/2594 2915/2638 2906/2610
f 959/2783 2897/2747 961/2755
f 804/2825 2658/2781 2670/2776
f 910/2456 908/2457 929/2429
f 2528/2489 2647/2472 2677/2458
f 2824/2556 2828/2504 2912/2507
f 1823/2417 930/2407 2914/2394
f 2870/2461 2910/2475 2886/2442
f 909/2470 2826/2503 2911/2471
f 2894/2491 2913/2525 2912/2507
f 2824/2556 2878/2586 340/2608
f 384/2654 381/2678 2874/2607
f 2924/2548 2878/2586 2824/2556
f 1823/2417 2885/2419 2886/2442
f 1644/2215 974/2255 973/2235
f 907/2430 2911/2471 2677/2458
f 2878/2586 339/2630 906/2655
f 2894/2491 2912/2507 2910/2475
f 930/2407 796/2399 2914/2394
f 2677/2458 2647/2472 2646/2431
f 2677/2458 2646/2431 907/2430
f 2528/2489 2645/2450 2647/2472
f 903/2451 1801/2437 2645/2450
f 957/2425 2645/2450 1801/2437
f 2910/2475 2870/2461 2894/2491
f 2664/2513 904/2497 903/2451
f 905/2537 2887/2538 2891/2499
f 1486/2480 1493/2438 2888/2466
f 904/2497 2664/2513 2648/2536
f 2889/2483 2890/2452 903/2451
f 923/2639 2687/2637 2686/2615
f 907/2430 797/2408 930/2407
f 903/2451 2890/2452 1802/2414
f 988/2410 956/2420 2882/2401
f 2891/2499 2889/2483 904/2497
f 2890/2452 1493/2438 1802/2414
f 2877/2564 2875/2585 2874/2607
f 2885/2419 1823/2417 2914/2394
f 1759/2462 1734/2479 1720/2493
f 2910/2475 2836/2468 2886/2442
f 689/2387 2883/2390 2893/2384
f 1484/2403 2881/2404 2892/2423
f 1604/3043 1618/3055 1530/3070
f 903/2451 904/2497 2889/2483
f 1802/2414 2882/2401 957/2425
f 2891/2499 2868/2515 2888/2466
f 2884/2392 2882/2401 2879/2397
f 2888/2466 2890/2452 2889/2483
f 918/2594 2866/2567 2887/2538
f 2872/2433 2886/2442 2885/2419
f 668/2426 889/2405 901/2436
f 2882/2401 2884/2392 2883/2390
f 2879/2397 2882/2401 1802/2414
f 2869/2445 1760/2448 1787/2460
f 1787/2460 2872/2433 2869/2445
f 2888/2466 965/2498 1486/2480
f 2879/2397 2881/2404 2880/2388
f 2878/2586 2877/2564 2874/2607
f 986/2523 2875/2585 2877/2564
f 339/2630 2878/2586 2874/2607
f 1785/2653 379/2711 384/2654
f 2861/2524 2877/2564 2876/2526
f 2853/1704 2783/1772 2839/1776
f 2874/2607 2875/2585 1786/2606
f 2873/2492 2861/2524 2876/2526
f 2870/2461 2872/2433 2871/2474
f 1760/2448 2869/2445 893/2432
f 1714/2530 1795/2565 1730/2527
f 1652/2234 2865/2253 2841/2213
f 2868/2515 2867/2514 2888/2466
f 2905/2590 1779/2531 2866/2567
f 1779/2531 1476/2551 2866/2567
f 2909/2658 2898/2685 2903/2633
f 2866/2567 918/2594 2906/2610
f 799/2691 2908/2715 2909/2658
f 1580/2723 2896/2721 959/2783
f 2898/2685 2908/2715 2897/2747
f 666/2481 2907/2511 1477/2495
f 2905/2590 2866/2567 2906/2610
f 2909/2658 2903/2633 2906/2610
f 2651/2617 2905/2590 2903/2633
f 2898/2685 2904/2664 2903/2633
f 2904/2664 2651/2617 2903/2633
f 2898/2685 2909/2658 2908/2715
f 2888/2466 2889/2483 2891/2499
f 1802/2414 1493/2438 2892/2423
f 2902/2400 900/2409 2914/2394
f 2078/4338 2413/4339 706/4341
f 1702/1645 1703/1646 1687/1588
f 1761/2406 1754/2398 1803/2416
f 1754/2398 697/2415 1803/2416
f 2866/2567 1476/2551 2887/2538
f 1802/2414 2881/2404 2879/2397
f 2900/2385 2893/2384 2880/2388
f 1476/2551 1478/2532 2868/2515
f 892/2418 1756/2412 894/2435
f 2853/1704 1701/1687 2856/1665
f 2884/2392 2879/2397 2880/2388
f 2893/2384 2884/2392 2880/2388
f 2901/2413 2902/2400 891/2395
f 2902/2400 2901/2413 892/2418
f 2869/2445 2872/2433 900/2409
f 1756/2412 2901/2413 891/2395
f 2528/2489 2669/2547 2613/2533
f 2861/2524 2873/2492 1818/2490
f 1484/2403 2892/2423 890/2424
f 1761/2406 1755/2411 688/2389
f 2880/2388 2881/2404 1484/2403
f 2873/2492 2870/2461 2871/2474
f 1479/2396 2899/2391 2880/2388
f 2880/2388 2899/2391 2900/2385
f 1480/2393 2900/2385 2899/2391
f 1493/2438 890/2424 2892/2423
f 1471/2692 1582/2694 1472/2641
f 965/2498 665/2494 1486/2480
f 2904/2664 2898/2685 2896/2721
f 1530/3070 1602/3082 1604/3043
f 2896/2721 2898/2685 2897/2747
f 959/2783 2895/2807 1580/2723
f 1581/2786 1580/2723 2895/2807
f 1196/3014 1195/3015 696/3013
f 1724/3823 1817/3808 1765/3807
f 1787/2460 1818/2490 2871/2474
f 2865/2253 878/2297 877/2252
f 381/2678 384/2654 383/2712
f 986/2523 887/2605 1786/2606
f 1786/2606 384/2654 2874/2607
f 2875/2585 986/2523 1786/2606
f 2777/1642 2850/1643 2858/1616
f 2861/2524 986/2523 2877/2564
f 1757/2422 1760/2448 894/2435
f 2805/2146 2803/2085 981/2129
f 677/2313 1631/2289 1636/2248
f 2845/1617 2856/1665 1702/1645
f 1559/1754 1570/1706 1698/1753
f 2845/1617 863/1561 2851/1589
f 2854/1532 2855/1560 1685/1486
f 2783/1772 2853/1704 2860/1749
f 2848/1587 2851/1589 675/1533
f 2859/1441 886/1420 1684/1461
f 693/1462 1831/1505 1685/1486
f 2859/1441 1692/1419 1809/1395
f 1683/1440 1692/1419 2859/1441
f 2848/1587 2854/1532 2858/1616
f 1575/1379 2857/1394 1681/1361
f 2812/1891 883/1860 2789/1819
f 2925/1459 2731/1485 2780/1504
f 2793/1685 2856/1665 2849/1644
f 2854/1532 1685/1486 1831/1505
f 2848/1587 2858/1616 2850/1643
f 1617/3008 1487/3028 1629/3017
f 2848/1587 2855/1560 2854/1532
f 886/1420 911/1483 1831/1505
f 2855/1560 675/1533 1685/1486
f 2805/2146 2807/2207 2798/2186
f 2854/1532 2729/1586 2858/1616
f 2856/1665 2793/1685 2853/1704
f 2559/2029 2852/2052 2703/2040
f 2849/1644 2845/1617 2851/1589
f 2848/1587 2850/1643 2849/1644
f 1792/2106 859/2066 2803/2085
f 859/2066 2815/2053 2803/2085
f 2849/1644 2851/1589 2848/1587
f 2729/1586 2854/1532 1832/1559
f 2804/2167 2847/2231 1813/2229
f 1663/2277 29/2282 27/2324
f 2789/1819 884/1857 913/1820
f 2846/2267 879/2261 878/2297
f 2820/2182 2844/2184 2774/2144
f 1687/1588 2845/1617 1702/1645
f 856/2241 917/2228 2844/2184
f 26/2278 37/2256 1658/2236
f 2840/1839 967/1801 882/1823
f 2814/3570 2801/3566 1814/3572
f 2814/3570 1814/3572 2842/3575
f 2843/1727 966/1775 866/1751
f 2813/3573 1814/3572 1815/3577
f 2840/1839 883/1860 2813/1892
f 881/1803 2839/1776 913/1820
f 2814/3570 2842/3575 2813/3573
f 2789/1819 872/1904 2812/1891
f 1644/2215 2841/2213 877/2252
f 1696/1705 875/1688 1533/1728
f 1704/1750 967/1801 1707/1802
f 967/1801 2840/1839 1707/1802
f 2838/1752 2853/1704 2839/1776
f 2853/1704 2843/1727 1701/1687
f 2843/1727 2838/1752 966/1775
f 2796/2206 2775/2165 2844/2184
f 2798/2186 2807/2207 2802/2230
f 1799/2266 1641/2270 2802/2230
f 1553/2318 1648/2275 1650/2295
f 2846/2267 1646/2309 916/2268
f 2801/3566 2814/3570 871/3567
f 1658/2236 1643/2191 973/2235
f 1706/1840 2840/1839 1815/1873
f 2797/2210 2847/2231 2804/2167
f 2795/2227 1799/2266 2802/2230
f 869/3559 2723/3556 1789/3557
f 883/1860 2840/1839 882/1823
f 2797/2210 1636/2248 2847/2231
f 2847/3578 2810/3579 1632/3576
f 1636/2248 2810/2271 2847/2231
f 1634/1821 672/1774 1707/1802
f 1534/1777 1552/1804 1698/1753
f 1535/1619 1693/1590 1703/1646
f 862/1535 1791/1618 1693/1590
f 966/1775 1630/1773 866/1751
f 2843/1727 866/1751 1700/1726
f 26/2278 1663/2277 25/2319
f 1657/2189 1651/2212 1652/2234
f 29/2282 1663/2277 853/2262
f 851/2242 1644/2215 877/2252
f 1799/2266 873/2286 1640/2308
f 1645/2168 1657/2189 2841/2213
f 874/2310 916/2268 1646/2309
f 1646/2309 2846/2267 2864/2276
f 2864/2276 2846/2267 2865/2253
f 2797/2210 1638/2269 1636/2248
f 1549/2315 864/2293 1439/2250
f 1681/1361 2857/1394 1574/1418
f 1680/1509 694/1443 674/1507
f 1323/2353 1563/2361 1676/2363
f 2832/2487 2827/2519 2826/2503
f 2788/1702 2860/1749 2853/1704
f 2806/3565 2808/3563 1792/3561
f 2803/2376 2806/2377 1792/2378
f 2700/2062 2759/2104 2863/2080
f 2419/837 2418/858 2862/880
f 2322/859 2419/837 2862/880
f 2793/1685 2849/1644 2850/1643
f 2707/2203 2817/2179 847/2223
f 2702/2082 2772/2065 2792/2105
f 2794/2243 852/2202 2707/2203
f 868/2163 2817/2179 2707/2203
f 2750/2142 2818/2181 2819/2164
f 849/4854 2818/4855 2750/4856
f 850/2222 879/2261 857/2221
f 857/2221 855/2178 850/2222
f 2787/2125 2775/2165 2786/2183
f 2692/2022 933/2014 2714/2030
f 917/2228 856/2241 2846/2267
f 2752/2041 2785/2064 2815/2053
f 2815/2053 2714/2030 2752/2041
f 2715/1890 2723/1872 2717/1856
f 2789/1819 2717/1856 2723/1872
f 2812/3568 2814/3570 2813/3573
f 2702/2082 2792/2105 860/2128
f 2809/1838 2717/1856 2789/1819
f 2789/1819 2784/1800 2809/1838
f 2926/1771 2764/1797 2811/1817
f 1636/2248 1631/2289 2810/2271
f 2809/1838 2718/1871 2717/1856
f 2805/2146 981/2129 2722/2166
f 870/3562 2808/3563 2801/3566
f 2796/2206 2795/2227 2786/2183
f 1813/3574 1814/3572 2801/3566
f 856/2241 879/2261 2846/2267
f 2774/2144 2787/2125 2759/2104
f 2844/2184 2709/2177 856/2241
f 2807/2207 2795/2227 2802/2230
f 917/2228 2796/2206 2844/2184
f 2801/3566 2806/3565 2800/3569
f 2801/3566 2808/3563 2806/3565
f 2805/2146 2798/2186 2804/2167
f 2803/2085 2805/2146 2804/2167
f 2804/2167 2800/2185 2803/2085
f 2853/1704 2793/1685 2788/1702
f 2813/1892 883/1860 2812/1891
f 2797/2210 2802/2230 1705/2247
f 2795/2227 2807/2207 2786/2183
f 2799/3571 2801/3566 2800/3569
f 2797/2210 2804/2167 2798/2186
f 2801/3566 2799/3571 1813/3574
f 1800/2246 2796/2206 917/2228
f 2795/2227 2796/2206 1800/2246
f 2786/2183 2805/2146 2722/2166
f 29/2282 853/2262 2794/2243
f 28/2339 22/2338 21/2357
f 2501/2047 2561/2075 837/2050
f 23/2340 20/2283 18/2325
f 878/2297 2865/2253 2846/2267
f 2793/1685 2777/1642 2788/1702
f 974/2255 1644/2215 851/2242
f 1321/2317 1438/2294 1434/2333
f 2721/2127 2792/2105 2791/2081
f 2790/2126 2721/2127 2791/2081
f 2839/1776 881/1803 2838/1752
f 2789/1819 913/1820 2783/1772
f 913/1820 2839/1776 2783/1772
f 2788/1702 2777/1642 2741/1684
f 2777/1642 2793/1685 2850/1643
f 2689/1916 2698/1887 2694/1915
f 2721/2127 2787/2125 2786/2183
f 2703/2040 2785/2064 2752/2041
f 2860/1749 2784/1800 2783/1772
f 1556/2312 1547/2343 1790/2330
f 2782/1506 2739/1556 2726/1503
f 2733/1531 2739/1556 2782/1506
f 2689/3545 2751/3548 1793/3552
f 2922/1502 2923/1458 2925/1459
f 1627/3040 1628/3067 669/3068
f 2704/1663 2778/1640 834/1582
f 2781/1584 1832/1559 1833/1585
f 2780/1504 2781/1584 1830/1529
f 2733/1531 2782/1506 2779/1460
f 2725/1615 2778/1640 2704/1663
f 2781/1584 2738/1614 1832/1559
f 2729/1586 2728/1641 2777/1642
f 2766/1769 2747/1770 2742/1747
f 2743/1723 2766/1769 2742/1747
f 2741/1684 2777/1642 2728/1641
f 2747/1770 2773/1724 2742/1747
f 2747/1770 2776/1748 2773/1724
f 2844/2184 2775/2165 2774/2144
f 1835/1743 2354/1792 2451/1765
f 2741/1684 2773/1724 2788/1702
f 2815/2053 861/2084 2803/2085
f 816/2667 2822/2643 369/2696
f 828/3555 1793/3552 2751/3548
f 2561/2075 2696/2099 837/2050
f 2837/2502 2828/2504 2835/2469
f 1659/2584 1662/2604 622/2627
f 365/2666 369/2696 2822/2643
f 2911/2471 907/2430 909/2470
f 2675/1660 2553/1638 2567/1680
f 2825/2574 2681/2599 2833/2558
f 2828/2504 2829/2518 2832/2487
f 2835/2469 910/2456 1822/2443
f 2878/2586 342/2629 340/2608
f 929/2429 1822/2443 910/2456
f 2678/2644 2681/2599 2823/2597
f 2430/688 2429/716 2486/742
f 1822/2443 2836/2468 2835/2469
f 2834/1558 2780/1504 2730/1530
f 2730/1530 2727/1557 2834/1558
f 910/2456 2832/2487 2826/2503
f 2828/2504 2825/2574 2833/2558
f 2832/2487 2835/2469 2828/2504
f 2779/1460 920/1501 2732/1528
f 2770/1932 2495/1920 2482/1898
f 1832/1559 2738/1614 2778/1640
f 2832/2487 2831/2542 2827/2519
f 919/1555 2608/1613 833/1583
f 2680/2541 2830/2557 2829/2518
f 2833/2558 2680/2541 2828/2504
f 2827/2519 2622/2543 2679/2488
f 2679/2488 2826/2503 2827/2519
f 2535/2544 2524/2521 2575/2505
f 2575/2505 2677/2458 2679/2488
f 2679/2488 2911/2471 2826/2503
f 2829/2518 2828/2504 2680/2541
f 2824/2556 2823/2597 2825/2574
f 2681/2599 2825/2574 2823/2597
f 2823/2597 2824/2556 340/2608
f 340/2608 2822/2643 2823/2597
f 2508/4435 2506/4441 1957/4440
f 2559/2029 2821/2063 2852/2052
f 2689/3545 1793/3552 2715/3554
f 2720/3550 2684/3543 2692/3546
f 2778/1640 2725/1615 1832/1559
f 2684/3543 2720/3550 2751/3548
f 828/3555 2751/3548 2720/3550
f 2710/2123 2713/2140 2756/2101
f 2710/2123 2816/2124 868/2163
f 861/2084 2785/2064 2702/2082
f 2718/1871 2809/1838 2699/1855
f 2755/2061 2769/2079 2753/2039
f 2708/2162 2820/2182 2712/2143
f 2816/2124 2819/2164 2817/2179
f 2712/2143 2774/2144 2759/2104
f 2694/3539 2685/3538 2690/3542
f 868/2163 855/2178 2710/2123
f 847/2223 2758/2245 15/2265
f 2790/2126 2791/2081 2863/2080
f 2756/2101 838/2078 2710/2123
f 2819/2164 2818/2181 2817/2179
f 2817/2179 2818/2181 848/2226
f 2816/2124 2710/2123 838/2078
f 2758/2245 839/2224 2558/2205
f 15/2265 2758/2245 14/2303
f 2682/2021 2683/2038 2753/2039
f 2816/2124 2750/2142 2819/2164
f 2721/2127 2790/2126 2787/2125
f 2559/2029 2682/2021 2753/2039
f 19/2302 190/2244 188/2305
f 836/2102 2691/2141 2750/2142
f 2710/2123 2708/2162 2713/2140
f 2699/1855 2749/1818 2748/1854
f 2776/1748 2747/1770 2746/1798
f 2207/581 2265/584 2211/567
f 2734/1683 2725/1615 2745/1682
f 2734/1683 2744/1745 2736/1746
f 2741/1684 2737/1701 2743/1723
f 2742/1747 2741/1684 2743/1723
f 2728/1641 2724/1664 2741/1684
f 845/1796 2740/1768 2736/1746
f 2493/1944 817/1962 832/1952
f 2465/4431 2551/4433 2508/4435
f 2739/1556 834/1582 2738/1614
f 2724/1664 2737/1701 2741/1684
f 2773/1724 2741/1684 2742/1747
f 2733/1531 2779/1460 2732/1528
f 2734/1683 2736/1746 2735/1722
f 834/1582 2733/1531 2732/1528
f 2780/1504 2731/1485 2730/1530
f 2778/1640 2738/1614 834/1582
f 2834/4919 2727/4920 2780/4921
f 2739/1556 2733/1531 834/1582
f 2730/1530 2731/1485 2929/1484
f 2728/1641 2729/1586 2725/1615
f 2739/1556 2727/1557 2726/1503
f 2727/1557 2730/1530 2726/1503
f 2725/1615 2724/1664 2728/1641
f 2788/1702 2773/1724 2776/1748
f 2682/2021 932/2013 2504/2005
f 2027/2836 2020/2856 829/2792
f 1793/3552 2723/3556 2715/3554
f 2721/2127 2722/2166 980/2145
f 2792/2105 2721/2127 860/2128
f 2815/2053 2785/2064 861/2084
f 2698/1887 2718/1871 2699/1855
f 2714/2373 828/2375 2720/2374
f 2815/2053 859/2066 2714/2030
f 2689/1916 2716/1888 2719/1903
f 2719/1903 2718/1871 2698/1887
f 2717/1856 2718/1871 2716/1888
f 2717/1856 2716/1888 2715/1890
f 2714/2030 859/2066 826/2086
f 2722/2166 2721/2127 2786/2183
f 2817/2179 868/2163 2816/2124
f 2774/2144 2712/2143 2820/2182
f 2711/2103 2713/2140 2712/2143
f 2713/2140 2708/2162 2712/2143
f 685/2148 1671/2130 679/2147
f 855/2178 2709/2177 2710/2123
f 2708/2162 2710/2123 2709/2177
f 2820/2182 2708/2162 2709/2177
f 190/2244 2921/2264 2707/2203
f 182/2306 822/2259 2706/2321
f 2705/1870 2699/1855 2748/1854
f 2432/4396 2500/4390 2469/4393
f 835/1639 2760/1681 2704/1663
f 2688/2161 2499/2160 820/2199
f 2702/2082 2785/2064 2703/2040
f 2474/1879 2491/1896 979/1852
f 2700/2062 2863/2080 2701/2051
f 2699/1855 971/1902 2698/1887
f 2696/2099 747/2121 2697/2122
f 2562/2098 2501/2047 2437/2074
f 824/2020 949/1997 2273/2019
f 2695/2012 935/2010 2440/2006
f 831/1934 842/1945 2694/1915
f 840/2180 841/2204 2691/2141
f 2692/3546 2693/3541 2569/3549
f 2558/2205 982/2220 822/2259
f 2411/4336 2310/4340 2409/4337
f 2413/4339 2409/4337 2310/4340
f 2571/1766 2450/1744 2557/1794
f 2691/2141 2688/2161 840/2180
f 2689/3545 2694/3539 2690/3542
f 839/2224 2758/2245 847/2223
f 2558/2205 840/2180 2688/2161
f 2230/916 2304/965 2305/951
f 2706/2321 187/2300 185/2337
f 2756/2101 2711/2103 2769/2079
f 2443/1831 2563/1791 2556/1815
f 2703/2040 2852/2052 2772/2065
f 2703/2040 2772/2065 2702/2082
f 836/2102 2697/2122 2691/2141
f 837/2050 2696/2099 2697/2122
f 2493/1944 831/1934 814/1926
f 2740/1768 845/1796 844/1816
f 2754/1868 2705/1870 2762/1837
f 2305/951 2316/933 2230/916
f 2685/3538 842/3540 2693/3541
f 814/1926 831/1934 2694/1915
f 2502/3547 2569/3549 2693/3541
f 2493/1944 2771/1940 938/1941
f 2770/1932 938/1941 2771/1940
f 843/3544 2502/3547 2693/3541
f 2566/1700 2760/1681 2568/1662
f 2711/2103 2700/2062 2769/2079
f 2443/1831 978/1849 2570/1812
f 2768/4320 735/4307 942/4319
f 2266/630 1835/693 2353/671
f 2365/1699 2567/1680 2553/1638
f 810/1679 221/1661 222/1697
f 2485/1832 2557/1794 2767/1814
f 2450/1744 947/1793 2767/1814
f 2740/1768 2746/1798 2766/1769
f 2275/745 2367/719 2212/668
f 2490/1853 750/1834 979/1852
f 749/1795 2736/1746 2744/1745
f 2744/1745 2565/1764 749/1795
f 2510/1636 2511/1658 215/1609
f 2734/1683 2735/1722 2737/1701
f 2724/1664 2725/1615 2734/1683
f 2151/4424 2348/4428 2550/4421
f 2151/4424 2550/4421 2932/4420
f 919/1555 2765/1554 2512/1611
f 938/1941 817/1962 2493/1944
f 833/1583 2732/1528 919/1555
f 2496/1910 2497/1867 2482/1898
f 2737/1701 2735/1722 2743/1723
f 2498/1836 2763/1835 2740/1768
f 2747/1770 2766/1769 2746/1798
f 2762/1837 2811/1817 2764/1797
f 714/1967 2292/1980 825/1966
f 2754/1868 2763/1835 2497/1867
f 2746/1798 2763/1835 2762/1837
f 2763/1835 2746/1798 2740/1768
f 2737/1701 2724/1664 2734/1683
f 2766/1769 2743/1723 2735/1722
f 835/1639 833/1583 2608/1613
f 2568/1662 2509/1678 2675/1660
f 2568/1662 2512/1611 2509/1678
f 735/4307 2479/4315 2480/4301
f 2734/1683 2761/1721 2744/1745
f 2757/4399 2423/4395 2424/4403
f 2566/1700 2761/1721 2760/1681
f 2761/1721 2745/1682 2760/1681
f 2704/1663 2745/1682 2725/1615
f 2746/1798 2762/1837 2764/1797
f 848/2226 2818/2181 849/2225
f 2501/2047 2562/2098 2561/2075
f 2759/2104 2700/2062 2711/2103
f 2688/2161 2691/2141 2697/2122
f 2691/2141 841/2204 849/2225
f 822/2259 32/2285 2758/2245
f 2558/2205 822/2259 2758/2245
f 2469/4393 2757/4399 2432/4396
f 838/2078 2756/2101 2755/2061
f 2755/2061 2756/2101 2769/2079
f 747/2121 2499/2160 2688/2161
f 2697/2122 747/2121 2688/2161
f 933/2014 2559/2029 2703/2040
f 2753/2039 2769/2079 2700/2062
f 2698/1887 971/1902 2694/1915
f 2693/3541 2692/3546 2684/3543
f 2754/1868 2494/1899 972/1900
f 2753/2039 2701/2051 2559/2029
f 933/2014 2752/2041 2714/2030
f 2701/2051 2821/2063 2559/2029
f 2753/2039 2700/2062 2701/2051
f 2690/3542 2684/3543 2751/3548
f 2699/1855 2705/1870 971/1902
f 2685/3538 2684/3543 2690/3542
f 2560/2027 2683/2038 2682/2021
f 933/2014 2692/2022 2569/2007
f 2685/3538 2693/3541 2684/3543
f 2831/2542 2832/2487 2829/2518
f 2833/2558 2681/2599 2673/2576
f 2519/2621 2673/2576 2681/2599
f 2536/2575 2622/2543 2831/2542
f 2680/2541 2674/2598 2536/2575
f 815/2697 2518/2668 2678/2644
f 2574/2520 2679/2488 2622/2543
f 1821/2701 1819/2671 2617/2646
f 2681/2599 2678/2644 2519/2621
f 2626/4588 2466/4589 2106/4586
f 2575/2505 2524/2521 2677/2458
f 2587/2625 2676/2650 2620/2626
f 2532/2546 2672/2583 963/2562
f 1863/213 1854/214 1988/183
f 2510/1636 2931/1581 2675/1660
f 2524/2521 2531/2506 2677/2458
f 2618/2732 2615/2702 1820/2733
f 2536/2575 2830/2557 2680/2541
f 2530/2620 2674/2598 2673/2576
f 2673/2576 2674/2598 2680/2541
f 2034/440 830/466 2020/462
f 2026/2731 2618/2732 2523/2670
f 1821/2701 2523/2670 2618/2732
f 2522/2700 2517/2698 2572/2761
f 754/2669 2520/2645 2519/2621
f 2532/2546 2533/2582 2672/2583
f 2602/2611 2543/2591 2609/2568
f 2610/2613 955/2636 2614/2659
f 2671/2690 2659/2754 2654/2720
f 2663/2534 2642/2512 2613/2533
f 2005/294 1931/296 790/242
f 2668/2612 2663/2534 2543/2591
f 2543/2591 2663/2534 2609/2568
f 2611/2777 2670/2776 2590/2718
f 2602/2611 2609/2568 2610/2613
f 2613/2533 2669/2547 964/2522
f 2663/2534 2668/2612 2667/2614
f 2666/2661 808/2688 2590/2718
f 1963/2823 1919/2874 1911/2860
f 805/2842 2661/2827 2658/2781
f 2686/2615 2687/2637 915/2569
f 2671/2690 2670/2776 2658/2781
f 2641/2482 2642/2512 2663/2534
f 2670/2776 2671/2690 2590/2718
f 1804/2931 2630/2953 4044/2960
f 2668/2612 2686/2615 2667/2614
f 2665/2552 2657/2593 2656/2553
f 2671/2690 924/2663 923/2639
f 2663/2534 2613/2533 2609/2568
f 2657/2593 2667/2614 2686/2615
f 2654/2720 2659/2754 2662/2782
f 2661/2827 2660/2803 2658/2781
f 2634/2880 2637/2865 805/2842
f 803/2844 2661/2827 2637/2865
f 2613/2533 2607/2603 954/2592
f 2657/2593 2665/2552 2663/2534
f 2645/2450 2641/2482 903/2451
f 957/2425 2643/2459 2645/2450
f 2665/2552 2664/2513 2655/2535
f 2641/2482 2664/2513 902/2496
f 2686/2615 2671/2690 923/2639
f 805/2842 2637/2865 2661/2827
f 2663/2534 2665/2552 2655/2535
f 2653/2780 2662/2782 2652/2826
f 2662/2782 2659/2754 2660/2803
f 2661/2827 2652/2826 2660/2803
f 2659/2754 2658/2781 2660/2803
f 2652/2826 2662/2782 2660/2803
f 2657/2593 915/2569 2656/2553
f 2663/2534 2655/2535 2641/2482
f 2663/2534 2667/2614 2657/2593
f 2653/2780 800/2753 2654/2720
f 2662/2782 2653/2780 2654/2720
f 2664/2513 2641/2482 2655/2535
f 2661/2827 803/2844 2652/2826
f 2637/2865 960/2843 803/2844
f 2654/2720 924/2663 2671/2690
f 2905/2590 2651/2617 897/2570
f 2640/2905 2650/2858 2639/2888
f 2639/2888 2649/2879 2636/2897
f 915/2569 2687/2637 923/2639
f 2686/2615 915/2569 2657/2593
f 915/2569 2648/2536 2656/2553
f 2646/2431 2643/2459 987/2434
f 2647/2472 2644/2473 2646/2431
f 2643/2459 957/2425 987/2434
f 2644/2473 2647/2472 2645/2450
f 2643/2459 2646/2431 2644/2473
f 2643/2459 2644/2473 2645/2450
f 2528/2489 2642/2512 2641/2482
f 1889/244 1892/228 780/209
f 778/208 1889/244 780/209
f 2640/2905 2639/2888 4047/2923
f 2649/2879 2639/2888 2638/2864
f 4046/2930 2636/2897 4049/2943
f 2637/2865 2636/2897 2649/2879
f 2605/2949 2630/2953 2633/2957
f 1396/1491 657/1516 1370/1541
f 2636/2897 2637/2865 2634/2880
f 1804/2931 2636/2897 2635/2913
f 4049/2943 1804/2931 4050/2954
f 2635/2913 2636/2897 2634/2880
f 2620/2626 2577/2601 2587/2625
f 2634/2880 2545/2896 2597/2912
f 2605/2949 2633/2957 2596/2939
f 2591/2750 925/2775 2542/2800
f 2632/2945 2630/2953 1804/2931
f 2546/2876 769/2861 2631/2894
f 769/2861 2627/2893 2631/2894
f 2627/2893 2546/2876 2631/2894
f 2605/2949 2604/2956 2630/2953
f 2635/2913 2632/2945 1804/2931
f 2630/2953 2604/2956 4035/2965
f 777/2958 775/2950 1976/2963
f 2598/2944 2596/2939 2633/2957
f 777/2958 1976/2963 4052/2968
f 2545/2896 2606/2909 2597/2912
f 1991/240 1969/256 1895/277
f 2033/485 2060/505 1992/528
f 2028/2791 2027/2836 829/2792
f 2606/2909 2594/2892 774/2927
f 2596/2939 2606/2909 774/2927
f 2605/2949 774/2927 2604/2956
f 774/2927 777/2958 2604/2956
f 2605/2949 2596/2939 774/2927
f 804/2825 2670/2776 771/2824
f 2602/2611 2603/2660 2541/2634
f 1963/2823 806/2801 1972/2774
f 2595/2875 2593/2908 2601/2877
f 2537/2623 2525/2579 2534/2578
f 2600/2689 2588/2662 2589/2719
f 2587/2625 2012/2649 2583/2675
f 2588/2662 2676/2650 2587/2625
f 1968/177 1967/161 1962/176
f 2594/2892 1908/2929 772/2940
f 1963/2823 1961/2873 1919/2874
f 1903/54 1981/65 2599/36
f 2598/2944 2597/2912 2596/2939
f 2606/2909 2596/2939 2597/2912
f 2595/2875 1911/2860 2594/2892
f 2594/2892 1979/2910 1908/2929
f 1918/160 1966/146 1917/126
f 2592/2911 2546/2876 2593/2908
f 1917/126 1965/92 2937/125
f 1911/2860 931/2822 1963/2823
f 808/2688 2591/2750 2590/2718
f 2585/2752 2589/2719 2588/2662
f 1969/256 2584/293 2582/295
f 2587/2625 2583/2675 2584/2707
f 1914/205 1971/239 2585/257
f 1970/275 2586/238 2585/257
f 1970/2736 2587/2625 2584/2707
f 2584/2707 2583/2675 2582/2737
f 2003/352 2006/331 2017/368
f 2581/224 1912/237 1915/189
f 1915/189 2580/204 2581/224
f 1974/2748 2580/2799 1968/2821
f 2517/2698 2522/2700 2529/2622
f 2577/2601 2579/2581 2578/2561
f 2576/2648 2132/2647 2525/2579
f 2575/2505 2574/2520 2535/2544
f 2574/2520 2573/2559 2535/2544
f 2520/2645 2517/2698 2529/2622
f 2572/2761 2515/2730 2028/2791
f 778/208 958/178 788/227
f 1854/214 1869/249 2446/247
f 781/280 1989/299 1888/261
f 1882/210 784/229 1864/195
f 758/192 1882/210 1864/195
f 1881/165 759/182 1898/169
f 2583/2675 1895/2738 2582/2737
f 2629/55 1875/80 1987/81
f 2625/2624 2616/2600 2623/2580
f 1870/150 2628/132 1879/108
f 2532/2546 964/2522 2531/2506
f 2601/2877 2627/2893 770/2862
f 2578/2561 2579/2581 2527/2545
f 2467/4591 2104/4587 2102/4595
f 2626/4588 2104/4587 2467/4591
f 2012/2649 2616/2600 2625/2624
f 2624/2673 2025/2735 764/2705
f 2005/294 2010/350 2130/348
f 764/2705 2576/2648 2624/2673
f 2587/2625 2577/2601 2578/2561
f 2623/2580 2578/2561 2524/2521
f 2132/2647 2625/2624 2525/2579
f 2538/2577 2622/2543 2536/2575
f 2607/2603 963/2562 2930/2602
f 2572/2761 829/2792 2619/2765
f 357/2852 308/2790 433/2809
f 2026/2731 2619/2765 829/2792
f 2047/615 2100/596 2046/640
f 2521/2762 2621/2789 755/2729
f 2621/2789 308/2790 755/2729
f 308/2790 756/2764 755/2729
f 2533/2582 2577/2601 2620/2626
f 2522/2700 2619/2765 2026/2731
f 2028/2791 829/2792 2572/2761
f 2025/2735 2618/2732 2026/2731
f 2516/2699 2515/2730 2572/2761
f 2537/2623 2617/2646 1819/2671
f 2573/2559 2538/2577 2534/2578
f 2616/2600 2578/2561 2623/2580
f 1858/419 1856/372 2116/396
f 2616/2600 2587/2625 2578/2561
f 2025/2735 2615/2702 2618/2732
f 2537/2623 2624/2673 2576/2648
f 2468/391 926/369 951/416
f 2130/348 765/366 2007/328
f 2614/2659 2603/2660 2602/2611
f 2613/2533 963/2562 2607/2603
f 2525/2579 2537/2623 2576/2648
f 2540/2717 1972/2774 807/2751
f 2533/2582 2579/2581 2577/2601
f 931/2822 2601/2877 770/2862
f 2539/2687 925/2775 2591/2750
f 809/2635 2541/2634 2539/2687
f 931/2822 2595/2875 2601/2877
f 931/2822 806/2801 1963/2823
f 2611/2777 931/2822 771/2824
f 2541/2634 2603/2660 2612/2686
f 2591/2750 2542/2800 2611/2777
f 2590/2718 2591/2750 2611/2777
f 2546/2876 2601/2877 2593/2908
f 954/2592 2610/2613 2609/2568
f 2597/2912 2598/2944 2635/2913
f 2512/1611 2568/1662 2608/1613
f 2588/2662 2600/2689 955/2636
f 2602/2611 2610/2613 2614/2659
f 955/2636 2607/2603 2588/2662
f 955/2636 2600/2689 2614/2659
f 2620/2626 2672/2583 2533/2582
f 2568/1662 835/1639 2608/1613
f 2606/2909 2545/2896 2595/2875
f 2546/2876 2627/2893 2601/2877
f 2592/2911 2547/2895 2546/2876
f 2544/2878 2592/2911 2593/2908
f 2595/2875 2544/2878 2593/2908
f 2544/2878 1826/2863 2547/2895
f 2546/2876 2547/2895 1826/2863
f 2544/2878 2545/2896 805/2842
f 805/2842 1826/2863 2544/2878
f 2543/2591 809/2635 2668/2612
f 2543/2591 2541/2634 809/2635
f 2611/2777 2542/2800 931/2822
f 2541/2634 2540/2717 2539/2687
f 2591/2750 808/2688 2539/2687
f 2541/2634 2543/2591 2602/2611
f 2538/2577 2573/2559 2622/2543
f 2534/2578 2538/2577 2537/2623
f 2529/2622 2538/2577 2536/2575
f 2538/2577 2617/2646 2537/2623
f 2573/2559 2534/2578 2535/2544
f 2526/2560 2535/2544 2534/2578
f 2525/2579 2526/2560 2534/2578
f 2527/2545 2533/2582 2532/2546
f 2531/2506 2527/2545 2532/2546
f 2527/2545 2579/2581 2533/2582
f 2536/2575 2530/2620 2529/2622
f 964/2522 2528/2489 2531/2506
f 2527/2545 2531/2506 2524/2521
f 2524/2521 2526/2560 2525/2579
f 2523/2670 2522/2700 2026/2731
f 2529/2622 2522/2700 2523/2670
f 2529/2622 2530/2620 2520/2645
f 433/2809 2521/2762 434/2763
f 2520/2645 754/2669 2516/2699
f 2673/2576 2519/2621 2520/2645
f 2518/2668 754/2669 2519/2621
f 2518/2668 2521/2762 755/2729
f 2517/2698 2516/2699 2572/2761
f 2517/2698 2520/2645 2516/2699
f 754/2669 756/2764 2515/2730
f 2028/2791 2515/2730 756/2764
f 2518/2668 815/2697 2514/2728
f 2521/2762 2514/2728 434/2763
f 434/2763 2514/2728 815/2697
f 2425/4401 2513/4391 2433/4398
f 2425/765 2486/742 2513/788
f 2458/445 1857/431 1858/419
f 2928/1612 2511/1658 2512/1611
f 2512/1611 2511/1658 2509/1678
f 2509/1678 2511/1658 2510/1636
f 935/2010 2504/2005 2439/1995
f 2498/1836 2497/1867 2763/1835
f 2494/1899 2754/1868 2497/1867
f 2480/4301 2479/4315 2459/4314
f 1957/4440 1950/4437 2508/4435
f 945/470 2204/585 2270/607
f 495/551 2070/592 2126/552
f 2364/669 2484/691 2267/652
f 2675/1660 2509/1678 2510/1636
f 2241/2139 2434/2097 2304/2138
f 2241/2139 2304/2138 2313/2172
f 2454/354 2507/335 2506/374
f 2464/522 2349/544 2143/479
f 2505/1610 3618/1637 221/1661
f 2504/2005 819/1978 2439/1995
f 2502/3547 818/3551 2503/3553
f 977/2035 2438/2059 2501/2047
f 2241/2139 170/2173 178/2157
f 178/2157 175/2118 2241/2139
f 2438/4689 2317/4690 716/4691
f 2426/4397 2500/4390 2432/4396
f 2499/2160 937/2159 820/2199
f 2472/1911 2482/1898 2475/1884
f 2497/1867 2498/1836 2475/1884
f 2494/1899 2496/1910 2495/1920
f 2476/1912 2360/1922 2472/1911
f 2299/649 2290/647 2177/606
f 1827/4386 2464/4388 942/4384
f 942/4384 1829/4381 1827/4386
f 2497/1867 2475/1884 2482/1898
f 2478/1908 2489/1885 2491/1896
f 2771/1940 2493/1944 813/1923
f 2492/1883 2490/1853 979/1852
f 2489/1885 2492/1883 2491/1896
f 2489/1885 2940/1869 2490/1853
f 2297/808 2275/745 2368/807
f 2567/1680 2488/1720 2487/1742
f 2566/1700 2567/1680 2487/1742
f 2571/1766 2556/1815 2564/1767
f 2488/1720 2571/1766 2564/1767
f 749/1795 845/1796 2736/1746
f 2570/1812 979/1852 750/1834
f 1834/1719 2365/1699 2553/1638
f 843/1953 832/1952 817/1962
f 817/1962 938/1941 752/1971
f 819/1978 934/1998 2503/1988
f 2740/1768 844/1816 2498/1836
f 2569/3549 2502/3547 2503/3553
f 2498/1836 2296/1886 2475/1884
f 2563/1791 2570/1812 2565/1764
f 749/1795 2565/1764 2570/1812
f 2498/1836 844/1816 2490/1853
f 2569/2007 2503/1988 934/1998
f 813/1923 2494/1899 2495/1920
f 818/3551 2502/3547 843/3544
f 2497/1867 2496/1910 2494/1899
f 2568/1662 2567/1680 2566/1700
f 2564/1767 2487/1742 2488/1720
f 2454/354 2271/318 2507/335
f 2329/4378 2330/4380 734/4382
f 733/4305 730/4324 2329/4317
f 2565/1764 2744/1745 2566/1700
f 2565/1764 2487/1742 2563/1791
f 2487/1742 2564/1767 2563/1791
f 2770/1932 2771/1940 2495/1920
f 2562/2098 746/2120 2561/2075
f 726/685 2376/646 2384/664
f 747/2121 2696/2099 2561/2075
f 2504/2005 936/2018 2560/2027
f 837/2050 2683/2038 2560/2027
f 746/2120 937/2159 2499/2160
f 937/2159 821/2175 820/2199
f 2682/2021 2504/2005 2560/2027
f 837/2050 2560/2027 2501/2047
f 977/2035 2501/2047 2560/2027
f 2559/2029 932/2013 2682/2021
f 932/2013 934/1998 2504/2005
f 976/2034 975/2026 824/2020
f 982/2220 2558/2205 820/2199
f 982/2220 180/2280 822/2259
f 712/847 2288/892 720/870
f 949/1997 2695/2012 2440/2006
f 2358/1909 2478/1908 2477/1882
f 950/1986 2439/1995 751/1979
f 2439/1995 819/1978 751/1979
f 2571/1766 2557/1794 2556/1815
f 2485/1832 2452/1851 2557/1794
f 950/1986 751/1979 825/1966
f 2363/692 2369/748 2484/691
f 2557/1794 2444/1833 2556/1815
f 2429/716 2427/766 2486/742
f 1936/230 2342/264 1940/284
f 1936/230 1938/180 1855/212
f 2555/357 2507/335 2447/319
f 1937/211 1958/262 1960/265
f 2554/4506 2455/4504 945/4500
f 2553/1638 2505/1610 221/1661
f 2552/4436 2449/4438 2551/4433
f 2449/4438 2508/4435 2551/4433
f 810/1679 2553/1638 221/1661
f 2451/1765 947/1793 2450/1744
f 2269/586 2350/608 2346/569
f 2453/4430 2551/4433 2549/4429
f 2550/4421 2453/4430 2549/4429
f 2461/4425 2550/4421 2549/4429
f 2348/4428 2453/4430 2550/4421
f 2552/4494 946/4493 2449/4497
f 2506/374 2507/335 2555/357
f 2507/335 2271/318 2344/282
f 2549/4429 2551/4433 2465/4431
f 2548/4221 1959/4232 3613/4228
f 2465/4431 2508/4435 1948/4432
f 1948/4432 2508/4435 1950/4437
f 2455/398 2554/421 2343/355
f 2454/354 2455/398 2343/355
f 2337/4498 2338/4492 2453/4495
f 2348/4502 2337/4498 2453/4495
f 2452/1851 2444/1833 2557/1794
f 2365/1699 2451/1765 2450/1744
f 945/470 2448/597 2204/585
f 2352/1698 2353/1741 2442/1718
f 2442/1718 2353/1741 1835/1743
f 2267/652 2200/628 2364/669
f 946/4493 745/4501 2449/4497
f 2338/4492 2339/4496 946/4493
f 2339/4496 2448/4503 945/4500
f 2338/4492 2552/4494 2453/4495
f 1957/4440 2555/4444 2447/4446
f 2344/282 1956/283 2447/319
f 1947/4445 1957/4440 2447/4446
f 2271/318 2343/355 1954/336
f 2271/318 2454/354 2343/355
f 2342/264 2446/247 1865/285
f 1935/246 1956/283 2344/282
f 1855/212 2446/247 1936/230
f 2259/320 2342/264 1942/302
f 1934/151 1938/180 2445/181
f 2444/1833 2443/1831 2556/1815
f 2365/1699 2450/1744 2488/1720
f 2553/1638 2442/1718 1834/1719
f 824/2020 983/2048 976/2034
f 2354/1792 2355/1850 947/1793
f 1835/693 2266/630 2354/670
f 2275/745 2441/787 2368/807
f 2439/1995 950/1986 2440/2006
f 2358/1909 2362/1931 2294/1914
f 2434/2097 2437/2074 2438/2059
f 2434/2097 175/2118 2437/2074
f 2283/1961 713/1942 740/1951
f 983/2048 2318/2076 2435/2058
f 983/2048 2311/2049 2318/2076
f 977/2035 976/2034 2435/2058
f 2311/2049 983/2048 823/2036
f 2276/1996 949/1997 2292/1980
f 2294/790 2264/747 2366/746
f 2428/4185 2427/4182 2436/4181
f 2413/4339 2076/4334 2409/4337
f 2326/4180 2429/4179 2188/4183
f 2195/4186 2326/4180 2188/4183
f 2256/890 2240/869 2230/916
f 2091/931 2410/949 2083/844
f 2317/4690 2438/4689 977/4692
f 977/4692 2435/4694 2317/4690
f 426/943 425/973 2412/959
f 716/2117 2434/2097 2438/2059
f 175/2118 178/2157 174/2174
f 725/4209 2379/4207 2387/4205
f 2092/940 2309/955 2091/931
f 2410/949 2091/931 2309/955
f 2400/816 2416/838 2417/798
f 2300/4402 2433/4398 2301/4394
f 2433/4398 2300/4402 2425/4401
f 2063/593 2040/553 2126/552
f 2426/4397 2432/4396 2431/4404
f 2429/716 2430/688 2190/665
f 2424/4403 722/4406 2757/4399
f 2281/785 2293/786 711/805
f 2757/4399 2431/4404 2432/4396
f 2427/4182 2428/4185 2422/4188
f 2500/4390 2426/4397 2301/4394
f 2426/4397 2431/4404 941/4405
f 2263/687 2335/731 2334/681
f 2486/742 2427/766 2422/789
f 950/1986 825/1966 2292/1980
f 2459/4314 2140/4325 2150/4318
f 2483/1866 2444/1833 2452/1851
f 2355/1850 2485/1832 947/1793
f 2484/1881 2483/1866 2452/1851
f 2173/4294 2481/4297 2480/4301
f 2473/1921 2770/1932 2482/1898
f 2328/4296 2208/4300 2481/4297
f 2302/743 2298/714 2470/717
f 713/1942 2471/1950 2473/1921
f 2136/405 2137/429 2462/454
f 2146/478 2462/454 2137/429
f 2464/4388 2768/4389 942/4384
f 2478/1908 2359/1913 2489/1885
f 938/1941 2473/1921 2471/1950
f 2480/4301 2460/4306 2173/4294
f 2479/4315 2768/4320 2463/4326
f 2463/498 2464/522 2143/479
f 2349/544 2464/522 2211/567
f 2498/1836 2940/1869 2296/1886
f 2295/1901 2359/1913 2357/1924
f 2368/807 2441/787 2371/829
f 2477/1882 2478/1908 2474/1879
f 978/1849 2443/1831 2444/1833
f 2475/1884 2296/1886 2476/1912
f 2478/1908 2491/1896 2474/1879
f 2477/1882 2474/1879 2444/1833
f 2474/1879 978/1849 2444/1833
f 2475/1884 2476/1912 2472/1911
f 2423/4193 2428/4185 2392/4192
f 2424/4200 2423/4193 2392/4192
f 2473/1921 2472/1911 741/1933
f 2244/848 2279/920 2283/893
f 2080/760 2096/820 2098/821
f 743/1960 2471/1950 713/1942
f 2430/688 2486/742 2425/765
f 2430/688 2299/649 2190/665
f 2430/688 2470/717 2299/649
f 2163/740 2298/714 2284/764
f 2422/789 2513/788 2486/742
f 2469/4393 2423/4395 2757/4399
f 2375/624 2389/645 2202/579
f 2120/595 2039/554 2101/573
f 2384/664 2380/737 2251/738
f 1845/353 2116/396 1856/372
f 2105/4592 2106/4586 2466/4589
f 927/314 2468/391 952/371
f 2120/595 2467/616 2039/554
f 2467/4591 2102/4595 2039/4598
f 2467/616 2120/595 2054/639
f 2626/658 2467/616 2054/639
f 2036/506 313/550 795/530
f 2120/595 2119/638 2054/639
f 2146/4327 2459/4314 2462/4328
f 2146/4327 2140/4325 2459/4314
f 2259/320 2153/360 2152/382
f 2105/4583 2466/4579 2108/4575
f 2208/4300 2328/4296 2327/4304
f 2465/4431 1948/4432 2461/4425
f 1948/4432 2260/4427 2461/4425
f 2463/4326 2459/4314 2479/4315
f 2464/522 2207/581 2211/567
f 1838/323 1920/342 2457/305
f 2459/4314 2463/4326 2462/4328
f 2461/4425 2403/4422 2550/4421
f 2460/4306 2459/4314 2150/4318
f 940/523 707/480 2145/499
f 1945/444 1946/456 1857/431
f 2108/4575 2466/4579 969/4571
f 1886/313 1932/330 1842/304
f 2116/396 2458/445 1858/419
f 2022/460 2099/464 2021/503
f 1929/449 709/473 1924/425
f 2457/305 1920/342 1867/303
f 2053/4569 2054/4572 2456/4576
f 710/491 2107/467 2117/513
f 2460/4306 2480/4301 2459/4314
f 2143/479 2462/454 2463/498
f 2260/4427 2403/4422 2461/4425
f 2260/4427 2333/4423 2403/4422
f 1886/313 1842/304 1989/299
f 1886/313 1989/299 781/280
f 1849/395 1856/372 1858/419
f 2115/575 2111/517 2118/561
f 794/463 2041/509 2121/488
f 2068/619 2082/644 2249/603
f 2068/619 2258/560 2062/618
f 2065/641 2063/593 2061/636
f 2154/475 2155/536 2401/539
f 2037/510 2127/555 2101/573
f 2325/577 2203/540 2398/602
f 2118/561 2124/620 2045/621
f 2154/475 2401/539 2402/520
f 2183/4311 2327/4304 2160/4310
f 2182/542 2181/521 2187/497
f 2154/475 2402/520 2162/496
f 2037/510 2122/489 2125/533
f 2401/539 2258/560 2255/578
f 2248/598 2065/641 2062/618
f 2062/618 503/680 2069/659
f 2258/560 2248/598 2062/618
f 2390/733 2400/816 2417/798
f 2390/4350 704/4348 2400/4349
f 2347/564 2255/578 2249/603
f 2399/962 470/958 474/979
f 52/989 173/1020 171/1021
f 705/661 2073/684 895/711
f 2202/579 2388/625 2398/602
f 2250/643 2395/662 2374/604
f 2377/782 2378/783 2381/762
f 2202/579 2374/604 2375/624
f 2397/4344 2396/4347 717/4343
f 725/4209 2387/4205 2385/4204
f 2393/683 2395/662 2394/709
f 2395/662 2393/683 2374/604
f 2246/781 724/784 2251/738
f 2382/712 2384/664 2393/683
f 2093/888 2222/842 2095/865
f 2384/664 2252/713 726/685
f 2386/4199 2392/4192 2389/4197
f 2390/733 2372/758 2391/708
f 2389/645 2388/625 2202/579
f 723/763 725/739 2252/713
f 2382/712 2377/782 2381/762
f 2380/737 2246/781 2251/738
f 2385/4204 2387/4205 2386/4199
f 2384/664 2376/646 2374/604
f 2373/775 2383/799 2382/712
f 2382/712 2381/762 2380/737
f 2380/737 2381/762 2378/783
f 722/4406 2379/4410 725/4415
f 2314/822 2378/783 2377/782
f 2374/604 2376/646 2375/624
f 2347/564 2249/603 2374/604
f 2373/775 2372/758 2390/733
f 2374/604 2202/579 2347/564
f 2300/4402 2302/4409 2425/4401
f 2398/602 2388/625 2421/623
f 2203/540 2162/496 2402/520
f 2428/4185 2436/4181 2420/4187
f 2299/649 2189/626 2190/665
f 2424/4200 2392/4192 2386/4199
f 2421/623 2325/577 2398/602
f 2393/683 2394/709 2382/712
f 722/4406 2424/4403 2379/4410
f 2386/4199 2389/4197 2375/4202
f 2422/4188 2428/4185 2423/4193
f 2422/4392 2423/4395 2469/4393
f 2430/688 2425/765 2302/743
f 2385/4204 2386/4199 2375/4202
f 2415/682 2390/733 2391/708
f 2386/4199 2387/4205 2424/4200
f 2388/625 2389/645 2421/623
f 2375/4202 2376/4206 2385/4204
f 2385/4204 2376/4206 726/4208
f 2420/4187 2421/4190 2389/4197
f 2382/712 2394/709 2372/758
f 2419/837 2323/815 2417/798
f 2377/782 2382/712 2383/799
f 2303/824 2377/782 2383/799
f 2416/838 2418/858 2417/798
f 2418/858 2419/837 2417/798
f 2377/782 2303/824 2315/846
f 2416/4346 2400/4349 2396/4347
f 2314/822 2246/781 2378/783
f 2246/781 2380/737 2378/783
f 704/4348 2396/4347 2400/4349
f 2417/798 2323/815 2373/775
f 2396/4347 2397/4344 2416/4346
f 2234/948 2319/891 2225/929
f 2323/815 2383/799 2373/775
f 704/707 2415/682 705/661
f 2382/712 2372/758 2373/775
f 2391/708 2372/758 2394/709
f 2395/662 2391/708 2394/709
f 2072/779 2094/841 2221/819
f 2075/923 2310/941 2414/902
f 2306/901 2414/902 2310/941
f 2075/4342 2413/4339 2310/4340
f 2410/4333 2411/4336 2408/4330
f 2412/959 425/973 470/958
f 2224/913 2234/948 2225/929
f 2406/926 426/943 2412/959
f 2234/948 2224/913 2404/947
f 2309/955 2411/971 2410/949
f 2097/4329 2410/4333 2408/4330
f 2088/887 2218/843 2222/842
f 2408/4330 2411/4336 2409/4337
f 2076/4334 2408/4330 2409/4337
f 2222/842 2218/843 2215/801
f 2407/928 2406/926 470/958
f 2216/945 2219/911 2407/928
f 2219/911 2088/887 2407/928
f 2216/945 2399/962 479/974
f 474/979 479/974 2399/962
f 2088/887 2406/926 2407/928
f 2083/844 2098/821 2086/867
f 2406/926 2412/959 470/958
f 2405/910 2222/842 2093/888
f 459/4542 2087/4537 479/4540
f 2406/926 2405/910 426/943
f 2405/910 419/927 426/943
f 738/970 2321/993 2236/983
f 2405/910 2093/888 419/927
f 170/2173 2236/2218 2321/2238
f 2088/887 2405/910 2406/926
f 52/989 2223/981 2087/999
f 163/969 2234/948 2404/947
f 2404/947 2214/946 739/975
f 2214/946 2404/947 2220/912
f 2095/865 513/840 444/886
f 2235/936 2232/918 2319/891
f 2241/2139 2313/2172 2231/2194
f 2245/894 2282/850 2227/823
f 2320/934 2257/917 2256/890
f 2321/993 738/970 38/1003
f 2320/934 2312/966 2274/953
f 2072/779 2221/819 2215/801
f 2322/859 2308/860 2323/815
f 2323/815 2419/837 2322/859
f 170/2173 2321/2238 169/2258
f 729/825 724/784 2227/823
f 753/2077 2316/2060 2305/2100
f 2233/2195 2236/2218 170/2173
f 2316/933 2320/934 2256/890
f 2242/935 2257/917 2274/953
f 2415/682 2391/708 2395/662
f 2316/933 2256/890 2230/916
f 2226/845 2315/846 2238/881
f 2316/933 2312/966 2320/934
f 2240/869 2226/845 2319/891
f 2254/903 2308/860 2307/900
f 2317/4690 2318/4695 715/4693
f 2316/2060 753/2077 2311/2049
f 2314/822 2226/845 2246/781
f 2314/822 2377/782 2315/846
f 2304/965 2230/916 2313/967
f 2311/2049 823/2036 2273/2019
f 2273/2019 2312/2037 2311/2049
f 2310/941 2411/971 2309/955
f 2310/941 2309/955 2306/901
f 2308/860 2254/903 2238/881
f 2090/930 2254/903 2307/900
f 2092/940 2307/900 2306/901
f 2309/955 2092/940 2306/901
f 2322/859 2307/900 2308/860
f 2311/2049 2312/2037 2316/2060
f 177/2196 170/2173 167/2219
f 175/2118 2434/2097 2241/2139
f 715/4693 2305/4698 2304/4696
f 2434/2097 716/2117 2304/2138
f 2317/4690 2435/4694 2318/4695
f 2238/4940 2315/4941 2303/4942
f 2238/881 2303/824 2308/860
f 2284/4414 2298/4418 2302/4409
f 2285/4408 2284/4414 2300/4402
f 2289/4400 2301/4394 2426/4397
f 2291/827 2281/785 2244/848
f 2198/605 2179/566 2177/606
f 2300/4402 2289/4400 2285/4408
f 2299/649 2470/717 2298/714
f 2164/686 2299/649 2298/714
f 2262/648 2198/605 2290/647
f 2294/1914 2297/1925 2296/1886
f 2296/1886 2295/1901 2294/1914
f 2293/786 2163/740 2284/764
f 2277/1987 2276/1996 2292/1980
f 714/1967 2283/1961 2279/1972
f 2291/827 2244/848 2278/849
f 2292/1980 714/1967 2277/1987
f 2281/785 2291/827 944/804
f 2290/647 2164/686 2262/648
f 2288/4407 2289/4400 941/4405
f 712/847 2286/872 2288/892
f 2285/4408 2286/4413 2287/4417
f 711/805 2287/851 2286/872
f 711/805 2285/828 2287/851
f 711/805 2293/786 2284/764
f 711/805 2284/764 2285/828
f 2282/850 2281/785 711/805
f 712/847 729/825 2253/868
f 2278/849 2283/893 740/895
f 2253/868 2282/850 711/805
f 2244/848 2283/893 2278/849
f 943/741 2163/740 2281/785
f 2262/648 2280/660 2197/622
f 714/937 2245/894 2277/950
f 2163/740 2293/786 2281/785
f 2245/894 714/937 2279/920
f 944/804 2278/849 742/871
f 2277/950 2243/932 2276/964
f 2242/935 2272/968 2276/964
f 2263/687 943/741 2275/745
f 2272/2011 949/1997 2276/1996
f 2272/968 2242/935 2274/953
f 2272/2011 2274/2028 2273/2019
f 2371/1949 742/1959 741/1933
f 741/1933 2360/1922 2371/1949
f 2360/1922 2476/1912 2296/1886
f 944/804 742/871 2371/829
f 2361/1919 2358/1909 2369/1897
f 2275/745 2297/808 2294/790
f 2371/829 2370/806 944/804
f 2452/1851 2485/1832 2355/1850
f 2369/748 2363/692 2261/720
f 943/741 2356/715 2164/686
f 2261/720 2361/767 2369/748
f 2371/1949 2360/1922 2368/1943
f 2172/4298 2134/4308 2171/4303
f 2212/668 2367/719 2201/690
f 2294/790 2366/746 2275/745
f 2201/690 2367/719 2366/746
f 2369/1897 2483/1866 2484/1881
f 939/583 2200/628 2267/652
f 2334/4375 731/4369 2324/4372
f 2181/521 2179/566 2166/576
f 2187/497 2159/477 2158/453
f 2263/687 2334/681 2280/660
f 2212/668 2263/687 2275/745
f 1835/1743 2451/1765 2365/1699
f 2200/628 2261/720 2363/692
f 2362/1931 2358/1909 2361/1919
f 2484/691 2364/669 2363/692
f 2264/1939 2362/1931 2361/1919
f 2181/521 2169/518 2159/477
f 2297/1925 2368/1943 2360/1922
f 2294/1914 2362/1931 2264/1939
f 2441/787 2370/806 2371/829
f 2357/1924 2359/1913 2358/1909
f 2294/1914 2357/1924 2358/1909
f 2263/687 2356/715 943/741
f 2477/1882 2369/1897 2358/1909
f 2358/1909 2359/1913 2478/1908
f 2363/692 2364/669 2200/628
f 2267/1880 2484/1881 2355/1850
f 2354/1792 2267/1880 2355/1850
f 811/631 2353/671 2352/694
f 2351/632 2346/569 2350/608
f 2266/630 2353/671 811/631
f 811/631 2350/608 2269/586
f 222/653 2350/608 811/631
f 2351/4951 2350/4952 222/4953
f 2143/479 2349/544 2210/524
f 2348/4502 2340/4507 2336/4499
f 2347/564 2203/540 2402/520
f 2148/546 2269/586 2346/569
f 2346/569 2933/501 2148/546
f 2184/627 2265/584 2207/581
f 2942/447 2205/492 2345/435
f 2333/378 2152/382 2341/424
f 2344/282 1953/300 1958/262
f 1955/375 2343/355 2934/399
f 2342/264 1951/301 1940/284
f 2454/354 744/420 2455/398
f 708/430 2341/424 2152/382
f 2268/514 2340/535 2151/472
f 2448/4503 2339/4496 2336/4499
f 2336/558 2340/535 2268/514
f 707/480 2268/514 2151/472
f 940/523 2268/514 707/480
f 2336/4499 2338/4492 2337/4498
f 2348/4502 2336/4499 2337/4498
f 2336/4499 2339/4496 2338/4492
f 2115/575 2248/598 2258/560
f 731/4369 2175/4377 748/4376
f 2335/731 2175/744 2334/681
f 2153/360 2331/341 2135/381
f 2208/4300 2209/4312 733/4305
f 2260/358 2259/320 2333/378
f 2259/320 2152/382 2333/378
f 2149/4309 2332/4302 2173/4294
f 2138/380 2331/341 1944/340
f 2173/4294 2460/4306 2149/4309
f 748/4376 2330/4380 2329/4378
f 2328/4296 2170/4295 2167/4299
f 2481/4297 2173/4294 2328/4296
f 2167/4299 2327/4304 2328/4296
f 2186/4194 2194/4189 2188/4183
f 2436/4181 2326/4180 2199/4184
f 2199/4184 2326/4180 2195/4186
f 2199/4184 2325/4196 2421/4190
f 2198/605 2262/648 2197/622
f 2299/649 2177/606 2189/626
f 2334/681 2324/642 2280/660
f 2197/622 2324/642 2165/601
f 2280/660 2324/642 2197/622
f 2174/689 2176/718 2212/668
f 2200/628 737/629 2212/668
f 2186/541 2161/519 2194/563
f 2165/4323 2209/4312 2180/4322
f 2209/4312 2183/4311 2180/4322
f 2210/524 2211/567 2142/545
f 2464/4388 1827/4386 2207/4387
f 2165/4323 732/4316 2209/4312
f 748/4376 1829/4381 2330/4380
f 748/4376 2174/4379 1829/4381
f 2208/4300 2327/4304 2183/4311
f 731/4369 2334/4375 2175/4377
f 2206/4383 2207/4387 1828/4385
f 2206/4383 1829/4381 2174/4379
f 2205/492 2204/585 2147/557
f 2203/540 2202/579 2398/602
f 2212/668 2201/690 2200/628
f 2193/4195 2199/4184 2196/4191
f 2166/576 2198/605 2197/622
f 2171/476 2134/404 2168/452
f 2187/497 2185/565 2182/542
f 2195/4186 2193/4195 2196/4191
f 2195/4186 2194/4189 2193/4195
f 2193/4195 2325/4196 2199/4184
f 2199/4184 2195/4186 2196/4191
f 2194/563 2161/519 2193/538
f 2186/4194 2188/4183 2191/4198
f 2191/4198 2192/4203 2185/4201
f 2178/4925 2185/4926 2192/4927
f 2178/580 2192/666 2191/650
f 2178/580 2182/542 2185/565
f 2159/477 2187/497 2181/521
f 2158/453 2161/519 2187/497
f 2429/716 2190/665 2188/667
f 2194/4189 2195/4186 2188/4183
f 2190/665 2189/626 2188/667
f 2187/497 2186/541 2185/565
f 2212/668 737/629 2184/627
f 2183/4311 2169/4321 2180/4322
f 2179/566 2198/605 2166/576
f 2181/521 2182/542 2179/566
f 2169/518 2181/521 2180/562
f 2181/521 2166/576 2180/562
f 2177/606 2179/566 2178/580
f 2175/744 2335/731 2176/718
f 2174/4379 748/4376 2175/4377
f 2176/718 2174/689 2175/744
f 2206/651 2174/689 2212/668
f 2172/4298 2170/4295 2173/4294
f 2172/4298 2171/4303 2170/4295
f 2134/404 2133/403 2168/452
f 2169/4321 2183/4311 2160/4310
f 2167/494 2168/452 2160/495
f 2165/601 2180/562 2166/576
f 2165/601 2166/576 2197/622
f 2164/686 2163/740 943/741
f 2161/519 2158/453 2162/496
f 2161/519 2162/496 2193/538
f 2169/518 2160/495 2159/477
f 2133/403 1928/379 2157/426
f 2159/477 2133/403 2158/453
f 2156/451 2157/426 1926/402
f 2111/517 2155/536 2154/475
f 2158/453 2154/475 2162/496
f 2157/426 1928/379 1926/402
f 2152/382 2153/360 2136/405
f 2172/4298 2173/4294 2332/4302
f 2151/472 2341/424 708/430
f 2140/427 2138/380 2134/404
f 2149/4309 2150/4318 2134/4308
f 2150/4318 2140/4325 2134/4308
f 2134/4308 2332/4302 2149/4309
f 2136/405 708/430 2152/382
f 940/523 2148/546 2147/557
f 708/430 2136/405 2144/455
f 2146/478 2137/429 2139/428
f 2145/499 2210/524 2142/545
f 940/523 2145/499 2142/545
f 2145/499 707/480 2144/455
f 2143/479 2145/499 2144/455
f 2136/405 2143/479 2144/455
f 2142/545 2141/568 940/523
f 2139/428 2140/427 2146/478
f 2138/380 2140/427 2139/428
f 2138/380 2139/428 2135/381
f 2137/429 2135/381 2139/428
f 2135/381 2137/429 2136/405
f 2136/405 2153/360 2135/381
f 2135/381 2331/341 2138/380
f 2134/404 1944/340 2133/403
f 1953/300 1959/286 1958/262
f 2942/447 2984/469 2934/399
f 2271/318 1954/336 1953/300
f 945/4928 2270/4929 2205/4930
f 2270/607 2204/585 2205/492
f 2204/585 2448/597 2147/557
f 2266/630 2269/586 939/583
f 2168/452 2167/494 2171/476
f 2268/514 940/523 2147/557
f 2266/630 939/583 2267/652
f 2265/584 736/582 2142/545
f 2148/546 939/583 2269/586
f 2141/568 2142/545 736/582
f 939/583 2141/568 736/582
f 2206/651 2184/627 2207/581
f 2266/630 811/631 2269/586
f 2200/628 939/583 736/582
f 2184/627 737/629 2265/584
f 2264/747 2201/690 2366/746
f 2264/747 2361/767 2261/720
f 2262/648 2356/715 2263/687
f 2278/849 944/804 2291/827
f 2262/648 2263/687 2280/660
f 2201/690 2264/747 2261/720
f 2200/628 2201/690 2261/720
f 2299/649 2164/686 2290/647
f 2191/650 2188/667 2189/626
f 2178/580 2191/650 2189/626
f 2177/606 2178/580 2189/626
f 2259/320 2260/358 1949/338
f 2336/558 2268/514 2147/557
f 1951/301 2342/264 2259/320
f 2154/475 2157/426 2156/451
f 1944/340 1928/379 2133/403
f 2157/426 2158/453 2133/403
f 2133/403 2159/477 2168/452
f 2258/560 2155/536 2111/517
f 2257/917 2227/823 2256/890
f 2156/451 2110/493 2154/475
f 2068/619 2255/578 2258/560
f 2238/881 2254/903 2237/919
f 2227/823 2253/868 729/825
f 2251/738 2252/713 2384/664
f 2347/564 2202/579 2203/540
f 2415/682 2250/643 705/661
f 2251/738 723/763 2252/713
f 2240/869 2256/890 2227/823
f 2390/733 2415/682 704/707
f 2080/760 2079/735 2074/710
f 705/661 2250/643 2249/603
f 2249/603 2255/578 2068/619
f 2249/603 2250/643 2374/604
f 2065/641 2248/598 2113/617
f 2248/598 2115/575 2113/617
f 2062/618 2069/659 2068/619
f 1943/321 1927/339 1925/359
f 2156/451 2247/450 1923/474
f 2032/414 2122/489 2099/464
f 724/784 2246/781 2227/823
f 2227/823 2243/932 2245/894
f 2244/848 2282/850 2245/894
f 2279/920 2244/848 2245/894
f 2242/935 2243/932 2227/823
f 2237/919 2226/845 2239/915
f 2243/932 2277/950 2245/894
f 2227/823 2257/917 2242/935
f 2229/954 2232/918 2235/936
f 2229/954 2235/936 738/970
f 2233/2195 2241/2139 2231/2194
f 738/970 2235/936 163/969
f 2241/2139 2233/2195 170/2173
f 2232/918 2229/954 2231/952
f 2229/954 2233/976 2231/952
f 738/970 163/969 165/982
f 2232/918 2240/869 2319/891
f 2226/845 2314/822 2315/846
f 2237/4916 2239/4917 2238/4918
f 2238/881 2239/915 2226/845
f 2090/930 2225/929 2237/919
f 738/970 2236/983 2228/977
f 2237/919 2254/903 2090/930
f 2234/948 163/969 2235/936
f 2235/936 2319/891 2234/948
f 2225/929 2319/891 2237/919
f 2233/976 2228/977 2236/983
f 2230/916 2240/869 2232/918
f 2232/918 2231/952 2230/916
f 2231/952 2313/967 2230/916
f 2229/954 2228/977 2233/976
f 2227/823 2226/845 2240/869
f 2229/954 738/970 2228/977
f 2085/889 2224/913 2225/929
f 2213/4539 2219/4543 2216/4541
f 2097/4329 2081/4331 2077/4332
f 2086/867 2220/912 2224/913
f 52/989 739/975 2223/981
f 2215/801 2080/760 2072/779
f 2222/842 2221/819 2095/865
f 2089/866 2219/911 2220/912
f 2219/911 2214/946 2220/912
f 2218/843 2089/866 2096/820
f 479/4540 2217/4536 2216/4541
f 2218/843 2096/820 2215/801
f 2219/911 2213/963 2214/946
f 739/975 2213/963 2223/981
f 706/4341 717/4343 703/4345
f 2089/866 2220/912 2086/867
f 475/818 513/840 2072/779
f 2094/841 2072/779 513/840
f 2410/4333 2097/4329 2083/4335
f 2097/802 2098/821 2083/844
f 2098/821 2097/802 2080/760
f 2098/821 2096/820 2086/867
f 2096/820 2080/760 2215/801
f 2095/865 2094/841 513/840
f 2095/865 444/886 2093/888
f 2094/841 2095/865 2221/819
f 2405/910 2088/887 2222/842
f 2216/4541 2217/4536 2213/4539
f 2090/930 2092/940 2084/914
f 2092/940 2091/931 2084/914
f 2090/930 2084/914 2085/889
f 2224/913 2220/912 2404/947
f 2088/887 2219/911 2089/866
f 2088/887 2089/866 2218/843
f 2087/999 468/1019 512/1010
f 2217/4536 479/4540 2087/4537
f 2086/867 2085/889 2083/844
f 2086/867 2224/913 2085/889
f 2085/889 2084/914 2083/844
f 2079/735 895/711 2073/684
f 507/734 2074/710 2067/663
f 301/759 481/778 2074/710
f 705/661 2082/644 2073/684
f 2413/4339 2078/4338 2076/4334
f 2076/4334 2081/4331 2408/4330
f 2080/760 2097/802 2077/780
f 2079/735 2077/780 2078/761
f 2077/4332 2076/4334 2078/4338
f 2081/4331 2076/4334 2077/4332
f 2075/4342 717/4343 706/4341
f 2080/760 2077/780 2079/735
f 2074/710 2072/779 2080/760
f 2074/710 2073/684 2067/663
f 481/778 2072/779 2074/710
f 2079/735 2073/684 2074/710
f 301/759 2074/710 507/734
f 505/756 506/776 507/734
f 507/734 2067/663 505/756
f 2067/663 2066/729 505/756
f 305/678 2061/636 497/613
f 497/613 2071/614 2070/592
f 2069/659 502/705 501/706
f 2068/619 2069/659 2067/663
f 2082/644 2068/619 2067/663
f 2066/729 2067/663 501/706
f 2063/593 2065/641 2064/637
f 2082/644 705/661 2249/603
f 2069/659 501/706 2067/663
f 2061/636 503/680 2062/618
f 306/704 503/680 2061/636
f 306/704 2061/636 305/678
f 2020/2856 2027/2836 2059/2871
f 1992/2904 2029/2854 408/2885
f 727/438 2058/507 2060/505
f 727/438 2060/505 2033/485
f 1994/392 1993/390 2006/331
f 727/438 2059/486 2058/507
f 779/179 1878/163 1896/147
f 2036/506 2035/487 728/439
f 2055/4570 970/4567 2057/4566
f 1997/370 1994/392 2006/331
f 2041/509 794/463 2056/532
f 2044/515 2055/574 2052/559
f 968/4568 2054/4572 2053/4569
f 2050/413 2049/436 2022/460
f 2043/516 2052/559 2051/537
f 2050/413 2017/368 2049/436
f 2023/417 1996/441 1995/393
f 2021/4601 2048/4594 2019/4597
f 2045/621 2047/615 2046/640
f 709/473 2044/515 2043/516
f 1923/474 709/473 2043/516
f 2008/4585 2042/4582 2112/4584
f 2010/2704 2132/2647 2131/2703
f 927/314 1931/296 2006/331
f 2004/2674 2012/2649 2625/2624
f 2130/2734 2576/2648 764/2705
f 1998/349 2024/412 2023/417
f 1999/2813 763/2766 2129/2812
f 2050/413 2000/389 2017/368
f 2000/389 2003/352 2017/368
f 2035/487 794/463 728/439
f 793/508 2126/552 2056/532
f 2025/2735 792/2793 763/2766
f 2007/328 1999/367 1998/349
f 2027/2836 2128/2855 2059/2871
f 763/2766 792/2793 2129/2812
f 2029/2854 1992/2904 2060/2886
f 2058/2887 2128/2855 2060/2886
f 702/531 495/551 793/508
f 2036/506 728/439 2033/485
f 2040/553 2056/532 2126/552
f 2125/533 2040/553 2127/555
f 497/613 2070/592 495/551
f 2061/636 2063/593 2071/614
f 2126/552 2071/614 2063/593
f 2071/614 2126/552 2070/592
f 795/530 702/531 2035/487
f 2126/552 793/508 495/551
f 794/463 2032/414 728/439
f 2041/509 2125/533 2121/488
f 2032/414 2049/436 2017/368
f 2118/561 2123/599 2124/620
f 2114/600 2045/621 2046/640
f 2123/4577 2057/4566 2124/4573
f 2057/4566 2053/4569 2124/4573
f 497/613 2061/636 2071/614
f 2046/640 2064/637 2113/617
f 2045/621 2114/600 2118/561
f 2108/4575 970/4567 2055/4570
f 2052/559 2123/599 2118/561
f 2121/488 2122/489 2032/414
f 2120/595 2047/615 2119/638
f 2107/467 2013/418 2009/468
f 2052/559 2118/561 2051/537
f 2055/4570 2057/4566 2052/4574
f 2051/537 2110/493 2043/516
f 710/491 2117/513 2044/515
f 2047/615 2045/621 2119/638
f 1945/444 2116/396 1843/394
f 2009/468 2008/511 2112/512
f 2099/464 2022/460 2049/436
f 2115/575 2114/600 2113/617
f 2118/561 2111/517 2051/537
f 2046/640 2100/596 2064/637
f 2120/595 2101/573 2047/615
f 2044/515 2117/513 2109/556
f 2099/464 2048/527 2021/503
f 2044/515 2109/556 2055/574
f 2001/415 2002/437 2014/465
f 2112/512 2117/513 2107/467
f 2110/493 2156/451 1923/474
f 2014/4596 2103/4593 2031/4599
f 2111/517 2110/493 2051/537
f 2110/493 1923/474 2043/516
f 2042/4582 2109/4578 2112/4584
f 2109/4578 2042/4582 2108/4575
f 2105/4592 2031/4599 2103/4593
f 2013/418 2107/467 1844/443
f 2107/467 710/491 1844/443
f 2112/512 2107/467 2009/468
f 2102/4595 2038/4602 2039/4598
f 952/371 953/442 2013/418
f 2106/4586 2105/4592 2103/4593
f 2015/4590 2104/4587 2106/4586
f 2008/4603 2031/4599 2105/4592
f 2108/4575 2042/4582 2105/4583
f 2015/4590 2048/4594 2104/4587
f 2015/4590 2106/4586 2103/4593
f 2048/4594 2038/4602 2102/4595
f 2114/600 2115/575 2118/561
f 2100/596 2047/615 2101/573
f 2127/555 2100/596 2101/573
f 2099/464 2038/534 2048/527
f 2114/600 2046/640 2113/617
f 2037/510 2125/533 2127/555
f 2040/553 2936/594 2127/555
f 2936/594 2063/593 2064/637
f 2113/617 2064/637 2065/641
f 2040/553 2125/533 2041/509
f 2121/488 2125/533 2122/489
f 2037/510 2039/554 2038/534
f 2037/510 2038/534 2099/464
f 2036/506 2033/485 636/529
f 793/508 2035/487 702/531
f 2101/573 2039/554 2037/510
f 2034/440 1994/392 1995/393
f 1994/392 1997/370 1995/393
f 636/529 2033/485 406/549
f 728/439 2032/414 1993/390
f 2128/2855 2058/2887 2059/2871
f 2001/415 2014/465 2031/490
f 1995/393 1998/349 2023/417
f 2029/2854 2030/2835 307/2853
f 2027/2836 2028/2791 757/2810
f 757/2810 2128/2855 2027/2836
f 829/2792 791/2811 2026/2731
f 791/2811 2025/2735 2026/2731
f 2023/2838 2024/2839 792/2793
f 791/2811 1996/2837 2023/2838
f 2016/484 2014/465 2002/437
f 2018/461 2050/413 2022/460
f 2018/461 2022/460 2021/503
f 2020/462 2059/486 727/438
f 2018/461 2019/504 2016/484
f 1993/390 2017/368 2006/331
f 2014/4596 2016/4600 2015/4590
f 2103/4593 2014/4596 2015/4590
f 1843/394 952/371 2013/418
f 2016/484 2002/437 2018/461
f 1893/2706 2012/2649 2004/2674
f 952/371 1843/394 1845/353
f 1843/394 2116/396 1845/353
f 2010/350 2005/294 2011/329
f 790/242 1990/276 2005/294
f 2009/468 2013/418 953/442
f 953/442 2001/415 2009/468
f 2008/511 2009/468 2001/415
f 2021/503 2019/504 2018/461
f 2007/328 1998/349 1931/296
f 2007/328 2005/294 2130/348
f 2010/2704 2011/2672 2132/2647
f 2006/331 1931/296 1998/349
f 1999/367 2129/388 1998/349
f 2005/294 2004/311 2011/329
f 2005/294 1990/276 2004/311
f 926/369 2003/352 2000/389
f 2001/415 951/416 926/369
f 2000/389 2050/413 2002/437
f 2000/389 2002/437 2001/415
f 2007/328 765/366 1999/367
f 2006/331 1998/349 1997/370
f 2005/294 2007/328 1931/296
f 792/2793 2024/2839 2129/2812
f 1996/2837 791/2811 829/2792
f 1996/441 830/466 1995/393
f 2020/462 727/438 1994/392
f 1995/393 1997/370 1998/349
f 1995/393 830/466 2034/440
f 1993/390 1994/392 727/438
f 757/2810 2030/2835 2029/2854
f 1992/528 406/549 2033/485
f 2580/2799 1974/2748 2581/2749
f 1964/93 766/64 1965/92
f 1963/2823 1962/2859 1961/2873
f 1971/239 1914/205 1913/225
f 1911/2860 1979/2910 2594/2892
f 1968/2821 1982/2820 1973/2798
f 760/241 1885/243 788/227
f 2589/2719 2585/2752 1971/2778
f 1941/361 1866/322 1920/342
f 787/207 762/258 760/241
f 1990/276 1895/277 1893/310
f 1964/93 1896/147 1877/127
f 782/226 1890/206 1991/240
f 1895/277 1969/256 2582/295
f 1990/276 790/242 1991/240
f 1892/228 1868/260 785/245
f 1851/333 1837/334 1850/373
f 1842/304 1868/260 1989/299
f 1966/146 1964/93 1917/126
f 1900/128 1884/164 1881/165
f 1903/54 2599/36 786/44
f 1988/183 1897/152 1864/195
f 1875/80 1880/107 1987/81
f 1880/107 1986/130 1987/81
f 1986/130 1879/108 1987/81
f 1979/2910 1980/2941 1984/2942
f 768/53 766/64 1985/43
f 1976/2963 775/2950 1906/2962
f 1977/2926 1910/2907 1975/2938
f 1906/124 776/77 1976/103
f 1983/2959 1907/2952 1984/2942
f 2937/125 1975/145 1910/159
f 766/64 1964/93 1876/79
f 1980/144 1905/105 1983/104
f 1962/2859 1963/2823 1982/2820
f 1981/65 1875/80 2629/55
f 1904/2928 1980/2941 1979/2910
f 1909/75 776/77 1978/52
f 1909/75 2978/63 4029/91
f 1903/54 1875/80 1981/65
f 776/4850 1907/4851 1983/4852
f 1898/169 1901/166 1881/165
f 1911/2860 1977/2926 1975/2938
f 1911/2860 1904/2928 1979/2910
f 1905/105 1965/92 767/78
f 4052/123 1909/75 4056/143
f 1902/106 1876/79 1964/93
f 1975/2938 1904/2928 1911/2860
f 1917/126 1964/93 1965/92
f 1964/93 1967/161 1968/177
f 1915/189 1913/225 1914/205
f 1972/2774 1974/2748 1973/2798
f 1971/2778 1912/2819 2581/2749
f 1970/275 1969/256 2586/238
f 1915/189 1968/177 2580/204
f 1968/177 1891/162 1964/93
f 1972/2774 1973/2798 1982/2820
f 1966/146 1961/175 1962/176
f 1962/176 1967/161 1966/146
f 1961/2873 1918/2906 1919/2874
f 1916/2891 1919/2874 1918/2906
f 1918/160 1917/126 1916/174
f 1917/126 1910/159 1916/174
f 1966/146 1918/160 1961/175
f 1982/2820 1968/2821 1962/2859
f 1974/2748 1968/2821 1973/2798
f 1891/162 1915/189 1914/205
f 1913/225 1912/237 1971/239
f 1913/225 1915/189 1912/237
f 1970/2736 2585/2752 2588/2662
f 1966/146 1967/161 1964/93
f 1910/2907 1977/2926 1911/2860
f 1911/2860 1916/2891 1910/2907
f 758/192 1884/164 1878/163
f 1908/2929 1907/2952 773/2951
f 1908/2929 1984/2942 1907/2952
f 776/4850 1906/4853 1907/4851
f 1906/2962 775/2950 773/2951
f 1983/2959 1984/2942 1980/2941
f 1904/158 1975/145 1905/105
f 1905/105 1980/144 1904/158
f 1876/79 1903/54 766/64
f 2629/55 1987/81 3569/66
f 1964/93 1877/127 1902/106
f 223/109 2628/132 1870/150
f 1902/106 1900/128 1875/80
f 1898/169 1873/153 1901/166
f 1870/150 1880/107 1872/148
f 1901/166 1873/153 1872/148
f 1872/148 1899/129 1901/166
f 1900/128 1881/165 1899/129
f 1899/129 1875/80 1900/128
f 1874/111 1898/169 1897/152
f 1897/152 1898/169 759/182
f 1892/228 785/245 1883/191
f 779/179 1883/191 1878/163
f 1851/333 1860/351 1853/317
f 1891/162 958/178 1896/147
f 1893/2706 1895/2738 1894/2708
f 1991/240 1890/206 1969/256
f 1970/275 2584/293 1969/256
f 1883/191 784/229 1882/210
f 1868/260 1892/228 1888/261
f 1889/244 1885/243 781/280
f 1862/259 789/278 787/207
f 1890/206 783/190 1891/162
f 779/179 1896/147 958/178
f 1888/261 1892/228 1889/244
f 1852/298 1848/315 1837/334
f 790/242 1887/281 1862/259
f 1886/313 781/280 761/279
f 778/208 788/227 1885/243
f 1889/244 778/208 1885/243
f 1900/128 1877/127 1884/164
f 1883/191 780/209 1892/228
f 1883/191 1882/210 1878/163
f 1884/164 758/192 1881/165
f 1882/210 758/192 1878/163
f 1879/108 1986/130 1880/107
f 1896/147 1878/163 1877/127
f 1878/163 1884/164 1877/127
f 1875/80 1903/54 1876/79
f 1881/165 1901/166 1899/129
f 1874/111 225/131 1873/153
f 1875/80 1899/129 1880/107
f 1871/149 1873/153 225/131
f 1873/153 1871/149 1872/148
f 1870/150 1872/148 1871/149
f 1870/150 1871/149 223/109
f 1868/260 1859/287 1869/249
f 1865/285 1867/303 1866/322
f 1863/213 1864/195 784/229
f 1897/152 1988/183 1933/167
f 789/278 1862/259 1852/298
f 1938/180 1861/193 1855/212
f 1850/373 1860/351 1851/333
f 1838/323 1860/351 1850/373
f 1859/287 1868/260 1842/304
f 789/278 1853/317 1841/312
f 1840/383 1858/419 1857/431
f 1856/372 1849/395 1837/334
f 1854/214 2446/247 1855/212
f 1988/183 1864/195 1863/213
f 1868/260 1888/261 1989/299
f 1852/298 1853/317 789/278
f 1852/298 1851/333 1853/317
f 1849/395 1840/383 1838/323
f 1838/323 1850/373 1849/395
f 1850/373 1837/334 1849/395
f 1847/297 1836/332 1848/315
f 1845/353 1846/316 927/314
f 2013/418 1844/443 1843/394
f 1838/323 1842/304 1841/312
f 1838/323 1840/383 1839/362
f 1840/383 1849/395 1858/419
f 1836/332 1856/372 1837/334
f 1848/315 1836/332 1837/334
f 1869/249 1854/214 1863/213
f 1863/213 1868/260 1869/249
f 2461/4425 2549/4429 2465/4431
f 2548/248 1960/265 1959/286
f 1935/246 1958/262 1937/211
f 1950/4437 1939/4442 1951/4439
f 1950/4437 1957/4440 1939/4442
f 1947/4445 2447/4446 1956/4447
f 2271/318 1953/300 2344/282
f 1960/265 1958/262 1959/286
f 1954/336 2343/355 1955/375
f 3609/376 1954/336 1955/375
f 1936/230 1940/284 1947/263
f 1952/337 1959/286 1953/300
f 1958/262 1935/246 2344/282
f 1935/246 1947/263 1956/283
f 1951/4439 1949/4434 1950/4437
f 1949/4434 1948/4432 1950/4437
f 1939/4442 1957/4440 1947/4445
f 1949/4434 2260/4427 1948/4432
f 1865/285 2446/247 1869/249
f 1922/406 1930/407 1946/456
f 1929/449 1946/456 1844/443
f 1946/456 1945/444 1844/443
f 1941/361 1839/362 1922/406
f 1930/407 1922/406 1839/362
f 1857/431 1946/456 1930/407
f 2153/360 2259/320 2331/341
f 1949/338 1951/301 2259/320
f 1944/340 2331/341 1942/302
f 1936/230 2446/247 2342/264
f 1927/339 1943/321 1865/285
f 1944/340 1943/321 1925/359
f 1941/361 1921/401 1925/359
f 710/491 1929/449 1844/443
f 1865/285 1943/321 1942/302
f 1927/339 1941/361 1925/359
f 1939/4442 1947/4445 1940/4443
f 1939/4442 1940/4443 1951/4439
f 1937/211 1938/180 1936/230
f 2457/305 1867/303 1869/249
f 1865/285 1869/249 1867/303
f 1937/211 1936/230 1935/246
f 2445/181 1938/180 1937/211
f 1934/151 1933/167 1938/180
f 2938/110 1933/167 1934/151
f 1842/304 1838/323 1859/287
f 761/279 1841/312 1932/330
f 1932/330 1886/313 761/279
f 1845/353 1836/332 1846/316
f 1852/298 1862/259 1848/315
f 1887/281 1846/316 1847/297
f 1862/259 1887/281 1847/297
f 927/314 1887/281 1931/296
f 1839/362 1840/383 1930/407
f 1857/431 1930/407 1840/383
f 1924/425 1921/401 1929/449
f 1928/379 1944/340 1925/359
f 1866/322 1941/361 1927/339
f 1927/339 1865/285 1866/322
f 1926/402 1925/359 1924/425
f 2247/450 2156/451 1926/402
f 1923/474 2247/450 1924/425
f 1922/406 1921/401 1941/361
f 1841/312 1860/351 1838/323
f 1920/342 1839/362 1941/361
f 785/245 1868/260 1863/213
f 1943/321 1944/340 1942/302
f 1723/3834 553/3832 377/3843
f 1556/2312 1557/2352 1547/2343
f 1611/3071 1788/3108 1120/3109
f 1135/3226 1133/3227 1220/3228
f 1302/3089 1144/3102 1139/3114
f 1319/1707 1433/1782 1314/1756
f 1396/1491 1373/1466 1372/1446
f 1467/2757 1589/2785 1582/2694
f 1771/3773 1769/3795 1251/3785
f 1834/1719 2442/1718 1835/1743
f 2365/1699 1834/1719 1835/1743
f 1830/1529 1833/1585 1832/1559
f 1831/1505 1830/1529 1832/1559
f 2449/4438 2506/4441 2508/4435
f 1827/4386 1829/4381 1828/4385
f 4059/3121 1599/3095 4060/3138
f 1629/2619 1487/2572 1521/2571
f 1156/2982 1797/2994 1605/2987
f 2546/2876 1826/2863 804/2825
f 1130/3251 1129/3238 1155/3243
f 1500/1759 1018/1811 1095/1787
f 1200/2985 1101/2976 1165/2980
f 1580/2723 1587/2693 2896/2721
f 2458/445 2116/396 1945/444
f 1823/2417 1822/2443 929/2429
f 1819/2671 1821/2701 1820/2733
f 2912/2507 2913/2525 2924/2548
f 1751/2447 1734/2479 1759/2462
f 1216/3209 1209/3206 1225/3204
f 331/3806 561/3822 1775/3816
f 986/2523 1818/2490 1784/2476
f 1752/2421 1762/2446 1757/2422
f 1761/2406 1803/2416 1745/2427
f 1817/3808 1767/3792 1765/3807
f 1748/3793 1767/3792 1817/3808
f 1818/2490 986/2523 2861/2524
f 2912/2507 2828/2504 2837/2502
f 691/3106 1736/3118 1739/3079
f 1131/3051 1778/3065 1709/3025
f 1777/3006 1621/3007 1116/2997
f 1709/3025 1778/3065 1711/3066
f 1267/1999 1235/2000 1237/1982
f 1724/3823 1729/3809 1817/3808
f 1070/3684 1040/3672 1060/3670
f 1303/3076 1118/3037 1796/3075
f 1055/3629 1011/3634 1816/3623
f 1215/3231 1297/3241 1219/3235
f 1508/1670 1578/1735 1446/1712
f 202/4036 158/4035 160/4052
f 158/4035 1045/4034 994/4051
f 2751/3548 2689/3545 2690/3542
f 1806/1290 3383/1309 1807/1330
f 1632/3576 1633/3580 1815/3577
f 1632/3576 1814/3572 1813/3574
f 1335/1620 1315/1667 1346/1649
f 1343/1564 1348/1513 1518/1538
f 126/2095 1241/2071 130/2055
f 126/2095 48/2072 1241/2071
f 1226/2046 1812/2025 1229/2016
f 1395/1402 1069/1367 1393/1383
f 1569/1730 1559/1754 1811/1778
f 991/3365 109/3370 155/3379
f 1398/1709 1510/1692 1347/1668
f 109/3370 991/3365 997/3359
f 1502/1948 1407/1937 1499/1947
f 1052/3358 1053/3361 1080/3367
f 1020/3399 1021/3398 1824/3374
f 104/3376 998/3362 999/3388
f 1083/3353 992/3356 1010/3347
f 1080/3367 1085/3372 1052/3358
f 998/3362 1082/3368 1824/3374
f 1036/3990 1029/3983 3380/3980
f 993/4025 1045/4034 1044/4020
f 3333/3342 1003/3343 1010/3347
f 1080/3367 1464/3383 1074/3396
f 1034/4003 1047/4002 1059/4007
f 1048/4906 1070/4907 1825/4908
f 1062/1427 1825/1403 1069/1367
f 1463/1426 1069/1367 1395/1402
f 1395/1402 1072/1447 1463/1426
f 1082/3368 1022/3385 1824/3374
f 1070/3684 1060/3670 1078/3685
f 1682/2334 1654/2291 1678/2316
f 1067/1348 1076/1329 1388/1325
f 1262/4548 1419/4549 1418/4550
f 1459/1517 1509/1568 1805/1569
f 1454/1468 1086/1469 1395/1402
f 998/3362 1824/3374 1000/3386
f 1454/1468 1459/1517 1086/1469
f 1360/1955 1412/1969 1497/1956
f 130/2055 1241/2071 1236/2045
f 1028/2033 1234/1992 1812/2025
f 1229/2016 1812/2025 1228/2017
f 1501/1963 1232/1975 1505/1965
f 922/2841 2917/2890 2919/2898
f 1328/1283 1327/1322 1325/1304
f 1138/3162 1191/3131 641/3148
f 1216/3266 1213/3247 599/3256
f 2893/2384 690/2386 689/2387
f 1297/3241 1215/3231 1213/3247
f 1176/3200 1304/3192 1224/3199
f 597/3246 1214/3240 1134/3230
f 801/2867 899/2828 1475/2846
f 892/2418 2901/2413 1756/2412
f 1529/1397 1681/1361 1574/1418
f 1611/3071 1120/3109 1781/3096
f 1160/3019 1276/3047 1798/3046
f 1148/3036 1746/3023 1278/3004
f 1131/3051 1188/3078 1778/3065
f 1620/3005 1132/3024 1743/3038
f 1709/3025 1777/3006 1620/3005
f 1300/3101 1796/3075 1514/3088
f 1485/2516 1483/2500 1779/2531
f 1019/1830 1018/1811 1500/1759
f 1168/3032 1798/3046 1166/3059
f 1172/3087 1158/3127 1274/3126
f 1172/3087 1121/3111 1158/3127
f 1710/3090 1188/3078 1150/3104
f 1282/3003 1797/2994 1283/3002
f 1514/3088 1796/3075 1513/3062
f 1298/3229 1514/3233 1135/3226
f 1171/3001 1283/3002 1156/2982
f 1708/3052 1742/3091 1745/3093
f 4063/3244 1129/3238 4064/3252
f 1129/3238 1136/3234 1135/3226
f 606/3207 604/3215 1205/3208
f 1292/3257 1211/3267 1201/3278
f 1713/2587 1719/2566 1795/2565
f 2699/1855 2809/1838 2749/1818
f 1268/2110 1489/2131 1265/2087
f 1235/2000 1267/1999 1229/2016
f 1362/1878 1406/1895 1519/1865
f 1448/1907 1519/1865 1406/1895
f 662/4812 1435/4813 1507/4814
f 1428/1968 1412/1969 1360/1955
f 1428/1968 1263/1989 1437/1981
f 1267/1999 1254/2024 1229/2016
f 1747/3777 1772/3772 1774/3768
f 562/3790 1716/3781 1270/3771
f 1367/1694 1449/1651 1368/1669
f 1267/1999 1237/1982 1415/1985
f 1422/4668 1431/4669 1434/4670
f 1674/2232 1666/2233 1679/2272
f 1787/4774 1763/4775 1762/4776
f 1356/1364 1379/1347 1381/1305
f 1205/3788 1208/3775 1179/3779
f 1259/2042 1266/2067 644/2054
f 1652/2234 1648/2275 1647/2296
f 1508/1670 1369/1671 1366/1713
f 1569/1730 1811/1778 1560/1805
f 1495/1731 1309/1755 1319/1707
f 1810/1380 886/1420 1809/1395
f 1091/1652 1805/1569 1450/1622
f 1510/1692 1398/1709 1367/1694
f 1414/1974 1273/1991 1233/1983
f 1233/1983 1501/1963 1414/1974
f 1025/3416 1017/3411 1445/3420
f 1347/1668 1324/1691 701/1710
f 1367/1694 1359/1693 1510/1692
f 1576/1318 1573/1321 1808/1301
f 1518/1538 1340/1537 660/1594
f 1353/1423 1349/1490 659/1467
f 1807/1330 1076/1329 1806/1290
f 1392/1382 1356/1364 1377/1401
f 1439/2250 1670/2274 1666/2233
f 1375/1265 1387/1264 1325/1304
f 1459/1517 1455/1542 1509/1568
f 1053/3361 1079/3371 1080/3367
f 1087/3395 1805/3406 1091/3401
f 1453/1829 1447/1864 1019/1830
f 1515/4910 1578/4911 1320/4912
f 1089/3394 1805/3406 1087/3395
f 1067/1348 1390/1365 1393/1383
f 1463/1426 1075/1471 1062/1427
f 1087/3395 1090/3382 1089/3394
f 1088/3397 1092/3402 1094/3408
f 1272/2001 1231/1990 1234/1992
f 1516/1786 1578/1735 1515/1809
f 1154/3020 1283/3002 1171/3001
f 1683/1440 1694/1393 1691/1442
f 2804/2167 2799/2208 2800/2185
f 1783/3177 1593/3181 4066/3188
f 1688/1378 1694/1393 1689/1416
f 2893/2384 2883/2390 2884/2392
f 667/2439 1744/2441 1803/2416
f 903/2451 1802/2414 1801/2437
f 1100/2981 1162/3000 1606/2993
f 1629/2619 1521/2571 1618/2596
f 957/2425 1801/2437 1802/2414
f 2919/2898 1598/2882 1466/2866
f 1604/3043 1197/3018 1629/3017
f 2795/2227 1800/2246 1799/2266
f 1800/2246 873/2286 1799/2266
f 1467/2757 1586/2830 1588/2806
f 1615/3044 1197/3018 1603/3056
f 4070/3122 1120/3109 4071/3140
f 1607/2999 1200/2985 1608/2991
f 1794/2831 1589/2785 1614/2847
f 1625/2992 1607/2999 1613/3010
f 1611/3071 1599/3095 1788/3108
f 1169/3045 1198/3009 1199/3029
f 1653/2314 1656/2292 1675/2249
f 1789/3557 1793/3552 828/3555
f 1563/2361 1323/2353 1423/2368
f 1528/1511 1341/1562 1351/1510
f 1344/1690 1569/1730 1495/1731
f 1570/1706 1345/1689 661/1647
f 672/1774 1704/1750 1707/1802
f 661/1647 1337/1593 1535/1619
f 886/1420 2859/1441 1809/1395
f 1792/3561 1789/3557 827/3558
f 828/3555 827/3558 1789/3557
f 1381/1305 1462/1346 1356/1364
f 1703/1646 1791/1618 1687/1588
f 2855/1560 2848/1587 675/1533
f 2842/3575 1814/3572 2813/3573
f 1636/2248 1790/2330 677/2313
f 1633/3580 1635/3582 1634/3583
f 1541/1824 1559/1754 1552/1804
f 1670/2274 864/2293 1678/2316
f 1726/2589 1662/2604 1728/2563
f 874/2310 1647/2296 1648/2275
f 1789/3557 2808/3563 870/3562
f 1716/3781 1768/3798 1766/3791
f 2870/2461 2873/2492 2894/2491
f 1553/2318 1650/2295 1682/2334
f 1173/3239 1136/3234 4063/3244
f 1299/3786 1178/3774 1776/3778
f 1178/3774 1183/3769 1776/3778
f 1780/3097 1781/3096 4076/3123
f 1120/3109 1788/3108 4078/3139
f 1591/3119 1595/3107 1614/3083
f 1609/3098 1610/3084 1780/3097
f 1109/3110 1609/3098 4069/3124
f 1782/3168 1597/3136 1594/3176
f 4084/3153 1596/3137 4085/3169
f 1614/3083 1595/3107 1599/3095
f 4085/3169 1783/3177 4087/3182
f 1198/3009 1169/3045 1111/3030
f 1593/3181 1783/3177 1782/3168
f 1169/3045 1159/3074 1110/3058
f 1783/3177 1596/3137 1782/3168
f 1612/3072 1781/3096 1780/3097
f 1579/2554 1485/2516 1779/2531
f 1781/3096 1612/3072 1611/3071
f 1595/3107 1591/3119 1597/3136
f 1597/2848 1588/2806 1594/2849
f 1593/2883 898/2868 4082/2901
f 1751/2447 1741/2428 1735/2464
f 1760/2448 1763/2477 1787/2460
f 1727/2508 1784/2476 1720/2493
f 1776/3778 1251/3785 1299/3786
f 691/3106 1739/3079 686/3092
f 1762/2446 1759/2462 1784/2476
f 1787/2460 1762/2446 1784/2476
f 1415/1985 1237/1982 1503/1970
f 1785/2653 378/2677 379/2711
f 1772/3772 1773/3765 1774/3768
f 1785/2653 1786/2606 887/2605
f 1659/2584 1728/2563 1662/2604
f 1748/3793 1817/3808 1729/3809
f 1784/2476 1727/2508 985/2528
f 1728/2563 1659/2584 986/2523
f 1659/2584 887/2605 986/2523
f 1762/2446 1763/2477 1758/2463
f 1740/2440 1741/2428 1761/2406
f 1720/2493 1784/2476 1759/2462
f 1752/2421 1755/2411 1741/2428
f 1730/2527 1727/2508 1720/2493
f 877/2252 2841/2213 2865/2253
f 1763/2477 1760/2448 1758/2463
f 889/2405 1754/2398 1480/2393
f 1762/2446 1752/2421 1759/2462
f 1762/2446 1758/2463 1757/2422
f 1760/2448 1757/2422 1758/2463
f 1753/2402 1757/2422 1756/2412
f 1756/2412 891/2395 1753/2402
f 1753/2402 1755/2411 1752/2421
f 1754/2398 1761/2406 688/2389
f 688/2389 1755/2411 1753/2402
f 1278/3004 1605/2987 1282/3003
f 1751/2447 1752/2421 1741/2428
f 889/2405 697/2415 1754/2398
f 1751/2447 1759/2462 1752/2421
f 1733/2478 1734/2479 1751/2447
f 1708/3052 1711/3066 1739/3079
f 1740/2440 1761/2406 1745/2427
f 1755/2411 1761/2406 1741/2428
f 1750/3054 1491/3069 1490/3041
f 1708/3052 1744/3080 1628/3067
f 1137/3161 1143/3129 1290/3149
f 1131/3051 1127/3064 1146/3077
f 1747/3777 1749/3782 1748/3793
f 1118/3037 1196/3014 1746/3023
f 1708/3052 1745/3093 1744/3080
f 695/2996 1620/3005 1099/2989
f 1620/3005 1743/3038 1709/3025
f 1709/3025 1743/3038 1131/3051
f 1627/3040 1708/3052 1628/3067
f 1740/3105 1745/3093 1742/3091
f 1278/3004 1746/3023 1196/3014
f 1741/2428 1737/2455 1735/2464
f 1745/2427 1803/2416 1744/2441
f 1741/2428 1740/2440 1737/2455
f 1740/3105 1742/3091 1739/3079
f 1739/3079 1737/3116 1740/3105
f 1716/3781 1738/3776 1270/3771
f 1735/2464 1737/2455 1736/2486
f 1737/3116 1739/3079 1736/3118
f 1731/2510 1733/2478 1736/2486
f 1732/2529 1715/2550 1714/2530
f 1736/3118 691/3106 1731/3135
f 1733/2478 1731/2510 1732/2529
f 1715/2550 1732/2529 1731/2510
f 1735/2464 1736/2486 1733/2478
f 1720/2493 1734/2479 1721/2509
f 1733/2478 1721/2509 1734/2479
f 1732/2529 1721/2509 1733/2478
f 687/3117 1715/3152 1731/3135
f 1719/2566 1725/2549 1730/2527
f 1725/2549 1718/2588 1729/2609
f 1728/2563 985/2528 1725/2549
f 1727/2508 1725/2549 985/2528
f 1726/2589 1725/2549 1729/2609
f 1726/2589 1728/2563 1725/2549
f 1722/3829 1729/3809 1724/3823
f 561/3822 1723/3834 1724/3823
f 1722/3829 1724/3823 1723/3834
f 1208/3775 639/3780 1270/3771
f 1208/3775 1205/3788 639/3780
f 1795/2565 1719/2566 1730/2527
f 1720/2493 1721/2509 1714/2530
f 1730/2527 1720/2493 1714/2530
f 1725/2549 1719/2566 1718/2588
f 1725/2549 1727/2508 1730/2527
f 1716/3781 562/3790 1717/3797
f 1715/2550 1713/2587 1714/2530
f 1712/3166 1713/3167 687/3117
f 1713/2587 1795/2565 1714/2530
f 1713/3167 1715/3152 687/3117
f 1710/3090 686/3092 1711/3066
f 1188/3078 1131/3051 1146/3077
f 1141/3802 1142/3817 1191/3812
f 1708/3052 1627/3040 1709/3025
f 1441/2009 1256/2004 1242/1994
f 1626/3053 1492/3081 1750/3054
f 1750/3054 1623/3026 1626/3053
f 1482/2484 1488/2539 1624/2540
f 1101/2976 1102/2973 1113/2972
f 1189/3801 1251/3785 1769/3795
f 1708/3052 1709/3025 1711/3066
f 1621/3007 1709/3025 1627/3040
f 1711/3066 1778/3065 1710/3090
f 1131/3051 1743/3038 1132/3024
f 1709/3025 1621/3007 1777/3006
f 1440/2193 1264/2151 1269/2150
f 687/3117 1770/3151 1712/3166
f 1278/3004 888/2995 1147/2988
f 1165/2980 1101/2976 1113/2972
f 1113/2972 1619/2984 1165/2980
f 1162/3000 1625/2992 1163/3011
f 1156/2982 1103/2986 1606/2993
f 1374/2977 1103/2986 1156/2982
f 1285/3237 1155/3243 1135/3226
f 1777/3006 1116/2997 1099/2989
f 1118/3037 1149/3050 1513/3062
f 1746/3023 1149/3050 1118/3037
f 1188/3078 1710/3090 1778/3065
f 1302/3089 642/3103 1146/3077
f 1144/3102 1279/3130 1139/3114
f 1440/2193 1666/2233 678/2187
f 1188/3078 1146/3077 642/3103
f 1724/3823 1765/3807 1775/3816
f 44/2112 152/2088 150/2133
f 1724/3823 1775/3816 561/3822
f 1177/3185 1204/3201 1203/3186
f 1176/3200 1225/3204 1209/3206
f 1262/4548 1247/4552 1250/4551
f 1748/3793 1718/3800 1719/3783
f 1674/2232 678/2187 1666/2233
f 1718/3800 1748/3793 1729/3809
f 1771/3773 1776/3778 1183/3769
f 686/3092 1739/3079 1711/3066
f 1719/3783 1713/3799 1712/3784
f 331/3806 1775/3816 1717/3797
f 1774/3768 1749/3782 1747/3777
f 1738/3776 1749/3782 1774/3768
f 1207/3767 1270/3771 1774/3768
f 1270/3771 1738/3776 1774/3768
f 1717/3797 1768/3798 1716/3781
f 1772/3772 1771/3773 1773/3765
f 1771/3773 1183/3769 1773/3765
f 1712/3784 1772/3772 1719/3783
f 1712/3784 1193/3794 1771/3773
f 1151/3164 1192/3165 1186/3134
f 668/2426 697/2415 889/2405
f 1186/3134 1770/3151 687/3117
f 1187/3115 1191/3131 1142/3150
f 1187/3115 1142/3150 1301/3133
f 1770/3151 1193/3175 1712/3166
f 1192/3165 1193/3175 1770/3151
f 1186/3134 1192/3165 1770/3151
f 1771/3773 1193/3794 1769/3795
f 1771/3773 1772/3772 1712/3784
f 1772/3772 1747/3777 1719/3783
f 1765/3807 1768/3798 1717/3797
f 1748/3793 1749/3782 1767/3792
f 1766/3791 1765/3807 1767/3792
f 1766/3791 1768/3798 1765/3807
f 562/3790 331/3806 1717/3797
f 1251/3785 1141/3802 1299/3786
f 1764/3842 1723/3834 377/3843
f 1566/3599 1308/3601 1558/3595
f 1213/3247 1216/3266 1225/3276
f 1722/2631 1661/2632 1726/2589
f 1764/2683 1661/2632 1722/2631
f 1651/2212 685/2148 1673/2188
f 680/2149 684/2109 1645/2168
f 1542/2350 1677/2364 1554/2359
f 1674/2232 1679/2272 1675/2249
f 1679/2272 1665/2290 1654/2291
f 1665/2290 1678/2316 1654/2291
f 1654/2291 1653/2314 1675/2249
f 1675/2249 1679/2272 1654/2291
f 1656/2292 1672/2273 1675/2249
f 1420/2192 1269/2150 682/2170
f 1676/2363 1677/2364 1322/2344
f 1674/2232 1675/2249 1669/2211
f 1651/4762 1672/4761 1655/4765
f 679/2147 1669/2211 1673/2188
f 1675/2249 1672/2273 1669/2211
f 151/2132 149/2111 147/2152
f 1265/2087 1671/2130 684/2109
f 1661/2632 1764/2683 377/2684
f 377/2684 375/2651 1661/2632
f 149/2111 684/2109 680/2149
f 149/2111 152/2088 1266/2067
f 1266/2067 684/2109 149/2111
f 1665/2290 1670/2274 1678/2316
f 678/2187 1674/2232 1669/2211
f 1543/2345 1668/2355 1667/2346
f 1543/2345 865/2332 1549/2315
f 1415/1985 1244/1977 1242/1994
f 1666/2233 1665/2290 1679/2272
f 1261/4560 1260/4563 1258/4562
f 1249/2257 1246/2237 1664/2279
f 1246/4556 1247/4552 1664/4553
f 144/2044 146/2069 143/2092
f 1723/3834 1764/3842 1722/3829
f 1254/2024 144/2044 1240/2032
f 1723/3834 561/3822 553/3832
f 1560/1805 1494/1779 1569/1730
f 1658/2236 973/2235 1663/2277
f 887/2605 1660/2628 580/2652
f 1661/2632 375/2651 1662/2604
f 1662/2604 1726/2589 1661/2632
f 622/2627 1660/2628 1659/2584
f 375/2651 622/2627 1662/2604
f 622/2627 580/2652 1660/2628
f 887/2605 1659/2584 1660/2628
f 26/2278 1658/2236 1663/2277
f 37/2256 681/2216 1658/2236
f 1651/2212 1657/2189 685/2148
f 681/2216 680/2149 1643/2191
f 1657/2189 1645/2168 685/2148
f 1656/4767 1655/4765 1672/4761
f 1649/2251 1655/2331 1653/2314
f 1654/2291 1650/2295 1653/2314
f 1649/2251 1652/2234 1651/2212
f 1653/2314 1650/2295 1649/2251
f 1648/2275 1649/2251 1650/2295
f 1651/4762 1655/4765 1649/4766
f 1648/2275 1553/2318 1642/2329
f 1646/2309 2864/2276 1647/2296
f 1648/2275 1642/2329 874/2310
f 1656/2292 1653/2314 1655/2331
f 1649/2251 1648/2275 1652/2234
f 874/2310 1646/2309 1647/2296
f 2865/2253 1652/2234 2864/2276
f 1652/2234 2841/2213 1657/2189
f 1643/2191 1645/2168 1644/2215
f 1642/2329 1640/2308 873/2286
f 1642/2329 1639/2287 1640/2308
f 1639/2287 1641/2270 1640/2308
f 36/2299 26/2278 140/2320
f 1639/2287 1642/2329 1553/2318
f 1244/1977 1503/1970 1417/1964
f 1635/3582 1631/3581 677/3584
f 1638/2269 1637/2288 1636/2248
f 1634/3583 1635/3582 676/3585
f 1631/3581 1633/3580 1632/3576
f 2810/3579 1631/3581 1632/3576
f 1630/1773 967/1801 1704/1750
f 2802/2230 1641/2270 1705/2247
f 672/1774 676/1841 1551/1859
f 1560/1805 673/1842 1545/1844
f 1634/1821 1707/1802 1706/1840
f 2840/1839 1706/1840 1707/1802
f 1704/1750 672/1774 1532/1725
f 1705/2247 1639/2287 1638/2269
f 1641/2270 1799/2266 1640/2308
f 867/1703 1630/1773 1704/1750
f 1563/2361 1568/2369 1555/2362
f 1693/1590 1791/1618 1703/1646
f 672/1774 1634/1821 676/1841
f 876/1686 1703/1646 1702/1645
f 867/1703 876/1686 1702/1645
f 1702/1645 1701/1687 867/1703
f 1701/1687 1700/1726 867/1703
f 1554/2359 1677/2364 1676/2363
f 677/3584 1790/3589 1547/3588
f 1548/2311 1638/2269 1639/2287
f 1704/1750 1532/1725 867/1703
f 1636/2248 1637/2288 1556/2312
f 1556/2312 1790/2330 1636/2248
f 1553/2318 1668/2355 1542/2350
f 1555/3596 1567/3598 1565/3594
f 1442/3597 1565/3594 1567/3598
f 1432/3602 1317/3604 1442/3597
f 1676/2363 1699/2367 1539/2360
f 1554/2359 1676/2363 1539/2360
f 1699/2367 1563/2361 1564/2351
f 1560/1805 1541/1824 673/1842
f 1677/2364 1543/2345 1322/2344
f 1549/2315 1322/2344 1543/2345
f 1698/1753 1697/1729 1533/1728
f 1696/1705 1533/1728 1697/1729
f 1553/2318 1548/2311 1639/2287
f 1563/2361 1699/2367 1676/2363
f 1637/2288 1548/2311 1556/2312
f 661/1647 1697/1729 1570/1706
f 875/1688 1696/1705 661/1647
f 660/1594 1335/1620 1343/1564
f 1532/1725 672/1774 1534/1777
f 867/1703 1532/1725 876/1686
f 1535/1619 1703/1646 876/1686
f 1688/1378 1695/1360 1694/1393
f 1574/1418 2857/1394 1686/1417
f 1693/1590 1561/1592 1527/1534
f 1327/1322 653/1320 1573/1321
f 1692/1419 1691/1442 1690/1396
f 1681/1361 1329/1345 1571/1344
f 1686/1417 1575/1379 1689/1416
f 1694/1393 1683/1440 1689/1416
f 1688/1378 1689/1416 1575/1379
f 3010/1363 1694/1393 1695/1360
f 1574/1418 1684/1461 693/1462
f 863/1561 1687/1588 674/1507
f 1684/1461 1574/1418 1686/1417
f 886/1420 1831/1505 693/1462
f 1684/1461 886/1420 693/1462
f 1685/1486 674/1507 694/1443
f 2859/1441 1684/1461 1683/1440
f 1683/1440 1684/1461 1686/1417
f 1696/1705 1697/1729 661/1647
f 1561/1592 1577/1536 1527/1534
f 694/1443 1680/1509 1525/1487
f 1563/2361 1423/2368 1432/2370
f 1426/4675 1431/4669 1429/4672
f 1422/4668 1429/4672 1431/4669
f 1667/2346 1668/2355 1553/2318
f 1682/2334 1667/2346 1553/2318
f 1678/2316 865/2332 1667/2346
f 1494/1779 1558/1825 1308/1780
f 1571/1344 1573/1321 1681/1361
f 1573/1321 1576/1318 1681/1361
f 1262/4548 1248/4555 1664/4553
f 1680/1509 862/1535 1525/1487
f 1577/1536 1561/1592 1562/1563
f 1577/1536 1528/1511 1526/1489
f 1355/1422 1354/1381 1331/1398
f 1576/1318 1575/1379 1681/1361
f 1564/2351 1539/2360 1699/2367
f 694/1443 1529/1397 1574/1418
f 1350/1444 1332/1464 1330/1421
f 1330/1421 1529/1397 1350/1444
f 3473/1281 1576/1318 1808/1301
f 1385/1250 1328/1283 1387/1264
f 1572/1282 1808/1301 1573/1321
f 1327/1322 1573/1321 1571/1344
f 1325/1304 1327/1322 1571/1344
f 1381/1305 1326/1323 1462/1346
f 1375/1265 1382/1251 1386/1218
f 1442/3597 1568/3600 1432/3602
f 1517/1591 1528/1511 1562/1563
f 1550/3593 1545/3591 1546/3590
f 1318/3607 1309/3605 1307/3603
f 1569/1730 1345/1689 1570/1706
f 1545/3591 1550/3593 1558/3595
f 1569/1730 1570/1706 1559/1754
f 1319/1707 1318/1781 1433/1782
f 1546/3590 1547/3588 1557/3592
f 1676/2363 1322/2344 1323/2353
f 1406/1895 1362/1878 1405/1876
f 1567/2371 1555/2362 1568/2369
f 1442/3597 1567/3598 1568/3600
f 1442/3597 1308/3601 1566/3599
f 1540/1822 1534/1777 672/1774
f 1560/1805 1545/1844 1558/1825
f 1550/3593 1546/3590 1565/3594
f 1557/3592 1565/3594 1546/3590
f 1337/1593 1517/1591 1535/1619
f 1537/2342 1564/2351 1556/2312
f 1563/2361 1556/2312 1564/2351
f 1559/1754 1698/1753 1552/1804
f 1562/1563 1535/1619 1517/1591
f 1535/1619 1562/1563 1561/1592
f 1560/1805 1559/1754 1541/1824
f 1442/3597 1566/3599 1558/3595
f 1280/3048 1285/3061 1148/3036
f 1555/2362 1557/2352 1556/2312
f 1554/2359 1538/2358 1536/2341
f 1536/2341 1542/2350 1554/2359
f 1553/2318 1542/2350 1536/2341
f 1552/1804 1534/1777 1540/1822
f 1551/1859 1544/1874 673/1842
f 677/3584 1544/3587 1551/3586
f 1550/3593 1565/3594 1442/3597
f 1557/3592 1555/3596 1565/3594
f 1439/2250 1321/2317 1549/2315
f 1556/2312 1563/2361 1555/2362
f 1539/2360 1538/2358 1554/2359
f 1548/2311 1553/2318 1536/2341
f 1548/2311 1537/2342 1556/2312
f 1544/3587 1547/3588 1546/3590
f 677/3584 1547/3588 1544/3587
f 1544/3587 1546/3590 1545/3591
f 1545/1844 673/1842 1544/1874
f 1542/2350 1668/2355 1543/2345
f 1542/2350 1543/2345 1677/2364
f 1552/1804 1540/1822 1541/1824
f 1540/1822 673/1842 1541/1824
f 1539/2360 1564/2351 1537/2342
f 1538/2358 1539/2360 1537/2342
f 1536/2341 1538/2358 1537/2342
f 1548/2311 1536/2341 1537/2342
f 661/1647 1535/1619 875/1688
f 1570/1706 1697/1729 1698/1753
f 1532/1725 1534/1777 1533/1728
f 875/1688 1532/1725 1533/1728
f 1535/1619 1561/1592 1693/1590
f 1530/2642 1473/2595 1531/2665
f 1529/1397 694/1443 1523/1463
f 1529/1397 1329/1345 1681/1361
f 1350/1444 1529/1397 1523/1463
f 1394/1424 1378/1425 1373/1466
f 1528/1511 1577/1536 1562/1563
f 1350/1444 1526/1489 1528/1511
f 1527/1534 1577/1536 1526/1489
f 1525/1487 862/1535 1527/1534
f 862/1535 1693/1590 1527/1534
f 1527/1534 1526/1489 1524/1508
f 1350/1444 1523/1463 1526/1489
f 1523/1463 1525/1487 1524/1508
f 1523/1463 694/1443 1525/1487
f 1522/2555 1488/2539 1485/2516
f 1491/3069 1750/3054 1492/3081
f 1487/2572 1522/2555 1521/2571
f 1624/2540 1488/2539 1520/2573
f 1492/3081 1626/3053 669/3068
f 1608/2991 1629/3017 1197/3018
f 1744/2441 667/2439 1628/2467
f 1626/3053 1623/3026 1627/3040
f 1608/2991 1200/2985 1165/2980
f 1625/2992 1200/2985 1607/2999
f 1625/2992 1162/3000 1100/2981
f 1622/3016 1520/3027 1617/3008
f 1487/3028 1617/3008 1520/3027
f 1453/1829 1519/1865 1447/1864
f 1621/3007 1623/3026 1622/3016
f 1624/3042 1520/3027 1622/3016
f 1490/3041 1624/3042 1622/3016
f 1490/3041 1622/3016 1623/3026
f 1623/3026 1750/3054 1490/3041
f 1616/2998 1621/3007 1622/3016
f 1626/3053 1627/3040 669/3068
f 1623/3026 1621/3007 1627/3040
f 1621/3007 1616/2998 1164/2990
f 1195/3015 1620/3005 695/2996
f 1113/2972 1104/2979 1619/2984
f 1104/2979 1164/2990 1619/2984
f 1620/3005 1777/3006 1099/2989
f 1473/2595 1618/2596 1579/2554
f 1521/2571 1579/2554 1618/2596
f 1617/3008 1629/3017 1608/2991
f 1617/3008 1608/2991 1616/2998
f 1602/2724 1584/2695 1583/2758
f 1199/3029 1615/3044 1601/3057
f 1613/3010 1198/3009 1111/3030
f 1608/2991 1165/2980 1616/2998
f 1164/2990 1116/2997 1621/3007
f 1601/3057 1615/3044 1612/3072
f 898/2868 1594/2849 1586/2830
f 1614/2847 1589/2785 1591/2829
f 1612/3072 1610/3084 1601/3057
f 1604/3043 1600/3094 1614/3083
f 4068/4874 1780/4875 4077/4876
f 1111/3030 1163/3011 1613/3010
f 1163/3011 1625/2992 1613/3010
f 1276/3047 1112/3031 1275/3060
f 1612/3072 1603/3056 1611/3071
f 1108/3073 1610/3084 1609/3098
f 1156/2982 1115/2978 1114/2974
f 1608/2991 1198/3009 1607/2999
f 1161/3012 1171/3001 1606/2993
f 1171/3001 1161/3012 1160/3019
f 1605/2987 1147/2988 1105/2975
f 1618/2596 1473/2595 1530/2642
f 1108/3073 1601/3057 1610/3084
f 1614/3083 1599/3095 1611/3071
f 1604/3043 1603/3056 1197/3018
f 1604/3043 1602/3082 1600/3094
f 1604/3043 1611/3071 1603/3056
f 1108/3073 1169/3045 1601/3057
f 1583/2758 1590/2787 1600/2788
f 1472/2641 1531/2665 1473/2595
f 1583/2758 1600/2788 1602/2724
f 1794/2831 1614/2847 1600/2788
f 1595/3107 1592/3120 1599/3095
f 899/2828 1465/2805 1475/2846
f 1466/2866 1598/2882 1475/2846
f 1595/3107 1597/3136 1596/3137
f 1782/3168 1594/3176 1593/3181
f 4060/3138 1592/3120 4090/3154
f 1588/2806 1597/2848 1591/2829
f 1596/3137 1592/3120 1595/3107
f 1597/3136 1782/3168 1596/3137
f 1593/2883 1594/2849 898/2868
f 1586/2830 1594/2849 1588/2806
f 1582/2694 1589/2785 1590/2787
f 1794/2831 1590/2787 1589/2785
f 1589/2785 1588/2806 1591/2829
f 1469/2640 1587/2693 1580/2723
f 1586/2830 1467/2757 899/2828
f 1467/2757 1470/2722 1585/2784
f 1531/2665 1582/2694 1584/2695
f 1531/2665 1584/2695 1530/2642
f 1602/2724 1530/2642 1584/2695
f 1582/2694 1590/2787 1583/2758
f 1583/2758 1584/2695 1582/2694
f 1589/2785 1467/2757 1588/2806
f 1531/2665 1472/2641 1582/2694
f 1420/2192 1246/2237 1440/2193
f 1580/2723 1581/2786 1468/2756
f 1473/2595 1579/2554 897/2570
f 1618/3055 1604/3043 1629/3017
f 1578/1735 1516/1786 1500/1759
f 1521/2571 1485/2516 1579/2554
f 670/2449 890/2424 1493/2438
f 1481/2453 1492/2485 669/2454
f 1481/2453 1482/2484 1491/2501
f 1490/2517 1491/2501 1482/2484
f 1269/2150 1264/2151 1489/2131
f 1482/2484 1624/2540 1490/2517
f 668/2426 1481/2453 669/2454
f 1488/2539 1487/2572 1520/2573
f 1493/2438 1486/2480 670/2449
f 1488/2539 1522/2555 1487/2572
f 1485/2516 1521/2571 1522/2555
f 1483/2500 1485/2516 1482/2484
f 897/2570 2651/2617 1469/2640
f 889/2405 1479/2396 1484/2403
f 1486/2480 665/2494 670/2449
f 692/2465 1483/2500 1482/2484
f 901/2436 692/2465 1481/2453
f 889/2405 1480/2393 1479/2396
f 692/2465 1482/2484 1481/2453
f 692/2465 666/2481 1477/2495
f 2907/2511 1478/2532 1477/2495
f 1476/2551 1779/2531 1477/2495
f 1478/2532 1476/2551 1477/2495
f 1477/2495 1483/2500 692/2465
f 897/2570 1469/2640 1472/2641
f 1475/2846 1474/2881 801/2867
f 1581/2786 1585/2784 1468/2756
f 1587/2693 1469/2640 2904/2664
f 1473/2595 896/2618 1472/2641
f 1470/2722 1471/2692 1469/2640
f 1468/2756 1470/2722 1469/2640
f 1465/2805 899/2828 1467/2757
f 2920/2845 1466/2866 1465/2805
f 1465/2805 1466/2866 1475/2846
f 1073/3392 1464/3383 1079/3371
f 1382/1251 1376/1284 1384/1306
f 1388/1325 1384/1306 1380/1324
f 1319/1707 1344/1690 1495/1731
f 1079/3371 1058/3380 1073/3392
f 1069/1367 1067/1348 1393/1383
f 1074/1470 1075/1471 1463/1426
f 1354/1381 1462/1346 1329/1345
f 1460/1327 1389/1326 1461/1366
f 1379/1347 1392/1382 1390/1365
f 1076/1329 1461/1366 1388/1325
f 1461/1366 1076/1329 1460/1327
f 1394/1424 1392/1382 1378/1425
f 1388/1325 1461/1366 1389/1326
f 1454/1468 1394/1424 1373/1466
f 1073/4012 1059/4007 1062/4010
f 1459/1517 1089/1543 1086/1469
f 1072/1447 1395/1402 1086/1469
f 1429/1894 646/1893 1408/1861
f 1429/1894 1413/1917 646/1893
f 1023/3405 139/3417 137/3418
f 1449/1651 1458/1597 1457/1595
f 1454/1468 1456/1539 1455/1542
f 1406/1895 645/1905 1410/1929
f 1401/1848 1453/1829 1402/1810
f 1422/1927 1413/1917 1429/1894
f 1451/1930 1452/1918 1406/1895
f 1369/1671 1450/1622 1449/1651
f 1448/3435 1447/3440 1519/3444
f 1028/3438 1026/3426 1097/3431
f 1231/1990 1228/2017 1234/1992
f 47/2116 126/2095 136/2156
f 139/3417 1024/3412 1027/3422
f 1446/1712 1095/1787 1015/1760
f 1097/3431 1096/3421 1232/3430
f 1444/3424 1025/3416 1445/3420
f 1443/3425 1025/3416 1444/3424
f 1022/3385 1088/3397 1014/3403
f 1444/3424 1504/3434 1443/3425
f 1096/3421 1443/3425 1232/3430
f 1349/1490 1358/1515 659/1467
f 1018/3419 1016/3413 1095/3415
f 1093/3414 1015/3409 1088/3397
f 1500/1759 1095/1787 1446/1712
f 1519/1865 1453/1829 1401/1848
f 1091/1652 1508/1670 1094/1695
f 1446/1712 1015/1760 1093/1736
f 1094/1695 1092/1711 1091/1652
f 1448/1907 1452/1918 1451/1930
f 1369/1671 1508/1670 1450/1622
f 1457/1595 1458/1597 1455/1542
f 1450/1622 1805/1569 1509/1568
f 1396/1491 1370/1541 1456/1539
f 1364/1650 1368/1669 1371/1621
f 1368/1669 1364/1650 1343/1564
f 1170/3324 1166/3332 4092/3330
f 1340/1537 1518/1538 1339/1465
f 1528/1511 1517/1591 1341/1562
f 1451/3428 1506/3433 1444/3424
f 1368/1669 1449/1651 1371/1621
f 1500/1759 1446/1712 1578/1735
f 1500/1759 1516/1786 1402/1810
f 1457/1595 1371/1621 1449/1651
f 1232/3430 1443/3425 1505/3436
f 1091/1652 1450/1622 1508/1670
f 1508/1670 1446/1712 1094/1695
f 1455/1542 1456/1539 1457/1595
f 1402/1810 1516/1786 699/1788
f 1515/1809 699/1788 1516/1786
f 1285/3061 1514/3088 1513/3062
f 1511/1266 1512/1219 1382/1251
f 1403/1828 698/1785 650/1808
f 1347/1668 1510/1692 1343/1564
f 1450/1622 1458/1597 1449/1651
f 1392/1382 1379/1347 1356/1364
f 1457/1595 1370/1541 1371/1621
f 1509/1568 1455/1542 1458/1597
f 1508/1670 1320/1737 1578/1735
f 1248/4817 663/4815 1507/4814
f 1255/2031 1254/2024 1257/2015
f 1259/2042 1255/2031 1258/2023
f 1406/1895 1506/1938 1451/1930
f 1502/1948 1506/1938 1406/1895
f 1445/3420 1451/3428 1444/3424
f 1503/1970 1237/1982 1414/1974
f 1417/1964 1499/1947 1411/1957
f 1504/1958 1506/1938 1502/1948
f 1444/3424 1506/3433 1504/3434
f 1406/1895 1452/1918 1448/1907
f 1502/1948 1505/1965 1504/1958
f 1229/2016 1227/2008 1235/2000
f 1499/1947 1503/1970 1501/1963
f 1505/1965 1502/1948 1501/1963
f 1499/1947 1501/1963 1502/1948
f 1410/1929 1497/1956 1411/1957
f 1503/1970 1499/1947 1417/1964
f 1500/1759 1453/1829 1019/1830
f 1019/3423 1447/3440 1448/3435
f 1498/3429 1019/3423 1448/3435
f 1313/1783 1316/1732 1314/1756
f 1319/1707 1314/1756 1316/1732
f 1445/3420 1019/3423 1498/3429
f 1407/1937 1410/1929 1499/1947
f 1451/3428 1445/3420 1498/3429
f 1497/1956 1410/1929 1361/1936
f 1451/3428 1498/3429 1448/3435
f 1500/1759 1402/1810 1453/1829
f 1401/1848 1363/1877 1362/1878
f 1353/1423 659/1467 1372/1446
f 1373/4847 1496/4848 1454/4849
f 1456/1539 1454/1468 1496/1514
f 1373/1466 1396/1491 1496/1514
f 1456/1539 1496/1514 1396/1491
f 1455/1542 1459/1517 1454/1468
f 1458/1597 1450/1622 1509/1568
f 1394/1424 1454/1468 1395/1402
f 1494/1779 1308/1780 1495/1731
f 1375/1265 1326/1323 1381/1305
f 1396/1491 1372/1446 659/1467
f 1395/1402 1391/1400 1394/1424
f 1395/1402 1393/1383 1391/1400
f 1392/1382 1391/1400 1390/1365
f 1391/1400 1392/1382 1394/1424
f 1380/1324 1390/1365 1388/1325
f 1388/1325 1390/1365 1067/1348
f 1390/1365 1391/1400 1393/1383
f 1339/1465 1352/1445 1333/1488
f 1383/1285 1389/1326 3367/1286
f 1383/1285 1388/1325 1389/1326
f 1387/1264 1386/1218 1385/1250
f 1384/1306 1383/1285 1382/1251
f 1381/1305 1380/1324 1376/1284
f 1390/1365 1380/1324 1379/1347
f 1380/1324 1381/1305 1379/1347
f 1383/1285 1384/1306 1388/1325
f 1357/1399 1378/1425 1377/1401
f 1331/1398 1330/1421 1352/1445
f 1355/1422 1331/1398 1352/1445
f 1375/1265 1381/1305 1376/1284
f 1386/1218 1387/1264 1375/1265
f 1386/1218 1382/1251 1512/1219
f 1102/2973 1374/2977 1114/2974
f 1078/1349 1064/1308 1068/1328
f 1068/1328 1064/1308 1077/1289
f 1373/1466 1357/1399 1372/1446
f 1348/1513 1342/1565 1358/1515
f 1365/1596 1371/1621 1370/1541
f 664/1567 1365/1596 1370/1541
f 1367/1694 1369/1671 1449/1651
f 1367/1694 1368/1669 1359/1693
f 1369/1671 1367/1694 1366/1713
f 1371/1621 1365/1596 1364/1650
f 1365/4858 664/4859 1364/4860
f 1362/1878 1363/1877 658/1863
f 1497/1956 1361/1936 1360/1955
f 1336/1826 1317/1806 1312/1845
f 1343/1564 1510/1692 1359/1693
f 659/1467 1358/1515 655/1540
f 1364/1650 664/1567 1343/1564
f 664/1567 656/1566 1342/1565
f 1358/1515 1342/1565 656/1566
f 1333/1488 1351/1510 1338/1512
f 1357/1399 1353/1423 1372/1446
f 1354/1381 1357/1399 1356/1364
f 1353/1423 1355/1422 1339/1465
f 1354/1381 1353/1423 1357/1399
f 1330/1421 1332/1464 1352/1445
f 1350/1444 1351/1510 1333/1488
f 1348/1513 1358/1515 1349/1490
f 1349/1490 1353/1423 1339/1465
f 1339/1465 1348/1513 1349/1490
f 1341/1562 1337/1593 1340/1537
f 1517/1591 1337/1593 1341/1562
f 1343/1564 1346/1649 1347/1668
f 1346/1649 1324/1691 1347/1668
f 1334/1648 671/1666 1344/1690
f 1344/1690 671/1666 1345/1689
f 1343/1564 1518/1538 660/1594
f 1343/1564 1342/1565 1348/1513
f 1351/1510 1341/1562 1338/1512
f 1335/1620 1346/1649 1343/1564
f 1340/1537 1338/1512 1341/1562
f 1338/1512 1340/1537 1339/1465
f 660/1594 1340/1537 1337/1593
f 1314/1756 1336/1826 1306/1827
f 1334/1648 1335/1620 660/1594
f 1350/1444 1333/1488 1332/1464
f 1338/1512 1339/1465 1333/1488
f 1352/1445 1339/1465 1355/1422
f 1352/1445 1332/1464 1333/1488
f 1355/1422 1353/1423 1354/1381
f 1330/1421 1331/1398 1329/1345
f 1386/1218 3007/1238 1385/1250
f 1329/1345 1325/1304 1571/1344
f 1329/1345 1331/1398 1354/1381
f 1326/1323 1329/1345 1462/1346
f 1327/1322 1328/1283 654/1303
f 1325/1304 1329/1345 1326/1323
f 1344/1690 1345/1689 1569/1730
f 1315/1667 1324/1691 1346/1649
f 1321/2317 1323/2353 1322/2344
f 1315/1667 1335/1620 1334/1648
f 1320/1737 699/1788 1515/1809
f 1344/1690 1319/1707 1315/1667
f 1317/3604 1318/3607 1307/3603
f 1316/1732 1315/1667 1319/1707
f 1314/1756 651/1807 1313/1783
f 1310/4678 1312/4682 1311/4680
f 1309/3605 1308/3601 1307/3603
f 651/1807 1314/1756 1306/1827
f 650/1808 648/1784 1305/1757
f 1442/3597 1307/3603 1308/3601
f 1322/2344 1549/2315 1321/2317
f 1434/4670 1425/4673 1430/4676
f 1317/3604 1307/3603 1442/3597
f 1305/1757 1316/1732 1313/1783
f 1568/2369 1563/2361 1432/2370
f 1245/4554 1441/4557 1250/4551
f 1321/2317 1434/2333 1430/2347
f 1249/2257 1439/2250 1440/2193
f 1666/2233 1440/2193 1439/2250
f 1507/2354 1435/2348 1438/2294
f 1438/2294 1321/2317 1439/2250
f 1416/1976 1412/1969 1437/1981
f 1435/4674 1427/4677 1436/4671
f 1421/1935 1436/1946 1427/1954
f 1434/4670 1436/4671 1422/4668
f 1427/4816 1435/4813 662/4812
f 1438/2294 1435/2348 1434/2333
f 1317/3604 1432/3602 1312/3606
f 1421/1935 1427/1954 1360/1955
f 1318/1781 1317/1806 1433/1782
f 1432/4683 1311/4680 1312/4682
f 1408/1861 1312/1845 1310/1875
f 646/1893 1404/1862 1408/1861
f 1432/4683 1423/4681 1311/4680
f 1426/4675 1425/4673 1431/4669
f 1323/2353 1321/2317 1430/2347
f 1430/2347 1425/2365 1323/2353
f 1361/1936 1421/1935 1360/1955
f 1310/4678 1426/4675 1429/4672
f 1436/4671 1434/4670 1435/4674
f 662/4812 1428/4818 1427/4816
f 1263/4819 1428/4818 662/4812
f 1426/4675 1310/4678 1311/4680
f 1423/2368 1323/2353 1425/2365
f 1426/4675 1311/4680 1424/4679
f 1423/4681 1425/4673 1424/4679
f 1422/1927 1436/1946 1421/1935
f 1421/1935 1413/1917 1422/1927
f 1361/1936 1413/1917 1421/1935
f 1310/1875 1429/1894 1408/1861
f 1425/4673 1434/4670 1431/4669
f 1313/1783 650/1808 1305/1757
f 1420/2192 683/2217 1246/2237
f 1417/1964 1412/1969 1416/1976
f 1416/1976 1418/2002 1419/1993
f 1418/2002 1416/1976 1263/1989
f 1243/1984 1417/1964 1416/1976
f 682/4561 1268/4564 1260/4563
f 1261/4560 1256/4559 1245/4554
f 1267/1999 1415/1985 1256/2004
f 1414/1974 1231/1990 1272/2001
f 1250/4551 1419/4549 1262/4548
f 1409/1928 645/1905 1413/1917
f 1419/1993 1243/1984 1416/1976
f 1411/1957 1497/1956 1412/1969
f 1499/1947 1410/1929 1411/1957
f 1410/1929 1409/1928 1361/1936
f 1404/1862 1306/1827 1336/1826
f 1408/1861 1404/1862 1336/1826
f 1410/1929 1407/1937 1406/1895
f 1404/1862 646/1893 1405/1876
f 1406/1895 1405/1876 645/1905
f 1410/1929 645/1905 1409/1928
f 651/4822 1363/4823 1403/4824
f 652/1846 1405/1876 658/1863
f 1306/1827 1404/1862 652/1846
f 1336/1826 1312/1845 1408/1861
f 1314/1756 1433/1782 1317/1806
f 698/1785 1403/1828 1400/1847
f 1320/1737 1508/1670 1366/1713
f 650/1808 651/1807 1403/1828
f 1315/1667 1316/1732 1397/1708
f 1316/1732 1305/1757 1397/1708
f 1362/1878 1519/1865 1401/1848
f 649/1758 698/1785 701/1710
f 1320/1737 1366/1713 1398/1709
f 1402/1810 698/1785 1400/1847
f 1401/1848 1402/1810 1400/1847
f 1399/4826 1401/4827 1400/4825
f 1399/4826 1400/4825 1363/4823
f 1401/1848 1399/1906 1363/1877
f 1363/4823 1400/4825 1403/4824
f 700/1734 1398/1709 1347/1668
f 701/1710 699/1788 1398/1709
f 649/1758 701/1710 647/1733
f 1315/1667 1397/1708 1324/1691
f 647/1733 1397/1708 1305/1757
f 1324/1691 1397/1708 647/1733
f 1234/1992 1273/1991 1272/2001
f 1749/3782 1738/3776 1767/3792
f 1738/3776 1716/3781 1766/3791
f 1177/3185 1137/3161 1271/3178
f 604/3215 639/3219 1205/3208
f 559/3789 562/3790 1270/3771
f 1248/4817 1263/4819 662/4812
f 1268/2110 1269/2150 1489/2131
f 1259/2042 1268/2110 1265/2087
f 1246/2237 1249/2257 1440/2193
f 1264/2151 679/2147 1265/2087
f 1267/1999 1257/2015 1254/2024
f 1265/2087 684/2109 1266/2067
f 1266/2067 1259/2042 1265/2087
f 1245/4554 683/4558 1261/4560
f 1264/2151 1440/2193 678/2187
f 1670/2274 1665/2290 1666/2233
f 1249/2257 1438/2294 1439/2250
f 1263/4819 1262/4820 1418/4821
f 1248/4817 1262/4820 1263/4819
f 1266/2067 152/2088 644/2054
f 682/4561 1260/4563 1261/4560
f 1258/4562 1260/4563 1259/4565
f 682/2170 1269/2150 1268/2110
f 1268/4564 1259/4565 1260/4563
f 1256/4559 1261/4560 1258/4562
f 1258/2023 1257/2015 1256/2004
f 1255/2031 644/2054 643/2043
f 1272/2001 1273/1991 1414/1974
f 1254/2024 643/2043 144/2044
f 1145/3113 1253/3128 1252/3147
f 1140/3811 1251/3785 1190/3810
f 1256/4559 1441/4557 1245/4554
f 1242/1994 1250/2003 1441/2009
f 1249/2381 1248/2380 1507/2382
f 1606/2993 1171/3001 1156/2982
f 1247/4552 1245/4554 1250/4551
f 1245/4554 1247/4552 1246/4556
f 1244/1977 1243/1984 1242/1994
f 1256/2004 1257/2015 1267/1999
f 1417/1964 1243/1984 1244/1977
f 1241/2071 48/2072 1230/2056
f 1257/2015 1258/2023 1255/2031
f 643/2043 1254/2024 1255/2031
f 1254/2024 1240/2032 1229/2016
f 1221/3210 1239/3212 1217/3216
f 644/2054 152/2088 44/2112
f 644/2054 44/2112 135/2090
f 145/2091 643/2043 133/2089
f 1240/2032 144/2044 130/2055
f 1239/3212 1209/3206 1216/3209
f 1503/1970 1414/1974 1501/1963
f 1234/3441 1097/3431 1232/3430
f 130/2055 144/2044 131/2070
f 1236/2045 1240/2032 130/2055
f 48/2072 1226/2046 1230/2056
f 1238/2114 130/2055 127/2135
f 126/2095 1238/2114 124/2136
f 130/2055 1238/2114 126/2095
f 48/2072 154/2057 1226/2046
f 1237/1982 1231/1990 1414/1974
f 1230/2056 1236/2045 1241/2071
f 1237/1982 1235/2000 1231/1990
f 1233/1983 1273/1991 1234/1992
f 1232/1975 1501/1963 1233/1983
f 1231/1990 1235/2000 1227/2008
f 1236/2045 1230/2056 1229/2016
f 1228/2017 1227/2008 1229/2016
f 1226/2046 1229/2016 1230/2056
f 1028/2033 1812/2025 1226/2046
f 154/2057 1028/2033 1226/2046
f 154/2057 48/2072 46/2096
f 122/3437 154/3447 121/3448
f 1028/3438 1097/3431 1234/3441
f 613/3213 1221/3210 1217/3216
f 1224/3291 1213/3247 1225/3276
f 1176/3200 1224/3199 1225/3204
f 606/3207 1181/3205 612/3211
f 1222/3249 1223/3242 1218/3236
f 1181/3205 1221/3210 613/3213
f 1216/3209 1217/3216 1239/3212
f 613/3213 1217/3216 614/3220
f 1218/3236 1220/3228 1219/3235
f 613/3213 612/3211 1181/3205
f 614/3303 1217/3290 530/3275
f 1216/3266 530/3275 1217/3290
f 1215/3231 1214/3240 1213/3247
f 1210/3277 1212/3292 1211/3267
f 1176/3200 1209/3206 1181/3205
f 1221/3210 1181/3205 1209/3206
f 1208/3775 1207/3767 1206/3770
f 1206/3770 1182/3766 1178/3774
f 1179/3203 1175/3202 1205/3208
f 1179/3203 1204/3201 1175/3202
f 1137/3161 1177/3185 1203/3186
f 616/3253 597/3246 1134/3230
f 1202/3268 1201/3278 1295/3304
f 1294/3279 1201/3278 1202/3268
f 1134/3230 1214/3240 1215/3231
f 1271/3178 1304/3192 1177/3185
f 1213/3247 1210/3277 1211/3267
f 1290/3149 1286/3173 1137/3161
f 1286/3173 1271/3178 1137/3161
f 1134/3230 1173/3239 598/3245
f 599/3256 1213/3247 1214/3240
f 1133/3227 1215/3231 1220/3228
f 1143/3129 1137/3161 1279/3130
f 1300/3101 1303/3076 1796/3075
f 1298/3229 1135/3226 1220/3228
f 1514/3233 1285/3237 1135/3226
f 1513/3062 1149/3050 1285/3061
f 1119/3063 1303/3076 1302/3089
f 1129/3238 1135/3226 1155/3243
f 1150/3104 1301/3133 1185/3132
f 1140/3163 1185/3132 1301/3133
f 1300/3101 1298/3112 1253/3128
f 1300/3101 1253/3128 1145/3113
f 1191/3812 1138/3803 1299/3786
f 1219/3235 1220/3228 1215/3231
f 1251/3785 1776/3778 1771/3773
f 1304/3192 1271/3178 1224/3199
f 1204/3201 1179/3203 1180/3193
f 1203/3186 1204/3201 1180/3193
f 1180/3787 1299/3786 1138/3803
f 1180/3193 1138/3162 1203/3186
f 599/3256 1214/3240 597/3246
f 1298/3229 1220/3228 1291/3232
f 1289/4936 1252/4937 1291/4938
f 1212/3191 1224/3199 1271/3178
f 1177/3185 1304/3192 1176/3200
f 1296/3248 1219/3235 1297/3241
f 1290/3149 1143/3129 1145/3113
f 1148/3036 1277/3022 1280/3048
f 1210/3277 1213/3247 1224/3291
f 1290/3149 1145/3113 1252/3147
f 1291/3146 1252/3147 1253/3128
f 1289/4936 1291/4938 1223/4939
f 1291/3146 1253/3128 1298/3112
f 1300/3101 1514/3088 1298/3112
f 1213/3247 1292/3257 1297/3241
f 1212/4879 1201/4880 1211/4881
f 1293/3258 1222/3249 1218/3236
f 1224/3291 1212/3292 1210/3277
f 1296/3248 1218/3236 1219/3235
f 1296/3248 1297/3241 1292/3257
f 1289/3172 1222/3190 1288/3183
f 1296/3248 1293/3258 1218/3236
f 1152/3179 1140/3163 1190/3187
f 1287/3184 1212/3191 1271/3178
f 1212/3191 1287/3184 1295/3198
f 1212/4879 1295/4882 1201/4880
f 1202/3268 1293/3258 1294/3279
f 1222/3249 1293/3258 1202/3268
f 1292/3257 1201/3278 1294/3279
f 1293/3258 1292/3257 1294/3279
f 1291/3232 1220/3228 1218/3236
f 1223/3242 1291/3232 1218/3236
f 1289/3172 1223/3197 1222/3190
f 1287/3184 1288/3183 1202/3196
f 1290/3149 1289/3172 1286/3173
f 1295/3198 1287/3184 1202/3196
f 1222/3190 1202/3196 1288/3183
f 1286/3173 1289/3172 1288/3183
f 1287/3184 1286/3173 1288/3183
f 1252/3147 1289/3172 1290/3149
f 1284/3034 1281/3035 1282/3003
f 1271/3178 1286/3173 1287/3184
f 1153/3269 1124/3250 1280/3259
f 1285/3237 1280/3259 1124/3250
f 1170/3033 1154/3020 1171/3001
f 1280/3259 1284/3280 1153/3269
f 1153/3021 1282/3003 1283/3002
f 1283/3002 1154/3020 1153/3021
f 1282/3003 1281/3035 1277/3022
f 1277/3022 1281/3035 1280/3048
f 1153/3021 1284/3034 1282/3003
f 1284/3034 1280/3048 1281/3035
f 1513/3062 1796/3075 1118/3037
f 641/3148 1139/3114 1279/3130
f 1277/3022 1148/3036 1278/3004
f 1172/3087 1275/3060 1159/3074
f 1166/3059 1798/3046 1276/3047
f 1154/3293 1170/3324 4093/3315
f 1166/3059 1276/3047 1275/3060
f 1612/3072 1615/3044 1603/3056
f 4095/3158 1158/3127 4096/3160
f 1157/3100 1274/3126 1158/3127
f 1166/3332 1157/3336 4097/3335
f 1172/3087 1159/3074 1107/3099
f 1172/3087 1157/3100 1167/3086
f 1170/3033 1171/3001 1168/3032
f 1169/3045 1108/3073 1106/3085
f 1112/3031 1159/3074 1275/3060
f 1166/3332 1170/3324 1168/3333
f 1160/3019 1168/3032 1171/3001
f 1160/3019 1798/3046 1168/3032
f 1166/3059 1275/3060 1167/3086
f 1166/3059 1167/3086 1157/3100
f 1172/3087 1274/3126 1157/3100
f 1616/2998 1165/2980 1164/2990
f 1112/3031 1163/3011 1111/3030
f 1100/2981 1606/2993 1103/2986
f 1163/3011 1161/3012 1162/3000
f 1121/3111 1172/3087 1107/3099
f 1160/3019 1161/3012 1112/3031
f 1283/3002 1797/2994 1156/2982
f 1160/3019 1112/3031 1276/3047
f 1159/3074 1169/3045 1106/3085
f 4099/3145 1121/3111 4100/3144
f 1605/2987 1797/2994 1282/3003
f 1156/2982 1605/2987 1105/2975
f 4102/3316 1126/3281 4103/3323
f 1156/2982 1114/2974 1374/2977
f 1124/3250 1130/3251 1155/3243
f 1124/3250 1155/3243 1285/3237
f 1126/3281 1154/3293 4094/3305
f 1153/3269 1154/3293 1126/3281
f 1140/3163 1152/3179 1151/3164
f 1126/3281 1124/3250 1153/3269
f 1150/3104 686/3092 1710/3090
f 1148/3036 1285/3061 1149/3050
f 1282/3003 1277/3022 1278/3004
f 1098/2983 1147/2988 888/2995
f 1146/3077 1127/3064 1119/3063
f 1144/3102 1303/3076 1145/3113
f 1143/3129 1279/3130 1144/3102
f 1140/3811 1142/3817 1141/3802
f 559/3789 1270/3771 639/3780
f 1140/3811 1141/3802 1251/3785
f 1299/3786 1141/3802 1191/3812
f 642/3103 1302/3089 1139/3114
f 1138/3162 1137/3161 1203/3186
f 1136/3234 1134/3230 1135/3226
f 1134/3230 1133/3227 1135/3226
f 1131/3051 1132/3024 1128/3039
f 1129/3238 1130/3251 1122/3260
f 1127/3064 1131/3051 1128/3039
f 1146/3077 1119/3063 1302/3089
f 4064/3252 1122/3260 4105/3270
f 1122/3260 1125/3282 1123/3294
f 1124/3250 1126/3281 1125/3282
f 1130/3251 1124/3250 1122/3260
f 1126/3281 1123/3294 1125/3282
f 1124/3250 1125/3282 1122/3260
f 1122/3260 1123/3294 4106/3306
f 1117/3125 1121/3111 1107/3099
f 1118/3037 1303/3076 1119/3063
f 4100/3144 1117/3125 4109/3159
f 1104/2979 1116/2997 1164/2990
f 1163/3011 1112/3031 1161/3012
f 1105/2975 1115/2978 1156/2982
f 1117/3125 1107/3099 1109/3110
f 1098/2983 888/2995 695/2996
f 1098/2983 1105/2975 1147/2988
f 1114/2974 1105/2975 1113/2972
f 1110/3058 1112/3031 1111/3030
f 1110/3058 1159/3074 1112/3031
f 1108/3073 1109/3110 1107/3099
f 1106/3085 1108/3073 1107/3099
f 1105/2975 1104/2979 1113/2972
f 1115/2978 1105/2975 1114/2974
f 1606/2993 1162/3000 1161/3012
f 1278/3004 1147/2988 1605/2987
f 1100/2981 1103/2986 1102/2973
f 1374/4948 1102/4949 1103/4950
f 1101/2976 1100/2981 1102/2973
f 1098/2983 695/2996 1099/2989
f 1196/3014 888/2995 1278/3004
f 1099/2989 1104/2979 1098/2983
f 1116/2997 1104/2979 1099/2989
f 1165/2980 1619/2984 1164/2990
f 1200/2985 1100/2981 1101/2976
f 1197/3018 1199/3029 1198/3009
f 1200/2985 1625/2992 1100/2981
f 1612/3072 1780/3097 1610/3084
f 1609/3098 1109/3110 1108/3073
f 1159/3074 1106/3085 1107/3099
f 1127/3064 1128/3039 1194/3049
f 1119/3063 1127/3064 1194/3049
f 1128/3039 1132/3024 1195/3015
f 1196/3014 1194/3049 1195/3015
f 1194/3049 1128/3039 1195/3015
f 1196/3014 1118/3037 1194/3049
f 1119/3063 1194/3049 1118/3037
f 1138/3162 641/3148 1184/3174
f 1769/3795 1193/3794 1189/3801
f 1189/3180 1193/3175 1192/3165
f 1189/3180 1192/3165 1152/3179
f 641/3148 1279/3130 1137/3161
f 1191/3131 1187/3115 642/3103
f 1150/3104 1187/3115 1301/3133
f 1140/3163 1301/3133 1142/3150
f 1189/3180 1152/3179 1190/3187
f 1187/3115 1150/3104 1188/3078
f 1151/3164 1152/3179 1192/3165
f 1140/3163 1151/3164 1185/3132
f 1186/3134 1185/3132 1151/3164
f 1186/3134 686/3092 1185/3132
f 1150/3104 1185/3132 686/3092
f 1137/3161 1184/3174 641/3148
f 1137/3161 1138/3162 1184/3174
f 1251/3785 1189/3801 1190/3810
f 1183/3769 1182/3766 1773/3765
f 1181/3205 606/3207 1175/3202
f 1270/3771 1207/3767 1208/3775
f 1299/3786 1180/3787 1178/3774
f 1179/3779 1178/3774 1180/3787
f 1204/3201 1177/3185 1175/3202
f 1176/3200 1175/3202 1177/3185
f 1176/3200 1181/3205 1175/3202
f 598/3245 1173/3239 571/3254
f 1134/3230 1215/3231 1133/3227
f 598/3245 616/3253 1134/3230
f 4061/3264 1173/3239 4073/3255
f 1134/3230 1136/3234 1173/3239
f 569/3263 571/3254 1173/3239
f 569/3263 1173/3239 4111/3272
f 1173/3239 1174/3273 4072/3288
f 139/3417 1023/3405 1024/3412
f 1028/3438 122/3437 1026/3426
f 118/3432 122/3437 119/3442
f 122/3437 1028/3438 154/3447
f 118/3432 1026/3426 122/3437
f 1026/3426 118/3432 139/3417
f 139/3417 1027/3422 1026/3426
f 1000/3386 1023/3405 116/3410
f 1021/3398 1025/3416 1024/3412
f 1023/3405 1000/3386 1021/3398
f 1016/3413 1020/3399 1014/3403
f 1020/3399 1022/3385 1014/3403
f 1017/3411 1021/3398 1020/3399
f 1021/3398 1000/3386 1824/3374
f 1019/3423 1017/3411 1018/3419
f 1017/3411 1016/3413 1018/3419
f 1021/3398 1024/3412 1023/3405
f 1015/3409 1014/3403 1088/3397
f 1020/3399 1016/3413 1017/3411
f 1096/3421 1097/3431 1027/3422
f 1026/3426 1027/3422 1097/3431
f 1027/3422 1024/3412 1096/3421
f 1022/3385 1020/3399 1824/3374
f 1017/3411 1019/3423 1445/3420
f 1017/3411 1025/3416 1021/3398
f 1025/3416 1443/3425 1096/3421
f 1025/3416 1096/3421 1024/3412
f 1014/3403 1095/3415 1016/3413
f 1095/3415 1014/3403 1015/3409
f 1094/3408 1093/3414 1088/3397
f 1446/1712 1093/1736 1094/1695
f 1092/3402 1084/3384 1091/3401
f 1089/1543 1459/1517 1805/1569
f 1092/3402 1088/3397 1084/3384
f 1080/3367 1071/3381 1085/3372
f 1090/3382 1052/3358 1085/3372
f 1085/3372 1089/3394 1090/3382
f 1088/3397 1022/3385 1081/3373
f 1052/3358 1090/3382 1087/3395
f 1087/3395 1084/3384 1052/3358
f 1085/1518 1071/1492 1086/1469
f 1091/3401 1084/3384 1087/3395
f 1088/3397 1081/3373 1084/3384
f 1082/3368 998/3362 1052/3358
f 998/3362 1049/3354 1052/3358
f 1084/3384 1081/3373 1052/3358
f 1009/3345 1002/3348 989/3352
f 989/3352 1083/3353 1009/3345
f 1022/3385 1082/3368 1081/3373
f 1052/3358 1081/3373 1082/3368
f 1089/1543 1085/1518 1086/1469
f 1072/1447 1074/1470 1463/1426
f 1049/3354 1002/3348 1051/3351
f 1048/4011 1825/4014 1062/4010
f 1072/3393 1080/3367 1074/3396
f 1034/4003 1056/4001 1054/3998
f 1046/3996 1054/3998 1056/4001
f 1056/3366 1058/3380 1079/3371
f 1078/3685 1038/3677 1064/3691
f 1063/1269 3331/1240 1077/1289
f 1067/1348 1077/1289 1076/1329
f 1077/1289 1806/1290 1076/1329
f 1073/3392 1075/3407 1074/3396
f 1078/1349 1068/1328 1070/1368
f 1072/3393 1071/3381 1080/3367
f 1079/3371 1464/3383 1080/3367
f 1086/1469 1071/1492 1072/1447
f 1825/1403 1070/1368 1069/1367
f 1067/1348 1069/1367 1068/1328
f 1062/4010 1075/4013 1073/4012
f 1070/1368 1068/1328 1069/1367
f 1077/1289 1067/1348 1068/1328
f 1069/1367 1463/1426 1062/1427
f 1038/3677 1066/3668 1065/3690
f 1038/3677 1065/3690 1064/3691
f 1077/1289 1064/1308 1063/1269
f 1065/3690 1063/3700 1064/3691
f 1059/4007 1050/4006 1062/4010
f 1033/3651 1041/3641 1060/3670
f 1047/4002 1039/4004 1050/4006
f 1062/4010 1050/4006 1048/4011
f 1060/3670 1038/3677 1078/3685
f 1066/3668 1038/3677 1061/3671
f 1041/3641 1037/3657 1060/3670
f 1051/3351 996/3341 1032/3349
f 1057/4005 1034/4003 1059/4007
f 1054/3998 1046/3996 1031/3991
f 1057/4005 1059/4007 1058/4008
f 1056/4001 1034/4003 1057/4005
f 1058/4008 1056/4001 1057/4005
f 1059/4007 1073/4012 1058/4008
f 1053/3361 1056/3366 1079/3371
f 1011/3634 1055/3629 1042/3642
f 1034/4003 1054/3998 1035/4000
f 1051/3351 1046/3357 1053/3361
f 1051/3351 1053/3361 1052/3358
f 1039/4004 1040/4009 1050/4006
f 997/3359 1002/3348 1049/3354
f 1052/3358 1049/3354 1051/3351
f 1013/3994 1035/4000 1031/3991
f 1035/4000 1054/3998 1031/3991
f 1048/4906 1040/4909 1070/4907
f 1040/4009 1048/4011 1050/4006
f 1050/4006 1059/4007 1047/4002
f 1047/4002 1011/3999 1039/4004
f 1032/3349 996/3341 1030/3346
f 1011/3999 1047/4002 1008/3997
f 1031/3991 1046/3996 1032/3987
f 1051/3351 1032/3349 1046/3357
f 1045/3363 992/3356 989/3352
f 1044/4020 158/4035 1043/4026
f 3322/4016 1006/4032 993/4025
f 1041/3641 1033/3651 1042/3642
f 1033/3651 1040/3672 1039/3658
f 1037/3657 1061/3671 1038/3677
f 1038/3677 1060/3670 1037/3657
f 1040/3672 1033/3651 1060/3670
f 1013/3994 1031/3991 1036/3990
f 1034/4003 1035/4000 1008/3997
f 1041/3641 1042/3642 1055/3629
f 1047/4002 1034/4003 1008/3997
f 1011/3634 1033/3651 1039/3658
f 1042/3642 1033/3651 1011/3634
f 1031/3991 1032/3987 1029/3983
f 1036/3990 1031/3991 1029/3983
f 1030/3975 1029/3983 1032/3987
f 1008/3997 1035/4000 1013/3994
f 1030/3346 996/3341 3336/3344
f 1012/3985 3378/3989 1007/3993
f 1008/3997 1013/3994 1012/3985
f 1012/3985 1013/3994 1036/3990
f 1816/3623 1011/3634 1007/3628
f 1009/3345 1010/3347 1003/3343
f 1002/3348 1009/3345 996/3341
f 1011/3999 1008/3997 1007/3993
f 1007/3993 1008/3997 1012/3985
f 992/4042 1006/4032 1005/4024
f 158/4035 202/4036 1043/4026
f 1045/4034 158/4035 1044/4020
f 992/3356 1083/3353 989/3352
f 991/3365 994/3360 1004/3364
f 994/3360 1045/3363 989/3352
f 157/4056 994/4051 110/4060
f 994/3360 990/3355 1004/3364
f 992/4042 1005/4024 1010/4050
f 991/3365 1004/3364 990/3355
f 998/3362 997/3359 1049/3354
f 1009/3345 1003/3343 996/3341
f 1051/3351 1002/3348 996/3341
f 997/3359 991/3365 990/3355
f 990/3355 1002/3348 997/3359
f 108/3378 997/3359 1001/3375
f 1001/3375 106/3369 105/3387
f 999/3388 1000/3386 115/3404
f 997/3359 998/3362 106/3369
f 138/3427 118/3432 101/3439
f 1807/1330 1460/1327 1076/1329
f 991/3365 114/3377 994/3360
f 995/3339 3195/3338 996/3341
f 994/4051 114/4063 111/4062
f 1045/4034 993/4025 992/4042
f 993/4025 1006/4032 992/4042
f 114/3377 991/3365 113/3390
f 989/3352 1002/3348 990/3355
f 990/3355 994/3360 989/3352
f 1009/3345 1083/3353 1010/3347
f 995/3339 996/3341 1003/3343
f 956/2420 988/2410 987/2434
f 1495/1731 1308/1780 1309/1755
f 1182/3766 1206/3770 1207/3767
f 985/2528 1728/2563 986/2523
f 984/2073 983/2048 2435/2058
f 982/2220 184/2158 100/2201
f 179/2260 982/2220 99/2240
f 1786/2606 1785/2653 384/2654
f 2675/1660 2567/1680 2568/1662
f 980/2145 860/2128 2721/2127
f 980/2145 981/2129 861/2084
f 978/1849 2474/1879 979/1852
f 977/2035 936/2018 976/2034
f 936/2018 975/2026 976/2034
f 799/2691 961/2755 2908/2715
f 973/2235 974/2255 853/2262
f 2544/2878 2547/2895 2592/2911
f 972/1900 813/1923 971/1902
f 1832/1559 2725/1615 2729/1586
f 970/4567 969/4571 968/4568
f 2560/2027 936/2018 977/2035
f 774/2927 775/2950 777/2958
f 958/178 783/190 787/207
f 2603/2660 2939/2716 2612/2686
f 1920/342 1866/322 1867/303
f 987/2434 988/2410 2646/2431
f 987/2434 957/2425 956/2420
f 2932/4420 2403/4422 2333/4423
f 2482/1898 2495/1920 2496/1910
f 2054/4572 968/4568 969/4571
f 955/2636 954/2592 2607/2603
f 1887/281 790/242 1931/296
f 1855/212 1861/193 1854/214
f 2052/559 2043/516 2044/515
f 2941/4371 2324/4372 731/4369
f 2941/4371 732/4370 2165/4374
f 951/416 953/442 952/371
f 1929/449 1921/401 1922/406
f 949/1997 2440/2006 950/1986
f 938/1941 2471/1950 743/1960
f 948/1813 947/1793 2451/1765
f 2300/4402 2301/4394 2289/4400
f 946/4493 945/4500 2455/4504
f 1839/362 1920/342 1838/323
f 944/804 943/741 2281/785
f 734/4382 2330/4380 942/4384
f 163/969 2404/947 739/975
f 813/1923 972/1900 2494/1899
f 2824/2556 2825/2574 2828/2504
f 721/4411 720/4412 941/4405
f 939/583 2148/546 940/523
f 2227/823 2246/781 2226/845
f 938/1941 743/1960 825/1966
f 821/2175 937/2159 812/2119
f 183/2176 175/2118 97/2200
f 975/2026 936/2018 935/2010
f 936/2018 2504/2005 935/2010
f 934/1998 819/1978 2504/2005
f 933/2014 2569/2007 934/1998
f 932/2013 2559/2029 933/2014
f 934/1998 932/2013 933/2014
f 2124/4573 2053/4569 2456/4576
f 2054/639 2119/638 2456/679
f 816/2667 369/2696 367/2726
f 2678/2644 2518/2668 2519/2621
f 931/2822 925/2775 806/2801
f 907/2430 930/2407 928/2444
f 930/2407 929/2429 928/2444
f 1968/177 1915/189 1891/162
f 2131/2703 2132/2647 2576/2648
f 2131/2703 2130/2734 2010/2704
f 926/369 2468/391 927/314
f 925/2775 2539/2687 807/2751
f 1894/2708 1895/2738 2583/2675
f 2012/2649 1893/2706 1894/2708
f 2671/2690 2666/2661 2590/2718
f 2638/2864 2639/2888 2650/2858
f 2909/2658 2915/2638 799/2691
f 923/2639 924/2663 914/2616
f 921/2804 2650/2858 922/2841
f 919/1555 2732/1528 920/1501
f 2821/2063 2791/2081 2792/2105
f 2816/2124 838/2078 836/2102
f 2749/1818 2935/1799 2926/1771
f 915/2569 918/2594 2648/2536
f 2613/2533 2642/2512 2528/2489
f 871/3567 2814/3570 2812/3568
f 917/2228 916/2268 1800/2246
f 918/2594 915/2569 914/2616
f 20/2283 22/2338 29/2282
f 1833/1585 1830/1529 2781/1584
f 1645/2168 1643/2191 680/2149
f 2896/2721 2897/2747 959/2783
f 1234/1992 1228/2017 1812/2025
f 913/1820 884/1857 880/1843
f 911/1483 886/1420 912/1437
f 863/1561 2845/1617 1687/1588
f 1793/3552 1789/3557 2723/3556
f 882/1823 967/1801 966/1775
f 1673/4763 1669/4764 1672/4761
f 189/2284 15/2265 96/2304
f 1576/1318 3474/1342 1695/1360
f 1774/3768 1773/3765 1207/3767
f 666/2481 965/2498 2907/2511
f 900/2409 2872/2433 2885/2419
f 923/2639 914/2616 915/2569
f 929/2429 908/2457 928/2444
f 964/2522 963/2562 2613/2533
f 962/2889 2640/2905 4048/2925
f 921/2804 798/2779 802/2802
f 961/2755 798/2779 921/2804
f 802/2802 960/2843 921/2804
f 921/2804 922/2841 959/2783
f 959/2783 961/2755 921/2804
f 2918/2924 962/2889 4039/2936
f 802/2802 798/2779 800/2753
f 961/2755 799/2691 798/2779
f 799/2691 800/2753 798/2779
f 2867/2514 2868/2515 1478/2532
f 797/2408 796/2399 930/2407
f 909/2470 908/2457 910/2456
f 907/2430 928/2444 908/2457
f 1822/2443 1823/2417 2886/2442
f 2836/2468 2837/2502 2835/2469
f 956/2420 957/2425 2882/2401
f 336/2679 342/2629 906/2655
f 1493/2438 2890/2452 2888/2466
f 2883/2390 796/2399 797/2408
f 2524/2521 2535/2544 2526/2560
f 2648/2536 905/2537 904/2497
f 903/2451 902/2496 2664/2513
f 904/2497 905/2537 2891/2499
f 1484/2403 1479/2396 2880/2388
f 2883/2390 988/2410 2882/2401
f 890/2424 670/2449 901/2436
f 2902/2400 892/2418 900/2409
f 893/2432 2869/2445 900/2409
f 2873/2492 2871/2474 1818/2490
f 1586/2830 899/2828 898/2868
f 1473/2595 897/2570 896/2618
f 2905/2590 2906/2610 2903/2633
f 706/736 895/711 2078/761
f 2883/2390 689/2387 2914/2394
f 894/2435 1760/2448 893/2432
f 893/2432 892/2418 894/2435
f 894/2435 1756/2412 1757/2422
f 900/2409 892/2418 893/2432
f 1753/2402 891/2395 688/2389
f 890/2424 889/2405 1484/2403
f 1480/2393 1754/2398 688/2389
f 889/2405 890/2424 901/2436
f 696/3013 888/2995 1196/3014
f 580/2652 378/2677 887/2605
f 912/1437 2923/1458 911/1483
f 886/1420 885/1412 912/1437
f 883/1860 884/1857 2789/1819
f 885/1412 886/1420 1810/1380
f 1830/1529 1831/1505 911/1483
f 883/1860 880/1843 884/1857
f 880/1843 882/1823 881/1803
f 878/2297 879/2261 858/2263
f 878/2297 858/2263 877/2252
f 1633/3580 1631/3581 1635/3582
f 1815/1873 1633/1858 1706/1840
f 1815/1873 2840/1839 2813/1892
f 1815/3577 1814/3572 1632/3576
f 967/1801 1630/1773 966/1775
f 1701/1687 2843/1727 1700/1726
f 1813/3574 2847/3578 1632/3576
f 2802/2230 2797/2210 2798/2186
f 875/1688 1535/1619 876/1686
f 873/2286 916/2268 874/2310
f 871/3567 872/3564 870/3562
f 870/3562 869/3559 1789/3557
f 883/1860 882/1823 880/1843
f 2707/2203 852/2202 868/2163
f 966/1775 881/1803 882/1823
f 881/1803 913/1820 880/1843
f 1698/1753 1533/1728 1534/1777
f 2797/2210 1705/2247 1638/2269
f 866/1751 1630/1773 867/1703
f 877/2252 858/2263 851/2242
f 1644/2215 1645/2168 2841/2213
f 867/1703 1700/1726 866/1751
f 1549/2315 865/2332 864/2293
f 2851/1589 863/1561 675/1533
f 1687/1588 862/1535 674/1507
f 861/2084 860/2128 980/2145
f 861/2084 981/2129 2803/2085
f 827/2108 859/2066 1792/2106
f 20/2283 854/2281 2921/2264
f 858/2263 879/2261 850/2222
f 857/2221 856/2241 2709/2177
f 857/2221 879/2261 856/2241
f 2860/1749 2788/1702 2926/1771
f 2803/2085 2800/2185 2806/2209
f 2801/3566 871/3567 870/3562
f 870/3562 872/3564 869/3559
f 852/2202 850/2222 855/2178
f 2863/2080 2759/2104 2787/2125
f 916/2268 917/2228 2846/2267
f 29/2282 854/2281 20/2283
f 2794/2243 853/2262 852/2202
f 853/2262 851/2242 852/2202
f 852/2202 851/2242 850/2222
f 858/2263 850/2222 851/2242
f 1663/2277 973/2235 853/2262
f 851/2242 853/2262 974/2255
f 1576/1318 1688/1378 1575/1379
f 849/2225 839/2224 848/2226
f 848/2226 847/2223 2817/2179
f 2784/1800 2789/1819 2783/1772
f 1830/1529 2922/1502 2780/1504
f 908/2457 909/2470 907/2430
f 2787/2125 2774/2144 2775/2165
f 367/2726 846/2727 816/2667
f 368/2760 815/2697 846/2727
f 2679/2488 2574/2520 2575/2505
f 2826/2503 909/2470 910/2456
f 845/1796 750/1834 844/1816
f 844/1816 750/1834 2490/1853
f 2715/1890 2716/1888 2689/1916
f 842/1945 831/1934 843/1953
f 2692/2372 2714/2373 2720/2374
f 2702/2082 860/2128 861/2084
f 2711/2103 2712/2143 2759/2104
f 839/2224 841/2204 840/2180
f 836/2102 838/2078 837/2050
f 836/2102 837/2050 2697/2122
f 2707/2203 847/2223 190/2244
f 2142/545 2211/567 2265/584
f 835/1639 834/1582 833/1583
f 834/1582 835/1639 2704/1663
f 2732/1528 833/1583 834/1582
f 2735/1722 2736/1746 2740/1768
f 2493/1944 832/1952 831/1934
f 2020/2856 830/2857 829/2792
f 2698/1887 2689/1916 2719/1903
f 2718/1871 2719/1903 2716/1888
f 826/2086 828/2107 2714/2030
f 827/2108 826/2086 859/2066
f 827/3558 828/3555 826/3560
f 933/2014 2703/2040 2752/2041
f 825/1966 752/1971 938/1941
f 2438/2059 2437/2074 2501/2047
f 823/2036 983/2048 824/2020
f 824/2020 2273/2019 823/2036
f 2440/2006 935/2010 2439/1995
f 840/2180 2558/2205 839/2224
f 812/2119 175/2118 184/2158
f 847/2223 848/2226 839/2224
f 820/2199 2558/2205 2688/2161
f 822/2259 180/2280 187/2300
f 752/1971 819/1978 817/1962
f 821/2175 184/2158 820/2199
f 186/2322 180/2280 94/2323
f 819/1978 818/1973 817/1962
f 815/2697 2678/2644 816/2667
f 813/1923 2493/1944 814/1926
f 746/2120 2562/2098 812/2119
f 812/2119 937/2159 746/2120
f 2693/3541 842/3540 843/3544
f 843/1953 831/1934 832/1952
f 2570/1812 2563/1791 2443/1831
f 2570/1812 978/1849 979/1852
f 811/631 810/672 222/653
f 2767/1814 947/1793 2485/1832
f 2767/1814 2557/1794 2450/1744
f 920/1501 2765/1554 919/1555
f 1993/390 2032/414 2017/368
f 849/2225 841/2204 839/2224
f 849/4854 2750/4856 2691/4857
f 2755/2061 837/2050 838/2078
f 2754/1868 972/1900 2705/1870
f 971/1902 813/1923 814/1926
f 815/2697 816/2667 846/2727
f 963/2562 964/2522 2532/2546
f 1820/2733 1821/2701 2618/2732
f 2615/2702 1819/2671 1820/2733
f 964/2522 2669/2547 2528/2489
f 2613/2533 954/2592 2609/2568
f 2587/2625 2616/2600 2012/2649
f 809/2635 808/2688 2666/2661
f 925/2775 807/2751 806/2801
f 1826/2863 805/2842 804/2825
f 2658/2781 804/2825 805/2842
f 954/2592 955/2636 2610/2613
f 2659/2754 2671/2690 2658/2781
f 809/2635 2539/2687 808/2688
f 2645/2450 2528/2489 2641/2482
f 2641/2482 902/2496 903/2451
f 2665/2552 2656/2553 2664/2513
f 802/2802 2652/2826 803/2844
f 924/2663 2915/2638 914/2616
f 803/2844 960/2843 802/2802
f 805/2842 2545/2896 2634/2880
f 2595/2875 2545/2896 2544/2878
f 778/208 780/209 779/179
f 768/53 1978/52 776/77
f 4054/2967 777/2958 4115/2970
f 772/2940 775/2950 774/2927
f 931/2822 1911/2860 2595/2875
f 2540/2717 2541/2634 2612/2686
f 773/2951 772/2940 1908/2929
f 1876/79 1902/106 1875/80
f 770/2862 771/2824 931/2822
f 769/2861 771/2824 770/2862
f 769/2861 770/2862 2627/2893
f 766/64 768/53 767/78
f 778/208 779/179 958/178
f 2589/2719 2939/2716 2614/2659
f 1999/2813 765/2767 763/2766
f 763/2766 765/2767 764/2705
f 2036/506 795/530 2035/487
f 760/241 762/258 761/279
f 759/182 758/192 1864/195
f 1870/150 1879/108 1880/107
f 2524/2521 2578/2561 2527/2545
f 2048/4594 2102/4595 2104/4587
f 2025/2735 763/2766 764/2705
f 764/2705 765/2767 2130/2734
f 2525/2579 2623/2580 2524/2521
f 1972/2774 806/2801 807/2751
f 2619/2765 2522/2700 2572/2761
f 2615/2702 2025/2735 2624/2673
f 757/2810 756/2764 308/2790
f 2518/2668 755/2729 754/2669
f 755/2729 756/2764 754/2669
f 756/2764 757/2810 2028/2791
f 952/371 2468/391 951/416
f 931/2822 2542/2800 925/2775
f 815/2697 368/2760 434/2763
f 2154/475 2110/493 2111/517
f 2505/1610 2553/1638 2931/1581
f 753/4697 715/4693 2318/4695
f 819/1978 752/1971 751/1979
f 2482/1898 2472/1911 2473/1921
f 2492/1883 979/1852 2491/1896
f 2490/4861 2492/4862 2489/4863
f 2563/1791 2564/1767 2556/1815
f 749/1795 2570/1812 750/1834
f 817/1962 818/1973 843/1953
f 819/1978 2503/1988 818/1973
f 749/1795 750/1834 845/1796
f 825/1966 751/1979 752/1971
f 2566/1700 2487/1742 2565/1764
f 2329/4317 734/4313 733/4305
f 2329/4378 730/4373 748/4376
f 747/2121 746/2120 2499/2160
f 812/2119 184/2158 821/2175
f 2561/2075 746/2120 747/2121
f 820/2199 184/2158 982/2220
f 720/4412 2288/4407 941/4405
f 2295/1901 2357/1924 2294/1914
f 2345/435 2205/492 2933/501
f 745/4501 744/4505 2449/4497
f 945/4500 946/4493 2339/4496
f 976/2034 983/2048 984/2073
f 947/4922 948/4923 2354/4924
f 825/1966 743/1960 714/1967
f 175/2118 812/2119 2437/2074
f 740/895 742/871 2278/849
f 713/1942 741/1933 740/1951
f 163/969 739/975 49/990
f 166/1002 738/970 164/991
f 2091/931 2083/844 2084/914
f 736/582 2265/584 737/629
f 735/4307 734/4313 942/4319
f 943/741 2441/787 2275/745
f 733/4305 732/4316 730/4324
f 2209/4312 732/4316 733/4305
f 732/4370 731/4369 730/4373
f 734/4313 735/4307 2481/4297
f 729/825 719/803 724/784
f 723/4419 718/4416 722/4406
f 723/763 719/803 718/826
f 723/4419 722/4406 725/4415
f 2401/539 2255/578 2347/564
f 2108/4575 969/4571 970/4567
f 727/438 2033/485 728/439
f 2161/519 2186/541 2187/497
f 2061/636 2062/618 2065/641
f 726/4208 725/4209 2385/4204
f 724/784 723/763 2251/738
f 724/784 719/803 723/763
f 726/685 2252/713 725/739
f 721/4411 2431/4404 722/4406
f 721/4411 722/4406 718/4416
f 2374/604 2393/683 2384/664
f 718/4416 720/4412 721/4411
f 718/826 719/803 712/847
f 2420/4187 2389/4197 2392/4192
f 2396/4347 704/4348 717/4343
f 739/975 2214/946 2213/963
f 2215/801 2221/819 2222/842
f 2086/867 2096/820 2089/866
f 2273/2019 2274/2028 2312/2037
f 2305/4698 715/4693 753/4697
f 716/4691 715/4693 2304/4696
f 2317/4690 715/4693 716/4691
f 2090/930 2307/900 2092/940
f 2302/4409 2300/4402 2284/4414
f 2290/647 2198/605 2177/606
f 713/1942 2283/1961 714/1967
f 2164/686 2298/714 2163/740
f 729/825 712/847 719/803
f 712/847 720/870 718/826
f 743/1960 713/1942 714/1967
f 711/805 2286/872 712/847
f 712/847 2253/868 711/805
f 2288/4407 2286/4413 2289/4400
f 2243/932 2242/935 2276/964
f 949/1997 2272/2011 2273/2019
f 2297/1925 2360/1922 2296/1886
f 741/1933 742/1959 740/1951
f 2275/745 2366/746 2367/719
f 940/523 2141/568 939/583
f 944/804 2370/806 943/741
f 810/672 811/631 2352/694
f 2267/652 2354/670 2266/630
f 736/582 737/629 2200/628
f 946/4493 744/4505 745/4501
f 731/4369 748/4376 730/4373
f 2167/4299 2160/4310 2327/4304
f 1929/449 710/491 709/473
f 2159/477 2160/495 2168/452
f 2178/580 2179/566 2182/542
f 2208/4300 2183/4311 2209/4312
f 1828/4385 1829/4381 2206/4383
f 2207/4387 1827/4386 1828/4385
f 2191/4198 2185/4201 2186/4194
f 2134/404 2138/380 1944/340
f 2170/4295 2171/4303 2167/4299
f 708/430 707/480 2151/472
f 2144/455 707/480 708/430
f 2210/524 2349/544 2211/567
f 2227/823 2282/850 2253/868
f 2258/560 2111/517 2115/575
f 1993/390 727/438 728/439
f 705/661 895/711 706/736
f 2032/414 2099/464 2049/436
f 2090/930 2085/889 2225/929
f 703/732 705/661 706/736
f 704/4348 703/4345 717/4343
f 512/1010 52/989 2087/999
f 706/4341 2413/4339 2075/4342
f 705/661 703/732 704/707
f 505/756 2066/729 501/706
f 503/680 502/705 2069/659
f 2053/4569 2057/4566 968/4568
f 710/491 2044/515 709/473
f 494/572 702/531 795/530
f 794/463 793/508 2056/532
f 2032/414 794/463 2121/488
f 2057/4566 2123/4577 2052/4574
f 2105/4583 2042/4582 2008/4585
f 2019/4597 2015/4590 2016/4600
f 2041/509 2056/532 2040/553
f 2035/487 793/508 794/463
f 2023/2838 792/2793 791/2811
f 792/2793 2025/2735 791/2811
f 782/226 790/242 787/207
f 2008/511 2001/415 2031/490
f 926/369 927/314 2003/352
f 789/278 762/258 787/207
f 951/416 2001/415 953/442
f 2000/389 2001/415 926/369
f 829/2792 830/2857 1996/2837
f 1964/93 1891/162 1896/147
f 760/241 788/227 787/207
f 958/178 787/207 788/227
f 927/314 1846/316 1887/281
f 762/258 789/278 761/279
f 1914/205 1890/206 1891/162
f 790/242 1862/259 787/207
f 1991/240 1895/277 1990/276
f 786/44 766/64 1903/54
f 779/179 780/209 1883/191
f 776/77 767/78 768/53
f 1976/103 776/77 1909/75
f 1985/43 766/64 786/44
f 767/78 1983/104 1905/105
f 1965/92 766/64 767/78
f 773/2951 775/2950 772/2940
f 773/2951 1907/2952 1906/2962
f 1883/191 785/245 784/229
f 787/207 783/190 782/226
f 782/226 783/190 1890/206
f 783/190 958/178 1891/162
f 790/242 782/226 1991/240
f 781/280 1888/261 1889/244
f 760/241 781/280 1885/243
f 781/280 760/241 761/279
f 1852/298 1837/334 1851/333
f 784/229 785/245 1863/213
f 1873/153 1898/169 1874/111
f 1881/165 758/192 759/182
f 1945/444 1843/394 1844/443
f 952/371 1845/353 927/314
f 1953/300 1954/336 1952/337
f 1935/246 1936/230 1947/263
f 1838/323 2457/305 1859/287
f 1925/359 1926/402 1928/379
f 1921/401 1924/425 1925/359
f 1846/316 1836/332 1847/297
f 1847/297 1848/315 1862/259
f 709/473 1923/474 1924/425
f 1265/2087 1489/2131 1264/2151
f 1582/2694 1471/2692 1467/2757
f 801/2867 1474/2881 4038/2899
f 1580/2723 1468/2756 1469/2640
f 1753/2402 1752/2421 1757/2422
f 670/2449 692/2465 901/2436
f 1731/3135 691/3106 687/3117
f 1559/1754 1560/1805 1811/1778
f 1481/2453 668/2426 901/2436
f 1492/2485 1481/2453 1491/2501
f 1717/3797 1775/3816 1765/3807
f 1360/1955 1427/1954 1428/1968
f 1437/1981 1412/1969 1428/1968
f 1437/1981 1263/1989 1416/1976
f 1269/2150 1420/2192 1440/2193
f 1319/1707 1309/1755 1318/1781
f 1342/1565 1343/1564 664/1567
f 1398/1709 1366/1713 1367/1694
f 701/1710 700/1734 1347/1668
f 1359/1693 1368/1669 1343/1564
f 1348/1513 1339/1465 1518/1538
f 1377/1401 1378/1425 1392/1382
f 1377/1401 1356/1364 1357/1399
f 1325/1304 1326/1323 1375/1265
f 698/1785 1402/1810 699/1788
f 1691/1442 1692/1419 1683/1440
f 1690/1396 1691/1442 1694/1393
f 1803/2416 697/2415 667/2439
f 1607/2999 1198/3009 1613/3010
f 1620/3005 1195/3015 1132/3024
f 695/2996 888/2995 696/3013
f 864/2293 1670/2274 1439/2250
f 1351/1510 1350/1444 1528/1511
f 2794/2243 854/2281 29/2282
f 693/1462 1685/1486 694/1443
f 864/2293 865/2332 1678/2316
f 862/1535 1680/1509 674/1507
f 855/2178 868/2163 852/2202
f 1110/3058 1111/3030 1169/3045
f 801/2867 898/2868 899/2828
f 1779/2531 897/2570 1579/2554
f 1784/2476 1818/2490 1787/2460
f 1784/2476 985/2528 986/2523
f 887/2605 378/2677 1785/2653
f 1503/1970 1244/1977 1415/1985
f 1480/2393 2899/2391 1479/2396
f 688/2389 690/2386 2900/2385
f 891/2395 689/2387 688/2389
f 689/2387 690/2386 688/2389
f 1751/2447 1735/2464 1733/2478
f 1732/2529 1714/2530 1721/2509
f 1098/2983 1104/2979 1105/2975
f 1186/3134 687/3117 686/3092
f 686/3092 687/3117 691/3106
f 679/2147 1671/2130 1265/2087
f 1747/3777 1748/3793 1719/3783
f 685/2148 679/2147 1673/2188
f 684/2109 1671/2130 685/2148
f 685/2148 1645/2168 684/2109
f 683/4558 682/4561 1261/4560
f 683/2217 1420/2192 682/2170
f 1643/2191 1658/2236 681/2216
f 680/2149 681/2216 33/2214
f 148/2169 680/2149 93/2190
f 678/2187 1669/2211 679/2147
f 1667/2346 865/2332 1543/2345
f 679/2147 1264/2151 678/2187
f 1664/2379 1248/2380 1249/2381
f 1664/4553 1247/4552 1262/4548
f 643/2043 146/2069 144/2044
f 1415/1985 1242/1994 1256/2004
f 1569/1730 1494/1779 1495/1731
f 1644/2215 973/2235 1643/2191
f 1682/2334 1650/2295 1654/2291
f 873/2286 874/2310 1642/2329
f 677/3584 676/3585 1635/3582
f 1685/1486 675/1533 674/1507
f 1551/1859 673/1842 672/1774
f 1548/2311 1637/2288 1638/2269
f 876/1686 1532/1725 875/1688
f 701/1710 698/1785 699/1788
f 699/1788 1320/1737 1398/1709
f 1573/1321 653/1320 1572/1282
f 1574/1418 693/1462 694/1443
f 674/1507 675/1533 863/1561
f 1667/2346 1682/2334 1678/2316
f 1329/1345 1529/1397 1330/1421
f 671/1666 1334/1648 660/1594
f 1560/1805 1558/1825 1494/1779
f 1345/1689 671/1666 661/1647
f 1442/3597 1558/3595 1550/3593
f 672/1774 673/1842 1540/1822
f 1551/3586 676/3585 677/3584
f 1373/1466 1378/1425 1357/1399
f 1524/1508 1525/1487 1527/1534
f 1524/1508 1526/1489 1523/1463
f 692/2465 670/2449 666/2481
f 667/2439 669/2454 1628/2467
f 1197/3018 1615/3044 1199/3029
f 696/3013 1195/3015 695/2996
f 1622/3016 1617/3008 1616/2998
f 1169/3045 1199/3029 1601/3057
f 1474/2881 1475/2846 1598/2882
f 1469/2640 1471/2692 1472/2641
f 667/2439 697/2415 668/2426
f 669/2454 667/2439 668/2426
f 666/2481 665/2494 965/2498
f 1485/2516 1488/2539 1482/2484
f 665/2494 666/2481 670/2449
f 897/2570 1472/2641 896/2618
f 1467/2757 1585/2784 1465/2805
f 1384/1306 1376/1284 1380/1324
f 1504/3434 1505/3436 1443/3425
f 1375/1265 1376/1284 1382/1251
f 1382/1251 1383/1285 1511/1266
f 657/1516 664/1567 1370/1541
f 664/1567 657/1516 656/1566
f 663/4815 662/4812 1507/4814
f 1406/1895 1407/1937 1502/1948
f 1411/1957 1412/1969 1417/1964
f 1457/1595 1456/1539 1370/1541
f 1325/1304 1387/1264 1328/1283
f 660/1594 1337/1593 661/1647
f 657/1516 1396/1491 659/1467
f 1405/1876 1362/1878 658/1863
f 651/1807 658/1863 1363/1877
f 655/1540 657/1516 659/1467
f 656/1566 655/1540 1358/1515
f 656/1566 657/1516 655/1540
f 661/1647 671/1666 660/1594
f 654/1303 1328/1283 2962/1249
f 654/1303 653/1320 1327/1322
f 2963/1302 653/1320 654/1303
f 650/1808 1313/1783 651/1807
f 652/1846 651/1807 1306/1827
f 648/1784 650/1808 649/1758
f 648/1784 647/1733 1305/1757
f 1405/1876 652/1846 1404/1862
f 646/1893 645/1905 1405/1876
f 1424/4679 1425/4673 1426/4675
f 1424/4679 1311/4680 1423/4681
f 645/1905 646/1893 1413/1917
f 652/1846 658/1863 651/1807
f 1317/1806 1336/1826 1314/1756
f 649/1758 650/1808 698/1785
f 649/1758 647/1733 648/1784
f 1398/4913 700/4914 701/4915
f 701/1710 1324/1691 647/1733
f 1178/3774 1179/3779 1206/3770
f 662/4812 663/4815 1248/4817
f 1292/3257 1293/3258 1296/3248
f 1246/4556 683/4558 1245/4554
f 1243/1984 1250/2003 1242/1994
f 643/2043 644/2054 134/2068
f 1232/1975 1233/1983 1234/1992
f 1231/1990 1227/2008 1228/2017
f 1175/3202 606/3207 1205/3208
f 1213/3247 1211/3267 1292/3257
f 1178/3774 1182/3766 1183/3769
f 641/3148 1191/3131 642/3103
f 1144/3102 1145/3113 1143/3129
f 1148/3036 1149/3050 1746/3023
f 1608/2991 1197/3018 1198/3009
f 642/3103 1139/3114 641/3148
f 642/3103 1187/3115 1188/3078
f 1074/3396 1464/3383 1073/3392
f 3381/3978 1029/3983 1030/3975
f 950/1986 2292/1980 949/1997
f 2886/2442 2872/2433 2870/2461
f 774/2927 2594/2892 772/2940
f 537/3836 618/3824 621/3830
f 538/3847 638/3860 322/3861
f 640/3224 604/3215 560/3222
f 639/3219 640/3224 560/3222
f 639/3219 604/3215 640/3224
f 363/3449 347/3450 362/3451
f 625/3466 389/3461 579/3457
f 565/3839 347/3853 363/3848
f 529/4604 611/4605 609/4606
f 546/3286 585/3298 547/3297
f 593/3284 563/3271 519/3296
f 600/3846 602/3850 520/3856
f 294/3510 284/3519 282/3522
f 280/3494 358/3496 361/3501
f 535/4625 608/4621 617/4628
f 534/4630 535/4625 617/4628
f 319/3841 320/3833 525/3838
f 539/3852 321/3864 638/3860
f 3912/3866 539/3852 3914/3863
f 576/3274 574/3261 593/3284
f 545/4631 534/4630 617/4628
f 533/4838 589/4839 593/4840
f 637/4943 590/4944 534/4945
f 592/4946 637/4943 534/4945
f 592/4946 590/4944 637/4943
f 323/3465 321/3474 3913/3480
f 625/3466 578/3468 3926/3476
f 3930/3491 281/3471 3932/3485
f 432/4509 356/4510 355/4511
f 462/1048 476/995 478/1039
f 273/836 268/813 409/797
f 464/1027 454/1029 463/1042
f 452/924 272/978 469/972
f 449/1038 466/1034 478/1039
f 260/3528 631/3530 355/3526
f 636/529 499/571 313/550
f 635/812 634/834 480/796
f 504/702 296/727 297/753
f 415/4633 310/4634 438/4635
f 393/701 391/703 485/677
f 457/986 421/980 424/987
f 626/1006 12/1030 10/1016
f 447/4351 418/4352 445/4353
f 355/4511 633/4512 432/4509
f 262/4637 263/4642 258/4646
f 265/994 272/978 264/984
f 271/985 272/978 265/994
f 270/879 269/830 3933/896
f 266/728 268/813 267/835
f 265/994 264/984 3935/1004
f 3937/676 276/656 3938/699
f 3939/878 274/899 3940/921
f 430/4532 259/4527 261/4534
f 629/3532 628/3533 3941/3535
f 628/3533 629/3532 631/3530
f 498/655 309/695 630/696
f 628/3533 256/3527 3944/3531
f 3946/4515 633/4512 3947/4518
f 630/4650 309/4641 627/4645
f 632/674 630/696 3948/721
f 632/674 498/655 630/696
f 630/4650 262/4637 3951/4657
f 631/3530 256/3527 628/3533
f 273/836 270/879 274/899
f 267/835 268/813 273/836
f 267/835 273/836 3939/878
f 634/834 635/812 3955/855
f 269/830 278/791 3958/809
f 277/724 275/634 3960/700
f 632/674 496/612 498/655
f 267/835 635/812 266/728
f 3955/855 267/835 3962/877
f 452/924 264/984 272/978
f 3965/861 480/796 3966/876
f 451/863 472/839 3967/883
f 626/1006 508/1005 271/985
f 3973/1033 626/1006 3974/1026
f 10/1016 12/1030 9/1037
f 3981/4523 442/4516 3982/4520
f 629/3532 355/3526 631/3530
f 3980/4517 629/4514 3983/4522
f 262/4637 258/4646 3985/4651
f 3989/4535 259/4527 3990/4533
f 256/3527 631/3530 260/3528
f 3985/4651 257/4649 3993/4663
f 3957/768 277/724 3961/751
f 313/550 315/611 314/591
f 311/2884 312/2902 307/2853
f 309/4641 310/4634 262/4637
f 307/2853 2030/2835 308/2790
f 304/726 306/704 305/678
f 301/759 303/777 302/800
f 298/4357 300/4363 299/4362
f 295/771 297/753 296/727
f 294/3510 293/3514 284/3519
f 288/4660 292/4664 291/4647
f 288/4660 290/4653 289/4655
f 285/2681 287/2743 286/2741
f 282/4666 284/4654 283/4652
f 279/3490 281/3471 280/3494
f 294/3510 334/3518 333/3513
f 331/3806 332/3815 318/3821
f 286/2741 287/2743 330/2710
f 316/3483 317/3497 329/3503
f 327/2713 328/2657 285/2681
f 324/3493 326/3487 325/3478
f 321/3474 323/3465 322/3464
f 638/3860 321/3864 322/3861
f 318/3821 320/3833 319/3841
f 280/3494 317/3497 316/3483
f 285/2681 328/2657 2874/2607
f 345/3472 346/3486 325/3478
f 335/2682 339/2630 328/2657
f 343/2797 344/2744 337/2817
f 340/2608 342/2629 341/2656
f 336/2679 906/2655 339/2630
f 337/3502 338/3506 317/3497
f 316/3483 279/3490 280/3494
f 336/2679 335/2682 372/2746
f 390/4883 387/4884 380/4885
f 389/3461 281/3471 345/3472
f 382/2742 379/2711 287/2743
f 316/3483 388/3498 387/3495
f 387/3495 346/3486 316/3483
f 385/3456 386/3460 349/3455
f 316/3483 345/3472 281/3471
f 379/2711 382/2742 384/2654
f 382/2742 287/2743 383/2712
f 381/2678 287/2743 285/2681
f 286/2741 380/2745 285/2681
f 327/2713 285/2681 380/2745
f 330/2710 379/2711 378/2677
f 375/2651 377/2684 376/2714
f 373/3840 318/3821 374/3844
f 344/2744 336/2679 372/2746
f 351/3509 371/3505 358/3496
f 329/2773 372/2746 327/2713
f 329/3503 317/3497 338/3506
f 344/2744 329/2773 338/2815
f 344/2744 338/2815 337/2817
f 329/2773 344/2744 372/2746
f 371/3505 350/3512 293/3514
f 336/2679 366/2680 341/2656
f 344/2744 366/2680 336/2679
f 354/2759 370/2816 360/2840
f 367/2726 369/2696 364/2725
f 367/2726 359/2808 368/2760
f 367/2726 368/2760 846/2727
f 354/2759 364/2725 366/2680
f 365/2666 340/2608 366/2680
f 365/2666 2822/2643 340/2608
f 365/2666 364/2725 369/2696
f 366/2680 364/2725 365/2666
f 366/2680 344/2744 354/2759
f 361/3501 294/3510 333/3513
f 319/3452 363/3449 362/3451
f 360/3516 361/3501 353/3517
f 361/3501 333/3513 353/3517
f 359/2808 354/2759 352/2832
f 282/2919 311/2884 334/2869
f 351/3509 358/3496 3998/3507
f 308/2790 357/2852 307/2853
f 356/3521 350/3512 355/3526
f 354/2759 353/2850 352/2832
f 333/2870 352/2832 353/2850
f 350/3512 351/3509 3999/3515
f 347/3450 349/3455 348/3453
f 397/874 269/830 270/879
f 427/2851 357/2852 433/2809
f 307/2853 357/2852 311/2884
f 293/3514 350/3512 356/3521
f 3982/4520 432/4509 3987/4519
f 436/4640 439/4636 438/4635
f 415/4633 438/4635 439/4636
f 439/4528 440/4525 441/4530
f 441/4530 259/4527 430/4532
f 436/4521 440/4525 439/4528
f 416/4643 438/4635 435/4638
f 428/2833 434/2763 359/2808
f 416/4643 284/4654 437/4644
f 293/3514 437/3523 284/3519
f 439/4636 430/4639 415/4633
f 438/4635 416/4643 437/4644
f 438/4635 437/4644 436/4640
f 435/4638 310/4634 309/4641
f 427/2851 311/2884 357/2852
f 368/2760 359/2808 434/2763
f 350/3512 260/3528 355/3526
f 434/2763 429/2834 433/2809
f 431/3525 293/3514 356/3521
f 356/4510 432/4509 431/4513
f 633/4512 355/4511 629/4514
f 350/3512 371/3505 351/3509
f 257/4649 258/4646 263/4642
f 430/4639 261/4656 257/4649
f 257/4649 263/4642 430/4639
f 434/2763 428/2833 429/2834
f 352/2832 428/2833 359/2808
f 257/4649 261/4656 3988/4661
f 433/2809 429/2834 427/2851
f 427/2851 429/2834 428/2833
f 428/2833 352/2832 334/2869
f 334/2869 427/2851 428/2833
f 334/2869 311/2884 427/2851
f 438/4635 310/4634 435/4638
f 426/943 420/961 425/973
f 420/961 421/980 425/973
f 422/1009 424/987 423/1008
f 418/960 421/980 420/961
f 418/960 420/961 419/927
f 419/927 420/961 426/943
f 283/4652 312/4659 417/4665
f 399/857 397/874 270/879
f 398/854 412/814 411/833
f 416/4643 283/4652 284/4654
f 312/4659 283/4652 291/4647
f 430/4639 263/4642 415/4633
f 262/4637 415/4633 263/4642
f 315/611 313/550 414/610
f 412/4828 410/4829 413/4830
f 411/833 405/811 295/771
f 266/728 410/773 409/797
f 403/772 396/754 394/795
f 403/772 394/795 402/810
f 406/2922 408/2885 407/2921
f 295/771 405/811 404/794
f 296/727 396/754 403/772
f 295/771 403/772 402/810
f 394/795 401/832 402/810
f 398/854 402/810 401/832
f 400/853 398/854 401/832
f 296/727 391/703 396/754
f 397/874 399/857 398/854
f 394/795 396/754 395/793
f 393/701 392/752 391/703
f 396/754 392/752 395/793
f 392/4768 490/4769 395/4770
f 413/4830 411/4831 412/4828
f 395/793 400/853 401/832
f 395/793 401/832 394/795
f 400/4771 490/4769 489/4772
f 395/4770 490/4769 400/4771
f 400/4771 489/4772 493/4773
f 400/853 397/874 398/854
f 493/831 278/791 269/830
f 399/857 412/814 398/854
f 399/857 270/879 273/836
f 412/814 399/857 273/836
f 295/771 404/794 297/753
f 411/4831 413/4830 405/4833
f 404/4834 405/4833 413/4830
f 296/727 403/772 295/771
f 266/728 409/797 268/813
f 273/836 409/797 412/814
f 413/4830 410/4829 483/4832
f 411/833 295/771 402/810
f 483/4832 404/4834 413/4830
f 266/728 492/730 410/773
f 398/854 411/833 402/810
f 404/794 482/757 491/755
f 393/701 487/725 392/752
f 490/770 392/752 487/725
f 391/703 392/752 396/754
f 275/634 393/701 485/677
f 489/792 277/724 278/791
f 489/792 490/770 488/769
f 487/725 277/724 488/769
f 274/899 270/879 3934/922
f 278/791 493/831 489/792
f 410/773 412/814 409/797
f 484/657 486/635 485/677
f 483/774 482/757 404/794
f 301/759 302/800 481/778
f 445/4353 418/4352 467/4356
f 471/817 303/777 480/796
f 459/998 479/974 458/988
f 474/979 458/988 479/974
f 470/958 425/973 421/980
f 464/1027 422/1009 454/1029
f 424/987 421/980 418/960
f 478/1039 466/1034 464/1027
f 419/927 2093/888 444/886
f 418/960 465/997 424/987
f 7/1024 477/1031 476/995
f 443/864 475/818 445/885
f 446/884 475/818 451/863
f 457/986 455/996 474/979
f 471/817 473/862 472/839
f 470/958 457/986 474/979
f 469/4367 462/4366 453/4365
f 422/1009 457/986 424/987
f 464/1027 466/1034 456/1007
f 456/1007 422/1009 464/1027
f 449/1038 450/1043 466/1034
f 424/987 465/997 423/1008
f 454/4361 299/4362 463/4364
f 459/4542 468/4544 2087/4537
f 419/927 444/886 467/944
f 461/1028 456/1007 466/1034
f 465/4355 447/4351 423/4358
f 462/1048 464/1027 463/1042
f 446/4354 447/4351 445/4353
f 298/4357 299/4362 454/4361
f 456/1007 461/1028 460/1018
f 459/998 455/996 460/1018
f 455/996 459/998 458/988
f 474/979 455/996 458/988
f 470/958 421/980 457/986
f 457/986 456/1007 455/996
f 457/986 422/1009 456/1007
f 422/1009 423/1008 454/1029
f 452/924 453/957 300/925
f 300/925 298/909 451/863
f 448/1050 450/1043 449/1038
f 298/4357 447/4351 446/4354
f 443/4360 445/4353 444/4359
f 2072/779 481/778 475/818
f 443/864 444/886 513/840
f 173/1020 52/989 512/1010
f 459/4542 461/4545 468/4544
f 4/1049 7/1024 5/1041
f 477/1031 449/1038 478/1039
f 8/1047 449/1038 7/1024
f 476/995 477/1031 478/1039
f 511/1051 8/1047 3/1052
f 8/1047 510/1035 448/1050
f 462/4366 463/4364 453/4365
f 10/1016 508/1005 626/1006
f 449/1038 477/1031 7/1024
f 172/1036 510/1035 511/1051
f 469/4367 476/4368 462/4366
f 451/863 452/924 300/925
f 510/1035 173/1020 468/1019
f 461/4545 450/4547 509/4546
f 453/4365 299/4362 300/4363
f 299/4362 453/4365 463/4364
f 451/863 298/909 446/884
f 475/818 446/884 445/885
f 475/818 443/864 513/840
f 271/985 508/1005 476/995
f 10/1016 476/995 508/1005
f 271/985 476/995 469/972
f 6/1032 10/1016 1/1040
f 476/995 10/1016 7/1024
f 469/972 272/978 271/985
f 452/924 451/863 3968/907
f 301/759 507/734 303/777
f 473/862 471/817 3965/861
f 480/796 303/777 506/776
f 302/800 303/777 471/817
f 472/839 302/800 471/817
f 505/756 480/796 506/776
f 480/796 634/834 3964/856
f 507/734 506/776 303/777
f 480/796 505/756 266/728
f 306/704 304/726 491/755
f 306/704 491/755 482/757
f 492/730 306/704 482/757
f 480/796 266/728 635/812
f 297/753 491/755 304/726
f 491/755 297/753 404/794
f 391/703 296/727 484/657
f 484/657 296/727 504/702
f 305/678 504/702 304/726
f 504/702 297/753 304/726
f 502/705 503/680 266/728
f 501/706 502/705 266/728
f 483/774 410/773 492/730
f 492/730 482/757 483/774
f 276/656 275/634 496/612
f 307/2853 408/2885 2029/2854
f 414/610 500/673 498/655
f 636/529 406/549 499/571
f 416/4643 435/4638 291/4647
f 498/655 315/611 414/610
f 312/2902 292/2903 307/2853
f 408/2885 307/2853 292/2903
f 795/530 313/550 494/572
f 484/657 485/677 391/703
f 312/4659 291/4647 292/4664
f 497/613 486/635 484/657
f 495/551 486/635 497/613
f 393/701 275/634 487/725
f 275/634 277/724 487/725
f 495/551 314/591 496/612
f 486/635 495/551 275/634
f 315/611 496/612 314/591
f 494/572 314/591 495/551
f 292/2903 288/2935 407/2921
f 499/571 406/549 407/590
f 499/571 407/590 288/609
f 309/695 498/655 500/673
f 309/4641 500/4648 435/4638
f 289/654 414/610 515/633
f 313/550 514/589 414/610
f 499/571 514/589 313/550
f 289/654 500/673 414/610
f 408/2885 292/2903 407/2921
f 408/2885 406/2922 1992/2904
f 519/3296 521/3308 520/3317
f 516/4609 518/4612 517/4607
f 528/4788 545/4789 544/4790
f 528/4788 544/4790 543/4791
f 540/3819 542/3818 541/3804
f 537/3836 539/3852 538/3847
f 536/4613 531/4610 517/4607
f 533/4838 535/4844 534/4846
f 516/4609 532/4616 518/4612
f 529/3312 531/3313 530/3275
f 526/4795 528/4788 527/4793
f 525/3838 363/3848 319/3841
f 524/3826 523/3827 522/3820
f 551/2796 390/2818 380/2745
f 548/3458 550/3463 549/3454
f 548/3458 549/3454 348/3453
f 380/4885 387/4884 388/4886
f 380/2745 388/2772 327/2713
f 388/2772 329/2773 327/2713
f 316/3483 329/3503 388/3498
f 335/2682 327/2713 372/2746
f 585/3298 568/3285 547/3297
f 387/2814 390/2818 551/2796
f 579/3457 389/3461 348/3453
f 584/3467 345/3472 325/3478
f 348/3453 349/3455 579/3457
f 286/2741 551/2796 380/2745
f 581/2769 387/2814 551/2796
f 581/2769 583/2739 582/2795
f 580/2652 330/2710 378/2677
f 347/3450 385/3456 349/3455
f 577/3805 522/3820 557/3814
f 3928/3473 386/3460 4008/3470
f 579/3457 349/3455 386/3460
f 625/3466 579/3457 578/3468
f 547/3297 569/3263 4112/3287
f 559/3789 577/3805 562/3790
f 576/3274 575/3265 574/3261
f 572/4799 527/4793 573/4800
f 573/4804 526/4805 572/4806
f 526/4795 527/4793 572/4799
f 569/3263 570/3262 571/3254
f 568/3285 570/3262 569/3263
f 331/3806 562/3790 332/3815
f 565/3839 525/3838 558/3825
f 538/3847 322/3861 567/3854
f 385/3456 347/3450 567/3459
f 565/3839 567/3854 347/3853
f 363/3848 525/3838 565/3839
f 565/3839 538/3847 567/3854
f 332/3815 552/3828 318/3821
f 348/3453 362/3451 347/3450
f 566/3837 538/3847 565/3839
f 558/3825 523/3827 565/3839
f 563/3271 564/3299 521/3308
f 557/3814 332/3815 562/3790
f 561/3822 331/3806 318/3821
f 560/3796 559/3789 639/3780
f 549/3845 550/3855 374/3844
f 385/3456 567/3459 322/3464
f 554/2709 376/2714 374/2770
f 555/2676 556/2771 326/2768
f 325/3478 326/3487 556/3469
f 550/2740 556/2771 555/2676
f 555/2676 554/2709 550/2740
f 362/3451 348/3453 549/3454
f 550/2740 554/2709 374/2770
f 523/3827 558/3825 557/3814
f 550/3463 548/3458 556/3469
f 554/2709 555/2676 375/2651
f 376/2714 554/2709 375/2651
f 553/3832 318/3821 373/3840
f 552/3828 320/3833 318/3821
f 376/3849 373/3840 374/3844
f 549/3845 318/3821 319/3841
f 374/3844 318/3821 549/3845
f 549/3454 319/3452 362/3451
f 318/3821 553/3832 561/3822
f 373/3840 377/3843 553/3832
f 376/3849 377/3843 373/3840
f 528/4788 543/4791 527/4793
f 623/3462 348/3453 584/3467
f 582/3492 325/3478 346/3486
f 581/2769 551/2796 286/2741
f 584/3467 348/3453 389/3461
f 548/3458 623/3462 584/3467
f 555/2676 326/2768 583/2739
f 348/3453 623/3462 548/3458
f 622/2627 375/2651 555/2676
f 584/3467 325/3478 556/3469
f 548/3458 584/3467 556/3469
f 583/2739 580/2652 555/2676
f 580/2652 622/2627 555/2676
f 562/3790 577/3805 557/3814
f 542/3818 618/3824 577/3805
f 332/3815 557/3814 558/3825
f 558/3825 552/3828 332/3815
f 525/3838 320/3833 552/3828
f 523/3827 566/3837 565/3839
f 566/3837 523/3827 524/3826
f 557/3814 522/3820 523/3827
f 620/3835 621/3830 542/3818
f 524/3826 522/3820 577/3805
f 539/3852 638/3860 538/3847
f 595/4608 603/4614 619/4617
f 537/3836 538/3847 566/3837
f 529/4803 591/4802 611/4797
f 541/3804 577/3805 559/3789
f 618/3824 524/3826 577/3805
f 537/3836 566/3837 618/3824
f 595/4608 610/4611 603/4614
f 617/4628 544/4627 545/4631
f 574/3261 575/3265 616/3253
f 617/4628 608/4621 544/4627
f 559/3789 560/3796 541/3804
f 611/4797 573/4800 543/4791
f 615/4796 573/4800 527/4793
f 615/4796 543/4791 573/4800
f 615/4796 527/4793 543/4791
f 530/3275 531/3313 614/3303
f 608/4621 601/4618 610/4611
f 531/3223 536/3218 613/3213
f 614/3220 531/3223 613/3213
f 536/3218 612/3211 613/3213
f 595/4608 609/4606 611/4605
f 536/3218 518/3217 612/3211
f 517/4607 529/4604 609/4606
f 517/4607 531/4610 529/4604
f 601/4618 608/4621 535/4625
f 518/4612 536/4613 517/4607
f 610/4801 611/4797 607/4794
f 517/4607 609/4606 516/4609
f 607/4794 611/4797 543/4791
f 608/4621 607/4624 544/4627
f 544/4790 607/4794 543/4791
f 608/4621 610/4611 607/4624
f 606/3207 605/3214 604/3215
f 610/4611 595/4608 611/4605
f 591/4802 573/4800 611/4797
f 599/3256 576/3274 530/3275
f 603/4614 610/4611 601/4618
f 601/4618 520/4626 602/4623
f 537/3836 600/3846 3919/3851
f 599/3256 575/3265 576/3274
f 530/3275 1216/3266 599/3256
f 591/3302 529/3312 530/3275
f 530/3275 576/3274 591/3302
f 598/3245 570/3262 563/3271
f 597/3246 616/3253 575/3265
f 540/4619 596/4615 595/4608
f 594/4798 592/4792 526/4795
f 590/4810 594/4811 526/4805
f 590/4944 592/4946 594/4947
f 592/4792 528/4788 526/4795
f 587/3307 576/3274 593/3284
f 546/3286 563/3271 570/3262
f 592/4632 534/4630 545/4631
f 592/4792 545/4789 528/4788
f 590/4842 533/4838 534/4846
f 589/4839 533/4838 590/4842
f 573/4804 587/4807 526/4805
f 575/3265 599/3256 597/3246
f 573/4804 591/4808 587/4807
f 591/3302 576/3274 587/3307
f 590/4810 526/4805 588/4809
f 587/4843 589/4839 588/4845
f 593/4840 589/4839 587/4843
f 535/4844 533/4838 519/4841
f 593/4840 519/4841 533/4838
f 535/4625 519/4629 520/4626
f 535/4625 520/4626 601/4618
f 541/3804 560/3796 586/3813
f 542/3818 619/3831 620/3835
f 542/3818 540/3819 619/3831
f 540/4619 586/4622 596/4615
f 620/4620 619/4617 603/4614
f 524/3826 618/3824 566/3837
f 595/4608 516/4609 609/4606
f 595/4608 619/4617 540/4619
f 605/3214 612/3211 518/3217
f 616/3253 598/3245 574/3261
f 577/3805 541/3804 542/3818
f 521/3308 519/3296 563/3271
f 620/3835 600/3846 537/3836
f 3915/3859 537/3836 4009/3857
f 3918/3858 624/3862 4010/3865
f 620/4620 603/4614 601/4618
f 624/3321 520/3317 521/3308
f 585/3298 546/3286 570/3262
f 542/3818 621/3830 618/3824
f 537/3836 621/3830 620/3835
f 624/3862 600/3846 520/3856
f 600/3846 620/3835 602/3850
f 564/3299 546/3286 3920/3309
f 521/3308 564/3299 624/3321
f 601/4618 602/4623 620/4620
f 546/3286 564/3299 563/3271
f 574/3261 598/3245 563/3271
f 593/3284 574/3261 563/3271
f 532/4616 596/4615 586/4622
f 541/3804 586/3813 540/3819
f 612/3211 605/3214 606/3207
f 516/4609 595/4608 596/4615
f 518/3217 532/3221 605/3214
f 532/4616 516/4609 596/4615
f 605/3214 560/3222 604/3215
f 586/3225 560/3222 605/3214
f 571/3254 570/3262 598/3245
f 568/3285 585/3298 570/3262
f 546/3286 547/3297 3923/3318
f 547/3297 568/3285 569/3263
f 361/3501 371/3505 294/3510
f 389/3461 625/3466 281/3471
f 334/3518 294/3510 282/3522
f 451/863 475/818 472/839
f 276/656 496/612 4013/675
f 469/972 453/957 452/924
f 256/3527 260/3528 350/3512
f 313/550 2036/506 636/529
f 3935/4864 452/4865 4016/4866
f 262/4637 627/4645 309/4641
f 627/4645 262/4637 630/4650
f 496/612 632/674 3953/697
f 626/1006 271/985 265/994
f 3975/1017 265/994 3978/1025
f 3969/882 473/862 4005/905
f 3995/3524 350/3512 4000/3520
f 333/2870 334/2869 352/2832
f 302/800 472/839 475/818
f 294/3510 371/3505 293/3514
f 288/4660 291/4647 290/4653
f 515/633 288/609 289/654
f 330/2710 287/2743 379/2711
f 325/3478 582/3492 324/3493
f 583/2739 326/2768 324/2794
f 281/3471 279/3490 316/3483
f 354/2759 359/2808 367/2726
f 346/3486 345/3472 316/3483
f 327/2713 335/2682 328/2657
f 343/3508 337/3502 361/3501
f 343/2797 370/2816 354/2759
f 341/2656 366/2680 340/2608
f 341/2656 342/2629 336/2679
f 317/3497 280/3494 337/3502
f 339/2630 335/2682 336/2679
f 383/2712 287/2743 381/2678
f 383/2712 384/2654 382/2742
f 358/3496 280/3494 281/3471
f 364/2725 354/2759 367/2726
f 360/2840 353/2850 354/2759
f 354/2759 344/2744 343/2797
f 361/3501 360/3516 370/3511
f 361/3501 370/3511 343/3508
f 337/3502 280/3494 361/3501
f 371/3505 361/3501 358/3496
f 259/4527 441/4530 440/4525
f 259/4527 440/4525 442/4516
f 441/4530 430/4532 439/4528
f 293/3514 431/3525 437/3523
f 431/4513 442/4516 436/4521
f 436/4521 437/4524 431/4513
f 442/4516 440/4525 436/4521
f 432/4509 442/4516 431/4513
f 282/4666 283/4652 417/4665
f 312/2902 311/2884 417/2920
f 275/634 495/551 496/612
f 311/2884 282/2919 417/2920
f 310/4634 415/4633 262/4637
f 291/4647 283/4652 416/4643
f 496/612 315/611 498/655
f 400/853 493/831 397/874
f 397/874 493/831 269/830
f 306/704 492/730 503/680
f 488/769 277/724 489/792
f 488/769 490/770 487/725
f 467/4356 444/4359 445/4353
f 467/944 418/960 419/927
f 465/4355 418/4352 447/4351
f 462/1048 478/1039 464/1027
f 461/1028 466/1034 450/1043
f 298/4357 423/4358 447/4351
f 454/4361 423/4358 298/4357
f 460/1018 455/996 456/1007
f 461/1028 459/998 460/1018
f 448/1050 449/1038 8/1047
f 510/1035 509/1044 448/1050
f 512/1010 468/1019 173/1020
f 461/4545 509/4546 468/4544
f 509/1044 510/1035 468/1019
f 450/1043 448/1050 509/1044
f 481/778 302/800 475/818
f 266/728 505/756 501/706
f 484/657 305/678 497/613
f 305/678 484/657 504/702
f 503/680 492/730 266/728
f 494/572 313/550 314/591
f 289/4655 435/4638 500/4648
f 289/4655 290/4653 435/4638
f 435/4638 290/4653 291/4647
f 485/677 486/635 275/634
f 702/531 494/572 495/551
f 499/571 288/609 514/589
f 514/589 515/633 414/610
f 288/609 515/633 514/589
f 3997/3477 625/3466 4012/3484
f 389/3461 345/3472 584/3467
f 583/2739 581/2769 580/2652
f 582/3492 387/3495 581/3500
f 582/2795 583/2739 324/2794
f 582/3492 346/3486 387/3495
f 385/3456 323/3465 386/3460
f 323/3465 385/3456 322/3464
f 4008/3470 323/3465 4011/3475
f 579/3457 386/3460 578/3468
f 552/3828 558/3825 525/3838
f 286/2741 330/2710 580/2652
f 581/2769 286/2741 580/2652
f 588/4845 589/4839 590/4842
f 588/4809 526/4805 587/4807
f 624/3321 564/3299 3916/3329
f 605/3214 532/3221 586/3225
f 208/4450 209/4449 62/4453
f 68/4451 252/4448 208/4450
f 70/3927 207/3899 3326/3922
f 3332/3928 3326/3922 57/3913
f 200/4473 206/4470 205/4467
f 205/4467 206/4470 85/4454
f 203/4954 204/4955 71/4956
f 3854/4957 203/4954 3909/4958
f 201/4044 202/4036 159/4053
f 192/4046 193/4021 201/4044
f 198/4479 199/4474 200/4473
f 73/4482 199/4474 198/4479
f 76/4047 88/4039 197/4018
f 196/4045 197/4018 91/4037
f 80/4126 195/4124 194/4129
f 194/4061 195/4059 2961/4048
f 92/4027 193/4021 191/4038
f 191/4038 193/4021 192/4046
f 91/4037 197/4018 92/4027
f 59/3930 90/3924 89/3935
f 89/4123 90/4116 60/4121
f 87/4055 88/4039 75/4054
f 86/4058 2961/4048 87/4055
f 84/4462 85/4454 67/4458
f 83/4894 57/4890 53/4892
f 74/4118 82/4110 2954/4114
f 3344/4120 2954/4114 81/4122
f 78/4127 81/4122 79/4128
f 79/4128 81/4122 80/4126
f 77/4125 81/4122 78/4127
f 75/4054 88/4039 76/4047
f 69/4115 82/4110 74/4118
f 72/4483 199/4474 73/4482
f 71/4487 204/4480 72/4483
f 63/4457 207/4461 70/4466
f 61/4117 3237/4098 69/4115
f 67/4458 85/4454 68/4451
f 64/4895 66/4893 65/4896
f 56/4891 66/4893 64/4895
f 65/3923 66/3914 3229/3906
f 62/4453 209/4449 63/4457
f 60/4121 90/4116 61/4117
f 58/3929 3229/3906 59/3930
f 54/4887 57/4890 3226/4888
f 55/4889 3226/4888 56/4891
f 53/4892 57/4890 54/4887
f 50/1000 52/989 51/1011
f 49/990 739/975 50/1000
f 47/2116 48/2072 126/2095
f 46/2096 48/2072 47/2116
f 45/2134 44/2112 42/2154
f 42/2154 44/2112 43/2153
f 39/1014 41/1012 40/1022
f 38/1003 738/970 39/1014
f 34/2254 37/2256 35/2298
f 35/2298 37/2256 36/2299
f 33/2214 681/2216 34/2254
f 30/2307 32/2285 31/2328
f 14/2303 2758/2245 30/2307
f 27/2324 29/2282 28/2339
f 25/2319 1663/2277 27/2324
f 28/2339 29/2282 22/2338
f 24/2335 26/2278 25/2319
f 17/2356 22/2338 23/2340
f 23/2340 22/2338 20/2283
f 21/2357 22/2338 16/2366
f 19/2302 20/2283 190/2244
f 18/2325 20/2283 19/2302
f 16/2366 22/2338 17/2356
f 13/2326 15/2265 14/2303
f 189/2284 190/2244 15/2265
f 188/2305 190/2244 189/2284
f 182/2306 32/2285 822/2259
f 2706/2321 822/2259 187/2300
f 31/2328 32/2285 181/2327
f 185/2337 187/2300 186/2322
f 183/2176 184/2158 175/2118
f 100/2201 184/2158 183/2176
f 181/2327 32/2285 182/2306
f 95/2301 180/2280 179/2260
f 179/2260 180/2280 982/2220
f 177/2196 178/2157 170/2173
f 176/2198 178/2157 177/2196
f 174/2174 178/2157 176/2198
f 98/2197 175/2118 174/2174
f 171/1021 173/1020 172/1036
f 51/1011 52/989 171/1021
f 169/1013 2321/993 38/1003
f 168/2239 170/2173 169/2258
f 167/2219 170/2173 168/2239
f 40/1022 41/1012 166/1002
f 166/1002 41/1012 738/970
f 165/982 163/969 162/992
f 164/991 738/970 165/982
f 162/992 163/969 161/1001
f 161/1001 163/969 49/990
f 160/4052 158/4035 156/4057
f 159/4053 202/4036 160/4052
f 156/4057 158/4035 157/4056
f 155/3379 109/3370 107/3391
f 113/3390 991/3365 155/3379
f 104/3376 106/3369 998/3362
f 999/3388 998/3362 1000/3386
f 153/2115 154/2057 46/2096
f 121/2137 154/2057 153/2115
f 150/2133 152/2088 151/2132
f 43/2153 44/2112 150/2133
f 151/2132 152/2088 149/2111
f 147/2152 149/2111 148/2169
f 148/2169 149/2111 680/2149
f 143/2092 146/2069 145/2091
f 132/2094 144/2044 143/2092
f 141/2336 26/2278 142/2349
f 142/2349 26/2278 24/2335
f 36/2299 37/2256 26/2278
f 140/2320 26/2278 141/2336
f 137/3418 139/3417 138/3427
f 116/3410 1023/3405 137/3418
f 136/2156 126/2095 125/2171
f 135/2090 44/2112 45/2134
f 134/2068 644/2054 135/2090
f 145/2091 146/2069 643/2043
f 133/2089 643/2043 134/2068
f 131/2070 144/2044 132/2094
f 129/2093 130/2055 131/2070
f 128/2113 130/2055 129/2093
f 127/2135 130/2055 128/2113
f 124/2136 1238/2114 127/2135
f 125/2171 126/2095 123/2155
f 123/2155 126/2095 124/2136
f 120/3446 122/3437 121/3448
f 119/3442 122/3437 120/3446
f 117/3445 118/3432 119/3442
f 102/3443 118/3432 117/3445
f 115/3404 1000/3386 116/3410
f 112/3400 114/3377 113/3390
f 111/4062 114/4063 112/4064
f 157/4056 158/4035 994/4051
f 110/4060 994/4051 111/4062
f 108/3378 109/3370 997/3359
f 1001/3375 997/3359 106/3369
f 107/3391 109/3370 108/3378
f 105/3387 106/3369 103/3389
f 103/3389 106/3369 104/3376
f 138/3427 139/3417 118/3432
f 101/3439 118/3432 102/3443
f 99/2240 982/2220 100/2201
f 97/2200 175/2118 98/2197
f 96/2304 15/2265 13/2326
f 186/2322 187/2300 180/2280
f 94/2323 180/2280 95/2301
f 93/2190 680/2149 33/2214
f 11/4965 12/4966 3976/4967
f 9/1037 12/1030 11/1046
f 2/1045 10/1016 9/1037
f 172/1036 173/1020 510/1035
f 4/1049 8/1047 7/1024
f 5/1041 7/1024 6/1032
f 6/1032 7/1024 10/1016
f 511/1051 510/1035 8/1047
f 3/1052 8/1047 4/1049
f 1/1040 10/1016 2/1045
f 3758/234 3493/217 3496/254
f 3759/272 3496/254 3813/273
f 4117/157 3803/140 4118/173
f 3760/1148 2952/1147 3415/1117
f 3761/1134 3415/1117 3412/1103
f 3762/1231 3463/1211 3439/1181
f 3763/1260 3440/1243 3762/1231
f 3764/4728 3457/4723 3839/4725
f 3765/4726 3457/4723 3764/4728
f 3766/4720 3457/4723 3472/4721
f 3767/4722 3472/4721 3440/4724
f 3768/4729 3472/4721 3765/4726
f 3769/4730 3453/4727 3768/4729
f 3770/1449 226/1429 227/1385
f 3771/1448 227/1385 3777/1428
f 3772/1472 226/1429 3770/1449
f 3773/1351 3752/1370 3754/1310
f 3774/1332 3754/1310 3453/1272
f 3775/1384 3752/1370 3773/1351
f 3776/1404 3752/1370 3775/1384
f 3777/1428 227/1385 3776/1404
f 3778/1493 226/1429 3772/1472
f 3779/1519 2993/1473 3778/1493
f 3780/1544 2993/1473 3779/1519
f 3781/1570 2993/1473 3780/1544
f 3782/1598 2999/1520 3781/1570
f 3783/99 3582/69 3579/86
f 3784/116 3579/86 3810/136
f 3785/100 2995/87 2969/70
f 3786/118 2969/70 3809/117
f 3787/119 2995/87 3785/100
f 3788/1624 3672/1571 3782/1598
f 3789/1790 3558/1738 3790/1763
f 3790/1763 3558/1738 3652/1716
f 3791/1655 3658/1626 3685/1600
f 3792/1675 3658/1626 3791/1655
f 3793/1625 3672/1571 3788/1624
f 3794/1654 3685/1600 3793/1625
f 3795/1762 3683/1739 3798/1761
f 3796/1789 3652/1716 3795/1762
f 3797/1715 3653/1674 3792/1675
f 3798/1761 3683/1739 3797/1715
f 3799/253 3494/233 3800/271
f 3800/271 3494/233 3504/269
f 3801/326 3554/308 3558/347
f 3802/327 3504/269 3801/326
f 3803/140 3616/121 3577/88
f 3804/139 3577/88 2973/120
f 3805/114 3591/85 3595/115
f 3806/155 3595/115 3014/172
f 3807/188 3014/172 3808/203
f 3808/203 3014/172 3811/223
f 3809/117 2969/70 3783/99
f 3810/136 3579/86 3812/135
f 3811/223 3014/172 3897/221
f 3812/135 3579/86 3805/114
f 3813/273 3496/254 3493/217
f 3814/364 3558/347 3789/387
f 3815/222 3516/187 3758/234
f 3816/202 3516/187 3815/222
f 3817/309 3504/269 3802/327
f 3818/270 3493/217 3799/253
f 3819/4934 3271/4932 3855/4935
f 3820/4933 3271/4932 3819/4934
f 3821/1228 2944/1193 3822/1209
f 3822/1209 2944/1193 2943/1179
f 3823/4713 3263/4708 3257/4710
f 3824/4715 3257/4710 3245/4712
f 3825/4717 3213/4709 3826/4716
f 3826/4716 3213/4709 3823/4713
f 3827/4489 204/4480 3854/4491
f 3828/4484 204/4480 3827/4489
f 3829/3749 3069/3745 3066/3734
f 3830/3750 3069/3745 3829/3749
f 3831/1102 3435/1091 2966/1082
f 3832/1116 2966/1082 3842/1132
f 3833/1146 3412/1103 3834/1133
f 3834/1133 3412/1103 3831/1102
f 3835/1350 3453/1272 3769/1369
f 3836/1273 3440/1243 3763/1260
f 3837/1161 2949/1144 3430/1115
f 3838/1145 3430/1115 3405/1130
f 3839/4725 3457/4723 3766/4720
f 3840/1210 3439/1181 2944/1193
f 3841/1230 2944/1193 3821/1228
f 3842/1132 2966/1082 2964/1131
f 3843/1114 3398/1089 3848/1101
f 3844/1143 3405/1130 3843/1114
f 3845/1163 3405/1130 3846/1160
f 3846/1160 3405/1130 3844/1143
f 3847/1080 3398/1089 3384/1065
f 3848/1101 3398/1089 3847/1080
f 3849/1071 3384/1065 3397/1060
f 3850/1081 3026/1072 3892/1090
f 3851/1079 3397/1060 3850/1081
f 3852/1098 3024/1086 3067/1111
f 3853/1126 3067/1111 3894/1142
f 3854/4957 204/4955 203/4954
f 3855/4485 3271/4481 3316/4475
f 3856/3735 3111/3723 3883/3737
f 3857/3729 3077/3719 3856/3735
f 3858/4752 3297/4745 3859/4748
f 3859/4748 3297/4745 3270/4744
f 3860/3947 3144/3938 3861/3942
f 3861/3942 3144/3938 3125/3917
f 3862/4488 3316/4475 3828/4484
f 3863/4759 3245/4757 3864/4755
f 3864/4755 3245/4757 3300/4747
f 3865/4751 3270/4744 3820/4756
f 3866/4750 3300/4747 3297/4745
f 3867/4754 3297/4745 3858/4752
f 3868/4718 3245/4712 3869/4719
f 3869/4760 3245/4757 3863/4759
f 3870/4711 3145/4704 3213/4709
f 3871/4714 3213/4709 3825/4717
f 3872/3961 3128/3953 3876/3958
f 3873/3964 3128/3953 3872/3961
f 3874/3931 3145/3925 3870/3937
f 3875/3936 3125/3917 3874/3931
f 3876/3958 3128/3953 3877/3954
f 3877/3954 3128/3953 3101/3943
f 3878/3967 3129/3960 3873/3964
f 3879/3968 3130/3965 3878/3967
f 3880/3950 3101/3943 3860/3947
f 3881/3738 3130/3736 3879/3747
f 3882/3730 3112/3714 3881/3738
f 3883/3737 3111/3723 3882/3730
f 3884/3733 3072/3701 3857/3729
f 3885/3740 3070/3727 3884/3733
f 3886/3741 3070/3727 3885/3740
f 3887/3744 3066/3734 3886/3741
f 3888/3751 3049/3742 3830/3750
f 3889/3754 3043/3746 3888/3751
f 3890/3756 3043/3746 3889/3754
f 3891/3759 3044/3752 3890/3756
f 3892/1090 3026/1072 3852/1098
f 3893/1157 3067/1111 3031/1141
f 3894/1142 3067/1111 3893/1157
f 3895/3763 3031/3758 3044/3752
f 3896/3764 3044/3752 3891/3759
f 3897/221 3014/172 3816/202
f 3898/137 2995/87 3787/119
f 3899/138 2995/87 3898/137
f 3900/156 2973/120 3899/138
f 3901/1177 2949/1144 3837/1161
f 3902/1192 2949/1144 3901/1177
f 3903/1180 2952/1147 3760/1148
f 3904/1208 2943/1179 3903/1180
f 3905/1227 2943/1179 3904/1208
f 3906/1178 2949/1144 3902/1192
f 3907/1162 2949/1144 3906/1178
f 3908/1164 2964/1131 3907/1162
f 3910/3504 358/3496 3911/3499
f 3911/3499 358/3496 3930/3491
f 3912/3866 321/3864 539/3852
f 3913/3480 321/3474 3912/3488
f 3914/3863 539/3852 3915/3859
f 3915/3859 539/3852 537/3836
f 3916/3329 564/3299 3917/3327
f 3917/3327 564/3299 3922/3319
f 3918/3858 600/3846 624/3862
f 3919/3851 600/3846 3918/3858
f 3920/3309 546/3286 3921/3320
f 3921/3320 546/3286 4007/3328
f 3922/3319 564/3299 3920/3309
f 3923/3318 547/3297 3924/3326
f 3924/3326 547/3297 4119/3322
f 3925/3481 323/3465 3913/3480
f 3926/3476 578/3468 3927/3479
f 3927/3479 578/3468 3928/3473
f 3928/3473 578/3468 386/3460
f 3929/3482 625/3466 3926/3476
f 3930/3491 358/3496 281/3471
f 3931/3489 625/3466 3929/3482
f 3932/3485 281/3471 3997/3477
f 3933/896 269/830 4001/873
f 3934/922 270/879 3933/896
f 3935/4864 264/4867 452/4865
f 3936/1015 265/994 3935/1004
f 3937/676 275/634 276/656
f 3938/699 276/656 4015/723
f 3939/878 273/836 274/899
f 3940/921 274/899 3996/938
f 3941/4972 628/4973 3984/4974
f 3942/3537 629/3532 3941/3535
f 3943/3529 256/3527 3995/3524
f 3944/3531 256/3527 3943/3529
f 3945/3534 628/3533 3944/3531
f 3946/4515 432/4509 633/4512
f 3947/4518 633/4512 3980/4517
f 3948/721 630/696 3952/750
f 3949/749 632/674 3948/721
f 3950/722 632/674 3949/749
f 3951/4657 262/4637 3986/4658
f 3952/4662 630/4650 3951/4657
f 3953/697 632/674 3950/722
f 3954/898 267/835 3939/878
f 3955/855 635/812 267/835
f 3956/875 634/834 3955/855
f 3957/768 278/791 277/724
f 3958/809 278/791 3957/768
f 3959/852 269/830 3958/809
f 3960/700 275/634 3937/676
f 3961/751 277/724 3960/700
f 3962/877 267/835 3963/897
f 3963/897 267/835 3954/898
f 3964/856 634/834 3956/875
f 3965/861 471/817 480/796
f 3966/876 480/796 3964/856
f 3967/883 472/839 3971/908
f 3968/907 451/863 3967/883
f 3969/882 472/839 473/862
f 3970/906 472/839 3969/882
f 3971/908 472/839 3970/906
f 3972/1023 265/994 3936/1015
f 3973/1033 12/1030 626/1006
f 3974/1026 626/1006 3975/1017
f 3975/1017 626/1006 265/994
f 3976/4967 12/4966 3977/4969
f 3977/4969 12/4966 3979/4970
f 3978/1025 265/994 3972/1023
f 3979/4970 12/4966 3973/4971
f 3980/4517 633/4512 629/4514
f 3981/4523 259/4527 442/4516
f 3982/4520 442/4516 432/4509
f 3983/4522 629/4514 3942/4526
f 3984/3536 628/3533 3945/3534
f 3985/4651 258/4646 257/4649
f 3986/4658 262/4637 3985/4651
f 3987/4519 432/4509 3946/4515
f 3988/4975 261/4976 3989/4977
f 3989/4535 261/4534 259/4527
f 3990/4533 259/4527 3992/4531
f 3991/4529 259/4527 3981/4523
f 3992/4531 259/4527 3991/4529
f 3993/4663 257/4649 3994/4667
f 3994/4667 257/4649 3988/4661
f 3995/3524 256/3527 350/3512
f 3996/938 274/899 4002/939
f 3997/3477 281/3471 625/3466
f 3998/3507 358/3496 3910/3504
f 3999/3515 351/3509 3998/3507
f 4000/3520 350/3512 3999/3515
f 4001/873 269/830 3959/852
f 4002/939 274/899 3934/922
f 4003/942 452/924 3968/907
f 4004/904 473/862 3965/861
f 4005/905 473/862 4004/904
f 4006/3325 546/3286 3923/3318
f 4007/3328 546/3286 4006/3325
f 4008/3470 386/3460 323/3465
f 4009/3857 537/3836 3919/3851
f 4010/3865 624/3862 3916/3867
f 4011/3475 323/3465 3925/3481
f 4012/3484 625/3466 3931/3489
f 4013/675 496/612 3953/697
f 4014/698 276/656 4013/675
f 4015/723 276/656 4014/698
f 4016/956 452/924 4003/942
f 4017/4968 11/4965 3976/4967
f 4018/76 213/42 4019/72
f 4019/72 213/42 4025/61
f 4020/141 3616/121 4117/157
f 4021/2955 962/2889 4022/2948
f 4022/2948 962/2889 4113/2937
f 4023/101 3616/121 4020/141
f 4024/74 3577/88 4023/101
f 4025/61 213/42 2974/41
f 4026/62 3599/50 4024/74
f 4027/73 2974/41 4026/62
f 4028/90 2974/41 4027/73
f 4029/91 2978/63 4018/76
f 4030/71 2974/41 4028/90
f 4031/3143 1109/3110 4075/3142
f 4032/3157 1117/3125 4031/3143
f 4033/3311 1174/3273 4074/3300
f 4034/3301 1174/3273 4033/3311
f 4035/2965 2604/2956 4036/2969
f 4036/2969 2604/2956 4054/2967
f 4037/2915 2918/2924 4041/2946
f 4038/2899 1474/2881 4037/2915
f 4039/2936 962/2889 4040/2947
f 4040/2947 962/2889 4021/2955
f 4041/2946 2918/2924 4039/2936
f 4042/2900 801/2867 4114/2914
f 4043/2916 898/2868 4042/2900
f 4044/2960 2630/2953 4035/2965
f 4045/2964 1804/2931 4044/2960
f 4046/2930 2639/2888 2636/2897
f 4047/2923 2639/2888 4046/2930
f 4048/2925 2640/2905 4047/2923
f 4049/2943 2636/2897 1804/2931
f 4050/2954 1804/2931 4065/2961
f 4051/2966 1804/2931 4045/2964
f 4052/123 1976/103 1909/75
f 4053/2971 777/2958 4052/2968
f 4054/2967 2604/2956 777/2958
f 4055/102 1909/75 4029/91
f 4056/143 1909/75 4057/142
f 4057/142 1909/75 4058/122
f 4058/122 1909/75 4055/102
f 4059/3121 1788/3108 1599/3095
f 4060/3138 1599/3095 1592/3120
f 4061/3264 1174/3273 1173/3239
f 4062/3289 1174/3273 4061/3264
f 4063/3244 1136/3234 1129/3238
f 4064/3252 1129/3238 1122/3260
f 4065/2961 1804/2931 4051/2966
f 4066/2933 1593/2883 4089/2917
f 4067/3194 1783/3177 4066/3188
f 4068/4874 1609/4877 1780/4875
f 4069/4878 1609/4877 4068/4874
f 4070/3122 1781/3096 1120/3109
f 4071/3140 1120/3109 4108/3156
f 4072/3288 1174/3273 4034/3301
f 4073/3255 1173/3239 4063/3244
f 4074/3300 1174/3273 4062/3289
f 4075/3142 1109/3110 4069/3124
f 4076/3123 1781/3096 4070/3122
f 4077/3141 1780/3097 4076/3123
f 4078/3139 1788/3108 4059/3121
f 4079/3155 1120/3109 4078/3139
f 4080/2918 898/2868 4081/2934
f 4081/2934 898/2868 4086/2932
f 4082/2901 898/2868 4080/2918
f 4083/3195 1783/3177 4067/3194
f 4084/3153 1592/3120 1596/3137
f 4085/3169 1596/3137 1783/3177
f 4086/2932 898/2868 4043/2916
f 4087/3182 1783/3177 4088/3189
f 4088/3189 1783/3177 4083/3195
f 4089/2917 1593/2883 4082/2901
f 4090/3154 1592/3120 4091/3170
f 4091/3170 1592/3120 4084/3153
f 4092/3330 1166/3332 4098/3334
f 4093/3315 1170/3324 4092/3330
f 4094/3305 1154/3293 4093/3315
f 4095/3158 1157/3100 1158/3127
f 4096/3160 1158/3127 4099/3145
f 4097/3335 1157/3336 4101/3337
f 4098/3334 1166/3332 4097/3335
f 4099/3145 1158/3127 1121/3111
f 4100/3144 1121/3111 1117/3125
f 4101/3171 1157/3100 4095/3158
f 4102/3316 1123/3294 1126/3281
f 4103/3323 1126/3281 4104/3314
f 4104/3314 1126/3281 4094/3305
f 4105/3270 1122/3260 4110/3283
f 4106/3306 1123/3294 4102/3316
f 4107/3295 1122/3260 4106/3306
f 4108/3156 1120/3109 4079/3155
f 4109/3159 1117/3125 4032/3157
f 4110/3283 1122/3260 4107/3295
f 4111/3272 1173/3239 4072/3288
f 4112/3287 569/3263 4111/3272
f 4113/2937 962/2889 4048/2925
f 4114/2914 801/2867 4038/2899
f 4115/2970 777/2958 4053/2971
f 4116/3310 547/3297 4112/3287
f 4117/157 3616/121 3803/140
f 4119/3322 547/3297 4116/3310
f 4120/3331 3924/3326 4119/3322
usemtl Tile_+031_+021_L21_00023300_untextured
