mtllib Tile_+038_+020_L19_000120.mtl
v 7.90561018e+03 4.81449870e+03 6.88533347e+00
v 7.90525570e+03 4.81324866e+03 5.64014236e+00
v 7.90165922e+03 4.82453081e+03 1.62686866e+01
v 7.89962574e+03 4.82435533e+03 1.58762311e+01
v 7.89780668e+03 4.82420178e+03 1.09872617e+01
v 7.89705469e+03 4.82326483e+03 1.25339082e+01
v 7.89830968e+03 4.82315092e+03 1.18766500e+01
v 7.89590455e+03 4.82081493e+03 7.80001915e+00
v 7.89738119e+03 4.82088957e+03 7.76381237e+00
v 7.90628859e+03 4.81373984e+03 7.21433725e+00
v 7.90530896e+03 4.81487862e+03 5.70004662e+00
v 7.90188880e+03 4.82431288e+03 8.38416314e+00
v 7.89998966e+03 4.82419210e+03 8.14659700e+00
v 7.90355535e+03 4.82425668e+03 8.60195580e+00
v 7.90270909e+03 4.82459255e+03 9.59469680e+00
v 7.90327472e+03 4.81978982e+03 5.98197963e+00
v 7.90503247e+03 4.82018581e+03 6.99554680e+00
v 7.90614409e+03 4.81985824e+03 5.71507842e+00
v 7.90582029e+03 4.81309803e+03 6.68285285e+00
v 7.90608214e+03 4.81284674e+03 5.68634039e+00
v 7.89545495e+03 4.83817893e+03 1.06870296e+01
v 7.89539113e+03 4.83833977e+03 9.74791968e+00
v 7.90464194e+03 4.84371682e+03 1.05103976e+01
v 7.90467039e+03 4.84301363e+03 1.19148411e+01
v 7.90292862e+03 4.84155942e+03 1.73106806e+01
v 7.90280858e+03 4.84141203e+03 1.55674721e+01
v 7.90358222e+03 4.82507653e+03 1.49234535e+01
v 7.90444053e+03 4.82473989e+03 1.40577295e+01
v 7.90636755e+03 4.82487135e+03 1.06744664e+01
v 7.90440660e+03 4.82473527e+03 9.83008965e+00
v 7.89304530e+03 4.82428670e+03 1.11881809e+01
v 7.89383276e+03 4.82436628e+03 1.16749219e+01
v 7.89671059e+03 4.83878598e+03 9.77579419e+00
v 7.89750203e+03 4.83785961e+03 1.00093182e+01
v 7.89827268e+03 4.84269433e+03 9.77879472e+00
v 7.89819156e+03 4.84125713e+03 1.07874359e+01
v 7.89596112e+03 4.84168051e+03 1.06566055e+01
v 7.89619689e+03 4.84371480e+03 1.00761616e+01
v 7.89656176e+03 4.83844155e+03 1.29380587e+01
v 7.89553197e+03 4.83840528e+03 1.55806993e+01
v 7.89868348e+03 4.83799071e+03 1.54916449e+01
v 7.89773617e+03 4.83784985e+03 1.54884542e+01
v 7.89880858e+03 4.84046820e+03 1.21873523e+01
v 7.89924546e+03 4.84145505e+03 1.41417564e+01
v 7.89549603e+03 4.84049312e+03 1.06822514e+01
v 7.89823359e+03 4.83872722e+03 1.36140826e+01
v 7.89702660e+03 4.83860035e+03 1.42040697e+01
v 7.89492532e+03 4.84155430e+03 2.76673344e+01
v 7.90321937e+03 4.84103673e+03 2.91183618e+01
v 7.90401582e+03 4.84143678e+03 2.95713263e+01
v 7.90545669e+03 4.84291804e+03 2.96037551e+01
v 7.90514896e+03 4.84087668e+03 3.00685914e+01
v 7.90256435e+03 4.83680146e+03 3.13113999e+01
v 7.90144834e+03 4.83639710e+03 3.07111501e+01
v 7.90320432e+03 4.83896843e+03 3.03002456e+01
v 7.89922033e+03 4.83974667e+03 2.47756538e+01
v 7.89932913e+03 4.84089101e+03 2.63535632e+01
v 7.90603974e+03 4.84051414e+03 2.93738214e+01
v 7.90644237e+03 4.83557320e+03 3.16402753e+01
v 7.90173900e+03 4.83872964e+03 2.98451623e+01
v 7.90131966e+03 4.84164797e+03 2.90494516e+01
v 7.89384300e+03 4.83685241e+03 2.96111846e+01
v 7.89632909e+03 4.83522325e+03 3.02397920e+01
v 7.90597902e+03 4.84166469e+03 2.74504311e+01
v 7.90621081e+03 4.84060626e+03 2.81864664e+01
v 7.89463654e+03 4.84124619e+03 3.09141372e+01
v 7.89373366e+03 4.84064748e+03 2.96547719e+01
v 7.90126322e+03 4.83674379e+03 2.96808767e+01
v 7.90170378e+03 4.83472557e+03 3.17781822e+01
v 7.89390924e+03 4.84189599e+03 2.94605851e+01
v 7.89903465e+03 4.83806947e+03 2.87384126e+01
v 7.89907057e+03 4.84142926e+03 2.88636778e+01
v 7.90011653e+03 4.84140544e+03 2.63036654e+01
v 7.90072209e+03 4.84175427e+03 2.84228745e+01
v 7.90171766e+03 4.84157343e+03 2.68979877e+01
v 7.90443040e+03 4.84186393e+03 1.66482219e+01
v 7.89675919e+03 4.83842448e+03 1.99311715e+01
v 7.89661394e+03 4.83842793e+03 1.78730255e+01
v 7.90197937e+03 4.82450420e+03 1.19627706e+01
v 7.90014271e+03 4.82424554e+03 1.32481092e+01
v 7.90198545e+03 4.82445715e+03 1.31768247e+01
v 7.90115900e+03 4.82492661e+03 1.46828686e+01
v 7.90318267e+03 4.82514354e+03 1.78939092e+01
v 7.90388397e+03 4.82471710e+03 1.64516011e+01
v 7.89478837e+03 4.83959256e+03 1.68389016e+01
v 7.89493440e+03 4.83988477e+03 1.27831883e+01
v 7.89787829e+03 4.83881180e+03 2.23000154e+01
v 7.89773217e+03 4.83769541e+03 2.07815527e+01
v 7.90132092e+03 4.82501334e+03 1.79192747e+01
v 7.90204568e+03 4.82453236e+03 1.92083056e+01
v 7.90440109e+03 4.84180357e+03 2.07893416e+01
v 7.90297822e+03 4.84141932e+03 2.27265185e+01
v 7.90432225e+03 4.84180775e+03 2.58043659e+01
v 7.90232990e+03 4.84156925e+03 2.44314233e+01
v 7.90383636e+03 4.83537710e+03 3.10000428e+01
v 7.90453228e+03 4.83689617e+03 3.06816614e+01
v 7.89092407e+03 4.83837156e+03 3.14088672e+01
v 7.89468969e+03 4.84082135e+03 2.95571394e+01
v 7.90400409e+03 4.83348412e+03 3.15563648e+01
v 7.90422506e+03 4.83470149e+03 3.20364532e+01
v 7.90452923e+03 4.83182971e+03 3.22149570e+01
v 7.89406462e+03 4.84092695e+03 3.04659061e+01
v 7.90481308e+03 4.83988320e+03 3.03155045e+01
v 7.90379574e+03 4.83981370e+03 3.03452751e+01
v 7.90459411e+03 4.84099341e+03 2.96705768e+01
v 7.89465211e+03 4.82884071e+03 3.28371970e+01
v 7.89443835e+03 4.83094038e+03 3.20085898e+01
v 7.89473162e+03 4.83130975e+03 3.34942110e+01
v 7.90248401e+03 4.83898075e+03 3.04952769e+01
v 7.90486532e+03 4.83378125e+03 3.19804092e+01
v 7.90584800e+03 4.83539652e+03 3.18748710e+01
v 7.90641842e+03 4.83378342e+03 3.19948456e+01
v 7.90389612e+03 4.83118272e+03 3.14143036e+01
v 7.90385246e+03 4.82989997e+03 3.20427476e+01
v 7.90390876e+03 4.83235405e+03 3.14501079e+01
v 7.90135282e+03 4.84150014e+03 1.98559864e+01
v 7.90189387e+03 4.84166029e+03 2.16077943e+01
v 7.90263392e+03 4.84166746e+03 2.78061283e+01
v 7.89583210e+03 4.83864830e+03 2.87846779e+01
v 7.89683298e+03 4.83841688e+03 2.76197366e+01
v 7.89931661e+03 4.84147921e+03 1.89429856e+01
v 7.89912958e+03 4.84021531e+03 1.51816183e+01
v 7.89698174e+03 4.82370798e+03 1.37511442e+01
v 7.89676435e+03 4.82340591e+03 1.50345749e+01
v 7.89924950e+03 4.82344055e+03 1.38294868e+01
v 7.89775418e+03 4.82342205e+03 1.48588294e+01
v 7.89458048e+03 4.82406795e+03 1.71801704e+01
v 7.89485954e+03 4.82304791e+03 1.56572134e+01
v 7.89197952e+03 4.82414156e+03 2.31237427e+01
v 7.89238968e+03 4.82410529e+03 2.52555692e+01
v 7.89798248e+03 4.82329929e+03 2.54371391e+01
v 7.89732900e+03 4.82394700e+03 2.59146807e+01
v 7.89445573e+03 4.82430416e+03 2.12620658e+01
v 7.89456469e+03 4.82429463e+03 1.97685348e+01
v 7.90070476e+03 4.84140458e+03 1.48215492e+01
v 7.89861140e+03 4.83821937e+03 2.51815062e+01
v 7.89789521e+03 4.83764722e+03 2.48413094e+01
v 7.89726900e+03 4.82339304e+03 1.96497340e+01
v 7.89700378e+03 4.82344144e+03 1.74251891e+01
v 7.89927217e+03 4.82337631e+03 1.94136616e+01
v 7.89969573e+03 4.82433520e+03 1.88341729e+01
v 7.89702876e+03 4.82274872e+03 1.63325532e+01
v 7.90179178e+03 4.82459248e+03 2.29321883e+01
v 7.90246138e+03 4.82455629e+03 2.15693765e+01
v 7.89904400e+03 4.82356495e+03 1.16366586e+01
v 7.89684383e+03 4.82477202e+03 1.03831597e+01
v 7.89686092e+03 4.82428909e+03 9.04566237e+00
v 7.90617228e+03 4.82478699e+03 2.45952540e+01
v 7.90507269e+03 4.83685675e+03 3.14716411e+01
v 7.90562610e+03 4.83658025e+03 3.16766543e+01
v 7.90208673e+03 4.83571417e+03 3.22583019e+01
v 7.90297750e+03 4.83417407e+03 3.14986479e+01
v 7.90462250e+03 4.82986993e+03 3.28112958e+01
v 7.89795926e+03 4.82878652e+03 3.27604317e+01
v 7.89803884e+03 4.82724724e+03 3.24909383e+01
v 7.90070539e+03 4.83138852e+03 3.12667679e+01
v 7.90255499e+03 4.83153677e+03 3.18903945e+01
v 7.90247346e+03 4.82857769e+03 3.17745217e+01
v 7.89849193e+03 4.82678829e+03 3.17196721e+01
v 7.90445572e+03 4.82474176e+03 2.17701543e+01
v 7.90321469e+03 4.82510197e+03 2.19867412e+01
v 7.89577250e+03 4.82401729e+03 1.09448294e+01
v 7.89444872e+03 4.82416395e+03 1.03892559e+01
v 7.90628488e+03 4.82481265e+03 1.31588569e+01
v 7.89919093e+03 4.82340824e+03 1.56782436e+01
v 7.89913526e+03 4.82335943e+03 1.71935114e+01
v 7.90345141e+03 4.82487016e+03 1.15039760e+01
v 7.90097416e+03 4.82471769e+03 9.88696843e+00
v 7.90243729e+03 4.83089632e+03 3.22414891e+01
v 7.90639007e+03 4.82551151e+03 3.21166653e+01
v 7.90430215e+03 4.82542366e+03 3.18338053e+01
v 7.89607337e+03 4.82444276e+03 3.41792406e+01
v 7.89556920e+03 4.82390524e+03 3.36190407e+01
v 7.90002421e+03 4.82511385e+03 3.19164388e+01
v 7.89929287e+03 4.82440322e+03 3.15280563e+01
v 7.89860573e+03 4.82477806e+03 3.21886648e+01
v 7.89857671e+03 4.82971396e+03 3.14551659e+01
v 7.90384746e+03 4.84207855e+03 2.95030255e+01
v 7.90378432e+03 4.82531307e+03 2.55936954e+01
v 7.90281661e+03 4.82462300e+03 2.47754079e+01
v 7.90127530e+03 4.82435758e+03 2.39160054e+01
v 7.89423356e+03 4.83199805e+03 3.34297012e+01
v 7.89239223e+03 4.83202725e+03 3.35303702e+01
v 7.90232347e+03 4.83453486e+03 3.17948940e+01
v 7.90168170e+03 4.83653126e+03 3.20328706e+01
v 7.90515675e+03 4.83144179e+03 3.16717175e+01
v 7.90481065e+03 4.83012558e+03 3.20970552e+01
v 7.89447328e+03 4.83177998e+03 3.20583244e+01
v 7.90544670e+03 4.82899691e+03 3.17308039e+01
v 7.90647801e+03 4.83020473e+03 3.20940736e+01
v 7.89520816e+03 4.83263685e+03 3.15782856e+01
v 7.89785806e+03 4.83222149e+03 3.08779001e+01
v 7.90267057e+03 4.82907335e+03 3.28137018e+01
v 7.90263003e+03 4.82949383e+03 3.29923096e+01
v 7.90236102e+03 4.83414918e+03 3.03944011e+01
v 7.90512270e+03 4.82937124e+03 3.28929680e+01
v 7.90431186e+03 4.82887524e+03 3.18251610e+01
v 7.90128239e+03 4.83041196e+03 3.16133662e+01
v 7.89924497e+03 4.82438631e+03 3.06990837e+01
v 7.90081489e+03 4.82449972e+03 3.04441403e+01
v 7.89815066e+03 4.82902067e+03 3.20868164e+01
v 7.89555858e+03 4.82868294e+03 3.25890773e+01
v 7.89597415e+03 4.82911567e+03 3.17520799e+01
v 7.90195695e+03 4.82501743e+03 3.15813494e+01
v 7.89848233e+03 4.82412963e+03 3.37526378e+01
v 7.89110171e+03 4.82540240e+03 3.37685820e+01
v 7.89370361e+03 4.82550451e+03 3.35860985e+01
v 7.89836335e+03 4.82691014e+03 3.37757943e+01
v 7.89619802e+03 4.82647611e+03 3.42271077e+01
v 7.89482663e+03 4.82316872e+03 2.69853222e+01
v 7.89455298e+03 4.82419036e+03 2.75977252e+01
v 7.89622001e+03 4.82735015e+03 3.28128684e+01
v 7.89523942e+03 4.82986162e+03 3.34933378e+01
v 7.89527456e+03 4.82932221e+03 3.28751948e+01
v 7.89519901e+03 4.82478278e+03 3.20553213e+01
v 7.89574867e+03 4.82384233e+03 3.24097561e+01
v 7.89507769e+03 4.82342730e+03 3.18630582e+01
v 7.90007766e+03 4.83164702e+03 3.11567540e+01
v 7.90019361e+03 4.83165047e+03 3.11453581e+01
v 7.89400635e+03 4.82492546e+03 2.57920804e+01
v 7.90510574e+03 4.83025863e+03 3.12691117e+01
v 7.90466540e+03 4.82511086e+03 3.10341489e+01
v 7.89281039e+03 4.82406899e+03 2.93142570e+01
v 7.89590236e+03 4.82283820e+03 2.43102997e+01
v 7.89494250e+03 4.82307531e+03 2.33768853e+01
v 7.89914040e+03 4.82337475e+03 2.40339957e+01
v 7.89752132e+03 4.82311232e+03 2.43578409e+01
v 7.89455459e+03 4.82386828e+03 3.00944810e+01
v 7.89580337e+03 4.82324631e+03 3.19229018e+01
v 7.89496622e+03 4.82304720e+03 2.88879400e+01
v 7.89851047e+03 4.82411013e+03 3.23491250e+01
v 7.89905599e+03 4.82362790e+03 3.15526017e+01
v 7.89705797e+03 4.82361424e+03 3.17249089e+01
v 7.89686570e+03 4.82347421e+03 2.30627452e+01
v 7.90425019e+03 4.82473290e+03 2.49471263e+01
v 7.90459463e+03 4.82459942e+03 2.62637075e+01
v 7.90350897e+03 4.82471226e+03 2.01509966e+01
v 7.89962626e+03 4.82425008e+03 2.97681213e+01
v 7.89532287e+03 4.83007085e+03 3.15811130e+01
v 7.89547057e+03 4.82970555e+03 3.13868283e+01
v 7.89919638e+03 4.82344779e+03 2.99585985e+01
v 7.90325614e+03 4.82463312e+03 3.02577958e+01
v 7.90115344e+03 4.82450780e+03 2.78852751e+01
v 7.90225048e+03 4.82408702e+03 8.76088850e+00
v 7.89400767e+03 4.82145097e+03 6.74473400e+00
v 7.89433350e+03 4.82028881e+03 7.31426691e+00
v 7.89237136e+03 4.82127422e+03 6.81852697e+00
v 7.89253370e+03 4.82395999e+03 6.92516642e+00
v 7.88946424e+03 4.82373282e+03 7.06717121e+00
v 7.89465959e+03 4.82399951e+03 9.02523443e+00
v 7.89637533e+03 4.82414970e+03 6.56624329e+00
v 7.89269983e+03 4.81961672e+03 6.69705843e+00
v 7.89203686e+03 4.81954048e+03 7.78610921e+00
v 7.89385868e+03 4.81979687e+03 6.81958610e+00
v 7.89791016e+03 4.82443002e+03 1.00790820e+01
v 7.89696804e+03 4.82489515e+03 7.58368044e+00
v 7.90098218e+03 4.82489687e+03 1.11926494e+01
v 7.89964764e+03 4.82431930e+03 1.21661967e+01
v 7.89754166e+03 4.81996014e+03 7.63310575e+00
v 7.90494528e+03 4.82451520e+03 6.75178877e+00
v 7.89701795e+03 4.81255629e+03 6.17170420e+00
v 7.89353029e+03 4.81252486e+03 6.35443071e+00
v 7.89553682e+03 4.81966081e+03 7.50829627e+00
v 7.89993159e+03 4.82397349e+03 6.28317379e+00
v 7.89788580e+03 4.82420043e+03 6.52671476e+00
v 7.90275962e+03 4.81594567e+03 5.75212192e+00
v 7.90430850e+03 4.81229697e+03 5.62322822e+00
v 7.90309909e+03 4.82160690e+03 6.03016813e+00
v 7.89984796e+03 4.82439789e+03 7.08053943e+00
v 7.90053741e+03 4.82494891e+03 6.90291749e+00
v 7.90227564e+03 4.82425784e+03 6.15850782e+00
v 7.89510674e+03 4.82396971e+03 6.67230276e+00
v 7.89797055e+03 4.82158914e+03 6.39797722e+00
v 7.89810673e+03 4.81963389e+03 6.33335944e+00
v 7.90372686e+03 4.82013416e+03 6.82551987e+00
v 7.90240778e+03 4.82448686e+03 8.01778533e+00
v 7.90308755e+03 4.82531777e+03 7.07267573e+00
v 7.89933139e+03 4.84143792e+03 1.10718089e+01
v 7.89932016e+03 4.84172378e+03 1.00471666e+01
v 7.89437489e+03 4.82414235e+03 2.40792202e+01
v 7.90003134e+03 4.84154519e+03 1.64935198e+01
v 7.90510125e+03 4.82449808e+03 7.92428963e+00
v 7.89521933e+03 4.83854316e+03 1.88277813e+01
v 7.89562665e+03 4.83846893e+03 2.76169755e+01
v 7.89530705e+03 4.83845138e+03 2.63150221e+01
v 7.89602480e+03 4.83815661e+03 2.43384347e+01
v 7.89521099e+03 4.84121239e+03 2.87748980e+01
v 7.89522581e+03 4.83983893e+03 2.87367588e+01
v 7.89685762e+03 4.83841922e+03 2.62533074e+01
v 7.89927023e+03 4.84151885e+03 2.43510181e+01
v 7.90086013e+03 4.83500678e+03 3.01313431e+01
v 7.90442837e+03 4.84289025e+03 2.86365195e+01
v 7.90368334e+03 4.84273379e+03 2.78268941e+01
v 7.89720772e+03 4.82322555e+03 2.90522709e+01
v 7.89838353e+03 4.82331781e+03 3.11426114e+01
v 7.89958384e+03 4.82425425e+03 1.06999281e+01
v 7.90026532e+03 4.82926820e+03 3.15075362e+01
v 7.89955155e+03 4.82415899e+03 2.40132410e+01
v 7.89960955e+03 4.82431926e+03 2.73551939e+01
v 7.90446911e+03 4.84195719e+03 2.34130309e+01
v 7.90106569e+03 4.82504825e+03 2.19798874e+01
v 7.90069446e+03 4.82458560e+03 2.09311061e+01
v 7.89647137e+03 4.83809351e+03 1.64016837e+01
v 7.89621341e+03 4.81632410e+03 6.28832323e+00
v 7.89562536e+03 4.81924988e+03 6.44327405e+00
v 7.89803923e+03 4.83996965e+03 1.09648805e+01
v 7.89781833e+03 4.83773207e+03 1.72263613e+01
v 7.90638529e+03 4.82483970e+03 2.07330984e+01
v 7.87619689e+03 4.82346045e+03 1.49665478e+01
v 7.87561844e+03 4.82369239e+03 1.47773446e+01
v 7.87565435e+03 4.82309483e+03 1.67581146e+01
v 7.87635408e+03 4.82339312e+03 1.75363967e+01
v 7.87576772e+03 4.81260392e+03 1.72220010e+01
v 7.88346703e+03 4.84330652e+03 1.93536316e+01
v 7.88359314e+03 4.84156121e+03 1.86646491e+01
v 7.87550032e+03 4.82390861e+03 2.56122058e+01
v 7.87549238e+03 4.82320339e+03 2.74946624e+01
v 7.87507207e+03 4.82301079e+03 1.27967163e+01
v 7.87549388e+03 4.82398072e+03 1.88802398e+01
v 7.87594383e+03 4.82348994e+03 1.98259132e+01
v 7.87524562e+03 4.82331635e+03 2.08906046e+01
v 7.87551192e+03 4.82401473e+03 2.23685546e+01
v 7.87663395e+03 4.82334835e+03 2.24057956e+01
v 7.87578534e+03 4.82314204e+03 3.02029958e+01
v 7.87811715e+03 4.82414436e+03 2.22380298e+01
v 7.87938143e+03 4.82341172e+03 2.24151161e+01
v 7.87832041e+03 4.82377666e+03 1.07286088e+01
v 7.87743679e+03 4.82327981e+03 1.16448099e+01
v 7.87584578e+03 4.82415913e+03 1.73755318e+01
v 7.87532566e+03 4.82320063e+03 2.46683942e+01
v 7.87477842e+03 4.82332417e+03 2.29847675e+01
v 7.87784715e+03 4.82319660e+03 3.02306456e+01
v 7.88625094e+03 4.84342735e+03 2.66487867e+01
v 7.88615161e+03 4.84053848e+03 2.71374754e+01
v 7.88268478e+03 4.84214290e+03 2.81026786e+01
v 7.88261864e+03 4.84388681e+03 2.87663345e+01
v 7.88570462e+03 4.84050238e+03 2.57157315e+01
v 7.88943611e+03 4.83485346e+03 3.10163761e+01
v 7.88886797e+03 4.83689684e+03 3.00522894e+01
v 7.88389028e+03 4.83390468e+03 3.13482258e+01
v 7.88284933e+03 4.83422752e+03 3.13373956e+01
v 7.88302985e+03 4.84074059e+03 1.88923390e+01
v 7.88357645e+03 4.84015429e+03 1.88615182e+01
v 7.88576201e+03 4.84050668e+03 2.25625475e+01
v 7.88535602e+03 4.84081377e+03 2.10136890e+01
v 7.88611485e+03 4.84267655e+03 2.05376385e+01
v 7.88531213e+03 4.84268538e+03 1.88170281e+01
v 7.88429748e+03 4.84098999e+03 1.77670906e+01
v 7.88568822e+03 4.84078858e+03 2.45571033e+01
v 7.88310852e+03 4.84018033e+03 2.26173005e+01
v 7.88279609e+03 4.84196666e+03 2.16077183e+01
v 7.88417767e+03 4.84053671e+03 2.09906765e+01
v 7.88765701e+03 4.82393659e+03 2.19074320e+01
v 7.88653505e+03 4.82395284e+03 2.16321209e+01
v 7.89035245e+03 4.82416257e+03 2.20724342e+01
v 7.88927495e+03 4.82405777e+03 2.20921244e+01
v 7.88999654e+03 4.82399037e+03 2.01651613e+01
v 7.88915054e+03 4.82410387e+03 1.95701468e+01
v 7.89105758e+03 4.82471187e+03 2.29338820e+01
v 7.88315264e+03 4.84104536e+03 2.08363798e+01
v 7.88063122e+03 4.82411744e+03 1.37704042e+01
v 7.87978355e+03 4.82351347e+03 1.37043831e+01
v 7.87886791e+03 4.82358380e+03 1.48106045e+01
v 7.88247334e+03 4.82350395e+03 1.32795927e+01
v 7.88347039e+03 4.82385811e+03 1.48729866e+01
v 7.88395319e+03 4.82386448e+03 1.75304459e+01
v 7.88504740e+03 4.82385144e+03 1.74220074e+01
v 7.88330070e+03 4.82341699e+03 1.67520652e+01
v 7.89111178e+03 4.82423069e+03 1.53263902e+01
v 7.88913936e+03 4.82410545e+03 1.50048247e+01
v 7.89090187e+03 4.82374789e+03 1.67567315e+01
v 7.89169143e+03 4.82426462e+03 1.76002403e+01
v 7.89278988e+03 4.82402179e+03 1.67613665e+01
v 7.89312931e+03 4.82420656e+03 2.07399813e+01
v 7.89186417e+03 4.82426351e+03 1.91231017e+01
v 7.88855329e+03 4.82468229e+03 1.75880320e+01
v 7.88836087e+03 4.82467950e+03 1.88982522e+01
v 7.88577349e+03 4.82457393e+03 1.87001747e+01
v 7.88563257e+03 4.82473437e+03 1.74374119e+01
v 7.88156003e+03 4.82356985e+03 1.71747720e+01
v 7.88161303e+03 4.82368645e+03 1.52576921e+01
v 7.89116377e+03 4.82400967e+03 2.89420922e+01
v 7.89001077e+03 4.82368610e+03 2.93158430e+01
v 7.88623169e+03 4.82385346e+03 2.43174070e+01
v 7.88830378e+03 4.82412233e+03 2.49721350e+01
v 7.88850748e+03 4.82396113e+03 2.76239696e+01
v 7.88643502e+03 4.82383903e+03 2.73150632e+01
v 7.88665474e+03 4.82362871e+03 3.02621271e+01
v 7.88842624e+03 4.82374022e+03 3.05378219e+01
v 7.88541337e+03 4.82381977e+03 2.05696357e+01
v 7.87946589e+03 4.82343455e+03 1.91364086e+01
v 7.88080073e+03 4.82369978e+03 2.08234878e+01
v 7.87809440e+03 4.82349548e+03 2.09449802e+01
v 7.88246801e+03 4.82364306e+03 2.16357444e+01
v 7.88234418e+03 4.82365397e+03 2.29210321e+01
v 7.88822650e+03 4.82406915e+03 2.38452661e+01
v 7.88855926e+03 4.82476626e+03 2.21003607e+01
v 7.87829269e+03 4.82404188e+03 2.55966500e+01
v 7.87776406e+03 4.82338457e+03 2.72144397e+01
v 7.88699459e+03 4.82377536e+03 2.55218332e+01
v 7.88499229e+03 4.82380387e+03 2.30929985e+01
v 7.88467065e+03 4.82353487e+03 2.37895602e+01
v 7.88293983e+03 4.82352647e+03 3.08253544e+01
v 7.88386316e+03 4.82350088e+03 2.89457364e+01
v 7.89055594e+03 4.82404589e+03 2.72273314e+01
v 7.88330096e+03 4.82373834e+03 2.73851587e+01
v 7.88009635e+03 4.82339398e+03 3.05669278e+01
v 7.89033406e+03 4.82368756e+03 3.03003643e+01
v 7.88011913e+03 4.82347988e+03 2.70865900e+01
v 7.88919505e+03 4.82408278e+03 1.77373807e+01
v 7.88759085e+03 4.82102323e+03 7.16792700e+00
v 7.88658644e+03 4.82082074e+03 7.29313699e+00
v 7.87894085e+03 4.82334330e+03 9.72744454e+00
v 7.87722980e+03 4.82317801e+03 9.56034831e+00
v 7.88260909e+03 4.81892852e+03 8.25555184e+00
v 7.88153198e+03 4.82019604e+03 7.61697049e+00
v 7.88363058e+03 4.82440953e+03 9.00988419e+00
v 7.88298529e+03 4.82437725e+03 8.35729560e+00
v 7.87898267e+03 4.82331684e+03 1.17837738e+01
v 7.88017088e+03 4.82330731e+03 9.30044230e+00
v 7.88621718e+03 4.81902615e+03 8.44262362e+00
v 7.88473100e+03 4.81929645e+03 8.34260357e+00
v 7.88492101e+03 4.82028538e+03 8.32946456e+00
v 7.88846044e+03 4.82431410e+03 1.02780355e+01
v 7.88933777e+03 4.82379669e+03 9.30988828e+00
v 7.88383983e+03 4.82414524e+03 7.76030411e+00
v 7.88407414e+03 4.82325020e+03 7.45015533e+00
v 7.89099310e+03 4.82383789e+03 1.28385640e+01
v 7.89195535e+03 4.82403956e+03 1.09039684e+01
v 7.88904077e+03 4.82396109e+03 1.15273717e+01
v 7.89293818e+03 4.82403966e+03 9.43391313e+00
v 7.89132341e+03 4.82393901e+03 8.99194175e+00
v 7.88925203e+03 4.81458574e+03 6.70848729e+00
v 7.88268053e+03 4.84256569e+03 2.58820983e+01
v 7.88193639e+03 4.84394054e+03 2.63428659e+01
v 7.88281674e+03 4.84177441e+03 2.41043769e+01
v 7.88326786e+03 4.84038817e+03 2.44825551e+01
v 7.88426844e+03 4.84035571e+03 2.73847925e+01
v 7.88473388e+03 4.84069481e+03 2.86984418e+01
v 7.88249850e+03 4.83565626e+03 3.12078849e+01
v 7.88308864e+03 4.83580849e+03 3.03449861e+01
v 7.88196046e+03 4.82349515e+03 2.56003498e+01
v 7.88075783e+03 4.82367002e+03 2.48229348e+01
v 7.88346199e+03 4.82112519e+03 7.53363315e+00
v 7.89023702e+03 4.82403804e+03 1.71964275e+01
v 7.88770711e+03 4.82401825e+03 1.74066261e+01
v 7.89092325e+03 4.82482851e+03 1.77621940e+01
v 7.88377606e+03 4.82043916e+03 8.59560301e+00
v 7.88837301e+03 4.82403685e+03 2.06562434e+01
v 7.88294056e+03 4.82499476e+03 3.36680500e+01
v 7.88443029e+03 4.84268451e+03 1.84892084e+01
v 7.88555599e+03 4.84074400e+03 1.91056499e+01
v 7.87822614e+03 4.84039945e+03 3.16482571e+01
v 7.87819063e+03 4.83555842e+03 3.16256008e+01
v 7.87687449e+03 4.84310433e+03 3.17702188e+01
v 7.87810684e+03 4.84162654e+03 3.16411559e+01
v 7.87693238e+03 4.84390969e+03 3.24825787e+01
v 7.87581295e+03 4.84396071e+03 3.22327376e+01
v 7.87575438e+03 4.84295101e+03 3.11399223e+01
v 7.87557077e+03 4.83562244e+03 3.20910896e+01
v 7.87577977e+03 4.83445597e+03 3.21668321e+01
v 7.87579904e+03 4.83598996e+03 3.22057340e+01
v 7.87596976e+03 4.83502935e+03 3.21837219e+01
v 7.87722199e+03 4.83545477e+03 3.16865876e+01
v 7.87641809e+03 4.83454389e+03 3.12336941e+01
v 7.87732541e+03 4.83182191e+03 3.16755634e+01
v 7.87794109e+03 4.82832956e+03 3.27765825e+01
v 7.87634725e+03 4.83583204e+03 3.10677577e+01
v 7.87589584e+03 4.83152618e+03 3.33094456e+01
v 7.87542550e+03 4.83152376e+03 3.16656462e+01
v 7.87562583e+03 4.82993841e+03 3.21385440e+01
v 7.87723672e+03 4.83131214e+03 3.19932914e+01
v 7.87654163e+03 4.82923636e+03 3.26296581e+01
v 7.87626779e+03 4.82936467e+03 3.33921558e+01
v 7.87577688e+03 4.82901586e+03 3.26736535e+01
v 7.87577986e+03 4.82973051e+03 3.33778586e+01
v 7.87760263e+03 4.84379086e+03 3.17779708e+01
v 7.87644582e+03 4.83053098e+03 3.22970454e+01
v 7.87629567e+03 4.83057101e+03 3.36435438e+01
v 7.87628702e+03 4.83121319e+03 3.41015972e+01
v 7.87699587e+03 4.83936282e+03 3.16412719e+01
v 7.87551420e+03 4.83632067e+03 3.05149993e+01
v 7.87733370e+03 4.83398819e+03 3.15702700e+01
v 7.87541300e+03 4.83424123e+03 3.07723851e+01
v 7.87688179e+03 4.83145735e+03 3.33636386e+01
v 7.87616525e+03 4.83252924e+03 3.12520236e+01
v 7.87529127e+03 4.83577230e+03 3.02117169e+01
v 7.87928767e+03 4.83356598e+03 3.10714466e+01
v 7.87848848e+03 4.84232888e+03 3.10535263e+01
v 7.87891639e+03 4.84029306e+03 3.10313650e+01
v 7.87870377e+03 4.83435743e+03 3.10888841e+01
v 7.87700771e+03 4.82338970e+03 1.38439044e+01
v 7.87564482e+03 4.82377076e+03 1.37315936e+01
v 7.87585909e+03 4.81286589e+03 1.47477035e+01
v 7.87747045e+03 4.81249192e+03 1.53886280e+01
v 7.87779381e+03 4.82319710e+03 1.66962833e+01
v 7.87816067e+03 4.82397018e+03 1.40057814e+01
v 7.88293914e+03 4.83563201e+03 3.19607259e+01
v 7.87797551e+03 4.82306593e+03 1.30615842e+01
v 7.87618652e+03 4.81227213e+03 2.05811970e+01
v 7.87659887e+03 4.81266710e+03 1.96079903e+01
v 7.87498103e+03 4.81234841e+03 1.79999377e+01
v 7.87513659e+03 4.81272629e+03 1.94318536e+01
v 7.87571185e+03 4.81243452e+03 1.96772018e+01
v 7.87810795e+03 4.82423065e+03 1.76609790e+01
v 7.87735579e+03 4.82345336e+03 1.73800305e+01
v 7.87808724e+03 4.82411893e+03 1.88181537e+01
v 7.87722516e+03 4.82336056e+03 1.95989155e+01
v 7.87488880e+03 4.82332873e+03 1.73175745e+01
v 7.87833182e+03 4.82383714e+03 1.50131405e+01
v 7.87674940e+03 4.81297617e+03 2.08194038e+01
v 7.87842194e+03 4.82349111e+03 2.43933439e+01
v 7.87689943e+03 4.82325112e+03 2.54054920e+01
v 7.88112024e+03 4.82368355e+03 2.35956909e+01
v 7.88014611e+03 4.82352355e+03 2.35790304e+01
v 7.87720657e+03 4.82327506e+03 2.36535840e+01
v 7.87484720e+03 4.82336102e+03 2.55023558e+01
v 7.87881294e+03 4.82482297e+03 3.37793536e+01
v 7.87922344e+03 4.82338695e+03 2.62450823e+01
v 7.87705472e+03 4.81235464e+03 2.05888736e+01
v 7.87561547e+03 4.81304850e+03 1.91465662e+01
v 7.88306644e+03 4.82455371e+03 2.17254243e+01
v 7.87725742e+03 4.82303650e+03 7.89726100e+00
v 7.87581857e+03 4.82313151e+03 8.73061758e+00
v 7.87690662e+03 4.81955171e+03 8.37166161e+00
v 7.87774173e+03 4.82046694e+03 7.85163510e+00
v 7.88337014e+03 4.81899892e+03 8.52306718e+00
v 7.87955677e+03 4.82326259e+03 7.76268564e+00
v 7.87560409e+03 4.82349446e+03 1.02945185e+01
v 7.87609449e+03 4.82325595e+03 1.17138509e+01
v 7.87837934e+03 4.81843326e+03 8.72890385e+00
v 7.87593996e+03 4.81809589e+03 7.81279293e+00
v 7.87723339e+03 4.81274749e+03 7.53095111e+00
v 7.87568219e+03 4.81275950e+03 8.24145899e+00
v 7.87950822e+03 4.81274377e+03 8.72237569e+00
v 7.87827897e+03 4.81302714e+03 8.33371211e+00
v 7.87895172e+03 4.81400054e+03 7.45709615e+00
v 7.87998274e+03 4.82041477e+03 7.63677639e+00
v 7.87847657e+03 4.81991008e+03 8.79445122e+00
v 7.87948289e+03 4.81827897e+03 7.89055426e+00
v 7.87819733e+03 4.81783483e+03 7.64426990e+00
v 7.88183947e+03 4.81858488e+03 7.41109187e+00
v 7.87627754e+03 4.82043551e+03 7.88656230e+00
v 7.88448182e+03 4.82366879e+03 2.53442313e+01
v 7.88323545e+03 4.82429857e+03 2.56565440e+01
v 7.88122224e+03 4.83161059e+03 3.33778130e+01
v 7.88098129e+03 4.83091799e+03 3.21300625e+01
v 7.90543265e+03 4.84363165e+03 1.38350734e+01
v 7.90126966e+03 4.84164790e+03 1.31049194e+01
v 7.89868750e+03 4.83914742e+03 1.25997844e+01
v 7.89555974e+03 4.83833543e+03 1.27569166e+01
v 7.89495976e+03 4.84113024e+03 1.15386591e+01
v 7.89864718e+03 4.83788146e+03 1.09479723e+01
v 7.89696444e+03 4.84079890e+03 1.05546537e+01
v 7.89831336e+03 4.83825682e+03 1.02930227e+01
v 7.89659187e+03 4.83836943e+03 1.03446376e+01
v 7.90469006e+03 4.84316852e+03 1.62806473e+01
v 7.89769762e+03 4.83778861e+03 1.28303947e+01
v 7.90629735e+03 4.83793300e+03 2.85897128e+01
v 7.90464083e+03 4.84298571e+03 2.52412241e+01
v 7.89454911e+03 4.84016120e+03 2.67136771e+01
v 7.89529488e+03 4.84131227e+03 2.49991664e+01
v 7.89482721e+03 4.84397522e+03 2.75529466e+01
v 7.89621352e+03 4.83852416e+03 2.30439101e+01
v 7.89651932e+03 4.83888328e+03 2.22729687e+01
v 7.89568115e+03 4.83826429e+03 2.14714186e+01
v 7.89675672e+03 4.83855233e+03 2.15811433e+01
v 7.89861058e+03 4.83809029e+03 1.67852591e+01
v 7.89874181e+03 4.83787245e+03 1.86406806e+01
v 7.89900910e+03 4.84121816e+03 2.11662147e+01
v 7.89459613e+03 4.82426416e+03 1.44546264e+01
v 7.90342778e+03 4.83667233e+03 3.05802810e+01
v 7.90344738e+03 4.83438334e+03 3.09339784e+01
v 7.90620683e+03 4.83488833e+03 3.00733502e+01
v 7.90459876e+03 4.84280342e+03 1.94853778e+01
v 7.90526518e+03 4.84383473e+03 1.95899450e+01
v 7.89849733e+03 4.83776943e+03 2.32021032e+01
v 7.89869330e+03 4.83943765e+03 2.30573787e+01
v 7.89360755e+03 4.82487389e+03 1.88766905e+01
v 7.89292036e+03 4.82428657e+03 1.74784888e+01
v 7.89304394e+03 4.82434740e+03 2.32643569e+01
v 7.89716383e+03 4.82364060e+03 1.85818711e+01
v 7.89610683e+03 4.82321586e+03 1.73583729e+01
v 7.89390966e+03 4.82493846e+03 1.74197628e+01
v 7.90086166e+03 4.82480801e+03 2.27028513e+01
v 7.90140713e+03 4.82500524e+03 2.54039108e+01
v 7.90053401e+03 4.82476443e+03 2.51802134e+01
v 7.89746406e+03 4.82334097e+03 2.72841059e+01
v 7.89527030e+03 4.83869050e+03 2.30974859e+01
v 7.90222677e+03 4.82441952e+03 3.07960619e+01
v 7.90319445e+03 4.82463074e+03 2.74834219e+01
v 7.90184318e+03 4.82458888e+03 2.51660504e+01
v 7.89460757e+03 4.82417809e+03 2.50725297e+01
v 7.89551753e+03 4.82554535e+03 3.37545753e+01
v 7.89431979e+03 4.82411412e+03 1.30350006e+01
v 7.89343350e+03 4.82489023e+03 1.03442639e+01
v 7.89951683e+03 4.82431361e+03 9.16528606e+00
v 7.89576883e+03 4.83814327e+03 2.01616265e+01
v 7.90341351e+03 4.84170560e+03 1.28992403e+01
v 7.90444155e+03 4.84191382e+03 1.17861295e+01
v 7.89502740e+03 4.83933608e+03 2.02789331e+01
v 7.89873891e+03 4.83993799e+03 2.15026564e+01
v 7.89969684e+03 4.82434802e+03 2.19832898e+01
v 7.89515781e+03 4.83903309e+03 2.52019200e+01
v 7.89394284e+03 4.82501838e+03 2.24378537e+01
v 7.90030616e+03 4.82403301e+03 8.70666686e+00
v 7.90447729e+03 4.81346945e+03 5.91290134e+00
v 7.90021759e+03 4.83153770e+03 3.11643541e+01
v 7.90370337e+03 4.84328078e+03 1.04420152e+01
v 7.90233835e+03 4.84175673e+03 1.03433555e+01
v 7.90344555e+03 4.84153622e+03 1.07569048e+01
v 7.89851811e+03 4.83901029e+03 1.44209266e+01
v 7.90079477e+03 4.84140980e+03 1.03911703e+01
v 7.90506201e+03 4.84291032e+03 2.98279397e+01
v 7.90449503e+03 4.84235805e+03 2.92212936e+01
v 7.90383020e+03 4.84300790e+03 2.90443791e+01
v 7.89404135e+03 4.84162839e+03 3.08696478e+01
v 7.89458593e+03 4.84170044e+03 3.04875691e+01
v 7.89100030e+03 4.84119079e+03 3.12302928e+01
v 7.90531651e+03 4.84358775e+03 2.68392441e+01
v 7.90570153e+03 4.84318123e+03 2.78136352e+01
v 7.90332051e+03 4.84206087e+03 2.88551800e+01
v 7.89874396e+03 4.83867438e+03 2.82172509e+01
v 7.89770275e+03 4.83833307e+03 2.86401256e+01
v 7.89799547e+03 4.83769252e+03 2.75197501e+01
v 7.90643028e+03 4.83433339e+03 2.82254848e+01
v 7.89855665e+03 4.83778878e+03 2.68499204e+01
v 7.90460226e+03 4.83862490e+03 3.03851097e+01
v 7.89363126e+03 4.83346164e+03 3.12570524e+01
v 7.89317053e+03 4.83261480e+03 3.22911265e+01
v 7.89188375e+03 4.83213464e+03 3.16771875e+01
v 7.90017459e+03 4.83321220e+03 3.05291629e+01
v 7.90164895e+03 4.83479424e+03 3.06515019e+01
v 7.89394765e+03 4.83248081e+03 3.34619195e+01
v 7.90260634e+03 4.83395571e+03 3.14240706e+01
v 7.90466198e+03 4.83910581e+03 2.99584884e+01
v 7.89794679e+03 4.83783863e+03 1.97671908e+01
v 7.89483807e+03 4.82315521e+03 1.31947800e+01
v 7.89617812e+03 4.82324685e+03 1.37100309e+01
v 7.89462871e+03 4.82392356e+03 1.14022287e+01
v 7.89226102e+03 4.82420988e+03 1.35826486e+01
v 7.89358453e+03 4.82449590e+03 1.47383453e+01
v 7.89482381e+03 4.82310810e+03 1.93615140e+01
v 7.89649331e+03 4.82330656e+03 2.11377018e+01
v 7.89486050e+03 4.82315021e+03 1.75015421e+01
v 7.89929299e+03 4.82343943e+03 2.16648554e+01
v 7.89782686e+03 4.82341614e+03 2.17341454e+01
v 7.89489740e+03 4.82310847e+03 2.19553963e+01
v 7.89343881e+03 4.82492221e+03 2.17984276e+01
v 7.89496408e+03 4.82283512e+03 1.18322282e+01
v 7.90276678e+03 4.82467733e+03 1.77457063e+01
v 7.90263128e+03 4.82458948e+03 1.47904985e+01
v 7.90047710e+03 4.82451294e+03 1.69147573e+01
v 7.90305045e+03 4.82443802e+03 1.28548935e+01
v 7.90076076e+03 4.82497148e+03 1.36818991e+01
v 7.90340632e+03 4.82504907e+03 1.38958126e+01
v 7.90521486e+03 4.82448121e+03 1.32558708e+01
v 7.90283858e+03 4.83007853e+03 3.22020014e+01
v 7.90383002e+03 4.82937746e+03 3.28008056e+01
v 7.90233072e+03 4.83025208e+03 3.15397015e+01
v 7.90120378e+03 4.83098134e+03 3.23851915e+01
v 7.89744083e+03 4.82528288e+03 3.43526117e+01
v 7.89522795e+03 4.82692240e+03 3.34753027e+01
v 7.89298086e+03 4.82725303e+03 3.33018379e+01
v 7.90307744e+03 4.82863892e+03 3.19519458e+01
v 7.89241005e+03 4.83173252e+03 3.20481930e+01
v 7.89518835e+03 4.83235883e+03 3.34088984e+01
v 7.90016283e+03 4.83170758e+03 3.11328111e+01
v 7.90506690e+03 4.83284717e+03 3.16759690e+01
v 7.90470288e+03 4.82445633e+03 2.92833063e+01
v 7.90480168e+03 4.82458427e+03 2.38757694e+01
v 7.89675085e+03 4.82377167e+03 2.21068680e+01
v 7.89476865e+03 4.82326368e+03 2.48560553e+01
v 7.89919905e+03 4.82339983e+03 2.68007816e+01
v 7.89573055e+03 4.82310031e+03 2.54172342e+01
v 7.89171156e+03 4.82407975e+03 2.72504264e+01
v 7.89296873e+03 4.82409269e+03 2.68624022e+01
v 7.89067282e+03 4.82404097e+03 2.43059105e+01
v 7.89172383e+03 4.82417562e+03 3.08045479e+01
v 7.89600124e+03 4.82425977e+03 1.00115919e+01
v 7.89580601e+03 4.82190732e+03 6.60710191e+00
v 7.90552093e+03 4.82156042e+03 7.04065074e+00
v 7.90449484e+03 4.82416983e+03 6.06092852e+00
v 7.90374518e+03 4.82131710e+03 6.83471134e+00
v 7.90483738e+03 4.82238385e+03 6.01936854e+00
v 7.89145214e+03 4.81911811e+03 6.77258877e+00
v 7.89213593e+03 4.82050059e+03 7.75637826e+00
v 7.90368148e+03 4.82520782e+03 1.00199580e+01
v 7.90133592e+03 4.82525477e+03 7.19258971e+00
v 7.88686608e+03 4.81905336e+03 7.07110149e+00
v 7.88547672e+03 4.82354139e+03 7.35727996e+00
v 7.88591877e+03 4.82369481e+03 9.10049556e+00
v 7.88062662e+03 4.82360512e+03 1.13334759e+01
v 7.88140106e+03 4.82357042e+03 9.91857631e+00
v 7.89046669e+03 4.82401970e+03 9.70946038e+00
v 7.89048642e+03 4.82403718e+03 1.18458946e+01
v 7.89101613e+03 4.81951050e+03 7.57782862e+00
v 7.89085373e+03 4.82080522e+03 7.66984228e+00
v 7.88974897e+03 4.82079031e+03 7.79549665e+00
v 7.89108794e+03 4.82453339e+03 1.00791056e+01
v 7.88624454e+03 4.82456911e+03 1.76430785e+01
v 7.88803210e+03 4.81353134e+03 7.76631195e+00
v 7.88813957e+03 4.81236808e+03 7.72928995e+00
v 7.88829239e+03 4.81946311e+03 7.63564811e+00
v 7.88983438e+03 4.81947086e+03 7.84392583e+00
v 7.88635399e+03 4.82028015e+03 8.27626490e+00
v 7.88256520e+03 4.82337197e+03 1.10526525e+01
v 7.88243407e+03 4.82321095e+03 7.61127478e+00
v 7.88418897e+03 4.82339242e+03 9.19719028e+00
v 7.88332684e+03 4.82403354e+03 1.01654245e+01
v 7.88667515e+03 4.82393449e+03 1.94942305e+01
v 7.88758933e+03 4.82394382e+03 1.97557716e+01
v 7.88900906e+03 4.82378737e+03 1.28826852e+01
v 7.88924281e+03 4.81323558e+03 7.42851665e+00
v 7.88629544e+03 4.81329357e+03 8.22642108e+00
v 7.88678595e+03 4.81257535e+03 8.50979756e+00
v 7.88944341e+03 4.82139686e+03 7.19122085e+00
v 7.88773011e+03 4.82379583e+03 9.54845082e+00
v 7.88579454e+03 4.82414095e+03 1.04641546e+01
v 7.88721538e+03 4.82371072e+03 1.17274124e+01
v 7.88430661e+03 4.82349416e+03 1.13436475e+01
v 7.88193391e+03 4.81396100e+03 7.22930968e+00
v 7.88523011e+03 4.81866347e+03 7.18593887e+00
v 7.88259245e+03 4.82379714e+03 1.78817099e+01
v 7.88092586e+03 4.81864238e+03 8.55193024e+00
v 7.88077247e+03 4.81991210e+03 8.61018635e+00
v 7.88621000e+03 4.81370823e+03 7.13349390e+00
v 7.88533838e+03 4.81277572e+03 8.31018511e+00
v 7.88151704e+03 4.81931271e+03 7.75912881e+00
v 7.88496771e+03 4.81382530e+03 7.11535013e+00
v 7.88114705e+03 4.82336083e+03 7.60764547e+00
v 7.87934450e+03 4.81914034e+03 9.05398177e+00
v 7.87989467e+03 4.82358493e+03 1.54275429e+01
v 7.88172685e+03 4.81300386e+03 8.09302680e+00
v 7.88025201e+03 4.81352223e+03 7.87375831e+00
v 7.88050938e+03 4.82383932e+03 9.92888552e+00
v 7.88476802e+03 4.81311119e+03 7.20696238e+00
v 7.88335486e+03 4.82441288e+03 2.28075942e+01
v 7.88343727e+03 4.82378863e+03 2.39338252e+01
v 7.88522170e+03 4.82375773e+03 2.70883137e+01
v 7.88612928e+03 4.82431882e+03 2.54244739e+01
v 7.88133660e+03 4.82329014e+03 2.93064701e+01
v 7.88109409e+03 4.82357218e+03 2.71597456e+01
v 7.88572300e+03 4.82422456e+03 2.65796340e+01
v 7.88275589e+03 4.82348754e+03 2.44564843e+01
v 7.88079459e+03 4.82424505e+03 2.56061159e+01
v 7.88407441e+03 4.82329920e+03 3.03095435e+01
v 7.88402575e+03 4.82387938e+03 2.23956097e+01
v 7.88942249e+03 4.82393306e+03 2.56656445e+01
v 7.88870842e+03 4.82445293e+03 2.59509529e+01
v 7.89117043e+03 4.82414066e+03 2.06712483e+01
v 7.89077971e+03 4.82480041e+03 2.17185214e+01
v 7.89101459e+03 4.82466260e+03 2.56471034e+01
v 7.88369168e+03 4.82379026e+03 2.13915150e+01
v 7.88382431e+03 4.82375721e+03 2.01868193e+01
v 7.88052095e+03 4.82430461e+03 2.19892798e+01
v 7.88571495e+03 4.82455485e+03 2.24069802e+01
v 7.88361019e+03 4.82461362e+03 2.17638275e+01
v 7.88571533e+03 4.82452320e+03 2.15842967e+01
v 7.87897273e+03 4.82349224e+03 1.75099661e+01
v 7.88094001e+03 4.83200533e+03 3.15582267e+01
v 7.88484846e+03 4.83127634e+03 3.20793682e+01
v 7.88458964e+03 4.83225016e+03 3.16361438e+01
v 7.88183848e+03 4.83093361e+03 3.24169580e+01
v 7.88993280e+03 4.83443721e+03 3.14285255e+01
v 7.89030664e+03 4.83517786e+03 3.20712237e+01
v 7.89085253e+03 4.82914550e+03 3.27076636e+01
v 7.89130123e+03 4.83391929e+03 3.12597715e+01
v 7.88421432e+03 4.82790492e+03 3.28507675e+01
v 7.88782614e+03 4.82530234e+03 3.37799436e+01
v 7.88187208e+03 4.82684122e+03 3.32576599e+01
v 7.88907745e+03 4.83124781e+03 3.20868015e+01
v 7.88851074e+03 4.82886465e+03 3.27772643e+01
v 7.88574784e+03 4.83306856e+03 3.14225755e+01
v 7.88986512e+03 4.83113572e+03 3.19555168e+01
v 7.88387324e+03 4.83244562e+03 3.18526900e+01
v 7.89003888e+03 4.83348621e+03 3.12876451e+01
v 7.88656838e+03 4.83578353e+03 3.05397399e+01
v 7.88312382e+03 4.82447153e+03 1.75616310e+01
v 7.88324066e+03 4.82424780e+03 1.89327957e+01
v 7.88204302e+03 4.84100246e+03 2.65882248e+01
v 7.88334543e+03 4.83997280e+03 2.62460469e+01
v 7.88847862e+03 4.82379096e+03 1.67377223e+01
v 7.88455151e+03 4.83201377e+03 3.36573437e+01
v 7.88297696e+03 4.83182263e+03 3.36310497e+01
v 7.88262066e+03 4.83461632e+03 3.20807480e+01
v 7.88359574e+03 4.83478728e+03 3.19822971e+01
v 7.88610382e+03 4.82358297e+03 1.27936224e+01
v 7.88579362e+03 4.82350903e+03 1.67385833e+01
v 7.88416363e+03 4.83140666e+03 3.31313546e+01
v 7.88455998e+03 4.83186564e+03 3.44354377e+01
v 7.88968097e+03 4.83095491e+03 3.35179699e+01
v 7.88267194e+03 4.83516036e+03 3.25037508e+01
v 7.88277040e+03 4.82904704e+03 3.25079380e+01
v 7.88244778e+03 4.83147956e+03 3.36897784e+01
v 7.88295289e+03 4.83107729e+03 3.21491126e+01
v 7.88925078e+03 4.83012971e+03 3.25779515e+01
v 7.88987559e+03 4.83013854e+03 3.23687018e+01
v 7.88223934e+03 4.83482389e+03 3.07929487e+01
v 7.88278929e+03 4.83338752e+03 3.13428496e+01
v 7.87976199e+03 4.82337756e+03 1.67538881e+01
v 7.88055883e+03 4.82416703e+03 1.88336748e+01
v 7.89026497e+03 4.82417168e+03 1.39521467e+01
v 7.88710419e+03 4.82393727e+03 1.37780503e+01
v 7.88655643e+03 4.82393146e+03 1.75300932e+01
v 7.89104907e+03 4.82480436e+03 1.88370651e+01
v 7.88071916e+03 4.82315411e+03 1.66434681e+01
v 7.88303934e+03 4.82403712e+03 1.36974991e+01
v 7.89025097e+03 4.83841756e+03 3.14490472e+01
v 7.88111425e+03 4.83767027e+03 2.96662915e+01
v 7.88234038e+03 4.83233613e+03 3.22366983e+01
v 7.88947835e+03 4.83543801e+03 3.21508413e+01
v 7.88719217e+03 4.84001644e+03 2.91803179e+01
v 7.88925883e+03 4.84054552e+03 3.04423752e+01
v 7.89105028e+03 4.83482593e+03 3.14989026e+01
v 7.89034557e+03 4.83633762e+03 3.14346348e+01
v 7.88109398e+03 4.84370055e+03 2.96211002e+01
v 7.88268178e+03 4.84048695e+03 2.88920362e+01
v 7.88318293e+03 4.84061463e+03 2.81873461e+01
v 7.88573461e+03 4.82881338e+03 3.28718774e+01
v 7.88627258e+03 4.82995212e+03 3.22872282e+01
v 7.88925656e+03 4.83073606e+03 3.35957001e+01
v 7.88109370e+03 4.82889150e+03 3.26939319e+01
v 7.88185916e+03 4.82361864e+03 1.93619666e+01
v 7.88569096e+03 4.82387268e+03 1.53107833e+01
v 7.88101677e+03 4.82417887e+03 1.48977435e+01
v 7.88794095e+03 4.82404469e+03 1.53231251e+01
v 7.88446208e+03 4.82368193e+03 1.64010930e+01
v 7.88589156e+03 4.82434330e+03 1.38628270e+01
v 7.88095355e+03 4.82342338e+03 1.30157429e+01
v 7.88079853e+03 4.82416707e+03 1.72858444e+01
v 7.88848973e+03 4.82452933e+03 1.38066342e+01
v 7.89090777e+03 4.82457184e+03 1.37707287e+01
v 7.88469001e+03 4.82368366e+03 1.34982071e+01
v 7.88263000e+03 4.84108328e+03 2.55211091e+01
v 7.88352023e+03 4.83974143e+03 2.90084220e+01
v 7.88245015e+03 4.84324895e+03 2.69271592e+01
v 7.88622234e+03 4.84112687e+03 2.85791238e+01
v 7.89017506e+03 4.84066604e+03 3.14607774e+01
v 7.88927703e+03 4.84032085e+03 3.19748360e+01
v 7.88997219e+03 4.83802982e+03 3.20540889e+01
v 7.88947802e+03 4.83733579e+03 3.04610552e+01
v 7.87857607e+03 4.84121272e+03 3.24539617e+01
v 7.88979767e+03 4.84022815e+03 3.21295865e+01
v 7.88391289e+03 4.83474457e+03 3.06104396e+01
v 7.88278327e+03 4.84117362e+03 2.84100297e+01
v 7.87475000e+03 4.82002333e+03 7.93900586e+00
v 7.87475000e+03 4.82118871e+03 7.98883115e+00
v 7.87475000e+03 4.82328973e+03 2.09222191e+01
v 7.87475000e+03 4.82330877e+03 2.09814190e+01
v 7.87475000e+03 4.82304261e+03 3.02124356e+01
v 7.87475000e+03 4.82326302e+03 3.06793224e+01
v 7.87475000e+03 4.82320021e+03 2.74041560e+01
v 7.87475000e+03 4.82311015e+03 2.81659569e+01
v 7.87475000e+03 4.82427121e+03 3.32183633e+01
v 7.87475000e+03 4.83576928e+03 3.02391461e+01
v 7.87475000e+03 4.83664224e+03 2.99149668e+01
v 7.87475000e+03 4.82326240e+03 1.96646117e+01
v 7.87475000e+03 4.83452041e+03 3.07012991e+01
v 7.87475000e+03 4.83300879e+03 3.11694896e+01
v 7.87475000e+03 4.81536108e+03 7.77664887e+00
v 7.87475000e+03 4.81495158e+03 7.75883168e+00
v 7.87475000e+03 4.82766157e+03 3.28693030e+01
v 7.87475000e+03 4.82800139e+03 3.28198485e+01
v 7.87475000e+03 4.81467250e+03 7.74870012e+00
v 7.87475000e+03 4.81451763e+03 7.74409835e+00
v 7.87475000e+03 4.81305757e+03 8.12844874e+00
v 7.87475000e+03 4.81277108e+03 8.49742500e+00
v 7.87475000e+03 4.81426493e+03 7.87750601e+00
v 7.87475000e+03 4.82214825e+03 8.00606143e+00
v 7.87475000e+03 4.82244458e+03 8.02016235e+00
v 7.87475000e+03 4.82296847e+03 8.30993466e+00
v 7.87475000e+03 4.82307359e+03 9.41508220e+00
v 7.87475000e+03 4.81857684e+03 7.88409396e+00
v 7.87475000e+03 4.82290420e+03 8.02391070e+00
v 7.87475000e+03 4.82302689e+03 1.24436469e+01
v 7.87475000e+03 4.82300815e+03 1.28305630e+01
v 7.87475000e+03 4.82310261e+03 1.31496745e+01
v 7.87475000e+03 4.82301690e+03 1.19496467e+01
v 7.87475000e+03 4.82325178e+03 1.00936883e+01
v 7.87475000e+03 4.82315838e+03 2.63804333e+01
v 7.87475000e+03 4.82333335e+03 2.54698085e+01
v 7.87475000e+03 4.82316262e+03 2.48974820e+01
v 7.87475000e+03 4.82313321e+03 2.46197196e+01
v 7.87475000e+03 4.82331221e+03 2.15584301e+01
v 7.87475000e+03 4.82332363e+03 2.29842827e+01
v 7.87475000e+03 4.82331870e+03 2.30010687e+01
v 7.87475000e+03 4.82441431e+03 3.35742746e+01
v 7.87475000e+03 4.82435721e+03 3.34435981e+01
v 7.87475000e+03 4.82531805e+03 3.36236161e+01
v 7.87475000e+03 4.82602240e+03 3.34228233e+01
v 7.87475000e+03 4.82327850e+03 1.92039658e+01
v 7.87475000e+03 4.82329464e+03 1.79708011e+01
v 7.87475000e+03 4.82332603e+03 1.73373584e+01
v 7.87475000e+03 4.82329816e+03 1.71926904e+01
v 7.87475000e+03 4.82340453e+03 1.55174049e+01
v 7.87475000e+03 4.82309130e+03 1.65511373e+01
v 7.87475000e+03 4.82341459e+03 1.41107144e+01
v 7.87475000e+03 4.82344016e+03 1.37209683e+01
v 7.87475000e+03 4.83901828e+03 3.01007682e+01
v 7.87475000e+03 4.84118465e+03 3.03015593e+01
v 7.87475000e+03 4.83123649e+03 3.17519629e+01
v 7.87475000e+03 4.84386899e+03 3.03695850e+01
v 7.87475000e+03 4.83722111e+03 3.00305663e+01
v 7.87475000e+03 4.84341946e+03 3.03285984e+01
v 7.87475000e+03 4.82835784e+03 3.26347262e+01
v 7.87475000e+03 4.83025869e+03 3.20437435e+01
v 7.87475000e+03 4.82341585e+03 1.90327144e+01
v 7.90650000e+03 4.82487609e+03 1.85460629e+01
v 7.90650000e+03 4.82487805e+03 1.46535186e+01
v 7.90650000e+03 4.82482822e+03 7.56667218e+00
v 7.90650000e+03 4.82483670e+03 7.37603916e+00
v 7.90650000e+03 4.82487929e+03 9.67700584e+00
v 7.90650000e+03 4.81387841e+03 7.14427646e+00
v 7.90650000e+03 4.81367845e+03 7.13776258e+00
v 7.90650000e+03 4.81511728e+03 5.58363419e+00
v 7.90650000e+03 4.81480702e+03 6.18538975e+00
v 7.90650000e+03 4.82486937e+03 1.04897778e+01
v 7.90650000e+03 4.82488294e+03 1.06507763e+01
v 7.90650000e+03 4.81985491e+03 5.70062163e+00
v 7.90650000e+03 4.81926813e+03 5.66700683e+00
v 7.90650000e+03 4.82488950e+03 2.54439979e+01
v 7.90650000e+03 4.82468926e+03 2.47555891e+01
v 7.90650000e+03 4.82478354e+03 1.35259418e+01
v 7.90650000e+03 4.82478713e+03 1.29467113e+01
v 7.90650000e+03 4.83795201e+03 2.83790374e+01
v 7.90650000e+03 4.83791082e+03 2.84146891e+01
v 7.90650000e+03 4.82045116e+03 6.86126320e+00
v 7.90650000e+03 4.82015776e+03 6.20695194e+00
v 7.90650000e+03 4.81306828e+03 6.32048634e+00
v 7.90650000e+03 4.81316746e+03 6.67715442e+00
v 7.90650000e+03 4.81995205e+03 5.90760434e+00
v 7.90650000e+03 4.81240699e+03 5.66509499e+00
v 7.90650000e+03 4.81459239e+03 6.81572705e+00
v 7.90650000e+03 4.81729352e+03 5.61763780e+00
v 7.90650000e+03 4.81570722e+03 5.50994398e+00
v 7.90650000e+03 4.82415533e+03 5.96504313e+00
v 7.90650000e+03 4.82219727e+03 5.96940729e+00
v 7.90650000e+03 4.82447116e+03 5.96950214e+00
v 7.90650000e+03 4.82452160e+03 6.09872652e+00
v 7.90650000e+03 4.82484891e+03 1.07795949e+01
v 7.90650000e+03 4.82085251e+03 6.88928246e+00
v 7.90650000e+03 4.82735715e+03 3.20647230e+01
v 7.90650000e+03 4.82532235e+03 3.20019763e+01
v 7.90650000e+03 4.82492372e+03 2.57773344e+01
v 7.90650000e+03 4.82491184e+03 2.58641933e+01
v 7.90650000e+03 4.82486407e+03 2.83992599e+01
v 7.90650000e+03 4.82479509e+03 2.43772836e+01
v 7.90650000e+03 4.82476561e+03 2.36999357e+01
v 7.90650000e+03 4.82483205e+03 3.01438320e+01
v 7.90650000e+03 4.82484806e+03 2.86926969e+01
v 7.90650000e+03 4.82507450e+03 3.18362473e+01
v 7.90650000e+03 4.82505419e+03 3.17725595e+01
v 7.90650000e+03 4.82873225e+03 3.20728274e+01
v 7.90650000e+03 4.82765378e+03 3.20519579e+01
v 7.90650000e+03 4.82485588e+03 3.02074731e+01
v 7.90650000e+03 4.82487710e+03 2.85602164e+01
v 7.90650000e+03 4.82957719e+03 3.20627114e+01
v 7.90650000e+03 4.83164002e+03 2.96497277e+01
v 7.90650000e+03 4.83006980e+03 3.10632057e+01
v 7.90650000e+03 4.83317596e+03 3.01708939e+01
v 7.90650000e+03 4.83559102e+03 3.16093827e+01
v 7.90650000e+03 4.83558724e+03 3.16464031e+01
v 7.90650000e+03 4.82955810e+03 3.15819800e+01
v 7.90650000e+03 4.82483037e+03 2.04014707e+01
v 7.90650000e+03 4.82483227e+03 2.06333802e+01
v 7.90650000e+03 4.82482526e+03 2.07627665e+01
v 7.90650000e+03 4.84321984e+03 2.71370403e+01
v 7.90650000e+03 4.84334008e+03 2.70451785e+01
v 7.90650000e+03 4.84349582e+03 2.70061234e+01
v 7.90650000e+03 4.83443304e+03 2.83525455e+01
v 7.90650000e+03 4.83504513e+03 2.99312827e+01
v 7.90650000e+03 4.84025551e+03 2.79553222e+01
v 7.90650000e+03 4.83564719e+03 3.16646121e+01
v 7.90650000e+03 4.83594551e+03 3.19116644e+01
v 7.90650000e+03 4.83560586e+03 3.16643807e+01
v 7.90650000e+03 4.83785112e+03 3.02644116e+01
v 7.90650000e+03 4.83787955e+03 3.02504671e+01
v 7.90650000e+03 4.83654291e+03 3.18307244e+01
v 7.90650000e+03 4.83556062e+03 3.14817780e+01
v 7.90650000e+03 4.83434935e+03 2.81692608e+01
v 7.90650000e+03 4.83351416e+03 2.83139885e+01
v 7.90650000e+03 4.83307645e+03 2.87645853e+01
v 7.90650000e+03 4.83789402e+03 3.02300224e+01
v 7.90650000e+03 4.83778256e+03 2.85945200e+01
v 7.90650000e+03 4.84060950e+03 2.78885189e+01
v 7.90650000e+03 4.84123823e+03 2.73108531e+01
v 7.90650000e+03 4.84295758e+03 2.71150876e+01
v 7.90650000e+03 4.83785834e+03 3.02260286e+01
v 7.90650000e+03 4.81288497e+03 5.66552120e+00
v 7.90650000e+03 4.82195664e+03 6.30512808e+00
v 7.87748228e+03 4.81225000e+03 7.54199126e+00
v 7.87695335e+03 4.81225000e+03 7.55541573e+00
v 7.88782848e+03 4.81225000e+03 7.58158121e+00
v 7.88813788e+03 4.81225000e+03 7.56326493e+00
v 7.88545426e+03 4.81225000e+03 8.11388931e+00
v 7.88606380e+03 4.81225000e+03 8.23308139e+00
v 7.88514028e+03 4.81225000e+03 7.70929654e+00
v 7.88868340e+03 4.81225000e+03 7.36272958e+00
v 7.88964731e+03 4.81225000e+03 6.79673960e+00
v 7.88729537e+03 4.81225000e+03 7.82279358e+00
v 7.88271484e+03 4.81225000e+03 7.14277873e+00
v 7.88182890e+03 4.81225000e+03 7.98334908e+00
v 7.88065076e+03 4.81225000e+03 8.25354355e+00
v 7.87965381e+03 4.81225000e+03 8.56329140e+00
v 7.87860989e+03 4.81225000e+03 8.43176489e+00
v 7.89325868e+03 4.81225000e+03 6.39937617e+00
v 7.89146665e+03 4.81225000e+03 6.51512962e+00
v 7.88969776e+03 4.81225000e+03 6.65474698e+00
v 7.88493357e+03 4.81225000e+03 7.06328576e+00
v 7.88485928e+03 4.81225000e+03 7.10974972e+00
v 7.88416277e+03 4.81225000e+03 7.09107296e+00
v 7.88275054e+03 4.81225000e+03 7.09220536e+00
v 7.87705715e+03 4.81225000e+03 2.05340598e+01
v 7.87706473e+03 4.81225000e+03 2.06254821e+01
v 7.87636974e+03 4.81225000e+03 1.65754714e+01
v 7.87674335e+03 4.81225000e+03 1.64408418e+01
v 7.87778473e+03 4.81225000e+03 1.50958274e+01
v 7.87767269e+03 4.81225000e+03 1.56177776e+01
v 7.87512889e+03 4.81225000e+03 1.68282855e+01
v 7.87497923e+03 4.81225000e+03 1.82462216e+01
v 7.87569217e+03 4.81225000e+03 1.95863454e+01
v 7.87544985e+03 4.81225000e+03 1.94677205e+01
v 7.87787408e+03 4.81225000e+03 8.04682742e+00
v 7.87820239e+03 4.81225000e+03 8.30203993e+00
v 7.87544609e+03 4.81225000e+03 1.44694192e+01
v 7.87630368e+03 4.81225000e+03 1.42652329e+01
v 7.87552189e+03 4.81225000e+03 8.20766111e+00
v 7.87672305e+03 4.81225000e+03 1.96815817e+01
v 7.87690502e+03 4.81225000e+03 2.09165015e+01
v 7.87620120e+03 4.81225000e+03 2.05966086e+01
v 7.87679009e+03 4.81225000e+03 2.10132420e+01
v 7.87681418e+03 4.81225000e+03 1.87556073e+01
v 7.87669465e+03 4.81225000e+03 1.84433038e+01
v 7.87576111e+03 4.81225000e+03 1.98181813e+01
v 7.87504071e+03 4.81225000e+03 1.92293212e+01
v 7.87659587e+03 4.81225000e+03 1.94736839e+01
v 7.87618202e+03 4.81225000e+03 2.05792809e+01
v 7.87603516e+03 4.81225000e+03 1.72869415e+01
v 7.87630313e+03 4.81225000e+03 1.69417491e+01
v 7.87720490e+03 4.81225000e+03 1.45324599e+01
v 7.87648526e+03 4.81225000e+03 7.76796868e+00
v 7.90109719e+03 4.81225000e+03 5.84760671e+00
v 7.90388500e+03 4.81225000e+03 5.65258903e+00
v 7.89687366e+03 4.81225000e+03 6.20110524e+00
v 7.89374729e+03 4.81225000e+03 6.36288513e+00
v 7.89359038e+03 4.81225000e+03 6.38570599e+00
v 7.89339259e+03 4.81225000e+03 6.38799857e+00
v 7.90427047e+03 4.81225000e+03 5.66434890e+00
v 7.90417329e+03 4.81225000e+03 5.64341628e+00
v 7.89706171e+03 4.81225000e+03 6.17027059e+00
v 7.89892476e+03 4.81225000e+03 6.01864472e+00
v 7.90432879e+03 4.81225000e+03 5.63939601e+00
v 7.90060036e+03 4.81225000e+03 5.88799343e+00
v 7.87503192e+03 4.81225000e+03 1.61252620e+01
v 7.87491661e+03 4.81225000e+03 1.52892740e+01
v 7.87493364e+03 4.81225000e+03 1.82046407e+01
v 7.87483425e+03 4.81225000e+03 1.81140046e+01
v 7.87489007e+03 4.81225000e+03 1.80477025e+01
v 7.87495238e+03 4.81225000e+03 8.36296443e+00
v 7.87475000e+03 4.81225000e+03 8.41815217e+00
v 7.87507627e+03 4.81225000e+03 1.78265370e+01
v 7.87520885e+03 4.81225000e+03 1.71421324e+01
v 7.90449412e+03 4.81225000e+03 5.62320339e+00
v 7.90630793e+03 4.81225000e+03 5.65207852e+00
v 7.90650000e+03 4.81225000e+03 5.65513608e+00
v 7.88647375e+03 4.84400000e+03 2.25978395e+01
v 7.88645795e+03 4.84400000e+03 2.13093212e+01
v 7.88418531e+03 4.84400000e+03 1.83075393e+01
v 7.88391372e+03 4.84400000e+03 1.86121026e+01
v 7.88197057e+03 4.84400000e+03 2.63629917e+01
v 7.88200447e+03 4.84400000e+03 2.62223810e+01
v 7.88263956e+03 4.84400000e+03 2.87621761e+01
v 7.88266036e+03 4.84400000e+03 2.87040974e+01
v 7.88132429e+03 4.84400000e+03 2.95105368e+01
v 7.88104831e+03 4.84400000e+03 2.96531219e+01
v 7.88258579e+03 4.84400000e+03 2.84693796e+01
v 7.88633632e+03 4.84400000e+03 2.87659342e+01
v 7.88629506e+03 4.84400000e+03 2.73964921e+01
v 7.87848704e+03 4.84400000e+03 3.10975131e+01
v 7.88095076e+03 4.84400000e+03 2.97095215e+01
v 7.88707719e+03 4.84400000e+03 2.92262737e+01
v 7.88768338e+03 4.84400000e+03 2.95126082e+01
v 7.89337004e+03 4.84400000e+03 2.97210768e+01
v 7.89092000e+03 4.84400000e+03 2.96919578e+01
v 7.87580706e+03 4.84400000e+03 3.21591941e+01
v 7.87591092e+03 4.84400000e+03 3.22097724e+01
v 7.87808057e+03 4.84400000e+03 3.16737800e+01
v 7.87766333e+03 4.84400000e+03 3.17667983e+01
v 7.87825704e+03 4.84400000e+03 3.14031106e+01
v 7.87496166e+03 4.84400000e+03 3.05615072e+01
v 7.87574120e+03 4.84400000e+03 3.12243619e+01
v 7.87694485e+03 4.84400000e+03 3.23922416e+01
v 7.87740991e+03 4.84400000e+03 3.18345147e+01
v 7.87748409e+03 4.84400000e+03 3.17910055e+01
v 7.88536219e+03 4.84400000e+03 1.81813378e+01
v 7.88525489e+03 4.84400000e+03 1.81413982e+01
v 7.88607474e+03 4.84400000e+03 1.86618491e+01
v 7.88285617e+03 4.84400000e+03 2.45426037e+01
v 7.88295797e+03 4.84400000e+03 2.16956442e+01
v 7.88309514e+03 4.84400000e+03 2.09286296e+01
v 7.88339674e+03 4.84400000e+03 1.94084250e+01
v 7.88660014e+03 4.84400000e+03 2.57335391e+01
v 7.88647865e+03 4.84400000e+03 2.64660365e+01
v 7.88280434e+03 4.84400000e+03 2.51022052e+01
v 7.88297625e+03 4.84400000e+03 2.12805127e+01
v 7.88642623e+03 4.84400000e+03 1.94100396e+01
v 7.88295465e+03 4.84400000e+03 2.14642384e+01
v 7.89785141e+03 4.84400000e+03 9.96275566e+00
v 7.89647897e+03 4.84400000e+03 1.00834464e+01
v 7.89457763e+03 4.84400000e+03 1.81766507e+01
v 7.89461914e+03 4.84400000e+03 1.71014010e+01
v 7.89531081e+03 4.84400000e+03 1.07558857e+01
v 7.89563527e+03 4.84400000e+03 1.04872163e+01
v 7.89477743e+03 4.84400000e+03 2.42959517e+01
v 7.89482166e+03 4.84400000e+03 2.74899488e+01
v 7.90521341e+03 4.84400000e+03 2.55224762e+01
v 7.90537835e+03 4.84400000e+03 2.69337898e+01
v 7.90553945e+03 4.84400000e+03 2.73194201e+01
v 7.90588163e+03 4.84400000e+03 2.70421163e+01
v 7.90629930e+03 4.84400000e+03 2.69324059e+01
v 7.90524327e+03 4.84400000e+03 1.87363387e+01
v 7.90507414e+03 4.84400000e+03 1.70155397e+01
v 7.89489680e+03 4.84400000e+03 2.89572397e+01
v 7.89528171e+03 4.84400000e+03 2.87557891e+01
v 7.89484045e+03 4.84400000e+03 2.75862045e+01
v 7.89482120e+03 4.84400000e+03 2.75287064e+01
v 7.89385161e+03 4.84400000e+03 2.94316341e+01
v 7.89520468e+03 4.84400000e+03 2.84665517e+01
v 7.89944741e+03 4.84400000e+03 1.00361833e+01
v 7.89912219e+03 4.84400000e+03 9.95834441e+00
v 7.89503273e+03 4.84400000e+03 1.15373701e+01
v 7.89828381e+03 4.84400000e+03 9.75417467e+00
v 7.89481286e+03 4.84400000e+03 1.16487923e+01
v 7.90342867e+03 4.84400000e+03 1.05266174e+01
v 7.90273574e+03 4.84400000e+03 1.05553060e+01
v 7.90459431e+03 4.84400000e+03 1.04916430e+01
v 7.90475205e+03 4.84400000e+03 1.07404771e+01
v 7.90384085e+03 4.84400000e+03 1.04192214e+01
v 7.90097290e+03 4.84400000e+03 1.00577421e+01
v 7.90178555e+03 4.84400000e+03 1.01380867e+01
v 7.89462781e+03 4.84400000e+03 2.30866026e+01
v 7.89463117e+03 4.84400000e+03 1.90073310e+01
v 7.90488798e+03 4.84400000e+03 2.20117667e+01
v 7.90522176e+03 4.84400000e+03 2.03531463e+01
v 7.89470090e+03 4.84400000e+03 1.18337223e+01
v 7.90536008e+03 4.84400000e+03 1.32453505e+01
v 7.90541758e+03 4.84400000e+03 1.36590336e+01
v 7.90527101e+03 4.84400000e+03 1.96210684e+01
v 7.90488720e+03 4.84400000e+03 2.41323207e+01
v 7.90527367e+03 4.84400000e+03 1.94100682e+01
v 7.89622530e+03 4.84400000e+03 1.01297951e+01
v 7.89467248e+03 4.84400000e+03 1.21170108e+01
v 7.90543129e+03 4.84400000e+03 1.41158782e+01
v 7.90530451e+03 4.84400000e+03 1.57714456e+01
v 7.87475000e+03 4.84400000e+03 3.04516830e+01
v 7.90583967e+03 4.84400000e+03 2.70761202e+01
v 7.90625239e+03 4.84400000e+03 2.69447280e+01
v 7.90648525e+03 4.84400000e+03 2.68621162e+01
v 7.90650000e+03 4.84400000e+03 2.68565401e+01
vt 0.12715362 0.88468665
vt 0.11717228 0.89578551
vt 0.13604392 0.86080319
vt 0.13495433 0.87395298
vt 0.10616846 0.89898318
vt 0.14167058 0.8673352
vt 0.10188141 0.82446635
vt 0.14629094 0.85615438
vt 0.15445614 0.78616172
vt 0.093895078 0.90830529
vt 0.12040647 0.76322949
vt 0.051910784 0.87948316
vt 0.16355126 0.82656807
vt 0.10588033 0.777659
vt 0.14304769 0.73425615
vt 0.07838612 0.84129703
vt 0.071671732 0.93619633
vt 0.181253 0.81036645
vt 0.15456046 0.84967041
vt 0.094466984 0.79283255
vt 0.11744287 0.76244539
vt 0.15400159 0.71425188
vt 0.14076717 0.73197323
vt 0.078145564 0.93925548
vt 0.032843087 0.90548646
vt 0.19502699 0.72540045
vt 0.17903623 0.826828
vt 0.16478351 0.83872962
vt 0.11830688 0.76129174
vt 0.16481307 0.69988835
vt 0.14198065 0.73026145
vt 0.12059551 0.75826687
vt 0.083364174 0.93558359
vt 0.072795808 0.94958311
vt 0.044867449 0.95821005
vt 0.21528499 0.768233
vt 0.16801871 0.69561934
vt 0.18898827 0.8350513
vt 0.15978801 0.85471451
vt 0.119583 0.75967729
vt 0.093456112 0.92698717
vt 0.066023178 0.95131052
vt 0.0099226143 0.95262128
vt 0.055116747 0.95459491
vt 0.22509815 0.7102893
vt 0.18894576 0.66880906
vt 0.1722388 0.85123944
vt 0.18209483 0.8399536
vt 0.0086931391 0.94924957
vt 0.011726616 0.95758677
vt 0.048671138 0.97052687
vt 0.21811008 0.69081533
vt 0.23379737 0.73400772
vt 0.22215712 0.79149729
vt 0.18600631 0.67185974
vt 0.19519845 0.68313354
vt 0.016235784 0.90498722
vt 0.031452477 0.98060977
vt 0.2155105 0.68427491
vt 0.23410071 0.74418128
vt 0.1999452 0.86749458
vt 0.18786639 0.66947055
vt 0.19924964 0.67253411
vt 0.0080108698 0.94738483
vt 0.025893608 0.99638045
vt 0.20677395 0.69180006
vt 0.23638232 0.74117285
vt 0.22836362 0.76496148
vt 0.21214597 0.84674829
vt 0.20281057 0.66136682
vt 0.0062760185 0.9220649
vt 0.23680894 0.74360204
vt 0.21971364 0.77386343
vt 0.23900166 0.75540543
vt 0.22852279 0.83038509
vt 0.18993638 0.66675007
vt 0.0068966388 0.94521165
vt 0.0029973509 0.91711205
vt 0.23771331 0.74788857
vt 0.2367952 0.78657877
vt 0.20163852 0.65225279
vt 0.18886964 0.66818762
vt 0.0015757387 0.93244421
vt 0.0092156436 0.90660405
vt 0.24245346 0.8107838
vt 0.20356922 0.65264052
vt 0.012237045 0.90150511
vt 0.25532699 0.79379648
vt 0.20287766 0.65071762
vt 0.20567508 0.65831089
vt 0.015649673 0.89714271
vt 0.25671843 0.79756898
vt 0.24670032 0.77060592
vt 0.088231988 0.32435179
vt 0.12175759 0.33085757
vt 0.094652914 0.36677951
vt 0.073903859 0.35055828
vt 0.12039143 0.29412401
vt 0.11705294 0.35222715
vt 0.073722079 0.33742654
vt 0.067468099 0.36718935
vt 0.13162097 0.33761835
vt 0.11423748 0.29587793
vt 0.12093065 0.345716
vt 0.11262337 0.38416898
vt 0.065119259 0.32935154
vt 0.070855252 0.42865497
vt 0.12809752 0.26301301
vt 0.12966171 0.35178316
vt 0.10980121 0.25863582
vt 0.12385061 0.35727942
vt 0.099542536 0.43293148
vt 0.065590464 0.34247643
vt 0.079180554 0.31156778
vt 0.052050509 0.39629757
vt 0.12046901 0.27853829
vt 0.13616574 0.30972528
vt 0.12868503 0.40718579
vt 0.092320159 0.27564472
vt 0.1155868 0.27840108
vt 0.11568464 0.44117349
vt 0.060828615 0.35180408
vt 0.073583208 0.31462294
vt 0.081198305 0.29634529
vt 0.064307146 0.44030929
vt 0.091970891 0.45029384
vt 0.14471807 0.23342544
vt 0.15149271 0.38345456
vt 0.12416027 0.37540793
vt 0.088112026 0.25784767
vt 0.050667252 0.30776167
vt 0.061605856 0.31291556
vt 0.080340661 0.44354898
vt 0.051907592 0.49052203
vt 0.037764229 0.33216089
vt 0.10443968 0.20296633
vt 0.13003054 0.20451337
vt 0.14027494 0.30343527
vt 0.14982329 0.33045566
vt 0.12342639 0.40790749
vt 0.15064795 0.44275302
vt 0.076232441 0.24366081
vt 0.1156294 0.28786373
vt 0.092867896 0.49518406
vt 0.063823022 0.49343437
vt 0.03488075 0.43727463
vt 0.033204339 0.34453005
vt 0.15035903 0.20609772
vt 0.15611936 0.29104817
vt 0.17090879 0.35797906
vt 0.12928848 0.45123816
vt 0.16230711 0.43012214
vt 0.11894597 0.29128212
vt 0.098654129 0.49517506
vt 0.027223788 0.2503286
vt 0.063986711 0.49520284
vt 0.031542689 0.46908647
vt 0.057929199 0.22704762
vt 0.1645298 0.20672482
vt 0.15639418 0.30416614
vt 0.15778071 0.25823003
vt 0.16213958 0.31755668
vt 0.16704054 0.41151494
vt 0.12283897 0.44304043
vt 0.15811779 0.44546598
vt 0.15202363 0.46226245
vt 0.066388279 0.293244
vt 0.050984759 0.29076505
vt 0.022427095 0.30491263
vt 0.053708121 0.49520099
vt 0.029196287 0.36329228
vt 0.031535536 0.4951973
vt 0.028556962 0.45810759
vt 0.064955957 0.26151782
vt 0.066270418 0.1981864
vt 0.1622721 0.22824603
vt 0.18284385 0.3110612
vt 0.18165489 0.40658158
vt 0.14781536 0.49513757
vt 0.10338887 0.49516875
vt 0.051855542 0.25909388
vt 0.021731572 0.2969442
vt 0.051551402 0.49520075
vt 0.029485909 0.43893331
vt 0.050789107 0.49520057
vt 0.029737363 0.49519497
vt 0.028357593 0.49519283
vt 0.034022238 0.19552177
vt 0.16984664 0.22125918
vt 0.17002638 0.23493218
vt 0.16302921 0.27746201
vt 0.19205935 0.40245485
vt 0.15157881 0.49513841
vt 0.12867436 0.49515027
vt 0.057680458 0.29100144
vt 0.022497702 0.33876216
vt 0.0075831776 0.3002637
vt 0.01554944 0.28473896
vt 0.019871727 0.42274225
vt 0.02462277 0.49192625
vt 0.16886786 0.18948907
vt 0.16486315 0.25576305
vt 0.16418296 0.27175564
vt 0.20630774 0.35457498
vt 0.18979199 0.41191411
vt 0.15974633 0.49513853
vt 0.02162822 0.36167687
vt 0.013366733 0.31597537
vt 0.0162933 0.26450616
vt 0.025097521 0.49519384
vt 0.018932398 0.48120296
vt 0.0022822102 0.20327985
vt 0.18676631 0.22803503
vt 0.17955266 0.20260704
vt 0.16264471 0.26574981
vt 0.18844968 0.27187055
vt 0.20946307 0.38171905
vt 0.20094578 0.32653332
vt 0.015347244 0.34745342
vt 0.0074960543 0.34273475
vt 0.010317969 0.26106423
vt 0.014797704 0.36758327
vt 0.023697078 0.49519449
vt 0.019383784 0.49377841
vt 0.0022848048 0.21428776
vt 0.0022801233 0.18915933
vt 0.18768893 0.18458903
vt 0.16236904 0.27417147
vt 0.16811426 0.262532
vt 0.20018196 0.30207062
vt 0.21318449 0.41274381
vt 0.0023116018 0.32347649
vt 0.0022911928 0.23990631
vt 0.010183595 0.47882015
vt 0.0082929768 0.37522858
vt 0.023117416 0.49519438
vt 0.019481795 0.49519038
vt 0.18511684 0.26103276
vt 0.20108795 0.30212402
vt 0.20084763 0.30301666
vt 0.21900296 0.41665626
vt 0.19234802 0.45495039
vt 0.00230476 0.29577756
vt 0.0023173215 0.34710115
vt 0.0022922526 0.24521649
vt 0.0023311321 0.41738772
vt 0.0114049 0.49519771
vt 0.01063937 0.49458414
vt 0.1877788 0.22615397
vt 0.20127487 0.30036163
vt 0.22475876 0.44879317
vt 0.21962179 0.38259494
vt 0.20991896 0.45835423
vt 0.0023358008 0.45123518
vt 0.0023268694 0.3893075
vt 0.20164065 0.26489627
vt 0.20508505 0.29802716
vt 0.22925365 0.42966628
vt 0.22463119 0.41646236
vt 0.0023413457 0.48615408
vt 0.0023258724 0.38026381
vt 0.2188891 0.25409281
vt 0.2309802 0.45503473
vt 0.22555256 0.46479797
vt 0.22637007 0.3805812
vt 0.0023423173 0.49317759
vt 0.19974487 0.19998068
vt 0.20958908 0.28276139
vt 0.23555143 0.41108668
vt 0.2296668 0.46506417
vt 0.2354966 0.44810307
vt 0.2228422 0.34153748
vt 0.23499914 0.38407195
vt 0.0039954763 0.49522126
vt 0.23316763 0.20480072
vt 0.21777906 0.28025866
vt 0.23602092 0.41860545
vt 0.23720193 0.43074751
vt 0.22953613 0.47959059
vt 0.22651598 0.34481144
vt 0.21588382 0.36559749
vt 0.22955711 0.3603363
vt 0.01008298 0.49520975
vt 0.0023423163 0.49522358
vt 0.23325221 0.25873214
vt 0.21861048 0.29031646
vt 0.23472778 0.46943134
vt 0.23982957 0.44627178
vt 0.23086053 0.33075106
vt 0.21272245 0.37836927
vt 0.21773225 0.3471747
vt 0.23921786 0.38344437
vt 0.24211891 0.26062864
vt 0.20897323 0.29164952
vt 0.24353988 0.37911886
vt 0.23421076 0.477754
vt 0.23011333 0.31309521
vt 0.21289144 0.35015798
vt 0.21994221 0.33812821
vt 0.23258804 0.34976602
vt 0.24947873 0.20615965
vt 0.21953309 0.300327
vt 0.23915638 0.47805083
vt 0.24679066 0.44061047
vt 0.23495632 0.30489051
vt 0.25033748 0.20320469
vt 0.25034237 0.23499805
vt 0.2422407 0.478172
vt 0.25037616 0.39898789
vt 0.23001173 0.29479349
vt 0.24526972 0.36061954
vt 0.25033754 0.19933385
vt 0.2503432 0.23963302
vt 0.25037628 0.3994323
vt 0.25036657 0.37852931
vt 0.23758797 0.33538461
vt 0.25036472 0.36919391
vt 0.25034583 0.25648403
vt 0.23916166 0.32079184
vt 0.24972162 0.33541036
vt 0.25036496 0.36453533
vt 0.25017768 0.2794916
vt 0.23986006 0.29883224
vt 0.24991465 0.3633799
vt 0.23946019 0.28035015
vt 0.25036484 0.36388963
vt 0.2503649 0.36359882
vt 0.32594576 0.32653332
vt 0.30784383 0.3110612
vt 0.32627487 0.30036163
vt 0.37952739 0.74358046
vt 0.38619691 0.74133486
vt 0.38050628 0.76390219
vt 0.37559548 0.74632245
vt 0.38125065 0.7279408
vt 0.38521531 0.7816664
vt 0.36992326 0.76834041
vt 0.39023232 0.72354263
vt 0.39474285 0.73978114
vt 0.36761236 0.73465317
vt 0.38244036 0.7005524
vt 0.39759779 0.78793681
vt 0.36162964 0.79083157
vt 0.36147547 0.73810089
vt 0.40068054 0.72835511
vt 0.36799577 0.70566225
vt 0.40017322 0.76169074
vt 0.38416481 0.80020022
vt 0.37465948 0.80331981
vt 0.35959846 0.76177275
vt 0.36118442 0.7251159
vt 0.37477756 0.67491937
vt 0.39976755 0.70760125
vt 0.40741432 0.77199268
vt 0.39430648 0.82647496
vt 0.37368444 0.82302046
vt 0.35130182 0.76399362
vt 0.35364056 0.7273699
vt 0.36294115 0.6704244
vt 0.39202201 0.67912245
vt 0.42154863 0.72957659
vt 0.41454634 0.77615011
vt 0.40649602 0.74188751
vt 0.3997083 0.81839168
vt 0.38674003 0.81589842
vt 0.3641184 0.83327925
vt 0.37903723 0.8075937
vt 0.35063738 0.81412333
vt 0.35461447 0.70771754
vt 0.36019877 0.6840874
vt 0.36033705 0.64517999
vt 0.37902242 0.68304658
vt 0.40118736 0.68691087
vt 0.41727537 0.70862597
vt 0.40630662 0.80477142
vt 0.40396047 0.84554666
vt 0.39187968 0.83626616
vt 0.35924655 0.81052029
vt 0.37694594 0.8460753
vt 0.38132983 0.82376933
vt 0.34056959 0.79169494
vt 0.3474398 0.73919761
vt 0.34660244 0.69812763
vt 0.36318427 0.70159423
vt 0.35377666 0.6810919
vt 0.37554553 0.64041853
vt 0.34759563 0.650962
vt 0.40309316 0.66821063
vt 0.41078416 0.68451858
vt 0.41545066 0.7404204
vt 0.42661163 0.70410097
vt 0.41506881 0.80908847
vt 0.3997246 0.8056947
vt 0.38216981 0.83909512
vt 0.35656598 0.83239746
vt 0.36128911 0.85198319
vt 0.38326222 0.80844057
vt 0.34053332 0.8135097
vt 0.34032106 0.7610532
vt 0.33833539 0.72566378
vt 0.33980978 0.66961837
vt 0.36639884 0.62350839
vt 0.38909841 0.6454879
vt 0.35688323 0.61306155
vt 0.42184132 0.74536878
vt 0.4214088 0.68697631
vt 0.4351933 0.73760337
vt 0.42063028 0.79033405
vt 0.42033529 0.76539958
vt 0.39035669 0.86046445
vt 0.3707301 0.86350942
vt 0.34311461 0.84453553
vt 0.33383289 0.77054572
vt 0.34939757 0.87267947
vt 0.34045112 0.74368036
vt 0.34096044 0.68690336
vt 0.3423354 0.70194161
vt 0.35935184 0.6243788
vt 0.37458685 0.58719921
vt 0.38128126 0.62898231
vt 0.3355411 0.64851093
vt 0.34726852 0.61954659
vt 0.40050814 0.63422215
vt 0.42570499 0.67059886
vt 0.42704335 0.74588597
vt 0.44047809 0.7300607
vt 0.42184383 0.81473368
vt 0.41946411 0.83925265
vt 0.40300706 0.86392808
vt 0.38042372 0.86702961
vt 0.36138794 0.86576277
vt 0.33369991 0.83237374
vt 0.3237884 0.77425009
vt 0.33483112 0.73686951
vt 0.33214802 0.68247139
vt 0.36449227 0.58743441
vt 0.38822103 0.61228508
vt 0.3171646 0.6650002
vt 0.34228212 0.63613725
vt 0.33396614 0.61624527
vt 0.40162662 0.61197364
vt 0.41173279 0.65242749
vt 0.42668211 0.77401328
vt 0.44196668 0.70967901
vt 0.44029331 0.74880797
vt 0.43332022 0.78288805
vt 0.43538073 0.68833637
vt 0.42765853 0.81251013
vt 0.420046 0.85668516
vt 0.40993622 0.8638528
vt 0.39609686 0.88754928
vt 0.38110888 0.89177656
vt 0.36393657 0.88751262
vt 0.33130345 0.85908782
vt 0.34192377 0.86465168
vt 0.32921124 0.81341428
vt 0.32703069 0.73894274
vt 0.32507071 0.64931351
vt 0.35210976 0.58929032
vt 0.42126283 0.63226712
vt 0.45512754 0.73123413
vt 0.44127917 0.76521122
vt 0.44647181 0.74468505
vt 0.44117612 0.67034686
vt 0.42883688 0.86687052
vt 0.40554097 0.89143705
vt 0.39986166 0.8812722
vt 0.35635605 0.88597518
vt 0.31903774 0.84743118
vt 0.3380028 0.88732076
vt 0.3183901 0.78992373
vt 0.32012179 0.76122665
vt 0.32166767 0.72600579
vt 0.32579181 0.69977403
vt 0.3213872 0.68174779
vt 0.39823207 0.58474255
vt 0.32117128 0.62824965
vt 0.33423361 0.59034145
vt 0.41573158 0.61939061
vt 0.42590174 0.65038514
vt 0.44027025 0.68688375
vt 0.46118554 0.70182765
vt 0.44243324 0.79126203
vt 0.43716061 0.65569347
vt 0.43856725 0.84654939
vt 0.43603578 0.81267822
vt 0.42309442 0.8727535
vt 0.42167789 0.89682502
vt 0.38556787 0.91501647
vt 0.3387005 0.93294156
vt 0.3659122 0.91954803
vt 0.3201696 0.86410105
vt 0.32023835 0.81475627
vt 0.31454343 0.77091438
vt 0.31454 0.7639097
vt 0.32281697 0.73878264
vt 0.31461966 0.67064649
vt 0.38737708 0.58507419
vt 0.42929769 0.58142948
vt 0.31465182 0.65200329
vt 0.32296833 0.60320425
vt 0.4282814 0.61595637
vt 0.45095083 0.68306482
vt 0.45605811 0.74305403
vt 0.46915764 0.69690132
vt 0.44781476 0.76802677
vt 0.44862971 0.64147353
vt 0.43764222 0.89128906
vt 0.43349457 0.92208606
vt 0.35619271 0.93900579
vt 0.32032758 0.8907451
vt 0.31524813 0.8606351
vt 0.31473273 0.8219561
vt 0.31452984 0.79025865
vt 0.31449643 0.76171237
vt 0.3156144 0.73519474
vt 0.32120249 0.6975168
vt 0.31450883 0.68044084
vt 0.31465128 0.66546696
vt 0.31458327 0.62430745
vt 0.31464672 0.65959954
vt 0.31468126 0.59611285
vt 0.4635708 0.74430645
vt 0.46705425 0.67465854
vt 0.46908838 0.73803198
vt 0.45770261 0.79278255
vt 0.44170302 0.63025355
vt 0.44135982 0.82766676
vt 0.4073126 0.93594819
vt 0.34570223 0.99245459
vt 0.37834507 0.94375676
vt 0.31449848 0.86003786
vt 0.32262382 0.93207145
vt 0.31452018 0.8000716
vt 0.31452349 0.79122424
vt 0.31453949 0.74507439
vt 0.31451344 0.70784205
vt 0.31451556 0.68633044
vt 0.44373652 0.61179531
vt 0.31464323 0.61336315
vt 0.31470305 0.59153354
vt 0.43702033 0.62291825
vt 0.46122789 0.76637799
vt 0.44873932 0.82893258
vt 0.46317649 0.65454489
vt 0.43916687 0.80929089
vt 0.44239205 0.91751951
vt 0.42110384 0.94075423
vt 0.38727662 0.93530643
vt 0.31411961 0.98750108
vt 0.37786725 0.99183804
vt 0.31455135 0.87344182
vt 0.31455562 0.85074425
vt 0.31456614 0.84639943
vt 0.31416705 0.98160738
vt 0.31457403 0.9317686
vt 0.31451106 0.82194316
vt 0.31454131 0.73316884
vt 0.3145318 0.73547065
vt 0.31461036 0.72270322
vt 0.45318496 0.58037162
vt 0.45698127 0.83186674
vt 0.45705712 0.64673817
vt 0.45630714 0.61909306
vt 0.45194459 0.86152339
vt 0.44670334 0.94663143
vt 0.45522493 0.92362446
vt 0.43601397 0.93721157
vt 0.41590431 0.99516213
vt 0.3141385 0.98532301
vt 0.31453398 0.88924921
vt 0.31451258 0.82218498
vt 0.31450129 0.9396013
vt 0.31456006 0.90063691
vt 0.46743351 0.84389031
vt 0.44102982 0.8690601
vt 0.44665191 0.89190328
vt 0.44144097 0.99573916
vt 0.46378514 0.82140803
vt 0.46429807 0.8724972
vt 0.46890166 0.93518662
vt 0.45646256 0.88617027
vt 0.47363013 0.96813452
vt 0.4692345 0.85924435
vt 0.46879491 0.89794713
vt 0.46171901 0.99361116
vt 0.47586453 0.99656206
vt 0.4437016 0.29040128
vt 0.44206312 0.20767343
vt 0.44371563 0.23079497
vt 0.4428097 0.32376659
vt 0.44375032 0.21323395
vt 0.44370931 0.31867439
vt 0.42334026 0.25748104
vt 0.44375134 0.20437449
vt 0.44370782 0.32223189
vt 0.42040059 0.31407005
vt 0.42768639 0.22096556
vt 0.4426989 0.16981906
vt 0.44370961 0.32419163
vt 0.42777526 0.33908546
vt 0.41772318 0.28079534
vt 0.43381697 0.20798874
vt 0.42087486 0.23515058
vt 0.44373962 0.17137742
vt 0.42743894 0.15620244
vt 0.44371775 0.36898828
vt 0.43051857 0.37089086
vt 0.41797107 0.34335071
vt 0.40903983 0.29887903
vt 0.41462749 0.27702606
vt 0.41693729 0.20142281
vt 0.41993305 0.18212628
vt 0.41360918 0.23147821
vt 0.41951451 0.21930403
vt 0.44372913 0.16951001
vt 0.43294486 0.12637514
vt 0.44114932 0.38272172
vt 0.41226804 0.33516783
vt 0.40603468 0.25380337
vt 0.44373411 0.16700238
vt 0.42162588 0.16047585
vt 0.42095289 0.13579756
vt 0.44375837 0.122109
vt 0.44370571 0.37945282
vt 0.42616177 0.38768417
vt 0.41500741 0.38452101
vt 0.39846861 0.3252458
vt 0.40855861 0.18782109
vt 0.4086166 0.20626885
vt 0.44373399 0.1545859
vt 0.41423517 0.15192699
vt 0.41696545 0.11560011
vt 0.43172628 0.10845083
vt 0.44373834 0.38491869
vt 0.44367129 0.39608139
vt 0.40702444 0.3560605
vt 0.4032324 0.28052998
vt 0.40121353 0.34279001
vt 0.40200856 0.23067558
vt 0.41192314 0.12740952
vt 0.44375637 0.11921579
vt 0.44365901 0.4012922
vt 0.42233601 0.39931983
vt 0.40306479 0.37033021
vt 0.39076114 0.29222244
vt 0.39075384 0.34048945
vt 0.39681053 0.26348311
vt 0.39430022 0.20645714
vt 0.4006511 0.15655684
vt 0.39021951 0.2469759
vt 0.3988893 0.21543157
vt 0.41082123 0.13753051
vt 0.42832398 0.096740544
vt 0.41097242 0.098208606
vt 0.44386262 0.098678648
vt 0.42888847 0.40748
vt 0.41794407 0.42606777
vt 0.40741843 0.39026678
vt 0.39969552 0.35309047
vt 0.39041606 0.19004989
vt 0.40065107 0.17710865
vt 0.40792671 0.13241178
vt 0.44387937 0.096543491
vt 0.44366252 0.40258563
vt 0.39714253 0.39085096
vt 0.38967288 0.37097228
vt 0.38758484 0.21274769
vt 0.38994452 0.16738468
vt 0.39566165 0.136271
vt 0.40331224 0.11700559
vt 0.44366834 0.44126099
vt 0.4020502 0.43156648
vt 0.4038797 0.39514005
vt 0.38940814 0.14405715
vt 0.39314198 0.12814385
vt 0.39717871 0.11151475
vt 0.42976815 0.45329517
vt 0.44366354 0.44376636
vt 0.39006141 0.42265677
vt 0.39276615 0.098921657
vt 0.44367239 0.44570529
vt 0.41841444 0.46857166
vt 0.3767229 0.1030786
vt 0.39197364 0.11243582
vt 0.44367206 0.46787918
vt 0.42925823 0.48213023
vt 0.39940044 0.47068363
vt 0.39020503 0.45939761
vt 0.42631903 0.4952963
vt 0.41044593 0.47601491
vt 0.44366416 0.46892756
vt 0.40814427 0.4898563
vt 0.44358763 0.49454844
vt 0.38718128 0.47402537
vt 0.44359443 0.49351019
vt 0.39302522 0.49502635
vt 0.38754663 0.48677951
vt 0.0022354159 0.77516007
vt 0.007537948 0.75809044
vt 0.010328109 0.79045284
vt 0.0056354729 0.80741817
vt 0.027532056 0.78550845
vt 0.0052487319 0.82638836
vt 0.012877789 0.71524191
vt 0.019925395 0.81474042
vt 0.048915766 0.77461493
vt 0.0036256502 0.73220909
vt 0.029964922 0.8273443
vt 0.016362274 0.84389359
vt 0.049162459 0.75654006
vt 0.048630755 0.82437384
vt 0.0025655197 0.71195602
vt 0.0062835929 0.84354478
vt 0.049176354 0.69404018
vt 0.048829414 0.82341003
vt 0.0065138843 0.69292927
vt 0.026885778 0.84366369
vt 0.048798688 0.82482791
vt 0.049266525 0.68147647
vt 0.048829958 0.82400513
vt 0.015239795 0.66310465
vt 0.048082475 0.84141457
vt 0.024732215 0.85746253
vt 0.048207905 0.83721596
vt 0.0049716714 0.64233154
vt 0.048701443 0.84566075
vt 0.034205008 0.85766375
vt 0.017257657 0.60035288
vt 0.0044063875 0.59903437
vt 0.031615335 0.87147868
vt 0.049204759 0.6648798
vt 0.049142439 0.58836389
vt 0.0033885529 0.56773978
vt 0.049098004 0.58393854
vt 0.0047253966 0.55344552
vt 0.026743989 0.58043283
vt 0.048918568 0.58076817
vt 0.021013765 0.56609565
vt 0.048564978 0.57839859
vt 0.029342089 0.56355846
vt 0.048120812 0.56558895
vt 0.28157651 0.19999081
vt 0.2911607 0.18267542
vt 0.29028177 0.19704652
vt 0.28564531 0.21404624
vt 0.28556886 0.17138141
vt 0.31266794 0.20581079
vt 0.29955411 0.20889688
vt 0.2741738 0.18709821
vt 0.31029853 0.15979326
vt 0.31806996 0.17515701
vt 0.29642776 0.22223645
vt 0.27061382 0.16058153
vt 0.28540316 0.12349653
vt 0.32848331 0.18987644
vt 0.30762124 0.21797597
vt 0.27525583 0.15212202
vt 0.26425499 0.17583102
vt 0.32103574 0.23294097
vt 0.32352194 0.16836095
vt 0.30390203 0.23788017
vt 0.2635487 0.15069711
vt 0.25581715 0.12760192
vt 0.33745027 0.19848073
vt 0.25680166 0.16416204
vt 0.2665908 0.095113814
vt 0.33199823 0.24299371
vt 0.30850446 0.24321103
vt 0.25393167 0.14447922
vt 0.25034523 0.15684479
vt 0.24603333 0.1118235
vt 0.32468846 0.24859262
vt 0.34728253 0.21345931
vt 0.31724417 0.24441212
vt 0.24640149 0.1438424
vt 0.25002557 0.072635174
vt 0.33949876 0.2683152
vt 0.3466928 0.26181966
vt 0.2397145 0.13309795
vt 0.23643437 0.091025949
vt 0.33050859 0.2720297
vt 0.31810963 0.26204288
vt 0.36112881 0.23555827
vt 0.23099028 0.11056054
vt 0.24262951 0.059590816
vt 0.34805474 0.28263694
vt 0.33362609 0.28620106
vt 0.37470791 0.26360333
vt 0.23881498 0.12649006
vt 0.22106256 0.07600677
vt 0.23310329 0.046535492
vt 0.35600528 0.27424365
vt 0.37673095 0.25817835
vt 0.37340361 0.26702863
vt 0.22178763 0.097515643
vt 0.34788629 0.30424875
vt 0.36405069 0.29180157
vt 0.36918014 0.27829599
vt 0.35768393 0.30860776
vt 0.529935 0.80134642
vt 0.5313943 0.77419174
vt 0.54656041 0.78656083
vt 0.53927231 0.83995682
vt 0.51972687 0.79185754
vt 0.54345024 0.76107478
vt 0.55101269 0.82429284
vt 0.52024418 0.85644674
vt 0.52635545 0.73280221
vt 0.53891426 0.73453075
vt 0.55151516 0.74940318
vt 0.55110329 0.90854853
vt 0.53533947 0.86753482
vt 0.51936424 0.71602243
vt 0.51377875 0.83551526
vt 0.55878955 0.76645279
vt 0.53335232 0.91193557
vt 0.55417579 0.85893112
vt 0.53043491 0.88592511
vt 0.51219791 0.71737617
vt 0.52706021 0.69954884
vt 0.51260638 0.92515075
vt 0.51129013 0.78534365
vt 0.56698751 0.72667682
vt 0.57319289 0.77261925
vt 0.55109453 0.70161253
vt 0.54688513 0.93967724
vt 0.56254244 0.86493409
vt 0.51905489 0.89728767
vt 0.51629025 0.69352889
vt 0.5322091 0.69215208
vt 0.50576824 0.87422287
vt 0.50447696 0.8368538
vt 0.56869841 0.75505221
vt 0.55925602 0.71935326
vt 0.57308775 0.79266274
vt 0.54287791 0.69205964
vt 0.53684515 0.94995487
vt 0.55412543 0.94027793
vt 0.57351112 0.82184571
vt 0.5654794 0.88951272
vt 0.50860453 0.69493765
vt 0.5045628 0.7473976
vt 0.52070653 0.93457818
vt 0.50578713 0.90728438
vt 0.50371581 0.82340693
vt 0.57182688 0.74248052
vt 0.56629992 0.70011717
vt 0.54962873 0.68541718
vt 0.55856884 0.69650412
vt 0.54158086 0.97288936
vt 0.53111482 0.96469426
vt 0.55275226 0.97883123
vt 0.56083322 0.91644758
vt 0.5802381 0.85463947
vt 0.57346559 0.87759018
vt 0.5046705 0.79645759
vt 0.51943731 0.96497202
vt 0.5039326 0.9291901
vt 0.50384969 0.84859973
vt 0.50354666 0.83393282
vt 0.5724526 0.92347556
vt 0.57548803 0.89286685
vt 0.50646824 0.69839305
vt 0.50334567 0.77722406
vt 0.50554883 0.95009893
vt 0.50356334 0.83722067
vt 0.53873688 0.98316127
vt 0.57507086 0.9497686
vt 0.50301099 0.7378785
vt 0.50736779 0.6944015
vt 0.50261003 0.75150162
vt 0.51435208 0.97800767
vt 0.52510273 0.98124576
vt 0.50299972 0.95131123
vt 0.57959092 0.91808754
vt 0.56929165 0.97056335
vt 0.50268525 0.74436915
vt 0.50833476 0.99379706
vt 0.51714605 0.98385513
vt 0.50552136 0.96586543
vt 0.57085705 0.97934359
vt 0.51063257 0.9970181
vt 0.50208181 0.95743799
vt 0.51681066 0.98756689
vt 0.28999826 0.99640936
vt 0.27549896 0.99541962
vt 0.28225636 0.97941178
vt 0.29165563 0.97904462
vt 0.27341875 0.98026562
vt 0.29415053 0.95911026
vt 0.26725814 0.98803473
vt 0.28205743 0.95847559
vt 0.26900402 0.96978527
vt 0.27420476 0.93936008
vt 0.28863597 0.92983508
vt 0.26945785 0.91395569
vt 0.28703719 0.9089002
vt 0.28452948 0.89602798
vt 0.29434547 0.90908068
vt 0.27394521 0.89684778
vt 0.29127094 0.88553721
vt 0.28278163 0.88647968
vt 0.27544439 0.87699819
vt 0.28279716 0.86159706
vt 0.29062054 0.86585647
vt 0.273718 0.86104822
vt 0.29477337 0.84411895
vt 0.27474478 0.82243526
vt 0.26749647 0.8437959
vt 0.28392103 0.83003783
vt 0.28513697 0.80850685
vt 0.26844171 0.81468511
vt 0.29236424 0.79484344
vt 0.2753402 0.79543895
vt 0.26789969 0.79518425
vt 0.280628 0.77335942
vt 0.26885259 0.77562517
vt 0.28430292 0.75439
vt 0.27564982 0.75490302
vt 0.29215828 0.75180435
vt 0.27116263 0.76409638
vt 0.28408045 0.71488714
vt 0.26819947 0.72591054
vt 0.27714133 0.71144187
vt 0.29301861 0.72056246
vt 0.29346022 0.7056731
vt 0.27067965 0.71467793
vt 0.62680483 0.90845698
vt 0.6183579 0.92696953
vt 0.6144824 0.91090053
vt 0.61105639 0.88866973
vt 0.6272862 0.94929421
vt 0.61766803 0.87144566
vt 0.60212415 0.90791869
vt 0.61481929 0.9528904
vt 0.63231742 0.9054088
vt 0.62811315 0.87353379
vt 0.61123818 0.87293088
vt 0.60177326 0.92265666
vt 0.59613013 0.89093661
vt 0.61261255 0.97895396
vt 0.63398504 0.87489665
vt 0.63323969 0.95410317
vt 0.62776983 0.84056413
vt 0.60787791 0.86022651
vt 0.61588567 0.92957115
vt 0.62740743 0.99566031
vt 0.63311344 0.9900651
vt 0.6136592 0.83957201
vt 0.59593004 0.86970884
vt 0.63395363 0.82848728
vt 0.62675911 0.80758286
vt 0.59542418 0.83127528
vt 0.63354355 0.78459448
vt 0.61195815 0.80594081
vt 0.59583473 0.80371547
vt 0.60984033 0.79309261
vt 0.6273241 0.78511989
vt 0.60486668 0.80403405
vt 0.62785679 0.75781918
vt 0.61374444 0.82243395
vt 0.61721545 0.76981068
vt 0.59549934 0.77697504
vt 0.61016148 0.77030587
vt 0.65276295 0.84539378
vt 0.66074556 0.86339891
vt 0.65372074 0.88772428
vt 0.66004926 0.82507604
vt 0.66020817 0.89223117
vt 0.65198046 0.82295096
vt 0.66022438 0.92117018
vt 0.65475976 0.7975691
vt 0.652426 0.92823941
vt 0.647852 0.80159461
vt 0.66247255 0.80367821
vt 0.6606456 0.96166164
vt 0.6452508 0.8916496
vt 0.65175366 0.95145375
vt 0.64386868 0.91409975
vt 0.65215564 0.99519253
vt 0.64468908 0.94229931
vt 0.66108137 0.98382944
vt 0.64501977 0.96996707
vt 0.64264935 0.95956737
vt 0.69918132 0.86624485
vt 0.71170533 0.93001026
vt 0.69009358 0.89763939
vt 0.69017512 0.87753856
vt 0.71277195 0.89917403
vt 0.68939281 0.9466185
vt 0.69034332 0.84790391
vt 0.71344513 0.87450969
vt 0.72766817 0.92742753
vt 0.69444537 0.96106511
vt 0.69234669 0.8359893
vt 0.72165424 0.87352026
vt 0.71266121 0.84495461
vt 0.72944999 0.95528555
vt 0.72967327 0.89838696
vt 0.69009197 0.95795286
vt 0.71040756 0.9707557
vt 0.70370936 0.83884227
vt 0.71314436 0.94829857
vt 0.69114739 0.97232956
vt 0.70687842 0.99284673
vt 0.69641495 0.82799196
vt 0.72711259 0.84018093
vt 0.71853262 0.82300949
vt 0.72214359 0.97341102
vt 0.69092095 0.9937101
vt 0.72697222 0.98496169
vt 0.71768636 0.99397129
vt 0.73052096 0.99568772
vt 0.78095317 0.97367758
vt 0.77232492 0.95897084
vt 0.78641242 0.96087378
vt 0.76230633 0.9672662
vt 0.78268498 0.95190448
vt 0.76467097 0.95742202
vt 0.76082665 0.9850018
vt 0.77467668 0.91806626
vt 0.78800482 0.93683112
vt 0.75893766 0.9557938
vt 0.78068769 0.99440682
vt 0.75529909 0.96522599
vt 0.75941366 0.90989542
vt 0.75377691 0.93062246
vt 0.76260906 0.9968797
vt 0.75502032 0.99454743
vt 0.75802553 0.88209599
vt 0.75270015 0.89529955
vt 0.76464808 0.86063117
vt 0.75730294 0.85100871
vt 0.75313002 0.85811889
vt 0.76673418 0.84345794
vt 0.75915939 0.8286944
vt 0.75160396 0.84279197
vt 0.82948643 0.92240423
vt 0.81816065 0.92770457
vt 0.81683725 0.89974129
vt 0.83100122 0.88410026
vt 0.82449692 0.94510198
vt 0.8233875 0.8717857
vt 0.84628439 0.88368773
vt 0.82481939 0.96326876
vt 0.83574653 0.94955266
vt 0.82126456 0.84256589
vt 0.81784737 0.87137789
vt 0.84629083 0.88015288
vt 0.84643483 0.92760676
vt 0.81485188 0.95474523
vt 0.84625691 0.87727332
vt 0.81590229 0.84081286
vt 0.82001114 0.98457217
vt 0.832497 0.98382097
vt 0.84651572 0.93633544
vt 0.84606707 0.87152451
vt 0.82492703 0.98883849
vt 0.84133595 0.9658289
vt 0.84779865 0.95590615
vt 0.84017414 0.84671009
vt 0.81983876 0.9969576
vt 0.84593219 0.99309623
vt 0.84745318 0.95799422
vt 0.8266319 0.83686697
vt 0.84558851 0.84732771
vt 0.84785259 0.95816231
vt 0.83387172 0.83095372
vt 0.84475964 0.83357066
vt 0.84432369 0.82808656
vt 0.84685177 0.98857546
vt 0.84673053 0.99194628
vt 0.84676379 0.9928987
vt 0.86911601 0.90559578
vt 0.86697602 0.9323526
vt 0.85659778 0.91387796
vt 0.86277759 0.89939684
vt 0.85858291 0.94531983
vt 0.85566694 0.90736353
vt 0.86817008 0.9524709
vt 0.84628844 0.90691298
vt 0.85074627 0.95909899
vt 0.84710968 0.94054806
vt 0.86881149 0.97493821
vt 0.87699145 0.95976496
vt 0.85259575 0.99089026
vt 0.87799144 0.99533051
vt 0.86552286 0.99533945
vt 0.84567118 0.99534327
vt 0.87545091 0.99533308
vt 0.88990927 0.99532253
vt 0.85480022 0.995345
vt 0.86890191 0.99533963
vt 0.84820712 0.9953447
vt 0.90057009 0.96026117
vt 0.85281819 0.99534577
vt 0.89625782 0.99531752
vt 0.88850975 0.95484763
vt 0.90367955 0.99530798
vt 0.90909314 0.99530476
vt 0.91123778 0.98406649
vt 0.90921789 0.95680541
vt 0.91231376 0.99530393
vt 0.91819996 0.99529928
vt 0.91857123 0.99087417
vt 0.94193661 0.89065045
vt 0.94297713 0.86640596
vt 0.94991821 0.85247523
vt 0.96267527 0.89277059
vt 0.93811125 0.85303026
vt 0.95016831 0.90619159
vt 0.92465907 0.89092678
vt 0.96317238 0.91647142
vt 0.94195545 0.90965277
vt 0.93521255 0.90542018
vt 0.9281497 0.85503489
vt 0.94928211 0.92079151
vt 0.92306107 0.91128796
vt 0.91123372 0.89682865
vt 0.95872927 0.93286628
vt 0.93334377 0.9204306
vt 0.91537422 0.90822744
vt 0.90806109 0.85858673
vt 0.96368545 0.93874198
vt 0.95286095 0.93771505
vt 0.94309938 0.94726193
vt 0.9243831 0.92756927
vt 0.91214311 0.9229576
vt 0.96028328 0.96686876
vt 0.92664319 0.93754804
vt 0.91831374 0.93027699
vt 0.92575848 0.95741987
vt 0.94860089 0.98248976
vt 0.93624622 0.96521443
vt 0.94266969 0.96453661
vt 0.92588043 0.9954747
vt 0.9408685 0.9850964
vt 0.13195378 0.96070343
vt 0.14245191 0.96296585
vt 0.14250992 0.985367
vt 0.13332835 0.98119497
vt 0.12302891 0.93791908
vt 0.14802778 0.99216563
vt 0.13695334 0.9925108
vt 0.12015262 0.95628345
vt 0.14170268 0.99607629
vt 0.13958359 0.99500191
vt 0.13021529 0.98488653
vt 0.12378031 0.97491103
vt 0.11045735 0.95135248
vt 0.1161758 0.96371567
vt 0.11022689 0.95075095
vt 0.10111143 0.93932843
vt 0.09613622 0.93292594
vt 0.10284954 0.91429937
vt 0.14890812 0.8964498
vt 0.13788328 0.93303132
vt 0.1368935 0.91708714
vt 0.16515012 0.9340024
vt 0.13297783 0.92470318
vt 0.16064824 0.90542501
vt 0.13312075 0.93207932
vt 0.17327061 0.90592057
vt 0.12666047 0.93168855
vt 0.15989645 0.88381898
vt 0.17887516 0.9296549
vt 0.16324598 0.87719947
vt 0.17494111 0.90296191
vt 0.16939823 0.8765831
vt 0.17887247 0.92704517
vt 0.17027129 0.87838358
vt 0.16963258 0.87552202
vt 0.1791041 0.92901945
vt 0.075986743 0.94724804
vt 0.077448338 0.96443421
vt 0.071610965 0.96634501
vt 0.064842522 0.96935654
vt 0.096875653 0.96854419
vt 0.076050788 0.97189534
vt 0.10222082 0.96069223
vt 0.10974129 0.99698806
vt 0.090261899 0.98582751
vt 0.1138574 0.98838258
vt 0.20427781 0.9415161
vt 0.19539773 0.93527174
vt 0.20319057 0.93616199
vt 0.19802208 0.95005077
vt 0.2030386 0.93541366
vt 0.18652149 0.94861525
vt 0.19623017 0.93359399
vt 0.19358268 0.93590611
vt 0.19708221 0.97701216
vt 0.20169522 0.93156469
vt 0.18168226 0.94468701
vt 0.17835355 0.96081853
vt 0.2022341 0.93796653
vt 0.20152524 0.93107772
vt 0.17732887 0.95478433
vt 0.17833222 0.97846723
vt 0.1973082 0.93250847
vt 0.15842709 0.99663627
vt 0.17487866 0.95695275
vt 0.20085157 0.9288556
vt 0.15852734 0.9963066
vt 0.15893455 0.97091365
vt 0.20079814 0.92867935
vt 0.15953675 0.97522736
vt 0.15828036 0.9963792
vt 0.15864934 0.97154534
vt 0.15776108 0.97444862
vt 0.22964479 0.96509802
vt 0.23086466 0.98594809
vt 0.21451157 0.97637641
vt 0.21336521 0.95592791
vt 0.23418818 0.97596091
vt 0.21003374 0.99550945
vt 0.20999038 0.96352589
vt 0.24699613 0.96363944
vt 0.2098235 0.98171383
vt 0.24575409 0.97330445
vt 0.20487212 0.96962732
vt 0.95912075 0.996225
vt 0.95508295 0.98688263
vt 0.97699249 0.97914743
vt 0.96354789 0.97562832
vt 0.97914463 0.96851289
vt 0.9936673 0.97307432
vt 0.99593788 0.96047765
vt 0.0022720662 0.99593872
vt 0.025985777 0.99364215
vt 0.035732653 0.99408913
vt 0.81623435 0.98317659
vt 0.80354416 0.99536407
vt 0.80383253 0.97171265
vt 0.81415749 0.99460304
vt 0.79956222 0.97315484
vt 0.79703176 0.99453157
vt 0.78634864 0.99481785
vt 0.78801823 0.97149771
vt 0.78286791 0.96564806
vt 0.6027894 0.97401696
vt 0.60723525 0.98482895
vt 0.59803015 0.99274725
vt 0.58963758 0.98288381
vt 0.61161011 0.9760676
vt 0.58692461 0.99596256
vt 0.59134573 0.96006304
vt 0.6061886 0.95884842
vt 0.58545929 0.99255103
vt 0.5805434 0.969419
vt 0.58142412 0.97553337
vt 0.30471355 0.96649319
vt 0.30916855 0.97084028
vt 0.30743763 0.97529
vt 0.30112958 0.97466791
vt 0.31206089 0.94868463
vt 0.29863107 0.993433
vt 0.3125971 0.95259619
vt 0.30619901 0.93692446
vt 0.30559674 0.98984158
vt 0.31225258 0.96796757
vt 0.31285736 0.95191556
vt 0.31342465 0.95043188
vt 0.30563086 0.99010867
vt 0.30814022 0.97765976
vt 0.31310523 0.9494378
vt 0.30226877 0.99702239
vt 0.30574033 0.98982495
vt 0.30853254 0.97399628
vt 0.31203979 0.94612163
vt 0.31127751 0.93554497
vt 0.24701539 0.94973576
vt 0.24432622 0.94867736
vt 0.25113291 0.93999666
vt 0.2404421 0.95969343
vt 0.23954828 0.93929172
vt 0.24034499 0.92629343
vt 0.23681015 0.94909686
vt 0.23557107 0.93078011
vt 0.23402154 0.96502465
vt 0.2315525 0.9581418
vt 0.22794677 0.9355768
vt 0.22110538 0.94645226
vt 0.4706569 0.93300235
vt 0.49580762 0.94119036
vt 0.4876081 0.96564591
vt 0.47101966 0.9471873
vt 0.49602452 0.9331668
vt 0.49663359 0.96013141
vt 0.49649933 0.93211591
vt 0.49575743 0.93238753
vt 0.50017905 0.95638514
vt 0.48551548 0.91749078
vt 0.47068807 0.90989786
vt 0.21561094 0.91949868
vt 0.22142474 0.90680778
vt 0.22526044 0.9328137
vt 0.21230824 0.89843667
vt 0.23158771 0.92651141
vt 0.21158096 0.91423392
vt 0.21819142 0.87790197
vt 0.2339642 0.91552323
vt 0.20535922 0.90293968
vt 0.20503356 0.90165311
vt 0.97649246 0.94593096
vt 0.98431718 0.93696511
vt 0.98282045 0.95532966
vt 0.97549289 0.96487397
vt 0.99357325 0.93713611
vt 0.98774648 0.95475358
vt 0.97089511 0.95091075
vt 0.99742436 0.92355788
vt 0.99874711 0.94444269
vt 0.26276505 0.9233616
vt 0.24529627 0.93304747
vt 0.24644801 0.90571511
vt 0.26462328 0.89732814
vt 0.2571592 0.93136376
vt 0.24143749 0.9263162
vt 0.26372832 0.93142736
vt 0.23747626 0.90700662
vt 0.24338508 0.90336573
vt 0.23598465 0.92276406
vt 0.88153368 0.93316936
vt 0.87722057 0.93399411
vt 0.87661761 0.92004299
vt 0.88923305 0.93010604
vt 0.89408064 0.92706949
vt 0.88841569 0.91462642
vt 0.87845343 0.89842063
vt 0.90495068 0.92400765
vt 0.88302928 0.89407247
vt 0.90253478 0.92001903
vt 0.88965476 0.9028033
vt 0.0041464856 0.99625844
vt 0.0019949325 0.96870393
vt 0.002953368 0.94055223
vt 0.14293684 0.96490604
vt 0.14808232 0.93584031
vt 0.15528969 0.96487552
vt 0.14255324 0.93322182
vt 0.16008478 0.94184995
vt 0.16905484 0.96140808
vt 0.80534673 0.92339611
vt 0.7927351 0.93158317
vt 0.79294723 0.92605311
vt 0.79781812 0.90746099
vt 0.78482312 0.93269265
vt 0.80845505 0.89849925
vt 0.7836597 0.90907288
vt 0.79153746 0.8899157
vt 0.2522198 0.95649076
vt 0.26905125 0.95552534
vt 0.26015732 0.98233944
vt 0.26530716 0.94505769
vt 0.26170981 0.99665648
vt 0.059163973 0.97185111
vt 0.064121291 0.9821344
vt 0.051307287 0.98467737
vt 0.051161382 0.97092938
vt 0.041191727 0.97937971
vt 0.044952977 0.99606717
vt 0.050217509 0.99658638
vt 0.17636226 0.8736167
vt 0.18905841 0.86474216
vt 0.18488099 0.89089519
vt 0.18196411 0.88888377
vt 0.17383005 0.86842585
vt 0.18969665 0.9018113
vt 0.17470661 0.87640411
vt 0.17835398 0.85971999
vt 0.1854023 0.89649558
vt 0.19456784 0.89459974
vt 0.18538785 0.85550612
vt 0.19532213 0.88382024
vt 0.19394495 0.89941692
vt 0.19208285 0.85851765
vt 0.19621906 0.87100196
vt 0.20297338 0.95019817
vt 0.20461567 0.96749455
vt 0.19743137 0.97497147
vt 0.20143141 0.99595332
vt 0.64095443 0.97239125
vt 0.6350832 0.99641669
vt 0.63544041 0.95151967
vt 0.59965551 0.91944838
vt 0.60263693 0.93348569
vt 0.5826456 0.92203861
vt 0.58399898 0.93186474
vt 0.59668863 0.95086503
vt 0.58245796 0.94714439
vt 0.57973319 0.96397835
vt 0.57372421 0.96086359
vt 0.5798499 0.95256531
vt 0.5780282 0.98394001
vt 0.57699311 0.99611998
vt 0.57246536 0.97555596
vt 0.24885982 0.95409501
vt 0.25342569 0.97384685
vt 0.24410138 0.99619514
vt 0.66757101 0.99561554
vt 0.66585433 0.97875726
vt 0.67488986 0.98186165
vt 0.67553169 0.95448768
vt 0.66840219 0.95963758
vt 0.012020142 0.99120724
vt 0.01062097 0.97216147
vt 0.022828586 0.98713452
vt 0.0022176374 0.98897129
vt 0.0042981128 0.99520743
vt 0.74992603 0.97758955
vt 0.7461794 0.99566907
vt 0.74607128 0.96698093
vt 0.74972218 0.95845139
vt 0.73671293 0.95582306
vt 0.18748641 0.91269565
vt 0.18179528 0.91779715
vt 0.1734776 0.89432263
vt 0.19360538 0.92395556
vt 0.19291338 0.92457718
vt 0.18601158 0.93425643
vt 0.072133347 0.98058301
vt 0.062378902 0.99545532
vt 0.056262929 0.99075305
vt 0.065532371 0.98268837
vt 0.069545239 0.97831571
vt 0.071873479 0.97746444
vt 0.075979464 0.97363162
vt 0.6792205 0.96537381
vt 0.67626274 0.95322996
vt 0.68349653 0.94732642
vt 0.68660516 0.94959396
vt 0.67782146 0.92513734
vt 0.68423337 0.95705712
vt 0.68782455 0.94223809
vt 0.68343657 0.92822516
vt 0.67377895 0.93873584
vt 0.68891412 0.93322539
vt 0.48778403 0.98287606
vt 0.47906712 0.99562192
vt 0.48439589 0.97262031
vt 0.47882184 0.95642877
vt 0.97748721 0.91334236
vt 0.98828214 0.91432953
vt 0.98860514 0.93192071
vt 0.97579587 0.93413627
vt 0.98927492 0.90443021
vt 0.97105199 0.92459762
vt 0.97559655 0.89670855
vt 0.80910748 0.95288759
vt 0.80595618 0.96410257
vt 0.80138928 0.95363724
vt 0.79856676 0.93224919
vt 0.81277192 0.92764276
vt 0.73673958 0.96310681
vt 0.7320295 0.9953621
vt 0.72866327 0.98373753
vt 0.72938555 0.97951776
vt 0.73986042 0.99024004
vt 0.7299819 0.99504536
vt 0.73337084 0.96459937
vt 0.73175192 0.95863277
vt 0.13012989 0.90512735
vt 0.13010919 0.92440474
vt 0.11644308 0.9157958
vt 0.11928657 0.90717858
vt 0.121396 0.92836976
vt 0.11128588 0.90373313
vt 0.11719786 0.90189892
vt 0.12696707 0.92990434
vt 0.1197973 0.93404651
vt 0.12565561 0.89925838
vt 0.047624901 0.99660808
vt 0.029621124 0.98856354
vt 0.029193878 0.98590851
vt 0.2956109 0.92960232
vt 0.30223408 0.94203609
vt 0.30122617 0.94863588
vt 0.29696956 0.94811535
vt 0.29768607 0.96423078
vt 0.29071146 0.94289535
vt 0.92327785 0.9656021
vt 0.91838473 0.95814484
vt 0.92610431 0.95266289
vt 0.92557275 0.93050826
vt 0.91832829 0.93704081
vt 0.90858161 0.94101077
vt 0.11669438 0.99563754
vt 0.11525599 0.97868335
vt 0.11717863 0.96065485
vt 0.071877353 0.99075168
vt 0.079511821 0.98961866
vt 0.089642182 0.99693418
vt 0.49427435 0.97988033
vt 0.49286518 0.96243501
vt 0.50411302 0.97085387
vt 0.50294292 0.98819083
vt 0.48871738 0.9800216
vt 0.49677628 0.99465448
vt 0.49017566 0.98773217
vt 0.48661157 0.97204155
vt 0.49501425 0.99528897
vt 0.49636868 0.9963972
vt 0.68573499 0.99568522
vt 0.67815155 0.97518367
vt 0.69079661 0.97485268
vt 0.67404735 0.99479026
vt 0.48650464 0.9130438
vt 0.49377081 0.91903985
vt 0.4950012 0.93199992
vt 0.50261295 0.90502357
vt 0.49888468 0.93330252
vt 0.50168568 0.92306399
vt 0.92210525 0.99634039
vt 0.91788578 0.98807472
vt 0.91911113 0.97548836
vt 0.92587167 0.96930087
vt 0.91613954 0.9632566
vt 0.92614669 0.99019939
vt 0.14666356 0.96377802
vt 0.15153268 0.97371083
vt 0.15022571 0.99588197
vt 0.18546577 0.99566948
vt 0.18837389 0.98339158
vt 0.19680782 0.98432565
vt 0.18208162 0.97680968
vt 0.30927035 0.93375176
vt 0.30471188 0.93319768
vt 0.30403173 0.9156462
vt 0.31153712 0.91164953
vt 0.29838955 0.90714014
vt 0.31397077 0.92772818
vt 0.74152774 0.93035126
vt 0.73654598 0.91609955
vt 0.74571872 0.90974087
vt 0.74879485 0.92839521
vt 0.73824787 0.93345463
vt 0.75212139 0.90615129
vt 0.11908878 0.96687531
vt 0.12506172 0.98254085
vt 0.12528068 0.9952246
vt 0.79858923 0.95119381
vt 0.79879016 0.96375853
vt 0.79248172 0.96434778
vt 0.79134029 0.93939143
vt 0.7981658 0.93569601
vt 0.75269812 0.91976833
vt 0.75511515 0.94851643
vt 0.74459487 0.94963974
vt 0.99302369 0.97814089
vt 0.9832378 0.98063922
vt 0.97856534 0.97892064
vt 0.99044782 0.99608457
vt 0.98108423 0.99638849
vt 0.01126614 0.87434036
vt 0.011769031 0.90320289
vt 0.0015065391 0.88566697
vt 0.016827295 0.88409138
vt 0.10198759 0.94260812
vt 0.092338622 0.94863623
vt 0.087899998 0.93043554
vt 0.15048999 0.96939945
vt 0.15609345 0.97655737
vt 0.15618137 0.99579865
vt 0.5620935 0.98612005
vt 0.55749911 0.99553192
vt 0.54925191 0.98328966
vt 0.63490123 0.99584341
vt 0.64328879 0.98242062
vt 0.64822656 0.99136519
vt 0.20931788 0.94270432
vt 0.205632 0.95852566
vt 0.20487815 0.95758426
vt 0.20594694 0.94370663
vt 0.21103759 0.96203542
vt 0.20485367 0.95901299
vt 0.20635337 0.94022584
vt 0.20536208 0.96317327
vt 0.20572834 0.96442586
vt 0.19754636 0.90814334
vt 0.20412666 0.90771753
vt 0.20199805 0.92372149
vt 0.20731471 0.91817147
vt 0.2073762 0.90757334
vt 0.20728144 0.92394078
vt 0.20711519 0.93257707
vt 0.20544489 0.93391138
vt 0.23913576 0.97106236
vt 0.24228194 0.99032539
vt 0.2363169 0.99576932
vt 0.89591646 0.92703563
vt 0.9048298 0.92647582
vt 0.90252656 0.94306183
vt 0.89246178 0.94336432
vt 0.89893144 0.94855493
vt 0.9681648 0.96437019
vt 0.96794844 0.93999481
vt 0.97326261 0.94405156
vt 0.96294618 0.9500165
vt 0.17349771 0.95004451
vt 0.16853979 0.96397686
vt 0.16575128 0.94190723
vt 0.81298834 0.98093742
vt 0.80651236 0.95752627
vt 0.81540412 0.97016865
vt 0.8062135 0.96912527
vt 0.06332352 0.97215039
vt 0.064627193 0.98017198
vt 0.059509803 0.97318542
vt 0.056607094 0.96808076
vt 0.066551417 0.9704507
vt 0.060331151 0.95673388
vt 0.20833144 0.97989172
vt 0.20532537 0.99556953
vt 0.20595752 0.97246718
vt 0.63777941 0.94917345
vt 0.63486576 0.94866443
vt 0.63468885 0.92500257
vt 0.64211637 0.93399489
vt 0.0083141839 0.96251309
vt 0.0017675437 0.94084716
vt 0.013220529 0.96273839
vt 0.008030965 0.96406758
vt 0.25360557 0.99057794
vt 0.25949717 0.98275042
vt 0.26019853 0.99696165
vt 0.25189215 0.98426449
vt 0.2557261 0.97184956
vt 0.034684453 0.9968605
vt 0.028901266 0.99653
vt 0.040620059 0.99008739
vt 0.040809941 0.99139851
vt 0.23232844 0.98950607
vt 0.23754214 0.97308004
vt 0.23660444 0.99550617
vt 0.10690131 0.97294348
vt 0.10843746 0.96474594
vt 0.11393054 0.98037589
vt 0.1037382 0.96014786
vt 0.10964389 0.95630336
vt 0.27384564 0.94372278
vt 0.26725093 0.94928479
vt 0.26719043 0.92773843
vt 0.29214749 0.99611998
vt 0.29111242 0.98394001
vt 0.29667526 0.97555596
vt 0.17794624 0.99534369
vt 0.1739469 0.98152232
vt 0.18348823 0.98030931
vt 0.064216532 0.99518245
vt 0.070400625 0.98966712
vt 0.074176162 0.99607152
vt 0.66567218 0.92908734
vt 0.67548013 0.93262345
vt 0.6674763 0.94971162
vt 0.67276275 0.94563735
vt 0.30654168 0.99582559
vt 0.30838266 0.97708672
vt 0.31333199 0.98040205
vt 0.31321329 0.99655986
vt 0.72862715 0.9653905
vt 0.73036426 0.94781721
vt 0.7359075 0.94642538
vt 0.14245933 0.93392015
vt 0.13507725 0.94999617
vt 0.13481529 0.94881076
vt 0.13501866 0.93422484
vt 0.13448483 0.94981146
vt 0.52504927 0.98874122
vt 0.53232509 0.99059725
vt 0.52872527 0.99430585
vt 0.52625716 0.98161536
vt 0.53003156 0.99628323
vt 0.53358608 0.98491782
vt 0.66522163 0.99672407
vt 0.65805358 0.9943924
vt 0.66451234 0.97984368
vt 0.12387524 0.99032074
vt 0.11942934 0.98955536
vt 0.12228014 0.9836942
vt 0.12364739 0.99623317
vt 0.12481988 0.99401462
vt 0.092942432 0.99688148
vt 0.087997712 0.98596352
vt 0.09222959 0.98708409
vt 0.0023936455 0.99559593
vt 0.00212534 0.9945879
vt 0.0031505132 0.99546885
vt 0.001939238 0.99528795
vt 0.0022201077 0.99642813
vt 0.0017657202 0.99636948
vt 0.0022215024 0.99584937
usemtl Tile_+038_+020_L19_000120_0
f 779/331 366/332 780/333
f 784/1339 776/1340 785/1341
f 408/568 383/509 679/566
f 376/405 446/390 783/361
f 774/94 777/95 778/96
f 544/410 402/377 384/376
f 340/1509 787/1510 786/1511
f 786/1524 341/1525 340/1526
f 391/357 802/350 392/343
f 690/743 412/744 706/745
f 421/746 706/745 423/749
f 710/1402 417/1403 709/1404
f 699/754 717/758 411/747
f 789/1477 805/1478 701/1479
f 390/342 378/347 711/354
f 393/381 508/413 507/399
f 420/404 731/436 694/402
f 706/745 444/748 423/749
f 705/1 704/2 686/3
f 703/1296 702/1297 716/1298
f 388/529 770/569 403/531
f 442/411 406/452 743/453
f 404/489 388/529 747/549
f 800/106 341/113 799/122
f 332/490 407/510 518/530
f 764/1306 796/1307 795/1308
f 793/1515 498/1516 440/1517
f 763/114 762/124 774/94
f 792/1597 775/1598 772/1599
f 831/344 802/350 801/358
f 802/350 391/357 801/358
f 806/462 375/506 751/483
f 378/1662 701/1663 805/1664
f 724/334 380/340 368/335
f 716/1430 715/1431 728/1432
f 512/412 516/432 325/398
f 364/1563 808/1564 365/1565
f 417/1412 710/1413 418/1414
f 322/493 323/456 330/469
f 346/986 349/987 1067/988
f 766/111 815/109 816/129
f 480/1483 479/1484 485/1485
f 761/1556 546/1557 811/1558
f 488/135 799/122 810/115
f 812/1658 338/1659 765/1660
f 439/1013 819/1012 818/1014
f 337/1004 349/987 782/999
f 436/1039 437/1040 350/1041
f 817/134 818/125 336/145
f 716/1430 728/1432 996/1433
f 253/6 697/4 686/3
f 697/766 698/763 705/759
f 698/763 697/766 253/771
f 249/499 425/502 692/441
f 696/484 700/527 429/507
f 690/743 704/750 411/747
f 427/498 691/476 709/437
f 691/476 692/441 709/437
f 424/460 430/480 713/424
f 693/371 694/402 707/386
f 708/1416 418/1414 710/1413
f 694/402 708/419 707/386
f 692/441 691/476 249/499
f 425/502 249/499 432/539
f 695/542 696/484 425/502
f 713/424 720/442 424/460
f 721/403 692/441 719/423
f 720/442 718/479 424/460
f 721/403 719/423 788/388
f 700/527 696/484 695/542
f 425/502 430/480 424/460
f 428/464 713/424 696/484
f 369/444 833/481 641/503
f 417/1403 427/1405 709/1404
f 720/442 692/441 718/479
f 709/437 692/441 721/403
f 719/423 692/441 720/442
f 425/502 424/460 718/479
f 411/747 704/750 699/754
f 699/754 698/763 717/758
f 703/1296 714/1299 702/1297
f 527/762 422/753 448/757
f 715/1300 716/1298 702/1297
f 422/753 423/749 448/757
f 421/1505 723/1506 690/1507
f 702/1297 727/1303 715/1300
f 527/33 415/24 723/10
f 699/754 705/759 698/763
f 714/1299 703/1296 999/1301
f 705/759 699/754 704/750
f 723/10 422/41 527/33
f 728/1432 715/1431 730/1434
f 703/1423 716/1424 997/1425
f 722/1230 730/1231 727/1232
f 732/782 726/773 539/778
f 531/51 540/44 725/42
f 415/24 542/17 723/10
f 416/760 731/765 538/768
f 732/782 539/778 531/788
f 735/1139 537/1140 536/1141
f 722/1143 735/1139 734/1146
f 1004/1150 535/1142 1005/1149
f 734/1146 735/1139 535/1142
f 539/778 525/787 531/788
f 725/783 726/773 732/782
f 733/1569 826/1570 381/1571
f 729/34 542/17 415/24
f 542/17 725/42 540/44
f 531/51 541/35 540/44
f 725/42 542/17 729/34
f 726/773 416/760 538/768
f 731/765 528/774 538/768
f 528/459 420/404 414/440
f 708/419 694/402 731/436
f 327/439 413/422 419/387
f 707/386 364/352 693/371
f 420/1521 736/1522 693/1523
f 707/386 710/420 721/403
f 710/420 707/386 708/419
f 694/402 693/371 736/418
f 416/760 444/748 708/756
f 528/774 523/784 526/779
f 708/756 731/765 416/760
f 729/775 416/760 726/773
f 726/773 725/783 729/775
f 448/757 444/748 416/760
f 426/1415 418/1414 708/1416
f 444/748 427/752 708/756
f 528/774 526/779 538/768
f 723/10 542/17 722/12
f 444/748 412/744 427/752
f 691/751 427/752 412/744
f 412/744 444/748 706/745
f 412/744 411/747 691/751
f 686/3 697/4 705/1
f 686/3 690/5 433/7
f 247/764 249/755 717/758
f 411/747 412/744 690/743
f 690/5 723/10 433/7
f 249/755 691/751 411/747
f 704/2 690/5 686/3
f 433/7 723/10 722/12
f 730/1434 737/1437 728/1432
f 727/1303 702/1297 433/1302
f 433/1302 714/1299 1000/1304
f 433/1302 702/1297 714/1299
f 737/1630 730/1631 1010/1632
f 727/16 433/7 722/12
f 998/1436 737/1437 1011/1439
f 1010/1155 722/1143 1012/1154
f 542/17 537/25 722/12
f 722/1143 734/1146 1002/1151
f 382/547 223/567 679/566
f 745/379 544/410 545/430
f 753/1384 405/1385 678/1386
f 223/567 382/547 405/508
f 383/509 405/508 382/547
f 402/377 544/410 739/394
f 403/531 747/549 388/529
f 406/452 404/489 743/453
f 403/531 407/510 742/491
f 740/451 544/410 741/429
f 407/510 409/468 742/491
f 389/548 408/568 679/566
f 742/491 743/453 404/489
f 746/431 442/411 743/453
f 404/489 406/452 740/451
f 746/431 409/468 519/414
f 399/470 519/414 332/490
f 400/450 387/466 741/429
f 442/411 745/379 545/430
f 746/431 743/453 409/468
f 512/412 519/414 398/455
f 746/431 443/396 442/411
f 756/378 514/366 515/395
f 545/430 406/452 442/411
f 745/379 739/394 544/410
f 406/452 544/410 740/451
f 740/451 744/467 387/466
f 406/452 545/430 544/410
f 741/429 744/467 740/451
f 738/380 739/394 395/356
f 384/376 400/450 741/429
f 740/451 387/466 404/489
f 387/466 744/467 741/429
f 750/487 385/449 749/465
f 386/488 400/450 750/487
f 405/508 386/488 749/465
f 749/465 385/449 396/428
f 753/576 130/565 676/577
f 402/377 739/394 748/365
f 758/1625 754/1626 748/1627
f 757/364 384/376 401/355
f 384/376 402/377 401/355
f 395/356 745/379 514/366
f 394/349 755/336 754/348
f 325/398 326/368 512/412
f 326/368 519/414 512/412
f 392/343 756/378 326/368
f 395/356 394/349 522/367
f 507/399 505/415 760/382
f 755/336 390/342 754/348
f 678/485 130/565 753/576
f 758/397 738/380 522/367
f 738/380 395/356 522/367
f 390/1540 759/1541 757/1542
f 522/1628 754/1626 758/1625
f 748/365 754/348 401/355
f 405/508 676/577 223/567
f 405/508 753/576 676/577
f 129/544 359/528 752/546
f 359/528 678/485 355/486
f 357/446 356/448 449/408
f 359/528 129/544 678/485
f 515/395 443/396 519/414
f 356/448 355/486 678/485
f 752/546 751/483 129/544
f 397/427 356/448 396/428
f 467/155 547/168 761/131
f 777/95 774/94 775/98
f 679/566 215/583 389/548
f 768/102 777/95 775/98
f 631/117 768/102 767/108
f 772/103 775/98 774/94
f 774/94 773/110 772/103
f 769/142 771/158 770/136
f 775/98 767/108 768/102
f 766/1661 812/1658 765/1660
f 546/1309 547/1312 764/1306
f 764/195 547/168 823/181
f 773/110 821/119 820/130
f 388/529 389/548 770/569
f 792/153 822/143 798/116
f 775/98 798/116 767/108
f 774/94 762/124 821/119
f 441/1512 498/1514 787/1510
f 773/110 797/120 772/103
f 792/1597 798/1600 775/1598
f 767/108 773/110 770/136
f 798/116 797/120 773/110
f 770/136 773/110 769/142
f 762/124 820/130 821/119
f 773/110 774/94 821/119
f 820/130 769/142 773/110
f 769/142 820/130 762/124
f 796/1307 790/1310 795/1308
f 771/158 467/155 518/188
f 794/174 764/195 823/181
f 762/1313 790/1310 796/1307
f 776/1340 811/1343 785/1341
f 794/174 769/142 796/167
f 762/1394 763/1395 784/1396
f 763/1342 776/1340 784/1339
f 546/1344 785/1341 811/1343
f 795/1308 546/1309 764/1306
f 823/181 467/155 771/158
f 795/1308 785/1311 546/1309
f 791/1645 784/1646 790/1647
f 784/1396 791/1397 762/1394
f 784/1314 785/1311 790/1310
f 795/1308 790/1310 785/1311
f 518/188 450/175 771/158
f 450/175 770/136 771/158
f 770/136 206/137 767/108
f 822/1617 792/1618 772/1619
f 822/143 797/120 798/116
f 772/1619 797/1620 822/1617
f 790/1398 762/1394 791/1397
f 767/108 664/127 631/117
f 767/108 798/116 773/110
f 664/127 767/108 206/137
f 757/364 759/393 354/375
f 824/337 724/334 780/333
f 357/446 358/443 410/425
f 361/370 826/384 733/369
f 712/362 711/354 805/363
f 392/343 824/337 755/336
f 354/375 390/342 712/362
f 390/342 354/375 759/393
f 449/408 712/362 377/409
f 751/483 357/446 806/462
f 449/408 353/392 712/362
f 365/341 368/335 381/346
f 789/345 783/361 805/363
f 390/342 711/354 712/362
f 755/336 394/349 392/343
f 755/336 824/337 780/333
f 751/1589 752/1590 355/1591
f 390/342 755/336 367/339
f 806/462 447/445 372/463
f 805/363 446/390 712/362
f 445/407 371/426 447/445
f 445/407 447/445 806/462
f 447/445 371/426 372/463
f 755/336 780/333 366/332
f 789/345 367/339 828/338
f 378/347 390/342 367/339
f 377/409 712/362 446/390
f 779/1642 724/1643 368/1644
f 410/425 376/405 783/361
f 828/338 365/341 789/345
f 379/1480 378/1481 367/1482
f 760/382 505/415 496/400
f 366/332 367/339 755/336
f 802/350 831/344 824/337
f 779/331 780/333 724/334
f 391/357 760/382 801/358
f 760/382 391/357 507/399
f 724/334 824/337 380/340
f 824/337 392/343 802/350
f 380/340 824/337 831/344
f 783/361 446/390 805/363
f 801/358 760/382 496/400
f 366/332 368/335 828/338
f 827/374 783/361 825/353
f 713/424 803/447 370/391
f 368/335 380/340 381/346
f 381/346 807/351 733/369
f 733/369 801/358 363/383
f 807/351 801/358 733/369
f 381/346 361/370 830/359
f 368/335 366/332 779/331
f 807/351 380/340 831/344
f 801/358 807/351 831/344
f 788/388 829/373 834/360
f 371/426 445/407 370/391
f 445/407 410/425 783/361
f 371/426 369/444 373/461
f 827/374 832/406 370/391
f 369/444 803/447 833/481
f 832/406 713/424 370/391
f 428/464 833/481 803/447
f 428/464 803/447 713/424
f 713/424 430/480 696/484
f 428/464 641/503 833/481
f 830/359 364/352 381/346
f 719/423 720/442 788/388
f 804/389 827/374 825/353
f 499/401 419/387 830/359
f 721/403 364/352 707/386
f 364/352 830/359 693/371
f 834/360 364/352 721/403
f 829/373 804/389 825/353
f 834/360 829/373 825/353
f 362/385 361/370 733/369
f 365/341 834/360 825/353
f 497/416 499/401 362/385
f 499/401 830/359 362/385
f 497/416 363/383 510/417
f 362/385 363/383 497/416
f 830/359 361/370 362/385
f 834/360 365/341 808/372
f 830/359 419/387 693/371
f 832/406 827/374 804/389
f 788/388 804/389 829/373
f 804/389 788/388 713/424
f 713/424 832/406 804/389
f 713/424 788/388 720/442
f 834/360 721/403 788/388
f 315/1407 348/1408 451/1409
f 314/1062 451/1069 1069/1071
f 344/990 352/997 350/1000
f 782/1052 437/1040 781/1046
f 344/990 345/993 352/997
f 350/1041 351/1042 436/1039
f 437/994 782/999 349/987
f 782/999 438/1010 337/1004
f 434/1047 335/1056 781/1046
f 437/1040 835/1043 781/1046
f 835/1043 436/1039 434/1047
f 814/1175 840/1176 839/1177
f 631/117 62/128 768/102
f 777/95 765/104 338/99
f 765/104 777/95 766/111
f 815/109 766/111 777/95
f 812/1223 766/1224 841/1225
f 97/118 619/151 809/140
f 766/1224 816/1226 841/1225
f 809/1227 841/1225 816/1226
f 809/140 816/129 97/118
f 619/151 839/164 809/140
f 839/1229 844/1228 809/1227
f 844/1180 840/1176 841/1183
f 844/1228 841/1225 809/1227
f 815/109 768/102 97/118
f 840/1176 842/1179 812/1182
f 812/1182 841/1183 840/1176
f 340/1509 441/1512 787/1510
f 799/1527 341/1525 786/1524
f 799/1518 786/1520 793/1515
f 787/1510 498/1514 793/1513
f 793/1513 786/1511 787/1510
f 817/134 489/157 490/146
f 490/146 489/157 456/173
f 440/1517 799/1518 793/1515
f 338/1184 812/1182 842/1179
f 800/106 776/123 763/114
f 763/114 774/94 800/106
f 800/106 811/132 776/123
f 761/131 488/135 467/155
f 800/106 340/100 341/113
f 488/1492 491/1493 454/1494
f 799/122 761/131 800/106
f 488/135 761/131 799/122
f 340/100 800/106 774/94
f 441/101 810/115 799/122
f 340/100 845/97 441/101
f 799/1518 440/1517 441/1519
f 845/97 340/100 774/94
f 810/115 491/147 488/135
f 491/147 810/115 490/146
f 441/101 778/96 836/107
f 816/129 815/109 97/118
f 814/1175 842/1179 840/1176
f 813/112 339/105 814/121
f 842/1179 814/1175 339/1181
f 441/101 845/97 778/96
f 339/105 778/96 338/99
f 338/99 778/96 777/95
f 774/94 778/96 845/97
f 836/107 778/96 813/112
f 810/115 817/134 490/146
f 810/115 441/101 836/107
f 438/1010 782/999 819/1012
f 838/126 836/107 813/112
f 836/107 818/125 810/115
f 818/125 817/134 810/115
f 782/1052 781/1046 819/1055
f 335/1056 434/1047 837/1060
f 336/1064 818/1063 846/1059
f 818/1063 819/1055 846/1059
f 781/1046 846/1059 819/1055
f 838/1006 334/1002 438/1010
f 818/125 836/107 439/133
f 838/126 439/133 836/107
f 439/1013 438/1010 819/1012
f 814/121 838/126 813/112
f 336/1064 335/1056 837/1060
f 336/1064 435/1065 1071/1068
f 837/1060 435/1065 336/1064
f 333/995 838/1006 1078/1011
f 817/134 336/145 1073/156
f 1080/172 817/134 1081/185
f 1082/154 619/151 1083/180
f 814/1175 839/1177 619/1178
f 347/1417 451/1418 348/1419
f 521/1253 503/1254 504/1255
f 386/488 383/509 387/466
f 495/1365 494/1366 1016/1367
f 761/1556 547/1559 546/1557
f 537/1140 533/1144 536/1141
f 541/35 532/58 861/50
f 530/458 529/477 414/440
f 330/469 516/432 513/454
f 397/427 396/428 353/392
f 469/1451 480/1452 485/1453
f 863/233 475/221 864/245
f 313/1260 502/1257 521/1253
f 312/1676 329/1677 311/1678
f 320/433 508/413 393/381
f 328/421 419/387 499/401
f 452/998 352/997 345/993
f 463/1534 465/1535 468/1536
f 473/209 475/221 467/155
f 533/57 537/25 865/49
f 534/71 533/57 866/64
f 537/1140 735/1139 722/1143
f 536/1141 533/1144 1024/1147
f 535/1142 735/1139 536/1141
f 870/795 526/779 871/789
f 416/760 527/762 448/757
f 532/797 543/793 847/798
f 532/797 525/787 543/793
f 537/25 541/35 862/43
f 541/35 531/51 532/58
f 528/459 731/436 420/404
f 537/25 542/17 541/35
f 538/768 526/779 539/778
f 871/789 523/784 875/794
f 525/787 526/779 543/793
f 531/788 525/787 532/797
f 499/401 318/438 328/421
f 318/438 530/458 328/421
f 530/458 318/438 529/477
f 327/439 328/421 414/440
f 414/440 328/421 530/458
f 873/540 529/477 880/520
f 523/478 524/501 872/522
f 524/501 414/440 529/477
f 529/477 318/438 879/500
f 694/402 736/418 420/404
f 419/387 420/404 693/371
f 523/478 528/459 414/440
f 414/440 524/501 523/478
f 526/779 525/787 539/778
f 1006/1145 536/1141 1025/1148
f 1028/1670 868/1671 1060/1672
f 754/1626 522/1628 394/1629
f 501/1572 520/1573 1014/1574
f 514/366 756/378 392/343
f 392/343 395/356 514/366
f 1015/1577 511/1576 1030/1579
f 517/512 317/511 881/552
f 393/381 323/456 320/433
f 393/1399 325/1400 516/1401
f 323/456 516/432 330/469
f 516/432 323/456 393/381
f 885/534 331/513 886/557
f 323/456 322/493 321/471
f 330/469 331/513 322/493
f 330/469 517/512 882/532
f 316/492 330/469 513/454
f 316/492 317/511 517/512
f 513/454 516/432 512/412
f 515/395 514/366 443/396
f 513/454 512/412 398/455
f 317/511 324/533 851/556
f 332/490 518/530 888/550
f 890/212 467/155 891/225
f 511/1258 500/1261 1031/1265
f 313/1456 501/1457 1033/1458
f 1023/1679 503/1680 1036/1681
f 503/1254 502/1257 1021/1259
f 313/1456 521/1460 501/1457
f 503/1254 521/1253 502/1257
f 501/1572 511/1576 520/1573
f 756/378 515/395 326/368
f 501/1256 504/1255 511/1258
f 501/1256 521/1253 504/1255
f 500/1261 504/1255 1035/1266
f 320/433 321/471 858/494
f 508/413 312/457 506/434
f 496/400 510/417 363/383
f 505/415 507/399 506/434
f 329/496 319/472 509/516
f 319/472 329/496 312/457
f 329/496 509/516 311/473
f 505/415 506/434 496/400
f 312/457 311/473 496/400
f 496/400 309/474 492/435
f 896/537 311/473 897/560
f 309/474 496/400 311/473
f 497/416 510/417 496/400
f 492/435 497/416 496/400
f 310/517 309/474 311/473
f 825/353 789/345 365/341
f 1016/1367 313/1370 1040/1373
f 494/1366 495/1365 1018/1369
f 725/783 732/782 531/788
f 318/438 492/435 493/475
f 499/401 497/416 492/435
f 309/474 310/517 493/475
f 493/475 310/517 898/538
f 318/438 499/401 492/435
f 900/246 459/234 901/254
f 484/1464 461/1465 482/1466
f 484/1464 487/1467 856/1470
f 487/1467 484/1464 482/1466
f 478/1487 479/1484 473/1488
f 484/220 486/208 483/196
f 468/222 464/207 481/199
f 483/196 466/169 454/171
f 464/207 454/171 481/199
f 482/235 468/222 481/199
f 486/208 466/169 483/196
f 470/197 486/208 484/220
f 468/1536 482/1539 462/1537
f 460/1468 462/1472 482/1466
f 470/197 484/220 860/232
f 483/196 465/219 484/220
f 465/219 464/207 468/222
f 467/155 472/182 478/198
f 460/1468 482/1466 461/1465
f 453/184 456/173 481/199
f 454/171 491/147 490/146
f 454/171 464/207 483/196
f 477/200 456/173 1088/187
f 857/261 482/235 904/255
f 1091/274 459/234 1092/283
f 459/234 481/199 455/211
f 482/235 481/199 900/246
f 348/1408 315/1407 343/1410
f 479/1325 480/1326 469/1327
f 478/1487 472/1486 479/1484
f 485/1453 472/1454 469/1451
f 796/167 764/195 794/174
f 478/198 473/209 467/155
f 472/182 466/169 470/197
f 469/1327 470/1331 471/1330
f 472/1486 485/1485 479/1484
f 475/1329 476/1328 469/1327
f 476/1328 479/1325 469/1327
f 476/1637 474/1638 479/1639
f 475/1640 474/1638 476/1637
f 864/1332 471/1330 906/1334
f 475/1640 473/1641 474/1638
f 479/1639 474/1638 473/1641
f 471/1330 470/1331 902/1333
f 462/1537 463/1534 468/1536
f 472/1454 470/1455 469/1451
f 465/1601 461/1602 484/1603
f 466/169 472/182 467/155
f 488/135 466/169 467/155
f 466/169 486/208 470/197
f 463/1534 461/1538 465/1535
f 465/219 483/196 464/207
f 462/1472 460/1468 463/1471
f 461/1465 463/1471 460/1468
f 459/234 455/211 457/224
f 455/211 481/199 456/173
f 453/184 481/199 454/171
f 843/1648 456/1649 453/1650
f 477/200 455/211 456/173
f 457/224 455/211 477/200
f 1087/247 457/224 1093/237
f 1093/237 477/200 1094/236
f 1088/187 489/157 1090/186
f 843/1604 490/1605 456/1606
f 451/1418 347/1417 1096/1420
f 314/1062 315/1066 451/1069
f 351/1042 360/1044 342/1048
f 351/1042 350/1041 360/1044
f 519/414 409/468 332/490
f 518/530 407/510 450/551
f 429/507 700/527 432/539
f 353/392 449/408 397/427
f 701/1479 379/1480 789/1477
f 745/379 443/396 514/366
f 405/508 749/465 678/485
f 384/376 396/428 385/449
f 769/142 794/174 771/158
f 383/509 382/547 679/566
f 757/364 401/355 390/342
f 410/425 445/407 357/446
f 806/462 357/446 445/407
f 350/1041 352/1049 360/1044
f 448/757 423/749 444/748
f 343/1054 342/1048 360/1044
f 349/987 337/1004 334/1002
f 350/1000 437/994 344/990
f 440/1517 498/1516 441/1519
f 1103/991 333/995 1104/1001
f 1072/1061 434/1047 1105/1057
f 1078/144 814/121 1082/154
f 1008/14 433/7 1009/20
f 700/527 695/542 432/539
f 432/539 431/564 429/507
f 695/542 425/502 432/539
f 248/561 432/539 249/499
f 417/1403 426/1406 427/1405
f 718/479 692/441 425/502
f 696/484 430/480 425/502
f 721/403 710/420 709/437
f 706/745 421/746 690/743
f 421/746 423/749 422/753
f 422/1508 723/1506 421/1505
f 419/387 413/422 420/404
f 415/769 527/762 416/760
f 715/1431 727/1438 730/1434
f 416/760 729/775 415/769
f 542/17 540/44 541/35
f 539/778 726/773 538/768
f 327/439 414/440 413/422
f 420/404 413/422 414/440
f 417/1412 418/1414 426/1415
f 427/752 426/761 708/756
f 698/763 247/764 717/758
f 249/755 411/747 717/758
f 407/510 332/490 409/468
f 383/509 408/568 389/548
f 770/569 450/551 403/531
f 407/510 403/531 450/551
f 206/578 389/548 215/583
f 388/529 387/466 383/509
f 750/487 749/465 386/488
f 389/548 388/529 383/509
f 404/489 403/531 742/491
f 738/380 748/365 739/394
f 409/468 743/453 742/491
f 404/489 747/549 403/531
f 326/368 515/395 519/414
f 519/414 443/396 746/431
f 398/455 519/414 399/470
f 400/450 384/376 385/449
f 745/379 442/411 443/396
f 388/529 404/489 387/466
f 384/376 741/429 544/410
f 396/428 678/485 749/465
f 400/450 385/449 750/487
f 383/509 386/488 405/508
f 400/450 386/488 387/466
f 748/365 401/355 402/377
f 390/342 401/355 754/348
f 396/428 384/376 353/392
f 745/379 395/356 739/394
f 391/357 392/343 326/368
f 384/376 757/364 354/375
f 738/380 758/397 748/365
f 449/408 358/443 357/446
f 355/486 752/546 359/528
f 678/485 396/428 356/448
f 384/376 354/375 353/392
f 206/578 770/569 389/548
f 467/155 823/181 547/168
f 762/124 796/167 769/142
f 823/181 771/158 794/174
f 397/427 449/408 356/448
f 807/351 381/346 380/340
f 392/343 394/349 395/356
f 393/381 391/357 326/368
f 358/443 449/408 377/409
f 712/362 353/392 354/375
f 358/443 377/409 376/405
f 356/448 357/446 355/486
f 355/486 357/446 751/483
f 375/506 806/462 372/463
f 374/526 751/483 375/506
f 371/426 373/461 372/463
f 376/405 410/425 358/443
f 378/1481 379/1480 701/1479
f 805/363 711/354 378/347
f 783/361 827/374 370/391
f 445/407 783/361 370/391
f 376/405 377/409 446/390
f 365/341 828/338 368/335
f 367/1482 789/1477 379/1480
f 367/339 366/332 828/338
f 789/345 825/353 783/361
f 801/358 496/400 363/383
f 369/444 371/426 370/391
f 428/464 696/484 429/507
f 370/391 803/447 369/444
f 381/346 364/352 365/341
f 733/369 363/383 362/385
f 364/352 834/360 808/372
f 381/346 826/384 361/370
f 343/1008 452/998 348/1009
f 342/1048 314/1062 1101/1058
f 347/1003 452/998 346/986
f 452/998 347/1003 348/1009
f 452/998 343/1008 352/997
f 344/990 346/986 345/993
f 315/1407 342/1411 343/1410
f 344/990 349/987 346/986
f 360/1044 352/1049 343/1054
f 346/986 452/998 345/993
f 349/987 344/990 437/994
f 781/1046 835/1043 434/1047
f 434/1047 436/1039 1099/1051
f 435/1065 837/1060 434/1047
f 437/1040 436/1039 835/1043
f 839/1177 840/1176 844/1180
f 777/95 768/102 815/109
f 842/1179 339/1181 338/1184
f 778/96 339/105 813/112
f 761/131 811/132 800/106
f 490/146 453/184 454/171
f 843/1604 453/1607 490/1605
f 335/1056 336/1064 846/1059
f 334/1002 337/1004 438/1010
f 334/1002 333/995 349/987
f 334/1002 838/1006 333/995
f 439/1013 838/1006 438/1010
f 335/1056 846/1059 781/1046
f 458/248 459/234 457/224
f 533/57 534/71 1028/78
f 331/513 330/469 884/554
f 316/492 517/512 330/469
f 466/169 488/135 454/171
f 492/435 309/474 493/475
f 327/439 419/387 328/421
f 332/490 324/533 317/511
f 399/470 513/454 398/455
f 513/454 399/470 317/511
f 311/473 509/516 895/558
f 325/398 393/381 326/368
f 319/472 320/433 892/495
f 320/433 319/472 312/457
f 321/471 322/493 331/513
f 316/492 513/454 317/511
f 332/490 317/511 399/470
f 855/555 332/490 889/570
f 511/1258 504/1255 500/1261
f 893/536 319/472 908/515
f 507/399 508/413 506/434
f 508/413 320/433 312/457
f 496/400 506/434 312/457
f 878/497 493/475 899/518
f 459/1665 458/1666 1086/1667
f 471/1330 475/1329 469/1327
f 342/1048 315/1066 314/1062
f 1098/996 346/986 1107/992
f 351/1042 342/1048 1106/1053
f 1100/1045 351/1042 1108/1050
f 321/471 320/433 323/456
f 507/399 391/357 393/381
f 629/139 191/162 63/150
f 909/588 164/589 910/590
f 555/1075 306/1076 33/1077
f 304/9 274/18 305/13
f 147/1107 256/1108 265/1109
f 159/1212 208/1213 176/1214
f 911/624 260/634 912/642
f 628/269 55/259 96/273
f 99/1560 100/1561 95/1562
f 50/263 104/258 105/271
f 25/801 26/802 281/803
f 130/565 129/544 280/575
f 38/1087 35/1085 1109/1089
f 26/802 135/806 281/803
f 35/1085 36/1081 279/1086
f 29/599 282/617 911/624
f 267/46 266/26 1043/37
f 255/1112 5/1118 146/1115
f 270/677 264/681 271/655
f 265/684 264/681 269/685
f 257/662 79/629 258/661
f 272/1117 251/1111 250/1113
f 146/1115 5/1118 162/1122
f 247/764 245/772 248/767
f 168/650 606/670 12/663
f 681/781 8/785 273/791
f 246/790 8/785 245/772
f 9/48 259/27 273/38
f 244/1614 15/1615 12/1616
f 243/673 242/683 200/688
f 100/300 111/311 150/295
f 231/1015 233/1016 232/1017
f 228/1028 230/1027 229/1020
f 226/929 131/930 227/931
f 227/931 224/935 234/932
f 242/683 222/687 171/690
f 186/323 669/319 101/305
f 186/1358 101/1359 187/1360
f 217/1024 229/1020 216/1018
f 69/298 184/291 151/281
f 232/1017 295/1019 241/1023
f 174/1215 176/1214 175/1218
f 218/230 219/239 192/177
f 215/1026 217/1024 216/1018
f 96/273 95/282 149/292
f 183/1345 182/1346 634/1347
f 202/202 106/161 212/190
f 205/1025 172/1029 173/1021
f 200/688 590/691 204/693
f 203/1387 202/1388 201/1389
f 197/1592 189/1593 196/1594
f 193/1273 194/1274 158/1275
f 191/162 239/191 192/177
f 158/262 297/256 159/249
f 114/1279 659/1276 153/1281
f 184/291 152/272 151/281
f 168/650 15/632 79/629
f 79/629 257/662 168/650
f 138/1489 582/1490 139/1491
f 6/1127 162/1122 5/1118
f 571/966 128/967 127/968
f 286/699 589/700 604/701
f 119/886 624/887 120/888
f 93/844 94/817 118/852
f 94/817 117/813 116/804
f 1111/720 86/729 1112/732
f 79/629 81/630 80/649
f 281/803 121/807 116/804
f 99/289 115/297 101/305
f 110/316 112/320 111/311
f 152/272 115/297 99/289
f 104/258 109/241 55/259
f 106/1233 108/1234 107/1235
f 66/1608 617/1609 102/1610
f 99/289 101/305 100/300
f 768/102 62/128 97/118
f 98/1613 618/1612 66/1608
f 54/1444 633/1445 69/1446
f 102/1610 67/1611 66/1608
f 51/308 52/288 58/304
f 60/231 49/251 61/253
f 109/241 53/252 55/259
f 68/1450 54/1444 53/1449
f 49/251 104/258 50/263
f 74/851 118/852 75/838
f 60/231 72/242 71/192
f 1113/1090 38/1087 1114/1095
f 596/1123 32/1132 31/1129
f 27/604 656/615 28/598
f 558/920 47/917 46/922
f 39/919 551/921 40/914
f 613/837 278/826 549/810
f 928/74 18/60 929/79
f 12/663 606/670 13/676
f 7/1126 6/1127 5/1118
f 1/1495 11/1496 2/1497
f 259/27 9/48 8/47
f 1045/23 262/11 1046/32
f 2/63 11/66 266/26
f 20/70 267/46 1064/76
f 266/26 607/56 2/63
f 2/63 267/46 20/70
f 2/1581 20/1582 19/1583
f 1/1495 10/1500 914/1503
f 252/8 686/3 304/9
f 19/1498 10/1500 1/1495
f 915/1587 19/1583 931/1586
f 304/9 261/15 1052/22
f 274/18 304/9 266/26
f 266/26 16/36 274/18
f 684/1242 275/1243 17/1244
f 304/9 305/13 252/8
f 433/7 262/11 304/9
f 16/36 18/60 17/68
f 1043/37 304/9 1054/30
f 935/45 266/26 936/52
f 921/53 16/36 935/45
f 685/1248 684/1242 682/1245
f 17/1244 682/1245 684/1242
f 683/85 271/75 685/80
f 273/791 8/785 9/796
f 268/54 271/75 264/69
f 273/38 268/54 265/61
f 271/75 268/54 685/80
f 683/85 685/80 937/88
f 689/671 13/676 270/677
f 16/36 268/54 273/38
f 273/38 274/18 16/36
f 147/1107 265/1109 597/1110
f 271/655 689/671 270/677
f 277/633 271/655 683/654
f 14/623 15/632 244/653
f 260/634 683/654 939/664
f 683/654 260/634 277/633
f 917/1499 1/1495 934/1501
f 276/641 271/655 277/633
f 265/792 251/786 681/781
f 684/1242 685/1248 268/1249
f 264/681 270/677 269/685
f 13/676 269/685 270/677
f 79/629 15/632 167/613
f 597/675 606/670 168/650
f 147/1107 250/1113 251/1111
f 265/684 269/685 13/676
f 15/632 168/650 12/663
f 14/623 276/641 277/633
f 276/641 14/623 244/653
f 12/663 276/641 244/653
f 167/613 30/606 164/589
f 15/632 14/623 688/622
f 30/606 14/623 282/617
f 640/1128 163/1119 162/1122
f 296/669 257/662 258/661
f 296/1114 255/1112 597/1110
f 167/613 688/622 30/606
f 296/1114 145/1121 5/1118
f 145/1121 296/1114 258/1125
f 146/1115 680/1116 147/1107
f 5/1118 255/1112 296/1114
f 296/669 597/675 168/650
f 597/1110 255/1112 147/1107
f 147/1107 255/1112 146/1115
f 14/623 30/606 688/622
f 17/68 275/73 16/36
f 264/69 265/61 268/54
f 251/1111 256/1108 147/1107
f 265/1109 256/1108 251/1111
f 263/28 305/13 259/27
f 268/1249 16/1246 684/1242
f 80/649 125/668 258/661
f 16/1246 275/1243 684/1242
f 682/1245 17/1244 928/1247
f 305/13 263/28 254/19
f 273/791 265/792 681/781
f 272/777 681/781 251/786
f 259/27 274/18 273/38
f 254/19 252/8 305/13
f 263/28 246/39 254/19
f 253/771 252/776 687/770
f 253/6 686/3 252/8
f 686/3 433/7 304/9
f 246/39 263/28 8/47
f 8/47 263/28 259/27
f 253/771 687/770 698/763
f 247/764 698/763 687/770
f 8/785 681/781 245/772
f 252/776 245/772 247/764
f 245/772 681/781 272/777
f 252/776 254/780 245/772
f 254/1566 246/1567 245/1568
f 252/776 247/764 687/770
f 650/1131 640/1128 162/1122
f 431/564 432/539 248/561
f 124/1138 639/1135 123/1136
f 166/953 165/959 4/955
f 596/1123 163/1119 640/1128
f 595/971 32/975 640/973
f 680/1116 163/1119 250/1113
f 680/1116 162/1122 163/1119
f 147/1107 680/1116 250/1113
f 596/1123 431/1120 250/1113
f 250/1113 431/1120 272/1117
f 248/1124 272/1117 431/1120
f 272/777 248/767 245/772
f 591/658 179/644 236/657
f 199/1543 175/1544 232/1545
f 674/933 299/944 238/949
f 588/936 294/942 675/940
f 181/645 585/660 143/637
f 228/581 215/583 679/566
f 210/1031 230/1027 211/1032
f 241/1023 295/1019 294/1022
f 294/942 588/936 674/933
f 223/567 676/577 677/582
f 294/1022 230/1027 210/1031
f 173/1021 216/1018 231/1015
f 241/1546 238/1547 199/1543
f 199/1543 232/1545 241/1546
f 238/949 241/948 674/933
f 233/1016 295/1019 232/1017
f 176/1214 231/1220 175/1218
f 232/1222 175/1218 231/1220
f 231/1015 205/1025 173/1021
f 233/1016 216/1018 229/1020
f 228/1548 217/1549 215/1550
f 215/1026 216/1018 173/1021
f 217/1024 228/1028 229/1020
f 230/1027 294/1022 229/1020
f 228/1028 211/1032 230/1027
f 159/1212 176/1214 174/1215
f 211/585 223/567 677/582
f 672/939 644/946 647/934
f 220/580 211/585 677/582
f 130/565 678/485 129/544
f 132/947 675/940 227/931
f 603/647 585/660 298/667
f 210/1031 675/1033 294/1022
f 210/1031 593/1035 673/1034
f 299/944 674/933 298/937
f 593/1035 280/1038 673/1034
f 225/1037 673/1034 280/1038
f 227/1380 131/1381 132/1382
f 225/1037 224/1036 673/1034
f 675/940 224/935 227/931
f 675/1033 210/1031 673/1034
f 224/1036 675/1033 673/1034
f 132/947 588/936 675/940
f 588/936 131/930 674/933
f 587/666 586/674 243/673
f 234/932 224/935 225/941
f 226/929 234/932 647/934
f 226/929 227/931 234/932
f 644/946 234/932 225/941
f 220/580 593/584 211/585
f 280/981 648/977 225/983
f 220/580 130/565 280/575
f 648/977 280/981 133/979
f 133/979 280/981 605/984
f 234/932 672/939 647/934
f 226/929 646/938 603/943
f 180/627 592/659 181/645
f 592/659 180/627 591/658
f 591/658 243/673 592/659
f 181/645 143/637 180/627
f 161/609 160/601 671/608
f 161/609 180/627 144/619
f 148/618 671/608 308/591
f 235/626 236/657 179/644
f 235/626 148/618 922/636
f 180/627 235/626 179/644
f 180/627 179/644 591/658
f 180/627 161/609 671/608
f 148/618 235/626 671/608
f 671/608 160/601 308/591
f 952/694 222/687 953/696
f 114/1279 658/1277 659/1276
f 954/318 189/293 955/313
f 944/306 171/275 952/312
f 222/687 670/678 950/686
f 951/682 591/658 957/679
f 226/929 603/943 298/937
f 242/683 590/691 200/688
f 200/688 238/689 243/673
f 670/678 243/673 591/658
f 171/275 170/301 189/293
f 208/213 662/214 205/227
f 197/1551 665/1552 158/1553
f 158/262 660/276 198/268
f 157/302 169/286 115/297
f 195/1285 156/1286 157/1287
f 152/272 635/299 157/302
f 177/216 201/238 159/249
f 115/297 152/272 157/302
f 114/1279 101/1284 113/1283
f 101/1284 114/1279 187/1282
f 658/1277 194/1274 659/1276
f 112/320 186/323 190/322
f 112/320 669/319 186/323
f 221/325 189/293 190/322
f 189/293 197/285 171/275
f 114/1279 153/1281 187/1282
f 959/1157 190/1158 960/1159
f 192/177 177/216 218/230
f 191/1351 629/1352 630/1348
f 632/1294 668/1292 195/1285
f 177/216 608/250 668/240
f 156/1286 195/1285 219/1289
f 192/177 219/239 668/240
f 668/1621 632/1622 156/1623
f 156/257 297/256 198/268
f 218/230 177/216 668/240
f 156/257 608/250 177/216
f 156/1286 219/1289 218/1291
f 668/1621 156/1623 218/1624
f 195/1285 668/1292 219/1289
f 632/218 608/250 156/257
f 181/645 592/659 587/666
f 243/673 238/689 299/680
f 181/645 298/667 585/660
f 298/667 181/645 587/666
f 297/256 177/216 159/249
f 280/575 593/584 220/580
f 605/1440 581/1441 649/1442
f 605/579 280/575 581/562
f 198/268 660/276 169/286
f 191/162 192/177 63/150
f 631/1241 666/1240 183/1239
f 213/1236 108/1234 106/1233
f 159/249 174/267 158/262
f 158/262 198/268 297/256
f 177/216 297/256 156/257
f 198/1293 661/1290 156/1286
f 239/191 240/203 192/177
f 183/1239 666/1240 188/1237
f 177/216 192/177 240/203
f 240/203 203/229 177/216
f 667/1315 213/1316 239/1317
f 114/1279 113/1283 169/1280
f 188/1237 108/1234 182/1238
f 667/1349 191/1351 634/1347
f 667/1349 634/1347 182/1346
f 212/1391 155/1392 154/1390
f 182/1321 108/1319 667/1315
f 108/1319 213/1316 667/1315
f 106/161 214/215 213/228
f 188/1237 182/1238 183/1239
f 191/1351 630/1348 634/1347
f 191/1318 667/1315 239/1317
f 666/138 107/149 188/160
f 666/138 664/127 107/149
f 631/117 664/127 666/138
f 664/127 106/161 107/149
f 106/161 202/202 214/215
f 215/583 594/587 207/586
f 594/1030 173/1021 172/1029
f 207/148 664/127 206/137
f 106/161 664/127 663/176
f 207/148 594/159 664/127
f 663/176 664/127 594/159
f 209/189 594/159 172/201
f 209/189 172/201 662/214
f 208/213 209/189 662/214
f 663/176 594/159 209/189
f 209/189 208/213 212/190
f 663/176 209/189 212/190
f 189/293 170/301 943/307
f 662/214 172/201 205/227
f 201/1219 154/1221 155/1216
f 174/267 171/275 158/262
f 208/1213 205/1217 176/1214
f 205/1217 231/1220 176/1214
f 199/695 200/688 174/697
f 158/262 171/275 197/285
f 239/1317 214/1320 203/1322
f 240/1323 239/1317 203/1322
f 202/1388 212/1391 154/1390
f 208/1393 155/1392 212/1391
f 159/1212 155/1216 208/1213
f 158/1553 665/1552 193/1555
f 155/1216 159/1212 201/1219
f 196/1363 189/1362 187/1360
f 197/1551 659/1554 665/1552
f 659/1554 193/1555 665/1552
f 156/1286 661/1290 157/1287
f 186/323 221/325 190/322
f 196/1594 659/1595 197/1592
f 221/1361 186/1358 187/1360
f 658/1277 114/1279 169/1280
f 658/1277 169/1280 660/1278
f 169/286 661/294 198/268
f 115/297 113/310 101/305
f 169/286 157/302 661/294
f 658/1277 660/1278 158/1275
f 629/139 62/128 631/117
f 189/1362 221/1361 187/1360
f 658/1277 158/1275 194/1274
f 213/1316 214/1320 239/1317
f 194/1274 193/1273 659/1276
f 663/176 212/190 106/161
f 196/1594 153/1596 659/1595
f 187/1360 153/1364 196/1363
f 84/594 164/589 308/591
f 925/595 29/599 941/605
f 28/598 657/603 164/589
f 164/589 657/603 167/613
f 656/615 654/612 28/598
f 654/612 657/603 28/598
f 84/594 27/604 28/598
f 654/612 81/630 79/629
f 81/630 655/652 80/649
f 82/640 81/630 3/620
f 82/640 655/652 81/630
f 654/612 167/613 657/603
f 81/630 652/614 3/620
f 654/612 656/615 652/614
f 27/604 652/614 656/615
f 81/630 654/612 652/614
f 655/652 82/640 4/651
f 3/620 653/648 4/651
f 3/620 89/638 653/648
f 650/1131 162/1122 6/1127
f 4/651 80/649 655/652
f 89/638 141/646 653/648
f 140/945 166/953 4/955
f 164/589 84/594 28/598
f 84/594 3/620 652/614
f 84/594 652/614 27/604
f 84/594 83/602 651/611
f 3/620 84/594 651/611
f 949/607 308/591 967/600
f 237/597 160/601 161/609
f 83/602 84/594 237/597
f 90/610 3/620 651/611
f 89/638 3/620 90/610
f 645/957 583/960 138/950
f 6/1127 639/1135 638/1133
f 138/950 166/953 140/945
f 582/962 583/960 139/956
f 144/619 143/637 301/639
f 302/628 144/619 301/639
f 161/609 144/619 237/597
f 605/984 649/985 133/979
f 374/982 133/979 649/985
f 648/977 133/979 134/974
f 134/974 643/972 648/977
f 138/950 647/934 644/946
f 646/938 647/934 140/945
f 645/957 128/964 142/958
f 138/950 140/945 647/934
f 138/950 644/946 643/954
f 373/461 580/504 372/463
f 375/506 372/463 580/504
f 643/972 134/974 127/968
f 643/954 645/957 138/950
f 645/970 127/968 128/967
f 138/950 139/956 166/953
f 645/970 643/972 127/968
f 584/523 580/504 373/461
f 142/958 583/960 645/957
f 139/956 583/960 142/958
f 142/958 124/965 126/963
f 166/953 139/956 142/958
f 128/1137 639/1135 124/1138
f 165/959 166/953 142/958
f 142/958 126/963 165/959
f 650/1131 6/1127 638/1133
f 127/525 373/461 571/505
f 303/912 40/914 283/908
f 369/444 642/482 373/461
f 641/503 642/482 369/444
f 373/461 642/482 571/505
f 125/668 80/649 4/651
f 126/963 125/961 165/959
f 145/1121 125/1130 7/1126
f 124/1138 123/1136 126/1134
f 595/524 571/505 642/482
f 6/1127 7/1126 125/1130
f 642/482 641/503 595/524
f 595/524 641/503 428/464
f 6/1127 126/1134 123/1136
f 595/971 640/973 638/969
f 595/971 638/969 571/966
f 6/1127 123/1136 639/1135
f 125/1130 126/1134 6/1127
f 128/1137 638/1133 639/1135
f 285/702 286/699 604/701
f 283/717 601/705 598/713
f 303/912 283/908 78/911
f 566/902 567/903 77/905
f 77/905 567/903 88/904
f 77/905 598/906 566/902
f 589/900 564/898 565/899
f 88/904 567/903 87/901
f 577/897 87/901 565/899
f 563/712 562/703 1115/707
f 564/898 286/896 577/897
f 561/706 604/701 562/703
f 289/893 625/890 137/895
f 589/700 566/708 601/705
f 62/128 63/150 119/163
f 94/817 75/838 118/852
f 75/838 94/817 73/827
f 1119/1185 968/1186 1157/1187
f 290/812 56/854 57/839
f 625/890 627/894 137/895
f 574/1164 626/1170 971/1172
f 65/1196 559/1208 926/1206
f 91/808 117/813 92/819
f 25/801 116/804 91/808
f 94/817 300/829 92/819
f 91/808 300/829 560/822
f 290/812 94/817 116/804
f 286/896 137/895 577/897
f 577/863 137/876 136/862
f 87/856 578/841 602/828
f 116/804 121/807 290/812
f 91/808 116/804 117/813
f 77/905 88/904 637/907
f 569/910 307/909 637/907
f 602/828 121/807 569/840
f 557/823 576/833 1122/846
f 569/910 568/913 307/909
f 281/803 116/804 25/801
f 76/805 25/801 91/808
f 121/807 281/803 44/811
f 111/311 59/324 974/321
f 100/300 110/316 111/311
f 110/316 100/300 101/305
f 101/305 669/319 110/316
f 112/320 110/316 669/319
f 96/273 149/292 103/278
f 53/252 151/281 152/272
f 59/324 111/311 112/320
f 184/291 635/299 152/272
f 195/1285 157/1287 635/1288
f 572/265 573/280 95/282
f 572/265 53/252 152/272
f 99/289 95/282 573/280
f 95/282 100/300 149/292
f 58/304 150/295 977/309
f 572/265 96/273 55/259
f 150/295 149/292 100/300
f 68/1450 291/1448 54/1444
f 53/252 109/241 68/217
f 103/278 105/271 104/258
f 103/278 52/288 105/271
f 636/277 103/278 104/258
f 104/258 55/259 628/269
f 104/258 49/251 109/241
f 628/269 636/277 104/258
f 53/252 572/265 55/259
f 58/304 52/288 150/295
f 150/295 111/311 975/317
f 52/288 103/278 150/295
f 184/1528 69/1529 633/1530
f 185/290 151/281 53/252
f 103/278 149/292 150/295
f 103/278 628/269 96/273
f 53/1449 54/1444 185/1447
f 151/281 185/290 69/298
f 1124/727 287/718 1125/723
f 619/151 97/118 67/141
f 67/1611 98/1613 66/1608
f 63/150 71/192 624/178
f 291/1448 633/1445 54/1444
f 195/1285 291/1295 632/1294
f 195/1531 633/1530 291/1532
f 192/177 71/192 63/150
f 195/1531 184/1528 633/1530
f 631/1350 183/1345 630/1348
f 183/1345 634/1347 630/1348
f 62/128 67/141 97/118
f 48/709 287/718 288/710
f 62/128 288/152 67/141
f 70/166 619/151 67/141
f 284/704 561/706 288/710
f 561/706 284/704 604/701
f 98/165 67/141 288/152
f 561/706 48/709 288/710
f 98/724 288/710 287/718
f 288/710 119/714 284/704
f 625/890 120/888 624/887
f 71/192 623/205 624/178
f 289/893 120/888 625/890
f 285/891 284/889 120/888
f 119/163 288/152 62/128
f 63/150 624/178 119/163
f 71/192 192/177 291/204
f 192/177 632/218 291/204
f 73/827 57/839 72/853
f 59/1167 574/1164 972/1169
f 982/1168 574/1164 983/1166
f 291/204 68/217 71/192
f 68/217 60/231 71/192
f 623/892 625/890 624/887
f 72/242 60/231 61/253
f 72/853 74/851 73/827
f 623/892 627/894 625/890
f 60/231 68/217 109/241
f 103/1651 636/1652 628/1653
f 49/251 60/231 109/241
f 49/251 622/264 61/253
f 136/862 627/869 72/853
f 65/1196 58/1200 978/1202
f 64/1190 65/1196 986/1199
f 75/838 73/827 74/851
f 623/877 72/853 627/869
f 72/853 623/877 71/882
f 968/1186 64/1190 988/1192
f 1118/875 621/881 1119/884
f 293/858 620/866 560/822
f 118/852 622/874 293/858
f 622/264 49/251 178/270
f 293/858 622/874 616/880
f 98/724 287/718 70/728
f 292/873 51/879 620/866
f 1125/723 48/709 1129/725
f 48/709 563/712 1126/719
f 70/728 618/731 98/724
f 1084/179 70/166 1128/193
f 617/1609 66/1608 618/1612
f 618/1634 70/1635 617/1636
f 70/1654 67/1655 617/1656
f 67/1655 102/1657 617/1656
f 615/287 616/279 178/270
f 49/251 50/263 178/270
f 51/308 614/303 52/288
f 292/873 615/885 614/883
f 105/271 52/288 615/287
f 52/288 614/303 615/287
f 615/287 178/270 105/271
f 50/263 105/271 178/270
f 614/883 51/879 292/873
f 51/1193 58/1200 65/1196
f 64/1190 621/1188 51/1193
f 616/279 622/264 178/270
f 118/852 74/851 61/868
f 621/1188 620/1197 51/1193
f 292/296 616/279 615/287
f 293/858 616/880 292/873
f 35/1085 279/1086 1130/1088
f 279/1086 613/1099 610/1096
f 556/1080 33/1077 22/1082
f 554/1079 33/1077 306/1076
f 35/1085 37/1083 36/1081
f 553/924 555/928 34/925
f 278/826 44/811 549/810
f 34/1078 555/1075 33/1077
f 278/826 279/849 36/850
f 35/1085 38/1087 37/1083
f 33/1077 556/1080 34/1078
f 279/849 278/826 613/837
f 306/1353 553/1354 550/1355
f 45/739 37/741 1132/740
f 21/734 22/736 86/729
f 551/921 39/919 556/923
f 553/1354 46/1357 550/1355
f 551/730 86/729 85/722
f 47/917 612/918 46/922
f 558/920 46/922 553/924
f 550/824 46/847 612/834
f 44/811 281/803 549/810
f 558/920 39/919 47/917
f 41/916 612/918 42/915
f 568/913 41/916 307/909
f 47/917 39/919 40/914
f 47/917 42/915 612/918
f 303/912 42/915 40/914
f 42/915 303/912 307/909
f 40/914 42/915 47/917
f 42/915 307/909 41/916
f 26/802 25/801 76/805
f 76/805 599/809 26/802
f 26/802 549/810 135/806
f 549/810 599/809 611/821
f 599/809 549/810 26/802
f 548/843 24/820 557/823
f 548/843 23/842 24/820
f 76/805 600/814 599/809
f 600/814 76/805 24/820
f 609/830 600/814 24/820
f 610/1096 609/1102 1135/1101
f 610/831 613/837 549/810
f 609/830 611/821 600/814
f 611/821 610/831 549/810
f 24/820 23/842 609/830
f 609/1102 23/1106 1137/1105
f 192/1474 668/1475 608/1476
f 632/328 192/329 608/330
f 1115/707 601/705 1142/711
f 88/855 602/828 569/840
f 36/1081 554/1079 306/1076
f 601/705 85/722 1111/720
f 94/817 93/844 300/829
f 90/610 651/611 83/602
f 620/866 293/858 292/873
f 129/544 581/562 280/575
f 267/46 2/63 607/56
f 257/662 296/669 168/650
f 162/1122 680/1116 146/1115
f 236/657 235/626 945/643
f 211/1032 593/1035 210/1031
f 228/581 223/567 211/585
f 175/698 199/695 174/697
f 201/238 177/216 203/229
f 603/943 646/938 140/945
f 129/544 751/483 374/526
f 429/507 431/564 31/563
f 429/507 31/563 32/545
f 122/816 121/807 44/811
f 589/700 562/703 604/701
f 566/902 589/900 565/899
f 223/567 228/581 679/566
f 576/833 575/815 1144/832
f 88/855 87/856 602/828
f 563/712 48/709 562/703
f 121/807 122/816 41/825
f 57/839 56/854 136/862
f 22/1082 33/1077 554/1079
f 85/722 40/726 551/730
f 43/835 278/826 36/850
f 277/633 260/634 282/617
f 554/1079 37/1083 45/1084
f 552/737 45/739 1134/738
f 77/905 283/908 598/906
f 283/908 77/905 78/911
f 930/1584 20/1582 990/1585
f 30/606 29/599 164/589
f 282/617 29/599 30/606
f 267/46 607/56 266/26
f 2/1497 19/1498 1/1495
f 304/9 262/11 261/15
f 266/26 11/66 916/59
f 938/1251 682/1245 991/1252
f 305/13 274/18 259/27
f 271/655 276/641 12/663
f 145/1121 7/1126 5/1118
f 689/671 271/655 12/663
f 265/684 13/676 597/675
f 282/617 14/623 277/633
f 689/671 12/663 13/676
f 606/670 597/675 13/676
f 79/629 167/613 654/612
f 15/632 688/622 167/613
f 258/661 79/629 80/649
f 258/1125 125/1130 145/1121
f 640/973 650/976 638/969
f 32/1132 596/1123 640/1128
f 596/1123 31/1129 431/1120
f 596/1123 250/1113 163/1119
f 248/767 249/755 247/764
f 595/524 429/507 32/545
f 241/948 294/942 674/933
f 294/1022 295/1019 233/1016
f 233/1016 231/1015 216/1018
f 294/1022 233/1016 229/1020
f 594/1030 215/1026 173/1021
f 130/565 677/582 676/577
f 677/582 130/565 220/580
f 226/929 298/937 674/933
f 298/667 587/666 299/680
f 132/1382 131/1381 588/1383
f 131/930 226/929 674/933
f 672/939 234/932 644/946
f 143/637 585/660 301/639
f 592/659 586/674 587/666
f 225/941 648/951 644/946
f 647/934 646/938 226/929
f 180/627 143/637 144/619
f 141/646 89/638 302/628
f 243/673 586/674 592/659
f 671/608 235/626 180/627
f 590/691 242/683 204/693
f 171/690 204/693 242/683
f 242/683 670/678 222/687
f 242/683 243/673 670/678
f 200/688 199/695 238/689
f 591/658 236/657 947/672
f 587/666 243/673 299/680
f 564/898 589/900 286/896
f 603/647 301/639 585/660
f 140/945 141/952 603/943
f 200/688 204/693 174/697
f 113/310 115/297 169/286
f 108/1234 188/1237 107/1235
f 154/1390 201/1389 202/1388
f 207/586 206/578 215/583
f 204/693 171/690 174/697
f 202/1324 203/1322 214/1320
f 629/139 63/150 62/128
f 308/591 160/601 237/597
f 308/591 237/597 84/594
f 142/958 128/964 124/965
f 165/959 125/961 4/955
f 82/640 3/620 4/651
f 582/962 138/950 583/960
f 237/597 90/610 83/602
f 4/651 653/648 141/646
f 141/952 140/945 4/955
f 144/619 90/610 237/597
f 89/638 90/610 302/628
f 90/610 144/619 302/628
f 302/628 603/647 141/646
f 603/647 302/628 301/639
f 374/526 581/562 129/544
f 649/1442 581/1441 374/1443
f 375/506 580/504 374/526
f 648/951 643/954 644/946
f 565/899 87/901 567/903
f 134/974 133/979 374/982
f 579/980 584/978 134/974
f 374/982 579/980 134/974
f 584/523 579/543 580/504
f 374/526 580/504 579/543
f 584/978 127/968 134/974
f 127/525 584/523 373/461
f 638/969 128/967 571/966
f 595/524 428/464 429/507
f 598/713 601/705 566/708
f 303/912 78/911 307/909
f 283/717 40/726 85/722
f 85/722 601/705 283/717
f 307/909 78/911 77/905
f 577/863 56/854 578/841
f 565/899 567/903 566/902
f 564/898 577/897 565/899
f 137/895 286/896 289/893
f 286/896 285/891 289/893
f 136/862 137/876 627/869
f 562/703 589/700 601/705
f 120/888 289/893 285/891
f 578/841 56/854 290/812
f 136/862 56/854 577/863
f 94/817 290/812 73/827
f 560/822 620/866 1117/859
f 73/827 290/812 57/839
f 560/822 93/844 293/858
f 293/858 93/844 118/852
f 560/822 300/829 93/844
f 561/706 562/703 48/709
f 91/808 560/822 575/815
f 1144/832 560/822 1150/845
f 575/815 76/805 91/808
f 290/812 602/828 578/841
f 87/856 577/863 578/841
f 570/818 602/828 290/812
f 121/807 570/818 290/812
f 92/819 300/829 91/808
f 94/817 92/819 117/813
f 569/910 637/907 88/904
f 602/828 570/818 121/807
f 77/905 637/907 307/909
f 575/815 576/833 557/823
f 569/840 121/807 568/836
f 557/823 76/805 575/815
f 185/1447 54/1444 69/1446
f 99/289 573/280 152/272
f 152/272 573/280 572/265
f 574/1164 59/1167 112/1160
f 574/1164 112/1160 961/1162
f 195/1531 635/1533 184/1528
f 572/265 95/282 96/273
f 630/1348 629/1352 631/1350
f 284/704 285/702 604/701
f 284/889 119/886 120/888
f 72/853 57/839 136/862
f 65/1196 64/1190 51/1193
f 559/1208 65/1196 984/1205
f 61/868 74/851 72/853
f 622/874 118/852 61/868
f 1140/1092 610/1096 1141/1098
f 34/925 556/923 558/920
f 22/736 552/737 86/729
f 21/926 551/921 556/923
f 22/927 21/926 556/923
f 45/739 552/737 22/736
f 22/1082 554/1079 45/1084
f 37/1083 554/1079 36/1081
f 306/1353 555/1356 553/1354
f 558/920 553/924 34/925
f 306/848 43/835 36/850
f 556/923 39/919 558/920
f 86/729 551/730 21/734
f 122/816 44/811 550/824
f 44/811 43/835 550/824
f 281/1336 135/1337 549/1338
f 550/824 612/834 122/816
f 122/816 612/834 41/825
f 76/805 557/823 24/820
f 610/1096 611/1103 609/1102
f 600/814 611/821 599/809
f 1138/864 548/843 1147/870
f 41/825 568/836 121/807
f 550/824 43/835 306/848
f 86/729 552/737 1146/735
f 548/843 557/823 1123/857
f 43/835 44/811 278/826
f 847/798 543/793 848/799
f 848/799 543/793 870/795
f 849/514 321/471 850/535
f 850/535 321/471 885/534
f 851/556 324/533 852/573
f 852/573 324/533 855/555
f 853/571 317/511 854/574
f 854/574 317/511 851/556
f 855/555 324/533 332/490
f 856/1470 487/1467 857/1469
f 857/1469 487/1467 482/1466
f 858/494 321/471 849/514
f 859/1473 484/1464 856/1470
f 860/232 484/220 859/244
f 861/50 532/58 874/65
f 862/43 541/35 861/50
f 863/233 467/155 475/221
f 864/1332 475/1329 471/1330
f 1020/1374 494/1366 1055/1376
f 1058/1264 313/1260 1059/1267
f 865/49 537/25 862/43
f 866/64 533/57 865/49
f 867/83 534/71 869/77
f 868/1671 534/1673 867/1675
f 869/77 534/71 866/64
f 870/795 543/793 526/779
f 871/789 526/779 523/784
f 872/522 524/501 873/540
f 873/540 524/501 529/477
f 874/800 532/797 847/798
f 875/541 523/478 872/522
f 876/521 318/438 877/519
f 877/519 318/438 878/497
f 878/497 318/438 493/475
f 879/500 318/438 876/521
f 880/520 529/477 879/500
f 881/552 317/511 853/571
f 882/532 517/512 881/552
f 883/553 330/469 882/532
f 884/554 330/469 883/553
f 885/534 321/471 331/513
f 886/557 331/513 887/572
f 887/572 331/513 884/554
f 888/226 518/188 890/212
f 889/570 332/490 888/550
f 890/212 518/188 467/155
f 891/225 467/155 863/233
f 892/495 320/433 858/494
f 893/536 509/516 319/472
f 894/559 509/516 893/536
f 895/558 509/516 894/559
f 896/537 310/517 311/473
f 897/560 311/473 895/558
f 898/538 310/517 896/537
f 899/518 493/475 898/538
f 900/246 481/199 459/234
f 901/254 459/234 905/260
f 902/243 470/197 860/232
f 904/255 482/235 900/246
f 905/260 459/234 903/266
f 906/1334 471/1330 907/1335
f 907/1335 471/1330 902/1333
f 908/515 319/472 892/495
f 909/588 308/591 164/589
f 910/590 164/589 924/592
f 911/624 282/617 260/634
f 912/642 260/634 940/656
f 913/631 29/599 911/624
f 914/1503 10/1500 915/1504
f 915/1587 10/1588 19/1583
f 916/1502 11/1496 917/1499
f 917/1499 11/1496 1/1495
f 918/621 29/599 913/631
f 919/616 29/599 918/621
f 920/67 18/60 921/53
f 921/53 18/60 16/36
f 922/636 148/618 923/635
f 923/635 148/618 948/625
f 924/592 164/589 925/595
f 925/595 164/589 29/599
f 926/1206 559/1208 927/1210
f 927/1210 559/1208 985/1211
f 928/74 17/68 18/60
f 929/79 18/60 932/72
f 930/1584 19/1583 20/1582
f 931/1586 19/1583 930/1584
f 932/72 18/60 920/67
f 933/86 20/70 1065/81
f 934/1501 1/1495 914/1503
f 935/45 16/36 266/26
f 936/52 266/26 916/59
f 937/88 685/80 938/93
f 938/1251 685/1248 682/1245
f 939/92 683/85 937/88
f 940/656 260/634 939/664
f 941/605 29/599 919/616
f 942/1250 682/1245 928/1247
f 943/307 170/301 944/306
f 944/306 170/301 171/275
f 945/643 235/626 922/636
f 946/665 236/657 945/643
f 947/672 236/657 946/665
f 948/625 148/618 949/607
f 949/607 148/618 308/591
f 950/686 670/678 951/682
f 951/682 670/678 591/658
f 952/694 171/690 222/687
f 953/696 222/687 956/692
f 954/318 190/322 189/293
f 955/313 189/293 943/307
f 956/692 222/687 950/686
f 957/679 591/658 947/672
f 958/1163 190/1158 954/1165
f 959/1157 112/1160 190/1158
f 960/1159 190/1158 964/1161
f 961/1162 112/1160 959/1157
f 962/1174 59/1167 980/1171
f 963/1691 59/1692 962/1693
f 964/1161 190/1158 958/1163
f 965/593 308/591 909/588
f 966/596 308/591 965/593
f 967/600 308/591 966/596
f 968/1186 621/1188 64/1190
f 968/1186 969/1191 1120/1189
f 969/1191 970/1201 1121/1198
f 971/1172 626/1170 981/1173
f 972/1169 574/1164 971/1172
f 973/1203 65/1196 926/1206
f 974/321 59/324 976/326
f 975/317 111/311 974/321
f 976/326 59/324 963/327
f 977/309 150/295 979/315
f 978/314 58/304 977/309
f 979/315 150/295 975/317
f 980/1171 59/1167 972/1169
f 981/1173 626/1170 982/1168
f 982/1168 626/1170 574/1164
f 983/1166 574/1164 961/1162
f 984/1205 65/1196 978/1202
f 985/1211 559/1208 989/1209
f 986/1199 65/1196 973/1203
f 987/1195 64/1190 986/1199
f 988/1192 64/1190 987/1195
f 989/1209 559/1208 984/1205
f 990/90 20/70 933/86
f 991/1252 682/1245 942/1250
f 992/91 533/57 993/87
f 993/87 533/57 1042/84
f 994/1427 703/1423 1001/1426
f 995/1428 703/1423 994/1427
f 996/1433 728/1432 998/1436
f 997/1435 716/1430 996/1433
f 998/1436 728/1432 737/1437
f 999/1429 703/1423 995/1428
f 1000/1304 714/1299 999/1301
f 1001/1426 703/1423 997/1425
f 1002/1151 734/1146 1003/1152
f 1003/1152 734/1146 1004/1150
f 1004/1150 734/1146 535/1142
f 1005/1149 535/1142 1006/1145
f 1006/1145 535/1142 536/1141
f 1007/21 262/11 1008/14
f 1008/14 262/11 433/7
f 1009/1305 433/1302 1000/1304
f 1010/1155 730/1156 722/1143
f 1011/1633 737/1630 1010/1632
f 1012/1154 722/1143 1013/1153
f 1013/1153 722/1143 1002/1151
f 1014/1574 520/1573 1015/1577
f 1015/1577 520/1573 511/1576
f 1016/1367 494/1366 313/1370
f 1017/1368 495/1365 1016/1367
f 1018/1369 495/1365 1019/1371
f 1019/1371 495/1365 1017/1368
f 1020/1374 313/1370 494/1366
f 1021/1259 502/1257 1057/1263
f 1022/1683 504/1682 1023/1679
f 1023/1679 504/1682 503/1680
f 1024/1684 533/1685 992/1686
f 1025/1148 536/1141 1024/1147
f 1026/1378 494/1366 1027/1375
f 1027/1375 494/1366 1041/1372
f 1028/1670 534/1673 868/1671
f 1029/1575 501/1572 1014/1574
f 1030/1579 511/1576 1032/1580
f 1031/1265 500/1261 1038/1269
f 1032/1268 511/1258 1031/1265
f 1033/1458 501/1457 1037/1461
f 1034/1459 313/1456 1033/1458
f 1035/1266 504/1255 1022/1270
f 1036/1262 503/1254 1021/1259
f 1037/1578 501/1572 1029/1575
f 1038/1269 500/1261 1035/1266
f 1039/1462 313/1456 1034/1459
f 1040/1463 313/1456 1039/1462
f 1041/1372 494/1366 1018/1369
f 1042/84 533/57 1028/78
f 1043/37 266/26 304/9
f 1044/55 267/46 1043/37
f 1045/23 261/15 262/11
f 1046/32 262/11 1047/40
f 1047/40 262/11 1048/29
f 1048/29 262/11 1007/21
f 1049/1687 267/1688 1050/1689
f 1050/62 267/46 1044/55
f 1051/31 261/15 1045/23
f 1052/22 261/15 1051/31
f 1053/1690 267/1688 1049/1687
f 1054/30 304/9 1052/22
f 1055/1376 494/1366 1056/1379
f 1056/1379 494/1366 1026/1378
f 1057/1263 502/1257 1058/1264
f 1058/1264 502/1257 313/1260
f 1059/1267 313/1260 1062/1271
f 1060/1672 868/1671 1061/1674
f 1062/1271 313/1260 1063/1272
f 1063/1377 313/1370 1020/1374
f 1064/76 267/46 1053/82
f 1065/81 20/70 1064/76
f 1066/89 933/86 1065/81
f 1067/988 349/987 1103/991
f 1068/989 346/986 1067/988
f 1069/1422 451/1418 1097/1421
f 1070/1070 314/1062 1069/1071
f 1071/1068 435/1065 1072/1061
f 1072/1061 435/1065 434/1047
f 1073/1074 336/1064 1074/1073
f 1074/1073 336/1064 1077/1072
f 1075/170 817/134 1073/156
f 1076/183 817/134 1075/170
f 1077/1072 336/1064 1071/1068
f 1078/144 838/126 814/121
f 1079/1005 333/995 1078/1011
f 1080/172 489/157 817/134
f 1081/185 817/134 1076/183
f 1082/154 814/121 619/151
f 1083/180 619/151 1085/194
f 1084/179 619/151 70/166
f 1085/194 619/151 1084/179
f 1086/1667 458/1666 1087/1669
f 1087/247 458/248 457/224
f 1088/187 456/173 489/157
f 1089/210 477/200 1088/187
f 1090/186 489/157 1080/172
f 1091/274 903/266 459/234
f 1092/1668 459/1665 1086/1667
f 1093/237 457/224 477/200
f 1094/236 477/200 1095/223
f 1095/223 477/200 1089/210
f 1096/1007 347/1003 1098/996
f 1097/1421 451/1418 1096/1420
f 1098/996 347/1003 346/986
f 1099/1051 436/1039 1100/1045
f 1100/1045 436/1039 351/1042
f 1101/1058 314/1062 1102/1067
f 1102/1067 314/1062 1070/1070
f 1103/991 349/987 333/995
f 1104/1001 333/995 1079/1005
f 1105/1057 434/1047 1099/1051
f 1106/1053 342/1048 1101/1058
f 1107/992 346/986 1068/989
f 1108/1050 351/1042 1106/1053
f 1109/1089 35/1085 1133/1094
f 1110/1093 38/1087 1109/1089
f 1111/720 85/722 86/729
f 1112/732 86/729 1153/733
f 1113/1090 37/1083 38/1087
f 1114/1095 38/1087 1152/1097
f 1115/707 562/703 601/705
f 1116/716 563/712 1115/707
f 1117/859 620/866 1118/875
f 1118/875 620/866 621/881
f 1119/1185 621/1188 968/1186
f 1120/1189 969/1191 1158/1194
f 1121/1198 970/1201 1159/1204
f 1122/846 576/833 1151/861
f 1123/857 557/823 1122/846
f 1124/727 70/728 287/718
f 1125/723 287/718 48/709
f 1126/719 563/712 1127/721
f 1127/721 563/712 1116/716
f 1128/193 70/166 1124/206
f 1129/725 48/709 1126/719
f 1130/1088 279/1086 1140/1092
f 1131/1091 35/1085 1130/1088
f 1132/740 37/741 1113/742
f 1133/1094 35/1085 1131/1091
f 1134/738 45/739 1132/740
f 1135/1101 609/1102 1139/1104
f 1136/1100 610/1096 1135/1101
f 1137/871 23/842 1138/864
f 1138/864 23/842 548/843
f 1139/1104 609/1102 1137/1105
f 1140/1092 279/1086 610/1096
f 1141/1098 610/1096 1136/1100
f 1142/711 601/705 1143/715
f 1143/715 601/705 1111/720
f 1144/832 575/815 560/822
f 1145/860 576/833 1144/832
f 1146/735 552/737 1134/738
f 1147/870 548/843 1148/878
f 1148/878 548/843 1154/872
f 1149/867 576/833 1145/860
f 1150/845 560/822 1117/859
f 1151/861 576/833 1149/867
f 1152/1097 38/1087 1110/1093
f 1153/733 86/729 1146/735
f 1154/872 548/843 1155/865
f 1155/865 548/843 1123/857
f 1156/284 903/266 1091/274
f 1157/1187 968/1186 1120/1189
f 1158/1194 969/1191 1121/1198
f 1159/1204 970/1201 1160/1207
usemtl Tile_+038_+020_L19_000120_untextured
