mtllib Tile_+031_+024_L18_00012.mtl
v 6.14235602e+03 5.81325748e+03 1.53124470e+01
v 6.12895949e+03 5.81690145e+03 2.29319316e+01
v 6.12728618e+03 5.81865349e+03 2.30777517e+01
v 6.12778918e+03 5.81719266e+03 2.13584762e+01
v 6.13404192e+03 5.81309203e+03 1.61436297e+01
v 6.14272125e+03 5.81536332e+03 1.23466447e+01
v 6.14278866e+03 5.81917063e+03 1.49651858e+01
v 6.16312052e+03 5.81540880e+03 1.69951275e+01
v 6.16390889e+03 5.81628873e+03 1.50114549e+01
v 6.16110457e+03 5.81577179e+03 1.32122590e+01
v 6.15991879e+03 5.81698160e+03 1.50107451e+01
v 6.13214770e+03 5.81658008e+03 2.04201969e+01
v 6.14445387e+03 5.81400856e+03 1.81349112e+01
v 6.16041270e+03 5.81357145e+03 1.76289723e+01
v 6.16105488e+03 5.81519272e+03 1.62630660e+01
v 6.14371930e+03 5.81506811e+03 1.94510090e+01
v 6.14448743e+03 5.81502303e+03 2.17508486e+01
v 6.18115775e+03 5.82256713e+03 1.61689374e+01
v 6.18107534e+03 5.82105005e+03 1.38758230e+01
v 6.16107539e+03 5.81401703e+03 1.97061140e+01
v 6.14405579e+03 5.81750048e+03 2.02435194e+01
v 6.13269645e+03 5.81427451e+03 1.53495906e+01
v 6.13075466e+03 5.81409629e+03 1.30370324e+01
v 6.13156194e+03 5.81667926e+03 2.25892067e+01
v 6.16223230e+03 5.81658160e+03 1.98154172e+01
v 6.16186888e+03 5.81621292e+03 1.46724090e+01
v 6.16175851e+03 5.81701437e+03 1.50695630e+01
v 6.13982787e+03 5.81658998e+03 1.93851228e+01
v 6.13866095e+03 5.81575819e+03 2.18236658e+01
v 6.13849279e+03 5.81345494e+03 1.90492754e+01
v 6.14009392e+03 5.81486802e+03 1.95709728e+01
v 6.13906155e+03 5.81352671e+03 1.74169704e+01
v 6.14201409e+03 5.81510149e+03 2.58124347e+01
v 6.14231433e+03 5.81409443e+03 2.68479139e+01
v 6.12472365e+03 5.81293511e+03 2.70707194e+01
v 6.13093235e+03 5.81500268e+03 2.84385943e+01
v 6.12899781e+03 5.81710083e+03 2.71781669e+01
v 6.12535612e+03 5.81930716e+03 2.26306614e+01
v 6.12468951e+03 5.81838284e+03 2.00730424e+01
v 6.13960126e+03 5.81374813e+03 2.08232018e+01
v 6.13350089e+03 5.81221664e+03 2.60178025e+01
v 6.13081785e+03 5.81590179e+03 2.63548254e+01
v 6.14121894e+03 5.81806312e+03 2.82784802e+01
v 6.13923954e+03 5.81793966e+03 2.85758520e+01
v 6.14011827e+03 5.81752741e+03 2.53359500e+01
v 6.13914758e+03 5.81766694e+03 1.60662141e+01
v 6.13805777e+03 5.81549871e+03 1.40646080e+01
v 6.13830066e+03 5.81765577e+03 1.55026037e+01
v 6.13941519e+03 5.81883144e+03 1.23846317e+01
v 6.17303348e+03 5.81863799e+03 7.80493668e+00
v 6.17249571e+03 5.81785800e+03 1.15612121e+01
v 6.13641897e+03 5.81311125e+03 6.30820925e+00
v 6.13840937e+03 5.81584577e+03 7.88571405e+00
v 6.12555450e+03 5.81246456e+03 1.67019673e+01
v 6.13402513e+03 5.81512617e+03 2.49291039e+01
v 6.15913861e+03 5.81449323e+03 7.78594900e+00
v 6.16004274e+03 5.81626504e+03 6.69384658e+00
v 6.12980646e+03 5.81310542e+03 1.00988096e+01
v 6.13073551e+03 5.81242479e+03 1.20062421e+01
v 6.14113212e+03 5.81378212e+03 1.03484474e+01
v 6.13798358e+03 5.81402278e+03 1.11509571e+01
v 6.13637942e+03 5.81229854e+03 1.33029274e+01
v 6.12989842e+03 5.81413322e+03 9.14007178e+00
v 6.13789267e+03 5.82833321e+03 4.88379765e+00
v 6.14341225e+03 5.82827877e+03 4.47591899e+00
v 6.14216164e+03 5.82641041e+03 5.03695928e+00
v 6.14591107e+03 5.82710545e+03 4.78390628e+00
v 6.14721493e+03 5.82943498e+03 4.29812736e+00
v 6.13344526e+03 5.82699245e+03 5.04376284e+00
v 6.12631742e+03 5.82928938e+03 5.18321593e+00
v 6.12533839e+03 5.82756740e+03 5.74550087e+00
v 6.12504369e+03 5.82891256e+03 7.23078315e+00
v 6.13259030e+03 5.81320170e+03 1.31181827e+01
v 6.16368608e+03 5.81518087e+03 2.13248186e+01
v 6.16341739e+03 5.81529754e+03 2.16599307e+01
v 6.14533471e+03 5.82762194e+03 5.84729295e+00
v 6.14373897e+03 5.82717183e+03 7.59232228e+00
v 6.13541552e+03 5.83120835e+03 5.02545907e+00
v 6.13937088e+03 5.81729805e+03 8.33148181e+00
v 6.13882635e+03 5.81451916e+03 9.13539365e+00
v 6.12884072e+03 5.81352875e+03 9.89992029e+00
v 6.12994747e+03 5.81401149e+03 7.74361934e+00
v 6.14129153e+03 5.81493068e+03 8.42034865e+00
v 6.13005841e+03 5.81315725e+03 7.74847118e+00
v 6.12828681e+03 5.81624366e+03 7.65061343e+00
v 6.12897189e+03 5.81522709e+03 8.15817641e+00
v 6.13130867e+03 5.81294669e+03 6.47158703e+00
v 6.12607469e+03 5.82057749e+03 7.94140686e+00
v 6.12568141e+03 5.82343357e+03 6.27389223e+00
v 6.12729454e+03 5.81851074e+03 7.70348565e+00
v 6.12789887e+03 5.82463522e+03 5.33490567e+00
v 6.13071513e+03 5.81210382e+03 8.29546702e+00
v 6.13237153e+03 5.81660598e+03 5.72757801e+00
v 6.12812771e+03 5.82018454e+03 5.99082629e+00
v 6.13647001e+03 5.81552893e+03 5.76439548e+00
v 6.13763943e+03 5.82033687e+03 5.39389798e+00
v 6.14040797e+03 5.82457102e+03 5.19825827e+00
v 6.14206083e+03 5.82251734e+03 5.14212743e+00
v 6.14493998e+03 5.82288312e+03 5.21827150e+00
v 6.14018628e+03 5.81550420e+03 6.08918072e+00
v 6.13839577e+03 5.81300790e+03 5.90600441e+00
v 6.13973959e+03 5.81705539e+03 6.01919582e+00
v 6.14345419e+03 5.81564770e+03 5.68384025e+00
v 6.14258351e+03 5.82387038e+03 7.49513142e+00
v 6.14456016e+03 5.82328579e+03 9.56297596e+00
v 6.14694463e+03 5.82409382e+03 8.91071640e+00
v 6.13889886e+03 5.81420661e+03 7.28558769e+00
v 6.14136886e+03 5.82610885e+03 7.05763031e+00
v 6.14443568e+03 5.82775007e+03 1.01955890e+01
v 6.14105154e+03 5.81660628e+03 8.84568766e+00
v 6.14256932e+03 5.82668860e+03 9.70040984e+00
v 6.17627315e+03 5.81332671e+03 5.11620287e+00
v 6.18205551e+03 5.81826923e+03 4.70625754e+00
v 6.15409553e+03 5.81302302e+03 5.49103118e+00
v 6.14989401e+03 5.81836902e+03 5.16113979e+00
v 6.16190159e+03 5.81870279e+03 5.01963124e+00
v 6.15769345e+03 5.81565691e+03 5.27177801e+00
v 6.15988443e+03 5.82027286e+03 4.94909521e+00
v 6.15595704e+03 5.81399130e+03 7.14804591e+00
v 6.16826470e+03 5.82177112e+03 4.77841978e+00
v 6.16882744e+03 5.82201095e+03 6.56077879e+00
v 6.16587714e+03 5.81355545e+03 7.84869575e+00
v 6.16636640e+03 5.81443960e+03 5.01312755e+00
v 6.16823920e+03 5.82030804e+03 7.46897854e+00
v 6.17545332e+03 5.81477124e+03 7.78538775e+00
v 6.17807254e+03 5.81627945e+03 5.17369939e+00
v 6.17931845e+03 5.81683276e+03 6.78312706e+00
v 6.18038363e+03 5.81713979e+03 8.85997879e+00
v 6.17499078e+03 5.82192365e+03 4.87989941e+00
v 6.17640331e+03 5.82049960e+03 6.74985752e+00
v 6.17218819e+03 5.81602522e+03 6.66090344e+00
v 6.17158915e+03 5.81673291e+03 5.76334284e+00
v 6.17422429e+03 5.82006846e+03 6.44124103e+00
v 6.14749401e+03 5.82469522e+03 4.64332520e+00
v 6.15809163e+03 5.82367541e+03 6.85393567e+00
v 6.15732635e+03 5.82311769e+03 4.86468859e+00
v 6.15519746e+03 5.82529713e+03 7.29405178e+00
v 6.15539884e+03 5.82636075e+03 5.67589480e+00
v 6.15546314e+03 5.82631274e+03 7.79102985e+00
v 6.15746441e+03 5.82130509e+03 8.12686590e+00
v 6.15834208e+03 5.82281990e+03 5.45654777e+00
v 6.15841897e+03 5.82268905e+03 8.91352342e+00
v 6.16559708e+03 5.82584558e+03 7.16352904e+00
v 6.16583285e+03 5.82389655e+03 5.42389186e+00
v 6.16690264e+03 5.82369347e+03 6.55072889e+00
v 6.16664097e+03 5.82457303e+03 4.50839501e+00
v 6.17128350e+03 5.81833842e+03 4.71950748e+00
v 6.17479977e+03 5.82766011e+03 4.49829363e+00
v 6.17327890e+03 5.81523409e+03 5.58831827e+00
v 6.17941395e+03 5.81950199e+03 6.75963348e+00
v 6.17789642e+03 5.81970513e+03 5.18554044e+00
v 6.16957849e+03 5.81594835e+03 4.91450041e+00
v 6.16639260e+03 5.81923009e+03 5.12439683e+00
v 6.18034141e+03 5.82231374e+03 4.47027185e+00
v 6.15409015e+03 5.82708334e+03 4.61189002e+00
v 6.17998746e+03 5.81703709e+03 5.04150765e+00
v 6.18022056e+03 5.82001445e+03 4.93731431e+00
v 6.18309876e+03 5.82708868e+03 4.48576195e+00
v 6.16196623e+03 5.81737913e+03 4.96363865e+00
v 6.14957873e+03 5.82332843e+03 4.78313604e+00
v 6.14981611e+03 5.82744450e+03 4.63107119e+00
v 6.14674135e+03 5.82420084e+03 5.67319562e+00
v 6.16813243e+03 5.81391789e+03 5.75983672e+00
v 6.15447484e+03 5.82820587e+03 4.91051070e+00
v 6.15309473e+03 5.82773809e+03 5.26979180e+00
v 6.16338506e+03 5.82857113e+03 4.30573389e+00
v 6.16705279e+03 5.83144441e+03 4.04383409e+00
v 6.16428823e+03 5.82707087e+03 5.46482180e+00
v 6.16514680e+03 5.82730187e+03 7.19307689e+00
v 6.15264372e+03 5.82646429e+03 7.01596491e+00
v 6.15083799e+03 5.82773607e+03 5.47626182e+00
v 6.14755870e+03 5.82584490e+03 7.39442898e+00
v 6.14816813e+03 5.82803807e+03 5.02982515e+00
v 6.15435013e+03 5.82791288e+03 7.99496415e+00
v 6.14814282e+03 5.82892191e+03 4.72564158e+00
v 6.14580185e+03 5.82920572e+03 7.96209923e+00
v 6.17595503e+03 5.83195896e+03 4.80026464e+00
v 6.18662087e+03 5.81900582e+03 4.60230297e+00
v 6.18591451e+03 5.82072561e+03 4.48387104e+00
v 6.17455771e+03 5.81443467e+03 9.55797185e+00
v 6.17260632e+03 5.81508984e+03 8.56667454e+00
v 6.17696870e+03 5.82243566e+03 1.35787999e+01
v 6.17992167e+03 5.82258684e+03 1.20923100e+01
v 6.17823384e+03 5.81706242e+03 8.22829224e+00
v 6.17848400e+03 5.81590023e+03 1.08369339e+01
v 6.17703588e+03 5.81579790e+03 6.95333991e+00
v 6.17191243e+03 5.81669800e+03 8.54143425e+00
v 6.18158336e+03 5.81802310e+03 7.97417942e+00
v 6.15953965e+03 5.81703410e+03 8.20299228e+00
v 6.15833565e+03 5.81240788e+03 9.13500353e+00
v 6.16015867e+03 5.81876393e+03 7.68500482e+00
v 6.15861629e+03 5.82227718e+03 6.55556360e+00
v 6.15680777e+03 5.82536653e+03 9.02852608e+00
v 6.16245301e+03 5.82945211e+03 9.72869295e+00
v 6.16821258e+03 5.82380542e+03 7.44649444e+00
v 6.16755477e+03 5.81971338e+03 9.17682950e+00
v 6.16741751e+03 5.82251742e+03 1.08554365e+01
v 6.16497273e+03 5.82769877e+03 9.47317551e+00
v 6.16696052e+03 5.82432743e+03 8.02724487e+00
v 6.15660812e+03 5.82406612e+03 9.55998094e+00
v 6.15799988e+03 5.81981906e+03 1.00525749e+01
v 6.15629216e+03 5.82493161e+03 1.11664023e+01
v 6.14808454e+03 5.82566209e+03 1.06978047e+01
v 6.15085606e+03 5.82668638e+03 8.68450864e+00
v 6.14719273e+03 5.82753182e+03 9.45465334e+00
v 6.16527540e+03 5.81270140e+03 8.88401035e+00
v 6.15977298e+03 5.81207689e+03 9.29025474e+00
v 6.16029501e+03 5.81820846e+03 9.11600598e+00
v 6.15562216e+03 5.81317866e+03 9.38006182e+00
v 6.15335722e+03 5.82822163e+03 9.23782381e+00
v 6.15255762e+03 5.82693499e+03 1.09885172e+01
v 6.14972565e+03 5.82617295e+03 1.07734641e+01
v 6.14668275e+03 5.83053288e+03 8.49159023e+00
v 6.15365397e+03 5.82834091e+03 1.09212580e+01
v 6.15236973e+03 5.82991889e+03 1.31803301e+01
v 6.15083096e+03 5.82576152e+03 1.11847075e+01
v 6.14845239e+03 5.82667615e+03 1.19402052e+01
v 6.15087455e+03 5.82664901e+03 1.30750401e+01
v 6.14473974e+03 5.82833800e+03 1.19348850e+01
v 6.14548195e+03 5.82333725e+03 1.12807174e+01
v 6.14421793e+03 5.82617516e+03 1.17527056e+01
v 6.14470091e+03 5.82724905e+03 1.27094154e+01
v 6.14802846e+03 5.82999489e+03 1.16456892e+01
v 6.14818821e+03 5.82823614e+03 1.17174854e+01
v 6.14564764e+03 5.82762390e+03 1.07982642e+01
v 6.14322846e+03 5.82593352e+03 1.06286442e+01
v 6.14502009e+03 5.82463012e+03 1.05399823e+01
v 6.14829885e+03 5.82829968e+03 1.04894741e+01
v 6.14115306e+03 5.81807096e+03 1.14715386e+01
v 6.14403098e+03 5.81433546e+03 1.34622218e+01
v 6.14082017e+03 5.82568288e+03 1.07271988e+01
v 6.13620748e+03 5.81411034e+03 1.24815090e+01
v 6.13784484e+03 5.81638913e+03 1.09837752e+01
v 6.14171647e+03 5.82536307e+03 8.58054178e+00
v 6.12723118e+03 5.81324286e+03 1.17550503e+01
v 6.12763592e+03 5.81468630e+03 1.11240648e+01
v 6.12783847e+03 5.81380326e+03 1.23903998e+01
v 6.14708385e+03 5.82630611e+03 1.21015856e+01
v 6.15316032e+03 5.82959675e+03 1.07821440e+01
v 6.15238639e+03 5.82766272e+03 1.38439480e+01
v 6.14631462e+03 5.82487490e+03 1.35398207e+01
v 6.13862026e+03 5.81885328e+03 1.10379926e+01
v 6.14548289e+03 5.82358900e+03 1.30407109e+01
v 6.15670955e+03 5.81207333e+03 1.09381044e+01
v 6.15911110e+03 5.81463074e+03 1.04328189e+01
v 6.12882662e+03 5.81613698e+03 1.09374566e+01
v 6.12968528e+03 5.81595530e+03 1.07240719e+01
v 6.16541606e+03 5.81520794e+03 1.02615085e+01
v 6.17671031e+03 5.81555852e+03 9.29647977e+00
v 6.16569022e+03 5.81377831e+03 9.81767248e+00
v 6.16629947e+03 5.81391147e+03 1.24387597e+01
v 6.17299605e+03 5.81631417e+03 1.19423361e+01
v 6.16539281e+03 5.81287763e+03 1.24635732e+01
v 6.17882948e+03 5.81648757e+03 1.18560864e+01
v 6.17987592e+03 5.81649767e+03 1.10580444e+01
v 6.17956460e+03 5.81593130e+03 9.83270364e+00
v 6.16680017e+03 5.81637005e+03 1.06334069e+01
v 6.17255185e+03 5.81718278e+03 9.56407686e+00
v 6.18152777e+03 5.81857330e+03 9.74893553e+00
v 6.18308881e+03 5.81826784e+03 1.22019055e+01
v 6.17638167e+03 5.81570463e+03 1.29916127e+01
v 6.15641774e+03 5.82111855e+03 1.04401466e+01
v 6.15721402e+03 5.82262012e+03 1.07519567e+01
v 6.16037112e+03 5.81224274e+03 1.14048942e+01
v 6.16821999e+03 5.81839828e+03 1.19762756e+01
v 6.15969628e+03 5.81874937e+03 1.04881907e+01
v 6.15973975e+03 5.81703915e+03 1.07549805e+01
v 6.16698682e+03 5.81767078e+03 1.19043264e+01
v 6.16721073e+03 5.81634989e+03 1.26330148e+01
v 6.15966798e+03 5.81580595e+03 1.18109536e+01
v 6.16722569e+03 5.81853723e+03 1.27762693e+01
v 6.16675972e+03 5.82017174e+03 1.23230337e+01
v 6.16616173e+03 5.81592011e+03 8.44996636e+00
v 6.15971661e+03 5.81422524e+03 1.22781296e+01
v 6.15768302e+03 5.82173676e+03 1.21508140e+01
v 6.15918738e+03 5.82102284e+03 1.32195336e+01
v 6.18337298e+03 5.82078786e+03 1.26180905e+01
v 6.18235714e+03 5.82085485e+03 1.03899141e+01
v 6.18115042e+03 5.81715461e+03 1.20312356e+01
v 6.18233656e+03 5.81801163e+03 1.31071255e+01
v 6.18085222e+03 5.81550457e+03 1.21011336e+01
v 6.17453955e+03 5.81498561e+03 1.29451107e+01
v 6.17349626e+03 5.81951706e+03 1.07287450e+01
v 6.17496017e+03 5.81994741e+03 1.19385501e+01
v 6.18155216e+03 5.81784661e+03 1.08666490e+01
v 6.15471166e+03 5.82914447e+03 1.08230976e+01
v 6.15477778e+03 5.82756584e+03 1.10595520e+01
v 6.15522876e+03 5.82739287e+03 1.30125908e+01
v 6.16437838e+03 5.82841414e+03 1.31510280e+01
v 6.16221121e+03 5.82886356e+03 1.09629031e+01
v 6.15520451e+03 5.82368680e+03 1.26296573e+01
v 6.16413557e+03 5.82725101e+03 1.17844024e+01
v 6.17582895e+03 5.82103957e+03 1.01648313e+01
v 6.16521467e+03 5.82737404e+03 1.19956998e+01
v 6.16572466e+03 5.82593638e+03 1.15792573e+01
v 6.18126808e+03 5.82220276e+03 1.12401831e+01
v 6.16152233e+03 5.82983061e+03 1.38775727e+01
v 6.16643300e+03 5.82376882e+03 9.82811574e+00
v 6.16735710e+03 5.82200941e+03 1.25359437e+01
v 6.17765080e+03 5.82165502e+03 1.47337230e+01
v 6.17668941e+03 5.82093602e+03 1.57806330e+01
v 6.18218592e+03 5.82089512e+03 1.47138998e+01
v 6.18001904e+03 5.82156650e+03 1.46549148e+01
v 6.17669569e+03 5.82032662e+03 1.41687833e+01
v 6.17364872e+03 5.81861996e+03 1.51551017e+01
v 6.17562284e+03 5.81877876e+03 1.41440374e+01
v 6.17606206e+03 5.81834953e+03 1.46324906e+01
v 6.17785101e+03 5.81932348e+03 1.45062434e+01
v 6.16679532e+03 5.82052446e+03 1.51231825e+01
v 6.16659809e+03 5.82200261e+03 1.38298569e+01
v 6.16571736e+03 5.82243957e+03 1.57834306e+01
v 6.16572486e+03 5.82419730e+03 1.52030242e+01
v 6.16270524e+03 5.82869429e+03 1.57893629e+01
v 6.16570507e+03 5.81872428e+03 1.50659738e+01
v 6.18246397e+03 5.82189131e+03 1.36563010e+01
v 6.18286791e+03 5.81945006e+03 1.19993395e+01
v 6.17925659e+03 5.82194125e+03 1.26307633e+01
v 6.16559387e+03 5.82060766e+03 1.57164963e+01
v 6.16265995e+03 5.82693275e+03 1.74635250e+01
v 6.16439604e+03 5.82482336e+03 1.59497932e+01
v 6.16543097e+03 5.82379687e+03 1.35013313e+01
v 6.16485904e+03 5.82655748e+03 1.47649477e+01
v 6.16610504e+03 5.81921378e+03 1.35042311e+01
v 6.16421977e+03 5.81485244e+03 1.42249671e+01
v 6.16496979e+03 5.81699403e+03 1.30161096e+01
v 6.16577231e+03 5.81418023e+03 1.39818787e+01
v 6.16494644e+03 5.81570786e+03 1.24975734e+01
v 6.17318547e+03 5.81878111e+03 1.33416068e+01
v 6.17315121e+03 5.81737239e+03 1.40978143e+01
v 6.17498807e+03 5.81754484e+03 1.67890636e+01
v 6.17218645e+03 5.81889447e+03 1.24989787e+01
v 6.17870414e+03 5.81613367e+03 1.43260710e+01
v 6.18091808e+03 5.81593168e+03 1.40629114e+01
v 6.18008327e+03 5.81691595e+03 1.39355468e+01
v 6.18188707e+03 5.81821299e+03 1.49313052e+01
v 6.17793831e+03 5.81614742e+03 1.32574595e+01
v 6.16690935e+03 5.81519206e+03 1.23691649e+01
v 6.18145445e+03 5.81705290e+03 1.40987462e+01
v 6.17412458e+03 5.81600426e+03 1.47616219e+01
v 6.17817430e+03 5.81785549e+03 1.47114804e+01
v 6.17680366e+03 5.81744746e+03 1.34909120e+01
v 6.16427193e+03 5.81263143e+03 1.60033073e+01
v 6.16489748e+03 5.81405204e+03 1.61224423e+01
v 6.18155368e+03 5.81977677e+03 1.47384091e+01
v 6.16473351e+03 5.81563774e+03 1.62905181e+01
v 6.18041575e+03 5.81746897e+03 1.54666469e+01
v 6.17941964e+03 5.81726200e+03 1.61640011e+01
v 6.15785234e+03 5.81899124e+03 1.55414828e+01
v 6.15815954e+03 5.82255979e+03 1.40269732e+01
v 6.15691200e+03 5.82441642e+03 1.48294054e+01
v 6.15588311e+03 5.82440932e+03 1.36770346e+01
v 6.15677837e+03 5.82358273e+03 1.32370208e+01
v 6.15935451e+03 5.81781522e+03 1.47823706e+01
v 6.15881789e+03 5.81827064e+03 1.37828849e+01
v 6.14342219e+03 5.81697298e+03 1.66535614e+01
v 6.14356690e+03 5.81328325e+03 1.40002731e+01
v 6.14176482e+03 5.81243524e+03 1.34171492e+01
v 6.14433552e+03 5.81486646e+03 1.58666993e+01
v 6.16112698e+03 5.81302487e+03 1.34838125e+01
v 6.15780461e+03 5.82067173e+03 1.16400611e+01
v 6.15671460e+03 5.82618848e+03 1.30751215e+01
v 6.14138349e+03 5.81799576e+03 9.58267398e+00
v 6.14407400e+03 5.82538067e+03 1.46251000e+01
v 6.14539147e+03 5.82726947e+03 1.37835791e+01
v 6.15069485e+03 5.82682302e+03 1.51387905e+01
v 6.14766832e+03 5.82945679e+03 1.40580623e+01
v 6.14853508e+03 5.82815388e+03 1.51557440e+01
v 6.14494754e+03 5.82455011e+03 1.47141803e+01
v 6.14497579e+03 5.82603970e+03 1.57851815e+01
v 6.16181160e+03 5.81359402e+03 1.49675887e+01
v 6.16281478e+03 5.81215588e+03 1.53062498e+01
v 6.15714724e+03 5.82605240e+03 1.40168760e+01
v 6.15712574e+03 5.82786596e+03 1.32261326e+01
v 6.15886957e+03 5.82553844e+03 1.46348733e+01
v 6.14420388e+03 5.82660635e+03 1.48393262e+01
v 6.14642069e+03 5.82664915e+03 1.41298821e+01
v 6.15538840e+03 5.82932989e+03 1.41199765e+01
v 6.15588031e+03 5.82887580e+03 1.28934519e+01
v 6.15601930e+03 5.82957133e+03 1.53744568e+01
v 6.15671112e+03 5.82806585e+03 1.53091317e+01
v 6.15811158e+03 5.82853724e+03 1.56550071e+01
v 6.15592014e+03 5.82539730e+03 1.46094755e+01
v 6.13757080e+03 5.81283630e+03 1.54678127e+01
v 6.13649826e+03 5.81465513e+03 1.34855669e+01
v 6.13534878e+03 5.81485316e+03 1.41707625e+01
v 6.13623081e+03 5.81317627e+03 1.45026577e+01
v 6.13913199e+03 5.81406593e+03 1.54403371e+01
v 6.12655052e+03 5.81939451e+03 2.01390301e+01
v 6.12743662e+03 5.81290038e+03 1.38490361e+01
v 6.12735309e+03 5.81448738e+03 1.47943578e+01
v 6.13425084e+03 5.81494627e+03 1.32260378e+01
v 6.15660699e+03 5.82414768e+03 1.65125025e+01
v 6.14907020e+03 5.82924447e+03 1.51871729e+01
v 6.12877676e+03 5.81594271e+03 1.48801909e+01
v 6.13419781e+03 5.81270347e+03 1.31333206e+01
v 6.12481147e+03 5.81526727e+03 1.79676534e+01
v 6.13652599e+03 5.81208733e+03 1.59732960e+01
v 6.13533951e+03 5.81235617e+03 1.73290907e+01
v 6.12584802e+03 5.87428831e+03 1.63144971e+01
v 6.12647388e+03 5.87124987e+03 1.68713577e+01
v 6.12781007e+03 5.87235507e+03 1.33683307e+01
v 6.12703010e+03 5.87209549e+03 1.51618837e+01
v 6.12732554e+03 5.87383086e+03 1.51159266e+01
v 6.12748660e+03 5.87121254e+03 1.80658647e+01
v 6.12537048e+03 5.87262772e+03 1.52386008e+01
v 6.18589096e+03 5.87281450e+03 1.76344012e+01
v 6.18429646e+03 5.87391514e+03 1.68053223e+01
v 6.18650415e+03 5.87166109e+03 1.77755001e+01
v 6.18613934e+03 5.87457871e+03 1.65882409e+01
v 6.18622965e+03 5.87484303e+03 1.30561594e+01
v 6.18623603e+03 5.87190318e+03 1.49695293e+01
v 6.18466844e+03 5.87370580e+03 1.52212933e+01
v 6.18753812e+03 5.87111139e+03 1.56627276e+01
v 6.18503720e+03 5.87543471e+03 1.60112977e+01
v 6.18735561e+03 5.87470973e+03 1.90820059e+01
v 6.18691525e+03 5.87251455e+03 1.86846473e+01
v 6.18636678e+03 5.87470093e+03 1.85462217e+01
v 6.18636712e+03 5.87318932e+03 1.31480771e+01
v 6.13094508e+03 5.87059219e+03 1.05304882e+01
v 6.12985044e+03 5.87234627e+03 8.51340497e+00
v 6.16964373e+03 5.85561440e+03 3.67121170e+00
v 6.17069466e+03 5.85331219e+03 3.03219376e+00
v 6.12942317e+03 5.86433575e+03 1.19337317e+01
v 6.13065807e+03 5.86107273e+03 1.06021752e+01
v 6.13133947e+03 5.86552091e+03 1.54008456e+01
v 6.13015852e+03 5.86994851e+03 1.37804856e+01
v 6.13120408e+03 5.87090397e+03 1.38517458e+01
v 6.12946199e+03 5.85736497e+03 1.19142012e+01
v 6.13068873e+03 5.85953425e+03 1.19227846e+01
v 6.18798958e+03 5.87171568e+03 1.32208737e+01
v 6.16939312e+03 5.85751080e+03 1.21985066e+01
v 6.17031912e+03 5.85868864e+03 1.24439784e+01
v 6.17532754e+03 5.85690651e+03 1.19193825e+01
v 6.17430133e+03 5.85827928e+03 1.35546487e+01
v 6.13309371e+03 5.86147435e+03 1.64114530e+01
v 6.17050618e+03 5.85806346e+03 1.09739495e+01
v 6.17253569e+03 5.85729985e+03 9.91308977e+00
v 6.17428616e+03 5.85647097e+03 8.76242634e+00
v 6.17448612e+03 5.85402804e+03 1.01661789e+01
v 6.17423271e+03 5.85600986e+03 9.69340905e+00
v 6.17092990e+03 5.85822985e+03 9.28834495e+00
v 6.16411590e+03 5.85675430e+03 8.76893365e+00
v 6.16160159e+03 5.85423626e+03 8.63756859e+00
v 6.16326225e+03 5.85440273e+03 6.38779858e+00
v 6.16895687e+03 5.85754081e+03 1.43684013e+01
v 6.16810691e+03 5.85665249e+03 1.70996078e+01
v 6.17175643e+03 5.86023336e+03 1.37724443e+01
v 6.14945336e+03 5.85810261e+03 8.38934430e+00
v 6.14986842e+03 5.85782685e+03 6.79570014e+00
v 6.15863033e+03 5.85583975e+03 3.19181200e+00
v 6.15791451e+03 5.85734740e+03 6.38574775e+00
v 6.15726172e+03 5.85404372e+03 6.80454590e+00
v 6.15753524e+03 5.85262505e+03 7.69090290e+00
v 6.17284414e+03 5.85814317e+03 8.93825417e+00
v 6.16566988e+03 5.85584101e+03 3.92777650e+00
v 6.16462841e+03 5.85871670e+03 9.19412239e+00
v 6.17065083e+03 5.85366763e+03 5.60985392e+00
v 6.17030493e+03 5.85753349e+03 6.92694539e+00
v 6.17165697e+03 5.85502069e+03 6.58369918e+00
v 6.12610440e+03 5.86157830e+03 9.07742150e+00
v 6.12787595e+03 5.86361522e+03 7.53222323e+00
v 6.12906008e+03 5.85956095e+03 7.68868916e+00
v 6.12882648e+03 5.86304790e+03 7.45185799e+00
v 6.12714204e+03 5.86606422e+03 9.80786845e+00
v 6.12855437e+03 5.86289244e+03 1.04224005e+01
v 6.12529434e+03 5.85835168e+03 1.01911972e+01
v 6.13171511e+03 5.86975167e+03 1.32387333e+01
v 6.12772059e+03 5.86273101e+03 8.97574192e+00
v 6.12731272e+03 5.86861570e+03 6.95857380e+00
v 6.12597825e+03 5.86897419e+03 6.07264885e+00
v 6.12634211e+03 5.86943200e+03 4.28382450e+00
v 6.12742702e+03 5.87001487e+03 6.14409829e+00
v 6.12508001e+03 5.86697531e+03 5.18221436e+00
v 6.12946468e+03 5.87129674e+03 3.70290173e+00
v 6.12642091e+03 5.85986128e+03 7.56865648e+00
v 6.12607276e+03 5.86166985e+03 6.48103317e+00
v 6.12465915e+03 5.86534329e+03 4.73616725e+00
v 6.12687376e+03 5.85863595e+03 4.69864534e+00
v 6.12801638e+03 5.85886516e+03 5.87443752e+00
v 6.14735193e+03 5.85754220e+03 3.64318975e+00
v 6.14613357e+03 5.85590554e+03 5.54128787e+00
v 6.12666950e+03 5.86205566e+03 4.53918812e+00
v 6.12776173e+03 5.86070260e+03 4.81937627e+00
v 6.12571647e+03 5.86056577e+03 4.10291450e+00
v 6.12479801e+03 5.86766144e+03 9.37548144e+00
v 6.12576743e+03 5.86994454e+03 7.32210284e+00
v 6.12956880e+03 5.87087722e+03 5.48572785e+00
v 6.15337322e+03 5.85940690e+03 6.11916603e+00
v 6.15193433e+03 5.85657593e+03 3.14124943e+00
v 6.14721319e+03 5.85564145e+03 3.47281437e+00
v 6.12793914e+03 5.86182983e+03 6.41793522e+00
v 6.14697954e+03 5.85609584e+03 6.56445019e+00
v 6.12614562e+03 5.86423297e+03 5.66119233e+00
v 6.13230186e+03 5.85667842e+03 4.10385574e+00
v 6.12655300e+03 5.86396526e+03 4.26756097e+00
v 6.12700887e+03 5.87089327e+03 7.46770538e+00
v 6.12821344e+03 5.87015667e+03 7.73310060e+00
v 6.15141107e+03 5.85804128e+03 6.40663112e+00
v 6.12586602e+03 5.85675034e+03 1.06647665e+01
v 6.12588769e+03 5.85732978e+03 4.89419543e+00
v 6.16374516e+03 5.85164596e+03 7.09770650e+00
v 6.16711957e+03 5.85170982e+03 3.34905129e+00
v 6.16327945e+03 5.85362612e+03 4.80962958e+00
v 6.16438350e+03 5.85271616e+03 3.06833848e+00
v 6.17356761e+03 5.85285651e+03 8.85850741e+00
v 6.16707614e+03 5.85636450e+03 1.15460600e+01
v 6.14837089e+03 5.85340594e+03 8.91073472e+00
v 6.14852534e+03 5.85389472e+03 7.64184227e+00
v 6.12748905e+03 5.85723531e+03 1.29394678e+01
v 6.13252352e+03 5.86122090e+03 1.36265371e+01
v 6.18780859e+03 5.86974211e+03 1.73967310e+01
v 6.16957707e+03 5.85940490e+03 1.08854938e+01
v 6.17029353e+03 5.85961747e+03 1.29103901e+01
v 6.16978603e+03 5.85913998e+03 1.04059635e+01
v 6.12511919e+03 5.86951927e+03 5.35149789e+00
v 6.12572843e+03 5.86831439e+03 4.08815333e+00
v 6.15190890e+03 5.85684388e+03 9.15037624e+00
v 6.12819871e+03 5.87080195e+03 5.82453510e+00
v 6.13137886e+03 5.86873686e+03 3.75029157e+00
v 6.12939249e+03 5.85928098e+03 5.90366752e+00
v 6.12763550e+03 5.85841439e+03 7.95269198e+00
v 6.15868312e+03 5.85283583e+03 3.18735192e+00
v 6.15838414e+03 5.85191580e+03 7.29818489e+00
v 6.15521733e+03 5.85242083e+03 6.85276430e+00
v 6.13138693e+03 5.86719336e+03 1.90936302e+01
v 6.13266357e+03 5.86511667e+03 2.12135616e+01
v 6.12986475e+03 5.86531155e+03 2.11815535e+01
v 6.13141524e+03 5.86417735e+03 1.93231991e+01
v 6.13137368e+03 5.86441231e+03 1.78067263e+01
v 6.13103153e+03 5.86697093e+03 1.73081078e+01
v 6.13223443e+03 5.86783203e+03 1.54715450e+01
v 6.13005343e+03 5.87050859e+03 1.83807281e+01
v 6.12983141e+03 5.87034505e+03 1.63562247e+01
v 6.13066611e+03 5.86931396e+03 1.80601671e+01
v 6.12804404e+03 5.86580447e+03 2.44069710e+01
v 6.12852570e+03 5.86701166e+03 2.33483196e+01
v 6.12787305e+03 5.86464898e+03 2.30255045e+01
v 6.12943020e+03 5.86546249e+03 2.22633629e+01
v 6.12793457e+03 5.87008218e+03 2.01374426e+01
v 6.12756452e+03 5.87046441e+03 2.25351820e+01
v 6.12962094e+03 5.86908348e+03 2.26976413e+01
v 6.12696206e+03 5.85935614e+03 2.37125927e+01
v 6.12597099e+03 5.85986348e+03 2.26862611e+01
v 6.12967384e+03 5.86918399e+03 2.37566610e+01
v 6.12924869e+03 5.86773822e+03 1.85764301e+01
v 6.13082193e+03 5.85788702e+03 1.99955166e+01
v 6.13134398e+03 5.85752182e+03 1.78683612e+01
v 6.13109714e+03 5.85692207e+03 1.98821708e+01
v 6.12859727e+03 5.85749610e+03 2.11219637e+01
v 6.12906559e+03 5.85848633e+03 2.12788684e+01
v 6.12806836e+03 5.85626512e+03 1.51219923e+01
v 6.13021372e+03 5.85735650e+03 1.49729962e+01
v 6.16536544e+03 5.85435763e+03 1.47695384e+01
v 6.16628680e+03 5.85625409e+03 1.77305280e+01
v 6.13074297e+03 5.86816371e+03 1.71021167e+01
v 6.12591508e+03 5.87066432e+03 2.04661314e+01
v 6.12528711e+03 5.86822719e+03 2.30496246e+01
v 6.12507573e+03 5.86802488e+03 2.19109716e+01
v 6.12608179e+03 5.86831681e+03 2.32107738e+01
v 6.12599205e+03 5.86834969e+03 2.38625941e+01
v 6.12743670e+03 5.85931164e+03 2.58285919e+01
v 6.13094233e+03 5.86267591e+03 2.28791669e+01
v 6.12862424e+03 5.86312747e+03 2.37316614e+01
v 6.13066510e+03 5.86314898e+03 2.08938916e+01
v 6.12843442e+03 5.85749835e+03 2.29001314e+01
v 6.12839249e+03 5.86904634e+03 1.82786134e+01
v 6.12803156e+03 5.87031079e+03 1.88826250e+01
v 6.12596842e+03 5.87082654e+03 2.20800114e+01
v 6.13049627e+03 5.87094333e+03 1.21394673e+01
v 6.12493938e+03 5.87166634e+03 8.41100079e+00
v 6.16955803e+03 5.85878880e+03 1.43254754e+01
v 6.16131124e+03 5.85284587e+03 1.00129194e+01
v 6.16707202e+03 5.85656090e+03 1.39615083e+01
v 6.12619574e+03 5.86301738e+03 6.22655123e+00
v 6.16802062e+03 5.85154878e+03 5.63327368e+00
v 6.12711962e+03 5.86347490e+03 1.02284945e+01
v 6.13200802e+03 5.86997630e+03 1.53042277e+01
v 6.13081909e+03 5.86905134e+03 1.55785953e+01
v 6.13088628e+03 5.87021874e+03 1.54740371e+01
v 6.12773532e+03 5.85662237e+03 1.64606696e+01
v 6.12575405e+03 5.85771898e+03 1.17662736e+01
v 6.12760974e+03 5.85656893e+03 1.11260532e+01
v 6.16557588e+03 5.85460621e+03 1.22235508e+01
v 6.16400470e+03 5.85306853e+03 1.34141595e+01
v 6.12542114e+03 5.85702307e+03 1.59855071e+01
v 6.13140545e+03 5.86059048e+03 1.46710885e+01
v 6.13149072e+03 5.85978761e+03 1.67694792e+01
v 6.12853626e+03 5.85701824e+03 9.94748623e+00
v 6.16324501e+03 5.85422656e+03 1.21257691e+01
v 6.16335596e+03 5.85180621e+03 1.20142562e+01
v 6.16256605e+03 5.85268136e+03 1.10364481e+01
v 6.16098390e+03 5.85464694e+03 1.04924276e+01
v 6.16226486e+03 5.85599081e+03 9.76284016e+00
v 6.16526641e+03 5.85659901e+03 1.12607232e+01
v 6.12519475e+03 5.86388456e+03 1.10636241e+01
v 6.13117070e+03 5.86030284e+03 1.06473392e+01
v 6.13256866e+03 5.83554791e+03 1.68260456e+01
v 6.13295572e+03 5.83515179e+03 1.68541122e+01
v 6.13075165e+03 5.83464676e+03 1.59157924e+01
v 6.13026202e+03 5.83559615e+03 1.68103470e+01
v 6.13288850e+03 5.83427533e+03 1.47900226e+01
v 6.13489665e+03 5.83517825e+03 1.80672089e+01
v 6.12960891e+03 5.83692791e+03 1.96434915e+01
v 6.13233344e+03 5.83482661e+03 1.83764460e+01
v 6.13189348e+03 5.83505198e+03 1.70874553e+01
v 6.15540913e+03 5.83616634e+03 1.73212379e+01
v 6.15694103e+03 5.83634314e+03 1.48104894e+01
v 6.15434756e+03 5.83722903e+03 1.63119415e+01
v 6.15606913e+03 5.83758672e+03 1.50323538e+01
v 6.15680622e+03 5.83036952e+03 1.72488631e+01
v 6.15773792e+03 5.83039841e+03 1.80601339e+01
v 6.13508900e+03 5.83615940e+03 1.63248268e+01
v 6.15413212e+03 5.83482464e+03 1.52937018e+01
v 6.13479596e+03 5.84425582e+03 1.53772834e+01
v 6.13456922e+03 5.84318476e+03 1.48850121e+01
v 6.12735609e+03 5.84362180e+03 1.61520555e+01
v 6.12781291e+03 5.84411783e+03 1.48148116e+01
v 6.12680950e+03 5.84481923e+03 1.69215358e+01
v 6.12897348e+03 5.84658685e+03 1.51026157e+01
v 6.12791370e+03 5.84599698e+03 1.74516061e+01
v 6.12600624e+03 5.84217008e+03 1.62284042e+01
v 6.12753618e+03 5.84248846e+03 1.57154056e+01
v 6.12866009e+03 5.83805692e+03 1.83931558e+01
v 6.13044667e+03 5.83874060e+03 1.64615066e+01
v 6.12860867e+03 5.84138621e+03 1.47359344e+01
v 6.13015844e+03 5.84152241e+03 1.56510681e+01
v 6.12922874e+03 5.84266024e+03 1.64721020e+01
v 6.12779762e+03 5.84183915e+03 1.62656873e+01
v 6.12676301e+03 5.84542402e+03 1.92048790e+01
v 6.13502110e+03 5.84128219e+03 1.76265144e+01
v 6.13589425e+03 5.84329183e+03 1.58095302e+01
v 6.13245811e+03 5.84234813e+03 1.70840846e+01
v 6.12830814e+03 5.84313963e+03 1.80420620e+01
v 6.13092226e+03 5.83732714e+03 1.65171256e+01
v 6.12981965e+03 5.83655547e+03 1.62332901e+01
v 6.12924049e+03 5.84079894e+03 1.64001248e+01
v 6.12866011e+03 5.84000121e+03 1.77258232e+01
v 6.13026709e+03 5.83920528e+03 1.75985017e+01
v 6.15865973e+03 5.83133630e+03 1.61075595e+01
v 6.15125601e+03 5.82984221e+03 1.61808430e+01
v 6.15040692e+03 5.82911154e+03 1.72460098e+01
v 6.13340521e+03 5.83592483e+03 1.37363140e+01
v 6.12825223e+03 5.84099570e+03 1.78678566e+01
v 6.13108566e+03 5.83805704e+03 1.50661664e+01
v 6.13084132e+03 5.83639248e+03 1.35121179e+01
v 6.12622494e+03 5.84073552e+03 1.54652363e+01
v 6.13205601e+03 5.83535517e+03 1.70101589e+01
v 6.13104506e+03 5.84018482e+03 1.70098838e+01
v 6.15330227e+03 5.83782587e+03 1.36314086e+01
v 6.15574819e+03 5.83023025e+03 1.62244488e+01
v 6.15558342e+03 5.83462309e+03 1.59820409e+01
v 6.15331643e+03 5.83699339e+03 1.48952072e+01
v 6.14964219e+03 5.83149333e+03 1.42001063e+01
v 6.14920640e+03 5.82978979e+03 1.66226375e+01
v 6.15695319e+03 5.83220434e+03 1.45231287e+01
v 6.12547036e+03 5.84366565e+03 1.58555815e+01
v 6.12486015e+03 5.84335443e+03 1.50795563e+01
v 6.12559660e+03 5.84240708e+03 1.52624577e+01
v 6.13480832e+03 5.84294568e+03 1.39816883e+01
v 6.13086995e+03 5.84086178e+03 1.38888259e+01
v 6.13514653e+03 5.84430138e+03 1.67134499e+01
v 6.13306185e+03 5.84637159e+03 1.53675052e+01
v 6.13397990e+03 5.84488396e+03 1.58341638e+01
v 6.13194006e+03 5.84450945e+03 1.62864596e+01
v 6.13322580e+03 5.84277587e+03 1.46568843e+01
v 6.13339317e+03 5.84343239e+03 1.69998906e+01
v 6.12777821e+03 5.84350182e+03 1.93041316e+01
v 6.12906474e+03 5.84212581e+03 1.83986445e+01
v 6.12806039e+03 5.84184157e+03 2.04318213e+01
v 6.12934570e+03 5.83881951e+03 1.92048950e+01
v 6.13089644e+03 5.83479641e+03 1.95745786e+01
v 6.13570633e+03 5.83684584e+03 1.53619753e+01
v 6.13304463e+03 5.84108085e+03 1.48704802e+01
v 6.13482723e+03 5.83581922e+03 1.82517980e+01
v 6.13216833e+03 5.84137084e+03 2.09091900e+01
v 6.13214625e+03 5.84055445e+03 1.86914456e+01
v 6.13448119e+03 5.83871970e+03 2.05965371e+01
v 6.13398042e+03 5.83973709e+03 1.95935032e+01
v 6.13367564e+03 5.83616459e+03 2.06953512e+01
v 6.13631093e+03 5.83522167e+03 2.13033809e+01
v 6.13519627e+03 5.83852917e+03 1.94415296e+01
v 6.13446281e+03 5.83745428e+03 1.91179679e+01
v 6.13314753e+03 5.83688924e+03 1.94529970e+01
v 6.12995890e+03 5.84576837e+03 1.97070309e+01
v 6.12970963e+03 5.84657402e+03 1.81807195e+01
v 6.12950521e+03 5.84080209e+03 1.86518300e+01
v 6.13278232e+03 5.84232838e+03 1.92906567e+01
v 6.13424251e+03 5.83725021e+03 1.65597497e+01
v 6.12917424e+03 5.84091914e+03 2.06766519e+01
v 6.12779401e+03 5.84550041e+03 1.99478574e+01
v 6.13063691e+03 5.84342403e+03 2.14030620e+01
v 6.13254610e+03 5.84403032e+03 2.06675834e+01
v 6.13083885e+03 5.84419890e+03 1.99898012e+01
v 6.13256565e+03 5.84577509e+03 2.05683914e+01
v 6.12940954e+03 5.83956992e+03 2.05752665e+01
v 6.13284929e+03 5.84371539e+03 1.81509082e+01
v 6.12866931e+03 5.84721231e+03 1.95682608e+01
v 6.13011214e+03 5.83708486e+03 2.08476002e+01
v 6.16630969e+03 5.84601778e+03 1.86789925e+01
v 6.16609910e+03 5.84630656e+03 1.69392548e+01
v 6.13231449e+03 5.83467278e+03 2.22923948e+01
v 6.12725672e+03 5.84337489e+03 2.11999486e+01
v 6.13164538e+03 5.83519328e+03 2.12654794e+01
v 6.13379906e+03 5.83435090e+03 2.07434277e+01
v 6.15814719e+03 5.82864976e+03 1.67722375e+01
v 6.16746927e+03 5.84630382e+03 1.80501291e+01
v 6.16841867e+03 5.84544082e+03 1.64064369e+01
v 6.16896888e+03 5.84443203e+03 1.51287741e+01
v 6.16969459e+03 5.84616378e+03 1.53015619e+01
v 6.16931023e+03 5.84781526e+03 1.56183411e+01
v 6.16858336e+03 5.84346249e+03 1.60044006e+01
v 6.16758259e+03 5.84685291e+03 1.67149268e+01
v 6.16601038e+03 5.84785643e+03 1.53269512e+01
v 6.16786195e+03 5.84817072e+03 1.57948694e+01
v 6.16836496e+03 5.84908807e+03 1.44277054e+01
v 6.16492722e+03 5.84713750e+03 1.65059766e+01
v 6.17145182e+03 5.84657525e+03 1.51294600e+01
v 6.17051253e+03 5.85109226e+03 1.38861756e+01
v 6.16918567e+03 5.85163564e+03 1.55686815e+01
v 6.16480608e+03 5.84498106e+03 1.67558967e+01
v 6.16482163e+03 5.84259404e+03 1.69088894e+01
v 6.16621245e+03 5.84409143e+03 1.76119730e+01
v 6.16555021e+03 5.84162375e+03 1.57964702e+01
v 6.16773815e+03 5.84197945e+03 1.69540689e+01
v 6.17025971e+03 5.84815797e+03 1.47291495e+01
v 6.16906668e+03 5.84359146e+03 1.72410065e+01
v 6.16655140e+03 5.84272084e+03 1.41758931e+01
v 6.15456864e+03 5.83381699e+03 1.46373994e+01
v 6.16789108e+03 5.84430584e+03 1.81731698e+01
v 6.16907705e+03 5.84514386e+03 1.74314972e+01
v 6.13093102e+03 5.83707931e+03 2.34585720e+01
v 6.13156557e+03 5.83829882e+03 2.30453098e+01
v 6.13278339e+03 5.83772592e+03 2.31844492e+01
v 6.13190592e+03 5.83552921e+03 2.44359274e+01
v 6.13173141e+03 5.83565432e+03 2.18646632e+01
v 6.13288242e+03 5.84040716e+03 2.17640871e+01
v 6.13067684e+03 5.84246806e+03 2.08936015e+01
v 6.13059964e+03 5.84149325e+03 2.21690920e+01
v 6.12971887e+03 5.84313808e+03 2.17996591e+01
v 6.12990795e+03 5.84288256e+03 2.31592179e+01
v 6.13173693e+03 5.83830528e+03 2.16002329e+01
v 6.13067277e+03 5.83629919e+03 2.18607265e+01
v 6.13044540e+03 5.84040505e+03 2.28740709e+01
v 6.13486749e+03 5.83504616e+03 2.18142115e+01
v 6.13378588e+03 5.83576726e+03 2.29028535e+01
v 6.13571160e+03 5.83784572e+03 2.27427766e+01
v 6.13470573e+03 5.84024734e+03 2.27387120e+01
v 6.13283537e+03 5.84127941e+03 2.39238490e+01
v 6.13444629e+03 5.83737692e+03 2.39561666e+01
v 6.13190098e+03 5.83512307e+03 2.23822560e+01
v 6.13220015e+03 5.83545247e+03 2.30463307e+01
v 6.13436855e+03 5.83577165e+03 2.51645589e+01
v 6.13043556e+03 5.83664453e+03 2.43049045e+01
v 6.12865364e+03 5.84232306e+03 2.30282894e+01
v 6.12811688e+03 5.84143610e+03 2.23911335e+01
v 6.13269438e+03 5.84271911e+03 2.15839303e+01
v 6.13104884e+03 5.84102177e+03 2.44789266e+01
v 6.13375096e+03 5.84016223e+03 2.47442750e+01
v 6.13225624e+03 5.83900232e+03 2.50741326e+01
v 6.13216648e+03 5.83704911e+03 2.70880293e+01
v 6.13153828e+03 5.83685200e+03 2.51704978e+01
v 6.13163102e+03 5.83904822e+03 2.73033746e+01
v 6.13372869e+03 5.83908239e+03 2.52373392e+01
v 6.13554738e+03 5.83931263e+03 2.38079954e+01
v 6.13435180e+03 5.83757638e+03 2.56646583e+01
v 6.13194203e+03 5.84538853e+03 1.84085497e+01
v 6.12970510e+03 5.84478234e+03 2.08066906e+01
v 6.13379570e+03 5.84432466e+03 2.15856438e+01
v 6.12818711e+03 5.84515474e+03 2.18927307e+01
v 6.13366366e+03 5.83657647e+03 2.58739949e+01
v 6.13383365e+03 5.83641933e+03 2.69451462e+01
v 6.13376507e+03 5.83831363e+03 2.73126516e+01
v 6.13274399e+03 5.83959320e+03 2.67189880e+01
v 6.13488523e+03 5.83612451e+03 1.31480502e+01
v 6.13507530e+03 5.83764239e+03 1.40427892e+01
v 6.12863946e+03 5.84052162e+03 1.38155038e+01
v 6.13474967e+03 5.83855674e+03 1.02076118e+01
v 6.13307775e+03 5.84479130e+03 1.22156528e+01
v 6.12980880e+03 5.83950031e+03 1.35590468e+01
v 6.15675356e+03 5.83480975e+03 1.53839784e+01
v 6.13233399e+03 5.83818418e+03 1.24453670e+01
v 6.13139222e+03 5.84582334e+03 1.60088523e+01
v 6.13257683e+03 5.84498730e+03 1.52831211e+01
v 6.12689450e+03 5.84089707e+03 1.33642882e+01
v 6.16473743e+03 5.84335775e+03 1.44958265e+01
v 6.16447114e+03 5.84642673e+03 1.53363129e+01
v 6.16881210e+03 5.84289267e+03 1.40370970e+01
v 6.15579340e+03 5.83154304e+03 1.34520347e+01
v 6.15547356e+03 5.83111132e+03 1.40845697e+01
v 6.12873195e+03 5.83804777e+03 1.38479746e+01
v 6.12840919e+03 5.83774611e+03 1.21548723e+01
v 6.13397947e+03 5.83687891e+03 2.24532445e+01
v 6.13313651e+03 5.83423850e+03 1.18945824e+01
v 6.15975927e+03 5.83401605e+03 7.65201802e+00
v 6.16244866e+03 5.83080604e+03 7.03833115e+00
v 6.16484892e+03 5.84313623e+03 1.23255732e+01
v 6.16355048e+03 5.84526502e+03 1.45608881e+01
v 6.12486136e+03 5.84186851e+03 6.10608622e+00
v 6.12753744e+03 5.83895053e+03 5.70154810e+00
v 6.12642688e+03 5.83479378e+03 5.53291700e+00
v 6.12862220e+03 5.83114518e+03 5.26751927e+00
v 6.18079529e+03 5.83637350e+03 4.68153490e+00
v 6.13035250e+03 5.84708507e+03 1.45366424e+01
v 6.15677109e+03 5.82123439e+03 1.70177993e+01
v 6.15863222e+03 5.82018588e+03 1.07015995e+01
v 6.12974293e+03 5.81645105e+03 1.70266252e+01
v 6.13982894e+03 5.81941989e+03 1.50909916e+01
v 6.14258760e+03 5.81814779e+03 1.76258626e+01
v 6.14173259e+03 5.81753380e+03 2.03671890e+01
v 6.16406948e+03 5.81787266e+03 1.69243149e+01
v 6.16145930e+03 5.81803833e+03 1.80457293e+01
v 6.16069730e+03 5.81733404e+03 1.70494586e+01
v 6.13932219e+03 5.81439013e+03 2.26633097e+01
v 6.14333940e+03 5.81775560e+03 2.34841578e+01
v 6.14144094e+03 5.81876478e+03 2.34030819e+01
v 6.12943189e+03 5.81814552e+03 2.08034784e+01
v 6.13360701e+03 5.81371357e+03 2.55034034e+01
v 6.13437708e+03 5.81272101e+03 2.39205914e+01
v 6.13937223e+03 5.81675976e+03 2.35998139e+01
v 6.12682145e+03 5.81919665e+03 2.51187418e+01
v 6.12793933e+03 5.81648562e+03 2.88118792e+01
v 6.13812161e+03 5.81634791e+03 2.67127016e+01
v 6.14346688e+03 5.81546727e+03 2.91308252e+01
v 6.12968674e+03 5.81586616e+03 2.97990402e+01
v 6.14164503e+03 5.81227814e+03 2.41974651e+01
v 6.14263768e+03 5.81246007e+03 2.48834903e+01
v 6.12485023e+03 5.81427810e+03 2.09725645e+01
v 6.12553105e+03 5.81350699e+03 2.25923022e+01
v 6.14253195e+03 5.81236209e+03 1.99479778e+01
v 6.14401784e+03 5.81256458e+03 1.93945424e+01
v 6.14386507e+03 5.81217232e+03 2.14413512e+01
v 6.13859698e+03 5.81264682e+03 2.02156663e+01
v 6.14061931e+03 5.81236101e+03 1.84910071e+01
v 6.14232069e+03 5.81204392e+03 2.22593054e+01
v 6.15925258e+03 5.82091896e+03 1.83021958e+01
v 6.16133774e+03 5.82075602e+03 2.02754222e+01
v 6.16197201e+03 5.82018258e+03 2.08729800e+01
v 6.16293248e+03 5.81903730e+03 1.94236349e+01
v 6.15914651e+03 5.82624896e+03 1.97223100e+01
v 6.16090951e+03 5.82733707e+03 2.04545877e+01
v 6.17828267e+03 5.82088783e+03 1.96950820e+01
v 6.17904869e+03 5.81952509e+03 2.16542368e+01
v 6.16593667e+03 5.82405036e+03 1.99174315e+01
v 6.16467438e+03 5.82367592e+03 2.02308187e+01
v 6.16471208e+03 5.82044504e+03 1.99865136e+01
v 6.16058657e+03 5.81596643e+03 2.02633510e+01
v 6.16176492e+03 5.82821549e+03 1.93804577e+01
v 6.16265192e+03 5.82490672e+03 2.09320628e+01
v 6.16106815e+03 5.82677782e+03 2.12815407e+01
v 6.16065293e+03 5.82832734e+03 1.84880230e+01
v 6.15824196e+03 5.82477771e+03 1.65961044e+01
v 6.15800909e+03 5.82628919e+03 1.71284320e+01
v 6.16678506e+03 5.82225784e+03 1.76163426e+01
v 6.16585095e+03 5.82223125e+03 1.83175008e+01
v 6.16352311e+03 5.82162199e+03 2.15357091e+01
v 6.16382712e+03 5.82075662e+03 2.01670052e+01
v 6.16457884e+03 5.82478892e+03 1.90581458e+01
v 6.16496767e+03 5.82312739e+03 1.76675858e+01
v 6.18003272e+03 5.82008741e+03 2.02518047e+01
v 6.17878087e+03 5.82054102e+03 1.93425275e+01
v 6.17868757e+03 5.81863936e+03 1.93252730e+01
v 6.16403249e+03 5.82592994e+03 1.89363572e+01
v 6.16114307e+03 5.81941984e+03 2.03673132e+01
v 6.16524083e+03 5.82035252e+03 1.80709010e+01
v 6.16266655e+03 5.81221842e+03 1.74587860e+01
v 6.16445771e+03 5.81489256e+03 1.92947226e+01
v 6.16269291e+03 5.81310796e+03 1.96448639e+01
v 6.15905628e+03 5.81981257e+03 1.84039644e+01
v 6.16358982e+03 5.81239956e+03 1.87887202e+01
v 6.16470516e+03 5.81369035e+03 1.78009541e+01
v 6.17883404e+03 5.82041114e+03 1.90811273e+01
v 6.17842001e+03 5.81969363e+03 1.76662158e+01
v 6.17781783e+03 5.81844997e+03 1.78339013e+01
v 6.17970363e+03 5.81751934e+03 1.79239565e+01
v 6.17950792e+03 5.81854964e+03 2.05738088e+01
v 6.17869336e+03 5.82054718e+03 1.79606423e+01
v 6.17838751e+03 5.82047923e+03 1.91601105e+01
v 6.18087914e+03 5.81899979e+03 1.85028274e+01
v 6.18038818e+03 5.81894545e+03 1.70741320e+01
v 6.16344833e+03 5.81380921e+03 2.08310740e+01
v 6.17729902e+03 5.81837411e+03 1.63534693e+01
v 6.17826225e+03 5.81706417e+03 1.75682595e+01
v 6.18029076e+03 5.81650152e+03 1.59619613e+01
v 6.16039642e+03 5.81252084e+03 1.62108815e+01
v 6.15965500e+03 5.81876481e+03 1.76089837e+01
v 6.16336005e+03 5.82655548e+03 1.54504816e+01
v 6.15765274e+03 5.82726278e+03 1.99974208e+01
v 6.15864599e+03 5.82517294e+03 1.86676691e+01
v 6.15717054e+03 5.82656905e+03 1.85171268e+01
v 6.17964995e+03 5.82168450e+03 1.64640929e+01
v 6.15987422e+03 5.82945045e+03 1.59201009e+01
v 6.18016035e+03 5.82035201e+03 1.73034839e+01
v 6.17795674e+03 5.82188884e+03 1.67108524e+01
v 6.18093413e+03 5.82098823e+03 1.68681684e+01
v 6.16437167e+03 5.82625844e+03 1.72675035e+01
v 6.17766944e+03 5.82014370e+03 1.57975882e+01
v 6.16075301e+03 5.82538001e+03 2.20263786e+01
v 6.16080467e+03 5.82359982e+03 2.12062443e+01
v 6.16080264e+03 5.82217422e+03 2.22029969e+01
v 6.16132872e+03 5.82552172e+03 2.08517448e+01
v 6.16277057e+03 5.82358684e+03 2.17007364e+01
v 6.14520708e+03 5.81658978e+03 2.25171392e+01
v 6.14284221e+03 5.81388892e+03 2.35217537e+01
v 6.14373974e+03 5.81371196e+03 2.28201718e+01
v 6.14305550e+03 5.81649544e+03 2.57363319e+01
v 6.15946346e+03 5.82568492e+03 2.18090858e+01
v 6.14181785e+03 5.81744510e+03 2.63859403e+01
v 6.14542241e+03 5.81295715e+03 2.14342598e+01
v 6.14495878e+03 5.81616819e+03 2.40761287e+01
v 6.16335405e+03 5.81520532e+03 2.18022023e+01
v 6.16289362e+03 5.81545559e+03 2.19410926e+01
v 6.16352025e+03 5.81545100e+03 2.14531035e+01
v 6.16271809e+03 5.81465799e+03 2.19548740e+01
v 6.14542260e+03 5.81742331e+03 2.44428373e+01
v 6.14361559e+03 5.81215972e+03 2.30486691e+01
v 6.15963749e+03 5.82702200e+03 1.93380419e+01
v 6.16072906e+03 5.82198690e+03 2.07873695e+01
v 6.15858927e+03 5.82392171e+03 2.03634840e+01
v 6.13948289e+03 5.81739829e+03 1.89013398e+01
v 6.12882875e+03 5.81996818e+03 2.11475952e+01
v 6.15971958e+03 5.82305110e+03 1.89738227e+01
v 6.15870968e+03 5.82190276e+03 1.86419520e+01
v 6.13981348e+03 5.81576729e+03 2.37692002e+01
v 6.13941786e+03 5.81260951e+03 2.34518466e+01
v 6.14066007e+03 5.81259669e+03 2.23302399e+01
v 6.13801987e+03 5.81356202e+03 2.56575527e+01
v 6.13890656e+03 5.81510295e+03 2.66370660e+01
v 6.13894065e+03 5.81245665e+03 2.70221066e+01
v 6.13242403e+03 5.81574394e+03 2.68281384e+01
v 6.15721655e+03 5.82381633e+03 1.90524245e+01
v 6.12526579e+03 5.81322691e+03 2.14991608e+01
v 6.12488649e+03 5.82001544e+03 2.70748633e+01
v 6.12564613e+03 5.81888809e+03 2.71892987e+01
v 6.12538119e+03 5.81689112e+03 2.91674468e+01
v 6.12604218e+03 5.81831385e+03 2.87004865e+01
v 6.12823597e+03 5.81857478e+03 2.72448932e+01
v 6.14297772e+03 5.81715213e+03 2.85102194e+01
v 6.12776665e+03 5.81771704e+03 2.89798810e+01
v 6.12953202e+03 5.81383951e+03 2.96542636e+01
v 6.12752018e+03 5.81552318e+03 2.93147777e+01
v 6.12761888e+03 5.81326479e+03 2.89729020e+01
v 6.12834446e+03 5.81325866e+03 2.99774647e+01
v 6.13210055e+03 5.81422786e+03 2.75426889e+01
v 6.12690137e+03 5.81463047e+03 2.88142626e+01
v 6.12692804e+03 5.81208404e+03 2.87111738e+01
v 6.12588134e+03 5.81365908e+03 2.94405842e+01
v 6.12504886e+03 5.81316228e+03 2.95763631e+01
v 6.12910638e+03 5.81274437e+03 2.94004245e+01
v 6.13100179e+03 5.81355203e+03 2.66288367e+01
v 6.12955977e+03 5.81209606e+03 2.79413730e+01
v 6.12885038e+03 5.81562725e+03 3.02613893e+01
v 6.14322538e+03 5.81314863e+03 2.72011618e+01
v 6.13400549e+03 5.81483417e+03 2.64982871e+01
v 6.13756041e+03 5.81362847e+03 2.78519307e+01
v 6.13807617e+03 5.81692358e+03 2.84912296e+01
v 6.13878591e+03 5.81611241e+03 2.99071628e+01
v 6.13948033e+03 5.81417145e+03 2.85353530e+01
v 6.14042187e+03 5.81292029e+03 2.88877699e+01
v 6.14195202e+03 5.81246275e+03 2.80627289e+01
v 6.14151317e+03 5.81397879e+03 2.83944103e+01
v 6.14270396e+03 5.81586595e+03 2.99780680e+01
v 6.14105825e+03 5.81581137e+03 2.93590711e+01
v 6.14067910e+03 5.81738443e+03 2.98158209e+01
v 6.13994149e+03 5.81491433e+03 2.98807419e+01
v 6.12625555e+03 5.81494237e+03 3.00840113e+01
v 6.15933988e+03 5.82766218e+03 1.70711243e+01
v 6.15881604e+03 5.82780477e+03 1.91697967e+01
v 6.15787322e+03 5.82713313e+03 1.53927872e+01
v 6.12903194e+03 5.81876301e+03 1.83825812e+01
v 6.14383946e+03 5.81426429e+03 1.66391855e+01
v 6.16047347e+03 5.81956448e+03 1.89185199e+01
v 6.16137881e+03 5.81265180e+03 1.48195736e+01
v 6.14004997e+03 5.81776901e+03 1.73675461e+01
v 6.15809641e+03 5.82007540e+03 1.61141525e+01
v 6.15674971e+03 5.82238580e+03 1.74113951e+01
v 6.15649856e+03 5.82239046e+03 1.62752146e+01
v 6.12906338e+03 5.87091178e+03 1.45050917e+01
v 6.17152137e+03 5.85857692e+03 1.18973018e+01
v 6.17418249e+03 5.85670332e+03 1.40480010e+01
v 6.17613213e+03 5.85542330e+03 1.17132841e+01
v 6.17508488e+03 5.85360940e+03 1.27599977e+01
v 6.17419630e+03 5.85515799e+03 1.32673984e+01
v 6.17443513e+03 5.85183636e+03 1.23901117e+01
v 6.16670918e+03 5.85278928e+03 1.34302182e+01
v 6.16811301e+03 5.85144596e+03 1.27868663e+01
v 6.16480902e+03 5.85918363e+03 1.13059413e+01
v 6.16564436e+03 5.85202027e+03 1.14108613e+01
v 6.16521781e+03 5.85310995e+03 1.27065094e+01
v 6.16693782e+03 5.85190737e+03 1.54926235e+01
v 6.16504390e+03 5.85499342e+03 1.65062425e+01
v 6.17242557e+03 5.85896382e+03 1.46641112e+01
v 6.17056093e+03 5.85901602e+03 1.56056668e+01
v 6.16983660e+03 5.85995557e+03 1.49522345e+01
v 6.17177275e+03 5.85245594e+03 1.44608021e+01
v 6.16900431e+03 5.85330039e+03 1.65020784e+01
v 6.17057158e+03 5.85594618e+03 1.68480555e+01
v 6.17293732e+03 5.85551426e+03 1.41586264e+01
v 6.17298859e+03 5.85674099e+03 1.47142794e+01
v 6.17215911e+03 5.85472705e+03 1.61797929e+01
v 6.17296099e+03 5.85381506e+03 1.48009186e+01
v 6.17414063e+03 5.85478820e+03 1.46625914e+01
v 6.17437893e+03 5.85199698e+03 1.41810318e+01
v 6.15194832e+03 5.85722699e+03 7.63937154e+00
v 6.14890425e+03 5.85924311e+03 3.41467505e+00
v 6.15419703e+03 5.85859215e+03 8.04050392e+00
v 6.15244057e+03 5.85847524e+03 7.99449204e+00
v 6.15325532e+03 5.86024052e+03 7.94319934e+00
v 6.15474042e+03 5.85865766e+03 8.90216871e+00
v 6.15514357e+03 5.85747121e+03 9.19591903e+00
v 6.15620512e+03 5.85783498e+03 7.72541614e+00
v 6.16849820e+03 5.85974555e+03 1.01750228e+01
v 6.14682874e+03 5.85782068e+03 6.68434144e+00
v 6.16837991e+03 5.85854128e+03 1.12431281e+01
v 6.15599056e+03 5.85689073e+03 8.28191926e+00
v 6.14846649e+03 5.85593250e+03 9.39997313e+00
v 6.14883417e+03 5.85649987e+03 8.43194613e+00
v 6.15153288e+03 5.85466700e+03 8.30658685e+00
v 6.15014831e+03 5.85599623e+03 9.71685143e+00
v 6.14985510e+03 5.85508124e+03 9.33460580e+00
v 6.14940225e+03 5.85689924e+03 1.06246373e+01
v 6.15385521e+03 5.85587722e+03 9.10551628e+00
v 6.16400218e+03 5.85587115e+03 1.17861088e+01
v 6.17308805e+03 5.85186033e+03 1.06012146e+01
v 6.15790337e+03 5.85273551e+03 8.66290859e+00
v 6.15248812e+03 5.85172842e+03 9.55370352e+00
v 6.15121405e+03 5.85175422e+03 1.03247042e+01
v 6.15536207e+03 5.85140563e+03 8.06363730e+00
v 6.15559440e+03 5.85370874e+03 6.54679142e+00
v 6.15549982e+03 5.85439595e+03 8.48599859e+00
v 6.15066682e+03 5.85251616e+03 8.65355210e+00
v 6.15026785e+03 5.85176950e+03 9.66094411e+00
v 6.15223169e+03 5.85222983e+03 8.97418244e+00
v 6.15061004e+03 5.85323682e+03 9.11669582e+00
v 6.16265061e+03 5.85270903e+03 8.17840075e+00
v 6.15277563e+03 5.85512701e+03 8.18039291e+00
v 6.15755085e+03 5.85477562e+03 8.53800097e+00
v 6.15648099e+03 5.85585788e+03 9.02111558e+00
v 6.15438952e+03 5.85464518e+03 7.78829781e+00
v 6.15730001e+03 5.85572922e+03 7.39583526e+00
v 6.14738870e+03 5.85607067e+03 8.15676955e+00
v 6.15215107e+03 5.85318941e+03 7.28209521e+00
v 6.14871280e+03 5.85185749e+03 6.04804799e+00
v 6.15357370e+03 5.85342315e+03 6.65428859e+00
v 6.14661382e+03 5.85101594e+03 8.31885562e+00
v 6.14947307e+03 5.85249592e+03 1.02860143e+01
v 6.14782100e+03 5.85747602e+03 7.71493861e+00
v 6.12877017e+03 5.87196681e+03 8.43455751e+00
v 6.12813998e+03 5.87120078e+03 1.01500099e+01
v 6.15942848e+03 5.86250017e+03 2.82361277e+00
v 6.15631644e+03 5.85965298e+03 3.25798802e+00
v 6.16484106e+03 5.85612237e+03 2.85667291e+00
v 6.15746799e+03 5.85648340e+03 3.20373333e+00
v 6.15529072e+03 5.85927515e+03 4.77370828e+00
v 6.15630752e+03 5.85815407e+03 5.46010547e+00
v 6.14763466e+03 5.86620029e+03 3.19240468e+00
v 6.15508801e+03 5.85957092e+03 6.13605557e+00
v 6.15833939e+03 5.85556550e+03 5.91735255e+00
v 6.15807791e+03 5.85063011e+03 8.64784597e+00
v 6.15438132e+03 5.85422050e+03 5.54026312e+00
v 6.15306233e+03 5.85867904e+03 4.12244974e+00
v 6.16860710e+03 5.85601413e+03 2.86306256e+00
v 6.17093394e+03 5.85930160e+03 2.66633594e+00
v 6.17333165e+03 5.87079201e+03 2.44871663e+00
v 6.16023158e+03 5.87208659e+03 2.53637849e+00
v 6.18137395e+03 5.85581194e+03 2.61817643e+00
v 6.17623658e+03 5.84634079e+03 3.56367083e+00
v 6.18275901e+03 5.87158940e+03 3.16600598e+00
v 6.14663538e+03 5.85453824e+03 5.91353237e+00
v 6.14771168e+03 5.85359774e+03 5.17401898e+00
v 6.14835829e+03 5.85334540e+03 6.25476576e+00
v 6.14691099e+03 5.85231350e+03 6.00948181e+00
v 6.12538732e+03 5.86579400e+03 4.16549921e+00
v 6.15004588e+03 5.85829522e+03 4.48904298e+00
v 6.14112154e+03 5.85452768e+03 3.69511930e+00
v 6.13713200e+03 5.86289067e+03 3.67773157e+00
v 6.12453282e+03 5.86993795e+03 4.00947075e+00
v 6.12518847e+03 5.87336930e+03 4.02774681e+00
v 6.12789755e+03 5.85833566e+03 4.09616275e+00
v 6.12925398e+03 5.86018016e+03 4.10012980e+00
v 6.12605932e+03 5.85580599e+03 4.15904420e+00
v 6.12927138e+03 5.84781664e+03 4.25947391e+00
v 6.14789782e+03 5.85136798e+03 3.60280595e+00
v 6.15134943e+03 5.85931130e+03 3.34155586e+00
v 6.17144338e+03 5.85115171e+03 1.27763520e+01
v 6.13189315e+03 5.85864444e+03 1.76152125e+01
v 6.16351321e+03 5.85115259e+03 9.90896737e+00
v 6.14793865e+03 5.85136521e+03 9.60216593e+00
v 6.18685442e+03 5.87088539e+03 1.87933373e+01
v 6.16769524e+03 5.85357147e+03 1.72619261e+01
v 6.16554763e+03 5.85483358e+03 1.73227434e+01
v 6.13155194e+03 5.86077858e+03 1.90025057e+01
v 6.13028631e+03 5.85893192e+03 2.01235580e+01
v 6.12991571e+03 5.86697245e+03 1.94421035e+01
v 6.13128045e+03 5.86785583e+03 2.15636269e+01
v 6.13140019e+03 5.86061479e+03 2.04749638e+01
v 6.12791773e+03 5.85705404e+03 1.97724503e+01
v 6.12579721e+03 5.85803943e+03 1.92378315e+01
v 6.12819691e+03 5.85730012e+03 1.80123480e+01
v 6.12995258e+03 5.85632317e+03 1.91839475e+01
v 6.12923439e+03 5.85579408e+03 1.75410706e+01
v 6.12866579e+03 5.85494835e+03 1.99355460e+01
v 6.12929436e+03 5.85702818e+03 2.07886959e+01
v 6.16812311e+03 5.85498635e+03 1.71059504e+01
v 6.16930361e+03 5.85507451e+03 1.65296480e+01
v 6.16969153e+03 5.85682190e+03 1.74718841e+01
v 6.17128082e+03 5.85448064e+03 1.75933826e+01
v 6.18540527e+03 5.87359831e+03 1.17095211e+01
v 6.12537712e+03 5.87491584e+03 6.06622606e+00
v 6.12722783e+03 5.83178192e+03 7.63472076e+00
v 6.12531870e+03 5.83465280e+03 7.08981078e+00
v 6.13318283e+03 5.83822382e+03 7.07527386e+00
v 6.13496183e+03 5.83526251e+03 7.77723636e+00
v 6.12712130e+03 5.83940251e+03 7.14617887e+00
v 6.12997441e+03 5.83649569e+03 6.63395838e+00
v 6.12683801e+03 5.84062324e+03 8.87102356e+00
v 6.12832226e+03 5.83874409e+03 8.42989486e+00
v 6.13299301e+03 5.84416389e+03 7.63213892e+00
v 6.13102020e+03 5.84529242e+03 5.50425996e+00
v 6.13206542e+03 5.83955260e+03 5.88068052e+00
v 6.13421931e+03 5.83764811e+03 9.11963195e+00
v 6.12724657e+03 5.84076069e+03 7.95133860e+00
v 6.12996239e+03 5.83727250e+03 9.92784849e+00
v 6.13303345e+03 5.83474671e+03 8.84988481e+00
v 6.13124081e+03 5.83486540e+03 7.07939434e+00
v 6.12971440e+03 5.83817664e+03 8.91677228e+00
v 6.13302208e+03 5.83628834e+03 9.76596650e+00
v 6.12587732e+03 5.83322514e+03 7.90149246e+00
v 6.12852046e+03 5.83923873e+03 1.07892891e+01
v 6.14271875e+03 5.84035202e+03 4.17972776e+00
v 6.13290205e+03 5.83686542e+03 9.58625301e+00
v 6.16603085e+03 5.83837818e+03 3.70572375e+00
v 6.16088658e+03 5.83282082e+03 3.77704553e+00
v 6.16247040e+03 5.83069671e+03 4.18102897e+00
v 6.15557190e+03 5.84185621e+03 4.49741659e+00
v 6.15769904e+03 5.84393123e+03 3.95415523e+00
v 6.14737239e+03 5.83136716e+03 7.81588625e+00
v 6.14870761e+03 5.83065829e+03 6.04282063e+00
v 6.15181810e+03 5.83412311e+03 7.12627633e+00
v 6.15026118e+03 5.83209345e+03 7.36752249e+00
v 6.15847320e+03 5.83846478e+03 5.81553193e+00
v 6.15813264e+03 5.83773363e+03 3.43729898e+00
v 6.15659300e+03 5.83948978e+03 7.23274364e+00
v 6.15911543e+03 5.83775925e+03 7.77197974e+00
v 6.16020468e+03 5.83433077e+03 5.87951879e+00
v 6.16193472e+03 5.83314626e+03 7.06399842e+00
v 6.15408689e+03 5.83961379e+03 6.68549846e+00
v 6.15154505e+03 5.83788029e+03 5.30998182e+00
v 6.15054408e+03 5.83410125e+03 4.45613517e+00
v 6.15619762e+03 5.84061734e+03 5.15738107e+00
v 6.14922131e+03 5.83783993e+03 3.95154465e+00
v 6.15929671e+03 5.84612117e+03 3.30662757e+00
v 6.15093669e+03 5.84505258e+03 5.83384691e+00
v 6.15142857e+03 5.84466184e+03 4.13170262e+00
v 6.15273654e+03 5.84422878e+03 7.88623131e+00
v 6.15080455e+03 5.84412136e+03 5.96303987e+00
v 6.14992767e+03 5.84785208e+03 7.88544474e+00
v 6.15049214e+03 5.84701461e+03 5.81672201e+00
v 6.14927395e+03 5.84794945e+03 5.28322481e+00
v 6.14918583e+03 5.84766777e+03 7.16130609e+00
v 6.14810450e+03 5.84779962e+03 3.63211915e+00
v 6.14833599e+03 5.84913512e+03 5.64689992e+00
v 6.15153342e+03 5.84297530e+03 3.73973233e+00
v 6.15000315e+03 5.84370987e+03 3.83225872e+00
v 6.15184126e+03 5.84013977e+03 4.39025889e+00
v 6.15301864e+03 5.84423670e+03 4.03918600e+00
v 6.15363352e+03 5.84187365e+03 3.57882665e+00
v 6.15524605e+03 5.84395398e+03 4.83092821e+00
v 6.16690360e+03 5.84289067e+03 7.77313737e+00
v 6.16921977e+03 5.84557302e+03 8.30832852e+00
v 6.16641408e+03 5.84431675e+03 7.11077442e+00
v 6.15440224e+03 5.84430628e+03 7.87717864e+00
v 6.15689630e+03 5.84460171e+03 5.30525552e+00
v 6.14925069e+03 5.85076676e+03 3.67328272e+00
v 6.14791111e+03 5.85042709e+03 6.09591797e+00
v 6.15080514e+03 5.84556594e+03 3.83340146e+00
v 6.15837724e+03 5.85062111e+03 3.24044034e+00
v 6.15917057e+03 5.84930873e+03 3.25484606e+00
v 6.15122372e+03 5.84688963e+03 6.57851023e+00
v 6.15068803e+03 5.84591116e+03 7.12971647e+00
v 6.15064458e+03 5.84722421e+03 3.80133315e+00
v 6.15235629e+03 5.84332995e+03 5.91444019e+00
v 6.16583355e+03 5.84755934e+03 8.87542621e+00
v 6.15901002e+03 5.85040397e+03 8.13732381e+00
v 6.16821518e+03 5.84477643e+03 3.64202138e+00
v 6.16506492e+03 5.84314000e+03 3.25848498e+00
v 6.16751396e+03 5.84760342e+03 3.12819662e+00
v 6.17081028e+03 5.84522381e+03 3.51385742e+00
v 6.15894057e+03 5.84840711e+03 6.74128622e+00
v 6.15904286e+03 5.84651032e+03 5.45590852e+00
v 6.15776500e+03 5.84622040e+03 7.16644743e+00
v 6.16944319e+03 5.84812454e+03 8.28621269e+00
v 6.16882860e+03 5.85008218e+03 7.47601742e+00
v 6.18060474e+03 5.84700684e+03 3.22969605e+00
v 6.18096383e+03 5.84393757e+03 4.35351206e+00
v 6.17311869e+03 5.84452494e+03 3.82813448e+00
v 6.17310369e+03 5.83810645e+03 4.56044184e+00
v 6.18601550e+03 5.84184094e+03 3.21793431e+00
v 6.17055490e+03 5.85018272e+03 1.04808951e+01
v 6.17067013e+03 5.84931220e+03 8.65106327e+00
v 6.17124838e+03 5.84318131e+03 9.16657682e+00
v 6.17399818e+03 5.84488504e+03 9.01290678e+00
v 6.17149552e+03 5.84652327e+03 9.24036857e+00
v 6.15912648e+03 5.83341802e+03 1.19340618e+01
v 6.15720807e+03 5.83962715e+03 8.32347729e+00
v 6.15525340e+03 5.84586829e+03 8.98926603e+00
v 6.15633924e+03 5.84608106e+03 8.26031398e+00
v 6.15815520e+03 5.83807375e+03 1.00047571e+01
v 6.15655867e+03 5.84750813e+03 8.69251918e+00
v 6.15768786e+03 5.84623543e+03 5.78392615e+00
v 6.15704851e+03 5.85104423e+03 7.63132725e+00
v 6.14870013e+03 5.83046755e+03 7.71380496e+00
v 6.16345642e+03 5.84665916e+03 9.82121857e+00
v 6.16816853e+03 5.84154540e+03 1.02538116e+01
v 6.16705551e+03 5.84869514e+03 8.74917116e+00
v 6.15365029e+03 5.84474270e+03 9.50015000e+00
v 6.15512084e+03 5.84997903e+03 7.14113612e+00
v 6.15011177e+03 5.84885994e+03 7.91022906e+00
v 6.15006620e+03 5.84948546e+03 9.03047586e+00
v 6.15145710e+03 5.84678884e+03 8.81493290e+00
v 6.15028452e+03 5.84666091e+03 8.13326127e+00
v 6.15155920e+03 5.84780882e+03 8.16040751e+00
v 6.15259337e+03 5.85037924e+03 9.01296891e+00
v 6.15407470e+03 5.84871190e+03 9.01930567e+00
v 6.15195847e+03 5.84897737e+03 8.80719450e+00
v 6.14887334e+03 5.84976066e+03 1.01072720e+01
v 6.15301573e+03 5.84801133e+03 9.43738004e+00
v 6.15771154e+03 5.84946345e+03 1.01378357e+01
v 6.15640502e+03 5.84850410e+03 9.11339426e+00
v 6.15750331e+03 5.84721182e+03 6.91830526e+00
v 6.15472727e+03 5.84848618e+03 1.03605200e+01
v 6.15482240e+03 5.84781457e+03 9.36679585e+00
v 6.15077335e+03 5.85084476e+03 8.69424162e+00
v 6.14914645e+03 5.83105771e+03 9.65187684e+00
v 6.15232291e+03 5.84766966e+03 1.02473712e+01
v 6.15310254e+03 5.83493855e+03 8.85545371e+00
v 6.14882596e+03 5.84848181e+03 9.03163892e+00
v 6.15267533e+03 5.84534621e+03 9.83730590e+00
v 6.14728916e+03 5.84899272e+03 8.39276148e+00
v 6.14720923e+03 5.84997051e+03 8.05403786e+00
v 6.12478871e+03 5.84521359e+03 1.15605501e+01
v 6.12715160e+03 5.84383961e+03 1.19313081e+01
v 6.12670010e+03 5.84008570e+03 9.91302507e+00
v 6.12846729e+03 5.84012937e+03 1.13034266e+01
v 6.13031284e+03 5.83689177e+03 1.17180917e+01
v 6.13142742e+03 5.83595917e+03 9.34561036e+00
v 6.13082159e+03 5.84590247e+03 1.20942375e+01
v 6.12850998e+03 5.84585844e+03 9.92364155e+00
v 6.12971814e+03 5.84564613e+03 7.15425911e+00
v 6.13307527e+03 5.83973043e+03 1.09240164e+01
v 6.13280468e+03 5.84140352e+03 1.02590398e+01
v 6.13343036e+03 5.84464936e+03 1.06073447e+01
v 6.13419998e+03 5.84193806e+03 1.20477472e+01
v 6.13425885e+03 5.84240633e+03 1.01641258e+01
v 6.14743751e+03 5.82981366e+03 9.75064892e+00
v 6.12461909e+03 5.84230111e+03 8.71704899e+00
v 6.12689848e+03 5.84285235e+03 1.04390607e+01
v 6.12563765e+03 5.84212083e+03 1.02675197e+01
v 6.15036523e+03 5.83218855e+03 9.69425184e+00
v 6.15149730e+03 5.83085329e+03 1.16690969e+01
v 6.15319020e+03 5.83114221e+03 9.67162098e+00
v 6.15230420e+03 5.83274184e+03 8.30263222e+00
v 6.15417821e+03 5.82988564e+03 9.19470313e+00
v 6.15398731e+03 5.83273833e+03 9.64554828e+00
v 6.15237144e+03 5.83882131e+03 9.89084607e+00
v 6.15520281e+03 5.83987821e+03 9.82580694e+00
v 6.15450858e+03 5.83942017e+03 1.16062299e+01
v 6.12632677e+03 5.84547974e+03 8.96038979e+00
v 6.12932883e+03 5.83598131e+03 1.00030972e+01
v 6.13305452e+03 5.84231936e+03 8.27282812e+00
v 6.15530778e+03 5.84609178e+03 1.01116024e+01
v 6.15400326e+03 5.84718484e+03 1.06625020e+01
v 6.15239899e+03 5.83651682e+03 9.25586939e+00
v 6.15222086e+03 5.83472902e+03 1.15864355e+01
v 6.13354657e+03 5.83855620e+03 1.19796418e+01
v 6.12764436e+03 5.84163184e+03 1.21514741e+01
v 6.13357409e+03 5.83480704e+03 1.04283071e+01
v 6.13269692e+03 5.83691795e+03 1.14321186e+01
v 6.12702599e+03 5.84237656e+03 1.11684050e+01
v 6.12861184e+03 5.84503797e+03 1.40813868e+01
v 6.13205578e+03 5.83981080e+03 9.16296613e+00
v 6.12725381e+03 5.84460387e+03 1.09811309e+01
v 6.13580043e+03 5.83733889e+03 1.21517601e+01
v 6.15732316e+03 5.84522333e+03 8.00209640e+00
v 6.14879081e+03 5.83120417e+03 1.16382442e+01
v 6.15517045e+03 5.83301751e+03 1.14480395e+01
v 6.13439009e+03 5.83565581e+03 1.19985085e+01
v 6.15170925e+03 5.82991517e+03 1.18968175e+01
v 6.17044438e+03 5.84476692e+03 1.25875672e+01
v 6.17120804e+03 5.84332700e+03 1.13067156e+01
v 6.17196392e+03 5.84739469e+03 1.17069693e+01
v 6.17058278e+03 5.84872394e+03 1.14172462e+01
v 6.17412543e+03 5.84339137e+03 1.14079756e+01
v 6.16419554e+03 5.84536748e+03 1.02732857e+01
v 6.16511261e+03 5.84783183e+03 1.11234431e+01
v 6.16562545e+03 5.84422773e+03 1.05971502e+01
v 6.16559626e+03 5.84216265e+03 1.08924446e+01
v 6.16785373e+03 5.85045724e+03 1.31406294e+01
v 6.16762518e+03 5.85124029e+03 1.12297270e+01
v 6.16498474e+03 5.84548633e+03 1.10637805e+01
v 6.16600680e+03 5.84685270e+03 1.15084430e+01
v 6.16482278e+03 5.84557374e+03 1.29213281e+01
v 6.16578633e+03 5.84778500e+03 1.30481952e+01
v 6.15765835e+03 5.83724475e+03 1.32621101e+01
v 6.15569181e+03 5.83103637e+03 1.13849801e+01
v 6.16748196e+03 5.84234739e+03 1.12112183e+01
v 6.16815853e+03 5.84240720e+03 1.28828875e+01
v 6.16977981e+03 5.84983767e+03 1.18838362e+01
v 6.15348798e+03 5.85053472e+03 7.52272390e+00
v 6.15379046e+03 5.83262398e+03 8.67465539e+00
v 6.15693041e+03 5.83747488e+03 1.11831997e+01
v 6.15554558e+03 5.83883865e+03 1.21806944e+01
v 6.15593364e+03 5.84659751e+03 9.78604103e+00
v 6.17010106e+03 5.84211069e+03 1.07070339e+01
v 6.17337883e+03 5.84494192e+03 1.24615068e+01
v 6.17387119e+03 5.84658713e+03 1.03548079e+01
v 6.16483552e+03 5.84490115e+03 8.93203543e+00
v 6.16607625e+03 5.85044496e+03 1.03799243e+01
v 6.16350457e+03 5.84759960e+03 1.08261748e+01
v 6.16963128e+03 5.85060762e+03 1.43724056e+01
v 6.16893893e+03 5.85022790e+03 1.37782121e+01
v 6.17106406e+03 5.84895874e+03 1.46513501e+01
v 6.16895569e+03 5.84520984e+03 1.34401550e+01
v 6.17078172e+03 5.84941814e+03 1.34883054e+01
v 6.16651192e+03 5.85017623e+03 1.47295462e+01
v 6.16704744e+03 5.84910645e+03 1.09967248e+01
v 6.17163152e+03 5.84774340e+03 1.33424673e+01
v 6.17109997e+03 5.84480126e+03 1.39985298e+01
v 6.17253977e+03 5.84557561e+03 1.51855846e+01
v 6.17222959e+03 5.84559823e+03 1.29419174e+01
v 6.17216507e+03 5.84612790e+03 1.35532233e+01
v 6.17254227e+03 5.84340806e+03 1.24517725e+01
v 6.16934905e+03 5.84371468e+03 1.27704832e+01
v 6.16520578e+03 5.84831126e+03 1.18064054e+01
v 6.15768085e+03 5.83303667e+03 1.32184031e+01
v 6.15694863e+03 5.83504565e+03 1.36241974e+01
v 6.15289318e+03 5.83343719e+03 1.26072427e+01
v 6.15306451e+03 5.83429664e+03 1.41448702e+01
v 6.14841678e+03 5.83126855e+03 1.34378419e+01
v 6.15558856e+03 5.83305860e+03 1.30951650e+01
v 6.15194434e+03 5.83489447e+03 1.32847762e+01
v 6.15290312e+03 5.83620905e+03 1.30939998e+01
v 6.16313197e+03 5.83004039e+03 1.44291893e+01
v 6.13396418e+03 5.84515372e+03 1.46160384e+01
v 6.13217196e+03 5.83416240e+03 1.43287749e+01
v 6.12822546e+03 5.83919613e+03 1.42596857e+01
v 6.12721331e+03 5.84452966e+03 1.38853502e+01
v 6.12733540e+03 5.83908390e+03 1.27139769e+01
v 6.12777440e+03 5.84004629e+03 1.28911117e+01
v 6.13291483e+03 5.84011326e+03 1.25289502e+01
v 6.13226622e+03 5.84769804e+03 1.49426876e+01
v 6.13129628e+03 5.84026360e+03 1.25847185e+01
v 6.12575807e+03 5.84226696e+03 1.33527664e+01
v 6.17167743e+03 5.84863376e+03 1.13509358e+01
v 6.15448907e+03 5.85130460e+03 6.73938178e+00
v 6.13332712e+03 5.83468930e+03 5.34091664e+00
v 6.12896446e+03 5.83582201e+03 5.54183166e+00
v 6.13171595e+03 5.84436363e+03 4.36200411e+00
v 6.13047498e+03 5.84212817e+03 4.55136625e+00
v 6.13325691e+03 5.83299238e+03 5.78932809e+00
v 6.13133072e+03 5.83445707e+03 5.32667847e+00
v 6.13342758e+03 5.83653808e+03 4.50072777e+00
v 6.13236821e+03 5.84079079e+03 4.30838830e+00
v 6.13687514e+03 5.83575288e+03 4.39051008e+00
v 6.15265224e+03 5.83825379e+03 7.86221128e+00
v 6.16649355e+03 5.84391126e+03 9.48821135e+00
v 6.12599178e+03 5.84558925e+03 5.04066235e+00
v 6.15248385e+03 5.82906933e+03 1.41391588e+01
v 6.12633655e+03 5.87313019e+03 1.10177028e+01
v 6.12570184e+03 5.87485437e+03 1.02374198e+01
v 6.12542725e+03 5.87527822e+03 1.46278108e+01
v 6.18693840e+03 5.87205833e+03 1.22565491e+01
v 6.12802432e+03 5.87274933e+03 9.65454913e+00
v 6.12634566e+03 5.87309009e+03 8.82335716e+00
v 6.12519339e+03 5.87440389e+03 7.82297133e+00
v 6.13004206e+03 5.87272819e+03 1.02890991e+01
v 6.15853729e+03 5.82277762e+03 1.74654078e+01
v 6.14950780e+03 5.82818615e+03 1.65220552e+01
v 6.13961825e+03 5.81880798e+03 1.68601359e+01
v 6.14011284e+03 5.81568729e+03 1.75992387e+01
v 6.15998518e+03 5.81392184e+03 1.87938755e+01
v 6.15942727e+03 5.82453514e+03 1.86496382e+01
v 6.15946411e+03 5.82170907e+03 2.00478336e+01
v 6.13162902e+03 5.86166890e+03 2.41815236e+01
v 6.13177363e+03 5.86122191e+03 2.56734784e+01
v 6.13070327e+03 5.85953524e+03 2.54548245e+01
v 6.12928156e+03 5.85782854e+03 2.48919607e+01
v 6.13015330e+03 5.85877294e+03 2.23252405e+01
v 6.12946500e+03 5.86041790e+03 2.45642449e+01
v 6.13038043e+03 5.86205632e+03 2.64034245e+01
v 6.12795881e+03 5.86150533e+03 2.50225154e+01
v 6.12763157e+03 5.85832115e+03 2.52384896e+01
v 6.12875323e+03 5.85873515e+03 2.68209356e+01
v 6.12642244e+03 5.85790207e+03 2.49046827e+01
v 6.12626342e+03 5.86081522e+03 2.53581489e+01
v 6.12673122e+03 5.86087883e+03 2.34049390e+01
v 6.12674828e+03 5.85700926e+03 2.35741930e+01
v 6.13181682e+03 5.86005810e+03 2.25275244e+01
v 6.12732337e+03 5.86795848e+03 2.33745875e+01
v 6.12784332e+03 5.86851449e+03 2.35447049e+01
v 6.13106283e+03 5.86288100e+03 2.60883543e+01
v 6.13098869e+03 5.86750525e+03 2.24144807e+01
v 6.12910899e+03 5.86277889e+03 2.54643094e+01
v 6.12634921e+03 5.87033822e+03 2.42642522e+01
v 6.12727129e+03 5.86851841e+03 2.42858066e+01
v 6.12976840e+03 5.86700613e+03 2.17262153e+01
v 6.12512669e+03 5.86382225e+03 2.36601741e+01
v 6.12592039e+03 5.86620084e+03 2.28612431e+01
v 6.12772235e+03 5.86180028e+03 2.27006446e+01
v 6.12476140e+03 5.86088242e+03 2.30252963e+01
v 6.12596350e+03 5.86477010e+03 2.25981011e+01
v 6.12613202e+03 5.86678190e+03 2.19987883e+01
v 6.13072182e+03 5.85900798e+03 2.17668393e+01
v 6.12562922e+03 5.86837836e+03 2.22327976e+01
v 6.12479202e+03 5.86591070e+03 2.27415506e+01
v 6.12505832e+03 5.86250243e+03 2.22400680e+01
v 6.12585148e+03 5.85855644e+03 2.11446531e+01
v 6.12682091e+03 5.86820122e+03 2.50672282e+01
v 6.12489475e+03 5.86865126e+03 2.55295631e+01
v 6.12533497e+03 5.86826700e+03 2.28341414e+01
v 6.12579903e+03 5.86917094e+03 2.63586776e+01
v 6.12547691e+03 5.84423803e+03 7.21700137e+00
v 6.12529836e+03 5.84370547e+03 6.20359128e+00
v 6.16689250e+03 5.85016225e+03 8.25980576e+00
v 6.12578176e+03 5.84203535e+03 7.00847617e+00
v 6.12450001e+03 5.81207477e+03 2.77017893e+01
v 6.12450001e+03 5.81533862e+03 2.92612888e+01
v 6.12450001e+03 5.81468281e+03 2.93133299e+01
v 6.12450001e+03 5.81432293e+03 2.93819845e+01
v 6.12450001e+03 5.81309152e+03 2.68949950e+01
v 6.12450001e+03 5.81397275e+03 2.73411250e+01
v 6.12450001e+03 5.81382933e+03 2.80923105e+01
v 6.12450001e+03 5.81690695e+03 2.95053730e+01
v 6.12450001e+03 5.81762705e+03 2.80408649e+01
v 6.12450001e+03 5.81996016e+03 2.66298439e+01
v 6.12450001e+03 5.81985014e+03 2.66714535e+01
v 6.12450001e+03 5.81912743e+03 2.73193889e+01
v 6.12450001e+03 5.81972005e+03 2.71966349e+01
v 6.12450001e+03 5.81830538e+03 2.73323713e+01
v 6.12450001e+03 5.81948880e+03 2.35996946e+01
v 6.12450001e+03 5.81909727e+03 2.27346512e+01
v 6.12450001e+03 5.81395804e+03 2.27463941e+01
v 6.12450001e+03 5.81394676e+03 2.36105698e+01
v 6.12450001e+03 5.81297411e+03 2.44909053e+01
v 6.12450001e+03 5.81289127e+03 2.60939606e+01
v 6.12450001e+03 5.81436383e+03 2.08613339e+01
v 6.12450001e+03 5.81450978e+03 2.13322629e+01
v 6.12450001e+03 5.81384035e+03 2.24098449e+01
v 6.12450001e+03 5.81402833e+03 2.12311184e+01
v 6.12450001e+03 5.81416490e+03 2.07913875e+01
v 6.12450001e+03 5.81318528e+03 2.17524935e+01
v 6.12450001e+03 5.81418535e+03 2.19195586e+01
v 6.12450001e+03 5.81909961e+03 2.22500897e+01
v 6.12450001e+03 5.81840291e+03 2.01845002e+01
v 6.12450001e+03 5.81280595e+03 1.77056191e+01
v 6.12450001e+03 5.81503724e+03 1.81919812e+01
v 6.12450001e+03 5.81520959e+03 1.81954793e+01
v 6.12450001e+03 5.81535679e+03 1.81876007e+01
v 6.12450001e+03 5.81571829e+03 1.84248487e+01
v 6.12450001e+03 5.81644621e+03 7.62926262e+00
v 6.12450001e+03 5.81598138e+03 7.61698751e+00
v 6.12450001e+03 5.82565201e+03 6.34907407e+00
v 6.12450001e+03 5.82790813e+03 5.99335251e+00
v 6.12450001e+03 5.82457469e+03 6.64953523e+00
v 6.12450001e+03 5.82076181e+03 7.69072800e+00
v 6.12450001e+03 5.81989428e+03 7.49588531e+00
v 6.12450001e+03 5.82283746e+03 7.90682766e+00
v 6.12450001e+03 5.81533758e+03 7.60906325e+00
v 6.12450001e+03 5.81346783e+03 7.60601427e+00
v 6.12450001e+03 5.82321710e+03 7.63201193e+00
v 6.12450001e+03 5.82925421e+03 8.29167448e+00
v 6.12450001e+03 5.82878474e+03 7.35791141e+00
v 6.12450001e+03 5.82881276e+03 7.02552864e+00
v 6.12450001e+03 5.81270776e+03 2.44853833e+01
v 6.12450001e+03 5.84630638e+03 5.63252202e+00
v 6.12450001e+03 5.84504317e+03 5.98658323e+00
v 6.12450001e+03 5.85078090e+03 4.54759054e+00
v 6.12450001e+03 5.85031527e+03 4.61125806e+00
v 6.12450001e+03 5.83815616e+03 5.68105645e+00
v 6.12450001e+03 5.83653977e+03 5.49224951e+00
v 6.12450001e+03 5.83421147e+03 7.55270219e+00
v 6.12450001e+03 5.83339476e+03 8.08536791e+00
v 6.12450001e+03 5.82955349e+03 8.62087144e+00
v 6.12450001e+03 5.83081980e+03 8.84114870e+00
v 6.12450001e+03 5.83275583e+03 8.08889450e+00
v 6.12450001e+03 5.84296488e+03 1.03122791e+01
v 6.12450001e+03 5.84341689e+03 1.15616776e+01
v 6.12450001e+03 5.84397148e+03 1.16470734e+01
v 6.12450001e+03 5.84482233e+03 1.07146789e+01
v 6.12450001e+03 5.84350526e+03 1.16271327e+01
v 6.12450001e+03 5.84354435e+03 1.16870077e+01
v 6.12450001e+03 5.83117228e+03 8.78045786e+00
v 6.12450001e+03 5.84127292e+03 6.03408438e+00
v 6.12450001e+03 5.83492576e+03 6.70677352e+00
v 6.12450001e+03 5.84366965e+03 8.81351874e+00
v 6.12450001e+03 5.84423140e+03 8.74514510e+00
v 6.12450001e+03 5.84447054e+03 9.33968706e+00
v 6.12450001e+03 5.84174866e+03 6.12443358e+00
v 6.12450001e+03 5.84201880e+03 6.15715521e+00
v 6.12450001e+03 5.84197745e+03 6.13226751e+00
v 6.12450001e+03 5.84245367e+03 6.25958095e+00
v 6.12450001e+03 5.84328954e+03 6.91188581e+00
v 6.12450001e+03 5.84403211e+03 6.43520952e+00
v 6.12450001e+03 5.83627350e+03 5.48476160e+00
v 6.12450001e+03 5.83508380e+03 6.06423743e+00
v 6.12450001e+03 5.84271290e+03 8.86952541e+00
v 6.12450001e+03 5.86760137e+03 2.13401641e+01
v 6.12450001e+03 5.86859970e+03 2.22444664e+01
v 6.12450001e+03 5.86375662e+03 2.24366137e+01
v 6.12450001e+03 5.86472469e+03 2.23157144e+01
v 6.12450001e+03 5.85775843e+03 1.69506293e+01
v 6.12450001e+03 5.85805457e+03 1.42623354e+01
v 6.12450001e+03 5.87120657e+03 9.06957670e+00
v 6.12450001e+03 5.86982189e+03 9.15103647e+00
v 6.12450001e+03 5.86059038e+03 2.17043788e+01
v 6.12450001e+03 5.86039454e+03 2.14948134e+01
v 6.12450001e+03 5.86541007e+03 2.23019976e+01
v 6.12450001e+03 5.86078577e+03 2.22361880e+01
v 6.12450001e+03 5.86122117e+03 2.17513771e+01
v 6.12450001e+03 5.86884127e+03 2.27281962e+01
v 6.12450001e+03 5.86872970e+03 2.26410785e+01
v 6.12450001e+03 5.86881925e+03 2.24001329e+01
v 6.12450001e+03 5.86875094e+03 2.25685217e+01
v 6.12450001e+03 5.85989698e+03 1.92221247e+01
v 6.12450001e+03 5.85990983e+03 1.92633093e+01
v 6.12450001e+03 5.86265886e+03 2.18294603e+01
v 6.12450001e+03 5.87099474e+03 1.69638180e+01
v 6.12450001e+03 5.87094895e+03 1.86065725e+01
v 6.12450001e+03 5.87068005e+03 2.02744347e+01
v 6.12450001e+03 5.87049219e+03 2.12507458e+01
v 6.12450001e+03 5.86676082e+03 2.18306315e+01
v 6.12450001e+03 5.86932861e+03 2.23798977e+01
v 6.12450001e+03 5.87056346e+03 2.20028233e+01
v 6.12450001e+03 5.85812763e+03 1.79731561e+01
v 6.12450001e+03 5.85805833e+03 1.75443039e+01
v 6.12450001e+03 5.85795394e+03 1.73425104e+01
v 6.12450001e+03 5.87120828e+03 1.59057556e+01
v 6.12450001e+03 5.86817815e+03 4.14660430e+00
v 6.12450001e+03 5.86992176e+03 4.01200082e+00
v 6.12450001e+03 5.86279721e+03 4.67820899e+00
v 6.12450001e+03 5.86302732e+03 4.61482600e+00
v 6.12450001e+03 5.86513293e+03 4.72362660e+00
v 6.12450001e+03 5.86458053e+03 4.59476915e+00
v 6.12450001e+03 5.86029444e+03 4.15980752e+00
v 6.12450001e+03 5.85835748e+03 4.63265513e+00
v 6.12450001e+03 5.86251151e+03 4.26425904e+00
v 6.12450001e+03 5.85633771e+03 4.27723220e+00
v 6.12450001e+03 5.85452663e+03 4.39057428e+00
v 6.12450001e+03 5.85140993e+03 4.51669576e+00
v 6.12450001e+03 5.85757095e+03 4.20044602e+00
v 6.12450001e+03 5.86760893e+03 4.29809656e+00
v 6.12450001e+03 5.86800412e+03 9.69444407e+00
v 6.12450001e+03 5.86770853e+03 9.59153296e+00
v 6.12450001e+03 5.86470473e+03 1.11894200e+01
v 6.12450001e+03 5.86446463e+03 1.14316642e+01
v 6.12450001e+03 5.86207946e+03 1.18457766e+01
v 6.12450001e+03 5.86304380e+03 1.20444608e+01
v 6.12450001e+03 5.86053578e+03 1.17198003e+01
v 6.12450001e+03 5.85855733e+03 1.19078417e+01
v 6.12450001e+03 5.85839412e+03 1.27239269e+01
v 6.12450001e+03 5.86335666e+03 2.20445932e+01
v 6.12450001e+03 5.86995010e+03 4.01251106e+00
v 6.12450001e+03 5.86694788e+03 4.97045675e+00
v 6.12450001e+03 5.86322707e+03 4.52973258e+00
v 6.12450001e+03 5.86551726e+03 4.71098314e+00
v 6.12450001e+03 5.87139652e+03 9.30041506e+00
v 6.12450001e+03 5.87301151e+03 4.07835431e+00
v 6.12450001e+03 5.87220673e+03 1.51268758e+01
v 6.12450001e+03 5.87314931e+03 8.22733100e+00
v 6.12450001e+03 5.87238724e+03 8.24900775e+00
v 6.12450001e+03 5.87352714e+03 4.69212150e+00
v 6.12450001e+03 5.87459250e+03 6.18013762e+00
v 6.12450001e+03 5.87427272e+03 7.42757328e+00
v 6.12450001e+03 5.87366758e+03 7.97231006e+00
v 6.12450001e+03 5.87313106e+03 1.47821113e+01
v 6.12450001e+03 5.87278286e+03 1.46337008e+01
v 6.12450001e+03 5.87349034e+03 1.44607964e+01
v 6.12450001e+03 5.87472044e+03 1.41240001e+01
v 6.12450001e+03 5.87203396e+03 8.77661973e+00
v 6.12450001e+03 5.87340901e+03 4.09100072e+00
v 6.18799999e+03 5.82369581e+03 4.20058739e+00
v 6.18799999e+03 5.82287602e+03 4.32230024e+00
v 6.18799999e+03 5.82217743e+03 4.37171131e+00
v 6.18799999e+03 5.81955070e+03 4.56408150e+00
v 6.18799999e+03 5.82656965e+03 4.09514839e+00
v 6.18799999e+03 5.81642655e+03 4.83930465e+00
v 6.18799999e+03 5.81747589e+03 4.73878019e+00
v 6.18799999e+03 5.82933921e+03 4.04085698e+00
v 6.18799999e+03 5.83673730e+03 3.59926748e+00
v 6.18799999e+03 5.83841677e+03 3.37998838e+00
v 6.18799999e+03 5.85886354e+03 2.92430248e+00
v 6.18799999e+03 5.85179922e+03 2.66533139e+00
v 6.18799999e+03 5.84323097e+03 3.10043963e+00
v 6.18799999e+03 5.83521677e+03 3.62356815e+00
v 6.18799999e+03 5.86956626e+03 1.75072109e+01
v 6.18799999e+03 5.86958277e+03 1.71674666e+01
v 6.18799999e+03 5.87133387e+03 1.92837521e+01
v 6.18799999e+03 5.87016659e+03 1.78946454e+01
v 6.18799999e+03 5.86973587e+03 1.75932458e+01
v 6.18799999e+03 5.86977834e+03 1.71330282e+01
v 6.18799999e+03 5.87091848e+03 1.54421361e+01
v 6.18799999e+03 5.86623459e+03 3.12380814e+00
v 6.18799999e+03 5.86888501e+03 3.22246326e+00
v 6.18799999e+03 5.86199205e+03 3.02428522e+00
v 6.18799999e+03 5.87336195e+03 3.25503478e+00
v 6.18799999e+03 5.87167052e+03 1.23497132e+01
v 6.18799999e+03 5.87165289e+03 1.13619862e+01
v 6.18799999e+03 5.87170696e+03 1.32281719e+01
v 6.18799999e+03 5.87171168e+03 1.32177921e+01
v 6.18799999e+03 5.87536324e+03 1.92812703e+01
v 6.18799999e+03 5.87482367e+03 1.89943467e+01
v 6.18799999e+03 5.87396799e+03 1.98124536e+01
v 6.18799999e+03 5.87192907e+03 1.92338004e+01
v 6.18799999e+03 5.87253676e+03 1.89150106e+01
v 6.18799999e+03 5.87387756e+03 1.98158608e+01
v 6.18799999e+03 5.87197491e+03 1.07415560e+01
v 6.18799999e+03 5.87501241e+03 8.04646960e+00
v 6.18799999e+03 5.87494740e+03 3.30278281e+00
v 6.13203116e+03 5.81200001e+03 2.65727398e+01
v 6.13276660e+03 5.81200001e+03 2.62463580e+01
v 6.12452803e+03 5.81200001e+03 2.82330664e+01
v 6.12462574e+03 5.81200001e+03 2.65903505e+01
v 6.13482727e+03 5.81200001e+03 1.91113705e+01
v 6.13485676e+03 5.81200001e+03 1.97716622e+01
v 6.13882540e+03 5.81200001e+03 2.00156941e+01
v 6.13989728e+03 5.81200001e+03 1.99380571e+01
v 6.14079826e+03 5.81200001e+03 1.93902930e+01
v 6.14226734e+03 5.81200001e+03 1.75499639e+01
v 6.13512951e+03 5.81200001e+03 1.87910518e+01
v 6.13536523e+03 5.81200001e+03 1.73428713e+01
v 6.14047407e+03 5.81200001e+03 1.80004225e+01
v 6.14087587e+03 5.81200001e+03 2.15702678e+01
v 6.14223362e+03 5.81200001e+03 2.21587533e+01
v 6.13492675e+03 5.81200001e+03 2.00959866e+01
v 6.13484385e+03 5.81200001e+03 2.07533851e+01
v 6.12969404e+03 5.81200001e+03 2.76383002e+01
v 6.13046059e+03 5.81200001e+03 2.63362616e+01
v 6.13347273e+03 5.81200001e+03 2.56771379e+01
v 6.14231439e+03 5.81200001e+03 2.68368226e+01
v 6.14253020e+03 5.81200001e+03 2.65175279e+01
v 6.13974404e+03 5.81200001e+03 2.71673840e+01
v 6.14040983e+03 5.81200001e+03 2.77509238e+01
v 6.12942065e+03 5.81200001e+03 2.79359500e+01
v 6.12936892e+03 5.81200001e+03 2.82149937e+01
v 6.14109810e+03 5.81200001e+03 2.76345068e+01
v 6.14248702e+03 5.81200001e+03 2.60357026e+01
v 6.13189790e+03 5.81200001e+03 2.64961225e+01
v 6.12665890e+03 5.81200001e+03 2.84436206e+01
v 6.12698775e+03 5.81200001e+03 2.86529607e+01
v 6.12553415e+03 5.81200001e+03 2.79020395e+01
v 6.12719921e+03 5.81200001e+03 2.88269774e+01
v 6.12831351e+03 5.81200001e+03 2.92945926e+01
v 6.12874443e+03 5.81200001e+03 2.94004351e+01
v 6.12487375e+03 5.81200001e+03 2.12730799e+01
v 6.13435604e+03 5.81200001e+03 2.35519426e+01
v 6.13397612e+03 5.81200001e+03 2.38823454e+01
v 6.14215250e+03 5.81200001e+03 2.56263898e+01
v 6.13544274e+03 5.81200001e+03 1.73195368e+01
v 6.14197538e+03 5.81200001e+03 2.02883782e+01
v 6.14275770e+03 5.81200001e+03 1.79218225e+01
v 6.12589877e+03 5.81200001e+03 1.67503067e+01
v 6.14304880e+03 5.81200001e+03 1.76172923e+01
v 6.14279212e+03 5.81200001e+03 1.70534304e+01
v 6.14018616e+03 5.81200001e+03 1.88568495e+01
v 6.13656352e+03 5.81200001e+03 1.60604645e+01
v 6.13644140e+03 5.81200001e+03 1.61046459e+01
v 6.16255862e+03 5.81200001e+03 1.39213221e+01
v 6.16244513e+03 5.81200001e+03 1.44171056e+01
v 6.16291538e+03 5.81200001e+03 1.50140031e+01
v 6.16250549e+03 5.81200001e+03 1.25940849e+01
v 6.16119539e+03 5.81200001e+03 1.15796153e+01
v 6.15993756e+03 5.81200001e+03 9.40221422e+00
v 6.16074198e+03 5.81200001e+03 1.13906240e+01
v 6.15646343e+03 5.81200001e+03 1.07467669e+01
v 6.15488505e+03 5.81200001e+03 9.28522040e+00
v 6.16812583e+03 5.81200001e+03 5.41606743e+00
v 6.16786188e+03 5.81200001e+03 5.63787379e+00
v 6.16487053e+03 5.81200001e+03 9.59020204e+00
v 6.16480315e+03 5.81200001e+03 1.02476483e+01
v 6.13078638e+03 5.81200001e+03 8.28445082e+00
v 6.13070844e+03 5.81200001e+03 8.27029451e+00
v 6.12695401e+03 5.81200001e+03 1.20731203e+01
v 6.12696632e+03 5.81200001e+03 1.21607672e+01
v 6.12668185e+03 5.81200001e+03 1.43089383e+01
v 6.12570958e+03 5.81200001e+03 1.59949921e+01
v 6.13097816e+03 5.81200001e+03 1.23047906e+01
v 6.13072120e+03 5.81200001e+03 1.21977207e+01
v 6.13390006e+03 5.81200001e+03 1.33721658e+01
v 6.13603603e+03 5.81200001e+03 1.34013251e+01
v 6.13657760e+03 5.81200001e+03 1.36458800e+01
v 6.12871674e+03 5.81200001e+03 7.61500899e+00
v 6.12979716e+03 5.81200001e+03 7.99958480e+00
v 6.14259731e+03 5.81200001e+03 1.63790584e+01
v 6.16367245e+03 5.81200001e+03 1.49305233e+01
v 6.16398387e+03 5.81200001e+03 1.35411178e+01
v 6.16421915e+03 5.81200001e+03 1.22181321e+01
v 6.15675645e+03 5.81200001e+03 1.09198948e+01
v 6.15667439e+03 5.81200001e+03 1.09099367e+01
v 6.15840366e+03 5.81200001e+03 9.07900094e+00
v 6.15810242e+03 5.81200001e+03 9.54020815e+00
v 6.16397940e+03 5.81200001e+03 1.14522438e+01
v 6.16436234e+03 5.81200001e+03 8.57010329e+00
v 6.13045707e+03 5.81200001e+03 1.21131809e+01
v 6.12839427e+03 5.81200001e+03 1.15242999e+01
v 6.12852431e+03 5.81200001e+03 1.13921118e+01
v 6.12862261e+03 5.81200001e+03 1.13721107e+01
v 6.12897289e+03 5.81200001e+03 1.16094571e+01
v 6.15484606e+03 5.81200001e+03 8.76844144e+00
v 6.15863232e+03 5.81200001e+03 9.00143176e+00
v 6.16523379e+03 5.81200001e+03 6.52915054e+00
v 6.16523508e+03 5.81200001e+03 6.49150115e+00
v 6.16522494e+03 5.81200001e+03 6.59179280e+00
v 6.17170458e+03 5.81200001e+03 5.35470346e+00
v 6.15992104e+03 5.81200001e+03 9.19378673e+00
v 6.15977383e+03 5.81200001e+03 9.25294361e+00
v 6.15436909e+03 5.81200001e+03 7.88583935e+00
v 6.15410023e+03 5.81200001e+03 5.66325512e+00
v 6.17660614e+03 5.81200001e+03 5.18336066e+00
v 6.18015572e+03 5.81200001e+03 5.10261599e+00
v 6.18324144e+03 5.81200001e+03 5.10988063e+00
v 6.18651154e+03 5.81200001e+03 5.07328795e+00
v 6.16726780e+03 5.81200001e+03 5.38602438e+00
v 6.14392205e+03 5.81200001e+03 5.96386643e+00
v 6.14929848e+03 5.81200001e+03 5.94996774e+00
v 6.17604852e+03 5.81200001e+03 5.22959442e+00
v 6.14020679e+03 5.81200001e+03 5.97729834e+00
v 6.13347917e+03 5.81200001e+03 6.36181057e+00
v 6.13294975e+03 5.81200001e+03 6.37718402e+00
v 6.13837285e+03 5.81200001e+03 5.99687141e+00
v 6.13490335e+03 5.81200001e+03 6.26183401e+00
v 6.12838982e+03 5.81200001e+03 7.59920703e+00
v 6.12854515e+03 5.81200001e+03 7.60045387e+00
v 6.12491335e+03 5.81200001e+03 7.60315170e+00
v 6.12864478e+03 5.81200001e+03 7.60825484e+00
v 6.12857117e+03 5.81200001e+03 7.62214894e+00
v 6.12566214e+03 5.81200001e+03 1.66145417e+01
v 6.14071604e+03 5.81200001e+03 2.08303783e+01
v 6.13783489e+03 5.81200001e+03 1.84583045e+01
v 6.14111745e+03 5.81200001e+03 2.55117901e+01
v 6.12587484e+03 5.81200001e+03 2.19243083e+01
v 6.12600746e+03 5.81200001e+03 2.15606839e+01
v 6.12603428e+03 5.81200001e+03 2.16290094e+01
v 6.14024467e+03 5.81200001e+03 1.99526146e+01
v 6.14043218e+03 5.81200001e+03 1.93461696e+01
v 6.13781506e+03 5.81200001e+03 1.83952094e+01
v 6.13745438e+03 5.81200001e+03 1.76091344e+01
v 6.13722267e+03 5.81200001e+03 1.61772282e+01
v 6.13108412e+03 5.81200001e+03 8.00040025e+00
v 6.13239418e+03 5.81200001e+03 6.46036751e+00
v 6.14041894e+03 5.81200001e+03 1.35657579e+01
v 6.14116805e+03 5.81200001e+03 1.39731032e+01
v 6.13857494e+03 5.81200001e+03 1.32106692e+01
v 6.13413589e+03 5.81200001e+03 6.40602641e+00
v 6.12450975e+03 5.81200001e+03 2.75222543e+01
v 6.12450001e+03 5.81200001e+03 2.79517317e+01
v 6.12450001e+03 5.81200001e+03 2.76005003e+01
v 6.12592263e+03 5.81200001e+03 2.18358078e+01
v 6.12454766e+03 5.81200001e+03 2.62502173e+01
v 6.12451106e+03 5.81200001e+03 2.13988822e+01
v 6.12450001e+03 5.81200001e+03 2.14027155e+01
v 6.12514889e+03 5.81200001e+03 1.72612746e+01
v 6.12450001e+03 5.81200001e+03 1.79399473e+01
v 6.12841542e+03 5.81200001e+03 7.59941250e+00
v 6.12509315e+03 5.81200001e+03 7.60294769e+00
v 6.12450001e+03 5.81200001e+03 2.60426198e+01
v 6.12450001e+03 5.81200001e+03 2.42154061e+01
v 6.12450001e+03 5.81200001e+03 7.56425754e+00
v 6.18788050e+03 5.81200001e+03 5.08072171e+00
v 6.18799999e+03 5.81200001e+03 5.08137056e+00
v 6.18647019e+03 5.87549999e+03 1.88411400e+01
v 6.18693461e+03 5.87549999e+03 1.93819315e+01
v 6.18721813e+03 5.87549999e+03 1.95338737e+01
v 6.18598449e+03 5.87549999e+03 1.83480818e+01
v 6.18512603e+03 5.87549999e+03 1.62838106e+01
v 6.18501218e+03 5.87549999e+03 1.60552835e+01
v 6.18588835e+03 5.87549999e+03 1.76794729e+01
v 6.18503209e+03 5.87549999e+03 1.59674883e+01
v 6.18579459e+03 5.87549999e+03 1.37372551e+01
v 6.12601207e+03 5.87549999e+03 1.43294933e+01
v 6.12640689e+03 5.87549999e+03 1.38298912e+01
v 6.12565075e+03 5.87549999e+03 6.34162335e+00
v 6.12617638e+03 5.87549999e+03 5.03155340e+00
v 6.18596380e+03 5.87549999e+03 1.16573353e+01
v 6.12635619e+03 5.87549999e+03 1.33835089e+01
v 6.14874571e+03 5.87549999e+03 2.93648656e+00
v 6.13933567e+03 5.87549999e+03 3.25423941e+00
v 6.15794676e+03 5.87549999e+03 2.55429171e+00
v 6.13350971e+03 5.87549999e+03 3.47950575e+00
v 6.12792533e+03 5.87549999e+03 3.78276601e+00
v 6.13205567e+03 5.87549999e+03 3.50895513e+00
v 6.12574738e+03 5.87549999e+03 3.95953529e+00
v 6.12653857e+03 5.87549999e+03 4.13373320e+00
v 6.16212653e+03 5.87549999e+03 2.49258378e+00
v 6.17951082e+03 5.87549999e+03 3.09056818e+00
v 6.18076062e+03 5.87549999e+03 3.08128660e+00
v 6.18347925e+03 5.87549999e+03 3.28867749e+00
v 6.17070455e+03 5.87549999e+03 2.42785700e+00
v 6.17725347e+03 5.87549999e+03 2.90602271e+00
v 6.12568775e+03 5.87549999e+03 7.65975840e+00
v 6.12592188e+03 5.87549999e+03 9.56298934e+00
v 6.18618663e+03 5.87549999e+03 1.23279451e+01
v 6.12590703e+03 5.87549999e+03 1.19019294e+01
v 6.12613821e+03 5.87549999e+03 1.29233155e+01
v 6.12561155e+03 5.87549999e+03 1.42825683e+01
v 6.12525680e+03 5.87549999e+03 1.46101614e+01
v 6.12566146e+03 5.87549999e+03 1.05292100e+01
v 6.12527298e+03 5.87549999e+03 1.45952202e+01
v 6.12450001e+03 5.87549999e+03 1.43041932e+01
v 6.18691591e+03 5.87549999e+03 3.31205156e+00
v 6.18774948e+03 5.87549999e+03 1.94116275e+01
v 6.18799999e+03 5.87549999e+03 1.93375570e+01
v 6.18786043e+03 5.87549999e+03 8.50331922e+00
v 6.18799999e+03 5.87549999e+03 8.27123219e+00
v 6.18763939e+03 5.87549999e+03 3.31697228e+00
v 6.18799999e+03 5.87549999e+03 3.31126689e+00
vt 0.029969411 0.59945279
vt 0.031741936 0.56467819
vt 0.10605656 0.5658468
vt 0.073308542 0.61785597
vt 0.012636612 0.59006631
vt 0.064889476 0.53671104
vt 0.14060594 0.58287174
vt 0.017627005 0.63581818
vt 0.0099705141 0.62236512
vt 0.015691567 0.56774461
vt 0.032964665 0.53388208
vt 0.096905984 0.52828598
vt 0.1514709 0.52919656
vt 0.12769774 0.59892011
vt 0.03563736 0.65031052
vt 0.0034120332 0.60740054
vt 0.025217915 0.55159599
vt 0.0033952759 0.58540475
vt 0.04593242 0.5164386
vt 0.073527388 0.5007211
vt 0.12245198 0.54020214
vt 0.20179224 0.55044299
vt 0.10805839 0.6283201
vt 0.088711977 0.65078783
vt 0.0034199425 0.62502813
vt 0.0034074488 0.59898263
vt 0.0033913606 0.56918967
vt 0.0033979365 0.58837199
vt 0.0033808209 0.53547424
vt 0.056571979 0.50812209
vt 0.069391139 0.50072241
vt 0.096497752 0.50939548
vt 0.23460117 0.50866508
vt 0.16309981 0.58572173
vt 0.1259374 0.52808195
vt 0.14140403 0.61328673
vt 0.05680576 0.67617762
vt 0.0033903706 0.56241298
vt 0.0033797207 0.53184283
vt 0.078657702 0.50071919
vt 0.11204501 0.53074688
vt 0.26271796 0.52923429
vt 0.23463418 0.50067198
vt 0.18306132 0.59987497
vt 0.1119438 0.50858486
vt 0.15118262 0.6278826
vt 0.038321402 0.68684626
vt 0.034972522 0.50072801
vt 0.065050237 0.50072336
vt 0.084654383 0.50071794
vt 0.11586867 0.51794237
vt 0.27984872 0.56529236
vt 0.19711863 0.50068283
vt 0.19934399 0.58919102
vt 0.15511507 0.50069642
vt 0.1001307 0.68629128
vt 0.04620662 0.69210196
vt 0.018493976 0.67881966
vt 0.03395902 0.50072837
vt 0.038311183 0.52593613
vt 0.29560348 0.55302083
vt 0.25987139 0.58752453
vt 0.20120984 0.6213479
vt 0.12608941 0.50070578
vt 0.14579698 0.72220832
vt 0.073197864 0.69243383
vt 0.027179727 0.71129078
vt 0.033759046 0.50072843
vt 0.035175685 0.50072789
vt 0.11176158 0.50071037
vt 0.29610547 0.54267973
vt 0.23460005 0.61851561
vt 0.18833402 0.62598765
vt 0.064933479 0.72566187
vt 0.18089518 0.63690674
vt 0.072403178 0.67798674
vt 0.0034448828 0.69246531
vt 0.0033781407 0.52681315
vt 0.035750832 0.50072777
vt 0.20918883 0.62361944
vt 0.22682095 0.62363052
vt 0.059846379 0.75357616
vt 0.17069981 0.61870837
vt 0.19659342 0.70256704
vt 0.0034442553 0.6903851
vt 0.0034478048 0.70509255
vt 0.0080036633 0.50073677
vt 0.23760647 0.62728316
vt 0.13335758 0.83296216
vt 0.050144479 0.73611385
vt 0.20691508 0.67335296
vt 0.21467113 0.74268234
vt 0.0034376606 0.68108797
vt 0.0062776478 0.73409253
vt 0.0065989643 0.50073719
vt 0.036312982 0.50072753
vt 0.18789554 0.78038168
vt 0.064456604 0.84978545
vt 0.21473946 0.70287043
vt 0.20271716 0.74842465
vt 0.21706498 0.72052604
vt 0.013463164 0.73538965
vt 0.0034535078 0.72944069
vt 0.0033734285 0.5122056
vt 0.04679697 0.50976455
vt 0.18629003 0.8082602
vt 0.10221052 0.89830846
vt 0.040757507 0.78055954
vt 0.2310764 0.73407108
vt 0.0034551006 0.73866439
vt 0.0034541527 0.73315704
vt 0.0033699726 0.50073844
vt 0.051921517 0.50153041
vt 0.2089874 0.76292318
vt 0.18095292 0.84164912
vt 0.057278354 0.94399613
vt 0.18427412 0.92414045
vt 0.015684048 0.84298509
vt 0.23459359 0.71640086
vt 0.22627585 0.75253201
vt 0.0034531807 0.74519169
vt 0.0034546338 0.7352674
vt 0.0034546831 0.73494446
vt 0.044751432 0.50072306
vt 0.18204062 0.85649765
vt 0.019560948 0.90672785
vt 0.0034867609 0.8037287
vt 0.030052027 0.86274379
vt 0.24621439 0.73392582
vt 0.24367194 0.750314
vt 0.009695773 0.74844229
vt 0.051869135 0.50071955
vt 0.04065381 0.8771506
vt 0.010459242 0.92101836
vt 0.11946128 0.99681532
vt 0.19417383 0.86978304
vt 0.0034885437 0.8086431
vt 0.015125101 0.76316279
vt 0.02205071 0.86508977
vt 0.0034580082 0.75099516
vt 0.052477952 0.50071931
vt 0.020464564 0.89180756
vt 0.013131061 0.9407084
vt 0.073944442 0.99682909
vt 0.19297937 0.99679291
vt 0.2764065 0.89520496
vt 0.0034972101 0.83299297
vt 0.0034851888 0.80009067
vt 0.014342461 0.85488689
vt 0.26284128 0.75013399
vt 0.0034633416 0.75889611
vt 0.042330507 0.96400034
vt 0.28270674 0.97009826
vt 0.21327749 0.87030995
vt 0.0035024937 0.84714258
vt 0.0034687279 0.76876658
vt 0.013017955 0.88017213
vt 0.003505406 0.86292052
vt 0.26621628 0.7017163
vt 0.062584527 0.99683267
vt 0.2648651 0.99677128
vt 0.38504857 0.95995152
vt 0.22665322 0.86536258
vt 0.20308386 0.86237001
vt 0.0035060893 0.85677767
vt 0.0035132319 0.8780551
vt 0.27533263 0.76724178
vt 0.030314457 0.99684191
vt 0.29752004 0.99676096
vt 0.36628604 0.87018752
vt 0.2178414 0.84893924
vt 0.25208378 0.87296712
vt 0.32038963 0.74393696
vt 0.0089257695 0.9802016
vt 0.34809804 0.84450912
vt 0.44784033 0.84289831
vt 0.36453637 0.99673951
vt 0.26107264 0.84820205
vt 0.33953494 0.77880186
vt 0.32792121 0.7067306
vt 0.013298068 0.99684662
vt 0.0037949272 0.95339584
vt 0.31867605 0.84536433
vt 0.35619071 0.84138
vt 0.45869771 0.96615404
vt 0.36439925 0.82339412
vt 0.27015182 0.84317058
vt 0.34500292 0.7567119
vt 0.31509143 0.81875342
vt 0.28771701 0.66332638
vt 0.36527908 0.76020104
vt 0.003538575 0.95349091
vt 0.49961224 0.8667208
vt 0.40767473 0.76891351
vt 0.41569698 0.99672079
vt 0.33646277 0.81088322
vt 0.27435553 0.79214525
vt 0.33588555 0.6525563
vt 0.38317198 0.70458603
vt 0.0035459143 0.97740793
vt 0.27055672 0.81970227
vt 0.49961957 0.89116192
vt 0.49959597 0.81153184
vt 0.44180483 0.77410746
vt 0.43333149 0.99671423
vt 0.26816103 0.80240029
vt 0.30008274 0.64672589
vt 0.38330996 0.7547338
vt 0.0035468419 0.98051333
vt 0.49962968 0.92430639
vt 0.48406351 0.73373508
vt 0.44459555 0.75012279
vt 0.44309559 0.99671113
vt 0.40543115 0.65655029
vt 0.30722246 0.63011688
vt 0.44325769 0.69102728
vt 0.49963579 0.94501251
vt 0.49957162 0.74459028
vt 0.46433374 0.99670333
vt 0.39639664 0.62296975
vt 0.33264792 0.59887242
vt 0.49964693 0.97998852
vt 0.49955773 0.7069779
vt 0.46123129 0.61848444
vt 0.49955216 0.693856
vt 0.49118254 0.99669451
vt 0.39787209 0.57815123
vt 0.49965066 0.99237466
vt 0.34532461 0.57697713
vt 0.43967745 0.58118713
vt 0.49954814 0.6819768
vt 0.49683475 0.99669266
vt 0.36890072 0.55015171
vt 0.42056495 0.56081033
vt 0.48321334 0.5687657
vt 0.49953073 0.6360563
vt 0.499652 0.99669176
vt 0.33069029 0.55712849
vt 0.43872467 0.56322205
vt 0.45305726 0.54958391
vt 0.49951547 0.59196639
vt 0.4995234 0.61441886
vt 0.35557306 0.5314827
vt 0.48872676 0.55532742
vt 0.49951264 0.58556128
vt 0.33047411 0.51970327
vt 0.37127817 0.53760314
vt 0.43689537 0.53996146
vt 0.49949318 0.53517228
vt 0.3442654 0.51561952
vt 0.38447666 0.52589011
vt 0.40786743 0.51098311
vt 0.49949646 0.54337072
vt 0.48785201 0.50059253
vt 0.49951059 0.58010328
vt 0.34214756 0.50063723
vt 0.34421107 0.50063753
vt 0.41046512 0.50061715
vt 0.42193231 0.53404665
vt 0.49950278 0.55958104
vt 0.49854699 0.50058901
vt 0.46230403 0.50060064
vt 0.33750787 0.50063986
vt 0.43819678 0.5006085
vt 0.40610841 0.50061834
vt 0.49948052 0.50058872
vt 0.32162043 0.50064003
vt 0.37217051 0.50062877
vt 0.67462772 0.95608568
vt 0.66277748 0.97119975
vt 0.65483767 0.95744371
vt 0.66349685 0.94965816
vt 0.67335862 0.97879332
vt 0.64749002 0.96959376
vt 0.6473484 0.94246417
vt 0.66328609 0.9383744
vt 0.68188512 0.96299887
vt 0.66149831 0.98439312
vt 0.65300357 0.97633904
vt 0.6804167 0.94314635
vt 0.68231064 0.97651702
vt 0.6672712 0.98950136
vt 0.64279372 0.931669
vt 0.68946505 0.9506458
vt 0.67210442 0.91946536
vt 0.69556743 0.96588904
vt 0.68558812 0.9955197
vt 0.69251341 0.92833173
vt 0.6570859 0.90969646
vt 0.70401508 0.94996369
vt 0.68230695 0.92051244
vt 0.70815182 0.99000287
vt 0.65666187 0.89444101
vt 0.64494157 0.91816151
vt 0.70810109 0.93656015
vt 0.71460289 0.97394228
vt 0.68537229 0.90164733
vt 0.70733196 0.97894186
vt 0.71678656 0.93552327
vt 0.72486544 0.95402932
vt 0.68821716 0.92095196
vt 0.67241716 0.8872695
vt 0.64651036 0.8891567
vt 0.70782912 0.91481638
vt 0.68235046 0.88532764
vt 0.65386891 0.88489884
vt 0.63022131 0.91112018
vt 0.74902618 0.91795319
vt 0.70928079 0.90414733
vt 0.65980232 0.86850727
vt 0.66133624 0.87791979
vt 0.62902796 0.89622444
vt 0.63611507 0.87342405
vt 0.7558744 0.93053782
vt 0.68639052 0.8744294
vt 0.63390613 0.88518488
vt 0.77024919 0.93073308
vt 0.74154401 0.95364207
vt 0.71600765 0.88161367
vt 0.69927573 0.86436564
vt 0.77685201 0.92254049
vt 0.74247211 0.97141117
vt 0.75615102 0.94300121
vt 0.74815643 0.88413978
vt 0.74795681 0.96699691
vt 0.76862437 0.93298638
vt 0.71532935 0.86071146
vt 0.73070347 0.87799138
vt 0.77058595 0.87863839
vt 0.74702066 0.86971146
vt 0.77794957 0.89605057
vt 0.7354182 0.85608727
vt 0.79136252 0.88209945
vt 0.782386 0.90792668
vt 0.77638876 0.84830153
vt 0.80472469 0.89594656
vt 0.79439634 0.87532365
vt 0.79750949 0.91483033
vt 0.7779569 0.86384487
vt 0.7881512 0.93750763
vt 0.81015146 0.87511349
vt 0.77672356 0.93692255
vt 0.8060503 0.93119329
vt 0.80665404 0.91112244
vt 0.80236572 0.85841328
vt 0.78510845 0.95829082
vt 0.79678386 0.95045877
vt 0.81228095 0.85210049
vt 0.53085101 0.96780109
vt 0.52457315 0.98035878
vt 0.51229417 0.97245735
vt 0.51333719 0.97074914
vt 0.5329392 0.98851919
vt 0.51223183 0.9829585
vt 0.51592118 0.95316976
vt 0.5442121 0.98646963
vt 0.52351284 0.986619
vt 0.51125312 0.9766773
vt 0.51598966 0.95284384
vt 0.53329611 0.952721
vt 0.53759372 0.99706495
vt 0.55219537 0.96819943
vt 0.52541167 0.94243371
vt 0.55066574 0.95726907
vt 0.55095446 0.94374239
vt 0.55867279 0.9656719
vt 0.52578133 0.93906438
vt 0.56615347 0.95800471
vt 0.55192602 0.93122405
vt 0.52633739 0.9374516
vt 0.56490523 0.93986481
vt 0.52737892 0.93432242
vt 0.55573422 0.92077166
vt 0.53656203 0.92684752
vt 0.54725987 0.90392196
vt 0.52580625 0.91347992
vt 0.53476667 0.89434236
vt 0.52400076 0.90161735
vt 0.5515005 0.88957536
vt 0.52313304 0.89531815
vt 0.54056567 0.88542688
vt 0.52877212 0.88214177
vt 0.55440742 0.88089013
vt 0.51259983 0.89460641
vt 0.54182714 0.86555147
vt 0.50438094 0.8961767
vt 0.5271799 0.86267614
vt 0.51622641 0.87497854
vt 0.54160792 0.84965903
vt 0.515562 0.85476315
vt 0.53629714 0.83999884
vt 0.51940674 0.8356778
vt 0.54375029 0.83555317
vt 0.90319711 0.97390759
vt 0.89129388 0.97510368
vt 0.89052975 0.94422895
vt 0.9148196 0.95928341
vt 0.901788 0.98917633
vt 0.87435699 0.96845043
vt 0.92039669 0.97708547
vt 0.90931761 0.94454604
vt 0.89464533 0.99010128
vt 0.86921608 0.98542589
vt 0.87370455 0.93791044
vt 0.93056977 0.97523731
vt 0.89903998 0.93394274
vt 0.92421567 0.94308662
vt 0.88102138 0.99577487
vt 0.86387151 0.96964532
vt 0.89383292 0.92528468
vt 0.91742688 0.92258573
vt 0.85831857 0.97845453
vt 0.86966991 0.92114997
vt 0.8511343 0.95425624
vt 0.93263024 0.9726916
vt 0.84980977 0.966447
vt 0.89930308 0.90684485
vt 0.9302898 0.9512682
vt 0.83061653 0.92105544
vt 0.88355404 0.90027452
vt 0.90650499 0.92518497
vt 0.83019429 0.92333484
vt 0.83079344 0.9162311
vt 0.84094137 0.89344037
vt 0.88686985 0.88701618
vt 0.83709365 0.95101839
vt 0.85492575 0.8874203
vt 0.86577094 0.87386662
vt 0.8306964 0.92832053
vt 0.82945907 0.90153962
vt 0.84176391 0.8732608
vt 0.88143486 0.85484624
vt 0.8336491 0.94976407
vt 0.82896668 0.91337609
vt 0.82095623 0.89014024
vt 0.82813013 0.87760592
vt 0.8488571 0.8678897
vt 0.82753968 0.9023068
vt 0.82707131 0.90200859
vt 0.83383667 0.86672926
vt 0.81835192 0.88322443
vt 0.82103509 0.89142036
vt 0.82029706 0.89089584
vt 0.81631476 0.89068586
vt 0.59621525 0.98473418
vt 0.598607 0.96693766
vt 0.59965277 0.96810818
vt 0.59001946 0.98656237
vt 0.61329734 0.94499809
vt 0.59623051 0.98830396
vt 0.58235478 0.96641314
vt 0.61294615 0.94977647
vt 0.5859803 0.91711771
vt 0.59429646 0.99546558
vt 0.6147362 0.94730574
vt 0.60179049 0.91589993
vt 0.57048666 0.94816035
vt 0.61546588 0.94707048
vt 0.60223198 0.89601326
vt 0.62269282 0.92886591
vt 0.56576115 0.97128993
vt 0.61632013 0.94670111
vt 0.60914505 0.90562725
vt 0.58468616 0.88833946
vt 0.6273762 0.93866569
vt 0.60867214 0.89119744
vt 0.58039981 0.88500619
vt 0.59906852 0.88876158
vt 0.61816937 0.90845311
vt 0.62744915 0.93272567
vt 0.61650878 0.89151734
vt 0.58813208 0.86934274
vt 0.59752125 0.8754639
vt 0.62405354 0.92247248
vt 0.61643511 0.89214385
vt 0.63137275 0.93878776
vt 0.58842856 0.85871911
vt 0.5919928 0.8568716
vt 0.97539413 0.97915095
vt 0.96720582 0.99601173
vt 0.96326083 0.97416663
vt 0.96834362 0.95719248
vt 0.98211157 0.99392533
vt 0.95466512 0.96528167
vt 0.9855482 0.97039145
vt 0.95145679 0.94987625
vt 0.98457092 0.95626807
vt 0.99277186 0.99549037
vt 0.96288466 0.93208981
vt 0.97634506 0.93223798
vt 0.94722873 0.94304913
vt 0.95185721 0.92486501
vt 0.97472161 0.91140819
vt 0.94688648 0.9026832
vt 0.96369356 0.90367895
vt 0.94201428 0.91446412
vt 0.97901386 0.89112973
vt 0.94725519 0.89706814
vt 0.95912498 0.86924285
vt 0.99726331 0.89114982
vt 0.98250556 0.86289418
vt 0.99521261 0.90463197
vt 0.99649209 0.86968184
vt 0.86996484 0.78475541
vt 0.89414799 0.79296386
vt 0.88559955 0.80539668
vt 0.86731309 0.80102032
vt 0.8748185 0.77938843
vt 0.90693992 0.80512857
vt 0.86021298 0.79105669
vt 0.87496597 0.80718613
vt 0.90011209 0.82375485
vt 0.90554982 0.7792061
vt 0.86091197 0.80381882
vt 0.88133603 0.82182831
vt 0.91683167 0.82051706
vt 0.89196575 0.82982695
vt 0.92060357 0.78631306
vt 0.8917802 0.78695381
vt 0.84447002 0.79920107
vt 0.87202752 0.81897628
vt 0.89602196 0.83555329
vt 0.92722636 0.80104887
vt 0.93911546 0.78985059
vt 0.85581005 0.81723487
vt 0.92725706 0.81439948
vt 0.84343576 0.81625879
vt 0.93254864 0.82850623
vt 0.85785323 0.83115673
vt 0.83988094 0.83517641
vt 0.82787669 0.80683881
vt 0.86726093 0.8331846
vt 0.86029762 0.84387141
vt 0.85089159 0.85031974
vt 0.82693559 0.82163101
vt 0.87161309 0.85183567
vt 0.81776142 0.81149167
vt 0.85965008 0.87167192
vt 0.81599689 0.81860459
vt 0.55042046 0.80234963
vt 0.54288191 0.80878681
vt 0.53100306 0.80296934
vt 0.54036731 0.78934914
vt 0.55208361 0.78696245
vt 0.52575672 0.79536134
vt 0.53859109 0.76748419
vt 0.53089643 0.7718147
vt 0.52007902 0.75324535
vt 0.53655481 0.73479295
vt 0.51948589 0.7679978
vt 0.52869618 0.71618545
vt 0.5528813 0.75280309
vt 0.50392061 0.77167273
vt 0.55324334 0.72616649
vt 0.55016732 0.76568174
vt 0.5496127 0.7441293
vt 0.55521894 0.69662762
vt 0.56502277 0.74427521
vt 0.52462363 0.68929327
vt 0.56336451 0.71525764
vt 0.57030576 0.72547185
vt 0.56638849 0.70882338
vt 0.56835759 0.73862731
vt 0.56951582 0.72930181
vt 0.59455287 0.77872348
vt 0.60817307 0.78935224
vt 0.60704297 0.79773855
vt 0.5905515 0.80877817
vt 0.60353869 0.77025616
vt 0.58091813 0.80677021
vt 0.61571038 0.77886605
vt 0.59024346 0.75493413
vt 0.61163783 0.76909298
vt 0.60569096 0.74696845
vt 0.58467174 0.76681894
vt 0.6097697 0.75833249
vt 0.59456635 0.74257278
vt 0.58553344 0.7339164
vt 0.60471463 0.73188198
vt 0.61774307 0.74183404
vt 0.58618999 0.71398878
vt 0.62081742 0.72493982
vt 0.60559052 0.71152335
vt 0.57346988 0.73101431
vt 0.59006387 0.70321703
vt 0.57541251 0.72129583
vt 0.60187566 0.69002926
vt 0.57187474 0.70983672
vt 0.5759781 0.69136292
vt 0.61930084 0.70346594
vt 0.63212657 0.68914557
vt 0.5667417 0.69111216
vt 0.63705558 0.71573764
vt 0.638569 0.70841408
vt 0.63693482 0.71977186
vt 0.63941067 0.69095665
vt 0.6261794 0.72073579
vt 0.74381196 0.79915798
vt 0.74297577 0.79011655
vt 0.75209099 0.79559338
vt 0.76225805 0.80798858
vt 0.73079008 0.79289794
vt 0.7470628 0.77458113
vt 0.76458257 0.78946185
vt 0.76130116 0.76869941
vt 0.76952249 0.80804265
vt 0.72984374 0.78034371
vt 0.75140935 0.75919181
vt 0.77153504 0.78426528
vt 0.77890331 0.80203593
vt 0.73536056 0.76750404
vt 0.75939184 0.75486887
vt 0.77975124 0.77135611
vt 0.7266106 0.77035004
vt 0.77913374 0.74705571
vt 0.75177956 0.74434507
vt 0.74361134 0.74830759
vt 0.78471249 0.7794292
vt 0.72959709 0.76119828
vt 0.71968418 0.77806199
vt 0.76549524 0.74826193
vt 0.76609319 0.74240547
vt 0.79146951 0.74835163
vt 0.80486542 0.76817757
vt 0.79245788 0.78139424
vt 0.75378424 0.72766638
vt 0.7241866 0.75163227
vt 0.784899 0.73682988
vt 0.78050041 0.72589314
vt 0.7469604 0.73540902
vt 0.7688601 0.70518106
vt 0.73136431 0.73914397
vt 0.75052333 0.71720409
vt 0.78649175 0.70711207
vt 0.72272623 0.73586559
vt 0.73887861 0.71961838
vt 0.74577641 0.70868063
vt 0.70056939 0.75045657
vt 0.74041182 0.70317614
vt 0.69672543 0.72649187
vt 0.71808177 0.72073078
vt 0.69145685 0.74856853
vt 0.71168703 0.72533298
vt 0.69502878 0.70293152
vt 0.71113622 0.70894587
vt 0.70180678 0.69968551
vt 0.67012024 0.85315216
vt 0.67698544 0.85121882
vt 0.66903138 0.86344701
vt 0.65762514 0.87053043
vt 0.67605734 0.8418107
vt 0.65146232 0.85875046
vt 0.65510988 0.84546536
vt 0.66180813 0.8323673
vt 0.64880109 0.83608311
vt 0.67353445 0.83123744
vt 0.67428207 0.82087457
vt 0.66035855 0.80411404
vt 0.63449061 0.82542187
vt 0.67107928 0.80542636
vt 0.64289719 0.80628508
vt 0.67958975 0.78958213
vt 0.64669096 0.79404914
vt 0.62974358 0.81551319
vt 0.65151727 0.77288204
vt 0.68620616 0.81606191
vt 0.63375318 0.79021895
vt 0.68204451 0.76667684
vt 0.6892156 0.80062425
vt 0.69783288 0.78718829
vt 0.71154255 0.77363473
vt 0.72352946 0.7572664
vt 0.72575343 0.76410341
vt 0.84336817 0.68420482
vt 0.83457845 0.6970607
vt 0.82485223 0.66899693
vt 0.8351211 0.66403818
vt 0.8414591 0.69737464
vt 0.81592584 0.69308519
vt 0.84786069 0.66450715
vt 0.85277116 0.68920052
vt 0.83975303 0.72265351
vt 0.82752115 0.70948261
vt 0.84155512 0.64963996
vt 0.8480109 0.72049212
vt 0.85722119 0.67447972
vt 0.82949215 0.66111201
vt 0.85976136 0.64913106
vt 0.86121064 0.71382844
vt 0.82579839 0.73575366
vt 0.83543462 0.73652971
vt 0.86123264 0.66246653
vt 0.86623627 0.69452333
vt 0.82573843 0.64862978
vt 0.85551435 0.63405865
vt 0.86145282 0.73134911
vt 0.85422248 0.7338686
vt 0.86725062 0.67098355
vt 0.86742264 0.63622332
vt 0.86819142 0.72253859
vt 0.84050506 0.74604559
vt 0.87340969 0.65846217
vt 0.87401581 0.65253073
vt 0.87344116 0.65800869
vt 0.87182814 0.66890001
vt 0.87437969 0.64191192
vt 0.67562449 0.71002936
vt 0.66285521 0.71290708
vt 0.67567831 0.69945061
vt 0.68597126 0.70684886
vt 0.67174554 0.72650385
vt 0.65925759 0.69724792
vt 0.68612421 0.7118175
vt 0.68636036 0.69942683
vt 0.66099167 0.73207539
vt 0.6649884 0.67939365
vt 0.6444847 0.71684396
vt 0.68353778 0.7187131
vt 0.68691599 0.68692803
vt 0.65667468 0.72639954
vt 0.65900081 0.68765998
vt 0.67268282 0.6719538
vt 0.68247026 0.72061908
vt 0.64419615 0.68155015
vt 0.65247405 0.65422642
vt 0.64430225 0.7237891
vt 0.67304677 0.71990156
vt 0.68700415 0.67537671
vt 0.67026091 0.65663242
vt 0.67503077 0.7247408
vt 0.68744665 0.66729879
vt 0.64551467 0.6682905
vt 0.68386734 0.65691483
vt 0.68232787 0.72202373
vt 0.67530853 0.72641921
vt 0.6370796 0.68287933
vt 0.63730663 0.6615963
vt 0.68251795 0.7228179
vt 0.68953574 0.65843606
vt 0.63536596 0.66643286
vt 0.64220941 0.65148783
vt 0.67026371 0.73095489
vt 0.62835538 0.66018081
vt 0.64174479 0.63633406
vt 0.66951632 0.72646219
vt 0.63634342 0.64766484
vt 0.67344964 0.74560404
vt 0.6791622 0.74252474
vt 0.95020926 0.7384342
vt 0.95218515 0.72913414
vt 0.96374774 0.73456454
vt 0.94312721 0.73546839
vt 0.97574615 0.731071
vt 0.93274832 0.73951101
vt 0.9524318 0.70948005
vt 0.94233185 0.74618387
vt 0.93374646 0.72407746
vt 0.9675532 0.70668566
vt 0.95029724 0.69735909
vt 0.92850393 0.70801491
vt 0.96925253 0.66723126
vt 0.93165869 0.69374597
vt 0.94823474 0.67367989
vt 0.93488294 0.67782003
vt 0.96257925 0.65569079
vt 0.95373785 0.64715993
vt 0.98616141 0.64542317
vt 0.94175345 0.64625168
vt 0.92617708 0.64574003
vt 0.9201771 0.68245244
vt 0.91831005 0.65698063
vt 0.92914534 0.69246757
vt 0.90526748 0.66676044
vt 0.89246863 0.64632797
vt 0.91634923 0.69709754
vt 0.90263897 0.69277453
vt 0.89785236 0.68337739
vt 0.87960291 0.6518364
vt 0.87847263 0.67265856
vt 0.52272195 0.63086784
vt 0.51092631 0.62703454
vt 0.54233456 0.61434686
vt 0.53769428 0.63354993
vt 0.53096962 0.60792494
vt 0.55716914 0.64251572
vt 0.52486402 0.63700664
vt 0.54685867 0.58640134
vt 0.54692292 0.64343667
vt 0.5779525 0.58844078
vt 0.54095834 0.64617062
vt 0.54312998 0.66338825
vt 0.58703929 0.63314426
vt 0.53320462 0.65410596
vt 0.55507433 0.58075941
vt 0.53191417 0.67104375
vt 0.5857923 0.6500504
vt 0.51120067 0.63344651
vt 0.58450645 0.58061653
vt 0.54681778 0.679515
vt 0.50295645 0.65195501
vt 0.54086512 0.68311536
vt 0.5262875 0.6759541
vt 0.51141852 0.66652954
vt 0.72070462 0.96660596
vt 0.72845834 0.95867062
vt 0.73697609 0.9671154
vt 0.73012847 0.97088152
vt 0.71941417 0.98354375
vt 0.7061013 0.67178524
vt 0.70608419 0.6837979
vt 0.69141805 0.67769641
vt 0.69919109 0.65891874
vt 0.71313065 0.63866782
vt 0.6950562 0.63946956
vt 0.7204479 0.66158044
vt 0.70890343 0.61455166
vt 0.72956896 0.6593855
vt 0.71582693 0.677414
vt 0.69693142 0.62188816
vt 0.72747052 0.61424959
vt 0.73336637 0.65222383
vt 0.69408441 0.60804272
vt 0.71833855 0.58065164
vt 0.73717248 0.63553685
vt 0.70178133 0.59901881
vt 0.73432904 0.60419309
vt 0.74692786 0.62755865
vt 0.70408779 0.58262765
vt 0.75151527 0.64937758
vt 0.77217335 0.61204648
vt 0.78196704 0.60779017
vt 0.77842408 0.61630476
vt 0.76990718 0.60427803
vt 0.78981531 0.62093467
vt 0.77911329 0.59414071
vt 0.79511851 0.60924667
vt 0.79757059 0.59444147
vt 0.77103209 0.58904219
vt 0.76241916 0.59577775
vt 0.78492945 0.5780071
vt 0.75991642 0.58616459
vt 0.77952355 0.57293677
vt 0.80263227 0.58434689
vt 0.7691341 0.56709564
vt 0.75317526 0.57997394
vt 0.7844618 0.5368017
vt 0.7610687 0.56273317
vt 0.80763555 0.53498042
vt 0.79623079 0.52432603
vt 0.77798659 0.52211261
vt 0.8181839 0.51836812
vt 0.8119638 0.56026554
vt 0.82478333 0.53312635
vt 0.81911361 0.57546967
vt 0.84829313 0.52239323
vt 0.83455479 0.54568768
vt 0.83067352 0.56676233
vt 0.8411122 0.58118641
vt 0.83335656 0.58788502
vt 0.81433702 0.59420621
vt 0.82980466 0.60205555
vt 0.81971198 0.61631846
vt 0.81105202 0.59863853
vt 0.9753108 0.80710304
vt 0.96853614 0.79843086
vt 0.98535746 0.79857981
vt 0.96513814 0.80568486
vt 0.98011041 0.78788733
vt 0.97940934 0.82443178
vt 0.99498701 0.79680759
vt 0.96817434 0.7699331
vt 0.96279722 0.81578827
vt 0.98513931 0.77128834
vt 0.96208042 0.79133803
vt 0.97175097 0.83076781
vt 0.96411711 0.79969037
vt 0.9674511 0.76044172
vt 0.95810568 0.77711987
vt 0.95958865 0.83917946
vt 0.97150284 0.76014924
vt 0.9515301 0.79724067
vt 0.96431947 0.76047045
vt 0.97347075 0.83848679
vt 0.94869763 0.81581044
vt 0.97394234 0.74280834
vt 0.95759153 0.74963039
vt 0.94496202 0.79098761
vt 0.95097554 0.75790536
vt 0.94192767 0.78118908
vt 0.56192434 0.92618304
vt 0.55806947 0.91672045
vt 0.56525284 0.91639924
vt 0.56769234 0.8990584
vt 0.55134153 0.90588039
vt 0.56300044 0.89460647
vt 0.91788042 0.62203634
vt 0.89866954 0.6215986
vt 0.92625803 0.60457021
vt 0.93671083 0.61509717
vt 0.91380483 0.57487202
vt 0.94544148 0.60635531
vt 0.89572811 0.6007551
vt 0.89124566 0.57333815
vt 0.95910501 0.58752966
vt 0.87960058 0.58379412
vt 0.90127259 0.56262225
vt 0.96411622 0.56548911
vt 0.96133018 0.60246921
vt 0.92282856 0.55034256
vt 0.94254571 0.529351
vt 0.96693522 0.58876121
vt 0.90310591 0.55541295
vt 0.95588207 0.53662485
vt 0.97547972 0.54612142
vt 0.95339125 0.52300227
vt 0.97871888 0.55857205
vt 0.62205762 0.59630048
vt 0.62548703 0.61767167
vt 0.61179554 0.6014415
vt 0.62000597 0.57808387
vt 0.62920672 0.60623038
vt 0.62732446 0.58704138
vt 0.60588765 0.58613527
vt 0.63142347 0.6179021
vt 0.63843596 0.58360445
vt 0.6033985 0.59583843
vt 0.60356802 0.57267243
vt 0.63908899 0.5983727
vt 0.63296413 0.56788373
vt 0.62100536 0.5628044
vt 0.63387394 0.61418843
vt 0.64065498 0.5730418
vt 0.61124533 0.56253755
vt 0.6320948 0.61717534
vt 0.62143695 0.56014037
vt 0.61790264 0.55645633
vt 0.62848359 0.62017775
vt 0.62713432 0.55883229
vt 0.61876017 0.55291069
vt 0.61014372 0.55481791
vt 0.61836982 0.54376268
vt 0.60282761 0.53842008
vt 0.6085189 0.53799367
vt 0.60510844 0.53712058
vt 0.59906954 0.52411383
vt 0.59799343 0.52376354
vt 0.59894675 0.52268517
vt 0.59783858 0.52323699
vt 0.52046418 0.54298174
vt 0.50840271 0.54853135
vt 0.50438684 0.53983319
vt 0.51390302 0.52305281
vt 0.51731223 0.55833441
vt 0.50921541 0.52270156
vt 0.52739489 0.53503501
vt 0.52430493 0.55263793
vt 0.51531076 0.50844526
vt 0.52653915 0.52727568
vt 0.52592796 0.51098156
vt 0.51782548 0.49857211
vt 0.5256269 0.49032468
vt 0.53931326 0.4878158
vt 0.54295456 0.51012087
vt 0.537494 0.47986007
vt 0.53313953 0.46370935
vt 0.5505594 0.48297507
vt 0.52090043 0.47553128
vt 0.5473302 0.47219038
vt 0.55757272 0.50164044
vt 0.55142188 0.50985479
vt 0.55746579 0.48859251
vt 0.56120491 0.51233506
vt 0.56887883 0.50554514
vt 0.80330902 0.71561611
vt 0.79136676 0.70208704
vt 0.81153834 0.69830883
vt 0.79867536 0.69280088
vt 0.78873682 0.68766272
vt 0.80572385 0.67548144
vt 0.79311711 0.67274058
vt 0.78474039 0.68015093
vt 0.7981084 0.65704936
vt 0.78447551 0.66815269
vt 0.78926384 0.64465702
vt 0.81320679 0.648408
vt 0.79952449 0.64824283
vt 0.80519915 0.63368571
vt 0.79823989 0.62645388
vt 0.78581327 0.6188277
vt 0.70347959 0.57898033
vt 0.69319785 0.59022141
vt 0.69137943 0.5824554
vt 0.69859928 0.55740559
vt 0.67686605 0.57927668
vt 0.68626887 0.55910748
vt 0.67904532 0.56626272
vt 0.67834049 0.53992558
vt 0.67327476 0.56729281
vt 0.68966323 0.52425003
vt 0.66598123 0.57558787
vt 0.66707975 0.5502038
vt 0.67843258 0.533144
vt 0.663032 0.56550372
vt 0.66338032 0.56273329
vt 0.66636384 0.53458154
vt 0.67537099 0.5197531
vt 0.6640988 0.54638481
vt 0.66107458 0.57344431
vt 0.66331375 0.55910778
vt 0.66686988 0.52189898
vt 0.68878758 0.50780523
vt 0.6701259 0.50611782
vt 0.68187344 0.49627811
vt 0.022090482 0.94617558
vt 0.0078487843 0.95263481
vt 0.0071538119 0.93669724
vt 0.01930033 0.48237717
vt 0.0048213005 0.48798472
vt 0.0046334034 0.47433382
vt 0.0095728962 0.46415234
vt 0.015904028 0.48999655
vt 0.029608309 0.46697897
vt 0.038253751 0.45355731
vt 0.033716235 0.48223579
vt 0.049528182 0.46408743
vt 0.0037418997 0.45054007
vt 0.034671325 0.49593973
vt 0.066327699 0.45189446
vt 0.034770846 0.42499697
vt 0.048431829 0.48495638
vt 0.06286183 0.45924568
vt 0.047621567 0.43295592
vt 0.0033768439 0.43915713
vt 0.064714283 0.47713226
vt 0.045463488 0.40804881
vt 0.011277677 0.42338347
vt 0.072731003 0.47718531
vt 0.032391742 0.40529162
vt 0.0095714508 0.40470701
vt 0.74520272 0.8379277
vt 0.75127661 0.81959951
vt 0.75542772 0.83553684
vt 0.74068248 0.83312327
vt 0.77062154 0.83054578
vt 0.74380159 0.83942342
vt 0.74110413 0.81500137
vt 0.7688536 0.83450407
vt 0.75789601 0.81039572
vt 0.73909146 0.83817768
vt 0.7465151 0.80442083
vt 0.72658354 0.8298102
vt 0.77103561 0.83341324
vt 0.73647952 0.83634216
vt 0.73085219 0.83776975
vt 0.72868866 0.81159842
vt 0.7975083 0.82879406
vt 0.74347109 0.80780697
vt 0.79322571 0.83508396
vt 0.77643681 0.81581074
vt 0.72313064 0.80646944
vt 0.7950002 0.83577007
vt 0.79561627 0.81276447
vt 0.80549544 0.83587027
vt 0.8122043 0.80929184
vt 0.81261492 0.83297271
vt 0.79956788 0.80173469
vt 0.23205556 0.67507213
vt 0.23501356 0.65679622
vt 0.24168469 0.66643697
vt 0.22743721 0.65507108
vt 0.24851789 0.65434229
vt 0.2181659 0.66957635
vt 0.22523473 0.64479995
vt 0.23582177 0.64218116
vt 0.21841387 0.65557814
vt 0.2465317 0.64215946
vt 0.22507571 0.63365519
vt 0.25584635 0.6495105
vt 0.24554479 0.62642217
vt 0.25452408 0.63657063
vt 0.21805342 0.6286478
vt 0.26741683 0.63590336
vt 0.21581854 0.64875978
vt 0.27156231 0.64953303
vt 0.2090857 0.64215755
vt 0.26459062 0.65817952
vt 0.2038694 0.65017092
vt 0.27839953 0.64908135
vt 0.25812492 0.65731657
vt 0.200002 0.66071713
vt 0.20077614 0.64062929
vt 0.27249551 0.68352044
vt 0.25816441 0.66416144
vt 0.19167948 0.6424675
vt 0.18960518 0.40931261
vt 0.20316122 0.42887884
vt 0.16523533 0.43630254
vt 0.1474639 0.43245482
vt 0.21369739 0.40743667
vt 0.1967278 0.44162804
vt 0.15534836 0.41065127
vt 0.13944784 0.44021541
vt 0.21718895 0.42169166
vt 0.17046414 0.45363891
vt 0.13432734 0.42230207
vt 0.15776777 0.44984287
vt 0.18944655 0.46457261
vt 0.13433172 0.42201251
vt 0.13429876 0.4227767
vt 0.14844534 0.44736749
vt 0.18032938 0.46305174
vt 0.15131855 0.46820176
vt 0.13153814 0.43715113
vt 0.13315007 0.44557011
vt 0.18726547 0.46963876
vt 0.17161487 0.46953249
vt 0.16239697 0.46771336
vt 0.14105538 0.46791589
vt 0.13293111 0.45057881
vt 0.15154654 0.47944313
vt 0.13105792 0.46518713
vt 0.13029934 0.45901597
vt 0.14783144 0.49511784
vt 0.13029978 0.47516084
vt 0.13570543 0.49419647
vt 0.12929867 0.48556733
vt 0.2457612 0.75741023
vt 0.25674331 0.75388634
vt 0.25568613 0.77841395
vt 0.24338754 0.77790648
vt 0.24923858 0.80957049
vt 0.23356386 0.76187044
vt 0.23435859 0.79143459
vt 0.26698658 0.79534703
vt 0.22355144 0.75166959
vt 0.24378859 0.8229717
vt 0.26684272 0.78343624
vt 0.24836124 0.83998787
vt 0.23494911 0.82582337
vt 0.22524832 0.81585979
vt 0.72421867 0.51992023
vt 0.71096206 0.50912917
vt 0.72113234 0.49454784
vt 0.74723411 0.50573468
vt 0.69808829 0.52676302
vt 0.70990437 0.48477352
vt 0.75061715 0.47960722
vt 0.74396563 0.52630126
vt 0.69141209 0.51319712
vt 0.69279277 0.4824999
vt 0.71687645 0.4768545
vt 0.75914967 0.49590802
vt 0.73274469 0.47267568
vt 0.76007468 0.52402472
vt 0.76658314 0.48056114
vt 0.77001578 0.50899798
vt 0.74242908 0.47292632
vt 0.77789867 0.47834092
vt 0.77602053 0.50163901
vt 0.77249783 0.52146578
vt 0.89593846 0.74086654
vt 0.89294726 0.71895468
vt 0.90904886 0.72879571
vt 0.90178967 0.75199121
vt 0.90204018 0.71024013
vt 0.9094584 0.75122851
vt 0.89174598 0.75273579
vt 0.91676563 0.70055211
vt 0.92255378 0.7467798
vt 0.90696847 0.77778578
vt 0.87974614 0.75650001
vt 0.90632254 0.6967864
vt 0.92396766 0.73233044
vt 0.91608614 0.75467396
vt 0.92182338 0.71225864
vt 0.59162009 0.48455113
vt 0.60293067 0.48522288
vt 0.61280453 0.5158875
vt 0.60023636 0.52184772
vt 0.61936903 0.4836607
vt 0.60346484 0.52709007
vt 0.58508712 0.51188564
vt 0.63088107 0.51312768
vt 0.6198411 0.52680731
vt 0.57042599 0.50248134
vt 0.64078176 0.50423247
vt 0.61959249 0.51995063
vt 0.56704879 0.48575842
vt 0.64241815 0.48283148
vt 0.64370281 0.51707017
vt 0.63600528 0.52574074
vt 0.3269341 0.47444439
vt 0.32729909 0.49013203
vt 0.30995071 0.49230605
vt 0.31082979 0.47394842
vt 0.31899965 0.46792567
vt 0.3039746 0.48409128
vt 0.30832815 0.46521163
vt 0.31675914 0.45764476
vt 0.29196778 0.48126251
vt 0.30601671 0.44701666
vt 0.32276914 0.45212263
vt 0.29460207 0.45276386
vt 0.27815932 0.45287818
vt 0.29708022 0.43521428
vt 0.3145656 0.43567026
vt 0.27782008 0.47966623
vt 0.28505254 0.43988752
vt 0.31973234 0.42269641
vt 0.26534998 0.47393578
vt 0.27424222 0.49512327
vt 0.25916821 0.43299019
vt 0.30502781 0.42240363
vt 0.33185494 0.44678944
vt 0.26272196 0.4461655
vt 0.26794323 0.42362869
vt 0.29193297 0.41727036
vt 0.25426969 0.42717046
vt 0.58518189 0.84374183
vt 0.58001959 0.85669953
vt 0.56587267 0.84883296
vt 0.57126534 0.83418715
vt 0.58869052 0.85262764
vt 0.56723535 0.85931671
vt 0.5836038 0.83432913
vt 0.59712315 0.84906465
vt 0.60110182 0.83386993
vt 0.59025902 0.82787704
vt 0.61615211 0.85964978
vt 0.60306245 0.82234228
vt 0.63319474 0.8572371
vt 0.61492622 0.81987405
vt 0.61791897 0.83933961
vt 0.62196046 0.87141675
vt 0.63511443 0.83795816
vt 0.64399999 0.85078323
vt 0.62843376 0.8216396
vt 0.92412919 0.51874232
vt 0.89025992 0.53179288
vt 0.90076411 0.51984876
vt 0.9138788 0.5404278
vt 0.88047147 0.51569808
vt 0.88711768 0.55539489
vt 0.8831625 0.50482965
vt 0.86254716 0.52339673
vt 0.87768281 0.54687059
vt 0.86788994 0.50407094
vt 0.85965884 0.53545731
vt 0.86491686 0.55542111
vt 0.85503876 0.51384509
vt 0.84827507 0.55332506
vt 0.85873008 0.55939347
vt 0.77105683 0.67170525
vt 0.76955193 0.6841507
vt 0.76154184 0.67757821
vt 0.76446164 0.65951741
vt 0.76081109 0.67677963
vt 0.7740351 0.65565813
vt 0.7593497 0.66210699
vt 0.76383787 0.64393783
vt 0.76550347 0.64166772
vt 0.76826197 0.62298548
vt 0.76404113 0.63718057
vt 0.7842294 0.64545733
vt 0.76051748 0.60830557
vt 0.78209239 0.63348305
vt 0.76293308 0.63185394
vt 0.77532822 0.61317909
vt 0.75478446 0.61258835
vt 0.78814107 0.62741429
vt 0.27099556 0.49257958
vt 0.25422573 0.49684173
vt 0.26008683 0.47927475
vt 0.27102599 0.49026024
vt 0.25193453 0.47567618
vt 0.26230472 0.47695053
vt 0.27252117 0.49058545
vt 0.24442022 0.49632174
vt 0.25618681 0.4597016
vt 0.27264845 0.49319297
vt 0.23343551 0.49202549
vt 0.24230792 0.46112323
vt 0.25627023 0.45974451
vt 0.27135208 0.49379873
vt 0.23563011 0.47939801
vt 0.25187138 0.45378953
vt 0.25623408 0.45966357
vt 0.22300936 0.48435158
vt 0.22944409 0.46010697
vt 0.23762776 0.45142341
vt 0.25654614 0.45302719
vt 0.25667784 0.44546694
vt 0.22250195 0.48400325
vt 0.22398931 0.44958615
vt 0.25421417 0.44061351
vt 0.22372316 0.46577257
vt 0.22435024 0.45438755
vt 0.22703427 0.42257261
vt 0.23098509 0.41901624
vt 0.22725832 0.42058486
vt 0.39598384 0.43013185
vt 0.4030146 0.44032288
vt 0.38909173 0.44317222
vt 0.37885469 0.44710624
vt 0.40766317 0.45062065
vt 0.37989625 0.43908703
vt 0.38773593 0.46054792
vt 0.39575648 0.45472181
vt 0.38216099 0.42630255
vt 0.37806743 0.45493436
vt 0.40539852 0.46656895
vt 0.39211318 0.46127087
vt 0.39813235 0.47657692
vt 0.40299949 0.49144238
vt 0.38772014 0.47376066
vt 0.41480893 0.47676128
vt 0.42127496 0.49049908
vt 0.42347047 0.47076887
vt 0.43339348 0.48592275
vt 0.43210754 0.49598843
vt 0.43320864 0.47590894
vt 0.44384938 0.48361933
vt 0.43036461 0.46370089
vt 0.44935897 0.4895426
vt 0.41311657 0.46261376
vt 0.43882412 0.46254301
vt 0.4536505 0.48231679
vt 0.42340028 0.45584244
vt 0.45133281 0.47009081
vt 0.44687611 0.4615075
vt 0.80093807 0.47837389
vt 0.81953251 0.47988117
vt 0.79846728 0.49170327
vt 0.79366833 0.47360617
vt 0.82003081 0.46890032
vt 0.81672162 0.49661952
vt 0.79321361 0.46029723
vt 0.82750309 0.48197091
vt 0.80358624 0.45912248
vt 0.80873215 0.44811141
vt 0.79510093 0.44494718
vt 0.80891752 0.43685645
vt 0.78308183 0.45766652
vt 0.79811543 0.4365201
vt 0.78615665 0.47267187
vt 0.7897222 0.43765831
vt 0.79427552 0.42726898
vt 0.76958418 0.46347952
vt 0.81280255 0.4280411
vt 0.77033955 0.44944316
vt 0.7822544 0.42519951
vt 0.78425515 0.44315362
vt 0.75613767 0.45538139
vt 0.77461094 0.44008023
vt 0.75339258 0.44851565
vt 0.7598598 0.47065914
vt 0.76813251 0.42470068
vt 0.75785047 0.43063635
vt 0.78096396 0.42869556
vt 0.61343807 0.97837389
vt 0.59865665 0.97267187
vt 0.60571361 0.96029723
vt 0.48458749 0.47935587
vt 0.47015613 0.48053133
vt 0.46221215 0.46844029
vt 0.47490904 0.46704185
vt 0.46408528 0.4859041
vt 0.45747659 0.45201761
vt 0.49881393 0.468279
vt 0.48545817 0.48785889
vt 0.44746247 0.45659882
vt 0.46437898 0.44153178
vt 0.49431524 0.44783878
vt 0.47793445 0.49673122
vt 0.45055512 0.43650532
vt 0.48054007 0.44389117
vt 0.50423938 0.46552497
vt 0.44058281 0.44117284
vt 0.49895662 0.43537164
vt 0.50370038 0.45606911
vt 0.51558405 0.43695164
vt 0.51447624 0.45344496
vt 0.89402896 0.47089803
vt 0.90351486 0.49110723
vt 0.8865574 0.4815408
vt 0.87966239 0.47420734
vt 0.90964067 0.48618817
vt 0.8806169 0.45725369
vt 0.91336459 0.49589056
vt 0.91234308 0.48100978
vt 0.90668273 0.46062315
vt 0.91162133 0.47025794
vt 0.90143073 0.44768292
vt 0.88677251 0.44482523
vt 0.91555554 0.46186781
vt 0.90705389 0.4391585
vt 0.93020016 0.45018828
vt 0.8967616 0.42215616
vt 0.92195439 0.44363767
vt 0.92376798 0.46217102
vt 0.93057466 0.4335776
vt 0.92886597 0.47307408
vt 0.95295167 0.45126569
vt 0.9405821 0.45917451
vt 0.91744936 0.48506236
vt 0.95149177 0.43522745
vt 0.93103462 0.48450303
vt 0.93984854 0.4834618
vt 0.9367556 0.47179043
vt 0.12799692 0.40885359
vt 0.12324593 0.42342651
vt 0.12097725 0.40813202
vt 0.13243127 0.41712517
vt 0.11720716 0.41887164
vt 0.12929252 0.43274283
vt 0.13910539 0.4030416
vt 0.11341357 0.43222266
vt 0.10733194 0.41581094
vt 0.140992 0.41089523
vt 0.10365907 0.42620969
vt 0.091996454 0.42306864
vt 0.095465653 0.40165728
vt 0.079477467 0.42773736
vt 0.072675936 0.41461438
vt 0.078266002 0.40428287
vt 0.066193908 0.40447247
vt 0.069132552 0.39847016
vt 0.088597432 0.40093583
vt 0.085881189 0.3888675
vt 0.065834969 0.38607901
vt 0.094985962 0.39161187
vt 0.078571916 0.38203835
vt 0.10471725 0.39724547
vt 0.093571961 0.3790037
vt 0.085074142 0.37085706
vt 0.66996115 0.48614264
vt 0.66933209 0.49442393
vt 0.66108769 0.48927248
vt 0.67157638 0.47464722
vt 0.67542404 0.48385382
vt 0.65823758 0.48104274
vt 0.67746514 0.49678969
vt 0.65095252 0.47314739
vt 0.67809695 0.47030866
vt 0.68726987 0.49359912
vt 0.66624868 0.46201724
vt 0.688389 0.48003387
vt 0.64834636 0.46459907
vt 0.68098867 0.45163554
vt 0.68947697 0.4565987
vt 0.66285336 0.45436716
vt 0.69671762 0.46424359
vt 0.6438092 0.45162934
vt 0.6724602 0.44076097
vt 0.70229077 0.43843865
vt 0.63869798 0.46414346
vt 0.64941055 0.43953079
vt 0.66317493 0.44775832
vt 0.70390511 0.46354324
vt 0.6404928 0.45287699
vt 0.6336695 0.45289803
vt 0.67700875 0.42982471
vt 0.63272971 0.44186467
vt 0.62966317 0.45263624
vt 0.63595665 0.43359363
vt 0.21521574 0.82924968
vt 0.20872776 0.83898962
vt 0.20912006 0.81935108
vt 0.22002739 0.8075189
vt 0.19879602 0.82688153
vt 0.20360179 0.80695599
vt 0.20089497 0.8220979
vt 0.2113433 0.80225062
vt 0.2001891 0.79529196
vt 0.21887876 0.7936278
vt 0.20810659 0.78293407
vt 0.19152749 0.78118509
vt 0.21756741 0.77665496
vt 0.19976962 0.77147555
vt 0.22756383 0.79131955
vt 0.21210869 0.76796567
vt 0.55575699 0.44864297
vt 0.57224905 0.44695693
vt 0.55995679 0.46365577
vt 0.54836124 0.4528324
vt 0.57411534 0.43023497
vt 0.5782305 0.46555346
vt 0.55544102 0.43407261
vt 0.58275723 0.41843837
vt 0.5868181 0.45624059
vt 0.56701642 0.41548437
vt 0.53991055 0.4499954
vt 0.5563643 0.4196279
vt 0.54008877 0.43290019
vt 0.54366577 0.46088225
vt 0.5708304 0.405783
vt 0.54756624 0.42106688
vt 0.55599934 0.4147979
vt 0.57928759 0.39234906
vt 0.56059086 0.40370744
vt 0.53863972 0.41915625
vt 0.53512681 0.42409694
vt 0.87263608 0.44934905
vt 0.86356014 0.46217793
vt 0.84687114 0.4455936
vt 0.87437427 0.43787187
vt 0.8453669 0.45704752
vt 0.85468078 0.4236508
vt 0.86037707 0.47681457
vt 0.83071357 0.45549113
vt 0.8392086 0.42826319
vt 0.84176797 0.47196275
vt 0.82358515 0.45336801
vt 0.83198512 0.46744668
vt 0.82164311 0.43617195
vt 0.85377294 0.48543233
vt 0.83596599 0.49589211
vt 0.82927209 0.47250378
vt 0.81664991 0.45177519
vt 0.8505792 0.49649841
vt 0.31914896 0.60066915
vt 0.31590223 0.61036181
vt 0.30054578 0.60265291
vt 0.30956057 0.58312029
vt 0.28782058 0.62064105
vt 0.29769835 0.58950877
vt 0.32189974 0.58695912
vt 0.28540841 0.60718703
vt 0.32249036 0.57756007
vt 0.33738342 0.57027817
vt 0.30846956 0.56406164
vt 0.2931681 0.58804345
vt 0.30931336 0.55001485
vt 0.298062 0.56308496
vt 0.32482216 0.55062175
vt 0.36849123 0.42053443
vt 0.38340867 0.40750492
vt 0.38116947 0.42517859
vt 0.37466639 0.40419137
vt 0.34877375 0.39457583
vt 0.37373817 0.3846482
vt 0.3500703 0.416219
vt 0.38616338 0.3987416
vt 0.36773235 0.36658263
vt 0.34568816 0.43282282
vt 0.33685422 0.40301472
vt 0.34673148 0.36380231
vt 0.33651397 0.42525262
vt 0.32846519 0.41688937
vt 0.3313365 0.38992053
vt 0.33557186 0.37732881
vt 0.31700385 0.42119688
vt 0.32272467 0.40680194
vt 0.088621862 0.45750958
vt 0.1000495 0.46391839
vt 0.09636835 0.47514832
vt 0.082479373 0.46058381
vt 0.10020657 0.45021427
vt 0.089498818 0.48225468
vt 0.083708704 0.448322
vt 0.087613948 0.42754865
vt 0.069059469 0.46894604
vt 0.06960579 0.44685298
vt 0.097396292 0.4249714
vt 0.081875376 0.49597031
vt 0.075065061 0.4357217
vt 0.10556036 0.43351609
vt 0.065974563 0.46467745
vt 0.083878346 0.42933226
vt 0.50272059 0.4343099
vt 0.48934162 0.43392885
vt 0.50142163 0.42752498
vt 0.49073082 0.4152832
vt 0.47227389 0.42768735
vt 0.50453621 0.41503513
vt 0.47615585 0.41072404
vt 0.48816168 0.40895647
vt 0.46411926 0.39667213
vt 0.4997834 0.39888281
vt 0.46042982 0.41377407
vt 0.47925869 0.39800584
vt 0.44895148 0.40773261
vt 0.4855313 0.38767219
vt 0.44173527 0.42149812
vt 0.454326 0.39313906
vt 0.47228402 0.39095557
vt 0.49861699 0.38782728
vt 0.45412105 0.42253464
vt 0.44131294 0.403745
vt 0.48075664 0.36252028
vt 0.5024085 0.3747046
vt 0.46962291 0.38337499
vt 0.6163606 0.41498369
vt 0.6074816 0.433397
vt 0.59840447 0.41034728
vt 0.60487252 0.40057445
vt 0.62755609 0.43175483
vt 0.63207978 0.41844404
vt 0.62500298 0.40720242
vt 0.61361939 0.40964067
vt 0.64070034 0.41082245
vt 0.60563833 0.3853339
vt 0.634543 0.39493364
vt 0.6067822 0.40373045
vt 0.61749858 0.36408079
vt 0.63373584 0.37904793
vt 0.071695849 0.34992301
vt 0.068506524 0.35754657
vt 0.056752868 0.35171789
vt 0.062246222 0.33926064
vt 0.053404924 0.36220294
vt 0.042887039 0.33966678
vt 0.064423196 0.37194508
vt 0.041037872 0.35382277
vt 0.048357781 0.32198983
vt 0.029118193 0.33961326
vt 0.038540915 0.32575679
vt 0.066751577 0.31771863
vt 0.037058234 0.31636906
vt 0.060885988 0.31031108
vt 0.024428179 0.33079773
vt 0.022183251 0.31508458
vt 0.0039440114 0.33704495
vt 0.018137684 0.324108
vt 0.0086180847 0.31822723
vt 0.98792326 0.48311657
vt 0.9840222 0.50219607
vt 0.97789174 0.48343772
vt 0.99149162 0.46462977
vt 0.99576777 0.49949825
vt 0.97681361 0.50665414
vt 0.96827048 0.48082304
vt 0.99583387 0.47675532
vt 0.95779002 0.48814255
vt 0.96851581 0.46652561
vt 0.96790165 0.50180721
vt 0.95276821 0.4778716
vt 0.95867842 0.47456044
vt 0.98040551 0.45975071
vt 0.95274675 0.495906
vt 0.97285038 0.51646459
vt 0.95063615 0.49020958
vt 0.97301871 0.45826596
vt 0.95554441 0.50737071
vt 0.94235754 0.48382401
vt 0.97004515 0.50995183
vt 0.96195114 0.52790117
vt 0.72103906 0.37970424
vt 0.70072538 0.38872594
vt 0.70690477 0.37494296
vt 0.71318072 0.36810368
vt 0.70688266 0.40221047
vt 0.69908029 0.37713557
vt 0.73583359 0.36557847
vt 0.72676176 0.40336919
vt 0.73469061 0.38400561
vt 0.73352462 0.39691287
vt 0.71662968 0.41160244
vt 0.7286483 0.4126246
vt 0.70862067 0.41763401
vt 0.69962531 0.41145843
vt 0.72682387 0.42330164
vt 0.69132954 0.4278146
vt 0.71585673 0.42755711
vt 0.70235378 0.43450511
vt 0.09602847 0.32739919
vt 0.10374507 0.34939116
vt 0.0805206 0.33876002
vt 0.076066561 0.32685506
vt 0.11648242 0.33290219
vt 0.089026548 0.35860801
vt 0.067256488 0.34725648
vt 0.10439586 0.32085603
vt 0.12810551 0.34562141
vt 0.10717554 0.36440927
vt 0.076052427 0.35032237
vt 0.096011423 0.31219518
vt 0.11622439 0.31677496
vt 0.12942162 0.34258002
vt 0.1278 0.34883279
vt 0.11398531 0.36014366
vt 0.12885523 0.32475239
vt 0.13081636 0.33541906
vt 0.13018654 0.35316122
vt 0.13229741 0.32568902
vt 0.12518051 0.37048143
vt 0.1326222 0.35675365
vt 0.13260636 0.35346609
vt 0.13465264 0.35632354
vt 0.89114571 0.84861588
vt 0.89752257 0.8669576
vt 0.88194346 0.85133374
vt 0.90149224 0.85856771
vt 0.88624889 0.87630767
vt 0.90741873 0.85536903
vt 0.9218021 0.87579018
vt 0.89262724 0.8755343
vt 0.89861733 0.83730376
vt 0.90387762 0.89106119
vt 0.88642335 0.83467364
vt 0.91600263 0.89775735
vt 0.87953252 0.84729415
vt 0.90539104 0.90175241
vt 0.22674139 0.38465303
vt 0.21403745 0.36893392
vt 0.22679536 0.36912143
vt 0.20011199 0.38010389
vt 0.22008952 0.35166007
vt 0.20409906 0.38997221
vt 0.185774 0.39267927
vt 0.22003841 0.39580637
vt 0.18821308 0.38187033
vt 0.20708935 0.40218616
vt 0.18054903 0.38532442
vt 0.18932636 0.36912286
vt 0.16714299 0.38490468
vt 0.17680785 0.37826008
vt 0.20152974 0.36445361
vt 0.17590496 0.40268141
vt 0.17750289 0.36908829
vt 0.19337174 0.3604117
vt 0.17780304 0.34627241
vt 0.19180328 0.34569275
vt 0.16072334 0.34535658
vt 0.57545465 0.80579299
vt 0.55962265 0.7962842
vt 0.55534607 0.78393596
vt 0.57052201 0.76888072
vt 0.55446345 0.81853044
vt 0.55075586 0.75714064
vt 0.56384844 0.81738609
vt 0.57295883 0.75997496
vt 0.57309687 0.82468295
vt 0.43063754 0.42233968
vt 0.42767158 0.43314397
vt 0.41344479 0.41353863
vt 0.42442539 0.40598297
vt 0.42056209 0.40249848
vt 0.43515033 0.41816097
vt 0.40941176 0.39796191
vt 0.44067365 0.40139061
vt 0.43811911 0.4074834
vt 0.41047066 0.38523471
vt 0.42458478 0.38851494
vt 0.44073316 0.38270003
vt 0.42829457 0.36740196
vt 0.4360553 0.36897475
vt 0.41472176 0.36879629
vt 0.85258335 0.37033272
vt 0.85405684 0.38317442
vt 0.82859075 0.37632924
vt 0.83181959 0.3675791
vt 0.8192603 0.41594166
vt 0.85002941 0.39518201
vt 0.83264083 0.41317409
vt 0.86042231 0.4121893
vt 0.82691288 0.43306708
vt 0.84729296 0.42054546
vt 0.81575644 0.43229508
vt 0.86177772 0.42627561
vt 0.87003464 0.58515817
vt 0.86413658 0.59252977
vt 0.86449796 0.57764697
vt 0.88067305 0.58017778
vt 0.86621064 0.60844356
vt 0.85988694 0.58804095
vt 0.8782022 0.57483149
vt 0.87825912 0.59648931
vt 0.85923076 0.61071265
vt 0.85035861 0.59826791
vt 0.85267752 0.58388829
vt 0.87050575 0.55632007
vt 0.86030728 0.61778128
vt 0.87675285 0.60842979
vt 0.84797132 0.57278991
vt 0.85739446 0.62066317
vt 0.8737492 0.62165868
vt 0.85912728 0.62044019
vt 0.30074874 0.39359504
vt 0.29129836 0.38542777
vt 0.3047277 0.38455969
vt 0.31464645 0.38460869
vt 0.28660199 0.40122581
vt 0.30248752 0.37097937
vt 0.31757158 0.39059168
vt 0.28007385 0.38932359
vt 0.28755978 0.37351155
vt 0.31285602 0.37351608
vt 0.2750777 0.40185636
vt 0.27705956 0.38575971
vt 0.29542685 0.36888957
vt 0.30987915 0.36121851
vt 0.26686436 0.38164973
vt 0.30486798 0.34925759
vt 0.27203378 0.36203694
vt 0.28606921 0.35780257
vt 0.26283389 0.35530865
vt 0.25467187 0.37574112
vt 0.54371732 0.54479766
vt 0.53641176 0.53725272
vt 0.54954922 0.537745
vt 0.54725856 0.53059906
vt 0.53566146 0.51751637
vt 0.56037158 0.52736306
vt 0.55315322 0.51618856
vt 0.56330955 0.54436541
vt 0.54426152 0.51039785
vt 0.57008255 0.53095436
vt 0.57851291 0.53680849
vt 0.59136164 0.5252347
vt 0.58543694 0.55852944
vt 0.59520304 0.54472482
vt 0.5885818 0.54925799
vt 0.5990274 0.53665113
vt 0.34590513 0.35949355
vt 0.34981063 0.34785789
vt 0.35720903 0.3576923
vt 0.34517258 0.33649439
vt 0.3536278 0.33699799
vt 0.32418922 0.36095166
vt 0.3668071 0.32203156
vt 0.3252725 0.33709484
vt 0.36305049 0.31121141
vt 0.31715935 0.36119318
vt 0.3437593 0.32765418
vt 0.35221791 0.31264251
vt 0.37945151 0.31069702
vt 0.31582487 0.3706705
vt 0.33876979 0.31470048
vt 0.38121602 0.31471395
vt 0.32745525 0.30942708
vt 0.80613911 0.95586681
vt 0.80053586 0.95179063
vt 0.80480063 0.94718361
vt 0.81969434 0.95946538
vt 0.79930246 0.96428001
vt 0.81491852 0.963067
vt 0.81810528 0.94319767
vt 0.7855823 0.96887755
vt 0.80828393 0.93297768
vt 0.80635649 0.97841638
vt 0.79497313 0.98411924
vt 0.82063603 0.98687667
vt 0.80427176 0.99544477
vt 0.78499669 0.98151475
vt 0.79558343 0.9918378
vt 0.54224914 0.36431789
vt 0.52919179 0.35432523
vt 0.54194218 0.33838993
vt 0.55979151 0.3369509
vt 0.52961498 0.36674267
vt 0.53301823 0.33846945
vt 0.56494182 0.35221559
vt 0.5386132 0.3283186
vt 0.52041221 0.34484595
vt 0.55096251 0.3706789
vt 0.54994488 0.32208139
vt 0.52717143 0.32757443
vt 0.52458078 0.33537555
vt 0.53719062 0.31098777
vt 0.5134685 0.32307756
vt 0.52418441 0.30830163
vt 0.50336665 0.33727449
vt 0.93853152 0.38863093
vt 0.9561491 0.38887024
vt 0.9520238 0.40684968
vt 0.93300754 0.41263962
vt 0.94197226 0.38395274
vt 0.94010895 0.42675024
vt 0.92995763 0.40281212
vt 0.93803471 0.37131613
vt 0.92617947 0.43263704
vt 0.91783684 0.40913308
vt 0.92562753 0.38610035
vt 0.92096865 0.4215554
vt 0.91012335 0.41678357
vt 0.78919142 0.36343706
vt 0.80270576 0.37484002
vt 0.79613924 0.38557184
vt 0.77480316 0.369775
vt 0.77933836 0.38317662
vt 0.76319319 0.36354876
vt 0.78933066 0.39614141
vt 0.75570124 0.39577442
vt 0.76982975 0.35191929
vt 0.77916914 0.40093994
vt 0.76009101 0.38183653
vt 0.75435108 0.35335624
vt 0.78642875 0.35093832
vt 0.7607643 0.36387271
vt 0.75979149 0.40197575
vt 0.75474727 0.36733836
vt 0.77811414 0.34111428
vt 0.6530087 0.38103169
vt 0.65116799 0.37044591
vt 0.65550613 0.36446208
vt 0.6694954 0.38452238
vt 0.63666475 0.37672591
vt 0.63782674 0.36157656
vt 0.67929149 0.380669
vt 0.65680879 0.39623308
vt 0.63788474 0.39736915
vt 0.65852445 0.35586029
vt 0.67073613 0.36529154
vt 0.6618641 0.40216416
vt 0.62796003 0.3739956
vt 0.64005035 0.34235656
vt 0.64418614 0.40273458
vt 0.57979369 0.66123462
vt 0.59097028 0.66072714
vt 0.59192336 0.67575216
vt 0.58290261 0.68124235
vt 0.582057 0.65276414
vt 0.59837806 0.6579895
vt 0.56606787 0.67289567
vt 0.6038152 0.68331504
vt 0.59888375 0.64971912
vt 0.61417711 0.6736573
vt 0.59132016 0.64935052
vt 0.60868275 0.65311623
vt 0.58596551 0.64931101
vt 0.60200673 0.64850926
vt 0.62137657 0.66870928
vt 0.6074574 0.6478433
vt 0.62134182 0.65339828
vt 0.61868906 0.64759672
vt 0.62209278 0.64908922
vt 0.71237397 0.82021034
vt 0.7086646 0.80971527
vt 0.71887356 0.78228509
vt 0.6917578 0.81564623
vt 0.70829988 0.7919243
vt 0.69125861 0.82749104
vt 0.69750208 0.80479085
vt 0.70273507 0.83605033
vt 0.71024698 0.8399328
vt 0.84890831 0.78817105
vt 0.83153731 0.78395987
vt 0.84426558 0.76252234
vt 0.85917902 0.77287
vt 0.83849692 0.78888524
vt 0.8317709 0.76931846
vt 0.85846716 0.78120011
vt 0.82936537 0.79791075
vt 0.82511646 0.767003
vt 0.82321155 0.79103446
vt 0.83407563 0.80460823
vt 0.83052868 0.75191271
vt 0.82044256 0.78027928
vt 0.82261705 0.80765271
vt 0.8166213 0.7715959
vt 0.81787813 0.79522246
vt 0.81609607 0.78967345
vt 0.91770905 0.39346623
vt 0.90168297 0.38475055
vt 0.90477949 0.3673898
vt 0.91266882 0.36069578
vt 0.90148586 0.39114535
vt 0.89754337 0.36528236
vt 0.93266416 0.37328857
vt 0.89838845 0.3511526
vt 0.8791908 0.38147116
vt 0.9179433 0.40177852
vt 0.9245283 0.35856748
vt 0.88132435 0.36593252
vt 0.88281059 0.3541863
vt 0.93332487 0.36362892
vt 0.68985778 0.63535351
vt 0.68028921 0.65219975
vt 0.67647946 0.64758927
vt 0.67413932 0.64690948
vt 0.6763413 0.64958739
vt 0.67626745 0.65092331
vt 0.66804534 0.63124752
vt 0.67867714 0.61542761
vt 0.69008613 0.61381292
vt 0.66059315 0.62221003
vt 0.67826819 0.59776103
vt 0.66121936 0.60879338
vt 0.69021779 0.59872627
vt 0.67006397 0.60715139
vt 0.73986411 0.55686647
vt 0.74226433 0.58175135
vt 0.72326285 0.56602323
vt 0.72867453 0.55640805
vt 0.75327563 0.57356256
vt 0.7363382 0.59024328
vt 0.73758286 0.53964162
vt 0.75014704 0.54965818
vt 0.72485226 0.57959831
vt 0.76539075 0.53572303
vt 0.38013166 0.46082771
vt 0.36255205 0.45416152
vt 0.36454168 0.44101459
vt 0.35991466 0.47139013
vt 0.35346472 0.44298363
vt 0.35875788 0.49330133
vt 0.34735674 0.46568298
vt 0.36143321 0.49610263
vt 0.34874722 0.48392177
vt 0.37350202 0.48964411
vt 0.38464281 0.48926651
vt 0.39061931 0.48511767
vt 0.38916817 0.49105448
vt 0.56595832 0.34931111
vt 0.57475466 0.35414463
vt 0.57263166 0.35611033
vt 0.56558323 0.3425622
vt 0.58080012 0.33762681
vt 0.60038424 0.32838267
vt 0.60151303 0.349181
vt 0.62172204 0.34974563
vt 0.57588345 0.3631072
vt 0.61784345 0.36340886
vt 0.57809132 0.36529738
vt 0.57242268 0.35765779
vt 0.60872197 0.36121136
vt 0.58744037 0.36890626
vt 0.61249268 0.36950856
vt 0.60645872 0.37043673
vt 0.59004349 0.36932212
vt 0.60174084 0.36916912
vt 0.43274248 0.36163867
vt 0.41858235 0.36210477
vt 0.41869643 0.34795028
vt 0.42762744 0.3471446
vt 0.40306938 0.36007625
vt 0.41596067 0.33729035
vt 0.40417951 0.34257615
vt 0.41582558 0.36904025
vt 0.42552677 0.33119184
vt 0.39069808 0.35005724
vt 0.40720421 0.37102163
vt 0.41210553 0.32598501
vt 0.38864636 0.32476479
vt 0.38559765 0.35709506
vt 0.37857386 0.32484108
vt 0.3992697 0.36397779
vt 0.37878114 0.34587848
vt 0.3790881 0.36572427
vt 0.39096776 0.36952114
vt 0.53605992 0.40369505
vt 0.53974628 0.41053361
vt 0.52155823 0.4113825
vt 0.52255952 0.39630085
vt 0.53211629 0.42855263
vt 0.50439847 0.39086324
vt 0.53583992 0.3812108
vt 0.52418441 0.43421525
vt 0.51293063 0.37980163
vt 0.50810224 0.41820419
vt 0.5470438 0.38457221
vt 0.5203805 0.38015777
vt 0.51547986 0.42684907
vt 0.23778446 0.35458332
vt 0.23939778 0.34758902
vt 0.25622305 0.33881509
vt 0.26517797 0.35346144
vt 0.22322363 0.34895271
vt 0.22842857 0.32952613
vt 0.25109372 0.37037551
vt 0.26545149 0.32978404
vt 0.2282656 0.3607325
vt 0.24982278 0.31628454
vt 0.2353843 0.36672002
vt 0.27734715 0.34888941
vt 0.22969238 0.31737423
vt 0.27011216 0.32235181
vt 0.27718097 0.33700699
vt 0.71003008 0.3600716
vt 0.70957118 0.36698699
vt 0.69708592 0.37025869
vt 0.71353006 0.34728777
vt 0.69237143 0.34182364
vt 0.68844229 0.36712182
vt 0.71106976 0.32772249
vt 0.67938006 0.34650379
vt 0.69374353 0.32325578
vt 0.66375518 0.35707313
vt 0.67819041 0.33021253
vt 0.66856211 0.34622735
vt 0.68218893 0.37159389
vt 0.65935552 0.35082227
vt 0.66684008 0.33254027
vt 0.66029865 0.33568543
vt 0.63493413 0.75156671
vt 0.6437673 0.74462986
vt 0.65178412 0.75873762
vt 0.6320526 0.77701426
vt 0.63246393 0.7350412
vt 0.65734738 0.74464029
vt 0.6392495 0.77790201
vt 0.64727592 0.73786986
vt 0.64897019 0.76720136
vt 0.64614809 0.73223817
vt 0.65687746 0.74370068
vt 0.65629101 0.76918316
vt 0.64281714 0.72524756
vt 0.6586557 0.77256894
vt 0.64036 0.72475868
vt 0.65819943 0.76531142
vt 0.62901586 0.72688758
vt 0.63277793 0.72415406
vt 0.75604129 0.94346273
vt 0.7709195 0.9497112
vt 0.76576865 0.95552361
vt 0.75428486 0.96587372
vt 0.76901478 0.97009802
vt 0.7797401 0.9576748
vt 0.76580769 0.97406226
vt 0.78475034 0.96634644
vt 0.75577468 0.98296547
vt 0.77904725 0.97618413
vt 0.77185023 0.97815424
vt 0.77149826 0.99520826
vt 0.74069548 0.46531582
vt 0.72292376 0.45938206
vt 0.74288023 0.43957973
vt 0.73258662 0.43214875
vt 0.77467924 0.41510683
vt 0.73043352 0.41794634
vt 0.72606397 0.42572635
vt 0.94945002 0.85872656
vt 0.95948088 0.84341007
vt 0.95735288 0.84818625
vt 0.94802219 0.84903163
vt 0.96026909 0.84537619
vt 0.93722767 0.85359025
vt 0.94140393 0.84432274
vt 0.94541973 0.86022586
vt 0.94130462 0.86038804
vt 0.93120426 0.84386164
vt 0.93222648 0.86894459
vt 0.92028576 0.85651934
vt 0.93161416 0.86919373
vt 0.92022544 0.84498775
vt 0.9240799 0.86434734
vt 0.91338515 0.85590458
vt 0.91753721 0.83470356
vt 0.91708851 0.86605388
vt 0.91300994 0.85199523
vt 0.91527826 0.86091173
vt 0.91013378 0.83891851
vt 0.91819346 0.86828232
vt 0.91003817 0.8409586
vt 0.92216611 0.87059212
vt 0.9095943 0.83920759
vt 0.92026401 0.87037861
vt 0.9258194 0.86753517
vt 0.90967184 0.83886087
vt 0.92124015 0.87128294
vt 0.40663144 0.53855824
vt 0.40690029 0.52341783
vt 0.41185489 0.52296138
vt 0.41247073 0.52559966
vt 0.39663336 0.5381757
vt 0.41236129 0.52401841
vt 0.41639125 0.52906036
vt 0.39997455 0.53012961
vt 0.39419642 0.53888577
vt 0.42077473 0.53758812
vt 0.39900285 0.52671337
vt 0.40651146 0.5435921
vt 0.42125472 0.54058152
vt 0.40496951 0.52183557
vt 0.38975573 0.54055309
vt 0.42205641 0.54034209
vt 0.415952 0.5489378
vt 0.3826772 0.54916286
vt 0.42288062 0.54231429
vt 0.39928073 0.55257988
vt 0.37913638 0.54642391
vt 0.42722332 0.55041051
vt 0.42527291 0.55720615
vt 0.42890266 0.55315816
vt 0.41882184 0.55776936
vt 0.6153878 0.74662936
vt 0.62807918 0.75752813
vt 0.62297797 0.75763172
vt 0.61645901 0.74229681
vt 0.62383032 0.77114576
vt 0.63479894 0.75010657
vt 0.62068856 0.76741892
vt 0.63311613 0.75967371
vt 0.63595849 0.74355209
vt 0.61636817 0.77190918
vt 0.63322532 0.76989764
vt 0.61266929 0.77412051
vt 0.62864757 0.79012942
vt 0.61812162 0.78070366
vt 0.63395858 0.78485072
vt 0.63312274 0.7920413
vt 0.15891366 0.35244399
vt 0.14600536 0.3459841
vt 0.16327167 0.33522254
vt 0.14559665 0.3624115
vt 0.14381276 0.33398443
vt 0.13677683 0.35466641
vt 0.15120293 0.32540148
vt 0.12976 0.33954489
vt 0.13468346 0.36185044
vt 0.16472775 0.32292354
vt 0.1431721 0.37130159
vt 0.17334625 0.3278054
vt 0.17139411 0.33793801
vt 0.17966089 0.34017521
vt 0.83115143 0.34731042
vt 0.83228749 0.36000997
vt 0.81619143 0.35479075
vt 0.82287544 0.33710587
vt 0.84251553 0.36052102
vt 0.82356191 0.36551821
vt 0.83278841 0.33729309
vt 0.84687394 0.35820484
vt 0.8258099 0.32614237
vt 0.85225767 0.33681828
vt 0.84596157 0.3715871
vt 0.85416782 0.34857684
vt 0.8668732 0.34539551
vt 0.85845357 0.36628366
vt 0.8666541 0.3541429
vt 0.96121067 0.33969635
vt 0.95680374 0.31944656
vt 0.9669134 0.32320815
vt 0.98026949 0.34353006
vt 0.94728625 0.32931328
vt 0.97347432 0.34629095
vt 0.96120965 0.34774286
vt 0.97033399 0.3613444
vt 0.94190198 0.3548125
vt 0.98930186 0.36101592
vt 0.95122439 0.35882592
vt 0.96018434 0.36682206
vt 0.97968853 0.36927563
vt 0.97425711 0.37035584
vt 0.45328027 0.33443433
vt 0.46207747 0.32213223
vt 0.47953111 0.34000802
vt 0.46456963 0.3395772
vt 0.44740066 0.31765455
vt 0.47219288 0.31275189
vt 0.44126737 0.30366975
vt 0.46120024 0.30473089
vt 0.48596686 0.33017421
vt 0.44799429 0.29161209
vt 0.22018178 0.30986673
vt 0.21716179 0.29156762
vt 0.23104116 0.30982727
vt 0.20415187 0.29091209
vt 0.2359858 0.30061781
vt 0.20217887 0.30832458
vt 0.21724793 0.31570876
vt 0.21635994 0.32287556
vt 0.20013845 0.33886421
vt 0.21467017 0.33946311
vt 0.19063066 0.32552022
vt 0.52596444 0.61243415
vt 0.51462883 0.60394251
vt 0.52061999 0.59475005
vt 0.53163463 0.60555065
vt 0.51580858 0.62020606
vt 0.50385356 0.59614551
vt 0.52436072 0.58575797
vt 0.50413328 0.6049946
vt 0.51019233 0.57895297
vt 0.5217604 0.57214737
vt 0.50677043 0.62015224
vt 0.61779755 0.9809171
vt 0.63000721 0.97079539
vt 0.63497055 0.98047924
vt 0.62858355 0.99161762
vt 0.61819994 0.95521951
vt 0.6181649 0.99010462
vt 0.63210326 0.96086365
vt 0.62031752 0.99612051
vt 0.62523103 0.94780862
vt 0.61359227 0.94740903
vt 0.62232733 0.33811742
vt 0.62400931 0.33027327
vt 0.63118041 0.3402003
vt 0.60440165 0.33411247
vt 0.62800413 0.31848633
vt 0.617091 0.3141948
vt 0.63857085 0.32638311
vt 0.60734028 0.32145017
vt 0.62879169 0.30678582
vt 0.64554268 0.30875772
vt 0.64240086 0.33866966
vt 0.59780866 0.31137812
vt 0.6124686 0.30557519
vt 0.63010222 0.29570061
vt 0.61080128 0.29733789
vt 0.63811463 0.29675335
vt 0.62730622 0.29249096
vt 0.098166801 0.48576683
vt 0.11606336 0.48598349
vt 0.10156909 0.49526489
vt 0.10123421 0.48097563
vt 0.11904443 0.46828276
vt 0.12449874 0.48202085
vt 0.10545231 0.46986562
vt 0.098325096 0.4565571
vt 0.11594389 0.45807296
vt 0.10833947 0.44635129
vt 0.1192112 0.44979268
vt 0.27937376 0.5270406
vt 0.26636937 0.51817918
vt 0.28476804 0.51422024
vt 0.29266924 0.52669752
vt 0.2765919 0.50481153
vt 0.30014908 0.5136832
vt 0.25742275 0.50301087
vt 0.3004573 0.5111053
vt 0.25315416 0.50816464
vt 0.26430196 0.49411094
vt 0.28161404 0.50258303
vt 0.30211434 0.511814
vt 0.26783347 0.49403387
vt 0.95862693 0.42585111
vt 0.95593435 0.41742563
vt 0.97610587 0.418006
vt 0.96813524 0.4337734
vt 0.94195807 0.42534214
vt 0.95801663 0.41111767
vt 0.94833291 0.42948973
vt 0.9718048 0.40694797
vt 0.97522438 0.39600921
vt 0.98340333 0.40830243
vt 0.98380476 0.40068364
vt 0.98298138 0.42003775
vt 0.98429608 0.39578038
vt 0.98181498 0.38913035
vt 0.98464966 0.39166498
vt 0.9847244 0.38821059
vt 0.98478991 0.3873502
vt 0.75630409 0.31740749
vt 0.74506694 0.30966151
vt 0.75661409 0.29314548
vt 0.77037376 0.30044991
vt 0.73881984 0.32195389
vt 0.73367363 0.3063609
vt 0.76437455 0.32830179
vt 0.75529522 0.3321045
vt 0.74675995 0.3308208
vt 0.72203273 0.31356227
vt 0.73763579 0.34016728
vt 0.30436224 0.30096346
vt 0.29628089 0.31692177
vt 0.30280304 0.29996306
vt 0.30588922 0.32155317
vt 0.28823793 0.31020153
vt 0.31473836 0.31081092
vt 0.30640417 0.33526212
vt 0.30144945 0.2989409
vt 0.28570008 0.3304497
vt 0.30629462 0.29968613
vt 0.29228181 0.29529601
vt 0.32131183 0.30566734
vt 0.29230422 0.33963436
vt 0.28649661 0.29459286
vt 0.28854093 0.29433167
vt 0.28593746 0.29313755
vt 0.94301575 0.92606002
vt 0.93407023 0.91578621
vt 0.94014096 0.91446078
vt 0.93061787 0.92727941
vt 0.92808247 0.90568233
vt 0.93928534 0.93304217
vt 0.93844241 0.88756877
vt 0.95041078 0.88882864
vt 0.92538989 0.88767958
vt 0.70028341 0.84962791
vt 0.68995798 0.84850532
vt 0.69832677 0.83500075
vt 0.70845604 0.83832949
vt 0.68859184 0.83017796
vt 0.70727563 0.85520148
vt 0.67625803 0.83848059
vt 0.71371692 0.85130811
vt 0.67721212 0.85254246
vt 0.7205556 0.847646
vt 0.22140314 0.4840675
vt 0.21153176 0.4960146
vt 0.20037895 0.49182171
vt 0.21923374 0.47106332
vt 0.20397735 0.47944719
vt 0.19325709 0.47174257
vt 0.19079269 0.4849456
vt 0.21395813 0.4564845
vt 0.19718648 0.45084876
vt 0.76718694 0.68665063
vt 0.761567 0.69506532
vt 0.75057501 0.69038779
vt 0.75848222 0.68233025
vt 0.75993222 0.69713342
vt 0.7403819 0.67338359
vt 0.75150871 0.69980061
vt 0.72267854 0.69541496
vt 0.72624564 0.67522156
vt 0.16903053 0.62040222
vt 0.15666603 0.62159723
vt 0.1664224 0.61377484
vt 0.14497457 0.61649603
vt 0.15247691 0.6093967
vt 0.14954667 0.59761584
vt 0.13859951 0.60072255
vt 0.17328516 0.59815156
vt 0.13991894 0.5934388
vt 0.12949154 0.59390199
vt 0.035402205 0.74661356
vt 0.036253382 0.73096156
vt 0.05388914 0.73010063
vt 0.053006954 0.70187342
vt 0.040107679 0.71489322
vt 0.063614711 0.71900713
vt 0.25937685 0.69427156
vt 0.25747192 0.70601654
vt 0.25114504 0.71453565
vt 0.24641174 0.70992154
vt 0.24009639 0.69022983
vt 0.23686251 0.71077818
vt 0.25038159 0.68636
vt 0.23106657 0.69759125
vt 0.24371593 0.67909575
vt 0.26142505 0.67918658
vt 0.2391637 0.66964698
vt 0.22966878 0.70746243
vt 0.22271547 0.69150639
vt 0.80534899 0.31508738
vt 0.82408166 0.29780328
vt 0.81975991 0.3316884
vt 0.78561246 0.34034342
vt 0.80956775 0.29604346
vt 0.79244286 0.3238079
vt 0.78918344 0.29667431
vt 0.78648704 0.31209707
vt 0.8609162 0.31593525
vt 0.87088794 0.30458021
vt 0.88115877 0.31095821
vt 0.8714698 0.32009512
vt 0.85846287 0.30858374
vt 0.88641977 0.32105178
vt 0.85442442 0.3257162
vt 0.86316848 0.2972706
vt 0.87830758 0.32873845
vt 0.85546702 0.33744913
vt 0.85283494 0.30327702
vt 0.87227517 0.33060658
vt 0.87034309 0.34005755
vt 0.84849268 0.3150053
vt 0.84724224 0.30294895
vt 0.8809517 0.33624071
vt 0.87814653 0.33030874
vt 0.94723463 0.52705503
vt 0.9418993 0.52061254
vt 0.95278621 0.5140934
vt 0.93197376 0.52626503
vt 0.94442099 0.50091994
vt 0.93475467 0.50782275
vt 0.92298746 0.51632023
vt 0.91889793 0.4991796
vt 0.92917573 0.49466801
vt 0.9097383 0.51093149
vt 0.8247872 0.8465144
vt 0.82435691 0.828646
vt 0.83182532 0.8396917
vt 0.82882452 0.87068731
vt 0.81696671 0.8619101
vt 0.84549713 0.8525691
vt 0.9413951 0.32683754
vt 0.92805654 0.33950526
vt 0.93023396 0.32764727
vt 0.92399597 0.32095444
vt 0.93626362 0.31115496
vt 0.92455566 0.31081718
vt 0.95224863 0.32241601
vt 0.91297066 0.30829912
vt 0.93241829 0.29936844
vt 0.91614097 0.30279112
vt 0.90922201 0.32339072
vt 0.92043209 0.30190003
vt 0.92487353 0.29875678
vt 0.92291462 0.75228554
vt 0.93857378 0.7582761
vt 0.92332244 0.77742237
vt 0.913629 0.76229858
vt 0.92701542 0.73689163
vt 0.93394893 0.77182215
vt 0.91042465 0.77380961
vt 0.58204347 0.38226396
vt 0.5933423 0.38046306
vt 0.5865562 0.40243858
vt 0.57651162 0.38998044
vt 0.58439481 0.37005103
vt 0.56726664 0.38284761
vt 0.60219151 0.3690998
vt 0.56571817 0.36753231
vt 0.57313889 0.36121196
vt 0.038854484 0.37931675
vt 0.049124863 0.37362558
vt 0.041374214 0.3957817
vt 0.034575459 0.3866207
vt 0.035380185 0.36940527
vt 0.057080593 0.38126713
vt 0.052725501 0.36170745
vt 0.056912486 0.38831985
vt 0.040439013 0.36142963
vt 0.047703397 0.4028883
vt 0.065927625 0.39139497
vt 0.26130438 0.60275197
vt 0.27014971 0.62148082
vt 0.25448081 0.61114103
vt 0.25714508 0.60641837
vt 0.27205595 0.60156476
vt 0.25970495 0.60014367
vt 0.26798224 0.58640552
vt 0.28124988 0.60897726
vt 0.28335339 0.59875798
vt 0.26153931 0.58622229
vt 0.26291674 0.58268201
vt 0.83278483 0.98341244
vt 0.83846956 0.98097789
vt 0.84425199 0.98911762
vt 0.84437931 0.99681926
vt 0.83227521 0.97234988
vt 0.84973383 0.98613745
vt 0.84447241 0.96191007
vt 0.83162391 0.95773017
vt 0.9557665 0.96500051
vt 0.95812231 0.97404414
vt 0.94061416 0.9790805
vt 0.94043171 0.96903461
vt 0.95638084 0.98436749
vt 0.94687086 0.95709121
vt 0.94948596 0.99641728
vt 0.95824385 0.99113214
vt 0.34462869 0.82545304
vt 0.31634989 0.82026637
vt 0.35573971 0.82026315
vt 0.3529942 0.83178151
vt 0.33503485 0.83901435
vt 0.32696119 0.83567572
vt 0.34873575 0.83931339
vt 0.10799002 0.3994
vt 0.09777043 0.38446927
vt 0.10731415 0.38275385
vt 0.11600021 0.38551432
vt 0.10105611 0.36689073
vt 0.11983669 0.40030479
vt 0.11367568 0.37317425
vt 0.12638514 0.38821864
vt 0.1174652 0.36308998
vt 0.1300928 0.40277576
vt 0.66223609 0.55336249
vt 0.65615398 0.54019189
vt 0.66750336 0.53807294
vt 0.65348971 0.55829859
vt 0.66059846 0.52832371
vt 0.64438355 0.5439775
vt 0.64492714 0.52325487
vt 0.63923591 0.5522964
vt 0.62881851 0.53855509
vt 0.62925273 0.52642137
vt 0.60774219 0.6404947
vt 0.60215753 0.618487
vt 0.61855543 0.63674712
vt 0.61936879 0.64851737
vt 0.59737533 0.63347912
vt 0.63264114 0.6498155
vt 0.62427616 0.65296489
vt 0.63583112 0.63946664
vt 0.031334646 0.28583449
vt 0.033656709 0.30288237
vt 0.021884058 0.30281276
vt 0.022685364 0.28789747
vt 0.023043834 0.30951852
vt 0.019799303 0.26929337
vt 0.01582225 0.30282509
vt 0.012467377 0.30795068
vt 0.0030517657 0.29051435
vt 0.008415794 0.2754184
vt 0.047973122 0.28172952
vt 0.049522821 0.27038383
vt 0.062162731 0.29208773
vt 0.049644746 0.29489583
vt 0.060998175 0.27832991
vt 0.056220707 0.30817074
vt 0.035822656 0.29160637
vt 0.069502644 0.27111274
vt 0.070383452 0.28793854
vt 0.041629959 0.30584705
vt 0.067649037 0.30475849
vt 0.04310837 0.29784876
vt 0.036734533 0.27516049
vt 0.044922404 0.27107632
vt 0.13625133 0.40151387
vt 0.14345635 0.38945383
vt 0.15612017 0.39627475
vt 0.13154635 0.38659281
vt 0.15615942 0.37960881
vt 0.12981197 0.37417465
vt 0.15533228 0.36550498
vt 0.51836139 0.9466086
vt 0.50907117 0.9487226
vt 0.50336146 0.93335891
vt 0.52243054 0.93984556
vt 0.51856327 0.92345971
vt 0.50876915 0.9112162
vt 0.52758771 0.93190473
vt 0.50341755 0.79461598
vt 0.5143171 0.78638673
vt 0.52264893 0.79275692
vt 0.52255166 0.8056072
vt 0.51012534 0.77946156
vt 0.51068652 0.80851561
vt 0.52831143 0.77139843
vt 0.52952355 0.7799027
vt 0.52411705 0.79075408
vt 0.53241009 0.83996117
vt 0.51863229 0.82635748
vt 0.52473968 0.80610222
vt 0.53833008 0.81117463
vt 0.53343797 0.80340439
vt 0.54188341 0.82307416
vt 0.80686331 0.73933029
vt 0.81014609 0.726807
vt 0.81130737 0.74643004
vt 0.80865628 0.75263035
vt 0.78549165 0.72517478
vt 0.79938591 0.76105154
vt 0.55885398 0.99512392
vt 0.55079073 0.98704314
vt 0.56165618 0.98674226
vt 0.56957787 0.99107701
vt 0.56026745 0.97623384
vt 0.57861125 0.98923659
vt 0.57513744 0.97400689
vt 0.5850634 0.98584259
vt 0.0054146652 0.3484565
vt 0.013174875 0.34272677
vt 0.014112795 0.35977554
vt 0.0029781358 0.36572194
vt 0.021220665 0.34675658
vt 0.021938965 0.36267579
vt 0.034468748 0.34810024
vt 0.038169663 0.36237895
vt 0.032389473 0.37051785
vt 0.61400896 0.88692617
vt 0.61881292 0.87649006
vt 0.62281728 0.89822084
vt 0.62904817 0.89699996
vt 0.62496275 0.90200913
vt 0.63404137 0.87827355
vt 0.63477826 0.86763513
vt 0.87310904 0.74915731
vt 0.88291764 0.74358213
vt 0.87627214 0.76222223
vt 0.86866426 0.75544024
vt 0.88089794 0.73348212
vt 0.88764608 0.74630493
vt 0.86260492 0.73703533
vt 0.88195264 0.74182481
vt 0.86529946 0.72739911
vt 0.88347429 0.73351532
vt 0.46227983 0.36995846
vt 0.47289437 0.36214244
vt 0.472464 0.37181365
vt 0.46101448 0.36912143
vt 0.46091858 0.36961097
vt 0.45198652 0.3549881
vt 0.46038896 0.3693102
vt 0.47430396 0.34906566
vt 0.45169771 0.35960197
vt 0.45597905 0.33520848
vt 0.44975218 0.35695755
vt 0.44125265 0.35162246
vt 0.44827601 0.35579354
vt 0.44090867 0.35195923
vt 0.83542067 0.61681664
vt 0.81807983 0.62843204
vt 0.80164814 0.61550993
vt 0.82661045 0.63643962
vt 0.8091588 0.63542116
vt 0.50485635 0.74655497
vt 0.51474047 0.73055923
vt 0.52375984 0.73501152
vt 0.5062356 0.71189058
vt 0.51834148 0.71949542
vt 0.80122656 0.79340124
vt 0.8138448 0.78639269
vt 0.80885863 0.80878586
vt 0.80205858 0.77486527
vt 0.82110757 0.80478823
vt 0.7360695 0.99686766
vt 0.74545205 0.98402834
vt 0.74492389 0.99696016
vt 0.73865134 0.97872144
vt 0.75552326 0.99056643
vt 0.741009 0.97693652
vt 0.72772568 0.98901105
vt 0.74491048 0.97775859
vt 0.73621833 0.97813845
vt 0.72788876 0.98004347
vt 0.72555971 0.9887017
vt 0.72261035 0.98326242
vt 0.72562277 0.9887082
vt 0.67946857 0.40295285
vt 0.66415966 0.41418791
vt 0.66398275 0.41149795
vt 0.66676629 0.40003288
vt 0.68811846 0.40663707
vt 0.66299111 0.41445291
vt 0.6761182 0.42904699
vt 0.66280192 0.41652703
vt 0.68924838 0.41808981
vt 0.66699708 0.42681307
vt 0.69070864 0.43312413
vt 0.6677959 0.43424916
vt 0.66053337 0.42671561
vt 0.5707342 0.91882759
vt 0.58138061 0.91439295
vt 0.57597435 0.93360817
vt 0.56590939 0.91480178
vt 0.57680112 0.90114111
vt 0.56638664 0.90386671
vt 0.98718941 0.82155901
vt 0.99452013 0.83670002
vt 0.98086745 0.83729392
vt 0.99167466 0.85153687
vt 0.97460544 0.85550809
vt 0.97349471 0.84319651
vt 0.92512476 0.62202078
vt 0.93936837 0.61626184
vt 0.94317669 0.62836826
vt 0.93928021 0.6351155
vt 0.95471507 0.6193974
vt 0.95716411 0.63716829
vt 0.92649692 0.63722658
vt 0.17148538 0.49181944
vt 0.1740586 0.47430766
vt 0.17249905 0.4910844
vt 0.16168097 0.48620909
vt 0.18183325 0.47738421
vt 0.16026305 0.49527454
vt 0.17326494 0.49093795
vt 0.18377855 0.4649325
vt 0.18946597 0.49073905
vt 0.17599209 0.49199629
vt 0.18755034 0.49391067
vt 0.18960735 0.4942252
vt 0.97247654 0.70940578
vt 0.99692971 0.71714318
vt 0.98058248 0.73011577
vt 0.99167681 0.70559013
vt 0.99717891 0.7229706
vt 0.99127448 0.69895679
vt 0.63508511 0.98266065
vt 0.63401502 0.97199941
vt 0.64059687 0.96577007
vt 0.64909554 0.97899413
vt 0.63623351 0.99348509
vt 0.62977785 0.99536902
vt 0.6005069 0.4402163
vt 0.60727471 0.44416946
vt 0.60054862 0.45417774
vt 0.61482799 0.43344176
vt 0.61693114 0.4577536
vt 0.61903465 0.44797146
vt 0.61246437 0.46168202
vt 0.6289227 0.45162237
vt 0.59800792 0.46220702
vt 0.6215992 0.46438539
vt 0.24361213 0.401761
vt 0.23105794 0.40193009
vt 0.24700655 0.38637257
vt 0.25199333 0.37861562
vt 0.22937919 0.38538736
vt 0.23679318 0.37193656
vt 0.22362135 0.39833748
vt 0.24730791 0.37239772
vt 0.64450604 0.95572722
vt 0.64824867 0.96011633
vt 0.635732 0.96578199
vt 0.64259535 0.94541675
vt 0.6291346 0.9471432
vt 0.63305771 0.93288088
vt 0.9302516 0.87035453
vt 0.9347983 0.86691201
vt 0.93910688 0.87642527
vt 0.9265092 0.88610673
vt 0.95022935 0.87591916
vt 0.94387263 0.88145924
vt 0.93990409 0.86228812
vt 0.94560117 0.86726648
vt 0.95475417 0.8736465
vt 0.91018367 0.98844016
vt 0.93940359 0.9697085
vt 0.92899972 0.99039257
vt 0.92385781 0.99629754
vt 0.51658982 0.83968604
vt 0.51566315 0.82637507
vt 0.52164835 0.8118754
vt 0.50387132 0.84075344
vt 0.50831383 0.82488835
vt 0.5041697 0.81126869
vt 0.22147284 0.83166552
vt 0.20730232 0.85472286
vt 0.2057295 0.84705353
vt 0.19161201 0.85418421
vt 0.89822036 0.75876814
vt 0.89038998 0.76926625
vt 0.8804366 0.75967509
vt 0.89108008 0.77725619
vt 0.87800145 0.774611
vt 0.90774834 0.77744067
vt 0.74009192 0.8412323
vt 0.75127339 0.84764254
vt 0.73805439 0.84630817
vt 0.7260977 0.84382236
vt 0.73664761 0.85516095
vt 0.72191721 0.85550958
vt 0.66433758 0.98751718
vt 0.65382284 0.99551785
vt 0.64550024 0.96944791
vt 0.64927465 0.98382068
vt 0.50909472 0.98143882
vt 0.50706476 0.96854866
vt 0.51443732 0.9967441
vt 0.50477171 0.98687762
vt 0.82908857 0.96384013
vt 0.81582969 0.9685806
vt 0.82550848 0.95251215
vt 0.82513171 0.98023993
vt 0.017129293 0.64429396
vt 0.027277874 0.647403
vt 0.01406962 0.65201163
vt 0.027238045 0.6568929
vt 0.013471321 0.65260661
vt 0.021540623 0.66872585
vt 0.01320666 0.65302789
vt 0.030957203 0.65987074
vt 0.010314395 0.65408295
vt 0.0030288163 0.65878093
vt 0.004552342 0.65182614
vt 0.014566137 0.89051265
vt 0.0084619364 0.89705831
vt 0.0036039315 0.89196402
vt 0.012722215 0.90430009
vt 0.0033176725 0.9117415
vt 0.017020077 0.89843524
vt 0.011348094 0.91742224
vt 0.020460708 0.89202988
vt 0.022618664 0.94513512
vt 0.032104805 0.9452976
vt 0.040663756 0.94846565
vt 0.019939441 0.95797986
vt 0.034068413 0.94042051
vt 0.03585773 0.95459896
vt 0.033764862 0.96535528
vt 0.61188984 0.99660528
vt 0.59806442 0.98922986
vt 0.61022979 0.9765476
vt 0.59754521 0.99548459
vt 0.58458376 0.97128147
vt 0.59101379 0.99590307
vt 0.58151686 0.97903842
vt 0.2553857 0.86049956
vt 0.24741533 0.87050146
vt 0.23871522 0.86624408
vt 0.24289481 0.85062551
vt 0.25591895 0.84570169
vt 0.87912387 0.71117675
vt 0.87952495 0.70337969
vt 0.88770962 0.7147634
vt 0.89486945 0.70797867
vt 0.88982409 0.68876922
vt 0.90217823 0.69950461
vt 0.92517638 0.94214511
vt 0.93456733 0.94702113
vt 0.93716609 0.96559244
vt 0.93613982 0.94196117
vt 0.93979484 0.95664012
vt 0.95096278 0.95760858
vt 0.5764088 0.87764055
vt 0.56605446 0.88576365
vt 0.55150783 0.8738842
vt 0.98389512 0.69794083
vt 0.97267741 0.68829983
vt 0.98924392 0.68788826
vt 0.99851042 0.69973898
vt 0.98032069 0.67932481
vt 0.99157178 0.67623228
vt 0.97358632 0.62410176
vt 0.96151292 0.6175999
vt 0.98226941 0.61442029
vt 0.98154128 0.62664783
vt 0.96102834 0.62815541
vt 0.98322374 0.63705194
vt 0.95704257 0.63416255
vt 0.84765661 0.97430766
vt 0.84825772 0.97161579
vt 0.86579764 0.99607533
vt 0.85051286 0.98828578
vt 0.58268631 0.6046561
vt 0.60114557 0.60104668
vt 0.59393382 0.60610902
vt 0.58885795 0.62071526
vt 0.60462892 0.59581387
vt 0.59702903 0.61291015
vt 0.60669416 0.61564124
vt 0.55370635 0.83825898
vt 0.56654453 0.83488345
vt 0.56053782 0.84661883
vt 0.55007678 0.85045874
vt 0.57185996 0.82924354
vt 0.56570792 0.8562476
vt 0.030474443 0.74167132
vt 0.026789853 0.75760067
vt 0.02473443 0.75452262
vt 0.019988332 0.7395876
vt 0.042775705 0.75306147
vt 0.025813172 0.75746816
vt 0.043794397 0.76251352
vt 0.50311971 0.94134814
vt 0.5089916 0.94781548
vt 0.50976419 0.9643178
vt 0.51646912 0.96030074
vt 0.6049208 0.8232969
vt 0.59783161 0.80793881
vt 0.62109798 0.81072247
vt 0.23797825 0.83145809
vt 0.22681148 0.85218036
vt 0.22632757 0.83111107
vt 0.23757479 0.85497636
vt 0.22244047 0.83670884
vt 0.82437694 0.92628491
vt 0.82939076 0.95017004
vt 0.81676209 0.9340542
vt 0.57165807 0.73889196
vt 0.58328503 0.74117965
vt 0.56547862 0.74704695
vt 0.57017279 0.75748557
vt 0.58028758 0.76114595
vt 0.58555633 0.74961144
vt 0.81649607 0.74818587
vt 0.81920069 0.73924518
vt 0.82804674 0.73789167
vt 0.83520937 0.74980032
vt 0.81806022 0.76174676
vt 0.5861184 0.85459596
vt 0.57788813 0.86633146
vt 0.56838387 0.86201245
vt 0.58405054 0.86415756
vt 0.56691688 0.86989963
vt 0.57916892 0.8687312
vt 0.58825302 0.86228275
vt 0.56860816 0.87035239
vt 0.7157681 0.98335201
vt 0.72848129 0.99549723
vt 0.71283156 0.99288118
vt 0.7114377 0.9872781
vt 0.70690751 0.98680711
vt 0.77014214 0.99029595
vt 0.78622633 0.98145634
vt 0.78142118 0.99628782
vt 0.79187948 0.9857403
vt 0.6432184 0.92725801
vt 0.63302833 0.93351674
vt 0.6293987 0.91134048
vt 0.62946618 0.93330038
vt 0.53266209 0.99188715
vt 0.52333355 0.99570048
vt 0.5112831 0.99235362
vt 0.96376842 0.98984802
vt 0.96834528 0.99690324
vt 0.95616508 0.98804653
vt 0.95653552 0.9871437
vt 0.95696825 0.98391551
vt 0.96294856 0.98074681
vt 0.96028328 0.97491676
vt 0.96568972 0.98455298
vt 0.058318023 0.67790329
vt 0.057168435 0.68676221
vt 0.050663106 0.68707752
vt 0.051501896 0.68442142
vt 0.069433786 0.67858016
vt 0.050744887 0.69374895
vt 0.069519445 0.6791364
vt 0.057682946 0.70008922
vt 0.069163613 0.6806162
vt 0.069011338 0.6812495
vt 0.059582453 0.69992018
vt 0.06462948 0.69749856
vt 0.52149963 0.71526188
vt 0.50370562 0.71079028
vt 0.51336956 0.69357961
vt 0.52620924 0.70102227
vt 0.83277982 0.98636073
vt 0.83697283 0.99511874
vt 0.82626104 0.99405307
vt 0.8154822 0.98794317
vt 0.9172287 0.90916336
vt 0.92852879 0.91392845
vt 0.92049164 0.91877884
vt 0.91120541 0.91359651
vt 0.91701084 0.89753073
vt 0.91018891 0.90402216
vt 0.96147305 0.87037516
vt 0.95649964 0.85825884
vt 0.97386312 0.85169357
vt 0.76951325 0.9411974
vt 0.77284694 0.94152462
vt 0.77200502 0.94350606
vt 0.77260768 0.92900312
vt 0.78230548 0.94971669
vt 0.86690998 0.69756579
vt 0.86250234 0.68173081
vt 0.88178301 0.68759131
vt 0.88241124 0.69953465
vt 0.88049179 0.679304
vt 0.97204101 0.91955972
vt 0.99289215 0.92314112
vt 0.99140972 0.93325794
vt 0.55290425 0.85781544
vt 0.56970352 0.86094052
vt 0.56498361 0.87012386
vt 0.54990548 0.86515266
vt 0.62870151 0.79421777
vt 0.62415671 0.80767131
vt 0.6161015 0.80405736
vt 0.62366384 0.78953773
vt 0.63030994 0.80109906
vt 0.61253351 0.800286
vt 0.52030659 0.91728079
vt 0.50318861 0.90736651
vt 0.52368921 0.90721744
vt 0.51393461 0.90388143
vt 0.93303353 0.97610217
vt 0.93924367 0.98490697
vt 0.93513441 0.99658573
vt 0.77283633 0.99697936
vt 0.75855005 0.99692237
vt 0.75314373 0.98269576
vt 0.99016798 0.97168952
vt 0.992975 0.98170805
vt 0.987827 0.97354496
vt 0.998101 0.97807533
vt 0.98775572 0.97360146
vt 0.99748027 0.96799213
vt 0.99585599 0.98762113
vt 0.69563979 0.72734332
vt 0.69139272 0.74566329
vt 0.68550217 0.72765541
vt 0.67649508 0.74242979
vt 0.67882776 0.73305285
vt 0.55845559 0.969271
vt 0.56806403 0.97369123
vt 0.55098718 0.9803167
vt 0.57847875 0.89164442
vt 0.57845455 0.90267193
vt 0.56689143 0.88540965
vt 0.58272463 0.89094955
vt 0.56696951 0.88494515
vt 0.57624853 0.89310056
vt 0.92580807 0.92458826
vt 0.91102397 0.91505283
vt 0.92613626 0.91958439
vt 0.9190762 0.92740393
vt 0.92431492 0.93293089
vt 0.61385763 0.86348373
vt 0.60963798 0.87195814
vt 0.59860015 0.86973906
vt 0.59922409 0.85961312
vt 0.60491014 0.85371494
vt 0.87995386 0.99515373
vt 0.87020999 0.99337345
vt 0.86402708 0.98362732
vt 0.55228597 0.98995715
vt 0.535182 0.99593163
vt 0.54682273 0.98700058
vt 0.019150561 0.87201416
vt 0.026396239 0.87036914
vt 0.027606757 0.88597292
vt 0.037727155 0.87422216
vt 0.64585054 0.86670977
vt 0.63372296 0.85949945
vt 0.64584982 0.86551696
vt 0.62844986 0.87020665
vt 0.64584547 0.85470617
vt 0.55611449 0.9021287
vt 0.5548414 0.89467293
vt 0.56759334 0.88813663
vt 0.55325723 0.90176493
vt 0.55359274 0.89146048
vt 0.55133992 0.89799976
vt 0.26033545 0.82873803
vt 0.27014679 0.82220608
vt 0.26558232 0.83932889
vt 0.25826505 0.83812034
vt 0.25458974 0.82357335
vt 0.95620418 0.84891492
vt 0.97254157 0.84447467
vt 0.961918 0.85584837
vt 0.59055912 0.99520624
vt 0.57453865 0.99287331
vt 0.58067435 0.99281514
vt 0.57711786 0.98764843
vt 0.57488889 0.99151438
vt 0.041655317 0.95013863
vt 0.035464723 0.95763332
vt 0.035297029 0.95749158
vt 0.049645983 0.95346302
vt 0.035193667 0.95762664
vt 0.041038346 0.96486217
vt 0.93658322 0.82459867
vt 0.94084585 0.83560544
vt 0.92612362 0.83916032
vt 0.95670736 0.83474362
vt 0.94133264 0.84063429
vt 0.94228137 0.82383406
vt 0.61459339 0.96332258
vt 0.60757583 0.95942986
vt 0.61446655 0.96083474
vt 0.60760397 0.96656132
vt 0.61438918 0.95931625
vt 0.61382282 0.97200173
vt 0.60604751 0.96550274
vt 0.61440945 0.97063529
vt 0.61439401 0.97124934
vt 0.6512689 0.98722237
vt 0.64616609 0.99544525
vt 0.63583678 0.99301666
vt 0.75193143 0.98820591
vt 0.74603695 0.97579491
vt 0.75451511 0.97447741
vt 0.82885295 0.94689232
vt 0.82963389 0.95671493
vt 0.81632292 0.94654351
vt 0.81634712 0.90348697
vt 0.82100451 0.90352714
vt 0.81685501 0.91402507
vt 0.82762223 0.90882927
vt 0.82404715 0.91711599
vt 0.52043945 0.98566836
vt 0.53207678 0.98843801
vt 0.53357077 0.99606317
vt 0.50379539 0.99579322
vt 0.5040279 0.98803818
vt 0.51790023 0.99667138
vt 0.50877911 0.97101748
vt 0.50356555 0.98000723
vt 0.50325483 0.96585399
vt 0.94688457 0.92053103
vt 0.95276111 0.93188274
vt 0.94179833 0.93344355
vt 0.54921591 0.99308389
vt 0.54969686 0.99647015
vt 0.53484035 0.9957394
vt 0.89542437 0.99644846
vt 0.8945623 0.9897114
vt 0.90594023 0.98901623
vt 0.90886956 0.98349851
vt 0.90927505 0.99469376
vt 0.90166879 0.99670827
vt 0.6700089 0.98490417
vt 0.66282761 0.99555475
vt 0.66014069 0.99510115
vt 0.55031449 0.99289936
vt 0.55438834 0.99209243
vt 0.56114435 0.99698144
vt 0.55664033 0.98941845
vt 0.70844889 0.98723882
vt 0.71340078 0.98864675
vt 0.70794201 0.99646235
vt 0.61790758 0.99286205
vt 0.61349636 0.99234521
vt 0.61715257 0.99156314
vt 0.61551642 0.99601769
vt 0.61730289 0.98682648
vt 0.0044482779 0.99345601
vt 0.0035795555 0.99243742
vt 0.01054069 0.99568117
vt 0.003412473 0.98903525
vt 0.84830362 0.99236935
vt 0.84951061 0.9890126
vt 0.85078746 0.99676335
vt 0.85198408 0.99143976
vt 0.85093743 0.98811561
vt 0.0079804678 0.99165934
vt 0.010741685 0.9926641
vt 0.0074945767 0.99547279
vt 0.0086406246 0.9906792
vt 0.5735389 0.9909634
vt 0.57892609 0.9904654
vt 0.57349724 0.99574918
vt 0.0047842078 0.99330586
vt 0.0090593323 0.99476272
vt 0.0047729299 0.99589473
vt 0.5422011 0.9932363
vt 0.54566365 0.99212623
vt 0.54593974 0.99598318
usemtl Tile_+031_+024_L18_00012_0
f 91/1 94/2 96/3
f 975/598 976/599 804/600
f 867/917 913/918 20/919
f 962/2470 956/2471 964/2472
f 41/2510 943/2511 1618/2512
f 907/479 937/480 905/481
f 369/3002 376/3003 364/3004
f 975/598 804/600 835/601
f 89/5 91/1 71/9
f 937/990 961/991 823/992
f 947/2152 35/2153 1425/2154
f 940/2319 821/2320 934/2321
f 965/2631 946/2632 944/2633
f 946/2163 947/2152 945/2164
f 941/3130 942/3131 939/3132
f 45/485 44/488 43/483
f 936/394 37/395 2/396
f 831/1253 915/1254 834/1255
f 29/674 819/675 809/676
f 29/674 813/681 923/678
f 3/401 38/407 820/397
f 911/3168 910/3169 880/3170
f 924/2086 925/2087 825/2088
f 45/485 907/479 814/482
f 25/1968 911/1969 912/1970
f 904/1002 831/1010 908/1006
f 368/3006 369/3002 363/3007
f 848/2904 849/2905 900/2906
f 848/2904 900/2906 898/2907
f 302/1626 894/1627 344/1628
f 320/269 858/270 311/271
f 308/1761 896/1762 304/1763
f 346/1634 883/1642 334/1637
f 877/3011 871/3012 860/3013
f 875/1466 842/1467 861/1468
f 840/292 319/286 847/298
f 804/600 349/603 276/605
f 21/489 808/493 809/490
f 25/2648 846/2649 911/2650
f 870/925 866/928 869/922
f 1622/423 12/413 1623/419
f 349/603 392/602 350/607
f 903/1014 825/1015 834/1016
f 379/2499 380/2500 610/2501
f 21/489 902/486 17/491
f 819/675 923/678 822/682
f 45/683 819/675 822/682
f 369/3002 368/3006 376/3003
f 372/1301 374/1302 968/1303
f 240/2042 1367/2043 365/2044
f 1379/684 919/687 973/694
f 970/494 358/498 355/495
f 891/2104 705/2105 966/2106
f 22/2306 391/2307 73/2308
f 850/2107 916/2110 840/2112
f 834/2091 925/2087 1631/2093
f 911/2650 846/2649 913/2651
f 1633/422 818/426 1634/429
f 834/1255 829/1256 831/1253
f 949/2707 950/2708 1635/2709
f 952/998 959/1000 1638/1003
f 942/2718 948/2716 939/2713
f 958/2475 928/2477 1640/2479
f 937/2732 43/2733 963/2734
f 823/992 961/991 960/994
f 939/2637 951/2636 944/2633
f 944/2633 941/2635 939/2637
f 939/2637 824/2638 951/2636
f 941/2635 944/2633 946/2632
f 957/2473 960/2474 962/2470
f 962/2735 963/2734 956/2737
f 965/2322 940/2319 934/2321
f 36/2715 824/2717 939/2713
f 940/2319 824/2323 821/2320
f 951/2325 824/2323 940/2319
f 946/2163 934/2169 1426/2166
f 965/2171 934/2169 946/2163
f 947/2152 946/2163 1427/2160
f 928/2089 924/2086 825/2088
f 954/3118 957/3119 927/3120
f 822/682 955/691 44/690
f 958/2475 959/2478 960/2474
f 957/2473 958/2475 960/2474
f 956/701 955/691 957/697
f 943/412 929/409 36/403
f 954/2480 928/2477 957/2473
f 958/2475 957/2473 928/2477
f 956/701 44/690 955/691
f 955/691 927/685 957/697
f 957/2473 964/2472 956/2471
f 962/2470 964/2472 957/2473
f 43/2733 44/2736 963/2734
f 962/2735 961/2738 937/2732
f 962/2735 937/2732 963/2734
f 952/998 34/996 960/994
f 962/2470 960/2474 961/2476
f 959/1000 952/998 960/994
f 34/996 823/992 960/994
f 826/1001 952/998 1639/1004
f 817/2514 953/2517 943/2511
f 959/2478 958/2475 1641/2481
f 952/998 826/1001 34/996
f 905/993 823/992 33/995
f 937/990 823/992 905/993
f 823/992 34/996 33/995
f 927/685 822/682 923/678
f 955/691 822/682 927/685
f 953/2517 817/2514 55/2518
f 953/416 929/409 943/412
f 928/700 954/696 926/689
f 1618/3085 949/3086 1646/3087
f 41/2510 817/2514 943/2511
f 950/2708 949/2707 943/2711
f 35/2153 947/2152 1428/2156
f 1647/2161 947/2152 1649/2158
f 941/2168 945/2164 1650/2170
f 948/2174 941/2168 1651/2173
f 941/2168 946/2163 945/2164
f 939/2713 950/2708 943/2711
f 939/2713 948/2716 950/2708
f 948/2174 942/2176 941/2168
f 940/2634 944/2633 951/2636
f 944/2633 940/2634 965/2631
f 938/2324 935/2326 934/2321
f 37/395 821/402 824/408
f 943/2711 36/2715 939/2713
f 934/2321 821/2320 938/2324
f 933/2327 935/2326 938/2324
f 1436/2331 932/2332 1437/2333
f 36/403 929/409 42/399
f 42/399 2/396 37/395
f 938/398 821/402 37/395
f 936/394 933/400 938/398
f 814/482 21/489 809/490
f 43/483 937/480 907/479
f 936/394 938/398 37/395
f 1433/2328 933/2327 1438/2329
f 934/2321 935/2326 933/2327
f 933/400 820/397 932/405
f 933/400 936/394 820/397
f 1434/415 38/407 1439/418
f 931/2982 828/2983 1441/2984
f 1653/3044 1450/3045 1758/3046
f 4/406 2/396 816/410
f 1452/445 39/446 1453/447
f 920/2994 388/2995 4/2996
f 24/404 42/399 929/409
f 932/405 820/397 38/407
f 929/409 953/416 55/414
f 926/689 927/685 813/681
f 926/689 924/693 928/700
f 813/681 40/686 924/693
f 819/675 45/683 815/679
f 924/693 926/689 813/681
f 40/2090 925/2087 924/2086
f 2/396 42/399 24/404
f 55/414 24/404 929/409
f 2/396 24/404 816/410
f 388/411 38/407 3/401
f 24/404 12/413 816/410
f 816/2997 920/2994 4/2996
f 16/1011 830/1012 13/1013
f 29/674 28/677 31/680
f 388/451 920/461 969/457
f 12/413 24/404 55/414
f 815/679 809/676 819/675
f 923/678 819/675 29/674
f 825/2088 925/2087 834/2091
f 880/921 913/918 867/917
f 888/3081 1381/3082 918/3083
f 866/928 880/921 869/922
f 846/2649 20/2653 913/2651
f 836/1322 835/1326 971/1329
f 855/1894 856/1895 845/1896
f 320/269 895/277 857/273
f 844/1897 855/1894 845/1896
f 848/1905 901/1901 844/1897
f 850/2107 967/2108 916/2110
f 849/2905 840/2908 906/2910
f 916/2110 839/2114 840/2112
f 844/1897 901/1901 855/1894
f 901/1901 848/1905 898/1908
f 859/2655 860/2656 842/2657
f 876/1769 877/1773 841/1776
f 875/2658 859/2655 842/2657
f 910/3180 75/3181 913/3182
f 911/1969 75/1972 912/1970
f 74/2652 911/2650 913/2651
f 913/918 880/921 910/924
f 74/1971 912/1970 910/1973
f 912/1970 75/1972 910/1973
f 880/921 75/934 911/937
f 903/997 34/996 826/1001
f 17/999 904/1002 908/1006
f 904/1002 915/1005 831/1010
f 834/3115 915/3116 903/3117
f 904/1002 903/997 915/1005
f 825/2088 826/2101 1645/2099
f 826/1001 825/1007 903/997
f 903/997 33/995 34/996
f 903/997 904/1002 17/999
f 905/2684 909/2685 914/2686
f 814/482 905/481 914/484
f 814/482 914/484 902/486
f 909/2685 902/2688 914/2686
f 902/486 21/489 814/482
f 899/1902 901/1901 898/1908
f 899/1320 898/1317 917/1319
f 905/481 814/482 907/479
f 814/482 815/487 45/485
f 855/1894 901/1901 899/1902
f 900/2906 849/2905 897/2909
f 898/2907 897/2909 906/2910
f 906/2910 897/2909 849/2905
f 809/490 815/487 814/482
f 917/1319 836/1322 899/1320
f 899/1902 837/1898 855/1894
f 836/1322 837/1324 899/1320
f 877/3011 872/3014 871/3012
f 843/1900 844/1897 845/1896
f 877/3156 860/3157 861/3158
f 854/1570 864/1571 853/1572
f 854/1904 845/1896 864/1903
f 313/290 850/296 319/286
f 319/286 862/281 895/277
f 862/281 857/273 895/277
f 318/1573 864/1571 810/1574
f 894/830 890/831 892/832
f 893/1770 300/1771 301/1766
f 876/834 892/832 890/831
f 876/834 890/831 893/836
f 892/1631 876/1641 879/1636
f 872/1765 876/1769 896/1762
f 872/1765 861/1777 860/1778
f 874/1644 347/1640 879/1636
f 894/1627 892/1631 344/1628
f 894/830 18/833 890/831
f 318/1573 311/1575 853/1572
f 319/3041 895/3042 320/3043
f 886/284 313/290 319/286
f 322/280 886/284 320/269
f 318/1573 309/1577 311/1575
f 312/272 320/269 311/271
f 320/269 321/276 322/280
f 320/269 312/272 321/276
f 890/831 18/833 303/835
f 300/837 893/836 890/831
f 896/1762 308/1761 872/1765
f 302/1626 18/1630 894/1627
f 872/1765 308/1761 881/1768
f 347/1475 882/1473 340/1476
f 881/1474 307/1477 340/1476
f 330/974 305/975 339/976
f 27/1864 9/1865 810/1866
f 865/920 371/930 342/929
f 880/921 866/928 74/931
f 885/1873 11/1874 812/1870
f 884/927 865/920 14/923
f 371/930 865/920 884/927
f 25/1968 866/1974 8/1975
f 346/1634 892/1631 879/1636
f 347/1640 346/1634 879/1636
f 881/1474 340/1476 882/1473
f 873/1774 872/1765 881/1768
f 343/1979 345/1981 8/1975
f 870/925 342/929 343/932
f 346/1634 347/1640 883/1642
f 865/920 869/922 867/917
f 865/920 342/929 870/925
f 8/1975 866/1974 870/1977
f 880/921 867/917 869/922
f 838/1869 811/1867 810/1866
f 859/2655 876/2664 871/2662
f 882/1473 873/1471 881/1474
f 874/1469 882/1473 347/1475
f 872/2659 860/2656 859/2655
f 876/2664 841/2660 871/2662
f 859/3015 871/3012 872/3014
f 859/2655 878/2661 879/2663
f 878/2661 859/2655 875/2658
f 872/1765 877/1773 876/1769
f 872/1765 873/1774 861/1777
f 874/1469 861/1468 873/1471
f 879/2663 876/2664 859/2655
f 879/1636 878/1646 874/1644
f 873/1471 882/1473 874/1469
f 874/1469 875/1466 861/1468
f 810/1907 864/1903 838/1899
f 74/1971 866/1974 25/1968
f 865/920 870/925 869/922
f 867/917 20/919 865/920
f 857/273 858/270 320/269
f 837/1898 856/1895 855/1894
f 864/1571 318/1573 853/1572
f 853/274 858/270 854/279
f 850/296 847/298 319/286
f 844/282 857/273 848/287
f 840/2908 849/2905 848/2904
f 840/292 848/287 319/286
f 837/1324 836/1322 863/1327
f 811/1867 838/1869 863/1872
f 844/282 843/278 857/273
f 862/281 848/287 857/273
f 857/273 843/278 858/270
f 842/1467 841/1470 861/1468
f 874/1644 878/1646 875/1647
f 845/1896 854/1904 843/1900
f 841/2660 860/2656 871/2662
f 838/1899 845/1896 856/1895
f 861/1468 841/1470 877/1472
f 841/2660 842/2657 860/2656
f 906/2115 840/2112 839/2114
f 838/1899 837/1898 863/1906
f 838/1899 856/1895 837/1898
f 20/919 14/923 865/920
f 16/492 970/494 21/489
f 830/1012 16/1011 908/1006
f 829/1256 834/1255 1632/1257
f 830/1012 908/1006 831/1010
f 16/492 13/496 970/494
f 921/1318 922/1323 1382/1321
f 917/1319 1382/1321 836/1322
f 887/2113 916/2110 967/2108
f 839/1313 888/1311 906/1314
f 918/1316 906/1314 888/1311
f 1382/1321 917/1319 921/1318
f 921/3084 918/3083 1381/3082
f 1381/2295 930/2296 921/2297
f 920/421 816/410 969/417
f 16/1011 17/999 908/1006
f 863/1872 971/1875 811/1867
f 1382/1321 835/1326 836/1322
f 840/292 847/298 850/296
f 898/1317 921/1318 917/1319
f 839/1313 887/1315 889/1312
f 1381/2295 888/2298 930/2296
f 365/2044 641/2049 1377/2054
f 381/2504 705/2506 610/2501
f 850/296 313/290 891/300
f 889/1312 852/1308 888/1311
f 888/1311 839/1313 889/1312
f 852/2109 889/2111 967/2108
f 930/1325 1376/1328 922/1323
f 921/1318 930/1325 922/1323
f 1379/684 31/680 28/677
f 835/1326 1382/1321 922/1323
f 885/610 974/604 348/609
f 1/1262 830/1258 1661/1261
f 355/495 21/489 970/494
f 15/565 14/566 1380/567
f 863/1327 836/1322 971/1329
f 25/570 15/565 846/568
f 846/568 15/565 1380/567
f 835/1326 868/1330 971/1329
f 1380/2654 20/2653 846/2649
f 868/1876 885/1873 971/1875
f 21/489 355/495 808/493
f 835/1326 922/1323 1376/1328
f 1376/2830 975/2831 835/2832
f 808/2751 919/2752 809/2753
f 919/2752 28/2755 809/2753
f 1453/447 396/449 1458/452
f 394/425 969/417 806/420
f 28/677 919/687 1379/684
f 973/2754 919/2752 808/2751
f 383/699 32/688 387/695
f 811/1867 885/1873 812/1870
f 46/2055 48/2056 47/2057
f 5/424 398/430 397/435
f 11/1874 27/1864 812/1870
f 14/566 15/565 370/569
f 370/569 972/573 884/571
f 358/1270 970/1266 356/1268
f 807/2059 46/2055 1378/2063
f 387/695 32/688 1379/684
f 1379/2061 46/2055 387/2058
f 974/604 804/600 276/605
f 610/2501 380/2500 381/2504
f 1377/2363 393/2364 367/2365
f 1377/2054 367/2051 365/2044
f 851/1305 968/1303 374/1302
f 885/610 348/609 353/618
f 381/1304 968/1303 966/1307
f 966/2106 852/2109 967/2108
f 968/1303 851/1305 852/1308
f 966/1307 968/1303 852/1308
f 885/610 353/618 11/625
f 974/604 885/610 868/606
f 640/2046 641/2049 365/2044
f 392/602 349/603 976/599
f 1367/2043 640/2046 365/2044
f 851/1305 888/1311 852/1308
f 7/497 808/493 355/495
f 1378/2756 973/2754 808/2751
f 1378/502 808/493 807/500
f 392/2299 975/2300 930/2296
f 392/602 976/599 975/598
f 973/2065 1378/2063 46/2055
f 967/2108 850/2107 966/2106
f 654/2366 1377/2363 641/2368
f 850/2107 891/2104 966/2106
f 804/600 974/604 835/601
f 974/604 868/606 835/601
f 811/1867 971/1875 885/1873
f 930/2833 975/2831 1376/2830
f 930/2296 888/2298 392/2299
f 26/1980 15/1976 9/1978
f 905/993 33/995 903/997
f 805/3150 360/3151 201/3152
f 60/1992 80/1993 107/1994
f 278/1725 259/1726 188/1727
f 123/246 163/250 152/243
f 372/2872 361/2873 382/2874
f 277/1629 302/1626 344/1628
f 216/2053 211/2048 218/2045
f 384/2062 386/2069 383/2066
f 372/2400 373/2401 361/2402
f 359/576 370/569 274/574
f 10/572 270/577 274/574
f 972/933 359/940 1666/939
f 371/930 972/933 1667/936
f 810/1574 314/1576 318/1573
f 341/1479 340/1476 307/1477
f 340/1476 332/1478 347/1475
f 272/1583 310/1579 323/1581
f 280/2257 279/2258 285/2259
f 211/2048 214/2052 240/2042
f 1669/941 264/942 1670/943
f 281/1192 333/1193 332/1194
f 276/605 275/608 360/612
f 264/942 207/946 1671/945
f 180/1204 252/1210 181/1215
f 267/578 270/577 10/572
f 205/2810 228/2811 1254/2812
f 56/583 245/579 189/581
f 203/1141 106/1142 172/1143
f 391/437 385/431 384/440
f 136/62 155/72 160/54
f 287/2405 288/2404 378/2403
f 295/285 199/293 198/297
f 114/591 119/590 117/587
f 180/1204 125/1208 249/1203
f 156/1730 150/1728 188/1727
f 152/243 132/247 147/233
f 132/247 152/243 149/251
f 113/240 179/235 154/230
f 1581/245 178/244 1582/255
f 175/504 76/505 176/506
f 115/22 136/62 160/54
f 100/1127 102/1128 110/1129
f 1673/2665 209/2666 1674/2667
f 130/848 151/849 129/851
f 126/1213 127/1206 186/1205
f 1675/257 163/250 1676/256
f 153/238 147/233 120/229
f 153/1095 124/1096 273/1097
f 195/303 124/312 121/316
f 190/2670 207/2676 56/2674
f 250/1110 206/1102 248/1106
f 1677/1114 250/1110 1678/1119
f 231/2796 105/2797 226/2798
f 96/3 95/12 102/21
f 63/472 81/473 246/464
f 60/1133 107/1132 83/1130
f 85/11 90/17 1459/29
f 93/6 85/11 82/19
f 79/1982 242/1983 362/1984
f 389/463 235/466 1681/471
f 397/435 386/436 5/424
f 60/1133 230/1136 356/1139
f 397/435 398/430 1657/439
f 232/2312 395/2310 391/2307
f 54/460 389/463 1683/469
f 389/463 237/459 235/466
f 62/2315 395/2310 232/2312
f 1685/2313 395/2310 1687/2316
f 1687/2316 62/2315 1688/2318
f 54/460 396/449 390/456
f 247/467 246/464 394/453
f 384/2314 232/2312 391/2307
f 233/2064 47/2057 49/2060
f 92/113 84/105 1690/96
f 389/463 390/456 237/459
f 47/2057 48/2056 49/2060
f 383/2066 387/2058 384/2062
f 385/431 386/436 384/440
f 367/2365 393/2364 366/2367
f 654/2366 393/2364 1377/2363
f 369/3002 375/3005 363/3007
f 368/2596 241/2597 376/2598
f 364/3004 375/3005 369/3002
f 220/2416 243/2417 368/2418
f 380/1306 373/1309 372/1301
f 311/271 310/275 312/272
f 381/1304 380/1306 372/1301
f 350/2303 374/2302 372/2304
f 380/2500 379/2499 377/2503
f 378/2403 288/2404 361/2402
f 380/2500 377/2503 373/2505
f 360/612 805/621 266/615
f 361/2402 288/2404 287/2405
f 363/2419 221/2420 220/2416
f 212/2050 216/2053 218/2045
f 224/2369 217/2370 367/2365
f 367/2365 366/2367 224/2369
f 218/2045 365/2044 217/2047
f 364/2603 376/2604 238/2605
f 375/2421 221/2420 363/2419
f 241/2597 238/2600 376/2598
f 365/2044 367/2051 217/2047
f 238/2605 222/2606 364/2603
f 222/2423 375/2421 364/2427
f 365/2044 218/2045 240/2042
f 378/2507 373/2505 377/2503
f 9/1580 345/1588 343/1584
f 15/1976 8/1975 9/1978
f 354/613 348/609 276/605
f 361/2873 202/2876 351/2875
f 263/617 275/608 352/611
f 357/1265 356/1268 1/1262
f 230/1136 6/1131 358/1138
f 220/2601 203/2602 241/2597
f 349/603 352/611 275/608
f 97/524 108/523 77/509
f 354/613 276/605 266/615
f 276/605 349/603 275/608
f 354/613 267/623 10/624
f 274/574 264/580 359/576
f 267/578 245/579 270/577
f 348/609 354/613 353/618
f 10/572 274/574 370/569
f 352/611 349/603 350/607
f 11/625 353/618 10/624
f 27/1864 26/1868 9/1865
f 10/1871 27/1864 11/1874
f 291/619 352/611 351/614
f 372/2304 382/2305 350/2303
f 804/600 976/599 349/603
f 350/607 382/620 351/614
f 910/3169 911/3168 74/3171
f 851/2301 374/2302 392/2299
f 7/497 49/503 807/500
f 358/1138 356/1139 230/1136
f 356/1268 970/1266 1/1262
f 357/1265 1/1262 1662/1263
f 355/495 358/498 6/499
f 348/609 974/604 276/605
f 350/2303 392/2299 374/2302
f 359/576 972/573 370/569
f 884/927 972/933 371/930
f 864/1903 845/1896 838/1899
f 272/1583 271/1586 196/1590
f 330/2619 339/2620 261/2621
f 329/977 339/976 305/975
f 326/1120 343/1123 253/1118
f 302/839 315/841 19/838
f 347/1475 332/1478 883/1480
f 881/1768 308/1761 307/1764
f 334/1637 338/1638 335/1632
f 346/1634 334/1637 335/1632
f 332/1645 334/1637 883/1642
f 333/2998 338/2999 334/3000
f 261/2621 336/2623 341/2622
f 281/1192 332/1194 254/1195
f 341/1479 332/1478 340/1476
f 330/2619 341/2622 307/2624
f 328/978 331/981 51/980
f 341/2622 330/2619 261/2621
f 282/1207 339/1211 252/1210
f 326/1589 324/1582 343/1584
f 342/929 371/930 1668/935
f 253/1118 343/1123 342/1125
f 281/2264 279/2258 338/2261
f 337/2529 269/2530 325/2531
f 326/1589 327/1585 324/1582
f 251/1112 337/1117 326/1120
f 325/2531 327/2532 337/2529
f 325/2531 268/2533 323/2535
f 323/2535 268/2533 271/2536
f 269/2530 268/2533 325/2531
f 252/979 329/977 51/980
f 338/2261 333/2267 281/2264
f 304/1763 182/1775 284/1772
f 341/1479 336/1481 332/1478
f 332/1194 336/1197 254/1195
f 185/1198 254/1195 336/1197
f 261/1200 185/1198 336/1197
f 280/2257 338/2261 279/2258
f 333/2998 334/3000 332/3001
f 335/1632 338/1638 280/1635
f 339/976 329/977 252/979
f 282/1207 261/1200 339/1211
f 272/1583 323/1581 271/1586
f 329/977 328/978 51/980
f 253/1118 342/1125 1693/1126
f 327/1585 325/1578 324/1582
f 886/284 319/286 320/269
f 321/276 310/275 299/283
f 304/1763 306/1767 307/1764
f 328/978 329/977 305/975
f 272/1583 299/1587 310/1579
f 306/860 284/854 328/859
f 306/860 305/861 330/862
f 277/1629 315/1633 302/1626
f 19/838 315/841 183/842
f 317/840 300/837 19/838
f 182/843 293/852 284/854
f 182/843 300/837 317/840
f 280/1635 316/1639 277/1629
f 280/1635 260/1643 316/1639
f 285/2259 279/2258 255/2262
f 315/841 277/845 296/844
f 296/844 183/842 315/841
f 183/2864 182/2865 317/2866
f 321/276 299/283 295/285
f 289/3133 294/3134 292/3135
f 295/285 294/291 289/288
f 289/288 322/280 295/285
f 304/1763 300/1771 182/1775
f 314/1576 309/1577 318/1573
f 314/1576 323/1581 309/1577
f 886/284 289/288 313/290
f 309/1577 323/1581 310/1579
f 310/1579 311/1575 309/1577
f 330/862 307/863 306/860
f 346/1634 344/1628 892/1631
f 300/837 303/835 19/838
f 280/1635 277/1629 335/1632
f 346/1634 335/1632 344/1628
f 344/1628 335/1632 277/1629
f 301/1766 304/1763 896/1762
f 304/1763 301/1766 300/1771
f 301/1766 896/1762 893/1770
f 890/831 303/835 300/837
f 876/1769 893/1770 896/1762
f 260/2260 280/2257 285/2259
f 154/230 179/235 158/224
f 133/853 293/852 130/848
f 299/283 197/294 298/289
f 142/2689 140/2690 263/2691
f 295/285 299/283 298/289
f 295/285 298/289 199/293
f 289/288 292/301 290/304
f 202/627 200/632 142/630
f 202/627 193/635 200/632
f 194/309 198/297 169/305
f 286/2406 214/2408 287/2405
f 262/616 201/622 360/612
f 202/2407 361/2402 287/2405
f 290/304 297/299 289/288
f 292/301 198/297 290/304
f 295/285 198/297 294/291
f 198/297 292/301 294/291
f 378/2403 286/2406 287/2405
f 265/1107 268/1111 257/1104
f 248/1106 257/1104 251/1112
f 51/980 258/982 252/979
f 252/979 258/982 181/985
f 256/1199 255/1196 185/1198
f 285/2259 255/2262 128/2265
f 128/2265 188/2266 285/2259
f 255/1196 281/1192 254/1195
f 255/1196 256/1199 128/1202
f 316/1731 260/1729 278/1725
f 276/605 360/612 266/615
f 299/1587 272/1583 197/1591
f 271/1115 268/1111 265/1107
f 245/579 274/574 270/577
f 326/1120 253/1118 251/1112
f 266/615 805/621 201/622
f 267/578 266/584 189/581
f 264/580 274/574 245/579
f 207/582 264/580 245/579
f 190/2670 209/2666 244/2668
f 250/1110 253/1118 1695/1121
f 284/854 293/852 283/857
f 257/1104 273/1097 196/1100
f 188/1214 128/1202 156/1209
f 127/1206 128/1202 184/1201
f 255/1196 254/1195 185/1198
f 251/1112 253/1118 250/1110
f 248/1106 251/1112 250/1110
f 273/1097 248/1106 206/1102
f 186/1205 249/1203 125/1208
f 180/1204 249/1203 261/1200
f 259/1726 278/1725 260/1729
f 298/289 197/294 199/293
f 190/2670 244/2668 1696/2671
f 236/468 246/464 81/473
f 105/2425 220/2416 227/2422
f 394/425 23/428 247/432
f 242/1983 79/1982 233/1986
f 241/2597 243/2599 220/2601
f 203/2602 238/2600 241/2597
f 235/466 237/459 236/468
f 246/464 236/468 237/459
f 1703/2739 81/2740 1704/2741
f 233/1998 61/1995 232/2000
f 1704/2741 58/2743 1705/2745
f 81/473 235/466 236/468
f 6/1131 230/1136 60/1133
f 110/1129 362/1137 229/1134
f 203/1141 220/1145 106/1142
f 220/1145 105/1149 106/1142
f 174/1159 214/1160 210/1156
f 203/2911 212/2912 217/2913
f 216/2915 212/2912 203/2911
f 225/2607 219/2609 222/2606
f 111/2799 231/2796 226/2798
f 205/515 176/506 225/517
f 238/2914 203/2911 217/2913
f 225/517 109/512 219/522
f 222/2423 219/2428 111/2426
f 221/2420 375/2421 222/2423
f 212/2050 218/2045 217/2047
f 240/2042 218/2045 211/2048
f 239/1690 215/1691 214/1692
f 1254/521 213/511 205/515
f 211/1154 216/1148 204/1144
f 211/1154 210/1156 214/1160
f 227/2422 226/2424 105/2425
f 111/2426 226/2424 221/2420
f 221/2420 222/2423 111/2426
f 226/2424 227/2422 221/2420
f 109/512 225/517 176/506
f 109/512 77/509 111/516
f 204/1144 172/1143 171/1147
f 204/1144 203/1141 172/1143
f 210/1156 211/1154 170/1152
f 170/1152 211/1154 204/1144
f 193/635 139/643 137/641
f 1674/595 119/590 1707/593
f 191/629 208/628 201/622
f 119/2672 209/2666 190/2670
f 123/1101 122/1098 1709/1105
f 198/297 199/293 143/302
f 112/252 152/243 1675/257
f 195/303 196/307 124/312
f 145/306 199/293 195/303
f 195/303 199/293 197/294
f 169/305 143/302 146/310
f 198/297 143/302 169/305
f 194/309 169/305 168/315
f 164/1158 174/1159 170/1152
f 168/315 169/305 146/310
f 136/639 137/641 138/645
f 208/586 191/588 189/581
f 122/1098 273/1097 206/1102
f 131/987 187/986 50/984
f 258/982 50/984 187/986
f 184/1201 256/1199 185/1198
f 188/1727 150/1728 278/1725
f 182/843 183/842 130/848
f 158/224 179/235 1580/241
f 178/244 179/235 113/240
f 156/248 113/240 157/239
f 113/240 112/252 1717/258
f 153/238 152/243 147/233
f 146/221 148/220 167/198
f 177/214 148/220 158/224
f 175/504 68/508 76/505
f 115/22 160/54 134/44
f 174/1159 210/1156 170/1152
f 68/3021 67/3022 76/3023
f 161/1157 165/1155 171/1147
f 134/1151 173/1153 172/1143
f 165/1155 170/1152 171/1147
f 204/1144 171/1147 170/1152
f 165/81 155/72 164/88
f 155/72 165/81 161/63
f 173/73 134/44 161/63
f 167/198 166/215 146/221
f 160/54 155/72 161/63
f 162/1146 134/1151 172/1143
f 123/1101 153/1095 122/1098
f 117/587 119/590 56/583
f 152/243 153/238 123/246
f 141/637 136/639 118/631
f 129/227 151/234 154/230
f 157/239 154/230 151/234
f 151/849 150/846 157/850
f 148/220 129/227 158/224
f 120/229 147/233 129/227
f 129/227 148/220 146/221
f 146/221 120/229 129/227
f 146/310 144/311 145/306
f 1676/256 123/246 1721/263
f 131/1212 132/1218 149/1216
f 126/259 112/252 156/248
f 113/240 156/248 112/252
f 125/1208 149/1216 112/1217
f 50/984 132/988 131/987
f 127/1206 156/1209 128/1202
f 184/1201 186/1205 127/1206
f 126/1213 186/1205 125/1208
f 131/1212 149/1216 125/1208
f 121/1103 124/1096 120/1099
f 153/1095 120/1099 124/1096
f 121/316 120/313 195/303
f 120/313 146/310 145/306
f 192/633 142/630 135/636
f 141/637 135/636 136/639
f 117/42 118/52 115/22
f 141/637 118/631 192/633
f 137/641 139/643 138/645
f 135/636 193/635 137/641
f 135/636 137/641 136/639
f 134/1151 162/1146 99/1150
f 115/22 118/52 136/62
f 155/646 136/639 138/645
f 118/52 117/42 116/61
f 159/71 116/61 117/42
f 115/22 114/33 117/42
f 1716/43 103/13 1723/53
f 159/589 117/587 57/585
f 231/528 111/516 234/526
f 1722/55 101/45 1725/64
f 107/1994 80/1993 53/1996
f 1726/20 93/6 1727/31
f 105/1149 99/1150 106/1142
f 103/13 100/35 101/45
f 176/506 76/505 77/509
f 104/2429 99/2430 105/2431
f 102/1988 79/1982 110/1985
f 83/1130 107/1132 100/1127
f 104/2429 108/2436 97/2435
f 93/6 95/12 96/3
f 115/22 99/34 98/7
f 99/2430 104/2429 98/2433
f 103/13 115/22 98/7
f 95/1991 53/1989 102/1988
f 98/7 97/14 69/4
f 69/4 97/14 64/23
f 96/3 98/7 69/4
f 69/4 91/1 96/3
f 93/6 96/3 94/2
f 88/10 90/17 94/2
f 94/2 90/17 85/11
f 89/5 94/2 91/1
f 1461/16 71/9 1462/25
f 90/17 88/10 1464/27
f 94/2 89/5 88/10
f 1731/48 1460/39 1762/59
f 1733/79 86/60 1734/69
f 82/19 87/30 93/6
f 58/2464 84/2465 63/2466
f 86/60 85/11 1731/48
f 246/464 247/467 63/472
f 1466/18 89/5 1469/28
f 63/472 82/477 81/473
f 111/516 77/509 108/523
f 362/1984 110/1985 79/1982
f 83/1130 110/1129 6/1131
f 105/2431 231/2432 104/2429
f 53/1996 80/1993 61/1995
f 81/2740 84/2746 58/2743
f 77/509 109/512 176/506
f 1462/2005 72/2006 1472/2007
f 71/9 91/1 70/8
f 70/8 91/1 69/4
f 64/23 78/24 69/4
f 74/3183 913/3182 75/3181
f 880/921 74/931 75/934
f 73/2308 395/2310 59/2311
f 58/2464 63/2466 23/2467
f 23/2467 59/2468 58/2464
f 60/1992 62/1997 61/1995
f 1705/2745 59/2747 1706/2748
f 62/1997 232/2000 61/1995
f 107/51 53/41 52/32
f 50/984 258/982 51/980
f 337/1117 251/1112 257/1104
f 963/2734 44/2736 956/2737
f 1631/2093 40/2090 1736/2095
f 38/448 388/451 39/446
f 45/683 822/682 44/690
f 37/395 36/403 42/399
f 818/2516 41/2510 1637/2515
f 74/1971 25/1968 912/1970
f 18/833 302/839 19/838
f 843/278 854/279 858/270
f 839/3147 916/3148 887/3149
f 73/2308 23/2309 22/2306
f 13/1264 830/1258 1/1262
f 8/1975 345/1981 9/1978
f 49/2060 48/2056 807/2059
f 1640/2092 825/2088 1738/2094
f 2/396 4/406 3/401
f 1643/2714 948/2716 1652/2719
f 37/395 824/408 36/403
f 43/483 907/479 45/485
f 926/689 954/696 927/685
f 1621/3121 1444/3122 1757/3123
f 2/396 3/401 820/397
f 1739/2991 1443/2989 1756/2990
f 828/2983 931/2982 1740/2986
f 936/394 2/396 820/397
f 41/2510 818/2516 817/2514
f 818/2516 55/2518 817/2514
f 927/685 923/678 813/681
f 4/406 388/411 3/401
f 813/681 29/674 31/680
f 31/680 30/692 40/686
f 809/676 28/677 29/674
f 30/692 832/698 40/686
f 40/2090 832/2102 1625/2100
f 830/1258 829/1256 1659/1260
f 906/1314 918/1316 898/1317
f 898/1317 918/1316 921/1318
f 902/2688 909/2685 17/2687
f 909/2685 905/2684 17/2687
f 831/1253 829/1256 830/1258
f 17/999 905/993 903/997
f 900/2906 897/2909 898/2907
f 311/271 858/270 853/274
f 325/1578 314/1576 810/1574
f 811/1867 812/1870 27/1864
f 811/1867 27/1864 810/1866
f 870/1977 343/1979 8/1975
f 15/1976 25/1968 8/1975
f 848/287 862/281 319/286
f 970/1266 13/1264 1/1262
f 32/688 383/699 30/692
f 31/680 32/688 30/692
f 1737/702 30/692 1744/704
f 21/489 17/491 16/492
f 394/453 39/446 388/451
f 969/417 816/410 12/413
f 889/2111 887/2113 967/2108
f 1380/926 14/923 20/919
f 394/453 396/449 39/446
f 12/413 806/420 969/417
f 396/449 54/460 1454/465
f 5/424 22/427 806/420
f 390/456 389/463 54/460
f 806/420 12/413 5/424
f 32/688 31/680 1379/684
f 6/499 7/497 355/495
f 398/430 5/424 1622/423
f 1745/703 383/699 1746/706
f 22/427 23/428 806/420
f 46/2055 1379/2061 973/2065
f 383/441 397/435 1664/443
f 370/569 884/571 14/566
f 807/2059 48/2056 46/2055
f 966/1307 705/1310 381/1304
f 808/493 7/497 807/500
f 888/2298 851/2301 392/2299
f 969/457 394/453 388/451
f 368/2418 363/2419 220/2416
f 196/1100 265/1107 257/1104
f 112/252 149/251 152/243
f 183/842 317/840 19/838
f 10/572 15/565 26/575
f 397/435 383/441 386/436
f 217/2913 224/2916 238/2914
f 243/2599 241/2597 368/2596
f 351/2875 382/2874 361/2873
f 19/838 303/835 18/833
f 343/1584 324/1582 9/1580
f 279/2258 281/2264 255/2262
f 142/630 263/617 202/627
f 263/617 352/611 291/619
f 257/1104 269/1116 337/1117
f 327/2532 326/2534 337/2529
f 188/2266 259/2263 285/2259
f 7/497 229/501 49/503
f 394/453 246/464 237/459
f 370/569 15/565 10/572
f 73/2308 391/2307 395/2310
f 193/635 202/627 287/638
f 287/638 214/642 174/640
f 174/640 193/635 287/638
f 277/1733 316/1731 278/1725
f 196/1590 197/1591 272/1583
f 126/1213 125/1208 112/1217
f 178/244 113/240 1585/249
f 283/857 293/852 50/856
f 165/1155 164/1158 170/1152
f 201/622 140/626 191/629
f 142/2689 192/2692 140/2690
f 145/306 195/303 120/313
f 266/615 201/622 208/628
f 245/579 267/578 189/581
f 266/584 208/586 189/581
f 87/2917 92/2918 1747/2919
f 356/1139 357/1140 60/1133
f 97/2435 98/2433 104/2429
f 65/513 66/518 77/509
f 49/2060 242/2067 233/2064
f 233/1998 53/1996 61/1995
f 65/513 76/505 67/519
f 72/2006 71/2008 70/2009
f 6/1131 110/1129 229/1134
f 385/431 391/437 22/427
f 1749/2002 357/2003 1750/2004
f 390/456 394/453 237/459
f 233/2064 384/2062 47/2057
f 6/1131 60/1133 83/1130
f 47/2057 384/2062 387/2058
f 46/2055 47/2057 387/2058
f 23/428 394/425 806/420
f 385/431 22/427 5/424
f 386/436 385/431 5/424
f 205/2810 238/2815 224/2813
f 240/1694 215/1691 1367/1697
f 372/1301 968/1303 381/1304
f 373/2401 378/2403 361/2402
f 205/2608 225/2607 238/2605
f 291/2877 351/2875 202/2876
f 353/618 354/613 10/624
f 352/611 350/607 351/614
f 7/497 6/499 229/501
f 10/1871 26/1868 27/1864
f 324/1582 325/1578 9/1580
f 265/1592 196/1590 271/1586
f 9/1580 325/1578 810/1574
f 180/1204 261/1200 282/1207
f 328/859 284/854 331/858
f 51/980 331/981 283/983
f 323/1581 314/1576 325/1578
f 886/284 322/280 289/288
f 306/860 328/859 305/861
f 296/844 277/845 278/847
f 306/1767 304/1763 284/1772
f 284/854 283/857 331/858
f 321/276 295/285 322/280
f 312/272 310/275 321/276
f 304/1763 307/1764 308/1761
f 296/844 278/847 150/846
f 150/846 130/848 183/842
f 197/294 196/307 195/303
f 262/616 140/626 201/622
f 291/619 202/627 263/617
f 262/616 275/608 263/617
f 194/309 290/304 198/297
f 140/2690 262/2693 263/2691
f 262/616 360/612 275/608
f 185/1198 249/1203 184/1201
f 50/984 51/980 283/983
f 260/2260 285/2259 259/2263
f 282/1207 252/1210 180/1204
f 266/615 267/623 354/613
f 269/1116 257/1104 268/1111
f 185/1198 261/1200 249/1203
f 183/842 296/844 150/846
f 128/1202 256/1199 184/1201
f 143/302 199/293 145/306
f 257/1104 248/1106 273/1097
f 56/583 207/582 245/579
f 242/1983 49/1987 362/1984
f 1729/50 52/32 1752/40
f 1727/31 87/30 1748/49
f 221/2420 227/2422 220/2416
f 49/1987 229/1990 362/1984
f 384/2062 233/2064 232/2068
f 238/2605 225/2607 222/2606
f 224/2813 228/2811 205/2810
f 109/512 111/516 219/522
f 224/2813 223/2814 228/2811
f 215/1691 240/1694 214/1692
f 204/1144 216/1148 203/1141
f 214/2408 286/2406 239/2409
f 176/506 205/515 213/511
f 172/1143 173/1153 171/1147
f 142/630 200/632 135/636
f 193/635 135/636 200/632
f 140/626 118/631 191/629
f 1707/593 114/591 1715/594
f 56/2674 119/2672 190/2670
f 159/589 57/585 191/588
f 191/588 116/592 159/589
f 153/1095 273/1097 122/1098
f 1709/1105 206/1102 1711/1109
f 207/2676 190/2670 1708/2677
f 118/631 116/634 191/629
f 168/315 166/320 194/309
f 139/643 193/635 174/640
f 174/640 164/644 139/643
f 144/311 143/302 145/306
f 118/631 140/626 192/633
f 189/581 191/588 57/585
f 196/1100 273/1097 124/1096
f 125/1208 180/1204 131/1212
f 184/1201 249/1203 186/1205
f 258/982 187/986 181/985
f 130/848 293/852 182/843
f 181/1215 131/1212 180/1204
f 154/230 157/239 113/240
f 171/80 173/73 161/63
f 138/645 164/644 155/646
f 138/645 139/643 164/644
f 166/320 168/315 146/310
f 134/44 160/54 161/63
f 68/75 65/46 67/83
f 117/587 56/583 57/585
f 192/633 135/636 141/637
f 156/1730 157/1732 150/1728
f 154/230 158/224 129/227
f 133/853 129/851 147/855
f 150/846 151/849 130/848
f 126/1213 156/1209 127/1206
f 147/855 50/856 133/853
f 131/987 181/985 187/986
f 147/989 132/988 50/984
f 146/2936 143/2937 144/2938
f 134/44 99/34 115/22
f 162/1146 172/1143 106/1142
f 115/22 103/13 114/33
f 53/1989 233/1986 79/1982
f 102/21 103/13 96/3
f 104/2429 234/2434 108/2436
f 231/2432 234/2434 104/2429
f 234/526 111/516 108/523
f 52/32 101/45 107/51
f 53/41 95/12 52/32
f 53/1989 79/1982 102/1988
f 100/1127 107/1132 101/1135
f 52/32 95/12 1726/20
f 77/509 66/518 97/524
f 100/35 103/13 102/21
f 98/7 96/3 103/13
f 65/46 64/23 66/36
f 97/14 66/36 64/23
f 85/11 93/6 94/2
f 85/2971 86/2972 82/2973
f 1690/96 82/19 1733/79
f 92/2918 87/2917 82/2921
f 82/477 84/478 81/473
f 110/1129 83/1130 100/1127
f 77/509 76/505 65/513
f 56/583 189/581 57/585
f 1623/419 55/414 1633/422
f 394/453 390/456 396/449
f 1689/1999 60/1992 1751/2001
f 80/1993 60/1992 61/1995
f 73/2308 59/2311 23/2309
f 133/853 50/856 293/852
f 129/851 133/853 130/848
f 82/2921 63/2923 92/2918
f 40/686 813/681 31/680
f 99/1150 162/1146 106/1142
f 247/2469 23/2467 63/2466
f 84/3056 92/3057 63/3058
f 662/2564 803/2565 783/2566
f 706/2554 729/2555 730/2556
f 794/324 1203/308 795/319
f 760/2773 762/2774 761/2775
f 797/1482 785/1483 720/1484
f 749/2582 746/2583 763/2584
f 733/2778 761/2775 759/2777
f 625/1219 628/1220 646/1221
f 772/2867 773/2868 762/2869
f 757/2193 748/2194 738/2195
f 762/2774 759/2777 761/2775
f 745/864 701/865 744/866
f 743/1331 732/1332 757/1333
f 737/2202 738/2195 675/2199
f 772/2587 771/2591 765/2585
f 700/2757 716/2758 786/2759
f 729/2555 726/2558 730/2556
f 706/2278 712/2279 700/2280
f 707/3070 730/3071 726/3072
f 679/949 744/950 680/951
f 697/1607 690/1608 684/1609
f 677/1593 746/1594 679/1595
f 640/1699 1367/1697 215/1691
f 690/1353 629/1355 667/1350
f 784/2572 646/2573 658/2574
f 644/1161 781/1162 645/1163
f 601/893 605/891 599/894
f 671/878 698/887 603/889
f 780/2490 607/2491 606/2492
f 1282/967 777/965 775/961
f 779/1228 660/1227 776/1225
f 774/1554 775/1555 672/1556
f 628/2816 627/2817 622/2818
f 766/1612 782/1615 685/1610
f 760/2870 771/2871 772/2867
f 762/2774 773/2779 759/2777
f 734/872 752/869 770/875
f 771/883 760/879 770/875
f 771/2591 770/2593 765/2585
f 760/2773 761/2775 753/2776
f 773/2592 772/2587 763/2584
f 765/2585 763/2584 772/2587
f 762/2869 760/2870 772/2867
f 702/2610 754/2611 739/2612
f 702/2610 739/2612 767/2613
f 702/2610 767/2613 769/2615
f 675/2236 687/2237 768/2238
f 698/887 671/878 742/881
f 746/2583 764/2586 763/2584
f 768/2763 692/2764 756/2765
f 768/2763 694/2766 692/2764
f 691/2767 767/2770 739/2772
f 733/1338 759/1336 732/1332
f 751/867 734/872 750/876
f 745/2594 792/2595 749/2582
f 756/2239 675/2236 768/2238
f 747/2589 764/2586 746/2583
f 752/2588 745/2594 749/2582
f 764/2586 747/2589 758/2590
f 758/2590 763/2584 764/2586
f 738/2195 748/2194 736/2197
f 748/2194 758/2198 747/2200
f 759/2196 758/2198 748/2194
f 757/2193 759/2196 748/2194
f 763/2584 765/2585 749/2582
f 752/2588 765/2585 770/2593
f 759/2196 773/2203 763/2201
f 763/2201 758/2198 759/2196
f 732/1332 759/1336 757/1333
f 760/879 734/872 770/875
f 753/884 734/872 760/879
f 703/874 750/876 734/872
f 745/864 752/869 751/867
f 735/2958 731/2959 751/2960
f 742/2853 735/2854 701/2855
f 701/865 750/876 703/874
f 701/2962 735/2958 750/2961
f 703/2857 735/2854 742/2853
f 741/2268 698/2269 742/2270
f 686/1341 643/1346 637/1344
f 702/1348 769/1356 690/1353
f 756/2765 691/2767 737/2769
f 737/2769 691/2767 739/2772
f 755/1345 669/1343 689/1337
f 689/1337 695/1339 741/1335
f 755/2614 754/2611 702/2610
f 754/2206 740/2205 739/2204
f 702/1348 669/1343 755/1345
f 754/2611 755/2614 743/2616
f 743/2616 738/2617 754/2611
f 741/2268 742/2270 731/2271
f 739/2204 740/2205 738/2195
f 740/2618 754/2611 738/2617
f 677/1593 747/1597 746/1594
f 737/2202 739/2204 738/2195
f 734/2860 731/2861 735/2862
f 733/2275 732/2273 731/2271
f 746/2822 749/2823 679/2824
f 675/2771 756/2765 737/2769
f 751/2960 750/2961 735/2958
f 731/2856 742/2853 701/2855
f 679/949 745/953 744/950
f 679/949 792/956 745/953
f 744/866 701/865 704/868
f 680/870 744/866 704/868
f 751/867 701/865 745/864
f 701/2855 751/2858 731/2856
f 735/2854 703/2857 734/2859
f 613/647 728/648 651/649
f 722/2559 724/2560 729/2555
f 724/2560 726/2558 729/2555
f 722/2559 720/2561 721/2562
f 699/2761 706/2762 700/2757
f 722/2559 721/2562 723/2563
f 722/2559 729/2555 699/2557
f 707/2826 708/2827 706/2828
f 706/2828 730/2829 707/2826
f 712/2279 706/2278 708/2281
f 712/2279 710/2283 714/2282
f 727/1383 724/1384 723/1385
f 714/2282 700/2280 712/2279
f 717/2289 725/2290 710/2283
f 713/2284 700/2280 714/2282
f 720/2760 700/2757 786/2759
f 710/2283 712/2279 708/2281
f 708/2281 709/2285 710/2283
f 711/3073 708/3074 707/3070
f 710/2283 709/2285 717/2289
f 994/1648 719/1649 718/1650
f 700/2757 720/2760 699/2761
f 706/2554 699/2557 729/2555
f 687/2237 696/2241 768/2238
f 671/878 604/871 703/874
f 704/868 602/873 680/870
f 704/868 701/865 604/871
f 678/1599 677/1593 681/1600
f 767/2770 693/2768 694/2766
f 691/2767 692/2764 693/2768
f 769/1613 767/1611 690/1608
f 669/1343 702/1348 667/1350
f 670/1340 689/1337 686/1341
f 684/1609 766/1612 685/1610
f 603/2274 698/2269 670/2272
f 670/1340 695/1339 689/1337
f 629/540 690/541 697/542
f 767/1611 684/1609 690/1608
f 677/3034 683/3035 681/3036
f 741/1335 695/1339 670/1340
f 698/2269 741/2268 670/2272
f 680/951 674/952 679/949
f 688/1602 678/1599 681/1600
f 678/1599 676/1603 675/1601
f 612/957 674/952 602/954
f 661/1624 666/1621 630/1623
f 674/952 682/958 683/955
f 675/2236 676/2240 687/2237
f 689/1337 669/1343 686/1341
f 638/1342 670/1340 686/1341
f 600/888 671/878 603/889
f 629/540 620/543 618/544
f 668/2720 643/2721 669/2722
f 697/1607 684/1609 685/1610
f 629/540 697/542 620/543
f 669/1343 643/1346 686/1341
f 667/1350 633/1354 668/1352
f 633/1354 667/1350 629/1355
f 1279/2878 617/2879 618/2880
f 646/2573 621/2576 658/2574
f 673/1233 630/1231 660/1227
f 657/2578 658/2574 621/2576
f 656/2579 657/2578 621/2576
f 616/2882 617/2879 656/2883
f 664/1617 666/1621 665/1622
f 662/2564 783/2566 663/2567
f 663/749 1343/750 662/751
f 631/754 614/752 661/756
f 646/1221 628/1220 621/1224
f 636/1347 643/1346 628/1351
f 626/1226 660/1227 632/1229
f 659/1235 631/1236 630/1231
f 624/2963 636/2964 648/2965
f 647/3059 604/3060 599/3061
f 639/318 610/325 611/322
f 728/2495 780/2490 651/2493
f 650/1734 610/1735 655/1736
f 653/1696 654/1701 640/1699
f 608/347 606/346 609/340
f 613/647 651/649 606/650
f 639/318 655/323 610/325
f 608/652 613/647 606/650
f 640/1699 654/1701 641/1703
f 604/890 605/891 598/892
f 612/1559 602/1565 601/1562
f 599/886 597/877 600/888
f 597/877 599/886 598/880
f 638/1342 637/1344 636/1347
f 624/1349 638/1342 636/1347
f 621/2819 622/2818 616/2820
f 628/2816 622/2818 621/2819
f 626/2966 648/2965 636/2964
f 616/2882 618/2880 617/2879
f 665/3051 666/3052 615/3053
f 663/749 614/752 1343/750
f 782/1615 766/1612 664/1617
f 628/2724 643/2721 633/2723
f 630/1231 632/1229 660/1227
f 615/3053 666/3052 661/3054
f 634/2931 623/2932 624/2933
f 600/888 605/882 671/878
f 599/3165 605/3166 647/3167
f 647/3059 597/3062 604/3060
f 602/873 597/877 598/880
f 630/1623 666/1621 696/1616
f 606/2492 651/2493 780/2490
f 630/1623 631/1625 661/1624
f 610/2501 705/2506 611/2508
f 611/2508 705/2506 891/2509
f 688/959 682/958 674/952
f 634/2931 603/2934 623/2932
f 597/3062 647/3059 600/3063
f 600/1174 603/1170 635/1166
f 603/1170 634/1164 635/1166
f 643/2721 668/2720 633/2723
f 687/2237 626/2245 632/2243
f 638/1342 686/1341 637/1344
f 626/2245 687/2237 648/2242
f 618/1358 616/1357 629/1355
f 731/2780 753/2776 733/2778
f 708/2887 787/2888 1322/2889
f 625/1219 784/1222 776/1225
f 1348/1436 776/1437 784/1438
f 784/2572 658/2574 1352/2575
f 1276/1566 1286/1560 793/1563
f 1357/82 1358/90 1362/74
f 1160/97 1129/65 1163/100
f 657/2578 1352/2575 658/2574
f 781/1162 1277/1165 645/1163
f 1277/1521 781/1522 1244/1523
f 637/1344 643/1346 636/1347
f 742/881 671/878 703/874
f 672/1556 612/1559 642/1557
f 645/1163 1344/1173 599/1169
f 662/751 1343/750 1350/753
f 313/290 1342/295 297/299
f 1136/3136 213/3137 1211/3138
f 789/1737 650/1734 655/1736
f 655/1736 788/1738 789/1737
f 1339/2382 728/2383 1337/2384
f 1227/1937 1208/1938 1188/1939
f 1168/1398 1213/1396 1296/1394
f 1084/1017 1323/1018 1307/1019
f 289/288 1342/295 313/290
f 1321/1779 1326/1780 1323/1781
f 1329/2781 1330/2782 1327/2783
f 1203/308 1334/314 891/300
f 1332/1395 1306/1391 1305/1393
f 1294/2246 1182/2247 1318/2248
f 1292/1403 1331/1404 1289/1397
f 1304/1744 1285/1743 1260/1746
f 1211/514 1137/510 1136/507
f 1221/1410 1234/1411 1224/1412
f 1125/1450 1122/1452 791/1447
f 1349/966 1274/964 1249/968
f 1272/658 1264/661 1364/663
f 697/542 685/545 620/543
f 1347/1440 1348/1436 1243/1439
f 1241/2581 1278/2577 1346/2580
f 1265/664 1146/667 1264/661
f 1260/535 1309/537 1261/531
f 1205/1363 1215/1364 1154/1365
f 1234/1411 1271/1417 1226/1414
f 1218/2437 1224/2438 1222/2439
f 1315/1795 1314/1793 1201/1797
f 1197/211 802/216 1588/225
f 1198/1792 1291/1784 1353/1791
f 1201/1238 1169/1239 1202/1240
f 1164/101 1166/109 1162/92
f 1186/179 1185/173 1184/188
f 1138/662 1235/660 1272/658
f 1162/92 1163/100 1129/65
f 1164/101 1162/92 1150/84
f 68/75 1148/91 1150/84
f 616/2820 656/2821 621/2819
f 1424/1457 1121/1458 1115/1451
f 1281/556 1247/549 1267/554
f 1366/138 1081/108 1476/127
f 799/67 798/94 1478/86
f 1127/2017 1110/2014 1480/2019
f 1356/47 800/58 801/15
f 70/2009 801/2010 72/2006
f 1470/2013 1109/2011 1482/2015
f 78/2806 1355/2807 1359/2808
f 1363/56 78/24 65/46
f 502/196 1186/179 422/186
f 1066/194 422/186 1186/179
f 1312/1946 1205/1953 1206/1949
f 1317/1536 1214/1537 1325/1538
f 715/2286 1320/2291 1324/2287
f 601/1562 1344/1568 793/1563
f 1344/1173 645/1163 1276/1168
f 1347/1440 791/1447 790/1445
f 790/1525 791/1528 1244/1523
f 790/1445 1345/1442 1347/1440
f 1244/1523 1122/1526 1245/1524
f 1278/2577 657/2578 1346/2580
f 1241/552 1281/556 1240/558
f 661/3054 614/3055 615/3053
f 1255/1453 1424/1457 1115/1451
f 793/1563 1286/1560 642/1557
f 1252/1237 659/1235 1349/1232
f 615/2569 614/2570 663/2567
f 781/962 1349/966 779/969
f 803/2565 662/2564 1350/2568
f 790/1525 1244/1523 781/1522
f 601/1562 793/1563 642/1557
f 1282/1558 775/1555 774/1554
f 672/960 775/961 688/959
f 646/1221 784/1222 625/1219
f 1348/1436 1347/1440 776/1437
f 1346/2881 617/2879 1279/2878
f 776/973 1345/972 779/969
f 625/1219 776/1225 660/1227
f 1279/546 619/547 1246/548
f 1345/1442 776/1437 1347/1440
f 617/2879 1346/2881 656/2883
f 657/2578 656/2579 1346/2580
f 599/1169 600/1174 635/1166
f 626/1226 625/1219 660/1227
f 599/894 1344/895 601/893
f 631/754 659/757 1343/750
f 627/2817 616/2820 622/2818
f 665/1622 783/1619 664/1617
f 665/2571 615/2569 783/2566
f 803/1620 619/1618 782/1615
f 632/1229 630/1231 696/1234
f 803/1620 782/1615 783/1619
f 782/1615 619/1618 685/1610
f 782/1615 664/1617 783/1619
f 1349/1232 659/1235 673/1233
f 1350/553 1246/548 803/550
f 1349/1232 673/1233 660/1227
f 778/755 1343/750 659/757
f 607/342 609/340 606/346
f 653/1696 640/1699 215/1691
f 1338/533 366/536 654/538
f 608/652 652/653 613/647
f 1337/651 613/647 652/653
f 649/655 652/653 608/652
f 688/959 612/957 672/960
f 610/2501 650/2502 379/2499
f 653/534 1338/533 654/538
f 1337/651 728/648 613/647
f 366/2367 393/2364 654/2366
f 789/1737 379/1739 650/1734
f 789/1737 377/1742 379/1739
f 313/290 297/299 891/300
f 607/342 1303/321 609/340
f 891/300 639/318 611/322
f 297/299 1203/308 891/300
f 655/323 639/318 1334/314
f 1335/2494 728/2495 1339/2497
f 1335/2494 607/2491 780/2490
f 1335/2494 780/2490 728/2495
f 1334/314 1339/326 655/323
f 1339/2497 1334/2498 1335/2494
f 652/653 649/655 1341/654
f 1337/651 652/653 1341/654
f 1337/2384 1340/2388 1336/2386
f 1287/1693 1259/1695 653/1696
f 1273/2387 1336/2386 1340/2388
f 1285/2385 1339/2382 1337/2384
f 1341/654 1273/657 1340/656
f 1284/529 1338/533 653/534
f 1266/344 1311/338 1265/336
f 1285/2385 1337/2384 1336/2386
f 1311/338 1266/344 649/343
f 1303/2496 607/2491 1335/2494
f 1203/308 1303/321 1335/317
f 788/1738 1339/1740 1285/1743
f 1335/317 1334/314 1203/308
f 378/1741 377/1742 789/1737
f 224/2369 366/2367 223/2371
f 366/536 1338/533 223/532
f 789/1737 788/1738 378/1741
f 796/1388 727/1383 785/1386
f 796/1388 1306/1391 727/1383
f 1301/1488 1299/1493 1295/1491
f 1301/1488 713/1492 1302/1494
f 1305/1393 1306/1391 796/1388
f 1302/1494 1300/1497 1301/1488
f 1213/1396 1313/1399 1305/1393
f 1288/1400 1332/1395 1289/1397
f 1329/1790 1290/1787 1326/1780
f 1326/1780 1330/1786 1329/1790
f 1289/1397 1331/1404 1327/1402
f 787/1392 1306/1391 1332/1395
f 1322/2889 1332/2891 1288/2892
f 1326/1780 1291/1784 1323/1781
f 724/1384 727/1383 711/1387
f 1321/1779 718/1782 1319/1785
f 1314/2784 1329/2781 1327/2783
f 1328/1789 1330/1786 717/1783
f 1327/2783 1331/2785 1314/2784
f 1323/1018 1084/1017 718/1021
f 1321/2292 725/2290 717/2289
f 1326/1780 1321/1779 717/1783
f 710/2283 725/2290 715/2286
f 797/1482 796/1486 785/1483
f 1324/2254 1325/2251 1302/2253
f 985/2521 1297/2522 1320/2523
f 1328/1408 717/1407 1327/1402
f 727/1383 1306/1391 787/1392
f 723/1490 721/1487 785/1483
f 1302/2253 713/2255 1324/2254
f 1324/2287 713/2284 714/2282
f 1319/2524 1320/2523 715/2526
f 1324/2287 1320/2291 1297/2293
f 797/1482 786/1485 1301/1488
f 1301/1488 786/1485 713/1492
f 720/1484 785/1483 721/1487
f 714/2282 710/2283 715/2286
f 720/1484 786/1485 797/1482
f 724/2560 722/2559 723/2563
f 787/1392 708/1390 727/1383
f 720/2561 722/2559 699/2557
f 723/1385 785/1386 727/1383
f 787/2888 1332/2891 1322/2889
f 1321/1779 1323/1781 718/1782
f 709/2890 1322/2889 1288/2892
f 709/1405 1327/1402 717/1407
f 1330/1786 1326/1780 717/1783
f 1327/1402 1330/1409 1328/1408
f 1288/1400 1327/1402 709/1405
f 725/2290 1321/2292 715/2286
f 1319/2294 715/2286 1321/2292
f 1320/2523 1319/2524 985/2521
f 1198/1792 1353/1791 1199/1794
f 1212/2939 1293/2940 1318/2941
f 1199/1026 1192/1033 457/1029
f 1213/1396 1168/1398 1200/1401
f 1353/1791 1290/1787 1199/1794
f 1212/2250 1318/2248 1182/2247
f 1316/1249 1293/1252 1212/1251
f 1316/1500 1365/1496 1295/1491
f 1295/1491 1293/1498 1316/1500
f 1213/1396 1305/1393 1296/1394
f 1313/1399 1289/1397 1305/1393
f 1303/321 1207/331 1310/334
f 1284/529 1233/525 1254/521
f 1270/1952 1205/1953 1312/1946
f 1205/1363 1171/1366 1283/1369
f 1263/539 1309/537 1260/535
f 1227/1937 1228/1941 1208/1938
f 1188/1939 1229/1942 1190/1945
f 1227/1937 1183/1940 1058/1943
f 1308/2207 1222/2208 1223/2209
f 1230/1947 1231/1944 1228/1941
f 1312/1946 1208/1938 1231/1944
f 1237/1367 1154/1365 1215/1364
f 1270/1952 1312/1946 1271/1950
f 1207/331 1303/321 1143/329
f 1230/1947 1271/1950 1231/1944
f 1294/2942 1318/2941 1293/2940
f 1293/2940 1299/2944 1300/2943
f 1207/331 1265/336 1310/334
f 1303/321 1310/334 1311/338
f 1265/336 1311/338 1310/334
f 1296/1394 1305/1393 796/1388
f 1295/1491 1299/1493 1293/1498
f 1294/1501 1300/1497 1302/1494
f 1301/1488 1300/1497 1299/1493
f 1296/1489 797/1482 1295/1491
f 1302/1494 1333/1502 1294/1501
f 1294/2942 1293/2940 1300/2943
f 1289/1397 1200/1401 1292/1403
f 1290/1787 1353/1791 1291/1784
f 1326/1780 1290/1787 1291/1784
f 1315/1795 1290/1787 1314/1793
f 1314/1793 1292/1798 1201/1797
f 1314/2784 1331/2785 1292/2786
f 1329/1790 1314/1793 1290/1787
f 1289/1397 1332/1395 1305/1393
f 1307/1788 1323/1781 1291/1784
f 1291/1784 1198/1792 1307/1788
f 1198/1020 1084/1017 1307/1019
f 796/1486 797/1482 1296/1489
f 1285/1743 1304/1744 788/1738
f 1203/308 794/324 1303/321
f 1284/529 1254/521 223/532
f 1261/3144 1309/3145 1263/3146
f 1260/535 1261/531 1259/530
f 1284/529 223/532 1338/533
f 1259/1695 1287/1693 239/1690
f 1341/654 649/655 1273/657
f 1272/658 1273/657 649/655
f 774/1554 1286/1560 1130/1561
f 777/965 1274/964 775/961
f 1250/772 1280/770 1269/764
f 779/1228 1351/1230 660/1227
f 1277/1165 1276/1168 645/1163
f 784/1438 1275/1441 1243/1439
f 1243/1439 1128/1444 1347/1440
f 1243/1439 1275/1441 1278/1443
f 1282/1558 1120/1564 777/1567
f 1242/1446 1243/1439 1278/1443
f 1245/1524 1126/1527 1277/1521
f 1282/1558 774/1554 1130/1561
f 1276/1566 1126/1569 1130/1561
f 1120/2967 1130/2968 1112/2969
f 1230/1420 1223/1418 1226/1414
f 1271/1417 1230/1420 1226/1414
f 1237/1367 1270/1370 1271/1374
f 1218/2437 1217/2441 1224/2438
f 1205/1363 1270/1370 1237/1367
f 1225/2443 1236/2450 1156/2447
f 1225/1067 1238/1068 1236/1069
f 1237/1415 1271/1417 1234/1411
f 1234/1411 1219/1413 1237/1415
f 239/1690 1262/1700 1260/1698
f 1266/659 1265/664 1264/661
f 1272/658 1266/659 1264/661
f 1179/1086 1152/1084 1155/1088
f 1138/662 1261/669 1263/666
f 1155/1088 1237/1092 1179/1086
f 1285/1743 1263/1748 1260/1746
f 1260/1746 1262/1747 1304/1744
f 1262/1700 239/1690 286/1702
f 1273/2387 1235/2390 1263/2389
f 1259/1695 239/1690 1260/1698
f 1146/667 1364/663 1264/661
f 1258/527 1233/525 1259/530
f 1254/2812 228/2811 223/2814
f 1087/1072 1239/1070 1225/1067
f 1269/2726 1253/2727 1250/2728
f 1128/1444 1125/1450 791/1447
f 1268/3101 1245/3102 1122/3103
f 777/965 1249/968 1274/964
f 1238/1068 1159/1071 1236/1069
f 1253/762 1251/759 1252/760
f 778/755 1252/760 1251/759
f 1242/1446 1116/1449 1128/1444
f 1249/775 1280/770 1250/772
f 1248/551 1247/549 1246/548
f 1128/1444 1243/1439 1242/1446
f 1485/2834 1257/2835 1486/2836
f 1257/1448 1255/1453 1115/1451
f 1278/3159 1256/3160 1257/3161
f 1486/2836 1256/2837 1489/2838
f 1241/2839 1240/2843 1487/2842
f 213/511 1254/521 1211/514
f 1232/2440 1218/2437 1222/2439
f 1238/1068 1239/1070 1174/1073
f 1161/1074 1159/1071 1238/1068
f 1179/1086 1237/1092 1220/1093
f 1138/662 1272/658 1147/665
f 1234/1411 1221/1410 1219/1413
f 1178/3028 1220/3029 1156/3030
f 1156/2447 1217/2441 1225/2443
f 1225/2443 1218/2437 1232/2440
f 175/504 176/506 1136/507
f 1239/1070 1238/1068 1225/1067
f 1236/2450 1159/2451 1156/2447
f 1237/1415 1219/1413 1220/1419
f 1156/1416 1220/1419 1219/1413
f 1234/1411 1226/1414 1224/1412
f 1218/2437 1225/2443 1217/2441
f 1221/2444 1224/2438 1217/2441
f 1222/2439 1025/2442 1232/2440
f 1226/1414 1223/1418 1224/1412
f 1222/2208 1224/2212 1223/2209
f 1221/1410 1156/1416 1219/1413
f 1217/2441 1156/2447 1221/2444
f 1154/1365 1237/1367 1155/1371
f 1227/1423 1058/1424 1216/1422
f 1188/1939 1208/1938 1229/1942
f 1237/1367 1215/1364 1205/1363
f 1206/1949 1205/1953 1283/1951
f 1223/1418 1230/1420 1228/1421
f 1228/1421 1216/1422 1223/1418
f 1216/2210 1308/2207 1223/2209
f 1208/1938 1228/1941 1231/1944
f 1216/1422 1228/1421 1227/1423
f 1208/1938 1312/1946 1206/1949
f 1265/336 1207/331 1204/333
f 1142/337 1265/336 1204/333
f 166/320 795/319 194/309
f 194/309 795/319 1203/308
f 1181/1368 1165/1372 1171/1366
f 1316/1249 1212/1251 1170/1246
f 1172/1373 1209/1380 1190/1377
f 1191/1242 1169/1239 1214/1245
f 1206/1949 1190/1945 1208/1938
f 1207/331 1143/329 1204/333
f 1183/1940 1227/1937 1188/1939
f 1190/1945 1206/1949 1283/1951
f 794/324 1144/330 1143/329
f 1210/1425 1216/1422 1058/1424
f 1190/1377 1283/1369 1172/1373
f 1143/329 1142/337 1204/333
f 1141/335 1142/337 1140/339
f 1182/1248 1170/1246 1212/1251
f 1200/1241 1169/1239 1201/1238
f 1315/2928 1201/2929 1202/2930
f 1201/1406 1292/1403 1200/1401
f 1591/203 1197/211 1592/218
f 1194/212 1197/211 1193/204
f 1588/225 158/224 1593/231
f 158/224 802/216 177/214
f 1196/199 1131/180 167/198
f 167/198 148/220 177/214
f 1196/199 177/214 802/216
f 177/214 1196/199 167/198
f 1194/212 1193/204 1066/194
f 1196/199 802/216 1195/208
f 1196/199 1195/208 1187/191
f 1066/194 1195/208 802/216
f 802/216 1194/212 1066/194
f 1065/176 1066/194 1193/204
f 1185/173 1131/180 1187/191
f 1131/180 1196/199 1187/191
f 1187/191 1184/188 1185/173
f 1186/179 1187/191 1066/194
f 1186/179 1184/188 1187/191
f 1186/179 504/189 1151/167
f 1177/197 1151/167 504/189
f 1185/173 1186/179 1151/167
f 1151/167 1141/159 1185/173
f 1171/1366 1154/1365 1181/1368
f 1180/1080 1160/1079 1175/1082
f 1153/3096 1163/3097 1155/3098
f 1162/1375 1181/1368 1155/1371
f 1175/114 1160/97 1163/100
f 1172/1373 1135/1379 1151/1381
f 1177/1176 1176/1177 523/1178
f 1176/206 1177/197 504/189
f 1188/1182 1189/1185 1177/1176
f 1173/1077 1082/1081 1160/1079
f 1179/1086 1178/1089 1157/1078
f 1160/97 1074/89 1129/65
f 1160/1079 1180/1080 1158/1076
f 1157/1078 1175/1082 1152/1084
f 1160/1079 1161/1074 1173/1077
f 1161/1074 1174/1073 1173/1077
f 1189/1185 1151/1188 1177/1176
f 1190/1945 1189/1948 1188/1939
f 1183/1179 1188/1182 1177/1176
f 1189/1382 1209/1380 1172/1373
f 1152/1084 1179/1086 1157/1078
f 1170/1246 1182/1248 1169/1239
f 1190/1945 1229/1942 1208/1938
f 1174/1073 1161/1074 1238/1068
f 1239/1070 1044/1075 1174/1073
f 1179/3032 1220/3029 1178/3028
f 1160/1079 1158/1076 1161/1074
f 1159/1071 1161/1074 1158/1076
f 1175/3100 1153/3096 1152/3099
f 1157/1078 1159/1071 1158/1076
f 1180/1080 1157/1078 1158/1076
f 1157/3031 1178/3028 1156/3030
f 1155/1371 1181/1368 1154/1365
f 1175/3100 1163/3097 1153/3096
f 1162/92 1166/109 1165/120
f 1165/1372 1181/1368 1162/1375
f 1167/1376 1172/1373 1171/1366
f 1168/1243 1170/1246 1169/1239
f 1134/129 1167/130 1166/109
f 1151/167 1135/150 1141/159
f 1167/130 1165/120 1166/109
f 1155/1371 1163/1378 1162/1375
f 1144/330 1132/332 1143/329
f 1143/329 1140/339 1142/337
f 1144/330 794/324 1145/328
f 1146/341 1142/337 1149/345
f 1137/510 1211/514 1139/520
f 1137/510 175/504 1136/507
f 795/319 166/320 1133/327
f 1148/668 68/672 1137/671
f 1150/84 1129/65 68/75
f 1129/65 1150/84 1162/92
f 1148/91 1147/99 1150/84
f 1141/159 1135/150 1134/129
f 167/198 1132/190 1133/207
f 1131/180 1132/190 167/198
f 1141/159 1131/180 1185/173
f 1134/348 1149/345 1141/335
f 1132/190 1131/180 1141/159
f 69/4 78/24 801/15
f 65/46 68/75 1129/65
f 1245/1524 1268/1532 1124/1531
f 1130/2968 1126/2970 1112/2969
f 1245/1524 1124/1531 1123/1529
f 1112/1530 1126/1527 1123/1529
f 1113/1454 1115/1451 1121/1458
f 1113/1454 1116/1449 1115/1451
f 1124/1531 1114/1534 1360/1533
f 1113/1454 799/1462 1114/1455
f 1120/777 1112/779 1111/773
f 1110/2014 1127/2017 1109/2011
f 1483/2018 1127/2017 1491/2021
f 801/2010 1109/2011 72/2006
f 777/776 1120/777 1111/773
f 1357/766 1118/765 1117/763
f 1362/769 1269/764 1280/770
f 1421/1463 1424/1457 1494/1461
f 1269/764 1117/763 1251/759
f 1488/563 1267/554 1496/564
f 1280/770 1111/773 1119/771
f 1424/102 798/94 799/67
f 799/1462 1113/1454 1424/1457
f 1044/1704 1042/1705 1174/1706
f 1366/557 1267/554 1248/551
f 1081/559 1366/557 1248/551
f 1500/110 1424/102 1501/121
f 1113/1454 1121/1458 1424/1457
f 1501/121 1422/131 1502/140
f 800/58 799/67 1479/77
f 1114/1534 1124/1531 1268/1532
f 1493/3065 800/3066 1504/3067
f 800/2012 1110/2014 1109/2011
f 1114/57 799/67 1356/47
f 800/58 1356/47 799/67
f 1116/1449 1113/1454 1114/1455
f 1360/37 1356/47 801/15
f 1360/37 801/15 78/24
f 1109/2011 801/2010 800/2012
f 78/24 64/23 65/46
f 78/24 1361/66 1355/76
f 1363/56 1129/65 1362/74
f 1361/66 1363/56 1362/74
f 1363/56 65/46 1129/65
f 78/2806 1359/2808 1360/2809
f 1124/1531 1360/1533 1112/1530
f 1355/2807 1360/2809 1359/2808
f 1361/774 1111/773 1355/778
f 1363/56 1361/66 78/24
f 1119/771 1362/769 1280/770
f 1361/774 1362/769 1119/771
f 1117/763 1269/764 1357/766
f 1118/765 1248/761 1117/763
f 1081/767 1118/765 1357/766
f 1074/89 1357/82 1129/65
f 494/98 1081/108 1357/82
f 1074/89 494/98 1357/82
f 1074/89 1160/97 1082/106
f 522/201 1176/206 504/189
f 1027/2213 1216/2210 1210/2215
f 1027/1428 524/1429 1354/1431
f 1027/2213 1308/2207 1216/2210
f 1308/1433 1354/1431 1043/1434
f 1308/1433 1027/1428 1354/1431
f 1025/2442 1026/2445 1232/2440
f 1058/1424 1024/1426 1210/1425
f 1023/1022 1198/1020 505/1023
f 1025/2211 1222/2208 1308/2207
f 1044/1075 1239/1070 1087/1072
f 1225/2443 1232/2440 1087/2446
f 1232/2440 1026/2445 1031/2448
f 1031/2448 1045/2449 1232/2440
f 1045/2449 1087/2446 1232/2440
f 1317/1536 1086/1542 501/1540
f 1086/1542 1034/1546 501/1540
f 1319/1653 718/1650 719/1649
f 1084/1651 994/1648 718/1650
f 985/1877 1319/1878 719/1879
f 590/1545 591/1548 1086/1542
f 1002/1027 1084/1017 983/1024
f 1317/1536 590/1545 1086/1542
f 1182/1248 1214/1245 1169/1239
f 505/1023 1199/1026 457/1029
f 1246/758 1350/753 778/755
f 1146/119 1164/101 1147/99
f 1148/668 1137/671 1139/670
f 1267/554 1366/557 1421/560
f 1423/1539 1317/1536 501/1540
f 1148/668 1139/670 1138/662
f 724/1384 711/1387 726/1389
f 1349/2730 1250/2728 1252/2729
f 741/1335 743/1331 689/1337
f 738/1334 743/1331 757/1333
f 734/2860 753/2863 731/2861
f 786/1485 716/1495 713/1492
f 726/3072 711/3073 707/3070
f 694/1614 684/1609 767/1611
f 694/1614 766/1612 684/1609
f 676/1603 678/1599 644/1605
f 671/878 605/882 604/871
f 692/2764 694/2766 693/2768
f 691/2767 693/2768 767/2770
f 692/2764 691/2767 756/2765
f 678/1599 675/1601 736/1598
f 670/2272 623/2276 603/2274
f 743/1360 755/1361 689/1362
f 677/1593 678/1599 736/1598
f 752/2588 749/2582 765/2585
f 753/2776 761/2775 733/2778
f 734/872 751/867 752/869
f 732/1332 743/1331 741/1335
f 732/2273 741/2268 731/2271
f 747/1597 677/1593 736/1598
f 792/2825 679/2824 749/2823
f 747/2200 736/2197 748/2194
f 683/955 679/949 674/952
f 675/2199 738/2195 736/2197
f 683/3035 682/3037 681/3036
f 604/871 701/865 703/874
f 713/2284 716/2288 700/2280
f 714/2282 715/2286 1324/2287
f 602/954 674/952 680/951
f 679/1595 683/1596 677/1593
f 667/1350 702/1348 690/1353
f 668/1352 669/1343 667/1350
f 631/754 1343/750 614/752
f 766/1612 694/1614 696/1616
f 694/2244 768/2238 696/2241
f 602/873 604/871 597/877
f 688/1602 644/1605 678/1599
f 688/1602 681/1600 682/1604
f 623/2276 670/2272 638/2277
f 601/885 602/873 598/880
f 704/868 604/871 602/873
f 664/1617 766/1612 696/1616
f 620/543 685/545 619/547
f 696/2241 687/2237 632/2243
f 619/547 1279/546 620/543
f 627/2725 628/2724 633/2723
f 648/1606 676/1603 644/1605
f 630/1231 673/1233 659/1235
f 635/1166 634/1164 645/1163
f 644/1161 624/1167 648/1171
f 601/1562 642/1557 612/1559
f 645/1163 599/1169 635/1166
f 609/340 649/343 608/347
f 601/893 598/892 605/891
f 604/3008 598/3009 599/3010
f 627/1359 633/1354 616/1357
f 626/1226 636/1223 625/1219
f 624/2933 623/2932 638/2935
f 616/1357 633/1354 629/1355
f 618/544 620/543 1279/546
f 666/1621 664/1617 696/1616
f 624/1167 644/1161 634/1164
f 688/959 674/952 612/957
f 600/3063 647/3059 605/3064
f 676/2240 648/2242 687/2237
f 774/1554 642/1557 1286/1560
f 1168/1499 1365/1496 1316/1500
f 1200/1401 1313/1399 1213/1396
f 784/2572 1352/2575 1278/2577
f 1267/554 1240/558 1281/556
f 1279/546 1247/549 1241/552
f 1278/2577 1352/2575 657/2578
f 642/1557 774/1554 672/1556
f 1243/1439 1348/1436 784/1438
f 660/1227 1351/1230 1349/1232
f 1339/1740 788/1738 655/1736
f 649/655 1266/659 1272/658
f 1262/1747 286/1745 1304/1744
f 1199/1244 1191/1242 1192/1247
f 1214/1537 1317/1536 1423/1539
f 297/2884 1342/2885 289/2886
f 708/1390 711/1387 727/1383
f 290/304 194/309 1203/308
f 1156/3030 1159/3033 1157/3031
f 1274/964 781/962 775/961
f 778/755 1251/759 1246/758
f 1312/1946 1231/1944 1271/1950
f 1286/1560 1276/1566 1130/1561
f 1278/2841 1241/2839 1256/2837
f 788/1738 1304/1744 378/1741
f 794/324 1143/329 1303/321
f 1325/2251 1214/2249 1294/2246
f 1333/2252 1325/2251 1294/2246
f 1199/1026 505/1023 1198/1020
f 1065/176 1193/204 1197/211
f 1423/1250 1192/1247 1214/1245
f 1200/1241 1168/1243 1169/1239
f 794/324 795/319 1145/328
f 1126/1527 1245/1524 1123/1529
f 1267/554 1247/549 1248/551
f 1267/554 1421/560 1495/561
f 1355/1535 1112/1530 1360/1533
f 1252/2729 1250/2728 1253/2727
f 659/757 1252/760 778/755
f 1141/335 1140/339 1143/329
f 1308/2207 1032/2214 1025/2211
f 987/1885 1298/1889 985/1877
f 1315/1795 1202/1796 1290/1787
f 663/2567 783/2566 615/2569
f 619/547 803/550 1246/548
f 1276/1168 793/1175 1344/1173
f 1241/552 1346/555 1279/546
f 1278/3038 1275/3039 784/3040
f 779/969 790/970 781/962
f 1349/966 1351/971 779/969
f 1350/753 1343/750 778/755
f 790/970 779/969 1345/972
f 628/1220 625/1219 636/1223
f 645/1163 634/1164 644/1161
f 644/963 688/959 781/962
f 1341/654 1340/656 1337/651
f 891/300 1334/314 639/318
f 649/343 609/340 1311/338
f 1303/321 1311/338 609/340
f 297/299 290/304 1203/308
f 653/1696 215/1691 1287/1693
f 985/2521 1298/2525 1297/2522
f 1327/1402 1288/1400 1289/1397
f 708/2887 1322/2889 709/2890
f 1289/1397 1313/1399 1200/1401
f 1317/2528 1325/2527 1298/2525
f 1214/2249 1182/2247 1294/2246
f 1202/1796 1199/1794 1290/1787
f 1296/1489 1295/1491 1365/1496
f 1304/1744 286/1745 378/1741
f 1146/341 1265/336 1142/337
f 1154/1365 1171/1366 1205/1363
f 797/1482 1301/1488 1295/1491
f 1302/2253 1325/2251 1333/2252
f 1325/2527 1297/2522 1298/2525
f 1233/525 1284/529 1259/530
f 1261/669 1138/662 1139/670
f 1233/525 1258/527 1139/520
f 1263/666 1235/660 1138/662
f 1272/658 1364/663 1147/665
f 1258/527 1261/531 1139/520
f 1285/2385 1336/2386 1273/2387
f 1259/530 1284/529 653/534
f 1273/2387 1263/2389 1285/2385
f 1287/1693 215/1691 239/1690
f 781/962 1274/964 1349/966
f 791/1447 1347/1440 1128/1444
f 1242/1446 1257/1448 1115/1451
f 1246/548 1247/549 1279/546
f 1269/764 1251/759 1253/762
f 1241/552 1247/549 1281/556
f 1130/1561 1120/1564 1282/1558
f 1276/1168 1277/1165 1126/1172
f 1489/2838 1241/2839 1490/2840
f 1244/1523 791/1528 1122/1526
f 1250/2728 1349/2730 1249/2731
f 213/511 1136/507 176/506
f 1261/531 1258/527 1259/530
f 1257/1448 1242/1446 1278/1443
f 1251/759 1248/761 1246/758
f 1244/1523 1245/1524 1277/1521
f 1494/1461 1255/1453 1505/1460
f 1242/1446 1115/1451 1116/1449
f 1422/131 1366/138 1475/151
f 1254/521 1233/525 1211/514
f 1172/1373 1283/1369 1171/1366
f 1365/1496 1168/1499 1296/1489
f 1170/1246 1168/1243 1316/1249
f 1211/514 1233/525 1139/520
f 1199/1244 1202/1240 1191/1242
f 1202/1240 1169/1239 1191/1242
f 1194/212 802/216 1197/211
f 1187/191 1195/208 1066/194
f 523/1178 1183/1179 1177/1176
f 1151/1381 1189/1382 1172/1373
f 1042/1705 1173/1708 1174/1706
f 1175/1082 1157/1078 1180/1080
f 1155/3098 1152/3099 1153/3096
f 1165/1372 1167/1376 1171/1366
f 1134/129 1166/109 1146/119
f 1166/109 1164/101 1146/119
f 1146/341 1149/345 1134/348
f 1135/150 1167/130 1134/129
f 1148/668 1138/662 1147/665
f 1147/665 1364/663 1146/667
f 1141/335 1149/345 1142/337
f 1132/332 1141/335 1143/329
f 1133/327 1145/328 795/319
f 1144/330 1145/328 1133/327
f 1132/332 1144/330 1133/327
f 68/672 175/673 1137/671
f 1150/84 1147/99 1164/101
f 166/215 167/198 1133/207
f 1128/1444 1116/1449 1125/1450
f 1114/1455 1122/1452 1125/1450
f 1111/773 1280/770 777/776
f 1280/770 1249/775 777/776
f 1111/773 1361/774 1119/771
f 1114/1455 1268/1459 1122/1452
f 1114/1455 1125/1450 1116/1449
f 1117/763 1248/761 1251/759
f 1358/768 1357/766 1269/764
f 1421/560 1366/557 1422/562
f 1118/765 1081/767 1248/761
f 1422/1465 1424/1457 1421/1463
f 1360/37 1114/57 1356/47
f 801/15 70/8 69/4
f 1112/779 1355/778 1111/773
f 1112/1530 1123/1529 1124/1531
f 1129/65 1357/82 1362/74
f 1362/769 1358/768 1269/764
f 1042/1083 1071/1085 1082/1081
f 1173/1077 1042/1083 1082/1081
f 502/196 504/189 1186/179
f 1058/1181 1183/1179 523/1178
f 522/1180 523/1178 1176/1177
f 1317/1893 1298/1889 987/1885
f 984/1880 985/1877 719/1879
f 1084/1017 1023/1022 983/1024
f 1198/1020 1023/1022 1084/1017
f 1423/1539 501/1540 575/1541
f 688/959 775/961 781/962
f 1192/1543 1423/1539 575/1541
f 1192/1247 1191/1242 1214/1245
f 1167/1376 1135/1379 1172/1373
f 501/1540 502/1544 575/1541
f 1297/2256 1325/2251 1324/2254
f 1235/660 1273/657 1272/658
f 1190/1377 1209/1380 1189/1382
f 527/2222 528/2223 526/2224
f 541/1954 1094/1955 1093/1956
f 1400/2454 1389/2455 1384/2456
f 1407/1909 1410/1910 537/1911
f 1394/2372 1390/2373 1395/2374
f 550/1832 549/1833 1102/1834
f 1401/2225 1405/2227 527/2222
f 538/2228 1405/2227 536/2229
f 1508/1917 1414/1913 1509/1919
f 568/707 540/708 556/709
f 719/1879 995/1883 989/1881
f 446/1664 554/1665 1090/1663
f 1099/809 1102/810 1101/811
f 404/716 567/721 532/724
f 545/2544 530/2545 555/2546
f 1512/1040 486/1041 1513/1042
f 567/2553 566/2549 532/2551
f 1416/349 543/350 1514/351
f 528/1503 564/1504 1091/1505
f 1404/715 560/742 1420/747
f 525/1959 530/1961 1093/1956
f 1416/349 542/353 543/350
f 1388/2459 1390/2460 561/2461
f 529/1506 528/1503 1091/1505
f 1390/2460 1394/2463 561/2461
f 560/742 1418/748 1420/747
f 560/742 559/745 1419/730
f 1398/2845 560/2846 557/2847
f 1398/3104 557/3105 559/3106
f 1414/1913 1410/1910 1407/1909
f 557/3105 1419/3108 559/3106
f 1408/1918 1415/1920 1395/1923
f 1415/1920 1409/1925 1395/1923
f 1517/1927 1415/1920 1518/1926
f 557/2974 560/2975 1519/2976
f 1419/730 1413/727 1521/723
f 1393/1845 1396/1839 1391/1842
f 1406/1914 1410/1910 1414/1913
f 1418/2849 560/2846 1417/2848
f 1420/2851 1418/2849 1417/2848
f 540/708 568/707 1403/711
f 1396/1839 549/1833 565/1836
f 1396/356 1393/361 542/353
f 1408/2376 1395/2374 1390/2373
f 1523/359 1416/349 1524/355
f 1416/349 1097/360 1396/356
f 1396/356 1097/360 549/362
f 1514/351 1409/354 1517/358
f 1396/356 542/353 1416/349
f 1413/2787 558/2788 1411/2789
f 1413/3107 1398/3104 559/3106
f 1398/2790 1413/2787 1411/2789
f 1413/727 1419/730 557/735
f 1414/2791 1407/2792 1411/2789
f 1414/2791 558/2788 1506/2793
f 568/707 556/709 1529/710
f 1521/723 568/707 1531/718
f 545/1957 539/1960 541/1954
f 1412/1514 1092/1510 1095/1507
f 1102/1834 1099/1840 546/1838
f 1102/1834 546/1838 1412/1835
f 550/1832 1102/1834 1412/1835
f 1412/1835 1387/1837 550/1832
f 526/2224 1401/2225 527/2222
f 1091/1505 1092/1510 546/1513
f 1095/1507 564/1504 562/1509
f 1405/2227 538/2228 527/2222
f 541/717 540/708 1399/720
f 1094/1955 541/1954 1401/1958
f 1387/1518 1397/1512 1385/1517
f 1397/1512 1412/1514 1095/1507
f 1412/1514 546/1513 1092/1510
f 1387/1837 1386/1841 565/1836
f 1385/1517 1397/1512 1383/1516
f 549/1833 550/1832 565/1836
f 1406/1914 1415/1920 1408/1918
f 1409/354 543/350 1395/357
f 542/353 1395/357 543/350
f 1404/715 1399/720 540/708
f 1408/1918 563/1916 1406/1914
f 1403/3016 568/3017 559/3018
f 1404/3019 1403/3016 559/3018
f 1403/711 1404/715 540/708
f 535/1912 1398/1915 1407/1909
f 544/2231 1399/2234 536/2229
f 1405/2227 1401/2225 536/2229
f 536/2229 1401/2225 544/2231
f 541/1954 544/1963 1401/1958
f 562/2483 563/2484 1400/2485
f 1399/720 544/726 541/717
f 1399/2234 1398/2235 536/2229
f 1417/2848 1404/2850 1420/2851
f 563/2378 1408/2376 1390/2373
f 562/2483 1400/2485 1383/2486
f 535/2233 537/2232 538/2228
f 1400/2454 1402/2457 1389/2455
f 1398/2845 1399/2852 1404/2850
f 1388/2459 1389/2455 1402/2457
f 563/2484 1402/2488 1400/2485
f 560/2846 1398/2845 1417/2848
f 559/745 560/742 1404/715
f 536/2229 1398/2235 535/2233
f 542/2375 1393/2381 1391/2379
f 1392/2462 1385/2458 561/2461
f 1391/1842 1386/1841 1392/1844
f 1392/1844 561/1846 1391/1842
f 1385/1843 1392/1844 1386/1841
f 1388/2459 1402/2457 1390/2460
f 1385/2458 1389/2455 1388/2459
f 1385/2458 1384/2456 1389/2455
f 1400/2485 1384/2489 1383/2486
f 562/1509 1383/1516 1397/1512
f 1396/1839 565/1836 1386/1841
f 1394/2372 1395/2374 542/2375
f 511/1271 408/1272 413/1273
f 1596/2123 511/2124 1597/2125
f 1599/1274 413/1273 1600/1276
f 996/1659 1105/1662 1103/1660
f 1104/1658 995/1652 1106/1655
f 1103/1660 1105/1662 446/1664
f 995/1652 1104/1658 1103/1660
f 996/1847 999/1848 998/1849
f 990/2070 1090/2071 554/2072
f 1103/1660 446/1664 1090/1663
f 1089/1661 1103/1660 1090/1663
f 1103/1660 1089/1661 995/1652
f 1089/1886 989/1881 995/1883
f 990/1884 1089/1886 1090/1891
f 1106/1655 995/1652 994/1648
f 996/1659 1104/1658 1106/1655
f 1104/1658 996/1659 1103/1660
f 1106/1851 999/1848 996/1847
f 992/1853 1105/1856 996/1847
f 446/2075 1105/2082 992/2079
f 1106/1655 994/1648 999/1657
f 553/1887 984/1880 990/1884
f 431/2080 573/2074 445/2077
f 1102/366 549/362 1096/364
f 1101/368 1102/366 1096/364
f 1101/368 1096/364 1098/365
f 547/815 548/818 1099/809
f 1101/368 580/369 1100/371
f 551/814 552/813 1100/812
f 1098/365 580/369 1101/368
f 552/813 547/815 1099/809
f 1098/365 1097/360 1533/363
f 530/1961 545/1957 1093/1956
f 587/1511 435/1508 1091/1505
f 530/2545 531/2548 555/2546
f 404/716 532/724 977/725
f 1510/372 580/369 1535/370
f 580/369 1098/365 1534/367
f 529/896 435/897 425/898
f 547/815 552/813 1085/817
f 533/732 578/740 579/737
f 435/1508 529/1506 1091/1505
f 547/3075 1085/3076 587/3077
f 587/1511 1091/1505 547/1515
f 534/2547 532/2551 566/2549
f 545/2544 534/2547 566/2549
f 525/1959 1094/1955 526/1962
f 539/712 567/721 404/716
f 556/709 540/708 539/712
f 541/1954 1093/1956 545/1957
f 1095/1507 1091/1505 564/1504
f 1099/3162 548/3163 546/3164
f 549/362 1097/360 1096/364
f 1098/365 1096/364 1097/360
f 547/1515 1091/1505 546/1513
f 1091/1505 1095/1507 1092/1510
f 1094/1955 1401/1958 526/1962
f 1390/2373 1402/2380 563/2378
f 1024/1426 453/1427 1210/1425
f 466/382 460/388 475/387
f 1034/1546 443/1553 444/1550
f 511/2124 1088/2126 408/2129
f 436/2391 514/2392 1013/2393
f 1070/1087 508/1090 1069/1091
f 1043/2639 1059/2640 1038/2641
f 1537/3109 1076/3110 1538/3111
f 1049/146 1050/172 1052/178
f 1074/89 1055/117 1075/107
f 487/2625 474/2626 518/2627
f 1081/108 494/98 1080/118
f 1539/2347 574/2348 1540/2349
f 1080/118 494/98 1078/128
f 465/1815 468/1816 576/1817
f 1028/1432 1059/1435 1043/1434
f 1060/163 1049/146 1083/154
f 1063/162 1062/170 1065/176
f 448/1928 449/1929 1004/1930
f 1007/2023 1005/2024 1056/2025
f 464/2116 485/2117 469/2118
f 1087/1711 1045/1713 507/1709
f 1020/1799 1015/1800 1018/1801
f 1007/2410 488/2411 498/2412
f 1015/1710 1016/1714 1040/1712
f 1025/2211 1032/2214 1026/2217
f 506/2396 431/2394 1013/2393
f 454/780 438/781 458/782
f 1031/2448 1033/2452 1045/2449
f 572/1549 1034/1546 1086/1542
f 1010/2027 1009/2033 1014/2038
f 514/788 441/783 1011/785
f 985/1877 984/1880 988/1882
f 1011/2924 512/2925 513/2926
f 469/910 423/900 464/909
f 429/820 428/816 462/823
f 586/824 587/821 552/813
f 429/820 586/824 552/813
f 428/816 552/813 551/814
f 1383/1516 1384/1520 1385/1517
f 505/1023 439/1025 1023/1022
f 1317/1893 987/1885 590/1888
f 507/1709 1044/1704 1087/1711
f 453/1187 1024/1184 523/1178
f 1065/176 1062/170 422/186
f 504/1749 503/1750 455/1751
f 1082/2679 1069/2680 490/2681
f 489/171 1060/163 1083/154
f 1004/136 1073/164 1083/154
f 1049/146 1004/136 1083/154
f 480/125 1004/136 1055/117
f 1055/117 1074/89 480/125
f 492/1715 1046/1717 1012/1720
f 1004/1930 449/1929 1073/1932
f 489/171 1083/154 1073/164
f 519/116 1075/107 1055/117
f 1082/106 490/115 1074/89
f 1074/89 490/115 480/125
f 500/149 484/157 1543/166
f 1476/127 1080/118 1548/137
f 474/152 1077/174 1076/182
f 516/143 1072/134 519/116
f 516/2950 473/2951 1072/2952
f 470/2119 515/2122 516/2121
f 478/139 1080/118 1078/128
f 482/1826 483/1829 1079/1831
f 500/149 1080/118 478/139
f 1080/118 500/149 1544/158
f 471/2537 474/2538 1076/2539
f 474/2626 487/2625 519/2629
f 462/2800 520/2801 1079/2802
f 494/98 1074/89 1075/107
f 494/98 1075/107 519/116
f 1079/2802 520/2801 479/2804
f 494/98 1079/133 1078/128
f 492/1715 481/1721 1068/1718
f 574/2348 476/2350 460/2353
f 493/2351 574/2348 461/2355
f 461/1819 463/1818 493/1821
f 1006/2893 1007/2894 498/2895
f 507/1803 1019/1802 1015/1800
f 1019/1802 1033/1805 1017/1804
f 498/1934 449/1929 1003/1931
f 508/1707 492/1715 1068/1718
f 1068/1094 1069/1091 508/1090
f 472/2628 469/2630 519/2629
f 498/2895 1003/2896 1006/2893
f 481/1721 490/1723 1068/1718
f 1070/1087 1071/1085 1042/1083
f 479/2804 1078/2805 1079/2802
f 489/2413 1073/2415 498/2412
f 1071/2682 1069/2680 1082/2679
f 498/1934 1073/1932 449/1929
f 1053/2028 1056/2025 1054/2029
f 1060/2031 488/2026 1053/2028
f 481/1721 492/1715 480/1722
f 1072/1827 477/1830 493/1821
f 484/2352 476/2350 1539/2347
f 486/1041 570/1043 496/1046
f 497/913 469/910 472/915
f 1067/185 1065/176 1590/193
f 978/793 447/795 433/800
f 1063/162 1065/176 1067/185
f 1063/162 1064/153 1049/146
f 422/1038 457/1029 575/1036
f 503/1750 444/1754 456/1753
f 422/186 1066/194 1065/176
f 459/784 458/782 438/781
f 1061/175 1062/170 1049/146
f 1039/2036 451/2032 1010/2027
f 1049/146 1062/170 1063/162
f 501/1540 1034/1546 444/1550
f 502/1039 422/1038 575/1036
f 438/3024 454/3025 437/3026
f 1061/794 1051/798 455/789
f 1062/170 1061/175 421/184
f 421/184 422/186 1062/170
f 503/1551 504/1547 501/1540
f 503/1551 501/1540 444/1550
f 1057/1186 452/1183 522/1180
f 451/2032 1057/2039 450/2037
f 1056/2025 488/2026 1007/2023
f 1056/2025 1005/2024 1010/2027
f 1031/2448 1030/2453 1033/2452
f 1053/2028 1050/2034 1060/2031
f 1050/172 1049/146 1060/163
f 488/2026 1056/2025 1053/2028
f 1010/2027 1054/2029 1056/2025
f 452/1183 1057/1186 1039/1190
f 451/2032 1039/2036 1057/2039
f 1043/2216 1032/2214 1308/2207
f 451/2032 1054/2029 1010/2027
f 1058/1181 523/1178 1024/1184
f 450/2037 1052/2035 1054/2029
f 1054/2029 1052/2035 1053/2028
f 1052/2035 1050/2034 1053/2028
f 1052/178 450/187 1049/146
f 1051/183 1049/146 450/187
f 450/187 522/201 1051/183
f 522/201 504/189 1051/183
f 1064/153 1055/117 1049/146
f 1055/117 1004/136 1049/146
f 595/1056 485/1044 464/1059
f 1048/1666 401/1667 569/1668
f 588/825 521/828 462/823
f 475/387 521/385 466/382
f 462/823 596/826 429/820
f 428/816 509/819 582/822
f 521/385 588/383 499/381
f 486/1041 470/1048 485/1044
f 468/1816 465/1815 463/1818
f 1032/2214 1041/2218 1033/2220
f 1043/2216 1041/2218 1032/2214
f 508/1090 1070/1087 1042/1083
f 1029/2644 1038/2641 1028/2643
f 1041/2218 1017/2221 1033/2220
f 1040/1712 492/1715 508/1707
f 1035/2219 1017/2221 1041/2218
f 1035/2642 1043/2639 1038/2641
f 1028/2643 1038/2641 1059/2640
f 1046/1717 1040/1712 1016/1714
f 1046/1717 1016/1714 448/1716
f 508/1707 507/1709 1015/1710
f 517/1933 1003/1931 448/1928
f 1029/1810 1037/1814 1014/1812
f 1015/1710 1040/1712 508/1707
f 1035/1808 1021/1809 517/1806
f 1021/1809 1035/1808 1029/1810
f 1029/1810 1014/1812 1021/1809
f 1037/2041 1036/2040 1014/2038
f 1039/2036 1014/2038 1036/2040
f 1010/2027 1014/2038 1039/2036
f 1036/2646 1037/2647 1029/2644
f 1006/2893 517/2898 1008/2899
f 442/1755 456/1753 444/1754
f 459/1032 438/1028 505/1023
f 452/1430 1028/1432 524/1429
f 452/1183 1039/1190 1036/1191
f 452/2645 1029/2644 1028/2643
f 453/1427 524/1429 1027/1428
f 1027/1428 1210/1425 453/1427
f 443/1756 592/1760 593/1758
f 592/1552 443/1553 572/1549
f 1033/3139 1030/3140 1032/3141
f 1033/1805 1019/1802 507/1803
f 1031/3142 1026/3143 1032/3141
f 1030/3140 1031/3142 1032/3141
f 1014/1812 1009/1813 1021/1809
f 1045/1807 1033/1805 507/1803
f 591/1548 572/1549 1086/1542
f 572/1549 591/1548 592/1552
f 589/2336 1022/2337 593/2338
f 1021/1809 1009/1813 1008/1811
f 1020/1936 1018/1935 448/1928
f 1019/1802 1018/1801 1015/1800
f 1017/1804 1035/1808 517/1806
f 517/1806 1018/1801 1017/1804
f 1018/1801 1019/1802 1017/1804
f 1020/1719 448/1716 1015/1710
f 448/1716 1016/1714 1015/1710
f 1035/2642 1038/2641 1029/2644
f 437/3026 440/3027 438/3024
f 517/1806 1021/1809 1008/1811
f 514/788 436/790 441/783
f 1013/2393 1011/2397 986/2398
f 440/797 437/786 978/793
f 455/789 456/792 1011/785
f 1008/2899 1005/2897 1006/2893
f 1006/2893 1003/2896 517/2898
f 1005/2897 1007/2894 1006/2893
f 1012/1720 1046/1717 448/1716
f 1005/2024 1008/2030 1010/2027
f 1008/2030 1009/2033 1010/2027
f 458/782 455/789 1011/785
f 1000/1656 994/1648 1002/1654
f 433/1860 979/1854 982/1858
f 994/1648 1000/1656 999/1657
f 1002/1654 994/1648 1084/1651
f 1002/1863 981/1861 1000/1855
f 998/1849 997/1852 979/1854
f 982/1858 979/1854 997/1852
f 1000/1855 981/1861 1001/1859
f 1000/1855 1001/1859 997/1852
f 512/2900 514/2901 447/2902
f 981/1861 982/1858 1001/1859
f 991/1850 998/1849 979/1854
f 979/1854 434/1857 991/1850
f 440/797 978/793 433/800
f 1000/1855 997/1852 999/1848
f 998/1849 999/1848 997/1852
f 997/1852 1001/1859 982/1858
f 991/802 434/803 447/795
f 571/2081 445/2077 992/2079
f 446/2075 445/2077 573/2074
f 991/1850 992/1853 996/1847
f 513/2085 432/2084 993/2083
f 447/795 513/791 993/799
f 992/2079 993/2083 571/2081
f 993/799 992/801 447/795
f 992/801 991/802 447/795
f 996/1847 998/1849 991/1850
f 984/1880 989/1881 990/1884
f 994/1648 995/1652 719/1649
f 719/1879 989/1881 984/1880
f 583/2340 988/2344 984/2346
f 584/2343 589/2336 590/2342
f 988/1882 584/1892 590/1888
f 573/2074 506/2078 583/2076
f 553/1887 583/1890 984/1880
f 987/1885 985/1877 988/1882
f 981/1030 1002/1027 983/1024
f 980/1862 433/1860 982/1858
f 432/807 978/804 431/806
f 982/1858 981/1861 980/1862
f 983/1024 439/1025 981/1030
f 981/1030 439/1025 980/1034
f 583/2340 589/2336 584/2343
f 988/1882 590/1888 987/1885
f 594/2341 1022/2337 583/2340
f 583/2340 1022/2337 589/2336
f 506/2345 594/2341 583/2340
f 594/2399 506/2396 986/2398
f 986/1759 456/1753 594/1757
f 1013/2393 986/2398 506/2396
f 1011/2397 1013/2393 512/2395
f 429/1828 596/1824 424/1820
f 1013/2393 514/2392 512/2395
f 980/1034 440/1031 433/1037
f 434/803 433/800 447/795
f 434/1857 979/1854 433/1860
f 1600/1276 430/1279 1607/1283
f 426/741 977/725 579/737
f 1048/1666 569/1668 419/1669
f 467/1672 569/1668 427/1676
f 510/902 429/905 424/903
f 510/827 586/824 429/820
f 1552/1052 595/1056 1553/1058
f 595/1056 576/1062 460/1064
f 595/1056 460/1064 1555/1065
f 582/822 588/825 428/816
f 442/1755 593/1758 594/1757
f 593/2338 592/2339 589/2336
f 592/1552 591/1548 590/1545
f 589/2336 592/2339 590/2342
f 499/381 588/383 582/379
f 466/382 499/381 581/377
f 582/379 581/377 499/381
f 581/377 585/374 1511/376
f 584/2343 988/2344 583/2340
f 509/375 581/377 582/379
f 429/820 552/813 428/816
f 585/374 509/375 580/369
f 580/369 551/373 1100/371
f 531/901 467/904 577/908
f 578/2550 531/2548 577/2552
f 579/737 578/740 577/743
f 577/743 426/741 579/737
f 577/908 467/904 427/911
f 576/1062 595/1056 464/1059
f 458/782 459/784 421/787
f 1385/2458 1388/2459 561/2461
f 567/1967 539/1960 566/1964
f 550/1832 1387/1837 565/1836
f 562/2483 564/2487 563/2484
f 445/2077 571/2081 431/2080
f 432/2084 431/2080 571/2081
f 527/2222 538/2228 564/2226
f 419/1669 569/1668 467/1672
f 545/2544 555/2546 534/2547
f 404/716 556/709 539/712
f 1391/2379 561/2377 542/2375
f 561/2377 1394/2372 542/2375
f 568/3017 1413/3020 559/3018
f 558/2979 1413/2981 557/2974
f 1519/738 1419/730 1522/734
f 1507/2978 557/2974 1520/2977
f 1415/1920 1406/1914 1508/1917
f 556/709 400/722 1527/719
f 1414/2791 1411/2789 558/2788
f 556/709 404/716 400/722
f 1094/1955 525/1959 1093/1956
f 546/1513 548/1519 547/1515
f 1387/1518 1412/1514 1397/1512
f 538/2228 563/2230 564/2226
f 528/2223 527/2222 564/2226
f 562/1509 1397/1512 1095/1507
f 537/1911 535/1912 1407/1909
f 541/717 539/712 540/708
f 1407/2792 1398/2790 1411/2789
f 1417/2848 1398/2845 1404/2850
f 1406/1914 537/1911 1410/1910
f 563/1916 537/1911 1406/1914
f 538/2228 537/2232 563/2230
f 535/2233 538/2228 536/2229
f 1386/1841 1387/1837 1385/1843
f 1386/1841 1391/1842 1396/1839
f 571/2081 993/2083 432/2084
f 989/1881 1089/1886 990/1884
f 553/2073 990/2070 554/2072
f 1100/812 1099/809 1101/811
f 551/373 580/369 509/375
f 552/813 1099/809 1100/812
f 531/2548 578/2550 555/2546
f 532/724 534/736 533/732
f 552/813 587/821 1085/817
f 534/736 578/740 533/732
f 555/2546 578/2550 534/2547
f 425/898 423/900 531/901
f 425/898 530/899 529/896
f 533/732 977/725 532/724
f 587/821 510/827 435/829
f 530/899 425/898 531/901
f 530/1961 525/1959 529/1966
f 539/1960 545/1957 566/1964
f 528/1965 529/1966 525/1959
f 526/1962 528/1965 525/1959
f 473/2951 477/2954 1072/2952
f 1013/2393 431/2394 436/2391
f 452/1183 453/1187 523/1178
f 448/1928 1018/1935 517/1933
f 480/1722 490/1723 481/1721
f 439/1025 505/1023 438/1028
f 496/1046 472/1050 486/1041
f 519/2120 470/2119 516/2121
f 515/2540 470/2543 472/2541
f 494/98 519/116 495/126
f 500/149 478/139 484/157
f 473/2951 516/2950 1550/2953
f 522/1180 452/1183 523/1178
f 479/389 521/385 475/387
f 462/2800 521/2803 520/2801
f 470/1048 486/1041 472/1050
f 419/907 467/904 423/900
f 419/907 423/900 469/910
f 437/786 436/790 978/793
f 513/791 447/795 514/788
f 441/783 458/782 1011/785
f 432/2927 513/2926 512/2925
f 504/1547 502/1544 501/1540
f 483/1829 491/1825 462/1822
f 472/2541 518/2542 474/2538
f 493/2351 477/2360 1542/2357
f 475/387 484/392 478/391
f 495/126 482/142 1079/133
f 1079/133 494/98 495/126
f 519/116 1072/134 495/126
f 495/1823 1072/1827 493/1821
f 516/3112 515/3114 1076/3110
f 482/1826 495/1823 463/1818
f 477/2954 473/2951 1562/2955
f 1540/2349 493/2351 1563/2354
f 478/391 479/389 475/387
f 478/391 1078/393 479/389
f 474/2538 471/2537 472/2541
f 519/2629 487/2625 472/2628
f 465/1815 424/1820 463/1818
f 492/1715 1040/1712 1046/1717
f 1028/1432 1043/1434 524/1429
f 1043/1434 1354/1431 524/1429
f 521/2803 479/2804 520/2801
f 463/1818 491/1825 482/1826
f 490/2681 1069/2680 1068/2683
f 1012/1720 480/1722 492/1715
f 482/1826 491/1825 483/1829
f 1004/1724 480/1722 1012/1720
f 1070/1087 1069/1091 1071/1085
f 521/385 499/381 466/382
f 1060/2414 489/2413 488/2411
f 489/2413 498/2412 488/2411
f 1079/1831 483/1829 462/1822
f 475/387 476/390 484/392
f 495/1823 493/1821 463/1818
f 487/2625 518/2627 472/2628
f 469/2118 470/2119 519/2120
f 1513/1042 485/1044 1551/1047
f 472/3153 496/3154 497/3155
f 485/2117 470/2119 469/2118
f 419/907 469/910 497/913
f 463/1818 461/1819 468/1816
f 1049/146 1051/183 1061/175
f 458/782 421/787 455/789
f 459/1032 457/1029 421/1035
f 421/787 1061/794 455/789
f 455/1751 1051/1752 504/1749
f 522/1180 450/1189 1057/1186
f 503/1750 456/1753 455/1751
f 1054/2029 451/2032 450/2037
f 423/900 465/906 464/909
f 465/906 576/912 464/909
f 424/1820 596/1824 462/1822
f 462/823 428/816 588/825
f 460/2353 468/2359 461/2355
f 461/2355 574/2348 460/2353
f 462/1822 463/1818 424/1820
f 491/1825 463/1818 462/1822
f 508/1707 1044/1704 507/1709
f 1044/1704 508/1707 1042/1705
f 1041/2218 1043/2216 1035/2219
f 1036/2646 1029/2644 452/2645
f 444/1754 443/1756 442/1755
f 453/1427 452/1430 524/1429
f 443/1553 1034/1546 572/1549
f 440/1031 980/1034 439/1025
f 443/1756 593/1758 442/1755
f 454/780 441/783 437/786
f 440/1031 439/1025 438/1028
f 458/782 441/783 454/780
f 1003/1931 449/1929 448/1928
f 1004/1724 1012/1720 448/1716
f 512/2900 447/2902 432/2903
f 573/2074 554/2072 446/2075
f 514/788 1011/785 513/791
f 445/2077 446/2075 992/2079
f 583/2076 553/2073 573/2074
f 506/2078 573/2074 431/2080
f 439/1025 983/1024 1023/1022
f 456/1753 442/1755 594/1757
f 1011/785 456/792 986/796
f 436/790 437/786 441/783
f 978/804 432/807 447/808
f 533/732 579/737 977/725
f 426/741 577/743 427/746
f 510/902 424/903 423/900
f 465/906 423/900 424/903
f 593/2338 1022/2337 594/2341
f 509/819 428/816 551/814
f 1558/380 581/377 1559/378
f 581/377 509/375 585/374
f 467/904 531/901 423/900
f 586/824 510/827 587/821
f 435/897 510/902 423/900
f 569/744 426/741 427/746
f 1555/386 466/382 1557/384
f 1192/1033 575/1036 457/1029
f 476/390 475/387 460/388
f 460/1064 576/1062 468/1066
f 505/1023 457/1029 459/1032
f 978/804 436/805 431/806
f 573/2074 553/2073 554/2072
f 423/900 425/898 435/897
f 472/2541 471/2537 515/2540
f 1561/192 1077/174 1566/200
f 457/1029 422/1038 421/1035
f 1076/2539 515/2540 471/2537
f 411/1275 412/1285 418/1282
f 406/2132 416/2128 417/2134
f 416/2128 1088/2126 1596/2123
f 1770/2140 415/2137 1771/2144
f 1611/2135 416/2128 1614/2133
f 406/1278 407/1281 411/1275
f 408/2129 416/2128 406/2132
f 417/2134 416/2128 415/2137
f 1088/2126 416/2128 408/2129
f 1609/2146 415/2137 1610/2149
f 1773/2145 409/2136 1775/2141
f 407/1281 412/1285 411/1275
f 410/1289 414/1288 1776/1293
f 409/2136 417/2134 1772/2138
f 411/1275 408/1272 406/1278
f 401/1667 403/1681 402/1675
f 1536/731 405/733 1567/739
f 1778/1684 403/1681 1779/1680
f 1568/1054 570/1043 1569/1053
f 407/2139 409/2136 414/2143
f 1606/1292 1107/1290 1615/1295
f 1371/1286 430/1279 418/1282
f 399/2694 405/2695 403/2696
f 1779/1680 401/1667 1783/1674
f 1375/916 419/907 420/914
f 1570/2177 1108/2178 1571/2179
f 1784/145 1064/153 1786/161
f 519/116 1055/117 1785/135
f 1077/174 474/152 1788/168
f 1781/2182 1077/2180 1791/2185
f 497/1057 496/1046 1047/1055
f 570/1043 1373/1051 496/1046
f 430/1279 1371/1286 1605/1291
f 1795/219 1604/222 1808/226
f 1796/177 1067/185 1797/195
f 1792/169 1063/162 1796/177
f 1373/1051 1047/1055 496/1046
f 1369/2189 1374/2181 1798/2187
f 1374/2181 1108/2178 1780/2184
f 1047/1055 420/1060 497/1057
f 1373/1678 1368/1670 1372/1673
f 1375/2945 420/2946 1047/2947
f 1375/2945 1048/2948 419/2949
f 1374/2181 1369/2189 1373/2190
f 1372/1673 1047/1677 1373/1678
f 1047/2947 1048/2948 1375/2945
f 1372/1673 1368/1670 1048/1666
f 420/914 419/907 497/913
f 1107/1290 1371/1286 418/1282
f 1107/1290 418/1282 410/1289
f 1782/1294 410/1289 1800/1297
f 418/1282 412/1285 410/1289
f 977/1671 401/1667 402/1675
f 1368/1670 1369/1682 1801/1683
f 1370/1687 399/1686 1778/1684
f 405/2695 402/2698 403/2696
f 405/2695 399/2694 1574/2697
f 402/729 400/722 977/725
f 1373/1678 1369/1682 1368/1670
f 1783/1674 1368/1670 1802/1679
f 409/2136 406/2132 417/2134
f 402/729 405/733 400/722
f 411/1275 430/1279 413/1273
f 411/1275 413/1273 408/1272
f 418/1282 430/1279 411/1275
f 409/2136 407/2139 406/2132
f 977/725 400/722 404/716
f 474/152 519/116 1787/144
f 977/725 426/741 569/744
f 1374/2181 1373/2190 1568/2188
f 1571/2179 1374/2181 1572/2183
f 1048/1666 1047/1677 1372/1673
f 407/1281 414/1288 412/1285
f 412/1285 414/1288 410/1289
f 1574/2697 1370/2700 1576/2702
f 569/1668 401/1667 977/1671
f 1048/1666 1368/1670 401/1667
f 1425/3126 35/3124 1621/3121
f 1620/2155 1425/2154 1754/2157
f 1426/2166 934/2169 1432/2172
f 1427/2160 946/2163 1426/2166
f 1428/2156 947/2152 1427/2160
f 1429/2165 35/2153 1430/2162
f 1430/2162 35/2153 1431/2159
f 1431/2159 35/2153 1428/2156
f 1432/2330 934/2321 1433/2328
f 1433/2328 934/2321 933/2327
f 1434/415 932/405 38/407
f 1435/2334 932/2332 1434/2335
f 1436/2331 933/2327 932/2332
f 1437/2333 932/2332 1435/2334
f 1438/2329 933/2327 1436/2331
f 1439/454 38/448 1440/450
f 1440/450 38/448 1452/445
f 1441/2984 828/2983 1442/2987
f 1442/2987 828/2983 1443/2989
f 1443/2989 828/2983 1741/2988
f 1444/3122 35/3124 1429/3127
f 1445/3189 827/3190 1446/3191
f 1446/3184 827/3185 1451/3186
f 1447/2985 931/2982 1441/2984
f 1448/3187 827/3185 1449/3188
f 1449/3192 827/3190 1445/3189
f 1450/3045 931/3047 1447/3050
f 1451/3186 827/3185 1448/3187
f 1452/445 38/448 39/446
f 1453/447 39/446 396/449
f 1454/465 54/460 1760/470
f 1455/462 396/449 1454/465
f 1456/458 396/449 1455/462
f 1457/455 396/449 1456/458
f 1458/452 396/449 1457/455
f 1459/29 90/17 1465/38
f 1460/39 85/11 1459/29
f 1461/16 89/5 71/9
f 1462/2005 71/2008 72/2006
f 1463/26 89/5 1461/16
f 1464/27 88/10 1466/18
f 1465/38 90/17 1464/27
f 1466/18 88/10 89/5
f 1460/39 1467/78 1730/68
f 1467/78 1468/104 1732/95
f 1469/28 89/5 1463/26
f 1470/2013 72/2006 1109/2011
f 1471/2016 72/2006 1470/2013
f 1472/3196 72/3197 1471/3198
f 1474/156 1366/138 1477/148
f 1475/151 1366/138 1474/156
f 1476/127 1081/108 1080/118
f 1477/148 1366/138 1476/127
f 1478/86 798/94 1492/103
f 1479/77 799/67 1478/86
f 1480/3069 1110/3068 1493/3065
f 1481/2020 1127/2017 1480/2019
f 1482/2015 1109/2011 1483/2018
f 1483/2018 1109/2011 1127/2017
f 1484/2022 1127/2017 1481/2020
f 1485/1456 1255/1453 1257/1448
f 1486/2836 1257/2835 1256/2837
f 1487/2842 1240/2843 1488/2844
f 1488/563 1240/558 1267/554
f 1489/2838 1256/2837 1241/2839
f 1490/2840 1241/2839 1487/2842
f 1491/2021 1127/2017 1484/2022
f 1492/103 798/94 1497/111
f 1493/3065 1110/3068 800/3066
f 1494/1461 1424/1457 1255/1453
f 1495/1464 1421/1463 1494/1461
f 1496/564 1267/554 1495/561
f 1497/111 798/94 1499/123
f 1498/122 798/94 1500/110
f 1499/123 798/94 1498/122
f 1500/110 798/94 1424/102
f 1501/121 1424/102 1422/131
f 1502/140 1422/131 1475/151
f 1503/85 800/58 1479/77
f 1504/93 800/58 1503/85
f 1505/1460 1255/1453 1485/1456
f 1506/2980 558/2979 1507/2978
f 1507/2978 558/2979 557/2974
f 1508/1917 1406/1914 1414/1913
f 1509/1919 1414/1913 1516/1921
f 1510/372 585/374 580/369
f 1511/376 585/374 1510/372
f 1512/1040 570/1043 486/1041
f 1513/1042 486/1041 485/1044
f 1514/351 543/350 1409/354
f 1515/352 1416/349 1514/351
f 1516/2795 1414/2791 1530/2794
f 1517/1927 1409/1925 1415/1920
f 1518/1926 1415/1920 1525/1924
f 1519/738 560/742 1419/730
f 1520/2977 557/2974 1519/2976
f 1521/723 1413/727 568/707
f 1522/734 1419/730 1521/723
f 1523/359 1097/360 1416/349
f 1524/355 1416/349 1515/352
f 1525/1924 1415/1920 1560/1922
f 1526/728 400/722 1536/731
f 1527/719 400/722 1526/728
f 1528/714 556/709 1527/719
f 1529/710 556/709 1528/714
f 1530/2794 1414/2791 1506/2793
f 1531/718 568/707 1532/713
f 1532/713 568/707 1529/710
f 1533/363 1097/360 1523/359
f 1534/367 1098/365 1533/363
f 1535/370 580/369 1534/367
f 1536/731 400/722 405/733
f 1537/3109 516/3112 1076/3110
f 1538/3111 1076/3110 1561/3113
f 1539/2347 476/2350 574/2348
f 1540/2349 574/2348 493/2351
f 1541/2361 477/2360 1564/2362
f 1542/2357 477/2360 1541/2361
f 1543/2358 484/2352 1545/2356
f 1544/158 500/149 1543/166
f 1545/2356 484/2352 1539/2347
f 1546/155 1080/118 1549/165
f 1547/147 1080/118 1546/155
f 1548/137 1080/118 1547/147
f 1549/165 1080/118 1544/158
f 1550/2953 516/2950 1537/2956
f 1551/1047 485/1044 1552/1052
f 1552/1052 485/1044 595/1056
f 1553/1058 595/1056 1554/1061
f 1554/1061 595/1056 1556/1063
f 1555/386 460/388 466/382
f 1556/1063 595/1056 1555/1065
f 1557/384 466/382 1558/380
f 1558/380 466/382 581/377
f 1559/378 581/377 1511/376
f 1560/1922 1415/1920 1508/1917
f 1561/192 1076/182 1077/174
f 1562/2955 473/2951 1550/2953
f 1563/2354 493/2351 1542/2357
f 1564/2957 477/2954 1562/2955
f 1565/1045 570/1043 1512/1040
f 1566/200 1077/174 1579/209
f 1567/2701 405/2695 1575/2699
f 1568/1054 1373/1051 570/1043
f 1569/1053 570/1043 1578/1049
f 1570/2177 1077/2180 1108/2178
f 1571/2179 1108/2178 1374/2181
f 1572/2183 1374/2181 1573/2186
f 1573/2186 1374/2181 1568/2188
f 1574/2697 399/2694 1370/2700
f 1575/2699 405/2695 1574/2697
f 1576/2702 1370/2700 1577/2703
f 1577/2703 1370/2700 1804/2704
f 1578/1049 570/1043 1565/1045
f 1579/3193 1077/3194 1570/3195
f 1580/241 179/235 1581/245
f 1581/245 179/235 178/244
f 1582/255 178/244 1583/260
f 1583/260 178/244 1586/253
f 1584/242 158/224 1580/241
f 1585/249 113/240 1720/254
f 1586/253 178/244 1585/249
f 1587/236 158/224 1584/242
f 1588/225 802/216 158/224
f 1589/223 1197/211 1588/225
f 1590/193 1065/176 1591/203
f 1591/203 1065/176 1197/211
f 1592/218 1197/211 1589/223
f 1593/231 158/224 1587/236
f 1594/1280 511/1271 1595/1277
f 1595/1277 511/1271 1599/1274
f 1596/2123 1088/2126 511/2124
f 1597/2125 511/2124 1598/2127
f 1598/1284 511/1271 1594/1280
f 1599/1274 511/1271 413/1273
f 1600/1276 413/1273 430/1279
f 1601/210 1067/185 1603/202
f 1602/217 1067/185 1601/210
f 1603/202 1067/185 1590/193
f 1604/222 1067/185 1602/217
f 1605/1291 1371/1286 1606/1292
f 1606/1292 1371/1286 1107/1290
f 1607/1283 430/1279 1608/1287
f 1608/1287 430/1279 1605/1291
f 1771/2144 1609/2146 1809/2148
f 1610/3172 415/3173 1611/3174
f 1611/2135 415/2137 416/2128
f 1612/2130 416/2128 1596/2123
f 1613/2131 416/2128 1612/2130
f 1614/2133 416/2128 1613/2131
f 1615/1295 1107/1290 1616/1299
f 1616/1299 1107/1290 1811/1298
f 1808/226 1617/228 1813/232
f 1618/3085 943/3088 949/3086
f 1619/2513 41/2510 1618/2512
f 1620/2155 947/2152 1425/2154
f 1621/3121 35/3124 1444/3122
f 1622/423 5/424 12/413
f 1623/419 12/413 55/414
f 1624/705 832/698 1737/702
f 1625/2100 832/2102 1624/2103
f 1626/3090 833/3091 1627/3092
f 1627/3092 833/3091 1630/3094
f 1628/434 398/430 1622/423
f 1629/438 398/430 1628/434
f 1630/3094 833/3091 1663/3095
f 1631/2093 925/2087 40/2090
f 1632/2096 834/2091 1631/2093
f 1633/422 55/414 818/426
f 1634/429 818/426 1654/433
f 1635/2709 950/2708 1642/2712
f 1636/2710 949/2707 1635/2709
f 1637/2515 41/2510 1619/2513
f 1638/1003 959/1000 1644/1008
f 1639/1004 952/998 1638/1003
f 1640/2092 928/2089 825/2088
f 1641/2481 958/2475 1640/2479
f 1642/2712 950/2708 1643/2714
f 1643/2714 950/2708 948/2716
f 1644/2482 959/2478 1641/2481
f 1645/1009 826/1001 1639/1004
f 1646/3087 949/3086 1636/3089
f 1647/2161 945/2164 947/2152
f 1648/2167 945/2164 1647/2161
f 1649/2158 947/2152 1620/2155
f 1650/2170 945/2164 1648/2167
f 1651/2173 941/2168 1650/2170
f 1652/2175 948/2174 1651/2173
f 1653/3044 931/3047 1450/3045
f 1654/2520 818/2516 1655/2519
f 1655/2519 818/2516 1637/2515
f 1656/2097 825/2088 1645/2099
f 1657/439 398/430 1629/438
f 1658/1259 829/1256 1632/1257
f 1659/1260 829/1256 1658/1259
f 1660/3175 54/3176 1735/3177
f 1661/1261 830/1258 1659/1260
f 1662/1263 1/1262 1661/1261
f 1663/3095 833/3091 1743/3093
f 1664/443 397/435 1665/442
f 1665/442 397/435 1657/439
f 1666/939 359/940 1669/941
f 1667/936 972/933 1666/939
f 1668/935 371/930 1667/936
f 1669/941 359/940 264/942
f 1670/943 264/942 1672/944
f 1671/945 207/946 1713/947
f 1672/944 264/942 1671/945
f 1673/2665 244/2668 209/2666
f 1674/595 209/597 119/590
f 1675/257 152/243 163/250
f 1676/256 163/250 123/246
f 1677/1114 206/1102 250/1110
f 1678/1119 250/1110 1700/1122
f 1679/141 92/113 1680/132
f 1680/132 92/113 1691/124
f 1681/2744 235/2742 1703/2739
f 1682/475 389/463 1681/471
f 1683/469 389/463 1682/475
f 1684/474 54/460 1683/469
f 1685/2313 59/2311 395/2310
f 1686/2317 59/2311 1685/2313
f 1687/2316 395/2310 62/2315
f 1688/3199 62/3200 1689/3201
f 1689/1999 62/1997 60/1992
f 1690/96 84/105 82/19
f 1691/124 92/113 1690/96
f 1692/1267 357/1265 1662/1263
f 1693/938 342/929 1668/935
f 1694/1124 253/1118 1693/1126
f 1695/1121 253/1118 1694/1124
f 1696/2671 244/2668 1697/2669
f 1697/2669 244/2668 1673/2665
f 1698/2675 190/2670 1699/2673
f 1699/2673 190/2670 1696/2671
f 1700/1122 250/1110 1695/1121
f 1701/1113 206/1102 1677/1114
f 1702/2749 59/2747 1686/2750
f 1703/2739 235/2742 81/2740
f 1704/2741 81/2740 58/2743
f 1705/2745 58/2743 59/2747
f 1706/2748 59/2747 1702/2749
f 1707/593 119/590 114/591
f 1708/2677 190/2670 1698/2675
f 1709/1105 122/1098 206/1102
f 1710/1108 123/1101 1709/1105
f 1711/1109 206/1102 1701/1113
f 1712/268 112/252 1675/257
f 1713/947 207/946 1714/948
f 1714/2678 207/2676 1708/2677
f 1715/594 114/591 1716/596
f 1716/43 114/33 103/13
f 1717/258 112/252 1724/265
f 1718/264 113/240 1717/258
f 1719/262 113/240 1718/264
f 1720/254 113/240 1719/262
f 1721/263 123/246 1710/267
f 1722/55 103/13 101/45
f 1723/53 103/13 1722/55
f 1724/265 112/252 1712/268
f 1725/64 101/45 1728/70
f 1726/20 95/12 93/6
f 1727/31 93/6 87/30
f 1728/70 101/45 1729/50
f 1729/50 101/45 52/32
f 1730/68 1467/78 1763/87
f 1731/48 85/11 1460/39
f 1732/95 1468/104 1766/112
f 1733/79 82/19 86/60
f 1734/69 86/60 1731/48
f 1735/3177 54/3176 1684/3179
f 1736/2095 40/2090 1742/2098
f 1737/702 832/698 30/692
f 1738/2094 825/2088 1656/2097
f 1739/2991 1473/2992 1443/2989
f 1740/3049 931/3047 1653/3044
f 1741/2988 828/2983 1740/2986
f 1742/2098 40/2090 1625/2100
f 1743/3093 833/3091 1626/3090
f 1744/704 30/692 1745/703
f 1745/703 30/692 383/699
f 1746/444 383/441 1664/443
f 1747/2919 92/2918 1679/2922
f 1748/2920 87/2917 1747/2919
f 1749/2002 60/1992 357/2003
f 1750/1269 357/1265 1692/1267
f 1751/2001 60/1992 1749/2002
f 1752/40 52/32 1726/20
f 1753/3128 1425/3126 1621/3121
f 1755/3129 1425/3126 1753/3128
f 1756/2990 1443/2989 1741/2988
f 1757/3123 1444/3122 1764/3125
f 1758/3046 1450/3045 1759/3048
f 1760/3178 54/3176 1660/3175
f 1761/476 1454/465 1760/470
f 1762/59 1460/39 1730/68
f 1763/87 1467/78 1732/95
f 1765/2993 1473/2992 1739/2991
f 1767/261 1585/249 1720/254
f 1768/266 1585/249 1767/261
f 1769/2142 417/2134 1770/2140
f 1770/2140 417/2134 415/2137
f 1771/2144 415/2137 1609/2146
f 1772/2138 417/2134 1769/2142
f 1773/2145 414/2143 409/2136
f 1774/2147 414/2143 1773/2145
f 1775/2141 409/2136 1772/2138
f 1776/2150 414/2143 1774/2147
f 1777/1296 410/1289 1776/1293
f 1778/1684 399/1686 403/1681
f 1779/1680 403/1681 401/1667
f 1780/2184 1108/2178 1781/2182
f 1781/2182 1108/2178 1077/2180
f 1782/1294 1107/1290 410/1289
f 1783/1674 401/1667 1368/1670
f 1784/145 1055/117 1064/153
f 1785/135 1055/117 1784/145
f 1786/161 1064/153 1792/169
f 1787/144 519/116 1785/135
f 1788/168 474/152 1789/160
f 1789/160 474/152 1787/144
f 1790/181 1077/174 1788/168
f 1791/3078 1077/3079 1790/3080
f 1792/169 1064/153 1063/162
f 1793/205 1067/185 1794/213
f 1794/213 1067/185 1795/219
f 1795/219 1067/185 1604/222
f 1796/177 1063/162 1067/185
f 1797/195 1067/185 1793/205
f 1798/2187 1374/2181 1780/2184
f 1799/2191 1369/2189 1798/2187
f 1800/1297 410/1289 1777/1296
f 1801/1683 1369/1682 1805/1685
f 1802/1679 1368/1670 1801/1683
f 1803/1688 1370/1687 1778/1684
f 1804/2704 1370/2700 1806/2706
f 1805/2192 1369/2189 1799/2191
f 1806/1689 1370/1687 1803/1688
f 1807/2705 1577/2703 1804/2704
f 1808/226 1604/222 1617/228
f 1809/2148 1609/2146 1810/2151
f 1811/1298 1107/1290 1782/1294
f 1812/1300 1616/1299 1811/1298
f 1813/232 1617/228 1814/237
usemtl Tile_+031_+024_L18_00012_untextured
