mtllib Tile_+032_+023_L21_00000300.mtl
v 6.31027870e+03 5.54009265e+03 1.34169340e+01
v 6.31021921e+03 5.53908795e+03 1.37345552e+01
v 6.31074896e+03 5.54030799e+03 1.35791861e+01
v 6.31075462e+03 5.54096580e+03 1.29525215e+01
v 6.31134602e+03 5.54090859e+03 1.36862837e+01
v 6.31115596e+03 5.53900214e+03 1.46464976e+01
v 6.31150637e+03 5.53871011e+03 1.55780835e+01
v 6.31122863e+03 5.53816576e+03 1.54557938e+01
v 6.30865961e+03 5.54782700e+03 1.54818054e+01
v 6.30916473e+03 5.54754247e+03 1.50393191e+01
v 6.30911979e+03 5.54725712e+03 1.55333084e+01
v 6.31152254e+03 5.53788585e+03 1.78649152e+01
v 6.31201039e+03 5.53733782e+03 1.77074944e+01
v 6.30860905e+03 5.55023569e+03 2.38310342e+01
v 6.30918155e+03 5.55000676e+03 2.40477983e+01
v 6.30854347e+03 5.55019809e+03 2.42551820e+01
v 6.31059214e+03 5.54835729e+03 2.20084390e+01
v 6.31094504e+03 5.54823373e+03 2.17863030e+01
v 6.30924509e+03 5.53719422e+03 1.86947604e+01
v 6.30998662e+03 5.53839111e+03 1.77077964e+01
v 6.31137989e+03 5.53898802e+03 1.69510024e+01
v 6.31144239e+03 5.54022414e+03 1.62010919e+01
v 6.31061542e+03 5.54135476e+03 1.62606536e+01
v 6.30931840e+03 5.54089705e+03 1.26737898e+01
v 6.30992869e+03 5.54047365e+03 1.30514242e+01
v 6.31143184e+03 5.54207804e+03 1.21093008e+01
v 6.31211635e+03 5.54287384e+03 1.23809963e+01
v 6.31231730e+03 5.54301112e+03 1.27888027e+01
v 6.31166261e+03 5.54187265e+03 1.30597419e+01
v 6.31064682e+03 5.53955075e+03 1.37755863e+01
v 6.30950446e+03 5.54573713e+03 1.21988344e+01
v 6.30960676e+03 5.54474882e+03 1.21029099e+01
v 6.30951340e+03 5.54557306e+03 1.29732054e+01
v 6.30945262e+03 5.53969782e+03 1.33705200e+01
v 6.31206412e+03 5.54222300e+03 1.40414606e+01
v 6.31150421e+03 5.54019830e+03 1.46471126e+01
v 6.31162142e+03 5.53923665e+03 1.61917643e+01
v 6.31145012e+03 5.53711056e+03 1.92421892e+01
v 6.31179256e+03 5.53740599e+03 1.83038488e+01
v 6.31134893e+03 5.54198279e+03 1.60397284e+01
v 6.31131873e+03 5.54362252e+03 1.61928828e+01
v 6.31232657e+03 5.54787167e+03 1.86854517e+01
v 6.31191625e+03 5.54859568e+03 2.06932899e+01
v 6.31188086e+03 5.54695388e+03 1.84101205e+01
v 6.31035966e+03 5.53958532e+03 1.69246262e+01
v 6.30945721e+03 5.54298139e+03 1.43781428e+01
v 6.30968393e+03 5.54488842e+03 1.47543502e+01
v 6.31080337e+03 5.55859572e+03 1.07328430e+01
v 6.31088590e+03 5.55876832e+03 1.14664631e+01
v 6.31184251e+03 5.55074548e+03 1.07014142e+01
v 6.30962454e+03 5.54574407e+03 1.15184287e+01
v 6.30944018e+03 5.54630178e+03 1.13810699e+01
v 6.30872030e+03 5.54699482e+03 1.08407332e+01
v 6.30957753e+03 5.54648153e+03 1.10125517e+01
v 6.30920607e+03 5.54642403e+03 1.17833623e+01
v 6.30934020e+03 5.54620007e+03 1.27738693e+01
v 6.30875487e+03 5.54677975e+03 1.12564591e+01
v 6.30922003e+03 5.54127071e+03 1.25302741e+01
v 6.30835225e+03 5.54071664e+03 1.28011519e+01
v 6.30886097e+03 5.54072432e+03 1.27190900e+01
v 6.30980636e+03 5.54568722e+03 1.10804129e+01
v 6.30987744e+03 5.54610955e+03 1.09932157e+01
v 6.30987287e+03 5.54149569e+03 1.20040945e+01
v 6.30861706e+03 5.54705220e+03 1.24996064e+01
v 6.30859858e+03 5.54692683e+03 1.19088375e+01
v 6.31251655e+03 5.54559364e+03 1.07257918e+01
v 6.30943747e+03 5.54643282e+03 1.36488402e+01
v 6.30903627e+03 5.54666745e+03 1.26884048e+01
v 6.31021476e+03 5.54134105e+03 1.20683478e+01
v 6.31053967e+03 5.54172027e+03 1.12124038e+01
v 6.31191228e+03 5.56123051e+03 1.06087708e+01
v 6.31222281e+03 5.56187368e+03 1.02204921e+01
v 6.31227364e+03 5.56016397e+03 1.01933705e+01
v 6.31233570e+03 5.55727785e+03 1.03100810e+01
v 6.31153055e+03 5.56188860e+03 1.10215637e+01
v 6.30945285e+03 5.55997718e+03 1.20385090e+01
v 6.30963912e+03 5.55938255e+03 1.20927659e+01
v 6.30952589e+03 5.54380852e+03 1.19463083e+01
v 6.30970668e+03 5.54388008e+03 1.15068246e+01
v 6.31021663e+03 5.54408708e+03 1.11922899e+01
v 6.30988587e+03 5.54336291e+03 1.12753875e+01
v 6.30956940e+03 5.54295313e+03 1.16576846e+01
v 6.31202084e+03 5.54497815e+03 1.09614690e+01
v 6.31028902e+03 5.54558974e+03 1.07207811e+01
v 6.31045331e+03 5.54503295e+03 1.07884805e+01
v 6.31190389e+03 5.54315074e+03 1.17738507e+01
v 6.31030734e+03 5.56016916e+03 1.21199511e+01
v 6.31005914e+03 5.54205266e+03 1.12634861e+01
v 6.30974743e+03 5.54469137e+03 1.15064163e+01
v 6.30968049e+03 5.54753632e+03 1.07315583e+01
v 6.30859348e+03 5.54756909e+03 1.06078515e+01
v 6.31188798e+03 5.55868591e+03 1.03209298e+01
v 6.31219231e+03 5.56119817e+03 1.02768901e+01
v 6.31209130e+03 5.53678852e+03 1.72862886e+01
v 6.31236523e+03 5.53691624e+03 1.79902320e+01
v 6.31250095e+03 5.53686220e+03 1.85789499e+01
v 6.31116491e+03 5.54013752e+03 1.40613317e+01
v 6.31200644e+03 5.53712807e+03 1.88404796e+01
v 6.31255928e+03 5.53701469e+03 1.95702407e+01
v 6.31066217e+03 5.53451838e+03 1.70380456e+01
v 6.31006146e+03 5.53442016e+03 1.68310295e+01
v 6.31041575e+03 5.54348778e+03 1.59321367e+01
v 6.30951226e+03 5.54637143e+03 1.50123631e+01
v 6.30936612e+03 5.54735843e+03 1.46086582e+01
v 6.30867901e+03 5.54776136e+03 1.59183195e+01
v 6.30917123e+03 5.54717317e+03 1.63534490e+01
v 6.30959595e+03 5.54698648e+03 1.74484294e+01
v 6.30868938e+03 5.54778506e+03 1.67248389e+01
v 6.31149087e+03 5.54329972e+03 1.12868527e+01
v 6.31192016e+03 5.54359420e+03 1.15308652e+01
v 6.30920483e+03 5.54254418e+03 1.29953698e+01
v 6.31130815e+03 5.54295720e+03 1.10006363e+01
v 6.31092922e+03 5.54279686e+03 1.09055493e+01
v 6.31112084e+03 5.54240271e+03 1.10204163e+01
v 6.31061452e+03 5.54233345e+03 1.10165181e+01
v 6.31020134e+03 5.54270639e+03 1.10563811e+01
v 6.31185796e+03 5.53772494e+03 1.64758629e+01
v 6.31161139e+03 5.53910847e+03 1.57944592e+01
v 6.31002318e+03 5.54507412e+03 1.08635820e+01
v 6.30960854e+03 5.53567483e+03 1.63502623e+01
v 6.31016393e+03 5.53617858e+03 1.62044672e+01
v 6.31188727e+03 5.54394553e+03 1.59299927e+01
v 6.31149839e+03 5.54476176e+03 1.66375400e+01
v 6.31197579e+03 5.54537842e+03 1.67270899e+01
v 6.30957451e+03 5.54635079e+03 1.59540994e+01
v 6.30957792e+03 5.53686806e+03 1.57673584e+01
v 6.31073327e+03 5.53758533e+03 1.55339026e+01
v 6.30902738e+03 5.53774381e+03 1.45226365e+01
v 6.30955985e+03 5.53856563e+03 1.39156361e+01
v 6.31078198e+03 5.54424276e+03 1.62870168e+01
v 6.29519120e+03 5.55896954e+03 1.54526406e+01
v 6.29498025e+03 5.55880193e+03 1.53581142e+01
v 6.29539062e+03 5.56026305e+03 1.30754033e+01
v 6.29547918e+03 5.56034440e+03 1.27048842e+01
v 6.29531740e+03 5.55990822e+03 1.29568211e+01
v 6.29309998e+03 5.55973601e+03 1.39689562e+01
v 6.29294227e+03 5.55975217e+03 1.33441801e+01
v 6.29342300e+03 5.55980553e+03 1.37113988e+01
v 6.29377991e+03 5.55983991e+03 1.30549962e+01
v 6.29279823e+03 5.56003305e+03 1.28182839e+01
v 6.28694339e+03 5.56237017e+03 1.26850079e+01
v 6.28747382e+03 5.56159709e+03 1.25730598e+01
v 6.28765946e+03 5.55632840e+03 1.30107881e+01
v 6.28845166e+03 5.55664126e+03 1.27849067e+01
v 6.28792121e+03 5.55613681e+03 1.29805517e+01
v 6.28746362e+03 5.55568815e+03 1.33230335e+01
v 6.28727782e+03 5.55582796e+03 1.36930538e+01
v 6.28721159e+03 5.55606286e+03 1.33831972e+01
v 6.28748781e+03 5.55609335e+03 1.32050076e+01
v 6.28794078e+03 5.55554441e+03 1.27805712e+01
v 6.28773158e+03 5.55536873e+03 1.30564714e+01
v 6.28899498e+03 5.55446748e+03 1.29706013e+01
v 6.28920752e+03 5.55462346e+03 1.32147269e+01
v 6.28925357e+03 5.55436450e+03 1.32977552e+01
v 6.28788750e+03 5.55411273e+03 1.27264763e+01
v 6.28753666e+03 5.55394162e+03 1.29684375e+01
v 6.28813892e+03 5.55445760e+03 1.28247094e+01
v 6.28785790e+03 5.55475659e+03 1.32449003e+01
v 6.28805333e+03 5.55502180e+03 1.28700775e+01
v 6.28714560e+03 5.55612398e+03 1.39581592e+01
v 6.28967679e+03 5.55581829e+03 1.37637023e+01
v 6.28984827e+03 5.55597529e+03 1.33059015e+01
v 6.28983536e+03 5.55622240e+03 1.37778300e+01
v 6.29009774e+03 5.55635907e+03 1.27792642e+01
v 6.28970367e+03 5.55625734e+03 1.27060873e+01
v 6.28996226e+03 5.55655690e+03 1.25730697e+01
v 6.29463844e+03 5.55737586e+03 1.34668277e+01
v 6.29506107e+03 5.55757118e+03 1.32629824e+01
v 6.29473774e+03 5.55719933e+03 1.29925238e+01
v 6.29548969e+03 5.55819006e+03 1.34043304e+01
v 6.29507944e+03 5.55893515e+03 1.35949285e+01
v 6.29487349e+03 5.55861682e+03 1.29567944e+01
v 6.29509828e+03 5.55747808e+03 1.27183273e+01
v 6.29369002e+03 5.55671419e+03 1.23046804e+01
v 6.29364929e+03 5.55695544e+03 1.27803754e+01
v 6.29171681e+03 5.55462439e+03 1.25993043e+01
v 6.29207759e+03 5.55513289e+03 1.27437344e+01
v 6.29193825e+03 5.55487433e+03 1.23928567e+01
v 6.29217842e+03 5.55529317e+03 1.24992691e+01
v 6.29197444e+03 5.55511689e+03 1.25809135e+01
v 6.29314275e+03 5.55658808e+03 1.23707456e+01
v 6.29326566e+03 5.55664393e+03 1.22173802e+01
v 6.29504710e+03 5.55714870e+03 1.26873865e+01
v 6.29535584e+03 5.55735757e+03 1.23323141e+01
v 6.29418017e+03 5.55700846e+03 1.29644442e+01
v 6.29386344e+03 5.55689381e+03 1.24962786e+01
v 6.29270805e+03 5.55620654e+03 1.26771824e+01
v 6.29252864e+03 5.55603381e+03 1.29647584e+01
v 6.29157652e+03 5.55423560e+03 1.28789504e+01
v 6.29142316e+03 5.55386261e+03 1.26599959e+01
v 6.29253332e+03 5.55495969e+03 1.35178470e+01
v 6.29186126e+03 5.55407961e+03 1.35418784e+01
v 6.29230203e+03 5.55462641e+03 1.35855559e+01
v 6.29258616e+03 5.55590008e+03 1.34280239e+01
v 6.29248014e+03 5.55563249e+03 1.38686010e+01
v 6.29116342e+03 5.55645086e+03 1.37920037e+01
v 6.29033413e+03 5.55636506e+03 1.28648696e+01
v 6.29096597e+03 5.55645563e+03 1.29163330e+01
v 6.29490512e+03 5.55663348e+03 1.26199460e+01
v 6.29529806e+03 5.55666647e+03 1.24640292e+01
v 6.29534233e+03 5.55816454e+03 1.28883200e+01
v 6.29547424e+03 5.55779922e+03 1.34702624e+01
v 6.29524724e+03 5.55785887e+03 1.29241426e+01
v 6.29554147e+03 5.55768401e+03 1.38651270e+01
v 6.28936055e+03 5.55557161e+03 1.25914177e+01
v 6.28984063e+03 5.55600995e+03 1.29132519e+01
v 6.29488754e+03 5.55737541e+03 1.42004117e+01
v 6.29432806e+03 5.55716612e+03 1.35949120e+01
v 6.29164112e+03 5.55647616e+03 1.33845470e+01
v 6.29275873e+03 5.55824826e+03 1.34094019e+01
v 6.29282850e+03 5.55869147e+03 1.35303119e+01
v 6.29279710e+03 5.55713469e+03 1.33118911e+01
v 6.29256328e+03 5.55678887e+03 1.32490400e+01
v 6.29234333e+03 5.55836969e+03 1.29947167e+01
v 6.29252320e+03 5.55791470e+03 1.30354156e+01
v 6.29240977e+03 5.55680284e+03 1.30130468e+01
v 6.29211866e+03 5.55672921e+03 1.41338021e+01
v 6.29158631e+03 5.55650793e+03 1.38695150e+01
v 6.29141369e+03 5.55621600e+03 1.40486377e+01
v 6.28855284e+03 5.55631219e+03 1.27872875e+01
v 6.28889373e+03 5.55566424e+03 1.26034777e+01
v 6.29138860e+03 5.55392960e+03 1.28314409e+01
v 6.28866572e+03 5.55890519e+03 1.27131984e+01
v 6.28926221e+03 5.55761428e+03 1.25665377e+01
v 6.29242273e+03 5.55564919e+03 1.28682451e+01
v 6.28964476e+03 5.55623846e+03 1.41924408e+01
v 6.29303575e+03 5.55664015e+03 1.29424284e+01
v 6.29267304e+03 5.55630301e+03 1.35433652e+01
v 6.28932910e+03 5.55643934e+03 1.26979319e+01
v 6.28824400e+03 5.55994094e+03 1.27197487e+01
v 6.28873900e+03 5.56010926e+03 1.26435350e+01
v 6.28884595e+03 5.55981358e+03 1.25375437e+01
v 6.28859257e+03 5.55984259e+03 1.25943834e+01
v 6.29293432e+03 5.55651534e+03 1.36994989e+01
v 6.29036741e+03 5.55642634e+03 1.36348555e+01
v 6.29039810e+03 5.55650287e+03 1.42045525e+01
v 6.28916648e+03 5.55491706e+03 1.26650307e+01
v 6.28863053e+03 5.55446086e+03 1.27066085e+01
v 6.28740670e+03 5.55670462e+03 1.27576616e+01
v 6.28711357e+03 5.55632871e+03 1.30194335e+01
v 6.28760889e+03 5.55520757e+03 1.34566237e+01
v 6.28950971e+03 5.55518631e+03 1.40178636e+01
v 6.28940158e+03 5.55484900e+03 1.42212667e+01
v 6.28938709e+03 5.55487144e+03 1.38024877e+01
v 6.28933339e+03 5.55454030e+03 1.36798733e+01
v 6.28936107e+03 5.55459552e+03 1.41433197e+01
v 6.28755736e+03 5.55554487e+03 1.45240640e+01
v 6.28754710e+03 5.55509138e+03 1.43297811e+01
v 6.28755266e+03 5.55508162e+03 1.39338345e+01
v 6.28742462e+03 5.55458933e+03 1.42213809e+01
v 6.28855459e+03 5.55497858e+03 1.25907340e+01
v 6.29272627e+03 5.55853915e+03 1.32314113e+01
v 6.29257219e+03 5.55902827e+03 1.30864374e+01
v 6.29397363e+03 5.55975885e+03 1.41356103e+01
v 6.29404207e+03 5.55971020e+03 1.35821918e+01
v 6.29423753e+03 5.55982647e+03 1.31803013e+01
v 6.29469980e+03 5.55934290e+03 1.34507165e+01
v 6.30260327e+03 5.54156604e+03 1.50949993e+01
v 6.30261186e+03 5.54113331e+03 1.52994869e+01
v 6.29579959e+03 5.55823145e+03 1.38600859e+01
v 6.29179437e+03 5.55943583e+03 1.32610785e+01
v 6.29209294e+03 5.55958542e+03 1.29931437e+01
v 6.29234895e+03 5.55930700e+03 1.30780093e+01
v 6.29188950e+03 5.55909001e+03 1.30077367e+01
v 6.29290675e+03 5.55927133e+03 1.39348699e+01
v 6.29225629e+03 5.55884649e+03 1.30244430e+01
v 6.29169260e+03 5.55856310e+03 1.26192968e+01
v 6.28841458e+03 5.56008912e+03 1.30058147e+01
v 6.29509545e+03 5.55963970e+03 1.31174010e+01
v 6.29504748e+03 5.56002665e+03 1.31305281e+01
v 6.29480010e+03 5.55961791e+03 1.31846674e+01
v 6.29530889e+03 5.56053370e+03 1.29403616e+01
v 6.29275152e+03 5.55916079e+03 1.33120647e+01
v 6.29242339e+03 5.55525524e+03 1.42022173e+01
v 6.29260247e+03 5.55490990e+03 1.38948128e+01
v 6.29463440e+03 5.55737238e+03 1.45681841e+01
v 6.29426976e+03 5.55715901e+03 1.39713423e+01
v 6.29389066e+03 5.55688302e+03 1.35958198e+01
v 6.29302541e+03 5.55765929e+03 1.39004875e+01
v 6.29318730e+03 5.55756750e+03 1.42193477e+01
v 6.29321452e+03 5.55726411e+03 1.39329562e+01
v 6.29092620e+03 5.55416757e+03 1.61258298e+01
v 6.29117962e+03 5.55406508e+03 1.60839514e+01
v 6.29167629e+03 5.55424587e+03 1.24577697e+01
v 6.29251108e+03 5.55615866e+03 1.43198387e+01
v 6.29241254e+03 5.55646176e+03 1.45718743e+01
v 6.29261102e+03 5.55671804e+03 1.43573373e+01
v 6.29280545e+03 5.55654626e+03 1.44077543e+01
v 6.29050620e+03 5.55508810e+03 1.57703984e+01
v 6.28998383e+03 5.55491106e+03 1.51753059e+01
v 6.28993530e+03 5.55577009e+03 1.46485255e+01
v 6.28974006e+03 5.55524114e+03 1.45237828e+01
v 6.28991155e+03 5.55642258e+03 1.45190972e+01
v 6.29250811e+03 5.55821637e+03 1.44943997e+01
v 6.29269710e+03 5.55833817e+03 1.39483873e+01
v 6.29280881e+03 5.55464451e+03 1.41661085e+01
v 6.29279518e+03 5.55489166e+03 1.43189647e+01
v 6.29032979e+03 5.55406223e+03 1.38748530e+01
v 6.28996098e+03 5.55410618e+03 1.36931207e+01
v 6.29279351e+03 5.55774188e+03 1.33414233e+01
v 6.29232649e+03 5.55720821e+03 1.28272746e+01
v 6.29351683e+03 5.55681028e+03 1.38184817e+01
v 6.29106454e+03 5.55629620e+03 1.40383352e+01
v 6.29077809e+03 5.55632921e+03 1.42740431e+01
v 6.29255121e+03 5.55530999e+03 1.34386134e+01
v 6.29097704e+03 5.55569282e+03 1.43018252e+01
v 6.29139098e+03 5.55566477e+03 1.41285986e+01
v 6.29115915e+03 5.55547893e+03 1.41759315e+01
v 6.29263031e+03 5.55608243e+03 1.37688987e+01
v 6.29282924e+03 5.55645482e+03 1.41878191e+01
v 6.28717242e+03 5.55422006e+03 1.37445948e+01
v 6.28713134e+03 5.55421452e+03 1.42885512e+01
v 6.29270169e+03 5.55797876e+03 1.46876272e+01
v 6.29290947e+03 5.55784262e+03 1.43315312e+01
v 6.29023446e+03 5.55639815e+03 1.47211892e+01
v 6.29005973e+03 5.55622135e+03 1.47421359e+01
v 6.29009009e+03 5.55400739e+03 1.45565901e+01
v 6.28952256e+03 5.55430160e+03 1.44821978e+01
v 6.28683265e+03 5.55629290e+03 1.40764449e+01
v 6.28711894e+03 5.55625526e+03 1.42579936e+01
v 6.28920198e+03 5.55695859e+03 1.27056218e+01
v 6.29158292e+03 5.55663952e+03 1.26834190e+01
v 6.29118251e+03 5.55560308e+03 1.47668027e+01
v 6.29130902e+03 5.55561699e+03 1.54766660e+01
v 6.28758245e+03 5.55565112e+03 1.41880913e+01
v 6.28749137e+03 5.55558690e+03 1.38140469e+01
v 6.28733451e+03 5.55610070e+03 1.45081218e+01
v 6.28746783e+03 5.55584019e+03 1.44197610e+01
v 6.28726884e+03 5.55559001e+03 1.46225570e+01
v 6.28699133e+03 5.55657884e+03 1.29031073e+01
v 6.28996544e+03 5.55643602e+03 1.41158699e+01
v 6.29257029e+03 5.55991632e+03 1.28832614e+01
v 6.29330148e+03 5.55973224e+03 1.56768076e+01
v 6.29309324e+03 5.55987240e+03 1.54240258e+01
v 6.28979202e+03 5.55439457e+03 1.50719019e+01
v 6.28929831e+03 5.55923563e+03 1.25747804e+01
v 6.29321257e+03 5.55994604e+03 1.44294632e+01
v 6.28717456e+03 5.55476639e+03 1.48481966e+01
v 6.28703492e+03 5.55512020e+03 1.50080773e+01
v 6.28735543e+03 5.55524608e+03 1.46891230e+01
v 6.29549110e+03 5.55811660e+03 1.26629176e+01
v 6.29581479e+03 5.55793895e+03 1.38182606e+01
v 6.29517829e+03 5.55914709e+03 1.39774070e+01
v 6.29285677e+03 5.55798461e+03 1.38012175e+01
v 6.29277649e+03 5.55893452e+03 1.45753865e+01
v 6.29194731e+03 5.55751532e+03 1.25990662e+01
v 6.29394955e+03 5.56022632e+03 1.28562269e+01
v 6.29344762e+03 5.55994607e+03 1.27649847e+01
v 6.29531322e+03 5.55936305e+03 1.49208290e+01
v 6.29465931e+03 5.55977935e+03 1.49501019e+01
v 6.29574328e+03 5.55785440e+03 1.41270760e+01
v 6.29568197e+03 5.55800889e+03 1.44764858e+01
v 6.29509860e+03 5.56036990e+03 1.30859008e+01
v 6.29580713e+03 5.55864800e+03 1.43194011e+01
v 6.29586332e+03 5.55825829e+03 1.41961222e+01
v 6.29495235e+03 5.55772176e+03 1.48199514e+01
v 6.29533214e+03 5.55784147e+03 1.47549367e+01
v 6.29451221e+03 5.56018316e+03 1.30432886e+01
v 6.29471405e+03 5.56059104e+03 1.28177660e+01
v 6.29176474e+03 5.55965364e+03 1.29278711e+01
v 6.29142145e+03 5.55945521e+03 1.28021960e+01
v 6.29147183e+03 5.55909314e+03 1.27569109e+01
v 6.29472870e+03 5.55811680e+03 1.49677566e+01
v 6.29049655e+03 5.55607375e+03 1.50666077e+01
v 6.29578321e+03 5.55824349e+03 1.47875449e+01
v 6.28963323e+03 5.55579782e+03 1.42563907e+01
v 6.29490836e+03 5.55736761e+03 1.46055414e+01
v 6.29405946e+03 5.55724380e+03 1.42025730e+01
v 6.29347734e+03 5.55703963e+03 1.39972450e+01
v 6.29344371e+03 5.55741109e+03 1.42286882e+01
v 6.29530498e+03 5.55762095e+03 1.42632761e+01
v 6.29208197e+03 5.55568386e+03 1.42308712e+01
v 6.29200622e+03 5.55631260e+03 1.44088634e+01
v 6.29171319e+03 5.55601013e+03 1.41991421e+01
v 6.29169936e+03 5.55647888e+03 1.41998639e+01
v 6.29221860e+03 5.55661400e+03 1.45102386e+01
v 6.29264886e+03 5.55503461e+03 1.45902123e+01
v 6.29233068e+03 5.55511988e+03 1.48629307e+01
v 6.29210727e+03 5.55528100e+03 1.45773615e+01
v 6.29032724e+03 5.55565059e+03 1.50518017e+01
v 6.30787793e+03 5.56223214e+03 1.14220456e+01
v 6.30779544e+03 5.56189881e+03 1.13243707e+01
v 6.30845165e+03 5.56215614e+03 1.13867543e+01
v 6.30841100e+03 5.56250304e+03 1.13705621e+01
v 6.30876404e+03 5.56251611e+03 1.13993193e+01
v 6.30828106e+03 5.56150260e+03 1.15128824e+01
v 6.30761202e+03 5.56153600e+03 1.13961532e+01
v 6.30731342e+03 5.56202263e+03 1.12596429e+01
v 6.30635247e+03 5.56162221e+03 1.17124417e+01
v 6.30681066e+03 5.56185460e+03 1.14150595e+01
v 6.30688698e+03 5.56166060e+03 1.15195152e+01
v 6.30698981e+03 5.56199967e+03 1.14085571e+01
v 6.30744337e+03 5.56173115e+03 1.12224457e+01
v 6.30651782e+03 5.56194471e+03 1.16147080e+01
v 6.30727211e+03 5.56116699e+03 1.17914168e+01
v 6.30666994e+03 5.56130077e+03 1.16948858e+01
v 6.30865037e+03 5.56119760e+03 1.16092882e+01
v 6.30883906e+03 5.56072799e+03 1.16876278e+01
v 6.30760409e+03 5.56244239e+03 1.16338945e+01
v 6.30301703e+03 5.56138953e+03 1.22498334e+01
v 6.30280009e+03 5.56163403e+03 1.21590852e+01
v 6.30331349e+03 5.56116257e+03 1.22517023e+01
v 6.30363446e+03 5.56126147e+03 1.25153520e+01
v 6.30380535e+03 5.56099534e+03 1.23896080e+01
v 6.30399185e+03 5.56144301e+03 1.25526185e+01
v 6.30448462e+03 5.56122346e+03 1.25754608e+01
v 6.30428252e+03 5.56093650e+03 1.25277622e+01
v 6.30300616e+03 5.56203118e+03 1.23458192e+01
v 6.30353904e+03 5.56179974e+03 1.24698567e+01
v 6.30521328e+03 5.56220268e+03 1.25535735e+01
v 6.30550576e+03 5.56236248e+03 1.26182564e+01
v 6.30533391e+03 5.56148649e+03 1.22798171e+01
v 6.30474150e+03 5.56234139e+03 1.24726738e+01
v 6.30395214e+03 5.56187926e+03 1.25279663e+01
v 6.30372014e+03 5.56238463e+03 1.26512682e+01
v 6.30586014e+03 5.56194810e+03 1.23023701e+01
v 6.30586892e+03 5.56104552e+03 1.19081698e+01
v 6.30588393e+03 5.56248206e+03 1.23414592e+01
v 6.30552098e+03 5.56213496e+03 1.26337121e+01
v 6.30557317e+03 5.56148950e+03 1.22868304e+01
v 6.30537746e+03 5.56105751e+03 1.22144732e+01
v 6.30415072e+03 5.56245674e+03 1.25726813e+01
v 6.30308467e+03 5.56248217e+03 1.24005104e+01
v 6.30669075e+03 5.56238147e+03 1.19104793e+01
v 6.30614169e+03 5.56225890e+03 1.21798543e+01
v 6.30777990e+03 5.56112709e+03 1.17472117e+01
v 6.30900711e+03 5.55981470e+03 1.20527631e+01
v 6.30574264e+03 5.56056259e+03 1.19371136e+01
v 6.30289418e+03 5.56058338e+03 1.15194557e+01
v 6.30308568e+03 5.56099426e+03 1.18120325e+01
v 6.30353138e+03 5.56079066e+03 1.16007474e+01
v 6.30421491e+03 5.56017071e+03 1.18995471e+01
v 6.30404471e+03 5.55940315e+03 1.12149414e+01
v 6.30260960e+03 5.55972107e+03 1.12683617e+01
v 6.30371907e+03 5.56052054e+03 1.17346506e+01
v 6.30387094e+03 5.56003659e+03 1.15464376e+01
v 6.30806538e+03 5.55960011e+03 1.21710033e+01
v 6.30753910e+03 5.55965592e+03 1.22968047e+01
v 6.30817061e+03 5.56007859e+03 1.20624859e+01
v 6.30561084e+03 5.56066612e+03 1.20353420e+01
v 6.30574190e+03 5.56021063e+03 1.20969590e+01
v 6.30543115e+03 5.55961149e+03 1.22242226e+01
v 6.30537824e+03 5.56011903e+03 1.22018970e+01
v 6.30339085e+03 5.56028056e+03 1.15125674e+01
v 6.30464685e+03 5.56096964e+03 1.26290979e+01
v 6.30514531e+03 5.56048890e+03 1.23281503e+01
v 6.30471425e+03 5.56068982e+03 1.25357011e+01
v 6.30255612e+03 5.56159340e+03 1.17263079e+01
v 6.30286341e+03 5.56113770e+03 1.17424520e+01
v 6.30431961e+03 5.56051475e+03 1.23194494e+01
v 6.30769714e+03 5.54852451e+03 1.44023276e+01
v 6.30687391e+03 5.54909212e+03 1.40165242e+01
v 6.30773977e+03 5.54841485e+03 1.39137418e+01
v 6.30662822e+03 5.56030648e+03 1.22618511e+01
v 6.30502117e+03 5.56003528e+03 1.19810481e+01
v 6.30621259e+03 5.56028184e+03 1.21099323e+01
v 6.30606966e+03 5.56083000e+03 1.18913012e+01
v 6.30571294e+03 5.55956034e+03 1.22675181e+01
v 6.30615526e+03 5.55965226e+03 1.22247265e+01
v 6.30892169e+03 5.56168450e+03 1.15998128e+01
v 6.30452495e+03 5.56159816e+03 1.24763729e+01
v 6.29712547e+03 5.55554722e+03 1.17077496e+01
v 6.29551177e+03 5.55417276e+03 1.18470897e+01
v 6.29584857e+03 5.55774322e+03 1.19297686e+01
v 6.29590759e+03 5.55644834e+03 1.19491788e+01
v 6.30064565e+03 5.55404665e+03 1.12991853e+01
v 6.30223707e+03 5.55478949e+03 1.11255383e+01
v 6.29530381e+03 5.55639728e+03 1.22152528e+01
v 6.29553759e+03 5.55680337e+03 1.22401828e+01
v 6.29399167e+03 5.55781162e+03 1.45547136e+01
v 6.28962823e+03 5.55425207e+03 1.40843292e+01
v 6.29279729e+03 5.55422883e+03 1.23364836e+01
v 6.29203447e+03 5.55450516e+03 1.22849624e+01
v 6.29483660e+03 5.55575273e+03 1.20286384e+01
v 6.29417195e+03 5.55453474e+03 1.20240638e+01
v 6.29363061e+03 5.55584372e+03 1.21484891e+01
v 6.28957264e+03 5.55543800e+03 1.27668990e+01
v 6.29174641e+03 5.55459104e+03 1.23476686e+01
v 6.29213242e+03 5.55384876e+03 1.23857781e+01
v 6.29263343e+03 5.55509424e+03 1.23278792e+01
v 6.29272309e+03 5.55567312e+03 1.23245444e+01
v 6.29293641e+03 5.55592077e+03 1.23539785e+01
v 6.29483758e+03 5.55630122e+03 1.22730532e+01
v 6.29305050e+03 5.55621811e+03 1.22580713e+01
v 6.29338094e+03 5.55640469e+03 1.21832035e+01
v 6.29282774e+03 5.55691277e+03 1.36989181e+01
v 6.29290046e+03 5.55671657e+03 1.42027272e+01
v 6.29410168e+03 5.55638859e+03 1.22249217e+01
v 6.28747163e+03 5.55475380e+03 1.44710648e+01
v 6.29251277e+03 5.55545069e+03 1.24048489e+01
v 6.29315903e+03 5.55680439e+03 1.39562627e+01
v 6.29174626e+03 5.55701449e+03 1.25442277e+01
v 6.29422580e+03 5.56055330e+03 1.28435219e+01
v 6.29447054e+03 5.56078312e+03 1.24445078e+01
v 6.29391152e+03 5.56056735e+03 1.24332598e+01
v 6.29150911e+03 5.55794431e+03 1.24919784e+01
v 6.29340253e+03 5.56040609e+03 1.20931847e+01
v 6.29401960e+03 5.56089876e+03 1.21603417e+01
v 6.29274127e+03 5.56017857e+03 1.24747083e+01
v 6.29212377e+03 5.55999096e+03 1.26092342e+01
v 6.29134190e+03 5.55692761e+03 1.24184939e+01
v 6.29530187e+03 5.55993427e+03 1.24468655e+01
v 6.29504630e+03 5.55951220e+03 1.26509024e+01
v 6.29507869e+03 5.55963991e+03 1.22794650e+01
v 6.29500791e+03 5.55920205e+03 1.21236993e+01
v 6.29527626e+03 5.55972944e+03 1.20699858e+01
v 6.29504382e+03 5.55840778e+03 1.27649236e+01
v 6.29932837e+03 5.55666240e+03 1.12621806e+01
v 6.29849166e+03 5.55535399e+03 1.15998522e+01
v 6.29787782e+03 5.55690477e+03 1.15220011e+01
v 6.29550308e+03 5.55779114e+03 1.22277739e+01
v 6.29552298e+03 5.55813172e+03 1.22164677e+01
v 6.29513071e+03 5.55847211e+03 1.21222890e+01
v 6.29580402e+03 5.55822615e+03 1.19891172e+01
v 6.30368006e+03 5.55897672e+03 1.11459130e+01
v 6.30208551e+03 5.55835436e+03 1.11154479e+01
v 6.29483299e+03 5.55873195e+03 1.24055420e+01
v 6.30853141e+03 5.55895402e+03 1.21699132e+01
v 6.30569227e+03 5.55867472e+03 1.16727294e+01
v 6.30701437e+03 5.55880313e+03 1.21610180e+01
v 6.30857691e+03 5.55818609e+03 1.19632057e+01
v 6.30887693e+03 5.55796056e+03 1.15050436e+01
v 6.30799038e+03 5.55888960e+03 1.21164730e+01
v 6.30838750e+03 5.55862075e+03 1.22049625e+01
v 6.30843003e+03 5.55838929e+03 1.21718397e+01
v 6.30363617e+03 5.56085224e+03 1.20229710e+01
v 6.30511793e+03 5.55890716e+03 1.16146890e+01
v 6.30459957e+03 5.55891018e+03 1.12338207e+01
v 6.30481685e+03 5.55985750e+03 1.16185630e+01
v 6.30868904e+03 5.55665507e+03 1.10805113e+01
v 6.30882941e+03 5.55567483e+03 1.09771478e+01
v 6.30811350e+03 5.55815514e+03 1.19033993e+01
v 6.30744884e+03 5.55849965e+03 1.18994820e+01
v 6.30718582e+03 5.55790686e+03 1.12215325e+01
v 6.30779488e+03 5.55786447e+03 1.14447280e+01
v 6.30829352e+03 5.55793359e+03 1.16128223e+01
v 6.30753636e+03 5.55609534e+03 1.10326762e+01
v 6.30820353e+03 5.55752439e+03 1.12357107e+01
v 6.30440898e+03 5.55959571e+03 1.13134676e+01
v 6.30449262e+03 5.56001222e+03 1.16782350e+01
v 6.30627490e+03 5.55881908e+03 1.18831461e+01
v 6.30501529e+03 5.55861229e+03 1.13524715e+01
v 6.30551189e+03 5.55801222e+03 1.11310924e+01
v 6.30434820e+03 5.55835729e+03 1.11188150e+01
v 6.30691681e+03 5.55741888e+03 1.10544993e+01
v 6.30544672e+03 5.55693987e+03 1.10154835e+01
v 6.30624186e+03 5.55800854e+03 1.11198475e+01
v 6.30566138e+03 5.55838328e+03 1.13891578e+01
v 6.30259646e+03 5.56217193e+03 1.23693613e+01
v 6.30713692e+03 5.55919218e+03 1.23150843e+01
v 6.30896213e+03 5.55836446e+03 1.19938984e+01
v 6.30493945e+03 5.55692290e+03 1.10793562e+01
v 6.30603804e+03 5.55509258e+03 1.08927859e+01
v 6.30446018e+03 5.55596051e+03 1.09546694e+01
v 6.30240266e+03 5.55589154e+03 1.10470732e+01
v 6.30391061e+03 5.55373256e+03 1.09550020e+01
v 6.30020676e+03 5.55657890e+03 1.11906988e+01
v 6.30018067e+03 5.55888361e+03 1.12563491e+01
v 6.29887107e+03 5.56052967e+03 1.12630819e+01
v 6.29742065e+03 5.55876885e+03 1.14956346e+01
v 6.29739199e+03 5.56102315e+03 1.13687147e+01
v 6.29887794e+03 5.55374013e+03 1.16213915e+01
v 6.29671918e+03 5.55702947e+03 1.16456293e+01
v 6.30331084e+03 5.55761599e+03 1.11100294e+01
v 6.29441373e+03 5.55797259e+03 1.48657066e+01
v 6.29737639e+03 5.55287206e+03 1.17808970e+01
v 6.30074335e+03 5.56172202e+03 1.14229399e+01
v 6.30229512e+03 5.56219277e+03 1.22791212e+01
v 6.30187692e+03 5.56217291e+03 1.19600606e+01
v 6.29191135e+03 5.56212077e+03 1.22176613e+01
v 6.29503229e+03 5.56138344e+03 1.17188698e+01
v 6.29492074e+03 5.56102488e+03 1.19200223e+01
v 6.29518081e+03 5.56068626e+03 1.21746898e+01
v 6.29473646e+03 5.55895817e+03 1.26957309e+01
v 6.29655150e+03 5.55924403e+03 1.16856353e+01
v 6.29527691e+03 5.55883995e+03 1.19157492e+01
v 6.29566824e+03 5.55965329e+03 1.18978127e+01
v 6.29482685e+03 5.55889901e+03 1.21146672e+01
v 6.29580860e+03 5.55893605e+03 1.18924009e+01
v 6.29537868e+03 5.56009862e+03 1.20829086e+01
v 6.29537274e+03 5.56045387e+03 1.21274061e+01
v 6.29140270e+03 5.55965260e+03 1.26248829e+01
v 6.29242576e+03 5.56135189e+03 1.22196316e+01
v 6.29317274e+03 5.56114694e+03 1.20257871e+01
v 6.29292200e+03 5.56061443e+03 1.20988237e+01
v 6.29445651e+03 5.56105169e+03 1.20839022e+01
v 6.29484145e+03 5.56084341e+03 1.22286709e+01
v 6.29560728e+03 5.56059508e+03 1.17617417e+01
v 6.30149881e+03 5.56200219e+03 1.16591974e+01
v 6.30183096e+03 5.56091423e+03 1.13550582e+01
v 6.30159304e+03 5.56253384e+03 1.18655108e+01
v 6.29193112e+03 5.56022487e+03 1.23637871e+01
v 6.29248038e+03 5.56032855e+03 1.23357937e+01
v 6.29392802e+03 5.56130756e+03 1.19787413e+01
v 6.29671970e+03 5.56243213e+03 1.14146630e+01
v 6.28805440e+03 5.56157408e+03 1.25753416e+01
v 6.28884238e+03 5.56151785e+03 1.24277817e+01
v 6.28985775e+03 5.56230529e+03 1.24341326e+01
v 6.29005190e+03 5.56106797e+03 1.22985660e+01
v 6.29829114e+03 5.56178246e+03 1.13550472e+01
v 6.30079346e+03 5.56248942e+03 1.15083888e+01
v 6.29779148e+03 5.56220587e+03 1.13284370e+01
v 6.29148413e+03 5.56058475e+03 1.22315185e+01
v 6.29212966e+03 5.56055886e+03 1.22638241e+01
v 6.29041336e+03 5.55666248e+03 1.25231153e+01
v 6.28715469e+03 5.55696872e+03 1.27883894e+01
v 6.28769823e+03 5.55785869e+03 1.26389446e+01
v 6.28754933e+03 5.55458327e+03 1.38414328e+01
v 6.28828849e+03 5.55810156e+03 1.26495074e+01
v 6.29067517e+03 5.55653078e+03 1.25937272e+01
v 6.29098847e+03 5.55682109e+03 1.24821404e+01
v 6.28957121e+03 5.55422342e+03 1.35793514e+01
v 6.28787147e+03 5.55687004e+03 1.27335882e+01
v 6.29487000e+03 5.55913497e+03 1.30829493e+01
v 6.28833698e+03 5.56063525e+03 1.26405363e+01
v 6.28755260e+03 5.55962912e+03 1.25947935e+01
v 6.29228952e+03 5.55980975e+03 1.28249939e+01
v 6.29066332e+03 5.55959219e+03 1.24417334e+01
v 6.28920968e+03 5.56002148e+03 1.25716068e+01
v 6.28997940e+03 5.55939624e+03 1.25593515e+01
v 6.28771050e+03 5.55898144e+03 1.25584130e+01
v 6.28987360e+03 5.55867105e+03 1.24646081e+01
v 6.29077669e+03 5.55915371e+03 1.23742898e+01
v 6.29093865e+03 5.55823974e+03 1.24276964e+01
v 6.29109165e+03 5.55941268e+03 1.25099254e+01
v 6.29110596e+03 5.55876542e+03 1.24225105e+01
v 6.28727545e+03 5.56077068e+03 1.26903538e+01
v 6.28692969e+03 5.55937065e+03 1.26543119e+01
v 6.28707433e+03 5.55898251e+03 1.26404048e+01
v 6.28881396e+03 5.56051252e+03 1.25055071e+01
v 6.28950325e+03 5.56084620e+03 1.24362422e+01
v 6.28840504e+03 5.56028109e+03 1.27394841e+01
v 6.28942939e+03 5.55494540e+03 1.29633732e+01
v 6.28972777e+03 5.55543784e+03 1.32184777e+01
v 6.29351647e+03 5.56031323e+03 1.54648682e+01
v 6.28707611e+03 5.55617551e+03 1.44136381e+01
v 6.29050684e+03 5.55727159e+03 1.24361522e+01
v 6.28715553e+03 5.56023746e+03 1.27150330e+01
v 6.30865319e+03 5.55764734e+03 1.12408816e+01
v 6.30883780e+03 5.55716928e+03 1.10816674e+01
v 6.30755044e+03 5.55896370e+03 1.21511180e+01
v 6.30768202e+03 5.55749490e+03 1.11892307e+01
v 6.30729114e+03 5.55474757e+03 1.09689077e+01
v 6.28781459e+03 5.53324730e+03 1.07211541e+01
v 6.28814992e+03 5.53373303e+03 1.07643369e+01
v 6.28912829e+03 5.53430515e+03 1.08213184e+01
v 6.28846216e+03 5.53441352e+03 1.07242049e+01
v 6.29074171e+03 5.53159187e+03 1.05114515e+01
v 6.29090694e+03 5.53136888e+03 1.06625563e+01
v 6.28882205e+03 5.53421829e+03 1.06716843e+01
v 6.28775699e+03 5.53483007e+03 1.07753345e+01
v 6.28877581e+03 5.53362009e+03 1.06070844e+01
v 6.28813901e+03 5.53208393e+03 1.04921796e+01
v 6.28896776e+03 5.53160128e+03 1.04727027e+01
v 6.28970624e+03 5.53261961e+03 1.05209735e+01
v 6.28711411e+03 5.53540373e+03 1.06140531e+01
v 6.28786194e+03 5.53591858e+03 1.05499441e+01
v 6.28833335e+03 5.53529253e+03 1.05775287e+01
v 6.28857300e+03 5.53574602e+03 1.06470875e+01
v 6.28852256e+03 5.53488595e+03 1.07214598e+01
v 6.28701026e+03 5.53437832e+03 1.10231783e+01
v 6.28700018e+03 5.53480273e+03 1.07915263e+01
v 6.28838157e+03 5.53669760e+03 1.10224214e+01
v 6.28746743e+03 5.53401301e+03 1.10504520e+01
v 6.28717346e+03 5.53412083e+03 1.10637103e+01
v 6.28715844e+03 5.53265424e+03 1.06006514e+01
v 6.28707440e+03 5.53362585e+03 1.09358351e+01
v 6.28720027e+03 5.53765349e+03 1.05821571e+01
v 6.28770044e+03 5.53777467e+03 1.08625778e+01
v 6.28738598e+03 5.53727883e+03 1.06398106e+01
v 6.28773130e+03 5.53718916e+03 1.07385066e+01
v 6.28797353e+03 5.53704446e+03 1.07368012e+01
v 6.30543065e+03 5.55367495e+03 1.09575637e+01
v 6.29014391e+03 5.53178619e+03 1.03984694e+01
v 6.30685142e+03 5.54943981e+03 1.09308352e+01
v 6.30756692e+03 5.55000317e+03 1.07532931e+01
v 6.30705035e+03 5.54849228e+03 1.07894150e+01
v 6.30802825e+03 5.54728628e+03 1.07496796e+01
v 6.30862045e+03 5.54730619e+03 1.06489427e+01
v 6.30919395e+03 5.55453695e+03 1.08678149e+01
v 6.30860808e+03 5.55243339e+03 1.06995500e+01
v 6.30726426e+03 5.55293644e+03 1.08033601e+01
v 6.30890594e+03 5.55089541e+03 1.07000434e+01
v 6.30747721e+03 5.55096892e+03 1.06939346e+01
v 6.29133653e+03 5.53166326e+03 1.19303881e+01
v 6.28914846e+03 5.53371773e+03 1.07791200e+01
v 6.28914784e+03 5.53395157e+03 1.06977344e+01
v 6.28929948e+03 5.53395429e+03 1.10632028e+01
v 6.28934327e+03 5.53354122e+03 1.06786937e+01
v 6.28876734e+03 5.53475673e+03 1.08721841e+01
v 6.28935937e+03 5.53517583e+03 1.19968681e+01
v 6.28920699e+03 5.53482555e+03 1.17920963e+01
v 6.28893400e+03 5.53480795e+03 1.10993663e+01
v 6.28885461e+03 5.53563090e+03 1.10733516e+01
v 6.29100536e+03 5.53152117e+03 1.17214883e+01
v 6.29067502e+03 5.53203442e+03 1.15963185e+01
v 6.29042443e+03 5.53320569e+03 1.19551775e+01
v 6.29064426e+03 5.53281269e+03 1.19348816e+01
v 6.29038335e+03 5.53267522e+03 1.16455535e+01
v 6.29065437e+03 5.53183732e+03 1.06964990e+01
v 6.30123144e+03 5.53776626e+03 1.18736853e+01
v 6.30355728e+03 5.53692465e+03 1.17353446e+01
v 6.29042074e+03 5.53348133e+03 1.23567681e+01
v 6.28709001e+03 5.53314256e+03 1.07123634e+01
v 6.30681195e+03 5.53482154e+03 1.18663272e+01
v 6.30675601e+03 5.53566381e+03 1.18662687e+01
v 6.30707329e+03 5.53487105e+03 1.20357614e+01
v 6.29032071e+03 5.53253794e+03 1.07753523e+01
v 6.29032748e+03 5.53227146e+03 1.05719637e+01
v 6.28932583e+03 5.53439775e+03 1.12247217e+01
v 6.28948053e+03 5.53452267e+03 1.18022315e+01
v 6.28932542e+03 5.53369231e+03 1.10301444e+01
v 6.28952645e+03 5.53366589e+03 1.08308762e+01
v 6.28914413e+03 5.53379778e+03 1.15257013e+01
v 6.28806399e+03 5.53646656e+03 1.06587134e+01
v 6.28952212e+03 5.53371337e+03 1.22170770e+01
v 6.28953772e+03 5.53362895e+03 1.15037944e+01
v 6.28957964e+03 5.53322973e+03 1.06012991e+01
v 6.30161039e+03 5.55423370e+03 1.12488495e+01
v 6.30648479e+03 5.55044791e+03 1.08059375e+01
v 6.30639915e+03 5.54993725e+03 1.09738219e+01
v 6.30046424e+03 5.54943838e+03 1.15629023e+01
v 6.29846636e+03 5.55087363e+03 1.17467433e+01
v 6.30457184e+03 5.54799223e+03 1.12040511e+01
v 6.30468657e+03 5.54689129e+03 1.13596369e+01
v 6.30360191e+03 5.54729690e+03 1.12843189e+01
v 6.30428390e+03 5.54619849e+03 1.12815737e+01
v 6.30510616e+03 5.54680657e+03 1.15323365e+01
v 6.30535714e+03 5.54623840e+03 1.12987115e+01
v 6.30430482e+03 5.54894127e+03 1.10608980e+01
v 6.30514738e+03 5.54966104e+03 1.10966011e+01
v 6.30458601e+03 5.55020956e+03 1.08867121e+01
v 6.30693973e+03 5.54799571e+03 1.08565247e+01
v 6.30677773e+03 5.54840088e+03 1.11762516e+01
v 6.30493533e+03 5.54754050e+03 1.12949379e+01
v 6.30523377e+03 5.54717525e+03 1.19065497e+01
v 6.30528530e+03 5.54728327e+03 1.16579131e+01
v 6.30510552e+03 5.54640098e+03 1.18019287e+01
v 6.30510753e+03 5.54679297e+03 1.20426096e+01
v 6.30508021e+03 5.54829160e+03 1.14236855e+01
v 6.30484886e+03 5.54893273e+03 1.11835282e+01
v 6.30514700e+03 5.54871450e+03 1.14712778e+01
v 6.30546326e+03 5.54913379e+03 1.14643434e+01
v 6.30542079e+03 5.54873539e+03 1.19425818e+01
v 6.30743833e+03 5.54718923e+03 1.12489121e+01
v 6.30774630e+03 5.54714429e+03 1.10585115e+01
v 6.30794892e+03 5.54768461e+03 1.06156297e+01
v 6.30695503e+03 5.54772137e+03 1.09658364e+01
v 6.30725312e+03 5.54783140e+03 1.06794640e+01
v 6.30760345e+03 5.54852850e+03 1.06368833e+01
v 6.30515218e+03 5.54779947e+03 1.14767234e+01
v 6.30721669e+03 5.54749942e+03 1.07911288e+01
v 6.30647484e+03 5.54904243e+03 1.12459611e+01
v 6.30815594e+03 5.54710109e+03 1.16440386e+01
v 6.30826062e+03 5.54700295e+03 1.12081727e+01
v 6.30709896e+03 5.54763551e+03 1.14171263e+01
v 6.30579030e+03 5.54604005e+03 1.12905199e+01
v 6.30582313e+03 5.54895848e+03 1.20409273e+01
v 6.30622372e+03 5.54943881e+03 1.12200803e+01
v 6.30198512e+03 5.53121314e+03 1.20032763e+01
v 6.30162849e+03 5.53626133e+03 1.19821532e+01
v 6.30244791e+03 5.53574665e+03 1.18802804e+01
v 6.30352876e+03 5.53482048e+03 1.18636440e+01
v 6.30192546e+03 5.53285883e+03 1.19398987e+01
v 6.30254433e+03 5.53366835e+03 1.19407785e+01
v 6.30521674e+03 5.53342750e+03 1.19106858e+01
v 6.30572372e+03 5.53441276e+03 1.18839941e+01
v 6.30611035e+03 5.53555162e+03 1.16140676e+01
v 6.30635355e+03 5.53448911e+03 1.18529572e+01
v 6.30687477e+03 5.53436907e+03 1.20883260e+01
v 6.30537368e+03 5.53692353e+03 1.17387770e+01
v 6.30617351e+03 5.53674286e+03 1.17034865e+01
v 6.30605635e+03 5.53633893e+03 1.15689639e+01
v 6.28866556e+03 5.53646072e+03 1.19477912e+01
v 6.28903785e+03 5.53605296e+03 1.20663710e+01
v 6.28940334e+03 5.53427850e+03 1.10113164e+01
v 6.29071225e+03 5.53241548e+03 1.19171225e+01
v 6.29095776e+03 5.53313198e+03 1.20958968e+01
v 6.29002022e+03 5.53321233e+03 1.14417988e+01
v 6.28998879e+03 5.53351904e+03 1.19735974e+01
v 6.29999826e+03 5.54155586e+03 1.18424575e+01
v 6.30070629e+03 5.54004782e+03 1.18759375e+01
v 6.30516795e+03 5.53973298e+03 1.20760626e+01
v 6.30450006e+03 5.53983988e+03 1.15764417e+01
v 6.30508891e+03 5.54024447e+03 1.17371454e+01
v 6.30398569e+03 5.54190902e+03 1.15477540e+01
v 6.30444145e+03 5.54175352e+03 1.17308912e+01
v 6.30215961e+03 5.54177003e+03 1.15907709e+01
v 6.30392257e+03 5.53935507e+03 1.15640076e+01
v 6.29966411e+03 5.53928581e+03 1.19480980e+01
v 6.29894403e+03 5.54174182e+03 1.18829030e+01
v 6.30783810e+03 5.54034211e+03 1.26504375e+01
v 6.30800752e+03 5.54017072e+03 1.25588256e+01
v 6.30469061e+03 5.54352145e+03 1.13892382e+01
v 6.30522500e+03 5.54509245e+03 1.10458343e+01
v 6.30489822e+03 5.54333575e+03 1.14302289e+01
v 6.30535207e+03 5.54393472e+03 1.13466650e+01
v 6.30521133e+03 5.54349493e+03 1.16504028e+01
v 6.30493760e+03 5.54273381e+03 1.15846362e+01
v 6.28742886e+03 5.53937614e+03 1.20513529e+01
v 6.28706430e+03 5.53982462e+03 1.18414984e+01
v 6.28854330e+03 5.53680998e+03 1.18508400e+01
v 6.28785626e+03 5.53826089e+03 1.17836112e+01
v 6.28744112e+03 5.53897359e+03 1.13108151e+01
v 6.28889710e+03 5.53592094e+03 1.18461896e+01
v 6.28790623e+03 5.53731337e+03 1.09566783e+01
v 6.29919411e+03 5.54315234e+03 1.19436255e+01
v 6.30079016e+03 5.54310171e+03 1.17480935e+01
v 6.30554000e+03 5.54027132e+03 1.22820880e+01
v 6.30588237e+03 5.54057724e+03 1.25202037e+01
v 6.30602350e+03 5.54024079e+03 1.24083927e+01
v 6.30667852e+03 5.53625423e+03 1.16603536e+01
v 6.28878027e+03 5.53691543e+03 1.20915418e+01
v 6.30290577e+03 5.54443624e+03 1.15342587e+01
v 6.30289714e+03 5.54255909e+03 1.15933360e+01
v 6.30635042e+03 5.53709860e+03 1.20484524e+01
v 6.30687681e+03 5.53677326e+03 1.19406227e+01
v 6.30701602e+03 5.54877443e+03 1.58255292e+01
v 6.30639570e+03 5.54894525e+03 1.56250891e+01
v 6.30720898e+03 5.54864768e+03 1.52496398e+01
v 6.30650951e+03 5.54919900e+03 1.45174346e+01
v 6.30388965e+03 5.55191756e+03 1.08680851e+01
v 6.30496704e+03 5.55096474e+03 1.07888150e+01
v 6.30221219e+03 5.55323090e+03 1.11317242e+01
v 6.30661164e+03 5.55202088e+03 1.06945016e+01
v 6.30216280e+03 5.54960974e+03 1.14302750e+01
v 6.29950261e+03 5.55157062e+03 1.15529151e+01
v 6.30072079e+03 5.55276350e+03 1.13278621e+01
v 6.29904026e+03 5.54911510e+03 1.18655052e+01
v 6.30516573e+03 5.54788841e+03 1.19833169e+01
v 6.30523981e+03 5.54835524e+03 1.20022700e+01
v 6.30556970e+03 5.54888282e+03 1.26204339e+01
v 6.30121624e+03 5.54783244e+03 1.15947632e+01
v 6.30799772e+03 5.54747578e+03 1.24148316e+01
v 6.29847019e+03 5.54546237e+03 1.18994114e+01
v 6.30139326e+03 5.54554833e+03 1.15978352e+01
v 6.30296833e+03 5.54829037e+03 1.13332808e+01
v 6.30362096e+03 5.54310536e+03 1.14249032e+01
v 6.30515191e+03 5.54519664e+03 1.25661159e+01
v 6.30590708e+03 5.54506031e+03 1.16191801e+01
v 6.30589120e+03 5.54572433e+03 1.15684788e+01
v 6.30598695e+03 5.54513220e+03 1.13677490e+01
v 6.30574098e+03 5.54585052e+03 1.12034607e+01
v 6.30524914e+03 5.54614271e+03 1.17733970e+01
v 6.30564846e+03 5.54593983e+03 1.15653238e+01
v 6.30564008e+03 5.54426223e+03 1.13888767e+01
v 6.30571585e+03 5.54490492e+03 1.11331156e+01
v 6.30493910e+03 5.54610145e+03 1.11400859e+01
v 6.30254916e+03 5.54640095e+03 1.15141031e+01
v 6.30452097e+03 5.54261636e+03 1.13738429e+01
v 6.30876835e+03 5.54155666e+03 1.32698908e+01
v 6.30864273e+03 5.54119460e+03 1.29355416e+01
v 6.30833642e+03 5.54102749e+03 1.32999893e+01
v 6.30448905e+03 5.54217312e+03 1.15763107e+01
v 6.30444933e+03 5.54120266e+03 1.15845580e+01
v 6.30497312e+03 5.54071764e+03 1.18476698e+01
v 6.30447344e+03 5.54031831e+03 1.14497852e+01
v 6.30480259e+03 5.53637844e+03 1.17713361e+01
v 6.30436533e+03 5.53715466e+03 1.17639848e+01
v 6.30441347e+03 5.53924011e+03 1.17464528e+01
v 6.30399808e+03 5.53874068e+03 1.17130807e+01
v 6.30430403e+03 5.53874468e+03 1.20908275e+01
v 6.28707027e+03 5.53966754e+03 1.12792788e+01
v 6.28978401e+03 5.53475913e+03 1.22466294e+01
v 6.30737539e+03 5.54017614e+03 1.21665930e+01
v 6.30691331e+03 5.54053556e+03 1.21019261e+01
v 6.30727405e+03 5.54072803e+03 1.20546721e+01
v 6.30746092e+03 5.54044364e+03 1.23898855e+01
v 6.30365023e+03 5.53791809e+03 1.17509671e+01
v 6.30394367e+03 5.53813111e+03 1.18169543e+01
v 6.30368595e+03 5.53881741e+03 1.15909817e+01
v 6.30480791e+03 5.53761334e+03 1.22278473e+01
v 6.30482001e+03 5.53697344e+03 1.18163196e+01
v 6.28948629e+03 5.53388918e+03 1.26767771e+01
v 6.30500033e+03 5.54034243e+03 1.66246562e+01
v 6.30408323e+03 5.54028446e+03 1.77291847e+01
v 6.30503803e+03 5.54039103e+03 1.74180956e+01
v 6.30735794e+03 5.53444529e+03 1.31088824e+01
v 6.30758722e+03 5.53480149e+03 1.29881072e+01
v 6.30753732e+03 5.53578163e+03 1.32683594e+01
v 6.30678814e+03 5.53733317e+03 1.37154374e+01
v 6.30730870e+03 5.53676210e+03 1.41904418e+01
v 6.30697679e+03 5.53684106e+03 1.37439136e+01
v 6.30758512e+03 5.54057144e+03 1.33141020e+01
v 6.30809939e+03 5.54090056e+03 1.42508653e+01
v 6.30731342e+03 5.53606755e+03 1.30447367e+01
v 6.30729164e+03 5.53558637e+03 1.30848008e+01
v 6.30694363e+03 5.53564018e+03 1.26456625e+01
v 6.30549973e+03 5.54440781e+03 1.11723741e+01
v 6.30767456e+03 5.54068330e+03 1.41158430e+01
v 6.30679668e+03 5.54044407e+03 1.34357658e+01
v 6.30690567e+03 5.54055350e+03 1.42641587e+01
v 6.30620309e+03 5.53898073e+03 1.30211453e+01
v 6.30672883e+03 5.53855212e+03 1.32962199e+01
v 6.30629949e+03 5.53857629e+03 1.31296800e+01
v 6.30353643e+03 5.54641514e+03 1.65881096e+01
v 6.30406583e+03 5.54778572e+03 1.66701586e+01
v 6.30377188e+03 5.54732569e+03 1.71064046e+01
v 6.30699041e+03 5.54047536e+03 1.45817744e+01
v 6.30816307e+03 5.53536177e+03 1.34365630e+01
v 6.30823650e+03 5.53556195e+03 1.37739525e+01
v 6.30824835e+03 5.53531908e+03 1.38428747e+01
v 6.30655858e+03 5.53381974e+03 1.34197833e+01
v 6.30608752e+03 5.53380730e+03 1.48619211e+01
v 6.30693098e+03 5.53444032e+03 1.47592524e+01
v 6.30790928e+03 5.53495445e+03 1.34191606e+01
v 6.30775479e+03 5.53596940e+03 1.36013900e+01
v 6.30781283e+03 5.53633973e+03 1.43122502e+01
v 6.30515295e+03 5.53124695e+03 1.24957959e+01
v 6.30491934e+03 5.53161071e+03 1.30027913e+01
v 6.30452585e+03 5.53251770e+03 1.28369582e+01
v 6.30457154e+03 5.53237020e+03 1.31469498e+01
v 6.30569621e+03 5.53952373e+03 1.25480006e+01
v 6.30453753e+03 5.53230796e+03 1.39787955e+01
v 6.30627911e+03 5.53369359e+03 1.25022658e+01
v 6.30515577e+03 5.53306065e+03 1.24771797e+01
v 6.30467771e+03 5.53279352e+03 1.42379848e+01
v 6.30465894e+03 5.53270381e+03 1.32755279e+01
v 6.30505024e+03 5.53304084e+03 1.36648521e+01
v 6.29489217e+03 5.53184822e+03 1.58329686e+01
v 6.29503355e+03 5.53272356e+03 1.59132208e+01
v 6.30392503e+03 5.54141671e+03 1.37483157e+01
v 6.30332920e+03 5.54166467e+03 1.43191512e+01
v 6.30340906e+03 5.54116821e+03 1.44636860e+01
v 6.30453599e+03 5.54108806e+03 1.37635164e+01
v 6.30674819e+03 5.53891148e+03 1.64283431e+01
v 6.30509023e+03 5.53762898e+03 1.68294145e+01
v 6.30656894e+03 5.53697433e+03 1.74572316e+01
v 6.30295644e+03 5.54084539e+03 1.49842415e+01
v 6.30452123e+03 5.54558233e+03 1.36121073e+01
v 6.30449915e+03 5.54506076e+03 1.38824075e+01
v 6.30447704e+03 5.54631668e+03 1.35984409e+01
v 6.30442533e+03 5.54666371e+03 1.38068654e+01
v 6.30460740e+03 5.54611515e+03 1.41359353e+01
v 6.30455393e+03 5.54595366e+03 1.43801912e+01
v 6.30410680e+03 5.54634280e+03 1.53667769e+01
v 6.30448680e+03 5.54699180e+03 1.45093024e+01
v 6.30476187e+03 5.54728120e+03 1.29373232e+01
v 6.30335971e+03 5.54492394e+03 1.15371918e+01
v 6.28714326e+03 5.53918750e+03 1.07469967e+01
v 6.28693034e+03 5.53915932e+03 1.06987054e+01
v 6.30578635e+03 5.53741433e+03 1.20503701e+01
v 6.30565077e+03 5.53778243e+03 1.24176332e+01
v 6.30494566e+03 5.53788279e+03 1.24121425e+01
v 6.30486741e+03 5.53846801e+03 1.24908118e+01
v 6.30454907e+03 5.53772530e+03 1.21966124e+01
v 6.30437412e+03 5.53826433e+03 1.22425026e+01
v 6.30506023e+03 5.54840548e+03 1.28043309e+01
v 6.30521525e+03 5.53918828e+03 1.24019108e+01
v 6.30471192e+03 5.54619974e+03 1.22908324e+01
v 6.30449310e+03 5.54629671e+03 1.28771144e+01
v 6.30591408e+03 5.53826785e+03 1.27863480e+01
v 6.30565125e+03 5.53822321e+03 1.25878134e+01
v 6.30471952e+03 5.53531500e+03 1.18670671e+01
v 6.30444176e+03 5.53252134e+03 1.20611994e+01
v 6.30388105e+03 5.53256327e+03 1.18605042e+01
v 6.30453577e+03 5.53297248e+03 1.19580762e+01
v 6.30436975e+03 5.53180504e+03 1.20937249e+01
v 6.30465253e+03 5.53212045e+03 1.23133023e+01
v 6.30340695e+03 5.53141382e+03 1.20321840e+01
v 6.30350339e+03 5.53189987e+03 1.19343987e+01
v 6.30394460e+03 5.53157790e+03 1.21833209e+01
v 6.30344491e+03 5.53120264e+03 1.24167909e+01
v 6.30489634e+03 5.53157486e+03 1.22856157e+01
v 6.30458836e+03 5.53130672e+03 1.23375384e+01
v 6.30443109e+03 5.53217830e+03 1.20136351e+01
v 6.30505750e+03 5.53141352e+03 1.22616154e+01
v 6.30398302e+03 5.53129735e+03 1.24962070e+01
v 6.30718738e+03 5.53648156e+03 1.18546283e+01
v 6.28712574e+03 5.53931453e+03 1.08835347e+01
v 6.30710060e+03 5.53618396e+03 1.19065576e+01
v 6.30726438e+03 5.53625988e+03 1.22070093e+01
v 6.30695347e+03 5.53596488e+03 1.22436004e+01
v 6.30568682e+03 5.53344705e+03 1.36661985e+01
v 6.30711896e+03 5.54055588e+03 1.28703501e+01
v 6.30754040e+03 5.54038609e+03 1.28636793e+01
v 6.30736002e+03 5.53659564e+03 1.22662653e+01
v 6.30387514e+03 5.53585186e+03 1.19097933e+01
v 6.30731349e+03 5.53450739e+03 1.24771181e+01
v 6.30463048e+03 5.53267301e+03 1.24495369e+01
v 6.30452165e+03 5.54694575e+03 1.34500971e+01
v 6.30440314e+03 5.54801052e+03 1.60111250e+01
v 6.30521210e+03 5.54564483e+03 1.99741457e+01
v 6.30527501e+03 5.54665178e+03 2.09281572e+01
v 6.30509070e+03 5.54568343e+03 2.08631310e+01
v 6.30803215e+03 5.53689933e+03 1.46478565e+01
v 6.30792499e+03 5.53796321e+03 1.41684395e+01
v 6.30843145e+03 5.53730256e+03 1.46765837e+01
v 6.30377897e+03 5.54088015e+03 1.47035084e+01
v 6.30410658e+03 5.54271742e+03 1.35400834e+01
v 6.30349017e+03 5.54282920e+03 1.46016123e+01
v 6.30345790e+03 5.54208409e+03 1.42312151e+01
v 6.30443040e+03 5.54447815e+03 1.37666276e+01
v 6.30475452e+03 5.54502724e+03 1.32279457e+01
v 6.30553686e+03 5.54880316e+03 1.36998576e+01
v 6.30590446e+03 5.54896693e+03 1.30384329e+01
v 6.30595151e+03 5.54907859e+03 1.39532081e+01
v 6.30401134e+03 5.54067716e+03 1.51932053e+01
v 6.30473274e+03 5.54322541e+03 1.27226199e+01
v 6.30446145e+03 5.54172598e+03 1.29777663e+01
v 6.30505279e+03 5.54102655e+03 1.27186805e+01
v 6.30469833e+03 5.54151668e+03 1.23357932e+01
v 6.30547148e+03 5.54091357e+03 1.29842826e+01
v 6.30573461e+03 5.54079865e+03 1.41372877e+01
v 6.30598199e+03 5.54085753e+03 1.32920564e+01
v 6.30466726e+03 5.54551924e+03 1.29814945e+01
v 6.30570526e+03 5.53901527e+03 1.26828428e+01
v 6.30591673e+03 5.53985968e+03 1.24533678e+01
v 6.30490890e+03 5.54790118e+03 1.26340942e+01
v 6.30473143e+03 5.54765719e+03 1.41620148e+01
v 6.30399703e+03 5.54182971e+03 1.35648536e+01
v 6.30773530e+03 5.53898781e+03 1.30072761e+01
v 6.30614840e+03 5.53800747e+03 1.32408488e+01
v 6.30621098e+03 5.53744442e+03 1.31100131e+01
v 6.30611234e+03 5.53744985e+03 1.24597979e+01
v 6.30797500e+03 5.53980920e+03 1.26557207e+01
v 6.30601936e+03 5.53772380e+03 1.29442666e+01
v 6.30638095e+03 5.54911053e+03 1.36480253e+01
v 6.30616547e+03 5.54909792e+03 1.15295894e+01
v 6.30617531e+03 5.54885857e+03 1.21693667e+01
v 6.30646068e+03 5.54877321e+03 1.17675457e+01
v 6.30697852e+03 5.53698124e+03 1.22332611e+01
v 6.30691545e+03 5.53964477e+03 1.26178220e+01
v 6.30490180e+03 5.54290071e+03 1.14473187e+01
v 6.30537848e+03 5.54399670e+03 1.20720635e+01
v 6.30509491e+03 5.54320695e+03 1.18912973e+01
v 6.30464385e+03 5.54149690e+03 1.19609979e+01
v 6.30462955e+03 5.54212560e+03 1.20372093e+01
v 6.30409343e+03 5.54523442e+03 1.14458491e+01
v 6.30645708e+03 5.54012736e+03 1.23440968e+01
v 6.30703582e+03 5.53696723e+03 1.24509537e+01
v 6.30447938e+03 5.54582868e+03 1.32577666e+01
v 6.29251669e+03 5.53900067e+03 1.37501045e+01
v 6.29276580e+03 5.53859725e+03 1.30577997e+01
v 6.29297346e+03 5.53884935e+03 1.39803243e+01
v 6.29321614e+03 5.53826344e+03 1.31025493e+01
v 6.30690760e+03 5.54017719e+03 1.21479591e+01
v 6.30342508e+03 5.54383078e+03 1.48331041e+01
v 6.30344035e+03 5.54328852e+03 1.47760392e+01
v 6.29179110e+03 5.54598991e+03 1.41499562e+01
v 6.29209871e+03 5.54605261e+03 1.35234812e+01
v 6.29257970e+03 5.54324568e+03 1.23869959e+01
v 6.29100984e+03 5.54189411e+03 1.23994412e+01
v 6.29048743e+03 5.54489421e+03 1.24558718e+01
v 6.29021624e+03 5.54585539e+03 1.26081685e+01
v 6.29058255e+03 5.54608002e+03 1.28390020e+01
v 6.29093951e+03 5.54561543e+03 1.26732518e+01
v 6.29229982e+03 5.54829954e+03 1.43990842e+01
v 6.29206328e+03 5.54855171e+03 1.48680935e+01
v 6.29204955e+03 5.53897197e+03 1.45664188e+01
v 6.29267870e+03 5.53883904e+03 1.48313341e+01
v 6.29256848e+03 5.53907242e+03 1.44672174e+01
v 6.29204423e+03 5.53909543e+03 1.40443269e+01
v 6.29187382e+03 5.53908448e+03 1.34053425e+01
v 6.29226536e+03 5.53909481e+03 1.33335510e+01
v 6.29118392e+03 5.53847871e+03 1.44680463e+01
v 6.29303550e+03 5.53861515e+03 1.26456503e+01
v 6.29239773e+03 5.53917313e+03 1.27850607e+01
v 6.29255171e+03 5.53940638e+03 1.24723569e+01
v 6.29292186e+03 5.53936599e+03 1.24980784e+01
v 6.29196879e+03 5.53904758e+03 1.37005839e+01
v 6.29232923e+03 5.54001559e+03 1.23173796e+01
v 6.29149504e+03 5.53920591e+03 1.29726132e+01
v 6.29131820e+03 5.53883524e+03 1.33503249e+01
v 6.29089311e+03 5.53909250e+03 1.30822941e+01
v 6.29113667e+03 5.53968284e+03 1.25721194e+01
v 6.29161563e+03 5.53972545e+03 1.25356228e+01
v 6.29206356e+03 5.53941903e+03 1.26437001e+01
v 6.29125741e+03 5.54048921e+03 1.24612020e+01
v 6.29036926e+03 5.54051409e+03 1.25089172e+01
v 6.29194431e+03 5.53922979e+03 1.30597655e+01
v 6.29369849e+03 5.53868636e+03 1.25632452e+01
v 6.29359425e+03 5.54033557e+03 1.23078874e+01
v 6.29401659e+03 5.54192287e+03 1.23201296e+01
v 6.29078344e+03 5.53842927e+03 1.36904479e+01
v 6.29186183e+03 5.54572217e+03 1.26625159e+01
v 6.29225928e+03 5.54515012e+03 1.24128758e+01
v 6.29151674e+03 5.54490164e+03 1.24808208e+01
v 6.29302639e+03 5.54689214e+03 1.25387695e+01
v 6.29443788e+03 5.54543916e+03 1.24070305e+01
v 6.29441311e+03 5.53904783e+03 1.24223017e+01
v 6.29501129e+03 5.54014902e+03 1.22991246e+01
v 6.29316034e+03 5.54280050e+03 1.23009968e+01
v 6.29433445e+03 5.54342539e+03 1.23014313e+01
v 6.29383852e+03 5.53855148e+03 1.42796332e+01
v 6.29398345e+03 5.53778881e+03 1.38427281e+01
v 6.29273959e+03 5.54574527e+03 1.24549312e+01
v 6.29705055e+03 5.54377361e+03 1.21827374e+01
v 6.29582869e+03 5.54621374e+03 1.23472267e+01
v 6.30265338e+03 5.54199693e+03 1.50471986e+01
v 6.30322284e+03 5.54236826e+03 1.47248838e+01
v 6.29591658e+03 5.53317779e+03 1.44855442e+01
v 6.29548980e+03 5.53407727e+03 1.48249464e+01
v 6.29590576e+03 5.53362178e+03 1.39353778e+01
v 6.29368152e+03 5.53856708e+03 1.39361890e+01
v 6.29379802e+03 5.53815157e+03 1.35046153e+01
v 6.30723348e+03 5.54094753e+03 1.21004365e+01
v 6.30675427e+03 5.54089412e+03 1.24443597e+01
v 6.29360710e+03 5.53880344e+03 1.44126378e+01
v 6.29649306e+03 5.53738163e+03 1.22043569e+01
v 6.29534351e+03 5.53789494e+03 1.22298750e+01
v 6.29471083e+03 5.53773708e+03 1.23316295e+01
v 6.29612504e+03 5.54017257e+03 1.22924012e+01
v 6.29008637e+03 5.54011840e+03 1.27527790e+01
v 6.29031965e+03 5.53885126e+03 1.33264545e+01
v 6.30518275e+03 5.53314486e+03 1.20404939e+01
v 6.30447551e+03 5.53252005e+03 1.46902374e+01
v 6.30467746e+03 5.53183610e+03 1.47806548e+01
v 6.29227533e+03 5.55313283e+03 1.25198124e+01
v 6.29180157e+03 5.55288876e+03 1.28896826e+01
v 6.29300250e+03 5.54715137e+03 1.52467566e+01
v 6.29219470e+03 5.54660522e+03 1.60503957e+01
v 6.29286181e+03 5.54871334e+03 1.32777420e+01
v 6.29292293e+03 5.54890986e+03 1.28367231e+01
v 6.29318542e+03 5.54894836e+03 1.25739403e+01
v 6.29326333e+03 5.54822283e+03 1.26243440e+01
v 6.29313907e+03 5.54735916e+03 1.32362679e+01
v 6.29329838e+03 5.54734842e+03 1.27541187e+01
v 6.29262127e+03 5.54786680e+03 1.44260492e+01
v 6.29268119e+03 5.54696243e+03 1.38626230e+01
v 6.29310675e+03 5.54719511e+03 1.36752313e+01
v 6.29305585e+03 5.54802847e+03 1.38731535e+01
v 6.29249289e+03 5.54833332e+03 1.40422830e+01
v 6.29293986e+03 5.54832087e+03 1.30090082e+01
v 6.29274638e+03 5.54694819e+03 1.29090636e+01
v 6.29285050e+03 5.54737841e+03 1.45212836e+01
v 6.29311263e+03 5.54765228e+03 1.38934173e+01
v 6.29273525e+03 5.54709216e+03 1.43815741e+01
v 6.29186666e+03 5.54858825e+03 1.44523903e+01
v 6.29719524e+03 5.55017728e+03 1.19168276e+01
v 6.29699573e+03 5.54833598e+03 1.20296445e+01
v 6.29511561e+03 5.54963092e+03 1.22638354e+01
v 6.29297992e+03 5.54832812e+03 1.36722874e+01
v 6.29319308e+03 5.54739312e+03 1.36414387e+01
v 6.29213289e+03 5.54875141e+03 1.40269750e+01
v 6.29248686e+03 5.54919067e+03 1.35399275e+01
v 6.29272980e+03 5.54878657e+03 1.37201879e+01
v 6.29303428e+03 5.54777842e+03 1.30127940e+01
v 6.29235351e+03 5.54635676e+03 1.29134026e+01
v 6.29266862e+03 5.54698143e+03 1.34023655e+01
v 6.29258126e+03 5.54654196e+03 1.26259758e+01
v 6.29302030e+03 5.54810370e+03 1.27571464e+01
v 6.29214183e+03 5.54612415e+03 1.31203228e+01
v 6.29237247e+03 5.54598429e+03 1.26505441e+01
v 6.29494076e+03 5.54398080e+03 1.23667343e+01
v 6.29197157e+03 5.55046922e+03 1.26073862e+01
v 6.29206034e+03 5.54988054e+03 1.28632935e+01
v 6.29153888e+03 5.54995268e+03 1.29252949e+01
v 6.29085933e+03 5.55054900e+03 1.27139270e+01
v 6.29229083e+03 5.54940801e+03 1.33362942e+01
v 6.29135462e+03 5.54906265e+03 1.35915643e+01
v 6.29114514e+03 5.54603460e+03 1.29299555e+01
v 6.29245899e+03 5.54630020e+03 1.41791080e+01
v 6.29079589e+03 5.54969958e+03 1.30414760e+01
v 6.29071579e+03 5.54932141e+03 1.34900798e+01
v 6.29024243e+03 5.54948763e+03 1.32787556e+01
v 6.28995155e+03 5.54968383e+03 1.28888288e+01
v 6.28982000e+03 5.54952602e+03 1.31939558e+01
v 6.28964425e+03 5.54981610e+03 1.33582054e+01
v 6.28998288e+03 5.54967405e+03 1.36369468e+01
v 6.29177029e+03 5.54600318e+03 1.31158021e+01
v 6.29086736e+03 5.54635543e+03 1.31333634e+01
v 6.29138957e+03 5.54611843e+03 1.33426283e+01
v 6.29021193e+03 5.54652668e+03 1.36425626e+01
v 6.29088487e+03 5.54630376e+03 1.36592905e+01
v 6.29064525e+03 5.54637812e+03 1.32256472e+01
v 6.29067419e+03 5.54631929e+03 1.40082119e+01
v 6.29170679e+03 5.54595592e+03 1.37124934e+01
v 6.29122178e+03 5.54592966e+03 1.41353828e+01
v 6.29119826e+03 5.54582741e+03 1.46249527e+01
v 6.29186232e+03 5.54627037e+03 1.48146805e+01
v 6.29058604e+03 5.54643544e+03 1.43570337e+01
v 6.29105607e+03 5.54602729e+03 1.45794958e+01
v 6.29081799e+03 5.55420133e+03 1.51126528e+01
v 6.29175902e+03 5.54867790e+03 1.41981238e+01
v 6.29210668e+03 5.55231175e+03 1.25541410e+01
v 6.29206293e+03 5.55154534e+03 1.24797794e+01
v 6.29157553e+03 5.55206672e+03 1.25814331e+01
v 6.28999859e+03 5.55015026e+03 1.26706080e+01
v 6.29172000e+03 5.55327045e+03 1.42805560e+01
v 6.29135538e+03 5.55277333e+03 1.35962236e+01
v 6.29121823e+03 5.55312865e+03 1.38270795e+01
v 6.29105396e+03 5.55337068e+03 1.36541256e+01
v 6.29140487e+03 5.55322478e+03 1.40224123e+01
v 6.29106531e+03 5.55254351e+03 1.28248989e+01
v 6.29117731e+03 5.55276543e+03 1.31579934e+01
v 6.29178478e+03 5.55260694e+03 1.31590356e+01
v 6.29151436e+03 5.55260790e+03 1.32731313e+01
v 6.29162444e+03 5.55268967e+03 1.35863865e+01
v 6.28986770e+03 5.54699901e+03 1.44824113e+01
v 6.29010869e+03 5.55080159e+03 1.45325946e+01
v 6.29008457e+03 5.55031585e+03 1.47045592e+01
v 6.29276718e+03 5.55389376e+03 1.49500598e+01
v 6.29280375e+03 5.55429569e+03 1.50570158e+01
v 6.29079892e+03 5.55381443e+03 1.36340098e+01
v 6.29087110e+03 5.55385800e+03 1.41801106e+01
v 6.29120965e+03 5.55365239e+03 1.43181292e+01
v 6.29105925e+03 5.55551960e+03 1.44519160e+01
v 6.29138739e+03 5.55536807e+03 1.44164028e+01
v 6.29215089e+03 5.55332230e+03 1.46019517e+01
v 6.29243460e+03 5.55349702e+03 1.47074559e+01
v 6.29200027e+03 5.55353931e+03 1.50280637e+01
v 6.29146531e+03 5.55386663e+03 1.47936190e+01
v 6.29228484e+03 5.55332834e+03 1.48205271e+01
v 6.29218633e+03 5.55345695e+03 1.43984001e+01
v 6.29248071e+03 5.55381085e+03 1.44702919e+01
v 6.28805371e+03 5.53737806e+03 1.16489219e+01
v 6.28782459e+03 5.53809424e+03 1.11671975e+01
v 6.29795289e+03 5.54053094e+03 1.20878615e+01
v 6.29656320e+03 5.54248051e+03 1.22126827e+01
v 6.28745654e+03 5.53832800e+03 1.07657929e+01
v 6.28723812e+03 5.53902426e+03 1.08501440e+01
v 6.30165010e+03 5.53863089e+03 1.18685880e+01
v 6.30077160e+03 5.54151380e+03 1.17113863e+01
v 6.29306649e+03 5.53829764e+03 1.28132473e+01
v 6.28697407e+03 5.53993726e+03 1.20258723e+01
v 6.28714166e+03 5.53984656e+03 1.21328212e+01
v 6.30560036e+03 5.54544241e+03 1.10294848e+01
v 6.29031141e+03 5.54270131e+03 1.24938059e+01
v 6.29619097e+03 5.54745131e+03 1.21965476e+01
v 6.29341266e+03 5.54680121e+03 1.25540813e+01
v 6.29385339e+03 5.54733455e+03 1.25383680e+01
v 6.29439188e+03 5.53610368e+03 1.46942983e+01
v 6.29468278e+03 5.53584694e+03 1.50787437e+01
v 6.29421495e+03 5.53600791e+03 1.50661334e+01
v 6.29485660e+03 5.54747879e+03 1.23321531e+01
v 6.29255803e+03 5.54995001e+03 1.24255784e+01
v 6.29369288e+03 5.55226154e+03 1.22529127e+01
v 6.29296741e+03 5.55200767e+03 1.22825656e+01
v 6.29268399e+03 5.55300717e+03 1.24195972e+01
v 6.29079904e+03 5.55004540e+03 1.28363555e+01
v 6.29342930e+03 5.55068803e+03 1.23411552e+01
v 6.29207689e+03 5.55258451e+03 1.26637077e+01
v 6.29487915e+03 5.55122035e+03 1.21272978e+01
v 6.29355584e+03 5.54918570e+03 1.24402115e+01
v 6.29165843e+03 5.55365213e+03 1.24706551e+01
v 6.29261305e+03 5.54922614e+03 1.31921180e+01
v 6.29322409e+03 5.55766484e+03 1.44765692e+01
v 6.29276344e+03 5.54939430e+03 1.26320554e+01
v 6.29199813e+03 5.55522656e+03 1.74172598e+01
v 6.29230318e+03 5.55503657e+03 1.71748306e+01
v 6.29149595e+03 5.55305573e+03 1.30159060e+01
v 6.29152683e+03 5.55347245e+03 1.33433141e+01
v 6.29172031e+03 5.55373610e+03 1.36063897e+01
v 6.29177525e+03 5.55316733e+03 1.37003390e+01
v 6.29221255e+03 5.53750352e+03 1.57418425e+01
v 6.29315961e+03 5.53783383e+03 1.56164600e+01
v 6.28776369e+03 5.54972699e+03 1.43422623e+01
v 6.28752198e+03 5.55005960e+03 1.38360759e+01
v 6.28729418e+03 5.55023983e+03 1.48349207e+01
v 6.28946897e+03 5.54740793e+03 1.42762043e+01
v 6.28938587e+03 5.54730287e+03 1.53879305e+01
v 6.28801515e+03 5.54927944e+03 1.41528761e+01
v 6.28783598e+03 5.54933474e+03 1.48457363e+01
v 6.28983587e+03 5.55112942e+03 1.42041913e+01
v 6.29004495e+03 5.55075813e+03 1.41660512e+01
v 6.28942242e+03 5.54933777e+03 1.61489036e+01
v 6.28929517e+03 5.54948832e+03 1.64694393e+01
v 6.28974949e+03 5.54967408e+03 1.61949754e+01
v 6.29036116e+03 5.54925316e+03 1.58281625e+01
v 6.29074817e+03 5.54881664e+03 1.60297318e+01
v 6.28853697e+03 5.54861760e+03 1.43075771e+01
v 6.28918198e+03 5.54835568e+03 1.48290095e+01
v 6.28899618e+03 5.54821719e+03 1.44329731e+01
v 6.28954703e+03 5.55001075e+03 1.27341739e+01
v 6.28879503e+03 5.54888846e+03 1.47447776e+01
v 6.28998533e+03 5.55078924e+03 1.47565587e+01
v 6.28960900e+03 5.55111459e+03 1.44288493e+01
v 6.28888871e+03 5.54848267e+03 1.38497337e+01
v 6.28874856e+03 5.54878235e+03 1.33244423e+01
v 6.28844870e+03 5.54878601e+03 1.38833388e+01
v 6.28776911e+03 5.54955080e+03 1.36897570e+01
v 6.28823971e+03 5.54900655e+03 1.33367431e+01
v 6.28798057e+03 5.54947750e+03 1.30784979e+01
v 6.28923313e+03 5.54786158e+03 1.44592693e+01
v 6.28885319e+03 5.54829882e+03 1.26577505e+01
v 6.28887719e+03 5.54863881e+03 1.28967616e+01
v 6.29037935e+03 5.55201441e+03 1.26978168e+01
v 6.28994026e+03 5.55097400e+03 1.27287982e+01
v 6.28968190e+03 5.55140928e+03 1.28302550e+01
v 6.28855582e+03 5.54857594e+03 1.40466752e+01
v 6.28774353e+03 5.55002742e+03 1.30099017e+01
v 6.28754190e+03 5.55032727e+03 1.31773897e+01
v 6.28756561e+03 5.55052237e+03 1.36196585e+01
v 6.28903983e+03 5.55284436e+03 1.28165913e+01
v 6.28887016e+03 5.55388052e+03 1.29494864e+01
v 6.28692791e+03 5.55020527e+03 1.28350832e+01
v 6.28945825e+03 5.55034315e+03 1.29924837e+01
v 6.28733185e+03 5.54982357e+03 1.28402859e+01
v 6.28786315e+03 5.54983429e+03 1.29180264e+01
v 6.28740626e+03 5.54895097e+03 1.27245391e+01
v 6.28783742e+03 5.54932426e+03 1.28915973e+01
v 6.28750766e+03 5.55073762e+03 1.39088319e+01
v 6.28776006e+03 5.55085547e+03 1.32668792e+01
v 6.28774162e+03 5.55094703e+03 1.40889549e+01
v 6.28741743e+03 5.55082549e+03 1.47155037e+01
v 6.28724680e+03 5.55075053e+03 1.44001813e+01
v 6.30275864e+03 5.54296432e+03 2.02963750e+01
v 6.30327898e+03 5.54225201e+03 1.97700970e+01
v 6.30348905e+03 5.54291943e+03 1.95641962e+01
v 6.30417419e+03 5.54720644e+03 1.82926010e+01
v 6.30395373e+03 5.54736954e+03 1.80424206e+01
v 6.28732412e+03 5.55018194e+03 1.43838198e+01
v 6.28728239e+03 5.55043400e+03 1.41842477e+01
v 6.28719053e+03 5.55063848e+03 1.48350233e+01
v 6.28700476e+03 5.55397643e+03 1.46703465e+01
v 6.28704606e+03 5.55399240e+03 1.44103916e+01
v 6.28917327e+03 5.55214537e+03 1.27111924e+01
v 6.28977857e+03 5.55257059e+03 1.26667180e+01
v 6.28792516e+03 5.54929254e+03 1.52434651e+01
v 6.28829921e+03 5.54902659e+03 1.45192054e+01
v 6.28745433e+03 5.54992452e+03 1.53382477e+01
v 6.28763539e+03 5.55314343e+03 1.27584143e+01
v 6.28813036e+03 5.55352760e+03 1.27265339e+01
v 6.28850031e+03 5.55258121e+03 1.27516959e+01
v 6.28798464e+03 5.55400065e+03 1.26431024e+01
v 6.28692400e+03 5.55394216e+03 1.37714133e+01
v 6.29061236e+03 5.55396907e+03 1.42877434e+01
v 6.28934446e+03 5.55370377e+03 1.31118602e+01
v 6.28963735e+03 5.55320197e+03 1.27968362e+01
v 6.28931595e+03 5.55123330e+03 1.30915175e+01
v 6.28872553e+03 5.55143817e+03 1.30679350e+01
v 6.28850738e+03 5.55201241e+03 1.28138697e+01
v 6.28774438e+03 5.55129166e+03 1.27487240e+01
v 6.28711606e+03 5.55242254e+03 1.27147605e+01
v 6.28938347e+03 5.55173635e+03 1.28539946e+01
v 6.28705312e+03 5.55392147e+03 1.34004527e+01
v 6.28734882e+03 5.55020015e+03 1.53933351e+01
v 6.28683861e+03 5.55290051e+03 1.27706880e+01
v 6.28726771e+03 5.55347054e+03 1.28860201e+01
v 6.30521023e+03 5.54765533e+03 2.15734953e+01
v 6.30480477e+03 5.54707618e+03 2.17108880e+01
v 6.30394324e+03 5.54059788e+03 2.12542780e+01
v 6.30441503e+03 5.54022986e+03 2.12440565e+01
v 6.28911667e+03 5.54870354e+03 1.32119825e+01
v 6.28934745e+03 5.54836477e+03 1.28476036e+01
v 6.28939144e+03 5.54783343e+03 1.26744786e+01
v 6.28837724e+03 5.55409579e+03 1.27155481e+01
v 6.28819889e+03 5.54890911e+03 1.29131773e+01
v 6.28954829e+03 5.55059047e+03 1.33493440e+01
v 6.28709104e+03 5.54829413e+03 1.27235937e+01
v 6.28996030e+03 5.54779250e+03 1.33190309e+01
v 6.28945527e+03 5.54838343e+03 1.33673150e+01
v 6.28931190e+03 5.54793362e+03 1.40658176e+01
v 6.28787414e+03 5.54850603e+03 1.26853712e+01
v 6.29276862e+03 5.55414536e+03 1.43836692e+01
v 6.29071271e+03 5.55611424e+03 1.48904895e+01
v 6.29175067e+03 5.55285778e+03 1.33478580e+01
v 6.29083014e+03 5.55342427e+03 1.27918641e+01
v 6.29058202e+03 5.55384074e+03 1.28695729e+01
v 6.29044519e+03 5.55354390e+03 1.25969281e+01
v 6.29077417e+03 5.55255822e+03 1.26706468e+01
v 6.29091340e+03 5.55224061e+03 1.26203614e+01
v 6.29116405e+03 5.55150601e+03 1.25197853e+01
v 6.29083004e+03 5.55315508e+03 1.25534223e+01
v 6.29005028e+03 5.55624778e+03 1.32504418e+01
v 6.29182875e+03 5.55310139e+03 1.40303751e+01
v 6.29100094e+03 5.55417782e+03 1.48908854e+01
v 6.29146066e+03 5.55400307e+03 1.51462942e+01
v 6.29154776e+03 5.55236884e+03 1.27892752e+01
v 6.29052380e+03 5.54942447e+03 1.40421038e+01
v 6.29453616e+03 5.55341212e+03 1.21239993e+01
v 6.28975016e+03 5.55367113e+03 1.30239545e+01
v 6.29019918e+03 5.55380323e+03 1.28133804e+01
v 6.28728034e+03 5.55070201e+03 1.29069839e+01
v 6.28718787e+03 5.55105983e+03 1.28108246e+01
v 6.28769043e+03 5.55093262e+03 1.29177306e+01
v 6.28760863e+03 5.55069908e+03 1.31228429e+01
v 6.28837069e+03 5.55121399e+03 1.31503423e+01
v 6.28982600e+03 5.55394797e+03 1.33429613e+01
v 6.29029799e+03 5.55403979e+03 1.31452205e+01
v 6.29195918e+03 5.54869094e+03 1.54320808e+01
v 6.29272178e+03 5.54815524e+03 1.57332226e+01
v 6.28899986e+03 5.55111648e+03 1.34497409e+01
v 6.28943970e+03 5.55402959e+03 1.32892626e+01
v 6.28714531e+03 5.55434346e+03 1.47369224e+01
v 6.29059628e+03 5.55631915e+03 1.46827736e+01
v 6.28921919e+03 5.55089372e+03 1.47584365e+01
v 6.28975891e+03 5.55009936e+03 1.65602776e+01
v 6.28958789e+03 5.55043889e+03 1.65438707e+01
v 6.28949603e+03 5.55097311e+03 1.34954225e+01
v 6.29012430e+03 5.55015468e+03 1.42355540e+01
v 6.28930705e+03 5.55116269e+03 1.41992384e+01
v 6.28842855e+03 5.55087359e+03 1.45913790e+01
v 6.28708368e+03 5.54429099e+03 1.35315371e+01
v 6.28739396e+03 5.54337648e+03 1.34410474e+01
v 6.28695917e+03 5.54376176e+03 1.33111394e+01
v 6.28761988e+03 5.54406460e+03 1.35285712e+01
v 6.28835034e+03 5.54225787e+03 1.33949427e+01
v 6.28866450e+03 5.54235859e+03 1.30524376e+01
v 6.28884165e+03 5.54165249e+03 1.32673954e+01
v 6.28998546e+03 5.53942779e+03 1.32995858e+01
v 6.29003491e+03 5.53986074e+03 1.30293452e+01
v 6.28860513e+03 5.54294614e+03 1.29261685e+01
v 6.28833501e+03 5.54276346e+03 1.33566287e+01
v 6.28902093e+03 5.54360682e+03 1.35659704e+01
v 6.28908993e+03 5.54382431e+03 1.38497711e+01
v 6.28946310e+03 5.54427396e+03 1.35652782e+01
v 6.28819841e+03 5.54750436e+03 1.29615368e+01
v 6.28781511e+03 5.54748363e+03 1.35946829e+01
v 6.28782639e+03 5.54767522e+03 1.30992794e+01
v 6.28763411e+03 5.54811710e+03 1.27825636e+01
v 6.28725352e+03 5.54786102e+03 1.30214527e+01
v 6.28916109e+03 5.54391859e+03 1.30957570e+01
v 6.28884388e+03 5.54346733e+03 1.31169936e+01
v 6.28983449e+03 5.54722507e+03 1.33005468e+01
v 6.28980762e+03 5.54680721e+03 1.30945149e+01
v 6.28962882e+03 5.54659512e+03 1.28927980e+01
v 6.28955345e+03 5.54633795e+03 1.31913978e+01
v 6.28928903e+03 5.54650118e+03 1.35553824e+01
v 6.28960709e+03 5.54494357e+03 1.37871876e+01
v 6.29007340e+03 5.54564151e+03 1.34520449e+01
v 6.28943375e+03 5.54102957e+03 1.27659483e+01
v 6.28915395e+03 5.54080764e+03 1.32945676e+01
v 6.28945947e+03 5.53986198e+03 1.33475171e+01
v 6.28896426e+03 5.54026565e+03 1.33911629e+01
v 6.28832772e+03 5.53928422e+03 1.25601424e+01
v 6.28839894e+03 5.53975306e+03 1.26677072e+01
v 6.28871898e+03 5.53950865e+03 1.28597955e+01
v 6.28966287e+03 5.54012609e+03 1.31704979e+01
v 6.28953413e+03 5.53862644e+03 1.33985423e+01
v 6.28976115e+03 5.53867704e+03 1.33791595e+01
v 6.28977590e+03 5.54794458e+03 1.61509614e+01
v 6.29003942e+03 5.54794372e+03 1.65923918e+01
v 6.28891482e+03 5.53882497e+03 1.26150889e+01
v 6.28908260e+03 5.53946313e+03 1.32837355e+01
v 6.28920774e+03 5.53893751e+03 1.32349472e+01
v 6.28928079e+03 5.53833201e+03 1.27391644e+01
v 6.28803900e+03 5.54157171e+03 1.33442278e+01
v 6.28841501e+03 5.54174255e+03 1.34541616e+01
v 6.28799411e+03 5.54166110e+03 1.34256298e+01
v 6.28793634e+03 5.54208172e+03 1.33972668e+01
v 6.28782190e+03 5.54087786e+03 1.26519438e+01
v 6.28749009e+03 5.54183554e+03 1.27110823e+01
v 6.28834430e+03 5.54087178e+03 1.32091137e+01
v 6.28851049e+03 5.54047808e+03 1.32754756e+01
v 6.28837604e+03 5.54024540e+03 1.29412204e+01
v 6.28864758e+03 5.54111296e+03 1.33930431e+01
v 6.28934326e+03 5.54444991e+03 1.27272092e+01
v 6.28908276e+03 5.54377285e+03 1.27612192e+01
v 6.28925564e+03 5.53917371e+03 1.33986648e+01
v 6.28955935e+03 5.53915623e+03 1.33989061e+01
v 6.28957952e+03 5.53833853e+03 1.32539649e+01
v 6.29003327e+03 5.53825379e+03 1.33870476e+01
v 6.28898914e+03 5.54194326e+03 1.27947902e+01
v 6.28967185e+03 5.54507028e+03 1.29633510e+01
v 6.28937937e+03 5.54479839e+03 1.28511069e+01
v 6.28930415e+03 5.54137686e+03 1.26403080e+01
v 6.28871350e+03 5.54394827e+03 1.39540053e+01
v 6.28868815e+03 5.54484428e+03 1.43866869e+01
v 6.28794785e+03 5.54540467e+03 1.45266434e+01
v 6.28962087e+03 5.54720991e+03 1.29794395e+01
v 6.28989813e+03 5.54753887e+03 1.30066297e+01
v 6.28780012e+03 5.54425372e+03 1.36932547e+01
v 6.28825510e+03 5.54448569e+03 1.42999129e+01
v 6.28761134e+03 5.54515101e+03 1.43131555e+01
v 6.28791116e+03 5.54448151e+03 1.40447423e+01
v 6.28948562e+03 5.54474762e+03 1.32055222e+01
v 6.28717247e+03 5.54752220e+03 1.35261127e+01
v 6.29024205e+03 5.53777738e+03 1.54812918e+01
v 6.29002787e+03 5.53718183e+03 1.54475466e+01
v 6.28760375e+03 5.54651442e+03 1.45367141e+01
v 6.28828368e+03 5.54563571e+03 1.44924214e+01
v 6.28989390e+03 5.54773902e+03 1.64868698e+01
v 6.29007574e+03 5.54601613e+03 1.28328097e+01
v 6.29004400e+03 5.54551696e+03 1.26190177e+01
v 6.28965179e+03 5.54739775e+03 1.39021746e+01
v 6.29009682e+03 5.54643355e+03 1.31284267e+01
v 6.28993649e+03 5.54688137e+03 1.37221378e+01
v 6.28937168e+03 5.54796009e+03 1.49809949e+01
v 6.28981735e+03 5.54801609e+03 1.29209558e+01
v 6.28954697e+03 5.55082097e+03 1.30056972e+01
v 6.28927604e+03 5.54817490e+03 1.26017017e+01
v 6.28831190e+03 5.54784557e+03 1.27388302e+01
v 6.28901747e+03 5.54761723e+03 1.26548940e+01
v 6.28674807e+03 5.54878593e+03 1.26666588e+01
v 6.28809162e+03 5.55103898e+03 1.33664124e+01
v 6.28698603e+03 5.55347464e+03 1.29563697e+01
v 6.28702860e+03 5.55370428e+03 1.31735074e+01
v 6.28928918e+03 5.54372203e+03 1.25827828e+01
v 6.28887869e+03 5.54344093e+03 1.26579236e+01
v 6.28912075e+03 5.54740086e+03 1.28987827e+01
v 6.28987026e+03 5.54616656e+03 1.30090109e+01
v 6.28938514e+03 5.54429111e+03 1.25180679e+01
v 6.28985137e+03 5.54485946e+03 1.26595859e+01
v 6.28703120e+03 5.54022666e+03 1.21498160e+01
v 6.28836404e+03 5.53814908e+03 1.23248629e+01
v 6.28786183e+03 5.53913798e+03 1.24151852e+01
v 6.28798536e+03 5.53810944e+03 1.19752575e+01
v 6.28796397e+03 5.53856299e+03 1.22884131e+01
v 6.28804725e+03 5.54006127e+03 1.26332163e+01
v 6.28943722e+03 5.54178918e+03 1.25185097e+01
v 6.28950238e+03 5.54288937e+03 1.26348805e+01
v 6.28994426e+03 5.54408766e+03 1.24851771e+01
v 6.28865763e+03 5.54319897e+03 1.27297134e+01
v 6.28882718e+03 5.54261865e+03 1.26408375e+01
v 6.28726336e+03 5.54015267e+03 1.24096420e+01
v 6.28696058e+03 5.54326720e+03 1.30241563e+01
v 6.28701039e+03 5.54237173e+03 1.26634533e+01
v 6.29028521e+03 5.54631827e+03 1.29593192e+01
v 6.29027006e+03 5.53783217e+03 1.44574975e+01
v 6.29038036e+03 5.53790528e+03 1.37894664e+01
v 6.29341796e+03 5.53828351e+03 1.26893022e+01
v 6.29017545e+03 5.53721132e+03 1.37096257e+01
v 6.28998489e+03 5.53689823e+03 1.40406598e+01
v 6.29032828e+03 5.53529394e+03 1.41670340e+01
v 6.29041070e+03 5.53435156e+03 1.49126917e+01
v 6.29026083e+03 5.53629128e+03 1.38614500e+01
v 6.29020715e+03 5.53682082e+03 1.34966944e+01
v 6.28978711e+03 5.53671856e+03 1.45645291e+01
v 6.28797905e+03 5.54306591e+03 1.34769280e+01
v 6.28755429e+03 5.54260450e+03 1.33351013e+01
v 6.29090427e+03 5.54649860e+03 1.48529896e+01
v 6.29042063e+03 5.53572479e+03 1.44335825e+01
v 6.29046320e+03 5.53514300e+03 1.55801252e+01
v 6.28970299e+03 5.53766793e+03 1.28848471e+01
v 6.29005071e+03 5.53705285e+03 1.33403115e+01
v 6.28941704e+03 5.53764731e+03 1.24642787e+01
v 6.29028887e+03 5.53358007e+03 1.29969213e+01
v 6.28997637e+03 5.53383287e+03 1.37348037e+01
v 6.29056690e+03 5.53361393e+03 1.39080786e+01
v 6.29124594e+03 5.53347082e+03 1.42751594e+01
v 6.29116267e+03 5.53369125e+03 1.46636042e+01
v 6.29144148e+03 5.53335947e+03 1.45235900e+01
v 6.29217662e+03 5.53201398e+03 1.36889660e+01
v 6.29209103e+03 5.53287011e+03 1.32273933e+01
v 6.29050405e+03 5.53827843e+03 1.35033736e+01
v 6.29014724e+03 5.53789819e+03 1.35025387e+01
v 6.29370508e+03 5.53838834e+03 1.46641013e+01
v 6.29383317e+03 5.53628137e+03 1.33374998e+01
v 6.29410030e+03 5.53565878e+03 1.31311286e+01
v 6.29413257e+03 5.53630270e+03 1.41054704e+01
v 6.29450421e+03 5.53522797e+03 1.30792039e+01
v 6.29512617e+03 5.53493837e+03 1.34578952e+01
v 6.29462401e+03 5.53593551e+03 1.42459884e+01
v 6.29573640e+03 5.53492861e+03 1.39368001e+01
v 6.29587687e+03 5.53461644e+03 1.36080116e+01
v 6.29193289e+03 5.53296425e+03 1.59034126e+01
v 6.29253140e+03 5.53332738e+03 1.65315315e+01
v 6.29270942e+03 5.53134829e+03 1.35259333e+01
v 6.29163857e+03 5.53287881e+03 1.41013079e+01
v 6.29145827e+03 5.53263166e+03 1.44663224e+01
v 6.29615933e+03 5.53152629e+03 1.45220324e+01
v 6.29574510e+03 5.53192709e+03 1.38242269e+01
v 6.29602371e+03 5.53151862e+03 1.40407219e+01
v 6.29547856e+03 5.53177770e+03 1.32110937e+01
v 6.29549177e+03 5.53153987e+03 1.31413914e+01
v 6.29596256e+03 5.53459273e+03 1.39106942e+01
v 6.29539898e+03 5.53518782e+03 1.40192111e+01
v 6.29559798e+03 5.53487587e+03 1.36132481e+01
v 6.29561659e+03 5.53493956e+03 1.43437800e+01
v 6.29526328e+03 5.53560776e+03 1.48970336e+01
v 6.29592116e+03 5.53430904e+03 1.39276600e+01
v 6.29555536e+03 5.53442989e+03 1.45166731e+01
v 6.29485722e+03 5.53129966e+03 1.58754691e+01
v 6.29590608e+03 5.53126938e+03 1.33499812e+01
v 6.30452341e+03 5.53255277e+03 1.34881262e+01
v 6.28871445e+03 5.54617035e+03 1.42251328e+01
v 6.28782996e+03 5.54740199e+03 1.38252222e+01
v 6.28824513e+03 5.54719857e+03 1.39107043e+01
v 6.28783822e+03 5.54708440e+03 1.42697751e+01
v 6.28826845e+03 5.54681425e+03 1.42226278e+01
v 6.29108085e+03 5.54856662e+03 1.74015288e+01
v 6.29040197e+03 5.54813818e+03 1.70051662e+01
v 6.28989780e+03 5.54569532e+03 1.37012118e+01
v 6.29142280e+03 5.54582352e+03 1.45329644e+01
v 6.28914345e+03 5.54613737e+03 1.39535571e+01
v 6.28732628e+03 5.54484852e+03 1.36693506e+01
v 6.28732909e+03 5.54512169e+03 1.36244946e+01
v 6.28743679e+03 5.54519814e+03 1.40257999e+01
v 6.28718210e+03 5.54532798e+03 1.36970050e+01
v 6.28735746e+03 5.54727693e+03 1.39666222e+01
v 6.28998080e+03 5.54556381e+03 1.29990668e+01
v 6.28737183e+03 5.54571630e+03 1.42167553e+01
v 6.28753749e+03 5.54598265e+03 1.45112271e+01
v 6.30442528e+03 5.54554675e+03 2.28636864e+01
v 6.30398880e+03 5.54541404e+03 2.28557658e+01
v 6.28850580e+03 5.54339396e+03 1.34784278e+01
v 6.28927287e+03 5.54503939e+03 1.41591163e+01
v 6.28737096e+03 5.54118592e+03 1.24375410e+01
v 6.28973803e+03 5.53661191e+03 1.22758925e+01
v 6.28970908e+03 5.53549495e+03 1.22567415e+01
v 6.28926642e+03 5.53390640e+03 1.37798607e+01
v 6.28924843e+03 5.53391783e+03 1.45154610e+01
v 6.28992525e+03 5.53460524e+03 1.36240847e+01
v 6.28967535e+03 5.53414955e+03 1.35518951e+01
v 6.28960720e+03 5.53380156e+03 1.30438505e+01
v 6.28905488e+03 5.53524460e+03 1.16370542e+01
v 6.28928420e+03 5.53384317e+03 1.33786800e+01
v 6.28927674e+03 5.53382992e+03 1.44655626e+01
v 6.30147861e+03 5.54504200e+03 1.82854391e+01
v 6.30145974e+03 5.54551466e+03 1.87143766e+01
v 6.28960944e+03 5.53405469e+03 1.41631254e+01
v 6.29047031e+03 5.53380289e+03 1.47437672e+01
v 6.29057538e+03 5.53438616e+03 1.51086187e+01
v 6.28994179e+03 5.53399450e+03 1.45595098e+01
v 6.29007596e+03 5.53379738e+03 1.43285639e+01
v 6.29093110e+03 5.53335563e+03 1.37238558e+01
v 6.29248748e+03 5.53153301e+03 1.38925640e+01
v 6.29084980e+03 5.53400798e+03 1.49489185e+01
v 6.29179286e+03 5.53185115e+03 1.42969040e+01
v 6.29123520e+03 5.53379503e+03 1.50507503e+01
v 6.29147481e+03 5.53336120e+03 1.53286738e+01
v 6.29145887e+03 5.53332554e+03 1.49118451e+01
v 6.29089341e+03 5.53332023e+03 1.29466760e+01
v 6.29152311e+03 5.53309690e+03 1.38884018e+01
v 6.29233551e+03 5.53205369e+03 1.26836529e+01
v 6.29197828e+03 5.53285042e+03 1.26345909e+01
v 6.29155326e+03 5.53323326e+03 1.25107531e+01
v 6.28989477e+03 5.53502543e+03 1.28944185e+01
v 6.29033653e+03 5.53577874e+03 1.36732705e+01
v 6.28972274e+03 5.53421513e+03 1.29761411e+01
v 6.28988250e+03 5.53425467e+03 1.24839273e+01
v 6.28972063e+03 5.53422413e+03 1.21436132e+01
v 6.29000177e+03 5.53505692e+03 1.36228761e+01
v 6.29027280e+03 5.53648948e+03 1.29987222e+01
v 6.29002089e+03 5.53675717e+03 1.25282887e+01
v 6.28987491e+03 5.53714689e+03 1.27221719e+01
v 6.29039091e+03 5.53623956e+03 1.34667331e+01
v 6.29004882e+03 5.53631013e+03 1.24721874e+01
v 6.29022846e+03 5.53593691e+03 1.28940073e+01
v 6.28981605e+03 5.53782520e+03 1.32933534e+01
v 6.28989246e+03 5.53526201e+03 1.25188811e+01
v 6.29049670e+03 5.53808726e+03 1.46649790e+01
v 6.29377321e+03 5.53736340e+03 1.45605733e+01
v 6.29538109e+03 5.53527261e+03 1.49307794e+01
v 6.29910363e+03 5.53486824e+03 1.20749646e+01
v 6.29968590e+03 5.53695969e+03 1.20010455e+01
v 6.30108199e+03 5.53380712e+03 1.20649381e+01
v 6.30141800e+03 5.53477516e+03 1.19417923e+01
v 6.30037705e+03 5.53185865e+03 1.20625018e+01
v 6.29779156e+03 5.53659535e+03 1.20781464e+01
v 6.29858045e+03 5.53569110e+03 1.21212516e+01
v 6.29697690e+03 5.53291865e+03 1.21672550e+01
v 6.29599455e+03 5.53604315e+03 1.23018832e+01
v 6.29564112e+03 5.53206808e+03 1.32854422e+01
v 6.29555260e+03 5.53189479e+03 1.30197809e+01
v 6.29598272e+03 5.53491499e+03 1.23198627e+01
v 6.29582975e+03 5.53415526e+03 1.24551474e+01
v 6.29589420e+03 5.53207570e+03 1.28415523e+01
v 6.29463426e+03 5.53595777e+03 1.23324452e+01
v 6.29485616e+03 5.53671393e+03 1.23107732e+01
v 6.28766405e+03 5.53876377e+03 1.22128935e+01
v 6.28889292e+03 5.53816519e+03 1.24272238e+01
v 6.28966662e+03 5.53736955e+03 1.24429005e+01
v 6.29437925e+03 5.53663794e+03 1.24562024e+01
v 6.29561606e+03 5.53165890e+03 1.29009529e+01
v 6.29583567e+03 5.53254827e+03 1.31301448e+01
v 6.29612764e+03 5.53275919e+03 1.25563307e+01
v 6.29361651e+03 5.53805476e+03 1.29883410e+01
v 6.29593866e+03 5.53290325e+03 1.38705089e+01
v 6.29701323e+03 5.53384200e+03 1.21799525e+01
v 6.29629876e+03 5.53374072e+03 1.26199409e+01
v 6.29593155e+03 5.53226327e+03 1.45122152e+01
v 6.29229197e+03 5.53203936e+03 1.32100538e+01
v 6.29392400e+03 5.53673817e+03 1.29145512e+01
v 6.29400347e+03 5.53629487e+03 1.25693222e+01
v 6.29391937e+03 5.53577621e+03 1.28382880e+01
v 6.29639788e+03 5.53455893e+03 1.23314437e+01
v 6.29480405e+03 5.53473798e+03 1.29239763e+01
v 6.29452979e+03 5.53501650e+03 1.26009693e+01
v 6.29425765e+03 5.53554742e+03 1.26104733e+01
v 6.29389376e+03 5.53780692e+03 1.27737267e+01
v 6.29397017e+03 5.53796962e+03 1.25120082e+01
v 6.29076109e+03 5.53869612e+03 1.33115323e+01
v 6.29405865e+03 5.53751444e+03 1.30890216e+01
v 6.29419302e+03 5.53759231e+03 1.26083250e+01
v 6.29425813e+03 5.53725010e+03 1.26829024e+01
v 6.29569784e+03 5.53448474e+03 1.31274896e+01
v 6.29595858e+03 5.53425747e+03 1.30349394e+01
v 6.29828388e+03 5.53174570e+03 1.21144336e+01
v 6.29586013e+03 5.53235121e+03 1.50242216e+01
v 6.29578916e+03 5.53183031e+03 1.52202366e+01
v 6.29169675e+03 5.53314241e+03 1.23949225e+01
v 6.29196002e+03 5.53280563e+03 1.36421325e+01
v 6.29175046e+03 5.53257417e+03 1.21494728e+01
v 6.29143535e+03 5.53312681e+03 1.21695977e+01
v 6.29272294e+03 5.53119587e+03 1.26172011e+01
v 6.28949455e+03 5.53416627e+03 1.14761310e+01
v 6.28998707e+03 5.53302270e+03 1.07897351e+01
v 6.29104011e+03 5.53165654e+03 1.18852403e+01
v 6.29004072e+03 5.53259800e+03 1.05324730e+01
v 6.28828253e+03 5.53749706e+03 1.20921874e+01
v 6.29606664e+03 5.53413489e+03 1.25466608e+01
v 6.30393305e+03 5.54034353e+03 1.73929885e+01
v 6.29508521e+03 5.53442640e+03 1.26799344e+01
v 6.29505810e+03 5.53452695e+03 1.30273876e+01
v 6.29565936e+03 5.53434985e+03 1.25627407e+01
v 6.29602973e+03 5.53128084e+03 1.28678749e+01
v 6.29611407e+03 5.53386868e+03 1.31568373e+01
v 6.29607714e+03 5.53413475e+03 1.34987220e+01
v 6.29619637e+03 5.53166499e+03 1.25728551e+01
v 6.29633904e+03 5.53225129e+03 1.23078968e+01
v 6.29635937e+03 5.53328487e+03 1.25079550e+01
v 6.29224590e+03 5.53195358e+03 1.23140780e+01
v 6.28907621e+03 5.53375709e+03 1.20836650e+01
v 6.30455913e+03 5.54379663e+03 2.21910462e+01
v 6.30410519e+03 5.54326328e+03 2.21830871e+01
v 6.30430056e+03 5.54382930e+03 2.18559988e+01
v 6.30368167e+03 5.54124665e+03 1.91731999e+01
v 6.30351144e+03 5.54086690e+03 1.98794720e+01
v 6.30248927e+03 5.54293277e+03 2.11342736e+01
v 6.30256277e+03 5.54296947e+03 2.08400148e+01
v 6.29370780e+03 5.53870784e+03 1.45265724e+01
v 6.28771027e+03 5.55837505e+03 1.26380673e+01
v 6.30528150e+03 5.54747954e+03 1.95502744e+01
v 6.30487111e+03 5.54821564e+03 2.01907609e+01
v 6.30528912e+03 5.54696516e+03 2.03598512e+01
v 6.30548240e+03 5.54765522e+03 1.92735815e+01
v 6.30497008e+03 5.54848565e+03 2.01191775e+01
v 6.28847429e+03 5.55097614e+03 1.37903510e+01
v 6.29046122e+03 5.55407709e+03 1.33564439e+01
v 6.29302685e+03 5.55717136e+03 1.36677728e+01
v 6.30911687e+03 5.55878694e+03 1.21114423e+01
v 6.29443682e+03 5.55670240e+03 1.25893503e+01
v 6.28982236e+03 5.53339835e+03 1.07387751e+01
v 6.29587539e+03 5.55863343e+03 1.48164763e+01
v 6.29313584e+03 5.56004062e+03 1.50197016e+01
v 6.29315850e+03 5.55696333e+03 1.39686840e+01
v 6.28871767e+03 5.55090007e+03 1.66012938e+01
v 6.28865720e+03 5.55057156e+03 1.72009524e+01
v 6.29119671e+03 5.54812311e+03 1.86727396e+01
v 6.29089773e+03 5.54814082e+03 1.78458379e+01
v 6.29052235e+03 5.55648112e+03 1.45027479e+01
v 6.28970103e+03 5.55467182e+03 1.49670218e+01
v 6.29245519e+03 5.53364600e+03 1.66145868e+01
v 6.29228894e+03 5.53397666e+03 1.64506399e+01
v 6.28864112e+03 5.54727913e+03 1.33035564e+01
v 6.29389391e+03 5.53702711e+03 1.39164398e+01
v 6.29170224e+03 5.55540033e+03 1.43084373e+01
v 6.28933318e+03 5.54763534e+03 1.49417302e+01
v 6.29524898e+03 5.53462793e+03 1.23841078e+01
v 6.30444807e+03 5.54449863e+03 1.13354235e+01
v 6.29177986e+03 5.53191174e+03 1.20064025e+01
v 6.29452897e+03 5.53720024e+03 1.24610795e+01
v 6.29378612e+03 5.56010053e+03 1.68188238e+01
v 6.29425609e+03 5.56019963e+03 1.65347689e+01
v 6.28677441e+03 5.55840028e+03 1.28747619e+01
v 6.29452288e+03 5.55848699e+03 1.79791023e+01
v 6.29459516e+03 5.55833351e+03 1.72879287e+01
v 6.29187356e+03 5.55517657e+03 1.79627281e+01
v 6.29189364e+03 5.55493412e+03 1.79299357e+01
v 6.30591142e+03 5.54928869e+03 1.14234975e+01
v 6.29484616e+03 5.53475674e+03 1.24459327e+01
v 6.29476481e+03 5.53531009e+03 1.23006650e+01
v 6.28905056e+03 5.54436242e+03 1.43129845e+01
v 6.28943512e+03 5.54440610e+03 1.40751825e+01
v 6.28919779e+03 5.54711157e+03 1.32749346e+01
v 6.30248440e+03 5.54601084e+03 1.15892765e+01
v 6.28702076e+03 5.54083921e+03 1.21648620e+01
v 6.30611222e+03 5.53380361e+03 1.20429590e+01
v 6.28929657e+03 5.54455829e+03 1.42920418e+01
v 6.28937979e+03 5.53853380e+03 1.32936437e+01
v 6.28933464e+03 5.54404375e+03 1.40496646e+01
v 6.29173091e+03 5.55508517e+03 1.59119246e+01
v 6.29141620e+03 5.55532848e+03 1.63140149e+01
v 6.29127237e+03 5.55539292e+03 1.59751332e+01
v 6.30570663e+03 5.54480890e+03 1.18076669e+01
v 6.29300558e+03 5.55440564e+03 1.46929968e+01
v 6.29255042e+03 5.54673404e+03 1.45274756e+01
v 6.28693826e+03 5.53873719e+03 1.06606409e+01
v 6.29568698e+03 5.55909229e+03 1.51041848e+01
v 6.30702405e+03 5.53526524e+03 1.22991543e+01
v 6.30688610e+03 5.53407309e+03 1.27358134e+01
v 6.30662583e+03 5.54896001e+03 1.64775612e+01
v 6.30558611e+03 5.54912778e+03 1.63159477e+01
v 6.30524308e+03 5.54895759e+03 1.52672670e+01
v 6.30489939e+03 5.54858023e+03 1.51775692e+01
v 6.29011613e+03 5.53749902e+03 1.35185658e+01
v 6.28925177e+03 5.54409804e+03 1.42539517e+01
v 6.28896146e+03 5.54686743e+03 1.37975694e+01
v 6.28698417e+03 5.54694611e+03 1.41505981e+01
v 6.29611503e+03 5.53346671e+03 1.29678389e+01
v 6.30582029e+03 5.53641589e+03 1.76988717e+01
v 6.30530616e+03 5.53676408e+03 1.72512504e+01
v 6.29047110e+03 5.53497565e+03 1.49911277e+01
v 6.29397033e+03 5.53785708e+03 1.33115707e+01
v 6.29521021e+03 5.53218996e+03 1.55666821e+01
v 6.29910728e+03 5.53283510e+03 1.21513224e+01
v 6.29125861e+03 5.53277901e+03 1.20328355e+01
v 6.30865058e+03 5.54937189e+03 1.06950573e+01
v 6.30576412e+03 5.54771559e+03 2.43869642e+01
v 6.30563632e+03 5.54775214e+03 2.39374233e+01
v 6.29563774e+03 5.53247712e+03 1.54240371e+01
v 6.29595531e+03 5.53295366e+03 1.52267757e+01
v 6.29273281e+03 5.54790834e+03 1.59935881e+01
v 6.29305883e+03 5.54786339e+03 1.57902607e+01
v 6.29316037e+03 5.54771347e+03 1.56947194e+01
v 6.29269497e+03 5.54755296e+03 1.61669981e+01
v 6.29061630e+03 5.54926747e+03 1.55387449e+01
v 6.29021940e+03 5.54978510e+03 1.58435928e+01
v 6.29148142e+03 5.53573419e+03 1.60368445e+01
v 6.29080029e+03 5.53533154e+03 1.59011038e+01
v 6.28997514e+03 5.54591123e+03 1.34090431e+01
v 6.28961475e+03 5.55051275e+03 1.59471803e+01
v 6.28957718e+03 5.55047403e+03 1.53251386e+01
v 6.28700153e+03 5.55181803e+03 1.27403239e+01
v 6.29034471e+03 5.54970241e+03 1.42990777e+01
v 6.28713691e+03 5.54648054e+03 1.44714510e+01
v 6.30535093e+03 5.53669500e+03 1.76538412e+01
v 6.30506822e+03 5.53700692e+03 1.84341999e+01
v 6.30639051e+03 5.53726458e+03 1.98689292e+01
v 6.30589029e+03 5.53775322e+03 1.91359238e+01
v 6.29014299e+03 5.54752597e+03 1.64934225e+01
v 6.28708762e+03 5.54609030e+03 1.43338407e+01
v 6.30149019e+03 5.54604831e+03 1.98104498e+01
v 6.30120511e+03 5.54571689e+03 1.97678742e+01
v 6.30268184e+03 5.54251133e+03 2.05516467e+01
v 6.29006638e+03 5.53437077e+03 1.41808275e+01
v 6.30450356e+03 5.53703734e+03 1.81787586e+01
v 6.29129379e+03 5.54870152e+03 1.43422980e+01
v 6.30515321e+03 5.53354166e+03 1.57283165e+01
v 6.28695892e+03 5.54588686e+03 1.38785835e+01
v 6.28917099e+03 5.54239487e+03 1.26202601e+01
v 6.28994745e+03 5.53745797e+03 1.51169219e+01
v 6.28979234e+03 5.53703201e+03 1.45205480e+01
v 6.29024177e+03 5.53613683e+03 1.44181748e+01
v 6.29016358e+03 5.53624167e+03 1.50124263e+01
v 6.29018707e+03 5.53775881e+03 1.50899805e+01
v 6.28980009e+03 5.53692295e+03 1.50292376e+01
v 6.29064818e+03 5.53794249e+03 1.53931211e+01
v 6.29023674e+03 5.54672495e+03 1.48722949e+01
v 6.29034865e+03 5.53600681e+03 1.49261294e+01
v 6.28959420e+03 5.54710686e+03 1.57167913e+01
v 6.28940176e+03 5.54723496e+03 1.57010183e+01
v 6.28957271e+03 5.54745264e+03 1.58567607e+01
v 6.29036512e+03 5.53600174e+03 1.53967742e+01
v 6.28764370e+03 5.54977863e+03 1.58056104e+01
v 6.28931936e+03 5.54752230e+03 1.53382192e+01
v 6.28855226e+03 5.54904377e+03 1.53310835e+01
v 6.28923674e+03 5.54870838e+03 1.50672482e+01
v 6.28977613e+03 5.54692410e+03 1.53859912e+01
v 6.29011054e+03 5.55469249e+03 1.54092508e+01
v 6.29018285e+03 5.55439023e+03 1.53375530e+01
v 6.29061481e+03 5.55452396e+03 1.58091217e+01
v 6.28826628e+03 5.55075820e+03 1.56078310e+01
v 6.28888891e+03 5.55076881e+03 1.50732508e+01
v 6.28978862e+03 5.55032563e+03 1.52845156e+01
v 6.29016735e+03 5.54995213e+03 1.55371609e+01
v 6.29018261e+03 5.54994696e+03 1.50515017e+01
v 6.29068388e+03 5.54922989e+03 1.51387111e+01
v 6.28792944e+03 5.55069564e+03 1.56843604e+01
v 6.29192685e+03 5.55505540e+03 1.54403861e+01
v 6.30507281e+03 5.54827773e+03 1.38858532e+01
v 6.28990933e+03 5.55033665e+03 1.60653727e+01
v 6.28748551e+03 5.55055720e+03 1.55156012e+01
v 6.28922298e+03 5.54907721e+03 1.57490928e+01
v 6.28876020e+03 5.54920902e+03 1.59502220e+01
v 6.29113121e+03 5.54894281e+03 1.57407855e+01
v 6.29167377e+03 5.54847213e+03 1.62803642e+01
v 6.29066661e+03 5.54689267e+03 1.58271452e+01
v 6.29118964e+03 5.54671528e+03 1.64918493e+01
v 6.29348599e+03 5.53524912e+03 1.54436777e+01
v 6.29326279e+03 5.53606342e+03 1.57141153e+01
v 6.29368948e+03 5.53565373e+03 1.54502216e+01
v 6.29053027e+03 5.53625341e+03 1.56474472e+01
v 6.29010121e+03 5.53651941e+03 1.53010312e+01
v 6.29376786e+03 5.53607995e+03 1.53275257e+01
v 6.29397592e+03 5.53634584e+03 1.48715826e+01
v 6.29026210e+03 5.54676807e+03 1.54927998e+01
v 6.29034792e+03 5.54714008e+03 1.61365423e+01
v 6.29131855e+03 5.54653896e+03 1.51556134e+01
v 6.29160597e+03 5.54646457e+03 1.55276810e+01
v 6.29156082e+03 5.54620991e+03 1.51179950e+01
v 6.29000155e+03 5.54891185e+03 1.60124378e+01
v 6.28981298e+03 5.54928559e+03 1.60496610e+01
v 6.28967239e+03 5.54885895e+03 1.59168001e+01
v 6.28947591e+03 5.54859743e+03 1.55495577e+01
v 6.28953133e+03 5.54799202e+03 1.56079769e+01
v 6.29007712e+03 5.54834733e+03 1.62568348e+01
v 6.28970816e+03 5.54842609e+03 1.58911589e+01
v 6.28810838e+03 5.54912629e+03 1.59502804e+01
v 6.28824821e+03 5.54933357e+03 1.62838364e+01
v 6.29106532e+03 5.54893851e+03 1.51355679e+01
v 6.28993815e+03 5.54719553e+03 1.60167779e+01
v 6.29181240e+03 5.54643271e+03 1.60061602e+01
v 6.29121269e+03 5.54673998e+03 1.53600873e+01
v 6.29070720e+03 5.54671921e+03 1.52003521e+01
v 6.29161543e+03 5.53844642e+03 1.49207292e+01
v 6.29270254e+03 5.55386296e+03 1.53284340e+01
v 6.29154180e+03 5.53633921e+03 1.60790797e+01
v 6.29176944e+03 5.53612984e+03 1.61267821e+01
v 6.29423872e+03 5.53556862e+03 1.53177793e+01
v 6.29225248e+03 5.53775864e+03 1.57089731e+01
v 6.29299433e+03 5.53819769e+03 1.54612943e+01
v 6.28991430e+03 5.53643235e+03 1.47587559e+01
v 6.29264404e+03 5.53655374e+03 1.57878952e+01
v 6.29243282e+03 5.53601879e+03 1.58270546e+01
v 6.29332785e+03 5.53678183e+03 1.55326375e+01
v 6.29291049e+03 5.53699889e+03 1.57731596e+01
v 6.29242033e+03 5.53696900e+03 1.58634113e+01
v 6.29205045e+03 5.53672340e+03 1.60642441e+01
v 6.29305495e+03 5.53571745e+03 1.57858384e+01
v 6.29317417e+03 5.53841848e+03 1.51142755e+01
v 6.29306300e+03 5.53883381e+03 1.48563061e+01
v 6.29352444e+03 5.53862713e+03 1.47887035e+01
v 6.29248941e+03 5.54798050e+03 1.63555902e+01
v 6.29240746e+03 5.53538315e+03 1.56006926e+01
v 6.29204274e+03 5.54640728e+03 1.58235667e+01
v 6.29103103e+03 5.53696354e+03 1.56696621e+01
v 6.29124025e+03 5.53774266e+03 1.56615825e+01
v 6.29186920e+03 5.54652785e+03 1.62586398e+01
v 6.29162474e+03 5.54669738e+03 1.65436129e+01
v 6.29270318e+03 5.54768296e+03 1.67384331e+01
v 6.29032393e+03 5.53696252e+03 1.55693092e+01
v 6.29239748e+03 5.54738725e+03 1.72087026e+01
v 6.29238636e+03 5.54715764e+03 1.66201372e+01
v 6.29095369e+03 5.54669454e+03 1.50656283e+01
v 6.29163047e+03 5.55532599e+03 1.49266111e+01
v 6.29093051e+03 5.55403069e+03 1.46785405e+01
v 6.29281616e+03 5.55475652e+03 1.48772021e+01
v 6.29158659e+03 5.55399127e+03 1.57276930e+01
v 6.29298632e+03 5.55473708e+03 1.45487464e+01
v 6.29234181e+03 5.55482837e+03 1.52473452e+01
v 6.29280685e+03 5.55408191e+03 1.51925207e+01
v 6.29234414e+03 5.54653760e+03 1.47865314e+01
v 6.29355501e+03 5.53800906e+03 1.49209624e+01
v 6.28982635e+03 5.55060082e+03 1.49351932e+01
v 6.29370892e+03 5.53660640e+03 1.50986116e+01
v 6.29213452e+03 5.53862246e+03 1.50642021e+01
v 6.29348802e+03 5.53764476e+03 1.52799660e+01
v 6.29326187e+03 5.53808492e+03 1.53578698e+01
v 6.29115510e+03 5.53799303e+03 1.55217964e+01
v 6.29189214e+03 5.53822677e+03 1.52889416e+01
v 6.29190333e+03 5.54628836e+03 1.54541754e+01
v 6.29287174e+03 5.54741109e+03 1.48475913e+01
v 6.29310906e+03 5.54743111e+03 1.55166093e+01
v 6.29202095e+03 5.55472458e+03 1.57578866e+01
v 6.29263217e+03 5.55421407e+03 1.54109909e+01
v 6.29211477e+03 5.55443870e+03 1.57309703e+01
v 6.29261932e+03 5.55397159e+03 1.57436748e+01
v 6.28879162e+03 5.55073684e+03 1.55408681e+01
v 6.28892835e+03 5.55092972e+03 1.62770959e+01
v 6.28994534e+03 5.55424028e+03 1.49953565e+01
v 6.29047690e+03 5.55435963e+03 1.54546195e+01
v 6.28699850e+03 5.55485759e+03 1.51619522e+01
v 6.28705735e+03 5.55461972e+03 1.53945018e+01
v 6.28704162e+03 5.55428288e+03 1.51233949e+01
v 6.28694530e+03 5.55419693e+03 1.55496403e+01
v 6.28710489e+03 5.55057578e+03 1.45586589e+01
v 6.28787691e+03 5.54935965e+03 1.60183292e+01
v 6.28939029e+03 5.55019733e+03 1.72717976e+01
v 6.28972064e+03 5.55003536e+03 1.69260303e+01
v 6.28943923e+03 5.54990953e+03 1.73039463e+01
v 6.28911812e+03 5.55074664e+03 1.66089777e+01
v 6.29209526e+03 5.55371075e+03 1.54539508e+01
v 6.29219737e+03 5.55388338e+03 1.62447461e+01
v 6.29090431e+03 5.55419751e+03 1.56076156e+01
v 6.28782186e+03 5.55040721e+03 1.59824710e+01
v 6.28826356e+03 5.55080589e+03 1.65457901e+01
v 6.28709026e+03 5.55432503e+03 1.61580204e+01
v 6.28732075e+03 5.55456494e+03 1.62964038e+01
v 6.28826317e+03 5.55037119e+03 1.71206140e+01
v 6.28796551e+03 5.55027732e+03 1.66913031e+01
v 6.28993685e+03 5.55015121e+03 1.62128680e+01
v 6.29104330e+03 5.54866721e+03 1.62350045e+01
v 6.29044648e+03 5.54840111e+03 1.65744007e+01
v 6.28731038e+03 5.55475434e+03 1.62200454e+01
v 6.28720124e+03 5.55465691e+03 1.58552894e+01
v 6.28893021e+03 5.54971616e+03 1.75587865e+01
v 6.28842255e+03 5.55090640e+03 1.63335646e+01
v 6.28703149e+03 5.55420473e+03 1.58887178e+01
v 6.28696905e+03 5.55538533e+03 1.58238925e+01
v 6.28708186e+03 5.55517307e+03 1.63954712e+01
v 6.28712176e+03 5.55479412e+03 1.66889784e+01
v 6.28701333e+03 5.55496177e+03 1.54484519e+01
v 6.29194440e+03 5.55411443e+03 1.69227729e+01
v 6.29230095e+03 5.55443195e+03 1.65583526e+01
v 6.29200168e+03 5.55410099e+03 1.64688014e+01
v 6.29095619e+03 5.55588209e+03 1.52034451e+01
v 6.29099326e+03 5.55559894e+03 1.56692811e+01
v 6.29066969e+03 5.55573142e+03 1.52995044e+01
v 6.29091563e+03 5.55552117e+03 1.62798204e+01
v 6.29065348e+03 5.55542647e+03 1.56777961e+01
v 6.29357945e+03 5.56011144e+03 1.60143383e+01
v 6.29357537e+03 5.56027785e+03 1.58555655e+01
v 6.29391711e+03 5.56022556e+03 1.63946536e+01
v 6.29334631e+03 5.56017932e+03 1.57413352e+01
v 6.29370670e+03 5.56009658e+03 1.63902632e+01
v 6.29359172e+03 5.55974373e+03 1.59365549e+01
v 6.29068832e+03 5.55555425e+03 1.66004057e+01
v 6.29069397e+03 5.55540731e+03 1.62630656e+01
v 6.29352680e+03 5.55830893e+03 1.59919513e+01
v 6.29400168e+03 5.55802129e+03 1.68645955e+01
v 6.29403060e+03 5.55803834e+03 1.63894868e+01
v 6.29339761e+03 5.55844557e+03 1.63234359e+01
v 6.29342895e+03 5.55872209e+03 1.65612438e+01
v 6.29404200e+03 5.55832019e+03 1.73608917e+01
v 6.29361014e+03 5.55966709e+03 1.63686704e+01
v 6.29428740e+03 5.55790228e+03 1.69207968e+01
v 6.29430282e+03 5.55785645e+03 1.66297791e+01
v 6.29311069e+03 5.55836465e+03 1.58962888e+01
v 6.29239442e+03 5.55400977e+03 1.60074236e+01
v 6.29227545e+03 5.55414906e+03 1.62926323e+01
v 6.29228395e+03 5.55425408e+03 1.59569302e+01
v 6.29329052e+03 5.55927408e+03 1.58240522e+01
v 6.29339304e+03 5.55925178e+03 1.64313498e+01
v 6.29120714e+03 5.55570823e+03 1.70102428e+01
v 6.29163609e+03 5.55544507e+03 1.72155278e+01
v 6.29253400e+03 5.54719357e+03 1.62260164e+01
v 6.29154477e+03 5.54867891e+03 1.75286161e+01
v 6.29193115e+03 5.54848878e+03 1.70079633e+01
v 6.29250059e+03 5.54801700e+03 1.69508316e+01
v 6.29087822e+03 5.54859963e+03 1.67889823e+01
v 6.29195734e+03 5.54701136e+03 1.67806355e+01
v 6.29051720e+03 5.54731403e+03 1.66486481e+01
v 6.29104233e+03 5.54707766e+03 1.74843298e+01
v 6.29139506e+03 5.54683675e+03 1.69949929e+01
v 6.29055655e+03 5.53561881e+03 1.59020534e+01
v 6.29044266e+03 5.54774369e+03 1.70419385e+01
v 6.28861281e+03 5.54941748e+03 1.67636966e+01
v 6.28824267e+03 5.54991478e+03 1.69421929e+01
v 6.28794211e+03 5.55007198e+03 1.66624222e+01
v 6.28706166e+03 5.55451030e+03 1.65179269e+01
v 6.29115216e+03 5.55443842e+03 1.73659587e+01
v 6.29139988e+03 5.55435682e+03 1.75434282e+01
v 6.29087906e+03 5.55423220e+03 1.64427151e+01
v 6.29095007e+03 5.55445046e+03 1.68057912e+01
v 6.29227092e+03 5.55465861e+03 1.63388522e+01
v 6.29202716e+03 5.55498982e+03 1.63250142e+01
v 6.29238200e+03 5.55497703e+03 1.67826567e+01
v 6.29066911e+03 5.55493993e+03 1.61143917e+01
v 6.29074870e+03 5.55526026e+03 1.68958515e+01
v 6.29129239e+03 5.55415927e+03 1.67376873e+01
v 6.29108480e+03 5.55415695e+03 1.66443337e+01
v 6.29245332e+03 5.55474069e+03 1.67237245e+01
v 6.29250121e+03 5.55382385e+03 1.57533179e+01
v 6.29238810e+03 5.55367435e+03 1.52718923e+01
v 6.29078365e+03 5.55453287e+03 1.63097646e+01
v 6.29304130e+03 5.55963536e+03 1.50882775e+01
v 6.29286915e+03 5.55911117e+03 1.51425001e+01
v 6.29385708e+03 5.55813054e+03 1.55489576e+01
v 6.29454185e+03 5.55820077e+03 1.58462621e+01
v 6.28969135e+03 5.55631239e+03 1.44911506e+01
v 6.29441010e+03 5.55817110e+03 1.53107612e+01
v 6.29287697e+03 5.55801925e+03 1.53274270e+01
v 6.29303886e+03 5.55894554e+03 1.60724122e+01
v 6.29245702e+03 5.55858124e+03 1.55219666e+01
v 6.29250475e+03 5.55819533e+03 1.52097705e+01
v 6.29405856e+03 5.55813257e+03 1.59515050e+01
v 6.29457362e+03 5.55795138e+03 1.64232373e+01
v 6.29406635e+03 5.56008441e+03 1.54709689e+01
v 6.29148577e+03 5.55547033e+03 1.66851468e+01
v 6.29250790e+03 5.55835188e+03 1.49165379e+01
v 6.28690529e+03 5.55543597e+03 1.48422409e+01
v 6.29232109e+03 5.55509701e+03 1.69898260e+01
v 6.29304829e+03 5.55871880e+03 1.61763938e+01
v 6.29360802e+03 5.55949162e+03 1.60790756e+01
v 6.29348939e+03 5.55938894e+03 1.66992774e+01
v 6.29255775e+03 5.55841314e+03 1.56452996e+01
v 6.29313394e+03 5.55945057e+03 1.54696931e+01
v 6.29349400e+03 5.55957808e+03 1.57873919e+01
v 6.30279990e+03 5.54471450e+03 1.62371909e+01
v 6.30246093e+03 5.54440048e+03 1.78952864e+01
v 6.30280686e+03 5.54435309e+03 1.68871518e+01
v 6.30220181e+03 5.54524564e+03 1.71725807e+01
v 6.30237850e+03 5.54499118e+03 1.69731201e+01
v 6.30440179e+03 5.54887851e+03 1.65278638e+01
v 6.30418776e+03 5.54874097e+03 1.68980637e+01
v 6.30666057e+03 5.54889346e+03 1.78160808e+01
v 6.30788598e+03 5.54858969e+03 1.74675053e+01
v 6.30753799e+03 5.54890772e+03 1.90850824e+01
v 6.30588165e+03 5.54001864e+03 1.64572463e+01
v 6.30571014e+03 5.54033336e+03 1.57968892e+01
v 6.30557752e+03 5.54025743e+03 1.66569530e+01
v 6.30588549e+03 5.53981873e+03 1.69226548e+01
v 6.30585664e+03 5.54004156e+03 1.76041453e+01
v 6.30550648e+03 5.53931440e+03 1.72202585e+01
v 6.30321210e+03 5.54565206e+03 1.61205521e+01
v 6.30238821e+03 5.54548199e+03 1.71091727e+01
v 6.30267291e+03 5.54519747e+03 1.63954282e+01
v 6.30455428e+03 5.53856571e+03 1.74633722e+01
v 6.30456789e+03 5.53879708e+03 1.81236412e+01
v 6.30409531e+03 5.54854911e+03 1.65984101e+01
v 6.30267997e+03 5.54387676e+03 1.61344462e+01
v 6.30277698e+03 5.54352964e+03 1.57734864e+01
v 6.30274143e+03 5.54229355e+03 1.53756423e+01
v 6.30243172e+03 5.54225335e+03 1.64575584e+01
v 6.30230710e+03 5.54213805e+03 1.56276395e+01
v 6.30212838e+03 5.54188050e+03 1.61444475e+01
v 6.30225437e+03 5.54187137e+03 1.55216263e+01
v 6.30292412e+03 5.54298330e+03 1.57626206e+01
v 6.30311775e+03 5.54263178e+03 1.53348946e+01
v 6.30451727e+03 5.54850253e+03 1.60590400e+01
v 6.30468034e+03 5.54890086e+03 1.62017748e+01
v 6.30331822e+03 5.54083909e+03 1.68478857e+01
v 6.30406595e+03 5.54066961e+03 1.63772583e+01
v 6.30835559e+03 5.53574385e+03 1.57018930e+01
v 6.30751000e+03 5.53473819e+03 1.60628661e+01
v 6.30452215e+03 5.53733084e+03 1.70615985e+01
v 6.30480254e+03 5.53685312e+03 1.70138913e+01
v 6.30596828e+03 5.53961394e+03 1.65514374e+01
v 6.30544190e+03 5.53898436e+03 1.69155307e+01
v 6.30412117e+03 5.54844913e+03 1.71715319e+01
v 6.30394380e+03 5.54826386e+03 1.69273831e+01
v 6.30407008e+03 5.54779138e+03 1.71289229e+01
v 6.30804600e+03 5.53544605e+03 1.55474485e+01
v 6.30816357e+03 5.53558138e+03 1.48255938e+01
v 6.30831424e+03 5.53600462e+03 1.53754890e+01
v 6.30291854e+03 5.54107138e+03 1.72410834e+01
v 6.30265913e+03 5.54112012e+03 1.64485432e+01
v 6.30815938e+03 5.54821982e+03 1.53382142e+01
v 6.30881297e+03 5.54786015e+03 1.49062097e+01
v 6.29474044e+03 5.55987220e+03 1.70082321e+01
v 6.29449146e+03 5.55971796e+03 1.76346215e+01
v 6.29462255e+03 5.55983765e+03 1.60790243e+01
v 6.29512331e+03 5.55927173e+03 1.61932829e+01
v 6.29484852e+03 5.55975745e+03 1.65476983e+01
v 6.29514891e+03 5.55918409e+03 1.57984304e+01
v 6.29504084e+03 5.55892278e+03 1.61144722e+01
v 6.29500819e+03 5.55904306e+03 1.56035665e+01
v 6.29494433e+03 5.55958632e+03 1.53353580e+01
v 6.29542601e+03 5.55911780e+03 1.54478821e+01
v 6.29469573e+03 5.55840342e+03 1.53931800e+01
v 6.29487403e+03 5.55883945e+03 1.56770988e+01
v 6.29574279e+03 5.55862672e+03 1.50864259e+01
v 6.29484602e+03 5.55844139e+03 1.59065940e+01
v 6.29500597e+03 5.55829002e+03 1.62116873e+01
v 6.29481759e+03 5.55812056e+03 1.62687550e+01
v 6.29461673e+03 5.55794906e+03 1.65989693e+01
v 6.29521127e+03 5.55879649e+03 1.67187710e+01
v 6.29504187e+03 5.55828828e+03 1.65451239e+01
v 6.29495039e+03 5.55861183e+03 1.70988386e+01
v 6.29410197e+03 5.55964934e+03 1.78101596e+01
v 6.29434924e+03 5.55829841e+03 1.75081518e+01
v 6.29529755e+03 5.55947065e+03 1.68179132e+01
v 6.29516388e+03 5.55966680e+03 1.70507159e+01
v 6.30892121e+03 5.53773573e+03 1.80843876e+01
v 6.30860921e+03 5.53807297e+03 1.75941862e+01
v 6.30846895e+03 5.53777725e+03 1.79568054e+01
v 6.30889868e+03 5.53867262e+03 1.71140153e+01
v 6.30786101e+03 5.53989497e+03 1.56024016e+01
v 6.30792974e+03 5.53764679e+03 1.76995002e+01
v 6.30627925e+03 5.53930019e+03 1.63406565e+01
v 6.30617222e+03 5.54006136e+03 1.59005220e+01
v 6.30278821e+03 5.54246947e+03 1.59744021e+01
v 6.30276805e+03 5.54378673e+03 1.69830957e+01
v 6.30216448e+03 5.54505146e+03 1.74389858e+01
v 6.30854064e+03 5.53698537e+03 1.49404655e+01
v 6.30868444e+03 5.53626049e+03 1.55987688e+01
v 6.30678463e+03 5.53451697e+03 1.56043726e+01
v 6.30781736e+03 5.53514843e+03 1.52577878e+01
v 6.30601006e+03 5.53398901e+03 1.58083465e+01
v 6.30649838e+03 5.53421290e+03 1.59668220e+01
v 6.30755178e+03 5.53498931e+03 1.58931227e+01
v 6.30851226e+03 5.53650219e+03 1.53022731e+01
v 6.29579742e+03 5.55887578e+03 1.51226747e+01
v 6.30231621e+03 5.54155344e+03 1.57927700e+01
v 6.30278031e+03 5.54070176e+03 1.57479038e+01
v 6.30275736e+03 5.54410613e+03 1.59086754e+01
v 6.29517738e+03 5.55939379e+03 1.73529121e+01
v 6.30308175e+03 5.54477070e+03 1.57713573e+01
v 6.30314808e+03 5.54049878e+03 1.57815703e+01
v 6.30220190e+03 5.54188002e+03 1.65087510e+01
v 6.30590326e+03 5.54897049e+03 1.72249780e+01
v 6.30491231e+03 5.54906449e+03 1.69653618e+01
v 6.30565073e+03 5.54911641e+03 1.52518181e+01
v 6.30645283e+03 5.54901301e+03 1.50165872e+01
v 6.30518531e+03 5.54908532e+03 1.57631464e+01
v 6.30749431e+03 5.54022878e+03 1.51104822e+01
v 6.30894798e+03 5.54083590e+03 1.54480724e+01
v 6.30865208e+03 5.54133904e+03 1.43726877e+01
v 6.29158546e+03 5.53220029e+03 1.52313001e+01
v 6.29142931e+03 5.53236697e+03 1.47993170e+01
v 6.29207499e+03 5.53183925e+03 1.54393741e+01
v 6.29180831e+03 5.53227403e+03 1.55219761e+01
v 6.29167888e+03 5.53181568e+03 1.46380499e+01
v 6.29190193e+03 5.53160093e+03 1.50592717e+01
v 6.28954723e+03 5.53392695e+03 1.44919790e+01
v 6.29180838e+03 5.53191364e+03 1.54538079e+01
v 6.29040385e+03 5.53750895e+03 1.55933305e+01
v 6.29061162e+03 5.53477722e+03 1.54065234e+01
v 6.29116693e+03 5.53475602e+03 1.55731050e+01
v 6.29127293e+03 5.53404400e+03 1.53329289e+01
v 6.29213278e+03 5.53136331e+03 1.48237521e+01
v 6.30471828e+03 5.53147874e+03 1.56572337e+01
v 6.30419610e+03 5.53236291e+03 1.57555266e+01
v 6.29378311e+03 5.53408521e+03 1.59103911e+01
v 6.29374830e+03 5.53388572e+03 1.62810747e+01
v 6.29333359e+03 5.53412404e+03 1.61676899e+01
v 6.29142920e+03 5.53448485e+03 1.55411564e+01
v 6.29338358e+03 5.53426813e+03 1.58341201e+01
v 6.29291228e+03 5.53427439e+03 1.63292255e+01
v 6.29373772e+03 5.53463109e+03 1.55240221e+01
v 6.29276101e+03 5.53455998e+03 1.59311592e+01
v 6.29298376e+03 5.53491262e+03 1.55766620e+01
v 6.29506638e+03 5.53440519e+03 1.54977519e+01
v 6.29534942e+03 5.53402288e+03 1.57621130e+01
v 6.29542681e+03 5.53363408e+03 1.59109105e+01
v 6.29492833e+03 5.53378977e+03 1.60491191e+01
v 6.29463699e+03 5.53415621e+03 1.57858898e+01
v 6.29460364e+03 5.53393229e+03 1.61383724e+01
v 6.29470195e+03 5.53504083e+03 1.55357464e+01
v 6.29418855e+03 5.53448459e+03 1.56610332e+01
v 6.29333530e+03 5.53477352e+03 1.54865016e+01
v 6.29173679e+03 5.53507810e+03 1.57646459e+01
v 6.29163380e+03 5.53326724e+03 1.56884867e+01
v 6.29193451e+03 5.53414519e+03 1.59645966e+01
v 6.29233175e+03 5.53459496e+03 1.58711999e+01
v 6.29258191e+03 5.53157575e+03 1.54359218e+01
v 6.29316922e+03 5.53135819e+03 1.58710452e+01
v 6.29337828e+03 5.53131192e+03 1.59527610e+01
v 6.29444795e+03 5.53159249e+03 1.58771908e+01
v 6.29398219e+03 5.53170008e+03 1.59929808e+01
v 6.29523574e+03 5.53178030e+03 1.55701832e+01
v 6.29511979e+03 5.53148572e+03 1.57837212e+01
v 6.29418316e+03 5.53403076e+03 1.60841366e+01
v 6.29307912e+03 5.53249252e+03 1.60140516e+01
v 6.29272108e+03 5.53200731e+03 1.56311995e+01
v 6.29584322e+03 5.53150484e+03 1.55308465e+01
v 6.29606936e+03 5.53156172e+03 1.50024176e+01
v 6.29455048e+03 5.53219447e+03 1.61107361e+01
v 6.29421521e+03 5.53243188e+03 1.64473878e+01
v 6.29452561e+03 5.53271050e+03 1.63753718e+01
v 6.29411492e+03 5.53315942e+03 1.65060216e+01
v 6.29371844e+03 5.53273511e+03 1.63327199e+01
v 6.29212484e+03 5.53251624e+03 1.57831312e+01
v 6.29366752e+03 5.53349299e+03 1.64654772e+01
v 6.29175988e+03 5.53374893e+03 1.60207038e+01
v 6.29466746e+03 5.53458480e+03 1.55797582e+01
v 6.29501491e+03 5.53482065e+03 1.54189890e+01
v 6.29464647e+03 5.53551384e+03 1.53470052e+01
v 6.29509023e+03 5.53547142e+03 1.52084760e+01
v 6.29523751e+03 5.53439624e+03 1.51562428e+01
v 6.30232986e+03 5.54152662e+03 1.70346100e+01
v 6.29541023e+03 5.53409207e+03 1.54970045e+01
v 6.30330515e+03 5.53762909e+03 1.75533714e+01
v 6.29578938e+03 5.53358918e+03 1.49686397e+01
v 6.30550633e+03 5.53368447e+03 1.59059143e+01
v 6.30571329e+03 5.53387520e+03 1.58941208e+01
v 6.30478863e+03 5.53315983e+03 1.51384105e+01
v 6.30444504e+03 5.53283922e+03 1.52145373e+01
v 6.29579959e+03 5.53331750e+03 1.54379339e+01
v 6.30519964e+03 5.53135689e+03 1.61415075e+01
v 6.30468264e+03 5.53306176e+03 1.56998254e+01
v 6.30423989e+03 5.53261701e+03 1.56571107e+01
v 6.30452526e+03 5.53265635e+03 1.59568418e+01
v 6.29572823e+03 5.53375015e+03 1.55276243e+01
v 6.30519452e+03 5.53339099e+03 1.60419869e+01
v 6.30870299e+03 5.53243091e+03 1.71601991e+01
v 6.30873869e+03 5.53308748e+03 1.68701234e+01
v 6.30572752e+03 5.53857881e+03 1.67038988e+01
v 6.30652013e+03 5.53385121e+03 1.61593790e+01
v 6.30677274e+03 5.53288429e+03 1.66021073e+01
v 6.29388853e+03 5.53229134e+03 1.63576719e+01
v 6.29155973e+03 5.53413385e+03 1.56028492e+01
v 6.29310277e+03 5.53534308e+03 1.55848978e+01
v 6.29265276e+03 5.53407792e+03 1.65664779e+01
v 6.29305761e+03 5.53384928e+03 1.65472211e+01
v 6.29458294e+03 5.53372495e+03 1.64315053e+01
v 6.29432453e+03 5.53393406e+03 1.63801138e+01
v 6.29190531e+03 5.53470116e+03 1.56890416e+01
v 6.29439623e+03 5.53323965e+03 1.66130720e+01
v 6.29421238e+03 5.53374733e+03 1.64947102e+01
v 6.29502415e+03 5.53347414e+03 1.60758174e+01
v 6.30495046e+03 5.53301931e+03 1.59955960e+01
v 6.30508659e+03 5.53228021e+03 1.61839031e+01
v 6.30625003e+03 5.53214120e+03 1.66001310e+01
v 6.30894071e+03 5.53518118e+03 1.63111664e+01
v 6.30870799e+03 5.53468407e+03 1.63589273e+01
v 6.30936236e+03 5.53383613e+03 1.67327957e+01
v 6.30434870e+03 5.53212287e+03 1.59932530e+01
v 6.30472873e+03 5.53170455e+03 1.60117316e+01
v 6.30891718e+03 5.53597584e+03 1.58945374e+01
v 6.30861522e+03 5.53550881e+03 1.60639733e+01
v 6.30778150e+03 5.53229719e+03 1.69621916e+01
v 6.30884310e+03 5.53271690e+03 1.72461525e+01
v 6.30694921e+03 5.53574282e+03 1.87239243e+01
v 6.30684077e+03 5.53606055e+03 1.81618771e+01
v 6.30565417e+03 5.53642909e+03 1.82117152e+01
v 6.30639198e+03 5.53667898e+03 1.96192903e+01
v 6.30572604e+03 5.53668102e+03 1.97212370e+01
v 6.30541211e+03 5.53798029e+03 1.90325483e+01
v 6.30460383e+03 5.53788660e+03 1.87580266e+01
v 6.30580562e+03 5.53612572e+03 1.94657503e+01
v 6.30694257e+03 5.53673273e+03 1.93938199e+01
v 6.30618257e+03 5.53630607e+03 1.95445046e+01
v 6.30724373e+03 5.53626680e+03 1.90623549e+01
v 6.30741745e+03 5.53605285e+03 1.88245987e+01
v 6.30695771e+03 5.53587046e+03 1.90325314e+01
v 6.30709561e+03 5.53686653e+03 1.97312974e+01
v 6.30753061e+03 5.53711630e+03 1.91295036e+01
v 6.30779127e+03 5.53714748e+03 1.96716059e+01
v 6.30789177e+03 5.53752703e+03 1.90749507e+01
v 6.30866681e+03 5.53683831e+03 2.02473561e+01
v 6.30832349e+03 5.53735864e+03 1.97499183e+01
v 6.30796957e+03 5.53675068e+03 2.02476894e+01
v 6.30836740e+03 5.53650935e+03 2.06243378e+01
v 6.30853567e+03 5.53200730e+03 1.71993519e+01
v 6.30907010e+03 5.53193491e+03 1.74953427e+01
v 6.30872145e+03 5.53143611e+03 1.72542569e+01
v 6.30739392e+03 5.53187298e+03 1.69345793e+01
v 6.30649161e+03 5.53575628e+03 1.86263015e+01
v 6.30598815e+03 5.53613713e+03 1.80809002e+01
v 6.30451362e+03 5.53698966e+03 1.72667780e+01
v 6.30421461e+03 5.53703351e+03 1.76751084e+01
v 6.30561063e+03 5.53701842e+03 1.89866744e+01
v 6.30543072e+03 5.53693418e+03 1.86683736e+01
v 6.30537559e+03 5.53723066e+03 1.88433768e+01
v 6.30744843e+03 5.53600185e+03 1.84533842e+01
v 6.30617630e+03 5.53590441e+03 1.94757104e+01
v 6.30552800e+03 5.53673112e+03 1.87253483e+01
v 6.30570146e+03 5.53587818e+03 1.91548698e+01
v 6.30508358e+03 5.53671742e+03 1.73219843e+01
v 6.30633628e+03 5.53570701e+03 1.91663330e+01
v 6.30844645e+03 5.53755627e+03 1.90895480e+01
v 6.30802433e+03 5.53764408e+03 1.87955711e+01
v 6.30774556e+03 5.53733804e+03 1.87162281e+01
v 6.30758072e+03 5.53664265e+03 1.86764699e+01
v 6.30456540e+03 5.53802643e+03 1.70931850e+01
v 6.30812804e+03 5.54889480e+03 1.99960657e+01
v 6.30858249e+03 5.54830249e+03 1.89241598e+01
v 6.30581494e+03 5.54035372e+03 1.74845580e+01
v 6.30582513e+03 5.54042953e+03 1.80690638e+01
v 6.30452107e+03 5.54895192e+03 1.67396600e+01
v 6.30538851e+03 5.53996293e+03 1.90183454e+01
v 6.30578391e+03 5.54014891e+03 1.83276656e+01
v 6.30550217e+03 5.54051097e+03 1.84792575e+01
v 6.30565491e+03 5.53969702e+03 1.80106672e+01
v 6.30571991e+03 5.54911908e+03 1.44052973e+01
v 6.30619256e+03 5.54923645e+03 1.44537018e+01
v 6.30541684e+03 5.54872132e+03 1.76376493e+01
v 6.30588212e+03 5.54877970e+03 1.82359504e+01
v 6.30576945e+03 5.54842567e+03 1.82401219e+01
v 6.30569943e+03 5.54784468e+03 1.83850515e+01
v 6.30459192e+03 5.54796839e+03 1.76699929e+01
v 6.30532349e+03 5.54052519e+03 1.78757303e+01
v 6.30563409e+03 5.54054097e+03 1.79575010e+01
v 6.30880152e+03 5.53719714e+03 1.96960875e+01
v 6.30597847e+03 5.53730098e+03 1.93297225e+01
v 6.30598228e+03 5.53691326e+03 1.96746812e+01
v 6.30583652e+03 5.53579260e+03 1.88669213e+01
v 6.30575304e+03 5.53695793e+03 1.93888105e+01
v 6.30759203e+03 5.53613283e+03 1.85755230e+01
v 6.30598518e+03 5.53567366e+03 1.91160590e+01
v 6.29391142e+03 5.53669509e+03 1.43148357e+01
v 6.30773760e+03 5.53702900e+03 1.83922463e+01
v 6.30756835e+03 5.53702748e+03 1.79982062e+01
v 6.30471319e+03 5.54053187e+03 1.79489317e+01
v 6.30580042e+03 5.54848827e+03 1.91901796e+01
v 6.30591829e+03 5.54808001e+03 1.86274659e+01
v 6.30590807e+03 5.54845488e+03 1.88256880e+01
v 6.30876491e+03 5.54795889e+03 1.78761440e+01
v 6.29480407e+03 5.55939034e+03 1.82761170e+01
v 6.29462778e+03 5.55954094e+03 1.83126826e+01
v 6.29502809e+03 5.55957016e+03 1.75905069e+01
v 6.29400405e+03 5.55906820e+03 1.85019117e+01
v 6.29376199e+03 5.55935427e+03 1.81435057e+01
v 6.29489486e+03 5.55921427e+03 1.81668533e+01
v 6.29461921e+03 5.55883659e+03 1.83115780e+01
v 6.29390381e+03 5.55885949e+03 1.82199381e+01
v 6.29495862e+03 5.55903806e+03 1.78237304e+01
v 6.29366532e+03 5.55924397e+03 1.74742381e+01
v 6.29437729e+03 5.55957382e+03 1.83293640e+01
v 6.29450979e+03 5.55952663e+03 1.85438803e+01
v 6.29445276e+03 5.55925880e+03 1.85578751e+01
v 6.29413068e+03 5.55888473e+03 1.86421648e+01
v 6.30527507e+03 5.54827904e+03 1.78694477e+01
v 6.30572499e+03 5.54912704e+03 1.97801234e+01
v 6.30595048e+03 5.54881577e+03 1.88865625e+01
v 6.30627862e+03 5.54910673e+03 1.90300195e+01
v 6.30395118e+03 5.54508618e+03 1.50085934e+01
v 6.30521826e+03 5.54691301e+03 1.89838708e+01
v 6.30536880e+03 5.54715861e+03 1.92826796e+01
v 6.30540421e+03 5.54682402e+03 1.94744479e+01
v 6.30518949e+03 5.54617032e+03 1.93628952e+01
v 6.30476101e+03 5.54579331e+03 1.94920535e+01
v 6.30482761e+03 5.54657904e+03 1.87995053e+01
v 6.30553043e+03 5.54747915e+03 1.87868279e+01
v 6.30528291e+03 5.54034741e+03 1.90127049e+01
v 6.30548021e+03 5.53666879e+03 1.94185226e+01
v 6.30481627e+03 5.54048390e+03 1.92791402e+01
v 6.30499416e+03 5.54003842e+03 1.92958933e+01
v 6.30493556e+03 5.53822680e+03 1.91562295e+01
v 6.30437859e+03 5.53857449e+03 1.95084871e+01
v 6.30507977e+03 5.54513684e+03 1.97494009e+01
v 6.30514845e+03 5.54476495e+03 2.00083336e+01
v 6.30527876e+03 5.54509169e+03 2.00646938e+01
v 6.30534138e+03 5.53846898e+03 1.93303029e+01
v 6.30413121e+03 5.54043450e+03 1.98881183e+01
v 6.30501507e+03 5.54471860e+03 2.05178219e+01
v 6.30571062e+03 5.53866626e+03 1.95517183e+01
v 6.30487799e+03 5.53925345e+03 1.96522698e+01
v 6.30472841e+03 5.53719414e+03 1.85559028e+01
v 6.30559792e+03 5.53950196e+03 2.00302562e+01
v 6.30588310e+03 5.53921416e+03 1.99402419e+01
v 6.30555232e+03 5.53929079e+03 1.96820290e+01
v 6.28678818e+03 5.55582828e+03 1.44650382e+01
v 6.29416029e+03 5.55837015e+03 1.75496051e+01
v 6.30214022e+03 5.54204168e+03 1.70116749e+01
v 6.29373362e+03 5.55948204e+03 1.74988240e+01
v 6.29403360e+03 5.55948047e+03 1.83609515e+01
v 6.29386295e+03 5.55953932e+03 1.80794469e+01
v 6.29426274e+03 5.55843009e+03 1.80953492e+01
v 6.29477868e+03 5.55861450e+03 1.79572437e+01
v 6.29370672e+03 5.55886563e+03 1.71786759e+01
v 6.29352944e+03 5.55973182e+03 1.68631966e+01
v 6.29431123e+03 5.55860728e+03 1.83771974e+01
v 6.28886149e+03 5.54996752e+03 1.78194266e+01
v 6.28911972e+03 5.55002739e+03 1.77639395e+01
v 6.29465636e+03 5.55908963e+03 1.84691693e+01
v 6.28895065e+03 5.55025140e+03 1.76864631e+01
v 6.28853131e+03 5.54995927e+03 1.76815217e+01
v 6.29128039e+03 5.55460599e+03 1.78341785e+01
v 6.29099987e+03 5.55476540e+03 1.75686911e+01
v 6.29067248e+03 5.54796894e+03 1.75680688e+01
v 6.29084307e+03 5.54735888e+03 1.75483384e+01
v 6.29273560e+03 5.54751682e+03 1.69279927e+01
v 6.29235816e+03 5.54756618e+03 1.75824376e+01
v 6.29270900e+03 5.54763888e+03 1.73084448e+01
v 6.29359354e+03 5.53198227e+03 1.61358780e+01
v 6.30386215e+03 5.53830976e+03 1.76813939e+01
v 6.30443496e+03 5.54073210e+03 1.81407414e+01
v 6.30258745e+03 5.54272923e+03 1.72544172e+01
v 6.30271232e+03 5.54317019e+03 1.72674056e+01
v 6.30400337e+03 5.53714774e+03 1.73354664e+01
v 6.30270889e+03 5.54387301e+03 1.75561771e+01
v 6.30256127e+03 5.54403269e+03 1.80520395e+01
v 6.30270646e+03 5.54302920e+03 1.78505785e+01
v 6.30310362e+03 5.54090506e+03 1.78364840e+01
v 6.30343001e+03 5.54111878e+03 1.82222959e+01
v 6.30348364e+03 5.54074046e+03 1.79519429e+01
v 6.30252326e+03 5.54238671e+03 1.80965403e+01
v 6.30358101e+03 5.53791406e+03 1.82965176e+01
v 6.30392333e+03 5.53743043e+03 1.81380412e+01
v 6.30334995e+03 5.53749631e+03 1.79845511e+01
v 6.30320868e+03 5.53775426e+03 1.78867686e+01
v 6.30291775e+03 5.54623964e+03 1.77515651e+01
v 6.30241144e+03 5.54566490e+03 1.75621325e+01
v 6.30315900e+03 5.54610480e+03 1.71174329e+01
v 6.30358273e+03 5.54047331e+03 1.77963019e+01
v 6.30328869e+03 5.53742480e+03 1.76552911e+01
v 6.30215130e+03 5.54186491e+03 1.73775800e+01
v 6.28847283e+03 5.54971378e+03 1.70932337e+01
v 6.29093509e+03 5.55493117e+03 1.72136015e+01
v 6.29104292e+03 5.55525935e+03 1.72477380e+01
v 6.29113531e+03 5.55494680e+03 1.78983126e+01
v 6.29160185e+03 5.55480085e+03 1.81325307e+01
v 6.29281238e+03 5.54777116e+03 1.71946540e+01
v 6.29228064e+03 5.54774965e+03 1.78196507e+01
v 6.29478410e+03 5.53597889e+03 1.48200970e+01
v 6.29189850e+03 5.55463960e+03 1.77795073e+01
v 6.29183424e+03 5.55444959e+03 1.73075886e+01
v 6.29200175e+03 5.55492954e+03 1.75611951e+01
v 6.30466957e+03 5.54755074e+03 1.81474152e+01
v 6.30414222e+03 5.54763418e+03 1.75334195e+01
v 6.29117864e+03 5.54788428e+03 1.85741431e+01
v 6.29126314e+03 5.55518290e+03 1.78681453e+01
v 6.29151886e+03 5.55494248e+03 1.82160417e+01
v 6.28857175e+03 5.55019854e+03 1.76725042e+01
v 6.29189491e+03 5.54855110e+03 1.75342823e+01
v 6.29226737e+03 5.54802088e+03 1.78114881e+01
v 6.29145135e+03 5.54834864e+03 1.84546419e+01
v 6.29156822e+03 5.55429403e+03 1.73669022e+01
v 6.30421371e+03 5.54803300e+03 1.73348151e+01
v 6.29179856e+03 5.54828872e+03 1.84896754e+01
v 6.29180656e+03 5.55531419e+03 1.78733935e+01
v 6.29156930e+03 5.55527800e+03 1.79164792e+01
v 6.29133309e+03 5.55543782e+03 1.74954642e+01
v 6.29200791e+03 5.55476528e+03 1.72390423e+01
v 6.29120823e+03 5.54862801e+03 1.67127940e+01
v 6.29123375e+03 5.55562565e+03 1.72944354e+01
v 6.29365065e+03 5.55986163e+03 1.70735676e+01
v 6.28842452e+03 5.55039828e+03 1.74187344e+01
v 6.30399757e+03 5.53853379e+03 1.86405628e+01
v 6.30389355e+03 5.53774448e+03 1.82829284e+01
v 6.30499280e+03 5.53946413e+03 1.91868704e+01
v 6.30423171e+03 5.53895825e+03 1.91437614e+01
v 6.30255700e+03 5.54159569e+03 1.84602946e+01
v 6.30243338e+03 5.54163573e+03 1.77237420e+01
v 6.30384833e+03 5.53825451e+03 1.87377135e+01
v 6.30348699e+03 5.53816461e+03 1.80513814e+01
v 6.30440851e+03 5.54119445e+03 1.88769836e+01
v 6.30394004e+03 5.54137020e+03 1.86695797e+01
v 6.30398286e+03 5.53854951e+03 1.92049561e+01
v 6.30458998e+03 5.54085679e+03 1.91508079e+01
v 6.30397560e+03 5.54084077e+03 1.96203966e+01
v 6.30425254e+03 5.53843714e+03 1.93425124e+01
v 6.30471464e+03 5.53959204e+03 2.00799546e+01
v 6.30480162e+03 5.53969453e+03 1.95723001e+01
v 6.30395622e+03 5.54017607e+03 2.01671672e+01
v 6.30413527e+03 5.53874156e+03 1.93708545e+01
v 6.30338523e+03 5.54150365e+03 1.92085543e+01
v 6.30337000e+03 5.54122924e+03 1.96110045e+01
v 6.30367581e+03 5.54252269e+03 1.90637114e+01
v 6.30307007e+03 5.54238137e+03 1.86426780e+01
v 6.30354275e+03 5.54282649e+03 1.88722245e+01
v 6.30329844e+03 5.54132701e+03 1.86462319e+01
v 6.30314962e+03 5.54151606e+03 1.88671743e+01
v 6.30220947e+03 5.54427918e+03 1.84879656e+01
v 6.30253375e+03 5.54392133e+03 1.84116417e+01
v 6.30472299e+03 5.54465455e+03 1.97443064e+01
v 6.30441498e+03 5.54533423e+03 1.95141659e+01
v 6.30470273e+03 5.54876142e+03 1.73235156e+01
v 6.30279542e+03 5.54151554e+03 1.86104116e+01
v 6.30397512e+03 5.54465576e+03 1.93271334e+01
v 6.30382929e+03 5.54596755e+03 1.94589714e+01
v 6.30388036e+03 5.54647300e+03 1.87784655e+01
v 6.29108472e+03 5.54756689e+03 1.82167591e+01
v 6.29199098e+03 5.54810004e+03 1.84526298e+01
v 6.29174711e+03 5.54788748e+03 1.87206268e+01
v 6.29159183e+03 5.54799585e+03 1.87540789e+01
v 6.30134861e+03 5.54495605e+03 1.87350093e+01
v 6.30177029e+03 5.54454421e+03 1.89484348e+01
v 6.29212108e+03 5.54730181e+03 1.77606944e+01
v 6.29151864e+03 5.54767548e+03 1.86927861e+01
v 6.29142459e+03 5.54731011e+03 1.81332264e+01
v 6.29131970e+03 5.54695078e+03 1.74620910e+01
v 6.29122696e+03 5.54742835e+03 1.83499120e+01
v 6.29174174e+03 5.54712712e+03 1.77561958e+01
v 6.30278690e+03 5.54279854e+03 1.63137268e+01
v 6.30274736e+03 5.54277285e+03 1.82317969e+01
v 6.30278290e+03 5.54340355e+03 1.83559309e+01
v 6.30261608e+03 5.54190195e+03 1.85929756e+01
v 6.30324911e+03 5.54301037e+03 1.87018845e+01
v 6.30250510e+03 5.54628347e+03 1.89787890e+01
v 6.30191836e+03 5.54552722e+03 1.82420469e+01
v 6.30233435e+03 5.54578937e+03 1.83310518e+01
v 6.30229126e+03 5.54430138e+03 1.88226583e+01
v 6.30302964e+03 5.54705709e+03 1.82049796e+01
v 6.30340135e+03 5.54714059e+03 1.84121477e+01
v 6.30306329e+03 5.54681814e+03 1.86875375e+01
v 6.30580382e+03 5.54780546e+03 1.88652356e+01
v 6.30393243e+03 5.54103712e+03 1.81578988e+01
v 6.30368745e+03 5.54131456e+03 1.84491805e+01
v 6.30314271e+03 5.54185007e+03 1.89199798e+01
v 6.30280070e+03 5.54385869e+03 1.88445866e+01
v 6.30466427e+03 5.54091753e+03 1.86267475e+01
v 6.30394943e+03 5.54013743e+03 2.08594612e+01
v 6.30463047e+03 5.53972999e+03 2.05423747e+01
v 6.30362205e+03 5.54100626e+03 2.09214910e+01
v 6.30369029e+03 5.54062571e+03 2.06046504e+01
v 6.30325334e+03 5.54091485e+03 2.01628424e+01
v 6.30348746e+03 5.54080669e+03 2.04210314e+01
v 6.30318087e+03 5.54097952e+03 2.05587942e+01
v 6.30326175e+03 5.54632426e+03 1.94037799e+01
v 6.30354233e+03 5.54324925e+03 1.91363387e+01
v 6.30523073e+03 5.53971859e+03 2.07482785e+01
v 6.30390530e+03 5.53994849e+03 2.05299072e+01
v 6.30606824e+03 5.53910405e+03 2.06386806e+01
v 6.30621864e+03 5.53827309e+03 2.03042925e+01
v 6.30312063e+03 5.54416536e+03 1.91145044e+01
v 6.30589054e+03 5.53941767e+03 2.01718447e+01
v 6.30444979e+03 5.53820666e+03 1.92276816e+01
v 6.30753329e+03 5.53684509e+03 1.99619546e+01
v 6.30713699e+03 5.53670322e+03 2.01370357e+01
v 6.30760564e+03 5.53629588e+03 2.04815743e+01
v 6.30714879e+03 5.53630735e+03 2.07120582e+01
v 6.30685191e+03 5.53688220e+03 2.03180297e+01
v 6.30663532e+03 5.53693025e+03 1.99659779e+01
v 6.30642406e+03 5.53847246e+03 2.08377890e+01
v 6.30673973e+03 5.53806567e+03 2.09754842e+01
v 6.30675255e+03 5.53750396e+03 2.02656853e+01
v 6.30687048e+03 5.53676759e+03 2.09204860e+01
v 6.30704676e+03 5.53615168e+03 2.13220977e+01
v 6.30208105e+03 5.54532304e+03 1.76390425e+01
v 6.30493416e+03 5.54067063e+03 1.83596785e+01
v 6.30501998e+03 5.54068976e+03 1.88505783e+01
v 6.30729767e+03 5.54881343e+03 1.63715290e+01
v 6.30413083e+03 5.54618457e+03 1.92651676e+01
v 6.30380505e+03 5.54557134e+03 1.95194056e+01
v 6.30347071e+03 5.54454788e+03 1.92571668e+01
v 6.30378997e+03 5.54487101e+03 1.92998293e+01
v 6.30293948e+03 5.54453038e+03 1.92683823e+01
v 6.30314886e+03 5.54588498e+03 1.97268869e+01
v 6.30276680e+03 5.54489653e+03 1.96571090e+01
v 6.30236641e+03 5.54471691e+03 1.95764450e+01
v 6.30181015e+03 5.54469832e+03 1.94152476e+01
v 6.30123533e+03 5.54500036e+03 1.93905217e+01
v 6.30366869e+03 5.54396057e+03 1.92997769e+01
v 6.30363916e+03 5.54366016e+03 1.95077040e+01
v 6.30350907e+03 5.54369829e+03 1.92592709e+01
v 6.30478506e+03 5.53933803e+03 1.94824547e+01
v 6.30291230e+03 5.54145937e+03 2.00976701e+01
v 6.30350185e+03 5.54213685e+03 1.93744782e+01
v 6.30330296e+03 5.54176536e+03 1.96369221e+01
v 6.30363998e+03 5.54252757e+03 1.94600705e+01
v 6.30162686e+03 5.54533026e+03 2.00871036e+01
v 6.30251352e+03 5.54534638e+03 2.00243355e+01
v 6.30154543e+03 5.54587118e+03 1.91848556e+01
v 6.30337882e+03 5.54334928e+03 1.99000418e+01
v 6.30398273e+03 5.54050795e+03 1.79468543e+01
v 6.30360963e+03 5.53722941e+03 1.77605855e+01
v 6.30113552e+03 5.54509565e+03 1.91726208e+01
v 6.29329698e+03 5.53305604e+03 1.63700262e+01
v 6.30169932e+03 5.54572218e+03 1.85922755e+01
v 6.30865043e+03 5.53630252e+03 2.15979959e+01
v 6.30891534e+03 5.53634931e+03 2.13197839e+01
v 6.30843669e+03 5.53629312e+03 2.11196999e+01
v 6.30769554e+03 5.53593053e+03 2.10324229e+01
v 6.30506893e+03 5.53947037e+03 1.97655959e+01
v 6.30882695e+03 5.53642849e+03 2.07003264e+01
v 6.30737318e+03 5.53596820e+03 2.09321184e+01
v 6.30768360e+03 5.53573724e+03 2.19484084e+01
v 6.30630187e+03 5.53799325e+03 2.17499446e+01
v 6.30667926e+03 5.53711908e+03 2.13105815e+01
v 6.30376179e+03 5.54060451e+03 2.02347074e+01
v 6.30695940e+03 5.53589045e+03 2.25426893e+01
v 6.30718037e+03 5.53568790e+03 2.21646439e+01
v 6.30684447e+03 5.53608474e+03 2.17370067e+01
v 6.30723350e+03 5.53566773e+03 2.26796859e+01
v 6.30641959e+03 5.53834580e+03 2.13166619e+01
v 6.30681485e+03 5.53772228e+03 2.07387280e+01
v 6.30662551e+03 5.53791312e+03 2.03163536e+01
v 6.30766244e+03 5.53573994e+03 2.23733568e+01
v 6.30829156e+03 5.53597387e+03 2.21216429e+01
v 6.30678825e+03 5.53652267e+03 2.24746743e+01
v 6.30553096e+03 5.53945203e+03 2.18356772e+01
v 6.30568258e+03 5.53911782e+03 2.13912441e+01
v 6.30575093e+03 5.53943295e+03 2.08656444e+01
v 6.30664766e+03 5.53660822e+03 2.19132460e+01
v 6.30608199e+03 5.53717186e+03 2.24760987e+01
v 6.30537633e+03 5.53891022e+03 2.18083696e+01
v 6.30537757e+03 5.53940152e+03 2.23575654e+01
v 6.30533581e+03 5.53984136e+03 2.22100166e+01
v 6.30412416e+03 5.54060376e+03 2.15920324e+01
v 6.30384481e+03 5.54011849e+03 2.06822960e+01
v 6.30449462e+03 5.54025447e+03 2.19053295e+01
v 6.30407135e+03 5.54064901e+03 2.21572401e+01
v 6.30587556e+03 5.53837501e+03 2.18580052e+01
v 6.30582780e+03 5.53810880e+03 2.25065185e+01
v 6.30608294e+03 5.53869203e+03 2.11691590e+01
v 6.30530515e+03 5.53989330e+03 2.17316434e+01
v 6.30395810e+03 5.54094946e+03 2.16766704e+01
v 6.30276536e+03 5.54125096e+03 2.06990207e+01
v 6.30296768e+03 5.54143651e+03 2.10003541e+01
v 6.30180898e+03 5.54505977e+03 1.80366959e+01
v 6.30264265e+03 5.54153114e+03 2.06194185e+01
v 6.30281353e+03 5.54120321e+03 2.04502053e+01
v 6.30541643e+03 5.53875424e+03 2.18280490e+01
v 6.30532695e+03 5.53895050e+03 2.30181706e+01
v 6.30612373e+03 5.53721586e+03 2.21633955e+01
v 6.30837142e+03 5.53620806e+03 2.25706530e+01
v 6.30881520e+03 5.53638138e+03 2.19144764e+01
v 6.30828330e+03 5.53689958e+03 2.31988905e+01
v 6.30866499e+03 5.53722585e+03 2.31534810e+01
v 6.30863654e+03 5.53683183e+03 2.28175130e+01
v 6.30688038e+03 5.53656303e+03 2.29363050e+01
v 6.30709655e+03 5.53608108e+03 2.31847085e+01
v 6.30715266e+03 5.53595799e+03 2.30841392e+01
v 6.30665962e+03 5.53699905e+03 2.30415869e+01
v 6.30623660e+03 5.53729158e+03 2.29477430e+01
v 6.30815054e+03 5.53642045e+03 2.30632018e+01
v 6.30904802e+03 5.53724700e+03 2.28064766e+01
v 6.30739522e+03 5.53640560e+03 2.31221909e+01
v 6.30753779e+03 5.53581173e+03 2.28537464e+01
v 6.30773488e+03 5.53697137e+03 2.31164993e+01
v 6.30598054e+03 5.53766447e+03 2.28364649e+01
v 6.30604654e+03 5.53765196e+03 2.23033049e+01
v 6.30702111e+03 5.53931981e+03 2.35981832e+01
v 6.30712113e+03 5.53917317e+03 2.40723571e+01
v 6.30739981e+03 5.53923283e+03 2.32934782e+01
v 6.30744357e+03 5.53927754e+03 2.37093920e+01
v 6.30698771e+03 5.53926421e+03 2.33210244e+01
v 6.30654216e+03 5.53908283e+03 2.35725556e+01
v 6.30667717e+03 5.53925719e+03 2.39647314e+01
v 6.30617237e+03 5.53910543e+03 2.40022143e+01
v 6.30632674e+03 5.53947087e+03 2.42495307e+01
v 6.30613114e+03 5.53888669e+03 2.36295822e+01
v 6.30565061e+03 5.53881899e+03 2.41580915e+01
v 6.30542490e+03 5.53892992e+03 2.40332716e+01
v 6.30512775e+03 5.53924023e+03 2.38140536e+01
v 6.30696805e+03 5.53761139e+03 2.37265976e+01
v 6.30641692e+03 5.53760897e+03 2.32649975e+01
v 6.30579615e+03 5.53868801e+03 2.34995236e+01
v 6.30549183e+03 5.53879258e+03 2.33817082e+01
v 6.30575911e+03 5.54097545e+03 2.32894769e+01
v 6.30542388e+03 5.54094680e+03 2.29189215e+01
v 6.30567386e+03 5.54157520e+03 2.31660951e+01
v 6.30586578e+03 5.54138569e+03 2.37581178e+01
v 6.30517479e+03 5.53958113e+03 2.35261778e+01
v 6.30567621e+03 5.54007113e+03 2.36809147e+01
v 6.30512929e+03 5.53948938e+03 2.40124900e+01
v 6.30522551e+03 5.53929514e+03 2.33283325e+01
v 6.30549753e+03 5.53968444e+03 2.42014902e+01
v 6.30590106e+03 5.53894309e+03 2.41582384e+01
v 6.30523556e+03 5.53931555e+03 2.43440371e+01
v 6.30674096e+03 5.53739443e+03 2.35815445e+01
v 6.30752457e+03 5.53910527e+03 2.42137969e+01
v 6.30785898e+03 5.53913048e+03 2.41379591e+01
v 6.30809574e+03 5.53900035e+03 2.40081212e+01
v 6.30570630e+03 5.53906470e+03 2.43005211e+01
v 6.30850973e+03 5.53836004e+03 2.42958232e+01
v 6.30838714e+03 5.53785251e+03 2.40259779e+01
v 6.30876429e+03 5.53863791e+03 2.46258388e+01
v 6.30779864e+03 5.53908994e+03 2.37547086e+01
v 6.30807414e+03 5.53850428e+03 2.36528561e+01
v 6.30883946e+03 5.53763082e+03 2.41636710e+01
v 6.30825487e+03 5.53746643e+03 2.39421449e+01
v 6.30803727e+03 5.53942511e+03 2.43592592e+01
v 6.30722248e+03 5.53906500e+03 2.43986101e+01
v 6.30694212e+03 5.53929830e+03 2.43820913e+01
v 6.30723564e+03 5.53958905e+03 2.45896184e+01
v 6.30801325e+03 5.53733601e+03 2.39847849e+01
v 6.30778524e+03 5.53890978e+03 2.33953032e+01
v 6.30767670e+03 5.53925591e+03 2.33539602e+01
v 6.30586144e+03 5.54058996e+03 2.28482056e+01
v 6.30787246e+03 5.53734682e+03 2.37695912e+01
v 6.30830550e+03 5.53724361e+03 2.36395316e+01
v 6.30745266e+03 5.53864882e+03 2.32077294e+01
v 6.30710151e+03 5.53748384e+03 2.38806666e+01
v 6.30731530e+03 5.53747091e+03 2.37740001e+01
v 6.30571540e+03 5.53998545e+03 2.44576045e+01
v 6.30586964e+03 5.54034291e+03 2.32582548e+01
v 6.30597337e+03 5.53997222e+03 2.46507983e+01
v 6.30682291e+03 5.53975755e+03 2.44787890e+01
v 6.30699166e+03 5.53889916e+03 2.32191110e+01
v 6.30604260e+03 5.54039735e+03 2.27783307e+01
v 6.30794892e+03 5.53783777e+03 2.37150519e+01
v 6.30785234e+03 5.53837834e+03 2.34409086e+01
v 6.30665606e+03 5.53811348e+03 2.33322139e+01
v 6.30609487e+03 5.53865164e+03 2.33493485e+01
v 6.30646350e+03 5.53855089e+03 2.32822732e+01
v 6.30574525e+03 5.53952540e+03 2.11460780e+01
v 6.30503554e+03 5.54003933e+03 2.23286741e+01
v 6.30700175e+03 5.53720066e+03 2.35716858e+01
v 6.30580173e+03 5.54050677e+03 2.45509046e+01
v 6.30609880e+03 5.54051630e+03 2.48085048e+01
v 6.30706213e+03 5.53681910e+03 2.31829257e+01
v 6.30734823e+03 5.53711954e+03 2.32743708e+01
v 6.30864465e+03 5.53793847e+03 2.43133714e+01
v 6.30868260e+03 5.53941555e+03 2.47582903e+01
v 6.30874120e+03 5.53908493e+03 2.46363911e+01
v 6.30840061e+03 5.53905286e+03 2.42777587e+01
v 6.30733290e+03 5.53918036e+03 2.45311819e+01
v 6.30753781e+03 5.53986089e+03 2.46103375e+01
v 6.30868932e+03 5.53989264e+03 2.48170808e+01
v 6.30732935e+03 5.54018661e+03 2.47884792e+01
v 6.30678249e+03 5.54033565e+03 2.48689873e+01
v 6.30715376e+03 5.54035032e+03 2.51000522e+01
v 6.30690297e+03 5.54017637e+03 2.46339787e+01
v 6.30835559e+03 5.54034607e+03 2.47022923e+01
v 6.30794164e+03 5.54051648e+03 2.49181839e+01
v 6.30567576e+03 5.53845771e+03 2.30420339e+01
v 6.30588089e+03 5.53808737e+03 2.29641691e+01
v 6.30756319e+03 5.53767917e+03 2.36610896e+01
v 6.30823168e+03 5.53978592e+03 2.46071824e+01
v 6.30663399e+03 5.54077267e+03 2.49676164e+01
v 6.30572733e+03 5.54090611e+03 2.44827585e+01
v 6.30652040e+03 5.54128839e+03 2.47877053e+01
v 6.30627720e+03 5.54127094e+03 2.47271341e+01
v 6.30842406e+03 5.54049832e+03 2.49130350e+01
v 6.30848164e+03 5.54070749e+03 2.55853440e+01
v 6.30879565e+03 5.54042192e+03 2.55291856e+01
v 6.30835295e+03 5.54060931e+03 2.51925208e+01
v 6.30881100e+03 5.54024636e+03 2.50914938e+01
v 6.30758836e+03 5.54074781e+03 2.53146571e+01
v 6.30816449e+03 5.54090059e+03 2.53340253e+01
v 6.30835548e+03 5.54101256e+03 2.54725102e+01
v 6.30867170e+03 5.54094844e+03 2.58509273e+01
v 6.30888575e+03 5.54055452e+03 2.59265131e+01
v 6.30866102e+03 5.54128777e+03 2.54287068e+01
v 6.30725950e+03 5.54217746e+03 2.62368347e+01
v 6.30769329e+03 5.54232096e+03 2.59248958e+01
v 6.30607039e+03 5.55017864e+03 2.68798575e+01
v 6.30649257e+03 5.55072442e+03 2.68667833e+01
v 6.30597128e+03 5.54990120e+03 2.67741574e+01
v 6.30582672e+03 5.54964506e+03 2.59855509e+01
v 6.30549163e+03 5.54940845e+03 2.57050068e+01
v 6.30545203e+03 5.54987800e+03 2.58430223e+01
v 6.30585320e+03 5.53957678e+03 2.44240940e+01
v 6.30573365e+03 5.54324638e+03 2.47922595e+01
v 6.30561322e+03 5.54354588e+03 2.51526729e+01
v 6.30586212e+03 5.54311279e+03 2.54450733e+01
v 6.30600969e+03 5.54327387e+03 2.56689095e+01
v 6.30611459e+03 5.54268799e+03 2.53154268e+01
v 6.30629013e+03 5.54288116e+03 2.57113836e+01
v 6.30729061e+03 5.54983798e+03 2.61022121e+01
v 6.30720860e+03 5.55023066e+03 2.63064573e+01
v 6.30742091e+03 5.54998547e+03 2.60780455e+01
v 6.30659859e+03 5.54908405e+03 2.56184099e+01
v 6.30624616e+03 5.54922321e+03 2.58127498e+01
v 6.30682466e+03 5.54530968e+03 2.59262922e+01
v 6.30670469e+03 5.54499230e+03 2.59875828e+01
v 6.30679661e+03 5.54497152e+03 2.55061210e+01
v 6.30687552e+03 5.55019743e+03 2.68309268e+01
v 6.30695005e+03 5.55005567e+03 2.65344630e+01
v 6.30620184e+03 5.54987253e+03 2.68806155e+01
v 6.30647170e+03 5.54168131e+03 2.57600761e+01
v 6.30627827e+03 5.54198571e+03 2.57955962e+01
v 6.30650214e+03 5.54178255e+03 2.60126610e+01
v 6.30527111e+03 5.54968823e+03 2.54297942e+01
v 6.30549204e+03 5.54893512e+03 2.54116650e+01
v 6.30529585e+03 5.54966027e+03 2.52002898e+01
v 6.30636623e+03 5.54894385e+03 2.56387292e+01
v 6.30555440e+03 5.54865444e+03 2.51039595e+01
v 6.30557083e+03 5.54903184e+03 2.50371571e+01
v 6.30573408e+03 5.54915667e+03 2.46688640e+01
v 6.30567095e+03 5.54376723e+03 2.53899650e+01
v 6.30608304e+03 5.54385527e+03 2.54077200e+01
v 6.30751843e+03 5.53807597e+03 2.34077158e+01
v 6.30612422e+03 5.53790541e+03 2.31032989e+01
v 6.30886072e+03 5.53736227e+03 2.37610445e+01
v 6.30820467e+03 5.53876721e+03 2.39680907e+01
v 6.30578468e+03 5.54044730e+03 2.39385844e+01
v 6.30558143e+03 5.53990363e+03 2.28950167e+01
v 6.30537746e+03 5.53939329e+03 2.28596918e+01
v 6.30565874e+03 5.54031414e+03 2.26511350e+01
v 6.30571914e+03 5.54086526e+03 2.39633120e+01
v 6.30511589e+03 5.54009208e+03 2.27060734e+01
v 6.30535514e+03 5.53980594e+03 2.25737485e+01
v 6.30545042e+03 5.53858247e+03 2.27757065e+01
v 6.30601327e+03 5.53834509e+03 2.31457157e+01
v 6.30434255e+03 5.54022011e+03 2.28847569e+01
v 6.30405897e+03 5.54041605e+03 2.24697804e+01
v 6.30874909e+03 5.53679675e+03 2.24814003e+01
v 6.30388823e+03 5.54082956e+03 2.28529332e+01
v 6.30372362e+03 5.54122824e+03 2.29404019e+01
v 6.30359243e+03 5.54126285e+03 2.25182390e+01
v 6.30394354e+03 5.54130221e+03 2.32225813e+01
v 6.30432978e+03 5.54106376e+03 2.31359484e+01
v 6.30369636e+03 5.54107113e+03 2.23493256e+01
v 6.30660189e+03 5.54574893e+03 2.53294062e+01
v 6.30664296e+03 5.54522248e+03 2.51685564e+01
v 6.30624465e+03 5.54561328e+03 2.48660876e+01
v 6.30662947e+03 5.54482897e+03 2.52475471e+01
v 6.30698042e+03 5.54535701e+03 2.65861372e+01
v 6.30675966e+03 5.54507680e+03 2.64003471e+01
v 6.30700307e+03 5.54554261e+03 2.62725548e+01
v 6.30688696e+03 5.54466011e+03 2.60292176e+01
v 6.30676624e+03 5.54491117e+03 2.66244256e+01
v 6.30718710e+03 5.54460212e+03 2.64542238e+01
v 6.30748086e+03 5.54423478e+03 2.60575356e+01
v 6.30840072e+03 5.54428045e+03 2.59979756e+01
v 6.30804760e+03 5.54392202e+03 2.57199432e+01
v 6.30777931e+03 5.54501901e+03 2.71684575e+01
v 6.30746761e+03 5.54529862e+03 2.70554172e+01
v 6.30856801e+03 5.54374921e+03 2.55213624e+01
v 6.30885173e+03 5.54407583e+03 2.57028354e+01
v 6.30818732e+03 5.54126656e+03 2.53313348e+01
v 6.30786610e+03 5.54107750e+03 2.53411526e+01
v 6.30838213e+03 5.54253877e+03 2.52190466e+01
v 6.30825290e+03 5.54217816e+03 2.52718491e+01
v 6.30801608e+03 5.54256295e+03 2.54327781e+01
v 6.30848919e+03 5.54450025e+03 2.68589076e+01
v 6.30789202e+03 5.54465463e+03 2.69073639e+01
v 6.30828355e+03 5.54499024e+03 2.69624133e+01
v 6.30869284e+03 5.54181860e+03 2.51277805e+01
v 6.30837070e+03 5.54152237e+03 2.51578571e+01
v 6.30821341e+03 5.54172277e+03 2.51654271e+01
v 6.30744376e+03 5.54278079e+03 2.54463560e+01
v 6.30769927e+03 5.54323652e+03 2.51805108e+01
v 6.30839348e+03 5.54307864e+03 2.49555138e+01
v 6.30874369e+03 5.54330694e+03 2.52068427e+01
v 6.30796705e+03 5.54221224e+03 2.56538697e+01
v 6.30887379e+03 5.54257113e+03 2.51798400e+01
v 6.30860819e+03 5.54599015e+03 2.66691854e+01
v 6.30855708e+03 5.54542151e+03 2.66322889e+01
v 6.30818586e+03 5.54586378e+03 2.66430846e+01
v 6.30895842e+03 5.54446605e+03 2.61887276e+01
v 6.30849127e+03 5.54440374e+03 2.63436234e+01
v 6.30884771e+03 5.54507663e+03 2.66218005e+01
v 6.30870632e+03 5.54472095e+03 2.67475191e+01
v 6.30788374e+03 5.54149588e+03 2.56033946e+01
v 6.30796610e+03 5.54528825e+03 2.70053603e+01
v 6.30779347e+03 5.54562229e+03 2.67903583e+01
v 6.30778618e+03 5.54443940e+03 2.63375682e+01
v 6.30742551e+03 5.54372790e+03 2.56101994e+01
v 6.30816461e+03 5.54538801e+03 2.67500330e+01
v 6.30804488e+03 5.54350005e+03 2.51733180e+01
v 6.30736906e+03 5.54488571e+03 2.69900656e+01
v 6.30681226e+03 5.55092833e+03 2.67871409e+01
v 6.30677620e+03 5.55129600e+03 2.63970952e+01
v 6.30887025e+03 5.54458952e+03 2.65195603e+01
v 6.30872996e+03 5.54671935e+03 2.85042746e+01
v 6.30894241e+03 5.54654655e+03 2.84847869e+01
v 6.30867318e+03 5.54653802e+03 2.82430194e+01
v 6.30886266e+03 5.54643270e+03 2.75952065e+01
v 6.30871826e+03 5.54678832e+03 2.79165362e+01
v 6.30866955e+03 5.54648607e+03 2.79409112e+01
v 6.30868833e+03 5.54693095e+03 2.84252013e+01
v 6.30883746e+03 5.54713639e+03 2.81452815e+01
v 6.30812504e+03 5.54628650e+03 2.64712956e+01
v 6.30906109e+03 5.54999078e+03 2.55148696e+01
v 6.30863062e+03 5.55008042e+03 2.58013042e+01
v 6.30883879e+03 5.54997830e+03 2.59747040e+01
v 6.30827315e+03 5.54982351e+03 2.62590707e+01
v 6.30867510e+03 5.54887450e+03 2.59861396e+01
v 6.30854635e+03 5.54922965e+03 2.63377470e+01
v 6.30893207e+03 5.54907885e+03 2.62490381e+01
v 6.30883909e+03 5.54966791e+03 2.62311496e+01
v 6.30854927e+03 5.54947263e+03 2.64276394e+01
v 6.30846845e+03 5.54814833e+03 2.55385280e+01
v 6.30885775e+03 5.54791780e+03 2.56263228e+01
v 6.30869836e+03 5.54783895e+03 2.53215913e+01
v 6.30761058e+03 5.55009691e+03 2.57695521e+01
v 6.30828705e+03 5.55002209e+03 2.60105541e+01
v 6.30834782e+03 5.55010794e+03 2.50549197e+01
v 6.30814847e+03 5.55014968e+03 2.55394532e+01
v 6.30828742e+03 5.54918306e+03 2.61329677e+01
v 6.30828571e+03 5.54898799e+03 2.57311433e+01
v 6.30773633e+03 5.54993233e+03 2.60401543e+01
v 6.30782668e+03 5.54939879e+03 2.58417777e+01
v 6.30776422e+03 5.54647209e+03 2.59315539e+01
v 6.30861605e+03 5.54647356e+03 2.62875647e+01
v 6.30875014e+03 5.54633685e+03 2.66259383e+01
v 6.30782089e+03 5.54902653e+03 2.51297600e+01
v 6.30706956e+03 5.55068370e+03 2.66493215e+01
v 6.30707212e+03 5.55031847e+03 2.66538730e+01
v 6.30752230e+03 5.54629445e+03 2.62106661e+01
v 6.30746116e+03 5.54578508e+03 2.64851223e+01
v 6.30708318e+03 5.54620846e+03 2.59604694e+01
v 6.30784735e+03 5.54967439e+03 2.61744614e+01
v 6.30692241e+03 5.55053104e+03 2.69963760e+01
v 6.30532409e+03 5.54993103e+03 2.52070660e+01
v 6.30530956e+03 5.55005299e+03 2.54256973e+01
v 6.30678333e+03 5.54284082e+03 2.57505215e+01
v 6.30613373e+03 5.55077435e+03 2.56684522e+01
v 6.30566089e+03 5.55027675e+03 2.58579977e+01
v 6.30574404e+03 5.55175011e+03 2.53874943e+01
v 6.30541624e+03 5.55124755e+03 2.49612020e+01
v 6.30582994e+03 5.55059665e+03 2.54938856e+01
v 6.30569931e+03 5.55101984e+03 2.53207136e+01
v 6.30631983e+03 5.55101134e+03 2.58606883e+01
v 6.30660547e+03 5.55109168e+03 2.65286153e+01
v 6.30576191e+03 5.54999557e+03 2.63078709e+01
v 6.30594647e+03 5.55024300e+03 2.63982033e+01
v 6.30717480e+03 5.54071594e+03 2.53133896e+01
v 6.30745944e+03 5.54117389e+03 2.54741345e+01
v 6.30647346e+03 5.54252878e+03 2.58601127e+01
v 6.30681981e+03 5.54242695e+03 2.60340060e+01
v 6.30577795e+03 5.55189374e+03 2.50928585e+01
v 6.30640197e+03 5.55156662e+03 2.55890914e+01
v 6.30623363e+03 5.55142820e+03 2.56922102e+01
v 6.30643564e+03 5.54217415e+03 2.60578106e+01
v 6.30676420e+03 5.54670871e+03 2.53556852e+01
v 6.30636319e+03 5.54646818e+03 2.50850950e+01
v 6.30654961e+03 5.54674435e+03 2.50698858e+01
v 6.30680179e+03 5.54693225e+03 2.48001019e+01
v 6.30644847e+03 5.54876490e+03 2.52000595e+01
v 6.30581402e+03 5.54941232e+03 2.58752277e+01
v 6.30612082e+03 5.54953514e+03 2.61446597e+01
v 6.30682132e+03 5.54533352e+03 2.54032960e+01
v 6.30686299e+03 5.54579106e+03 2.58114351e+01
v 6.30659383e+03 5.54307052e+03 2.57876304e+01
v 6.30630461e+03 5.54340925e+03 2.57256880e+01
v 6.30699146e+03 5.54701431e+03 2.51289943e+01
v 6.30737957e+03 5.54666824e+03 2.55210117e+01
v 6.30665853e+03 5.54626886e+03 2.55463028e+01
v 6.30683046e+03 5.54951631e+03 2.57199221e+01
v 6.30657677e+03 5.54959821e+03 2.60360706e+01
v 6.30620830e+03 5.54999351e+03 2.70756878e+01
v 6.30570075e+03 5.54886356e+03 2.56523289e+01
v 6.30660686e+03 5.55140674e+03 2.59279729e+01
v 6.30614525e+03 5.55189957e+03 2.52410192e+01
v 6.30703154e+03 5.55127670e+03 2.50637970e+01
v 6.30601762e+03 5.55166925e+03 2.55442311e+01
v 6.30699775e+03 5.55124869e+03 2.55716978e+01
v 6.30754742e+03 5.55086218e+03 2.52303526e+01
v 6.30720460e+03 5.55090223e+03 2.58293609e+01
v 6.30665241e+03 5.55064696e+03 2.70624504e+01
v 6.30632117e+03 5.55199850e+03 2.48353756e+01
v 6.30698111e+03 5.55188595e+03 2.45007941e+01
v 6.30580233e+03 5.55143893e+03 2.54994160e+01
v 6.30692271e+03 5.54440682e+03 2.54284618e+01
v 6.30699792e+03 5.54399610e+03 2.52693534e+01
v 6.30670336e+03 5.54410580e+03 2.51545565e+01
v 6.30695276e+03 5.54374110e+03 2.54938004e+01
v 6.30745695e+03 5.54901015e+03 2.49031006e+01
v 6.30739042e+03 5.54939554e+03 2.55487263e+01
v 6.30563908e+03 5.54840848e+03 2.52697192e+01
v 6.30647551e+03 5.54153725e+03 2.49322553e+01
v 6.30724205e+03 5.54179953e+03 2.62418327e+01
v 6.30760419e+03 5.54155043e+03 2.59252057e+01
v 6.30699345e+03 5.54167779e+03 2.61095150e+01
v 6.30679768e+03 5.54199912e+03 2.62805472e+01
v 6.30760765e+03 5.54195535e+03 2.61503800e+01
v 6.30697880e+03 5.54128055e+03 2.52917841e+01
v 6.30678516e+03 5.54155368e+03 2.56822739e+01
v 6.30685834e+03 5.54049528e+03 2.51576238e+01
v 6.30727853e+03 5.54338181e+03 2.54588393e+01
v 6.30628243e+03 5.54235084e+03 2.56344955e+01
v 6.30716519e+03 5.54401421e+03 2.56484578e+01
v 6.30671352e+03 5.54378255e+03 2.55232202e+01
v 6.30747068e+03 5.55109516e+03 2.45901305e+01
v 6.30747430e+03 5.55096052e+03 2.47964000e+01
v 6.30569169e+03 5.55115792e+03 2.43623807e+01
v 6.30609692e+03 5.55135786e+03 2.37464038e+01
v 6.30689495e+03 5.55168731e+03 2.34879190e+01
v 6.30653479e+03 5.55199016e+03 2.38718143e+01
v 6.30638589e+03 5.55179476e+03 2.38122726e+01
v 6.30647012e+03 5.55207533e+03 2.42567690e+01
v 6.30603684e+03 5.55191085e+03 2.45945193e+01
v 6.30591811e+03 5.55201664e+03 2.51744320e+01
v 6.30570351e+03 5.55162199e+03 2.46906812e+01
v 6.30689655e+03 5.54695366e+03 2.42229085e+01
v 6.30691968e+03 5.54726687e+03 2.45831433e+01
v 6.30643522e+03 5.54656789e+03 2.48167151e+01
v 6.30701005e+03 5.54912263e+03 2.54235344e+01
v 6.30734878e+03 5.55030116e+03 2.57456376e+01
v 6.30766686e+03 5.55035428e+03 2.54117987e+01
v 6.30723256e+03 5.54835052e+03 2.42706804e+01
v 6.30749436e+03 5.54870915e+03 2.45231603e+01
v 6.30674809e+03 5.54860718e+03 2.42444093e+01
v 6.30756410e+03 5.54849934e+03 2.43340004e+01
v 6.30707264e+03 5.54885591e+03 2.47969722e+01
v 6.30653527e+03 5.54858275e+03 2.43272757e+01
v 6.30678708e+03 5.54740898e+03 2.42849989e+01
v 6.30657159e+03 5.54741440e+03 2.40781985e+01
v 6.30649603e+03 5.54790508e+03 2.44491869e+01
v 6.30641429e+03 5.54830880e+03 2.43633056e+01
v 6.30682642e+03 5.54804717e+03 2.42856250e+01
v 6.30795993e+03 5.55041349e+03 2.42880570e+01
v 6.30619974e+03 5.54842887e+03 2.47916682e+01
v 6.30614613e+03 5.54808266e+03 2.47795713e+01
v 6.30589097e+03 5.54840094e+03 2.51896441e+01
v 6.30641071e+03 5.54758402e+03 2.44768544e+01
v 6.30600565e+03 5.54777089e+03 2.48429486e+01
v 6.30874538e+03 5.54786603e+03 2.48805035e+01
v 6.30787634e+03 5.54813527e+03 2.44713695e+01
v 6.30764770e+03 5.54816489e+03 2.43255454e+01
v 6.30789820e+03 5.55066655e+03 2.41238935e+01
v 6.30793652e+03 5.54838180e+03 2.47466121e+01
v 6.30656608e+03 5.54727509e+03 2.38324588e+01
v 6.30689145e+03 5.54680818e+03 2.38746828e+01
v 6.30660893e+03 5.54659042e+03 2.40380431e+01
v 6.30680898e+03 5.54673850e+03 2.45434615e+01
v 6.30624477e+03 5.54710500e+03 2.37402254e+01
v 6.30621030e+03 5.54656351e+03 2.37672569e+01
v 6.30676716e+03 5.54837985e+03 2.41824528e+01
v 6.30665112e+03 5.54680607e+03 2.37426543e+01
v 6.30611980e+03 5.54754284e+03 2.39590345e+01
v 6.30836846e+03 5.54740766e+03 2.40847891e+01
v 6.30866730e+03 5.54771302e+03 2.42304559e+01
v 6.30895996e+03 5.54726930e+03 2.42844846e+01
v 6.30844940e+03 5.54703631e+03 2.44185797e+01
v 6.30786743e+03 5.54765776e+03 2.41202331e+01
v 6.30708046e+03 5.54764565e+03 2.42864673e+01
v 6.30586973e+03 5.54501394e+03 2.47141257e+01
v 6.30630568e+03 5.54456410e+03 2.50509092e+01
v 6.30621931e+03 5.54622171e+03 2.45520288e+01
v 6.30647929e+03 5.54210623e+03 2.43668183e+01
v 6.30630215e+03 5.54265385e+03 2.40951981e+01
v 6.30562772e+03 5.54391289e+03 2.44736571e+01
v 6.30613699e+03 5.54304393e+03 2.40971434e+01
v 6.30647295e+03 5.54245202e+03 2.45199122e+01
v 6.30619081e+03 5.54160438e+03 2.42794716e+01
v 6.30633277e+03 5.54176246e+03 2.48054989e+01
v 6.30895559e+03 5.54691311e+03 2.86392805e+01
v 6.30852928e+03 5.54653259e+03 2.58591016e+01
v 6.30893857e+03 5.54681097e+03 2.61357963e+01
v 6.30714292e+03 5.54513613e+03 2.70069056e+01
v 6.30841600e+03 5.54942304e+03 2.64485924e+01
v 6.30891987e+03 5.54932134e+03 2.63641685e+01
v 6.30707413e+03 5.55198616e+03 2.42391010e+01
v 6.30678781e+03 5.55210631e+03 2.40420162e+01
v 6.30675977e+03 5.55208625e+03 2.43904724e+01
v 6.30806535e+03 5.55073129e+03 2.37202651e+01
v 6.30773460e+03 5.55127658e+03 2.37055806e+01
v 6.30797813e+03 5.55078230e+03 2.33404906e+01
v 6.30824970e+03 5.55044292e+03 2.39445910e+01
v 6.30849632e+03 5.54995506e+03 2.25203856e+01
v 6.30860434e+03 5.55022640e+03 2.34140702e+01
v 6.30873041e+03 5.55000703e+03 2.47223845e+01
v 6.30834808e+03 5.54806701e+03 2.51675311e+01
v 6.30807603e+03 5.54851717e+03 2.52647514e+01
v 6.30579772e+03 5.54389070e+03 2.52110038e+01
v 6.30613585e+03 5.54420294e+03 2.50149547e+01
v 6.30624096e+03 5.55038885e+03 2.20526604e+01
v 6.30635136e+03 5.55105503e+03 2.30494756e+01
v 6.30591263e+03 5.55092930e+03 2.32905069e+01
v 6.30551177e+03 5.55069915e+03 2.32194035e+01
v 6.30593787e+03 5.55010168e+03 2.21065705e+01
v 6.30607349e+03 5.54988365e+03 2.12209405e+01
v 6.30562224e+03 5.55090334e+03 2.41026795e+01
v 6.30834771e+03 5.54802031e+03 2.46681515e+01
v 6.30746607e+03 5.55088368e+03 2.29261642e+01
v 6.30558836e+03 5.55075266e+03 2.44344902e+01
v 6.30689131e+03 5.55113474e+03 2.29678493e+01
v 6.30631087e+03 5.54220135e+03 2.50956769e+01
v 6.30555180e+03 5.54918218e+03 2.57594097e+01
v 6.30635610e+03 5.54615188e+03 2.52507333e+01
v 6.30727111e+03 5.54739729e+03 2.44729905e+01
v 6.30844068e+03 5.54438312e+03 2.65823934e+01
v 6.30888151e+03 5.54626249e+03 2.79112741e+01
v 6.30760756e+03 5.55142290e+03 2.42941792e+01
v 6.30887135e+03 5.54832947e+03 2.57016559e+01
v 6.30833562e+03 5.54766420e+03 2.40253538e+01
v 6.30695880e+03 5.55124549e+03 2.63469553e+01
v 6.30768686e+03 5.54892079e+03 2.47744133e+01
v 6.30787016e+03 5.55047448e+03 2.50448944e+01
v 6.30846110e+03 5.54866699e+03 2.57240355e+01
v 6.30606847e+03 5.54893298e+03 1.80767597e+01
v 6.30570805e+03 5.55056535e+03 2.50720049e+01
v 6.30549812e+03 5.54937323e+03 2.20402197e+01
v 6.30558955e+03 5.54964955e+03 2.23226534e+01
v 6.30560391e+03 5.54942334e+03 2.24879336e+01
v 6.30574094e+03 5.54762764e+03 2.46942338e+01
v 6.30565052e+03 5.54882710e+03 2.31673180e+01
v 6.30556211e+03 5.54866895e+03 2.36975911e+01
v 6.30547132e+03 5.54855988e+03 2.30496083e+01
v 6.30566096e+03 5.54882075e+03 2.27651191e+01
v 6.30576615e+03 5.54911873e+03 2.25257089e+01
v 6.30553933e+03 5.54922825e+03 2.28747376e+01
v 6.30580432e+03 5.54871686e+03 2.24687643e+01
v 6.30578649e+03 5.54894107e+03 2.22319013e+01
v 6.30560904e+03 5.55046220e+03 2.45306719e+01
v 6.30557715e+03 5.55005684e+03 2.47981675e+01
v 6.30549864e+03 5.54998446e+03 2.42637432e+01
v 6.30576839e+03 5.54929095e+03 2.42652973e+01
v 6.30574187e+03 5.54884749e+03 2.45059611e+01
v 6.30552921e+03 5.54906294e+03 2.36237841e+01
v 6.30549953e+03 5.54949159e+03 2.39451675e+01
v 6.30534444e+03 5.54838891e+03 2.17988994e+01
v 6.30568319e+03 5.54837466e+03 2.22803037e+01
v 6.30525691e+03 5.54782481e+03 2.20305204e+01
v 6.30553976e+03 5.54811168e+03 2.42518911e+01
v 6.30556910e+03 5.54850415e+03 2.44645958e+01
v 6.30595206e+03 5.54586153e+03 2.41790552e+01
v 6.30565034e+03 5.54967122e+03 2.45650891e+01
v 6.30560882e+03 5.54797405e+03 2.51106036e+01
v 6.30548459e+03 5.54830742e+03 2.49815729e+01
v 6.30564879e+03 5.54418036e+03 2.46892341e+01
v 6.30568126e+03 5.54390535e+03 2.48857016e+01
v 6.30569392e+03 5.54530163e+03 2.41599329e+01
v 6.30545572e+03 5.54433033e+03 2.44928404e+01
v 6.30551603e+03 5.54486447e+03 2.44089401e+01
v 6.30595947e+03 5.54267085e+03 2.29380019e+01
v 6.30587198e+03 5.54206724e+03 2.32174348e+01
v 6.30539992e+03 5.54447281e+03 2.43649275e+01
v 6.30610556e+03 5.54358136e+03 2.34483779e+01
v 6.30593906e+03 5.54347908e+03 2.27734728e+01
v 6.30550955e+03 5.54405330e+03 2.26067271e+01
v 6.30596092e+03 5.54391212e+03 2.34498798e+01
v 6.30574550e+03 5.54368496e+03 2.25937987e+01
v 6.30526487e+03 5.54522975e+03 2.30407203e+01
v 6.30540134e+03 5.54478105e+03 2.38060982e+01
v 6.30549595e+03 5.54431984e+03 2.40976871e+01
v 6.30558809e+03 5.54191850e+03 2.28860898e+01
v 6.30529329e+03 5.54163865e+03 2.29288048e+01
v 6.30525545e+03 5.54193880e+03 2.27279997e+01
v 6.30562436e+03 5.54220102e+03 2.25457034e+01
v 6.30530451e+03 5.54209051e+03 2.24570749e+01
v 6.30611151e+03 5.54139530e+03 2.45605366e+01
v 6.30588917e+03 5.54125174e+03 2.42799779e+01
v 6.30605362e+03 5.54256327e+03 2.34259458e+01
v 6.30616941e+03 5.54333285e+03 2.38391533e+01
v 6.30589479e+03 5.54395213e+03 2.38309231e+01
v 6.30524420e+03 5.54236038e+03 2.22497629e+01
v 6.30565457e+03 5.54862228e+03 2.19872396e+01
v 6.30512367e+03 5.54742462e+03 2.32091252e+01
v 6.30550413e+03 5.54719039e+03 2.32330018e+01
v 6.30518719e+03 5.54666546e+03 2.29515562e+01
v 6.30476815e+03 5.54685620e+03 2.29002272e+01
v 6.30471235e+03 5.54728954e+03 2.29135363e+01
v 6.30546432e+03 5.54815833e+03 2.39423164e+01
v 6.30524593e+03 5.54952466e+03 2.30715761e+01
v 6.30549789e+03 5.54644785e+03 2.30624946e+01
v 6.30461539e+03 5.54739209e+03 2.25893933e+01
v 6.30584814e+03 5.54695554e+03 2.34775249e+01
v 6.30564663e+03 5.54977710e+03 2.16672049e+01
v 6.30520320e+03 5.54625805e+03 2.26458330e+01
v 6.30486023e+03 5.54644068e+03 2.24546826e+01
v 6.30463907e+03 5.54671731e+03 2.26100604e+01
v 6.30475350e+03 5.54659085e+03 2.21494609e+01
v 6.30450649e+03 5.54705138e+03 2.24254399e+01
v 6.30478632e+03 5.54611426e+03 2.20910754e+01
v 6.30514611e+03 5.54649023e+03 2.15065427e+01
v 6.30581807e+03 5.54635472e+03 2.34911015e+01
v 6.30514051e+03 5.54618485e+03 2.23598947e+01
v 6.30498014e+03 5.54775095e+03 2.27460599e+01
v 6.30474003e+03 5.54893906e+03 2.14941216e+01
v 6.30531799e+03 5.54835543e+03 2.29526153e+01
v 6.30484653e+03 5.54618327e+03 2.23152886e+01
v 6.30509479e+03 5.54523738e+03 2.28371544e+01
v 6.30531489e+03 5.54570526e+03 2.28881423e+01
v 6.30515121e+03 5.54828156e+03 2.32024253e+01
v 6.30527559e+03 5.54826478e+03 2.36528948e+01
v 6.30501129e+03 5.54780328e+03 2.32726313e+01
v 6.30528750e+03 5.54794064e+03 2.37713476e+01
v 6.30454069e+03 5.54592652e+03 2.26155467e+01
v 6.30577494e+03 5.54741930e+03 2.37340798e+01
v 6.30492529e+03 5.54585139e+03 2.17301219e+01
v 6.30497816e+03 5.55053533e+03 2.38892470e+01
v 6.30510044e+03 5.55026106e+03 2.40542567e+01
v 6.30517563e+03 5.54963494e+03 2.37769044e+01
v 6.30496820e+03 5.55063432e+03 2.36819171e+01
v 6.30502317e+03 5.54579583e+03 2.26352556e+01
v 6.30508419e+03 5.55008936e+03 2.31566701e+01
v 6.30571291e+03 5.54979891e+03 2.21583959e+01
v 6.30540220e+03 5.54794143e+03 2.49901242e+01
v 6.30423165e+03 5.54584000e+03 2.26220683e+01
v 6.30495555e+03 5.54990736e+03 2.34334283e+01
v 6.30572101e+03 5.55064429e+03 2.48166818e+01
v 6.30397091e+03 5.54536005e+03 2.24181140e+01
v 6.30389844e+03 5.54511239e+03 2.26887609e+01
v 6.30558628e+03 5.54325435e+03 2.23648559e+01
v 6.30517176e+03 5.54281980e+03 2.22165741e+01
v 6.30385391e+03 5.54121668e+03 2.15492759e+01
v 6.30448709e+03 5.54211552e+03 2.30643831e+01
v 6.30470064e+03 5.54183440e+03 2.31630615e+01
v 6.30418409e+03 5.54192610e+03 2.32681502e+01
v 6.30400387e+03 5.54229127e+03 2.20847615e+01
v 6.30419765e+03 5.54280581e+03 2.22141428e+01
v 6.30445035e+03 5.54225250e+03 2.23200806e+01
v 6.30378001e+03 5.54231128e+03 2.17940501e+01
v 6.30371705e+03 5.54176573e+03 2.15926240e+01
v 6.30481635e+03 5.54210486e+03 2.26271134e+01
v 6.30428461e+03 5.54204461e+03 2.25980840e+01
v 6.30541176e+03 5.54394156e+03 2.23846662e+01
v 6.30511293e+03 5.54432975e+03 2.25480802e+01
v 6.30447164e+03 5.54417164e+03 2.22412113e+01
v 6.30420663e+03 5.54373975e+03 2.15836130e+01
v 6.30434709e+03 5.54411818e+03 2.15321301e+01
v 6.30471564e+03 5.54336588e+03 2.23538208e+01
v 6.30399437e+03 5.54195814e+03 2.22868045e+01
v 6.30378039e+03 5.54175920e+03 2.20521194e+01
v 6.30344956e+03 5.54291918e+03 2.15652868e+01
v 6.30370034e+03 5.54333059e+03 2.14839552e+01
v 6.30298391e+03 5.54313270e+03 2.12354971e+01
v 6.30411380e+03 5.54466267e+03 2.25382181e+01
v 6.30385486e+03 5.54514940e+03 2.25403819e+01
v 6.30436869e+03 5.54394816e+03 2.09646923e+01
v 6.30440832e+03 5.54502713e+03 2.15320902e+01
v 6.30414443e+03 5.54483922e+03 2.18030540e+01
v 6.30325087e+03 5.54197921e+03 2.12102148e+01
v 6.30345952e+03 5.54143923e+03 2.11900016e+01
v 6.30268713e+03 5.54272021e+03 2.11736135e+01
v 6.30339308e+03 5.54244725e+03 2.15725579e+01
v 6.30274050e+03 5.54165196e+03 2.09154254e+01
v 6.30271733e+03 5.54204153e+03 2.08004644e+01
v 6.29238811e+03 5.54816412e+03 1.48634250e+01
v 6.30327783e+03 5.54544111e+03 1.96198342e+01
v 6.30408917e+03 5.54363653e+03 2.05451469e+01
v 6.30343184e+03 5.54345064e+03 2.03283418e+01
v 6.30387143e+03 5.54354775e+03 2.11899509e+01
v 6.30272639e+03 5.54320864e+03 2.10097704e+01
v 6.30419404e+03 5.54458908e+03 2.27205516e+01
v 6.30424284e+03 5.54499859e+03 2.28533361e+01
v 6.30373521e+03 5.54364509e+03 1.99621987e+01
v 6.30442896e+03 5.54405134e+03 2.00039394e+01
v 6.30580737e+03 5.53807512e+03 1.93883928e+01
v 6.30463851e+03 5.54436202e+03 2.08896968e+01
v 6.30258329e+03 5.54577689e+03 2.01367973e+01
v 6.30388408e+03 5.54409574e+03 1.94442451e+01
v 6.30542857e+03 5.54801508e+03 2.24639347e+01
v 6.30375437e+03 5.54159649e+03 2.30753576e+01
v 6.30526184e+03 5.54437853e+03 2.31868301e+01
v 6.30501885e+03 5.54460579e+03 2.28702771e+01
v 6.30521249e+03 5.54460681e+03 2.32375128e+01
v 6.30570063e+03 5.54278828e+03 2.22887919e+01
v 6.30478580e+03 5.54488741e+03 2.27971636e+01
v 6.30542617e+03 5.54148026e+03 2.29455528e+01
v 6.30539480e+03 5.54361467e+03 2.24115970e+01
v 6.30370527e+03 5.54173546e+03 2.27838448e+01
v 6.30425227e+03 5.54429942e+03 2.21181121e+01
v 6.30413419e+03 5.54528344e+03 2.20077558e+01
v 6.30488629e+03 5.54134321e+03 2.30886699e+01
v 6.30451087e+03 5.54453320e+03 2.26100138e+01
v 6.30425514e+03 5.54158884e+03 2.34569645e+01
v 6.30435030e+03 5.54183889e+03 2.34910137e+01
v 6.30392119e+03 5.54165639e+03 2.35185650e+01
v 6.31174301e+03 5.53589474e+03 2.18314124e+01
v 6.31144476e+03 5.53607811e+03 2.20278360e+01
v 6.31232330e+03 5.53606076e+03 2.15416187e+01
v 6.31206060e+03 5.53562785e+03 2.19909308e+01
v 6.31023211e+03 5.53734664e+03 2.22355351e+01
v 6.30987859e+03 5.53723052e+03 2.21731111e+01
v 6.31242377e+03 5.53755461e+03 2.45844054e+01
v 6.31239530e+03 5.53755751e+03 2.37566233e+01
v 6.31037482e+03 5.53777548e+03 2.51482460e+01
v 6.31084250e+03 5.53775432e+03 2.50203682e+01
v 6.31099198e+03 5.53635114e+03 2.51550088e+01
v 6.31139973e+03 5.53632102e+03 2.51950121e+01
v 6.31121545e+03 5.53635874e+03 2.43081908e+01
v 6.31002599e+03 5.53703433e+03 2.26469228e+01
v 6.30994428e+03 5.53628501e+03 2.33904515e+01
v 6.30960720e+03 5.53704604e+03 2.28556004e+01
v 6.31018989e+03 5.53619621e+03 2.33659473e+01
v 6.30972144e+03 5.54172764e+03 2.67359365e+01
v 6.31016546e+03 5.54228285e+03 2.65655446e+01
v 6.30987610e+03 5.54323436e+03 2.52981600e+01
v 6.30968517e+03 5.54288582e+03 2.51374457e+01
v 6.31096622e+03 5.54297200e+03 2.68327696e+01
v 6.31004090e+03 5.54361094e+03 2.57852427e+01
v 6.30996284e+03 5.54509095e+03 2.90600318e+01
v 6.31020821e+03 5.54466217e+03 2.92111930e+01
v 6.31024605e+03 5.54515259e+03 2.91032505e+01
v 6.30950252e+03 5.54913385e+03 2.64634142e+01
v 6.30986665e+03 5.54941534e+03 2.70591903e+01
v 6.30955328e+03 5.54881898e+03 2.69450379e+01
v 6.30897585e+03 5.54690352e+03 2.57545122e+01
v 6.31144565e+03 5.54959908e+03 2.76508031e+01
v 6.31135992e+03 5.55042594e+03 2.76346227e+01
v 6.31161134e+03 5.54886397e+03 2.75523811e+01
v 6.31161051e+03 5.54915478e+03 2.72289390e+01
v 6.31147547e+03 5.54593023e+03 2.93404206e+01
v 6.31175632e+03 5.54613123e+03 2.89089483e+01
v 6.30912100e+03 5.54728268e+03 2.60852128e+01
v 6.30944889e+03 5.54810043e+03 2.61340232e+01
v 6.30932693e+03 5.54754311e+03 2.66715964e+01
v 6.31094914e+03 5.54542904e+03 1.70103615e+01
v 6.31020539e+03 5.54440389e+03 1.58058036e+01
v 6.30982007e+03 5.54737075e+03 1.88992096e+01
v 6.31049934e+03 5.54578878e+03 1.70381118e+01
v 6.31189959e+03 5.53766172e+03 1.72581427e+01
v 6.31232763e+03 5.53663477e+03 2.04263841e+01
v 6.31181363e+03 5.53631693e+03 2.11353948e+01
v 6.31137310e+03 5.53638133e+03 2.16715433e+01
v 6.31140201e+03 5.53645917e+03 2.11905658e+01
v 6.31172923e+03 5.53682753e+03 2.01621145e+01
v 6.31224096e+03 5.53705467e+03 1.96430960e+01
v 6.31143609e+03 5.54662996e+03 1.83346481e+01
v 6.31232367e+03 5.55023157e+03 2.54904706e+01
v 6.31149124e+03 5.55043112e+03 2.56811494e+01
v 6.31169420e+03 5.54974748e+03 2.38978221e+01
v 6.31221065e+03 5.54985287e+03 2.31083114e+01
v 6.30936755e+03 5.54236430e+03 2.52404897e+01
v 6.30926173e+03 5.54190185e+03 2.52197950e+01
v 6.30967017e+03 5.54938858e+03 2.29580345e+01
v 6.31103284e+03 5.54663331e+03 1.84354397e+01
v 6.31075655e+03 5.54794291e+03 2.10009890e+01
v 6.31130143e+03 5.54239297e+03 2.75578385e+01
v 6.31167973e+03 5.54249117e+03 2.74524127e+01
v 6.30957151e+03 5.54167712e+03 2.60393345e+01
v 6.31008464e+03 5.54297122e+03 2.52449220e+01
v 6.31030326e+03 5.54301139e+03 2.57395910e+01
v 6.31214737e+03 5.54282324e+03 2.80678833e+01
v 6.31140792e+03 5.54264995e+03 2.77361928e+01
v 6.30894992e+03 5.54435453e+03 2.58779055e+01
v 6.30955943e+03 5.54420735e+03 2.60096383e+01
v 6.31086634e+03 5.54974204e+03 2.42321305e+01
v 6.31014035e+03 5.55018770e+03 2.51748825e+01
v 6.30946680e+03 5.54862412e+03 2.61421637e+01
v 6.31212866e+03 5.55027766e+03 2.58998638e+01
v 6.30899212e+03 5.54624925e+03 2.69619935e+01
v 6.30886267e+03 5.54582033e+03 2.67001183e+01
v 6.30902587e+03 5.54549960e+03 2.67184826e+01
v 6.30915138e+03 5.54596902e+03 2.69549448e+01
v 6.30941036e+03 5.54525008e+03 2.68970712e+01
v 6.30929302e+03 5.54515541e+03 2.66556085e+01
v 6.31151480e+03 5.54958437e+03 2.35678281e+01
v 6.31123995e+03 5.54885230e+03 2.26800042e+01
v 6.30995204e+03 5.54970883e+03 2.38981958e+01
v 6.30974161e+03 5.54998073e+03 2.46841193e+01
v 6.31081025e+03 5.55032441e+03 2.52055526e+01
v 6.30940036e+03 5.54754089e+03 2.50032273e+01
v 6.30923905e+03 5.54709737e+03 2.52202397e+01
v 6.30947255e+03 5.54736599e+03 2.48232525e+01
v 6.30924031e+03 5.54759596e+03 2.45285023e+01
v 6.31079680e+03 5.54893095e+03 2.29867146e+01
v 6.31105369e+03 5.53679146e+03 1.98237646e+01
v 6.31152179e+03 5.53647114e+03 2.07537981e+01
v 6.31128240e+03 5.53683913e+03 1.62591772e+01
v 6.31114678e+03 5.53669559e+03 2.14775047e+01
v 6.31012051e+03 5.53736689e+03 2.18791206e+01
v 6.30976111e+03 5.53710863e+03 2.17431775e+01
v 6.31241402e+03 5.53712614e+03 2.37905592e+01
v 6.31069650e+03 5.54272657e+03 2.64788608e+01
v 6.31032025e+03 5.54251866e+03 2.60283307e+01
v 6.31026090e+03 5.53861441e+03 2.53093386e+01
v 6.31052973e+03 5.53892324e+03 2.51571923e+01
v 6.31032064e+03 5.53864469e+03 2.49018889e+01
v 6.31062078e+03 5.53893356e+03 2.48227035e+01
v 6.30933760e+03 5.54371191e+03 2.55935945e+01
v 6.30912650e+03 5.54734613e+03 2.56455442e+01
v 6.30910707e+03 5.54675480e+03 2.68077968e+01
v 6.31247007e+03 5.54578997e+03 2.86098749e+01
v 6.31022318e+03 5.54541867e+03 2.86708615e+01
v 6.30875234e+03 5.53738448e+03 1.86759559e+01
v 6.31090582e+03 5.54198798e+03 1.12413568e+01
v 6.31142668e+03 5.54246180e+03 1.12675367e+01
v 6.31106296e+03 5.54178347e+03 1.16868632e+01
v 6.31177811e+03 5.53765877e+03 1.61030587e+01
v 6.31185018e+03 5.53699056e+03 1.68474025e+01
v 6.31079104e+03 5.54471537e+03 2.96511588e+01
v 6.31044213e+03 5.54441271e+03 2.91570810e+01
v 6.30895761e+03 5.54994837e+03 2.48946103e+01
v 6.30903881e+03 5.55002066e+03 2.44818888e+01
v 6.31029863e+03 5.53844593e+03 2.60458821e+01
v 6.31049856e+03 5.53850650e+03 2.63738762e+01
v 6.31022641e+03 5.54803320e+03 2.12140440e+01
v 6.31161969e+03 5.54905035e+03 2.25763767e+01
v 6.31140086e+03 5.54815442e+03 2.08151852e+01
v 6.31233468e+03 5.54993816e+03 2.63541750e+01
v 6.30860130e+03 5.53911287e+03 1.34289570e+01
v 6.30996383e+03 5.54616414e+03 1.67291746e+01
v 6.30881127e+03 5.54872140e+03 2.07256117e+01
v 6.30874575e+03 5.54648967e+03 2.54241321e+01
v 6.30895880e+03 5.54659838e+03 2.50324437e+01
v 6.30947346e+03 5.54171388e+03 2.55352481e+01
v 6.30908874e+03 5.54130906e+03 2.60607389e+01
v 6.30909541e+03 5.54157520e+03 2.53175636e+01
v 6.30998204e+03 5.54520830e+03 1.58687169e+01
v 6.31078674e+03 5.54138243e+03 1.23476443e+01
v 6.30871741e+03 5.53993173e+03 1.30083410e+01
v 6.30914870e+03 5.54690706e+03 1.35932542e+01
v 6.30869490e+03 5.54742276e+03 1.35657041e+01
v 6.30971700e+03 5.53703241e+03 1.89211889e+01
v 6.31065937e+03 5.53760326e+03 1.85190144e+01
v 6.31172767e+03 5.53814314e+03 1.61201765e+01
v 6.31168819e+03 5.54047950e+03 1.52742802e+01
v 6.30893744e+03 5.53732921e+03 1.48693115e+01
v 6.30970012e+03 5.54113984e+03 1.58265658e+01
v 6.31160985e+03 5.54551258e+03 1.71301962e+01
v 6.31250079e+03 5.54618268e+03 1.65533940e+01
v 6.31193607e+03 5.54218140e+03 1.51435916e+01
v 6.31237833e+03 5.54400110e+03 1.51217213e+01
v 6.31047797e+03 5.54660587e+03 1.81726034e+01
v 6.31111319e+03 5.56145061e+03 1.16327586e+01
v 6.31069995e+03 5.56108713e+03 1.19135017e+01
v 6.31015458e+03 5.56142789e+03 1.21051055e+01
v 6.30931585e+03 5.56192844e+03 1.18581290e+01
v 6.30879990e+03 5.56201933e+03 1.14638583e+01
v 6.30948547e+03 5.56247550e+03 1.16894329e+01
v 6.30975327e+03 5.56079629e+03 1.19123658e+01
v 6.31090650e+03 5.55943507e+03 1.18686827e+01
v 6.31105363e+03 5.56048469e+03 1.18829276e+01
v 6.30979268e+03 5.56173271e+03 1.21288802e+01
v 6.30917141e+03 5.56102467e+03 1.15971176e+01
v 6.31003472e+03 5.56255671e+03 1.16427266e+01
v 6.31021915e+03 5.56083214e+03 1.20042663e+01
v 6.31138989e+03 5.56051762e+03 1.16720684e+01
v 6.30971724e+03 5.55815301e+03 1.15611756e+01
v 6.30985990e+03 5.55853188e+03 1.18363750e+01
v 6.31020759e+03 5.55609927e+03 1.08521342e+01
v 6.31038950e+03 5.55863423e+03 1.16408205e+01
v 6.31029938e+03 5.55822274e+03 1.11001684e+01
v 6.31023254e+03 5.55725230e+03 1.07625563e+01
v 6.30927709e+03 5.55750361e+03 1.10211132e+01
v 6.30898710e+03 5.55779709e+03 1.12074264e+01
v 6.30950321e+03 5.55785757e+03 1.12327063e+01
v 6.31113825e+03 5.55862385e+03 1.06383876e+01
v 6.31150913e+03 5.55972799e+03 1.14666974e+01
v 6.31077640e+03 5.56157783e+03 1.18470550e+01
v 6.31066005e+03 5.56246521e+03 1.14063040e+01
v 6.30998838e+03 5.56194393e+03 1.20898463e+01
v 6.31164109e+03 5.56036121e+03 1.12650390e+01
v 6.31210569e+03 5.56033048e+03 1.02886183e+01
v 6.31202381e+03 5.55998919e+03 1.03508392e+01
v 6.31203530e+03 5.55968512e+03 1.05623903e+01
v 6.31138141e+03 5.55805957e+03 1.03918694e+01
v 6.31056037e+03 5.55801628e+03 1.06951467e+01
v 6.30996302e+03 5.55778824e+03 1.10014992e+01
v 6.31228694e+03 5.55596130e+03 1.04925592e+01
v 6.31219242e+03 5.55408635e+03 1.06053656e+01
v 6.31137789e+03 5.55307345e+03 1.07033146e+01
v 6.31067837e+03 5.55844256e+03 1.06661925e+01
v 6.31242737e+03 5.55927253e+03 1.03565527e+01
v 6.31202428e+03 5.55922203e+03 1.06296914e+01
v 6.31150721e+03 5.55918711e+03 1.12894360e+01
v 6.31180102e+03 5.54893414e+03 1.05979933e+01
v 6.31171644e+03 5.54789289e+03 1.06590204e+01
v 6.31054075e+03 5.54880306e+03 1.05111211e+01
v 6.31193148e+03 5.55181140e+03 1.06519619e+01
v 6.31139652e+03 5.54545537e+03 1.07749202e+01
v 6.31037514e+03 5.54672482e+03 1.08041833e+01
v 6.31025045e+03 5.55157260e+03 1.06995402e+01
v 6.31074191e+03 5.55053193e+03 1.05906059e+01
v 6.31099902e+03 5.54330603e+03 1.10883279e+01
v 6.31036817e+03 5.54337689e+03 1.11225861e+01
v 6.30945148e+03 5.54187944e+03 1.21614190e+01
v 6.31087416e+03 5.54436872e+03 1.10779715e+01
v 6.30911620e+03 5.54834492e+03 1.06427208e+01
v 6.31006047e+03 5.54993748e+03 1.06057083e+01
v 6.30907108e+03 5.54160813e+03 1.26429294e+01
v 6.30977234e+03 5.54267978e+03 1.12947818e+01
v 6.31078359e+03 5.54382627e+03 1.11798092e+01
v 6.30890911e+03 5.54126240e+03 1.26863090e+01
v 6.30989241e+03 5.54434315e+03 1.12994864e+01
v 6.31222563e+03 5.54332493e+03 1.17987119e+01
v 6.31148916e+03 5.54423139e+03 1.13526693e+01
v 6.31226514e+03 5.54391232e+03 1.13632824e+01
v 6.31072347e+03 5.54161988e+03 1.14426290e+01
v 6.31026540e+03 5.54114476e+03 1.24276292e+01
v 6.31156028e+03 5.54289100e+03 1.12073049e+01
v 6.31168558e+03 5.54291717e+03 1.16116731e+01
v 6.30890637e+03 5.54772290e+03 1.43946718e+01
v 6.30912404e+03 5.54772889e+03 1.48939194e+01
v 6.30881942e+03 5.54294705e+03 2.51210743e+01
v 6.31051808e+03 5.53519336e+03 1.66224551e+01
v 6.31157320e+03 5.53645092e+03 1.64505465e+01
v 6.31197133e+03 5.53642409e+03 1.66751633e+01
v 6.31185259e+03 5.53631629e+03 1.65223921e+01
v 6.31124530e+03 5.53508018e+03 1.67972251e+01
v 6.31008854e+03 5.53212612e+03 1.74374849e+01
v 6.31029678e+03 5.53275968e+03 1.73655628e+01
v 6.31105408e+03 5.53390117e+03 1.71880946e+01
v 6.31007364e+03 5.53341539e+03 1.70135970e+01
v 6.30906090e+03 5.53331514e+03 1.68953262e+01
v 6.30902999e+03 5.53301284e+03 1.72160223e+01
v 6.31166391e+03 5.53311711e+03 1.74569621e+01
v 6.30970861e+03 5.53644728e+03 1.98370009e+01
v 6.30924607e+03 5.53674446e+03 1.97828900e+01
v 6.31095178e+03 5.53633552e+03 2.04499562e+01
v 6.30946388e+03 5.53256102e+03 1.87023997e+01
v 6.30922747e+03 5.53266027e+03 1.86301308e+01
v 6.30974641e+03 5.53266817e+03 1.85029907e+01
v 6.30961954e+03 5.53284353e+03 1.86797662e+01
v 6.30960618e+03 5.53240187e+03 1.82723144e+01
v 6.30965805e+03 5.53226189e+03 1.77085248e+01
v 6.30895858e+03 5.53280994e+03 1.76144257e+01
v 6.30914708e+03 5.53279210e+03 1.82732803e+01
v 6.30892479e+03 5.53261439e+03 1.80391793e+01
v 6.30905109e+03 5.53247501e+03 1.84012118e+01
v 6.30891322e+03 5.53241924e+03 1.75119698e+01
v 6.30920563e+03 5.53226070e+03 1.79950435e+01
v 6.31087098e+03 5.53306609e+03 1.74736959e+01
v 6.31186353e+03 5.53432429e+03 1.72074032e+01
v 6.31200153e+03 5.53386280e+03 1.74183606e+01
v 6.31235858e+03 5.53356826e+03 1.74462069e+01
v 6.30939678e+03 5.53192916e+03 1.75144130e+01
v 6.31187144e+03 5.53587110e+03 1.67112268e+01
v 6.31164966e+03 5.53704054e+03 1.64450120e+01
v 6.30932628e+03 5.53296710e+03 1.77157348e+01
v 6.30969975e+03 5.53293249e+03 1.76150188e+01
v 6.30993426e+03 5.53302289e+03 1.71979620e+01
v 6.31164077e+03 5.53538359e+03 1.68879359e+01
v 6.31234806e+03 5.53615019e+03 1.69126934e+01
v 6.31215514e+03 5.53528582e+03 1.84004708e+01
v 6.31185300e+03 5.53497029e+03 1.84088431e+01
v 6.31180092e+03 5.53525744e+03 1.81064020e+01
v 6.31180378e+03 5.53450021e+03 1.70567899e+01
v 6.31194264e+03 5.53452701e+03 1.73042797e+01
v 6.31215580e+03 5.53434416e+03 1.75910041e+01
v 6.31162491e+03 5.53491345e+03 1.70151070e+01
v 6.30947521e+03 5.53317946e+03 1.71742480e+01
v 6.31177945e+03 5.53522677e+03 1.74666471e+01
v 6.31190348e+03 5.53476029e+03 1.79148615e+01
v 6.31204125e+03 5.53466556e+03 1.86230110e+01
v 6.31213451e+03 5.53498622e+03 1.87526975e+01
v 6.31235629e+03 5.53497490e+03 1.88880288e+01
v 6.31168423e+03 5.53509331e+03 1.80464247e+01
v 6.31239867e+03 5.53441414e+03 1.85078246e+01
v 6.31245688e+03 5.53432301e+03 1.79727359e+01
v 6.30930170e+03 5.53234137e+03 1.85134356e+01
v 6.31000201e+03 5.53255849e+03 1.74775953e+01
v 6.31230653e+03 5.53471997e+03 1.88333464e+01
v 6.30980410e+03 5.53260362e+03 1.79278695e+01
v 6.30881597e+03 5.53217763e+03 1.73089489e+01
v 6.31254716e+03 5.53572490e+03 1.72138809e+01
v 6.31229082e+03 5.53546198e+03 1.77596016e+01
v 6.31249165e+03 5.54951921e+03 2.07207734e+01
v 6.30904889e+03 5.53628078e+03 2.09739531e+01
v 6.30937573e+03 5.53632426e+03 2.12358095e+01
v 6.30977450e+03 5.53603537e+03 2.09073667e+01
v 6.30976244e+03 5.53612984e+03 2.05004026e+01
v 6.30936541e+03 5.53620952e+03 2.04614248e+01
v 6.31111642e+03 5.53673879e+03 2.26624065e+01
v 6.31086785e+03 5.53729995e+03 2.22113213e+01
v 6.31024971e+03 5.53703295e+03 2.14845735e+01
v 6.31055466e+03 5.53716210e+03 2.25222451e+01
v 6.31018216e+03 5.53616685e+03 2.09043689e+01
v 6.31107621e+03 5.53644163e+03 2.10287556e+01
v 6.30919474e+03 5.53713378e+03 2.24344914e+01
v 6.30909427e+03 5.53651854e+03 2.16808714e+01
v 6.31239923e+03 5.53539047e+03 2.28696157e+01
v 6.31208897e+03 5.53619232e+03 2.35843688e+01
v 6.31176835e+03 5.53639285e+03 2.38965741e+01
v 6.31243278e+03 5.53557317e+03 2.33920144e+01
v 6.31194388e+03 5.53586009e+03 2.33405116e+01
v 6.31117150e+03 5.53632413e+03 2.36387039e+01
v 6.31150685e+03 5.53618961e+03 2.34621582e+01
v 6.30960093e+03 5.53669948e+03 2.34451926e+01
v 6.31235800e+03 5.53651938e+03 2.37022229e+01
v 6.31137326e+03 5.53602474e+03 2.30043588e+01
v 6.30918950e+03 5.53725393e+03 2.32909765e+01
v 6.31070460e+03 5.53667149e+03 2.30087970e+01
v 6.31054879e+03 5.53739174e+03 2.19699548e+01
v 6.31256046e+03 5.53549204e+03 2.24016910e+01
v 6.31078256e+03 5.53619158e+03 2.38717264e+01
v 6.31027273e+03 5.53606071e+03 2.37251329e+01
v 6.31202255e+03 5.53541874e+03 2.25889977e+01
v 6.31221801e+03 5.53664986e+03 2.39520647e+01
v 6.31170211e+03 5.53559704e+03 2.25012913e+01
v 6.31069996e+03 5.53702826e+03 2.15590832e+01
v 6.30964870e+03 5.53661546e+03 2.13862072e+01
v 6.31071647e+03 5.53659253e+03 2.12566433e+01
v 6.30983226e+03 5.53688533e+03 2.14551865e+01
v 6.31188024e+03 5.53560670e+03 2.30216056e+01
v 6.31178186e+03 5.53872282e+03 2.53210043e+01
v 6.31239770e+03 5.53869723e+03 2.54629757e+01
v 6.31234473e+03 5.53918338e+03 2.60068470e+01
v 6.31163608e+03 5.53943446e+03 2.65434530e+01
v 6.31101301e+03 5.53972709e+03 2.79098124e+01
v 6.31108059e+03 5.53970881e+03 2.75165628e+01
v 6.31227066e+03 5.54062003e+03 2.74506037e+01
v 6.31185261e+03 5.54037148e+03 2.72352601e+01
v 6.31058342e+03 5.53957596e+03 2.73288272e+01
v 6.31016881e+03 5.53940972e+03 2.71790654e+01
v 6.30987499e+03 5.53970545e+03 2.74608688e+01
v 6.31029600e+03 5.53965098e+03 2.75916215e+01
v 6.31159836e+03 5.54072072e+03 2.75729550e+01
v 6.31125483e+03 5.54120137e+03 2.80522845e+01
v 6.31168145e+03 5.54108247e+03 2.78267539e+01
v 6.31216340e+03 5.54087923e+03 2.77741862e+01
v 6.31034882e+03 5.54130774e+03 2.84134282e+01
v 6.31093763e+03 5.54076771e+03 2.81043434e+01
v 6.31157145e+03 5.54010527e+03 2.72346748e+01
v 6.31133346e+03 5.54046514e+03 2.77642649e+01
v 6.31045742e+03 5.53971891e+03 2.79969137e+01
v 6.31065038e+03 5.53997033e+03 2.82271871e+01
v 6.31122867e+03 5.54023986e+03 2.79214382e+01
v 6.31180953e+03 5.54014255e+03 2.69940176e+01
v 6.31129939e+03 5.53995923e+03 2.77022927e+01
v 6.31134190e+03 5.53968756e+03 2.69784052e+01
v 6.31112050e+03 5.53884647e+03 2.50693935e+01
v 6.31126761e+03 5.53826029e+03 2.49953607e+01
v 6.31084895e+03 5.53884037e+03 2.56134389e+01
v 6.31043203e+03 5.53828531e+03 2.48271036e+01
v 6.31240654e+03 5.53987058e+03 2.66684211e+01
v 6.31068724e+03 5.53854437e+03 2.47357016e+01
v 6.31039618e+03 5.53854814e+03 2.46703035e+01
v 6.31076362e+03 5.53635659e+03 2.34324127e+01
v 6.31116769e+03 5.53636118e+03 2.31426429e+01
v 6.31178100e+03 5.53722292e+03 2.54684001e+01
v 6.31165908e+03 5.53774423e+03 2.52558374e+01
v 6.31040242e+03 5.53727753e+03 2.52742389e+01
v 6.31124714e+03 5.53744947e+03 2.53417498e+01
v 6.31220838e+03 5.53779592e+03 2.52518588e+01
v 6.31210665e+03 5.53829808e+03 2.52491514e+01
v 6.31250660e+03 5.53776222e+03 2.50893155e+01
v 6.31214150e+03 5.53732997e+03 2.50745256e+01
v 6.31206304e+03 5.53688049e+03 2.50835234e+01
v 6.30998115e+03 5.53719177e+03 2.53901981e+01
v 6.31002879e+03 5.53833619e+03 2.55880297e+01
v 6.31030903e+03 5.53854456e+03 2.56465855e+01
v 6.31181778e+03 5.53916212e+03 2.58592627e+01
v 6.31213955e+03 5.53904648e+03 2.58086308e+01
v 6.30989296e+03 5.53844050e+03 2.61571638e+01
v 6.31159651e+03 5.53894270e+03 2.56650428e+01
v 6.30992044e+03 5.54004290e+03 2.82992023e+01
v 6.31008089e+03 5.53807943e+03 2.52907695e+01
v 6.30967717e+03 5.53815605e+03 2.54404164e+01
v 6.31147204e+03 5.53900316e+03 2.63919032e+01
v 6.31172084e+03 5.53918475e+03 2.61783658e+01
v 6.31050420e+03 5.53927718e+03 2.70427330e+01
v 6.31089619e+03 5.53950556e+03 2.70233478e+01
v 6.31248422e+03 5.53788438e+03 2.52461846e+01
v 6.31212393e+03 5.53716962e+03 2.43753967e+01
v 6.31047924e+03 5.53627937e+03 2.50538860e+01
v 6.31096356e+03 5.53900568e+03 2.67825904e+01
v 6.31047497e+03 5.53682893e+03 2.54510105e+01
v 6.31079190e+03 5.53652601e+03 2.53714273e+01
v 6.31011320e+03 5.53664814e+03 2.54333909e+01
v 6.30988472e+03 5.53595783e+03 2.45523328e+01
v 6.31038832e+03 5.53602587e+03 2.41764328e+01
v 6.31142486e+03 5.53691389e+03 2.57422956e+01
v 6.31143546e+03 5.53713844e+03 2.56432781e+01
v 6.30890027e+03 5.53671704e+03 2.22064788e+01
v 6.30974465e+03 5.53865585e+03 2.70596957e+01
v 6.31047491e+03 5.53875946e+03 2.68373779e+01
v 6.30987531e+03 5.53845476e+03 2.67189128e+01
v 6.30955151e+03 5.53866485e+03 2.67077197e+01
v 6.30947019e+03 5.53892142e+03 2.71157765e+01
v 6.30983551e+03 5.53900512e+03 2.72581338e+01
v 6.31026081e+03 5.53997735e+03 2.83314150e+01
v 6.31099698e+03 5.53678567e+03 2.54910794e+01
v 6.31127050e+03 5.53649425e+03 2.54740590e+01
v 6.31121639e+03 5.53879161e+03 2.59302779e+01
v 6.31014349e+03 5.53682668e+03 2.55310163e+01
v 6.31179274e+03 5.53642449e+03 2.45254735e+01
v 6.31174924e+03 5.53638796e+03 2.50913282e+01
v 6.31173532e+03 5.53670733e+03 2.55423490e+01
v 6.31204364e+03 5.53668093e+03 2.45383206e+01
v 6.30984354e+03 5.53695370e+03 2.54013311e+01
v 6.31063754e+03 5.53826091e+03 2.47434568e+01
v 6.30981012e+03 5.53785755e+03 2.54948115e+01
v 6.30956747e+03 5.53739912e+03 2.53315834e+01
v 6.30980675e+03 5.53611446e+03 2.48149913e+01
v 6.30955818e+03 5.53773171e+03 2.54606892e+01
v 6.30898790e+03 5.54108088e+03 2.62710498e+01
v 6.30939639e+03 5.53875995e+03 2.50288829e+01
v 6.30976216e+03 5.53930636e+03 2.72462997e+01
v 6.30938998e+03 5.53930810e+03 2.71024292e+01
v 6.30914634e+03 5.54061397e+03 2.63926891e+01
v 6.30927913e+03 5.53997149e+03 2.60839986e+01
v 6.30911206e+03 5.54001640e+03 2.53606430e+01
v 6.30930580e+03 5.54147888e+03 2.77646944e+01
v 6.30937731e+03 5.54091238e+03 2.71714743e+01
v 6.30941430e+03 5.54133819e+03 2.71996046e+01
v 6.30937523e+03 5.54018602e+03 2.67030686e+01
v 6.30922652e+03 5.54089027e+03 2.66439914e+01
v 6.30954028e+03 5.53975082e+03 2.71696809e+01
v 6.30926325e+03 5.54087016e+03 2.80526844e+01
v 6.30963125e+03 5.54009212e+03 2.75104351e+01
v 6.30943409e+03 5.54051837e+03 2.71910040e+01
v 6.30945297e+03 5.54072856e+03 2.83422114e+01
v 6.30960434e+03 5.54034399e+03 2.81840611e+01
v 6.30981824e+03 5.54062566e+03 2.83540547e+01
v 6.30953937e+03 5.54114225e+03 2.84899115e+01
v 6.31083569e+03 5.54037240e+03 2.80816776e+01
v 6.31031966e+03 5.54041455e+03 2.82085554e+01
v 6.31082293e+03 5.54095843e+03 2.82461922e+01
v 6.30932083e+03 5.53952811e+03 2.68016946e+01
v 6.30900983e+03 5.53977154e+03 2.50271839e+01
v 6.30931286e+03 5.54124188e+03 2.66773313e+01
v 6.30967322e+03 5.54206756e+03 2.76791423e+01
v 6.30927017e+03 5.54459039e+03 2.65396828e+01
v 6.30898088e+03 5.54526680e+03 2.65297950e+01
v 6.30914123e+03 5.54484063e+03 2.66017856e+01
v 6.31041994e+03 5.54264556e+03 2.74807739e+01
v 6.31098414e+03 5.54338996e+03 2.68258161e+01
v 6.31084019e+03 5.54307903e+03 2.74596609e+01
v 6.31057995e+03 5.54354074e+03 2.76618683e+01
v 6.31009391e+03 5.54429152e+03 2.64311570e+01
v 6.31071018e+03 5.54323142e+03 2.79927957e+01
v 6.31086713e+03 5.54329181e+03 2.76607528e+01
v 6.31022034e+03 5.54166077e+03 2.84736276e+01
v 6.31046659e+03 5.54500079e+03 2.94677543e+01
v 6.31057852e+03 5.54542812e+03 2.91593116e+01
v 6.30972231e+03 5.54488444e+03 2.92281913e+01
v 6.30973420e+03 5.54432804e+03 2.92132977e+01
v 6.31023652e+03 5.54399501e+03 2.89192910e+01
v 6.30970916e+03 5.54403023e+03 2.88977020e+01
v 6.30912588e+03 5.54525801e+03 2.84217430e+01
v 6.30945534e+03 5.54523936e+03 2.88842132e+01
v 6.31032957e+03 5.54371502e+03 2.85248700e+01
v 6.30965952e+03 5.54384607e+03 2.84009658e+01
v 6.30986076e+03 5.54207490e+03 2.83868978e+01
v 6.30938465e+03 5.54174919e+03 2.81903522e+01
v 6.30993733e+03 5.54551244e+03 2.84443545e+01
v 6.30906832e+03 5.54480269e+03 2.76663468e+01
v 6.30971034e+03 5.54427513e+03 2.73563755e+01
v 6.30938185e+03 5.54483370e+03 2.71115281e+01
v 6.30911460e+03 5.54491013e+03 2.88467846e+01
v 6.30889013e+03 5.54487460e+03 2.83696037e+01
v 6.30933860e+03 5.54412670e+03 2.83602392e+01
v 6.30961357e+03 5.54455350e+03 2.67137554e+01
v 6.31028757e+03 5.54410282e+03 2.67523686e+01
v 6.30941277e+03 5.54447849e+03 2.90902589e+01
v 6.30924857e+03 5.54431153e+03 2.88294055e+01
v 6.30926337e+03 5.54566492e+03 2.70469981e+01
v 6.30930230e+03 5.54531796e+03 2.73666594e+01
v 6.30929759e+03 5.54125200e+03 2.84343522e+01
v 6.30892516e+03 5.53740047e+03 2.31230145e+01
v 6.30936479e+03 5.53702141e+03 2.38280649e+01
v 6.30959137e+03 5.53642019e+03 2.42443668e+01
v 6.30927661e+03 5.53752949e+03 2.43100242e+01
v 6.30979669e+03 5.53625424e+03 2.38522186e+01
v 6.30936489e+03 5.53758796e+03 2.48420697e+01
v 6.30955758e+03 5.53736760e+03 2.45184500e+01
v 6.31144188e+03 5.53855262e+03 2.50577373e+01
v 6.30879403e+03 5.53736446e+03 2.33875414e+01
v 6.31172233e+03 5.53825445e+03 2.51679630e+01
v 6.30937676e+03 5.53905926e+03 2.50268564e+01
v 6.30944040e+03 5.53923475e+03 2.53206074e+01
v 6.30959337e+03 5.53885371e+03 2.53322270e+01
v 6.30978174e+03 5.53844211e+03 2.56580986e+01
v 6.30964792e+03 5.53886964e+03 2.58062450e+01
v 6.30940856e+03 5.53916780e+03 2.64292813e+01
v 6.30888903e+03 5.53816023e+03 2.47215621e+01
v 6.30965925e+03 5.53694027e+03 2.51133504e+01
v 6.30965714e+03 5.53606859e+03 2.45427449e+01
v 6.30894707e+03 5.53782125e+03 2.45006086e+01
v 6.30955240e+03 5.53852479e+03 2.52609217e+01
v 6.30928279e+03 5.53832463e+03 2.50615296e+01
v 6.30929718e+03 5.53892318e+03 2.69004595e+01
v 6.30929186e+03 5.54817414e+03 2.57769183e+01
v 6.30920221e+03 5.54777597e+03 2.58583022e+01
v 6.30911595e+03 5.54757885e+03 2.53587017e+01
v 6.30916783e+03 5.54605623e+03 2.74241779e+01
v 6.30955124e+03 5.54569234e+03 2.74175892e+01
v 6.30951444e+03 5.54840492e+03 2.57800712e+01
v 6.31048534e+03 5.55062306e+03 2.82667901e+01
v 6.31082747e+03 5.55070120e+03 2.81026036e+01
v 6.31027852e+03 5.55034750e+03 2.65003507e+01
v 6.31053759e+03 5.55083182e+03 2.70733190e+01
v 6.31033853e+03 5.55081674e+03 2.72780070e+01
v 6.30906567e+03 5.54735860e+03 2.84794218e+01
v 6.30936803e+03 5.54773910e+03 2.81496362e+01
v 6.31128218e+03 5.54981694e+03 2.78774070e+01
v 6.31075002e+03 5.55048032e+03 2.82467342e+01
v 6.31093749e+03 5.55009085e+03 2.80481508e+01
v 6.31073828e+03 5.55095438e+03 2.77763049e+01
v 6.31136091e+03 5.55058502e+03 2.70801555e+01
v 6.31116658e+03 5.55071649e+03 2.77873010e+01
v 6.31127385e+03 5.54918653e+03 2.82191070e+01
v 6.31013266e+03 5.55025116e+03 2.79203219e+01
v 6.31005026e+03 5.55049649e+03 2.75319656e+01
v 6.31022938e+03 5.54942630e+03 2.76179160e+01
v 6.31004251e+03 5.55005405e+03 2.74345792e+01
v 6.31023571e+03 5.54983240e+03 2.77650621e+01
v 6.31028651e+03 5.55078238e+03 2.82020248e+01
v 6.31018738e+03 5.55059992e+03 2.81118218e+01
v 6.31024123e+03 5.55033973e+03 2.81859572e+01
v 6.31075206e+03 5.54988990e+03 2.81095081e+01
v 6.31037648e+03 5.55009972e+03 2.80695220e+01
v 6.30997177e+03 5.55011791e+03 2.68990685e+01
v 6.31060704e+03 5.54965201e+03 2.80103402e+01
v 6.31108718e+03 5.54954729e+03 2.81824856e+01
v 6.31109326e+03 5.54923732e+03 2.83319816e+01
v 6.31165417e+03 5.54806622e+03 2.76818868e+01
v 6.31172971e+03 5.54765772e+03 2.79625084e+01
v 6.31133130e+03 5.54738899e+03 2.78701982e+01
v 6.31058135e+03 5.54797512e+03 2.81874868e+01
v 6.31106656e+03 5.54750336e+03 2.78004089e+01
v 6.31102498e+03 5.54706728e+03 2.81498859e+01
v 6.31023454e+03 5.54841055e+03 2.81965218e+01
v 6.31066167e+03 5.54857079e+03 2.81112891e+01
v 6.31125196e+03 5.54788011e+03 2.77713669e+01
v 6.31153831e+03 5.54842040e+03 2.76408916e+01
v 6.31182480e+03 5.54715743e+03 2.82246222e+01
v 6.31168187e+03 5.54964947e+03 2.69023988e+01
v 6.31073114e+03 5.54920253e+03 2.79198692e+01
v 6.30962653e+03 5.54553997e+03 2.81251718e+01
v 6.30910306e+03 5.54671341e+03 2.85748476e+01
v 6.30976752e+03 5.54589547e+03 2.81131547e+01
v 6.31009139e+03 5.54626419e+03 2.84494643e+01
v 6.30966355e+03 5.54651721e+03 2.84167526e+01
v 6.30932662e+03 5.54624724e+03 2.82752840e+01
v 6.31035761e+03 5.54359636e+03 2.81047725e+01
v 6.30954112e+03 5.54694438e+03 2.87607839e+01
v 6.30933642e+03 5.54727854e+03 2.87575250e+01
v 6.30896914e+03 5.54627174e+03 2.82084646e+01
v 6.30908990e+03 5.54722472e+03 2.75373942e+01
v 6.30896930e+03 5.54675240e+03 2.73483353e+01
v 6.30935129e+03 5.54601750e+03 2.78706315e+01
v 6.30934064e+03 5.54771815e+03 2.74376633e+01
v 6.30951809e+03 5.54852668e+03 2.80486094e+01
v 6.30966167e+03 5.54946820e+03 2.65717357e+01
v 6.30984404e+03 5.54996867e+03 2.64557238e+01
v 6.30941615e+03 5.54828180e+03 2.80897990e+01
v 6.30967943e+03 5.54839675e+03 2.82708127e+01
v 6.30962129e+03 5.54567814e+03 2.77111222e+01
v 6.30979478e+03 5.54570616e+03 2.79236051e+01
v 6.31047262e+03 5.55096478e+03 2.77416954e+01
v 6.31024126e+03 5.55083192e+03 2.77881170e+01
v 6.30894386e+03 5.54653804e+03 2.65489420e+01
v 6.30896396e+03 5.54517029e+03 2.79977982e+01
v 6.30986909e+03 5.54767844e+03 2.88798407e+01
v 6.31032032e+03 5.54755800e+03 2.89059332e+01
v 6.30975370e+03 5.54870020e+03 2.78200952e+01
v 6.30924359e+03 5.54914440e+03 2.62847606e+01
v 6.30917316e+03 5.54888323e+03 2.60197580e+01
v 6.30934947e+03 5.54946696e+03 2.63094377e+01
v 6.30925023e+03 5.54856792e+03 2.57764744e+01
v 6.31009909e+03 5.54803858e+03 2.84161524e+01
v 6.30895334e+03 5.54867428e+03 2.57956230e+01
v 6.30909274e+03 5.54984459e+03 2.59770959e+01
v 6.30997987e+03 5.54905015e+03 2.74682897e+01
v 6.30956692e+03 5.54855805e+03 2.74270557e+01
v 6.31079407e+03 5.55055542e+03 2.64987180e+01
v 6.31037310e+03 5.55038047e+03 2.56855746e+01
v 6.30984930e+03 5.55014133e+03 2.57451857e+01
v 6.30957386e+03 5.54979506e+03 2.61667729e+01
v 6.30941136e+03 5.54994415e+03 2.57170613e+01
v 6.31167972e+03 5.54532495e+03 2.99178925e+01
v 6.31144803e+03 5.54562993e+03 2.97267137e+01
v 6.31200142e+03 5.54578346e+03 2.93849037e+01
v 6.31061114e+03 5.54530000e+03 2.96108372e+01
v 6.31088151e+03 5.54578237e+03 2.90006768e+01
v 6.31119465e+03 5.54590372e+03 2.92547434e+01
v 6.31108444e+03 5.54538258e+03 2.98641240e+01
v 6.31093738e+03 5.54918468e+03 2.81601048e+01
v 6.31076614e+03 5.54510389e+03 2.98176446e+01
v 6.31015216e+03 5.54724780e+03 2.91590194e+01
v 6.30992613e+03 5.54699672e+03 2.91089380e+01
v 6.30972918e+03 5.54729517e+03 2.90045948e+01
v 6.31044963e+03 5.54687948e+03 2.91510011e+01
v 6.31068863e+03 5.54712771e+03 2.89221135e+01
v 6.31082067e+03 5.54665197e+03 2.89870832e+01
v 6.31106096e+03 5.54622767e+03 2.88836408e+01
v 6.31158033e+03 5.54632099e+03 2.87125820e+01
v 6.31222074e+03 5.54561851e+03 2.94171603e+01
v 6.31218426e+03 5.54546892e+03 2.95361654e+01
v 6.31047841e+03 5.54649925e+03 2.89533869e+01
v 6.31068443e+03 5.54607877e+03 2.87287704e+01
v 6.31028535e+03 5.54587534e+03 2.84406154e+01
v 6.30955767e+03 5.54783944e+03 2.84366509e+01
v 6.30982225e+03 5.54805364e+03 2.84415420e+01
v 6.31052232e+03 5.54269274e+03 2.79267680e+01
v 6.30979842e+03 5.54216997e+03 2.54258155e+01
v 6.31226229e+03 5.54588044e+03 2.89446228e+01
v 6.31175145e+03 5.54669910e+03 2.85237709e+01
v 6.31128920e+03 5.54698366e+03 2.81968560e+01
v 6.31120275e+03 5.54664896e+03 2.86640434e+01
v 6.31095150e+03 5.54704866e+03 2.84726749e+01
v 6.31071001e+03 5.54568112e+03 2.88097149e+01
v 6.31069565e+03 5.54408979e+03 2.91522673e+01
v 6.31224779e+03 5.54629409e+03 2.86813023e+01
v 6.31028778e+03 5.54233493e+03 2.82005589e+01
v 6.31065396e+03 5.54234479e+03 2.81593412e+01
v 6.31081212e+03 5.54274017e+03 2.82733203e+01
v 6.31058504e+03 5.54284240e+03 2.82790648e+01
v 6.31054563e+03 5.54371674e+03 2.88345480e+01
v 6.31093269e+03 5.54318381e+03 2.90550447e+01
v 6.31104487e+03 5.54254110e+03 2.79896130e+01
v 6.31097664e+03 5.54211822e+03 2.79728791e+01
v 6.31048487e+03 5.54354463e+03 2.84826719e+01
v 6.31156306e+03 5.54157823e+03 2.77388349e+01
v 6.31093344e+03 5.54180583e+03 2.81759295e+01
v 6.31206868e+03 5.54121522e+03 2.79207057e+01
v 6.31237233e+03 5.54140258e+03 2.79257984e+01
v 6.31187666e+03 5.54196705e+03 2.74265146e+01
v 6.31040624e+03 5.54193544e+03 2.84136923e+01
v 6.31071297e+03 5.54149337e+03 2.83549591e+01
v 6.31121011e+03 5.54274889e+03 2.83420350e+01
v 6.31088805e+03 5.54299925e+03 2.87116865e+01
v 6.31070952e+03 5.54317346e+03 2.90174224e+01
v 6.31065511e+03 5.54324360e+03 2.87767110e+01
v 6.31129747e+03 5.54458056e+03 2.97065016e+01
v 6.31129265e+03 5.54501260e+03 2.99743136e+01
v 6.31131537e+03 5.54289347e+03 2.87635444e+01
v 6.31140295e+03 5.54316154e+03 2.91167067e+01
v 6.31215886e+03 5.54245187e+03 2.76055020e+01
v 6.31185046e+03 5.54861974e+03 2.72782529e+01
v 6.31184378e+03 5.54903046e+03 2.70175304e+01
v 6.31251743e+03 5.54805638e+03 2.83000543e+01
v 6.31208975e+03 5.54813793e+03 2.77497031e+01
v 6.31255313e+03 5.54819914e+03 2.77824981e+01
v 6.31077335e+03 5.54886694e+03 2.80635678e+01
v 6.31038706e+03 5.54882183e+03 2.79604091e+01
v 6.31232877e+03 5.54710099e+03 2.82879822e+01
v 6.31218209e+03 5.54751325e+03 2.82088874e+01
v 6.31218391e+03 5.54791558e+03 2.81999072e+01
v 6.31100298e+03 5.54828226e+03 2.80007032e+01
v 6.31252944e+03 5.54723023e+03 2.83225866e+01
v 6.31252023e+03 5.54858271e+03 2.70637426e+01
v 6.31193411e+03 5.54834247e+03 2.73631042e+01
v 6.31231353e+03 5.54895249e+03 2.70202179e+01
v 6.31232221e+03 5.54790815e+03 2.83462301e+01
v 6.31254932e+03 5.54665005e+03 2.85347031e+01
v 6.31140945e+03 5.54887363e+03 2.78945642e+01
v 6.31215935e+03 5.54819248e+03 2.74835467e+01
v 6.31050988e+03 5.54768888e+03 2.84589084e+01
v 6.31108001e+03 5.54881700e+03 2.80735862e+01
v 6.31091717e+03 5.54485155e+03 2.99121700e+01
v 6.31148450e+03 5.54386169e+03 2.94161254e+01
v 6.31247076e+03 5.54526037e+03 2.92988914e+01
v 6.31211421e+03 5.54464517e+03 2.95329388e+01
v 6.31130845e+03 5.54198457e+03 2.76251431e+01
v 6.31188731e+03 5.54341443e+03 2.92025893e+01
v 6.31195990e+03 5.54316230e+03 2.88823350e+01
v 6.31059719e+03 5.54322209e+03 2.83612927e+01
v 6.31221211e+03 5.54383587e+03 2.95165225e+01
v 6.31180871e+03 5.54411332e+03 2.95163664e+01
v 6.31166457e+03 5.54281462e+03 2.81947798e+01
v 6.31231540e+03 5.54321984e+03 2.89535986e+01
v 6.31237287e+03 5.54204814e+03 2.76262500e+01
v 6.31079821e+03 5.54363355e+03 2.64277594e+01
v 6.31106882e+03 5.54346254e+03 2.64898626e+01
v 6.31091161e+03 5.54315260e+03 2.63709467e+01
v 6.31013464e+03 5.54263171e+03 2.53576767e+01
v 6.31112994e+03 5.54401977e+03 2.94032899e+01
v 6.31249221e+03 5.54993822e+03 2.67568384e+01
v 6.31226370e+03 5.55010210e+03 2.61865718e+01
v 6.31170465e+03 5.55016656e+03 2.68918403e+01
v 6.31176452e+03 5.55035520e+03 2.67278567e+01
v 6.31209361e+03 5.55001317e+03 2.65697132e+01
v 6.31034767e+03 5.54918029e+03 2.76895350e+01
v 6.31249703e+03 5.54831257e+03 2.72647261e+01
v 6.31244950e+03 5.54954256e+03 2.69219875e+01
v 6.31196111e+03 5.54949005e+03 2.67587274e+01
v 6.31162224e+03 5.55048150e+03 2.65358503e+01
v 6.30954329e+03 5.55004351e+03 2.52442920e+01
v 6.31091425e+03 5.55051922e+03 2.59301250e+01
v 6.30984499e+03 5.54250601e+03 2.51734009e+01
v 6.30914471e+03 5.54703874e+03 2.44226728e+01
v 6.30888610e+03 5.54681999e+03 2.45611404e+01
v 6.30931816e+03 5.54704890e+03 2.45721442e+01
v 6.30928767e+03 5.54725409e+03 2.43742541e+01
v 6.31245759e+03 5.55005617e+03 2.36609330e+01
v 6.31184023e+03 5.54980900e+03 2.46076877e+01
v 6.31224917e+03 5.54986071e+03 2.43140169e+01
v 6.30877534e+03 5.54706635e+03 2.86097722e+01
v 6.28132382e+03 5.53939821e+03 1.06709686e+01
v 6.28119752e+03 5.54652610e+03 1.07136956e+01
v 6.28223483e+03 5.54601451e+03 1.07672526e+01
v 6.28191992e+03 5.53958246e+03 1.06330204e+01
v 6.28154717e+03 5.54020783e+03 1.06428724e+01
v 6.28176245e+03 5.53886709e+03 1.06526226e+01
v 6.28191485e+03 5.54056791e+03 1.08046651e+01
v 6.28167148e+03 5.54112519e+03 1.07719095e+01
v 6.28169020e+03 5.54485557e+03 1.06522271e+01
v 6.28215136e+03 5.54435870e+03 1.07347930e+01
v 6.28139888e+03 5.54910529e+03 1.07767089e+01
v 6.28243330e+03 5.54192562e+03 1.06058661e+01
v 6.28125915e+03 5.54380974e+03 1.09784464e+01
v 6.28166367e+03 5.53736280e+03 1.04670166e+01
v 6.28319861e+03 5.53143007e+03 1.02251159e+01
v 6.28686834e+03 5.53395716e+03 1.10688401e+01
v 6.28627309e+03 5.53376841e+03 1.09313560e+01
v 6.28459005e+03 5.53361944e+03 1.09480167e+01
v 6.28498807e+03 5.53333098e+03 1.09244320e+01
v 6.28463348e+03 5.53330294e+03 1.07813487e+01
v 6.28504655e+03 5.53373139e+03 1.09378141e+01
v 6.28592888e+03 5.53276586e+03 1.05425883e+01
v 6.28450975e+03 5.53525231e+03 1.07130341e+01
v 6.28530554e+03 5.53664601e+03 1.05317952e+01
v 6.28527795e+03 5.53441725e+03 1.05400452e+01
v 6.28685025e+03 5.53585087e+03 1.05567397e+01
v 6.28662206e+03 5.54013981e+03 1.08897225e+01
v 6.28643073e+03 5.53942868e+03 1.06787292e+01
v 6.28385872e+03 5.54001838e+03 1.06137065e+01
v 6.28522383e+03 5.54213558e+03 1.07158210e+01
v 6.28693321e+03 5.53125419e+03 1.04709753e+01
v 6.28535917e+03 5.53240801e+03 1.05433750e+01
v 6.28653334e+03 5.53331330e+03 1.07360125e+01
v 6.28615729e+03 5.53321055e+03 1.06012467e+01
v 6.28495449e+03 5.53178866e+03 1.04124460e+01
v 6.28397364e+03 5.53300930e+03 1.04267348e+01
v 6.28443027e+03 5.53377460e+03 1.08622638e+01
v 6.28334386e+03 5.53417753e+03 1.04102365e+01
v 6.28308331e+03 5.53340006e+03 1.03383231e+01
v 6.28207028e+03 5.53279228e+03 1.02786592e+01
v 6.28300868e+03 5.53472671e+03 1.03564234e+01
v 6.28350240e+03 5.53517577e+03 1.06439486e+01
v 6.28333487e+03 5.53712305e+03 1.07603034e+01
v 6.28380958e+03 5.53677896e+03 1.07482000e+01
v 6.28304078e+03 5.53716069e+03 1.05838341e+01
v 6.28325308e+03 5.53764176e+03 1.06574031e+01
v 6.28340426e+03 5.53640540e+03 1.05317980e+01
v 6.28236160e+03 5.53740297e+03 1.07068049e+01
v 6.28311588e+03 5.53583989e+03 1.05376360e+01
v 6.28244487e+03 5.53581614e+03 1.03852409e+01
v 6.28379711e+03 5.53562943e+03 1.05622613e+01
v 6.28271681e+03 5.53791107e+03 1.05942393e+01
v 6.28558516e+03 5.54046354e+03 1.06488995e+01
v 6.28296100e+03 5.54087894e+03 1.06365167e+01
v 6.28329708e+03 5.54531662e+03 1.07849465e+01
v 6.28345214e+03 5.54258636e+03 1.06299311e+01
v 6.28286287e+03 5.54398293e+03 1.06874086e+01
v 6.28268102e+03 5.54327954e+03 1.07521029e+01
v 6.28247277e+03 5.53958640e+03 1.07867242e+01
v 6.28461698e+03 5.54365424e+03 1.08317658e+01
v 6.28186611e+03 5.54295696e+03 1.06548367e+01
v 6.28361685e+03 5.53895041e+03 1.05809654e+01
v 6.28534359e+03 5.53839336e+03 1.05853492e+01
v 6.28409879e+03 5.53224804e+03 1.03063647e+01
v 6.28544871e+03 5.53377778e+03 1.07301046e+01
v 6.28613037e+03 5.53409133e+03 1.08909740e+01
v 6.28619370e+03 5.53513237e+03 1.04964257e+01
v 6.28491035e+03 5.53256824e+03 1.04943748e+01
v 6.28370085e+03 5.53436305e+03 1.05718047e+01
v 6.28392336e+03 5.53497547e+03 1.06341200e+01
v 6.28406087e+03 5.53564815e+03 1.06840856e+01
v 6.28147498e+03 5.54804752e+03 1.08750943e+01
v 6.28215121e+03 5.54821621e+03 1.08955439e+01
v 6.28462774e+03 5.53432586e+03 1.07327927e+01
v 6.28575644e+03 5.53321313e+03 1.06389511e+01
v 6.28525004e+03 5.53953890e+03 1.06885309e+01
v 6.28679015e+03 5.53955875e+03 1.07994770e+01
v 6.28167953e+03 5.54384038e+03 1.09562286e+01
v 6.28252448e+03 5.55018074e+03 1.13848646e+01
v 6.28254477e+03 5.54973162e+03 1.15394474e+01
v 6.28194276e+03 5.54981043e+03 1.09865124e+01
v 6.28234957e+03 5.55069854e+03 1.14593894e+01
v 6.28232234e+03 5.54966492e+03 1.11765832e+01
v 6.28199479e+03 5.54864289e+03 1.08484744e+01
v 6.28306380e+03 5.54762763e+03 1.12810396e+01
v 6.28306087e+03 5.54679245e+03 1.09215979e+01
v 6.28136240e+03 5.55134435e+03 1.12730713e+01
v 6.28191045e+03 5.54687777e+03 1.09161043e+01
v 6.28237323e+03 5.54708590e+03 1.08668662e+01
v 6.28337805e+03 5.54703577e+03 1.13987231e+01
v 6.28327010e+03 5.54767991e+03 1.16195792e+01
v 6.28343613e+03 5.54642453e+03 1.11099569e+01
v 6.28372267e+03 5.54651018e+03 1.16790228e+01
v 6.28402449e+03 5.54587735e+03 1.14918399e+01
v 6.28551274e+03 5.54329761e+03 1.16425375e+01
v 6.28566233e+03 5.54368609e+03 1.20463389e+01
v 6.28504320e+03 5.54455096e+03 1.17858068e+01
v 6.28443078e+03 5.54504420e+03 1.18350455e+01
v 6.28481572e+03 5.54458766e+03 1.12379375e+01
v 6.28684083e+03 5.54041746e+03 1.16629727e+01
v 6.28693331e+03 5.54003839e+03 1.17562314e+01
v 6.28566564e+03 5.54283218e+03 1.21804888e+01
v 6.28567608e+03 5.54253083e+03 1.16558544e+01
v 6.28426155e+03 5.54546126e+03 1.16418672e+01
v 6.28608117e+03 5.54141530e+03 1.09466211e+01
v 6.28643258e+03 5.54132020e+03 1.13462860e+01
v 6.28395352e+03 5.54467766e+03 1.07647807e+01
v 6.28398181e+03 5.54541319e+03 1.10405463e+01
v 6.28447271e+03 5.54460347e+03 1.09329625e+01
v 6.28299252e+03 5.54639464e+03 1.07740272e+01
v 6.28366672e+03 5.54576926e+03 1.09946083e+01
v 6.28209546e+03 5.54371835e+03 1.08013387e+01
v 6.28528182e+03 5.54302123e+03 1.09463733e+01
v 6.28565032e+03 5.54230708e+03 1.10761044e+01
v 6.28527389e+03 5.54466770e+03 1.21176774e+01
v 6.28576368e+03 5.54118653e+03 1.07070742e+01
v 6.28617016e+03 5.54061102e+03 1.07640152e+01
v 6.28579306e+03 5.54232817e+03 1.19368015e+01
v 6.28634199e+03 5.54182146e+03 1.18583787e+01
v 6.28570594e+03 5.54178666e+03 1.07979820e+01
v 6.28685870e+03 5.53993622e+03 1.12020077e+01
v 6.28682399e+03 5.53707670e+03 1.05752054e+01
v 6.28272606e+03 5.55261012e+03 1.35828842e+01
v 6.28233751e+03 5.55292814e+03 1.32307805e+01
v 6.28310179e+03 5.55185048e+03 1.35744438e+01
v 6.28307163e+03 5.55145065e+03 1.29118062e+01
v 6.28391058e+03 5.55128655e+03 1.35925476e+01
v 6.28443838e+03 5.55098755e+03 1.34322210e+01
v 6.28403284e+03 5.55058710e+03 1.35528771e+01
v 6.28365731e+03 5.55082382e+03 1.35873138e+01
v 6.28244063e+03 5.55356024e+03 1.36154106e+01
v 6.28220509e+03 5.55350507e+03 1.33481795e+01
v 6.28495857e+03 5.55484724e+03 1.52903764e+01
v 6.28552293e+03 5.55466557e+03 1.57329412e+01
v 6.28357752e+03 5.55164904e+03 1.36803931e+01
v 6.28388055e+03 5.55203262e+03 1.35881531e+01
v 6.28549890e+03 5.55403450e+03 1.34203336e+01
v 6.28546454e+03 5.55412387e+03 1.38545744e+01
v 6.28581505e+03 5.55384016e+03 1.36437173e+01
v 6.28224713e+03 5.55417399e+03 1.36902082e+01
v 6.28280905e+03 5.55430109e+03 1.36369385e+01
v 6.28334796e+03 5.55457671e+03 1.29203850e+01
v 6.28322615e+03 5.55417467e+03 1.30908797e+01
v 6.28305474e+03 5.55449792e+03 1.31852759e+01
v 6.28309395e+03 5.55482367e+03 1.28840950e+01
v 6.28280095e+03 5.55371296e+03 1.36438756e+01
v 6.28202342e+03 5.55403955e+03 1.35384830e+01
v 6.28471134e+03 5.55427369e+03 1.29315737e+01
v 6.28458408e+03 5.55484996e+03 1.27689667e+01
v 6.28223788e+03 5.55545081e+03 1.36359002e+01
v 6.28233311e+03 5.55604826e+03 1.32701818e+01
v 6.28243806e+03 5.55528846e+03 1.35426300e+01
v 6.28290090e+03 5.55281729e+03 1.37115555e+01
v 6.28351277e+03 5.55242901e+03 1.36252085e+01
v 6.28694391e+03 5.55386774e+03 1.42306356e+01
v 6.28338255e+03 5.55308682e+03 1.34625584e+01
v 6.28397968e+03 5.55236537e+03 1.31138507e+01
v 6.28244161e+03 5.55188599e+03 1.29198387e+01
v 6.28284273e+03 5.55195762e+03 1.32608262e+01
v 6.28620299e+03 5.55377626e+03 1.39349868e+01
v 6.28629684e+03 5.55350271e+03 1.33102784e+01
v 6.28400384e+03 5.55416358e+03 1.28985332e+01
v 6.28568200e+03 5.55349731e+03 1.31844891e+01
v 6.28501340e+03 5.55335484e+03 1.29269698e+01
v 6.28536403e+03 5.55389908e+03 1.32203867e+01
v 6.28568175e+03 5.54995523e+03 1.26287040e+01
v 6.28548712e+03 5.54976241e+03 1.28071674e+01
v 6.28537311e+03 5.55061005e+03 1.28516471e+01
v 6.28461452e+03 5.55279773e+03 1.27560311e+01
v 6.28506187e+03 5.55099343e+03 1.27461745e+01
v 6.28477116e+03 5.55171944e+03 1.28032066e+01
v 6.28215385e+03 5.55273902e+03 1.30706733e+01
v 6.28190928e+03 5.55217048e+03 1.29031529e+01
v 6.28202765e+03 5.55338251e+03 1.30459802e+01
v 6.28258911e+03 5.55605295e+03 1.28171071e+01
v 6.28262488e+03 5.55572510e+03 1.28444359e+01
v 6.28312842e+03 5.55374249e+03 1.34485951e+01
v 6.28354115e+03 5.55357554e+03 1.29062956e+01
v 6.28173230e+03 5.55294534e+03 1.29349074e+01
v 6.28163816e+03 5.55392010e+03 1.28376387e+01
v 6.28358061e+03 5.55073024e+03 1.35074516e+01
v 6.28335465e+03 5.55079213e+03 1.30326629e+01
v 6.28345496e+03 5.55136157e+03 1.35607799e+01
v 6.28393789e+03 5.55530625e+03 1.27070709e+01
v 6.28344259e+03 5.55594551e+03 1.27317117e+01
v 6.28420675e+03 5.55599509e+03 1.27639450e+01
v 6.28509750e+03 5.55464787e+03 1.29880193e+01
v 6.28511771e+03 5.55438381e+03 1.31331254e+01
v 6.28163130e+03 5.55436648e+03 1.29928550e+01
v 6.28246589e+03 5.55125780e+03 1.24781494e+01
v 6.28150808e+03 5.55194078e+03 1.23867916e+01
v 6.28562247e+03 5.55222526e+03 1.26966582e+01
v 6.28676559e+03 5.55372929e+03 1.46780159e+01
v 6.28665653e+03 5.55372628e+03 1.38185739e+01
v 6.28394361e+03 5.55298480e+03 1.28103622e+01
v 6.28576444e+03 5.55279152e+03 1.27827718e+01
v 6.28434764e+03 5.55231794e+03 1.28186813e+01
v 6.28170990e+03 5.55143777e+03 1.17478261e+01
v 6.28139029e+03 5.55203378e+03 1.16332725e+01
v 6.28123343e+03 5.55269386e+03 1.23856669e+01
v 6.28501804e+03 5.54368749e+03 1.10789740e+01
v 6.28609050e+03 5.54170790e+03 1.11424689e+01
v 6.28673141e+03 5.54161081e+03 1.21139551e+01
v 6.28434197e+03 5.54508876e+03 1.12888945e+01
v 6.28261689e+03 5.55053862e+03 1.16976706e+01
v 6.28264381e+03 5.55000989e+03 1.21926017e+01
v 6.28502572e+03 5.55560322e+03 1.46611197e+01
v 6.28481407e+03 5.55499808e+03 1.41138557e+01
v 6.28492677e+03 5.55521905e+03 1.40874644e+01
v 6.28662576e+03 5.55332587e+03 1.30033929e+01
v 6.28670455e+03 5.55362421e+03 1.33538230e+01
v 6.28497487e+03 5.55563109e+03 1.39577914e+01
v 6.28555781e+03 5.55495415e+03 1.61313357e+01
v 6.28626869e+03 5.54839319e+03 1.26519407e+01
v 6.28663118e+03 5.54790139e+03 1.26875504e+01
v 6.28545353e+03 5.54918460e+03 1.33296320e+01
v 6.28494763e+03 5.55054470e+03 1.32061332e+01
v 6.28560628e+03 5.54946942e+03 1.27024743e+01
v 6.28576562e+03 5.54916435e+03 1.27871304e+01
v 6.28581953e+03 5.54847749e+03 1.33960873e+01
v 6.28606577e+03 5.54841697e+03 1.29291350e+01
v 6.28618410e+03 5.54873813e+03 1.26458733e+01
v 6.28596503e+03 5.54976515e+03 1.26531595e+01
v 6.28639296e+03 5.55093187e+03 1.27721755e+01
v 6.28411926e+03 5.55173399e+03 1.33872220e+01
v 6.28430054e+03 5.55191008e+03 1.29950336e+01
v 6.28458749e+03 5.55124255e+03 1.31499011e+01
v 6.28470069e+03 5.54974512e+03 1.36812779e+01
v 6.28487035e+03 5.55013984e+03 1.35085570e+01
v 6.28502389e+03 5.54967364e+03 1.36018187e+01
v 6.28326383e+03 5.54960991e+03 1.25431841e+01
v 6.28355012e+03 5.55005141e+03 1.29319118e+01
v 6.28343000e+03 5.54914708e+03 1.25429781e+01
v 6.28443009e+03 5.54987706e+03 1.36131502e+01
v 6.28391765e+03 5.55015803e+03 1.34244469e+01
v 6.28429287e+03 5.54937468e+03 1.33817451e+01
v 6.28487334e+03 5.54877445e+03 1.36485258e+01
v 6.28498770e+03 5.54826345e+03 1.35659239e+01
v 6.28549656e+03 5.54815354e+03 1.36100473e+01
v 6.28595999e+03 5.54793957e+03 1.35865887e+01
v 6.28589028e+03 5.54874497e+03 1.28086375e+01
v 6.28636085e+03 5.54761734e+03 1.34347780e+01
v 6.28641494e+03 5.54789014e+03 1.27744935e+01
v 6.28555142e+03 5.54754148e+03 1.35796992e+01
v 6.28464525e+03 5.54882756e+03 1.35841599e+01
v 6.28510788e+03 5.54752214e+03 1.33304423e+01
v 6.28506508e+03 5.54918465e+03 1.36201214e+01
v 6.28621878e+03 5.54388114e+03 1.25135905e+01
v 6.28669143e+03 5.54295787e+03 1.27600211e+01
v 6.28600372e+03 5.54297017e+03 1.24794835e+01
v 6.28702702e+03 5.54135807e+03 1.22635229e+01
v 6.28681691e+03 5.54105702e+03 1.19416227e+01
v 6.28635011e+03 5.54213454e+03 1.23974288e+01
v 6.28595294e+03 5.54521375e+03 1.27970679e+01
v 6.28571362e+03 5.54601656e+03 1.30543653e+01
v 6.28699769e+03 5.54172312e+03 1.23820681e+01
v 6.28670074e+03 5.54203798e+03 1.24109256e+01
v 6.28663565e+03 5.54375093e+03 1.29387437e+01
v 6.28654005e+03 5.54429287e+03 1.33094230e+01
v 6.28667884e+03 5.54453648e+03 1.35660506e+01
v 6.28647017e+03 5.54477461e+03 1.34354309e+01
v 6.28559605e+03 5.54667815e+03 1.34666067e+01
v 6.28626370e+03 5.54643577e+03 1.35925688e+01
v 6.28445084e+03 5.55048665e+03 1.35509989e+01
v 6.28334285e+03 5.54840366e+03 1.25604296e+01
v 6.28381356e+03 5.54889540e+03 1.27831574e+01
v 6.28562920e+03 5.54700145e+03 1.35403667e+01
v 6.28456482e+03 5.54579122e+03 1.24735744e+01
v 6.28520995e+03 5.54616491e+03 1.27898103e+01
v 6.28470366e+03 5.54521606e+03 1.24497831e+01
v 6.28598948e+03 5.54739589e+03 1.36154170e+01
v 6.28623636e+03 5.54454661e+03 1.28012617e+01
v 6.28616073e+03 5.54522746e+03 1.31555414e+01
v 6.28598190e+03 5.54596553e+03 1.33107113e+01
v 6.28499933e+03 5.54686752e+03 1.28571638e+01
v 6.28558654e+03 5.54639029e+03 1.30463924e+01
v 6.28420336e+03 5.54893765e+03 1.30023568e+01
v 6.28669798e+03 5.54599700e+03 1.36726770e+01
v 6.28689978e+03 5.54545675e+03 1.36271138e+01
v 6.28548846e+03 5.54884782e+03 1.35330023e+01
v 6.28526200e+03 5.54869545e+03 1.35989971e+01
v 6.28404070e+03 5.54632066e+03 1.18073494e+01
v 6.28428354e+03 5.54600805e+03 1.18961411e+01
v 6.28637716e+03 5.54562788e+03 1.34916802e+01
v 6.28580830e+03 5.54473986e+03 1.24543780e+01
v 6.28627671e+03 5.54697728e+03 1.35985291e+01
v 6.28645332e+03 5.54730933e+03 1.35491102e+01
v 6.28680030e+03 5.54506658e+03 1.36221127e+01
v 6.28687261e+03 5.54626177e+03 1.41895630e+01
v 6.28688463e+03 5.54729373e+03 1.37509984e+01
v 6.28662114e+03 5.54685251e+03 1.37906465e+01
v 6.28679547e+03 5.54749957e+03 1.34536124e+01
v 6.28669897e+03 5.54630030e+03 1.38098373e+01
v 6.28442587e+03 5.54636654e+03 1.23596724e+01
v 6.28376739e+03 5.54670603e+03 1.21341615e+01
v 6.28389552e+03 5.54712700e+03 1.25789609e+01
v 6.28680606e+03 5.54659375e+03 1.41402831e+01
v 6.28155017e+03 5.55223734e+03 1.26378883e+01
v 6.28288541e+03 5.54913125e+03 1.16981513e+01
v 6.28311718e+03 5.54888567e+03 1.20205881e+01
v 6.28314390e+03 5.54820390e+03 1.21850140e+01
v 6.28293690e+03 5.54832264e+03 1.16405328e+01
v 6.28422542e+03 5.54838534e+03 1.28824016e+01
v 6.28312734e+03 5.54927681e+03 1.20549629e+01
v 6.28354322e+03 5.54730910e+03 1.23243938e+01
v 6.28296295e+03 5.55007299e+03 1.26040152e+01
v 6.28413098e+03 5.54923180e+03 1.29699259e+01
v 6.28672426e+03 5.54826562e+03 1.26068543e+01
v 6.28584602e+03 5.55326533e+03 1.30297713e+01
v 6.28250075e+03 5.55090030e+03 1.19364131e+01
v 6.28264223e+03 5.55075950e+03 1.23573181e+01
v 6.28415467e+03 5.54973067e+03 1.35120859e+01
v 6.28547723e+03 5.54538663e+03 1.27064959e+01
v 6.28464364e+03 5.54778787e+03 1.29503485e+01
v 6.28447497e+03 5.54530693e+03 1.22678860e+01
v 6.28533719e+03 5.56161516e+03 1.33215156e+01
v 6.28588115e+03 5.56180241e+03 1.34144187e+01
v 6.28566671e+03 5.56143011e+03 1.31551299e+01
v 6.28655202e+03 5.56224618e+03 1.29342975e+01
v 6.28664535e+03 5.56032698e+03 1.28548986e+01
v 6.28593830e+03 5.56014578e+03 1.27525791e+01
v 6.28625562e+03 5.56074925e+03 1.29154263e+01
v 6.28633103e+03 5.56241125e+03 1.39079949e+01
v 6.28525933e+03 5.55472893e+03 1.33045154e+01
v 6.28512136e+03 5.55501623e+03 1.36986608e+01
v 6.28524258e+03 5.55445349e+03 1.36267075e+01
v 6.28544484e+03 5.55779478e+03 1.39138934e+01
v 6.28514206e+03 5.55696484e+03 1.35002800e+01
v 6.28492033e+03 5.55766354e+03 1.43670136e+01
v 6.28148906e+03 5.55264483e+03 1.27045055e+01
v 6.28165371e+03 5.55836971e+03 1.27137023e+01
v 6.28163750e+03 5.55878892e+03 1.27597202e+01
v 6.28184034e+03 5.55846998e+03 1.28966651e+01
v 6.28433429e+03 5.55881249e+03 1.47198368e+01
v 6.28399852e+03 5.55840274e+03 1.47611467e+01
v 6.28404035e+03 5.55882290e+03 1.47267532e+01
v 6.28438387e+03 5.56131701e+03 1.29324075e+01
v 6.28468954e+03 5.56171638e+03 1.31073360e+01
v 6.28482784e+03 5.56092286e+03 1.29211006e+01
v 6.28575060e+03 5.56226318e+03 1.40135884e+01
v 6.28607509e+03 5.56195737e+03 1.36055668e+01
v 6.28317745e+03 5.55993457e+03 1.37762067e+01
v 6.28350313e+03 5.55994713e+03 1.37764548e+01
v 6.28333408e+03 5.55933004e+03 1.40172317e+01
v 6.28555101e+03 5.56091994e+03 1.29576198e+01
v 6.28491453e+03 5.55463967e+03 1.44413174e+01
v 6.28699279e+03 5.56212484e+03 1.26961350e+01
v 6.28156017e+03 5.55822870e+03 1.29255976e+01
v 6.28687175e+03 5.56075818e+03 1.28246959e+01
v 6.28690215e+03 5.56055316e+03 1.29064851e+01
v 6.28189011e+03 5.56201526e+03 1.30729721e+01
v 6.28298258e+03 5.55509491e+03 1.29478759e+01
v 6.28627656e+03 5.55889684e+03 1.27054358e+01
v 6.28499176e+03 5.55502711e+03 1.27942271e+01
v 6.28299788e+03 5.55424073e+03 1.34358976e+01
v 6.28306396e+03 5.55758875e+03 1.44222899e+01
v 6.28267302e+03 5.55784405e+03 1.41154791e+01
v 6.28292166e+03 5.55824764e+03 1.44260916e+01
v 6.28259772e+03 5.55708653e+03 1.30289404e+01
v 6.28255985e+03 5.55718876e+03 1.33462782e+01
v 6.28299031e+03 5.55677179e+03 1.35453532e+01
v 6.28209933e+03 5.55729844e+03 1.32930121e+01
v 6.28246427e+03 5.55750214e+03 1.36415316e+01
v 6.28235065e+03 5.55713382e+03 1.30463260e+01
v 6.28477965e+03 5.55661411e+03 1.38516317e+01
v 6.28502307e+03 5.55666455e+03 1.35674300e+01
v 6.28498438e+03 5.55633541e+03 1.39164507e+01
v 6.28335929e+03 5.55626750e+03 1.31275290e+01
v 6.28282100e+03 5.55637852e+03 1.29003652e+01
v 6.28166595e+03 5.55592351e+03 1.36292529e+01
v 6.28205691e+03 5.55614110e+03 1.35206119e+01
v 6.28310526e+03 5.55593105e+03 1.28132319e+01
v 6.28293886e+03 5.55079495e+03 1.26896313e+01
v 6.28524983e+03 5.55510248e+03 1.57139229e+01
v 6.28497283e+03 5.55520689e+03 1.49340361e+01
v 6.28521610e+03 5.55536578e+03 1.51368507e+01
v 6.28311614e+03 5.55824855e+03 1.46083742e+01
v 6.28332913e+03 5.55810414e+03 1.46896402e+01
v 6.28316303e+03 5.54845893e+03 1.24158228e+01
v 6.28603035e+03 5.55407396e+03 1.49683364e+01
v 6.28652928e+03 5.55376855e+03 1.47276098e+01
v 6.28179811e+03 5.55507448e+03 1.36958935e+01
v 6.28389368e+03 5.55957518e+03 1.41612288e+01
v 6.28398424e+03 5.55930555e+03 1.43400845e+01
v 6.28177661e+03 5.55476066e+03 1.35474458e+01
v 6.28228350e+03 5.55479995e+03 1.36374999e+01
v 6.28308026e+03 5.55856289e+03 1.44455903e+01
v 6.28412549e+03 5.55980544e+03 1.40986265e+01
v 6.28377810e+03 5.55994972e+03 1.38651292e+01
v 6.28548470e+03 5.55531761e+03 1.64531240e+01
v 6.28566787e+03 5.55541531e+03 1.72188683e+01
v 6.28597029e+03 5.55505534e+03 1.72914671e+01
v 6.28539196e+03 5.55559375e+03 1.53427523e+01
v 6.28532892e+03 5.55545244e+03 1.58553000e+01
v 6.28650435e+03 5.55562309e+03 1.48331425e+01
v 6.28656775e+03 5.55562809e+03 1.53768857e+01
v 6.28590302e+03 5.55610529e+03 1.59716088e+01
v 6.28608559e+03 5.55577353e+03 1.51397215e+01
v 6.28600133e+03 5.55576473e+03 1.47683347e+01
v 6.28642059e+03 5.55569123e+03 1.45227483e+01
v 6.28653346e+03 5.55617885e+03 1.41828879e+01
v 6.28589531e+03 5.55614571e+03 1.42163585e+01
v 6.28548266e+03 5.55615623e+03 1.60587837e+01
v 6.28530759e+03 5.55573431e+03 1.48917285e+01
v 6.28568718e+03 5.55581738e+03 1.51904848e+01
v 6.28486545e+03 5.55487819e+03 1.48476727e+01
v 6.28489742e+03 5.55497069e+03 1.51894420e+01
v 6.28533386e+03 5.55601977e+03 1.61619179e+01
v 6.28477445e+03 5.55485482e+03 1.46080272e+01
v 6.28555988e+03 5.55593814e+03 1.67005273e+01
v 6.28534532e+03 5.55569932e+03 1.63342548e+01
v 6.28548779e+03 5.55571921e+03 1.68361995e+01
v 6.28665103e+03 5.55417718e+03 1.57555369e+01
v 6.28656129e+03 5.55395804e+03 1.51632404e+01
v 6.28688349e+03 5.55404552e+03 1.51173076e+01
v 6.28693003e+03 5.55464351e+03 1.68401781e+01
v 6.28697191e+03 5.55524222e+03 1.69433553e+01
v 6.28689606e+03 5.55505710e+03 1.72808697e+01
v 6.28680714e+03 5.55431818e+03 1.62726932e+01
v 6.28653732e+03 5.55446233e+03 1.65930710e+01
v 6.28643575e+03 5.55461409e+03 1.72845209e+01
v 6.28660700e+03 5.55452758e+03 1.70585078e+01
v 6.28598984e+03 5.55477731e+03 1.65593713e+01
v 6.28684404e+03 5.55416734e+03 1.59303678e+01
v 6.28627776e+03 5.55610437e+03 1.62692461e+01
v 6.28660992e+03 5.55593462e+03 1.63712399e+01
v 6.28598873e+03 5.55594230e+03 1.68825610e+01
v 6.28592530e+03 5.55560473e+03 1.74386346e+01
v 6.28678598e+03 5.55546569e+03 1.71717964e+01
v 6.28688669e+03 5.55534230e+03 1.53691343e+01
v 6.28666136e+03 5.55537780e+03 1.76334166e+01
v 6.28625745e+03 5.55550310e+03 1.75496708e+01
v 6.28673405e+03 5.55474162e+03 1.72773516e+01
v 6.28661946e+03 5.55524037e+03 1.76910700e+01
v 6.28628353e+03 5.55513551e+03 1.76592134e+01
v 6.28629620e+03 5.55536822e+03 1.77307222e+01
v 6.28599384e+03 5.55538902e+03 1.75802857e+01
v 6.28502763e+03 5.55587689e+03 1.34525525e+01
v 6.28516058e+03 5.55549071e+03 1.34680985e+01
v 6.28503857e+03 5.55576994e+03 1.30331447e+01
v 6.28532235e+03 5.54691106e+03 1.32269016e+01
v 6.28485527e+03 5.56043478e+03 1.28401191e+01
v 6.28532450e+03 5.56030745e+03 1.27670070e+01
v 6.28508795e+03 5.56005753e+03 1.30138730e+01
v 6.28495567e+03 5.56249247e+03 1.40975430e+01
v 6.28480469e+03 5.56201589e+03 1.37578794e+01
v 6.28252518e+03 5.55879536e+03 1.40181070e+01
v 6.28276393e+03 5.55907064e+03 1.41167570e+01
v 6.28170216e+03 5.55779242e+03 1.32448218e+01
v 6.28696482e+03 5.55622160e+03 1.32090304e+01
v 6.28649775e+03 5.56239986e+03 1.35503179e+01
v 6.28659900e+03 5.55646194e+03 1.31786194e+01
v 6.28650857e+03 5.55632401e+03 1.36324158e+01
v 6.28471839e+03 5.55593566e+03 1.39106183e+01
v 6.28552421e+03 5.55589078e+03 1.47300774e+01
v 6.28517578e+03 5.55600521e+03 1.44043026e+01
v 6.28191546e+03 5.55805593e+03 1.32608601e+01
v 6.28208285e+03 5.55683943e+03 1.32598948e+01
v 6.28237549e+03 5.55691057e+03 1.28604380e+01
v 6.28143602e+03 5.55716584e+03 1.35867375e+01
v 6.28132253e+03 5.55507198e+03 1.30623820e+01
v 6.28129479e+03 5.55554824e+03 1.33819209e+01
v 6.28141845e+03 5.55559039e+03 1.35660077e+01
v 6.28139003e+03 5.55622229e+03 1.36952952e+01
v 6.28185669e+03 5.55741098e+03 1.33976285e+01
v 6.28206126e+03 5.55767086e+03 1.34807034e+01
v 6.28238162e+03 5.55651177e+03 1.30486375e+01
v 6.28269403e+03 5.55488472e+03 1.35211739e+01
v 6.28171789e+03 5.55668984e+03 1.35571722e+01
v 6.28230455e+03 5.55817776e+03 1.38603150e+01
v 6.28205561e+03 5.55837711e+03 1.34113673e+01
v 6.28260105e+03 5.55926987e+03 1.38289533e+01
v 6.28296821e+03 5.55948609e+03 1.38929766e+01
v 6.28293592e+03 5.55716957e+03 1.40957462e+01
v 6.28357789e+03 5.56016122e+03 1.33004096e+01
v 6.28292053e+03 5.56013672e+03 1.31171019e+01
v 6.28348528e+03 5.56041954e+03 1.29915937e+01
v 6.28457269e+03 5.56209831e+03 1.37132566e+01
v 6.28464332e+03 5.56194020e+03 1.34231262e+01
v 6.28431107e+03 5.56201830e+03 1.31678330e+01
v 6.28149617e+03 5.55508253e+03 1.34536584e+01
v 6.28207693e+03 5.55914217e+03 1.28802761e+01
v 6.28182248e+03 5.55941970e+03 1.29305289e+01
v 6.28134851e+03 5.55869829e+03 1.28184880e+01
v 6.28122029e+03 5.56028167e+03 1.31087515e+01
v 6.28206576e+03 5.56092377e+03 1.30799580e+01
v 6.28192577e+03 5.56050943e+03 1.30869048e+01
v 6.28261675e+03 5.55685844e+03 1.29131300e+01
v 6.28121216e+03 5.55913601e+03 1.28465910e+01
v 6.28401203e+03 5.55622198e+03 1.29921026e+01
v 6.28477696e+03 5.55943015e+03 1.40774198e+01
v 6.28424540e+03 5.55971657e+03 1.44236954e+01
v 6.28465216e+03 5.55972976e+03 1.38276363e+01
v 6.28471024e+03 5.55577724e+03 1.27579246e+01
v 6.28457892e+03 5.55607954e+03 1.29271334e+01
v 6.28261735e+03 5.55973592e+03 1.29969537e+01
v 6.28264149e+03 5.56030812e+03 1.28858186e+01
v 6.28339479e+03 5.56080229e+03 1.29353026e+01
v 6.28254910e+03 5.56069922e+03 1.29124324e+01
v 6.28394644e+03 5.56015393e+03 1.31709825e+01
v 6.28286724e+03 5.55990603e+03 1.35671386e+01
v 6.28361155e+03 5.56120966e+03 1.30680437e+01
v 6.28398954e+03 5.56061740e+03 1.28995902e+01
v 6.28446951e+03 5.56062170e+03 1.28907385e+01
v 6.28380787e+03 5.55874170e+03 1.46163659e+01
v 6.28364798e+03 5.56184421e+03 1.30867552e+01
v 6.28445511e+03 5.56020822e+03 1.30382077e+01
v 6.28447583e+03 5.56217700e+03 1.35025703e+01
v 6.28528482e+03 5.55987134e+03 1.30549451e+01
v 6.28428987e+03 5.55993122e+03 1.32902794e+01
v 6.28462873e+03 5.55995258e+03 1.33010428e+01
v 6.28541280e+03 5.55881066e+03 1.39517814e+01
v 6.28353972e+03 5.55732311e+03 1.45375219e+01
v 6.28429384e+03 5.55941728e+03 1.44321675e+01
v 6.28373884e+03 5.55703518e+03 1.42845768e+01
v 6.28412372e+03 5.55766105e+03 1.47051153e+01
v 6.28454398e+03 5.55700294e+03 1.42296860e+01
v 6.28446044e+03 5.55657772e+03 1.39902792e+01
v 6.28388118e+03 5.55662332e+03 1.38106067e+01
v 6.28336456e+03 5.55677038e+03 1.38432332e+01
v 6.28334335e+03 5.55711273e+03 1.43487963e+01
v 6.28489919e+03 5.55840481e+03 1.44852378e+01
v 6.28289925e+03 5.55668170e+03 1.31931737e+01
v 6.28459969e+03 5.55623058e+03 1.39670981e+01
v 6.28432723e+03 5.55626673e+03 1.33467850e+01
v 6.28446576e+03 5.55617353e+03 1.37658733e+01
v 6.28243793e+03 5.55921860e+03 1.31221215e+01
v 6.28249925e+03 5.56125717e+03 1.30887697e+01
v 6.28272000e+03 5.55949760e+03 1.36750355e+01
v 6.28512569e+03 5.56058377e+03 1.27879283e+01
v 6.28488746e+03 5.56186750e+03 1.33938624e+01
v 6.28528561e+03 5.56193885e+03 1.36817005e+01
v 6.28629068e+03 5.55692346e+03 1.30920020e+01
v 6.28625456e+03 5.55793870e+03 1.28973759e+01
v 6.28669562e+03 5.55766081e+03 1.29631380e+01
v 6.28636561e+03 5.55747786e+03 1.29823490e+01
v 6.28582682e+03 5.55785602e+03 1.28508483e+01
v 6.28690336e+03 5.55829755e+03 1.28858144e+01
v 6.28576944e+03 5.55847305e+03 1.34304404e+01
v 6.28601713e+03 5.55842473e+03 1.29410451e+01
v 6.28572585e+03 5.55811151e+03 1.30982977e+01
v 6.28590840e+03 5.55763556e+03 1.28135031e+01
v 6.28587837e+03 5.55658997e+03 1.33211186e+01
v 6.28693977e+03 5.55737299e+03 1.28639665e+01
v 6.28540028e+03 5.55735851e+03 1.35599894e+01
v 6.28572040e+03 5.55713233e+03 1.32148089e+01
v 6.28522335e+03 5.55518555e+03 1.30577462e+01
v 6.28533876e+03 5.55683810e+03 1.33443987e+01
v 6.28533892e+03 5.55650563e+03 1.34156218e+01
v 6.28588159e+03 5.55638557e+03 1.36188566e+01
v 6.28617964e+03 5.55955596e+03 1.26672900e+01
v 6.28668490e+03 5.56004078e+03 1.27317601e+01
v 6.28426550e+03 5.55643641e+03 1.37802884e+01
v 6.28550820e+03 5.55828898e+03 1.39757610e+01
v 6.28486731e+03 5.56179462e+03 1.31955658e+01
v 6.28638658e+03 5.56175363e+03 1.28369165e+01
v 6.28578513e+03 5.56196809e+03 1.37145384e+01
v 6.28528121e+03 5.55951870e+03 1.32919225e+01
v 6.28574007e+03 5.55898859e+03 1.29107931e+01
v 6.28605179e+03 5.56125524e+03 1.28469751e+01
v 6.28624276e+03 5.56198796e+03 1.32283260e+01
v 6.28663520e+03 5.56128442e+03 1.27491266e+01
v 6.28684841e+03 5.56163846e+03 1.26864288e+01
v 6.28554790e+03 5.55950406e+03 1.27693654e+01
v 6.28560052e+03 5.55987419e+03 1.27690680e+01
v 6.28588787e+03 5.55907154e+03 1.27464919e+01
v 6.28701930e+03 5.56053436e+03 1.28422778e+01
v 6.28592988e+03 5.56085118e+03 1.28859799e+01
v 6.31216740e+03 5.53456537e+03 1.88099550e+01
v 6.30972483e+03 5.53839236e+03 2.65731689e+01
v 6.31079347e+03 5.54288664e+03 2.62909113e+01
v 6.31089029e+03 5.53716053e+03 2.53333990e+01
v 6.30881982e+03 5.54787463e+03 2.45317381e+01
v 6.30861839e+03 5.53852840e+03 1.38214855e+01
v 6.30803183e+03 5.53852883e+03 1.36458212e+01
v 6.30539501e+03 5.54063222e+03 1.24660816e+01
v 6.29119694e+03 5.55980476e+03 1.24355476e+01
v 6.30718301e+03 5.54808752e+03 1.23394574e+01
v 6.29047355e+03 5.55327703e+03 1.25351723e+01
v 6.30648858e+03 5.54871995e+03 1.24712426e+01
v 6.30812308e+03 5.53598540e+03 1.44069689e+01
v 6.30748500e+03 5.53634175e+03 1.34112132e+01
v 6.30695363e+03 5.53789388e+03 1.39063223e+01
v 6.30452308e+03 5.54228931e+03 1.27092322e+01
v 6.30664103e+03 5.53774498e+03 1.37161214e+01
v 6.30661882e+03 5.53716895e+03 1.31618672e+01
v 6.30479972e+03 5.54114104e+03 1.32236853e+01
v 6.30724319e+03 5.53622422e+03 1.25810956e+01
v 6.30853643e+03 5.54034901e+03 1.27726324e+01
v 6.30715433e+03 5.53523507e+03 1.28017730e+01
v 6.30817110e+03 5.53753115e+03 1.84888665e+01
v 6.30752372e+03 5.53822750e+03 1.69651493e+01
v 6.30798653e+03 5.54835838e+03 1.60405025e+01
v 6.30492999e+03 5.54064490e+03 1.54412373e+01
v 6.30820722e+03 5.53653062e+03 1.48471565e+01
v 6.30328202e+03 5.54592738e+03 1.63667911e+01
v 6.30674800e+03 5.54008711e+03 1.54019087e+01
v 6.30508764e+03 5.54899011e+03 2.01783663e+01
v 6.30544530e+03 5.54882006e+03 1.97757133e+01
v 6.30292363e+03 5.54327349e+03 2.03621201e+01
v 6.30483181e+03 5.54530148e+03 2.12060467e+01
v 6.30282300e+03 5.54651837e+03 1.84780122e+01
v 6.30435251e+03 5.54116022e+03 1.84251149e+01
v 6.30872728e+03 5.54859827e+03 2.57887560e+01
v 6.30797371e+03 5.54718137e+03 2.43403887e+01
v 6.30780075e+03 5.54979110e+03 2.14612172e+01
v 6.30717105e+03 5.54940709e+03 2.02531888e+01
v 6.29396145e+03 5.53646314e+03 1.38779834e+01
v 6.30634986e+03 5.53777607e+03 1.99258217e+01
v 6.30847958e+03 5.54642653e+03 2.53173109e+01
v 6.30847238e+03 5.54654687e+03 2.48868019e+01
v 6.30590692e+03 5.54080471e+03 1.27936205e+01
v 6.30567425e+03 5.53979372e+03 1.84375184e+01
v 6.30533419e+03 5.53949199e+03 1.86609294e+01
v 6.30691505e+03 5.54825172e+03 1.19006876e+01
v 6.30680525e+03 5.55027951e+03 2.18023489e+01
v 6.30621105e+03 5.54943385e+03 2.02021413e+01
v 6.30233177e+03 5.54199391e+03 1.78201926e+01
v 6.30191544e+03 5.54572842e+03 2.02671816e+01
v 6.30239371e+03 5.54606073e+03 2.00847994e+01
v 6.30132882e+03 5.54551463e+03 1.99140582e+01
v 6.30123134e+03 5.54547381e+03 1.94864512e+01
v 6.30286310e+03 5.54244790e+03 2.13182009e+01
v 6.30269432e+03 5.54641903e+03 1.93760458e+01
v 6.30142549e+03 5.54586704e+03 2.00509059e+01
v 6.30518212e+03 5.54812714e+03 2.14124132e+01
v 6.30546633e+03 5.53977040e+03 2.10985412e+01
v 6.30279021e+03 5.54193234e+03 2.02698888e+01
v 6.30516731e+03 5.54732260e+03 2.08505856e+01
v 6.30472579e+03 5.54883993e+03 2.07042116e+01
v 6.30482403e+03 5.54824101e+03 2.05710823e+01
v 6.30471940e+03 5.54912366e+03 2.07714223e+01
v 6.30519863e+03 5.54940713e+03 2.05530175e+01
v 6.30482136e+03 5.54851253e+03 2.10298347e+01
v 6.30466936e+03 5.54884204e+03 2.09874168e+01
v 6.30538459e+03 5.54958961e+03 2.18164246e+01
v 6.30488349e+03 5.54945307e+03 2.15815638e+01
v 6.30522460e+03 5.54787514e+03 2.13017259e+01
v 6.30516273e+03 5.54739341e+03 2.12796984e+01
v 6.30485037e+03 5.54945078e+03 2.10599103e+01
v 6.30482755e+03 5.54431680e+03 2.03211084e+01
v 6.30214152e+03 5.54620820e+03 1.98405764e+01
v 6.30446715e+03 5.54714018e+03 2.27303452e+01
v 6.30191575e+03 5.54602204e+03 2.01491622e+01
v 6.28736315e+03 5.54637012e+03 1.46387899e+01
v 6.30512527e+03 5.54693148e+03 2.12668875e+01
v 6.29155097e+03 5.55453312e+03 1.78987106e+01
v 6.30595383e+03 5.54022475e+03 2.28359949e+01
v 6.30752581e+03 5.53701471e+03 2.30254695e+01
v 6.30545701e+03 5.54764723e+03 2.37443828e+01
v 6.30413793e+03 5.54032551e+03 2.28794129e+01
v 6.30571307e+03 5.54964539e+03 2.42162164e+01
v 6.30710004e+03 5.55054785e+03 2.68559040e+01
v 6.30806285e+03 5.54946922e+03 2.63034139e+01
v 6.30727365e+03 5.55171159e+03 2.38739788e+01
v 6.30533573e+03 5.54936681e+03 2.35899651e+01
v 6.30460588e+03 5.54919806e+03 2.11218546e+01
v 6.29322156e+03 5.56027921e+03 1.54751103e+01
v 6.28118750e+03 5.53395375e+03 1.04045110e+01
v 6.28118750e+03 5.53239138e+03 1.03283774e+01
v 6.28118750e+03 5.55074095e+03 1.09226848e+01
v 6.28118750e+03 5.55041959e+03 1.08843985e+01
v 6.28118750e+03 5.54271313e+03 1.07108941e+01
v 6.28118750e+03 5.54345024e+03 1.09357569e+01
v 6.28118750e+03 5.55263255e+03 1.20048011e+01
v 6.28118750e+03 5.55261629e+03 1.19429675e+01
v 6.28118750e+03 5.55268568e+03 1.21128228e+01
v 6.28118750e+03 5.54346343e+03 1.09397103e+01
v 6.28118750e+03 5.55288489e+03 1.26024069e+01
v 6.28118750e+03 5.55292838e+03 1.26678119e+01
v 6.28118750e+03 5.55331420e+03 1.27597699e+01
v 6.28118750e+03 5.55294119e+03 1.26726711e+01
v 6.28118750e+03 5.55229612e+03 1.15185149e+01
v 6.28118750e+03 5.55193739e+03 1.13482141e+01
v 6.28118750e+03 5.55273380e+03 1.24178758e+01
v 6.28118750e+03 5.55165848e+03 1.12277867e+01
v 6.28118750e+03 5.55096147e+03 1.10130610e+01
v 6.28118750e+03 5.55081397e+03 1.09457293e+01
v 6.28118750e+03 5.55140191e+03 1.11890147e+01
v 6.28118750e+03 5.54258555e+03 1.07106755e+01
v 6.28118750e+03 5.54205027e+03 1.06979424e+01
v 6.28118750e+03 5.53454249e+03 1.04312945e+01
v 6.28118750e+03 5.53637166e+03 1.03904345e+01
v 6.28118750e+03 5.54898759e+03 1.07687832e+01
v 6.28118750e+03 5.54814422e+03 1.08420175e+01
v 6.28118750e+03 5.53701591e+03 1.04325520e+01
v 6.28118750e+03 5.53809658e+03 1.04570013e+01
v 6.28118750e+03 5.53434007e+03 1.04302989e+01
v 6.28118750e+03 5.53427497e+03 1.04373731e+01
v 6.28118750e+03 5.53418210e+03 1.04285253e+01
v 6.28118750e+03 5.53857723e+03 1.04672989e+01
v 6.28118750e+03 5.53885240e+03 1.04963900e+01
v 6.28118750e+03 5.53131152e+03 1.03672500e+01
v 6.28118750e+03 5.53177466e+03 1.03316685e+01
v 6.28118750e+03 5.54349542e+03 1.09436979e+01
v 6.28118750e+03 5.54381986e+03 1.09520775e+01
v 6.28118750e+03 5.54648768e+03 1.07128777e+01
v 6.28118750e+03 5.54465374e+03 1.06604852e+01
v 6.28118750e+03 5.54388418e+03 1.09418856e+01
v 6.28118750e+03 5.54167772e+03 1.07445773e+01
v 6.28118750e+03 5.54929369e+03 1.07743636e+01
v 6.28118750e+03 5.54025071e+03 1.07180076e+01
v 6.28118750e+03 5.54064394e+03 1.06526123e+01
v 6.28118750e+03 5.54088049e+03 1.07030254e+01
v 6.28118750e+03 5.54105450e+03 1.07035069e+01
v 6.28118750e+03 5.53909067e+03 1.05568169e+01
v 6.28118750e+03 5.54651340e+03 1.07127719e+01
v 6.28118750e+03 5.54654642e+03 1.07139022e+01
v 6.28118750e+03 5.53990037e+03 1.07102312e+01
v 6.28118750e+03 5.56137940e+03 1.29484419e+01
v 6.28118750e+03 5.56113419e+03 1.29437069e+01
v 6.28118750e+03 5.56025388e+03 1.30970137e+01
v 6.28118750e+03 5.55914938e+03 1.28455651e+01
v 6.28118750e+03 5.55405010e+03 1.27263028e+01
v 6.28118750e+03 5.55479677e+03 1.27874280e+01
v 6.28118750e+03 5.56249879e+03 1.30921370e+01
v 6.28118750e+03 5.56028357e+03 1.30990200e+01
v 6.28118750e+03 5.56040165e+03 1.30824306e+01
v 6.28118750e+03 5.55913353e+03 1.28438891e+01
v 6.28118750e+03 5.55910784e+03 1.28532197e+01
v 6.28118750e+03 5.55875103e+03 1.28583587e+01
v 6.28118750e+03 5.55561676e+03 1.31704964e+01
v 6.28118750e+03 5.55566597e+03 1.33073641e+01
v 6.28118750e+03 5.55509874e+03 1.29333406e+01
v 6.28118750e+03 5.55545627e+03 1.30395236e+01
v 6.28118750e+03 5.55637995e+03 1.36260811e+01
v 6.28118750e+03 5.55709820e+03 1.35764374e+01
v 6.28118750e+03 5.55628594e+03 1.36380103e+01
v 6.28118750e+03 5.55809785e+03 1.34126892e+01
v 6.28118750e+03 5.55814166e+03 1.33817819e+01
v 6.28118750e+03 5.55752061e+03 1.35671868e+01
v 6.28118750e+03 5.55571455e+03 1.33934348e+01
v 6.28118750e+03 5.55582940e+03 1.34903696e+01
v 6.28118750e+03 5.55627460e+03 1.36303025e+01
v 6.28118750e+03 5.55622065e+03 1.36236169e+01
v 6.28118750e+03 5.55804312e+03 1.34394799e+01
v 6.28118750e+03 5.53939211e+03 1.06379147e+01
v 6.28118750e+03 5.55364170e+03 1.27356822e+01
v 6.28118750e+03 5.55808489e+03 1.34261539e+01
v 6.28118750e+03 5.55491814e+03 1.28311473e+01
v 6.31256250e+03 5.54611384e+03 2.85407895e+01
v 6.31256250e+03 5.54623670e+03 2.85317207e+01
v 6.31256250e+03 5.54539640e+03 2.91242293e+01
v 6.31256250e+03 5.54512296e+03 2.93017516e+01
v 6.31256250e+03 5.54783623e+03 2.83993870e+01
v 6.31256250e+03 5.54774930e+03 2.84369771e+01
v 6.31256250e+03 5.54801442e+03 2.83155146e+01
v 6.31256250e+03 5.54967971e+03 2.69337749e+01
v 6.31256250e+03 5.54961348e+03 2.70177691e+01
v 6.31256250e+03 5.54820043e+03 2.77621789e+01
v 6.31256250e+03 5.54828636e+03 2.73086349e+01
v 6.31256250e+03 5.54832207e+03 2.72368270e+01
v 6.31256250e+03 5.54805958e+03 2.83105285e+01
v 6.31256250e+03 5.54807118e+03 2.82782088e+01
v 6.31256250e+03 5.54147482e+03 2.80337280e+01
v 6.31256250e+03 5.54136623e+03 2.79340899e+01
v 6.31256250e+03 5.54557787e+03 2.86021801e+01
v 6.31256250e+03 5.54560694e+03 2.88503157e+01
v 6.31256250e+03 5.54889346e+03 2.69770760e+01
v 6.31256250e+03 5.54861034e+03 2.70471057e+01
v 6.31256250e+03 5.54944793e+03 2.69631092e+01
v 6.31256250e+03 5.54172880e+03 2.79154450e+01
v 6.31256250e+03 5.54098332e+03 2.78683687e+01
v 6.31256250e+03 5.54078858e+03 2.75166167e+01
v 6.31256250e+03 5.54118373e+03 2.79120991e+01
v 6.31256250e+03 5.54185145e+03 2.78584587e+01
v 6.31256250e+03 5.53556702e+03 2.33183661e+01
v 6.31256250e+03 5.53563643e+03 2.34399096e+01
v 6.31256250e+03 5.53582052e+03 2.36648440e+01
v 6.31256250e+03 5.53610052e+03 2.36316423e+01
v 6.31256250e+03 5.53567277e+03 1.76747880e+01
v 6.31256250e+03 5.53573338e+03 1.72339990e+01
v 6.31256250e+03 5.53404428e+03 1.75708293e+01
v 6.31256250e+03 5.53409334e+03 1.75791079e+01
v 6.31256250e+03 5.53577373e+03 1.72049993e+01
v 6.31256250e+03 5.53615996e+03 1.70531037e+01
v 6.31256250e+03 5.53411800e+03 1.75866873e+01
v 6.31256250e+03 5.53414645e+03 1.76615614e+01
v 6.31256250e+03 5.53360054e+03 1.74469698e+01
v 6.31256250e+03 5.54958880e+03 2.04902753e+01
v 6.31256250e+03 5.54964084e+03 2.06739651e+01
v 6.31256250e+03 5.54964371e+03 2.09358562e+01
v 6.31256250e+03 5.54974073e+03 2.14154219e+01
v 6.31256250e+03 5.55003786e+03 2.42030825e+01
v 6.31256250e+03 5.55010551e+03 2.36982675e+01
v 6.31256250e+03 5.55000612e+03 2.48095547e+01
v 6.31256250e+03 5.55000212e+03 2.47822828e+01
v 6.31256250e+03 5.55010773e+03 2.29723089e+01
v 6.31256250e+03 5.55012222e+03 2.33565203e+01
v 6.31256250e+03 5.55012822e+03 2.36440398e+01
v 6.31256250e+03 5.54050994e+03 2.68946458e+01
v 6.31256250e+03 5.54053454e+03 2.69450490e+01
v 6.31256250e+03 5.54354552e+03 2.94504272e+01
v 6.31256250e+03 5.54331413e+03 2.92557505e+01
v 6.31256250e+03 5.55023967e+03 2.53529360e+01
v 6.31256250e+03 5.55003109e+03 2.48737880e+01
v 6.31256250e+03 5.55007800e+03 2.61068103e+01
v 6.31256250e+03 5.55018170e+03 2.59845367e+01
v 6.31256250e+03 5.54820013e+03 2.77790204e+01
v 6.31256250e+03 5.54994203e+03 2.68043718e+01
v 6.31256250e+03 5.54855870e+03 2.70673209e+01
v 6.31256250e+03 5.54995529e+03 2.67497004e+01
v 6.31256250e+03 5.54317756e+03 2.89472887e+01
v 6.31256250e+03 5.54304497e+03 2.86711942e+01
v 6.31256250e+03 5.54906973e+03 2.70424684e+01
v 6.31256250e+03 5.54212206e+03 2.78354157e+01
v 6.31256250e+03 5.54653119e+03 2.85293687e+01
v 6.31256250e+03 5.54754177e+03 2.83978807e+01
v 6.31256250e+03 5.54484322e+03 2.93614262e+01
v 6.31256250e+03 5.54550649e+03 2.90701952e+01
v 6.31256250e+03 5.54555289e+03 2.89977170e+01
v 6.31256250e+03 5.54719833e+03 2.83381878e+01
v 6.31256250e+03 5.54723408e+03 2.83269618e+01
v 6.31256250e+03 5.54273877e+03 2.80769860e+01
v 6.31256250e+03 5.54263901e+03 2.80358453e+01
v 6.31256250e+03 5.54326344e+03 2.91463698e+01
v 6.31256250e+03 5.54459463e+03 2.93675617e+01
v 6.31256250e+03 5.54397555e+03 2.94826465e+01
v 6.31256250e+03 5.54363436e+03 2.94986987e+01
v 6.31256250e+03 5.54296613e+03 2.85063552e+01
v 6.31256250e+03 5.54277324e+03 2.81202055e+01
v 6.31256250e+03 5.54075341e+03 2.74785281e+01
v 6.31256250e+03 5.54665407e+03 2.85348752e+01
v 6.31256250e+03 5.54819985e+03 2.77869679e+01
v 6.31256250e+03 5.54729009e+03 2.83318808e+01
v 6.31256250e+03 5.53946260e+03 2.61139812e+01
v 6.31256250e+03 5.53988841e+03 2.65131751e+01
v 6.31256250e+03 5.53569742e+03 2.35764395e+01
v 6.31256250e+03 5.53630973e+03 2.36818452e+01
v 6.31256250e+03 5.53807812e+03 2.51678721e+01
v 6.31256250e+03 5.53778277e+03 2.50174290e+01
v 6.31256250e+03 5.53818149e+03 2.52028492e+01
v 6.31256250e+03 5.53821051e+03 2.52020544e+01
v 6.31256250e+03 5.54041531e+03 2.68531788e+01
v 6.31256250e+03 5.53933312e+03 2.59627173e+01
v 6.31256250e+03 5.53929984e+03 2.59450047e+01
v 6.31256250e+03 5.53867324e+03 2.53972833e+01
v 6.31256250e+03 5.53892032e+03 2.56672472e+01
v 6.31256250e+03 5.53822073e+03 2.52031345e+01
v 6.31256250e+03 5.53826551e+03 2.52315322e+01
v 6.31256250e+03 5.53677134e+03 2.37046384e+01
v 6.31256250e+03 5.53714634e+03 2.37657808e+01
v 6.31256250e+03 5.53780232e+03 2.39576641e+01
v 6.31256250e+03 5.53770539e+03 2.43812270e+01
v 6.31256250e+03 5.53766436e+03 2.46087269e+01
v 6.31256250e+03 5.53813393e+03 2.52101449e+01
v 6.31256250e+03 5.53543446e+03 2.28282914e+01
v 6.31256250e+03 5.53549222e+03 2.24038305e+01
v 6.31256250e+03 5.53549405e+03 2.23993230e+01
v 6.31256250e+03 5.53545272e+03 2.29825703e+01
v 6.31256250e+03 5.53550942e+03 1.79616275e+01
v 6.31256250e+03 5.53573676e+03 2.20173758e+01
v 6.31256250e+03 5.53641310e+03 2.09946615e+01
v 6.31256250e+03 5.53644912e+03 2.09384412e+01
v 6.31256250e+03 5.53494958e+03 1.87983217e+01
v 6.31256250e+03 5.53480947e+03 1.87573511e+01
v 6.31256250e+03 5.53513848e+03 1.86653674e+01
v 6.31256250e+03 5.53516265e+03 1.86291580e+01
v 6.31256250e+03 5.53545257e+03 1.82382487e+01
v 6.31256250e+03 5.53514766e+03 1.86469929e+01
v 6.31256250e+03 5.54813231e+03 1.82910568e+01
v 6.31256250e+03 5.54870922e+03 1.89670162e+01
v 6.31256250e+03 5.53629462e+03 1.71653302e+01
v 6.31256250e+03 5.53645026e+03 1.74973884e+01
v 6.31256250e+03 5.53312402e+03 1.72693689e+01
v 6.31256250e+03 5.53351587e+03 1.73873850e+01
v 6.31256250e+03 5.53470692e+03 1.87412767e+01
v 6.31256250e+03 5.53451957e+03 1.85593685e+01
v 6.31256250e+03 5.53434092e+03 1.79433944e+01
v 6.31256250e+03 5.53442629e+03 1.83819513e+01
v 6.31256250e+03 5.53446391e+03 1.84893820e+01
v 6.31256250e+03 5.53675619e+03 1.80530302e+01
v 6.31256250e+03 5.53663185e+03 1.78227750e+01
v 6.31256250e+03 5.53250308e+03 1.70555450e+01
v 6.31256250e+03 5.56241645e+03 9.92661708e+00
v 6.31256250e+03 5.56031858e+03 1.01666709e+01
v 6.31256250e+03 5.55983202e+03 1.02062611e+01
v 6.31256250e+03 5.55559692e+03 1.04934031e+01
v 6.31256250e+03 5.55427809e+03 1.05679822e+01
v 6.31256250e+03 5.54560426e+03 1.07166158e+01
v 6.31256250e+03 5.54556428e+03 1.07276669e+01
v 6.31256250e+03 5.54329915e+03 1.20246048e+01
v 6.31256250e+03 5.54350026e+03 1.17376553e+01
v 6.31256250e+03 5.55319835e+03 1.05887695e+01
v 6.31256250e+03 5.55244380e+03 1.05352469e+01
v 6.31256250e+03 5.54407737e+03 1.11764988e+01
v 6.31256250e+03 5.54376334e+03 1.14047478e+01
v 6.31256250e+03 5.54444821e+03 1.10051058e+01
v 6.31256250e+03 5.54366010e+03 1.14501017e+01
v 6.31256250e+03 5.54355887e+03 1.15532291e+01
v 6.31256250e+03 5.55381232e+03 1.05760611e+01
v 6.31256250e+03 5.55201016e+03 1.05474290e+01
v 6.31256250e+03 5.54681062e+03 1.05871433e+01
v 6.31256250e+03 5.54772315e+03 1.05587038e+01
v 6.31256250e+03 5.54821826e+03 1.05348429e+01
v 6.31256250e+03 5.54902770e+03 1.05479648e+01
v 6.31256250e+03 5.54572177e+03 1.07099639e+01
v 6.31256250e+03 5.55124825e+03 1.06925556e+01
v 6.31256250e+03 5.54955562e+03 1.04952072e+01
v 6.31256250e+03 5.54984252e+03 1.05128037e+01
v 6.31256250e+03 5.56171678e+03 1.01331526e+01
v 6.31256250e+03 5.55599149e+03 1.04174209e+01
v 6.31256250e+03 5.55903993e+03 1.02659463e+01
v 6.31256250e+03 5.55927602e+03 1.03278566e+01
v 6.31256250e+03 5.54434564e+03 1.48632650e+01
v 6.31256250e+03 5.54517200e+03 1.56703152e+01
v 6.31256250e+03 5.54643656e+03 1.66319193e+01
v 6.31256250e+03 5.54326362e+03 1.23966174e+01
v 6.31256250e+03 5.54342282e+03 1.28594212e+01
v 6.31256250e+03 5.54361240e+03 1.39261741e+01
v 6.31256250e+03 5.54378924e+03 1.45275259e+01
v 6.31256250e+03 5.53684421e+03 1.86710093e+01
v 6.31256250e+03 5.53680342e+03 1.85124420e+01
v 6.31256250e+03 5.53701268e+03 1.95686101e+01
v 6.31256250e+03 5.53701159e+03 1.95635742e+01
v 6.31256250e+03 5.54329944e+03 1.33099454e+01
v 6.31256250e+03 5.54998383e+03 2.64370059e+01
v 6.31256250e+03 5.55026792e+03 2.58304612e+01
v 6.31256250e+03 5.54571494e+03 2.84489851e+01
v 6.31256250e+03 5.53738064e+03 2.36600430e+01
v 6.31256250e+03 5.55024475e+03 2.56203654e+01
v 6.31256250e+03 5.53764533e+03 2.36312635e+01
v 6.31256250e+03 5.53781760e+03 2.36855384e+01
v 6.31256250e+03 5.53595012e+03 2.17544918e+01
v 6.31256250e+03 5.53618474e+03 2.14989902e+01
v 6.31256250e+03 5.53701233e+03 1.95719365e+01
v 6.31256250e+03 5.53688757e+03 1.97274872e+01
v 6.31256250e+03 5.53647314e+03 2.08777431e+01
v 6.31256250e+03 5.53661952e+03 2.02713294e+01
v 6.31256250e+03 5.56158018e+03 1.01427709e+01
v 6.31256250e+03 5.55792927e+03 1.02832829e+01
v 6.31256250e+03 5.55745904e+03 1.02860201e+01
v 6.31256250e+03 5.55702339e+03 1.02842746e+01
v 6.31256250e+03 5.56131133e+03 1.01297735e+01
v 6.31256250e+03 5.54542244e+03 1.07519378e+01
v 6.31256250e+03 5.54469972e+03 1.09038961e+01
v 6.31256250e+03 5.55110300e+03 1.06995532e+01
v 6.31256250e+03 5.55075104e+03 1.06318166e+01
v 6.28399255e+03 5.53118750e+03 1.02653663e+01
v 6.28514782e+03 5.53118750e+03 1.03354350e+01
v 6.28328939e+03 5.53118750e+03 1.02336982e+01
v 6.28292527e+03 5.53118750e+03 1.02618315e+01
v 6.28678353e+03 5.53118750e+03 1.04568025e+01
v 6.28694005e+03 5.53118750e+03 1.04697613e+01
v 6.28603544e+03 5.53118750e+03 1.04137542e+01
v 6.28571628e+03 5.53118750e+03 1.03962105e+01
v 6.28533119e+03 5.53118750e+03 1.03781539e+01
v 6.28765248e+03 5.53118750e+03 1.04731278e+01
v 6.28138096e+03 5.53118750e+03 1.03639815e+01
v 6.30494198e+03 5.53118750e+03 1.59217823e+01
v 6.30500707e+03 5.53118750e+03 1.59595936e+01
v 6.29437893e+03 5.53118750e+03 1.57458850e+01
v 6.29458122e+03 5.53118750e+03 1.58290512e+01
v 6.30655690e+03 5.53118750e+03 1.64583210e+01
v 6.30609879e+03 5.53118750e+03 1.62961751e+01
v 6.29277080e+03 5.53118750e+03 1.54127712e+01
v 6.29315577e+03 5.53118750e+03 1.57529329e+01
v 6.30791800e+03 5.53118750e+03 1.69431653e+01
v 6.30792253e+03 5.53118750e+03 1.69448824e+01
v 6.30862643e+03 5.53118750e+03 1.71721850e+01
v 6.30875886e+03 5.53118750e+03 1.71987921e+01
v 6.30791521e+03 5.53118750e+03 1.69425680e+01
v 6.30489835e+03 5.53118750e+03 1.52130287e+01
v 6.30497228e+03 5.53118750e+03 1.43497979e+01
v 6.29547485e+03 5.53118750e+03 1.58979850e+01
v 6.29588800e+03 5.53118750e+03 1.59193154e+01
v 6.30543397e+03 5.53118750e+03 1.61463733e+01
v 6.30503998e+03 5.53118750e+03 1.34300274e+01
v 6.30501405e+03 5.53118750e+03 1.38205701e+01
v 6.29614776e+03 5.53118750e+03 1.55732587e+01
v 6.29628167e+03 5.53118750e+03 1.53248116e+01
v 6.29350990e+03 5.53118750e+03 1.58603106e+01
v 6.29381797e+03 5.53118750e+03 1.57849430e+01
v 6.29399587e+03 5.53118750e+03 1.57592931e+01
v 6.29341912e+03 5.53118750e+03 1.57944834e+01
v 6.29240794e+03 5.53118750e+03 1.44108653e+01
v 6.29234173e+03 5.53118750e+03 1.46722704e+01
v 6.30524671e+03 5.53118750e+03 1.60849247e+01
v 6.29519412e+03 5.53118750e+03 1.59903617e+01
v 6.29483442e+03 5.53118750e+03 1.58558239e+01
v 6.30485461e+03 5.53118750e+03 1.55582843e+01
v 6.30492892e+03 5.53118750e+03 1.58820439e+01
v 6.29641824e+03 5.53118750e+03 1.46834225e+01
v 6.29639241e+03 5.53118750e+03 1.44092718e+01
v 6.29257586e+03 5.53118750e+03 1.52313379e+01
v 6.29246087e+03 5.53118750e+03 1.51654417e+01
v 6.29243163e+03 5.53118750e+03 1.50695043e+01
v 6.29000196e+03 5.53118750e+03 1.04136388e+01
v 6.28919464e+03 5.53118750e+03 1.04632254e+01
v 6.29713880e+03 5.53118750e+03 1.21121194e+01
v 6.29732390e+03 5.53118750e+03 1.21097286e+01
v 6.29110443e+03 5.53118750e+03 1.13480797e+01
v 6.29115626e+03 5.53118750e+03 1.16867788e+01
v 6.29224745e+03 5.53118750e+03 1.21291225e+01
v 6.29234550e+03 5.53118750e+03 1.21483054e+01
v 6.29627998e+03 5.53118750e+03 1.26808652e+01
v 6.29608746e+03 5.53118750e+03 1.28521646e+01
v 6.29239610e+03 5.53118750e+03 1.21803500e+01
v 6.29978468e+03 5.53118750e+03 1.20835350e+01
v 6.30018846e+03 5.53118750e+03 1.20542175e+01
v 6.30199910e+03 5.53118750e+03 1.20096997e+01
v 6.30196531e+03 5.53118750e+03 1.20135171e+01
v 6.29810298e+03 5.53118750e+03 1.21286980e+01
v 6.29272789e+03 5.53118750e+03 1.26243491e+01
v 6.29272482e+03 5.53118750e+03 1.26128484e+01
v 6.29269559e+03 5.53118750e+03 1.25773182e+01
v 6.29106737e+03 5.53118750e+03 1.12023775e+01
v 6.29105023e+03 5.53118750e+03 1.10529394e+01
v 6.29698067e+03 5.53118750e+03 1.21905912e+01
v 6.29642122e+03 5.53118750e+03 1.24951998e+01
v 6.29707749e+03 5.53118750e+03 1.21262946e+01
v 6.29597746e+03 5.53118750e+03 1.32594041e+01
v 6.30203125e+03 5.53118750e+03 1.20028245e+01
v 6.29597029e+03 5.53118750e+03 1.33626161e+01
v 6.30051621e+03 5.53118750e+03 1.21123913e+01
v 6.30191604e+03 5.53118750e+03 1.20105924e+01
v 6.30194731e+03 5.53118750e+03 1.20114991e+01
v 6.29857853e+03 5.53118750e+03 1.21128143e+01
v 6.29499651e+03 5.53118750e+03 1.59665811e+01
v 6.29268338e+03 5.53118750e+03 1.38867010e+01
v 6.29273838e+03 5.53118750e+03 1.36579882e+01
v 6.29278037e+03 5.53118750e+03 1.33360575e+01
v 6.29257692e+03 5.53118750e+03 1.42168657e+01
v 6.30310722e+03 5.53118750e+03 1.19459898e+01
v 6.30303247e+03 5.53118750e+03 1.19473426e+01
v 6.30508466e+03 5.53118750e+03 1.22893561e+01
v 6.30480746e+03 5.53118750e+03 1.23254830e+01
v 6.30414222e+03 5.53118750e+03 1.25536437e+01
v 6.30453864e+03 5.53118750e+03 1.24551579e+01
v 6.30343243e+03 5.53118750e+03 1.24082077e+01
v 6.30343749e+03 5.53118750e+03 1.24337454e+01
v 6.30345846e+03 5.53118750e+03 1.24712734e+01
v 6.30329563e+03 5.53118750e+03 1.20826020e+01
v 6.30513979e+03 5.53118750e+03 1.24455563e+01
v 6.30518394e+03 5.53118750e+03 1.25026899e+01
v 6.30298884e+03 5.53118750e+03 1.19471731e+01
v 6.30220411e+03 5.53118750e+03 1.19918494e+01
v 6.29103878e+03 5.53118750e+03 1.09960343e+01
v 6.29102525e+03 5.53118750e+03 1.08582904e+01
v 6.29143637e+03 5.53118750e+03 1.18833284e+01
v 6.29128723e+03 5.53118750e+03 1.17510735e+01
v 6.28844587e+03 5.53118750e+03 1.04664216e+01
v 6.29089869e+03 5.53118750e+03 1.05803186e+01
v 6.29098989e+03 5.53118750e+03 1.06017408e+01
v 6.29083381e+03 5.53118750e+03 1.04870091e+01
v 6.29067661e+03 5.53118750e+03 1.04515886e+01
v 6.29638147e+03 5.53118750e+03 1.49740797e+01
v 6.29630583e+03 5.53118750e+03 1.41150596e+01
v 6.29616094e+03 5.53118750e+03 1.38066416e+01
v 6.30383574e+03 5.53118750e+03 1.27257540e+01
v 6.30316024e+03 5.53118750e+03 1.19733964e+01
v 6.30516527e+03 5.53118750e+03 1.27356596e+01
v 6.31114997e+03 5.53118750e+03 1.69003283e+01
v 6.31185938e+03 5.53118750e+03 1.67562249e+01
v 6.30919406e+03 5.53118750e+03 1.72614180e+01
v 6.30897225e+03 5.53118750e+03 1.72641647e+01
v 6.30936735e+03 5.53118750e+03 1.72725197e+01
v 6.30969101e+03 5.53118750e+03 1.72057197e+01
v 6.28118750e+03 5.53118750e+03 1.03721017e+01
v 6.31242644e+03 5.53118750e+03 1.66352500e+01
v 6.31256250e+03 5.53118750e+03 1.66062226e+01
v 6.28471221e+03 5.56256250e+03 1.39584926e+01
v 6.28461433e+03 5.56256250e+03 1.38888651e+01
v 6.28221023e+03 5.56256250e+03 1.31293013e+01
v 6.28196057e+03 5.56256250e+03 1.31738267e+01
v 6.28635749e+03 5.56256250e+03 1.38695256e+01
v 6.28606398e+03 5.56256250e+03 1.40229647e+01
v 6.28688159e+03 5.56256250e+03 1.28048925e+01
v 6.28676923e+03 5.56256250e+03 1.28899887e+01
v 6.28589742e+03 5.56256250e+03 1.40661260e+01
v 6.28543175e+03 5.56256250e+03 1.40885572e+01
v 6.28491157e+03 5.56256250e+03 1.41015902e+01
v 6.28502002e+03 5.56256250e+03 1.41011486e+01
v 6.28647461e+03 5.56256250e+03 1.36192156e+01
v 6.28654996e+03 5.56256250e+03 1.35372847e+01
v 6.28659449e+03 5.56256250e+03 1.34477589e+01
v 6.28459385e+03 5.56256250e+03 1.38667985e+01
v 6.28436482e+03 5.56256250e+03 1.34290958e+01
v 6.28293939e+03 5.56256250e+03 1.31416205e+01
v 6.28338276e+03 5.56256250e+03 1.31953145e+01
v 6.28153975e+03 5.56256250e+03 1.31708999e+01
v 6.28396174e+03 5.56256250e+03 1.32490831e+01
v 6.28434408e+03 5.56256250e+03 1.33931349e+01
v 6.28404117e+03 5.56256250e+03 1.32547299e+01
v 6.28460149e+03 5.56256250e+03 1.38847998e+01
v 6.28661707e+03 5.56256250e+03 1.30759612e+01
v 6.28659358e+03 5.56256250e+03 1.32256498e+01
v 6.30091147e+03 5.56256250e+03 1.14978560e+01
v 6.30129726e+03 5.56256250e+03 1.15637855e+01
v 6.30204350e+03 5.56256250e+03 1.23039787e+01
v 6.30223039e+03 5.56256250e+03 1.24163751e+01
v 6.29419344e+03 5.56256250e+03 1.18271033e+01
v 6.29414486e+03 5.56256250e+03 1.18289647e+01
v 6.29107107e+03 5.56256250e+03 1.22588633e+01
v 6.29073147e+03 5.56256250e+03 1.22747960e+01
v 6.29500823e+03 5.56256250e+03 1.16397806e+01
v 6.29592331e+03 5.56256250e+03 1.14755461e+01
v 6.30376910e+03 5.56256250e+03 1.26425222e+01
v 6.30365850e+03 5.56256250e+03 1.26494910e+01
v 6.30621515e+03 5.56256250e+03 1.22125691e+01
v 6.30598350e+03 5.56256250e+03 1.23147814e+01
v 6.29846231e+03 5.56256250e+03 1.14977957e+01
v 6.29903800e+03 5.56256250e+03 1.15162315e+01
v 6.30662393e+03 5.56256250e+03 1.21665671e+01
v 6.30651114e+03 5.56256250e+03 1.22505975e+01
v 6.28788588e+03 5.56256250e+03 1.26697619e+01
v 6.28756494e+03 5.56256250e+03 1.26476737e+01
v 6.28967522e+03 5.56256250e+03 1.24423677e+01
v 6.28986155e+03 5.56256250e+03 1.24426063e+01
v 6.28927236e+03 5.56256250e+03 1.24753738e+01
v 6.28797935e+03 5.56256250e+03 1.26704880e+01
v 6.29032895e+03 5.56256250e+03 1.23057500e+01
v 6.29056928e+03 5.56256250e+03 1.22821334e+01
v 6.29028009e+03 5.56256250e+03 1.23514347e+01
v 6.28878480e+03 5.56256250e+03 1.24961968e+01
v 6.28864216e+03 5.56256250e+03 1.25223453e+01
v 6.30082423e+03 5.56256250e+03 1.15008246e+01
v 6.30070650e+03 5.56256250e+03 1.15158791e+01
v 6.29680095e+03 5.56256250e+03 1.14376650e+01
v 6.29750283e+03 5.56256250e+03 1.14108678e+01
v 6.29821467e+03 5.56256250e+03 1.14542945e+01
v 6.29774932e+03 5.56256250e+03 1.14436243e+01
v 6.30139174e+03 5.56256250e+03 1.15758768e+01
v 6.30312751e+03 5.56256250e+03 1.24290499e+01
v 6.30286069e+03 5.56256250e+03 1.24268456e+01
v 6.30303789e+03 5.56256250e+03 1.24325235e+01
v 6.29648664e+03 5.56256250e+03 1.14202854e+01
v 6.29428025e+03 5.56256250e+03 1.18071024e+01
v 6.29378214e+03 5.56256250e+03 1.18904669e+01
v 6.29247795e+03 5.56256250e+03 1.21087521e+01
v 6.30183826e+03 5.56256250e+03 1.21529339e+01
v 6.30170220e+03 5.56256250e+03 1.19896657e+01
v 6.30029212e+03 5.56256250e+03 1.15129567e+01
v 6.29176018e+03 5.56256250e+03 1.22588705e+01
v 6.30159193e+03 5.56256250e+03 1.18346508e+01
v 6.30145392e+03 5.56256250e+03 1.16665025e+01
v 6.30159082e+03 5.56256250e+03 1.18783225e+01
v 6.29206177e+03 5.56256250e+03 1.22087465e+01
v 6.30587312e+03 5.56256250e+03 1.23115338e+01
v 6.30561076e+03 5.56256250e+03 1.24661359e+01
v 6.30750592e+03 5.56256250e+03 1.18051413e+01
v 6.30777816e+03 5.56256250e+03 1.16087904e+01
v 6.30704991e+03 5.56256250e+03 1.19772137e+01
v 6.30538359e+03 5.56256250e+03 1.24686819e+01
v 6.30409419e+03 5.56256250e+03 1.25831265e+01
v 6.30484884e+03 5.56256250e+03 1.24093345e+01
v 6.30501669e+03 5.56256250e+03 1.24221503e+01
v 6.30415238e+03 5.56256250e+03 1.25553107e+01
v 6.30518703e+03 5.56256250e+03 1.24773399e+01
v 6.30469047e+03 5.56256250e+03 1.24459196e+01
v 6.30456336e+03 5.56256250e+03 1.24728122e+01
v 6.30843047e+03 5.56256250e+03 1.13905743e+01
v 6.30832327e+03 5.56256250e+03 1.14187590e+01
v 6.30798683e+03 5.56256250e+03 1.15165262e+01
v 6.28727328e+03 5.56256250e+03 1.26729042e+01
v 6.28703840e+03 5.56256250e+03 1.27249041e+01
v 6.30873922e+03 5.56256250e+03 1.14121373e+01
v 6.30933992e+03 5.56256250e+03 1.15792316e+01
v 6.30899537e+03 5.56256250e+03 1.14533914e+01
v 6.31051769e+03 5.56256250e+03 1.14185243e+01
v 6.31061827e+03 5.56256250e+03 1.13893254e+01
v 6.31071205e+03 5.56256250e+03 1.13662197e+01
v 6.31245511e+03 5.56256250e+03 9.92575910e+00
v 6.31214656e+03 5.56256250e+03 1.01095522e+01
v 6.31121827e+03 5.56256250e+03 1.10719531e+01
v 6.31151083e+03 5.56256250e+03 1.08315146e+01
v 6.30953132e+03 5.56256250e+03 1.16835777e+01
v 6.31002686e+03 5.56256250e+03 1.16432257e+01
v 6.31106358e+03 5.56256250e+03 1.11595449e+01
v 6.30877961e+03 5.56256250e+03 1.14250662e+01
v 6.31003319e+03 5.56256250e+03 1.16402751e+01
v 6.30944552e+03 5.56256250e+03 1.16719537e+01
v 6.31120010e+03 5.56256250e+03 1.10908114e+01
v 6.31191559e+03 5.56256250e+03 1.03782664e+01
v 6.31206918e+03 5.56256250e+03 1.01672583e+01
v 6.28123105e+03 5.56256250e+03 1.31179928e+01
v 6.28118750e+03 5.56256250e+03 1.31105288e+01
v 6.31254450e+03 5.56256250e+03 9.89058902e+00
v 6.31256250e+03 5.56256250e+03 9.88586633e+00
vt 0.048279744 0.94142938
vt 0.051226642 0.93185812
vt 0.054229256 0.93819767
vt 0.051709536 0.94520587
vt 0.043203153 0.93568414
vt 0.057727151 0.92720872
vt 0.057101864 0.95372462
vt 0.047933049 0.95380509
vt 0.045400944 0.929196
vt 0.043388885 0.94617164
vt 0.062011294 0.93409306
vt 0.061906047 0.95197874
vt 0.041104417 0.92865741
vt 0.037303168 0.94606638
vt 0.065069631 0.91913569
vt 0.063453786 0.96222478
vt 0.054390222 0.97135025
vt 0.042305466 0.96380347
vt 0.036752172 0.93430972
vt 0.06603542 0.94939095
vt 0.071477279 0.93142474
vt 0.057058524 0.9178232
vt 0.058569122 0.96665752
vt 0.046181008 0.97392571
vt 0.030907905 0.94105172
vt 0.032511365 0.96108568
vt 0.07097581 0.93868059
vt 0.074578948 0.91443056
vt 0.061367434 0.90685284
vt 0.067700788 0.97486055
vt 0.070851989 0.96296149
vt 0.061286952 0.97609258
vt 0.041383009 0.98158395
vt 0.032077994 0.93449545
vt 0.029762577 0.95075911
vt 0.032975685 0.97717595
vt 0.073848411 0.94961381
vt 0.066295438 0.9024201
vt 0.077445365 0.93640846
vt 0.023744961 0.93388259
vt 0.020209923 0.93823481
vt 0.01903983 0.94815272
vt 0.018408353 0.96229911
vt 0.07423225 0.94441342
vt 0.076411471 0.90458691
vt 0.082478613 0.92098063
vt 0.075718082 0.94393671
vt 0.073557436 0.97193843
vt 0.065874457 0.98079771
vt 0.078968339 0.94992954
vt 0.036955219 0.99538553
vt 0.010688224 0.98152822
vt 0.07260403 0.88982153
vt 0.092427492 0.94648737
vt 0.081488058 0.97088593
vt 0.069799528 0.98734772
vt 0.037962243 0.99538475
vt 0.029614856 0.99539113
vt 0.019900374 0.92372322
vt 0.011133973 0.94334239
vt 0.012910779 0.95384842
vt 0.014748784 0.9954018
vt 0.084472105 0.88917762
vt 0.084478296 0.90455598
vt 0.091245018 0.92888027
vt 0.075389966 0.98427081
vt 0.041801587 0.9953801
vt 0.023993749 0.9953956
vt 0.0098214895 0.91571212
vt 0.011582837 0.99540317
vt 0.0017783321 0.96541166
vt 0.084317327 0.87608373
vt 0.093288034 0.93750429
vt 0.074764676 0.9904927
vt 0.088849112 0.97029781
vt 0.01304698 0.90867299
vt 0.0021880334 0.93757236
vt 0.0062472946 0.99540669
vt 0.0017773712 0.95919365
vt 0.0017815308 0.99379516
vt 0.091802202 0.88223755
vt 0.096587814 0.90261203
vt 0.09847606 0.94337332
vt 0.082646534 0.99536526
vt 0.073980801 0.99536842
vt 0.098841324 0.96886772
vt 0.086715564 0.99536228
vt 0.0074751149 0.89972085
vt 0.0020827872 0.90852439
vt 0.10414698 0.86987424
vt 0.095665365 0.92638534
vt 0.093405664 0.93263197
vt 0.078948341 0.99536729
vt 0.072555363 0.995368
vt 0.075969793 0.99536836
vt 0.09811487 0.99535757
vt 0.087900758 0.99536151
vt 0.010044364 0.89162928
vt 0.0017730135 0.94061559
vt 0.0017722648 0.93686813
vt 0.0023337256 0.99541003
vt 0.08650893 0.85101038
vt 0.1046113 0.91098839
vt 0.098878473 0.92564857
vt 0.097522654 0.93314588
vt 0.1072177 0.95183015
vt 0.07062421 0.99536639
vt 0.096305981 0.99535835
vt 0.10429683 0.99535388
vt 0.0038100656 0.89742398
vt 0.0076794163 0.88909096
vt 0.0017723672 0.93762082
vt 0.0017701753 0.90886366
vt 0.0017816136 0.9954105
vt 0.093863793 0.84520322
vt 0.080615133 0.84681904
vt 0.10349074 0.93091708
vt 0.11417634 0.95745158
vt 0.11171853 0.98882735
vt 0.0017699302 0.90781021
vt 0.0017701265 0.90846187
vt 0.083815865 0.83727264
vt 0.1033793 0.85324532
vt 0.0774206 0.85351771
vt 0.11190426 0.89666867
vt 0.11324769 0.91505587
vt 0.11769524 0.99534786
vt 0.10940511 0.99535114
vt 0.0017684151 0.89876205
vt 0.0064907516 0.88551259
vt 0.08713422 0.83241272
vt 0.095145322 0.8368578
vt 0.10498895 0.8400771
vt 0.075346626 0.84363073
vt 0.076894365 0.83728498
vt 0.11992774 0.86117589
vt 0.1207426 0.99534625
vt 0.12192123 0.920021
vt 0.11707523 0.99534756
vt 0.11176766 0.99534959
vt 0.0017608207 0.88330126
vt 0.0017603402 0.88218999
vt 0.081636645 0.83131075
vt 0.11301862 0.84305501
vt 0.078132562 0.83053684
vt 0.12540674 0.88572311
vt 0.12279911 0.99534506
vt 0.13233443 0.94518727
vt 0.0082861306 0.87444317
vt 0.087381855 0.81739342
vt 0.099466614 0.820427
vt 0.10973742 0.83545864
vt 0.11873908 0.84572947
vt 0.13263778 0.8782258
vt 0.12335753 0.90890205
vt 0.12868795 0.92540717
vt 0.001760156 0.88186097
vt 0.081327096 0.82103372
vt 0.10538517 0.81807446
vt 0.11473352 0.83803409
vt 0.12603202 0.84974742
vt 0.13051428 0.85244668
vt 0.12753025 0.8990522
vt 0.1273507 0.91546446
vt 0.12710509 0.99534249
vt 0.13799916 0.9360556
vt 0.0017598548 0.8808015
vt 0.084725931 0.81293595
vt 0.095163897 0.80304277
vt 0.10292117 0.80147648
vt 0.11147089 0.82918102
vt 0.11772995 0.83818269
vt 0.12205743 0.84238636
vt 0.1356404 0.85464448
vt 0.13496558 0.89391375
vt 0.1377577 0.98413461
vt 0.13129434 0.92154396
vt 0.14051887 0.94452482
vt 0.14043839 0.93011844
vt 0.0049058655 0.85855097
vt 0.08880578 0.8041386
vt 0.10807205 0.81468177
vt 0.13819107 0.86734211
vt 0.13216726 0.9073543
vt 0.14321195 0.88899809
vt 0.1315296 0.9165355
vt 0.13584247 0.99533683
vt 0.14496399 0.93868059
vt 0.0017564668 0.8675496
vt 0.010242474 0.86476666
vt 0.089889199 0.78983128
vt 0.096123494 0.78991175
vt 0.14299527 0.85954767
vt 0.13746054 0.90726763
vt 0.14210996 0.90108907
vt 0.1442768 0.96463311
vt 0.13966683 0.9953351
vt 0.15056682 0.94593018
vt 0.14826997 0.9348731
vt 0.0017546422 0.85683793
vt 0.0084780501 0.84647858
vt 0.012836487 0.87135386
vt 0.10074195 0.79007274
vt 0.14549021 0.87745816
vt 0.13625331 0.91603404
vt 0.14611551 0.90569514
vt 0.15374896 0.95943266
vt 0.14494459 0.99533325
vt 0.0017512098 0.83862358
vt 0.0043177241 0.83462286
vt 0.013319382 0.86191261
vt 0.092910387 0.78065628
vt 0.099157065 0.77518964
vt 0.14328624 0.9127652
vt 0.16608225 0.9953239
vt 0.16148272 0.99532592
vt 0.15665871 0.94064307
vt 0.0078156181 0.82704514
vt 0.01310889 0.85027361
vt 0.087932855 0.77824795
vt 0.10401697 0.78745395
vt 0.1483876 0.90905064
vt 0.16332638 0.96350014
vt 0.1666982 0.99532354
vt 0.0017507079 0.83623958
vt 0.012774577 0.83256131
vt 0.016507728 0.85773993
vt 0.086700849 0.78108966
vt 0.08977776 0.7662499
vt 0.10637572 0.77895993
vt 0.16448408 0.95313025
vt 0.0017507361 0.83595204
vt 0.015065233 0.81505322
vt 0.016278662 0.83020872
vt 0.016823467 0.85208142
vt 0.082249552 0.77674979
vt 0.083500125 0.75651151
vt 0.10130533 0.7489152
vt 0.10516849 0.77070123
vt 0.17733033 0.96541935
vt 0.17002501 0.9570058
vt 0.0046768002 0.81860065
vt 0.0094871772 0.80551296
vt 0.016897758 0.84196538
vt 0.019881802 0.85075653
vt 0.094464317 0.74224758
vt 0.11127277 0.77688599
vt 0.16779917 0.99532312
vt 0.0017505797 0.83458406
vt 0.078838326 0.7648074
vt 0.09455099 0.7278226
vt 0.10299546 0.7311905
vt 0.10888307 0.7579788
vt 0.11031318 0.76987159
vt 0.17703092 0.99531978
vt 0.1759126 0.95632482
vt 0.0017502693 0.82466483
vt 0.075804755 0.77073216
vt 0.073396474 0.75035769
vt 0.084874518 0.70955312
vt 0.11067225 0.74196899
vt 0.11600886 0.7732209
vt 0.18863495 0.99531478
vt 0.1846171 0.94542253
vt 0.0017507407 0.82175386
vt 0.075266145 0.76491266
vt 0.07691294 0.73823583
vt 0.09731216 0.71325529
vt 0.10565758 0.72081447
vt 0.11948818 0.75987941
vt 0.1987325 0.99200332
vt 0.20725125 0.95626909
vt 0.18163924 0.94183797
vt 0.070697211 0.76114237
vt 0.057974789 0.73324585
vt 0.075458065 0.72290695
vt 0.10479703 0.7080549
vt 0.092811331 0.70757198
vt 0.11828714 0.72785974
vt 0.11912911 0.76664615
vt 0.12400758 0.75678396
vt 0.19577804 0.99531102
vt 0.19658422 0.91115558
vt 0.18171354 0.9328301
vt 0.071693957 0.76870155
vt 0.059776358 0.7476027
vt 0.077816822 0.70367789
vt 0.084187321 0.70044619
vt 0.10944025 0.71251857
vt 0.12329562 0.74164701
vt 0.19976299 0.99530816
vt 0.21232165 0.98625809
vt 0.18538478 0.92153782
vt 0.20760414 0.89910173
vt 0.066524506 0.76562464
vt 0.060810249 0.75961322
vt 0.050254658 0.76189148
vt 0.11271527 0.70148003
vt 0.12506005 0.73359257
vt 0.12698543 0.74126935
vt 0.21865501 0.9755168
vt 0.18716158 0.90334874
vt 0.18709968 0.88534546
vt 0.22600368 0.94374478
vt 0.18041344 0.92346936
vt 0.067737937 0.70043999
vt 0.078986913 0.69460189
vt 0.10772535 0.69759834
vt 0.12823601 0.71496397
vt 0.20866255 0.9953028
vt 0.22082704 0.99529356
vt 0.18041962 0.90091568
vt 0.18766305 0.87309968
vt 0.24260165 0.90199292
vt 0.17700841 0.91009688
vt 0.058730084 0.76549459
vt 0.083147235 0.69452143
vt 0.10772535 0.67705673
vt 0.12436666 0.69069541
vt 0.13345499 0.72917843
vt 0.1331021 0.73683667
vt 0.21178743 0.99530029
vt 0.21768762 0.9952963
vt 0.24974601 0.97396284
vt 0.19870153 0.85499734
vt 0.18353368 0.88294953
vt 0.23178603 0.84567374
vt 0.26353329 0.95347077
vt 0.054699771 0.77568495
vt 0.074517034 0.68200946
vt 0.082299076 0.68509257
vt 0.11345199 0.68059176
vt 0.13963357 0.71595454
vt 0.22812611 0.99528855
vt 0.17471156 0.9024139
vt 0.17856234 0.89158595
vt 0.18840596 0.84026283
vt 0.21339269 0.85182756
vt 0.18327986 0.87431312
vt 0.24292357 0.84355026
vt 0.27340168 0.92320937
vt 0.11285147 0.66876084
vt 0.12359898 0.67792344
vt 0.13846967 0.68866479
vt 0.14019075 0.73538792
vt 0.24402733 0.9952783
vt 0.25932342 0.9810577
vt 0.20384623 0.81740582
vt 0.18141018 0.86331797
vt 0.22116853 0.81249642
vt 0.26675257 0.88855857
vt 0.27701101 0.94506967
vt 0.084855944 0.67749012
vt 0.13297829 0.67556471
vt 0.15695588 0.69420564
vt 0.14751467 0.75301981
vt 0.24928126 0.99527484
vt 0.27272686 0.97068167
vt 0.25038368 0.99342108
vt 0.174823 0.822631
vt 0.18371321 0.8492645
vt 0.22605939 0.77156794
vt 0.27076432 0.8261041
vt 0.28697225 0.90432692
vt 0.27662098 0.95912313
vt 0.28330722 0.93738663
vt 0.12355565 0.66915083
vt 0.13959023 0.67373216
vt 0.14590502 0.67549658
vt 0.15110542 0.72767401
vt 0.13981311 0.74230325
vt 0.26411524 0.98537898
vt 0.25677112 0.99526924
vt 0.18074775 0.83896893
vt 0.18337891 0.78256309
vt 0.18067345 0.8457914
vt 0.24847686 0.77933139
vt 0.28228572 0.86982471
vt 0.26865941 0.79815811
vt 0.29544151 0.88861424
vt 0.29159692 0.91513634
vt 0.27943787 0.95548284
vt 0.28509021 0.95031959
vt 0.15855315 0.65610647
vt 0.16030519 0.73410642
vt 0.14233284 0.75620818
vt 0.25077412 0.99527407
vt 0.26941469 0.9858743
vt 0.26051828 0.99453545
vt 0.2579689 0.99526823
vt 0.25188035 0.99527341
vt 0.17483538 0.83653587
vt 0.16639091 0.79175049
vt 0.20701599 0.74956524
vt 0.17749131 0.85801852
vt 0.24942409 0.74679172
vt 0.29685304 0.82783759
vt 0.28987584 0.77134508
vt 0.28939292 0.93119568
vt 0.28746754 0.94346619
vt 0.17534304 0.70769578
vt 0.14850523 0.66139978
vt 0.17100318 0.76327825
vt 0.14052507 0.77436626
vt 0.13632141 0.75001723
vt 0.26622561 0.99525154
vt 0.26190135 0.99525923
vt 0.1655056 0.83875847
vt 0.17568973 0.84495556
vt 0.15953133 0.8249464
vt 0.23397145 0.71654886
vt 0.26071021 0.78406751
vt 0.30293256 0.85223615
vt 0.31019455 0.87985408
vt 0.26833746 0.75863504
vt 0.29862985 0.90263057
vt 0.29621539 0.9200148
vt 0.17833327 0.66738641
vt 0.15385421 0.65008891
vt 0.14895716 0.78399938
vt 0.13451365 0.76938254
vt 0.13244587 0.75425184
vt 0.26362482 0.99525559
vt 0.26859421 0.99524826
vt 0.26049021 0.99526191
vt 0.25875649 0.99526632
vt 0.1697526 0.84670764
vt 0.14688319 0.80594635
vt 0.22082803 0.69887984
vt 0.30914828 0.76987159
vt 0.30936497 0.85266334
vt 0.30389836 0.89507145
vt 0.28960341 0.72532147
vt 0.29727402 0.93057042
vt 0.17503968 0.61281312
vt 0.20470677 0.68122947
vt 0.15483858 0.63168937
vt 0.15052347 0.64911073
vt 0.13474271 0.78443897
vt 0.13928688 0.79101372
vt 0.27942547 0.99320436
vt 0.26050472 0.99526256
vt 0.15636773 0.83917326
vt 0.16248441 0.85156757
vt 0.14802232 0.82062513
vt 0.24615526 0.66247082
vt 0.26769361 0.66680449
vt 0.31685603 0.80581635
vt 0.312089 0.88925815
vt 0.30519846 0.9025439
vt 0.30138484 0.92664534
vt 0.19195957 0.61210734
vt 0.20216848 0.63453722
vt 0.1315296 0.77471912
vt 0.27658576 0.99524289
vt 0.27323452 0.98534185
vt 0.16028662 0.84701717
vt 0.15217645 0.83444333
vt 0.14535402 0.81498516
vt 0.15072778 0.82690275
vt 0.22809622 0.65428019
vt 0.30326068 0.70115197
vt 0.33274204 0.79705614
vt 0.33585611 0.83123022
vt 0.31945005 0.87975502
vt 0.30397263 0.93114614
vt 0.18735969 0.58072537
vt 0.16231726 0.60916042
vt 0.15073396 0.63417196
vt 0.13563421 0.79319298
vt 0.13806726 0.80037451
vt 0.27883244 0.99524134
vt 0.27581614 0.97170317
vt 0.27842873 0.98176968
vt 0.15490668 0.84524035
vt 0.15334655 0.84382266
vt 0.14111321 0.810992
vt 0.25568315 0.62174046
vt 0.32411805 0.72792166
vt 0.33239534 0.75113159
vt 0.32800597 0.86479765
vt 0.31986484 0.90029663
vt 0.31247902 0.89664394
vt 0.29842556 0.68200326
vt 0.16972165 0.56109381
vt 0.22085279 0.56165719
vt 0.15527813 0.60951334
vt 0.15672682 0.59563935
vt 0.15175547 0.62866819
vt 0.27996874 0.99524069
vt 0.28518307 0.97589445
vt 0.27790251 0.63334239
vt 0.33508843 0.70123863
vt 0.35686821 0.79170096
vt 0.35224977 0.820557
vt 0.33770719 0.86671686
vt 0.33141717 0.87716717
vt 0.30916685 0.92039245
vt 0.29485336 0.64984125
vt 0.3225022 0.68803334
vt 0.17609215 0.52410901
vt 0.20284329 0.51884055
vt 0.15192883 0.62041563
vt 0.1385254 0.80652213
vt 0.28669918 0.99523288
vt 0.27856493 0.96549982
vt 0.28747994 0.99072176
vt 0.27257827 0.5854305
vt 0.25791809 0.56381786
vt 0.34943289 0.73836583
vt 0.35047296 0.84541374
vt 0.34431913 0.86745977
vt 0.32923797 0.89988184
vt 0.31273904 0.91909236
vt 0.30553895 0.66808605
vt 0.32141259 0.67508185
vt 0.30849823 0.93326348
vt 0.14615266 0.50548661
vt 0.15182976 0.59794861
vt 0.23002161 0.50307214
vt 0.29042062 0.97790653
vt 0.28232285 0.95974219
vt 0.29823363 0.62577081
vt 0.28593218 0.60814512
vt 0.25025988 0.50177824
vt 0.33622137 0.6767472
vt 0.38455421 0.75457376
vt 0.36972684 0.83131075
vt 0.33913732 0.87608373
vt 0.33474791 0.89218646
vt 0.31834805 0.92142016
vt 0.30175009 0.64961839
vt 0.30554515 0.94264281
vt 0.14209758 0.55378228
vt 0.1535137 0.49419427
vt 0.19665852 0.48605317
vt 0.14818949 0.56886971
vt 0.28810143 0.99523205
vt 0.29092211 0.96684325
vt 0.29294035 0.99254811
vt 0.2863903 0.96224338
vt 0.27175489 0.57553732
vt 0.29457477 0.58028579
vt 0.2770915 0.53560567
vt 0.35320318 0.69936275
vt 0.37025309 0.71652412
vt 0.3523612 0.8584519
vt 0.37004879 0.86055064
vt 0.3431738 0.88344479
vt 0.34545827 0.87782961
vt 0.33603564 0.90394926
vt 0.33079189 0.90974402
vt 0.30953833 0.65470731
vt 0.31522164 0.6586324
vt 0.32714543 0.66246462
vt 0.30849203 0.95706153
vt 0.30007854 0.94773793
vt 0.13268112 0.54748607
vt 0.16436647 0.47193158
vt 0.16840297 0.51003075
vt 0.14618361 0.5890708
vt 0.24021193 0.46258324
vt 0.22684565 0.46730697
vt 0.29768264 0.97077453
vt 0.30043143 0.98961979
vt 0.28855714 0.95549524
vt 0.30467841 0.63335472
vt 0.29968232 0.59784955
vt 0.28284907 0.54796898
vt 0.27697387 0.48800331
vt 0.34995911 0.6607312
vt 0.39488691 0.78025389
vt 0.39156857 0.72256649
vt 0.350021 0.87057382
vt 0.39609414 0.82780045
vt 0.34718555 0.88937575
vt 0.34161368 0.90206724
vt 0.32434711 0.93800575
vt 0.3131105 0.93558508
vt 0.30552658 0.64407748
vt 0.31918383 0.66243982
vt 0.32966512 0.63843751
vt 0.31145132 0.94713742
vt 0.29922417 0.95483279
vt 0.29507622 0.94330519
vt 0.11738945 0.49169934
vt 0.12536341 0.56558847
vt 0.13705812 0.56828773
vt 0.1429643 0.42358017
vt 0.17697126 0.42694187
vt 0.14353387 0.57493061
vt 0.25001842 0.46151221
vt 0.2142718 0.43660599
vt 0.29222399 0.99523032
vt 0.29716879 0.96127141
vt 0.29296196 0.99523026
vt 0.30558848 0.62087375
vt 0.3028397 0.61431134
vt 0.2921541 0.55583769
vt 0.30288303 0.57782179
vt 0.26761931 0.46800035
vt 0.28615505 0.50185251
vt 0.36783859 0.67506325
vt 0.33667949 0.63935375
vt 0.39957568 0.75773311
vt 0.39043561 0.69553673
vt 0.39957309 0.73859972
vt 0.35793307 0.86692733
vt 0.39671946 0.86118829
vt 0.34904903 0.88422489
vt 0.35285649 0.87851059
vt 0.33589324 0.92150062
vt 0.31907859 0.93738663
vt 0.31844091 0.65379107
vt 0.322366 0.65238571
vt 0.31472635 0.9567582
vt 0.29460573 0.95399702
vt 0.12624252 0.4712258
vt 0.11274003 0.52685779
vt 0.11963058 0.54730654
vt 0.12937514 0.43559682
vt 0.15900509 0.43168414
vt 0.19109285 0.42752999
vt 0.23596494 0.4050197
vt 0.24918264 0.42433548
vt 0.30794105 0.96793908
vt 0.29817364 0.99522817
vt 0.30500033 0.59569514
vt 0.29664874 0.53717816
vt 0.30818251 0.5812887
vt 0.29077351 0.47151059
vt 0.29756501 0.48944581
vt 0.29971945 0.51239574
vt 0.37648118 0.69013202
vt 0.3558591 0.63468575
vt 0.37392431 0.64629388
vt 0.39957833 0.7733025
vt 0.39958644 0.81855816
vt 0.39956665 0.70828032
vt 0.39957118 0.72760314
vt 0.35425565 0.87436885
vt 0.36663136 0.87413979
vt 0.38462231 0.88101792
vt 0.39958879 0.82856494
vt 0.35393369 0.88874429
vt 0.34664693 0.89524478
vt 0.34256709 0.92008293
vt 0.31727085 0.95129156
vt 0.33895776 0.95881355
vt 0.3131229 0.94451243
vt 0.32620439 0.63611591
vt 0.33223438 0.62167859
vt 0.31097463 0.96801335
vt 0.10630143 0.46857607
vt 0.10713103 0.49647254
vt 0.11619459 0.57168037
vt 0.1279698 0.57621217
vt 0.13391313 0.41622531
vt 0.15047395 0.40709984
vt 0.18117492 0.36978072
vt 0.16938114 0.39902061
vt 0.19574845 0.35675496
vt 0.30641189 0.98609716
vt 0.29978555 0.99522758
vt 0.30727243 0.60777986
vt 0.31126559 0.5611062
vt 0.2899625 0.40674698
vt 0.34922856 0.61501706
vt 0.38990319 0.64960599
vt 0.3995803 0.78511381
vt 0.39956599 0.70459688
vt 0.36079949 0.875898
vt 0.37420911 0.87992215
vt 0.39104852 0.89689779
vt 0.39959434 0.8547343
vt 0.36351112 0.88338292
vt 0.35589623 0.89945465
vt 0.34847328 0.90369546
vt 0.34390435 0.93221718
vt 0.32488573 0.96322775
vt 0.33251917 0.95982891
vt 0.3282598 0.62584507
vt 0.3410565 0.61795163
vt 0.31461492 0.97963995
vt 0.11156375 0.54642743
vt 0.10443176 0.51758993
vt 0.11400918 0.56309968
vt 0.12083782 0.57736987
vt 0.13959023 0.40844947
vt 0.12783979 0.41514808
vt 0.16031757 0.38985801
vt 0.14578119 0.40812755
vt 0.26114357 0.38839698
vt 0.23623115 0.3460322
vt 0.31031218 0.98437607
vt 0.30179393 0.9952268
vt 0.30650476 0.55223453
vt 0.3130486 0.57145131
vt 0.29715639 0.47820306
vt 0.2969521 0.43117028
vt 0.30235061 0.50768441
vt 0.36300966 0.61417514
vt 0.38882595 0.62320155
vt 0.39956522 0.69567281
vt 0.37089694 0.88515353
vt 0.39960277 0.90587044
vt 0.3815392 0.89532524
vt 0.37570733 0.89073157
vt 0.3995961 0.86578155
vt 0.36531889 0.89298511
vt 0.36252058 0.91455436
vt 0.35450947 0.92551857
vt 0.32086158 0.97138125
vt 0.33683428 0.96918964
vt 0.35238597 0.94868517
vt 0.34205943 0.60784793
vt 0.32845169 0.61888647
vt 0.11811379 0.43623453
vt 0.10292736 0.48393589
vt 0.10565139 0.53202105
vt 0.098568924 0.489613
vt 0.11441159 0.57575405
vt 0.13237776 0.40304476
vt 0.15191025 0.38805646
vt 0.14382485 0.40220898
vt 0.18942128 0.32281607
vt 0.28695989 0.39311445
vt 0.25583172 0.36647475
vt 0.21221021 0.33680767
vt 0.31012028 0.99014604
vt 0.30392203 0.99522525
vt 0.30998406 0.5348689
vt 0.31272668 0.54747367
vt 0.31616265 0.5532313
vt 0.31367388 0.5762555
vt 0.3028459 0.49241751
vt 0.29654968 0.46756077
vt 0.29728642 0.41903603
vt 0.29664874 0.45359397
vt 0.30239394 0.49665213
vt 0.30810821 0.52287084
vt 0.39956161 0.66536117
vt 0.34956908 0.60834944
vt 0.39955348 0.61889184
vt 0.39956263 0.67263615
vt 0.39959806 0.87770569
vt 0.37203607 0.8955791
vt 0.32764068 0.97235322
vt 0.33469838 0.97414237
vt 0.34531587 0.96833527
vt 0.34999627 0.96059656
vt 0.33177006 0.61325884
vt 0.31818709 0.98752105
vt 0.31491828 0.99317962
vt 0.1046113 0.45811957
vt 0.10061813 0.47248256
vt 0.099225163 0.51046413
vt 0.11706752 0.58341223
vt 0.11452303 0.42619896
vt 0.12474431 0.40017217
vt 0.15675777 0.3796429
vt 0.17315143 0.36578137
vt 0.17499015 0.33983505
vt 0.28650177 0.37030697
vt 0.29091591 0.3911643
vt 0.22220862 0.31387013
vt 0.2608588 0.32830745
vt 0.29618442 0.40382481
vt 0.30475271 0.42928827
vt 0.30328545 0.44128633
vt 0.30631903 0.5117147
vt 0.39955893 0.65197313
vt 0.37181321 0.59359014
vt 0.35083205 0.6004498
vt 0.39955574 0.63144732
vt 0.39954945 0.59575117
vt 0.37859231 0.91587925
vt 0.36016181 0.92963558
vt 0.35660201 0.95620716
vt 0.32667491 0.97727501
vt 0.33916208 0.97838938
vt 0.32515192 0.9906289
vt 0.1062519 0.44930983
vt 0.095752038 0.49791503
vt 0.1146778 0.58633435
vt 0.16375975 0.37168133
vt 0.1892665 0.29420763
vt 0.17217326 0.32066166
vt 0.29022253 0.37570548
vt 0.28531927 0.34511596
vt 0.20232944 0.26699221
vt 0.22883913 0.2930004
vt 0.25818428 0.29062307
vt 0.3147819 0.99521995
vt 0.30608124 0.99522299
vt 0.31176087 0.53117287
vt 0.29911274 0.46104789
vt 0.30574945 0.41631198
vt 0.3847585 0.561391
vt 0.370996 0.93449545
vt 0.37833229 0.89897794
vt 0.32894698 0.98095244
vt 0.32296032 0.97955948
vt 0.33305159 0.98153442
vt 0.35343844 0.97294134
vt 0.34748271 0.98490846
vt 0.31911951 0.99521863
vt 0.32430297 0.99521601
vt 0.096420661 0.50432891
vt 0.1118052 0.57956767
vt 0.10914928 0.42639089
vt 0.11386679 0.41966128
vt 0.16658282 0.36211014
vt 0.17084222 0.35216743
vt 0.17382625 0.30423701
vt 0.16894159 0.33790964
vt 0.29789311 0.36540371
vt 0.29556531 0.35094166
vt 0.29479146 0.39125717
vt 0.27124724 0.31525075
vt 0.31145391 0.99521965
vt 0.31618133 0.99521899
vt 0.30857348 0.9952215
vt 0.31046697 0.42995685
vt 0.36169717 0.58742398
vt 0.37071741 0.56480837
vt 0.39896056 0.56488889
vt 0.38046199 0.94249421
vt 0.36397544 0.95040625
vt 0.34020835 0.98684007
vt 0.35189688 0.98143536
vt 0.35843453 0.97911996
vt 0.32287204 0.99521565
vt 0.32970586 0.99521548
vt 0.1026983 0.44367605
vt 0.11323531 0.40867853
vt 0.17996149 0.2869333
vt 0.16417454 0.32921135
vt 0.16739385 0.31025463
vt 0.29567677 0.37907338
vt 0.30110624 0.33125436
vt 0.20186512 0.24357796
vt 0.25391871 0.26607591
vt 0.28934342 0.31790668
vt 0.27246064 0.26254708
vt 0.30634379 0.40249377
vt 0.3152402 0.41951275
vt 0.35995132 0.58286124
vt 0.36549842 0.57798898
vt 0.37279758 0.55068684
vt 0.39954379 0.56813776
vt 0.39267054 0.54928148
vt 0.37597972 0.95777351
vt 0.36988163 0.95131016
vt 0.36447692 0.97414857
vt 0.33673522 0.99217045
vt 0.34696886 0.99370581
vt 0.35144493 0.99403393
vt 0.33548924 0.9952144
vt 0.098742269 0.46510297
vt 0.10656764 0.41969228
vt 0.11746993 0.39405549
vt 0.16740623 0.35343039
vt 0.1851619 0.27987558
vt 0.17485395 0.29020208
vt 0.17084222 0.29678929
vt 0.30117434 0.36256206
vt 0.30192962 0.38423043
vt 0.30132911 0.34634173
vt 0.19403355 0.25286442
vt 0.21843213 0.21382421
vt 0.2646105 0.24202406
vt 0.22887628 0.24144208
vt 0.28494781 0.29175603
vt 0.31244189 0.41099393
vt 0.31659603 0.42917681
vt 0.36734334 0.55173308
vt 0.37812799 0.53383505
vt 0.36459455 0.56727862
vt 0.39954326 0.56515807
vt 0.3859224 0.53034329
vt 0.39954215 0.56054688
vt 0.38122347 0.96699184
vt 0.36906442 0.96641606
vt 0.33894295 0.99521524
vt 0.360589 0.99299389
vt 0.34585631 0.99521369
vt 0.096278265 0.45142096
vt 0.10029001 0.42993212
vt 0.1078306 0.4017942
vt 0.12306656 0.39011806
vt 0.18732254 0.27494138
vt 0.30292019 0.36939073
vt 0.30834967 0.34507263
vt 0.30004758 0.30428654
vt 0.19377352 0.22665811
vt 0.19326587 0.26442295
vt 0.20391129 0.19967866
vt 0.24497278 0.21667206
vt 0.28940532 0.23451442
vt 0.27863958 0.19963276
vt 0.31186613 0.37801468
vt 0.31255332 0.39809817
vt 0.32209358 0.42629802
vt 0.31480682 0.43770796
vt 0.36978877 0.5266968
vt 0.39954299 0.56414402
vt 0.39138284 0.51417875
vt 0.39953774 0.54221749
vt 0.37695169 0.97021735
vt 0.36695948 0.97950375
vt 0.34158966 0.99521494
vt 0.34721586 0.99521327
vt 0.35874495 0.99520284
vt 0.093331367 0.46738744
vt 0.10178822 0.40958244
vt 0.11038747 0.38964134
vt 0.11383583 0.37890619
vt 0.19452883 0.28517503
vt 0.31185994 0.36684
vt 0.19032517 0.27442133
vt 0.20625824 0.19967717
vt 0.26535961 0.2002908
vt 0.29770738 0.24488425
vt 0.28461352 0.21769357
vt 0.2780863 0.19963312
vt 0.27958739 0.19963217
vt 0.32788214 0.43664932
vt 0.37697646 0.52007866
vt 0.39575985 0.52224553
vt 0.39953572 0.53583789
vt 0.37548444 0.99272764
vt 0.35113022 0.99521035
vt 0.35437766 0.99520761
vt 0.36008304 0.99520051
vt 0.36755383 0.9950493
vt 0.094538607 0.43532443
vt 0.092514165 0.48045653
vt 0.088564329 0.46305996
vt 0.10750867 0.38835979
vt 0.31358102 0.35751027
vt 0.31700462 0.33024526
vt 0.20313376 0.19967896
vt 0.21613611 0.19967043
vt 0.23745908 0.19965732
vt 0.24673396 0.19965088
vt 0.30634379 0.25641805
vt 0.29559627 0.2152791
vt 0.29651254 0.23344338
vt 0.3258639 0.44573766
vt 0.37170795 0.50868732
vt 0.38594097 0.50671864
vt 0.39952904 0.51846457
vt 0.39953253 0.52643132
vt 0.38060367 0.99519521
vt 0.35164225 0.99520987
vt 0.36117083 0.99519962
vt 0.092433684 0.44531047
vt 0.087264225 0.47599286
vt 0.087994762 0.46532583
vt 0.10397983 0.40223992
vt 0.10337311 0.39625329
vt 0.10808443 0.38106066
vt 0.31849045 0.3404851
vt 0.31768563 0.31027937
vt 0.20190562 0.19967872
vt 0.22216587 0.1996668
vt 0.24257891 0.19965446
vt 0.26448363 0.19964093
vt 0.26813617 0.1996389
vt 0.30591041 0.24924892
vt 0.31277621 0.28139853
vt 0.29637635 0.22474509
vt 0.29020396 0.20952147
vt 0.28338769 0.20536739
vt 0.33245727 0.44152778
vt 0.31511638 0.44347173
vt 0.37970668 0.50688577
vt 0.39952818 0.51584589
vt 0.37614447 0.99519485
vt 0.3736797 0.99519563
vt 0.36745414 0.99519616
vt 0.10555233 0.38601345
vt 0.32073158 0.34949917
vt 0.3248919 0.32809079
vt 0.19195957 0.2117874
vt 0.26488003 0.19964069
vt 0.26594442 0.19964015
vt 0.317698 0.26594591
vt 0.29918084 0.22327161
vt 0.29836363 0.20263714
vt 0.28025934 0.19963133
vt 0.33194342 0.44709343
vt 0.37882137 0.49397761
vt 0.38362557 0.49803889
vt 0.37495524 0.99519527
vt 0.36753449 0.99519616
vt 0.32740542 0.3412466
vt 0.32076254 0.28333014
vt 0.32587007 0.31311488
vt 0.19480932 0.19967854
vt 0.26510823 0.19964051
vt 0.26553673 0.19964027
vt 0.30227014 0.20943481
vt 0.29068685 0.20240188
vt 0.28197491 0.19962847
vt 0.32657585 0.29175603
vt 0.33024091 0.32630163
vt 0.33134288 0.33384836
vt 0.19301662 0.19967675
vt 0.32736829 0.28027797
vt 0.29270434 0.19961411
vt 0.30431315 0.20534259
vt 0.29773152 0.19961238
vt 0.30465627 0.19961053
vt 0.30114129 0.1996122
vt 0.48715141 0.92118037
vt 0.47849604 0.9148671
vt 0.48384532 0.91048092
vt 0.48713583 0.90201044
vt 0.47655666 0.9266786
vt 0.47612491 0.90489435
vt 0.502051 0.91399735
vt 0.48198211 0.93468958
vt 0.47297204 0.91166961
vt 0.47349748 0.91001886
vt 0.49461684 0.88875031
vt 0.4942916 0.92822134
vt 0.47654566 0.89646202
vt 0.4733279 0.93870389
vt 0.47281727 0.91189301
vt 0.47532293 0.90506274
vt 0.48519108 0.88709044
vt 0.50661254 0.90099025
vt 0.5039342 0.93500948
vt 0.47590384 0.89899164
vt 0.48097426 0.94295734
vt 0.46412209 0.93344104
vt 0.46830979 0.9174071
vt 0.49332801 0.87275493
vt 0.50929898 0.90977263
vt 0.50799829 0.88740194
vt 0.51093423 0.92162973
vt 0.49621639 0.94252723
vt 0.47674197 0.89516306
vt 0.45868036 0.94084442
vt 0.47308153 0.9487496
vt 0.48061028 0.88405097
vt 0.51179057 0.89495206
vt 0.51386082 0.93545759
vt 0.49931359 0.95185608
vt 0.48752046 0.95313615
vt 0.46435198 0.92041409
vt 0.45039347 0.93351305
vt 0.47405347 0.95851028
vt 0.48494506 0.87716937
vt 0.49673793 0.86078584
vt 0.51836842 0.8989085
vt 0.51982629 0.91291094
vt 0.51547217 0.88379067
vt 0.51618135 0.94759774
vt 0.50767809 0.95291752
vt 0.45941657 0.9245407
vt 0.46535948 0.95452487
vt 0.44892681 0.93558782
vt 0.48831528 0.87203759
vt 0.49852034 0.85800534
vt 0.4914158 0.86863035
vt 0.52104092 0.8822552
vt 0.51590049 0.86199403
vt 0.52417147 0.92939806
vt 0.5254401 0.94622272
vt 0.5050568 0.9603647
vt 0.48623314 0.96085918
vt 0.45492858 0.95776546
vt 0.44674459 0.93935245
vt 0.46529093 0.96279645
vt 0.49940264 0.85681665
vt 0.53066576 0.88505894
vt 0.52029932 0.87086833
vt 0.52751482 0.91242802
vt 0.52105635 0.95518631
vt 0.51558399 0.95144117
vt 0.51175356 0.96103555
vt 0.44908819 0.95431548
vt 0.44800729 0.94389302
vt 0.52063882 0.84080511
vt 0.53037143 0.84814066
vt 0.53426367 0.91059107
vt 0.53751606 0.94405901
vt 0.53239983 0.95607513
vt 0.45128602 0.96416873
vt 0.44242412 0.94505185
vt 0.53059 0.89752167
vt 0.50328618 0.85273647
vt 0.53811598 0.9320839
vt 0.53225321 0.94765669
vt 0.44205958 0.95422667
vt 0.44241071 0.96028864
vt 0.44048491 0.94912988
vt 0.54079545 0.87643981
vt 0.53524601 0.89259303
vt 0.51689208 0.83888108
vt 0.53661567 0.84736848
vt 0.53997326 0.91933495
vt 0.54217416 0.93090332
vt 0.52059114 0.83555818
vt 0.5339511 0.83285969
vt 0.54264164 0.90149325
vt 0.54072279 0.89615023
vt 0.53587651 0.96087563
vt 0.54657906 0.94843501
vt 0.43989056 0.95214438
vt 0.43930364 0.95422578
vt 0.55007613 0.86488795
vt 0.54367119 0.8889063
vt 0.55181921 0.83900917
vt 0.54900175 0.92330623
vt 0.56014782 0.84948868
vt 0.5508799 0.87538451
vt 0.53078306 0.82801914
vt 0.55111587 0.82925808
vt 0.56191337 0.89849889
vt 0.54518366 0.96052277
vt 0.56557155 0.9385258
vt 0.55941439 0.86655045
vt 0.557262 0.88933176
vt 0.55040699 0.8088336
vt 0.56447971 0.84136117
vt 0.56380379 0.82338774
vt 0.55913079 0.92590272
vt 0.54880732 0.95321953
vt 0.55577773 0.94842571
vt 0.56720436 0.85591227
vt 0.55009168 0.80886805
vt 0.57272649 0.92101949
vt 0.56610858 0.88361287
vt 0.55246502 0.95858884
vt 0.56842315 0.95138359
vt 0.56816339 0.87243193
vt 0.55049074 0.80849999
vt 0.5767265 0.85112751
vt 0.57962525 0.83578306
vt 0.57479131 0.89619029
vt 0.57444763 0.93412685
vt 0.57549018 0.94640493
vt 0.5606451 0.95737523
vt 0.57790959 0.86787486
vt 0.58268195 0.91624707
vt 0.57266569 0.87859172
vt 0.582578 0.93018281
vt 0.57322925 0.95851034
vt 0.59191221 0.8406902
vt 0.58322102 0.85397792
vt 0.58271044 0.89475358
vt 0.57813263 0.88136065
vt 0.57916635 0.94105124
vt 0.58673912 0.95300227
vt 0.58458692 0.87056625
vt 0.58797824 0.92871827
vt 0.59062666 0.89080483
vt 0.59046125 0.93776137
vt 0.58028567 0.95904726
vt 0.59642005 0.85246766
vt 0.58964705 0.86167741
vt 0.59394592 0.91142273
vt 0.58793759 0.88426298
vt 0.5841893 0.96753454
vt 0.60889435 0.84326977
vt 0.59080434 0.87279463
vt 0.59934384 0.91995102
vt 0.60121852 0.88939929
vt 0.59729099 0.94473433
vt 0.59140384 0.96349621
vt 0.61128247 0.85545993
vt 0.59899741 0.86413431
vt 0.60406399 0.90606904
vt 0.60062402 0.93043268
vt 0.59506208 0.95778447
vt 0.58860314 0.97456968
vt 0.6211682 0.85085154
vt 0.60102415 0.87790036
vt 0.60937715 0.91818762
vt 0.61578226 0.88486862
vt 0.60824925 0.93642908
vt 0.60299408 0.95495683
vt 0.59820825 0.96515107
vt 0.5930779 0.97319162
vt 0.63146716 0.8362658
vt 0.61943561 0.87068003
vt 0.61729616 0.90561575
vt 0.60701728 0.94894123
vt 0.592273 0.98546708
vt 0.63236153 0.85243845
vt 0.62176996 0.91962087
vt 0.61455667 0.93033838
vt 0.62612486 0.87839025
vt 0.61257857 0.94012022
vt 0.60651392 0.96003717
vt 0.59664571 0.9779492
vt 0.63903683 0.84290522
vt 0.62983799 0.86583966
vt 0.63174134 0.90903479
vt 0.62680918 0.89147609
vt 0.61331069 0.95712256
vt 0.60314178 0.97707266
vt 0.60107589 0.98827535
vt 0.64669061 0.83598697
vt 0.64266396 0.85538977
vt 0.6298756 0.92202789
vt 0.63310134 0.87097013
vt 0.61836076 0.94430715
vt 0.609855 0.96932399
vt 0.59518117 0.99149299
vt 0.64613467 0.84856749
vt 0.64104271 0.90693539
vt 0.62388986 0.93244165
vt 0.63931644 0.88751751
vt 0.62482578 0.95167178
vt 0.61163914 0.97726047
vt 0.61002898 0.95923018
vt 0.65647262 0.83839935
vt 0.64972872 0.86128068
vt 0.64304221 0.87424117
vt 0.65085876 0.9109301
vt 0.63156998 0.93870449
vt 0.6237942 0.95996064
vt 0.61091453 0.98997509
vt 0.64879203 0.89474475
vt 0.64201391 0.93157864
vt 0.64292186 0.89315659
vt 0.63939244 0.94678539
vt 0.63383842 0.97819835
vt 0.62415653 0.98178464
vt 0.6653102 0.84399414
vt 0.64829677 0.88380474
vt 0.65340728 0.88927674
vt 0.65098882 0.93419468
vt 0.63909155 0.95989323
vt 0.62181437 0.97079909
vt 0.6228351 0.99505675
vt 0.65558338 0.87639624
vt 0.6311785 0.99526584
vt 0.65173936 0.94357347
vt 0.63577259 0.99508482
vt 0.70582008 0.74807221
vt 0.71504444 0.74148715
vt 0.71064776 0.76187229
vt 0.69768989 0.78784776
vt 0.71997827 0.72096938
vt 0.71792912 0.75455117
vt 0.70733869 0.80737746
vt 0.69634372 0.74699128
vt 0.71903658 0.74045926
vt 0.71605903 0.70561087
vt 0.69983184 0.80727792
vt 0.68988198 0.77998233
vt 0.70694739 0.70497429
vt 0.72548234 0.7311089
vt 0.72530997 0.69988793
vt 0.72287619 0.79009581
vt 0.6997655 0.83404255
vt 0.69173485 0.8022778
vt 0.68988287 0.78745627
vt 0.68987995 0.766927
vt 0.68987304 0.72007459
vt 0.72889096 0.70039189
vt 0.71460015 0.67537802
vt 0.72130454 0.68756664
vt 0.74632508 0.77494955
vt 0.7139768 0.84248441
vt 0.69477206 0.82426775
vt 0.68987548 0.73757339
vt 0.68986458 0.67038906
vt 0.73498529 0.68963569
vt 0.72702086 0.68212223
vt 0.74580121 0.7274881
vt 0.72616541 0.81910187
vt 0.70681477 0.87092018
vt 0.68988913 0.83611649
vt 0.68988329 0.79392737
vt 0.68988669 0.82543445
vt 0.68986374 0.66489065
vt 0.71914929 0.66045725
vt 0.72399694 0.66549051
vt 0.7715379 0.75483632
vt 0.74505848 0.80606437
vt 0.72065467 0.88885832
vt 0.69646305 0.84918219
vt 0.68988967 0.8425411
vt 0.68988377 0.80211377
vt 0.68988526 0.81591839
vt 0.74541658 0.66694939
vt 0.73658347 0.66446924
vt 0.76642507 0.73917276
vt 0.76109338 0.80306035
vt 0.7496143 0.83117777
vt 0.7447136 0.87659669
vt 0.71018356 0.90769166
vt 0.68989486 0.8743155
vt 0.7578572 0.68636638
vt 0.68986338 0.6631223
vt 0.73389769 0.64949536
vt 0.77405787 0.74465698
vt 0.78051692 0.70770645
vt 0.76798344 0.78427339
vt 0.73647738 0.91785109
vt 0.69911563 0.89893812
vt 0.71265709 0.92679691
vt 0.68989271 0.86419523
vt 0.68989706 0.88885474
vt 0.68989038 0.84726757
vt 0.74773097 0.649575
vt 0.76880574 0.67740059
vt 0.7667765 0.70587611
vt 0.71560812 0.63934267
vt 0.72769725 0.62871897
vt 0.7422666 0.64831501
vt 0.77832854 0.75811887
vt 0.77501947 0.77315241
vt 0.76787734 0.79573917
vt 0.75755876 0.83517653
vt 0.7520414 0.85081357
vt 0.72747183 0.94565684
vt 0.70223242 0.91961503
vt 0.6898976 0.89232022
vt 0.71855915 0.963018
vt 0.75698847 0.65808314
vt 0.77035755 0.69372731
vt 0.76893836 0.66586852
vt 0.68986303 0.66059983
vt 0.73665637 0.6366834
vt 0.73606622 0.6452778
vt 0.77874631 0.74221659
vt 0.77205521 0.79206538
vt 0.7659741 0.80658829
vt 0.76369292 0.82237118
vt 0.69658244 0.92293078
vt 0.68989855 0.91233832
vt 0.70299506 0.93700939
vt 0.74147087 0.63743937
vt 0.75892484 0.64930975
vt 0.77908456 0.67813671
vt 0.68986231 0.65439773
vt 0.72939491 0.60804212
vt 0.78203553 0.73828411
vt 0.69673496 0.95051104
vt 0.75190878 0.6342364
vt 0.77115327 0.65887231
vt 0.70184779 0.6228435
vt 0.71716648 0.58583331
vt 0.74041647 0.61672932
vt 0.78326237 0.72258747
vt 0.78691632 0.69069672
vt 0.68989855 0.91269648
vt 0.70413566 0.98198402
vt 0.75424969 0.62208754
vt 0.76700866 0.6544292
vt 0.75735319 0.63416344
vt 0.77514547 0.65594119
vt 0.68985623 0.61196089
vt 0.72794783 0.57923687
vt 0.74101329 0.59555507
vt 0.79017234 0.70301139
vt 0.78948265 0.6796487
vt 0.69087273 0.92210186
vt 0.69005042 0.9958902
vt 0.74651074 0.6123724
vt 0.7698071 0.64543033
vt 0.76245946 0.6369487
vt 0.78866041 0.66681683
vt 0.74363708 0.57922548
vt 0.71839833 0.57924354
vt 0.68990666 0.94503301
vt 0.68989861 0.91356522
vt 0.68991423 0.99484694
vt 0.78441626 0.64833486
vt 0.77986044 0.63514489
vt 0.68985349 0.59520912
vt 0.71345282 0.57924628
vt 0.74612713 0.57922316
vt 0.79280508 0.67613399
vt 0.68990034 0.92412502
vt 0.68989998 0.92237794
vt 0.68991435 0.99554545
vt 0.75135702 0.57921946
vt 0.77094775 0.61904371
vt 0.77001929 0.63230664
vt 0.79291779 0.64526451
vt 0.68985105 0.58262849
vt 0.79770571 0.6638658
vt 0.75569135 0.57921636
vt 0.79354775 0.66151166
vt 0.69247794 0.5792582
vt 0.7658509 0.57920903
vt 0.78426373 0.60354596
vt 0.68985045 0.57925975
vt 0.76788402 0.58101881
vt 0.80555075 0.61808217
vt 0.79797095 0.65426344
vt 0.76797652 0.57920742
vt 0.80383319 0.63465416
vt 0.79551733 0.59042889
vt 0.79797757 0.64791048
vt 0.80062354 0.64311594
vt 0.77765232 0.5792011
vt 0.8114925 0.5954423
vt 0.78842765 0.57919419
vt 0.80956185 0.57918143
vt 0.79859698 0.57918763
vt 0.90414423 0.98159504
vt 0.90204847 0.98049361
vt 0.90662992 0.9698633
vt 0.90069127 0.9908945
vt 0.9017188 0.96124983
vt 0.89626396 0.98745972
vt 0.90985799 0.96139193
vt 0.89688724 0.96747512
vt 0.89631003 0.99574274
vt 0.90164769 0.94868344
vt 0.89341724 0.9529103
vt 0.89483172 0.99246973
vt 0.89114434 0.97853416
vt 0.91502976 0.95284361
vt 0.89046323 0.96482372
vt 0.89313674 0.98713112
vt 0.90728456 0.93535793
vt 0.89491946 0.94214809
vt 0.88801116 0.95694286
vt 0.88712269 0.97279316
vt 0.90728676 0.92907369
vt 0.91426426 0.94306999
vt 0.88583791 0.92938453
vt 0.89609635 0.93717504
vt 0.88717675 0.94819033
vt 0.88633829 0.96546799
vt 0.89763188 0.93036526
vt 0.91100657 0.93260467
vt 0.9180975 0.95107073
vt 0.87970257 0.94853693
vt 0.88187742 0.96041834
vt 0.89522809 0.91568458
vt 0.91092044 0.92398977
vt 0.91355693 0.92893463
vt 0.88855147 0.92553735
vt 0.88757557 0.91576225
vt 0.9031319 0.91988039
vt 0.90638095 0.90981293
vt 0.88344288 0.92120308
vt 0.87868178 0.92896813
vt 0.87219822 0.96065152
vt 0.88880438 0.90627456
vt 0.91224217 0.91932499
vt 0.87535286 0.94057435
vt 0.87278122 0.9450472
vt 0.8783654 0.90814108
vt 0.89433843 0.89550495
vt 0.87840205 0.9185338
vt 0.87265366 0.93495721
vt 0.86590075 0.9407407
vt 0.87704372 0.88544869
vt 0.88199645 0.85810047
vt 0.90171736 0.89619404
vt 0.87123221 0.92430049
vt 0.86151755 0.89698523
vt 0.84491986 0.85256886
vt 0.86368233 0.83964229
vt 0.8952328 0.8660515
vt 0.86166835 0.92109156
vt 0.8443377 0.87314796
vt 0.87138999 0.82092154
vt 0.88447779 0.82685494
vt 0.90131235 0.87177145
vt 0.84299451 0.79369587
vt 0.84734672 0.89842355
vt 0.89346623 0.82452482
vt 0.89854586 0.85026854
vt 0.8256588 0.782637
vt 0.86220711 0.7940433
vt 0.87688309 0.79759634
vt 0.8900677 0.79503548
vt 0.83048904 0.77543157
vt 0.85762054 0.76775289
vt 0.82334816 0.74622929
vt 0.84177184 0.75687069
vt 0.8710019 0.75735211
vt 0.88476735 0.76500189
vt 0.81618607 0.7456125
vt 0.86811602 0.72167438
vt 0.8568306 0.73880541
vt 0.89050728 0.77086318
vt 0.83142477 0.73838937
vt 0.81425959 0.71354264
vt 0.89233232 0.74952459
vt 0.87827045 0.72968221
vt 0.84723258 0.72936654
vt 0.82313412 0.71583378
vt 0.83656269 0.7188862
vt 0.88564759 0.73173481
vt 0.88050848 0.71572721
vt 0.85672253 0.71869475
vt 0.82313448 0.68737435
vt 0.8965618 0.7267344
vt 0.86535984 0.70422614
vt 0.85745662 0.70789015
vt 0.848414 0.7090013
vt 0.88762093 0.7102415
vt 0.87766927 0.70146155
vt 0.83730459 0.69540572
vt 0.89587355 0.70031357
vt 0.85633773 0.6937815
vt 0.8721661 0.68078196
vt 0.85042799 0.69710726
vt 0.84702533 0.68639541
vt 0.88767433 0.6952467
vt 0.89985776 0.71247029
vt 0.88450205 0.67093593
vt 0.83850646 0.66146457
vt 0.89194751 0.68121541
vt 0.88873672 0.68311644
vt 0.85431808 0.68099117
vt 0.85238343 0.6936698
vt 0.87084424 0.66853869
vt 0.83050585 0.64369094
vt 0.84517193 0.6603303
vt 0.89526349 0.67933011
vt 0.8891567 0.66122746
vt 0.88485318 0.63159037
vt 0.83741474 0.63929707
vt 0.85369593 0.65975642
vt 0.8441602 0.63739371
vt 0.89280504 0.66829431
vt 0.87314093 0.62833095
vt 0.83198047 0.62461066
vt 0.86050713 0.63038862
vt 0.89228392 0.64534092
vt 0.87698102 0.61730736
vt 0.84054035 0.61476874
vt 0.85125542 0.63268709
vt 0.88888967 0.6238907
vt 0.86317509 0.6003896
vt 0.88555926 0.61411226
vt 0.87210751 0.59344351
vt 0.83094239 0.60782409
vt 0.85035759 0.61781228
vt 0.8929525 0.62041545
vt 0.85587758 0.6109314
vt 0.87006515 0.60473293
vt 0.87950063 0.59930545
vt 0.83736432 0.60487539
vt 0.89101243 0.60825038
vt 0.85998219 0.59594727
vt 0.88771695 0.60147679
vt 0.87457842 0.59104002
vt 0.84768027 0.60157681
vt 0.82879925 0.59706181
vt 0.85408753 0.60008466
vt 0.85861528 0.58875585
vt 0.86783308 0.58912343
vt 0.84982264 0.59145415
vt 0.67903173 0.61764449
vt 0.67820424 0.60467452
vt 0.68243235 0.61148512
vt 0.68203181 0.61315268
vt 0.66983062 0.60790992
vt 0.68055701 0.61906707
vt 0.66415846 0.63480544
vt 0.67606068 0.59432262
vt 0.67940414 0.62309813
vt 0.65725648 0.59703159
vt 0.67531037 0.63630295
vt 0.66925371 0.59163427
vt 0.65297252 0.63640165
vt 0.66274393 0.59578037
vt 0.67249018 0.64635575
vt 0.67442483 0.58576751
vt 0.65999097 0.66126174
vt 0.64415812 0.61614603
vt 0.65305609 0.66404766
vt 0.64886832 0.59854627
vt 0.62855077 0.62238455
vt 0.66412818 0.67621899
vt 0.65152049 0.68281162
vt 0.64581913 0.60091138
vt 0.64041263 0.60931242
vt 0.66411102 0.67627394
vt 0.64594823 0.68095088
vt 0.6386866 0.67072749
vt 0.62559938 0.61797869
vt 0.64796913 0.68754655
vt 0.65649992 0.69202518
vt 0.62175435 0.64710546
vt 0.61765474 0.61614865
vt 0.6490078 0.69694185
vt 0.6447823 0.69016254
vt 0.64202034 0.68195415
vt 0.66408306 0.67637521
vt 0.62681752 0.67165422
vt 0.61499113 0.64548206
vt 0.61255693 0.62089884
vt 0.63769621 0.68174434
vt 0.65974951 0.69146812
vt 0.658934 0.69404614
vt 0.63426149 0.67424262
vt 0.61348128 0.63315582
vt 0.61001247 0.61251938
vt 0.64031571 0.68892276
vt 0.65762019 0.69856441
vt 0.63316685 0.6867376
vt 0.61625117 0.6791482
vt 0.60558563 0.65235245
vt 0.60661262 0.63096559
vt 0.61547154 0.6051113
vt 0.6049915 0.61975658
vt 0.64262497 0.69706929
vt 0.6363669 0.69506311
vt 0.63201773 0.69602108
vt 0.62694931 0.6916461
vt 0.60502696 0.59733951
vt 0.60345775 0.60991728
vt 0.63935328 0.70281029
vt 0.64334524 0.70627391
vt 0.615704 0.70585018
vt 0.60514712 0.67598438
vt 0.59297615 0.63132232
vt 0.61138511 0.59392059
vt 0.63589609 0.7165727
vt 0.632608 0.70706022
vt 0.61150008 0.69132602
vt 0.62578738 0.71527123
vt 0.59676242 0.65431249
vt 0.60949671 0.58406126
vt 0.59809911 0.60002667
vt 0.6402753 0.71111649
vt 0.60466248 0.71030939
vt 0.62035549 0.72738302
vt 0.60188258 0.69165778
vt 0.58516431 0.6786139
vt 0.58279186 0.66719019
vt 0.60215056 0.58784521
vt 0.59196794 0.60211104
vt 0.63988364 0.71704274
vt 0.60618192 0.71535224
vt 0.57816714 0.6396057
vt 0.60807317 0.56998682
vt 0.5953685 0.59103459
vt 0.60352254 0.71631765
vt 0.60133392 0.70289075
vt 0.61028141 0.72529703
vt 0.58954573 0.69306219
vt 0.57837248 0.67428023
vt 0.57094979 0.66507751
vt 0.5981245 0.5491038
vt 0.59140044 0.56845236
vt 0.58696538 0.59410131
vt 0.60417289 0.72611618
vt 0.5961948 0.69671679
vt 0.61123973 0.73427665
vt 0.58488721 0.68555927
vt 0.57767755 0.68451011
vt 0.56889248 0.64097488
vt 0.60515267 0.5485456
vt 0.57486844 0.58526587
vt 0.59702826 0.70979178
vt 0.604882 0.73517311
vt 0.60435623 0.73485088
vt 0.58300191 0.68895495
vt 0.56606829 0.6600318
vt 0.56036484 0.61891717
vt 0.59244603 0.52946067
vt 0.60164422 0.54234117
vt 0.56520534 0.58816797
vt 0.60963744 0.73729527
vt 0.60409188 0.73474419
vt 0.58695608 0.71351516
vt 0.58362007 0.70145595
vt 0.57836306 0.69740337
vt 0.56134737 0.64239514
vt 0.5948298 0.51957846
vt 0.58467281 0.55646414
vt 0.60185969 0.52421856
vt 0.6075086 0.52835214
vt 0.58106613 0.56882256
vt 0.56338567 0.56417292
vt 0.59135991 0.7206381
vt 0.54539675 0.61344862
vt 0.55761027 0.5914613
vt 0.5910868 0.51249683
vt 0.581572 0.53705072
vt 0.57490146 0.55675542
vt 0.55406481 0.57464659
vt 0.58633804 0.71316612
vt 0.59657437 0.72021067
vt 0.58742571 0.72170979
vt 0.58219588 0.70711505
vt 0.54813176 0.59903008
vt 0.60050666 0.5106402
vt 0.59377944 0.49862719
vt 0.60569221 0.51996362
vt 0.5654031 0.54421341
vt 0.55213243 0.55951095
vt 0.58677089 0.71401078
vt 0.59409148 0.73045051
vt 0.59905207 0.71887422
vt 0.58917999 0.72787225
vt 0.58075356 0.70767921
vt 0.538746 0.58872408
vt 0.54886127 0.58289546
vt 0.57957536 0.5113427
vt 0.58838302 0.49156857
vt 0.57128608 0.52760696
vt 0.55601883 0.53448737
vt 0.54176748 0.5667249
vt 0.55134881 0.53956461
vt 0.59933519 0.7286216
vt 0.52023578 0.59389222
vt 0.60260206 0.50357985
vt 0.60732824 0.50491697
vt 0.58342206 0.49048781
vt 0.56204212 0.53358239
vt 0.54285681 0.54863113
vt 0.58979261 0.7328788
vt 0.59743422 0.73860407
vt 0.52645379 0.57474881
vt 0.57104075 0.50655401
vt 0.57722253 0.494991
vt 0.56720906 0.52320343
vt 0.55923599 0.52763844
vt 0.5370965 0.55357933
vt 0.59290498 0.74190313
vt 0.60144478 0.73797512
vt 0.5102132 0.57038999
vt 0.57391083 0.49865752
vt 0.54106039 0.54016864
vt 0.59922963 0.74517518
vt 0.59306592 0.74233127
vt 0.5042901 0.57167983
vt 0.51291811 0.56180716
vt 0.56764877 0.50906748
vt 0.57003343 0.49467182
vt 0.5664165 0.52034533
vt 0.52566284 0.55371141
vt 0.53493047 0.53569502
vt 0.60174376 0.7439785
vt 0.59619081 0.74449623
vt 0.59316456 0.74271405
vt 0.5056178 0.58012015
vt 0.50599152 0.56566888
vt 0.50560635 0.55931646
vt 0.56574738 0.49796605
vt 0.53108823 0.54363167
vt 0.53498399 0.52805436
vt 0.50740272 0.54995775
vt 0.51125175 0.54595858
vt 0.52157122 0.5364325
vt 0.52985889 0.53197002
vt 0.595191 0.74662316
vt 0.50344723 0.55280101
vt 0.51509857 0.5419659
vt 0.52794737 0.52039403
vt 0.5028168 0.54927045
vt 0.50639486 0.53816462
vt 0.51219344 0.52999282
vt 0.51614642 0.53363192
vt 0.52408588 0.52802289
vt 0.5017305 0.54665959
vt 0.51698762 0.52558255
vt 0.52103966 0.51939046
vt 0.74897307 0.37818402
vt 0.75797433 0.37271804
vt 0.75602418 0.39093137
vt 0.74384981 0.39364696
vt 0.7572847 0.3540889
vt 0.76386195 0.38087904
vt 0.73937458 0.38630766
vt 0.74955559 0.40435535
vt 0.76606226 0.36680597
vt 0.74004817 0.37205261
vt 0.76729786 0.38816094
vt 0.73679298 0.39722914
vt 0.74242359 0.40694809
vt 0.76776433 0.35502142
vt 0.75021625 0.34228146
vt 0.76911849 0.37234235
vt 0.73007911 0.3925004
vt 0.73747861 0.40758395
vt 0.75935429 0.4058733
vt 0.74288726 0.42005134
vt 0.76673037 0.32950372
vt 0.77044231 0.3635813
vt 0.73983687 0.35686642
vt 0.75603032 0.33049041
vt 0.77168989 0.37590045
vt 0.72129595 0.40272379
vt 0.7284984 0.40857577
vt 0.77016109 0.39603341
vt 0.73640144 0.42188984
vt 0.77248567 0.35311776
vt 0.72441882 0.36906153
vt 0.74651432 0.33649421
vt 0.74875236 0.32980144
vt 0.77742344 0.3642891
vt 0.77700204 0.38694435
vt 0.72822261 0.41892278
vt 0.75282395 0.32141948
vt 0.77579802 0.349792
vt 0.74006701 0.34393245
vt 0.78136617 0.37302125
vt 0.71915454 0.41846335
vt 0.70594913 0.38563812
vt 0.72970366 0.43411136
vt 0.76168776 0.30957204
vt 0.78459895 0.3407532
vt 0.78336173 0.35981369
vt 0.78673196 0.37995619
vt 0.71489555 0.40736818
vt 0.71693361 0.43109685
vt 0.72426599 0.43030351
vt 0.76897573 0.31221062
vt 0.78079927 0.32946861
vt 0.78888416 0.3748045
vt 0.70716047 0.42269582
vt 0.70183921 0.41430074
vt 0.7116645 0.43951744
vt 0.71985203 0.44377315
vt 0.76546025 0.30701774
vt 0.77713883 0.32357717
vt 0.78749746 0.33423102
vt 0.79032481 0.34276563
vt 0.78683686 0.36028218
vt 0.70645416 0.41410124
vt 0.703134 0.44062632
vt 0.69443226 0.39374089
vt 0.71582204 0.44342488
vt 0.78738731 0.32519513
vt 0.7035951 0.42592055
vt 0.6870082 0.39597899
vt 0.70747721 0.44917476
vt 0.79331452 0.33019799
vt 0.6994893 0.43086022
vt 0.68562365 0.42358792
vt 0.68396115 0.387851
vt 0.7015475 0.45623457
vt 0.79332817 0.31833887
vt 0.69365388 0.45073164
vt 0.69156271 0.43223888
vt 0.6795252 0.41160929
vt 0.68115175 0.38915682
vt 0.70017743 0.44923019
vt 0.69489956 0.43795478
vt 0.68798822 0.43820077
vt 0.67804205 0.42949355
vt 0.69479555 0.46419436
vt 0.69043863 0.44352311
vt 0.68192381 0.43396056
vt 0.67090416 0.41377503
vt 0.67755187 0.39970326
vt 0.68798476 0.46184975
vt 0.68251985 0.44779372
vt 0.6801883 0.44360489
vt 0.670623 0.42615956
vt 0.6895172 0.47566521
vt 0.68104774 0.46122724
vt 0.67292607 0.43930268
vt 0.6609776 0.42177933
vt 0.67034751 0.40339774
vt 0.68351144 0.47290605
vt 0.66510719 0.43593365
vt 0.65838182 0.40403122
vt 0.67125142 0.45280075
vt 0.67766702 0.46748096
vt 0.67529237 0.45776421
vt 0.66377485 0.44533384
vt 0.65135068 0.41569269
vt 0.65964627 0.43275851
vt 0.67711031 0.47729844
vt 0.64881873 0.40623116
vt 0.67272812 0.46392906
vt 0.66731608 0.45996791
vt 0.67231047 0.47709858
vt 0.65298265 0.43485183
vt 0.64854807 0.42130262
vt 0.65271091 0.40005672
vt 0.66298753 0.44927269
vt 0.65679699 0.44855446
vt 0.6415031 0.41908771
vt 0.66896755 0.47395444
vt 0.66047627 0.46044099
vt 0.64548349 0.43019426
vt 0.66827273 0.4835695
vt 0.64626628 0.44411457
vt 0.63672811 0.430668
vt 0.6637131 0.48481256
vt 0.65360838 0.45946032
vt 0.63981253 0.44445288
vt 0.65875375 0.47828335
vt 0.64371568 0.46646285
vt 0.63866824 0.45822567
vt 0.63561159 0.44020194
vt 0.66034347 0.48570651
vt 0.6268667 0.4540385
vt 0.62764674 0.44539279
vt 0.63076353 0.43733186
vt 0.65544111 0.48985326
vt 0.64445651 0.48633075
vt 0.62885392 0.48115599
vt 0.63026661 0.42996037
vt 0.64644933 0.49614012
vt 0.63390309 0.49578309
vt 0.95193553 0.98399067
vt 0.9543885 0.98461533
vt 0.95759833 0.99515384
vt 0.95682168 0.97356343
vt 0.95763713 0.98605013
vt 0.95480186 0.96786344
vt 0.95997208 0.99241138
vt 0.96105993 0.95278811
vt 0.94718963 0.9475503
vt 0.96208346 0.97894812
vt 0.96578968 0.9622134
vt 0.95451224 0.95140898
vt 0.96322334 0.98603153
vt 0.96817189 0.95159531
vt 0.95988935 0.93351656
vt 0.94882381 0.92798299
vt 0.96562129 0.97393042
vt 0.95364213 0.93730867
vt 0.94394636 0.92883688
vt 0.96676087 0.93609297
vt 0.95615149 0.91972595
vt 0.94244158 0.91800058
vt 0.96361369 0.92159438
vt 0.97210598 0.94515526
vt 0.93988222 0.92492688
vt 0.97044075 0.92537409
vt 0.97248346 0.93644702
vt 0.9601655 0.89307761
vt 0.94006115 0.91988343
vt 0.95035321 0.89724606
vt 0.9690333 0.91090083
vt 0.94009769 0.91361749
vt 0.94192022 0.89947957
vt 0.97545785 0.93382871
vt 0.95221978 0.88106197
vt 0.96914548 0.88978553
vt 0.94172549 0.90113419
vt 0.94604278 0.88862336
vt 0.9552049 0.87326455
vt 0.96716613 0.85929388
vt 0.94195127 0.89881861
vt 0.96355015 0.84937006
vt 0.94645709 0.86066633
vt 0.94251537 0.87355936
vt 0.94166428 0.88554233
vt 0.95837444 0.84624958
vt 0.97359985 0.83392799
vt 0.96745777 0.80067599
vt 0.94110221 0.85729247
vt 0.9590829 0.79796427
vt 0.94112843 0.87420094
vt 0.97119766 0.82615685
vt 0.94099343 0.86633992
vt 0.94395757 0.81868839
vt 0.94636005 0.80146444
vt 0.94094986 0.87308002
vt 0.97961813 0.81524903
vt 0.97225106 0.73458087
vt 0.97526437 0.80698776
vt 0.9608137 0.74448925
vt 0.94471163 0.80689824
vt 0.94513631 0.79616553
vt 0.98285335 0.73751211
vt 0.97903085 0.73306799
vt 0.9836635 0.68493491
vt 0.94473094 0.80077529
vt 0.95200652 0.75511611
vt 0.98610938 0.6970585
vt 0.9723534 0.68325323
vt 0.9565165 0.73572457
vt 0.99306631 0.69713616
vt 0.99304718 0.68141735
vt 0.96977717 0.68636584
vt 0.89473855 0.48051649
vt 0.88994116 0.49540257
vt 0.88656348 0.48844719
vt 0.89759105 0.45942509
vt 0.89773464 0.4933598
vt 0.88338584 0.49926913
vt 0.90088809 0.46885097
vt 0.89982206 0.48265195
vt 0.89937556 0.50192827
vt 0.88660812 0.50699514
vt 0.90546173 0.45774102
vt 0.90122837 0.48897099
vt 0.90288508 0.49321747
vt 0.87873816 0.51662707
vt 0.90493292 0.47244179
vt 0.90292746 0.4855817
vt 0.90971398 0.49355119
vt 0.89187664 0.51656675
vt 0.90957165 0.463108
vt 0.91404307 0.5064947
vt 0.9029054 0.51651472
vt 0.89353639 0.53570414
vt 0.91094649 0.45601314
vt 0.91484791 0.47571349
vt 0.91818577 0.49831921
vt 0.90156806 0.52815437
vt 0.88374472 0.53704691
vt 0.91123354 0.45985174
vt 0.91358942 0.46288657
vt 0.92163736 0.50317705
vt 0.91359961 0.51603746
vt 0.90787464 0.52076769
vt 0.89902818 0.53810692
vt 0.87697196 0.53849226
vt 0.92307222 0.46162027
vt 0.92809218 0.50776255
vt 0.92513698 0.48948497
vt 0.91194046 0.52838886
vt 0.9136191 0.54240477
vt 0.88247669 0.53859884
vt 0.92714953 0.47461778
vt 0.92744756 0.49498892
vt 0.92119461 0.52324307
vt 0.93082184 0.46520591
vt 0.93610656 0.49951982
vt 0.93692017 0.48625755
vt 0.92948794 0.51673746
vt 0.94498181 0.50398302
vt 0.92854863 0.52915269
vt 0.92065769 0.54128981
vt 0.93729001 0.46852982
vt 0.94560015 0.4952513
vt 0.93763524 0.52257538
vt 0.93833387 0.46102756
vt 0.94653058 0.47411603
vt 0.95039612 0.49793148
vt 0.94190955 0.52437758
vt 0.938241 0.53574264
vt 0.92629403 0.54356194
vt 0.94089985 0.46358192
vt 0.95668954 0.50405025
vt 0.95172513 0.51921761
vt 0.93659228 0.54688537
vt 0.92937219 0.54457343
vt 0.94849586 0.46121323
vt 0.96147811 0.47798884
vt 0.95793557 0.4969061
vt 0.94536239 0.53264409
vt 0.94708908 0.54857099
vt 0.95916539 0.46515274
vt 0.96877605 0.50386739
vt 0.96579117 0.51508105
vt 0.95074111 0.52890682
vt 0.94163412 0.55476344
vt 0.93181866 0.55300456
vt 0.97214645 0.47710872
vt 0.96698189 0.49211317
vt 0.95649004 0.52664691
vt 0.95489752 0.54191679
vt 0.9454602 0.55897492
vt 0.93667001 0.55598259
vt 0.97229028 0.46972388
vt 0.97534174 0.51358706
vt 0.97275263 0.49627441
vt 0.96929878 0.52261728
vt 0.95050317 0.55337608
vt 0.97910362 0.47172886
vt 0.97741789 0.49901509
vt 0.96176481 0.53733659
vt 0.95842409 0.55325377
vt 0.94885314 0.56316209
vt 0.97852981 0.4836179
vt 0.97230572 0.53045142
vt 0.98192877 0.50885993
vt 0.95737761 0.56073111
vt 0.98027408 0.47939187
vt 0.98203313 0.51868761
vt 0.9819746 0.49073213
vt 0.96410024 0.55587804
vt 0.9505347 0.57202947
vt 0.98205382 0.52773142
vt 0.97223425 0.54839504
vt 0.96504229 0.57400215
vt 0.94657838 0.57203543
vt 0.95454717 0.57716501
vt 0.9777264 0.54611576
vt 0.97022122 0.56551766
vt 0.95928013 0.57265121
vt 0.94798654 0.58333719
vt 0.9612537 0.58511186
vt 0.97469091 0.58503062
vt 0.95771861 0.58545876
vt 0.9540121 0.5920527
vt 0.98112738 0.55979776
vt 0.97254962 0.59878409
vt 0.98241603 0.58063138
vt 0.94539726 0.59643906
vt 0.96137047 0.59597123
vt 0.97763252 0.59560871
vt 0.98247671 0.58723342
vt 0.94907218 0.60224146
vt 0.98552066 0.56570017
vt 0.96680439 0.60867095
vt 0.97118163 0.61083484
vt 0.98954785 0.5759058
vt 0.95868212 0.60446924
vt 0.97958124 0.60625792
vt 0.98809779 0.58590984
vt 0.98892295 0.60000795
vt 0.98381037 0.60799873
vt 0.988653 0.60997784
vt 0.99413824 0.62079871
vt 0.47545063 0.31609076
vt 0.48093623 0.32457322
vt 0.47526392 0.33300871
vt 0.46783012 0.32996118
vt 0.48407674 0.31696451
vt 0.48370501 0.33240461
vt 0.47135219 0.33844757
vt 0.46333298 0.31722867
vt 0.47603926 0.30131769
vt 0.47729623 0.34475034
vt 0.46738878 0.35487175
vt 0.45575327 0.31009001
vt 0.48664382 0.30473775
vt 0.48959339 0.32183027
vt 0.47930914 0.35053432
vt 0.45904136 0.34630257
vt 0.4634034 0.29091895
vt 0.46816361 0.29429626
vt 0.47538513 0.28672999
vt 0.48983335 0.33829898
vt 0.45574737 0.39128399
vt 0.44951394 0.31386161
vt 0.45526814 0.2937209
vt 0.4727298 0.28830719
vt 0.47868416 0.27859658
vt 0.4967829 0.33534217
vt 0.49088728 0.36710393
vt 0.47588101 0.37597752
vt 0.44789425 0.37012541
vt 0.44478402 0.29243225
vt 0.45098013 0.3389048
vt 0.44965252 0.29428124
vt 0.46201769 0.28498924
vt 0.46800402 0.2824139
vt 0.47400281 0.27525681
vt 0.48637611 0.27905512
vt 0.48979473 0.2841239
vt 0.44974098 0.39236099
vt 0.45919499 0.40798163
vt 0.44270968 0.30770493
vt 0.4437272 0.33295459
vt 0.45633206 0.2818796
vt 0.48534164 0.27289498
vt 0.5000546 0.29099852
vt 0.50678676 0.36419106
vt 0.4861165 0.39698315
vt 0.45023516 0.40692168
vt 0.44470638 0.39533341
vt 0.47644427 0.40715045
vt 0.45077837 0.28145516
vt 0.47757903 0.27089506
vt 0.49631768 0.27412462
vt 0.51061821 0.30837625
vt 0.51807034 0.32981557
vt 0.49669245 0.38857138
vt 0.48274261 0.40267611
vt 0.44565052 0.40419436
vt 0.4426617 0.37101215
vt 0.46527305 0.41905326
vt 0.45392928 0.41500968
vt 0.44569224 0.28267384
vt 0.50630099 0.28143752
vt 0.50994027 0.28730756
vt 0.51828557 0.35751081
vt 0.50522339 0.39260948
vt 0.49272937 0.40542042
vt 0.49011949 0.42365253
vt 0.44777825 0.41367537
vt 0.44132045 0.38296849
vt 0.43960819 0.34887946
vt 0.48098463 0.42092258
vt 0.47022456 0.44781631
vt 0.4591229 0.41866821
vt 0.45134106 0.42007297
vt 0.50083417 0.27413911
vt 0.52366799 0.29178357
vt 0.52202851 0.30810696
vt 0.51306176 0.3622582
vt 0.52703542 0.34828848
vt 0.49803996 0.40067375
vt 0.51188552 0.38880092
vt 0.43981612 0.3689388
vt 0.43950924 0.33723319
vt 0.46078023 0.42761809
vt 0.51583016 0.28041184
vt 0.52873963 0.31410044
vt 0.521501 0.37612802
vt 0.52867281 0.33002484
vt 0.52430642 0.3611595
vt 0.50808495 0.39800531
vt 0.49585581 0.42004228
vt 0.48793748 0.43429059
vt 0.48001051 0.43695176
vt 0.45596069 0.42304915
vt 0.53059137 0.29783535
vt 0.52345407 0.28172398
vt 0.51788598 0.38733709
vt 0.53223354 0.35051823
vt 0.53002429 0.3709237
vt 0.50223625 0.41544753
vt 0.50253946 0.44059426
vt 0.49332723 0.42575419
vt 0.49272567 0.43726379
vt 0.47700375 0.45460367
vt 0.53095144 0.28932375
vt 0.52845663 0.28513616
vt 0.52420193 0.39239585
vt 0.5263589 0.37847185
vt 0.50892532 0.41730779
vt 0.5203774 0.40063924
vt 0.49568152 0.43194866
vt 0.49075192 0.45227474
vt 0.48668385 0.45270085
vt 0.47292843 0.45868325
vt 0.4805201 0.46751106
vt 0.53516358 0.37184572
vt 0.52923334 0.38618815
vt 0.50807077 0.43103057
vt 0.49645928 0.44752795
vt 0.52759391 0.40508759
vt 0.53246588 0.38369554
vt 0.50657725 0.44342977
vt 0.51624167 0.42359
vt 0.49747616 0.45482683
vt 0.52168036 0.42342693
vt 0.53267324 0.39880919
vt 0.51336229 0.4488849
vt 0.50457168 0.45545208
vt 0.51790273 0.43708092
vt 0.49202353 0.4653818
vt 0.48902082 0.46163905
vt 0.53077573 0.41914088
vt 0.53250241 0.40696901
vt 0.50794417 0.45183432
vt 0.49879858 0.4658246
vt 0.48766783 0.47631246
vt 0.52583236 0.4430275
vt 0.52079046 0.44553375
vt 0.49769825 0.47714555
vt 0.48574653 0.49133122
vt 0.53087097 0.43707436
vt 0.49306452 0.48439717
vt 0.49030131 0.49131995
vt 0.53280985 0.42745131
vt 0.48801714 0.49705857
vt 0.46621856 0.72169983
vt 0.46786958 0.7272712
vt 0.46318692 0.72424352
vt 0.46418568 0.70669025
vt 0.47460973 0.71649021
vt 0.46153134 0.73998266
vt 0.46944678 0.71079278
vt 0.45978421 0.7111305
vt 0.47387922 0.7291925
vt 0.46744367 0.7385484
vt 0.45932966 0.72728026
vt 0.47240809 0.7000699
vt 0.45737869 0.7050457
vt 0.45934415 0.71764207
vt 0.48106739 0.72030783
vt 0.46769324 0.7462905
vt 0.46570304 0.69396645
vt 0.4555085 0.7117942
vt 0.46157309 0.69918323
vt 0.47098774 0.74190795
vt 0.48040545 0.71203756
vt 0.47451818 0.68916011
vt 0.45292816 0.70991027
vt 0.45400518 0.69885725
vt 0.48394176 0.71530706
vt 0.48296693 0.69197071
vt 0.46258524 0.68384469
vt 0.46941304 0.68450749
vt 0.48473004 0.70822537
vt 0.47200146 0.68234742
vt 0.47766116 0.6823104
vt 0.45048395 0.70555711
vt 0.4561626 0.68567812
vt 0.48861915 0.70306134
vt 0.46691644 0.67355317
vt 0.46991551 0.66291177
vt 0.48297995 0.68254697
vt 0.44821051 0.70179307
vt 0.45216161 0.69278347
vt 0.46036881 0.67406726
vt 0.48778236 0.68902284
vt 0.46400851 0.67155516
vt 0.47842085 0.6720984
vt 0.44877651 0.68978262
vt 0.45634675 0.6730153
vt 0.49375156 0.70245337
vt 0.46374899 0.66492665
vt 0.48178318 0.6612035
vt 0.48534149 0.67529058
vt 0.46062857 0.66611302
vt 0.49597928 0.69460225
vt 0.49268842 0.70794892
vt 0.46646753 0.65216041
vt 0.46995974 0.65394837
vt 0.49701577 0.67451954
vt 0.44372934 0.70084798
vt 0.4454698 0.68029106
vt 0.45509857 0.66202283
vt 0.50770146 0.68932617
vt 0.49955696 0.71380651
vt 0.4602792 0.65324229
vt 0.47609639 0.64094627
vt 0.48277101 0.64047325
vt 0.49683285 0.65357548
vt 0.50254822 0.68247461
vt 0.50621855 0.69950324
vt 0.50618166 0.70873308
vt 0.46039003 0.64497286
vt 0.50264972 0.65677476
vt 0.43903387 0.70013237
vt 0.45559123 0.6455555
vt 0.51394337 0.67558241
vt 0.51110172 0.69525206
vt 0.50549763 0.71924889
vt 0.4623087 0.63252681
vt 0.47314453 0.63469291
vt 0.47922668 0.63525641
vt 0.49109918 0.63802695
vt 0.50810874 0.66735423
vt 0.50313193 0.6484648
vt 0.51810569 0.69044054
vt 0.50929612 0.71536779
vt 0.48269948 0.62792337
vt 0.50692636 0.65546179
vt 0.51350182 0.66258299
vt 0.5090996 0.71159905
vt 0.51988178 0.67709827
vt 0.45792177 0.6252383
vt 0.46987596 0.62570381
vt 0.47485754 0.62338865
vt 0.51026136 0.64786565
vt 0.51322347 0.71310335
vt 0.52300829 0.69176495
vt 0.453062 0.62935066
vt 0.46214181 0.6241554
vt 0.46625462 0.61995983
vt 0.52472699 0.66652989
vt 0.51656842 0.70397186
vt 0.52680075 0.6814633
vt 0.52155006 0.69850135
vt 0.44977474 0.65687013
vt 0.45865479 0.60940409
vt 0.46995291 0.61374462
vt 0.51842594 0.65402031
vt 0.53006589 0.68829155
vt 0.45602521 0.60596365
vt 0.463148 0.60964584
vt 0.52063 0.63868988
vt 0.52638191 0.65131992
vt 0.53005171 0.65941644
vt 0.53581685 0.68023902
vt 0.53624821 0.67384791
vt 0.52668619 0.64004147
vt 0.53143656 0.64907861
vt 0.53454208 0.65881312
vt 0.54049158 0.6764636
vt 0.52319914 0.63469887
vt 0.53971595 0.66956902
vt 0.53566271 0.64197886
vt 0.53879559 0.65713477
vt 0.54412365 0.64720935
vt 0.81592 0.9710539
vt 0.81651223 0.98766994
vt 0.80020022 0.9673053
vt 0.80159748 0.95867407
vt 0.82383561 0.97842425
vt 0.80342472 0.98445582
vt 0.78668058 0.94838667
vt 0.81171536 0.9643231
vt 0.81680852 0.96330214
vt 0.82546699 0.98667371
vt 0.78998852 0.96915847
vt 0.81974792 0.99658614
vt 0.79011381 0.93540221
vt 0.80611527 0.95409727
vt 0.76707834 0.92182064
vt 0.76782382 0.94606388
vt 0.77129197 0.96767145
vt 0.7510156 0.91848612
vt 0.74726272 0.94536877
vt 0.74911952 0.93159884
vt 0.75437492 0.9049297
vt 0.74897546 0.96480662
vt 0.74314088 0.93933427
vt 0.75373375 0.97258323
vt 0.72354543 0.97766316
vt 0.7342639 0.95746583
vt 0.74108458 0.98243207
vt 0.73337817 0.98289841
vt 0.7206775 0.97932321
vt 0.017768065 0.52936411
vt 0.020324333 0.53904206
vt 0.016948573 0.53667194
vt 0.012690525 0.53449917
vt 0.021335496 0.53119016
vt 0.015895741 0.5455451
vt 0.014198423 0.52233523
vt 0.02207242 0.52553487
vt 0.026203373 0.52888107
vt 0.022637988 0.54497147
vt 0.0090598743 0.54747748
vt 0.007519145 0.52931345
vt 0.01981456 0.51807725
vt 0.028020641 0.53867656
vt 0.02038944 0.55553365
vt 0.00532238 0.54397333
vt 0.01312107 0.51280069
vt 0.018415781 0.50911462
vt 0.027235834 0.51988435
vt 0.029502928 0.526425
vt 0.026886331 0.55418718
vt 0.0020755203 0.53623915
vt 0.0030615118 0.52430922
vt 0.024442652 0.50796837
vt 0.032395985 0.53104377
vt 0.033898719 0.54678708
vt 0.02515256 0.5757795
vt 0.002117218 0.54274321
vt 0.015407236 0.50421441
vt 0.021592529 0.49912184
vt 0.028974414 0.51409364
vt 0.032961082 0.52270555
vt 0.030227697 0.55707568
vt 0.027688073 0.57193911
vt 0.02574013 0.49887681
vt 0.038447965 0.52115345
vt 0.03882904 0.53704667
vt 0.034698583 0.55515701
vt 0.031174975 0.58381867
vt 0.031462103 0.50954413
vt 0.038531996 0.53260326
vt 0.036529157 0.51563466
vt 0.040063202 0.54751742
vt 0.033967022 0.56809247
vt 0.036389165 0.57493275
vt 0.040629372 0.52903783
vt 0.039263487 0.50381732
vt 0.046408776 0.53130245
vt 0.040182237 0.56305712
vt 0.037730254 0.58450252
vt 0.034215674 0.50067198
vt 0.048276857 0.52070552
vt 0.04759834 0.50941479
vt 0.049388994 0.5379287
vt 0.049960364 0.54682469
vt 0.039826751 0.58512163
vt 0.04788636 0.56109464
vt 0.051258203 0.51439887
vt 0.053441688 0.52221674
vt 0.054907449 0.54187155
vt 0.045049608 0.57422328
vt 0.053896945 0.54845357
vt 0.051314659 0.50678492
vt 0.055732831 0.52628601
vt 0.048586711 0.5721525
vt 0.053659715 0.56358105
vt 0.044871744 0.58325702
vt 0.052658141 0.51087523
vt 0.055471607 0.51374096
vt 0.057863392 0.52063167
vt 0.059919219 0.53717059
vt 0.057938445 0.55333364
vt 0.049056854 0.58055353
vt 0.053468551 0.5750643
vt 0.058691561 0.56169569
vt 0.04909537 0.58881634
vt 0.062873982 0.51034915
vt 0.069481023 0.52875376
vt 0.064377204 0.54886973
vt 0.053557213 0.58663511
vt 0.060543176 0.56205499
vt 0.068338223 0.5419904
vt 0.058031127 0.58950388
vt 0.050594244 0.60163623
vt 0.069627479 0.50604892
vt 0.075250708 0.52980471
vt 0.066766828 0.56365633
vt 0.069666751 0.55284309
vt 0.053879928 0.59682715
vt 0.062536433 0.58377868
vt 0.075396053 0.51973283
vt 0.074172549 0.54558551
vt 0.0693755 0.57808793
vt 0.060498603 0.5981859
vt 0.054000419 0.60764533
vt 0.07818529 0.53987443
vt 0.080211602 0.52845669
vt 0.072860807 0.5619669
vt 0.069857784 0.58878171
vt 0.064938478 0.59045589
vt 0.051355869 0.61258066
vt 0.083963104 0.55178308
vt 0.081034914 0.5178237
vt 0.0752801 0.57344264
vt 0.058719639 0.61319929
vt 0.074834146 0.58555084
vt 0.063061275 0.60171497
vt 0.053713508 0.62031734
vt 0.088614598 0.54288948
vt 0.085760288 0.52036047
vt 0.080289952 0.56984067
vt 0.060975831 0.61663306
vt 0.072954081 0.59250051
vt 0.067744918 0.59375226
vt 0.087304249 0.52909625
vt 0.096012227 0.55183655
vt 0.080560662 0.57685989
vt 0.08925318 0.5648613
vt 0.058625568 0.62044239
vt 0.080023676 0.58839667
vt 0.094839044 0.53830689
vt 0.095762894 0.56067461
vt 0.090566568 0.52556646
vt 0.077504218 0.59673333
vt 0.1015885 0.57103586
vt 0.088629715 0.51630819
vt 0.090835027 0.57813406
vt 0.085152566 0.59148073
vt 0.09838099 0.57934666
vt 0.081332207 0.6047529
vt 0.10205778 0.58305544
vt 0.090845495 0.58913034
vt 0.084636927 0.60507327
vt 0.080104202 0.60912251
vt 0.098583862 0.59254158
vt 0.088985488 0.59575522
vt 0.082098037 0.61291653
vt 0.097006507 0.59485888
vt 0.010133383 0.32221574
vt 0.015871026 0.3143031
vt 0.016070062 0.32323623
vt 0.012630591 0.32897431
vt 0.0017774641 0.31812084
vt 0.019474266 0.32142442
vt 0.0055843717 0.32767922
vt 0.022783717 0.32798922
vt 0.015755687 0.30277795
vt 0.0017677774 0.32317173
vt 0.022068355 0.30497408
vt 0.025272971 0.32584059
vt 0.028482903 0.28596103
vt 0.039437596 0.32365787
vt 0.025838602 0.33298212
vt 0.024881918 0.28253424
vt 0.039793499 0.27479953
vt 0.031415261 0.33783263
vt 0.030317273 0.26559949
vt 0.034126382 0.26742995
vt 0.049198415 0.2935465
vt 0.043317713 0.34951532
vt 0.02951191 0.34548455
vt 0.032249942 0.24792844
vt 0.051588062 0.2441234
vt 0.050743755 0.32952082
vt 0.050271723 0.3540836
vt 0.033562768 0.34810561
vt 0.038774449 0.23928475
vt 0.054312713 0.31395483
vt 0.044822514 0.36322427
vt 0.039611645 0.36213291
vt 0.030522013 0.36896968
vt 0.041197188 0.22005123
vt 0.047134016 0.23152375
vt 0.064433493 0.28633219
vt 0.051788364 0.35347211
vt 0.057149872 0.3274169
vt 0.032133769 0.36596054
vt 0.053431019 0.20635909
vt 0.063120641 0.22424495
vt 0.061663054 0.30417752
vt 0.06032424 0.31485438
vt 0.037885092 0.37124944
vt 0.033924837 0.37152982
vt 0.048793945 0.20862681
vt 0.059328068 0.19992948
vt 0.071399488 0.22369862
vt 0.077037059 0.29861295
vt 0.065498665 0.31688195
vt 0.069646403 0.33487254
vt 0.080240987 0.26592553
vt 0.081609547 0.22529769
vt 0.085362338 0.32337677
vt 0.075148173 0.34041607
vt 0.077483043 0.1840353
vt 0.09235511 0.27523935
vt 0.094929948 0.30762583
vt 0.087624528 0.18443745
vt 0.091993451 0.24273527
vt 0.098413259 0.3220675
vt 0.089398943 0.21025765
vt 0.10095286 0.31404394
vt 0.42540729 0.78812945
vt 0.4335922 0.77682966
vt 0.42859662 0.80055147
vt 0.42139694 0.79601061
vt 0.42602375 0.77197862
vt 0.43639517 0.79832953
vt 0.42007411 0.78408104
vt 0.42185107 0.81748807
vt 0.43030965 0.76569051
vt 0.44088221 0.78464729
vt 0.43162775 0.81210309
vt 0.41932419 0.80692476
vt 0.4354777 0.7661711
vt 0.41946754 0.76736683
vt 0.43785781 0.77858752
vt 0.44359431 0.79426205
vt 0.44352987 0.81872046
vt 0.42903534 0.8283695
vt 0.41277513 0.81933653
vt 0.41404423 0.77757132
vt 0.4428421 0.77554786
vt 0.44709921 0.78638601
vt 0.44690418 0.80969048
vt 0.43669319 0.82125431
vt 0.42317837 0.82842362
vt 0.4136489 0.83009273
vt 0.41344774 0.81076026
vt 0.44094414 0.7649138
vt 0.41719982 0.79048896
vt 0.44637159 0.79193074
vt 0.43873748 0.83266389
vt 0.44831032 0.82651514
vt 0.42574635 0.83838713
vt 0.41805056 0.83608764
vt 0.43375576 0.8324095
vt 0.40774673 0.82184911
vt 0.40789074 0.81640464
vt 0.41662744 0.79744387
vt 0.41089666 0.78755021
vt 0.42005214 0.79234087
vt 0.45118695 0.7930004
vt 0.45196712 0.80267096
vt 0.44412675 0.83347541
vt 0.45680299 0.81554306
vt 0.41429996 0.84377205
vt 0.40795013 0.82828987
vt 0.40837198 0.81117505
vt 0.41922146 0.79773778
vt 0.41146037 0.79894871
vt 0.40851879 0.78155404
vt 0.4391793 0.84442544
vt 0.45404366 0.83199692
vt 0.44935414 0.8353669
vt 0.42507517 0.84737992
vt 0.40924591 0.8432126
vt 0.42059132 0.84941995
vt 0.40850323 0.8366394
vt 0.40917686 0.80625689
vt 0.41023606 0.7989893
vt 0.40958694 0.78713006
vt 0.45580715 0.7968207
vt 0.46100935 0.8142404
vt 0.44373026 0.84001136
vt 0.46052402 0.82327759
vt 0.43171087 0.85353434
vt 0.41068685 0.85313147
vt 0.41811195 0.85668421
vt 0.41019648 0.79676354
vt 0.44359589 0.85165107
vt 0.45811433 0.83649105
vt 0.45347184 0.84025347
vt 0.43971848 0.85292953
vt 0.42321756 0.85810626
vt 0.41298002 0.85699171
vt 0.46803311 0.8055461
vt 0.46676609 0.8227722
vt 0.46343634 0.83055711
vt 0.44909757 0.84720314
vt 0.43439057 0.86852974
vt 0.42878357 0.86556816
vt 0.41453791 0.86184192
vt 0.46760297 0.81560671
vt 0.44482496 0.86357254
vt 0.46628019 0.83389795
vt 0.45506763 0.84748346
vt 0.4469085 0.85611737
vt 0.44071695 0.87194741
vt 0.47110298 0.81639141
vt 0.45028609 0.85883147
vt 0.47465304 0.80573648
vt 0.47106898 0.8265065
vt 0.44711879 0.86862886
vt 0.44847584 0.86405408
vt 0.46800914 0.7892763
vt 0.47597808 0.82310021
vt 0.47431341 0.83621991
vt 0.47609058 0.79296696
vt 0.48003918 0.8102653
vt 0.47025877 0.78441811
vt 0.47730401 0.80190378
vt 0.48022118 0.82919353
vt 0.46595669 0.77739269
vt 0.47529015 0.77510911
vt 0.48365653 0.80033481
vt 0.48788959 0.8131839
vt 0.48419482 0.84125334
vt 0.48042923 0.7807157
vt 0.49245304 0.8296147
vt 0.47684112 0.76696616
vt 0.48790962 0.77871752
vt 0.49123341 0.79371363
vt 0.49594349 0.81944883
vt 0.49627909 0.83901894
vt 0.48400143 0.76961601
vt 0.49913135 0.81046444
vt 0.4983736 0.83119541
vt 0.48799032 0.76687467
vt 0.4920311 0.78240824
vt 0.50012076 0.80017203
vt 0.50239646 0.82521415
vt 0.50105357 0.83552378
vt 0.49192563 0.77227014
vt 0.49610856 0.78662163
vt 0.50115842 0.79456508
vt 0.5025031 0.80582827
vt 0.50266474 0.81364191
vt 0.49322674 0.76513261
vt 0.49609104 0.77828085
vt 0.50407559 0.8039819
vt 0.49961838 0.7728703
vt 0.8595143 0.4025225
vt 0.86155683 0.41539907
vt 0.85475498 0.40629029
vt 0.86016208 0.38883287
vt 0.86496103 0.39866215
vt 0.85636789 0.41794395
vt 0.85173416 0.39673865
vt 0.8717497 0.42404515
vt 0.85572004 0.42807734
vt 0.846955 0.41903466
vt 0.84592384 0.39769047
vt 0.86556917 0.38387525
vt 0.87106222 0.3946895
vt 0.86431324 0.42635208
vt 0.85853601 0.43744391
vt 0.85377669 0.38899815
vt 0.86537749 0.43789339
vt 0.84729874 0.43624085
vt 0.84015316 0.40057254
vt 0.85026008 0.38367695
vt 0.87098289 0.38239461
vt 0.85016096 0.45072371
vt 0.83441556 0.42854005
vt 0.83787268 0.41077858
vt 0.84054315 0.38551462
vt 0.84533554 0.38094038
vt 0.85573989 0.37748325
vt 0.85942173 0.45689756
vt 0.84212297 0.45531774
vt 0.83831555 0.4392485
vt 0.83015865 0.40206641
vt 0.83547318 0.38521713
vt 0.847583 0.37198365
vt 0.85948122 0.38492632
vt 0.85377008 0.46277398
vt 0.84713346 0.46196759
vt 0.82519442 0.41764653
vt 0.83523524 0.44492
vt 0.83370829 0.39472252
vt 0.83817673 0.37478632
vt 0.84861416 0.36335737
vt 0.86509323 0.37846816
vt 0.85714787 0.48538071
vt 0.84432417 0.47644377
vt 0.86399597 0.36783242
vt 0.8283276 0.46183538
vt 0.83116335 0.48292834
vt 0.82189596 0.42542666
vt 0.84051675 0.35354131
vt 0.85897887 0.35600692
vt 0.87137288 0.3747136
vt 0.84486622 0.48335141
vt 0.8215456 0.44261307
vt 0.8431145 0.34141171
vt 0.85603076 0.34075731
vt 0.86468345 0.34731454
vt 0.87005085 0.35879636
vt 0.85491365 0.49523646
vt 0.81984019 0.47660905
vt 0.8187561 0.46181554
vt 0.83883113 0.33486104
vt 0.87385833 0.36096448
vt 0.8511855 0.32762951
vt 0.84244031 0.32308835
vt 0.86698377 0.33529729
vt 0.87140596 0.33909816
vt 0.87560999 0.34664029
vt 0.81475037 0.46775806
vt 0.85724699 0.31004655
vt 0.83883113 0.32510448
vt 0.86299121 0.32693547
vt 0.84930164 0.31594938
vt 0.86007613 0.30879062
vt 0.84010029 0.31664348
vt 0.86825293 0.31929415
vt 0.87594712 0.33267307
vt 0.86185843 0.30542231
vt 0.8518573 0.30543631
vt 0.8492201 0.30544102
vt 0.86063004 0.30542421
vt 0.85706538 0.30542719
vt 0.87455899 0.31637907
vt 0.84766418 0.30544317
vt 0.86602968 0.30542088
vt 0.88057423 0.32329988
vt 0.88009828 0.30844688
vt 0.8684383 0.30541974
vt 0.87636179 0.30541342
vt 0.88365453 0.31348383
vt 0.87362421 0.30541658
vt 0.87978923 0.30541074
vt 0.88465744 0.30540532
vt 0.88198245 0.30540746
vt 0.031772513 0.67767203
vt 0.026128894 0.65715444
vt 0.030846139 0.64639139
vt 0.039750054 0.6604715
vt 0.020250781 0.6696862
vt 0.020272763 0.64584494
vt 0.047494989 0.65991664
vt 0.03891515 0.69031334
vt 0.021339878 0.68070185
vt 0.016810639 0.66024411
vt 0.019599244 0.61926806
vt 0.013919551 0.65102643
vt 0.03761119 0.62295091
vt 0.028721409 0.69082212
vt 0.04656332 0.67075753
vt 0.030904178 0.70358813
vt 0.02145274 0.69848138
vt 0.010751969 0.65138471
vt 0.0084986109 0.62885416
vt 0.026306424 0.60434902
vt 0.04260103 0.686041
vt 0.031974908 0.72040224
vt 0.024664246 0.70502174
vt 0.0076690242 0.64267969
vt 0.0046367864 0.61556667
vt 0.018598629 0.60826898
vt 0.042749651 0.69744676
vt 0.035280384 0.72467512
vt 0.025130214 0.71966022
vt 0.02194714 0.71303374
vt 0.0042442563 0.62498504
vt 0.022612471 0.5941031
vt 0.031772677 0.73929274
vt 0.028919036 0.73910344
vt 0.0017174823 0.61403197
vt 0.007390494 0.60250318
vt 0.01767895 0.58991373
vt 0.027887452 0.59748435
vt 0.034379203 0.73960555
vt 0.025705831 0.73811048
vt 0.023119681 0.73496252
vt 0.022296108 0.58297658
vt 0.029981969 0.74533421
vt 0.036667224 0.73167729
vt 0.0086442027 0.58799917
vt 0.019177236 0.57475996
vt 0.013973454 0.58453524
vt 0.0066804043 0.58188343
vt 0.013698263 0.56694448
vt 0.0064988071 0.56958675
vt 0.020818083 0.56692719
vt 0.63127214 0.23439598
vt 0.6253621 0.23663968
vt 0.6247797 0.21968943
vt 0.63099611 0.2204569
vt 0.62362081 0.256935
vt 0.62124521 0.22574729
vt 0.62496257 0.2138294
vt 0.63685024 0.22363836
vt 0.6357497 0.25373966
vt 0.6178928 0.24175519
vt 0.61929935 0.21692514
vt 0.63986284 0.23536938
vt 0.63388169 0.21603715
vt 0.63766563 0.24441582
vt 0.62971044 0.26739937
vt 0.61601585 0.25149649
vt 0.63922352 0.22142392
vt 0.63894761 0.21288782
vt 0.64404327 0.25969827
vt 0.62340635 0.28076434
vt 0.6382798 0.26740313
vt 0.61615747 0.28083432
vt 0.60970777 0.24639291
vt 0.64654785 0.24795783
vt 0.64647132 0.22731781
vt 0.62956506 0.2839939
vt 0.63435215 0.27669168
vt 0.61262363 0.26933265
vt 0.60959303 0.25667042
vt 0.61731732 0.22713089
vt 0.64484888 0.21593279
vt 0.64724642 0.26082033
vt 0.61997026 0.28958136
vt 0.61351508 0.27971661
vt 0.6040504 0.2561456
vt 0.60702115 0.2285704
vt 0.6510421 0.23733181
vt 0.65123332 0.22159654
vt 0.64195448 0.27601051
vt 0.64947265 0.25864124
vt 0.632379 0.29354292
vt 0.62251979 0.29809594
vt 0.61004883 0.2708469
vt 0.60059106 0.24084437
vt 0.61389202 0.21665794
vt 0.65155506 0.2491166
vt 0.65468031 0.20928305
vt 0.64730769 0.27487606
vt 0.63698131 0.27337527
vt 0.62702143 0.3017084
vt 0.63909495 0.28158313
vt 0.59593254 0.25277233
vt 0.60460424 0.26708788
vt 0.60613984 0.21458888
vt 0.60080963 0.2244429
vt 0.64543378 0.28616154
vt 0.62709165 0.31576455
vt 0.63909233 0.31163168
vt 0.62151539 0.31145573
vt 0.59649551 0.24580014
vt 0.60193366 0.27395165
vt 0.61139661 0.20934486
vt 0.59650207 0.22708946
vt 0.64993614 0.28433841
vt 0.64773643 0.2991004
vt 0.5935421 0.24159801
vt 0.59598869 0.2650699
vt 0.60527426 0.28692925
vt 0.59906185 0.21568131
vt 0.60716856 0.20771295
vt 0.63436103 0.33832765
vt 0.62246007 0.32669616
vt 0.64742577 0.30601019
vt 0.58482873 0.24888361
vt 0.58989668 0.25864559
vt 0.59844732 0.2925545
vt 0.59220797 0.28057456
vt 0.60191709 0.20885092
vt 0.58950049 0.22708958
vt 0.62986183 0.34015423
vt 0.63999206 0.32542503
vt 0.61670935 0.31450659
vt 0.64349991 0.31351477
vt 0.60481465 0.29727864
vt 0.58998829 0.21564478
vt 0.63032848 0.35850132
vt 0.63821989 0.33790821
vt 0.62265486 0.34126586
vt 0.61847913 0.32618201
vt 0.57996368 0.23661709
vt 0.58257693 0.26717007
vt 0.58382976 0.27780455
vt 0.59273434 0.29751384
vt 0.59802514 0.30377269
vt 0.58269399 0.22051734
vt 0.62836063 0.36853641
vt 0.63597739 0.35635817
vt 0.5729298 0.24087143
vt 0.57830894 0.25419873
vt 0.58712637 0.29661471
vt 0.58268982 0.21517146
vt 0.63297462 0.36203629
vt 0.57538521 0.21912003
vt 0.5690679 0.26740164
vt 0.5734942 0.28057617
vt 0.58274782 0.29844725
vt 0.59541535 0.31234127
vt 0.58660692 0.30592841
vt 0.57830709 0.2165699
vt 0.6335746 0.37183452
vt 0.57069355 0.22372091
vt 0.57666636 0.29305005
vt 0.58940089 0.31924713
vt 0.56988686 0.25536191
vt 0.56915152 0.23576963
vt 0.56996042 0.28227216
vt 0.57691109 0.31658912
vt 0.58127117 0.32419294
vt 0.58978248 0.34117424
vt 0.56718999 0.25032997
vt 0.56443495 0.26779729
vt 0.56805003 0.28615606
vt 0.57269341 0.29879028
vt 0.58534259 0.32822943
vt 0.56416953 0.26025927
vt 0.57527363 0.31765324
vt 0.58368158 0.34427065
vt 0.57732415 0.32955873
vt 0.58682781 0.34835184
vt 0.93669552 0.80566603
vt 0.93361044 0.79425383
vt 0.9376992 0.79654109
vt 0.93469018 0.80891109
vt 0.93678343 0.7844103
vt 0.9295187 0.79846215
vt 0.93294722 0.77913576
vt 0.93943858 0.77961659
vt 0.92884487 0.7870692
vt 0.93658948 0.75967002
vt 0.94561911 0.76716745
vt 0.93016338 0.76272821
vt 0.93381929 0.75617284
vt 0.94647515 0.7545858
vt 0.9305864 0.7503413
vt 0.93567318 0.74007595
vt 0.9416008 0.73115027
vt 0.93162769 0.74109954
vt 0.92741495 0.748887
vt 0.95047176 0.74720532
vt 0.93114883 0.72677505
vt 0.95019305 0.72312617
vt 0.92520881 0.73409784
vt 0.93984038 0.71446395
vt 0.95492643 0.73419476
vt 0.92439461 0.72214979
vt 0.92996973 0.7126013
vt 0.94999993 0.70929676
vt 0.95435256 0.71893024
vt 0.91738456 0.7223022
vt 0.93257385 0.70695055
vt 0.94076371 0.70340782
vt 0.95738435 0.7234925
vt 0.92025733 0.71792054
vt 0.92142677 0.69229388
vt 0.93255603 0.69941324
vt 0.94793594 0.68483436
vt 0.95514727 0.70280743
vt 0.91498756 0.70889854
vt 0.95338929 0.69608063
vt 0.93868446 0.68714213
vt 0.91801614 0.70602918
vt 0.91202271 0.7080406
vt 0.92867744 0.68660843
vt 0.95046061 0.6767906
vt 0.94399667 0.67589486
vt 0.91196078 0.69045389
vt 0.92430228 0.67470455
vt 0.93284881 0.68369138
vt 0.95031285 0.65987134
vt 0.93837237 0.66542125
vt 0.94617611 0.65976655
vt 0.90794653 0.68290317
vt 0.91369283 0.67932391
vt 0.93215793 0.66772604
vt 0.9420985 0.66880095
vt 0.91907823 0.66847301
vt 0.94935244 0.64992434
vt 0.93503737 0.64083928
vt 0.90792561 0.6693325
vt 0.91311127 0.66470444
vt 0.92597568 0.66087973
vt 0.94383931 0.64669406
vt 0.95298767 0.64785028
vt 0.93673158 0.63178372
vt 0.92908686 0.64566821
vt 0.91826493 0.65671271
vt 0.92402142 0.65395987
vt 0.94373512 0.63494283
vt 0.95130795 0.63440907
vt 0.93118089 0.63086796
vt 0.9291206 0.6348412
vt 0.90796322 0.65675223
vt 0.91256827 0.654324
vt 0.92418635 0.64216894
vt 0.37900001 0.45462561
vt 0.38265216 0.45212352
vt 0.3840014 0.46906388
vt 0.37849417 0.44416326
vt 0.38263711 0.43612242
vt 0.39398751 0.45458663
vt 0.37702027 0.43597597
vt 0.39113531 0.44095367
vt 0.38662857 0.47265899
vt 0.37880218 0.4243502
vt 0.38857847 0.42259973
vt 0.39630571 0.43211353
vt 0.39232364 0.47379392
vt 0.37818193 0.41593683
vt 0.38231492 0.40771902
vt 0.40138289 0.45368487
vt 0.39505598 0.46399677
vt 0.38959682 0.47890615
vt 0.39286622 0.40622401
vt 0.39846316 0.45744216
vt 0.40533787 0.4446764
vt 0.39568612 0.46967763
vt 0.3916707 0.48695123
vt 0.37931171 0.40180534
vt 0.38808048 0.3962692
vt 0.39753911 0.407152
vt 0.40446901 0.4575876
vt 0.41430512 0.42820895
vt 0.4070594 0.45246112
vt 0.39737085 0.47504801
vt 0.39991093 0.46295732
vt 0.39616728 0.48616451
vt 0.38462675 0.39206523
vt 0.39322314 0.38909298
vt 0.40390658 0.42193598
vt 0.40339103 0.39479053
vt 0.40651235 0.46274894
vt 0.41135281 0.40139186
vt 0.41424048 0.44646043
vt 0.40267581 0.48008782
vt 0.40247408 0.46964997
vt 0.38994971 0.3751803
vt 0.39985514 0.38356817
vt 0.41041264 0.4584263
vt 0.42033464 0.40999836
vt 0.41981363 0.42945683
vt 0.40180546 0.49625146
vt 0.39449975 0.37801546
vt 0.40458521 0.36308175
vt 0.41690618 0.37256557
vt 0.41118214 0.46821278
vt 0.42997175 0.38368952
vt 0.41558701 0.45738226
vt 0.40698695 0.47431868
vt 0.40683731 0.48616594
vt 0.39688918 0.3624627
vt 0.42633834 0.41254884
vt 0.4242326 0.42493743
vt 0.42105237 0.44875264
vt 0.39426601 0.35880208
vt 0.40638548 0.35106319
vt 0.42865035 0.37641984
vt 0.41719687 0.47136492
vt 0.4117521 0.47955811
vt 0.41807041 0.45959628
vt 0.3989754 0.34573656
vt 0.41380149 0.34603274
vt 0.42859212 0.35722566
vt 0.43408921 0.37397563
vt 0.42812231 0.42673033
vt 0.4258264 0.43536824
vt 0.42054451 0.46222448
vt 0.4116506 0.48892194
vt 0.41852352 0.35354751
vt 0.40940493 0.33964288
vt 0.41663405 0.48316008
vt 0.41830707 0.34200323
vt 0.41535929 0.33377868
vt 0.430424 0.3447488
vt 0.43421397 0.35540915
vt 0.40260026 0.33105868
vt 0.42472047 0.33499736
vt 0.41115195 0.31928068
vt 0.41987923 0.33546567
vt 0.41939706 0.32931554
vt 0.43528795 0.34484696
vt 0.4283255 0.32768804
vt 0.40229821 0.32240242
vt 0.43417192 0.33398563
vt 0.43813053 0.34022927
vt 0.43038145 0.32643735
vt 0.44089201 0.33811808
vt 0.7886256 0.905954
vt 0.78488445 0.91515684
vt 0.7839151 0.90669006
vt 0.78405017 0.90385908
vt 0.78796554 0.91984826
vt 0.78469378 0.89498711
vt 0.79549319 0.91458017
vt 0.78336066 0.92349803
vt 0.78437406 0.89743847
vt 0.79618371 0.89503455
vt 0.79160237 0.93067449
vt 0.78330272 0.92744589
vt 0.7845093 0.89488161
vt 0.78561479 0.87846076
vt 0.79822242 0.9070614
vt 0.79930204 0.92752552
vt 0.78827775 0.93449217
vt 0.78325242 0.92981637
vt 0.785106 0.8793909
vt 0.7883485 0.88093776
vt 0.80399466 0.8996681
vt 0.80556571 0.9131617
vt 0.80329698 0.92694813
vt 0.78514516 0.87840533
vt 0.79090351 0.870763
vt 0.79563344 0.87935281
vt 0.80311894 0.8834753
vt 0.78520685 0.87728518
vt 0.78933102 0.86456943
vt 0.80803359 0.88782197
vt 0.80947769 0.90632004
vt 0.78548437 0.87307954
vt 0.78571308 0.86932278
vt 0.797544 0.86373812
vt 0.80295801 0.86847442
vt 0.8069976 0.88121521
vt 0.81189287 0.89501262
vt 0.78580827 0.86673224
vt 0.79131997 0.86187935
vt 0.81506759 0.87442839
vt 0.8150478 0.90509427
vt 0.78669536 0.86016798
vt 0.79907316 0.84973013
vt 0.80687767 0.86511946
vt 0.81435513 0.8629986
vt 0.81764513 0.88599837
vt 0.81971681 0.89776105
vt 0.78600347 0.86129344
vt 0.80463439 0.85610908
vt 0.79290962 0.84873706
vt 0.82133973 0.86672848
vt 0.78605306 0.8602218
vt 0.80112314 0.8414799
vt 0.7953614 0.83728009
vt 0.81980515 0.85431254
vt 0.82424492 0.88364279
vt 0.78606552 0.85936153
vt 0.78633553 0.84726578
vt 0.79686445 0.8298158
vt 0.80864775 0.85213339
vt 0.79196924 0.84242606
vt 0.82774729 0.85692656
vt 0.81385845 0.84853268
vt 0.82532454 0.86733723
vt 0.82583004 0.89452285
vt 0.80813265 0.84180158
vt 0.79059052 0.81698531
vt 0.78725898 0.83514577
vt 0.8180691 0.84070688
vt 0.8288812 0.87231916
vt 0.83143872 0.8908751
vt 0.78620201 0.84731901
vt 0.79740936 0.81602097
vt 0.78722161 0.8254711
vt 0.827012 0.84174073
vt 0.81258291 0.84103703
vt 0.78620225 0.8471632
vt 0.78620237 0.84683955
vt 0.79623055 0.80099964
vt 0.78695667 0.81703997
vt 0.78633082 0.83430648
vt 0.82415146 0.82716149
vt 0.83020049 0.85019219
vt 0.83139271 0.85643858
vt 0.8190251 0.82790625
vt 0.83540457 0.88434762
vt 0.78629225 0.83643264
vt 0.81058234 0.83570594
vt 0.78928983 0.80213392
vt 0.78664595 0.82448977
vt 0.78658938 0.82598877
vt 0.8135556 0.83113265
vt 0.78756648 0.8047713
vt 0.79490489 0.78589296
vt 0.82099056 0.82142508
vt 0.78715128 0.81445551
vt 0.78911114 0.79038459
vt 0.78782111 0.79920006
vt 0.79136491 0.78305811
vt 0.78810835 0.79108179
vt 0.78774911 0.80221683
vt 0.78812236 0.78976452
vt 0.79256088 0.77646744
vt 0.78815055 0.7832545
vt 0.78825074 0.77499354
vt 0.80217594 0.77589172
vt 0.78836358 0.77044421
vt 0.79468662 0.76748633
vt 0.78845686 0.76567411
vt 0.43067294 0.62994778
vt 0.43472019 0.63355738
vt 0.43298715 0.64709973
vt 0.42535746 0.6332618
vt 0.43415383 0.61008364
vt 0.4352279 0.64100254
vt 0.42179883 0.64039493
vt 0.42883292 0.61787158
vt 0.43952909 0.61778164
vt 0.43690369 0.65375793
vt 0.42166105 0.67153764
vt 0.41973367 0.62369823
vt 0.42898363 0.6075629
vt 0.4369953 0.60950971
vt 0.4405143 0.6589601
vt 0.41618562 0.65928495
vt 0.4157325 0.64496469
vt 0.43627337 0.60062265
vt 0.43060654 0.67521936
vt 0.43579006 0.67418182
vt 0.41842246 0.66688186
vt 0.41202816 0.62882996
vt 0.41976523 0.59619004
vt 0.42907614 0.59514308
vt 0.44053483 0.59922278
vt 0.42928004 0.6857475
vt 0.44017577 0.67190802
vt 0.41876605 0.6795913
vt 0.4173103 0.67387319
vt 0.41318059 0.65502757
vt 0.40782943 0.64085126
vt 0.41464743 0.61129075
vt 0.42332396 0.58809114
vt 0.43712676 0.58765787
vt 0.43735236 0.68799138
vt 0.42494795 0.6934787
vt 0.43560696 0.69096977
vt 0.44164476 0.6632238
vt 0.41112119 0.61954927
vt 0.41575164 0.60197014
vt 0.41553193 0.58769166
vt 0.4301362 0.58308703
vt 0.43202397 0.70051754
vt 0.41925016 0.68996429
vt 0.41206837 0.60540473
vt 0.43904477 0.69774365
vt 0.4293305 0.71585107
vt 0.43686607 0.7007463
vt 0.41947016 0.70380628
vt 0.42497197 0.71905196
vt 0.43387008 0.71062881
vt 0.40934941 0.59225178
vt 0.42516825 0.73245466
vt 0.43553755 0.71807158
vt 0.42033666 0.71608394
vt 0.43000546 0.74642432
vt 0.43387806 0.74571729
vt 0.43862584 0.71967173
vt 0.43785477 0.73804438
vt 0.89134789 0.28162867
vt 0.88062513 0.28353721
vt 0.88670206 0.27190423
vt 0.8932879 0.2701776
vt 0.88023013 0.3002423
vt 0.88057023 0.27609462
vt 0.89760625 0.28096139
vt 0.89167619 0.26046079
vt 0.88802922 0.30062944
vt 0.8837586 0.25543755
vt 0.89981204 0.27186829
vt 0.89852059 0.25930744
vt 0.88241637 0.30208784
vt 0.88020211 0.25803012
vt 0.9062959 0.27152699
vt 0.8997333 0.29403347
vt 0.88689017 0.24913865
vt 0.8929866 0.24865466
vt 0.88595122 0.30834645
vt 0.87734866 0.25327259
vt 0.90157568 0.26580948
vt 0.91041535 0.29008001
vt 0.88889903 0.31777263
vt 0.89857876 0.24305284
vt 0.90858477 0.25103599
vt 0.91645694 0.29028904
vt 0.90980947 0.30410558
vt 0.9007684 0.31711143
vt 0.88197017 0.23668277
vt 0.89111507 0.23790538
vt 0.90222281 0.23784459
vt 0.89763206 0.2338897
vt 0.88348293 0.31494522
vt 0.923531 0.26906681
vt 0.91741621 0.29991978
vt 0.91687268 0.25031388
vt 0.88908303 0.3316415
vt 0.88722068 0.23361528
vt 0.88444227 0.32766485
vt 0.91389441 0.22852176
vt 0.91956693 0.26379359
vt 0.92706424 0.28625172
vt 0.92541564 0.30593932
vt 0.91911072 0.23680067
vt 0.91978776 0.30823427
vt 0.90846652 0.31808841
vt 0.89839619 0.33296573
vt 0.88470262 0.2285918
vt 0.89208764 0.22583479
vt 0.89750838 0.21870065
vt 0.90823936 0.22477496
vt 0.92682707 0.25539249
vt 0.92725539 0.29785269
vt 0.92928863 0.26581573
vt 0.92280978 0.24670362
vt 0.91253364 0.31379533
vt 0.90654832 0.32884175
vt 0.88408399 0.33738154
vt 0.90367889 0.34616065
vt 0.89924806 0.3452782
vt 0.90394545 0.21130788
vt 0.93392563 0.29143649
vt 0.93096352 0.27615023
vt 0.93283987 0.30931032
vt 0.92720848 0.23769593
vt 0.9272306 0.24665493
vt 0.93460631 0.26882327
vt 0.93109161 0.31386214
vt 0.89138776 0.35331488
vt 0.89809406 0.37019229
vt 0.93575436 0.28116655
vt 0.93711472 0.30691534
vt 0.93570977 0.27487719
vt 0.93487924 0.26071531
vt 0.9367882 0.32172459
vt 0.89471346 0.36951011
vt 0.90195429 0.37079531
vt 0.93716997 0.29256141
vt 0.93988013 0.26034182
vt 0.93241167 0.32339191
vt 0.9440062 0.27826911
vt 0.94382101 0.32376605
vt 0.94692016 0.30012923
vt 0.94197208 0.26697075
vt 0.94194049 0.24626184
vt 0.9322744 0.33270365
vt 0.94622666 0.28828967
vt 0.94713026 0.31569314
vt 0.93678612 0.34162456
vt 0.94529647 0.26278311
vt 0.94894636 0.32470018
vt 0.9415009 0.35344821
vt 0.93401158 0.34397519
vt 0.94691402 0.34138632
vt 0.93806577 0.35583913
vt 0.35154644 0.47870302
vt 0.35062575 0.47047478
vt 0.35562342 0.45722395
vt 0.35909116 0.46625519
vt 0.35749263 0.44801378
vt 0.35740316 0.47727609
vt 0.36369807 0.44452953
vt 0.35473201 0.44914401
vt 0.35341024 0.48505127
vt 0.36228469 0.4764567
vt 0.36271518 0.43398625
vt 0.36842903 0.46586573
vt 0.35747138 0.43137836
vt 0.35712701 0.49568629
vt 0.36406446 0.4869644
vt 0.36940512 0.43644464
vt 0.36831784 0.45114756
vt 0.35326579 0.4321534
vt 0.36093077 0.49644166
vt 0.35341677 0.42029476
vt 0.37013465 0.42298502
vt 0.36803034 0.41555458
vt 0.35644585 0.41215438
vt 0.37276927 0.40901875
vt 0.34997582 0.41250634
vt 0.36515209 0.39575112
vt 0.3505871 0.40146017
vt 0.3571609 0.39911354
vt 0.37219608 0.3866114
vt 0.34728116 0.40124434
vt 0.35854584 0.38688606
vt 0.37571803 0.38469338
vt 0.36719134 0.38074112
vt 0.35153681 0.39283764
vt 0.34883213 0.394283
vt 0.37198365 0.37474912
vt 0.35276201 0.38438904
vt 0.35802194 0.37317324
vt 0.37658903 0.37165636
vt 0.36265534 0.35868955
vt 0.3762334 0.35796052
vt 0.37076873 0.35120571
vt 0.34834063 0.38313574
vt 0.35186121 0.37349701
vt 0.35498634 0.36070168
vt 0.37932724 0.36090809
vt 0.36354622 0.34540278
vt 0.35457593 0.34957939
vt 0.37948495 0.35054678
vt 0.3726556 0.34185922
vt 0.34613198 0.37117904
vt 0.35028052 0.3594591
vt 0.34855598 0.34621233
vt 0.34711012 0.34951621
vt 0.042987902 0.4524619
vt 0.041714784 0.42059529
vt 0.049852513 0.43016779
vt 0.048167113 0.4457742
vt 0.035930224 0.44610697
vt 0.04703467 0.41577131
vt 0.051524259 0.44123256
vt 0.04668406 0.45915073
vt 0.038834248 0.45663947
vt 0.036300842 0.42859954
vt 0.042681813 0.40973741
vt 0.054452758 0.41772336
vt 0.055660259 0.43136007
vt 0.050443184 0.4502632
vt 0.041373119 0.46634126
vt 0.030792655 0.44530243
vt 0.034742694 0.4173516
vt 0.039404158 0.40367889
vt 0.04518811 0.40638518
vt 0.053836707 0.40576011
vt 0.055197712 0.44268757
vt 0.043863192 0.4803254
vt 0.052404538 0.45543087
vt 0.034992833 0.4701032
vt 0.027223308 0.45599264
vt 0.02742793 0.44097984
vt 0.0242709 0.43256646
vt 0.047462169 0.4078632
vt 0.062334586 0.41657263
vt 0.059353754 0.40839887
vt 0.06018737 0.44389558
vt 0.039506514 0.47795796
vt 0.049786199 0.46291047
vt 0.018946517 0.44980776
vt 0.032595735 0.40073884
vt 0.025015542 0.41587228
vt 0.060846832 0.43042374
vt 0.06092266 0.45293772
vt 0.042059608 0.48832411
vt 0.048056364 0.48098671
vt 0.052890338 0.45964402
vt 0.02919139 0.47109979
vt 0.033185255 0.4811914
vt 0.023298861 0.46313065
vt 0.01923614 0.43931407
vt 0.036411196 0.39331341
vt 0.019901494 0.43182701
vt 0.065035544 0.42256874
vt 0.062174495 0.40849596
vt 0.066176474 0.4394092
vt 0.067072026 0.44654775
vt 0.046933535 0.48703641
vt 0.03792455 0.48554087
vt 0.05047743 0.48265761
vt 0.054295238 0.47581375
vt 0.013700548 0.44135779
vt 0.02669462 0.40233409
vt 0.030708637 0.3930462
vt 0.02199937 0.41032636
vt 0.063986026 0.40819585
vt 0.06503547 0.46178377
vt 0.059384473 0.46337712
vt 0.045187987 0.49686521
vt 0.027687071 0.47808456
vt 0.016919911 0.4088608
vt 0.06915386 0.43050975
vt 0.071458064 0.43916315
vt 0.049589638 0.49460655
vt 0.061608721 0.47699302
vt 0.012325518 0.41927171
vt 0.02287524 0.39214653
vt 0.021838201 0.40209371
vt 0.017976243 0.4026404
vt 0.070435002 0.42157245
vt 0.063344069 0.46930534
vt 0.05694408 0.48508215
vt 0.0079119895 0.43530476
vt 0.012480659 0.40370965
vt 0.072819427 0.42942941
vt 0.0094541814 0.42041886
vt 0.017274987 0.38803405
vt 0.0089117531 0.41027427
vt 0.012539806 0.38913471
vt 0.077163585 0.43334079
vt 0.0021511512 0.41858423
vt 0.008328679 0.39851004
vt 0.016144395 0.37790775
vt 0.0048774541 0.40675676
vt 0.005646233 0.39265722
vt 0.0015733128 0.41224426
vt 0.010384453 0.3842746
vt 0.79021758 0.48918682
vt 0.79243588 0.48588735
vt 0.79398203 0.49623621
vt 0.79041809 0.49584037
vt 0.79774755 0.48992932
vt 0.79485041 0.47794276
vt 0.7996909 0.49522942
vt 0.79220194 0.47720551
vt 0.80068988 0.48290569
vt 0.80265784 0.49229956
vt 0.7933113 0.4626056
vt 0.79653192 0.46189886
vt 0.79008561 0.4737637
vt 0.80119562 0.45683658
vt 0.78874969 0.4508146
vt 0.79521823 0.44171715
vt 0.79075676 0.44491851
vt 0.78531331 0.44602907
vt 0.80384427 0.43980426
vt 0.79132837 0.43491322
vt 0.79724294 0.43484914
vt 0.7855984 0.43533975
vt 0.80502915 0.42634267
vt 0.78333098 0.43768519
vt 0.79355407 0.42884386
vt 0.79040897 0.42466706
vt 0.802185 0.42319971
vt 0.78578979 0.42519045
vt 0.79726332 0.41974461
vt 0.81037301 0.40908879
vt 0.78369308 0.42105108
vt 0.78563005 0.41589445
vt 0.80854642 0.40454072
vt 0.79279983 0.42055684
vt 0.79142642 0.4151929
vt 0.80058938 0.39952415
vt 0.81328684 0.39920306
vt 0.79027641 0.4064523
vt 0.79549646 0.40924048
vt 0.80310005 0.38604051
vt 0.81129164 0.39213663
vt 0.78801352 0.39732724
vt 0.79343146 0.39889717
vt 0.79843557 0.37216091
vt 0.78473818 0.4080106
vt 0.8060109 0.36373055
vt 0.81300294 0.38297552
vt 0.80029696 0.35643929
vt 0.7919687 0.37397355
vt 0.79223287 0.35780215
vt 0.80251342 0.34948003
vt 0.81088543 0.37260503
vt 0.80824494 0.35613215
vt 0.81183296 0.36142874
vt 0.81488037 0.37230802
vt 0.81154263 0.34648937
vt 0.81814045 0.36181796
vt 0.81676328 0.35100025
vt 0.81849319 0.37762284
vt 0.82630122 0.34591484
vt 0.8246659 0.37380922
vt 0.82581908 0.36298645
vt 0.82292837 0.38188618
vt 0.82690674 0.3828842
vt 0.82498002 0.38728654
vt 0.82891792 0.38307869
vt 0.67364311 0.94578445
vt 0.67052084 0.95041233
vt 0.66958624 0.94008219
vt 0.6719445 0.93815744
vt 0.67497265 0.9567762
vt 0.6675899 0.93666023
vt 0.67094833 0.9296506
vt 0.67779094 0.93951285
vt 0.67826062 0.94980782
vt 0.66887903 0.96147192
vt 0.6781376 0.96296799
vt 0.67472732 0.96700233
vt 0.66468412 0.91997981
vt 0.67591214 0.92791873
vt 0.67020452 0.97382134
vt 0.66894311 0.91751462
vt 0.67275774 0.91844815
vt 0.6780231 0.98178786
vt 0.66911805 0.98140383
vt 0.67347342 0.98038721
vt 0.66486949 0.90434551
vt 0.6784876 0.91385788
vt 0.68048978 0.97375518
vt 0.66964698 0.9045136
vt 0.66266316 0.9073115
vt 0.67442119 0.90807199
vt 0.6766538 0.99553776
vt 0.66803122 0.8924821
vt 0.65921593 0.88833821
vt 0.68159187 0.90207982
vt 0.67832661 0.99475211
vt 0.67209327 0.99590486
vt 0.66367596 0.88226622
vt 0.67023855 0.89752305
vt 0.67313242 0.89539427
vt 0.67962813 0.89458716
vt 0.66848254 0.88100362
vt 0.65781212 0.86934447
vt 0.66329581 0.86898661
vt 0.6736331 0.88083166
vt 0.66969949 0.87030888
vt 0.68092752 0.88378531
vt 0.66751093 0.8629095
vt 0.6751104 0.85622925
vt 0.68619883 0.85260844
vt 0.68042338 0.84901804
vt 0.55665004 0.4230051
vt 0.55561763 0.406151
vt 0.55872029 0.40510404
vt 0.55990458 0.42127603
vt 0.54884017 0.42902267
vt 0.56045145 0.38412374
vt 0.56191963 0.40009129
vt 0.55616593 0.43303549
vt 0.55429679 0.39969552
vt 0.5460602 0.39796698
vt 0.56473768 0.37662679
vt 0.55569178 0.38234901
vt 0.54313123 0.37750202
vt 0.5609678 0.37531185
vt 0.56412292 0.37135482
vt 0.54450339 0.36791188
vt 0.55598664 0.3688243
vt 0.53784996 0.36464077
vt 0.54719913 0.35758096
vt 0.5557633 0.35708416
vt 0.54103631 0.353513
vt 0.56205392 0.35674447
vt 0.53301466 0.34427273
vt 0.55297118 0.34449565
vt 0.54004025 0.33279318
vt 0.56041521 0.34033972
vt 0.53370261 0.32938313
vt 0.54720026 0.30630881
vt 0.53786629 0.31306952
vt 0.55693823 0.31325138
vt 0.53272504 0.32231557
vt 0.54165429 0.3023681
vt 0.55192119 0.29772145
vt 0.56176627 0.32559592
vt 0.53361654 0.30880249
vt 0.54732549 0.29777932
vt 0.56159663 0.29808801
vt 0.56876677 0.31238341
vt 0.53999525 0.28803521
vt 0.54447132 0.28865707
vt 0.54968977 0.28678364
vt 0.55481952 0.28772408
vt 0.7271443 0.25526965
vt 0.73305696 0.25611502
vt 0.73092955 0.26945066
vt 0.72431701 0.26708639
vt 0.73552573 0.2640034
vt 0.73001373 0.28293836
vt 0.7208885 0.24496424
vt 0.73767048 0.25418156
vt 0.73986661 0.27661175
vt 0.73859805 0.29395634
vt 0.72469461 0.28497541
vt 0.71777743 0.25557774
vt 0.7403509 0.26289636
vt 0.73343879 0.29631716
vt 0.72824508 0.29166478
vt 0.71842062 0.26841068
vt 0.74123353 0.24424374
vt 0.74295992 0.29004329
vt 0.74333513 0.27086568
vt 0.72408718 0.29486465
vt 0.72073358 0.28559661
vt 0.71393114 0.27151614
vt 0.74724257 0.25123203
vt 0.74922276 0.284724
vt 0.73003787 0.30361408
vt 0.72405183 0.30666345
vt 0.71864647 0.29380101
vt 0.70770234 0.26334119
vt 0.74962252 0.29384518
vt 0.75578344 0.26199704
vt 0.760571 0.2687155
vt 0.71031171 0.28308195
vt 0.70773596 0.27444023
vt 0.75444257 0.29711622
vt 0.73040748 0.31667066
vt 0.70854962 0.31178963
vt 0.70744085 0.29292083
vt 0.70078939 0.26887256
vt 0.76043999 0.27712411
vt 0.72642565 0.32580811
vt 0.7194261 0.31902862
vt 0.70350683 0.28348744
vt 0.73051429 0.32406002
vt 0.71446067 0.32769078
vt 0.69972879 0.30485922
vt 0.70117408 0.29403257
vt 0.69901967 0.2751326
vt 0.72226983 0.32782859
vt 0.73017001 0.32958198
vt 0.70605671 0.32811403
vt 0.69976699 0.31925553
vt 0.69735396 0.28107524
vt 0.72283202 0.33506441
vt 0.72714543 0.33646566
vt 0.71754408 0.33491224
vt 0.7122432 0.33977199
vt 0.696477 0.29218662
vt 0.69392997 0.30155951
vt 0.70808083 0.34993291
vt 0.69641751 0.32699287
vt 0.6931898 0.31582105
vt 0.69297332 0.28284883
vt 0.71872485 0.34304088
vt 0.7228781 0.34333235
vt 0.70191199 0.34126574
vt 0.71387672 0.35071898
vt 0.69660133 0.34129298
vt 0.69210911 0.28887427
vt 0.68947279 0.29262418
vt 0.69680178 0.36023861
vt 0.7096259 0.37188172
vt 0.70471913 0.36606377
vt 0.69923848 0.36898869
vt 0.12475095 0.22233951
vt 0.13403822 0.21592242
vt 0.13021065 0.24030751
vt 0.11683786 0.23228359
vt 0.12218371 0.2048713
vt 0.14200291 0.24622488
vt 0.13489626 0.27780175
vt 0.11669963 0.21548432
vt 0.13465412 0.20346493
vt 0.1518203 0.24593168
vt 0.12103242 0.27531528
vt 0.11140801 0.22892612
vt 0.14958018 0.20310622
vt 0.15329614 0.28434241
vt 0.15060595 0.2147004
vt 0.12176745 0.29733866
vt 0.10692061 0.24049479
vt 0.15765949 0.26091361
vt 0.15917934 0.21382439
vt 0.14633623 0.2998656
vt 0.13401929 0.30244881
vt 0.10608442 0.28864753
vt 0.10079478 0.24074811
vt 0.15863732 0.23561174
vt 0.16208589 0.27294493
vt 0.14163679 0.30479777
vt 0.1552124 0.29914927
vt 0.13791597 0.30449665
vt 0.12728119 0.30693775
vt 0.11009505 0.30528873
vt 0.10036029 0.25162429
vt 0.15738888 0.20036757
vt 0.16131219 0.24124694
vt 0.15950985 0.28633922
vt 0.16338903 0.2545169
vt 0.16159628 0.22411454
vt 0.14729929 0.30838031
vt 0.10119429 0.29619128
vt 0.098828055 0.27711868
vt 0.098284356 0.24948621
vt 0.16236645 0.20354199
vt 0.16248825 0.23253351
vt 0.16621806 0.30091023
vt 0.16394605 0.21095163
vt 0.16350254 0.29804713
vt 0.15300944 0.30732912
vt 0.16039246 0.3062498
vt 0.095571652 0.26551741
vt 0.61483175 0.46783745
vt 0.61150557 0.44940686
vt 0.62252784 0.44624066
vt 0.6206544 0.46481311
vt 0.6063394 0.45294011
vt 0.61660969 0.44322938
vt 0.6240375 0.45105833
vt 0.61441982 0.4862479
vt 0.60216999 0.47830087
vt 0.60574299 0.43197668
vt 0.61845064 0.42798781
vt 0.60951221 0.48915374
vt 0.59878868 0.47472382
vt 0.5993613 0.44484389
vt 0.61285859 0.42587769
vt 0.61266959 0.49227011
vt 0.60353738 0.491422
vt 0.59702474 0.46145856
vt 0.59912235 0.48578024
vt 0.60031605 0.43425721
vt 0.60658306 0.41861373
vt 0.61396968 0.41696066
vt 0.60847437 0.49525464
vt 0.60041362 0.4197942
vt 0.62094462 0.41607952
vt 0.60358727 0.49473846
vt 0.60349315 0.40581435
vt 0.60797954 0.4102605
vt 0.61685371 0.39869809
vt 0.6233024 0.42285264
vt 0.59604532 0.41108394
vt 0.62612069 0.40768051
vt 0.62162399 0.43564141
vt 0.59708697 0.40157789
vt 0.60828912 0.39522219
vt 0.62997538 0.3919611
vt 0.62664175 0.41969001
vt 0.60088867 0.3991673
vt 0.61794531 0.38074183
vt 0.63481683 0.39588547
vt 0.60060668 0.39411175
vt 0.60464644 0.39007944
vt 0.60917401 0.37967294
vt 0.62578893 0.37602341
vt 0.59974325 0.3881408
vt 0.60846204 0.36623943
vt 0.61876202 0.37071693
vt 0.5986082 0.37424821
vt 0.60256922 0.36874449
vt 0.60094833 0.36212528
vt 0.60356063 0.35649371
vt 0.36928287 0.22435403
vt 0.36482328 0.23214126
vt 0.36441702 0.21724415
vt 0.37409052 0.21803039
vt 0.37115374 0.23672289
vt 0.3581962 0.22441894
vt 0.37293324 0.22501928
vt 0.37140462 0.20448065
vt 0.3708601 0.24571484
vt 0.35867083 0.23843706
vt 0.36102539 0.2144435
vt 0.36609569 0.204992
vt 0.37456369 0.20644832
vt 0.37470174 0.23765814
vt 0.36128491 0.25592417
vt 0.37595153 0.24472892
vt 0.35066187 0.22553563
vt 0.35506731 0.2099238
vt 0.36781389 0.25688136
vt 0.37446088 0.25250548
vt 0.35357875 0.24204177
vt 0.36143157 0.26619267
vt 0.3792235 0.25641578
vt 0.35289705 0.25202525
vt 0.34651309 0.24257994
vt 0.35072422 0.21227771
vt 0.35858336 0.26682055
vt 0.37000331 0.27093428
vt 0.37514716 0.26293528
vt 0.34460482 0.22344053
vt 0.34633419 0.21447188
vt 0.36495936 0.2739352
vt 0.37824231 0.27201056
vt 0.35140964 0.25977081
vt 0.34193668 0.24993712
vt 0.33323935 0.24812788
vt 0.36144862 0.27992362
vt 0.36601862 0.28176755
vt 0.3825908 0.27494818
vt 0.33540022 0.22890902
vt 0.34295192 0.20926875
vt 0.38113019 0.28261256
vt 0.34350356 0.25636625
vt 0.33810928 0.25548118
vt 0.32864651 0.24411035
vt 0.33608577 0.21320426
vt 0.33786806 0.20894194
vt 0.36312327 0.29279715
vt 0.37459946 0.29517019
vt 0.38386267 0.284971
vt 0.33160028 0.26088893
vt 0.32819217 0.22091562
vt 0.32628283 0.24862939
vt 0.36814699 0.29491562
vt 0.37827489 0.29757446
vt 0.38203585 0.29714966
vt 0.33461779 0.26269144
vt 0.32480001 0.22814399
vt 0.32424271 0.23882502
vt 0.33191055 0.20824784
vt 0.36476281 0.30605602
vt 0.37379956 0.30425632
vt 0.33213812 0.26732934
vt 0.32567769 0.26403731
vt 0.32035375 0.2235797
vt 0.32080138 0.24891871
vt 0.32813111 0.20929712
vt 0.37005419 0.30755764
vt 0.37968197 0.30822122
vt 0.37697881 0.30301678
vt 0.31959108 0.20974237
vt 0.32373679 0.20802635
vt 0.32725933 0.27320427
vt 0.31704083 0.26087672
vt 0.31469873 0.21297944
vt 0.32168356 0.2702741
vt 0.66859651 0.36531568
vt 0.67032546 0.34936631
vt 0.67349386 0.36395454
vt 0.67129755 0.37060887
vt 0.67413837 0.3553828
vt 0.66782308 0.36970121
vt 0.6753481 0.36593843
vt 0.67624629 0.3474443
vt 0.6737569 0.32942933
vt 0.66771221 0.33179629
vt 0.68038654 0.33620352
vt 0.67125285 0.32385582
vt 0.68137985 0.31668419
vt 0.66498339 0.32414871
vt 0.67398375 0.30607891
vt 0.67842728 0.30724418
vt 0.68459922 0.3024019
vt 0.66773176 0.30653626
vt 0.6713447 0.28004301
vt 0.68388599 0.27975386
vt 0.66636342 0.29481226
vt 0.67925268 0.26414871
vt 0.68770564 0.28341454
vt 0.67019522 0.25912261
vt 0.661641 0.2870937
vt 0.68637896 0.27172673
vt 0.6882906 0.30163908
vt 0.65903521 0.27112597
vt 0.6744737 0.24644727
vt 0.6890983 0.27659631
vt 0.68328184 0.26037711
vt 0.66301554 0.25136477
vt 0.67954028 0.24414068
vt 0.65781415 0.25553632
vt 0.67008823 0.24063534
vt 0.67994076 0.23442525
vt 0.65851074 0.24255842
vt 0.66450512 0.23810023
vt 0.68226653 0.24117088
vt 0.43389785 0.21707463
vt 0.43937999 0.21507668
vt 0.44109192 0.22159445
vt 0.43346378 0.22372568
vt 0.43581095 0.20842063
vt 0.44567168 0.21171767
vt 0.42281112 0.20747274
vt 0.44390336 0.20512086
vt 0.42661059 0.2190336
vt 0.42850018 0.2011019
vt 0.43136457 0.19432479
vt 0.41864419 0.21823102
vt 0.42211372 0.18543339
vt 0.41406393 0.21382189
vt 0.42121509 0.22502291
vt 0.41513562 0.19863659
vt 0.40941098 0.22873902
vt 0.41588578 0.23323113
vt 0.41651779 0.17824948
vt 0.40410203 0.20489174
vt 0.40763423 0.18114692
vt 0.42108873 0.17276055
vt 0.40972516 0.24570048
vt 0.40250513 0.22414392
vt 0.40910745 0.17240095
vt 0.40531904 0.24334139
vt 0.39786619 0.20639843
vt 0.40018266 0.17726725
vt 0.40548977 0.16060621
vt 0.39113921 0.19683933
vt 0.38715053 0.18536681
vt 0.39860266 0.16169494
vt 0.38928592 0.16612208
vt 0.40238234 0.15160775
vt 0.38300094 0.1746434
vt 0.40097877 0.1417135
vt 0.38515255 0.15642148
vt 0.39276919 0.1444459
vt 0.37970334 0.170205
vt 0.39854634 0.13288629
vt 0.37676084 0.16647178
vt 0.38869789 0.1350193
vt 0.39365244 0.12946719
vt 0.37834951 0.14896619
vt 0.39538848 0.12572634
vt 0.38091198 0.12744004
vt 0.39219126 0.12159085
vt 0.38556004 0.1147632
vt 0.75843889 0.24672621
vt 0.7578612 0.23444557
vt 0.76093423 0.24143416
vt 0.75371921 0.24217463
vt 0.76347429 0.22755748
vt 0.75227809 0.23310596
vt 0.76431304 0.24351752
vt 0.75976563 0.22671837
vt 0.75287247 0.22551435
vt 0.76948136 0.23563981
vt 0.75469905 0.22014797
vt 0.7605356 0.22057098
vt 0.76505524 0.21622682
vt 0.7658357 0.24914128
vt 0.77498966 0.22462642
vt 0.7699737 0.25386375
vt 0.76898223 0.20540476
vt 0.76751912 0.26426452
vt 0.78532249 0.19124293
vt 0.77732038 0.2451176
vt 0.77445501 0.26006794
vt 0.77898103 0.18689203
vt 0.79074448 0.21216315
vt 0.78627497 0.23859173
vt 0.77310389 0.27450436
vt 0.76875728 0.19104362
vt 0.78574753 0.18430221
vt 0.78307128 0.22256953
vt 0.78117394 0.258448
vt 0.77917999 0.2658605
vt 0.77213389 0.17814523
vt 0.77870321 0.17699236
vt 0.78931075 0.22740841
vt 0.78633505 0.26130646
vt 0.77948529 0.27814531
vt 0.79645383 0.22155988
vt 0.78396624 0.26903409
vt 0.79078043 0.25338233
vt 0.79644608 0.23020715
vt 0.7759068 0.2877838
vt 0.77327698 0.17090976
vt 0.79476416 0.2260831
vt 0.79092044 0.27055633
vt 0.79600346 0.25146329
vt 0.79551196 0.26228309
vt 0.79780114 0.23770738
vt 0.78272051 0.28904903
vt 0.7839855 0.27899569
vt 0.78774273 0.28330886
vt 0.80134326 0.23323196
vt 0.7783944 0.295353
vt 0.79527897 0.27997512
vt 0.79602832 0.26906377
vt 0.8012799 0.24352926
vt 0.80069327 0.26097977
vt 0.78485692 0.29484969
vt 0.79948729 0.27448076
vt 0.80111343 0.25263649
vt 0.80616909 0.24995911
vt 0.78076881 0.30789739
vt 0.80311364 0.25554967
vt 0.80848551 0.26788008
vt 0.44636905 0.16955113
vt 0.45294479 0.17295992
vt 0.44965193 0.18075866
vt 0.44108474 0.17932355
vt 0.45496866 0.16787457
vt 0.45746732 0.18069202
vt 0.44712269 0.20247298
vt 0.43983203 0.16489673
vt 0.45949394 0.16688955
vt 0.44271934 0.19825125
vt 0.47026828 0.17426306
vt 0.45453849 0.20648336
vt 0.46427393 0.15643668
vt 0.47620595 0.20687819
vt 0.47647053 0.14349061
vt 0.48551574 0.1489132
vt 0.45051146 0.2333557
vt 0.49608263 0.15151936
vt 0.4574323 0.24421328
vt 0.48716864 0.13908732
vt 0.49614683 0.13806522
vt 0.50454378 0.17046458
vt 0.48630336 0.24567431
vt 0.50694698 0.13646948
vt 0.49793911 0.2137388
vt 0.50628448 0.15204793
vt 0.49520385 0.24074692
vt 0.4930805 0.13416874
vt 0.50721484 0.12686229
vt 0.50162894 0.12333727
vt 0.74956435 0.4837963
vt 0.75289851 0.49540049
vt 0.75018573 0.51188231
vt 0.73977804 0.4976337
vt 0.7553941 0.48364669
vt 0.74590069 0.53184986
vt 0.73542953 0.4797039
vt 0.75421381 0.4597739
vt 0.73977852 0.52462888
vt 0.73593026 0.50883257
vt 0.74701715 0.4489246
vt 0.743487 0.54795921
vt 0.73288053 0.49488461
vt 0.73813164 0.45756835
vt 0.75206244 0.44756949
vt 0.73589927 0.54325736
vt 0.73069948 0.51692909
vt 0.73353255 0.47679555
vt 0.73469651 0.46766347
vt 0.74175996 0.44138765
vt 0.74835491 0.43842852
vt 0.75827569 0.44480526
vt 0.73582709 0.55679679
vt 0.72833294 0.50056493
vt 0.73053348 0.47230589
vt 0.73471779 0.46046603
vt 0.73287666 0.44932246
vt 0.75633359 0.43337017
vt 0.73139423 0.55175608
vt 0.72996241 0.53854501
vt 0.724998 0.51335812
vt 0.72659534 0.4892807
vt 0.72914928 0.48109978
vt 0.7252605 0.46760017
vt 0.74230492 0.42734075
vt 0.74977195 0.43124914
vt 0.73267215 0.55948037
vt 0.72519481 0.52768749
vt 0.72055721 0.51000667
vt 0.72820532 0.54804623
vt 0.72242272 0.52603948
vt 0.73021036 0.45091665
vt 0.82198852 0.28215986
vt 0.83058482 0.28263438
vt 0.82175267 0.30345583
vt 0.81600714 0.30839741
vt 0.82990462 0.27060181
vt 0.83301449 0.29330528
vt 0.81471694 0.28749835
vt 0.83508897 0.27275306
vt 0.82114565 0.26821744
vt 0.83605039 0.28694391
vt 0.81834334 0.2796877
vt 0.83753884 0.27956372
vt 0.83346784 0.26078045
vt 0.82550097 0.26103771
vt 0.81595618 0.27321398
vt 0.84110731 0.26851469
vt 0.82058948 0.25415182
vt 0.84127229 0.28527707
vt 0.84567028 0.2793259
vt 0.82981771 0.24728358
vt 0.8400116 0.2509585
vt 0.81601572 0.25861162
vt 0.82366842 0.24637347
vt 0.84558183 0.26982224
vt 0.83517492 0.24690384
vt 0.84512705 0.25359112
vt 0.8156268 0.24882096
vt 0.85036671 0.27875358
vt 0.82499677 0.23138463
vt 0.83131546 0.23169279
vt 0.84022439 0.22467113
vt 0.82069564 0.23436719
vt 0.85919899 0.26801908
vt 0.84550923 0.23054332
vt 0.85649627 0.21920812
vt 0.86065865 0.2804805
vt 0.82656181 0.22465545
vt 0.82324809 0.22419918
vt 0.83471429 0.22329879
vt 0.86058009 0.25202954
vt 0.8566395 0.28481454
vt 0.86573988 0.274306
vt 0.82817906 0.21834964
vt 0.86524326 0.23770833
vt 0.86157775 0.28936774
vt 0.8643688 0.28407806
vt 0.86928481 0.21552378
vt 0.86827278 0.25955367
vt 0.86898029 0.28356862
vt 0.87157869 0.22878283
vt 0.87420225 0.2470634
vt 0.87707537 0.22424078
vt 0.87498045 0.26643443
vt 0.87780207 0.24568242
vt 0.87777674 0.24976009
vt 0.8775571 0.27873635
vt 0.87776554 0.2263875
vt 0.87783754 0.24573141
vt 0.87764424 0.26309198
vt 0.87756908 0.27727479
vt 0.87753946 0.28015178
vt 0.87783724 0.24554819
vt 0.87774754 0.22303307
vt 0.87783772 0.24565566
vt 0.97506869 0.25272059
vt 0.98006344 0.2368716
vt 0.9810645 0.24521267
vt 0.97583991 0.25692964
vt 0.973665 0.23292285
vt 0.9708268 0.25342423
vt 0.96877664 0.23964787
vt 0.97041595 0.26223367
vt 0.9666096 0.21848559
vt 0.96675724 0.25770366
vt 0.97262764 0.22407013
vt 0.96534777 0.24205154
vt 0.96278143 0.26653975
vt 0.95978451 0.23619318
vt 0.96490759 0.27393413
vt 0.96198773 0.2565484
vt 0.96131873 0.24710125
vt 0.96134204 0.21697485
vt 0.959943 0.27690238
vt 0.95230407 0.2611323
vt 0.95564765 0.2265715
vt 0.96507919 0.20428669
vt 0.95420408 0.24476647
vt 0.95667988 0.27554166
vt 0.95180184 0.26749468
vt 0.95489734 0.23521948
vt 0.95631033 0.21581322
vt 0.95926714 0.1963802
vt 0.958489 0.28153235
vt 0.94897723 0.26189381
vt 0.94929153 0.23630983
vt 0.95193243 0.2208823
vt 0.95375639 0.20126539
vt 0.96521974 0.19308436
vt 0.95556313 0.28506088
vt 0.95040053 0.2800501
vt 0.94732255 0.26815283
vt 0.94715166 0.21091813
vt 0.96198487 0.18731165
vt 0.9571237 0.18616009
vt 0.9488132 0.25165731
vt 0.95867556 0.29043806
vt 0.9434306 0.22941446
vt 0.94377178 0.24500477
vt 0.95067322 0.29441553
vt 0.953098 0.30807376
vt 0.94646537 0.2819497
vt 0.93919033 0.22481036
vt 0.4241823 0.95299327
vt 0.42452914 0.96491224
vt 0.41863719 0.95490348
vt 0.42073518 0.94259465
vt 0.41394451 0.96533751
vt 0.41726288 0.9472819
vt 0.42540768 0.93841195
vt 0.41495579 0.97459632
vt 0.41385368 0.9535774
vt 0.41551799 0.93787855
vt 0.42153177 0.93203247
vt 0.42131183 0.98014063
vt 0.4123466 0.97683579
vt 0.42646354 0.9302963
vt 0.41603559 0.98835868
vt 0.41449672 0.92600924
vt 0.42502198 0.92611229
vt 0.4225654 0.99560267
vt 0.41887775 0.92137253
vt 0.42930055 0.9234165
vt 0.41239357 0.91963208
vt 0.42639872 0.91669166
vt 0.43322963 0.92625135
vt 0.4187313 0.9105497
vt 0.42968363 0.90461981
vt 0.41195577 0.90860283
vt 0.42578784 0.90704548
vt 0.43409193 0.9122318
vt 0.41343421 0.89047772
vt 0.42724916 0.89368331
vt 0.43307391 0.89625776
vt 0.42028785 0.89708626
vt 0.40855947 0.87783945
vt 0.41648716 0.87890619
vt 0.42213291 0.88532978
vt 0.028196279 0.14779347
vt 0.025314013 0.15966821
vt 0.019976787 0.14844739
vt 0.025199912 0.14307326
vt 0.032326981 0.15622574
vt 0.016284484 0.1555447
vt 0.023669239 0.13704616
vt 0.032895688 0.14949471
vt 0.031133009 0.17343616
vt 0.019932257 0.17289555
vt 0.012252215 0.14742774
vt 0.016472284 0.13733661
vt 0.035224333 0.14496309
vt 0.041560639 0.15850097
vt 0.013687505 0.16722721
vt 0.0081468523 0.15567338
vt 0.019094396 0.12597811
vt 0.031510845 0.14221078
vt 0.037055187 0.16666591
vt 0.022222528 0.18575305
vt 0.016138323 0.18268478
vt 0.0062127062 0.1465202
vt 0.0095141558 0.14070278
vt 0.044514649 0.15248215
vt 0.043461915 0.16445494
vt 0.03426015 0.18021238
vt 0.029607041 0.18781948
vt 0.01272916 0.18342906
vt 0.0043519577 0.16345191
vt 0.0031905025 0.15233582
vt 0.048946254 0.15494037
vt 0.0387487 0.17173392
vt 0.0183341 0.19522983
vt 0.027564958 0.19605434
vt 0.0054402626 0.17395055
vt 0.034405988 0.19666982
vt 0.0035098193 0.1841197
vt 0.0094000939 0.18947738
vt 0.0024995876 0.16833258
vt 0.028051162 0.20411426
vt 0.0017191982 0.17385948
vt 0.012981237 0.19647944
vt 0.016195217 0.20972407
vt 0.032972571 0.21229708
vt 0.014540117 0.2049458
vt 0.026275929 0.21690464
vt 0.011786438 0.2046653
vt 0.02065465 0.22149128
vt 0.015867051 0.21493131
vt 0.031993657 0.21992344
vt 0.023392204 0.23353845
vt 0.029362731 0.22575158
vt 0.018087981 0.22715133
vt 0.021524422 0.23637027
vt 0.025548978 0.23620528
vt 0.01925122 0.23708123
vt 0.027919542 0.23733985
vt 0.023216594 0.24637949
vt 0.021148184 0.24476343
vt 0.55998212 0.7674548
vt 0.56044549 0.77422619
vt 0.55590874 0.77855378
vt 0.5545491 0.76947445
vt 0.55827171 0.78019029
vt 0.54746187 0.76924616
vt 0.55440396 0.76046062
vt 0.55549479 0.78601938
vt 0.54291451 0.77457452
vt 0.54571545 0.78674293
vt 0.54619962 0.75970167
vt 0.54286677 0.76845288
vt 0.54485756 0.79874003
vt 0.53889328 0.76425761
vt 0.5376581 0.77981865
vt 0.53978455 0.79862851
vt 0.53210986 0.77106476
vt 0.53892404 0.7916947
vt 0.53943628 0.80870831
vt 0.53741425 0.75847918
vt 0.53009349 0.76397192
vt 0.53443521 0.79019833
vt 0.52793849 0.78081226
vt 0.53627336 0.80059701
vt 0.53071326 0.75769901
vt 0.52543253 0.77237129
vt 0.53067881 0.78732628
vt 0.53455168 0.79572606
vt 0.5253489 0.76209354
vt 0.52272218 0.78324187
vt 0.52988958 0.79423803
vt 0.52147949 0.7646203
vt 0.51844478 0.76794422
vt 0.51493543 0.77894932
vt 0.51619297 0.78698128
vt 0.51242197 0.76671755
vt 0.50955129 0.77677858
vt 0.51616055 0.75768793
vt 0.50976729 0.75546843
vt 0.50578159 0.76546192
vt 0.50239658 0.74502599
vt 0.50542253 0.74567187
vt 0.99427587 0.36885262
vt 0.98808223 0.36528784
vt 0.99400961 0.35648572
vt 0.99156731 0.37727576
vt 0.98667312 0.35465181
vt 0.99526829 0.37901986
vt 0.9878453 0.38474661
vt 0.98096716 0.36378366
vt 0.99331313 0.34526342
vt 0.99500954 0.38945132
vt 0.9801141 0.35144866
vt 0.99068666 0.33498001
vt 0.97644222 0.38046944
vt 0.98867399 0.39928585
vt 0.97415358 0.35694504
vt 0.98266196 0.34044439
vt 0.98190898 0.40422183
vt 0.96856719 0.36502337
vt 0.99340129 0.40629309
vt 0.97717786 0.343027
vt 0.98282301 0.32277012
vt 0.97412169 0.40157223
vt 0.98966068 0.41410023
vt 0.96851665 0.35435236
vt 0.97602862 0.33427
vt 0.97786123 0.32982349
vt 0.98033792 0.43015152
vt 0.95873612 0.38681382
vt 0.99382806 0.41509986
vt 0.9845022 0.42034465
vt 0.96427023 0.35490173
vt 0.97623348 0.32034165
vt 0.97370362 0.42147791
vt 0.96201968 0.40073234
vt 0.96172905 0.36444151
vt 0.99314284 0.42344385
vt 0.98800433 0.42791945
vt 0.97132766 0.43002892
vt 0.96644664 0.41908538
vt 0.96271122 0.41791612
vt 0.95331961 0.40263027
vt 0.95497203 0.37267458
vt 0.98576552 0.43316656
vt 0.95912367 0.4121564
vt 0.94926792 0.39018947
vt 0.94705081 0.40711969
vt 0.94975919 0.37573898
vt 0.94004786 0.40024871
vt 0.94227368 0.37236345
vt 0.95156479 0.36724377
vt 0.93962622 0.38495231
vt 0.94605452 0.36357439
vt 0.53805542 0.18457538
vt 0.54228359 0.18000895
vt 0.5458985 0.18971789
vt 0.54765421 0.20672035
vt 0.5368064 0.17282265
vt 0.54875094 0.18166709
vt 0.54347199 0.2107752
vt 0.55231023 0.19244671
vt 0.52928829 0.17478836
vt 0.54810834 0.17550439
vt 0.55139184 0.18512398
vt 0.54908097 0.22293156
vt 0.53294754 0.20528483
vt 0.55639273 0.20256013
vt 0.5329597 0.16439348
vt 0.5202297 0.1843735
vt 0.54247296 0.23084497
vt 0.55368268 0.22509938
vt 0.51905131 0.19294024
vt 0.55796546 0.21286899
vt 0.52504426 0.16298968
vt 0.52116358 0.17628288
vt 0.54831648 0.23285276
vt 0.51969421 0.20709878
vt 0.52792454 0.21857107
vt 0.51387858 0.18805224
vt 0.51637471 0.17586225
vt 0.54788679 0.23841584
vt 0.55849719 0.22658455
vt 0.55428237 0.23592699
vt 0.51285499 0.20575029
vt 0.53606498 0.23559082
vt 0.51948321 0.16668421
vt 0.53645891 0.24142194
vt 0.52065754 0.22273898
vt 0.51285261 0.21719432
vt 0.52583319 0.23063481
vt 0.51696378 0.15514344
vt 0.50922298 0.19677186
vt 0.51432455 0.16191405
vt 0.50824082 0.21930879
vt 0.52414238 0.24629176
vt 0.50183541 0.2104122
vt 0.51268739 0.23934972
vt 0.50925797 0.2295261
vt 0.50383908 0.22097963
vt 0.72225702 0.24291563
vt 0.71669763 0.23733991
vt 0.72721398 0.23193717
vt 0.71361244 0.2467702
vt 0.7257396 0.22399569
vt 0.70632756 0.22862726
vt 0.71434045 0.22788543
vt 0.73042482 0.22969919
vt 0.71450645 0.21694899
vt 0.73410583 0.2191211
vt 0.70818472 0.22090453
vt 0.72276217 0.21275508
vt 0.73006016 0.20814276
vt 0.70260161 0.21806067
vt 0.71403849 0.20684493
vt 0.72068202 0.2044422
vt 0.73843098 0.21295017
vt 0.70841604 0.21058786
vt 0.74313468 0.22202915
vt 0.73083514 0.19942605
vt 0.70079881 0.21199542
vt 0.71117663 0.20027423
vt 0.72020596 0.19545227
vt 0.74285513 0.21949202
vt 0.74262977 0.20228487
vt 0.71715927 0.19003987
vt 0.74199599 0.20902395
vt 0.74031395 0.18930227
vt 0.69707644 0.20068854
vt 0.7091921 0.18537235
vt 0.72393346 0.18376589
vt 0.74424642 0.19742644
vt 0.73305666 0.18423516
vt 0.69403684 0.20680374
vt 0.70340735 0.19007266
vt 0.70914835 0.16501147
vt 0.72461295 0.17318708
vt 0.74526536 0.18894196
vt 0.74408299 0.17976856
vt 0.68914145 0.20335007
vt 0.69580877 0.18512833
vt 0.70105112 0.16593266
vt 0.73393482 0.17191398
vt 0.71623552 0.15431756
vt 0.70319313 0.14926714
vt 0.74579191 0.18304217
vt 0.73422456 0.15825438
vt 0.68909681 0.17502737
vt 0.69255763 0.16662633
vt 0.72371089 0.15756571
vt 0.6906212 0.15701985
vt 0.74619418 0.17469549
vt 0.74557149 0.1558882
vt 0.74569339 0.15606987
vt 0.73425978 0.14838034
vt 0.74566406 0.15576625
vt 0.74252045 0.14409357
vt 0.74538457 0.15480465
vt 0.82522815 0.91682303
vt 0.82466894 0.89995337
vt 0.83002239 0.90075922
vt 0.8302595 0.91317958
vt 0.82164431 0.91145122
vt 0.8374756 0.91357893
vt 0.82751143 0.92579156
vt 0.81837469 0.92558968
vt 0.83938158 0.88753945
vt 0.83223659 0.92008567
vt 0.82253343 0.92954504
vt 0.81411123 0.92472291
vt 0.840868 0.90405869
vt 0.83383781 0.92598009
vt 0.82594568 0.93637657
vt 0.82208276 0.9448092
vt 0.8153342 0.93885082
vt 0.84257144 0.91261894
vt 0.84343386 0.92031461
vt 0.83113635 0.92952454
vt 0.83964735 0.9327926
vt 0.83156645 0.94457161
vt 0.8191784 0.94958985
vt 0.84540689 0.93165332
vt 0.83203053 0.95459408
vt 0.82355511 0.96282881
vt 0.84104514 0.94653875
vt 0.83589119 0.95396888
vt 0.84771156 0.94823796
vt 0.83285987 0.96436566
vt 0.84209102 0.96103805
vt 0.82929385 0.97553343
vt 0.8500843 0.96551001
vt 0.83975977 0.97011155
vt 0.82436115 0.97312146
vt 0.8338868 0.97669703
vt 0.84782028 0.9801085
vt 0.83754063 0.99108446
vt 0.85227162 0.97751045
vt 0.8350597 0.99390686
vt 0.85136652 0.98533481
vt 0.85280281 0.96650469
vt 0.84807825 0.98761153
vt 0.83858585 0.99580157
vt 0.85130811 0.99599642
vt 0.85353506 0.99215794
vt 0.074599095 0.16240865
vt 0.070120767 0.16131282
vt 0.074166715 0.15239263
vt 0.08741495 0.16089368
vt 0.070484199 0.17064136
vt 0.070730641 0.14459455
vt 0.080623306 0.17077917
vt 0.077485599 0.14677769
vt 0.075548276 0.17141539
vt 0.074990354 0.14108735
vt 0.090915151 0.18262231
vt 0.086771384 0.14182234
vt 0.069418542 0.13155663
vt 0.097003222 0.15813345
vt 0.081382506 0.13983232
vt 0.092820227 0.1381377
vt 0.077066883 0.12917775
vt 0.10472985 0.17060137
vt 0.094021678 0.12245703
vt 0.07186228 0.1170882
vt 0.099925749 0.13602173
vt 0.10097059 0.18091333
vt 0.089585498 0.12029123
vt 0.08268062 0.11516035
vt 0.064582676 0.11554497
vt 0.11068085 0.14661729
vt 0.106167 0.17656606
vt 0.085866161 0.11589289
vt 0.092306294 0.10960603
vt 0.064341001 0.10221159
vt 0.078631692 0.10987771
vt 0.11265734 0.16238201
vt 0.10958181 0.12268376
vt 0.10075785 0.11075044
vt 0.085027702 0.10747927
vt 0.06861078 0.094281614
vt 0.074742109 0.09705925
vt 0.11670594 0.16112983
vt 0.1140838 0.11618334
vt 0.097203776 0.097142458
vt 0.079511434 0.10163289
vt 0.11507326 0.14285874
vt 0.10821363 0.10865963
vt 0.11272129 0.10501486
vt 0.11734217 0.11816341
vt 0.088634215 0.093411028
vt 0.10116556 0.10444266
vt 0.077600107 0.074625611
vt 0.086746246 0.091714621
vt 0.11803354 0.13295627
vt 0.15780695 0.14560568
vt 0.16292612 0.1460802
vt 0.15717341 0.16505456
vt 0.14838095 0.14415783
vt 0.15856966 0.1340704
vt 0.16150726 0.16877168
vt 0.14622097 0.17257041
vt 0.15215498 0.13510746
vt 0.17212056 0.13561296
vt 0.17021424 0.15155715
vt 0.15891215 0.17466456
vt 0.15709244 0.18109399
vt 0.13989492 0.15797299
vt 0.14620593 0.12644589
vt 0.15537825 0.12768638
vt 0.16109414 0.11770141
vt 0.14607045 0.1836946
vt 0.13919954 0.14828748
vt 0.14255281 0.1757825
vt 0.14177783 0.12932527
vt 0.15053751 0.11935163
vt 0.17432724 0.12043715
vt 0.17624837 0.13669544
vt 0.13809697 0.13386989
vt 0.13352077 0.15493947
vt 0.13498375 0.1609633
vt 0.13926661 0.11559367
vt 0.14819573 0.10569656
vt 0.15505734 0.10733318
vt 0.16643937 0.11025393
vt 0.17702138 0.14989203
vt 0.13448772 0.14496511
vt 0.18094666 0.13903999
vt 0.13139962 0.12627357
vt 0.12799905 0.14530265
vt 0.13440508 0.11635023
vt 0.17976063 0.12274754
vt 0.17751777 0.11638796
vt 0.12673394 0.1293546
vt 0.6278578 0.73707038
vt 0.62535948 0.74372292
vt 0.61979407 0.73301101
vt 0.63137597 0.7310729
vt 0.63111478 0.73786479
vt 0.61895752 0.74539286
vt 0.62956613 0.72910166
vt 0.63212252 0.73339838
vt 0.63373351 0.74253589
vt 0.60968864 0.74472284
vt 0.61725903 0.75338626
vt 0.62179816 0.72283328
vt 0.63317251 0.73455876
vt 0.63357842 0.73977828
vt 0.633865 0.74372315
vt 0.6136713 0.74735421
vt 0.61047107 0.75845653
vt 0.63406163 0.7467351
vt 0.60452247 0.75470799
vt 0.62439471 0.7642439
vt 0.60969704 0.77420378
vt 0.60629177 0.76196265
vt 0.63448763 0.74983889
vt 0.61714149 0.77275324
vt 0.60125804 0.76546019
vt 0.63131702 0.7613852
vt 0.62250578 0.77663517
vt 0.61438888 0.78728318
vt 0.59990728 0.75909495
vt 0.63508272 0.75677198
vt 0.63089359 0.76692033
vt 0.61930883 0.78259081
vt 0.60746837 0.78892976
vt 0.60160887 0.77790779
vt 0.5987817 0.76804894
vt 0.6342656 0.7703259
vt 0.6209771 0.79322022
vt 0.61266911 0.79925221
vt 0.59659094 0.76216805
vt 0.63659042 0.75908262
vt 0.62658668 0.78899354
vt 0.62721622 0.80765426
vt 0.60091263 0.79279625
vt 0.59942913 0.80406648
vt 0.59605074 0.77772081
vt 0.63830698 0.76284814
vt 0.63785976 0.77928782
vt 0.62650734 0.79847723
vt 0.59551316 0.78725111
vt 0.64764476 0.77423
vt 0.63349444 0.79208952
vt 0.62942117 0.80519515
vt 0.64877367 0.77540368
vt 0.64297003 0.78967595
vt 0.63443619 0.8075738
vt 0.64935607 0.77643478
vt 0.4422923 0.60868257
vt 0.44425392 0.59626681
vt 0.4456993 0.60749328
vt 0.44823888 0.61545736
vt 0.45008767 0.60379958
vt 0.45067611 0.59021193
vt 0.4523665 0.61357725
vt 0.45312056 0.60138726
vt 0.4466069 0.57988948
vt 0.45075727 0.62083995
vt 0.45588359 0.59170783
vt 0.44197947 0.58019507
vt 0.45663688 0.58154333
vt 0.44292003 0.55960155
vt 0.44537807 0.55952305
vt 0.46028715 0.59345239
vt 0.4397735 0.5600177
vt 0.44996992 0.55774641
vt 0.46876743 0.60109407
vt 0.47066915 0.549658
vt 0.4800716 0.60057211
vt 0.48073381 0.54580688
vt 0.48877907 0.54262072
vt 0.4921487 0.57844555
vt 0.49070948 0.54185623
vt 0.49282795 0.59574783
vt 0.490421 0.60890639
vt 0.49325681 0.60635149
vt 0.49334908 0.60927761
vt 0.21124634 0.13594836
vt 0.20179164 0.14002609
vt 0.20303915 0.13056296
vt 0.21457341 0.12141848
vt 0.20113815 0.15019619
vt 0.19948752 0.1339255
vt 0.20236444 0.12004656
vt 0.21523321 0.14226997
vt 0.20813732 0.15266794
vt 0.19627386 0.12622994
vt 0.21127477 0.088076949
vt 0.22161643 0.1122824
vt 0.20040931 0.16022319
vt 0.19574043 0.11273158
vt 0.21700166 0.10483044
vt 0.2042934 0.094851732
vt 0.21915604 0.15533268
vt 0.22097765 0.13496602
vt 0.20426744 0.16541922
vt 0.19956185 0.10274947
vt 0.18918054 0.11295092
vt 0.21626234 0.089367509
vt 0.20256391 0.08197403
vt 0.21623917 0.16679889
vt 0.22563036 0.12219536
vt 0.21976167 0.098016977
vt 0.21006891 0.1633442
vt 0.19204335 0.10069287
vt 0.19129959 0.10868174
vt 0.21197635 0.078795791
vt 0.19818904 0.089513242
vt 0.22213724 0.17446494
vt 0.22610709 0.15111488
vt 0.22787751 0.10736728
vt 0.22620472 0.13681859
vt 0.22393443 0.10423088
vt 0.20843887 0.17334378
vt 0.21694013 0.080064237
vt 0.19696915 0.083956659
vt 0.22754362 0.16010433
vt 0.21628891 0.17786133
vt 0.21330564 0.17288816
vt 0.22639449 0.10106486
vt 0.22700664 0.17335021
vt 0.22019495 0.18381476
vt 0.21439186 0.18446255
vt 0.20715417 0.1811102
vt 0.059160069 0.85075623
vt 0.052598268 0.85675585
vt 0.057056319 0.84414911
vt 0.060936235 0.84463245
vt 0.05998553 0.85915703
vt 0.051118467 0.84264398
vt 0.061944671 0.83513474
vt 0.06374003 0.84596854
vt 0.052740254 0.86650324
vt 0.047520455 0.8623544
vt 0.055321522 0.83189929
vt 0.049248125 0.86675453
vt 0.060655348 0.87165397
vt 0.04448396 0.8433345
vt 0.047772933 0.83437586
vt 0.068261795 0.83214211
vt 0.063394673 0.82474428
vt 0.049807932 0.81980777
vt 0.056615848 0.82335472
vt 0.038234744 0.83799779
vt 0.037946057 0.82444239
vt 0.072324805 0.81761962
vt 0.058238178 0.81558406
vt 0.033619706 0.83270717
vt 0.039265446 0.81209558
vt 0.070427224 0.80663794
vt 0.073482394 0.82583165
vt 0.059984628 0.80049866
vt 0.033345394 0.83664161
vt 0.033621948 0.81972456
vt 0.047989257 0.80696154
vt 0.055996362 0.80521011
vt 0.075844437 0.81162167
vt 0.077170819 0.81927317
vt 0.033031467 0.80821431
vt 0.039526723 0.80216539
vt 0.076300748 0.79820609
vt 0.067290522 0.79302239
vt 0.053654417 0.79750413
vt 0.081308946 0.81263363
vt 0.070541091 0.79715729
vt 0.062843323 0.78704435
vt 0.057148494 0.79075837
vt 0.08193776 0.79842716
vt 0.066842064 0.77481341
vt 0.080620944 0.78632462
vt 0.072422646 0.77495742
vt 0.086383581 0.79124498
vt 0.51562977 0.9921189
vt 0.51437056 0.97965133
vt 0.51784724 0.96793675
vt 0.52701277 0.97004586
vt 0.50781608 0.98733515
vt 0.51339924 0.96803498
vt 0.52333498 0.95636678
vt 0.52597445 0.98674446
vt 0.53188187 0.96485746
vt 0.5388357 0.97715992
vt 0.50594664 0.97220439
vt 0.50193316 0.9711132
vt 0.50220901 0.98857152
vt 0.49754882 0.98889303
vt 0.49455392 0.9760834
vt 0.48677328 0.99689871
vt 0.2950227 0.13458329
vt 0.29338461 0.12332726
vt 0.29787835 0.12485826
vt 0.30172884 0.12968618
vt 0.28683946 0.13415939
vt 0.29659536 0.10926771
vt 0.30248097 0.11719948
vt 0.28710914 0.11047804
vt 0.28682333 0.14319307
vt 0.29142988 0.10547185
vt 0.30295405 0.12758923
vt 0.27872914 0.12292635
vt 0.28220302 0.13634849
vt 0.29570878 0.094595551
vt 0.30248466 0.1171205
vt 0.30249909 0.1172381
vt 0.28402594 0.10054827
vt 0.28253093 0.14823318
vt 0.30056939 0.10659879
vt 0.28877851 0.086059391
vt 0.27190584 0.11005086
vt 0.27529326 0.13363594
vt 0.27834681 0.14528894
vt 0.29888555 0.099063814
vt 0.29523224 0.078258097
vt 0.28369099 0.088590682
vt 0.26997691 0.11986142
vt 0.27936554 0.095167398
vt 0.27983087 0.1565702
vt 0.29703385 0.091567993
vt 0.26810879 0.10544556
vt 0.27243549 0.097296953
vt 0.26589364 0.12634373
vt 0.27408743 0.1477145
vt 0.2759541 0.15659267
vt 0.26541424 0.1136204
vt 0.27734131 0.16683096
vt 0.27102068 0.14900202
vt 0.27302733 0.17871523
vt 0.26176718 0.13334954
vt 0.26984102 0.16082495
vt 0.269961 0.17896825
vt 0.26444137 0.14944601
vt 0.2710391 0.18430704
vt 0.25610176 0.14444107
vt 0.26655242 0.17006415
vt 0.25962442 0.15763938
vt 0.25207871 0.15651798
vt 0.31841278 0.13470596
vt 0.32277894 0.14566034
vt 0.31928962 0.16024512
vt 0.31541073 0.15452552
vt 0.32154134 0.12796235
vt 0.32699433 0.15408838
vt 0.31407395 0.1699602
vt 0.32990858 0.13276261
vt 0.33490822 0.14413875
vt 0.32859716 0.16802794
vt 0.32196221 0.17484105
vt 0.32944968 0.11495894
vt 0.33553126 0.15619493
vt 0.31924626 0.18045032
vt 0.33657053 0.12511271
vt 0.33621931 0.15241009
vt 0.32748437 0.17993987
vt 0.33628461 0.16321582
vt 0.32367569 0.18401963
vt 0.33843186 0.11063629
vt 0.34062731 0.13429743
vt 0.34242019 0.15026486
vt 0.34138414 0.15855658
vt 0.33408049 0.17504686
vt 0.33936211 0.16534811
vt 0.34219846 0.14270276
vt 0.34664038 0.12444454
vt 0.3500534 0.14112198
vt 0.34663764 0.15831155
vt 0.34519777 0.16454953
vt 0.34158218 0.17002976
vt 0.35323119 0.10904372
vt 0.35037079 0.099639952
vt 0.35577348 0.12467194
vt 0.3571547 0.14924824
vt 0.35110888 0.16005719
vt 0.34751099 0.17149895
vt 0.36573687 0.13504672
vt 0.89987093 0.38132387
vt 0.91156942 0.39063019
vt 0.90113127 0.38689733
vt 0.89683288 0.38717866
vt 0.91750056 0.38424134
vt 0.91081679 0.40099967
vt 0.89334106 0.38825768
vt 0.89961153 0.41042668
vt 0.91437441 0.38234121
vt 0.91908908 0.38496029
vt 0.91954774 0.39349353
vt 0.88791096 0.38654923
vt 0.90282983 0.37661457
vt 0.92725229 0.39756459
vt 0.91693109 0.41842163
vt 0.89012086 0.37534648
vt 0.89717144 0.37413472
vt 0.92722738 0.38625288
vt 0.92694074 0.39985657
vt 0.9284941 0.38912868
vt 0.90041679 0.42219675
vt 0.92632139 0.40587205
vt 0.89171582 0.4118942
vt 0.88113219 0.38095421
vt 0.91015452 0.43256849
vt 0.92469019 0.42016214
vt 0.88542038 0.40580994
vt 0.87739444 0.39909661
vt 0.88796008 0.37002522
vt 0.89070487 0.37246126
vt 0.92885369 0.38695955
vt 0.9235121 0.42916632
vt 0.89868039 0.43134189
vt 0.88588387 0.42716873
vt 0.87805188 0.41721034
vt 0.92892605 0.38655859
vt 0.92343891 0.42978513
vt 0.92288959 0.43332624
vt 0.39459014 0.98594409
vt 0.40085191 0.98434824
vt 0.39979458 0.99596626
vt 0.39934847 0.96849269
vt 0.39251933 0.97055244
vt 0.40447697 0.97336125
vt 0.39829749 0.95354223
vt 0.40513805 0.96306026
vt 0.40444455 0.99246484
vt 0.40535024 0.99140221
vt 0.4034895 0.94540197
vt 0.39695683 0.94121218
vt 0.39819077 0.9318068
vt 0.40727752 0.9286772
vt 0.40641603 0.91430295
vt 0.40009502 0.91368216
vt 0.40369123 0.90254891
vt 0.40734789 0.89497173
vt 0.39922872 0.90105784
vt 0.40453494 0.89248031
vt 0.40038431 0.89507967
vt 0.3397857 0.5102762
vt 0.3362672 0.51306713
vt 0.33516338 0.50367194
vt 0.33871323 0.49187464
vt 0.34041914 0.51928878
vt 0.33069158 0.50937927
vt 0.33511946 0.49327326
vt 0.34295297 0.49770743
vt 0.34346098 0.50940442
vt 0.33306858 0.52488947
vt 0.33046579 0.49967051
vt 0.33848745 0.48113102
vt 0.34261429 0.4859854
vt 0.34512302 0.51866782
vt 0.32504693 0.51579535
vt 0.32475844 0.50480086
vt 0.32727343 0.49654716
vt 0.33326301 0.48360842
vt 0.34497249 0.4925583
vt 0.34911188 0.500166
vt 0.32458282 0.52643239
vt 0.34231952 0.47658396
vt 0.34869796 0.48652482
vt 0.35143873 0.51949573
vt 0.32214937 0.53233415
vt 0.32060021 0.518417
vt 0.32011101 0.50930405
vt 0.3447718 0.47945642
vt 0.35641855 0.50229841
vt 0.34527355 0.5325411
vt 0.33094871 0.54033071
vt 0.31824827 0.52747345
vt 0.35427988 0.49390674
vt 0.35777953 0.5141772
vt 0.35074255 0.5291543
vt 0.32676542 0.54956281
vt 0.33635503 0.53659898
vt 0.31843644 0.54103941
vt 0.36186248 0.52757382
vt 0.34977043 0.53839898
vt 0.32369223 0.55062902
vt 0.33283654 0.54921788
vt 0.31464827 0.53756487
vt 0.36391339 0.51781487
vt 0.34079546 0.54336625
vt 0.32356679 0.55893922
vt 0.32949364 0.5565747
vt 0.3155953 0.5525043
vt 0.58494818 0.1130659
vt 0.58877486 0.12500125
vt 0.57523376 0.12204885
vt 0.57259721 0.11463451
vt 0.59009308 0.1076299
vt 0.57580042 0.13536298
vt 0.56763804 0.11833459
vt 0.58064359 0.10765338
vt 0.59242398 0.12147737
vt 0.58258772 0.13537842
vt 0.56746531 0.13114989
vt 0.57306373 0.10675484
vt 0.58397692 0.094672203
vt 0.59353089 0.11376321
vt 0.59223664 0.13273805
vt 0.57791454 0.14569843
vt 0.56655407 0.14146203
vt 0.56894374 0.10397261
vt 0.56542259 0.12764865
vt 0.57704371 0.099347055
vt 0.59160638 0.096862972
vt 0.59705621 0.11032379
vt 0.60001767 0.11566913
vt 0.58346409 0.14660889
vt 0.57427996 0.15129256
vt 0.56884539 0.14955652
vt 0.56629497 0.10750562
vt 0.57271898 0.10012579
vt 0.57819122 0.091676593
vt 0.60317868 0.11568362
vt 0.58951014 0.1462571
vt 0.57989162 0.15522772
vt 0.56405187 0.099732935
vt 0.56870872 0.094255865
vt 0.57355392 0.091140985
vt 0.59901607 0.097839057
vt 0.57767844 0.085142136
vt 0.60306573 0.11491221
vt 0.60361713 0.12053221
vt 0.58639449 0.15938169
vt 0.59675056 0.15026444
vt 0.57664406 0.162862
vt 0.6009419 0.095581949
vt 0.60177875 0.10441518
vt 0.60309875 0.13804156
vt 0.58990788 0.16568083
vt 0.59372216 0.15598565
vt 0.57883579 0.17221296
vt 0.57170451 0.16185462
vt 0.5856294 0.16861856
vt 0.57414806 0.084625423
vt 0.6050601 0.13427359
vt 0.60716861 0.14981788
vt 0.59805053 0.15811491
vt 0.57339549 0.18431056
vt 0.56897652 0.15290672
vt 0.60684735 0.14782375
vt 0.59204173 0.17265254
vt 0.58203733 0.17960298
vt 0.60398316 0.16443586
vt 0.59613818 0.1704089
vt 0.5773167 0.18323463
vt 0.58999825 0.17397189
vt 0.60725164 0.15122491
vt 0.60798961 0.16565162
vt 0.60355461 0.17494243
vt 0.6081087 0.16690135
vt 0.60876673 0.17698067
vt 0.55757564 0.67448151
vt 0.55567896 0.66047287
vt 0.56520116 0.66637743
vt 0.56725854 0.67671251
vt 0.54909301 0.66751838
vt 0.56172264 0.68863612
vt 0.55725676 0.68668485
vt 0.54933119 0.65329218
vt 0.5650059 0.69841886
vt 0.54522932 0.67273533
vt 0.54447395 0.65536565
vt 0.5611769 0.70354009
vt 0.56802839 0.69907594
vt 0.54834133 0.69508153
vt 0.54115206 0.669182
vt 0.54489625 0.64775896
vt 0.57239848 0.68918777
vt 0.56523174 0.7080555
vt 0.53897578 0.68512881
vt 0.55267614 0.71513271
vt 0.56440568 0.72345972
vt 0.54357368 0.70388651
vt 0.54660046 0.71140552
vt 0.55853659 0.72308499
vt 0.56689465 0.7170366
vt 0.53956032 0.70476949
vt 0.54650015 0.72409356
vt 0.55422455 0.72933877
vt 0.56759822 0.73985803
vt 0.56895572 0.72566307
vt 0.53880459 0.71131277
vt 0.53643817 0.69872952
vt 0.56135756 0.74533945
vt 0.53522116 0.70629215
vt 0.54667825 0.73651373
vt 0.53423649 0.72955656
vt 0.53832877 0.74236035
vt 0.53298783 0.73712599
vt 0.92605066 0.88049757
vt 0.92106229 0.82360816
vt 0.92644578 0.85824829
vt 0.91705316 0.8694731
vt 0.92666888 0.84459507
vt 0.92157716 0.89190698
vt 0.91061759 0.84881812
vt 0.92680717 0.83450234
vt 0.9258163 0.88934577
vt 0.90812403 0.89402556
vt 0.91004872 0.82734478
vt 0.9077332 0.86749101
vt 0.92747933 0.81684005
vt 0.9262175 0.89805424
vt 0.91183555 0.90038478
vt 0.90802634 0.81933373
vt 0.92757905 0.81083083
vt 0.92628789 0.8991372
vt 0.9189167 0.90155125
vt 0.91348815 0.80549204
vt 0.92669666 0.81063581
vt 0.92136759 0.80476499
vt 0.92734116 0.80918342
vt 0.92417711 0.8044551
vt 0.92704386 0.80491322
vt 0.93170458 0.98237169
vt 0.92779976 0.98942721
vt 0.92469084 0.97337329
vt 0.92868245 0.96933997
vt 0.93178314 0.99684364
vt 0.92492831 0.95528972
vt 0.93636584 0.97721279
vt 0.93565726 0.98849797
vt 0.9317587 0.94306248
vt 0.93418902 0.96740925
vt 0.92515802 0.94235122
vt 0.93995535 0.96366471
vt 0.92775023 0.93435347
vt 0.92359954 0.93226206
vt 0.92923748 0.92603976
vt 0.93701714 0.94759238
vt 0.92495155 0.91472173
vt 0.93461913 0.93920434
vt 0.92670989 0.92420554
vt 0.92778909 0.91392493
vt 0.92691272 0.9010067
vt 0.65007591 0.53929877
vt 0.6576544 0.5407449
vt 0.65268952 0.55323243
vt 0.64593887 0.55263054
vt 0.65572828 0.5254072
vt 0.65763897 0.55465877
vt 0.64580601 0.54349351
vt 0.66081119 0.52415526
vt 0.65085906 0.52471608
vt 0.66237628 0.54319882
vt 0.64176404 0.54499102
vt 0.65730727 0.50908315
vt 0.66711611 0.55063772
vt 0.6411643 0.55292773
vt 0.64419979 0.52193892
vt 0.65033591 0.50841892
vt 0.66350394 0.50712305
vt 0.66730785 0.53052169
vt 0.66997379 0.54451573
vt 0.63573229 0.54479992
vt 0.65765774 0.50093591
vt 0.66704363 0.50936049
vt 0.67079371 0.54953897
vt 0.63505858 0.55923665
vt 0.64344501 0.50468588
vt 0.6381889 0.51198256
vt 0.66199857 0.50159079
vt 0.6672774 0.50468689
vt 0.67074275 0.5424875
vt 0.67092621 0.51529908
vt 0.65198684 0.49714816
vt 0.67329919 0.5484246
vt 0.62720954 0.54131603
vt 0.64582139 0.49728912
vt 0.63258851 0.52092659
vt 0.66524631 0.50578046
vt 0.66957068 0.50578928
vt 0.66972244 0.53112447
vt 0.67106229 0.50838917
vt 0.6700809 0.52554464
vt 0.67378211 0.54990351
vt 0.62667918 0.53300875
vt 0.6409483 0.14907491
vt 0.63616538 0.16560274
vt 0.63118041 0.15387791
vt 0.63461453 0.13810235
vt 0.64806163 0.15780705
vt 0.63264465 0.16139519
vt 0.64550322 0.13520843
vt 0.62741756 0.12950635
vt 0.64934516 0.14771861
vt 0.64803773 0.17667067
vt 0.63753772 0.1205796
vt 0.63225442 0.11127794
vt 0.65336871 0.15343761
vt 0.63730794 0.18380517
vt 0.6423946 0.11301082
vt 0.65401906 0.13414794
vt 0.66487604 0.15671915
vt 0.64153081 0.1022374
vt 0.65115976 0.12077081
vt 0.6374535 0.10402507
vt 0.65987861 0.14211363
vt 0.64402932 0.10627604
vt 0.66060835 0.11402327
vt 0.66525948 0.14702904
vt 0.64718103 0.10173148
vt 0.65165585 0.11091042
vt 0.6550591 0.10004044
vt 0.66616172 0.12382352
vt 0.66796434 0.13768351
vt 0.67050999 0.1550492
vt 0.66311634 0.098837614
vt 0.66548532 0.10410899
vt 0.67024553 0.14771789
vt 0.67063051 0.12056077
vt 0.67234159 0.13220119
vt 0.06418404 0.63149774
vt 0.071620606 0.63273323
vt 0.068263493 0.6457113
vt 0.068797052 0.62153113
vt 0.072619267 0.64993989
vt 0.077070706 0.62175262
vt 0.079024985 0.65143907
vt 0.084858216 0.63298988
vt 0.079182096 0.66640812
vt 0.084180363 0.62721562
vt 0.085419565 0.66675037
vt 0.085067466 0.6191318
vt 0.09132088 0.6280458
vt 0.094803475 0.65797168
vt 0.089328028 0.67878771
vt 0.10074776 0.66281688
vt 0.0906813 0.61686891
vt 0.097981028 0.68205279
vt 0.1090505 0.66740865
vt 0.10415371 0.6844601
vt 0.80128962 0.15493244
vt 0.80558795 0.15094328
vt 0.80688882 0.16178828
vt 0.80002522 0.16658753
vt 0.79524511 0.13894022
vt 0.80935782 0.15349936
vt 0.80294514 0.17393243
vt 0.79286402 0.16006482
vt 0.80177629 0.13544679
vt 0.81292278 0.1484459
vt 0.81167555 0.15693021
vt 0.80004728 0.17833287
vt 0.80874604 0.17297864
vt 0.79130656 0.17180514
vt 0.78744894 0.15003681
vt 0.80093074 0.1211518
vt 0.80909324 0.13842416
vt 0.81303978 0.16706151
vt 0.79534203 0.1729511
vt 0.80138236 0.1799159
vt 0.80699784 0.17934465
vt 0.78329051 0.16810584
vt 0.79081744 0.13071531
vt 0.79427201 0.12857878
vt 0.80812985 0.12826926
vt 0.81546235 0.13983226
vt 0.81607634 0.15738147
vt 0.81219786 0.17759353
vt 0.78394455 0.17124265
vt 0.7932663 0.11808097
vt 0.80843526 0.11709315
vt 0.81399602 0.13075048
vt 0.81918627 0.15113586
vt 0.8184042 0.16785848
vt 0.81549388 0.18343365
vt 0.81139511 0.18447447
vt 0.79551721 0.11123657
vt 0.80180407 0.11074418
vt 0.81440634 0.12244928
vt 0.8209126 0.13085842
vt 0.82068813 0.14533311
vt 0.82044232 0.15706253
vt 0.8106311 0.097624123
vt 0.81527954 0.11600113
vt 0.82470959 0.12535363
vt 0.79875994 0.10617709
vt 0.80483687 0.095327795
vt 0.81444329 0.10565978
vt 0.82235473 0.11498314
vt 0.81272817 0.094836295
vt 0.82101071 0.10192001
vt 0.83781803 0.54915214
vt 0.84041399 0.55765951
vt 0.83147204 0.55327272
vt 0.82830918 0.54175222
vt 0.84641027 0.54829019
vt 0.83362669 0.5631122
vt 0.82505912 0.55008686
vt 0.84706271 0.5616343
vt 0.83775699 0.57151866
vt 0.82516772 0.56288421
vt 0.85104424 0.55261928
vt 0.82674313 0.5895679
vt 0.81881213 0.55851078
vt 0.85825491 0.53780198
vt 0.82016605 0.58384132
vt 0.82143664 0.60334343
vt 0.81653476 0.5824241
vt 0.82595718 0.60545897
vt 0.8168093 0.60745311
vt 0.81410921 0.59066886
vt 0.82311761 0.61005473
vt 0.81753618 0.61428261
vt 0.8203513 0.62152368
vt 0.7711584 0.15462315
vt 0.76900309 0.13208157
vt 0.77852619 0.15072966
vt 0.77966046 0.15491152
vt 0.76267421 0.14337385
vt 0.77430868 0.13371789
vt 0.78737569 0.14046162
vt 0.76765126 0.1615423
vt 0.7647149 0.12194431
vt 0.77343845 0.095469892
vt 0.77881682 0.098555803
vt 0.7843644 0.13350618
vt 0.76198047 0.17207599
vt 0.75557947 0.14422786
vt 0.7901575 0.12605411
vt 0.76831478 0.17956728
vt 0.76034528 0.11409986
vt 0.75366056 0.12982887
vt 0.78389055 0.10056829
vt 0.78911448 0.10733724
vt 0.75823629 0.18242139
vt 0.75639033 0.16764003
vt 0.75228274 0.14508975
vt 0.78647321 0.10499674
vt 0.75166762 0.15551543
vt 0.75586993 0.18345815
vt 0.75354171 0.170524
vt 0.97118223 0.96428436
vt 0.97556508 0.94572967
vt 0.9797368 0.94488174
vt 0.97750634 0.95954126
vt 0.97730201 0.93401653
vt 0.98622167 0.94005388
vt 0.97443444 0.98756218
vt 0.9884457 0.95265359
vt 0.98244703 0.97387111
vt 0.97991192 0.92488807
vt 0.99102628 0.93132675
vt 0.97895688 0.99344295
vt 0.99406582 0.94435382
vt 0.98626477 0.96911573
vt 0.98070031 0.99518609
vt 0.98832881 0.91654193
vt 0.98179799 0.91036463
vt 0.99264461 0.91263014
vt 0.98822027 0.90957761
vt 0.85429072 0.1657688
vt 0.85861474 0.15975511
vt 0.86061966 0.17467445
vt 0.85157108 0.16701907
vt 0.85297489 0.15528077
vt 0.86397779 0.16043186
vt 0.85106897 0.16007847
vt 0.86000127 0.18292814
vt 0.86023933 0.12869918
vt 0.86818773 0.17009503
vt 0.86324602 0.18038219
vt 0.84711593 0.14293408
vt 0.85522199 0.12945151
vt 0.87074852 0.1542325
vt 0.86608201 0.17645317
vt 0.86890942 0.13382369
vt 0.84782743 0.1341725
vt 0.85675466 0.10605562
vt 0.87253821 0.1653809
vt 0.87407672 0.13421178
vt 0.85110438 0.12147009
vt 0.86142039 0.108702
vt 0.87362915 0.14424562
vt 0.8739922 0.15692526
vt 0.87494665 0.10927218
vt 0.84546566 0.11456484
vt 0.85597461 0.10263598
vt 0.86704034 0.10267991
vt 0.87879491 0.13147396
vt 0.86187738 0.09995389
vt 0.87765378 0.14814246
vt 0.87106907 0.09989512
vt 0.88290739 0.11516106
vt 0.88285631 0.13977599
vt 0.86669302 0.097182274
vt 0.8744089 0.10409361
vt 0.8867569 0.12985003
vt 0.87740105 0.10427886
vt 0.43450341 0.51158845
vt 0.43187714 0.5202859
vt 0.42689061 0.51221609
vt 0.43435332 0.50531274
vt 0.43933302 0.51394874
vt 0.42622894 0.52881277
vt 0.42837769 0.50173831
vt 0.43763447 0.52851939
vt 0.42007595 0.51549041
vt 0.43219772 0.49359339
vt 0.42108554 0.50295246
vt 0.43869179 0.49954176
vt 0.44530863 0.52995872
vt 0.43217045 0.54294688
vt 0.41969395 0.52940619
vt 0.42551267 0.49448705
vt 0.43852127 0.54277635
vt 0.42406651 0.5508939
vt 0.42049888 0.54365635
vt 0.41418901 0.51309603
vt 0.41603082 0.4979046
vt 0.44388977 0.54399055
vt 0.43460572 0.55111217
vt 0.42337072 0.54297411
vt 0.43011719 0.55932522
vt 0.41558743 0.53789896
vt 0.41180149 0.53169823
vt 0.41645375 0.50289106
vt 0.45025814 0.54072976
vt 0.43935347 0.55585992
vt 0.41894358 0.55369753
vt 0.4084112 0.51889431
vt 0.41226536 0.50644511
vt 0.45025828 0.54154062
vt 0.44916278 0.53242815
vt 0.42000091 0.55100304
vt 0.40994605 0.54004091
vt 0.40828159 0.52818513
vt 0.45025787 0.5394007
vt 0.45025831 0.54182613
vt 0.44795537 0.55513686
vt 0.45025823 0.54307687
vt 0.45025831 0.55446637
vt 0.91555101 0.15413833
vt 0.91289866 0.15801513
vt 0.91184992 0.15114409
vt 0.91296679 0.13900101
vt 0.91783774 0.1629805
vt 0.92185098 0.1508913
vt 0.90879267 0.14207035
vt 0.92046458 0.15929163
vt 0.91622037 0.13422424
vt 0.91067594 0.13319391
vt 0.90862989 0.14492881
vt 0.92288178 0.16371852
vt 0.92769772 0.14389181
vt 0.91357237 0.12826139
vt 0.91819328 0.13021612
vt 0.92843372 0.15150547
vt 0.92696369 0.15744931
vt 0.92859524 0.12904662
vt 0.93378055 0.15192658
vt 0.91965318 0.11939341
vt 0.93035471 0.16040301
vt 0.93630004 0.13741535
vt 0.92632741 0.16646457
vt 0.92687452 0.11923081
vt 0.93636698 0.12303466
vt 0.93489456 0.15919507
vt 0.94428414 0.13922769
vt 0.93010509 0.17241931
vt 0.93195492 0.11939001
vt 0.94008642 0.13097322
vt 0.93858922 0.1629383
vt 0.94392598 0.15093017
vt 0.9212957 0.17275327
vt 0.94361418 0.15897751
vt 0.93542325 0.17539614
vt 0.92587036 0.18008691
vt 0.9420079 0.16422373
vt 0.94090617 0.17026556
vt 0.93288559 0.1771422
vt 0.94907612 0.15941399
vt 0.92986268 0.18298596
vt 0.94560707 0.16991758
vt 0.94975519 0.16652596
vt 0.017336572 0.045993507
vt 0.019778214 0.056576133
vt 0.012986594 0.0576877
vt 0.012209124 0.046179891
vt 0.024950642 0.053087175
vt 0.021121118 0.066978812
vt 0.0063877343 0.063245654
vt 0.026332097 0.059017777
vt 0.013372117 0.081191719
vt 0.0077306377 0.047908306
vt 0.029821075 0.065745115
vt 0.019611156 0.071997046
vt 0.0035734205 0.055837214
vt 0.0027188456 0.076841772
vt 0.025297612 0.0783903
vt 0.018165445 0.086075008
vt 0.0015815543 0.065957189
vt 0.011682243 0.090482831
vt 0.030913388 0.075261116
vt 0.0069531673 0.10138667
vt 0.037255235 0.069908798
vt 0.029358448 0.088311076
vt 0.021069715 0.094299495
vt 0.014130311 0.097711384
vt 0.036008712 0.078750074
vt 0.01257537 0.1082297
vt 0.040005293 0.083678365
vt 0.026010828 0.099009275
vt 0.033489965 0.098546684
vt 0.021641573 0.10252398
vt 0.017394401 0.10848671
vt 0.042506527 0.072643459
vt 0.016488424 0.12158161
vt 0.042506944 0.077917218
vt 0.040018145 0.1006735
vt 0.025920874 0.10975897
vt 0.022541126 0.11365271
vt 0.019476222 0.11888939
vt 0.042507499 0.082719862
vt 0.042509232 0.092262566
vt 0.042506963 0.085576177
vt 0.042510327 0.095491409
vt 0.042511713 0.10261381
vt 0.41767573 0.079541862
vt 0.41995895 0.083004236
vt 0.4140135 0.082003653
vt 0.41756934 0.06087482
vt 0.42365962 0.068948448
vt 0.41610593 0.093489885
vt 0.40835917 0.080480635
vt 0.42706099 0.079703748
vt 0.41084632 0.092341244
vt 0.42279485 0.05139637
vt 0.41087914 0.056929469
vt 0.40968797 0.085684001
vt 0.43636161 0.062443614
vt 0.42179778 0.10217005
vt 0.4151524 0.10560113
vt 0.41871279 0.047283888
vt 0.42954367 0.050127149
vt 0.41605353 0.045145392
vt 0.43529478 0.079660773
vt 0.43121287 0.099099755
vt 0.42095953 0.040231824
vt 0.42521727 0.044098437
vt 0.43618923 0.049899936
vt 0.44255608 0.074748516
vt 0.42606604 0.1174888
vt 0.42091104 0.11322856
vt 0.42839831 0.040142417
vt 0.44237751 0.058061421
vt 0.43447223 0.039724767
vt 0.44106105 0.087352693
vt 0.43057266 0.11715287
vt 0.41364488 0.1154424
vt 0.43903512 0.040809691
vt 0.44647449 0.087508142
vt 0.44552073 0.062172353
vt 0.43963569 0.098204136
vt 0.41886452 0.1214146
vt 0.43603915 0.10787266
vt 0.41242409 0.10979509
vt 0.44390407 0.038787127
vt 0.44719148 0.073966503
vt 0.44249287 0.11368477
vt 0.44734722 0.10586685
vt 0.4431439 0.11821038
vt 0.44855165 0.11505944
vt 0.54906255 0.49638122
vt 0.54832828 0.49304205
vt 0.55391085 0.48749363
vt 0.55658108 0.49283957
vt 0.54641432 0.48557121
vt 0.55910277 0.48959005
vt 0.54427516 0.49533403
vt 0.55492181 0.46283293
vt 0.55924016 0.47677547
vt 0.53994477 0.48856992
vt 0.54528856 0.47221696
vt 0.56273907 0.47936434
vt 0.53534847 0.48940349
vt 0.53985977 0.48048729
vt 0.54221553 0.45631737
vt 0.56207484 0.45552176
vt 0.56459993 0.46539569
vt 0.53577965 0.48119307
vt 0.54108453 0.46595442
vt 0.54686844 0.43877852
vt 0.55755377 0.44777608
vt 0.56720132 0.47027206
vt 0.53341454 0.46833974
vt 0.53682423 0.46332651
vt 0.53785491 0.44657737
vt 0.56359732 0.43886256
vt 0.5698778 0.46252638
vt 0.54029 0.43086153
vt 0.55073524 0.43187618
vt 0.57105637 0.45445734
vt 0.57244945 0.46386141
vt 0.53356439 0.45757514
vt 0.534437 0.4443602
vt 0.5423972 0.42192429
vt 0.57339674 0.45663613
vt 0.026383078 0.88001698
vt 0.019937819 0.86909688
vt 0.023750592 0.86254162
vt 0.029905306 0.86248064
vt 0.022422362 0.88392562
vt 0.019600784 0.8507126
vt 0.029420149 0.84533721
vt 0.0317339 0.87881917
vt 0.027895231 0.88723981
vt 0.02307478 0.84378648
vt 0.034615435 0.84671664
vt 0.035617694 0.86658752
vt 0.023177359 0.89253545
vt 0.017570479 0.84238428
vt 0.032242876 0.83253455
vt 0.039495796 0.87785566
vt 0.035147056 0.88844037
vt 0.024397574 0.89873052
vt 0.022395406 0.83446223
vt 0.039122626 0.85670167
vt 0.042564515 0.8691833
vt 0.029688684 0.89690888
vt 0.018624781 0.8350516
vt 0.026879318 0.82866359
vt 0.04638363 0.87651688
vt 0.04232214 0.88533479
vt 0.041490324 0.89268506
vt 0.024610097 0.82399052
vt 0.031950645 0.82495701
vt 0.029970916 0.90151799
vt 0.028371792 0.82146269
vt 0.038430713 0.90220153
vt 0.044155173 0.8986851
vt 0.6776399 0.83536214
vt 0.6755833 0.82557595
vt 0.68191516 0.81160486
vt 0.67065185 0.83928287
vt 0.67380172 0.79366499
vt 0.66855156 0.82963669
vt 0.66959536 0.80440867
vt 0.68374312 0.79579329
vt 0.66517895 0.82947183
vt 0.66565865 0.7886402
vt 0.67451 0.77446854
vt 0.66553348 0.84040987
vt 0.66349721 0.80916089
vt 0.66546375 0.77841169
vt 0.65827733 0.78912681
vt 0.67989087 0.77655727
vt 0.66192544 0.77966577
vt 0.67883301 0.76488918
vt 0.66658324 0.76825541
vt 0.6580435 0.78363359
vt 0.67231417 0.76071244
vt 0.66133255 0.76561224
vt 0.33269435 0.41565412
vt 0.32131377 0.42078459
vt 0.32796332 0.40380675
vt 0.3352156 0.40331942
vt 0.32615626 0.4272548
vt 0.31802443 0.40969986
vt 0.33162364 0.37819785
vt 0.33914214 0.41003829
vt 0.32327688 0.39704263
vt 0.33647099 0.39410645
vt 0.33621085 0.41970426
vt 0.34321055 0.39496326
vt 0.31407255 0.39977628
vt 0.32518449 0.37703389
vt 0.33746937 0.38208032
vt 0.34365442 0.41590792
vt 0.34287003 0.40418059
vt 0.31541187 0.3890518
vt 0.33224627 0.36211675
vt 0.34098834 0.36833209
vt 0.34383643 0.3779524
vt 0.33826205 0.43086016
vt 0.34987998 0.41403383
vt 0.33900258 0.3599788
vt 0.34494153 0.42326742
vt 0.33785635 0.35368472
vt 0.34314176 0.43334574
vt 0.34941253 0.42406952
vt 0.34709403 0.43211901
vt 0.35293567 0.42943323
vt 0.90191972 0.56153721
vt 0.89682084 0.56608826
vt 0.89398342 0.54204768
vt 0.90074682 0.54140157
vt 0.89922982 0.58221364
vt 0.8905772 0.56811094
vt 0.90771389 0.54867065
vt 0.89194673 0.58609748
vt 0.90658313 0.56877112
vt 0.88693213 0.57740271
vt 0.88842106 0.55738646
vt 0.91238433 0.56078571
vt 0.89375871 0.59000945
vt 0.91097969 0.58406776
vt 0.88397533 0.56539297
vt 0.88999426 0.54377544
vt 0.91742355 0.55243093
vt 0.89915961 0.59463775
vt 0.89158851 0.59727144
vt 0.88356799 0.58458048
vt 0.87674838 0.57497263
vt 0.91742343 0.554986
vt 0.91742462 0.54577792
vt 0.88728327 0.59431469
vt 0.91743058 0.58976412
vt 0.90472901 0.60362053
vt 0.91742522 0.56480134
vt 0.8961677 0.60528499
vt 0.88936216 0.60291815
vt 0.91742939 0.58261257
vt 0.91743255 0.59781253
vt 0.91611367 0.60176635
vt 0.91199106 0.60776424
vt 0.90140003 0.61239958
vt 0.89776194 0.62028664
vt 0.91743577 0.6056819
vt 0.91251779 0.61206949
vt 0.90936434 0.61681718
vt 0.90180033 0.62104517
vt 0.9174369 0.6088497
vt 0.11024754 0.32347137
vt 0.10628686 0.31731534
vt 0.11216781 0.30732435
vt 0.11679448 0.31946582
vt 0.10112604 0.32846814
vt 0.11883338 0.31326711
vt 0.12249337 0.3410567
vt 0.10431974 0.33599865
vt 0.1245499 0.32585472
vt 0.12143629 0.30934513
vt 0.1275706 0.34547383
vt 0.11119542 0.34588778
vt 0.095757015 0.33776432
vt 0.12733535 0.36406225
vt 0.11512759 0.35229278
vt 0.10054426 0.3461684
vt 0.1335603 0.34906459
vt 0.12101621 0.35920924
vt 0.12967277 0.35793054
vt 0.1070131 0.36530769
vt 0.095290951 0.3523106
vt 0.1309815 0.36699384
vt 0.11295536 0.36434823
vt 0.10203866 0.35739559
vt 0.13439578 0.36681473
vt 0.10889661 0.37014621
vt 0.10353978 0.36653185
vt 0.76906586 0.82693839
vt 0.7606079 0.83697164
vt 0.76330239 0.82471079
vt 0.76634252 0.84212053
vt 0.77295405 0.83565736
vt 0.75604445 0.84904593
vt 0.77292848 0.85370791
vt 0.75932783 0.8600297
vt 0.76683855 0.86367428
vt 0.75167304 0.85965168
vt 0.77204204 0.86736745
vt 0.76287681 0.87206542
vt 0.75591004 0.86998492
vt 0.77477175 0.86256099
vt 0.76996511 0.87721962
vt 0.77640063 0.8759349
vt 0.76122868 0.87960231
vt 0.77483577 0.88693333
vt 0.76977628 0.89099193
vt 0.75778532 0.88601083
vt 0.76312637 0.89674354
vt 0.77268523 0.90330887
vt 0.76865304 0.90016896
vt 0.41229966 0.26686573
vt 0.40984052 0.28596395
vt 0.40782103 0.27628791
vt 0.42131889 0.28526795
vt 0.42366204 0.25848883
vt 0.41868988 0.29822814
vt 0.41515452 0.25213224
vt 0.42715609 0.28640693
vt 0.42593351 0.30029452
vt 0.41175842 0.29933661
vt 0.42009419 0.24117321
vt 0.43923569 0.26694447
vt 0.41877693 0.30578768
vt 0.43105873 0.2424683
vt 0.41126144 0.23998827
vt 0.43648657 0.27884853
vt 0.43509695 0.2904563
vt 0.42340377 0.30935162
vt 0.42735609 0.23369777
vt 0.44469708 0.24439305
vt 0.44342846 0.27573991
vt 0.43154937 0.3014968
vt 0.44055974 0.23360497
vt 0.44615552 0.26112437
vt 0.44443879 0.26693994
vt 0.43824458 0.28926891
vt 0.43724629 0.29919428
vt 0.44486916 0.23541212
vt 0.44238201 0.28565967
vt 0.44580507 0.28288865
vt 0.44276112 0.29711705
vt 0.46087173 0.47890884
vt 0.45938233 0.46924907
vt 0.46388569 0.46678764
vt 0.46991989 0.48374695
vt 0.45787883 0.47863925
vt 0.46035147 0.46008122
vt 0.465547 0.48840505
vt 0.46996799 0.46599793
vt 0.45841941 0.49085653
vt 0.45551518 0.46333796
vt 0.46913558 0.45113158
vt 0.46244577 0.50584555
vt 0.47439897 0.47650927
vt 0.45827243 0.45348847
vt 0.47805828 0.50002682
vt 0.47970933 0.48378175
vt 0.45568541 0.45639598
vt 0.47797757 0.51237434
vt 0.45859656 0.50434911
vt 0.48255402 0.49747121
vt 0.46794784 0.5142228
vt 0.46301553 0.51659387
vt 0.48223022 0.51149893
vt 0.47932732 0.52083325
vt 0.48091087 0.5182969
vt 0.46776742 0.52191228
vt 0.46726733 0.52711797
vt 0.2569896 0.078604519
vt 0.25568235 0.088719726
vt 0.24662928 0.086246669
vt 0.24895166 0.064068556
vt 0.24176876 0.093602598
vt 0.24093355 0.083314121
vt 0.25269949 0.10472691
vt 0.24271765 0.06874752
vt 0.24644172 0.11151081
vt 0.23556963 0.09530133
vt 0.23844478 0.078003407
vt 0.24250333 0.057514668
vt 0.25052458 0.11985952
vt 0.23776434 0.10736537
vt 0.23321213 0.08654952
vt 0.23601274 0.064435899
vt 0.23887061 0.12070465
vt 0.22754954 0.10639739
vt 0.22722889 0.096059501
vt 0.23202437 0.075221956
vt 0.23720364 0.052228451
vt 0.22543368 0.088809729
vt 0.22603095 0.083280027
vt 0.23125213 0.057070494
vt 0.22381686 0.076925874
vt 0.23086324 0.046907485
vt 0.22170661 0.083339989
vt 0.22610292 0.056513608
vt 0.220818 0.072852314
vt 0.22265346 0.057560146
vt 0.5976817 0.37231386
vt 0.59820265 0.38436878
vt 0.59499747 0.37582839
vt 0.5910145 0.36988419
vt 0.59172547 0.38875711
vt 0.59196144 0.36002231
vt 0.59146309 0.37841362
vt 0.59177005 0.40078086
vt 0.58859223 0.36373329
vt 0.58774781 0.37672538
vt 0.58328468 0.39628828
vt 0.58576119 0.36900938
vt 0.58552998 0.35992116
vt 0.58978248 0.41238558
vt 0.58144891 0.38915092
vt 0.58507013 0.38244367
vt 0.57888293 0.40309352
vt 0.57564545 0.38623744
vt 0.58449781 0.37717235
vt 0.58395165 0.41579926
vt 0.57401335 0.39643341
vt 0.57982969 0.37818331
vt 0.58964378 0.41939616
vt 0.57585013 0.41021603
vt 0.57164562 0.4024635
vt 0.57165694 0.37324208
vt 0.5645051 0.38590163
vt 0.58266628 0.37172675
vt 0.58814192 0.42593801
vt 0.57844973 0.42415076
vt 0.57701755 0.36729842
vt 0.57964957 0.43210155
vt 0.57385975 0.42021692
vt 0.57154691 0.41115385
vt 0.5655309 0.37435931
vt 0.58418202 0.43166322
vt 0.57435548 0.43281889
vt 0.45899856 0.86684322
vt 0.46715474 0.87671518
vt 0.46157467 0.88785583
vt 0.45592743 0.87606788
vt 0.4628486 0.85653299
vt 0.46612725 0.89289761
vt 0.45746621 0.89034641
vt 0.45197389 0.86363292
vt 0.47130665 0.86327213
vt 0.45856851 0.85134852
vt 0.47385249 0.87850779
vt 0.46133366 0.90094042
vt 0.45124573 0.88982368
vt 0.44778958 0.87900895
vt 0.4740108 0.85408854
vt 0.47294533 0.89414012
vt 0.4697997 0.90244007
vt 0.45564601 0.90298212
vt 0.44538599 0.87003922
vt 0.47701082 0.86667037
vt 0.45170915 0.90218985
vt 0.44486436 0.88297904
vt 0.43946466 0.8742944
vt 0.43995878 0.88928479
vt 0.48623651 0.094372094
vt 0.48400223 0.10923821
vt 0.47358671 0.094550848
vt 0.47955465 0.081320047
vt 0.48960039 0.10166568
vt 0.47795165 0.11311978
vt 0.48779348 0.075944245
vt 0.47191125 0.081005931
vt 0.49399969 0.088666439
vt 0.49404481 0.10698915
vt 0.47886911 0.12058377
vt 0.47053835 0.1060797
vt 0.48820397 0.11764729
vt 0.47498307 0.11698264
vt 0.49891341 0.080064416
vt 0.50126636 0.094523132
vt 0.49386936 0.11592597
vt 0.49219784 0.068607926
vt 0.49860638 0.11087418
vt 0.49679279 0.058334112
vt 0.50459701 0.08161068
vt 0.50662172 0.10344213
vt 0.50278133 0.075192869
vt 0.5057109 0.092318296
vt 0.012966025 0.79526758
vt 0.0057638162 0.77992761
vt 0.015683189 0.77010453
vt 0.020181991 0.77920532
vt 0.0021936672 0.79259855
vt 0.0081989467 0.76961613
vt 0.022789095 0.77313811
vt 0.020395236 0.79893398
vt 0.0031773499 0.804726
vt 0.010751019 0.75933218
vt 0.021502739 0.75735795
vt 0.011149995 0.80777341
vt 0.018469146 0.75355387
vt 0.033320691 0.77309
vt 0.028986983 0.79224771
vt 0.038349167 0.78667581
vt 0.5836699 0.78394794
vt 0.5840956 0.7962774
vt 0.57867026 0.78831577
vt 0.57778937 0.78281987
vt 0.58923304 0.7889809
vt 0.57961506 0.79824758
vt 0.57092583 0.78683531
vt 0.59081954 0.80330956
vt 0.57124382 0.80306458
vt 0.58120286 0.81335735
vt 0.59584808 0.79260826
vt 0.56658053 0.79973841
vt 0.5935179 0.84059173
vt 0.59851152 0.80670154
vt 0.57484269 0.81880498
vt 0.56975812 0.81759179
vt 0.56447613 0.78621376
vt 0.57922834 0.83137918
vt 0.56760389 0.78302872
vt 0.57340157 0.82835591
vt 0.15800264 0.8721258
vt 0.16005318 0.86681235
vt 0.16309884 0.88525552
vt 0.16655438 0.8674075
vt 0.16942622 0.88296366
vt 0.17295909 0.86980063
vt 0.1667126 0.89998186
vt 0.16204754 0.91147494
vt 0.16760364 0.92861414
vt 0.16081783 0.93456036
vt 0.54156899 0.055532277
vt 0.54612744 0.056603074
vt 0.54091203 0.062217116
vt 0.54667139 0.064375401
vt 0.54284388 0.072501004
vt 0.55292547 0.062352777
vt 0.54970866 0.072557092
vt 0.53895175 0.07063514
vt 0.54186273 0.079416573
vt 0.538109 0.080050945
vt 0.53584409 0.070660651
vt 0.55769569 0.074085295
vt 0.54870564 0.085197926
vt 0.54214197 0.094512403
vt 0.53471905 0.077627242
vt 0.5552913 0.091479421
vt 0.53617996 0.094201684
vt 0.5330677 0.084181607
vt 0.56189334 0.090706587
vt 0.53894275 0.10714912
vt 0.56224018 0.10674387
vt 0.54437524 0.10972822
vt 0.55513 0.11193591
vt 0.54277927 0.11811948
vt 0.56313491 0.11905092
vt 0.54989612 0.11966443
vt 0.55571389 0.12119013
vt 0.71199906 0.49448776
vt 0.71741492 0.50400436
vt 0.71231228 0.5082773
vt 0.70634109 0.50177741
vt 0.71532291 0.5257411
vt 0.70244026 0.49907291
vt 0.70983076 0.52338517
vt 0.71595222 0.52331245
vt 0.7020911 0.50767928
vt 0.71921319 0.51098144
vt 0.7151053 0.5271585
vt 0.69843882 0.50788343
vt 0.7041164 0.52166289
vt 0.71388692 0.53796667
vt 0.69910079 0.51966715
vt 0.70933259 0.54886836
vt 0.71338886 0.5425241
vt 0.69440126 0.51476628
vt 0.70544863 0.54349154
vt 0.69944429 0.53129798
vt 0.69367236 0.52832961
vt 0.70298976 0.55332279
vt 0.71255136 0.55016589
vt 0.68934822 0.5315814
vt 0.71168852 0.55851722
vt 0.69879842 0.54340684
vt 0.71200871 0.55551946
vt 0.69304001 0.53853047
vt 0.69043928 0.53571248
vt 0.69104367 0.51459455
vt 0.56529588 0.99602997
vt 0.56344765 0.99434865
vt 0.56777173 0.98407257
vt 0.57368553 0.98639941
vt 0.55952251 0.98597443
vt 0.57555157 0.97849935
vt 0.55799109 0.99581122
vt 0.5598641 0.97446954
vt 0.58011252 0.97858238
vt 0.57752407 0.97007871
vt 0.55201781 0.99093884
vt 0.56778824 0.97510403
vt 0.55609268 0.97698057
vt 0.56294578 0.96935529
vt 0.55669987 0.96520615
vt 0.56990141 0.96373963
vt 0.5491727 0.98081803
vt 0.551651 0.96943092
vt 0.42397287 0.9866941
vt 0.43149024 0.98107147
vt 0.4276593 0.9949258
vt 0.42398894 0.99643505
vt 0.42800847 0.95585519
vt 0.43571967 0.97236866
vt 0.43476769 0.94984347
vt 0.42914975 0.94568402
vt 0.43416926 0.94126576
vt 0.43070477 0.93322182
vt 0.67628145 0.6984607
vt 0.68113047 0.69426513
vt 0.68047124 0.72250855
vt 0.67627597 0.71158481
vt 0.67203021 0.68410707
vt 0.68502301 0.70835972
vt 0.67140824 0.71868551
vt 0.67177153 0.70420951
vt 0.6825456 0.68729866
vt 0.68809795 0.69445992
vt 0.66819161 0.72534567
vt 0.66761887 0.69424844
vt 0.6716305 0.73822898
vt 0.66523826 0.71662581
vt 0.66345811 0.70476305
vt 0.66439235 0.68779194
vt 0.66515666 0.73506719
vt 0.6612457 0.72627676
vt 0.66293794 0.69643348
vt 0.66887295 0.74621153
vt 0.65839076 0.69798118
vt 0.66035473 0.6868186
vt 0.75196266 0.54001892
vt 0.75463259 0.54070461
vt 0.7535966 0.54966092
vt 0.75375485 0.53099233
vt 0.75921309 0.54362988
vt 0.75669742 0.52176595
vt 0.76012093 0.55572343
vt 0.75495911 0.51821816
vt 0.76938939 0.54999471
vt 0.76520574 0.52226996
vt 0.75828445 0.50933379
vt 0.76756412 0.55947876
vt 0.77153718 0.53027403
vt 0.76568884 0.51050401
vt 0.77507782 0.53795135
vt 0.77240151 0.50108421
vt 0.77932024 0.52613527
vt 0.77321178 0.50857908
vt 0.77834839 0.49669129
vt 0.7836529 0.5189479
vt 0.78182268 0.50628901
vt 0.65682089 0.98635316
vt 0.66194743 0.97262532
vt 0.66089803 0.98637223
vt 0.65911067 0.99310857
vt 0.66082138 0.95603693
vt 0.65598637 0.99682093
vt 0.65013891 0.94718486
vt 0.66226029 0.94230169
vt 0.65781027 0.9357447
vt 0.89880443 0.76140952
vt 0.90964913 0.75781512
vt 0.91726232 0.7640385
vt 0.91396922 0.7817775
vt 0.91617376 0.75252289
vt 0.92010355 0.77176809
vt 0.89862645 0.7850638
vt 0.92139757 0.76152587
vt 0.9226436 0.7663663
vt 0.89243728 0.77850497
vt 0.90643132 0.79289609
vt 0.89593577 0.7643671
vt 0.89321089 0.79175276
vt 0.91400343 0.79673696
vt 0.8975789 0.79978359
vt 0.9121412 0.80118024
vt 0.90382969 0.80667102
vt 0.892896 0.80168003
vt 0.89891398 0.80679429
vt 0.89658618 0.80924529
vt 0.96453166 0.64974964
vt 0.96602792 0.63743216
vt 0.97049993 0.65003967
vt 0.96750933 0.66376299
vt 0.9591279 0.63308454
vt 0.97496128 0.63783717
vt 0.9766202 0.65572858
vt 0.96189386 0.66191971
vt 0.9551149 0.64459717
vt 0.9639625 0.62815648
vt 0.97569495 0.62898934
vt 0.97273988 0.66660041
vt 0.96818972 0.68432391
vt 0.95719445 0.65714145
vt 0.98140794 0.63435614
vt 0.98129296 0.64432657
vt 0.95723337 0.6636135
vt 0.98488259 0.65311825
vt 0.985066 0.6381762
vt 0.98316884 0.84318888
vt 0.98043251 0.86405736
vt 0.97673064 0.86073744
vt 0.97454453 0.85115284
vt 0.977382 0.87233478
vt 0.97078979 0.85839039
vt 0.97850025 0.87969768
vt 0.97123623 0.87423313
vt 0.98595738 0.8722527
vt 0.97257411 0.88597459
vt 0.98910493 0.88313782
vt 0.97737747 0.89214516
vt 0.98758817 0.88910455
vt 0.98258483 0.90241361
vt 0.80192119 0.63896632
vt 0.80846763 0.64317453
vt 0.80407506 0.64718598
vt 0.80035132 0.65217417
vt 0.80538589 0.65652382
vt 0.81139421 0.65614706
vt 0.79893792 0.66986239
vt 0.81653458 0.64407688
vt 0.80670089 0.66784662
vt 0.80261505 0.67051655
vt 0.81779701 0.65085906
vt 0.81375867 0.66709566
vt 0.80053931 0.67598885
vt 0.82299954 0.64846945
vt 0.81842464 0.65799618
vt 0.81000483 0.67756516
vt 0.81918085 0.6671856
vt 0.82371992 0.65873945
vt 0.80427653 0.68453848
vt 0.82413828 0.6684047
vt 0.8200947 0.67331427
vt 0.11157747 0.60152668
vt 0.11181596 0.60938537
vt 0.10347036 0.609393
vt 0.11805397 0.6087209
vt 0.10156279 0.61891079
vt 0.11841371 0.60124534
vt 0.11598332 0.61735165
vt 0.098816581 0.60839689
vt 0.1204356 0.60574287
vt 0.12080483 0.61765003
vt 0.10205366 0.62808299
vt 0.095290735 0.61357069
vt 0.12062312 0.63497949
vt 0.1124911 0.63281035
vt 0.096910253 0.62370884
vt 0.10518841 0.63647664
vt 0.096425943 0.63929534
vt 0.11463781 0.64106995
vt 0.10864297 0.6470952
vt 0.10003494 0.64272141
vt 0.10576292 0.65244579
vt 0.81180322 0.78910184
vt 0.80541945 0.79356456
vt 0.80393964 0.78888285
vt 0.80923653 0.79720008
vt 0.79919779 0.80028164
vt 0.80247885 0.80312115
vt 0.79878765 0.78863549
vt 0.80623657 0.80780542
vt 0.80125016 0.81443095
vt 0.81303543 0.80032933
vt 0.81137818 0.80744529
vt 0.80494183 0.82053745
vt 0.81081229 0.81716299
vt 0.81711006 0.8135736
vt 0.80118829 0.82781577
vt 0.80491161 0.82862717
vt 0.81854606 0.82292545
vt 0.80150211 0.83963084
vt 0.81390858 0.82840061
vt 0.80397558 0.83600104
vt 0.80676997 0.83916229
vt 0.43975192 0.99033844
vt 0.43285337 0.995866
vt 0.43433478 0.98199624
vt 0.44003376 0.97831482
vt 0.43202662 0.99021184
vt 0.4463557 0.98591053
vt 0.4462176 0.97547317
vt 0.45271593 0.98957413
vt 0.45588145 0.97642154
vt 0.12290684 0.80795217
vt 0.12437802 0.82461864
vt 0.11747161 0.81882077
vt 0.11432332 0.80772686
vt 0.13052891 0.81292653
vt 0.11978807 0.83268511
vt 0.11134765 0.82038558
vt 0.12281753 0.79010236
vt 0.12872042 0.79681945
vt 0.1276228 0.83389652
vt 0.12526514 0.83917624
vt 0.13198538 0.79824442
vt 0.13530698 0.82105422
vt 0.13298216 0.80601013
vt 0.1353967 0.80861402
vt 0.13140348 0.83676833
vt 0.86640543 0.98964775
vt 0.87225515 0.97934335
vt 0.87415653 0.99097329
vt 0.87196201 0.99609375
vt 0.86333996 0.98067355
vt 0.8789466 0.98605317
vt 0.87866187 0.99436694
vt 0.86815047 0.96492356
vt 0.8791762 0.97393507
vt 0.86115545 0.97093993
vt 0.87406075 0.97068042
vt 0.88543332 0.98071146
vt 0.88383943 0.99033725
vt 0.86319906 0.96497208
vt 0.87646407 0.96371287
vt 0.88172704 0.96514672
vt 0.88611078 0.96858978
vt 0.46041793 0.74485159
vt 0.45701122 0.76002932
vt 0.45427999 0.74678946
vt 0.45092496 0.7374832
vt 0.46380615 0.76239049
vt 0.45024213 0.75433689
vt 0.44795009 0.74578571
vt 0.46407929 0.77098608
vt 0.45341632 0.7652452
vt 0.45859832 0.7754209
vt 0.446614 0.75197244
vt 0.44449171 0.76683533
vt 0.46328574 0.77736795
vt 0.44267949 0.74959618
vt 0.45037872 0.76966846
vt 0.44233257 0.75972342
vt 0.43992239 0.75342941
vt 0.064145923 0.68898928
vt 0.061545644 0.67852521
vt 0.067050673 0.68001431
vt 0.069246896 0.69341171
vt 0.05387675 0.68829238
vt 0.056871023 0.67126727
vt 0.063458472 0.71335244
vt 0.073529549 0.68218058
vt 0.055430133 0.71453065
vt 0.050489437 0.67643631
vt 0.05018783 0.69690371
vt 0.049244802 0.6839897
vt 0.13602221 0.62660128
vt 0.13473806 0.64340091
vt 0.13116351 0.63943434
vt 0.12991592 0.63706315
vt 0.14641674 0.64489645
vt 0.13370453 0.64429128
vt 0.13250995 0.62496096
vt 0.14267273 0.6280272
vt 0.14627402 0.65249956
vt 0.13508719 0.64526778
vt 0.12975226 0.63685995
vt 0.13447616 0.61670983
vt 0.13807827 0.61705601
vt 0.14884464 0.63377035
vt 0.14033677 0.64874315
vt 0.12965496 0.63640749
vt 0.1307465 0.62095213
vt 0.14551085 0.6152634
vt 0.12971584 0.6096018
vt 0.1365734 0.60656035
vt 0.138313 0.61139995
vt 0.15118548 0.62540722
vt 0.12673725 0.62501311
vt 0.12647308 0.62405956
vt 0.56862658 0.76698762
vt 0.56399572 0.75844157
vt 0.57081699 0.75092196
vt 0.57814175 0.77006024
vt 0.56502903 0.74730313
vt 0.5781495 0.75004762
vt 0.5713439 0.77760702
vt 0.56893837 0.7394647
vt 0.5726158 0.74435288
vt 0.58402377 0.76584733
vt 0.5755654 0.73826206
vt 0.58734983 0.75628531
vt 0.58665794 0.7414732
vt 0.057540558 0.8857038
vt 0.05416517 0.89815736
vt 0.05239144 0.88593018
vt 0.053562894 0.87830043
vt 0.061736625 0.9020927
vt 0.04891016 0.89034081
vt 0.059337452 0.87474447
vt 0.064969711 0.88104033
vt 0.048890304 0.89814079
vt 0.066478707 0.8939628
vt 0.063424319 0.87070292
vt 0.071277052 0.88510752
vt 0.06951987 0.87445068
vt 0.070519246 0.8783986
vt 0.39105594 0.92223358
vt 0.38607845 0.93279994
vt 0.38463664 0.9265328
vt 0.39283803 0.93560356
vt 0.39757699 0.92319095
vt 0.38868764 0.94586307
vt 0.39729941 0.94031352
vt 0.39292195 0.96560436
vt 0.38991711 0.9613322
vt 0.64578849 0.99054861
vt 0.64519966 0.9753812
vt 0.65009356 0.98395187
vt 0.64864117 0.99554765
vt 0.64802688 0.96673542
vt 0.64281148 0.95620823
vt 0.64543271 0.95283353
vt 0.65081072 0.95428634
vt 0.91594404 0.989492
vt 0.91481644 0.97977799
vt 0.92092592 0.98320335
vt 0.91963309 0.98748893
vt 0.9226557 0.97942853
vt 0.91678107 0.99522632
vt 0.92266685 0.96910959
vt 0.92341667 0.97575718
vt 0.91517192 0.96855575
vt 0.92379421 0.97212714
vt 0.90802008 0.97248971
vt 0.91599417 0.95779294
vt 0.92422366 0.9686566
vt 0.92340571 0.95574015
vt 0.92493159 0.96029234
vt 0.92504513 0.95699072
vt 0.85335124 0.93526483
vt 0.86068285 0.9232505
vt 0.8664431 0.94657052
vt 0.85351706 0.96513104
vt 0.81358951 0.7547304
vt 0.80963063 0.74357975
vt 0.81616163 0.74317205
vt 0.81599122 0.74539971
vt 0.81230044 0.76947713
vt 0.81482792 0.75451946
vt 0.80624557 0.77323651
vt 0.80844969 0.7778579
vt 0.80392915 0.75468129
vt 0.81431532 0.76688421
vt 0.80202889 0.7693662
vt 0.805825 0.73665935
vt 0.81408995 0.77005357
vt 0.79914659 0.76010799
vt 0.79956567 0.74620891
vt 0.061444946 0.99627727
vt 0.053760651 0.99417257
vt 0.041097783 0.98421389
vt 0.0070958771 0.74518204
vt 0.0052623884 0.72791398
vt 0.013196005 0.73570484
vt 0.013351519 0.74335563
vt 0.0033580973 0.73473048
vt 0.014224277 0.72391915
vt 0.012174726 0.74671268
vt 0.015426187 0.73538649
vt 0.0018024225 0.72433609
vt 0.0068646395 0.71588898
vt 0.012540192 0.70577872
vt 0.016256664 0.72718829
vt 0.017270077 0.71087897
vt 0.016789874 0.72401345
vt 0.017102152 0.71516359
vt 0.017105574 0.72104609
vt 0.61097449 0.81100994
vt 0.62100345 0.80569839
vt 0.61923444 0.82145095
vt 0.61244422 0.83142722
vt 0.63221359 0.83107507
vt 0.6249103 0.83889514
vt 0.46360973 0.96489072
vt 0.46000728 0.97986484
vt 0.45518473 0.9732666
vt 0.45725369 0.95787811
vt 0.46713865 0.97971451
vt 0.46564299 0.98900121
vt 0.46462241 0.99562544
vt 0.48960966 0.96302271
vt 0.49063182 0.96988112
vt 0.48529366 0.9721182
vt 0.47888753 0.96341437
vt 0.48631689 0.98250014
vt 0.47805694 0.97202903
vt 0.48181403 0.97730523
vt 0.47404137 0.973867
vt 0.48051867 0.98564315
vt 0.47034711 0.96297848
vt 0.47664642 0.99607515
vt 0.47058964 0.97263891
vt 0.47064939 0.98884296
vt 0.42032379 0.73687863
vt 0.41212294 0.73321819
vt 0.42326394 0.72740293
vt 0.41273811 0.74361205
vt 0.41144612 0.71765256
vt 0.40916309 0.73697066
vt 0.41583118 0.70621479
vt 0.40791258 0.72580063
vt 0.41047761 0.74657297
vt 0.15774707 0.90790147
vt 0.15514992 0.90586424
vt 0.16145775 0.9038325
vt 0.16006075 0.92719406
vt 0.14934716 0.91746336
vt 0.15377396 0.93346292
vt 0.14271551 0.93190831
vt 0.65833104 0.80737305
vt 0.65968007 0.81669331
vt 0.65324807 0.81497145
vt 0.64879 0.80197978
vt 0.65740103 0.8259654
vt 0.64709955 0.80966449
vt 0.66052836 0.8338024
vt 0.65375656 0.8307898
vt 0.64348942 0.8094126
vt 0.64718664 0.81780308
vt 0.65815049 0.83940566
vt 0.64567125 0.8257581
vt 0.64296222 0.82061434
vt 0.38847783 0.97666472
vt 0.38876823 0.96331781
vt 0.39204982 0.96841961
vt 0.39279389 0.98618865
vt 0.38481829 0.97139758
vt 0.3916963 0.99534982
vt 0.38646856 0.98434722
vt 0.99714166 0.97429144
vt 0.99210042 0.9774223
vt 0.98987603 0.9625845
vt 0.99630255 0.98426735
vt 0.98625308 0.97302902
vt 0.98867708 0.98458385
vt 0.99465936 0.99519342
vt 0.73617905 0.9276799
vt 0.73869371 0.91331083
vt 0.745372 0.92009246
vt 0.74703342 0.93452358
vt 0.74398816 0.90248305
vt 0.74846637 0.92165148
vt 0.75101292 0.90774822
vt 0.74807262 0.93290156
vt 0.74950135 0.91589296
vt 0.75230849 0.89947188
vt 0.42404255 0.86900795
vt 0.43099758 0.87062597
vt 0.42377949 0.88066626
vt 0.42841065 0.89271951
vt 0.43832806 0.8883608
vt 0.43969131 0.9021607
vt 0.77812755 0.98653746
vt 0.77441853 0.99567389
vt 0.77126354 0.98217547
vt 0.77569008 0.97728729
vt 0.76746541 0.97667593
vt 0.78358042 0.98040396
vt 0.77410376 0.96914583
vt 0.54622847 0.97573519
vt 0.54362416 0.99280792
vt 0.54275173 0.98637766
vt 0.53895944 0.98075563
vt 0.54801786 0.98123318
vt 0.54883111 0.98572928
vt 0.53352255 0.98512006
vt 0.54776967 0.99356854
vt 0.5360682 0.99683619
vt 0.58000898 0.9925518
vt 0.58081549 0.96523792
vt 0.58614391 0.96950352
vt 0.58291185 0.99524462
vt 0.41291133 0.97833651
vt 0.41477838 0.99571824
vt 0.40816009 0.99013799
vt 0.40864775 0.96907789
vt 0.4177601 0.99447817
vt 0.6370126 0.98730946
vt 0.63887751 0.99616069
vt 0.63445783 0.99704659
vt 0.64391047 0.98227578
vt 0.64017254 0.96905994
vt 0.64621872 0.99526721
vt 0.71226078 0.97619909
vt 0.71212596 0.99153841
vt 0.70544749 0.98209316
vt 0.71890849 0.98386121
vt 0.70509958 0.99531013
vt 0.052952975 0.99040961
vt 0.058562655 0.98673958
vt 0.065986425 0.99555194
vt 0.058642402 0.99629837
vt 0.050216347 0.9966898
vt 0.045252346 0.99049807
vt 0.68201792 0.96950966
vt 0.68584174 0.98420173
vt 0.68209904 0.99559945
vt 0.6893428 0.96879584
vt 0.75879461 0.97100347
vt 0.76158279 0.97318769
vt 0.75638604 0.97797108
vt 0.75276637 0.97395515
vt 0.75175583 0.98603117
vt 0.75575382 0.99277246
vt 0.76319152 0.99213803
vt 0.75291783 0.99555838
vt 0.78764981 0.98196465
vt 0.78351021 0.98019308
vt 0.78526336 0.97514784
vt 0.7901417 0.97068363
vt 0.78738028 0.99631155
vt 0.85793066 0.97323662
vt 0.8614555 0.98306179
vt 0.85356891 0.99652535
vt 0.53247672 0.99597716
vt 0.52541655 0.98604792
vt 0.53069222 0.99102688
vt 0.52128792 0.99418604
vt 0.025973024 0.91758364
vt 0.034066014 0.92450655
vt 0.02709453 0.92774731
vt 0.033328205 0.91309953
vt 0.033989571 0.9260366
vt 0.034300294 0.92436492
vt 0.029477602 0.93379557
vt 0.034240074 0.92502147
vt 0.035933405 0.91572487
vt 0.025807574 0.93063837
vt 0.48456886 0.98925722
vt 0.47877163 0.99349159
vt 0.48274553 0.98405439
vt 0.48883662 0.98620498
vt 0.4851833 0.99562216
vt 0.89045012 0.97964972
vt 0.89243126 0.99043661
vt 0.8888315 0.99539155
vt 0.88726866 0.97488153
vt 0.88435602 0.98776323
vt 0.74768394 0.99602956
vt 0.74412519 0.99477839
vt 0.74597651 0.98211992
vt 0.75310659 0.97402644
vt 0.79084498 0.98364699
vt 0.79629296 0.98837328
vt 0.79131877 0.99679357
vt 0.79597896 0.97954261
vt 0.80043 0.98690498
vt 0.79795539 0.97923791
vt 0.66250139 0.9847647
vt 0.66843939 0.98330945
vt 0.6679275 0.99591005
vt 0.65790129 0.99271387
vt 0.94940656 0.97557998
vt 0.94771296 0.97986805
vt 0.94822645 0.96456283
vt 0.94377178 0.97343999
vt 0.94207269 0.98070443
vt 0.94368869 0.96115899
vt 0.94109178 0.97311866
vt 0.93993402 0.96197844
vt 0.72097445 0.98072481
vt 0.72714335 0.97769421
vt 0.72442168 0.99519759
vt 0.57243341 0.99673933
vt 0.57409489 0.98403275
vt 0.58078253 0.98802638
vt 0.90833575 0.98933208
vt 0.90983015 0.97935313
vt 0.91118455 0.9908697
vt 0.91406244 0.98582762
vt 0.9125753 0.97979164
vt 0.91487753 0.98820102
vt 0.91213369 0.97782081
vt 0.91599101 0.99165565
vt 0.91379017 0.99620748
vt 0.68430495 0.96540874
vt 0.68175375 0.96082419
vt 0.6871267 0.96148235
vt 0.68357754 0.94987017
vt 0.68890893 0.94687533
vt 0.38464308 0.99294847
vt 0.38819402 0.99589962
vt 0.3808845 0.99587184
vt 0.46256509 0.99525523
vt 0.46153158 0.99617034
vt 0.45913944 0.99041545
vt 0.45942971 0.98306495
vt 0.45505965 0.9839372
vt 0.58699632 0.99646705
vt 0.58378178 0.98705024
vt 0.59201342 0.98535317
vt 0.65822583 0.98655134
vt 0.65375233 0.98951083
vt 0.65236473 0.98432875
vt 0.65034956 0.98900503
vt 0.65077513 0.99627674
vt 0.3930425 0.99674886
vt 0.39343816 0.99051058
vt 0.39972252 0.9921968
vt 0.73252648 0.9902249
vt 0.73472482 0.99634403
vt 0.72884655 0.9886415
vt 0.73455083 0.98268443
vt 0.47130346 0.99641794
vt 0.4666504 0.98380268
vt 0.46982265 0.98183137
vt 0.40180901 0.98769659
vt 0.40731916 0.99580258
vt 0.40018514 0.99582875
vt 0.68132663 0.99191195
vt 0.67798072 0.99657488
vt 0.67987615 0.98409605
vt 0.44884822 0.99600708
vt 0.44744459 0.99066031
vt 0.45348549 0.99275428
vt 0.070211567 0.99664259
vt 0.064111724 0.99354506
vt 0.065210134 0.98450875
vt 0.38897023 0.98963398
vt 0.39052302 0.99634892
vt 0.38523275 0.99407905
vt 0.44894689 0.98755628
vt 0.44570014 0.99698812
vt 0.44297653 0.98822516
vt 0.41327012 0.99121106
vt 0.41096941 0.99621505
vt 0.40800712 0.99295527
vt 0.70250195 0.98674136
vt 0.69927335 0.99601966
vt 0.69692707 0.98945004
vt 0.43305585 0.98938221
vt 0.43136147 0.9956339
vt 0.427573 0.99438864
vt 0.42072868 0.99558908
vt 0.4164376 0.99657249
vt 0.41915974 0.99054766
vt 0.046486594 0.98602986
vt 0.0461905 0.99523884
vt 0.044596937 0.9923197
vt 0.46284318 0.99634731
vt 0.46688741 0.98788971
vt 0.46613291 0.99526179
vt 0.49450368 0.99666095
vt 0.49458292 0.99156719
vt 0.49673873 0.99360049
vt 0.0018294291 0.99388021
vt 0.0022804409 0.99487513
vt 0.0018260869 0.99525267
usemtl Tile_+032_+023_L21_00000300_0
f 4129/1017 4286/1018 4254/1019
f 4135/1021 4286/1018 4129/1017
f 4404/4712 4403/4713 4343/4714
f 4218/1157 4232/1151 4230/1162
f 4067/1142 4064/1154 4050/1148
f 4004/1246 4001/1247 4008/1248
f 1951/3655 4375/3656 4380/3657
f 4402/6474 4401/6475 5018/6476
f 4149/3675 4111/3682 1306/3678
f 4383/3864 4381/3865 4359/3866
f 4151/1769 4134/1770 4112/1771
f 4213/1231 4159/1236 4212/1229
f 4132/1813 4308/1806 4140/1789
f 4394/6307 4396/6308 4395/6309
f 4336/4170 4370/4171 4369/4172
f 4062/1223 3983/1235 4208/1242
f 4376/4175 4090/4173 4369/4172
f 4386/4324 1963/4325 1966/4326
f 4398/1 4400/2 4399/3
f 1962/3658 4380/3657 1939/3661
f 4232/1151 4397/1145 4231/1136
f 4243/1871 4248/1872 4198/1863
f 4089/4176 4330/4182 4363/4187
f 4210/1171 4229/1178 4230/1162
f 4202/1125 4270/1131 4231/1136
f 4202/1125 4397/1145 4223/1146
f 4218/1157 4223/1146 4397/1145
f 4376/3664 4372/3666 4378/3669
f 4389/3674 4378/3669 4372/3666
f 4390/3889 4387/3880 4392/3886
f 4362/4188 4331/4194 4163/4203
f 4377/3673 4389/3674 4390/3681
f 4392/4206 4393/4198 4391/4192
f 4347/4199 4393/4198 4384/4209
f 4374/3882 4373/3876 4385/3872
f 4391/4192 4348/4185 4377/4181
f 4391/4192 4393/4198 4348/4185
f 4388/3875 4393/3879 4392/3886
f 4390/3681 4391/3686 4377/3673
f 4374/3882 4385/3872 4387/3880
f 4387/3685 4390/3681 4374/3672
f 4384/3871 4393/3879 4388/3875
f 4374/3672 4390/3681 4389/3674
f 4387/3880 4385/3872 4388/3875
f 4388/3875 4392/3886 4387/3880
f 4390/6856 4392/6857 4391/6858
f 4346/4186 4350/4193 4330/4182
f 4362/4188 4365/4195 4302/4183
f 4350/4193 4367/4200 4364/4208
f 1938/3671 4371/3670 1306/3678
f 4386/4324 339/4327 2045/4330
f 1963/3877 4386/3883 4352/3873
f 4346/4186 4367/4200 4350/4193
f 1938/3671 1939/3661 4371/3670
f 4354/3878 4361/3874 4353/3869
f 4355/3885 4356/3891 4358/3892
f 4356/3891 2388/3890 4357/3898
f 4351/3884 4356/3891 4355/3885
f 4352/3873 4386/3883 2045/3887
f 4355/3885 4354/3878 4351/3884
f 4352/3873 4354/3878 4353/3869
f 4352/3873 4351/3884 4354/3878
f 4330/4182 4350/4193 4349/4201
f 4346/4186 4348/4185 4347/4199
f 4382/3868 4381/3865 4383/3864
f 4382/3868 4385/3872 4373/3876
f 1964/3881 4382/3868 4373/3876
f 4330/4182 4089/4176 4169/4179
f 4347/4199 4384/4209 4368/4207
f 4366/4210 4368/4207 4384/4209
f 4366/3867 4383/3864 4359/3866
f 4381/3865 4353/3869 4359/3866
f 1963/3877 4382/3868 1964/3881
f 4382/3868 4352/3873 4381/3865
f 4382/3868 1963/3877 4352/3873
f 4369/3660 4380/3657 4375/3656
f 4374/3672 4389/3674 4372/3666
f 4346/4186 4379/4178 4348/4185
f 4346/4186 4169/4179 4379/4178
f 4376/4175 4379/4178 4090/4173
f 4377/4181 4379/4178 4376/4175
f 4372/3666 4376/3664 2014/3659
f 4377/3673 4376/3664 4378/3669
f 4376/3664 4375/3656 2014/3659
f 4369/4172 4090/4173 4336/4170
f 4374/3672 1965/3665 4373/3677
f 4374/3672 4372/3666 1965/3665
f 4376/3664 4369/3660 4375/3656
f 4336/4170 4094/4180 4116/4177
f 4371/3670 4370/3667 4149/3675
f 4337/3679 4149/3675 4370/3667
f 4336/4170 4089/4176 4094/4180
f 4370/3667 1939/3661 4369/3660
f 4370/3667 4371/3670 1939/3661
f 4346/4186 4368/4207 4367/4200
f 4368/4207 4366/4210 4367/4200
f 4359/3866 4364/3870 4366/3867
f 4364/4208 4367/4200 4366/4210
f 4359/3866 4353/3869 4361/3874
f 4163/4203 4331/4194 4332/4202
f 4169/4179 4346/4186 4330/4182
f 4302/4183 4094/4180 4089/4176
f 4365/4195 4362/4188 4163/4203
f 4364/4208 4349/4201 4350/4193
f 4362/4188 4363/4187 4331/4194
f 4089/4176 4363/4187 4362/4188
f 4349/3896 4361/3874 4360/3893
f 4359/6697 4361/6698 4349/6699
f 4204/1191 4241/1177 4052/1184
f 4234/1179 4249/1174 4219/1158
f 4072/1323 3986/1298 4009/1297
f 1772/1887 4253/1890 1799/1893
f 4193/1132 4237/1138 4203/1124
f 4259/1118 4221/1109 4252/1123
f 4029/1104 4258/1101 4040/1088
f 4199/1859 4177/1854 4176/1845
f 1459/1870 4248/1872 4246/1878
f 4184/1111 4190/1091 4192/1090
f 4344/4743 4345/4735 4339/4729
f 4333/4722 4334/4723 4343/4714
f 4053/1182 4055/1176 4157/1175
f 4341/1815 4096/1803 4342/1808
f 4125/1778 4120/1791 4104/1783
f 4300/4715 4340/4724 4339/4729
f 4312/5334 4334/5335 4314/5336
f 4334/5335 4333/5339 4314/5336
f 4262/1059 4188/1071 4138/1050
f 4020/1345 3991/1363 4024/1352
f 4030/1294 3979/1275 4026/1276
f 4056/1983 1750/1984 4208/1985
f 4034/1338 4068/1325 3966/1340
f 4330/4182 4332/4202 4331/4194
f 4057/1990 4056/1983 4077/1989
f 4137/1061 4086/1083 4139/1062
f 4172/1832 4174/1836 4123/1822
f 4172/1832 4203/1838 4237/1843
f 4232/1151 4211/1160 4230/1162
f 4329/1043 4082/1035 4146/1023
f 4247/1168 4242/1163 4219/1158
f 4243/1871 4242/1876 4247/1880
f 3993/1303 4030/1294 4025/1285
f 4263/1096 4233/1106 4192/1090
f 4172/1832 4236/1849 4176/1845
f 4262/1059 4329/1043 4267/1041
f 4231/1136 4397/1145 4202/1125
f 4263/1096 4222/1105 4233/1106
f 4259/1118 4233/1106 4222/1105
f 4261/1127 4252/1123 4221/1109
f 4225/1149 4269/1166 4211/1160
f 4328/1820 4325/1835 4131/1828
f 1289/1837 1287/1833 4179/1823
f 4194/1133 4195/1147 4237/1138
f 4267/1041 4162/1058 4262/1059
f 4261/1127 4221/1109 4257/1116
f 4122/1831 4179/1823 4124/1816
f 4196/1858 4200/1862 4227/1867
f 4327/226 4326/218 4106/233
f 4338/243 4106/233 4326/218
f 4179/1823 1476/1841 1289/1837
f 4227/1152 4223/1146 4219/1158
f 4188/1071 4191/1072 4138/1050
f 4336/4170 4116/4177 4337/4174
f 1476/1841 4170/1851 4264/1855
f 4263/1096 4192/1090 4188/1071
f 4052/1184 4058/1197 4204/1191
f 4162/1058 4267/1041 4161/1049
f 4072/1323 4009/1297 4073/1322
f 3983/1986 4077/1989 4056/1983
f 4076/1201 4158/1209 4070/1194
f 4078/1295 670/1304 668/1286
f 4189/1089 4256/1102 4335/1110
f 4335/1110 4221/1109 4189/1089
f 4255/1079 4256/1102 4260/1094
f 4039/1080 4255/1079 4036/1069
f 4329/1043 4138/1050 4082/1035
f 1476/1841 4179/1823 4178/1846
f 1476/1841 4178/1846 4170/1851
f 4048/1134 4067/1142 4050/1148
f 4257/1116 4221/1109 4335/1110
f 3967/1087 4037/1070 4617/1078
f 4029/1104 4028/1108 4045/1117
f 4261/1127 4046/1126 4251/1137
f 3988/1368 4024/1352 3991/1363
f 4138/1050 4329/1043 4262/1059
f 4258/1101 4255/1079 4040/1088
f 4267/1041 4266/1034 4161/1049
f 4239/1156 4224/1155 4250/1144
f 4248/1872 4243/1871 4246/1878
f 4253/1890 1772/1887 4247/1880
f 668/1286 3984/1296 4019/1270
f 4245/1188 4249/1174 1813/1187
f 4250/1144 4231/1136 4252/1123
f 4020/1345 3971/1351 4895/1362
f 3978/1357 3990/1359 4031/1348
f 3986/1189 4076/1201 4070/1194
f 4059/1202 4070/1194 4158/1209
f 4012/1288 4016/1307 4063/1324
f 4017/1308 4014/1299 4068/1325
f 4074/1211 4059/1202 4158/1209
f 4060/1159 4271/1167 4239/1156
f 4324/5356 4317/5352 4325/5360
f 4321/4662 4323/4663 4322/4664
f 4318/5353 4320/5351 4319/5344
f 4315/5355 4317/5352 4316/5348
f 4312/5334 4314/5336 4313/5337
f 4080/1037 4128/1024 4114/1028
f 4097/1793 4102/1779 4311/1784
f 4140/1789 4105/1792 4310/1805
f 4310/1805 4105/1792 4143/1801
f 4309/38 629/45 628/28
f 4295/8 4272/17 4294/24
f 4132/1813 4108/1814 4308/1806
f 4276/27 4306/44 4305/37
f 4278/20 4276/27 4305/37
f 4287/4749 4304/4748 4289/4733
f 2045/3887 329/3894 2388/3890
f 4275/56 4303/66 141/74
f 4282/4189 4094/4180 4302/4183
f 4347/4199 4348/4185 4393/4198
f 4301/7 4272/17 4295/8
f 4298/4725 4300/4715 4299/4731
f 4296/6580 4297/6581 4279/6582
f 4155/1033 4147/1020 4621/1029
f 4621/1029 4156/1022 4623/1036
f 4217/1185 4228/1183 4215/1196
f 3970/1253 4004/1246 3962/1249
f 4620/1339 4034/1338 4624/1355
f 4293/18 4295/8 4294/24
f 4289/98 4288/88 4287/111
f 4161/1049 4038/1042 4035/1060
f 4625/1026 4286/1018 4626/1025
f 4129/1017 4254/1019 4147/1020
f 4110/1776 4109/1787 4091/1788
f 4283/4673 4285/4665 4284/4669
f 4280/6322 4282/6324 4281/6313
f 4276/27 4278/20 4277/11
f 4275/56 141/74 5024/85
f 4108/1814 4132/1813 4107/1829
f 4272/17 4274/23 4273/32
f 4290/4679 4292/4688 4291/4683
f 4026/1276 4025/1285 4030/1294
f 4081/1051 4091/1073 4109/1074
f 4032/1287 3984/1296 4009/1297
f 3973/1342 661/1330 4022/1328
f 3977/1318 3993/1303 3974/1333
f 4030/1294 3993/1303 3977/1318
f 4023/1301 3982/1315 3980/1277
f 4207/1988 1750/1984 1580/1992
f 4245/1188 4253/1180 4249/1174
f 4250/1144 4252/1123 4251/1137
f 4214/1195 1387/1217 4216/1198
f 4219/1158 4249/1174 4247/1168
f 4240/1173 4230/1162 4229/1178
f 4248/1872 4171/1860 4198/1863
f 4216/1198 1568/1205 4244/1192
f 1385/1212 4216/1198 1387/1217
f 4085/1811 4220/1818 4084/1804
f 4205/1203 1498/1210 4214/1195
f 4234/1179 1813/1187 4249/1174
f 4085/1082 4191/1072 4190/1091
f 1572/1879 4246/1878 1772/1887
f 4246/1878 4243/1871 4247/1880
f 4249/1174 4253/1180 4247/1168
f 1772/1887 4246/1878 4247/1880
f 4253/1180 4245/1188 1799/1193
f 1805/1200 4245/1188 1813/1187
f 4244/1192 4235/1186 4240/1173
f 4235/1186 4244/1192 1571/1199
f 4217/1185 4244/1192 4240/1173
f 4243/1871 4227/1867 4242/1876
f 4241/1177 4071/1172 4052/1184
f 4240/1173 4234/1179 4219/1158
f 4238/1150 4050/1148 4239/1156
f 4236/1849 4237/1843 4195/1853
f 4235/1186 1571/1199 1813/1187
f 4229/1178 4217/1185 4240/1173
f 4240/1173 4235/1186 4234/1179
f 1813/1187 4234/1179 4235/1186
f 4201/1112 4192/1090 4233/1106
f 4016/1169 4157/1175 4065/1164
f 4225/1149 4232/1151 4231/1136
f 4230/1162 4240/1173 4219/1158
f 4228/1183 4229/1178 4210/1171
f 4243/1871 4198/1863 4227/1867
f 4224/1155 4226/1161 4225/1149
f 4196/1858 4227/1867 4198/1863
f 4223/1146 4200/1139 4202/1125
f 4227/1152 4200/1139 4223/1146
f 4259/1118 4222/1105 4221/1109
f 4220/1818 4085/1811 4190/1825
f 4219/1158 4242/1163 4227/1152
f 4219/1158 4218/1157 4230/1162
f 4218/1157 4219/1158 4223/1146
f 4397/1145 4232/1151 4218/1157
f 4377/3673 4378/3669 4389/3674
f 4216/1198 4217/1185 4215/1196
f 4214/1195 4216/1198 4215/1196
f 1498/1210 4205/1203 1499/1216
f 4212/1229 4207/1237 1434/1225
f 4058/1197 4074/1211 4206/1204
f 1498/1210 1387/1217 4214/1195
f 4209/1218 4213/1231 1499/1216
f 1499/1216 4213/1231 4212/1229
f 4230/1162 4211/1160 4210/1171
f 1459/1870 1403/1864 4171/1860
f 4209/1218 4205/1203 4206/1204
f 4208/1985 1750/1984 4207/1988
f 4159/1236 4208/1242 4207/1237
f 4212/1229 4159/1236 4207/1237
f 4204/1191 4206/1204 4205/1203
f 4205/1203 4209/1218 1499/1216
f 4209/1218 4206/1204 4074/1211
f 4059/1202 4051/1190 4070/1194
f 4209/1218 4075/1224 4213/1231
f 3980/1277 4019/1270 4000/1259
f 4221/1109 4222/1105 4189/1089
f 4271/1167 4054/1170 4226/1161
f 4239/1156 4271/1167 4224/1155
f 4259/1118 4252/1123 4270/1131
f 4049/1140 4238/1150 4251/1137
f 4250/1144 4238/1150 4239/1156
f 4054/1170 4060/1159 4160/1165
f 4071/1172 4226/1161 4054/1170
f 4158/1209 4062/1223 4075/1224
f 4204/1191 4058/1197 4206/1204
f 4213/1231 4075/1224 4159/1236
f 4214/1195 4204/1191 4205/1203
f 4228/1183 4214/1195 4215/1196
f 4241/1177 4228/1183 4210/1171
f 4054/1170 4271/1167 4060/1159
f 4241/1177 4204/1191 4228/1183
f 4204/1191 4214/1195 4228/1183
f 4228/1183 4217/1185 4229/1178
f 4226/1161 4224/1155 4271/1167
f 4250/1144 4224/1155 4225/1149
f 4125/1778 4153/1775 4127/1785
f 4225/1149 4211/1160 4232/1151
f 4199/1859 4170/1851 4177/1854
f 4071/1172 4241/1177 4269/1166
f 4226/1161 4269/1166 4225/1149
f 4210/1171 4269/1166 4241/1177
f 4071/1172 4269/1166 4226/1161
f 4231/1136 4250/1144 4225/1149
f 4250/1144 4251/1137 4238/1150
f 4270/1131 4252/1123 4231/1136
f 4252/1123 4261/1127 4251/1137
f 4190/1091 4191/1072 4268/1097
f 4038/1042 4266/1034 4154/1027
f 4267/1041 4146/1023 4266/1034
f 4086/1083 4083/1084 4139/1062
f 4186/1824 4184/1834 4203/1838
f 4180/1810 4148/1799 4126/1794
f 4180/306 1366/287 4148/275
f 4258/1101 4041/1115 4047/1120
f 4176/1845 4196/1858 4198/1863
f 4084/1804 4220/1818 4185/1817
f 4084/1804 4185/1817 4173/1809
f 4148/275 4152/286 4120/297
f 4152/286 4265/296 4120/297
f 4171/1860 1341/1852 4264/1855
f 4189/1089 4222/1105 4263/1096
f 4187/1081 4262/1059 4255/1079
f 4236/1849 4172/1832 4237/1843
f 4261/1127 4257/1116 4047/1120
f 4134/1770 4151/1769 4118/1773
f 4255/1079 4039/1080 4040/1088
f 4255/1079 4260/1094 4187/1081
f 4189/1089 4187/1081 4260/1094
f 4081/1051 4139/1062 4091/1073
f 4202/1125 4201/1112 4259/1118
f 4270/1131 4202/1125 4259/1118
f 4256/1102 4258/1101 4257/1116
f 4047/1120 4257/1116 4258/1101
f 4162/1058 4255/1079 4262/1059
f 4082/1035 4114/1028 4146/1023
f 4156/1022 4254/1019 4286/1018
f 4147/1020 4254/1019 4156/1022
f 4626/1025 4135/1021 4628/1031
f 4146/1023 4154/1027 4266/1034
f 4043/1040 4155/1033 4629/1048
f 4155/1033 4154/1027 4147/1020
f 4134/1770 4133/1774 4112/1771
f 4148/275 1797/276 1325/267
f 1329/259 4148/275 1325/267
f 4151/1769 4113/1772 4153/1775
f 4152/286 4148/275 1329/259
f 4148/275 1366/287 1797/276
f 4095/4184 4093/4190 4119/4197
f 4093/4190 4121/4205 4119/4197
f 4380/3657 4369/3660 1939/3661
f 4151/1769 4125/1778 4118/1773
f 4116/3683 4150/3687 4149/3675
f 4125/1778 4148/1799 4120/1791
f 4114/1028 4129/1017 4146/1023
f 4147/1020 4146/1023 4129/1017
f 4125/1778 4151/1769 4153/1775
f 4145/1046 4136/1038 4130/1030
f 4104/1783 4144/1800 4143/1801
f 4140/1789 4142/1819 4141/1827
f 4082/1035 4137/1061 4139/1062
f 4138/1050 4137/1061 4082/1035
f 1459/1870 4171/1860 4248/1872
f 4135/1021 4130/1030 4136/1038
f 4135/1021 4128/1024 4130/1030
f 4102/1779 4112/1771 4133/1774
f 4134/1770 4099/1777 4133/1774
f 4132/1813 4131/1828 4107/1829
f 4130/1030 4128/1024 4080/1037
f 4128/1024 4135/1021 4129/1017
f 4079/1052 4115/1044 4081/1051
f 4109/1074 4079/1052 4081/1051
f 4127/1785 4126/1794 4125/1778
f 4087/1055 4079/1052 4109/1074
f 4124/1816 4123/1822 4122/1831
f 4117/4191 4095/4184 4119/4197
f 4119/316 4121/329 4120/297
f 4104/1783 4118/1773 4125/1778
f 4116/4177 4095/4184 4117/4191
f 4082/1035 4115/1044 4114/1028
f 4112/1771 4110/1776 4113/1772
f 4151/1769 4112/1771 4113/1772
f 1306/3678 4111/3682 1307/3688
f 4109/1787 4110/1776 4102/1779
f 4106/1830 4108/1814 4107/1829
f 4104/1783 4143/1801 4105/1792
f 4096/1077 4103/1064 4087/1055
f 4102/1779 4096/1803 4087/1796
f 4101/1798 4100/1790 4098/1782
f 4098/1782 4100/1790 4099/1777
f 4097/1793 4096/1803 4102/1779
f 4095/4184 4094/4180 4093/4190
f 4370/4171 4336/4170 4337/4174
f 339/4327 4386/4324 1966/4326
f 4083/1797 4092/1781 4091/1788
f 4091/1073 4139/1062 4083/1084
f 4094/4180 4095/4184 4116/4177
f 4090/4173 4089/4176 4336/4170
f 4087/1055 4088/1047 4080/1037
f 4086/1083 4085/1082 4083/1084
f 4083/1797 4085/1811 4084/1804
f 4110/1776 4112/1771 4102/1779
f 4081/1051 4115/1044 4082/1035
f 4109/1787 4102/1779 4087/1796
f 4080/1037 4079/1052 4087/1055
f 4087/1055 4103/1064 4088/1047
f 4145/1046 4088/1047 4103/1064
f 4130/1030 4088/1047 4145/1046
f 4192/1090 4201/1112 4184/1111
f 4092/1781 4113/1772 4110/1776
f 4201/1112 4193/1132 4203/1124
f 4201/1112 4203/1124 4184/1111
f 4181/1786 4083/1797 4084/1804
f 4181/1786 4092/1781 4083/1797
f 4182/1780 4153/1775 4113/1772
f 4182/1780 4127/1785 4153/1775
f 4172/1832 4186/1824 4203/1838
f 4176/1845 4177/1854 4197/1850
f 4124/1816 4173/1809 4123/1822
f 4202/1125 4194/1133 4201/1112
f 4179/1823 4175/1840 4178/1846
f 4129/1017 4114/1028 4128/1024
f 4114/1028 4115/1044 4080/1037
f 4092/1781 4110/1776 4091/1788
f 4195/1147 4194/1133 4200/1139
f 4202/1125 4200/1139 4194/1133
f 4259/1118 4201/1112 4233/1106
f 4171/1860 4199/1859 4198/1863
f 4082/1035 4139/1062 4081/1051
f 4178/1846 4175/1840 4197/1850
f 4195/1853 4200/1862 4196/1858
f 4195/1853 4196/1858 4176/1845
f 4194/1133 4193/1132 4201/1112
f 1937/4332 1936/4329 1966/4326
f 339/4327 1966/4326 1936/4329
f 4085/1082 4137/1061 4191/1072
f 4191/1072 4188/1071 4192/1090
f 4086/1083 4137/1061 4085/1082
f 4185/1817 4220/1818 4190/1825
f 4179/1823 4123/1822 4174/1836
f 4263/1096 4188/1071 4189/1089
f 4188/1071 4187/1081 4189/1089
f 4262/1059 4187/1081 4188/1071
f 4126/1794 4124/1816 4180/1810
f 4183/1795 4127/1785 4182/1780
f 4173/1809 4185/1817 4186/1824
f 4184/1834 4186/1824 4185/1817
f 4126/1794 4183/1795 4173/1809
f 4183/1795 4084/1804 4173/1809
f 4181/1786 4183/1795 4182/1780
f 4137/1061 4138/1050 4191/1072
f 4190/1825 4184/1834 4185/1817
f 4173/1809 4124/1816 4126/1794
f 4126/1794 4127/1785 4183/1795
f 4199/1859 4176/1845 4198/1863
f 4179/1823 1287/1833 4180/1810
f 4170/1851 4178/1846 4177/1854
f 4172/1832 4176/1845 4175/1840
f 4172/1832 4175/1840 4174/1836
f 4194/1133 4237/1138 4193/1132
f 4176/1845 4236/1849 4195/1853
f 4172/1832 4123/1822 4173/1809
f 4172/1832 4173/1809 4186/1824
f 4199/1859 4171/1860 4170/1851
f 1403/1864 1341/1852 4171/1860
f 4149/3675 1306/3678 4371/3670
f 4169/4179 4090/4173 4379/4178
f 4150/3687 4167/3693 1317/3691
f 1327/3695 1317/3691 4167/3693
f 4166/274 1478/266 1479/258
f 4111/3682 4149/3675 4150/3687
f 1317/3691 4111/3682 4150/3687
f 4149/3675 4337/3679 4116/3683
f 1317/3691 312/3689 4111/3682
f 1329/259 1478/266 4166/274
f 4089/4176 4090/4173 4169/4179
f 4168/6310 4165/6318 4163/6319
f 1327/3695 4167/3693 1479/3697
f 4167/285 4166/274 1479/258
f 4150/3687 4116/3683 4117/3692
f 4167/3693 4150/3687 4117/3692
f 1329/259 4166/274 4152/286
f 4117/295 4166/274 4167/285
f 4154/1027 4043/1040 4038/1042
f 4163/4203 4165/4211 4164/4196
f 4036/1069 4162/1058 4161/1049
f 4046/1126 4042/1119 4048/1134
f 4042/1119 4066/1129 4048/1134
f 4065/1164 4055/1176 4160/1165
f 1216/1994 4057/1990 801/1998
f 4064/1154 4160/1165 4060/1159
f 4075/1224 4062/1223 4159/1236
f 4061/1215 4158/1209 4076/1201
f 4051/1190 4157/1175 4069/1181
f 1486/1987 4057/1990 1216/1994
f 941/2005 970/2001 4033/1993
f 657/1305 4078/1295 3980/1277
f 863/1997 4077/1989 4033/1993
f 4066/1129 4011/1143 4067/1142
f 3983/1986 4033/1993 4077/1989
f 4073/1222 3983/1235 4062/1223
f 4073/1322 4009/1297 3984/1296
f 3986/1189 4072/1208 4076/1201
f 4158/1209 4075/1224 4074/1211
f 4072/1208 4073/1222 4061/1215
f 4016/1169 4069/1181 4157/1175
f 4053/1182 4071/1172 4054/1170
f 4051/1190 4069/1181 4070/1194
f 3986/1189 4070/1194 4069/1181
f 3966/1340 4068/1325 4013/1309
f 4042/1119 4045/1117 4066/1129
f 4042/1119 4046/1126 4041/1115
f 4062/1223 4208/1242 4159/1236
f 4065/1164 4063/1153 4016/1169
f 4011/1143 4063/1153 4067/1142
f 4066/1129 4045/1117 3959/1130
f 3958/1128 4044/1122 4028/1108
f 4063/1153 4065/1164 4064/1154
f 4013/1309 4012/1288 4011/1327
f 4000/1259 4003/1250 4027/1267
f 3963/1262 3961/1272 3960/1256
f 3962/1249 4004/1246 4008/1248
f 666/1387 704/1388 3989/1370
f 4061/1215 4073/1222 4062/1223
f 3966/1340 4013/1309 4011/1327
f 4050/1148 4060/1159 4239/1156
f 4157/1175 4055/1176 4065/1164
f 4064/1154 4067/1142 4063/1153
f 3984/1296 4032/1287 4019/1270
f 4062/1223 4158/1209 4061/1215
f 4059/1202 4074/1211 4058/1197
f 3980/1277 668/1286 4019/1270
f 4051/1190 4059/1202 4058/1197
f 863/1997 4057/1990 4077/1989
f 1486/1987 1750/1984 4056/1983
f 3983/1986 4056/1983 4208/1985
f 4056/1983 4057/1990 1486/1987
f 4054/1170 4160/1165 4055/1176
f 4160/1165 4064/1154 4065/1164
f 4050/1148 4064/1154 4060/1159
f 4053/1182 4157/1175 4051/1190
f 4055/1176 4053/1182 4054/1170
f 4071/1172 4053/1182 4052/1184
f 4058/1197 4052/1184 4051/1190
f 4074/1211 4075/1224 4209/1218
f 4051/1190 4052/1184 4053/1182
f 4046/1126 4049/1140 4251/1137
f 4050/1148 4049/1140 4048/1134
f 4046/1126 4261/1127 4047/1120
f 4045/1117 4044/1122 3959/1130
f 4050/1148 4238/1150 4049/1140
f 4047/1120 4041/1115 4046/1126
f 4161/1049 4266/1034 4038/1042
f 4255/1079 4162/1058 4036/1069
f 4067/1142 4048/1134 4066/1129
f 4147/1020 4154/1027 4146/1023
f 4038/1042 4043/1040 4633/1057
f 4029/1104 4045/1117 4042/1119
f 4049/1140 4046/1126 4048/1134
f 4029/1104 4042/1119 4041/1115
f 4040/1088 4039/1080 4037/1070
f 4044/1122 4045/1117 4028/1108
f 4037/1070 4039/1080 4035/1060
f 4038/1042 4037/1070 4035/1060
f 4617/1078 4038/1042 4634/1067
f 4035/1060 4039/1080 4036/1069
f 4161/1049 4035/1060 4036/1069
f 4043/1040 4154/1027 4155/1033
f 3965/1347 3969/1366 4034/1338
f 4040/1088 4037/1070 3967/1087
f 4028/1108 4029/1104 3967/1087
f 4001/1247 4004/1246 4003/1250
f 3992/1317 4020/1345 3976/1332
f 1761/1306 1212/1335 941/1321
f 3979/1275 4030/1294 3981/1293
f 3984/1296 941/1321 4033/1336
f 4019/1270 4032/1287 3985/1278
f 4028/1108 3967/1087 4640/1107
f 3978/1357 4031/1348 3975/1341
f 3981/1293 4022/1328 661/1330
f 3979/1275 4027/1267 4026/1276
f 3973/1342 4031/1348 3990/1359
f 3973/1342 3989/1370 667/1369
f 4021/1313 3975/1341 4031/1348
f 4021/1313 3981/1293 4030/1294
f 4030/1294 3977/1318 4021/1313
f 668/1286 1761/1306 3984/1296
f 3979/1275 3981/1293 3980/1277
f 4901/1392 3978/1357 4902/1386
f 4021/1313 3977/1318 3975/1341
f 3974/1333 3976/1332 3975/1341
f 3977/1318 3974/1333 3975/1341
f 661/1330 3973/1342 3972/1358
f 3978/1357 666/1387 3989/1370
f 4007/1260 4026/1276 4027/1267
f 4025/1285 4026/1276 3998/1269
f 3993/1303 3976/1332 3974/1333
f 3985/1278 4018/1261 4019/1270
f 4639/1266 3970/1253 4642/1273
f 4003/1250 4007/1260 4027/1267
f 4015/1252 4018/1261 4010/1271
f 4012/1288 3968/1279 4010/1271
f 661/1330 662/1314 3981/1293
f 4023/1301 3981/1293 662/1314
f 3975/1341 3976/1332 4024/1352
f 4006/1258 3997/1268 4005/1255
f 4021/1313 4031/1348 3973/1342
f 656/1329 4023/1301 662/1314
f 3973/1342 4022/1328 4021/1313
f 3981/1293 4021/1313 4022/1328
f 3968/1279 4012/1288 4014/1299
f 3963/1262 3960/1256 4015/1252
f 4020/1345 3992/1317 3995/1316
f 4002/1251 4019/1270 4018/1261
f 3998/1269 4005/1255 3997/1268
f 4014/1299 4017/1308 3968/1279
f 4018/1261 3985/1278 4010/1271
f 3986/1298 4016/1307 4012/1288
f 4069/1181 4016/1169 3986/1189
f 4012/1288 4063/1324 4011/1327
f 4002/1251 4018/1261 4015/1252
f 3962/1249 4008/1248 4015/1252
f 4014/1299 4013/1309 4068/1325
f 4012/1288 4013/1309 4014/1299
f 4010/1271 3985/1278 4012/1288
f 3959/1356 3965/1347 4011/1327
f 4034/1338 4017/1308 4068/1325
f 4005/1255 4007/1260 4003/1250
f 3963/1262 4015/1252 4010/1271
f 4015/1252 3960/1256 3962/1249
f 4072/1208 4061/1215 4076/1201
f 3985/1278 4032/1287 4009/1297
f 4010/1271 3968/1279 3963/1262
f 4008/1248 4002/1251 4015/1252
f 3979/1275 3980/1277 4000/1259
f 3998/1269 4026/1276 4007/1260
f 4004/1246 4006/1258 4005/1255
f 4019/1270 4002/1251 4000/1259
f 668/1286 3980/1277 4078/1295
f 4000/1259 4027/1267 3979/1275
f 4004/1246 4005/1255 4003/1250
f 3999/1254 4001/1247 4003/1250
f 4001/1247 3999/1254 4002/1251
f 4002/1251 4008/1248 4001/1247
f 3998/1269 4007/1260 4005/1255
f 4020/1345 4024/1352 3976/1332
f 4000/1259 3999/1254 4003/1250
f 3995/1316 3971/1351 4020/1345
f 3999/1254 4000/1259 4002/1251
f 3998/1269 3997/1268 3994/1284
f 3997/1268 4006/1258 4638/1274
f 3971/1351 3995/1316 3996/1350
f 3995/1316 3994/1284 4645/1302
f 3992/1317 3976/1332 3993/1303
f 4902/1386 3991/1363 4903/1381
f 3990/1359 3989/1370 3973/1342
f 653/1396 3987/1398 4900/1401
f 3978/1357 3988/1368 3991/1363
f 3975/1341 4024/1352 3988/1368
f 3989/1370 3990/1359 3978/1357
f 4899/1395 666/1387 4901/1392
f 3981/1293 4023/1301 3980/1277
f 4009/1297 3986/1298 3985/1278
f 3983/1337 4073/1322 3984/1296
f 3984/1296 4033/1336 3983/1337
f 3982/1315 657/1305 3980/1277
f 656/1329 3982/1315 4023/1301
f 3984/1296 1761/1306 941/1321
f 4647/1257 3962/1249 4648/1264
f 4649/1390 3971/1351 4650/1379
f 3965/1347 3958/1367 4653/1376
f 4029/1104 4040/1088 3967/1087
f 3969/1366 3965/1347 4654/1374
f 3964/1289 3968/1279 4637/1300
f 4624/1355 3969/1366 4651/1375
f 4034/1338 3966/1340 3965/1347
f 4660/1290 3964/1289 4661/1312
f 4659/1280 3963/1262 4660/1290
f 4615/1344 3995/1316 4646/1331
f 4648/1264 3957/1263 4662/1281
f 3960/1256 3961/1272 3957/1263
f 3958/1367 3965/1347 3959/1356
f 3959/1130 4044/1122 3958/1128
f 3957/1263 3961/1272 4658/1282
f 3971/1351 3996/1350 4616/1361
f 4383/3864 4384/3871 4388/3875
f 4323/3899 4412/3895 4358/3892
f 4278/20 4518/31 4516/16
f 4349/4201 4332/4202 4330/4182
f 4343/4714 4314/4717 4333/4722
f 4292/4730 4470/4737 4340/4724
f 4290/4679 4470/4693 4292/4688
f 4439/69 4443/60 4441/77
f 4452/4740 4483/4727 4485/4726
f 4145/1046 4341/1075 4437/1085
f 4118/1773 4098/1782 4099/1777
f 4394/6307 4410/6314 4482/6320
f 4480/6323 4482/6320 4410/6314
f 4295/8 4398/1 4486/4
f 4513/6487 4488/6481 4272/6491
f 4143/6321 4144/6325 4280/6322
f 4442/61 4307/52 4666/71
f 4521/6 4399/3 4400/2
f 4142/1819 4140/1789 4450/1812
f 4105/1792 4140/1789 4118/1773
f 4134/1770 4118/1773 4099/1777
f 4477/5342 4430/5340 4476/5349
f 4320/5351 4444/5358 4315/5355
f 4140/1789 4310/1805 4450/1812
f 4445/89 4441/77 4668/100
f 4140/1789 4098/1782 4118/1773
f 4140/1789 4308/1806 4101/1798
f 4358/3892 4412/3895 4411/3888
f 4506/3902 4409/3906 4408/3909
f 4498/4685 4493/4689 4501/4676
f 4501/4676 4502/4678 4498/4685
f 4468/4682 4510/4677 4495/4680
f 4524/12 4301/7 4399/3
f 4500/4698 607/4709 4491/4702
f 4277/11 4524/12 4399/3
f 4478/4675 4510/4677 4468/4682
f 4489/4681 606/4697 4500/4698
f 4512/30 4516/16 4518/31
f 4516/16 4524/12 4278/20
f 4401/6475 4296/6478 5026/6482
f 4483/4727 4452/4740 4438/4741
f 4164/4196 4302/4183 4365/4195
f 4484/43 4458/26 4462/36
f 4276/27 4277/11 4508/21
f 4523/47 4276/27 638/39
f 4306/44 4276/27 4523/47
f 4306/44 4523/47 4305/37
f 627/50 4305/37 4523/47
f 4356/3891 4351/3884 2388/3890
f 2045/3887 2388/3890 4351/3884
f 4512/30 4517/49 4273/32
f 4293/18 4460/10 4295/8
f 4297/6581 4407/6585 4279/6582
f 4298/4725 4429/4719 4300/4715
f 4495/4680 4510/4677 4283/4673
f 627/50 4518/31 4305/37
f 4498/4685 4492/4692 4490/4696
f 4512/30 4518/31 4519/48
f 4487/6486 4511/6494 4272/6491
f 4468/4682 4514/4694 4447/4687
f 638/39 4508/21 628/28
f 4474/5350 4509/5357 4480/5363
f 4272/17 4301/7 4274/23
f 4491/4702 607/4709 4494/4710
f 4514/4694 4465/4700 4447/4687
f 4296/6478 4488/6481 4513/6487
f 4296/6478 4401/6475 4402/6474
f 4488/6481 4296/6478 4402/6474
f 4512/30 4303/66 4275/56
f 4293/18 4436/33 4462/36
f 4300/4715 4429/4719 4404/4712
f 4272/6491 4511/6494 4294/6493
f 4347/4199 4368/4207 4346/4186
f 4381/3865 4352/3873 4353/3869
f 4290/4679 4447/4687 4470/4693
f 4478/4675 4472/4672 4285/4665
f 4285/4665 4283/4673 4510/4677
f 4357/3898 2388/3890 636/3901
f 4480/6323 4410/6314 4163/6319
f 4412/3895 4480/3903 4163/3900
f 4482/5366 4480/5363 4509/5357
f 4446/5361 4451/5368 4481/5362
f 4395/6309 4168/6310 4394/6307
f 4450/6316 4310/6317 4396/6308
f 4357/3898 4358/3892 4356/3891
f 4505/4667 4322/4664 4323/4663
f 4118/1773 4104/1783 4105/1792
f 4310/6317 4503/6312 4396/6308
f 4472/5343 4471/5346 4474/5350
f 4506/3902 4499/3910 4505/3907
f 4510/4677 4478/4675 4285/4665
f 4358/3892 4411/3888 4355/3885
f 4481/5362 4509/5357 4475/5354
f 1738/4707 4309/4701 4496/4690
f 1738/4707 4496/4690 4490/4696
f 4507/15 628/28 4508/21
f 4089/4176 4362/4188 4302/4183
f 4475/5354 4509/5357 4474/5350
f 4507/15 4508/21 4277/11
f 4357/3898 4409/3906 4506/3902
f 4358/3892 4506/3902 4323/3899
f 4504/4671 4502/4678 4501/4676
f 4281/6313 4395/6309 4503/6312
f 4094/4180 4282/4189 4093/4190
f 4168/6310 4395/6309 4281/6313
f 4121/1807 4144/1800 4120/1791
f 4093/4190 4282/4189 4144/4204
f 4504/4671 4322/4664 4505/4667
f 4284/4669 4322/4664 4504/4671
f 4358/3892 4357/3898 4506/3902
f 4499/4674 4504/4671 4505/4667
f 4499/4674 4502/4678 4504/4671
f 4104/1783 4120/1791 4144/1800
f 319/3905 4409/3906 4357/3898
f 4143/6321 4280/6322 4503/6312
f 4504/4671 4501/4676 4284/4669
f 240/3913 330/3914 4408/3909
f 4489/4681 4502/4678 4499/4674
f 4501/4676 4497/4684 4495/4680
f 4283/4673 4501/4676 4495/4680
f 4501/4676 4283/4673 4284/4669
f 4500/4698 4492/4692 4489/4681
f 4408/4686 4489/4681 4499/4674
f 4489/4681 4492/4692 4498/4685
f 4280/6322 4281/6313 4503/6312
f 4280/6322 4144/6325 4282/6324
f 4409/3906 319/3905 148/3911
f 4496/4690 4497/4684 4493/4689
f 4495/4680 4497/4684 4496/4690
f 4502/4678 4489/4681 4498/4685
f 4491/4702 4494/4710 1738/4707
f 4493/4689 4497/4684 4501/4676
f 4498/4685 4490/4696 4493/4689
f 4492/4692 4491/4702 4490/4696
f 4491/4702 1738/4707 4490/4696
f 4493/4689 4490/4696 4496/4690
f 330/4691 606/4697 4489/4681
f 4489/4681 4408/4686 330/4691
f 1738/53 629/45 4309/38
f 4488/6481 4487/6486 4272/6491
f 4399/3 4301/7 4486/4
f 628/28 4507/15 4309/38
f 4466/4745 4344/4743 4449/4746
f 4514/4694 4515/4695 4520/4704
f 4309/38 4507/15 4522/29
f 4512/30 4275/56 4517/49
f 4277/11 4521/6 4507/15
f 4521/4705 4465/4700 4514/4694
f 4515/4695 4522/4708 4520/4704
f 4507/15 4521/6 4520/22
f 4399/3 4521/6 4277/11
f 4508/21 638/39 4276/27
f 4512/30 4519/48 142/55
f 4518/31 4278/20 4305/37
f 142/55 4519/48 4518/31
f 142/55 4303/66 4512/30
f 4517/6589 4407/6585 4297/6581
f 4487/6486 4435/6485 4294/6493
f 4512/30 4273/32 4274/23
f 4407/6585 4517/6589 4275/6590
f 4297/6581 4273/6588 4517/6589
f 4516/16 4512/30 4274/23
f 4301/7 4524/12 4516/16
f 4301/7 4516/16 4274/23
f 4296/6580 4279/6582 5023/6583
f 4296/6580 4513/6584 4297/6581
f 4468/4682 4495/4680 4496/4690
f 4496/4690 4309/4701 4515/4695
f 5022/6587 4407/6585 5030/6591
f 4297/6581 4513/6584 4273/6588
f 4468/4682 4515/4695 4514/4694
f 4345/4735 4344/4743 4466/4745
f 4402/6474 4487/6486 4488/6481
f 4330/4182 4331/4194 4363/4187
f 4349/4201 4163/4203 4332/4202
f 4400/4706 4467/4711 4449/4703
f 4464/6490 4435/6485 4434/6480
f 5020/62 4462/36 5035/68
f 4460/10 4463/5 4398/1
f 4419/1099 4418/1098 4437/1085
f 4454/35 4458/26 4455/42
f 4300/4715 4461/4718 4340/4724
f 4459/14 4460/10 4293/18
f 4459/14 4454/35 4433/25
f 4458/26 4454/35 4459/14
f 4459/14 4293/18 4458/26
f 4457/4732 4432/4739 4452/4740
f 4456/4747 4431/4738 4345/4735
f 4455/42 4453/41 4454/35
f 4451/6311 4396/6308 4394/6307
f 4452/59 4453/41 4439/69
f 4450/6316 4396/6308 4451/6311
f 4313/5337 4422/5345 4319/5344
f 4447/4687 4449/4703 4448/4699
f 4142/5367 4446/5361 4141/5365
f 4099/1777 4100/1790 4311/1784
f 4342/1808 4096/1803 4097/1793
f 4445/89 4439/69 4441/77
f 4099/1777 4311/1784 4133/1774
f 4102/1779 4133/1774 4311/1784
f 4416/180 4421/190 4405/149
f 4288/88 4439/69 4445/89
f 4440/110 4445/89 4676/120
f 4304/130 4287/111 4440/110
f 4444/1844 4423/1839 4325/1835
f 4415/235 4423/244 4444/245
f 4503/6312 4395/6309 4396/6308
f 4443/60 4442/61 4441/77
f 4315/5355 4316/5348 4320/5351
f 4288/88 4440/110 4287/111
f 4288/88 4438/76 4439/69
f 4289/98 4438/76 4288/88
f 4417/1086 4145/1046 4437/1085
f 4420/210 4416/180 4682/209
f 4428/4716 4485/4726 4483/4727
f 4484/43 4455/42 4458/26
f 4685/142 4440/110 4686/141
f 4289/4733 4483/4727 4438/4741
f 4419/242 4338/243 4326/218
f 4131/1828 4325/1835 4423/1839
f 4132/1813 4328/1820 4131/1828
f 4328/5364 4324/5356 4325/5360
f 4320/227 4415/235 4444/245
f 4429/4719 4457/4732 4485/4726
f 4298/4725 4457/4732 4429/4719
f 4307/52 4442/61 4484/43
f 4455/42 4484/43 4442/61
f 4463/5 4467/9 4400/2
f 4443/60 4453/41 4455/42
f 4442/61 4443/60 4455/42
f 4443/60 4439/69 4453/41
f 4456/19 4459/14 4433/25
f 4289/4733 4427/4720 4483/4727
f 4463/5 4460/10 4459/14
f 4463/5 4456/19 4466/13
f 4343/4714 4300/4715 4404/4712
f 4345/4735 4299/4731 4300/4715
f 4436/6492 4464/6490 5034/6496
f 4452/59 4432/40 4453/41
f 4433/25 4454/35 4453/41
f 4471/5346 4475/5354 4474/5350
f 4340/4724 4448/4736 4339/4729
f 4448/4736 4344/4743 4339/4729
f 4432/40 4433/25 4453/41
f 4457/4732 4452/4740 4485/4726
f 4317/5352 4476/5349 4430/5340
f 4164/6767 4165/6768 4281/6769
f 4450/1812 4451/1826 4142/1819
f 4481/6315 4451/6311 4394/6307
f 4324/5356 4328/5364 4141/5365
f 4311/1784 4424/1802 4097/1793
f 4311/1784 4100/1790 4424/1802
f 4481/6315 4394/6307 4482/6320
f 4482/5366 4509/5357 4481/5362
f 4480/4666 4323/4663 4321/4662
f 4430/5340 4477/5342 4312/5334
f 4324/5356 4446/5361 4475/5354
f 4325/5360 4479/5359 4444/5358
f 4315/5355 4444/5358 4479/5359
f 4479/5359 4317/5352 4315/5355
f 4338/1092 4437/1085 4341/1075
f 4343/4714 4334/4723 4461/4718
f 4425/201 4414/219 4318/211
f 4101/1798 4308/1806 4100/1790
f 4308/1806 4424/1802 4100/1790
f 4426/5341 4422/5345 4313/5337
f 4476/5349 4471/5346 4477/5342
f 4478/4675 4290/4679 4472/4672
f 4312/5334 4477/5342 4469/5338
f 4430/5340 4312/5334 4313/5337
f 4476/5349 4317/5352 4324/5356
f 4432/4739 4457/4732 4298/4725
f 4476/5349 4475/5354 4471/5346
f 4472/5343 4291/5347 4334/5335
f 4473/4668 4474/4670 4321/4662
f 4474/4670 4473/4668 4472/4672
f 4472/4672 4473/4668 4285/4665
f 4282/6770 4164/6767 4281/6769
f 4365/4195 4163/4203 4164/4196
f 4430/5340 4313/5337 4319/5344
f 4428/4716 4427/4720 4403/4713
f 4314/4717 4343/4714 4403/4713
f 4472/5343 4469/5338 4471/5346
f 4477/5342 4471/5346 4469/5338
f 4106/233 4107/234 4327/226
f 4340/4724 4470/4737 4448/4736
f 4334/4723 4291/4728 4461/4718
f 4334/5335 4469/5338 4472/5343
f 4312/5334 4469/5338 4334/5335
f 4461/4718 4300/4715 4343/4714
f 4290/4679 4468/4682 4447/4687
f 4291/4728 4292/4730 4461/4718
f 4448/4699 4470/4693 4447/4687
f 4466/4745 4456/4747 4345/4735
f 4467/4750 4466/4745 4449/4746
f 4290/4679 4478/4675 4468/4682
f 4300/4715 4339/4729 4345/4735
f 4292/4730 4340/4724 4461/4718
f 4344/4743 4448/4736 4449/4746
f 4447/4687 4400/4706 4449/4703
f 4465/4700 4400/4706 4447/4687
f 4435/6485 4464/6490 4436/6492
f 4511/6494 4487/6486 4294/6493
f 4293/18 4294/24 4436/33
f 4294/6493 4435/6485 4436/6492
f 4402/6474 4435/6485 4487/6486
f 4434/6480 4402/6474 5019/6477
f 4345/4735 4431/4738 4299/4731
f 4433/25 4431/34 4456/19
f 4433/25 4432/40 4431/34
f 4431/4738 4432/4739 4298/4725
f 4298/4725 4299/4731 4431/4738
f 4427/4720 4428/4716 4483/4727
f 4425/201 4416/180 4420/210
f 4317/5352 4430/5340 4316/5348
f 4319/5344 4316/5348 4430/5340
f 4291/4683 4472/4672 4290/4679
f 4314/5336 4426/5341 4313/5337
f 4318/211 4421/190 4425/201
f 4414/219 4320/227 4318/211
f 4428/4716 4403/4713 4404/4712
f 4426/4721 4314/4717 4403/4713
f 4429/4719 4428/4716 4404/4712
f 4429/4719 4485/4726 4428/4716
f 4403/4713 4427/4720 4426/4721
f 4426/4721 4427/4720 4413/4734
f 4422/4742 4426/4721 4413/4734
f 4326/218 4327/226 4425/201
f 4413/4734 4405/4744 4422/4742
f 4319/5344 4320/5351 4316/5348
f 4414/219 4425/201 4327/226
f 4108/1814 4424/1802 4308/1806
f 4424/1802 4108/1814 4342/1808
f 4107/234 4423/244 4414/219
f 4342/1808 4338/1821 4341/1815
f 4416/180 4425/201 4421/190
f 4688/265 4419/242 4689/257
f 4421/190 4318/211 4422/202
f 4422/5345 4318/5353 4319/5344
f 4326/218 4420/210 4684/225
f 4103/1064 4096/1077 4341/1075
f 4108/1814 4338/1821 4342/1808
f 4417/1086 4437/1085 4418/1098
f 4414/219 4423/244 4415/235
f 4405/4744 4413/4734 4289/4733
f 4427/4720 4289/4733 4413/4734
f 4108/1814 4106/1830 4338/1821
f 4420/210 4326/218 4425/201
f 4419/242 4326/218 4690/232
f 4424/1802 4342/1808 4097/1793
f 4145/1046 4103/1064 4341/1075
f 4423/1839 4107/1829 4131/1828
f 4421/190 4422/202 4405/149
f 4327/226 4107/234 4414/219
f 4338/1092 4419/1099 4437/1085
f 4417/1086 4418/1098 4678/1100
f 4385/3872 4383/3864 4388/3875
f 4385/3872 4382/3868 4383/3864
f 4140/1789 4328/1820 4132/1813
f 4361/3874 4354/3878 4355/3885
f 4411/3888 4361/3874 4355/3885
f 4352/3873 2045/3887 4351/3884
f 4366/3867 4384/3871 4383/3864
f 4377/4181 4348/4185 4379/4178
f 4364/6700 4359/6697 4349/6699
f 4411/3888 4412/3895 4360/3893
f 4349/3896 4360/3893 4163/3900
f 4360/3893 4361/3874 4411/3888
f 4180/306 1287/330 1365/307
f 4278/20 4524/12 4277/11
f 4267/1041 4329/1043 4146/1023
f 4148/1799 4125/1778 4126/1794
f 4264/1855 1341/1852 1476/1841
f 4264/1855 4170/1851 4171/1860
f 4174/1836 4175/1840 4179/1823
f 4317/5352 4479/5359 4325/5360
f 4321/4662 4474/4670 4480/4666
f 4321/4662 4322/4664 4285/4665
f 4310/6317 4143/6321 4503/6312
f 4282/4189 4302/4183 4164/4196
f 3962/1249 3960/1256 3957/1263
f 3991/1363 4020/1345 4896/1372
f 4216/1198 4244/1192 4217/1185
f 4269/1166 4210/1171 4211/1160
f 4256/1102 4255/1079 4258/1101
f 4268/1097 4192/1090 4190/1091
f 4192/1090 4268/1097 4191/1072
f 4265/296 4119/316 4120/297
f 4257/1116 4335/1110 4256/1102
f 4260/1094 4256/1102 4189/1089
f 4130/1030 4080/1037 4088/1047
f 4181/1786 4084/1804 4183/1795
f 4140/1789 4141/1827 4328/1820
f 4627/1039 4136/1038 4694/1053
f 4119/316 4265/296 4117/295
f 4152/286 4166/274 4265/296
f 4079/1052 4080/1037 4115/1044
f 4101/1798 4098/1782 4140/1789
f 4168/6310 4163/6319 4410/6314
f 4092/1781 4181/1786 4113/1772
f 4113/1772 4181/1786 4182/1780
f 4197/1850 4175/1840 4176/1845
f 4197/1850 4177/1854 4178/1846
f 4179/1823 4180/1810 4124/1816
f 4179/1823 4122/1831 4123/1822
f 4166/274 4117/295 4265/296
f 3975/1341 3988/1368 3978/1357
f 4029/1104 4041/1115 4258/1101
f 3985/1278 3986/1298 4012/1288
f 3958/1128 4028/1108 4641/1121
f 3972/1358 3973/1342 667/1369
f 3972/1358 665/1349 661/1330
f 3994/1284 3997/1268 4644/1283
f 3994/1284 4025/1285 3998/1269
f 4011/1143 4066/1129 3959/1130
f 3965/1347 3966/1340 4011/1327
f 3968/1279 3964/1289 3963/1262
f 3994/1284 3992/1317 3993/1303
f 3993/1303 4025/1285 3994/1284
f 4004/1246 3970/1253 4006/1258
f 3995/1316 3992/1317 3994/1284
f 3968/1279 4017/1308 4619/1326
f 4466/13 4467/9 4463/5
f 4415/235 4320/227 4414/219
f 4408/3909 4409/3906 4406/3912
f 4409/3906 148/3911 4406/3912
f 4486/4 4301/7 4295/8
f 4486/4 4398/1 4399/3
f 4400/4706 4465/4700 4521/4705
f 4439/69 4438/76 4452/59
f 4408/3909 4499/3910 4506/3902
f 4491/4702 4492/4692 4500/4698
f 4459/14 4456/19 4463/5
f 4295/8 4460/10 4398/1
f 4462/36 4458/26 4293/18
f 4357/3898 636/3901 319/3905
f 4480/3903 4412/3895 4323/3899
f 4168/6310 4410/6314 4394/6307
f 4323/3899 4506/3902 4505/3907
f 4446/5361 4481/5362 4475/5354
f 4281/6313 4165/6318 4168/6310
f 4093/4190 4144/4204 4121/4205
f 4408/3909 4406/3912 240/3913
f 4513/6487 4272/6491 4273/6495
f 4407/6585 4275/6590 5042/6592
f 4520/4704 4521/4705 4514/4694
f 4520/22 4522/29 4507/15
f 4400/2 4398/1 4463/5
f 4515/4695 4468/4682 4496/4690
f 4515/4695 4309/4701 4522/4708
f 4285/4665 4322/4664 4284/4669
f 4321/4662 4285/4665 4473/4668
f 5033/6489 4434/6480 5041/6484
f 4434/6480 4435/6485 4402/6474
f 4445/89 4440/110 4288/88
f 4307/52 4484/43 4462/36
f 4441/77 4442/61 4667/79
f 4446/5361 4324/5356 4141/5365
f 4692/167 4405/149 4695/157
f 4145/1046 4417/1086 4680/1076
f 4142/5367 4451/5368 4446/5361
f 4475/5354 4476/5349 4324/5356
f 5038/51 4436/33 5040/57
f 4671/1054 4145/1046 4696/1065
f 4405/4744 4289/4733 4304/4748
f 4405/149 4304/130 4685/142
f 4360/3893 4412/3895 4163/3900
f 951/2115 1032/2116 932/2117
f 1472/308 1279/298 1321/277
f 862/819 945/868 949/846
f 2792/5908 2713/5909 2803/5910
f 1465/4418 1483/4419 1412/4420
f 2416/2548 2090/2549 2295/2550
f 1661/866 1745/815 1662/839
f 3195/5811 3188/5812 3194/5813
f 1208/2023 1211/2017 669/2026
f 2628/2410 2626/2411 3220/2412
f 1199/4359 1909/4360 379/4361
f 1164/2885 1469/2886 1407/2887
f 1348/6651 1110/6652 1242/6653
f 2438/3014 2404/3015 4603/3016
f 2794/6019 2724/6020 2681/6021
f 1567/1898 1579/1906 1565/1901
f 1042/518 1083/535 1145/501
f 1591/2238 2627/2233 2054/2215
f 2490/2242 2503/2249 1591/2238
f 203/3915 168/3916 173/3917
f 1333/2435 2624/2442 3189/2430
f 1128/3290 1126/3291 1111/3292
f 2534/2429 1701/2440 2597/2441
f 1103/623 1210/536 1082/590
f 1075/4512 1527/4513 1502/4514
f 2621/2502 2735/2508 2802/2499
f 2621/2502 2802/2499 2630/2490
f 3989/1370 704/1388 667/1369
f 1171/3306 1864/3319 1566/3320
f 3252/5837 3237/5835 2810/5839
f 3163/2260 3167/2261 3091/2262
f 1112/3300 2005/3325 1902/3317
f 1941/2990 1828/2996 1310/2976
f 1311/2959 1253/2958 1262/2936
f 3032/3498 3119/3499 2670/3500
f 1648/2611 1773/2612 1651/2613
f 2531/2423 3217/2419 2626/2411
f 3037/3501 3135/3504 3134/3511
f 4574/3089 2470/3090 2469/3091
f 4613/2299 4596/2304 4588/2309
f 2731/6039 2706/6036 2726/6029
f 3734/4883 2699/4884 2636/4885
f 2804/6287 2800/6288 2798/6289
f 2894/4836 3040/4837 4566/4838
f 4606/5756 3169/5757 3141/5758
f 3181/4276 1782/4277 3088/4278
f 2863/1411 3079/1412 2944/1413
f 3142/5759 3150/5767 3172/5763
f 3167/2261 3161/2264 3169/2268
f 2781/3549 2966/3560 2925/3536
f 2845/5092 2754/5093 2967/5094
f 2111/3984 2115/3976 131/3969
f 3183/4313 3147/4308 4612/4302
f 3176/4307 3183/4313 4612/4302
f 3164/5786 3160/5784 3153/5779
f 1452/6658 1453/6659 1337/6660
f 3227/2371 3210/2370 3226/2358
f 3099/4306 3103/4296 4608/4301
f 2591/2467 2480/2462 2573/2472
f 1021/1542 4536/1528 4571/1537
f 2938/4839 4567/4842 3073/4846
f 522/611 536/550 639/574
f 534/497 545/481 642/496
f 4596/2304 4613/2299 4593/2292
f 4593/2292 3151/2303 4596/2304
f 1741/4412 2458/4413 2449/4416
f 1741/4412 2457/4409 2458/4413
f 2929/4078 2986/4079 3017/4080
f 1340/6462 1288/6463 1472/6464
f 4573/6558 2359/6559 4589/6560
f 1707/2313 4587/2295 1710/2312
f 2354/3589 2392/3590 2356/3591
f 2891/5389 3082/5390 2878/5391
f 3082/5390 3077/5398 4560/5394
f 4595/2290 1331/2281 4594/2289
f 2492/2350 4597/2344 2377/2343
f 3065/5463 3061/5464 3177/5465
f 2979/1448 4611/1447 3049/1442
f 2580/2250 1592/2244 4578/2256
f 3127/3574 3126/3582 3240/3577
f 4613/2299 4591/2301 3162/2286
f 3183/4313 3176/4307 3175/4318
f 2614/2483 2801/2482 2615/2474
f 2622/2488 2551/2491 2602/2497
f 3158/2300 4602/2296 984/2308
f 3204/2340 1699/2359 3246/2357
f 1576/6511 3178/6512 3171/6513
f 3109/4092 3019/4090 3159/4094
f 3247/2325 3185/2326 3157/2305
f 3103/4296 4612/4302 3102/4293
f 2768/5410 2893/5396 2903/5402
f 3181/4276 3112/4281 3108/4282
f 3236/2266 3106/2271 3161/2264
f 3045/1431 4611/1447 2979/1448
f 3236/2266 3105/2263 3106/2271
f 3085/2283 3096/2272 3087/2282
f 4572/1468 3069/1463 4562/1462
f 635/6278 1718/6279 4614/6280
f 1978/6281 635/6278 4614/6280
f 1978/3620 4614/3633 1718/3630
f 2982/5487 2981/5476 2983/5484
f 4594/2289 4587/2295 4585/2302
f 3111/4279 3112/4281 3181/4276
f 3146/5768 3170/5760 1783/5764
f 4606/5756 1783/5764 3170/5760
f 985/2314 2381/2338 3233/2331
f 3018/5771 3172/5763 3150/5767
f 3034/4127 3114/4131 3113/4123
f 3113/4123 3116/4116 3034/4127
f 4595/2290 4585/2302 4602/2296
f 3144/5765 3154/5774 3152/5770
f 3144/5765 4599/5769 3154/5774
f 3073/4846 3028/4865 2987/4857
f 3000/4616 2998/4617 3028/4618
f 3146/2275 3168/2269 3170/2279
f 3120/4119 3117/4110 3128/4113
f 3117/4110 3127/4100 3128/4113
f 2927/4091 2988/4084 3031/4087
f 2946/1420 2953/1427 2945/1424
f 2888/1440 3003/1433 3081/1435
f 3043/6207 2882/6208 2877/6209
f 2862/1414 2898/1416 3079/1412
f 2888/1440 3081/1435 2991/1429
f 2924/5962 2947/5963 2954/5964
f 3082/5390 3056/5397 2883/5405
f 2964/5098 2854/5095 2967/5094
f 3134/3511 2741/3520 3038/3505
f 3037/3501 3134/3511 3038/3505
f 2973/4995 2823/4996 2822/4997
f 2823/4996 2857/5000 2822/4997
f 2883/5405 3055/5413 2885/5420
f 3042/5008 2861/5005 2827/5013
f 2835/5012 3074/5007 2853/5019
f 3043/5400 4610/5407 2890/5392
f 2903/5402 2890/5392 4610/5407
f 2903/5402 4610/5407 3043/5400
f 2899/1426 2898/1416 4609/1422
f 2904/1419 4609/1422 2898/1416
f 2904/4660 2899/4656 4609/4661
f 3090/4284 3108/4282 3101/4287
f 3100/4289 3110/4298 4608/4301
f 2941/4649 2778/4653 2932/4651
f 3114/4131 3058/4121 3113/4123
f 3013/5404 3080/5412 2993/5418
f 3030/4115 3058/4121 2957/4122
f 3006/4631 3004/4630 2930/4637
f 2908/5965 2917/5976 2915/5973
f 2910/5967 2954/5964 2947/5963
f 2996/4636 2959/4639 2989/4642
f 2825/5002 2858/4999 2860/5006
f 2670/3500 3135/3504 3037/3501
f 2614/2483 2613/2484 2631/2492
f 4607/6298 2804/6287 2807/6296
f 2805/2454 4607/2459 2807/2448
f 2711/5911 2713/5909 2792/5908
f 3135/3504 2670/3500 2799/3510
f 2794/5927 2687/5924 2683/5928
f 3242/6520 3229/6518 3249/6522
f 3239/3579 3242/3585 3249/3583
f 2798/6289 4604/6294 2708/6295
f 2645/6701 4605/6702 2719/6703
f 2639/6704 2645/6701 2719/6703
f 2802/2499 2734/2509 2666/2503
f 3142/5759 3172/5763 4606/5756
f 2803/6340 2713/6341 2712/6342
f 3241/3532 3132/3515 3118/3514
f 2678/2539 2664/2533 2641/2537
f 3248/6297 3191/6303 3250/6301
f 2677/3576 2761/3564 2675/3563
f 2609/2481 2610/2469 2540/2480
f 2714/2471 2610/2469 2609/2481
f 2709/5922 2791/5916 2736/5918
f 2709/5922 2710/5919 2791/5916
f 2661/2514 2660/2521 2682/2528
f 4583/2464 2714/2471 2623/2466
f 4565/2500 2553/2506 2604/2495
f 1802/2512 2553/2506 4565/2500
f 2683/3743 2721/3744 3742/3745
f 4605/6727 2647/6728 2720/6729
f 2795/3534 2704/3526 2672/3545
f 1791/6602 1259/6603 1866/6604
f 3223/6104 2566/6105 2562/6106
f 3205/3568 3187/3554 3244/3569
f 2195/2741 1853/2742 2186/2743
f 287/5590 288/5591 487/5592
f 2606/4913 2587/4921 2634/4914
f 1299/2426 2576/2427 4584/2416
f 3162/2286 4593/2292 4613/2299
f 2433/2258 4574/2255 2390/2246
f 4576/4030 4600/4031 4575/4032
f 4576/4030 4598/4034 4600/4031
f 2462/3444 1998/3445 1981/3446
f 2336/2708 1729/2714 1625/2715
f 1508/2077 1611/2081 1514/2085
f 2234/1561 2263/1562 4906/1563
f 3221/2413 1808/2421 4584/2416
f 4598/4034 4576/4030 2536/4036
f 3231/2363 3224/2356 4597/2344
f 2536/4036 4580/4039 4598/4034
f 2515/6080 2537/6081 2527/6082
f 1300/2378 1298/2379 2581/2373
f 306/4371 1199/4359 308/4376
f 2253/2697 2250/2693 2254/2702
f 1201/5509 1206/5510 1193/5511
f 1726/2773 1539/2781 2249/2767
f 1300/6092 2537/6081 2485/6089
f 1810/5208 2296/5209 2304/5210
f 876/3117 2582/3115 2431/3104
f 2219/2114 2246/2113 2174/2111
f 2326/4061 2446/4058 2445/4057
f 2402/3991 1721/3992 2450/3993
f 1444/2057 1622/2045 1528/2063
f 2166/2801 2217/2794 1538/2789
f 1449/4448 1578/4447 1396/4440
f 1405/4443 1396/4440 1578/4447
f 1140/3302 1125/3313 1117/3307
f 1381/4024 1374/4022 1383/4018
f 2016/3018 2454/3021 4603/3016
f 2442/5271 4603/5272 2454/5273
f 1947/5284 2027/5287 1994/5283
f 1450/1909 1579/1906 1463/1905
f 1332/2285 4602/2296 3158/2300
f 318/3060 1725/3056 246/3066
f 471/3067 318/3060 246/3066
f 1948/3034 1174/3040 1359/3037
f 1347/4372 1377/4382 315/4389
f 2394/3701 2389/3702 2125/3703
f 2391/3599 2124/3601 2463/3603
f 2397/3605 2391/3599 2463/3603
f 2070/2181 2430/2185 4552/2170
f 1116/437 1222/468 1226/435
f 3213/2346 3226/2358 3203/2352
f 527/450 519/483 442/498
f 1998/4402 2043/4398 1973/4394
f 893/1688 1023/1709 1008/1719
f 1027/3176 856/3171 1002/3169
f 4604/6675 2796/6676 2704/6677
f 2268/6361 2280/6362 2305/6363
f 2383/5721 2573/5722 2468/5723
f 1774/2565 2269/2569 2294/2575
f 2091/2553 1775/2559 2304/2555
f 2609/2481 2622/2488 2630/2490
f 3232/5235 1803/5231 4565/5240
f 2610/2469 2714/2471 4583/2464
f 2604/2495 2553/2506 2603/2505
f 2296/5209 2425/5212 2583/5215
f 2289/1583 3530/1590 2240/1587
f 2006/2941 2007/2955 2407/2964
f 2005/3325 1906/3332 2505/3336
f 1906/3332 2409/3340 2505/3336
f 2245/2805 2411/2811 2204/2815
f 1514/2085 1817/2090 1508/2077
f 2292/1577 2266/1579 2244/1573
f 1800/2562 2304/2555 1775/2559
f 2249/2767 2183/2756 2248/2760
f 1764/3816 915/3817 903/3818
f 2351/3705 2396/3710 1988/3709
f 2208/2795 2411/2811 2245/2805
f 1538/4558 2197/4559 2166/4560
f 2218/2785 2585/2790 2216/2796
f 1744/6120 1660/6121 1686/6122
f 1606/4583 1605/4593 1526/4594
f 1691/2620 1094/2616 1773/2612
f 1639/6138 1688/6126 1684/6136
f 2230/1580 2243/1578 2143/1584
f 2074/2161 2058/2171 2084/2152
f 2189/2661 2255/2682 921/2675
f 2086/3100 1685/3109 2431/3104
f 1744/6120 1661/6124 1660/6121
f 1508/2077 1817/2090 1886/2087
f 1581/2044 1620/2060 1617/2055
f 1504/2062 1769/2056 1517/2051
f 1517/2051 1769/2056 1622/2045
f 1816/2086 1505/2073 1510/2082
f 1507/2098 1809/2096 1596/2104
f 1506/2089 1585/2088 1809/2096
f 2556/2217 2138/2225 2627/2233
f 2510/3339 2505/3336 2507/3342
f 2089/1581 2243/1578 2244/1573
f 1007/1698 952/1697 895/1679
f 893/1688 1007/1698 895/1679
f 1766/1503 2157/1510 2159/1516
f 2157/2196 1767/2172 2159/2183
f 891/3156 1005/3162 975/3167
f 891/3156 975/3167 884/3168
f 2106/2834 2112/2835 350/2836
f 1241/5282 2460/5280 1968/5279
f 193/5524 275/5531 296/5522
f 2179/2782 2218/2785 2254/2791
f 821/1520 2321/1519 2158/1515
f 2426/5218 2432/5223 2583/5215
f 2427/5747 2432/5755 2426/5751
f 1751/3824 915/3817 770/3820
f 2349/5789 2352/5790 2151/5791
f 2316/5734 2467/5725 2373/5730
f 2368/4049 2445/4057 1301/4050
f 2149/3107 2153/3114 2086/3100
f 2321/1519 821/1520 1018/1527
f 2320/2184 995/2155 1767/2172
f 2107/5804 2126/5796 2110/5799
f 2469/6102 2495/6100 2514/6094
f 2068/5740 2319/5735 2067/5745
f 1003/3155 4568/3165 1005/3162
f 2518/2227 2429/2206 2517/2226
f 1989/3608 2397/3605 1979/3610
f 1238/3728 314/3732 280/3736
f 2037/3615 2047/3611 1997/3609
f 344/3643 295/3640 210/3642
f 615/54 627/50 638/39
f 635/6278 337/6282 1718/6279
f 350/2836 343/2844 254/2846
f 1835/3036 1935/3039 1948/3034
f 364/3468 380/3466 1972/3463
f 1193/5511 1206/5510 1346/5514
f 1978/3620 333/3623 1980/3614
f 364/4383 1972/4390 1970/4377
f 313/3729 2039/3727 2044/3731
f 3222/3349 1926/3350 1119/3351
f 1969/3027 1912/3030 1947/3033
f 2023/3447 2435/3453 2436/3449
f 1856/2108 1827/2100 2009/2105
f 2457/4409 1741/4412 1240/4406
f 1305/4013 1846/4007 1296/4010
f 1835/3036 1948/3034 282/3031
f 1874/3370 1790/3383 1849/3375
f 1874/3370 1841/3374 1790/3383
f 1297/6534 1293/6535 1304/6536
f 1940/6537 1297/6534 1304/6536
f 1875/2926 1824/2917 1860/2910
f 1959/3662 1962/3658 1939/3661
f 1789/3381 1786/3367 1897/3371
f 1924/4548 1923/4543 1884/4553
f 1905/2103 1461/2099 1857/2095
f 1858/2706 1919/2711 1889/2716
f 2186/2743 1898/2750 2199/2751
f 1792/2763 2196/2764 1898/2750
f 1848/2977 1258/2991 2011/2997
f 1817/2090 1514/2085 1823/2092
f 1809/5071 1593/5072 1596/5073
f 1347/4372 364/4383 1970/4377
f 2246/2772 2198/2765 2252/2759
f 1752/4433 1450/4436 1746/4441
f 1455/1234 1746/1243 1450/1241
f 1398/4432 1747/4435 1754/4439
f 1286/213 1375/230 154/221
f 1376/3680 489/3684 338/3676
f 1968/5279 1994/5283 1995/5285
f 1349/3072 1355/3078 1183/3064
f 1183/3064 1355/3078 1181/3065
f 2028/3042 1880/3046 2027/3038
f 1357/5520 1245/5525 1205/5513
f 2173/2771 2181/2779 2252/2759
f 1532/2700 4564/2710 2336/2708
f 1532/2700 2336/2708 1859/2705
f 1548/2640 1553/2626 1537/2632
f 1691/2620 1537/2632 1553/2626
f 1095/6498 1096/6499 1036/6500
f 1516/2040 1518/2035 1645/2039
f 1367/4026 1294/4023 1477/4019
f 1434/1996 1429/2009 1432/2016
f 1429/2009 1431/2022 1432/2016
f 4601/1900 1575/1904 1462/1896
f 4601/1214 1799/1193 1575/1207
f 4601/1900 1462/1896 1799/1893
f 457/648 396/680 389/713
f 3160/6519 3164/6516 3178/6512
f 4575/4032 4600/4031 4581/4035
f 4581/4035 4600/4031 1806/4037
f 3071/4650 2943/4641 2931/4647
f 2782/4300 2759/4299 2760/4311
f 2943/4641 2772/4645 2931/4647
f 2811/6293 3248/6297 3250/6301
f 3216/2415 4579/2420 3221/2413
f 1808/2421 1299/2426 4584/2416
f 4584/2416 2574/2422 2628/2410
f 4584/2416 2628/2410 3221/2413
f 3227/2371 4556/2374 1703/2377
f 3241/3532 3122/3533 3187/3554
f 1709/2335 2340/2334 2523/2348
f 3230/2368 3235/2367 2571/2372
f 1334/2452 2538/2463 4583/2464
f 2618/2458 1334/2452 4583/2464
f 3104/2276 3162/2286 4582/2287
f 3179/5474 3183/5469 3177/5465
f 4579/5830 3219/5825 3208/5817
f 2677/2517 2673/2510 2662/2504
f 1807/6257 4577/6258 4581/6259
f 2524/3119 2413/3125 4559/3129
f 2516/4040 4580/4039 2522/4042
f 4558/2218 2522/2228 2520/2186
f 1298/2379 1703/2377 4556/2374
f 2133/2577 2130/2590 4547/2585
f 2578/6261 2569/6262 2568/6266
f 1808/2421 3221/2413 3218/2425
f 3221/2413 4579/2420 3218/2425
f 1703/2431 1808/2421 3218/2425
f 3209/2364 3226/2358 3210/2370
f 4570/5731 2467/5725 2316/5734
f 1298/2379 4556/2374 2581/2373
f 2569/6262 2578/6261 4577/6258
f 2326/4061 2358/4062 2094/4065
f 1807/6257 4578/6260 4577/6258
f 3234/4033 4576/4030 4575/4032
f 4575/6263 2579/6265 3234/6268
f 2423/6097 4574/6099 2514/6094
f 2537/6081 2572/6085 2527/6082
f 2574/2422 2576/2427 2484/2433
f 2591/5245 2383/5243 2387/5244
f 2578/6261 4575/6263 4581/6259
f 4578/6260 2569/6262 4577/6258
f 2449/4416 2458/4413 2448/4415
f 4581/6259 4577/6258 2578/6261
f 3203/2352 3226/2358 3209/2364
f 3174/6326 3097/6327 3068/6328
f 4599/2284 3145/2274 3149/2280
f 4599/5769 3156/5778 3154/5774
f 4595/2290 4594/2289 4585/2302
f 4591/2301 4590/2294 3162/2286
f 2536/4036 2565/4038 2497/4041
f 1806/4037 4598/4034 2516/4040
f 4578/6260 2584/6264 2569/6262
f 3156/2288 3149/2280 1332/2285
f 3171/6513 3182/6514 1576/6511
f 2381/2338 2377/2343 4597/2344
f 4590/2294 4591/2301 4586/2306
f 2462/3444 2023/3447 2436/3449
f 3165/6515 3178/6512 1576/6511
f 4599/5769 3144/5765 3145/5761
f 3215/2332 3204/2340 3212/2345
f 4593/2292 4592/2298 3151/2303
f 3124/3544 3125/3556 3122/3533
f 3213/2346 3233/2331 4597/2344
f 3162/2286 4590/2294 4582/2287
f 2565/4038 2536/4036 3234/4033
f 4557/2324 985/2314 3233/2331
f 4596/2304 4589/2317 4588/2309
f 3064/2316 4589/2317 4596/2304
f 1332/2285 4595/2290 4602/2296
f 3169/2268 3161/2264 3145/2274
f 3104/2276 4582/2287 1331/2281
f 4594/2289 1331/2281 4582/2287
f 3151/2303 3064/2316 4596/2304
f 3152/4108 3166/4099 3148/4103
f 3148/5766 3143/5762 3152/5770
f 3181/4276 3088/4278 3111/4279
f 4592/2298 4593/2292 3085/2283
f 4593/2292 3162/2286 3085/2283
f 3014/5781 3018/5771 3021/5780
f 1708/2307 4585/2302 4587/2295
f 3151/2303 4592/2298 3180/2297
f 3180/2297 4592/2298 3085/2283
f 3147/5477 3179/5474 3087/5482
f 4591/2301 4613/2299 4588/2309
f 4594/2289 4582/2287 4587/2295
f 4586/2306 4591/2301 4588/2309
f 4587/2295 4582/2287 4590/2294
f 4589/2317 4554/2320 4588/2309
f 3235/6114 2496/6110 2562/6106
f 2570/6116 3235/6114 2562/6106
f 4587/2295 4590/2294 4586/2306
f 4586/2306 1710/2312 4587/2295
f 4554/2320 1710/2312 4586/2306
f 1708/2307 984/2308 4585/2302
f 4602/2296 4585/2302 984/2308
f 580/284 506/305 577/293
f 580/284 577/293 588/264
f 2320/1526 2321/1519 997/1532
f 2102/1504 820/1508 818/1500
f 511/3922 512/3927 341/3918
f 455/466 529/451 527/450
f 3235/2367 3231/2363 2492/2350
f 3225/2369 3230/2368 2581/2373
f 3223/6104 2565/6115 3234/6112
f 4576/4030 3234/4033 2536/4036
f 2579/6108 3223/6104 3234/6112
f 3214/2318 3233/2331 3204/2340
f 3233/2331 2381/2338 4597/2344
f 3232/5235 2379/5234 2273/5227
f 1702/2375 3210/2370 3227/2371
f 1702/5836 3218/5834 3210/5829
f 3224/2356 3231/2363 3230/2368
f 3229/6518 3186/6521 3211/6523
f 3228/6524 3229/6518 3211/6523
f 3225/2369 3227/2371 3226/2358
f 2574/2422 2629/2417 2628/2410
f 3224/2356 3230/2368 3225/2369
f 2561/6111 3223/6104 2563/6107
f 3222/3349 1373/3357 1788/3353
f 2056/2216 2138/2225 2556/2217
f 3221/2413 3220/2412 3216/2415
f 3196/5820 3219/5825 3216/5831
f 3189/2430 3197/2424 3217/2419
f 2535/2418 2629/2417 2533/2428
f 3218/5834 4579/5830 3208/5817
f 3220/2412 2626/2411 3216/2415
f 2626/2411 3217/2419 3216/2415
f 2539/2455 2617/2450 2481/2445
f 3216/5831 3197/5822 3196/5820
f 3204/2340 3215/2332 3214/2318
f 3233/2331 3213/2346 3204/2340
f 3211/2351 3186/2341 3212/2345
f 3189/2430 3217/2419 2531/2423
f 3208/5817 3210/5829 3218/5834
f 3209/5824 3210/5829 3208/5817
f 3197/2424 3216/2415 3217/2419
f 4579/5830 3216/5831 3219/5825
f 3208/5817 3219/5825 3196/5820
f 2812/2443 2624/2442 2619/2453
f 3197/5822 3207/5827 3206/5818
f 3188/5812 3205/5816 3194/5813
f 3059/5472 3063/5473 3062/5468
f 3203/2352 1699/2359 3204/2340
f 3202/3580 1697/3578 3200/3570
f 3200/3570 3123/3562 3201/3575
f 3195/6638 3199/6639 3198/6640
f 3197/5822 3193/5814 3196/5820
f 3193/5814 3195/5811 3194/5813
f 3190/6642 3192/6644 3191/6645
f 3189/2430 2624/2442 2812/2443
f 3188/3555 3187/3554 3205/3568
f 1577/2333 3185/2326 3186/2341
f 3182/2319 3185/2326 1577/2333
f 3119/3499 3132/3515 3129/3508
f 3119/3499 3129/3508 2669/3503
f 3070/3512 3036/3506 3032/3498
f 2933/4107 2934/4102 2813/4098
f 2798/6289 2668/6290 2804/6287
f 3126/3582 3165/3587 3239/3579
f 2997/4635 3004/4630 3001/4622
f 3229/6518 1577/6517 3186/6521
f 3252/6304 3250/6301 3192/6306
f 3212/2345 3185/2326 3215/2332
f 3238/3567 3201/3575 3123/3562
f 3228/6841 3211/6842 3249/6843
f 3165/6515 1576/6511 3229/6518
f 3202/3580 3249/3583 3211/3586
f 3197/5822 3206/5818 3193/5814
f 3239/3579 3240/3577 3126/3582
f 3244/3569 1697/3578 3205/3568
f 3244/3569 3200/3570 1697/3578
f 3243/6300 3130/6302 3248/6297
f 3197/5822 2809/5833 3207/5827
f 3251/6648 3191/6645 3192/6644
f 3250/6301 3251/6305 3192/6306
f 3250/6301 3191/6303 3251/6305
f 3206/5818 3199/5821 3195/5811
f 3250/6301 2810/6299 2811/6293
f 3250/6301 3252/6304 2810/6299
f 3204/2340 3211/2351 3212/2345
f 3202/3580 3201/3575 3249/3583
f 3204/2340 3246/2357 3211/2351
f 3248/6297 2811/6293 2668/6290
f 3197/2424 3189/2430 2809/2436
f 2812/2443 2809/2436 3189/2430
f 3198/6640 3190/6642 3191/6645
f 3131/6647 3198/6640 3191/6645
f 3131/6647 3191/6645 3130/6649
f 3237/5835 3245/5826 2809/5833
f 3196/5820 3193/5814 3208/5817
f 3208/5817 3193/5814 3194/5813
f 3245/5826 3237/5835 3192/5832
f 3194/5813 3205/5816 1698/5819
f 2809/5833 3245/5826 3207/5827
f 3245/5826 3206/5818 3207/5827
f 3247/2325 3215/2332 3185/2326
f 3131/6647 3133/6643 3198/6640
f 1697/3578 3202/3580 1699/3584
f 3202/3580 3246/3588 1699/3584
f 3212/2345 3186/2341 3185/2326
f 3249/3583 3201/3575 3239/3579
f 3199/5821 3206/5818 3245/5826
f 3139/5815 3188/5812 3195/5811
f 3139/6641 3198/6640 3133/6643
f 3202/3580 3200/3570 3201/3575
f 3125/3556 3244/3569 3187/3554
f 3200/3570 3244/3569 3125/3556
f 3243/3525 2669/3503 3130/3516
f 2668/6290 3243/6300 3248/6297
f 3118/3514 3122/3533 3241/3532
f 3190/6642 3198/6640 3199/6639
f 3165/3587 3242/3585 3239/3579
f 3188/3555 3139/3543 3241/3532
f 3199/5821 3245/5826 3192/5832
f 3199/6639 3192/6644 3190/6642
f 3124/3544 3121/3524 3138/3542
f 3137/3523 3138/3542 3121/3524
f 3240/3577 3238/3567 3127/3574
f 3239/3579 3201/3575 3238/3567
f 3238/3567 3240/3577 3239/3579
f 3184/6330 3068/6328 3097/6327
f 3238/3567 3124/3544 3128/3553
f 3130/6302 3191/6303 3248/6297
f 3237/5835 3252/5837 3192/5832
f 3110/4298 2788/4292 2784/4295
f 3237/5835 2808/5838 2810/5839
f 3237/5835 2809/5833 2808/5838
f 2840/5099 2845/5092 2854/5095
f 3163/2260 3091/2262 3105/2263
f 3236/2266 3163/2260 3105/2263
f 3094/4303 3092/4309 3089/4297
f 2595/2507 2649/2513 2621/2502
f 2649/2513 2648/2515 2621/2502
f 2655/6345 2659/6344 2713/6341
f 2737/3770 2724/3754 2722/3764
f 2762/3522 3036/3506 2766/3521
f 2718/3535 2705/3548 2729/3558
f 3241/3532 3139/3543 3132/3515
f 3118/3514 3136/3507 3121/3524
f 3013/5404 3056/5397 2897/5393
f 3124/3544 3138/3542 3128/3553
f 3035/3513 3137/3523 3136/3507
f 2960/5403 2893/5396 2768/5410
f 3135/3504 2739/3518 3134/3511
f 3139/6641 3133/6643 3132/6646
f 3131/6647 3129/6650 3132/6646
f 3131/6647 3130/6649 3129/6650
f 3132/6646 3133/6643 3131/6647
f 2715/2470 2623/2466 2615/2474
f 3116/4116 3128/4113 3034/4127
f 3127/4100 3117/4110 3115/4105
f 3129/3508 3130/3516 2669/3503
f 2669/3503 3243/3525 2668/3517
f 3126/4096 3127/4100 3109/4092
f 3123/3562 3125/3556 3124/3544
f 3109/4092 3127/4100 3115/4105
f 3124/3544 3238/3567 3123/3562
f 3122/3533 3121/3524 3124/3544
f 3122/3533 3118/3514 3121/3524
f 3117/4110 3120/4119 3116/4116
f 3125/3556 3123/3562 3200/3570
f 3118/3514 3132/3515 3119/3499
f 3029/4101 3117/4110 3116/4116
f 3117/4110 3029/4101 3115/4105
f 3128/3553 3127/3574 3238/3567
f 3128/4113 3116/4116 3120/4119
f 3035/3513 3036/3506 2762/3522
f 2857/5000 3074/5007 2836/5004
f 2815/4097 3109/4092 3029/4101
f 3057/4135 3114/4131 2763/4136
f 3057/4135 2763/4136 2789/4138
f 3116/4116 3113/4123 3029/4101
f 2961/4283 3112/4281 3111/4279
f 3110/4298 3098/4316 3099/4306
f 3110/4298 3100/4289 2788/4292
f 3031/4087 3109/4092 3072/4093
f 3072/4093 2927/4091 3031/4087
f 3107/4280 3108/4282 3090/4284
f 3104/2276 3106/2271 3105/2263
f 3031/4087 2988/4084 3016/4082
f 3100/4289 3103/4296 3102/4293
f 3090/4284 3101/4287 3100/4289
f 3084/6332 2913/6335 2911/6333
f 3097/4319 3099/4306 3098/4316
f 2959/4639 2996/4636 2993/4634
f 2959/5411 2993/5418 3080/5412
f 3093/2277 3096/2272 3095/2267
f 2911/5972 2913/5969 2954/5964
f 3071/4294 2931/4304 2759/4299
f 3094/4303 3093/4314 3092/4309
f 3089/2270 3091/2262 3090/2265
f 3007/4620 3008/4623 3088/4627
f 3085/2283 3087/2282 3086/2291
f 2912/6337 3084/6332 2905/6336
f 2922/5483 2985/5475 2911/5478
f 2769/1423 2770/1430 2990/1425
f 2908/5965 2914/5968 2924/5962
f 2944/5970 2924/5962 2914/5968
f 2986/4079 2999/4086 3014/4088
f 3028/4865 2998/4873 2987/4857
f 2977/5470 2911/5478 2985/5475
f 3180/5481 3086/5486 3179/5474
f 2930/4637 2785/4640 3006/4631
f 3111/4632 3008/4623 3006/4631
f 3088/4627 3008/4623 3111/4632
f 2911/6333 2977/6331 3184/6330
f 3184/6330 3084/6332 2911/6333
f 3174/4323 3183/4313 3175/4318
f 3174/5466 3177/5465 3183/5469
f 3108/4282 3112/4281 2786/4285
f 3006/4631 2961/4638 3111/4632
f 3100/4289 3101/4287 2788/4292
f 2961/4638 3006/4631 2943/4641
f 3087/2282 3096/2272 3093/2277
f 3159/4094 3148/4103 3166/4099
f 3157/2305 3182/2319 3164/2311
f 2784/4295 2905/4305 3110/4298
f 2826/5011 2861/5005 2836/5004
f 2915/5973 2756/5982 2862/5983
f 3181/4276 3108/4282 3107/4280
f 3181/4276 3107/4280 1782/4277
f 3063/5473 3180/5481 3179/5474
f 3105/2263 3091/2262 3095/2267
f 3103/4296 3176/4307 4612/4302
f 3158/2300 3155/2293 1332/2285
f 3178/4109 3166/4099 3152/4108
f 3107/5773 3146/5768 1783/5764
f 3177/5465 3062/5468 3063/5473
f 3176/4307 3103/4296 3099/4306
f 3166/4099 3126/4096 3159/4094
f 3175/4318 3176/4307 3099/4306
f 3097/4319 3175/4318 3099/4306
f 2905/6336 3084/6332 3098/6334
f 3097/6327 3098/6334 3084/6332
f 3184/6330 3097/6327 3084/6332
f 3065/6329 3174/6326 3068/6328
f 3177/5465 3174/5466 3065/5463
f 3174/4323 3175/4318 3097/4319
f 3158/2300 985/2314 3173/2310
f 3126/4096 3109/4092 3159/4094
f 3102/4293 4612/4302 3147/4308
f 3172/5763 3022/5772 1783/5764
f 3171/6513 3178/6512 3164/6516
f 3182/6514 3171/6513 3164/6516
f 3170/5760 3169/5757 4606/5756
f 3170/2279 3168/2269 3169/2268
f 3167/2261 3169/2268 3168/2269
f 3167/2261 3168/2269 3090/2265
f 3095/2267 3096/2272 3105/2263
f 3165/4104 3126/4096 3166/4099
f 3157/2305 3164/2311 3155/2293
f 3164/5786 3153/5779 3155/5783
f 3179/5474 3177/5465 3063/5473
f 3180/2297 3085/2283 3086/2291
f 3163/2260 3236/2266 3161/2264
f 3167/2261 3163/2260 3161/2264
f 3162/2286 3104/2276 3140/2278
f 3161/2264 3149/2280 3145/2274
f 3166/4099 3178/4109 3165/4104
f 3149/2280 3156/2288 4599/2284
f 3182/2319 3157/2305 3185/2326
f 3160/4118 3178/4109 3152/4108
f 3019/5776 3150/5767 3159/5775
f 3157/2305 3155/2293 3158/2300
f 1332/2285 3155/2293 3156/2288
f 3154/5774 3155/5783 3153/5779
f 3156/5778 3155/5783 3154/5774
f 3154/5774 3153/5779 3152/5770
f 3180/2297 3063/2315 3151/2303
f 3148/5766 3159/5775 3150/5767
f 3106/2271 3149/2280 3161/2264
f 1332/2285 3149/2280 3106/2271
f 3142/5759 3148/5766 3150/5767
f 3152/5770 3143/5762 3144/5765
f 3162/2286 3140/2278 3085/2283
f 3140/2278 3096/2272 3085/2283
f 3087/5482 3179/5474 3086/5486
f 3147/4308 3094/4303 3102/4293
f 3089/4297 3102/4293 3094/4303
f 3146/4286 3107/4280 3090/4284
f 3090/2265 3168/2269 3146/2275
f 3102/4293 3090/4284 3100/4289
f 3172/5763 3018/5771 3022/5772
f 3141/5758 3145/5761 3144/5765
f 3160/5784 3152/5770 3153/5779
f 3141/5758 3143/5762 3142/5759
f 3141/5758 3144/5765 3143/5762
f 3105/2263 3096/2272 3140/2278
f 3102/4293 3089/4297 3090/4284
f 2824/5003 2851/5010 3074/5007
f 3143/5762 3148/5766 3142/5759
f 3141/5758 3142/5759 4606/5756
f 3034/3531 3138/3542 3137/3523
f 3092/2273 3091/2262 3089/2270
f 3091/2262 3092/2273 3095/2267
f 3093/2277 3095/2267 3092/2273
f 3083/4070 2155/4073 2322/4066
f 2037/3615 2050/3618 2047/3611
f 3049/1442 4611/1447 3045/1431
f 3076/1437 3049/1442 3045/1431
f 2946/1420 2975/1434 3076/1437
f 3067/1457 3069/1463 2979/1448
f 1706/2321 2364/2336 2365/2322
f 2981/5476 2978/5467 2985/5475
f 3045/1431 3047/1438 2953/1427
f 2945/1424 2952/1432 2984/1439
f 3060/5471 2981/5476 2979/5480
f 2978/5467 2981/5476 3060/5471
f 2977/6331 3065/6329 3068/6328
f 3050/1452 3067/1457 3049/1442
f 3067/1457 2979/1448 3049/1442
f 2740/3538 2962/3530 2741/3520
f 2992/4621 3020/4625 3002/4619
f 3013/5404 3010/5426 3066/5419
f 2978/5467 3061/5464 3065/5463
f 2942/4659 2776/4658 2904/4660
f 3122/3533 3125/3556 3187/3554
f 3063/2315 3059/2329 3064/2316
f 3062/5468 3061/5464 3059/5472
f 3061/5464 3060/5471 3059/5472
f 2342/2354 2360/2347 2323/2361
f 2342/2354 2324/2366 2341/2355
f 2745/3794 2742/3789 2746/3784
f 2790/4132 3058/4121 3057/4135
f 3055/5413 3056/5397 3013/5404
f 2888/1440 3054/1454 16/1450
f 3052/1461 3050/1452 3053/1456
f 3048/1446 3012/1445 3051/1449
f 3009/5427 3055/5413 3066/5419
f 2944/1413 3079/1412 2948/1415
f 2891/5389 2897/5393 3082/5390
f 2747/6048 2733/6038 2831/6050
f 2949/1421 2991/1429 3081/1435
f 3013/5404 2897/5393 3080/5412
f 3079/1412 2950/1418 2948/1415
f 3078/5431 3024/5436 3066/5419
f 3010/5426 3027/5435 3078/5431
f 3077/5398 3082/5390 2883/5405
f 3012/1445 3048/1446 3076/1437
f 14/1458 3053/1456 3048/1446
f 2930/4637 3004/4630 2997/4635
f 2870/6150 3075/6151 2867/6152
f 2974/5132 2790/5139 2936/5129
f 2765/5134 2936/5129 2790/5139
f 2738/3559 2729/3558 2970/3572
f 2962/3530 2740/3538 2968/3552
f 3074/5007 2851/5010 2864/5017
f 2937/4850 3073/4846 2987/4857
f 2838/5111 2833/5100 2840/5099
f 2849/4862 2873/4844 2856/4859
f 2752/5114 2839/5110 2830/5104
f 2956/4130 2958/4134 2973/4129
f 2845/5092 2840/5099 2833/5100
f 2973/4129 2820/4126 2955/4120
f 2841/5101 2907/5112 2921/5106
f 3113/4123 3058/4121 3029/4101
f 2974/5132 2957/5137 2790/5139
f 2935/5116 2971/5122 2958/5127
f 2932/4317 2757/4321 2758/4310
f 2757/4321 2916/4320 2758/4310
f 3019/4090 3016/4082 3021/4089
f 2814/4106 2775/4114 2933/4107
f 3109/4092 3115/4105 3029/4101
f 3058/4121 3030/4115 3029/4101
f 2957/4122 3058/4121 2790/4132
f 2745/6047 2733/6038 2742/6041
f 2745/6047 2831/6050 2733/6038
f 3001/4622 3002/4619 3020/4625
f 3072/4093 2813/4098 2939/4095
f 3109/4092 2815/4097 3072/4093
f 2774/4125 2775/4114 2820/4126
f 2820/4126 2818/4124 2774/4125
f 2943/4290 3071/4294 2783/4288
f 2767/3540 2766/3521 2972/3529
f 3057/4135 3058/4121 3114/4131
f 2738/3559 2970/3572 2918/3566
f 2968/3552 2738/3559 2918/3566
f 2968/3552 2969/3551 2962/3530
f 2779/3537 2969/3551 2781/3549
f 3070/3512 3038/3505 2780/3519
f 2974/5132 2958/5127 2957/5137
f 2956/4130 2957/4122 2958/4134
f 3036/3506 3070/3512 2766/3521
f 2972/3529 2766/3521 3070/3512
f 2780/3519 2972/3529 3070/3512
f 3038/3505 3070/3512 3032/3498
f 3134/3511 2739/3518 2741/3520
f 2962/3530 3038/3505 2741/3520
f 3032/3498 3037/3501 3038/3505
f 3035/3513 3033/3502 3036/3506
f 3137/3523 3035/3513 3034/3531
f 3036/3506 3033/3502 3032/3498
f 2902/4853 2934/4870 2819/4868
f 3031/4087 3016/4082 3019/4090
f 3019/4090 3109/4092 3031/4087
f 3030/4115 2816/4111 3029/4101
f 3029/4101 2814/4106 2815/4097
f 2814/4106 3029/4101 2816/4111
f 3014/5781 2999/5782 3022/5772
f 2992/4621 3028/4618 3027/4624
f 3026/4855 3025/4863 3023/4866
f 3023/5438 3025/5439 3024/5436
f 1782/5777 3022/5772 2999/5782
f 3018/5771 3014/5781 3022/5772
f 3021/4089 3016/4082 3015/4085
f 2994/4629 3001/4622 3020/4625
f 3019/5776 3018/5771 3150/5767
f 3019/5776 3021/5780 3018/5771
f 2988/4084 3017/4080 3016/4082
f 2986/4079 3015/4085 3016/4082
f 3015/4085 3014/4088 3021/4089
f 2930/4637 2997/4635 2996/4636
f 2992/4621 3011/4628 2995/4633
f 2949/1421 3081/1435 3003/1433
f 2923/1417 2944/1413 2948/1415
f 3010/5426 3013/5404 2995/5425
f 3076/1437 2975/1434 3012/1445
f 3003/1433 3012/1445 2975/1434
f 2995/5425 3011/5434 3010/5426
f 2989/4642 2930/4637 2996/4636
f 3020/4625 2992/4621 2994/4629
f 2977/6331 3068/6328 3184/6330
f 3009/5427 2885/5420 3055/5413
f 3008/4623 3000/4616 3005/4626
f 3000/4616 3008/4623 3007/4620
f 3004/4630 3006/4631 3005/4626
f 2976/1428 2949/1421 3003/1433
f 2986/4079 3014/4088 3015/4085
f 3000/4616 3002/4619 3001/4622
f 2998/4083 2999/4086 2986/4079
f 2996/4636 2997/4635 2994/4629
f 2994/4629 2997/4635 3001/4622
f 3013/5404 2993/5418 2995/5425
f 2768/4648 2940/4646 2960/4644
f 2897/5393 2959/5411 3080/5412
f 2993/4634 2996/4636 2994/4629
f 2995/4633 2993/4634 2992/4621
f 2994/4629 2992/4621 2993/4634
f 3072/4093 2939/4095 2927/4091
f 2990/1425 2886/1436 2991/1429
f 2776/4658 2899/4656 2904/4660
f 2989/4642 2960/4644 2940/4646
f 2988/4878 2927/4869 2928/4871
f 2902/4853 2939/4860 2934/4870
f 2940/4646 2771/4643 2989/4642
f 2988/4878 2928/4871 2929/4861
f 2987/4857 2929/4861 2937/4850
f 2986/4079 2929/4078 2987/4081
f 2920/3550 2767/3540 2972/3529
f 2922/5483 2983/5484 2985/5475
f 2922/5483 2984/5488 2983/5484
f 2983/5484 2952/5489 2982/5487
f 2984/5488 2952/5489 2983/5484
f 2981/5476 2980/5485 2979/5480
f 2985/5475 2978/5467 2977/5470
f 2949/1421 2976/1428 2946/1420
f 2976/1428 2975/1434 2946/1420
f 3048/1446 3050/1452 3049/1442
f 3049/1442 3076/1437 3048/1446
f 2981/5476 2982/5487 2980/5485
f 3065/5463 2977/5470 2978/5467
f 2985/5475 2983/5484 2981/5476
f 2982/1444 3047/1438 3046/1443
f 3047/1438 2982/1444 2952/1432
f 3076/1437 3045/1431 2946/1420
f 3045/1431 2953/1427 2946/1420
f 3045/1431 2979/1448 3046/1443
f 2879/5395 3044/5409 2882/5408
f 3043/5400 2879/5395 2882/5408
f 2817/4128 2821/4133 3042/4137
f 2875/6220 2889/6222 2887/6218
f 2895/4460 3041/4461 3040/4462
f 2865/6157 3039/6159 2871/6160
f 2844/5014 2828/5009 2860/5006
f 2817/4875 2901/4852 2819/4868
f 2749/3810 2743/3799 2750/3800
f 2951/5987 2756/5982 2942/5985
f 2778/4653 2941/4649 2777/4652
f 2768/4648 2777/4652 2941/4649
f 2990/1425 2950/1418 2769/1423
f 2886/6216 2770/6215 2892/6212
f 2886/1436 2990/1425 2770/1430
f 2886/1436 2889/1441 2991/1429
f 2862/5983 2756/5982 2951/5987
f 2904/1419 2898/1416 2862/1414
f 2892/6212 2770/6215 2903/6210
f 2877/6209 2903/6210 3043/6207
f 2900/4843 2902/4853 2901/4852
f 2898/1416 2899/1426 2769/1423
f 2897/5393 2891/5389 2893/5396
f 2883/5405 3056/5397 3055/5413
f 2895/4840 2873/4844 2896/4848
f 2873/4844 2895/4840 2894/4836
f 2895/4840 3040/4837 2894/4836
f 2897/5393 3056/5397 3082/5390
f 2893/5396 2890/5392 2903/5402
f 2903/6210 2877/6209 2892/6212
f 2891/5389 2890/5392 2893/5396
f 2876/6214 2875/6220 2887/6218
f 2890/5392 2879/5395 3043/5400
f 2886/6216 2892/6212 2877/6209
f 2888/1440 2889/1441 2874/1451
f 2877/6209 2887/6218 2886/6216
f 2885/5420 2884/5414 2883/5405
f 2881/6211 2877/6209 2882/6208
f 2878/5391 2880/5401 2879/5395
f 2876/6214 2887/6218 2877/6209
f 2874/6221 2889/6222 2875/6220
f 2873/4844 2849/4862 2847/4854
f 2872/4489 2869/4482 2871/4496
f 2871/4496 2869/4482 2867/4495
f 2871/6160 2867/6152 2865/6157
f 2870/4488 2867/4495 2869/4482
f 2868/4478 2870/4488 2869/4482
f 2865/6157 2867/6152 2866/6154
f 2830/5104 2840/5099 2854/5095
f 2853/5019 3074/5007 2864/5017
f 3079/1412 2863/1411 2862/1414
f 2821/5001 2822/4997 2861/5005
f 2860/5136 2842/5128 2843/5121
f 2837/4881 2848/4872 2859/4877
f 2859/4877 2856/4859 2855/4876
f 2849/4862 2856/4859 2859/4877
f 2860/5136 2858/5133 2842/5128
f 3074/5007 2857/5000 2824/5003
f 2835/5012 2853/5019 2837/5018
f 2837/4881 2855/4876 2826/4880
f 2855/4876 2856/4859 2827/4867
f 2831/5103 2830/5104 2854/5095
f 2740/3538 2738/3559 2968/3552
f 2852/4882 2848/4872 2837/4881
f 2853/5019 2852/5025 2837/5018
f 2830/5104 2749/5119 2752/5114
f 2850/5016 2851/5010 2824/5003
f 2847/4854 2849/4862 2848/4872
f 2843/5121 2832/5105 2846/5115
f 2834/5096 2754/5093 2845/5092
f 2841/5101 2754/5093 2834/5096
f 2967/5094 2854/5095 2845/5092
f 2843/5121 2844/5131 2860/5136
f 2845/5092 2833/5100 2834/5096
f 2743/3799 2748/3804 2745/3794
f 2841/5101 2843/5121 2842/5128
f 2841/5101 2832/5105 2843/5121
f 2840/5099 2839/5110 2838/5111
f 2752/5114 2838/5111 2839/5110
f 2839/5110 2840/5099 2830/5104
f 2837/5018 2836/5004 2835/5012
f 3074/5007 2835/5012 2836/5004
f 2832/5105 2834/5096 2833/5100
f 2841/6720 2834/6721 2832/6722
f 2831/5103 2748/5113 2830/5104
f 2828/5009 2825/5002 2860/5006
f 2828/5009 2829/5015 2824/5003
f 2826/4880 2855/4876 2827/4867
f 2823/4996 2825/5002 2824/5003
f 2820/4998 2822/4997 2821/5001
f 2817/4128 2819/4117 2818/4124
f 2816/4111 2775/4114 2814/4106
f 2815/4097 2813/4098 3072/4093
f 2815/4097 2814/4106 2813/4098
f 2958/5127 2974/5132 2935/5116
f 2837/5018 2826/5011 2836/5004
f 2858/4999 2825/5002 2823/4996
f 2973/4995 2858/4999 2823/4996
f 2824/5003 2857/5000 2823/4996
f 2925/3536 2972/3529 2780/3519
f 2779/3537 2962/3530 2969/3551
f 2858/5133 2971/5122 2842/5128
f 2918/3566 2919/3573 2968/3552
f 2841/5101 2842/5128 2971/5122
f 2730/6042 2918/6051 2970/6052
f 2935/5116 2907/5112 2841/5101
f 2966/5107 2921/5106 2925/5118
f 2965/3565 2781/3549 2969/3551
f 2966/3560 2781/3549 2965/3565
f 2854/5095 2964/5098 2831/5103
f 2919/5109 2831/5103 2964/5098
f 2965/3565 2969/3551 2968/3552
f 2964/5098 2965/5108 2919/5109
f 2967/5094 2753/5097 2963/5102
f 2753/5097 2966/5107 2963/5102
f 2921/5106 2966/5107 2753/5097
f 2841/5101 2921/5106 2753/5097
f 2963/5102 2965/5108 2964/5098
f 2965/5108 2963/5102 2966/5107
f 2820/4998 2973/4995 2822/4997
f 2822/4997 2857/5000 2836/5004
f 2775/4114 2955/4120 2820/4126
f 2821/4133 2818/4124 2820/4126
f 3038/3505 2962/3530 2780/3519
f 2786/4285 3112/4281 2961/4283
f 2897/5393 2960/5403 2959/5411
f 2963/5102 2964/5098 2967/5094
f 2773/4112 2818/4124 2819/4117
f 2971/5122 2858/5133 2958/5127
f 2934/4102 2939/4095 2813/4098
f 2816/4111 3030/4115 2957/4122
f 2858/5133 2973/5138 2958/5127
f 2955/4120 2957/4122 2956/4130
f 2973/4129 2955/4120 2956/4130
f 2957/4122 2955/4120 2816/4111
f 2775/4114 2816/4111 2955/4120
f 2897/5393 2893/5396 2960/5403
f 2960/4644 2989/4642 2959/4639
f 2900/4843 2873/4844 2894/4836
f 2769/4654 2899/4656 2777/4652
f 2901/4852 2856/4859 2873/4844
f 2924/5962 2954/5964 2908/5965
f 2901/4852 2817/4875 2827/4867
f 2873/4844 2900/4843 2901/4852
f 2945/1424 2953/1427 2952/1432
f 2904/5988 2951/5987 2942/5985
f 2984/5978 2922/5975 2945/5971
f 2908/5965 2954/5964 2913/5969
f 2950/1418 2949/1421 2948/1415
f 2946/1420 2948/1415 2949/1421
f 2923/5966 2945/5971 2947/5963
f 2923/1417 2948/1415 2946/1420
f 2910/5967 2947/5963 2945/5971
f 2915/5973 2863/5980 2944/5970
f 3006/4631 2785/4640 2943/4641
f 2778/5986 2942/5985 2755/5979
f 2778/4653 2757/4655 2932/4651
f 2940/4646 2941/4649 2772/4645
f 2932/4651 2772/4645 2941/4649
f 2926/4847 2939/4860 2902/4853
f 2926/4847 2938/4839 2937/4850
f 2765/5134 2767/5123 2936/5129
f 2935/5116 2936/5129 2767/5123
f 2934/4102 2773/4112 2819/4117
f 2934/4102 2933/4107 2773/4112
f 2932/4651 2931/4647 2772/4645
f 2758/4310 2931/4304 2932/4317
f 2771/4643 2785/4640 2930/4637
f 2937/4850 2929/4861 2926/4847
f 2929/4861 2928/4871 2926/4847
f 2927/4869 2926/4847 2928/4871
f 2939/4860 2926/4847 2927/4869
f 2920/3550 2972/3529 2925/3536
f 2924/5962 2923/5966 2947/5963
f 2922/5975 2910/5967 2945/5971
f 2920/5117 2921/5106 2907/5112
f 2920/5117 2925/5118 2921/5106
f 2747/6048 2919/6055 2918/6051
f 2755/5979 2917/5976 2916/5981
f 2904/5988 2862/5983 2951/5987
f 2905/6336 2906/6338 2912/6337
f 2909/6339 2912/6337 2906/6338
f 2760/4311 2916/4320 2909/4322
f 2909/4322 2906/4312 2760/4311
f 2915/5973 2914/5968 2908/5965
f 2944/5970 2914/5968 2915/5973
f 2923/5966 2924/5962 2944/5970
f 3084/6332 2912/6337 2913/6335
f 2912/5974 2908/5965 2913/5969
f 2911/5972 2910/5967 2922/5975
f 2911/5972 2954/5964 2910/5967
f 2908/5965 2912/5974 2909/5977
f 2935/5116 2767/5123 2907/5112
f 2760/4311 2906/4312 2782/4300
f 2784/4295 2782/4300 2905/4305
f 2906/4312 2905/4305 2782/4300
f 3071/4294 2759/4299 2783/4288
f 2789/4138 2763/4136 2765/4139
f 2790/4132 2789/4138 2765/4139
f 2784/4295 2788/4292 2787/4291
f 2786/4285 2783/4288 2787/4291
f 2785/4640 2772/4645 2943/4641
f 2782/4300 2784/4295 2783/4288
f 2779/3537 2781/3549 2780/3519
f 2781/3549 2925/3536 2780/3519
f 2962/3530 2779/3537 2780/3519
f 2778/4653 2776/4658 2942/4659
f 2778/4653 2777/4652 2776/4658
f 2933/4107 2775/4114 2773/4112
f 2773/4112 2775/4114 2774/4125
f 2940/4646 2772/4645 2771/4643
f 2785/4640 2771/4643 2772/4645
f 2827/4867 2817/4875 3042/4879
f 2768/4648 2770/4657 2769/4654
f 2817/4128 2818/4124 2821/4133
f 2936/5129 2935/5116 2974/5132
f 2766/3521 2767/3540 2764/3539
f 2765/3561 2764/3539 2767/3540
f 2920/5117 2907/5112 2767/5123
f 2765/3561 2763/3541 2764/3539
f 2764/3539 2762/3522 2766/3521
f 2763/3541 2762/3522 2764/3539
f 2761/3564 2705/3548 2703/3547
f 2758/4310 2760/4311 2759/4299
f 2916/4320 2760/4311 2758/4310
f 2759/4299 2931/4304 2758/4310
f 2757/5984 2778/5986 2755/5979
f 2916/5981 2757/5984 2755/5979
f 2776/4658 2777/4652 2899/4656
f 2755/5979 2942/5985 2756/5982
f 2915/5973 2862/5983 2863/5980
f 2861/5005 3042/5008 2821/5001
f 2826/5011 2827/5013 2861/5005
f 2754/5093 2753/5097 2967/5094
f 2754/5093 2841/5101 2753/5097
f 2941/4649 2940/4646 2768/4648
f 2777/4652 2768/4648 2769/4654
f 2749/3810 2750/3800 2752/3811
f 2732/3780 2737/3770 2727/3775
f 2743/3799 2751/3787 2750/3800
f 2831/6050 2745/6047 2748/6054
f 2831/6050 2919/6055 2747/6048
f 2749/3810 2748/3804 2743/3799
f 2749/5119 2830/5104 2748/5113
f 2747/6048 2918/6051 2730/6042
f 2730/6042 2970/6052 2729/6043
f 2732/3780 2727/3775 2746/3784
f 2743/3799 2745/3794 2744/3788
f 2730/6042 2733/6038 2747/6048
f 2742/3789 2732/3780 2746/3784
f 2740/3538 2741/3520 2718/3535
f 2741/3520 2739/3518 2718/3535
f 2705/6045 2731/6039 2729/6043
f 2718/3535 2729/3558 2738/3559
f 2718/3535 2738/3559 2740/3538
f 2679/6028 2686/6022 2680/6025
f 2653/6030 2686/6022 2679/6028
f 2690/6023 2724/6020 2737/6026
f 2732/6032 2726/6029 2737/6026
f 2657/6348 2676/6349 2659/6344
f 2663/5914 2702/5921 2736/5918
f 2735/2508 2734/2509 2802/2499
f 2732/6032 2733/6038 2728/6035
f 2728/6035 2726/6029 2732/6032
f 2693/6033 2726/6029 2706/6036
f 2726/6029 2728/6035 2731/6039
f 2728/6035 2730/6042 2729/6043
f 2731/6039 2728/6035 2729/6043
f 2732/6032 2742/6041 2733/6038
f 2725/6034 2690/6023 2693/6033
f 2722/3764 2727/3775 2737/3770
f 2690/6023 2726/6029 2693/6033
f 2691/6037 2725/6034 2692/6040
f 2651/6046 2691/6037 2692/6040
f 2724/3754 2723/3758 2722/3764
f 2726/6029 2690/6023 2737/6026
f 2605/4907 2633/4900 2646/4903
f 2601/4912 2605/4907 2646/4903
f 2684/5926 2688/5929 2721/5930
f 2719/6730 2720/6729 2716/6731
f 2641/2537 2719/2545 2716/2542
f 2703/3547 2705/3548 2717/3528
f 2718/3535 2717/3528 2705/3548
f 2716/6731 2720/6729 2647/6728
f 2702/6732 2716/6731 2647/6728
f 2698/4892 2699/4884 2694/4894
f 2799/3510 2717/3528 2739/3518
f 2677/3576 2682/3581 2761/3564
f 2739/3518 2717/3528 2718/3535
f 2804/2465 4607/2459 2805/2454
f 2812/2443 2805/2454 2807/2448
f 2804/6287 2668/6290 2811/6293
f 2648/2515 2642/2529 2792/2522
f 2735/2508 2648/2515 2792/2522
f 1876/3318 1899/3310 1902/3317
f 2804/6287 2811/6293 2807/6296
f 2807/6296 2811/6293 2810/6299
f 2812/2443 2807/2448 2809/2436
f 2808/5838 2807/5840 2810/5839
f 2808/5838 2809/5833 2807/5840
f 2805/2454 2618/2458 2804/2465
f 2806/4901 2637/4893 2633/4900
f 2812/2443 2619/2453 2805/2454
f 2805/2454 2619/2453 2618/2458
f 2554/2518 2553/2506 2549/2524
f 2554/2518 2603/2505 2553/2506
f 2705/6045 2761/6053 2658/6044
f 2658/6355 2761/6358 2682/6352
f 2797/2489 2674/2498 2671/2493
f 2800/2476 2804/2465 2715/2470
f 2803/2523 2665/2516 2734/2509
f 2715/2470 2615/2474 2801/2482
f 2708/6295 2697/6292 2798/6289
f 2540/2480 2610/2469 2543/2473
f 2735/2508 2803/2523 2734/2509
f 2632/2520 2649/2513 2595/2507
f 2631/2492 2802/2499 2666/2503
f 2692/6040 2658/6044 2656/6049
f 2692/6040 2706/6036 2658/6044
f 2631/2492 2674/2498 2797/2489
f 2631/2492 2797/2489 2614/2483
f 2797/2489 2801/2482 2614/2483
f 2735/2508 2621/2502 2648/2515
f 2800/2476 2801/2482 2796/2485
f 2672/6678 2704/6677 2796/6676
f 2799/3510 2667/3509 2704/3526
f 2795/3534 2799/3510 2704/3526
f 2798/6289 2796/6291 4604/6294
f 2798/6289 2800/6288 2796/6291
f 2797/2489 2796/2485 2801/2482
f 2798/6289 2697/6292 2668/6290
f 2685/3746 2723/3758 2724/3754
f 2703/3547 2717/3528 2795/3534
f 2716/2542 2701/2546 2678/2539
f 2678/2539 2641/2537 2716/2542
f 2641/2537 2638/2541 2719/2545
f 2791/5916 2710/5919 2700/5915
f 2709/5922 2736/5918 2698/5923
f 2696/6027 2695/6024 2686/6022
f 2686/6022 2695/6024 2794/6019
f 2725/6034 2679/6028 2690/6023
f 2702/6732 2701/6734 2716/6731
f 2795/3534 2672/3545 2703/3547
f 2724/3754 2794/3749 2685/3746
f 2684/5926 2709/5922 2689/5925
f 2687/5924 2794/5927 2695/5920
f 2699/4884 2793/4887 2689/4891
f 2710/5919 2695/5920 2700/5915
f 2709/5922 2698/5923 2689/5925
f 2642/2529 2664/2533 2792/2522
f 2711/5911 2663/5914 2791/5916
f 2700/5915 2711/5911 2791/5916
f 2713/5909 2711/5911 2707/5913
f 2700/5915 2707/5913 2711/5911
f 2659/6344 2665/6343 2712/6342
f 2792/5908 2664/5912 2711/5911
f 2687/5924 2710/5919 2709/5922
f 2707/6347 2652/6353 2654/6350
f 2708/3546 4604/3557 2704/3526
f 2655/6345 2713/6341 2707/6347
f 2658/6044 2706/6036 2705/6045
f 2704/3526 2697/3527 2708/3546
f 2703/3547 2675/3563 2761/3564
f 2647/6728 2698/6733 2702/6732
f 2663/6853 2701/6854 2702/6855
f 2696/6027 2686/6022 2653/6030
f 2700/5915 2652/5917 2707/5913
f 2635/4888 2699/4884 2698/4892
f 2736/5918 2702/5921 2698/5923
f 2663/5914 2736/5918 2791/5916
f 2697/3527 2704/3526 2667/3509
f 2696/6027 2652/6031 2695/6024
f 2695/5920 2652/5917 2700/5915
f 2698/6859 2694/6860 2689/6861
f 2652/6031 2696/6027 2653/6030
f 2724/6020 2690/6023 2681/6021
f 2725/6034 2693/6033 2692/6040
f 2693/6033 2706/6036 2692/6040
f 2691/6037 2679/6028 2725/6034
f 2680/6025 2690/6023 2679/6028
f 2688/5929 2684/5926 2689/5925
f 2684/5926 2687/5924 2709/5922
f 2794/6019 2681/6021 2686/6022
f 2794/3749 2683/3743 2685/3746
f 2683/5928 2687/5924 2684/5926
f 2676/6349 2657/6348 2682/6352
f 2680/6025 2686/6022 2681/6021
f 2690/6023 2680/6025 2681/6021
f 2653/6357 2679/6359 2651/6356
f 2691/6360 2651/6356 2679/6359
f 2701/2546 2663/2543 2678/2539
f 2799/3510 2795/3534 2717/3528
f 2671/2493 2662/2504 2673/2510
f 2643/4897 2635/4888 2647/4896
f 2661/2514 2682/2528 2677/2517
f 2705/6045 2706/6036 2731/6039
f 2677/3576 2675/3563 2673/3571
f 2676/6349 2682/6352 2660/6346
f 2672/3545 2675/3563 2703/3547
f 2666/2503 2674/2498 2631/2492
f 2666/2503 2662/2504 2674/2498
f 2673/3571 2675/3563 2672/3545
f 2672/6678 2671/6679 2673/6680
f 2799/3510 2670/3500 2667/3509
f 2670/3500 2669/3503 2667/3509
f 2668/3517 2667/3509 2669/3503
f 2668/3517 2697/3527 2667/3509
f 2665/2516 2666/2503 2734/2509
f 2660/2521 2661/2514 2666/2503
f 2674/2498 2662/2504 2671/2493
f 2735/2508 2792/2522 2803/2523
f 2666/2503 2665/2516 2660/2521
f 2663/5914 2711/5911 2664/5912
f 2678/2539 2663/2543 2664/2533
f 2692/6040 2656/6049 2651/6046
f 2662/2504 2661/2514 2677/2517
f 2666/2503 2661/2514 2662/2504
f 2660/6346 2659/6344 2676/6349
f 2658/6355 2657/6348 2656/6351
f 2655/6345 2656/6351 2657/6348
f 2655/6345 2657/6348 2659/6344
f 2656/6351 2655/6345 2650/6354
f 2650/6354 2655/6345 2654/6350
f 2652/6353 2653/6357 2650/6354
f 2651/6356 2650/6354 2653/6357
f 2656/6351 2650/6354 2651/6356
f 2660/6346 2665/6343 2659/6344
f 2689/4891 2694/4894 2699/4884
f 2640/2544 2598/2538 2601/2540
f 2648/2515 2649/2513 2612/2526
f 2647/6705 4605/6702 2645/6701
f 2640/4906 2646/4903 2643/4897
f 2643/4897 2645/4902 2640/4906
f 2644/4889 2636/4885 2637/4893
f 2633/4900 2637/4893 2643/4897
f 2664/2533 2642/2529 2641/2537
f 2641/2537 2642/2529 2607/2536
f 2604/2495 2603/2505 2552/2501
f 4605/6727 2720/6729 2719/6730
f 2639/2547 2638/2541 2640/2544
f 2640/2544 2638/2541 2598/2538
f 2643/4897 2637/4893 2635/4888
f 2635/4888 2637/4893 2636/4885
f 2639/4911 2640/4906 2645/4902
f 2646/4903 2633/4900 2643/4897
f 2633/4900 2606/4913 2634/4914
f 2640/4906 2601/4912 2646/4903
f 2612/2526 2649/2513 2632/2520
f 2600/2531 2611/2527 2596/2511
f 2607/2536 2638/2541 2641/2537
f 2618/2458 2715/2470 2804/2465
f 2599/4917 2594/4918 2605/4907
f 2596/2511 2632/2520 2595/2507
f 2608/2475 2623/2466 2714/2471
f 2427/5747 2412/5736 2227/5750
f 2594/4918 2606/4913 2605/4907
f 2633/4900 2605/4907 2606/4913
f 2544/5229 2274/5221 2374/5230
f 2590/4212 2589/4213 2594/4214
f 1700/3120 2483/3111 2488/3101
f 2802/2499 2631/2492 2630/2490
f 2613/2484 2630/2490 2631/2492
f 2625/2414 2629/2417 2535/2418
f 2628/2410 2629/2417 2625/2414
f 2517/2226 2627/2233 1591/2238
f 2625/2414 2535/2418 2626/2411
f 2628/2410 2625/2414 2626/2411
f 2516/2229 2580/2250 1806/2254
f 1333/2435 2616/2447 2624/2442
f 2618/2458 4583/2464 2623/2466
f 2529/2446 2617/2450 2539/2455
f 2609/2481 2540/2480 2622/2488
f 2621/2502 2620/2496 2595/2507
f 2616/2447 2619/2453 2624/2442
f 2618/2458 2619/2453 2616/2447
f 2442/5271 1742/5278 2438/5275
f 2507/3342 2505/3336 2506/3345
f 2532/2434 2534/2429 2597/2441
f 2070/2181 2056/2216 2556/2217
f 2532/2434 2617/2450 2529/2446
f 2406/2972 2407/2964 2447/2980
f 2618/2458 2616/2447 1334/2452
f 2618/2458 2623/2466 2715/2470
f 2614/2483 2615/2474 2608/2475
f 2608/2475 2613/2484 2614/2483
f 2615/2474 2623/2466 2608/2475
f 2607/2536 2612/2526 2611/2527
f 2538/2463 2610/2469 4583/2464
f 2714/2471 2609/2481 2608/2475
f 2555/4218 2590/4212 2599/4215
f 2607/2536 2600/2531 2598/2538
f 2605/4907 2601/4912 2599/4917
f 2607/2536 2611/2527 2600/2531
f 2600/2531 2555/2525 2599/2534
f 2599/2534 2598/2538 2600/2531
f 2599/2534 2601/2540 2598/2538
f 2597/2441 2380/2451 2481/2445
f 2494/4067 2094/4065 2358/4062
f 2555/2525 2600/2531 2596/2511
f 2552/2501 2596/2511 2595/2507
f 2546/2532 2549/2524 2550/2519
f 2594/4214 2589/4213 2587/4217
f 2587/4921 2606/4913 2594/4918
f 2590/4212 2593/4222 2547/4220
f 2303/6372 2335/6368 2301/6365
f 2590/4212 2594/4214 2599/4215
f 2593/4222 2555/4218 2548/4226
f 2550/6379 2271/6376 2276/6374
f 2589/4213 2288/4216 2592/4219
f 2479/2461 2591/2467 2385/2468
f 2589/4213 2590/4212 2288/4216
f 2288/4216 2590/4212 2547/4220
f 2587/4217 2589/4213 2588/4221
f 2274/5221 2544/5229 2471/5226
f 2593/4222 2548/4226 2547/4220
f 2482/5241 2478/5233 2375/5238
f 2551/2491 2541/2487 2604/2495
f 2275/6622 2371/6623 2303/6624
f 2554/2518 2596/2511 2603/2505
f 2552/2501 2603/2505 2596/2511
f 2582/6712 2524/6713 2422/6714
f 1701/2440 2477/2449 2597/2441
f 2538/2463 2479/2461 2385/2468
f 2552/2501 2595/2507 2602/2497
f 2540/2480 2551/2491 2622/2488
f 2287/4225 2283/4234 2286/4231
f 2545/4228 2283/4234 2287/4225
f 2555/2525 2554/2518 2548/2530
f 2555/2525 2596/2511 2554/2518
f 2550/2519 2549/2524 2553/2506
f 2552/2501 2551/2491 2604/2495
f 2331/6380 2271/6376 2550/6379
f 2547/4220 2548/4226 2546/4233
f 2554/2518 2549/2524 2548/2530
f 2547/4220 2546/4233 2545/4228
f 2545/4228 2546/4233 2281/4238
f 2555/4218 2593/4222 2590/4212
f 2375/5238 2478/5233 2544/5229
f 2386/2479 2540/2480 2543/2473
f 2527/6277 2542/6276 2519/6274
f 2382/2486 2541/2487 2386/2479
f 2540/2480 2386/2479 2541/2487
f 2479/2461 2530/2457 2539/2455
f 2541/2487 2551/2491 2540/2480
f 2538/2463 2530/2457 2479/2461
f 2538/2463 1334/2452 2530/2457
f 2487/6084 2537/6081 2515/6080
f 2101/3099 2149/3107 2086/3100
f 2218/2785 2179/2782 2249/2767
f 2470/3090 4574/3089 2433/3092
f 2536/4036 2522/4042 4580/4039
f 2532/2434 2529/2446 1333/2435
f 1927/3299 1789/3309 2000/3308
f 2532/2434 2531/2423 2534/2429
f 2535/2418 2534/2429 2531/2423
f 2535/2418 2533/2428 2534/2429
f 2533/2428 1701/2440 2534/2429
f 2532/2434 2597/2441 2481/2445
f 2481/2445 2617/2450 2532/2434
f 2531/2423 2532/2434 1333/2435
f 2539/2455 2530/2457 2529/2446
f 1334/2452 2529/2446 2530/2457
f 2477/2449 2380/2451 2597/2441
f 1592/2244 2580/2250 2586/2245
f 2208/2795 2585/2790 1539/2781
f 1850/3376 1956/3394 2461/3405
f 2375/5238 2383/5243 2482/5241
f 1592/2244 2503/2249 2584/2253
f 2416/2548 2583/2554 2432/2557
f 2566/6271 2579/6265 2567/6269
f 4910/1575 2258/1567 4911/1571
f 2447/2980 2407/2964 2499/2970
f 2569/6262 2584/6264 2503/6267
f 2054/2215 2627/2233 2138/2225
f 2487/6084 2485/6089 2537/6081
f 2505/3336 2409/3340 2440/3343
f 2054/2215 2418/2236 2490/2242
f 2582/6712 2413/6715 2524/6713
f 2571/6090 2572/6085 2537/6081
f 2571/2372 2581/2373 3230/2368
f 2572/6085 2542/6091 2527/6082
f 2437/3019 2405/3022 2404/3015
f 1850/3376 2002/3395 2003/3385
f 1879/4536 1920/4546 1050/4535
f 1884/4553 1920/4546 1924/4548
f 2542/6113 2570/6116 2562/6106
f 2514/6094 2495/6100 2526/6095
f 2580/2250 4578/2256 1807/2257
f 2527/6277 2519/6274 2491/6275
f 4575/6263 2578/6261 2579/6265
f 2475/5239 2478/5233 2482/5241
f 2567/6269 2519/6274 2564/6273
f 2567/6269 2579/6265 2578/6261
f 2526/6095 2575/6098 2485/6089
f 2578/6261 2568/6266 2567/6269
f 1299/2426 2575/2438 2576/2427
f 2577/6777 2575/6778 1299/6779
f 2485/6089 2577/6096 1300/6092
f 2474/3118 1700/3120 2488/3101
f 2571/6090 2537/6081 1300/6092
f 2483/2439 2576/2427 2575/2438
f 2526/6095 2495/6100 2489/6103
f 2484/2433 2533/2428 2574/2422
f 2467/5725 2573/5722 2480/5727
f 2485/6089 2575/6098 2577/6096
f 2542/6091 2572/6085 2570/6093
f 2571/6090 2570/6093 2572/6085
f 2568/6266 2569/6262 2504/6270
f 2523/2348 2341/2355 2325/2362
f 2567/6269 2568/6266 2504/6270
f 2566/6271 2567/6269 2564/6273
f 2561/6111 2565/6115 3223/6104
f 2561/4044 2497/4041 2565/4038
f 2564/6109 2542/6113 2562/6106
f 2496/6110 2563/6107 2562/6106
f 2493/6118 2561/6111 2496/6110
f 2513/2241 2491/2248 2418/2236
f 2562/6106 2563/6107 3223/6104
f 2497/4041 2560/4043 2536/4036
f 818/1500 1765/1499 2559/1495
f 2557/3139 2318/3151 2558/3152
f 2451/3408 2452/3417 2439/3406
f 2517/2226 2429/2206 2556/2217
f 2498/4045 2368/4049 1301/4050
f 2497/4041 2561/4044 2493/4047
f 2367/4046 2497/4041 2493/4047
f 2429/2206 2070/2181 2556/2217
f 2427/5747 2472/5737 2412/5736
f 2570/2376 2571/2372 3235/2367
f 2496/6110 3235/6114 2492/6117
f 2420/3094 2488/3101 2495/3097
f 2094/4065 2494/4067 2059/4069
f 983/4055 2366/4053 2367/4046
f 2367/4046 2493/4047 2376/4052
f 2376/6119 2493/6118 2492/6117
f 2376/4052 983/4055 2367/4046
f 2479/2461 2539/2455 2481/2445
f 2297/6629 2302/6626 2371/6623
f 2469/3091 2420/3094 2495/3097
f 2418/2236 2491/2248 2490/2242
f 2488/3101 2483/3111 2489/3106
f 2473/3128 2477/3135 1700/3120
f 1701/2440 2533/2428 2484/2433
f 2485/6089 2487/6084 2486/6088
f 2274/5221 2471/5226 2466/5217
f 1700/2444 2484/2433 2483/2439
f 2468/5723 2482/5724 2383/5721
f 2384/5214 2274/5221 2466/5217
f 2591/2467 2387/2478 2385/2468
f 2480/2462 2481/2445 2372/2456
f 2479/2461 2481/2445 2480/2462
f 2475/5239 2471/5226 2478/5233
f 2544/5229 2478/5233 2471/5226
f 2476/2460 2380/2451 2477/2449
f 2468/5723 2073/5728 2465/5729
f 2475/5726 2468/5723 2465/5729
f 2382/5242 2387/5244 2383/5243
f 2325/4060 2445/4057 2368/4049
f 2369/4059 2325/4060 2368/4049
f 2474/3118 2473/3128 1700/3120
f 2471/5732 2465/5729 2472/5737
f 2475/5726 2482/5724 2468/5723
f 927/2558 2090/2549 2310/2556
f 2471/5732 2475/5726 2465/5729
f 2472/5737 2424/5742 2471/5732
f 2469/3091 2470/3090 2225/3093
f 2420/3094 2469/3091 2225/3093
f 2466/5217 2425/5212 2384/5214
f 2467/5725 2073/5728 2468/5723
f 2384/5214 2425/5212 1810/5208
f 2471/5226 2424/5222 2466/5217
f 2255/2682 2190/2679 2250/2693
f 2412/5736 2472/5737 2465/5729
f 2528/3142 2476/3143 2473/3128
f 2515/6080 2527/6082 2513/6083
f 2480/5727 2373/5730 2467/5725
f 2486/6088 2526/6095 2485/6089
f 2488/3101 2525/3110 2474/3118
f 2420/3094 2421/3105 2488/3101
f 2488/3101 2421/3105 2525/3110
f 2474/3118 2525/3110 2524/3119
f 2421/3105 2524/3119 2525/3110
f 2508/3344 2510/3339 2507/3342
f 2325/2362 2369/2349 2523/2348
f 2513/6083 2527/6082 2491/6087
f 2059/4069 2494/4067 2315/4072
f 2556/2217 2627/2233 2517/2226
f 2521/4048 2522/4042 2498/4045
f 2520/4051 2521/4048 1302/4054
f 2153/3114 2149/3107 929/3122
f 2156/4071 2315/4072 2494/4067
f 2519/6274 2567/6269 2504/6270
f 2490/6272 2519/6274 2504/6270
f 2491/6275 2519/6274 2490/6272
f 2516/2229 2518/2227 2517/2226
f 2515/6080 2513/6083 2512/6086
f 2515/6080 2512/6086 2486/6088
f 2487/6084 2515/6080 2486/6088
f 2512/6086 2423/6097 2514/6094
f 2514/6094 2486/6088 2512/6086
f 2513/2241 2419/2243 2512/2252
f 2033/3975 2035/3962 2114/3968
f 1722/6781 2447/6782 2453/6783
f 2500/3348 2501/3346 2440/3343
f 2452/3417 2451/3408 2500/3424
f 2137/2223 2075/2204 2511/2224
f 2509/2986 2499/2970 2507/2981
f 1791/6602 1955/6606 1259/6603
f 2510/3339 2508/3344 2008/3338
f 2008/3338 2005/3325 2510/3339
f 2464/3995 2450/3993 1721/3992
f 2403/3997 2450/3993 2464/3995
f 1960/6225 1944/6226 2400/6227
f 1944/3441 1942/3437 2400/3443
f 2447/2980 2499/2970 2509/2986
f 2456/6786 2453/6783 2502/6784
f 2506/2994 2509/2986 2507/2981
f 2007/2955 2508/2971 2507/2981
f 1987/3607 2396/3602 2049/3604
f 2509/2986 2506/2994 2447/2980
f 2502/6784 2447/6782 2506/6785
f 2439/3335 2410/3337 2408/3326
f 2501/3346 2506/3345 2505/3336
f 2505/3336 2440/3343 2501/3346
f 2490/6272 2504/6270 2503/6267
f 2504/6270 2569/6262 2503/6267
f 2501/6787 2500/6788 2502/6784
f 2506/6785 2501/6787 2502/6784
f 2500/6788 2456/6786 2502/6784
f 2156/4071 2494/4067 2322/4066
f 2152/2169 1038/2159 2150/2179
f 2505/3336 2510/3339 2005/3325
f 1460/4534 2171/4539 1821/4528
f 2171/4539 1901/4545 1821/4528
f 2237/1572 2257/1565 2256/1574
f 2219/2780 1727/2766 2198/2765
f 2407/2964 2007/2955 2499/2970
f 2507/2981 2499/2970 2007/2955
f 2089/1581 2145/1589 2144/1585
f 2179/6403 2254/6404 2207/6405
f 2470/3090 2433/3092 2225/3093
f 2227/2552 2416/2548 2432/2557
f 2252/2759 2196/2764 2173/2771
f 2431/3104 2422/3108 2420/3094
f 2428/2207 2430/2185 2429/2206
f 2423/2251 2512/2252 2419/2243
f 2425/5212 2426/5218 2583/5215
f 2424/5742 2427/5747 2426/5751
f 2425/5212 2424/5222 2426/5218
f 2466/5217 2424/5222 2425/5212
f 2414/2239 2390/2246 2423/2251
f 2419/2243 2414/2239 2423/2251
f 2420/3094 2422/3108 2421/3105
f 2422/6714 2524/6713 2421/6716
f 2358/4062 2325/4060 2324/4064
f 2272/6625 2331/6630 2333/6627
f 2330/5228 2333/5232 2331/5237
f 2149/3107 2101/3099 2148/3103
f 2293/2579 2335/2592 2332/2586
f 2183/2756 2185/2747 2199/2751
f 2248/2760 2183/2756 2199/2751
f 2249/2767 2248/2760 1726/2773
f 2225/3093 2100/3096 2420/3094
f 2420/3094 2100/3096 2086/3100
f 4574/2255 2423/2251 2390/2246
f 2417/2232 2415/2237 2419/2243
f 2420/3094 2086/3100 2431/3104
f 2417/2232 2418/2236 2054/2215
f 2227/5750 2432/5755 2427/5747
f 2416/2548 2296/2551 2583/2554
f 2419/2243 2415/2237 2414/2239
f 2582/3115 876/3117 2413/3125
f 2227/5750 2412/5736 2310/5746
f 2071/2180 2053/2194 2057/2205
f 2070/2181 2071/2180 2057/2205
f 258/2230 1090/2213 923/2212
f 993/2140 990/2168 1038/2159
f 2202/2813 2411/2811 2208/2795
f 1864/2932 1925/2948 1863/2940
f 2228/2634 1093/2627 2238/2641
f 1903/3333 2005/3325 2008/3338
f 2043/4398 2046/4401 2020/4391
f 1852/2942 1877/2935 1876/2949
f 1869/6412 1423/6413 1871/6414
f 2508/2971 2007/2955 2008/2965
f 1849/3375 1790/3383 1260/3393
f 1261/3404 1956/3394 1849/3375
f 2410/3337 1906/3332 2408/3326
f 2409/3340 1906/3332 2410/3337
f 1927/3299 2000/3308 1112/3300
f 1907/3315 2000/3308 2408/3326
f 2010/2956 2407/2964 2406/2972
f 1828/2996 1941/2990 2013/3001
f 1930/4386 2020/4391 1995/4396
f 2405/3022 2015/3020 2404/3015
f 2012/3002 2403/3011 1953/3012
f 1945/3430 1721/3442 2402/3440
f 2026/4405 2021/4403 1241/4407
f 2464/3995 1953/3998 2403/3997
f 2464/3995 1721/3992 1953/3998
f 2022/3450 2029/3460 2018/3455
f 1960/3003 2399/3013 2403/3011
f 2403/3011 2434/3008 1960/3003
f 2434/3008 2011/2997 1960/3003
f 2397/3605 2463/3603 1736/3606
f 1949/4003 1954/4001 1950/3999
f 2462/4408 2459/4410 1999/4404
f 2438/3014 2449/3017 2404/3015
f 2046/4401 1999/4404 1240/4406
f 2023/3447 1981/3446 1982/3448
f 2459/3452 2436/3449 2448/3457
f 2001/5490 2461/5491 2004/5492
f 2004/5492 1563/5493 2001/5490
f 1535/2685 1223/2698 2441/2692
f 1885/2731 1922/2726 1894/2730
f 1225/2701 1858/2706 1883/2694
f 2404/3015 2016/3018 4603/3016
f 2053/2194 2075/2204 2055/2214
f 1241/5282 2444/5277 2460/5280
f 2443/5274 2460/5280 2444/5277
f 2457/4409 2459/4410 2458/4413
f 1723/5498 2453/5496 1563/5493
f 2455/4063 2446/4058 2326/4061
f 2455/2208 2096/2187 2446/2198
f 1999/4404 2457/4409 1240/4406
f 2451/3408 2001/3407 2456/3418
f 2446/2198 2096/2187 898/2173
f 897/2153 898/2173 2096/2187
f 2094/4065 2455/4063 2326/4061
f 2456/3418 2500/3424 2451/3408
f 2442/5271 2444/5277 1742/5278
f 1967/5276 2443/5274 2454/5273
f 2408/3326 1904/3324 2439/3335
f 2001/5490 1563/5493 2453/5496
f 2500/3348 2440/3343 2452/3347
f 2454/3021 2016/3018 1967/3024
f 2407/2964 2010/2956 2006/2941
f 1717/3953 2116/3956 365/3947
f 2002/3395 2451/3408 2003/3385
f 2043/4398 1999/4404 2046/4401
f 2450/3993 2403/3997 2399/3994
f 2402/3991 2450/3993 2399/3994
f 2449/3017 2437/3019 2404/3015
f 2449/6832 2448/6833 2437/6834
f 1942/3437 2402/3440 2400/3443
f 2462/3444 2436/3449 2459/3452
f 2018/3025 2015/3020 2405/3022
f 2459/4410 2448/4415 2458/4413
f 2447/5504 1723/5498 2406/5503
f 2096/2187 2455/2208 2094/2188
f 2446/4058 1302/4054 2445/4057
f 2444/4411 1240/4406 1741/4412
f 2457/4409 1999/4404 2459/4410
f 2443/5274 1968/5279 2460/5280
f 2454/5273 2443/5274 2442/5271
f 1224/2686 1552/2672 2441/2692
f 1224/2686 2223/2674 1552/2672
f 2440/3343 2409/3340 2439/3335
f 2439/3406 2003/3385 2451/3408
f 2440/3343 2439/3335 2452/3347
f 2449/4416 2438/4417 1741/4412
f 2438/5275 4603/5272 2442/5271
f 2437/3462 2448/3457 2436/3449
f 2405/3458 2437/3462 2436/3449
f 1967/3024 2016/3018 2024/3023
f 2435/3453 2018/3455 2405/3458
f 1564/2973 2010/2956 2406/2972
f 2406/5503 1723/5498 1564/5497
f 2012/3002 2434/3008 2403/3011
f 1941/2990 1873/2992 2012/3002
f 2399/6228 1960/6225 2400/6227
f 2402/3991 2399/3994 2400/3996
f 2398/5800 1739/5797 2350/5792
f 1988/3709 2389/3702 2351/3705
f 2105/2855 2124/2861 2354/2866
f 1739/5797 2395/5794 2350/5792
f 1987/3713 2047/3718 1986/3716
f 2354/2866 2124/2861 2392/2872
f 2352/5790 2121/5793 2151/5791
f 1740/5801 2123/5795 2395/5794
f 2357/3595 2347/3593 2398/3598
f 2351/3705 2394/3701 2398/3708
f 2124/2861 2393/2877 2392/2872
f 2124/3601 2391/3599 2393/3596
f 2104/2849 2127/2856 2108/2847
f 2349/2874 2346/2862 2344/2873
f 2353/3600 2391/3599 2049/3604
f 2397/3605 2049/3604 2391/3599
f 2353/3600 2396/3602 2351/3597
f 2395/5794 2123/5795 2352/5790
f 2119/5805 2033/5810 2117/5807
f 2351/3705 2389/3702 2394/3701
f 2125/3703 1739/3704 2394/3701
f 2392/3590 2393/3596 2348/3594
f 2391/3599 2348/3594 2393/3596
f 2396/3602 2353/3600 2049/3604
f 1736/3606 2463/3603 2124/3601
f 2346/2862 2151/2863 2127/2856
f 1992/3721 2036/3725 2032/3724
f 2349/2874 2151/2863 2346/2862
f 2104/2849 2105/2855 2346/2862
f 2120/5803 2119/5805 2122/5798
f 2127/2856 2104/2849 2346/2862
f 2041/5808 2119/5805 2120/5803
f 2225/3093 2390/3095 2154/3098
f 1988/3709 1984/3712 1990/3706
f 1990/3706 2389/3702 1988/3709
f 1979/3610 2397/3605 1736/3606
f 327/3897 636/3901 2388/3890
f 2052/3622 1980/3614 333/3623
f 2349/6688 2356/6689 2401/6690
f 2349/6688 2344/6692 2356/6689
f 2350/6691 2401/6690 2356/6689
f 2398/6694 2350/6691 2356/6689
f 2355/6695 2356/6689 2345/6693
f 2347/3593 2356/3591 2392/3590
f 2032/3724 2040/3720 1983/3719
f 1992/3721 2032/3724 1983/3719
f 2347/3593 2357/3595 2356/3591
f 2357/6696 2398/6694 2356/6689
f 2354/2866 2355/2876 2345/2867
f 2348/3594 2353/3600 2351/3597
f 2391/3599 2353/3600 2348/3594
f 2395/5794 2352/5790 2350/5792
f 2398/3708 2394/3701 1739/3704
f 2351/3597 2398/3598 2347/3593
f 2350/6691 2349/6688 2401/6690
f 2352/5790 2349/5789 2350/5792
f 2392/3590 2348/3594 2347/3593
f 2351/3597 2347/3593 2348/3594
f 2354/2866 2345/2867 2105/2855
f 2346/2862 2345/2867 2344/2873
f 2346/2862 2105/2855 2345/2867
f 2354/3589 2356/3591 2355/3592
f 2343/1483 2061/1486 2312/1479
f 2340/2334 2342/2354 2341/2355
f 877/3127 2327/3141 2339/3132
f 2387/2478 2382/2486 2386/2479
f 2387/2478 2386/2479 2385/2468
f 2384/5214 1801/5213 2299/5219
f 2366/2337 983/2323 2365/2322
f 2360/2347 2342/2354 2340/2334
f 1706/2321 1709/2335 2364/2336
f 2369/2349 2364/2336 1709/2335
f 983/2323 2376/2339 2378/2328
f 985/2314 983/2323 2378/2328
f 2298/5216 2299/5219 1801/5213
f 2382/5242 2383/5243 2379/5234
f 985/2314 2378/2328 2381/2338
f 2481/2445 2380/2451 2372/2456
f 2383/5243 2375/5238 2379/5234
f 2379/5234 2374/5230 2273/5227
f 2378/2328 2377/2343 2381/2338
f 2377/2343 2376/2339 2492/2350
f 2374/5230 2379/5234 2375/5238
f 2378/2328 2376/2339 2377/2343
f 2544/5229 2374/5230 2375/5238
f 2370/5738 2373/5730 2372/5733
f 2361/1481 2062/1480 2060/1487
f 2371/6623 2272/6625 2333/6627
f 2316/5734 2370/5738 2318/5743
f 2368/4049 2363/4056 2369/4059
f 2340/2334 2341/2355 2523/2348
f 2367/4046 2366/4053 2368/4049
f 1709/2335 2523/2348 2369/2349
f 2368/4049 2366/4053 2363/4056
f 2366/2337 2365/2322 2363/2342
f 2365/2322 2364/2336 2363/2342
f 2363/2342 2364/2336 2369/2349
f 2362/2141 2152/2169 2069/2160
f 2359/2330 2361/2353 2360/2347
f 2359/2330 2360/2347 2340/2334
f 2322/4066 2358/4062 2324/4064
f 2294/2575 2303/2580 2270/2570
f 2157/1510 1766/1503 819/1507
f 2156/4071 1766/4075 2159/4077
f 2327/3141 2313/3147 2328/3153
f 2494/4067 2358/4062 2322/4066
f 2325/4060 2358/4062 2326/4061
f 2445/4057 2325/4060 2326/4061
f 2322/4066 2324/4064 2323/4068
f 2157/1510 2321/1519 2320/1526
f 2067/5745 2319/5735 2317/5744
f 2316/5734 2318/5743 2317/5744
f 2058/4074 2315/4072 2085/4076
f 131/3969 2113/3970 2109/3983
f 2313/5753 2067/5745 2314/5752
f 2150/2179 1038/2159 2076/2195
f 2311/1471 2312/1479 2062/1480
f 2242/2560 927/2558 2310/2556
f 2308/6681 2282/6682 2309/6683
f 2306/4241 2284/4240 2307/4248
f 2293/2579 2268/2578 2305/2591
f 2302/5220 2298/5216 1800/5211
f 2304/2555 2295/2550 2091/2553
f 2302/6626 2270/6628 2303/6624
f 2301/6365 2277/6371 2275/6375
f 928/2561 2300/2574 2269/2569
f 2297/5225 2299/5219 2298/5216
f 2384/5214 1810/5208 1801/5213
f 998/3124 2153/3114 929/3122
f 2089/1581 2097/1593 2145/1589
f 2298/5216 2302/5220 2297/5225
f 2296/2551 2295/2550 2304/2555
f 2116/3956 357/3942 365/3947
f 1853/2742 2247/2746 2186/2743
f 928/2561 2269/2569 1774/2565
f 2291/1591 2289/1583 4914/1586
f 2289/1583 2240/1587 2266/1579
f 2089/1581 2259/1599 2265/1605
f 2293/2579 2294/2575 2269/2569
f 2266/1579 2292/1577 2289/1583
f 4914/1586 2292/1577 4918/1582
f 2303/6372 2301/6365 2275/6375
f 2291/1591 2290/1594 2289/1583
f 2285/4224 2288/4216 2287/4225
f 2286/4231 2285/4224 2287/4225
f 2283/4234 2282/4243 2284/4240
f 2281/6378 2276/6374 2282/6373
f 2279/6364 2280/6362 2268/6361
f 2278/6367 2280/6362 2279/6364
f 2276/6374 2271/6376 2277/6371
f 2272/6625 2371/6623 2275/6622
f 2274/5221 2273/5227 2374/5230
f 2271/6376 2331/6380 2272/6377
f 1774/2565 2294/2575 2270/2570
f 2268/2578 2293/2579 2269/2569
f 2334/2584 2300/2574 2338/2573
f 2334/6685 2338/6687 2337/6684
f 2270/2570 1800/2562 1774/2565
f 2269/2569 2300/2574 2268/2578
f 1800/5211 2270/5224 2302/5220
f 2336/2708 1625/2715 1919/2711
f 2303/6624 2371/6623 2302/6626
f 2335/2592 2293/2579 2305/2591
f 2334/6369 2309/6370 2279/6364
f 2333/6627 2297/6629 2371/6623
f 2300/6366 2334/6369 2279/6364
f 2300/6366 2279/6364 2268/6361
f 2294/2575 2332/2586 2303/2580
f 2294/2575 2293/2579 2332/2586
f 2330/5228 2331/5237 1802/5236
f 2299/5219 2297/5225 2330/5228
f 2305/6363 2301/6365 2335/6368
f 2306/4241 2329/4236 2286/4231
f 2303/2580 2332/2586 2335/2592
f 2297/5225 2333/5232 2330/5228
f 2274/5221 2384/5214 2299/5219
f 1803/5231 3232/5235 2273/5227
f 2299/5219 2330/5228 1803/5231
f 2274/5221 2299/5219 2273/5227
f 2278/6367 2276/6374 2277/6371
f 2286/4231 2329/4236 2285/4224
f 2277/6371 2301/6365 2278/6367
f 2280/6362 2278/6367 2301/6365
f 2301/6365 2305/6363 2280/6362
f 2278/6367 2309/6370 2282/6373
f 2278/6367 2279/6364 2309/6370
f 2277/6371 2271/6376 2272/6377
f 2272/6377 2275/6375 2277/6371
f 2097/3853 2142/3837 2145/3845
f 4919/5246 910/5247 4920/5248
f 1878/2911 1860/2910 1822/2899
f 1883/2748 1853/2742 2184/2745
f 2184/2745 2194/2753 1883/2748
f 2252/2759 2181/2779 2246/2772
f 2144/1585 2243/1578 2089/1581
f 1888/2758 1892/2769 1882/2770
f 2245/2805 2213/2806 2216/2796
f 2239/1570 2244/1573 2243/1578
f 2177/3858 2236/3860 2232/3849
f 2230/1580 2239/1570 2243/1578
f 2242/2560 2134/2567 926/2564
f 2241/1588 2240/1587 2267/1596
f 2241/1588 2089/1581 2266/1579
f 2257/1565 2237/1572 2262/1568
f 4911/1571 2234/1561 4923/1569
f 2234/1561 2257/1565 2263/1562
f 2177/1576 2262/1568 2237/1572
f 2088/1600 2265/1605 2264/1612
f 2266/1579 2089/1581 2244/1573
f 2210/2655 1673/2644 2205/2666
f 2205/2666 1673/2644 1778/2664
f 2251/6407 2207/6405 2254/6404
f 2262/5260 2177/5255 2176/5251
f 2176/5251 2263/5264 2262/5260
f 2224/2642 2187/2663 2226/2653
f 2257/1565 2234/1561 2258/1567
f 2260/1592 2089/1581 2241/1588
f 2261/1598 2260/1592 2241/1588
f 2260/1592 2259/1599 2089/1581
f 2188/2673 2189/2661 2226/2653
f 2238/2641 2226/2653 2189/2661
f 2237/3862 2256/3861 2235/3842
f 2258/1567 2244/1573 2239/1570
f 2239/1570 2257/1565 2258/1567
f 2239/1570 2256/1574 2257/1565
f 2262/1568 2263/1562 2257/1565
f 2251/2703 2192/2696 2207/2699
f 2209/2803 2217/2794 2165/2804
f 2194/2695 2207/2699 2191/2688
f 2253/2697 2214/2689 2255/2682
f 2253/2802 2254/2791 2215/2797
f 2218/2785 2215/2797 2254/2791
f 2252/2759 2199/2751 1898/2750
f 1602/4568 1523/4575 1524/4572
f 1539/2781 1726/2773 2219/2780
f 2251/2703 2254/2702 2250/2693
f 2251/2703 2250/2693 2192/2696
f 2190/2679 2192/2696 2250/2693
f 2253/2697 2255/2682 2250/2693
f 2249/2767 2180/2774 2183/2756
f 2248/2760 2199/2751 1727/2766
f 1893/2749 1898/2750 2247/2746
f 1867/2968 1257/2978 1847/2960
f 1867/6234 1866/6233 1257/6232
f 2219/4561 2197/4559 1538/4558
f 2218/2785 2249/2767 1539/2781
f 2217/2794 2208/2795 1539/2781
f 2209/2803 2200/2812 2201/2809
f 2215/2797 2218/2785 2216/2796
f 2245/2805 2216/2796 2208/2795
f 2214/2807 2253/2802 2215/2797
f 2213/2806 2212/2816 2214/2807
f 2208/2795 2216/2796 2585/2790
f 2213/2806 2215/2797 2216/2796
f 2585/2790 2218/2785 1539/2781
f 2255/2682 2214/2689 921/2675
f 2213/2806 2214/2807 2215/2797
f 2212/2816 2203/2822 920/2825
f 2213/2806 2245/2805 2204/2815
f 2212/2816 2204/2815 2203/2822
f 2211/2636 2210/2655 4926/2665
f 2208/2795 2209/2803 2201/2809
f 2204/2815 2212/2816 2213/2806
f 2178/2752 2207/2761 2194/2753
f 1555/2826 2206/2829 920/2825
f 2205/2666 920/2683 2206/2677
f 2202/2813 2204/2815 2411/2811
f 2204/2815 2202/2813 4928/2817
f 4928/2817 2201/2809 4931/2820
f 2170/4565 2166/4560 2163/4562
f 2172/2101 2173/2109 1793/2106
f 1515/2097 1776/2093 2172/2101
f 2209/2803 2208/2795 2217/2794
f 2200/2812 2209/2803 2165/2804
f 2199/2751 2198/2765 1727/2766
f 1898/2750 2196/2764 2252/2759
f 2219/2780 2198/2765 2246/2772
f 2175/4574 1601/4577 4932/4582
f 2167/4570 1601/4577 2175/4574
f 1957/5495 1870/5500 1564/5497
f 2163/4562 2168/4567 2170/4565
f 2163/4562 2166/4560 2197/4559
f 1542/4573 2164/4569 1604/4566
f 1793/2106 1515/2097 2172/2101
f 1523/4575 1602/4568 1600/4571
f 1793/2777 2173/2771 2196/2764
f 1905/2800 1900/2786 2171/2799
f 2186/2743 2182/2744 2195/2741
f 1883/2694 2194/2695 2193/2680
f 2192/2696 2190/2679 2191/2688
f 2190/2679 2187/2663 2191/2688
f 2189/2661 2188/2673 2190/2679
f 2187/2663 2190/2679 2188/2673
f 1625/2715 1921/2718 1919/2711
f 2186/2743 2185/2747 2182/2744
f 2182/2744 2178/2752 2184/2745
f 1898/2750 2186/2743 2247/2746
f 2182/6409 2180/6408 2178/6406
f 2182/6409 2185/6411 2183/6410
f 2199/2751 2185/2747 2186/2743
f 2174/2111 2246/2113 2181/2112
f 2180/2774 2249/2767 2179/2782
f 2178/6406 2180/6408 2179/6403
f 2177/5255 1108/5249 2176/5251
f 2214/2689 2212/2690 921/2675
f 2188/2673 2226/2653 2187/2663
f 2191/2688 2207/2699 2192/2696
f 1554/2633 1626/2654 2224/2642
f 2220/2681 2194/2695 2191/2688
f 2230/3843 2229/3841 2239/3852
f 921/2675 1784/2643 2189/2661
f 1785/2628 1672/2635 1654/2618
f 2233/2645 2189/2661 1784/2643
f 2231/3829 2235/3842 1812/3835
f 2238/2641 2233/2645 2228/2634
f 919/3825 917/3833 2231/3829
f 2237/3862 2236/3860 2177/3858
f 2236/3860 2235/3842 2232/3849
f 2237/3862 2235/3842 2236/3860
f 4921/2684 2206/2677 4935/2691
f 2205/2666 1778/2664 920/2683
f 2203/2822 1555/2826 920/2825
f 2203/2822 2204/2815 4929/2824
f 1555/2826 2203/2822 4909/2828
f 2205/2666 2206/2677 2210/2655
f 2232/3849 1107/3840 2177/3858
f 2231/3829 917/3833 1107/3840
f 2228/2634 2233/2645 1785/2628
f 1654/2618 1092/2621 1785/2628
f 2211/2636 1673/2644 2210/2655
f 1784/2643 1778/2664 1673/2644
f 1603/4564 2197/4559 2174/4563
f 1107/3840 2232/3849 2231/3829
f 2231/3829 904/3822 974/3821
f 1552/2672 2223/2674 1626/2654
f 2230/3843 904/3822 2229/3841
f 1092/2621 2228/2634 1785/2628
f 2090/2549 2416/2548 2227/2552
f 1093/2627 2224/2642 2226/2653
f 2225/3093 2148/3103 2101/3099
f 1549/2671 1535/2685 1552/2672
f 1883/2694 2222/2687 1224/2686
f 1532/2700 1223/2698 1535/2685
f 1859/2705 1223/2698 1532/2700
f 2033/3722 2041/3715 2040/3720
f 2221/2662 2187/2663 2224/2642
f 2193/2680 2222/2687 1883/2694
f 2223/2674 2193/2680 2221/2662
f 2223/2674 2222/2687 2193/2680
f 2221/2662 1626/2654 2223/2674
f 2221/2662 2220/2681 2187/2663
f 2195/2741 2184/2745 1853/2742
f 2221/2662 2193/2680 2220/2681
f 1626/2654 2221/2662 2224/2642
f 4941/2819 2168/2814 4942/2823
f 4942/4576 2175/4574 4943/4581
f 1056/4524 1624/4518 1821/4528
f 1600/4571 1602/4568 2174/4563
f 2174/2111 2173/2109 1600/2110
f 2197/4559 2219/4561 2174/4563
f 2172/2101 1595/2102 1600/2110
f 2173/2109 2172/2101 1600/2110
f 1888/2758 1887/2762 1892/2769
f 1595/2102 2172/2101 1776/2093
f 1507/2098 1595/2102 1776/2093
f 1584/6812 1590/6813 2169/6814
f 1461/2808 1905/2800 2171/2799
f 2168/2814 2165/2804 2170/2810
f 1596/6816 2169/6814 1590/6813
f 1596/6816 1593/6815 2169/6814
f 1584/6812 2169/6814 1593/6815
f 2197/4559 1603/4564 2163/4562
f 2167/4570 2168/4567 2163/4562
f 4912/2818 2200/2812 4941/2819
f 2164/4569 1542/4573 2167/4570
f 1542/4573 1601/4577 2167/4570
f 2166/2801 2165/2804 2217/2794
f 2163/4562 1604/4566 2164/4569
f 1603/4564 1604/4566 2163/4562
f 2170/2810 2165/2804 2166/2801
f 2200/2812 2165/2804 2168/2814
f 2140/1614 126/1625 2146/1620
f 2145/3845 2141/3831 2144/3844
f 2145/3845 2142/3837 2141/3831
f 2143/3836 2141/3831 904/3822
f 2142/3837 905/3826 2141/3831
f 2140/1614 2099/1606 2088/1600
f 986/1640 2139/1633 988/1646
f 908/1632 986/1640 882/1645
f 2161/2588 2132/2572 2162/2594
f 899/2581 890/2593 2160/2582
f 905/3826 2142/3837 906/3832
f 902/3846 906/3832 2142/3837
f 2085/2162 2159/2183 1767/2172
f 2085/4076 2156/4071 2159/4077
f 2157/1510 819/1507 2158/1515
f 2155/4073 1766/4075 2156/4071
f 2156/4071 2085/4076 2315/4072
f 2321/1519 2157/1510 2158/1515
f 1922/2726 1917/2722 1894/2730
f 1737/2841 2106/2834 2042/2837
f 350/2836 2042/2837 2106/2834
f 1762/2845 349/2839 2112/2835
f 2119/5805 2041/5808 2033/5810
f 2080/2240 2154/2247 2078/2234
f 2153/3114 998/3124 2087/3123
f 2097/1593 2088/1600 2099/1606
f 995/2155 1844/2145 1768/2143
f 927/2558 928/2561 1775/2559
f 2053/2194 2071/2180 2152/2169
f 1762/2845 2147/2851 1717/2857
f 363/3952 2116/3956 132/3963
f 2114/3968 363/3952 132/3963
f 565/3951 356/3946 363/3952
f 363/3952 2035/3962 565/3951
f 1223/2698 1859/2705 1225/2701
f 2121/5793 2126/5796 2151/5791
f 1901/4545 1923/4543 1821/4528
f 2081/3112 2148/3103 2080/3102
f 2150/2179 2075/2204 2053/2194
f 1091/2203 2083/2201 991/2178
f 2081/3112 258/3121 2148/3103
f 259/3113 2149/3107 2148/3103
f 2149/3107 259/3113 929/3122
f 2116/3956 2147/3964 2113/3970
f 131/3969 2116/3956 2113/3970
f 1762/2845 2113/2843 2147/2851
f 132/3963 2115/3976 2114/3968
f 2109/2838 2113/2843 2112/2835
f 2111/3984 131/3969 2109/3983
f 2109/5806 2107/5804 2110/5799
f 2106/2834 2108/2847 2107/2842
f 1737/2841 2105/2855 2104/2849
f 2102/1504 9/1505 2103/1511
f 2070/2181 2429/2206 2430/2185
f 982/2135 2084/2152 1768/2143
f 1768/2143 1010/2130 982/2135
f 2225/3093 2101/3099 2100/3096
f 2097/1593 2099/1606 2098/1613
f 2063/3146 2092/3158 2066/3159
f 982/2135 897/2153 2074/2161
f 897/2153 2096/2187 2095/2174
f 2074/2161 897/2153 2095/2174
f 2074/2161 2095/2174 2094/2188
f 2096/2187 2094/2188 2095/2174
f 2092/5754 2093/5749 2068/5740
f 2090/2549 927/2558 2091/2553
f 2088/1600 2097/1593 2089/1581
f 2089/1581 2265/1605 2088/1600
f 2091/2553 2295/2550 2090/2549
f 2086/3100 2087/3123 875/3116
f 2058/2171 2085/2162 2084/2152
f 1039/2192 2083/2201 2082/2211
f 2081/2235 1090/2213 258/2230
f 2150/2179 2053/2194 2152/2169
f 2079/2231 2081/2235 2080/2240
f 2077/2222 2079/2231 2078/2234
f 2079/2231 2080/2240 2078/2234
f 2075/2204 2150/2179 2076/2195
f 2074/2161 2094/2188 2059/2182
f 2072/5741 2073/5728 2068/5740
f 2069/2160 2071/2180 2070/2181
f 2091/2553 927/2558 1775/2559
f 2066/5748 2068/5740 2067/5745
f 2063/3146 2065/3134 2064/3133
f 2062/1480 2061/1486 2060/1487
f 2059/2182 2058/2171 2074/2161
f 2315/4072 2058/4074 2059/4069
f 2056/2216 2070/2181 2057/2205
f 2053/2194 2055/2214 2054/2215
f 2054/2215 2138/2225 2057/2205
f 2057/2205 2138/2225 2056/2216
f 2075/2204 2137/2223 2055/2214
f 2077/2222 2078/2234 2136/2221
f 2082/2211 2083/2201 2136/2221
f 2134/2567 2092/2566 2135/2571
f 2131/2583 2133/2577 2132/2572
f 2128/2597 2130/2590 2129/2589
f 2352/5790 2123/5795 2121/5793
f 1990/3706 2120/3711 1740/3707
f 2114/3968 2117/3982 2033/3975
f 2108/2847 2127/2856 2126/2850
f 2104/2849 2108/2847 1737/2841
f 2108/2847 2106/2834 1737/2841
f 2123/5795 1740/5801 2120/5803
f 2126/2850 2127/2856 2151/2863
f 2126/5796 2121/5793 2110/5799
f 1990/3706 1740/3707 2125/3703
f 2124/2861 2105/2855 1737/2841
f 2121/5793 2123/5795 2122/5798
f 2122/5798 2118/5802 2121/5793
f 1987/3607 1997/3609 2047/3611
f 2107/2842 2109/2838 2106/2834
f 2041/3715 2120/3711 1991/3714
f 2122/5798 2123/5795 2120/5803
f 2110/5799 2121/5793 2118/5802
f 297/4381 377/4369 1913/4380
f 2109/2838 2112/2835 2106/2834
f 2118/5802 2119/5805 2117/5807
f 2110/5799 2115/5809 2109/5806
f 2111/3984 2109/3983 2115/3976
f 2117/5807 2115/5809 2110/5799
f 2119/5805 2118/5802 2122/5798
f 363/3952 2114/3968 2035/3962
f 2052/3622 1996/3617 1980/3614
f 372/4365 379/4361 274/4370
f 294/3635 2044/3629 345/3628
f 2115/3976 2117/3982 2114/3968
f 324/4367 1971/4384 1757/4385
f 294/3735 313/3729 2044/3731
f 1718/3630 334/3626 1978/3620
f 2043/4398 1756/4392 1973/4394
f 635/2840 2042/2837 350/2836
f 324/4367 1757/4385 1755/4378
f 1718/3630 2030/3631 334/3626
f 1973/4394 1757/4385 1971/4384
f 1985/3717 2041/3715 1991/3714
f 2040/3720 2041/3715 1985/3717
f 2039/3727 313/3729 2036/3725
f 2037/3615 1996/3617 2038/3621
f 2032/3724 1238/3728 2035/3726
f 1238/3728 2036/3725 313/3729
f 1238/3728 470/3730 2035/3726
f 316/3470 293/3478 2034/3477
f 2034/3477 291/3471 316/3470
f 2034/3477 366/3474 291/3471
f 2034/3477 226/3480 366/3474
f 1347/4372 1970/4377 324/4367
f 1358/3044 1174/3040 1910/3049
f 323/4363 1909/4360 1199/4359
f 2027/5287 1880/5291 1931/5290
f 2032/3724 2035/3726 2033/3722
f 2125/3703 2389/3702 1990/3706
f 2031/3624 2030/3631 265/3632
f 265/3632 345/3628 2031/3624
f 2051/3627 1996/3617 333/3623
f 1996/3617 2052/3622 333/3623
f 2051/3627 2030/3631 2031/3624
f 1992/3721 2050/3723 2036/3725
f 2036/3725 2050/3723 2039/3727
f 2031/3624 345/3628 2038/3621
f 2044/3629 2039/3625 2038/3621
f 2050/3618 2038/3621 2039/3625
f 1997/3609 2049/3604 1989/3608
f 1997/3609 1989/3608 2048/3613
f 1980/3614 1996/3617 2048/3613
f 2050/3723 1992/3721 2047/3718
f 2046/4401 1241/4407 2021/4403
f 1972/3463 380/3466 290/3465
f 329/4337 340/4334 247/4340
f 340/4334 329/4337 2045/4330
f 2034/3477 293/3478 226/3480
f 1998/4402 2462/4408 1999/4404
f 1998/4402 1999/4404 2043/4398
f 1996/3617 2037/3615 1997/3609
f 2023/3447 2462/3444 1981/3446
f 1993/5289 1995/5285 1994/5283
f 1977/3612 1979/3610 1736/3606
f 1992/3721 1983/3719 1986/3716
f 1990/3706 1984/3712 1991/3714
f 1980/3614 1989/3608 1979/3610
f 2049/3604 2397/3605 1989/3608
f 1984/3712 1988/3709 1987/3713
f 1987/3713 1986/3716 1984/3712
f 635/2840 1976/2848 1737/2841
f 2040/3720 1985/3717 1983/3719
f 1982/3448 1974/3456 289/3454
f 2049/3604 1997/3609 1987/3607
f 1983/3719 1985/3717 1984/3712
f 1973/3451 1982/3448 1981/3446
f 1986/3716 1983/3719 1984/3712
f 289/3454 1974/3456 1972/3463
f 1984/3712 1985/3717 1991/3714
f 1978/3620 1980/3614 1975/3616
f 1979/3610 1975/3616 1980/3614
f 1978/6281 1976/6283 635/6278
f 1737/2841 1976/2848 1977/2854
f 1975/3616 1977/3612 1976/3619
f 1978/3620 1975/3616 1976/3619
f 1979/3610 1977/3612 1975/3616
f 1973/3451 1971/3461 1974/3456
f 1972/3463 1974/3456 1971/3461
f 1970/4377 1972/4390 1971/4384
f 1967/5276 1969/5281 1968/5279
f 1965/4338 1952/4336 1958/4331
f 1959/4328 1937/4332 1966/4326
f 1964/4335 1965/4338 1958/4331
f 1959/4328 1966/4326 1963/4325
f 1938/3671 1376/3680 338/3676
f 1962/3658 1959/3662 1951/3655
f 1962/3658 1951/3655 4380/3657
f 1913/4380 377/4369 1911/4374
f 489/3684 1376/3680 250/3690
f 1950/3999 1961/4002 1836/4005
f 1960/3003 2011/2997 1258/2991
f 1796/3426 1918/3419 1378/3429
f 1831/2945 1266/2951 1263/2937
f 1958/4331 1952/4336 1959/4328
f 1877/2935 1908/2933 1862/2923
f 1956/5494 1261/5499 1957/5495
f 1955/3416 1845/3412 1380/3423
f 1926/3350 1126/3354 1119/3351
f 1953/3998 1950/3999 1954/4001
f 1959/3662 1952/3663 1951/3655
f 1836/4005 1842/4006 1950/3999
f 1949/4003 1950/3999 1842/4006
f 1912/3030 283/3029 1948/3034
f 1946/3035 1947/3033 1912/3030
f 1845/3412 1838/3410 1795/3420
f 1875/2926 1861/2934 1804/2943
f 1945/3430 1380/3423 1795/3420
f 1933/3436 1945/3430 1795/3420
f 1846/3006 1328/3000 1828/2996
f 1935/3039 1174/3040 1948/3034
f 1909/4360 1843/4368 378/4364
f 1942/3437 1944/3441 1943/3434
f 1931/5290 1995/5285 1993/5289
f 2046/4401 2021/4403 2020/4391
f 1931/4395 1880/4399 1929/4393
f 1968/5279 2026/5286 1241/5282
f 2029/3032 1835/3036 282/3031
f 2022/3450 1835/3459 2029/3460
f 1720/4000 1961/4002 1950/3999
f 1930/4386 1928/4379 2020/4391
f 1946/3035 1202/3041 2028/3042
f 1947/3033 1946/3035 2027/3038
f 2017/3028 2029/3032 282/3031
f 2024/3023 1912/3030 1969/3027
f 1968/5279 2443/5274 1967/5276
f 1982/3448 2022/3450 2023/3447
f 1204/3051 2028/3042 1202/3041
f 1928/4379 1843/4368 1755/4378
f 1202/3041 1946/3035 1359/3037
f 1993/5289 1994/5283 2027/5287
f 1845/3412 1839/3401 1838/3410
f 1969/5281 1947/5284 1994/5283
f 283/3029 2024/3023 2025/3026
f 2026/5286 1968/5279 2019/5288
f 2017/3028 282/3031 2025/3026
f 1950/3999 1953/3998 1721/3992
f 1933/3436 1720/3439 1945/3430
f 1871/6414 1423/6413 1870/6417
f 1704/2735 1896/2736 1529/2725
f 1826/6416 1423/6413 1869/6412
f 1259/6231 1943/6230 1258/6229
f 1379/6607 1943/6608 1259/6603
f 2025/3026 2024/3023 2018/3025
f 2012/3002 2013/3001 1941/2990
f 2024/3023 283/3029 1912/3030
f 2015/3020 2018/3025 2024/3023
f 2018/3455 2023/3447 2022/3450
f 1982/3448 289/3454 2022/3450
f 2021/4403 2026/4405 2019/4400
f 2021/4403 2019/4400 2020/4391
f 2020/4391 2019/4400 1995/4396
f 1969/5281 1994/5283 1968/5279
f 2025/3026 2018/3025 2017/3028
f 2015/3020 2024/3023 2016/3018
f 1969/3027 1967/3024 2024/3023
f 2023/3447 2018/3455 2435/3453
f 1952/3663 2014/3659 1951/3655
f 1951/3655 2014/3659 4375/3656
f 1965/4338 1964/4335 4373/4341
f 1965/3665 2014/3659 1952/3663
f 1965/3665 4372/3666 2014/3659
f 1958/4331 1963/4325 1964/4335
f 1963/4325 1958/4331 1959/4328
f 1833/3043 1834/3047 1935/3039
f 2013/3001 1954/3010 1949/3007
f 1828/2996 2013/3001 1949/3007
f 1949/3007 1846/3006 1828/2996
f 1945/3430 2402/3440 1942/3437
f 1720/4000 1933/4004 1961/4002
f 1380/3423 1942/3437 1943/3434
f 1380/3423 1945/3430 1942/3437
f 2012/3002 1953/3012 1954/3010
f 2434/3008 2012/3002 2011/2997
f 1955/6606 1379/6607 1259/6603
f 2006/2941 1861/2934 1851/2925
f 1944/6226 1960/6225 1258/6229
f 1943/6230 1944/6226 1258/6229
f 1870/5500 1424/5502 1564/5497
f 1564/2973 1424/2966 2010/2956
f 2011/2997 2012/3002 1873/2992
f 1870/5500 1957/5495 1261/5499
f 2010/2956 1424/2966 1804/2943
f 1170/2916 1566/2924 1864/2932
f 1793/2777 1881/2778 2009/2788
f 2006/2941 2010/2956 1804/2943
f 2009/2105 1515/2097 1793/2106
f 1852/2942 2008/2965 2007/2955
f 2006/2941 1852/2942 2007/2955
f 1857/2095 1461/2099 1820/2091
f 1886/2087 1857/2095 1820/2091
f 1875/6424 1826/6416 1824/6426
f 1563/5493 2004/5492 1957/5495
f 2005/3325 1112/3300 1907/3315
f 2004/5492 2461/5491 1956/5494
f 1957/5495 2004/5492 1956/5494
f 2008/2965 1852/2942 1903/2967
f 1850/3376 2461/3405 2001/3407
f 1897/3371 1786/3367 1373/3357
f 1904/3387 1897/3371 2003/3385
f 1897/3371 1850/3376 2003/3385
f 2451/3408 2002/3395 2001/3407
f 2002/3395 1850/3376 2001/3407
f 1904/3324 2408/3326 2000/3308
f 1908/6838 1878/6839 1513/6840
f 1900/2786 1881/2778 1892/2769
f 2005/3325 1907/3315 1906/3332
f 2408/3326 1906/3332 1907/3315
f 1900/2786 1905/2800 1856/2793
f 1892/2769 1246/2784 1901/2787
f 1888/2758 1882/2770 1792/2763
f 1510/2082 1886/2087 1820/2091
f 1876/2949 1902/2957 1852/2942
f 2000/3308 1789/3309 1904/3324
f 2005/3325 1903/3333 1902/3317
f 1895/4552 1099/4554 1052/4542
f 1852/2942 1902/2957 1903/2967
f 1901/2787 1900/2786 1892/2769
f 1899/3310 1112/3300 1902/3317
f 1898/2750 1888/2758 1792/2763
f 1850/3376 1897/3371 1372/3364
f 1529/2725 1896/2736 1894/2730
f 1896/4557 1895/4552 1894/4556
f 1788/3353 1373/3357 1787/3361
f 1111/3292 1760/3293 1128/3290
f 1895/4552 1051/4547 1894/4556
f 1246/2784 1891/2776 1890/2775
f 1888/2758 1898/2750 1893/2749
f 1891/2776 1892/2769 1887/2762
f 1890/2775 1891/2776 1887/2762
f 1889/2768 1890/2775 1887/2762
f 1887/2762 1888/2758 1854/2755
f 1848/2977 1847/2960 1257/2978
f 1900/2786 1856/2793 1881/2778
f 1892/2769 1891/2776 1246/2784
f 1886/2087 1818/2094 1857/2095
f 1247/2783 1885/2798 1884/2792
f 1855/2754 1883/2748 1858/2757
f 1827/2100 1857/2095 1818/2094
f 1190/2889 1172/2893 1822/2899
f 1792/2763 1882/2770 1881/2778
f 1892/2769 1881/2778 1882/2770
f 1900/2786 1901/2787 2171/2799
f 2009/2788 1881/2778 1856/2793
f 1193/5511 1880/5516 1204/5512
f 1879/4536 1056/4524 1821/4528
f 1866/6604 1260/6605 1791/6602
f 1878/2911 1877/2935 1851/2925
f 1908/2933 1877/2935 1878/2911
f 1876/2949 1877/2935 1863/2940
f 1826/6416 1875/6424 1464/6421
f 1372/3364 1049/3355 1874/3370
f 1848/2977 1873/2992 1872/2984
f 1865/5505 1870/5500 1261/5499
f 1867/6418 1871/6414 1870/6417
f 1869/6412 1829/6420 1826/6416
f 1831/2945 1868/2952 1847/2960
f 1868/2952 1867/2968 1847/2960
f 1867/5507 1865/5505 1866/5508
f 1866/5508 1865/5505 1260/5506
f 1252/2906 1190/2889 1832/2904
f 1515/2097 2009/2105 1827/2100
f 1862/2923 1864/2932 1863/2940
f 1860/2910 1851/2925 1861/2934
f 1875/2926 1860/2910 1861/2934
f 1382/3402 1192/3411 1840/3390
f 1859/2705 1858/2706 1225/2701
f 1905/2103 1857/2095 1856/2108
f 1827/2100 1856/2108 1857/2095
f 1853/2742 1855/2754 1854/2755
f 1311/2959 1266/2951 1830/2961
f 1877/2935 1852/2942 1851/2925
f 1850/3376 1849/3375 1956/3394
f 1847/2960 1848/2977 1830/2961
f 1840/3390 1192/3411 1838/3410
f 1846/4007 1949/4003 1842/4006
f 1839/3401 1845/3412 1791/3391
f 1839/3401 1791/3391 1841/3374
f 1868/6415 1869/6412 1871/6414
f 1831/2945 1470/2927 1868/2952
f 1869/6412 1868/6415 1470/6419
f 1872/2984 1873/2992 1941/2990
f 1310/2976 1830/2961 1872/2984
f 1310/2976 1872/2984 1941/2990
f 1250/2988 1305/3005 1940/3009
f 1937/3668 1939/3661 1938/3671
f 1874/3370 1849/3375 1372/3364
f 1936/4329 1937/4332 338/4333
f 1959/3662 1939/3661 1937/3668
f 1935/3039 1834/3047 317/3048
f 1934/3055 317/3048 1834/3047
f 317/3048 1934/3055 335/3052
f 1835/3459 2022/3450 289/3454
f 1111/3292 1126/3291 1926/3295
f 1932/3431 1933/3436 1795/3420
f 1846/4007 1842/4006 1296/4010
f 1378/3429 1837/3435 1796/3426
f 1933/4004 1932/4008 1836/4005
f 1796/3426 1837/3435 1932/3431
f 1877/2935 1862/2923 1863/2940
f 1916/3296 1925/3305 1171/3306
f 1910/3049 1318/3057 1196/3062
f 1197/3054 1203/3045 1910/3049
f 1914/4373 1930/4386 1929/4393
f 1930/4386 1995/4396 1931/4395
f 1194/4387 1929/4393 1915/4397
f 1914/4373 1843/4368 1928/4379
f 1811/3363 1129/3359 1175/3369
f 1111/3292 1926/3295 1927/3299
f 1788/3304 1927/3299 1926/3295
f 1889/2768 1854/2755 1858/2757
f 1855/2754 1858/2757 1854/2755
f 1889/2716 1919/2711 1921/2718
f 1885/4555 1894/4556 1051/4547
f 1889/2768 1887/2762 1854/2755
f 1267/3421 1918/3419 1192/3411
f 1170/2916 1862/2923 1513/2905
f 1170/2916 1864/2932 1862/2923
f 1901/2787 1246/2784 1884/2792
f 1923/4543 1901/4545 1884/4553
f 1820/2091 1816/2086 1510/2082
f 1876/2949 1863/2940 1925/2948
f 1112/3300 1899/3310 1925/3305
f 1112/3300 1925/3305 1916/3296
f 1056/4524 1879/4536 1050/4535
f 1923/4543 1924/4548 1879/4536
f 1893/2749 2247/2746 1853/2742
f 1854/2755 1893/2749 1853/2742
f 1889/2768 1247/2783 1890/2775
f 1921/2718 1247/2723 1889/2716
f 1247/2723 1921/2718 1922/2726
f 1921/2718 1917/2722 1922/2726
f 1896/4557 1099/4554 1895/4552
f 1704/2735 1099/2739 1896/2736
f 1051/4547 1920/4546 1885/4555
f 1922/2726 1885/2731 1247/2723
f 2336/2708 1919/2711 1859/2705
f 1171/3306 1925/3305 1864/3319
f 1170/2916 1513/2905 1173/2903
f 1860/2910 1832/2904 1822/2899
f 1918/3419 1838/3410 1192/3411
f 1908/2933 1513/2905 1862/2923
f 1529/2725 1917/2722 1625/2715
f 1760/3293 1916/3296 1153/3301
f 1916/3296 1760/3293 1111/3292
f 378/4364 1914/4373 1911/4374
f 1346/5514 296/5522 1759/5518
f 1759/5518 1193/5511 1346/5514
f 1880/5516 1193/5511 1915/5519
f 2028/3042 1204/3051 1880/3046
f 1911/4374 1914/4373 1194/4387
f 1929/4393 1194/4387 1914/4373
f 1205/5513 1206/5510 1201/5509
f 1201/5509 1193/5511 1204/5512
f 1913/5527 1759/5518 296/5522
f 1946/3035 1912/3030 1359/3037
f 1911/4374 1759/4388 1913/4380
f 317/3048 1318/3057 1910/3049
f 1358/3044 1910/3049 1203/3045
f 1909/4360 324/4367 1843/4368
f 1384/4009 1295/4012 1842/4006
f 1839/3401 1841/3374 1840/3390
f 1811/3363 1361/3389 1798/3382
f 1918/3419 1796/3426 1838/3410
f 1836/4005 1932/4008 1837/4011
f 1837/4011 1384/4009 1836/4005
f 1842/4006 1836/4005 1384/4009
f 1833/3464 1835/3459 289/3454
f 335/3052 1934/3055 1834/3047
f 335/3052 1833/3043 1725/3056
f 290/3465 1725/3467 1833/3464
f 1834/3047 1833/3043 335/3052
f 489/4339 250/4344 248/4342
f 1832/2904 1824/2917 1252/2906
f 1832/2904 1860/2910 1824/2917
f 1470/2927 1731/2912 1829/2918
f 1830/2961 1266/2951 1831/2945
f 1847/2960 1830/2961 1831/2945
f 1829/6420 1252/6423 1826/6416
f 1312/2989 1828/2996 1328/3000
f 1831/2945 1263/2937 1470/2927
f 1823/2092 1827/2100 1818/2094
f 1310/2976 1312/2989 1254/2975
f 1825/6425 1826/6416 1252/6423
f 1825/6425 1824/6426 1826/6416
f 1825/6425 1252/6423 1824/6426
f 1470/2927 1275/2913 1731/2912
f 1190/2889 1822/2899 1832/2904
f 1515/2097 1827/2100 1823/2092
f 1513/2905 1878/2911 1822/2899
f 1624/4518 1501/4515 1819/4523
f 1821/4528 1624/4518 1819/4523
f 1820/4540 1461/4541 1815/4529
f 1460/4534 1819/4523 1815/4529
f 1460/4534 1821/4528 1819/4523
f 1823/2092 1818/2094 1817/2090
f 1817/2090 1818/2094 1886/2087
f 1815/4529 1501/4515 1816/4531
f 1816/4531 1820/4540 1815/4529
f 1829/2918 1731/2912 1252/2906
f 2800/2476 2715/2470 2801/2482
f 2638/2541 2639/2547 2719/2545
f 1445/756 1492/654 1814/719
f 2699/4884 2635/4888 2636/4885
f 1735/814 1668/863 1646/816
f 2252/2759 2198/2765 2199/2751
f 648/4751 700/4752 674/4753
f 2533/2428 2629/2417 2574/2422
f 1574/1206 1813/1187 1571/1199
f 1436/937 1416/889 1438/888
f 585/198 593/188 499/199
f 1805/1200 1813/1187 1574/1206
f 1071/4544 1063/4532 1054/4533
f 1207/2028 1489/2024 803/2019
f 904/3822 2231/3829 1812/3835
f 1052/4542 1035/4550 1033/4537
f 1340/6462 1381/6465 1256/6468
f 1459/1870 4246/1878 1572/1879
f 3228/6524 3249/6522 3229/6518
f 4587/2295 1707/2313 1708/2307
f 1732/6123 1744/6120 1686/6122
f 1286/213 152/203 238/192
f 862/819 947/840 945/868
f 4944/1409 654/1403 4945/1410
f 874/5081 1612/5077 1613/5082
f 838/602 850/632 794/633
f 1844/2145 1010/2130 1768/2143
f 1914/4373 1928/4379 1930/4386
f 568/388 549/456 423/441
f 1326/269 1321/277 1280/289
f 288/3977 310/3965 487/3971
f 273/3636 253/3639 211/3634
f 1114/438 1115/419 1239/402
f 355/3937 351/3934 342/3930
f 2013/3001 2012/3002 1954/3010
f 532/549 536/550 521/610
f 1298/2432 1808/2421 1703/2431
f 1752/4433 1579/4430 1450/4436
f 1560/1885 1728/1881 1400/1873
f 3231/2363 4597/2344 2492/2350
f 1806/2254 2580/2250 1807/2257
f 1575/1207 1799/1193 1805/1200
f 1748/1889 1728/1881 1560/1885
f 1560/1885 1562/1894 1771/1891
f 1745/815 1641/788 1662/839
f 1464/6421 1804/6427 1424/6422
f 1802/5236 4565/5240 1803/5231
f 2298/5216 1801/5213 1800/5211
f 937/2125 933/2121 934/2124
f 1049/3355 1129/3359 1811/3363
f 1810/5208 1800/5211 1801/5213
f 1800/5211 1810/5208 2304/5210
f 1606/4583 1541/4580 1524/4572
f 1640/2617 1693/2624 1649/2615
f 777/4777 696/4770 1681/4781
f 1586/5074 1593/5072 1809/5071
f 1690/2625 1653/2623 1684/2638
f 1627/792 1633/766 1652/791
f 1613/2079 1612/2083 1610/2075
f 802/2034 1683/2027 1207/2028
f 1488/2002 1497/1991 800/1999
f 916/3830 1106/3828 980/3834
f 2431/3104 2582/3115 2422/3108
f 1671/871 1634/842 4946/898
f 1635/726 1638/787 1632/729
f 1732/6123 1686/6122 1688/6126
f 1631/899 1629/843 1779/873
f 1780/4791 778/4787 777/4777
f 1488/2002 1643/2007 1490/2012
f 1645/2039 1618/2050 1516/2040
f 1773/2612 1649/2615 1694/2619
f 2201/2809 2202/2813 2208/2795
f 1032/2116 930/2120 932/2117
f 1627/792 1671/871 1779/873
f 2493/6118 2496/6110 2492/6117
f 921/2675 1778/2664 1784/2643
f 1777/2728 1650/2738 1096/2733
f 1086/2721 1666/2720 1777/2728
f 1514/2085 1506/2089 1776/2093
f 1394/4450 1405/4443 1578/4447
f 1124/3386 1133/3365 1138/3377
f 1635/726 1745/815 1638/787
f 1167/2898 1169/2908 1173/2903
f 1604/4566 1524/4572 1542/4573
f 1654/2618 1651/2613 1092/2621
f 1520/4598 1589/4605 1587/4606
f 1598/4587 1521/4592 1519/4599
f 1660/6121 1534/6129 1687/6125
f 779/4771 713/4775 1716/4772
f 1622/2045 1444/2057 1443/2046
f 1611/2081 1615/2084 1506/2089
f 1774/2565 1800/2562 1775/2559
f 1653/2623 1690/2625 1773/2612
f 823/462 732/484 720/500
f 2011/2997 1873/2992 1848/2977
f 182/475 485/443 174/457
f 1561/1888 1572/1879 1772/1887
f 1770/4445 1754/4439 1747/4435
f 1569/6809 1571/6810 1568/6811
f 1567/1898 1771/1891 1558/1897
f 1770/1245 1746/1243 1449/1233
f 1456/1220 1451/1228 1575/1207
f 1643/2007 803/2019 1490/2012
f 1502/4514 1528/4517 1769/4522
f 1462/1896 1561/1888 1799/1893
f 1410/1895 1748/1889 1771/1891
f 1492/654 1448/755 1070/718
f 1382/3402 1798/3382 1160/3400
f 1428/2031 1443/2046 1753/2041
f 1565/4425 1412/4420 1794/4422
f 1408/2891 1407/2887 1452/2895
f 1388/1219 1454/1227 1568/1205
f 186/444 174/457 488/408
f 1455/1234 1449/1233 1746/1243
f 1366/287 1324/260 1797/276
f 1389/4454 1395/4451 1511/4452
f 1449/4448 1397/4444 1770/4445
f 1442/890 1422/917 1105/862
f 1458/4426 1404/4434 1439/4431
f 1466/687 1485/685 1044/620
f 1279/298 1472/308 1265/318
f 1134/3303 1117/3307 1138/3314
f 626/163 267/175 362/184
f 1140/3302 1117/3307 1121/3294
f 1338/212 238/192 157/191
f 621/64 1705/63 609/81
f 1249/2982 1303/2998 1304/3004
f 474/360 465/337 468/374
f 1365/307 1283/331 1368/317
f 1883/2748 1855/2754 1853/2742
f 1567/1898 1410/1895 1771/1891
f 1233/6762 1110/6763 1187/6764
f 1838/3410 1796/3426 1795/3420
f 1382/3402 1256/3422 1191/3415
f 1180/3050 1357/3058 1200/3053
f 1794/1902 1483/1903 1409/1899
f 147/4348 328/4343 325/4345
f 2018/3025 2029/3032 2017/3028
f 1019/6140 1743/6141 758/6142
f 1793/2777 1792/2763 1881/2778
f 1790/3383 1841/3374 1791/3391
f 1789/3309 1788/3304 1786/3316
f 1788/3304 1787/3327 1786/3316
f 1493/655 1494/619 1480/686
f 1123/3356 1133/3365 1137/3366
f 1133/3365 1113/3378 1137/3366
f 1785/2628 1784/2643 1672/2635
f 1782/5777 3107/5773 1783/5764
f 1782/5777 1783/5764 3022/5772
f 1176/6765 1187/6764 1360/6766
f 1230/356 1228/385 1362/403
f 378/4364 379/4361 1909/4360
f 534/497 520/513 541/482
f 1781/571 683/545 676/526
f 1748/1889 1482/1882 1728/1881
f 668/1286 1211/1320 1761/1306
f 1120/3297 1128/3290 1760/3293
f 1150/3379 1237/3380 1239/3398
f 1759/4388 1911/4374 1194/4387
f 726/524 837/492 849/508
f 1218/666 847/733 842/734
f 846/2166 1758/2151 842/2157
f 1467/2894 1406/2890 1469/2886
f 1467/6664 1342/6663 1406/6661
f 790/624 1209/593 1100/662
f 1755/4378 1757/4385 1756/4392
f 1235/384 1239/402 1115/419
f 1075/4512 1061/4527 1064/4520
f 1162/2901 1166/2892 1046/2902
f 1166/2892 1468/2888 1500/2897
f 814/544 939/569 1749/542
f 1754/4439 1770/4445 1397/4444
f 1065/4526 1665/4516 1064/4520
f 1163/2909 1168/2921 1169/2908
f 1163/2909 1165/2896 1162/2901
f 1795/3420 1380/3423 1845/3412
f 1665/4516 1527/4513 1075/4512
f 1421/940 1427/962 1753/983
f 1411/4427 1747/4435 1398/4432
f 1752/4433 1747/4435 1411/4427
f 954/895 763/874 957/924
f 1751/989 769/999 767/972
f 766/947 1106/971 1751/989
f 4606/5756 3172/5763 1783/5764
f 53/1560 678/1558 755/1557
f 943/5369 1015/5370 1017/5371
f 1434/1225 1512/1230 1498/1210
f 2325/2362 2341/2355 2324/2366
f 1768/2143 1767/2172 995/2155
f 2176/5251 1108/5249 4919/5246
f 799/2199 1028/2190 1026/2177
f 946/817 869/764 859/818
f 744/2144 831/2146 1009/2126
f 819/1507 1766/1503 1765/1499
f 4586/2306 4588/2309 4554/2320
f 1031/5376 1022/5378 977/5381
f 1764/3816 878/3819 979/3823
f 770/3820 1764/3816 979/3823
f 1763/6235 707/6236 879/6237
f 354/2852 343/2844 1762/2845
f 2591/2467 2479/2461 2480/2462
f 1743/554 759/581 721/516
f 3231/2363 3235/2367 3230/2368
f 77/711 427/712 437/647
f 707/6236 770/6244 979/6240
f 795/697 847/733 1218/666
f 866/928 1098/950 810/905
f 915/3817 1751/3824 1106/3828
f 800/1999 1497/1991 1217/1995
f 779/4771 697/4778 780/4783
f 1140/3302 1120/3297 1153/3301
f 751/597 740/567 724/523
f 791/563 781/562 807/520
f 1488/2002 800/1999 1643/2007
f 788/601 1214/592 782/625
f 871/727 789/667 782/625
f 1750/1984 1497/1991 1580/1992
f 836/509 814/544 1749/542
f 2195/2741 2182/2744 2184/2745
f 1088/502 1145/501 1210/536
f 1221/488 1080/485 1226/435
f 947/840 862/819 870/789
f 849/508 836/509 1749/542
f 846/796 889/732 797/741
f 721/516 732/484 731/515
f 566/394 1234/401 1130/436
f 826/447 827/411 722/446
f 1135/3360 1123/3356 1137/3366
f 806/2033 1207/2028 669/2026
f 749/652 747/683 750/604
f 1743/554 1019/614 759/581
f 829/461 1131/453 835/486
f 465/337 462/348 563/325
f 813/2030 1487/2018 1683/2027
f 1452/1886 1748/1889 1408/1892
f 1428/2031 1425/2025 1644/2029
f 671/1334 670/1304 657/1305
f 670/1304 4078/1295 657/1305
f 585/198 497/217 594/223
f 701/728 1213/693 790/624
f 714/5085 1696/5084 1614/5083
f 1694/2619 1653/2623 1773/2612
f 1747/4435 1746/4441 1770/4445
f 1752/4433 1746/4441 1747/4435
f 1734/4797 685/4786 4950/4800
f 1745/815 1744/865 1732/837
f 4952/2660 1689/2649 4953/2670
f 1465/4418 1573/4421 1466/4424
f 874/5081 1589/5078 1612/5077
f 672/2042 663/2037 806/2033
f 1207/2028 806/2033 663/2037
f 1642/763 1102/762 1735/814
f 1586/5074 1612/5077 1589/5078
f 693/2058 690/2064 646/2069
f 693/2058 646/2069 710/2074
f 1682/4766 655/4760 709/4756
f 1695/4804 1734/4797 4951/4803
f 1696/4799 714/4795 717/4784
f 712/4785 717/4784 714/4795
f 939/569 814/544 1733/629
f 1732/837 1688/864 1638/787
f 1218/666 843/698 729/630
f 731/515 743/553 1743/554
f 534/497 642/496 535/529
f 1575/1904 1451/1908 1462/1896
f 2453/3425 2456/3418 2001/3407
f 2042/2837 635/2840 1737/2841
f 471/3067 612/3074 299/3070
f 1810/5208 2425/5212 2296/5209
f 499/5989 140/5990 348/5991
f 1742/4414 1741/4412 2438/4417
f 1740/3707 1739/3704 2125/3703
f 146/4353 326/4350 241/4355
f 496/154 624/146 637/136
f 607/72 1705/63 1738/53
f 167/3924 208/3935 185/3931
f 1737/2841 1736/2860 2124/2861
f 1725/3467 292/3469 243/3472
f 195/4375 372/4365 274/4370
f 207/3929 371/3933 367/3936
f 2439/3335 2409/3340 2410/3337
f 185/3931 1715/3940 199/3932
f 251/169 221/151 150/150
f 1472/6464 1288/6463 1265/6467
f 300/3645 1713/3649 279/3647
f 236/5623 315/5631 1724/5626
f 630/83 631/106 597/86
f 1375/3087 612/3074 154/3086
f 2453/5496 1723/5498 1722/5501
f 1723/5498 2447/5504 1722/5501
f 1720/4000 1950/3999 1721/3992
f 1945/3430 1720/3439 1721/3442
f 2036/3725 1238/3728 2032/3724
f 1719/3652 369/3653 281/3651
f 491/3654 369/3653 1719/3652
f 265/3632 1718/3630 136/3637
f 354/2852 1717/2857 355/2864
f 1713/3649 281/3651 279/3647
f 1251/2900 1731/2912 1275/2913
f 1353/299 1354/309 1178/320
f 372/5622 307/5617 1730/5625
f 1199/5630 1730/5625 307/5617
f 534/497 547/465 545/481
f 440/583 421/556 443/517
f 1666/2720 1086/2721 1729/2714
f 1497/1991 1750/1984 1486/1987
f 620/126 631/106 619/117
f 1399/1875 1728/1881 1482/1882
f 1726/2773 2248/2760 1727/2766
f 1680/4767 718/4769 655/4760
f 1680/4767 1716/4772 718/4769
f 802/2034 813/2030 1683/2027
f 488/408 483/392 1715/427
f 186/444 488/408 1715/427
f 577/293 506/305 505/315
f 427/712 439/679 437/647
f 2126/2850 2107/2842 2108/2847
f 858/841 954/895 771/894
f 538/512 639/574 536/550
f 673/430 643/463 553/448
f 539/417 433/381 528/416
f 1714/677 518/678 525/576
f 584/207 594/223 5048/224
f 224/90 637/136 622/125
f 166/144 605/153 637/136
f 234/3950 175/3944 278/3939
f 622/125 336/103 224/90
f 199/3932 169/3920 185/3931
f 626/163 623/155 624/146
f 1286/213 1319/239 1375/230
f 235/3494 163/3487 331/3486
f 1705/63 621/64 629/45
f 596/75 615/54 597/86
f 627/50 4523/47 638/39
f 570/176 604/178 583/196
f 603/148 570/176 5050/165
f 602/292 561/272 600/301
f 1713/5599 212/5603 486/5593
f 632/73 268/92 630/83
f 1109/386 1236/421 1242/422
f 637/136 224/90 166/144
f 582/6609 361/6610 360/6611
f 507/2880 512/2883 513/2882
f 1712/3075 1195/3068 298/3061
f 462/348 562/362 509/350
f 1383/4018 1711/4014 1384/4009
f 1146/344 1227/369 1232/355
f 488/408 174/457 485/443
f 462/348 509/350 510/338
f 1279/298 1265/318 1179/332
f 1362/403 472/420 1230/356
f 459/531 458/514 541/482
f 398/715 426/649 439/679
f 1709/2335 1706/2321 1710/2312
f 518/678 524/646 525/576
f 529/451 455/466 540/434
f 641/551 438/612 550/552
f 438/612 641/551 523/577
f 421/556 412/626 461/564
f 1706/2321 1708/2307 1707/2313
f 410/663 412/626 419/695
f 461/564 413/565 414/521
f 418/754 425/753 5056/807
f 404/4931 526/4932 435/4933
f 426/649 397/751 386/750
f 3187/3554 3188/3555 3241/3532
f 1703/2377 1702/2375 3227/2371
f 1700/2444 2477/2449 1701/2440
f 1701/2440 2484/2433 1700/2444
f 1702/2437 1703/2431 3218/2425
f 4581/2259 1806/2254 1807/2257
f 1697/5823 1699/5828 1698/5819
f 2502/6784 2453/6783 2447/6782
f 1588/2059 691/2053 805/2049
f 1607/4604 1695/4612 1678/4610
f 1704/2735 1529/2725 1085/2729
f 672/2042 715/2047 663/2037
f 1525/4590 1655/4600 1540/4596
f 708/4761 1680/4767 1682/4766
f 1681/4781 695/4776 685/4786
f 714/5085 1679/5086 688/5087
f 1679/5086 776/5089 688/5087
f 1608/4805 1674/4802 1676/4801
f 779/4771 1680/4767 708/4761
f 1614/2076 711/2070 1679/2080
f 710/2074 1679/2080 711/2070
f 1582/2054 691/2053 864/2065
f 1628/694 1630/793 761/767
f 1676/4801 1674/4802 1677/4798
f 1675/4588 1601/4577 1541/4580
f 1609/4792 1674/4802 1608/4805
f 1678/4610 1695/4612 4954/4614
f 1696/4799 716/4793 874/4794
f 1526/4594 1675/4588 1606/4583
f 4963/4768 708/4761 4964/4765
f 874/4608 1587/4606 1589/4605
f 1676/4801 1695/4804 1608/4805
f 1609/4601 1608/4607 1526/4594
f 1609/4792 778/4787 1677/4798
f 1525/4590 1601/4577 1675/4588
f 652/1389 718/1402 689/1405
f 1692/2630 1647/2639 1689/2649
f 1692/2630 1640/2617 1647/2639
f 1540/4596 1607/4604 1678/4610
f 1634/842 1652/791 1694/870
f 1634/842 1694/870 1693/896
f 1693/896 1692/986 4965/966
f 4953/2670 1556/2659 4968/2678
f 1670/2631 1691/2620 1690/2625
f 1649/2615 1693/2624 1694/2619
f 1773/2612 1690/2625 1691/2620
f 1640/2617 1648/2611 1636/2614
f 1547/2648 1689/2649 1647/2639
f 1670/6131 1684/6136 1688/6126
f 1670/6131 1688/6126 1669/6128
f 1686/6122 1687/6125 1669/6128
f 1685/3109 876/3117 2431/3104
f 1652/791 1659/919 1684/921
f 1638/787 1745/815 1732/837
f 1745/815 1635/726 1641/788
f 1669/6128 1687/6125 1534/6129
f 1669/6128 1534/6129 1550/6134
f 1656/2717 1657/2713 1646/2719
f 946/817 870/789 869/764
f 1035/6501 1095/6498 1036/6500
f 4207/1988 1580/1992 1434/1996
f 1610/2075 1623/2067 864/2065
f 1696/5084 874/5081 1614/5083
f 1582/2054 1623/2067 1620/2060
f 1642/763 1735/814 1646/816
f 1662/839 1641/788 1657/838
f 3195/5811 3193/5814 3206/5818
f 1388/1219 1511/1232 1578/1239
f 1683/2027 1487/2018 1489/2024
f 1645/2039 1518/2035 813/2030
f 693/2058 1588/2059 694/2048
f 1561/1888 1559/1884 1572/1879
f 1616/2061 1517/2051 1618/2050
f 1652/791 1632/729 1638/787
f 1072/691 1503/761 1664/786
f 1546/2658 1647/2639 1637/2650
f 1657/838 1641/788 1646/816
f 813/2030 1581/2044 1645/2039
f 1581/2044 1618/2050 1645/2039
f 1415/861 1416/889 1426/916
f 647/1371 645/1377 652/1389
f 775/2043 1581/2044 813/2030
f 1489/2024 1207/2028 1683/2027
f 1518/2035 1644/2029 813/2030
f 776/5089 646/5091 688/5087
f 691/2053 1582/2054 775/2043
f 775/2043 805/2049 691/2053
f 1644/2029 1487/2018 813/2030
f 1643/2007 800/1999 804/2006
f 1641/788 1635/726 1642/763
f 1547/2648 1647/2639 1546/2658
f 1640/2617 1637/2650 1647/2639
f 1744/865 1745/815 1661/866
f 1638/787 1688/864 1639/892
f 2190/2679 2255/2682 2189/2661
f 1636/6735 1546/6736 1637/6737
f 1632/729 1100/662 1635/726
f 717/4784 779/4771 780/4783
f 1671/871 1627/792 1634/842
f 1633/766 1632/729 1652/791
f 771/894 873/869 858/841
f 1634/842 1627/792 1652/791
f 663/2037 694/2048 774/2038
f 869/764 871/727 1213/693
f 870/789 862/819 861/765
f 1211/2017 1208/2023 804/2006
f 762/820 1630/793 765/845
f 1630/793 1629/843 764/872
f 857/700 855/739 786/631
f 701/728 1628/694 761/767
f 869/764 1213/693 701/728
f 702/790 978/844 858/841
f 762/820 761/767 1630/793
f 1631/899 764/872 1629/843
f 1630/793 1627/792 1629/843
f 1627/792 1630/793 1628/694
f 1548/2640 1551/2652 1554/2633
f 1626/2654 1554/2633 1551/2652
f 1627/792 1779/873 1629/843
f 1625/2715 1729/2714 1086/2721
f 1097/3175 868/3177 975/3167
f 1631/899 760/923 764/872
f 1673/2644 1672/2635 1784/2643
f 760/923 1631/899 4971/946
f 1784/2643 1785/2628 2233/2645
f 4955/945 1671/871 4974/967
f 1631/899 1779/873 1671/871
f 1547/2648 1556/2659 1689/2649
f 1554/2633 2224/2642 1093/2627
f 1628/694 1633/766 1627/792
f 1669/6128 1688/6126 1686/6122
f 1633/766 1628/694 1632/729
f 1670/2631 1537/2632 1691/2620
f 1669/6128 1537/6135 1670/6131
f 1100/662 1632/729 1628/694
f 1628/694 790/624 1100/662
f 1101/660 1102/762 1642/763
f 1666/2720 1668/2724 1667/2727
f 1550/6134 1537/6135 1669/6128
f 1444/4521 1527/4513 1665/4516
f 1105/862 1444/918 1665/891
f 1663/2732 1664/2737 1650/2738
f 1650/2738 1664/2737 1503/2740
f 1553/2626 1548/2640 1554/2633
f 1531/2704 1662/2712 1658/2709
f 1661/6124 1662/6130 1533/6127
f 1660/6121 1661/6124 1533/6127
f 1659/919 1638/787 1639/892
f 1639/892 1684/921 1659/919
f 1533/6127 1662/6130 1531/6133
f 1657/2713 1530/2707 1658/2709
f 1657/2713 1656/2717 1530/2707
f 1607/4604 1655/4600 1526/4594
f 1654/2618 1544/2622 1636/2614
f 864/2065 1623/2067 1582/2054
f 1652/791 1684/921 1653/897
f 1094/2616 1651/2613 1773/2612
f 1096/6499 1650/6502 1036/6500
f 1640/2617 1692/2630 1693/2624
f 1648/2611 1640/2617 1649/2615
f 1773/2612 1648/2611 1649/2615
f 1637/6737 1640/6738 1636/6735
f 1112/3300 2000/3308 1907/3315
f 918/3839 912/3857 1557/3848
f 2187/2663 2220/2681 2191/2688
f 1545/2637 1556/2659 1547/2648
f 4935/2832 1555/2826 4975/2833
f 1553/2626 1554/2633 1094/2616
f 2222/2687 2223/2674 1224/2686
f 2238/2641 2189/2661 2233/2645
f 2231/3829 2232/3849 2235/3842
f 1552/2672 1626/2654 1551/2652
f 1551/2652 1549/2671 1552/2672
f 1551/2652 1536/2651 1549/2671
f 1550/6134 1549/6137 1536/6139
f 1534/6129 1549/6137 1550/6134
f 1686/6122 1660/6121 1687/6125
f 1551/2652 1548/2640 1536/2651
f 1544/2622 1545/2637 1547/2648
f 2178/6406 2179/6403 2207/6405
f 1636/6735 1544/6739 1546/6736
f 1547/2648 1546/2658 1544/2622
f 1543/2629 1545/2637 1544/2622
f 1601/4577 1542/4573 1541/4580
f 1655/4600 1607/4604 1540/4596
f 2168/4567 2167/4570 2175/4574
f 1539/2781 1538/2789 2217/2794
f 1093/2627 2226/2653 2238/2641
f 1548/2640 1537/2632 1536/2651
f 1550/6134 1536/6139 1537/6135
f 1535/6132 1533/6127 1531/6133
f 1535/6132 1534/6129 1533/6127
f 1532/2700 1535/2685 1531/2704
f 1530/2707 1532/2700 1531/2704
f 1529/2725 1625/2715 1086/2721
f 1444/4521 1528/4517 1527/4513
f 1859/2705 1919/2711 1858/2706
f 1917/2722 1921/2718 1625/2715
f 1920/4546 1884/4553 1885/4555
f 1525/4590 1675/4588 1526/4594
f 1522/4579 1524/4572 1523/4575
f 1521/4592 1520/4598 1519/4599
f 1517/2051 1509/2068 1504/2062
f 1428/2031 1518/2035 1516/2040
f 2196/2764 1792/2763 1793/2777
f 1516/2040 1618/2050 1517/2051
f 1514/2085 1776/2093 1515/2097
f 1172/2893 1513/2905 1822/2899
f 1511/1232 1386/1226 1512/1230
f 1506/2089 1514/2085 1611/2081
f 1505/2073 1508/2077 1510/2082
f 1886/2087 1510/2082 1508/2077
f 1508/2077 1505/2073 1509/2068
f 1507/2098 1506/2089 1809/2096
f 1505/2073 1504/2062 1509/2068
f 1503/6505 1036/6500 1650/6502
f 1215/6506 1036/6500 1503/6505
f 1075/4512 1502/4514 1501/4515
f 1753/983 1443/963 1421/940
f 1075/4512 1624/4518 1056/4524
f 1769/2056 1528/2063 1622/2045
f 1501/4515 1624/4518 1075/4512
f 1105/862 1392/836 1442/890
f 1610/2075 1621/2071 1623/2067
f 1502/4514 1527/4513 1528/4517
f 1458/4426 1439/4431 1447/4429
f 1616/2061 1509/2068 1517/2051
f 1619/2072 1611/2081 1508/2077
f 1621/2071 1611/2081 1619/2072
f 1622/2045 1443/2046 1428/2031
f 1516/2040 1622/2045 1428/2031
f 1622/2045 1516/2040 1517/2051
f 1623/2067 1621/2071 1620/2060
f 1215/6506 1503/6505 1057/6508
f 1509/2068 1616/2061 1619/2072
f 1073/622 1062/589 1060/659
f 1616/2061 1618/2050 1617/2055
f 1644/2029 1518/2035 1428/2031
f 1585/2088 1615/2084 1610/2075
f 864/2065 1614/2076 1613/2079
f 1726/2773 1727/2766 2219/2780
f 1610/2075 1612/2083 1585/2088
f 1610/2075 1615/2084 1611/2081
f 1605/4593 1519/4599 703/4602
f 1621/2071 1610/2075 1611/2081
f 2163/4562 2164/4569 2167/4570
f 1609/4601 1605/4593 703/4602
f 1526/4594 1608/4607 1607/4604
f 1655/4600 1525/4590 1526/4594
f 874/4608 703/4602 1519/4599
f 1606/4583 1598/4587 1605/4593
f 1602/4568 1604/4566 1603/4564
f 2174/4563 1602/4568 1603/4564
f 1540/4596 1678/4610 4960/4611
f 4932/4582 1599/4585 4979/4589
f 1523/4575 1594/4578 1522/4579
f 1523/4575 1600/4571 1594/4578
f 2174/2111 2181/2112 2173/2109
f 1605/4593 1609/4601 1526/4594
f 1540/4596 1599/4585 1525/4590
f 1520/4598 1521/4592 1597/4586
f 1590/4597 1597/4586 1596/4591
f 1590/4597 1520/4598 1597/4586
f 1522/4579 1521/4592 1598/4587
f 1597/4586 1594/4578 1596/4591
f 1594/2107 1507/2098 1596/2104
f 1594/2107 1600/2110 1595/2102
f 1595/2102 1507/2098 1594/2107
f 1586/5074 1583/5076 1593/5072
f 2579/6108 2566/6105 3223/6104
f 1591/2238 2503/2249 1592/2244
f 1589/5078 1590/5080 1583/5076
f 693/2058 692/2066 1588/2059
f 1589/5078 1583/5076 1586/5074
f 1520/4598 1590/4597 1589/4605
f 874/4608 1519/4599 1587/4606
f 1586/5074 1585/5075 1612/5077
f 1590/5080 1584/5079 1583/5076
f 1584/5079 1593/5072 1583/5076
f 1581/2044 775/2043 1582/2054
f 1582/2054 1620/2060 1581/2044
f 1497/1991 1433/2000 1580/1992
f 1438/888 1435/958 1436/937
f 1386/1226 1511/1232 1388/1219
f 1539/2781 2219/2780 1538/2789
f 1579/4430 1752/4433 1411/4427
f 1565/4425 1579/4430 1411/4427
f 1578/4447 1511/4452 1395/4451
f 1432/1238 1389/1244 1511/1232
f 1456/1220 1457/1240 1455/1234
f 1512/1230 1434/1225 1432/1238
f 1576/6511 3182/6514 1577/6517
f 3229/6518 1576/6511 1577/6517
f 4216/1198 1385/1212 1568/1205
f 1575/1207 1574/1206 1456/1220
f 1574/1206 1570/1213 1456/1220
f 1573/4421 1412/4420 1446/4423
f 4245/1188 1805/1200 1799/1193
f 1559/1884 1400/1873 1572/1879
f 1772/1887 1799/1893 1561/1888
f 1561/1888 1462/1896 1562/1894
f 1398/4432 1458/4426 1411/4427
f 1574/1206 1571/1199 1570/1213
f 1569/1221 1568/1205 1570/1213
f 1570/1213 1571/1199 1569/1221
f 1456/1220 1570/1213 1568/1205
f 1567/1898 1558/1897 1463/1905
f 1451/1228 1456/1220 1455/1234
f 1574/1206 1575/1207 1805/1200
f 1040/2930 1566/2924 1169/2908
f 1567/1898 1565/1901 1410/1895
f 1957/5495 1564/5497 1563/5493
f 1771/1891 1562/1894 1558/1897
f 1559/1884 1561/1888 1560/1885
f 1473/2954 1336/2938 1276/2962
f 1463/1905 1579/1906 1567/1898
f 1869/6412 1470/6419 1829/6420
f 1560/1885 1561/1888 1562/1894
f 1558/1897 1562/1894 1462/1896
f 1337/6660 1453/6659 1471/6662
f 2006/2941 1804/2943 1861/2934
f 1165/2896 1166/2892 1162/2901
f 1392/836 1415/861 1442/890
f 1251/2900 1467/2894 1190/2889
f 1470/2927 1263/2937 1264/2919
f 1190/2889 1467/2894 1469/2886
f 1407/2887 1468/2888 1164/2885
f 1251/2900 1344/2907 1467/2894
f 1344/2907 1251/2900 1275/2913
f 1465/722 1466/687 1045/656
f 2424/5742 2472/5737 2427/5747
f 1464/6421 1423/6413 1826/6416
f 1451/1908 1463/1905 1462/1896
f 1723/5498 1563/5493 1564/5497
f 1815/4529 1461/4541 1460/4534
f 2171/4539 1460/4534 1461/4541
f 1420/811 1415/861 1392/836
f 1400/1873 1459/1870 1572/1879
f 1446/4423 1412/4420 1458/4426
f 1454/1227 1457/1240 1456/1220
f 4598/4034 4580/4039 2516/4040
f 1449/1233 1455/1234 1454/1227
f 1342/6663 1453/6659 1406/6661
f 1453/6659 1452/6658 1406/6661
f 1463/1905 1451/1908 1450/1909
f 1455/1234 1450/1241 1451/1228
f 1463/1905 1558/1897 1462/1896
f 1455/1234 1457/1240 1454/1227
f 1578/1239 1449/1233 1388/1219
f 1578/4447 1395/4451 1394/4450
f 1445/4456 1413/4458 1448/4459
f 1398/4432 1754/4439 1397/4444
f 1447/4429 1446/4423 1458/4426
f 1430/915 1391/860 1389/938
f 4244/1192 1568/1205 1571/1199
f 1429/939 1435/958 1438/888
f 1445/4456 1391/4457 1413/4458
f 1061/4527 1054/4533 1064/4520
f 1105/862 1422/917 1444/918
f 1442/890 1426/916 1441/961
f 1442/890 1415/861 1426/916
f 1422/917 1443/963 1444/918
f 1442/890 1427/962 1421/940
f 1442/890 1441/961 1427/962
f 1426/916 1427/962 1441/961
f 1512/1230 1432/1238 1511/1232
f 1420/811 1393/812 1104/759
f 1404/4434 1440/4438 1439/4431
f 1414/835 1413/783 1391/860
f 1391/860 1430/915 1438/888
f 1436/2015 1437/2008 1426/2021
f 1433/2000 1435/2004 1434/1996
f 1430/915 1432/959 1431/960
f 1430/915 1429/939 1438/888
f 1875/6424 1804/6427 1464/6421
f 1425/2025 1428/2031 1427/2032
f 1427/2032 1426/2021 1425/2025
f 1464/6421 1424/6422 1423/6413
f 1424/6422 1870/6417 1423/6413
f 1421/940 1443/963 1422/917
f 1421/940 1422/917 1442/890
f 1413/783 1414/835 1420/811
f 1404/4434 1458/4426 1398/4432
f 1389/938 1432/959 1430/915
f 1417/2013 1419/2020 1418/2014
f 1414/835 1416/889 1415/861
f 1104/759 1070/718 1413/783
f 1458/4426 1412/4420 1411/4427
f 1449/1233 1454/1227 1388/1219
f 1748/1889 1410/1895 1408/1892
f 1410/1895 1409/1899 1408/1892
f 1407/2887 1406/2890 1452/2895
f 1396/4440 1405/4443 1404/4434
f 1161/3334 1143/3329 1041/3321
f 1041/3321 1168/3328 1161/3334
f 1412/4420 1483/4419 1794/4422
f 1149/319 1279/298 1179/332
f 1407/2887 1469/2886 1406/2890
f 1402/1861 1403/1864 1401/1868
f 1399/1875 1401/1868 1400/1873
f 1404/4434 1398/4432 1396/4440
f 1398/4432 1397/4444 1396/4440
f 1396/4440 1397/4444 1449/4448
f 1420/811 1104/759 1413/783
f 1394/4450 1395/4451 1390/4453
f 1065/760 1393/812 1392/836
f 1391/4457 1390/4453 1389/4454
f 1385/1212 1388/1219 1568/1205
f 1387/1217 1386/1226 1385/1212
f 1386/1226 1388/1219 1385/1212
f 1485/685 1494/619 1044/620
f 1465/722 1046/688 1500/758
f 1390/4453 1445/4456 1496/4455
f 1434/1996 1435/2004 1429/2009
f 1499/1216 1434/1225 1498/1210
f 1512/1230 1386/1226 1498/1210
f 1387/1217 1498/1210 1386/1226
f 1391/4457 1445/4456 1390/4453
f 1491/2003 1497/1991 1488/2002
f 1428/2031 1753/2041 1427/2032
f 1434/1996 1580/1992 1433/2000
f 1437/2008 1491/2003 1418/2014
f 1437/2008 1436/2015 1435/2004
f 1487/2018 1644/2029 1425/2025
f 1416/889 1436/937 1426/916
f 1399/1875 1474/1865 1401/1868
f 1426/2021 1437/2008 1419/2020
f 1425/2025 1419/2020 1417/2013
f 1394/4450 1495/4449 1405/4443
f 1414/835 1391/860 1438/888
f 1438/888 1416/889 1414/835
f 1210/536 1145/501 1074/559
f 1481/757 1394/784 1496/721
f 1494/619 1219/586 1078/558
f 1069/621 1043/618 1492/654
f 1043/618 1219/586 1492/654
f 1495/809 1394/784 1481/757
f 1484/720 1494/619 1485/685
f 1219/586 1493/655 1492/654
f 1070/718 1069/621 1492/654
f 1426/2021 1419/2020 1425/2025
f 1448/755 1492/654 1445/756
f 1448/755 1413/783 1070/718
f 1488/2002 1417/2013 1491/2003
f 1433/2000 1497/1991 1491/2003
f 1219/586 1494/619 1493/655
f 1212/2011 970/2001 940/2010
f 1489/2024 1487/2018 1490/2012
f 1417/2013 1488/2002 1487/2018
f 1425/2025 1417/2013 1487/2018
f 1212/2011 804/2006 970/2001
f 1490/2012 1487/2018 1488/2002
f 1497/1991 1486/1987 1217/1995
f 1434/1225 1499/1216 4212/1229
f 789/667 784/738 857/700
f 804/2006 800/1999 863/1997
f 1481/4446 1440/4438 1405/4443
f 1466/4424 1573/4421 1446/4423
f 1485/4428 1446/4423 1447/4429
f 1480/686 1494/619 1484/720
f 1797/276 1324/260 1325/267
f 1484/4437 1439/4431 1480/4442
f 1480/4442 1439/4431 1440/4438
f 1134/3303 1127/3298 1121/3294
f 1407/2887 1408/2891 1468/2888
f 1483/810 1465/722 1468/785
f 1408/1892 1483/1903 1468/1907
f 1452/1886 1337/1877 1482/1882
f 1482/1882 1337/1877 1475/1874
f 1459/1870 1400/1873 1403/1864
f 1412/4420 1573/4421 1465/4418
f 1495/4449 1481/4446 1405/4443
f 1440/4438 1404/4434 1405/4443
f 1480/4442 1440/4438 1481/4446
f 1474/1865 1402/1861 1401/1868
f 1330/250 156/236 1479/258
f 1478/266 1330/250 1479/258
f 1295/4012 1477/4019 1294/4023
f 1345/1856 1402/1861 1474/1865
f 1476/1841 1291/1847 1289/1837
f 1287/330 1283/331 1365/307
f 1278/279 1309/261 1326/269
f 1294/6539 1368/6540 1284/6538
f 1290/2993 1274/2979 1282/2987
f 1167/2898 1165/2896 1169/2908
f 1344/2907 1264/2919 1269/2928
f 1381/3433 1383/3438 1255/3427
f 1474/1865 1399/1875 1475/1874
f 1475/1874 1337/1877 1276/1869
f 1276/1869 1345/1856 1474/1865
f 1276/1869 1337/1877 1473/1883
f 1340/6462 1472/6464 1381/6465
f 1345/1856 1276/1869 1339/1866
f 1292/1857 1291/1847 1345/1856
f 1342/2914 1344/2907 1343/2920
f 1291/1847 1476/1841 1341/1852
f 1159/6466 1340/6462 1256/6468
f 1274/2979 1292/2985 1339/2969
f 1286/213 238/192 1338/212
f 1336/2938 1473/2954 1337/2946
f 1277/2953 1336/2938 1335/2939
f 2529/2446 1334/2452 1333/2435
f 2616/2447 1333/2435 1334/2452
f 566/394 562/362 462/348
f 1806/4037 4600/4031 4598/4034
f 1332/2285 1331/2281 4595/2290
f 1329/259 1313/237 1330/250
f 1305/3005 1250/2988 1328/3000
f 1328/4017 1846/4007 1305/4013
f 1279/298 1280/289 1321/277
f 156/3698 311/3694 1327/3695
f 1308/252 1323/251 1326/269
f 1313/237 1325/267 1324/260
f 1326/269 1323/251 1321/277
f 225/5541 177/5533 179/5546
f 1325/267 1313/237 1329/259
f 1323/251 1322/268 1321/277
f 1319/239 1285/238 1320/253
f 317/3048 298/3061 1318/3057
f 1317/3691 311/3694 312/3689
f 1314/229 1315/246 1285/238
f 157/191 155/228 1316/220
f 1313/237 1315/246 1314/229
f 1828/2996 1312/2989 1310/2976
f 1835/3036 1833/3043 1935/3039
f 157/4356 158/4352 608/4349
f 1312/2989 1328/3000 1250/2988
f 1254/2975 1311/2959 1310/2976
f 1309/261 1308/252 1326/269
f 312/3689 1307/3688 4111/3682
f 1306/3678 1307/3688 312/3689
f 1297/4016 1305/4013 1296/4010
f 1297/4016 1940/4020 1305/4013
f 1250/2988 1940/3009 1304/3004
f 1303/2998 1250/2988 1304/3004
f 1868/6415 1871/6414 1867/6418
f 1302/4054 1301/4050 2445/4057
f 1299/6779 1300/6780 2577/6777
f 1298/2379 1300/2378 1299/2380
f 1295/4012 1297/4016 1296/4010
f 1293/6535 1294/6539 1284/6538
f 1273/2963 1271/2950 1253/2958
f 1271/2950 1262/2936 1253/2958
f 1400/1873 1401/1868 1403/1864
f 1291/1847 1292/1857 1290/1848
f 1292/2985 1274/2979 1290/2993
f 1291/1847 1290/1848 1289/1837
f 1290/1848 1282/1842 1289/1837
f 1340/6462 1159/6466 1288/6463
f 1274/2979 1272/2974 1282/2987
f 1282/353 1283/331 1287/330
f 1285/238 1319/239 1286/213
f 1283/2995 1249/2982 1284/2999
f 1249/2982 1283/2995 1282/2987
f 1262/2936 1271/2950 1281/2944
f 1269/2928 1281/2944 1271/2950
f 1269/2928 1262/2936 1281/2944
f 1326/269 1280/289 1278/279
f 1279/298 1278/279 1280/289
f 1342/2914 1467/2894 1344/2907
f 1295/4012 1296/4010 1842/4006
f 1265/6467 1288/6463 1159/6466
f 1276/2962 1336/2938 1277/2953
f 1344/2907 1275/2913 1264/2919
f 1264/2919 1275/2913 1470/2927
f 1272/2974 1274/2979 1273/2963
f 1269/2928 1271/2950 1270/2947
f 1255/3427 1268/3432 1267/3421
f 1830/2961 1310/2976 1311/2959
f 1266/2951 1311/2959 1262/2936
f 1265/6467 1159/6466 1157/6471
f 1262/2936 1264/2919 1263/2937
f 1269/2928 1264/2919 1262/2936
f 1261/5499 1260/5506 1865/5505
f 1266/2951 1262/2936 1263/2937
f 1866/6233 1259/6231 1257/6232
f 1258/6229 1257/6232 1259/6231
f 1258/2991 1848/2977 1257/2978
f 1312/2989 1250/2988 1254/2975
f 1248/2983 1254/2975 1250/2988
f 1256/3422 1255/3427 1191/3415
f 1253/2958 1254/2975 1248/2983
f 1251/2900 1190/2889 1252/2906
f 1250/2988 1303/2998 1249/2982
f 1249/2982 1248/2983 1250/2988
f 1253/2958 1248/2983 1249/2982
f 1304/3004 1284/2999 1249/2982
f 1383/3438 1268/3432 1255/3427
f 1384/4009 1837/4011 1378/4015
f 1378/3429 1268/3432 1383/3438
f 1159/6466 1382/6470 1160/6472
f 1256/6468 1382/6470 1159/6466
f 1267/3421 1191/3415 1255/3427
f 1836/4005 1961/4002 1933/4004
f 1381/4024 1321/4027 1374/4022
f 1327/3695 1479/3697 156/3698
f 1323/251 1308/252 1315/246
f 1380/3423 1379/3428 1955/3416
f 1943/3434 1379/3428 1380/3423
f 1295/4012 1293/4021 1297/4016
f 1368/6540 1283/6541 1284/6538
f 1918/3419 1267/3421 1378/3429
f 1267/3421 1268/3432 1378/3429
f 316/3470 291/3471 380/3466
f 1377/5627 306/5624 304/5620
f 1320/253 1363/254 1319/239
f 1376/3680 1306/3678 312/3689
f 1370/3080 612/3074 1375/3087
f 1370/3080 299/3070 612/3074
f 1327/3695 311/3694 1317/3691
f 1321/4027 1322/4028 1374/4022
f 1373/3357 1372/3364 1897/3371
f 228/3959 309/3967 194/3973
f 1472/6464 1321/6469 1381/6465
f 1197/3054 1184/3059 1180/3050
f 1203/3045 1197/3054 1180/3050
f 299/3070 1370/3080 1371/3081
f 224/90 607/72 613/102
f 224/90 609/81 607/72
f 1285/238 1315/246 1308/252
f 1304/6536 1293/6535 1284/6538
f 1330/250 1478/266 1329/259
f 1319/239 1363/254 1370/247
f 1188/3071 1185/3082 1360/3083
f 1369/278 1322/268 1324/260
f 1367/288 1365/307 1368/317
f 1367/288 1324/260 1366/287
f 1367/288 1366/287 1365/307
f 1366/287 4180/306 1365/307
f 1294/4023 1367/4026 1368/4029
f 1309/261 1320/253 1285/238
f 1308/252 1309/261 1285/238
f 1363/254 1320/253 1364/262
f 1234/401 1362/403 1228/385
f 1360/321 1185/300 1353/299
f 2439/3406 1904/3387 2003/3385
f 1361/3389 1156/3403 1160/3400
f 1146/344 1177/333 1149/319
f 1232/355 1235/384 1234/401
f 1178/320 1360/321 1353/299
f 1355/281 1352/290 1185/300
f 1358/3044 1203/3045 1359/3037
f 190/5535 222/5526 1242/5534
f 1187/6655 1357/6656 1189/6657
f 1348/6651 1357/6656 1187/6655
f 1196/3062 1318/3057 298/3061
f 1356/3495 163/3487 235/3494
f 1187/6655 1110/6652 1348/6651
f 1184/3059 1197/3054 1183/3064
f 1195/3068 1183/3064 1197/3054
f 1181/3065 1188/3071 1189/3063
f 1177/333 1354/309 1149/319
f 1355/3078 1186/3076 1181/3065
f 1156/3403 1154/3392 1157/3413
f 1141/3322 1139/3312 1144/3330
f 1278/279 1279/298 1354/309
f 1185/300 1352/290 1353/299
f 1278/279 1353/299 1352/290
f 1309/261 1278/279 1352/290
f 1351/3085 1349/3072 1350/3079
f 1195/3068 1350/3079 1349/3072
f 1348/6651 1245/6654 1357/6656
f 1347/4372 323/4363 1198/4366
f 1198/4366 306/4371 1347/4372
f 192/5517 1346/5514 1206/5510
f 1183/3064 1195/3068 1349/3072
f 1205/5513 1200/5515 1357/5520
f 228/3959 234/3950 309/3967
f 1204/3051 1202/3041 1200/3053
f 1202/3041 1203/3045 1180/3050
f 1200/5515 1205/5513 1201/5509
f 1204/5512 1200/5515 1201/5509
f 1202/3041 1180/3050 1200/3053
f 1198/4366 323/4363 1199/4359
f 317/3048 471/3067 298/3061
f 1197/3054 1196/3062 1195/3068
f 1193/5511 1759/5518 1194/5523
f 1267/3421 1192/3411 1191/3415
f 1192/3411 1382/3402 1191/3415
f 1181/3065 1186/3076 1188/3071
f 1190/2889 1469/2886 1164/2885
f 1946/3035 2028/3042 2027/3038
f 1357/3058 1180/3050 1189/3063
f 1187/3077 1189/3063 1188/3071
f 1187/3077 1188/3071 1360/3083
f 1117/3307 1134/3303 1121/3294
f 1185/3082 1188/3071 1186/3076
f 1181/3065 1184/3059 1182/3069
f 1183/3064 1182/3069 1184/3059
f 1183/3064 1181/3065 1182/3069
f 1180/3050 1184/3059 1181/3065
f 1181/3065 1189/3063 1180/3050
f 1265/318 1157/342 1179/332
f 1185/3082 1186/3076 1355/3078
f 1176/345 1178/320 1177/333
f 1148/3388 1154/3392 1151/3373
f 1175/3369 1129/3359 1135/3360
f 1172/2893 1190/2889 1164/2885
f 317/3048 1174/3040 1935/3039
f 1172/2893 1167/2898 1173/2903
f 1153/3301 1916/3296 1171/3306
f 1153/3301 1120/3297 1760/3293
f 1124/469 1116/437 1114/438
f 1040/3311 1171/3306 1566/3320
f 1169/2908 1566/2924 1170/2916
f 1170/2916 1173/2903 1169/2908
f 1168/2921 1040/2930 1169/2908
f 1164/2885 1167/2898 1172/2893
f 1164/2885 1166/2892 1165/2896
f 1164/2885 1468/2888 1166/2892
f 1040/3311 1153/3301 1171/3306
f 1500/758 1468/785 1465/722
f 1152/2915 1161/2922 1163/2909
f 1161/2922 1168/2921 1163/2909
f 1162/2901 1152/2915 1163/2909
f 1076/3341 1144/3330 1161/3334
f 1160/3400 1156/3403 1158/3414
f 1157/6471 1159/6466 1158/6473
f 1154/3392 1156/3403 1155/3384
f 1139/3312 1153/3301 1041/3321
f 1123/3356 1135/3360 1048/3352
f 1152/657 1047/587 1076/588
f 1150/3379 1151/3373 1135/3360
f 1146/344 1149/319 1148/354
f 1146/344 1148/354 1147/368
f 1161/2922 1152/2915 1076/2931
f 1145/501 1089/467 1080/485
f 1041/3321 1143/3329 1139/3312
f 1079/519 1141/561 1087/537
f 1144/3330 1143/3329 1161/3334
f 1139/3312 1143/3329 1144/3330
f 1124/3386 1138/3377 1142/3396
f 1125/3313 1140/3302 1141/3322
f 1141/3322 1140/3302 1139/3312
f 1079/3331 1125/3313 1141/3322
f 1099/2739 1704/2735 1085/2729
f 1138/503 1118/487 1116/437
f 560/294 563/325 510/338
f 1135/3360 1137/3366 1136/3372
f 1139/3312 1140/3302 1153/3301
f 1133/3365 1122/3358 1134/3368
f 1130/436 1132/418 1131/453
f 2442/5271 2443/5274 2444/5277
f 1129/3359 1048/3352 1135/3360
f 1122/3358 1133/3365 1123/3356
f 1122/3358 1127/3362 1134/3368
f 1121/3294 1126/3291 1128/3290
f 1126/3354 1127/3362 1122/3358
f 1125/3313 1079/3331 1118/3323
f 1121/3294 1127/3298 1126/3291
f 1133/3365 1134/3368 1138/3377
f 1113/3378 1133/3365 1124/3386
f 1122/3358 1123/3356 1119/3351
f 1121/3294 1120/3297 1140/3302
f 1123/3356 1048/3352 1119/3351
f 1122/3358 1119/3351 1126/3354
f 1117/3307 1125/3313 1118/3323
f 1118/3323 1138/3314 1117/3307
f 1116/437 1115/419 1114/438
f 1823/2092 1514/2085 1515/2097
f 1113/3378 1124/3386 1114/3397
f 1373/3357 1786/3367 1787/3361
f 1741/4412 1742/4414 2444/4411
f 1111/3292 1927/3299 1112/3300
f 1111/3292 1112/3300 1916/3296
f 1242/422 1110/405 1109/386
f 1052/4542 1051/4547 1895/4552
f 1246/2784 1890/2775 1247/2783
f 1926/3350 3222/3349 1788/3353
f 1206/5510 1205/5513 192/5517
f 1236/421 190/454 1242/422
f 1244/5521 192/5517 1205/5513
f 1205/5513 1245/5525 1244/5521
f 1242/5534 222/5526 1243/5529
f 285/3978 310/3965 288/3977
f 1241/4407 1240/4406 2444/4411
f 1227/369 1239/402 1235/384
f 1238/3728 370/3733 470/3730
f 1237/3380 1150/3379 1136/3372
f 1235/384 1115/419 1116/437
f 1137/3366 1113/3378 1237/3380
f 1113/3378 1114/3397 1237/3380
f 1236/421 479/404 284/439
f 1227/369 1146/344 1147/368
f 1237/3380 1114/3397 1239/3398
f 1132/418 1235/384 1226/435
f 1234/401 1132/418 1130/436
f 1232/355 1234/401 1228/385
f 276/3941 356/3946 565/3951
f 1109/386 1110/405 1233/371
f 1233/371 1176/345 1230/356
f 1232/355 1227/369 1235/384
f 1231/343 1149/319 1179/332
f 1232/355 1229/370 1177/333
f 1154/367 1231/343 1157/342
f 1179/332 1157/342 1231/343
f 1353/299 1278/279 1354/309
f 190/454 1236/421 284/439
f 1109/386 479/404 1236/421
f 1354/309 1177/333 1178/320
f 1230/356 1229/370 1228/385
f 1235/384 1132/418 1234/401
f 467/379 719/412 828/396
f 825/479 823/462 684/493
f 1130/436 723/429 566/394
f 827/411 566/394 723/429
f 1055/6509 1034/6503 1058/6510
f 1131/453 1220/452 835/486
f 1227/3409 1150/3379 1239/3398
f 1226/435 1089/467 1220/452
f 1223/2698 1225/2701 1224/2686
f 848/600 727/543 1029/599
f 1235/384 1116/437 1226/435
f 1147/3399 1150/3379 1227/3409
f 1162/2901 1046/2902 1152/2915
f 1222/468 1118/487 1221/488
f 1226/435 1222/468 1221/488
f 1079/519 1221/488 1118/487
f 1118/487 1222/468 1116/437
f 1089/467 1226/435 1080/485
f 1132/418 1220/452 1131/453
f 1131/453 829/461 1130/436
f 1226/435 1220/452 1132/418
f 1089/467 835/486 1220/452
f 1042/518 1078/558 1219/586
f 1145/501 1084/560 1074/559
f 791/563 807/520 1210/536
f 1044/620 1078/558 1047/587
f 795/697 1218/666 848/600
f 1063/4532 1071/4544 1068/4549
f 1088/502 1210/536 807/520
f 801/1998 1217/1995 1216/1994
f 1080/485 1042/518 1145/501
f 1057/6508 1034/6503 1215/6506
f 836/509 808/525 814/544
f 836/509 835/486 808/525
f 781/562 1214/592 808/525
f 929/3122 989/3131 998/3124
f 1209/593 1103/623 1100/662
f 782/625 790/624 1213/693
f 804/2006 1212/2011 1211/2017
f 1209/593 791/563 1210/536
f 1027/797 787/737 855/739
f 1074/559 1083/535 1042/518
f 1503/761 1072/691 1057/724
f 803/2019 1208/2023 1207/2028
f 1067/658 1068/689 1062/589
f 1101/660 1081/661 1072/691
f 1099/4554 1035/4550 1052/4542
f 1105/862 1065/760 1392/836
f 949/846 945/868 953/902
f 1065/760 1066/690 1104/759
f 1216/1994 1217/1995 1486/1987
f 945/868 944/893 953/902
f 1082/590 1101/660 1103/623
f 1072/691 1102/762 1101/660
f 1103/623 1101/660 1100/662
f 1103/623 1209/593 1210/536
f 1095/2734 1099/2739 1085/2729
f 1917/2722 1529/2725 1894/2730
f 1097/993 1098/950 867/976
f 1628/694 701/728 790/624
f 1082/590 1081/661 1101/660
f 1086/2721 1096/2733 1095/2734
f 1092/2621 1094/2616 1093/2627
f 2228/2634 1092/2621 1093/2627
f 854/2210 787/2220 1028/2190
f 1090/2213 1091/2203 992/2193
f 835/486 1089/467 1088/502
f 1210/536 1074/559 1082/590
f 1077/534 1080/485 1087/537
f 1085/2729 1529/2725 1086/2721
f 1074/559 1084/560 1083/535
f 1082/590 1073/622 1081/661
f 1063/723 1068/689 1067/658
f 1083/535 1084/560 1145/501
f 1079/519 1087/537 1080/485
f 1042/518 1077/534 1078/558
f 1078/558 1077/534 1047/587
f 1077/534 1076/588 1047/587
f 1047/587 1152/657 1046/688
f 1082/590 1074/559 1073/622
f 1053/4530 1061/4527 1075/4512
f 1062/589 1074/559 1042/518
f 1665/4516 1075/4512 1064/4520
f 1072/691 1060/659 1057/724
f 1069/621 1062/589 1042/518
f 1062/589 1069/621 1067/658
f 1062/589 1073/622 1074/559
f 1925/3305 1899/3310 1876/3318
f 1072/691 1081/661 1073/622
f 1071/4544 1055/4538 1058/4551
f 1104/759 1393/812 1065/760
f 1069/621 1070/718 1066/690
f 1059/692 1068/689 1058/725
f 1063/723 1067/658 1066/690
f 1065/760 1063/723 1066/690
f 1063/4532 1065/4526 1064/4520
f 1065/760 1105/862 1665/891
f 1063/4532 1064/4520 1054/4533
f 1060/659 1072/691 1073/622
f 1068/689 1059/692 1062/589
f 1033/4537 1055/4538 1061/4527
f 1068/4549 1071/4544 1058/4551
f 1059/692 1058/725 1060/659
f 1057/724 1060/659 1058/725
f 1059/692 1060/659 1062/589
f 1050/4535 1053/4530 1056/4524
f 1075/4512 1056/4524 1053/4530
f 1055/4538 1054/4533 1061/4527
f 1055/4538 1071/4544 1054/4533
f 1053/4530 1052/4542 1033/4537
f 1061/4527 1053/4530 1033/4537
f 1053/4530 1050/4535 1052/4542
f 1050/4535 1920/4546 1051/4547
f 1051/4547 1052/4542 1050/4535
f 1879/4536 1924/4548 1920/4546
f 1066/690 1067/658 1069/621
f 1821/4528 1923/4543 1879/4536
f 1173/2903 1513/2905 1172/2893
f 1048/3352 1129/3359 1049/3355
f 1884/2792 1246/2784 1247/2783
f 1045/656 1047/587 1046/688
f 1044/620 1047/587 1045/656
f 1219/586 1043/618 1042/518
f 1040/3311 1168/3328 1041/3321
f 1153/3301 1040/3311 1041/3321
f 1221/488 1079/519 1080/485
f 1042/518 1043/618 1069/621
f 991/2178 1039/2192 1038/2159
f 1023/1709 865/1725 1037/1733
f 1145/501 1088/502 1089/467
f 1025/2158 999/2167 993/2140
f 2514/6094 2526/6095 2486/6088
f 2469/6102 2514/6094 4574/6099
f 2484/2433 2576/2427 2483/2439
f 1034/6503 1057/6508 1058/6510
f 1095/2734 1085/2729 1086/2721
f 1036/6500 1034/6503 1035/6501
f 1035/6501 1099/6504 1095/6498
f 1033/6507 1035/6501 1034/6503
f 1036/6500 1215/6506 1034/6503
f 1554/2633 1093/2627 1094/2616
f 1107/5257 914/5252 1108/5249
f 911/3851 980/3834 959/3859
f 1106/971 766/947 957/924
f 768/965 954/895 767/972
f 768/965 769/999 705/1007
f 856/3171 1001/3163 1002/3169
f 4980/927 765/845 4981/901
f 956/900 765/845 961/925
f 4982/1015 965/991 4983/1016
f 1106/3828 957/3847 980/3834
f 955/3856 980/3834 957/3847
f 918/3839 919/3825 980/3834
f 979/6240 879/6237 707/6236
f 900/6247 907/6251 880/6245
f 705/6243 770/6244 707/6236
f 954/895 978/844 763/874
f 974/3821 915/3817 919/3825
f 959/3859 980/3834 955/3856
f 971/6250 977/6255 969/6256
f 975/3167 868/3177 976/3174
f 900/3838 906/3832 902/3846
f 915/3817 974/3821 903/3818
f 973/6246 971/6250 706/6239
f 971/6250 973/6246 972/6253
f 804/2006 863/1997 970/2001
f 915/3817 1764/3816 770/3820
f 817/998 812/985 969/1009
f 965/991 968/1005 4984/1012
f 962/6747 963/6748 968/6749
f 955/949 966/973 959/990
f 962/974 958/948 961/925
f 956/900 961/925 958/948
f 967/1013 964/1004 965/991
f 967/5269 909/5266 964/5267
f 966/973 956/900 958/948
f 910/5247 959/5265 964/5267
f 958/948 965/991 964/1004
f 960/6750 963/6748 962/6747
f 4986/6752 960/6750 4989/6755
f 960/975 962/974 961/925
f 765/845 956/900 763/874
f 909/5266 910/5247 964/5267
f 909/5266 967/5269 4982/5270
f 964/1004 959/990 958/948
f 966/973 958/948 959/990
f 978/844 954/895 858/841
f 957/924 956/900 955/949
f 957/924 766/947 954/895
f 952/1697 953/1717 943/1718
f 950/2123 951/2115 938/2122
f 949/846 783/798 862/819
f 832/2154 744/2144 948/2136
f 953/902 944/893 943/920
f 947/840 946/817 945/868
f 944/893 872/867 943/920
f 942/941 943/920 872/867
f 940/2010 970/2001 941/2005
f 849/508 1749/542 939/569
f 938/2122 736/2131 739/2132
f 936/2142 937/2125 935/2129
f 950/2123 1006/2119 951/2115
f 1006/2119 1032/2116 951/2115
f 824/415 826/447 822/433
f 727/543 849/508 939/569
f 1031/5376 1015/5370 816/5374
f 942/5372 816/5374 1015/5370
f 943/1718 1017/1699 952/1697
f 1023/1709 1030/1726 1008/1719
f 939/569 1029/599 727/543
f 1027/2219 1002/2209 1028/2190
f 1022/5378 817/5380 977/5381
f 1025/2158 798/2176 1026/2177
f 799/6743 796/6744 1024/6745
f 730/499 837/492 724/523
f 847/733 795/697 889/732
f 1023/1709 1012/1689 1016/1711
f 997/1532 1018/1527 996/1536
f 729/6771 845/6772 844/6773
f 981/2118 951/2115 932/2117
f 2561/6111 2563/6107 2496/6110
f 1022/5378 1031/5376 816/5374
f 976/3174 868/3177 792/3178
f 1021/1542 734/1549 753/1553
f 1019/1551 758/1546 1020/1540
f 1018/1527 821/1520 452/1517
f 1013/1681 1017/1699 1014/1682
f 865/1725 793/1727 868/1739
f 906/3832 900/3838 879/3827
f 865/1725 1023/1709 1016/1711
f 1014/5373 1017/5371 1015/5370
f 2230/3843 2143/3836 904/3822
f 952/1697 1013/1681 895/1679
f 1012/1689 1023/1709 893/1688
f 883/5379 907/5384 882/5383
f 949/846 1007/903 913/875
f 1008/847 783/798 913/875
f 1000/2200 1011/2202 990/2168
f 1009/2126 1010/2130 948/2136
f 944/893 945/868 946/817
f 738/2138 950/2123 739/2132
f 738/2138 844/2133 950/2123
f 1008/847 811/876 809/824
f 785/769 783/798 809/824
f 783/798 1008/847 809/824
f 952/1697 1007/1698 953/1717
f 1007/903 949/846 953/902
f 1006/2119 994/2128 930/2120
f 1003/3155 1005/3162 1004/3138
f 1000/3154 1002/3169 1001/3163
f 981/2118 938/2122 951/2115
f 999/2167 990/2168 993/2140
f 998/3124 989/3131 925/3137
f 995/2155 832/2154 948/2136
f 930/2120 1032/2116 1006/2119
f 995/6148 997/6149 996/6147
f 993/2140 931/2134 994/2128
f 990/2168 992/2193 991/2178
f 929/3122 924/3136 989/3131
f 986/1640 988/1646 987/1654
f 995/2155 2320/2184 997/2197
f 1018/1527 997/1532 2321/1519
f 985/2314 984/2308 983/2323
f 992/2193 1091/2203 991/2178
f 2015/3020 2016/3018 2404/3015
f 936/2142 982/2135 937/2125
f 937/2125 981/2118 933/2121
f 935/2129 934/2124 930/2120
f 934/2124 932/2117 930/2120
f 932/2117 934/2124 933/2121
f 931/2134 930/2120 994/2128
f 929/3122 258/3121 923/3130
f 1107/3840 917/3833 914/3850
f 926/2564 928/2561 927/2558
f 2258/1567 2292/1577 2244/1573
f 922/3144 925/3137 924/3136
f 922/3144 924/3136 923/3130
f 925/3137 989/3131 924/3136
f 1778/2664 921/2675 920/2683
f 2212/2690 920/2683 921/2675
f 4906/5263 2176/5251 4938/5259
f 919/3825 916/3830 980/3834
f 917/3833 919/3825 918/3839
f 1106/3828 916/3830 915/3817
f 910/5247 1108/5249 914/5252
f 783/798 949/846 913/875
f 1007/1698 893/1688 913/1710
f 1008/1719 913/1710 893/1688
f 910/5247 912/5256 911/5261
f 901/5387 908/5386 907/5384
f 59/4140 852/4141 853/4142
f 905/3826 906/3832 878/3819
f 905/3826 878/3819 904/3822
f 903/3818 904/3822 878/3819
f 902/3846 901/3855 900/3838
f 890/3157 899/3140 892/3150
f 904/3822 2141/3831 905/3826
f 896/2163 898/2173 897/2153
f 893/1688 895/1679 894/1670
f 892/3150 891/3156 890/3157
f 794/633 797/741 889/732
f 886/6248 888/6242 887/6241
f 884/4143 853/4142 885/4146
f 881/5377 883/5379 882/5383
f 900/6247 880/6245 879/6237
f 906/3832 879/3827 878/3819
f 900/6247 901/6254 907/6251
f 875/3116 877/3127 876/3117
f 452/1517 821/1520 820/1508
f 731/515 741/532 743/553
f 818/1500 820/1508 819/1507
f 816/984 772/964 817/998
f 1022/5378 816/5374 817/5380
f 817/998 772/964 812/985
f 808/525 815/570 814/544
f 772/964 773/942 812/985
f 813/2030 802/2034 774/2038
f 1208/2023 669/2026 1207/2028
f 970/2001 863/1997 4033/1993
f 768/965 812/985 773/942
f 65/1545 57/1555 755/1557
f 811/876 810/905 809/824
f 721/516 731/515 1743/554
f 807/520 781/562 808/525
f 671/2036 806/2033 669/2026
f 694/2048 805/2049 774/2038
f 803/2019 1643/2007 804/2006
f 802/2034 1207/2028 663/2037
f 1212/2011 940/2010 941/2005
f 800/1999 1217/1995 801/1998
f 798/6746 796/6744 799/6743
f 796/701 798/771 797/741
f 795/697 794/633 889/732
f 793/3180 792/3178 868/3177
f 787/2220 1027/2219 1028/2190
f 781/562 791/563 790/624
f 788/601 789/667 786/631
f 655/4760 674/4753 709/4756
f 786/631 855/739 787/737
f 783/798 785/769 784/738
f 790/624 782/625 781/562
f 780/4783 703/4788 874/4794
f 859/818 873/869 872/867
f 861/765 871/727 870/789
f 869/764 702/790 859/818
f 868/1739 867/1750 865/1725
f 1097/3175 867/3179 868/3177
f 865/1725 867/1750 866/1740
f 1028/2190 799/2199 854/2210
f 866/928 867/976 1098/950
f 789/667 857/700 786/631
f 1208/2023 803/2019 804/2006
f 791/563 1209/593 790/624
f 864/2065 691/2053 711/2070
f 874/4794 716/4793 780/4783
f 803/2019 1489/2024 1490/2012
f 863/1997 800/1999 801/1998
f 801/1998 4057/1990 863/1997
f 862/819 860/768 861/765
f 860/768 789/667 861/765
f 789/667 871/727 861/765
f 860/768 862/819 783/798
f 869/764 870/789 871/727
f 858/841 873/869 859/818
f 859/818 702/790 858/841
f 1213/693 871/727 782/625
f 788/601 782/625 789/667
f 785/769 857/700 784/738
f 855/739 857/700 856/770
f 782/625 1214/592 781/562
f 786/631 787/737 854/699
f 850/632 786/631 854/699
f 851/4145 853/4142 852/4141
f 850/632 815/570 786/631
f 1214/592 788/601 808/525
f 835/486 1088/502 807/520
f 833/478 849/508 837/492
f 729/630 725/568 848/600
f 815/570 808/525 788/601
f 815/570 788/601 786/631
f 850/632 838/602 815/570
f 889/732 846/796 847/733
f 846/2166 797/2189 798/2176
f 842/734 847/733 846/796
f 757/6774 843/6776 845/6772
f 1218/666 842/734 843/698
f 844/6773 845/6772 841/6775
f 841/6775 845/6772 843/6776
f 841/2139 842/2157 840/2150
f 839/2127 841/2139 840/2150
f 843/2165 842/2157 841/2139
f 814/544 838/602 794/633
f 678/716 747/683 749/652
f 826/447 837/492 730/499
f 737/665 735/598 728/628
f 826/447 833/478 837/492
f 835/486 836/509 833/478
f 836/509 849/508 833/478
f 833/478 829/461 835/486
f 65/1545 754/1547 834/1535
f 678/1558 746/1552 755/1557
f 833/478 722/446 829/461
f 744/6144 832/6146 758/6142
f 751/2156 830/2137 831/2146
f 830/2137 751/2156 737/2147
f 725/568 728/628 735/598
f 826/447 722/446 833/478
f 1130/436 829/461 723/429
f 824/415 467/379 828/396
f 823/462 825/479 673/430
f 562/362 827/411 828/396
f 828/396 466/377 562/362
f 824/415 828/396 827/411
f 826/447 824/415 827/411
f 732/484 823/462 826/447
f 741/532 742/580 743/553
f 441/579 459/531 456/613
f 684/493 682/480 825/479
f 556/398 824/415 822/433
f 822/433 823/462 673/430
f 673/430 556/398 822/433
f 823/462 720/500 684/493
f 680/494 643/463 682/480
f 730/499 724/523 741/532
f 725/568 727/543 848/600
f 759/581 753/615 675/555
f 1743/6141 743/6143 758/6142
f 745/1541 752/1559 748/1543
f 757/6774 845/6772 729/6771
f 748/1543 756/1548 745/1541
f 754/1547 755/1557 746/1552
f 734/651 677/582 753/615
f 749/652 752/752 678/716
f 737/665 751/597 735/598
f 729/630 843/698 757/735
f 750/604 677/582 749/652
f 748/717 752/752 749/652
f 748/717 749/652 733/682
f 678/716 91/668 747/683
f 745/1541 746/1552 678/1558
f 678/1558 752/1559 745/1541
f 743/6143 742/6145 744/6144
f 740/567 742/580 741/532
f 738/2138 739/2132 728/2148
f 743/6143 744/6144 758/6142
f 736/2131 737/2147 728/2148
f 735/598 751/597 724/523
f 739/2132 736/2131 728/2148
f 677/582 734/651 733/682
f 724/523 740/567 741/532
f 826/447 730/499 732/484
f 731/515 730/499 741/532
f 728/628 725/568 729/630
f 725/568 726/524 727/543
f 724/523 726/524 725/568
f 735/598 724/523 725/568
f 727/543 726/524 849/508
f 827/411 723/429 722/446
f 721/516 720/500 732/484
f 682/480 643/463 673/430
f 826/447 823/462 822/433
f 719/412 466/377 828/396
f 652/1389 687/1400 646/1391
f 779/4771 717/4784 713/4775
f 718/4769 1716/4772 713/4775
f 713/4775 689/4779 718/4769
f 716/4793 1696/4799 717/4784
f 674/4753 700/4752 709/4756
f 667/1369 665/1349 3972/1358
f 657/1305 659/1364 715/1353
f 686/4789 712/4785 714/4795
f 713/4775 712/4785 689/4779
f 710/2074 711/2070 692/2066
f 708/4761 709/4756 700/4752
f 705/6243 707/6236 706/6239
f 644/1378 667/1369 704/1388
f 697/4778 703/4788 780/4783
f 697/4778 779/4771 699/4774
f 713/4775 717/4784 712/4785
f 652/1389 646/1391 650/1393
f 777/4777 778/4787 698/4782
f 696/4770 699/4774 708/4761
f 1679/2080 710/2074 776/2078
f 774/2038 805/2049 775/2043
f 805/2049 694/2048 1588/2059
f 716/4793 717/4784 780/4783
f 966/973 955/949 956/900
f 771/894 773/942 772/964
f 769/999 1751/989 770/1011
f 768/965 705/1007 706/1000
f 768/965 767/972 769/999
f 767/972 766/947 1751/989
f 956/900 957/924 763/874
f 4981/901 764/872 4992/926
f 765/845 763/874 762/820
f 762/820 702/790 761/767
f 705/1007 769/999 770/1011
f 767/972 954/895 766/947
f 4992/926 760/923 4993/970
f 708/4761 699/4774 779/4771
f 701/728 761/767 702/790
f 765/845 1630/793 764/872
f 1614/2076 864/2065 711/2070
f 4994/4759 649/4755 4995/4764
f 648/4751 649/4755 700/4752
f 697/4778 699/4774 698/4782
f 1681/4781 696/4770 695/4776
f 4948/4773 696/4770 4963/4768
f 4964/4765 700/4752 4994/4759
f 694/2048 659/2052 693/2058
f 774/2038 775/2043 813/2030
f 802/2034 663/2037 774/2038
f 691/2053 1588/2059 692/2066
f 659/2052 690/2064 693/2058
f 776/2078 710/2074 646/2069
f 710/2074 692/2066 693/2058
f 687/5090 688/5087 646/5091
f 660/1365 647/1371 690/1382
f 689/4779 712/4785 686/4789
f 686/5088 688/5087 687/5090
f 652/1389 686/1404 687/1400
f 685/4786 695/4776 4949/4780
f 681/510 684/493 683/545
f 657/1305 715/1353 672/1346
f 672/1346 671/1334 657/1305
f 668/1286 670/1304 669/1319
f 670/1304 671/1334 669/1319
f 806/2033 671/2036 672/2042
f 3987/1398 653/1396 666/1387
f 667/1369 644/1378 664/1360
f 666/1387 653/1396 644/1378
f 644/1378 704/1388 666/1387
f 651/1343 665/1349 664/1360
f 664/1360 645/1377 647/1371
f 659/2052 694/2048 663/2037
f 658/1354 651/1343 660/1365
f 651/1343 662/1314 661/1330
f 654/1403 653/1396 4904/1406
f 659/1364 658/1354 660/1365
f 1211/1320 668/1286 669/1319
f 651/1343 658/1354 657/1305
f 656/1329 651/1343 657/1305
f 657/1305 3982/1315 656/1329
f 1761/1306 1211/1320 1212/1335
f 655/1399 654/1403 674/1407
f 655/4760 1682/4766 1680/4767
f 652/1389 689/1405 686/1404
f 644/1378 653/1396 652/1389
f 657/1305 658/1354 659/1364
f 651/1343 647/1371 660/1365
f 647/1371 652/1389 650/1393
f 4999/4758 648/4751 5001/4754
f 708/4761 1682/4766 709/4756
f 779/4771 1716/4772 1680/4767
f 690/1382 647/1371 646/1391
f 647/1371 650/1393 646/1391
f 690/1382 659/1364 660/1365
f 663/2037 715/2047 659/2052
f 652/1389 645/1377 644/1378
f 731/515 732/484 730/499
f 682/480 681/510 680/494
f 673/430 825/479 682/480
f 678/716 53/774 679/743
f 675/555 677/582 676/526
f 5001/4754 674/4753 5002/4757
f 556/398 673/430 554/397
f 611/5614 198/5611 322/5607
f 641/551 550/552 520/513
f 555/363 564/378 516/351
f 5058/311 567/324 5059/334
f 425/753 424/782 5060/808
f 535/529 642/496 538/512
f 531/495 537/464 643/463
f 537/464 538/512 642/496
f 545/481 537/464 642/496
f 523/577 641/551 533/530
f 534/497 535/529 532/549
f 520/513 533/530 641/551
f 554/397 552/413 564/378
f 538/512 640/547 639/574
f 537/464 553/448 643/463
f 416/684 425/753 418/754
f 614/2865 171/2859 172/2870
f 638/39 616/46 615/54
f 444/366 429/352 434/341
f 622/125 624/146 623/155
f 251/169 237/170 221/151
f 223/82 230/65 621/64
f 336/103 620/126 619/117
f 257/2853 614/2865 271/2871
f 603/148 599/118 618/138
f 617/6614 360/6611 262/6615
f 343/2844 171/2859 257/2853
f 586/6009 498/6000 494/6004
f 498/6000 495/5996 494/6004
f 615/54 616/46 230/65
f 242/3476 292/3469 366/3474
f 267/175 264/194 362/184
f 480/428 490/459 179/477
f 224/90 321/123 229/133
f 484/458 485/443 181/476
f 182/475 181/476 485/443
f 1738/4707 4494/4710 607/4709
f 614/6428 503/6429 269/6430
f 159/181 251/169 150/150
f 613/102 144/115 224/90
f 205/159 221/151 237/170
f 245/3073 154/3086 612/3074
f 501/5618 611/5614 322/5607
f 610/5619 198/5611 611/5614
f 293/3478 331/3486 226/3480
f 223/82 621/64 609/81
f 607/72 609/81 1705/63
f 311/3694 156/3698 608/3696
f 239/116 607/72 606/124
f 607/4709 4500/4698 606/4697
f 605/153 164/160 197/172
f 491/3958 487/3971 310/3965
f 310/3965 234/3950 491/3958
f 630/83 615/54 632/73
f 637/136 611/161 501/162
f 496/154 637/136 501/162
f 214/185 267/175 496/154
f 232/104 336/103 619/117
f 616/46 621/64 230/65
f 1738/53 1705/63 629/45
f 320/3904 636/3901 327/3897
f 350/2836 254/2846 635/2840
f 268/92 231/105 630/83
f 244/3479 634/3483 633/3485
f 632/73 615/54 230/65
f 597/86 631/106 599/118
f 597/86 615/54 630/83
f 630/83 231/105 619/117
f 604/178 585/198 583/196
f 593/188 585/198 604/178
f 593/188 604/178 592/166
f 621/64 616/46 629/45
f 616/46 628/28 629/45
f 142/55 627/50 615/54
f 620/126 336/103 622/125
f 625/164 618/138 623/155
f 361/186 625/164 626/163
f 574/6432 503/6429 614/6428
f 371/3933 204/3923 351/3934
f 625/164 361/186 582/177
f 1970/4377 1971/4384 324/4367
f 615/54 596/75 142/55
f 5062/87 596/75 5067/97
f 5068/127 599/118 5069/137
f 598/119 597/86 5068/127
f 597/86 598/119 5066/109
f 596/75 597/86 5071/96
f 571/240 561/272 595/271
f 497/5992 499/5989 348/5991
f 599/118 603/148 5051/147
f 603/148 592/166 604/178
f 559/304 558/314 590/328
f 351/3934 204/3923 342/3930
f 434/341 590/328 558/314
f 389/713 417/616 457/648
f 590/328 567/324 559/304
f 549/456 568/388 401/473
f 225/5541 194/5545 305/5537
f 5075/291 602/292 5076/310
f 601/359 567/324 589/347
f 5045/373 589/347 5079/390
f 590/328 589/347 567/324
f 423/441 415/507 5055/505
f 5047/424 423/441 5081/455
f 575/283 579/302 514/303
f 567/324 600/301 559/304
f 561/272 559/304 600/301
f 575/283 561/272 588/264
f 561/272 571/240 588/264
f 572/6014 587/6012 573/6016
f 195/3980 309/3967 285/3978
f 409/491 400/506 402/522
f 569/372 568/388 5046/406
f 5048/224 571/240 5084/248
f 594/223 498/231 586/241
f 570/176 584/207 5049/215
f 500/179 593/188 592/166
f 603/148 604/178 570/176
f 5079/390 591/389 5092/426
f 591/389 569/372 5088/407
f 590/328 429/352 449/365
f 587/6012 494/6004 359/6008
f 577/293 579/302 575/283
f 173/3917 511/3922 341/3918
f 184/3926 511/3922 173/3917
f 569/372 591/389 589/347
f 567/324 601/359 5074/357
f 448/358 590/328 449/365
f 590/328 448/358 589/347
f 497/217 585/198 499/199
f 588/264 572/256 581/273
f 571/240 572/256 588/264
f 5053/263 595/271 5083/282
f 587/6012 359/6008 272/6013
f 571/240 594/223 586/241
f 573/6016 134/6017 581/6018
f 586/6009 587/6012 572/6014
f 585/198 584/207 583/196
f 594/223 584/207 585/198
f 582/6609 360/6611 500/6612
f 187/3966 482/3981 484/3974
f 580/6443 581/6444 134/6439
f 134/6439 502/6436 580/6443
f 514/303 579/302 576/312
f 578/2884 517/2879 513/2882
f 578/335 513/336 576/312
f 576/312 505/315 578/335
f 576/312 579/302 577/293
f 588/264 577/293 575/283
f 560/294 575/283 514/303
f 505/6435 503/6429 574/6432
f 578/6441 505/6435 517/6437
f 347/5994 495/5996 497/5992
f 348/5991 347/5994 497/5992
f 517/2879 507/2880 513/2882
f 588/264 581/273 580/284
f 515/364 434/341 516/351
f 513/336 512/326 514/303
f 133/6015 353/6011 270/6010
f 464/313 512/326 511/339
f 184/349 464/313 511/339
f 179/3989 490/3985 225/3979
f 187/3966 225/3979 490/3985
f 508/327 510/338 509/350
f 507/2880 201/2878 341/2881
f 580/6443 502/6436 506/6442
f 506/6442 502/6436 504/6438
f 503/6429 505/6435 504/6438
f 347/5994 256/5998 358/6003
f 135/6433 503/6429 502/6436
f 502/6436 134/6439 135/6433
f 257/6006 271/6007 256/5998
f 501/162 492/174 496/154
f 322/5607 492/5613 501/5618
f 140/6620 499/6618 332/6616
f 499/199 593/188 500/179
f 137/6621 332/6616 273/6619
f 497/5992 495/5996 498/6000
f 346/183 496/154 492/174
f 362/184 361/186 626/163
f 495/5996 493/5999 494/6004
f 493/5999 359/6008 494/6004
f 494/6004 587/6012 586/6009
f 493/5999 495/5996 347/5994
f 294/3735 344/3739 314/3732
f 301/193 346/183 492/174
f 234/3950 302/3949 491/3958
f 294/3635 295/3640 344/3643
f 1241/4407 2046/4401 1240/4406
f 496/154 346/183 214/185
f 187/3966 490/3985 481/3986
f 301/5609 216/5604 212/5603
f 340/4334 338/4333 489/4339
f 248/4342 340/4334 489/4339
f 199/409 483/392 468/374
f 488/408 476/410 474/360
f 287/5590 487/5592 486/5593
f 166/144 164/160 605/153
f 476/410 485/443 484/458
f 474/360 483/392 488/408
f 480/428 476/410 481/445
f 476/410 482/460 481/445
f 322/5607 198/5611 209/5602
f 480/428 472/420 475/393
f 480/428 178/471 473/440
f 473/440 284/439 479/404
f 473/440 178/471 478/470
f 205/159 477/182 206/171
f 1359/3037 1203/3045 1202/3041
f 179/477 178/471 480/428
f 481/445 490/459 480/428
f 476/410 475/393 474/360
f 473/440 472/420 480/428
f 244/3479 245/3482 246/3475
f 471/3067 246/3066 245/3073
f 184/349 469/361 465/337
f 276/3738 470/3730 368/3737
f 200/376 469/361 184/349
f 200/376 199/409 468/374
f 466/377 719/412 467/379
f 474/360 468/374 483/392
f 464/313 184/349 465/337
f 463/375 462/348 474/360
f 566/394 462/348 463/375
f 565/3734 470/3730 276/3738
f 555/363 554/397 564/378
f 516/351 564/378 544/380
f 544/380 515/364 516/351
f 563/325 464/313 465/337
f 474/360 462/348 465/337
f 465/337 469/361 468/374
f 200/376 468/374 469/361
f 475/393 476/410 480/428
f 475/393 463/375 474/360
f 560/294 514/303 464/313
f 510/338 563/325 462/348
f 557/340 508/327 509/350
f 509/350 562/362 557/340
f 560/294 510/338 508/327
f 508/327 558/314 560/294
f 464/313 563/325 560/294
f 559/304 561/272 560/294
f 558/314 559/304 560/294
f 590/328 434/341 429/352
f 516/351 434/341 558/314
f 558/314 557/340 516/351
f 557/340 558/314 508/327
f 467/379 824/415 556/398
f 516/351 557/340 555/363
f 557/340 466/377 467/379
f 562/362 466/377 557/340
f 467/379 556/398 555/363
f 467/379 555/363 557/340
f 543/414 548/449 542/432
f 527/450 542/432 548/449
f 548/449 519/483 527/450
f 553/448 546/431 554/397
f 554/397 555/363 556/398
f 673/430 553/448 554/397
f 546/431 553/448 537/464
f 548/449 543/414 547/465
f 546/431 543/414 552/413
f 543/414 546/431 547/465
f 525/576 521/610 551/645
f 459/531 550/552 454/578
f 528/416 433/381 544/380
f 433/381 515/364 544/380
f 449/4942 402/4935 400/4943
f 436/4937 540/4939 432/4934
f 408/474 549/456 401/473
f 433/381 436/399 444/366
f 541/482 548/449 547/465
f 547/465 534/497 541/482
f 545/481 547/465 546/431
f 543/414 542/432 544/380
f 528/416 544/380 542/432
f 541/482 519/483 548/449
f 449/4942 430/4941 402/4935
f 431/4936 402/4935 430/4941
f 433/381 539/417 436/399
f 436/399 539/417 540/434
f 539/417 529/451 540/434
f 447/557 445/584 407/617
f 530/511 538/512 537/464
f 535/529 538/512 536/550
f 461/564 406/595 445/584
f 534/497 533/530 520/513
f 532/549 525/576 533/530
f 454/578 395/681 396/680
f 443/517 446/533 455/466
f 537/464 531/495 530/511
f 437/647 523/577 518/678
f 529/451 539/417 528/416
f 527/450 529/451 528/416
f 431/4936 526/4932 402/4935
f 523/577 533/530 525/576
f 542/432 527/450 528/416
f 442/498 455/466 527/450
f 525/576 524/646 523/577
f 536/550 522/611 521/610
f 535/529 536/550 532/549
f 532/549 533/530 534/497
f 411/730 418/754 5095/794
f 541/482 520/513 459/531
f 519/483 458/514 442/498
f 541/482 458/514 519/483
f 523/577 524/646 518/678
f 518/678 77/711 437/647
f 454/578 456/613 459/531
f 455/4940 450/4938 432/4934
f 454/578 457/648 456/613
f 443/517 421/556 446/533
f 458/514 459/531 443/517
f 426/649 395/681 454/578
f 459/531 441/579 443/517
f 457/648 428/650 456/613
f 428/650 441/579 456/613
f 455/466 447/557 450/585
f 454/578 438/612 426/649
f 451/1512 453/1523 452/1517
f 447/557 407/617 450/585
f 404/566 450/585 407/617
f 448/4945 449/4942 401/4944
f 455/466 446/533 447/557
f 445/584 447/557 446/533
f 421/556 445/584 446/533
f 402/4935 526/4932 404/4931
f 431/383 444/366 435/400
f 442/498 458/514 443/517
f 550/552 438/612 454/578
f 428/650 440/583 441/579
f 421/556 440/583 417/616
f 437/647 439/679 438/612
f 443/517 441/579 440/583
f 455/466 442/498 443/517
f 435/4933 436/4937 432/4934
f 435/400 444/366 436/399
f 444/366 434/341 433/381
f 432/4934 450/4938 404/4931
f 432/4934 404/4931 435/4933
f 431/4936 435/4933 526/4932
f 431/383 429/352 444/366
f 431/383 430/382 429/352
f 429/352 430/382 449/365
f 454/578 396/680 457/648
f 428/650 417/616 440/583
f 427/712 398/715 439/679
f 438/612 439/679 426/649
f 424/782 399/856 5097/859
f 457/648 417/616 428/650
f 395/681 426/649 387/714
f 416/684 389/713 425/753
f 416/684 419/695 420/653
f 424/782 425/753 389/713
f 405/539 409/491 403/541
f 549/456 408/474 423/441
f 5054/538 422/540 5101/594
f 5102/696 410/663 5103/731
f 413/565 422/540 414/521
f 420/653 421/556 417/616
f 420/653 412/626 421/556
f 411/730 419/695 418/754
f 445/584 406/595 407/617
f 416/684 420/653 417/616
f 445/584 421/556 461/564
f 419/695 412/626 420/653
f 422/540 415/507 414/521
f 410/663 413/565 412/626
f 419/695 411/730 410/663
f 413/565 461/564 412/626
f 408/474 400/506 409/491
f 407/617 405/539 404/566
f 407/617 406/595 405/539
f 402/522 404/566 403/541
f 408/474 401/473 400/506
f 415/507 423/441 409/491
f 409/491 414/521 415/507
f 414/521 409/491 405/539
f 423/441 408/474 409/491
f 5103/731 411/730 5105/795
f 5104/596 413/565 5107/627
f 414/521 405/539 461/564
f 406/595 461/564 405/539
f 386/750 397/751 460/805
f 389/6717 394/6718 424/6719
f 424/782 392/802 388/804
f 381/830 399/856 388/804
f 398/715 397/751 426/649
f 395/681 391/748 396/680
f 395/681 387/714 393/749
f 393/749 388/804 392/802
f 391/748 395/681 393/749
f 424/782 388/804 399/856
f 424/782 394/803 392/802
f 390/780 392/802 394/803
f 393/749 387/714 382/781
f 390/780 391/748 392/802
f 391/748 393/749 392/802
f 389/713 391/748 390/780
f 394/803 389/713 390/780
f 389/713 396/680 391/748
f 382/781 388/804 393/749
f 426/649 386/750 387/714
f 381/830 384/857 5109/887
f 382/781 386/750 383/806
f 386/750 382/781 387/714
f 384/857 383/806 385/858
f 383/806 384/857 381/830
f 388/804 382/781 381/830
f 1737/2841 1977/2854 1736/2860
f 315/3473 293/3478 316/3470
f 313/3729 294/3735 314/3732
f 250/3690 312/3689 311/3694
f 1376/3680 312/3689 250/3690
f 309/3967 234/3950 310/3965
f 306/5624 308/5628 307/5617
f 191/5528 305/5537 275/5531
f 275/5531 305/5537 195/5542
f 1359/3037 1174/3040 1358/3044
f 196/5608 304/5620 303/5615
f 302/3949 278/3939 277/3938
f 1195/3068 1196/3062 298/3061
f 215/3646 301/3648 300/3645
f 228/3959 187/3966 227/3954
f 299/3070 298/3061 471/3067
f 296/5522 275/5531 297/5532
f 211/3634 295/3640 294/3635
f 236/5623 293/5632 315/5631
f 366/3474 292/3469 291/3471
f 290/3465 289/3454 1972/3463
f 207/3929 204/3923 371/3933
f 286/5594 288/5591 287/5590
f 285/3978 288/3977 286/3987
f 296/5522 297/5532 1913/5527
f 176/5536 189/5530 284/5538
f 283/3029 282/3031 1948/3034
f 627/50 142/55 4518/31
f 1347/4372 306/4371 1377/4382
f 279/3740 281/3741 280/3736
f 278/3939 208/3935 277/3938
f 276/3941 277/3938 207/3929
f 297/5532 275/5531 274/5539
f 271/6007 270/6010 358/6003
f 305/5537 191/5528 177/5533
f 292/3469 290/3465 380/3466
f 310/3965 285/3978 309/3967
f 1199/5630 307/5617 308/5628
f 370/3733 1238/3728 280/3736
f 303/5615 304/5620 306/5624
f 307/5617 219/5610 303/5615
f 1198/4366 1199/4359 306/4371
f 379/4361 377/4369 274/4370
f 378/4364 377/4369 379/4361
f 1725/3467 290/3465 292/3469
f 377/4369 297/4381 274/4370
f 217/5595 373/5601 376/5597
f 373/5601 217/5595 375/5606
f 219/5610 307/5617 374/5612
f 373/6792 374/6793 372/6794
f 285/3978 373/3990 372/3988
f 364/4383 1347/4372 315/4389
f 1914/4373 378/4364 1843/4368
f 470/3730 565/3734 2035/3726
f 365/3947 357/3942 352/3943
f 276/3941 368/3948 277/3938
f 276/3941 207/3929 367/3936
f 1992/3721 1986/3716 2047/3718
f 302/3949 369/3957 491/3958
f 369/3742 370/3733 281/3741
f 357/3942 371/3933 352/3943
f 370/3733 368/3737 470/3730
f 277/3938 368/3948 302/3949
f 370/3733 369/3742 368/3737
f 369/3957 302/3949 368/3948
f 1224/2686 1225/2701 1883/2694
f 371/3933 357/3942 367/3936
f 2120/3711 1990/3706 1991/3714
f 1988/3709 2396/3710 1987/3713
f 276/3941 367/3936 356/3946
f 242/3476 366/3474 161/3481
f 344/3739 279/3740 314/3732
f 365/3947 352/3943 355/3937
f 1927/3299 1788/3304 1789/3309
f 315/3473 316/3470 364/3468
f 357/3942 2116/3956 363/3952
f 361/186 362/184 261/205
f 261/6613 360/6611 361/6610
f 353/6011 359/6008 358/6003
f 202/3919 168/3916 203/3915
f 357/3942 356/3946 367/3936
f 354/2852 355/2864 260/2858
f 272/6013 359/6008 353/6011
f 351/3934 355/3937 352/3943
f 343/2844 350/2836 349/2839
f 347/5994 348/5991 139/5993
f 354/2852 1762/2845 1717/2857
f 227/3954 187/3966 181/3960
f 346/183 301/193 215/204
f 343/2844 349/2839 1762/2845
f 380/3466 364/3468 316/3470
f 265/3632 211/3634 345/3628
f 300/3645 344/3643 210/3642
f 221/151 205/159 229/133
f 1973/6740 1981/6741 1998/6742
f 254/6284 138/6286 337/6282
f 337/6282 635/6278 254/6284
f 260/2858 343/2844 354/2852
f 371/3933 351/3934 352/3943
f 342/2868 170/2869 260/2858
f 202/6789 170/6790 342/6791
f 203/3915 173/3917 341/3918
f 204/3923 202/3919 342/3930
f 355/3937 1717/3953 365/3947
f 345/3628 211/3634 294/3635
f 1713/3649 300/3645 212/3650
f 300/3645 301/3648 212/3650
f 279/3647 344/3643 300/3645
f 340/4334 339/4327 338/4333
f 138/6286 136/6285 337/6282
f 337/6282 136/6285 1718/6279
f 231/105 232/104 619/117
f 223/82 336/103 233/91
f 631/106 630/83 619/117
f 147/4348 160/4351 327/4346
f 320/3904 327/3897 160/3908
f 335/3052 1725/3056 318/3060
f 334/3626 333/3623 1978/3620
f 263/6617 273/6619 332/6616
f 293/5632 236/5623 331/5629
f 239/116 606/124 330/134
f 329/3894 327/3897 2388/3890
f 329/4337 328/4343 327/4346
f 325/4345 249/4347 326/4350
f 143/122 148/145 149/143
f 323/4363 1347/4372 324/4367
f 216/5604 301/5609 322/5607
f 1843/4368 324/4367 1755/4378
f 290/3465 1833/3464 289/3454
f 1938/3671 1306/3678 1376/3680
f 339/4327 1936/4329 338/4333
f 249/4347 241/4355 326/4350
f 144/115 220/132 321/123
f 320/3904 319/3905 636/3901
f 327/4346 328/4343 147/4348
f 320/3904 160/3908 319/3905
f 335/3052 318/3060 317/3048
f 318/3060 471/3067 317/3048
f 331/3486 163/3487 226/3480
f 238/192 251/169 157/191
f 249/4347 248/4342 250/4344
f 247/4340 340/4334 248/4342
f 243/3472 246/3475 1725/3467
f 245/3482 153/3484 154/3489
f 242/3476 244/3479 243/3472
f 150/150 220/132 145/131
f 241/4355 151/4358 146/4353
f 239/116 330/134 240/135
f 157/4356 159/4357 158/4352
f 321/123 224/90 144/115
f 251/169 238/192 237/170
f 236/5623 235/5621 331/5629
f 251/169 159/181 157/191
f 227/3954 234/3950 228/3959
f 230/65 233/91 232/104
f 232/104 231/105 230/65
f 220/132 229/133 321/123
f 194/3973 188/3972 228/3959
f 227/3954 175/3944 234/3950
f 226/3480 163/3487 161/3481
f 194/3973 225/3979 188/3972
f 244/3479 246/3475 243/3472
f 471/3067 245/3073 612/3074
f 224/90 223/82 609/81
f 222/5526 189/5530 192/5517
f 221/151 220/132 150/150
f 213/5598 209/5602 217/5595
f 196/5608 219/5610 218/5605
f 209/5602 218/5605 217/5595
f 213/5598 216/5604 209/5602
f 214/3644 215/3646 210/3642
f 212/5603 216/5604 213/5598
f 210/3642 295/3640 211/3634
f 357/3942 363/3952 356/3946
f 196/5608 209/5602 198/5611
f 305/5537 177/5533 225/5541
f 207/3929 277/3938 208/3935
f 185/3931 186/3945 1715/3940
f 206/171 165/152 205/159
f 168/3916 202/3919 204/3923
f 203/3915 201/3921 202/3919
f 201/3921 170/3928 202/3919
f 201/3921 203/3915 341/3918
f 199/409 200/376 183/395
f 183/3925 169/3920 199/3932
f 214/185 346/183 215/204
f 196/5608 198/5611 197/5616
f 194/3973 309/3967 195/3980
f 305/5537 194/5545 195/5542
f 191/5528 193/5524 192/5517
f 222/5526 190/5535 189/5530
f 190/5535 284/5538 189/5530
f 188/3972 187/3966 228/3959
f 492/5613 322/5607 301/5609
f 175/3944 186/3945 185/3931
f 183/395 200/376 184/349
f 184/3926 173/3917 183/3925
f 182/3961 175/3944 181/3960
f 175/3944 227/3954 181/3960
f 185/3931 169/3920 167/3924
f 177/5533 180/5544 179/5546
f 176/5536 178/5540 177/5533
f 174/3955 186/3945 175/3944
f 174/3955 175/3944 182/3961
f 173/3917 169/3920 183/3925
f 170/2869 172/2870 171/2859
f 215/3646 300/3645 210/3642
f 336/103 223/82 224/90
f 168/3916 169/3920 173/3917
f 167/3924 169/3920 168/3916
f 187/3966 188/3972 225/3979
f 322/5607 209/5602 216/5604
f 166/144 165/152 164/160
f 161/3481 163/3487 162/3488
f 319/3905 160/3908 148/3911
f 158/4352 159/4357 151/4358
f 157/3699 156/3698 155/3700
f 152/3492 154/3489 153/3484
f 151/168 150/150 146/158
f 1286/213 154/221 152/203
f 150/150 145/131 149/143
f 146/158 150/150 149/143
f 146/4353 148/4354 147/4348
f 143/122 145/131 144/115
f 616/46 638/39 628/28
f 141/74 142/55 5063/84
f 141/74 4303/66 142/55
f 139/5993 140/5990 137/5995
f 138/5997 137/5995 136/6001
f 133/6440 135/6433 134/6439
f 133/6440 270/6434 135/6433
f 503/6429 135/6433 269/6430
f 265/3632 273/3636 211/3634
f 139/5993 348/5991 140/5990
f 133/6015 272/6013 353/6011
f 133/6015 134/6017 272/6013
f 171/2859 614/2865 257/2853
f 269/6430 271/6431 614/6428
f 253/206 273/222 263/214
f 269/6430 135/6433 270/6434
f 233/91 230/65 223/82
f 230/6850 268/6851 632/6852
f 263/214 264/194 266/195
f 266/195 264/194 267/175
f 253/206 266/195 214/185
f 265/3632 136/3637 137/3638
f 269/6430 270/6434 271/6431
f 261/205 264/194 263/214
f 362/184 264/194 261/205
f 261/6613 263/6617 262/6615
f 254/2846 343/2844 257/2853
f 171/2859 343/2844 260/2858
f 171/2859 260/2858 170/2869
f 268/6817 230/6818 231/6819
f 929/3122 259/3113 258/3121
f 255/6002 257/6006 256/5998
f 257/6006 255/6002 254/6005
f 273/3636 265/3632 137/3638
f 211/3634 253/3639 252/3641
f 214/3644 210/3642 252/3641
f 2037/3615 2038/3621 2050/3618
f 2115/3976 132/3963 131/3969
f 1718/3630 265/3632 2030/3631
f 2345/6693 2356/6689 2344/6692
f 2436/3449 2435/3453 2405/3458
f 4548/2568 928/2561 926/2564
f 2132/2572 2161/2588 2131/2583
f 927/2558 2242/2560 926/2564
f 3059/1473 3069/1463 4572/1468
f 810/3172 4568/3165 4532/3166
f 4573/1476 3064/1477 4572/1468
f 4572/1468 4563/1472 4573/1476
f 2062/1480 4563/1472 2311/1471
f 4562/1462 3052/1461 3378/1467
f 2361/1481 4573/1476 4563/1472
f 4573/2360 2361/2353 2359/2330
f 4549/1489 108/1490 105/1501
f 4547/4254 3360/4250 2306/4241
f 2139/1633 3393/1641 988/1646
f 986/1640 4551/1619 2139/1633
f 885/2587 2162/2594 2132/2572
f 851/4145 2162/4151 885/4146
f 922/3144 1011/3148 1000/3154
f 1011/2202 923/2212 992/2193
f 4539/1653 4541/1671 881/1662
f 4541/1671 4539/1653 1013/1681
f 1028/2190 4540/2191 999/2167
f 908/1632 4537/1626 4551/1619
f 4551/1619 2146/1620 2139/1633
f 3388/1530 68/1531 64/1539
f 566/394 463/375 1362/403
f 2092/2566 2134/2567 2242/2560
f 2092/2566 2242/2560 2093/2563
f 904/3822 903/3818 974/3821
f 2888/1440 2991/1429 2889/1441
f 2416/2548 2295/2550 2296/2551
f 244/3479 153/3484 245/3482
f 191/5528 275/5531 193/5524
f 3220/2412 3221/2413 2628/2410
f 1199/4359 379/4361 1730/4362
f 1242/6653 1245/6654 1348/6651
f 1641/788 1642/763 1646/816
f 1591/2238 2054/2215 2490/2242
f 3189/2430 2531/2423 1333/2435
f 2630/2490 2620/2496 2621/2502
f 1013/1681 952/1697 1017/1699
f 3119/3499 2669/3503 2670/3500
f 2531/2423 2626/2411 2535/2418
f 3383/5124 2838/5111 2752/5114
f 3037/3501 3032/3498 2670/3500
f 3032/3498 3033/3502 3119/3499
f 4529/5432 3066/5419 3024/5436
f 3040/4837 3379/4841 4566/4838
f 4566/4838 3380/4845 4567/4842
f 2886/6216 2887/6218 2889/6222
f 4608/4301 3110/4298 3099/4306
f 4608/4301 3103/4296 3100/4289
f 734/1549 1021/1542 4571/1537
f 4571/1537 4534/1533 748/1543
f 4570/5731 2316/5734 4569/5739
f 2319/5735 2073/5728 4570/5731
f 2317/5744 4569/5739 2316/5734
f 4570/5731 4569/5739 2319/5735
f 3073/4846 4567/4842 4561/4851
f 2937/4850 2938/4839 3073/4846
f 3368/1455 3054/1454 2888/1440
f 3017/6835 2988/6836 2929/6837
f 3064/6561 4573/6558 4589/6560
f 4560/5394 2878/5391 3082/5390
f 3061/5464 3062/5468 3177/5465
f 2595/2507 2620/2496 2602/2497
f 2620/2496 2622/2488 2602/2497
f 2602/2497 2551/2491 2552/2501
f 3226/2358 3224/2356 3225/2369
f 3224/2356 3226/2358 3213/2346
f 3157/2305 3173/2310 3214/2318
f 3214/2318 3247/2325 3157/2305
f 4562/1462 3067/1457 3050/1452
f 3028/4865 3073/4846 3027/4858
f 3028/4618 3002/4619 3000/4616
f 2065/3134 2313/3147 2327/3141
f 2065/3134 2327/3141 877/3127
f 3369/1459 16/1450 3054/1454
f 3088/5785 1782/5777 2999/5782
f 3003/1433 2888/1440 16/1450
f 2890/5392 2878/5391 2879/5395
f 3011/5434 3027/5435 3010/5426
f 2756/5982 2915/5973 2755/5979
f 2890/5392 2891/5389 2878/5391
f 4567/4842 3950/4849 3026/4855
f 2938/4839 2894/4836 4566/4838
f 2917/5976 2755/5979 2915/5973
f 2933/4107 2813/4098 2814/4106
f 3013/5404 3066/5419 3055/5413
f 2712/6342 2665/6343 2803/6340
f 2712/6342 2713/6341 2659/6344
f 2604/2495 2541/2487 4565/2500
f 2916/5981 2917/5976 2909/5977
f 1004/3138 892/3150 899/3140
f 2613/2484 2608/2475 2609/2481
f 4584/2416 2576/2427 2574/2422
f 1298/2432 1299/2426 1808/2421
f 1729/2714 4564/2710 1530/2707
f 2073/5728 2412/5736 2465/5729
f 2156/4071 2322/4066 2155/4073
f 193/5524 296/5522 1346/5514
f 1377/5627 1724/5626 315/5631
f 1724/5626 304/5620 236/5623
f 1377/5627 304/5620 1724/5626
f 1719/3652 281/3651 1713/3649
f 486/5593 487/5592 1719/5596
f 1713/5599 486/5593 1719/5596
f 4552/2170 2069/2160 2070/2181
f 275/5531 195/5542 274/5539
f 1710/2312 4554/2320 4555/2327
f 4555/2327 2340/2334 1710/2312
f 3203/2352 3204/2340 3213/2346
f 3388/1530 834/1535 453/1523
f 2630/2490 2613/2484 2609/2481
f 885/4146 890/4149 884/4143
f 853/4142 851/4145 885/4146
f 2467/5725 2468/5723 2573/5722
f 2550/2519 2553/2506 1802/2512
f 2622/2488 2620/2496 2630/2490
f 1803/5231 2330/5228 1802/5236
f 1031/5376 4542/5375 1015/5370
f 1015/5370 4542/5375 1014/5373
f 935/2129 931/2134 2362/2141
f 1506/2089 1615/2084 1585/2088
f 2227/2552 2310/2556 2090/2549
f 1617/2055 1618/2050 1581/2044
f 1617/2055 1620/2060 1616/2061
f 1816/4531 1501/4515 1505/4525
f 1094/2616 1092/2621 1651/2613
f 1005/3162 1098/3170 975/3167
f 884/3168 890/3157 891/3156
f 928/2561 1774/2565 1775/2559
f 2316/5734 2373/5730 2370/5738
f 1765/1499 818/1500 819/1507
f 2313/3147 2065/3134 2063/3146
f 810/905 1098/950 4568/977
f 1098/3170 1005/3162 4568/3165
f 1004/3138 4543/3149 1003/3155
f 931/2134 993/2140 2362/2141
f 350/2836 2112/2835 349/2839
f 280/3736 281/3741 370/3733
f 314/3732 279/3740 280/3736
f 192/5517 193/5524 1346/5514
f 1585/5075 1586/5074 1809/5071
f 1897/3371 1904/3387 1789/3381
f 1501/4515 1502/4514 1504/4519
f 1504/4519 1502/4514 1769/4522
f 1504/4519 1505/4525 1501/4515
f 1968/5279 1995/5285 2019/5288
f 2336/2708 4564/2710 1729/2714
f 1477/4019 1369/4025 1367/4026
f 2282/4243 2283/4234 2281/4238
f 4559/3129 2474/3118 2524/3119
f 4559/3129 2413/3125 2528/3142
f 2522/2228 4558/2218 2516/2229
f 2520/2186 2428/2207 4558/2218
f 2133/2577 2129/2589 2130/2590
f 2128/2597 4547/2585 2130/2590
f 2467/5725 4570/5731 2073/5728
f 2368/4049 2560/4043 2367/4046
f 2560/4043 2368/4049 2498/4045
f 3173/2310 3157/2305 3158/2300
f 985/2314 4557/2324 3173/2310
f 3214/2318 3215/2332 3247/2325
f 3224/2356 3213/2346 4597/2344
f 3214/2318 4557/2324 3233/2331
f 4557/2324 3214/2318 3173/2310
f 3141/5758 3169/5757 3145/5761
f 3225/2369 4556/2374 3227/2371
f 4556/2374 3225/2369 2581/2373
f 3104/2276 1331/2281 3106/2271
f 2359/2330 4555/2327 4554/2320
f 3087/4315 3094/4303 3147/4308
f 4549/1489 2102/1504 818/1500
f 3060/5471 3069/5479 3059/5472
f 520/513 550/552 459/531
f 3033/3502 3035/3513 3136/3507
f 3033/3502 3136/3507 3119/3499
f 984/2308 985/2314 3158/2300
f 1708/2307 1706/2321 2365/2322
f 3119/3499 3136/3507 3118/3514
f 3001/4622 3004/4630 3005/4626
f 3064/2316 3151/2303 3063/2315
f 3101/4287 3108/4282 2786/4285
f 3165/6515 3229/6518 3242/6520
f 3202/3580 3211/3586 3246/3588
f 3209/2364 1699/2359 3203/2352
f 3209/5824 3208/5817 1698/5819
f 3061/5464 2978/5467 3060/5471
f 1698/5819 3208/5817 3194/5813
f 1698/5819 1699/5828 3209/5824
f 3139/6641 3195/6638 3198/6640
f 2762/3522 2763/3541 3034/3531
f 3035/3513 2762/3522 3034/3531
f 3034/4127 2763/4136 3114/4131
f 3138/3542 3034/3531 3128/3553
f 3137/3523 3121/3524 3136/3507
f 3052/1461 4562/1462 3050/1452
f 2790/4132 3057/4135 2789/4138
f 2999/5782 2998/5788 3007/5787
f 3088/5785 2999/5782 3007/5787
f 3000/4616 3007/4620 2998/4617
f 3167/2261 3090/2265 3091/2262
f 2786/4285 2788/4292 3101/4287
f 3093/4314 3094/4303 3087/4315
f 2905/4305 3098/4316 3110/4298
f 3140/2278 3104/2276 3105/2263
f 3106/2271 1331/2281 1332/2285
f 3179/5474 3147/5477 3183/5469
f 2979/5480 3069/5479 3060/5471
f 984/2308 1708/2307 2365/2322
f 3048/1446 3051/1449 14/1458
f 2612/2526 2607/2536 2642/2529
f 2612/2526 2632/2520 2611/2527
f 2365/2322 983/2323 984/2308
f 2323/2361 2324/2366 2342/2354
f 4563/1472 4562/1462 2311/1471
f 3003/1433 16/1450 3051/1449
f 3012/1445 3003/1433 3051/1449
f 3051/1449 16/1450 14/1458
f 2061/1486 2559/1495 1765/1499
f 2061/1486 2155/1494 2060/1487
f 3023/4866 4561/4851 3026/4855
f 3078/4874 3027/4858 3023/4866
f 3078/5431 3066/5419 3010/5426
f 3050/1452 3048/1446 3053/1456
f 4567/4842 2938/4839 4566/4838
f 2730/6042 2728/6035 2733/6038
f 2935/5116 2841/5101 2971/5122
f 2774/4125 2818/4124 2773/4112
f 2783/4288 2961/4283 2943/4290
f 2902/4853 2819/4868 2901/4852
f 3028/4618 2992/4621 3002/4619
f 3011/4628 2992/4621 3027/4624
f 4561/4851 3027/4858 3073/4846
f 4567/4842 3026/4855 4561/4851
f 3023/4866 3027/4858 4561/4851
f 3024/5436 3078/5431 3023/5438
f 3017/4080 2986/4079 3016/4082
f 3005/4626 3006/4631 3008/4623
f 3005/4626 3000/4616 3001/4622
f 2989/4642 2771/4643 2930/4637
f 2975/1434 2976/1428 3003/1433
f 3829/5399 2878/5391 4560/5394
f 2949/1421 2990/1425 2991/1429
f 2987/4081 2998/4083 2986/4079
f 2946/1420 2945/1424 2923/1417
f 2980/1453 2982/1444 3046/1443
f 2953/1427 3047/1438 2952/1432
f 3046/1443 2979/1448 2980/1453
f 3046/1443 3047/1438 3045/1431
f 2898/1416 2769/1423 2950/1418
f 2949/1421 2950/1418 2990/1425
f 2896/4465 3819/4463 2895/4460
f 2877/6209 2881/6211 2876/6214
f 2896/4848 2873/4844 2847/4854
f 2848/6382 3327/6383 2847/6384
f 2822/4997 2836/5004 2861/5005
f 2859/4877 2855/4876 2837/4881
f 2859/4877 2848/4872 2849/4862
f 2824/5003 2825/5002 2828/5009
f 2838/5111 2846/5115 2832/5105
f 2833/5100 2838/5111 2832/5105
f 2968/3552 2919/3573 2965/3565
f 2783/4288 2786/4285 2961/4283
f 2786/4285 2787/4291 2788/4292
f 2926/4847 2902/4853 2900/4843
f 2900/4843 2938/4839 2926/4847
f 2894/4836 2938/4839 2900/4843
f 2827/4867 2856/4859 2901/4852
f 2950/1418 3079/1412 2898/1416
f 2917/5976 2908/5965 2909/5977
f 2782/4300 2783/4288 2759/4299
f 2787/4291 2783/4288 2784/4295
f 2768/5410 2903/5402 2770/5417
f 2658/6355 2682/6352 2657/6348
f 2739/3518 3135/3504 2799/3510
f 2796/6676 2671/6679 2672/6678
f 2796/2485 2797/2489 2671/2493
f 2543/2473 2385/2468 2386/2479
f 2543/2473 2610/2469 2538/2463
f 2698/4892 2647/4896 2635/4888
f 2687/5924 2695/5920 2710/5919
f 2654/6350 2655/6345 2707/6347
f 2654/6350 2652/6353 2650/6354
f 2684/5926 2721/5930 2683/5928
f 2642/2529 2648/2515 2612/2526
f 2643/4897 2647/4896 2645/4902
f 2547/4220 2287/4225 2288/4216
f 1591/2238 1592/2244 2517/2226
f 2383/2477 2591/2467 2573/2472
f 2632/2520 2596/2511 2611/2527
f 2518/2227 2516/2229 2428/2207
f 2607/2536 2598/2538 2638/2541
f 2281/6378 2550/6379 2276/6374
f 2281/2535 2546/2532 2550/2519
f 2385/2468 2543/2473 2538/2463
f 2545/4228 2287/4225 2547/4220
f 2283/4234 2545/4228 2281/4238
f 2550/6379 1802/6381 2331/6380
f 2549/2524 2546/2532 2548/2530
f 2132/2572 926/2564 4553/2576
f 2160/2582 2132/2572 4553/2576
f 2541/2487 3232/2494 4565/2500
f 2519/6274 2542/6276 2564/6273
f 3232/5235 2382/5242 2379/5234
f 2541/2487 2382/2486 3232/2494
f 2498/4045 2522/4042 2536/4036
f 2586/2245 2517/2226 1592/2244
f 2516/2229 2586/2245 2580/2250
f 2417/2232 2137/2223 2415/2237
f 2584/2253 4578/2256 1592/2244
f 2483/6101 2575/6098 2526/6095
f 1300/2378 2581/2373 2571/2372
f 2483/6101 2526/6095 2489/6103
f 2489/3106 2495/3097 2488/3101
f 2061/1486 2343/1483 4549/1489
f 2367/4046 2560/4043 2497/4041
f 2564/6109 2562/6106 2566/6105
f 258/3121 259/3113 2148/3103
f 2560/4043 2498/4045 2536/4036
f 2528/3142 2413/3125 2557/3139
f 2473/3128 2474/3118 4559/3129
f 2558/3152 2476/3143 2528/3142
f 2557/3139 2413/3125 2339/3132
f 2528/3142 2557/3139 2558/3152
f 2558/3152 2318/3151 2370/3164
f 1301/4050 1302/4054 2521/4048
f 2520/4051 2522/4042 2521/4048
f 2372/5733 2373/5730 2480/5727
f 2473/3128 2476/3143 2477/3135
f 4559/3129 2528/3142 2473/3128
f 2155/1494 3083/1491 2060/1487
f 2338/2573 2133/2577 4547/2585
f 2337/6684 2338/6687 4547/6686
f 2069/2160 936/2142 2362/2141
f 2429/2206 2518/2227 2428/2207
f 2516/2229 4558/2218 2428/2207
f 896/2163 2430/2185 2520/2186
f 2520/2186 898/2173 896/2163
f 2428/2207 2520/2186 2430/2185
f 2498/4045 1301/4050 2521/4048
f 2513/2241 2418/2236 2417/2232
f 2516/2229 2517/2226 2586/2245
f 2040/3720 2032/3724 2033/3722
f 2511/2224 2415/2237 2137/2223
f 2053/2194 2054/2215 2057/2205
f 283/3029 2025/3026 282/3031
f 2390/2246 2078/2234 2154/2247
f 2079/2231 1090/2213 2081/2235
f 2520/4051 1302/4054 2446/4058
f 1766/1503 2155/1494 1765/1499
f 2137/2223 2417/2232 2055/2214
f 2054/2215 2055/2214 2417/2232
f 936/2142 896/2163 897/2153
f 2412/5736 2072/5741 2310/5746
f 2072/5741 2412/5736 2073/5728
f 2419/2243 2513/2241 2417/2232
f 2327/3141 2318/3151 2557/3139
f 876/3117 877/3127 2339/3132
f 1038/2159 990/2168 991/2178
f 1849/3375 1260/3393 1261/3404
f 1955/3416 1791/3391 1845/3412
f 1552/2672 1535/2685 2441/2692
f 2441/2692 1223/2698 1224/2686
f 897/2153 982/2135 936/2142
f 1717/3953 2147/3964 2116/3956
f 2446/2198 898/2173 2520/2186
f 2395/5794 1739/5797 1740/5801
f 1038/2159 2152/2169 2362/2141
f 2312/1479 2061/1486 2062/1480
f 2557/3139 2339/3132 2327/3141
f 4550/3126 1004/3138 899/3140
f 891/3156 892/3150 1004/3138
f 2476/2460 2372/2456 2380/2451
f 2372/3161 2476/3143 2558/3152
f 2558/3152 2370/3164 2372/3161
f 936/2142 935/2129 2362/2141
f 2340/2334 4555/2327 2359/2330
f 3468/1521 453/1523 451/1512
f 2327/3141 2328/3153 2318/3151
f 2314/3160 2328/3153 2313/3147
f 4550/3126 2087/3123 998/3124
f 2087/3123 4550/3126 875/3116
f 3083/4070 2322/4066 2323/4068
f 2317/5744 2314/5752 2067/5745
f 2314/3160 2318/3151 2328/3153
f 2317/5744 2318/5743 2314/5752
f 2319/5735 4569/5739 2317/5744
f 2361/2353 3083/2365 2323/2361
f 9/1505 2102/1504 4549/1489
f 2157/2196 2320/2184 1767/2172
f 2093/2563 2242/2560 2310/2556
f 2144/1585 2143/1584 2243/1578
f 2337/6684 4547/6686 2308/6681
f 2309/6683 2337/6684 2308/6681
f 2308/4249 4547/4254 2307/4248
f 2284/4240 2282/4243 2308/4249
f 2338/2573 2300/2574 928/2561
f 2337/6684 2309/6683 2334/6685
f 2284/4240 2306/4241 2286/4231
f 928/2561 4548/2568 2338/2573
f 2128/2597 19/2598 4547/2585
f 2286/4231 2283/4234 2284/4240
f 1803/5231 2273/5227 2299/5219
f 2282/6373 2276/6374 2278/6367
f 2266/1579 2240/1587 2241/1588
f 2239/3852 2229/3841 1812/3835
f 1602/4568 1524/4572 1604/4566
f 2194/2753 2184/2745 2178/2752
f 2194/2695 2220/2681 2193/2680
f 2183/6410 2180/6408 2182/6409
f 1654/2618 1672/2635 1673/2644
f 2235/3842 2256/3861 2239/3852
f 1812/3835 2229/3841 904/3822
f 2239/3852 1812/3835 2235/3842
f 974/3821 919/3825 2231/3829
f 1108/5249 2177/5255 1107/5257
f 1673/2644 2211/2636 1654/2618
f 4939/2646 2211/2636 5003/2656
f 2225/3093 2154/3098 2080/3102
f 2146/1620 2099/1606 2140/1614
f 2088/1600 2264/1612 2140/1614
f 987/1654 4539/1653 986/1640
f 907/5384 908/5386 882/5383
f 4551/1619 986/1640 908/1632
f 926/2564 2134/2567 2135/2571
f 899/3140 2064/3133 4550/3126
f 899/2581 2160/2582 4553/2576
f 2098/3854 902/3846 2142/3837
f 1767/2172 1768/2143 2085/2162
f 2079/2231 2077/2222 1090/2213
f 2083/2201 1091/2203 2077/2222
f 899/2581 4553/2576 2135/2571
f 899/3140 2135/3145 2064/3133
f 451/1512 2103/1511 3468/1521
f 451/1512 2102/1504 2103/1511
f 4552/2170 2430/2185 896/2163
f 2153/3114 2087/3123 2086/3100
f 2098/3854 2142/3837 2097/3853
f 2086/3100 2100/3096 2101/3099
f 2414/2239 2415/2237 2511/2224
f 2390/2246 2414/2239 2078/2234
f 1004/3138 998/3124 925/3137
f 2310/5746 2072/5741 2093/5749
f 1091/2203 1090/2213 2077/2222
f 4552/2170 896/2163 936/2142
f 2069/2160 4552/2170 936/2142
f 998/3124 1004/3138 4550/3126
f 2113/2843 1762/2845 2112/2835
f 818/1500 2559/1495 4549/1489
f 2061/1486 4549/1489 2559/1495
f 2072/5741 2068/5740 2093/5749
f 2098/1613 2099/1606 4551/1619
f 1010/2130 937/2125 982/2135
f 2066/5748 2067/5745 2313/5753
f 2313/3147 2063/3146 2066/3159
f 926/2564 2132/2572 4548/2568
f 2084/2152 982/2135 2074/2161
f 2068/5740 2066/5748 2092/5754
f 1039/2192 991/2178 2083/2201
f 2084/2152 2085/2162 1768/2143
f 875/3116 1685/3109 2086/3100
f 2511/2224 2078/2234 2414/2239
f 2511/2224 2075/2204 2082/2211
f 1038/2159 1039/2192 2076/2195
f 1039/2192 2082/2211 2076/2195
f 2077/2222 2136/2221 2083/2201
f 2064/3133 875/3116 4550/3126
f 875/3116 2065/3134 877/3127
f 2075/2204 2076/2195 2082/2211
f 2136/2221 2078/2234 2511/2224
f 2135/3145 2092/3158 2063/3146
f 2135/3145 2063/3146 2064/3133
f 2064/3133 2065/3134 875/3116
f 2511/2224 2082/2211 2136/2221
f 2319/5735 2068/5740 2073/5728
f 2225/3093 2433/3092 2390/3095
f 1765/1499 2155/1494 2061/1486
f 876/3117 1685/3109 875/3116
f 2133/2577 2338/2573 4548/2568
f 4548/2568 2132/2572 2133/2577
f 2135/2571 4553/2576 926/2564
f 313/3729 314/3732 1238/3728
f 2118/5802 2117/5807 2110/5799
f 1756/4392 2043/4398 2020/4391
f 2020/4391 1755/4378 1756/4392
f 1756/4392 1757/4385 1973/4394
f 1996/3617 2031/3624 2038/3621
f 1197/3054 1910/3049 1196/3062
f 380/3466 291/3471 292/3469
f 1931/5290 1993/5289 2027/5287
f 345/3628 2044/3629 2038/3621
f 334/3626 2030/3631 2051/3627
f 333/3623 334/3626 2051/3627
f 2031/3624 1996/3617 2051/3627
f 2048/3613 1996/3617 1997/3609
f 2048/3613 1989/3608 1980/3614
f 247/4340 328/4343 329/4337
f 248/4342 325/4345 247/4340
f 340/4334 2045/4330 339/4327
f 1973/3451 1974/3456 1982/3448
f 338/3676 1937/3668 1938/3671
f 1359/3037 1912/3030 1948/3034
f 3222/3349 1049/3355 1373/3357
f 1860/2910 1878/2911 1851/2925
f 1796/3426 1932/3431 1795/3420
f 1852/2942 2006/2941 1851/2925
f 324/4367 1909/4360 323/4363
f 2020/4391 1928/4379 1755/4378
f 1791/3391 1260/3393 1790/3383
f 1893/2749 1854/2755 1888/2758
f 1049/3355 3222/3349 1048/3352
f 1850/3376 1372/3364 1849/3375
f 1811/3363 1175/3369 1151/3373
f 1830/2961 1848/2977 1872/2984
f 1867/5507 1870/5500 1865/5505
f 1838/3410 1839/3401 1840/3390
f 1798/3382 1382/3402 1840/3390
f 1049/3355 1372/3364 1373/3357
f 1811/3363 1874/3370 1049/3355
f 1811/3363 1841/3374 1874/3370
f 1931/4395 1929/4393 1930/4386
f 1915/5519 1193/5511 1194/5523
f 1915/4397 1929/4393 1880/4399
f 1911/4374 377/4369 378/4364
f 317/3048 1910/3049 1174/3040
f 1841/3374 1798/3382 1840/3390
f 1811/3363 1798/3382 1841/3374
f 3222/3349 1119/3351 1048/3352
f 1501/4515 1815/4529 1819/4523
f 1251/2900 1252/2906 1731/2912
f 1496/721 1445/756 1814/719
f 1814/719 1493/655 1496/721
f 1492/654 1493/655 1814/719
f 1668/2724 1656/2717 1646/2719
f 795/697 1733/629 794/633
f 954/895 768/965 773/942
f 737/2147 736/2131 830/2137
f 736/2131 938/2122 1009/2126
f 888/6242 1763/6235 4546/6238
f 879/6237 887/6241 4546/6238
f 981/2118 937/2125 1010/2130
f 1613/5082 1614/5083 874/5081
f 1116/437 1142/489 1138/503
f 1142/489 1116/437 1124/469
f 3470/5126 2844/5131 2843/5121
f 488/408 485/443 476/410
f 532/549 521/610 525/576
f 1771/1891 1748/1889 1560/1885
f 1522/4579 1598/4587 1606/4583
f 1524/4572 1522/4579 1606/4583
f 1524/4572 1541/4580 1542/4573
f 1506/2089 1507/2098 1776/2093
f 1690/2625 1684/2638 1670/2631
f 1613/2079 1610/2075 864/2065
f 1729/2714 1530/2707 1656/2717
f 1780/4791 777/4777 685/4786
f 1780/4791 1676/4801 1677/4798
f 1777/2728 1096/2733 1086/2721
f 1777/2728 1666/2720 1663/2732
f 1695/4612 1607/4604 1608/4607
f 1616/2061 1620/2060 1621/2071
f 1605/4593 1598/4587 1519/4599
f 1534/6129 1660/6121 1533/6127
f 1614/5083 1679/5086 714/5085
f 1431/960 1429/939 1430/915
f 1711/4014 1374/4022 1477/4019
f 1383/4018 1374/4022 1711/4014
f 794/633 1733/629 814/544
f 1282/1842 1287/1833 1289/1837
f 626/163 496/154 267/175
f 1316/220 1314/229 1338/212
f 157/191 1316/220 1338/212
f 1314/229 1286/213 1338/212
f 623/155 618/138 622/125
f 1249/2982 1272/2974 1253/2958
f 1176/6765 1233/6762 1187/6764
f 1565/1901 1794/1902 1410/1895
f 1410/1895 1794/1902 1409/1899
f 1409/1899 1483/1903 1408/1892
f 325/4345 326/4350 147/4348
f 1019/614 753/615 759/581
f 1020/1540 1021/1542 1019/1551
f 1135/3360 1151/3373 1175/3369
f 1229/370 1232/355 1228/385
f 1176/345 1360/321 1178/320
f 1316/220 156/236 1313/237
f 1530/2707 4564/2710 1532/2700
f 1758/2151 840/2150 842/2157
f 1500/2897 1046/2902 1166/2892
f 1163/2909 1169/2908 1165/2896
f 1009/2126 830/2137 736/2131
f 799/736 850/632 854/699
f 946/817 859/818 872/867
f 831/2146 830/2137 1009/2126
f 4589/2317 2359/2330 4554/2320
f 1006/2119 839/2127 994/2128
f 942/5372 1015/5370 943/5369
f 879/6237 4546/6238 1763/6235
f 915/3817 916/3830 919/3825
f 811/876 1030/904 866/928
f 745/1541 754/1547 746/1552
f 4545/1720 59/1728 793/1727
f 60/1712 4545/1720 3386/1700
f 1016/1711 3386/1700 4545/1720
f 793/1727 59/1728 792/1741
f 793/1727 1016/1711 4545/1720
f 702/790 869/764 701/728
f 946/817 947/840 870/789
f 860/768 783/798 784/738
f 1016/1711 1012/1689 3376/1690
f 653/1396 654/1403 655/1399
f 652/1389 653/1396 655/1399
f 652/1389 655/1399 718/1402
f 292/3469 242/3476 243/3472
f 605/153 611/161 637/136
f 1719/5596 487/5592 491/5600
f 623/155 626/163 625/164
f 1730/4362 379/4361 372/4365
f 1656/2717 1666/2720 1729/2714
f 773/942 771/894 954/895
f 91/668 3454/635 750/604
f 750/604 747/683 91/668
f 234/3950 278/3939 302/3949
f 602/292 600/301 5058/311
f 584/207 570/176 583/196
f 582/177 4533/156 625/164
f 4533/156 582/177 500/179
f 1712/3075 1371/3081 1350/3079
f 299/3070 1712/3075 298/3061
f 498/231 594/223 497/217
f 448/358 568/388 569/372
f 523/577 437/647 438/612
f 537/464 545/481 546/431
f 2340/2334 1709/2335 1710/2312
f 1707/2313 1710/2312 1706/2321
f 554/397 546/431 552/413
f 455/4940 432/4934 540/4939
f 3205/5816 1697/5823 1698/5819
f 1543/2629 1544/2622 1654/2618
f 1651/2613 1654/2618 1636/2614
f 1681/4781 685/4786 777/4777
f 1734/4797 1676/4801 1780/4791
f 697/4778 778/4787 1609/4792
f 1677/4798 778/4787 1780/4791
f 1677/4798 1674/4802 1609/4792
f 1676/4801 1734/4797 1695/4804
f 685/4786 1734/4797 1780/4791
f 1545/2637 1543/2629 4940/2647
f 1652/791 1653/897 1694/870
f 4946/898 1693/896 4967/943
f 1638/6577 1659/6578 1652/6579
f 1664/786 1102/762 1072/691
f 1664/2737 1663/2732 1667/2727
f 1519/4599 1520/4598 1587/4606
f 1100/662 1101/660 1635/726
f 1735/814 1102/762 1667/813
f 1101/660 1642/763 1635/726
f 922/3144 923/3130 1011/3148
f 975/3167 1098/3170 1097/3175
f 1667/813 1102/762 1664/786
f 1735/814 1667/813 1668/863
f 1668/2724 1666/2720 1656/2717
f 1663/2732 1666/2720 1667/2727
f 1650/2738 1777/2728 1663/2732
f 1534/6129 1535/6132 1549/6137
f 1658/2709 1530/2707 1531/2704
f 1658/2709 1662/2712 1657/2713
f 1648/2611 1651/2613 1636/2614
f 1557/3848 917/3833 918/3839
f 1557/3848 912/3857 914/3850
f 4970/2669 1545/2637 5005/2668
f 2211/2636 1543/2629 1654/2618
f 1691/2620 1553/2626 1094/2616
f 1594/4578 1597/4586 1522/4579
f 1597/4586 1521/4592 1522/4579
f 1619/2072 1508/2077 1509/2068
f 1619/2072 1616/2061 1621/2071
f 1165/2896 1167/2898 1164/2885
f 703/4788 697/4778 1609/4792
f 1599/4585 1540/4596 4976/4595
f 1601/4577 1525/4590 1599/4585
f 1675/4588 1541/4580 1606/4583
f 1273/2963 1270/2947 1271/2950
f 1273/2963 1339/2969 1277/2953
f 1400/1873 1559/1884 1560/1885
f 1456/1220 1568/1205 1454/1227
f 1335/2939 1343/2920 1269/2928
f 1335/2939 1336/2938 1343/2920
f 1335/2939 1270/2947 1277/2953
f 1273/2963 1274/2979 1339/2969
f 1471/2929 1336/2938 1337/2946
f 1471/6662 1453/6659 1342/6663
f 1045/656 1046/688 1465/722
f 1411/4427 1412/4420 1565/4425
f 1420/811 1392/836 1393/812
f 1415/861 1420/811 1414/835
f 1418/2014 1491/2003 1417/2013
f 1418/2014 1419/2020 1437/2008
f 1276/2962 1277/2953 1339/2969
f 1277/2953 1270/2947 1273/2963
f 1399/1875 1400/1873 1728/1881
f 1395/4451 1389/4454 1390/4453
f 1748/1889 1452/1886 1482/1882
f 1496/4455 1394/4450 1390/4453
f 1480/686 1481/757 1496/721
f 1496/721 1493/655 1480/686
f 1485/4428 1439/4431 1484/4437
f 1433/2000 1437/2008 1435/2004
f 1491/2003 1437/2008 1433/2000
f 1070/718 1104/759 1066/690
f 745/1541 834/1535 754/1547
f 745/1541 756/1548 4534/1533
f 1485/4428 1447/4429 1439/4431
f 1466/4424 1446/4423 1485/4428
f 1475/1874 1399/1875 1482/1882
f 1279/298 1149/319 1354/309
f 1295/4012 1294/4023 1293/4021
f 1253/2958 1311/2959 1254/2975
f 1269/2928 1343/2920 1344/2907
f 1255/3427 1256/3422 1381/3433
f 1475/1874 1276/1869 1474/1865
f 1253/2958 1272/2974 1273/2963
f 1345/1856 1339/1866 1292/1857
f 1343/2920 1336/2938 1471/2929
f 1471/2929 1342/2914 1343/2920
f 1402/1861 1345/1856 1341/1852
f 1402/1861 1341/1852 1403/1864
f 1345/1856 1291/1847 1341/1852
f 1324/260 1323/251 1313/237
f 1370/247 1363/254 1364/262
f 156/236 1330/250 1313/237
f 1313/237 1314/229 1316/220
f 1323/251 1315/246 1313/237
f 1322/4028 1369/4025 1374/4022
f 1369/4025 1477/4019 1374/4022
f 4535/270 1351/280 1320/253
f 1350/3079 1364/3088 1351/3085
f 4535/3084 1349/3072 1351/3085
f 1309/261 4535/270 1320/253
f 1355/281 4535/270 1309/261
f 1319/239 1370/247 1375/230
f 1314/229 1285/238 1286/213
f 1323/251 1324/260 1322/268
f 1324/260 1367/288 1369/278
f 1316/220 155/228 156/236
f 156/3698 157/3699 608/3696
f 1249/2982 1282/2987 1272/2974
f 1149/319 1231/343 1148/354
f 1383/4018 1384/4009 1378/4015
f 1711/4014 1477/4019 1295/4012
f 226/3480 161/3481 366/3474
f 299/3070 1371/3081 1712/3075
f 1244/5521 1243/5529 222/5526
f 1242/5534 1243/5529 1245/5525
f 1244/5521 1245/5525 1243/5529
f 192/5517 1244/5521 222/5526
f 1384/4009 1711/4014 1295/4012
f 1109/386 1230/356 479/404
f 472/420 479/404 1230/356
f 1364/3088 1371/3081 1370/3080
f 1364/262 1320/253 1351/280
f 1195/3068 1712/3075 1350/3079
f 197/3497 164/3496 1356/3495
f 235/3494 197/3497 1356/3495
f 1356/3495 164/3496 206/3491
f 1355/281 1309/261 1352/290
f 1350/3079 1371/3081 1364/3088
f 1151/3373 1150/3379 1148/3388
f 1078/558 1044/620 1494/619
f 1159/6466 1160/6472 1158/6473
f 1158/3414 1156/3403 1157/3413
f 1155/3384 1361/3389 1811/3363
f 1151/3373 1155/3384 1811/3363
f 1361/3389 1155/3384 1156/3403
f 1155/3384 1151/3373 1154/3392
f 1150/3379 1147/3399 1148/3388
f 1042/518 1080/485 1077/534
f 1141/561 1144/591 1087/537
f 1136/3372 1150/3379 1135/3360
f 1136/3372 1137/3366 1237/3380
f 1128/3290 1120/3297 1121/3294
f 463/375 475/393 1362/403
f 1232/355 1177/333 1146/344
f 1231/343 1154/367 1148/354
f 1230/356 1109/386 1233/371
f 1177/333 1229/370 1230/356
f 1230/356 1176/345 1177/333
f 566/394 1362/403 1234/401
f 1362/403 475/393 472/420
f 479/404 472/420 473/440
f 726/524 724/523 837/492
f 795/697 848/600 1733/629
f 1029/599 1733/629 848/600
f 748/1543 734/1549 4571/1537
f 4534/1533 756/1548 748/1543
f 834/1535 745/1541 4534/1533
f 948/2136 744/2144 1009/2126
f 992/2193 923/2212 1090/2213
f 1077/534 1087/537 1076/588
f 1087/537 1144/591 1076/588
f 1045/656 1466/687 1044/620
f 1037/1733 1030/1726 1023/1709
f 866/1740 1037/1733 865/1725
f 1034/6503 1055/6509 1033/6507
f 911/3851 912/3857 918/3839
f 911/5261 959/5265 910/5247
f 962/974 965/991 958/948
f 772/964 816/984 942/941
f 942/941 771/894 772/964
f 4544/6249 888/6242 886/6248
f 4544/6249 977/6255 972/6253
f 4538/6252 977/6255 4544/6249
f 887/6241 880/6245 886/6248
f 4544/6249 886/6248 4538/6252
f 4538/5382 883/5379 1031/5376
f 771/894 942/941 872/867
f 872/867 873/869 771/894
f 918/3839 980/3834 911/3851
f 1012/1689 894/1670 4531/1680
f 762/820 763/874 978/844
f 1758/2151 1025/2158 993/2140
f 839/2127 1758/2151 993/2140
f 1025/2158 846/2166 798/2176
f 914/3850 917/3833 1557/3848
f 910/5247 914/5252 912/5256
f 812/985 971/1008 969/1009
f 969/5385 977/5381 817/5380
f 976/3174 884/3168 975/3167
f 884/3168 976/3174 792/3178
f 706/6239 707/6236 1763/6235
f 1763/6235 888/6242 706/6239
f 888/6242 973/6246 706/6239
f 973/6246 888/6242 4544/6249
f 879/3827 979/3823 878/3819
f 968/6749 963/6748 4988/6751
f 962/974 968/1005 965/991
f 812/985 706/1000 971/1008
f 812/985 768/965 706/1000
f 960/975 961/925 4980/927
f 4543/3149 925/3137 922/3144
f 1000/3154 4543/3149 922/3144
f 4543/3149 1001/3163 1003/3155
f 815/570 838/602 814/544
f 4536/1528 996/1536 1018/1527
f 758/1546 996/1536 1020/1540
f 938/2122 739/2132 950/2123
f 934/2124 935/2129 937/2125
f 844/2133 839/2127 950/2123
f 1002/2209 1000/2200 4540/2191
f 1026/2177 798/2176 799/2199
f 59/4140 3459/4144 852/4141
f 799/736 1024/740 850/632
f 850/632 1024/740 796/701
f 844/2133 738/2138 729/2149
f 3376/1690 3386/1700 1016/1711
f 860/768 784/738 789/667
f 884/4143 59/4140 853/4142
f 792/4147 59/4140 884/4143
f 1021/1542 753/1553 1019/1551
f 1020/1540 4536/1528 1021/1542
f 4536/1528 1020/1540 996/1536
f 4536/1528 1018/1527 452/1517
f 1844/2145 948/2136 1010/2130
f 1844/2145 995/2155 948/2136
f 1014/5373 4542/5375 881/5377
f 865/1725 1016/1711 793/1727
f 1031/5376 977/5381 4538/5382
f 883/5379 4542/5375 1031/5376
f 4536/1528 452/1517 453/1523
f 895/1679 1013/1681 4539/1653
f 883/5379 4538/5382 907/5384
f 1008/847 1030/904 811/876
f 986/1640 4539/1653 882/1645
f 4541/1671 1013/1681 1014/1682
f 993/2140 994/2128 839/2127
f 1011/2202 992/2193 990/2168
f 1009/2126 938/2122 981/2118
f 944/893 946/817 872/867
f 839/2127 1006/2119 950/2123
f 844/2133 841/2139 839/2127
f 785/769 809/824 856/770
f 935/2129 930/2120 931/2134
f 1000/3154 1001/3163 4543/3149
f 1004/3138 925/3137 4543/3149
f 4540/2191 1000/2200 990/2168
f 1026/2177 999/2167 1025/2158
f 4539/1653 894/1670 895/1679
f 995/6148 996/6147 832/6146
f 4539/1653 987/1654 894/1670
f 981/2118 1010/2130 1009/2126
f 1038/2159 2362/2141 993/2140
f 933/2121 981/2118 932/2117
f 923/3130 924/3136 929/3122
f 1004/3138 1005/3162 891/3156
f 880/6245 907/6251 4538/6252
f 4538/6252 886/6248 880/6245
f 910/5247 909/5266 4991/5262
f 878/3819 1764/3816 903/3818
f 2144/3844 2141/3831 2143/3836
f 2098/3854 4537/3863 901/3855
f 901/3855 902/3846 2098/3854
f 901/5387 4537/5388 908/5386
f 4536/1528 4534/1533 4571/1537
f 453/1523 834/1535 4534/1533
f 894/1670 1012/1689 893/1688
f 887/6241 888/6242 4546/6238
f 880/6245 887/6241 879/6237
f 1781/571 750/604 3454/635
f 820/1508 821/1520 2158/1515
f 820/1508 2158/1515 819/1507
f 754/1547 65/1545 755/1557
f 856/3171 4532/3166 1001/3163
f 856/3171 809/3173 4532/3166
f 1025/2158 1758/2151 846/2166
f 1733/629 1029/599 939/569
f 835/486 807/520 808/525
f 850/632 796/701 794/633
f 60/1712 59/1728 4545/1720
f 794/633 796/701 797/741
f 785/769 856/770 857/700
f 681/510 682/480 684/493
f 866/1740 1030/1726 1037/1733
f 856/770 1027/797 855/739
f 848/600 1218/666 729/630
f 1758/2151 839/2127 840/2150
f 740/2164 744/2144 742/2175
f 683/545 684/493 676/526
f 64/1539 65/1545 834/1535
f 831/2146 744/2144 740/2164
f 740/2164 751/2156 831/2146
f 750/604 676/526 677/582
f 829/461 722/446 723/429
f 827/411 562/362 566/394
f 684/493 720/500 676/526
f 721/516 759/581 675/555
f 748/1543 733/1554 734/1549
f 733/682 749/652 677/582
f 679/743 91/668 678/716
f 738/2138 728/2148 729/2149
f 714/5085 688/5087 686/5088
f 777/4777 699/4774 696/4770
f 777/4777 698/4782 699/4774
f 698/4782 778/4787 697/4778
f 692/2066 711/2070 691/2053
f 762/820 978/844 702/790
f 664/1360 665/1349 667/1369
f 644/1378 645/1377 664/1360
f 664/1360 647/1371 651/1343
f 661/1330 665/1349 651/1343
f 656/1329 662/1314 651/1343
f 677/582 675/555 753/615
f 721/516 676/526 720/500
f 721/516 675/555 676/526
f 680/494 531/495 643/463
f 3404/831 383/806 386/750
f 386/750 460/805 3404/831
f 416/684 418/754 419/695
f 574/2875 614/2865 172/2870
f 172/2870 517/2879 574/2875
f 626/163 624/146 496/154
f 618/138 4533/156 603/148
f 4533/156 618/138 625/164
f 332/6616 617/6614 263/6617
f 617/6614 262/6615 263/6617
f 617/6614 332/6616 500/6612
f 262/6615 360/6611 261/6613
f 634/3483 242/3476 161/3481
f 242/3476 634/3483 244/3479
f 166/144 224/90 229/133
f 624/146 622/125 637/136
f 484/458 482/460 476/410
f 484/3974 181/3960 187/3966
f 150/150 151/168 159/181
f 205/159 237/170 477/182
f 605/153 610/173 611/161
f 197/172 610/173 605/153
f 618/138 620/126 622/125
f 4406/3912 148/3911 240/3913
f 608/3696 250/3690 311/3694
f 607/72 239/116 613/102
f 197/5616 198/5611 610/5619
f 608/4349 158/4352 249/4347
f 199/409 1715/427 483/392
f 633/3485 153/3484 244/3479
f 599/118 631/106 620/126
f 574/6432 517/6437 505/6435
f 603/148 4533/156 592/166
f 620/126 618/138 599/118
f 448/4945 401/4944 568/4946
f 561/272 602/292 595/271
f 573/6016 581/6018 572/6014
f 195/3980 285/3978 372/3988
f 500/6612 332/6616 499/6618
f 500/6612 360/6611 617/6614
f 572/256 571/240 586/241
f 272/6013 573/6016 587/6012
f 514/303 576/312 513/336
f 448/358 569/372 589/347
f 272/6013 134/6017 573/6016
f 500/179 592/166 4533/156
f 576/312 577/293 505/315
f 139/5993 256/5998 347/5994
f 139/5993 138/5997 255/6002
f 341/2881 512/2883 507/2880
f 504/6438 505/6435 506/6442
f 504/6438 502/6436 503/6429
f 493/5999 347/5994 358/6003
f 358/6003 359/6008 493/5999
f 507/2880 517/2879 172/2870
f 481/3986 482/3981 187/3966
f 152/3492 153/3484 633/3485
f 237/170 238/192 152/203
f 152/3492 633/3485 237/3493
f 478/470 284/439 473/440
f 478/5543 178/5540 176/5536
f 237/3493 633/3485 477/3490
f 185/3931 208/3935 278/3939
f 543/414 544/380 564/378
f 514/303 512/326 464/313
f 575/283 560/294 561/272
f 552/413 543/414 564/378
f 451/1512 820/1508 2102/1504
f 820/1508 451/1512 452/1517
f 400/4943 401/4944 449/4942
f 434/341 515/364 433/381
f 403/541 404/566 405/539
f 403/541 409/491 402/522
f 389/713 416/684 417/616
f 5098/885 381/830 5110/912
f 5108/913 385/858 5113/933
f 381/830 382/781 383/806
f 197/5616 235/5621 196/5608
f 196/5608 236/5623 304/5620
f 196/5608 235/5621 236/5623
f 218/5605 209/5602 196/5608
f 303/5615 219/5610 196/5608
f 634/3483 206/3491 477/3490
f 633/3485 634/3483 477/3490
f 217/5595 287/5590 486/5593
f 217/5595 486/5593 213/5598
f 158/4352 241/4355 249/4347
f 250/4344 608/4349 249/4347
f 167/3924 168/3916 207/3929
f 376/5597 373/5601 286/5594
f 376/5597 287/5590 217/5595
f 287/5590 376/5597 286/5594
f 286/3987 373/3990 285/3978
f 284/5538 478/5543 176/5536
f 177/5533 192/5517 176/5536
f 358/6003 256/5998 271/6007
f 303/5615 306/5624 307/5617
f 374/5612 373/5601 219/5610
f 373/5601 375/5606 219/5610
f 218/5605 375/5606 217/5595
f 374/5612 307/5617 372/5622
f 358/6003 270/6010 353/6011
f 332/6616 137/6621 140/6620
f 220/132 221/151 229/133
f 165/152 229/133 205/159
f 260/2858 355/2864 342/2868
f 240/135 143/122 239/116
f 325/4345 328/4343 247/4340
f 149/143 145/131 143/122
f 143/122 613/102 239/116
f 248/4342 249/4347 325/4345
f 158/4352 151/4358 241/4355
f 240/135 148/145 143/122
f 218/5605 219/5610 375/5606
f 213/5598 486/5593 212/5603
f 634/3483 161/3481 162/3488
f 172/2870 201/2878 507/2880
f 167/3924 207/3929 208/3935
f 278/3939 175/3944 185/3931
f 204/3923 207/3929 168/3916
f 170/2869 201/2878 172/2870
f 166/144 229/133 165/152
f 192/5517 189/5530 176/5536
f 180/504 178/471 179/477
f 177/5533 191/5528 192/5517
f 177/5533 178/5540 180/5544
f 165/152 206/171 164/160
f 162/3488 163/3487 1356/3495
f 206/3491 162/3488 1356/3495
f 162/3488 206/3491 634/3483
f 147/4348 148/4354 160/4351
f 149/143 148/145 146/158
f 147/4348 326/4350 146/4353
f 144/115 613/102 143/122
f 220/132 144/115 145/131
f 138/5997 139/5993 137/5995
f 232/104 233/91 336/103
f 253/206 263/214 266/195
f 266/195 267/175 214/185
f 255/6002 256/5998 139/5993
f 254/6005 255/6002 138/5997
f 210/3642 211/3634 252/3641
f 252/3641 253/3639 214/3644
f 2116/3956 131/3969 132/3963
f 3378/1467 2311/1471 4562/1462
f 105/1501 9/1505 4549/1489
f 2343/1483 108/1490 4549/1489
f 3376/1690 4531/1680 4530/1683
f 3059/1473 4572/1468 3064/1477
f 999/2167 1026/2177 1028/2190
f 1003/3155 1001/3163 4532/3166
f 810/905 811/876 866/928
f 4562/1462 4563/1472 4572/1468
f 4563/1472 2062/1480 2361/1481
f 3468/1521 3388/1530 453/1523
f 2131/2583 2129/2589 2133/2577
f 128/1655 987/1654 988/1646
f 2146/1620 4551/1619 2099/1606
f 126/1625 2139/1633 2146/1620
f 890/2593 885/2587 2160/2582
f 2132/2572 2160/2582 885/2587
f 4568/3165 1003/3155 4532/3166
f 1012/1689 4531/1680 3376/1690
f 883/5379 881/5377 4542/5375
f 4539/1653 881/1662 882/1645
f 881/1662 4541/1671 1014/1682
f 990/2168 999/2167 4540/2191
f 4534/1533 4536/1528 453/1523
f 4551/1619 4537/1626 2098/1613
f 64/1539 834/1535 3388/1530
f 987/1654 4531/1680 894/1670
f 129/1663 4530/1683 987/1654
f 3067/1457 4562/1462 3069/1463
f 1781/571 676/526 750/604
f 4540/2191 1028/2190 1002/2209
f 2071/2180 2069/2160 2152/2169
f 876/3117 2339/3132 2413/3125
f 2323/2361 2360/2347 2361/2353
f 2060/1487 3083/1491 2361/1481
f 2307/4248 4547/4254 2306/4241
f 2307/4248 2284/4240 2308/4249
f 2080/3102 2148/3103 2225/3093
f 1361/3389 1160/3400 1798/3382
f 832/6146 996/6147 758/6142
f 1335/2939 1269/2928 1270/2947
f 1355/3078 1349/3072 4535/3084
f 972/6253 977/6255 971/6250
f 972/6253 973/6246 4544/6249
f 4532/3166 809/3173 810/3172
f 987/1654 4530/1683 4531/1680
f 3653/5292 3614/5293 3654/5294
f 3727/3765 3728/3772 3732/3761
f 4527/5676 3349/5677 3933/5678
f 3350/5680 3349/5677 4527/5676
f 3614/5293 3606/5297 3654/5294
f 3649/5295 3634/5305 3263/5302
f 385/858 3405/886 5114/914
f 3794/5881 3944/5882 3940/5883
f 3871/3181 3358/3182 4697/3183
f 3639/5547 3609/5548 4528/5549
f 2752/5715 3382/5703 3383/5708
f 3381/5698 3863/5692 3309/5704
f 3567/4920 3535/4924 3536/4927
f 3009/5427 3066/5419 4529/5432
f 3024/5436 3340/5437 4529/5432
f 3691/5024 3689/5023 3719/5030
f 3792/5901 3914/5904 3917/5907
f 3898/3253 3897/3239 3911/3247
f 3520/1731 3528/1735 3521/1723
f 4525/1744 3528/1735 3520/1731
f 3736/3763 3686/3774 2722/3764
f 3713/5931 3717/5932 3820/5933
f 2874/1451 3368/1455 2888/1440
f 3495/4807 3497/4808 3526/4809
f 3490/4811 3526/4809 3497/4808
f 3805/6153 3075/6151 3808/6155
f 3919/5841 3935/5842 3877/5843
f 3375/3279 3940/3274 3936/3277
f 3767/5891 3284/5887 3938/5884
f 3786/3225 3916/3220 3788/3216
f 2881/6211 3830/6219 2876/6214
f 3650/5140 3625/5141 3371/5142
f 2864/5017 3689/5023 3691/5024
f 3748/3790 3644/3782 3645/3795
f 3918/5853 3893/5858 3846/5859
f 3918/5853 3846/5859 3366/5848
f 3803/6163 3799/6165 3848/6171
f 3952/6828 3951/6829 3340/6830
f 3940/3274 3944/3259 3943/3269
f 3765/1910 3817/1911 3774/1912
f 3592/5633 3682/5634 3683/5635
f 3367/5850 3870/5846 3935/5842
f 3648/5553 4528/5549 3633/5557
f 3608/5555 3633/5557 4528/5549
f 3325/3288 3945/3286 3937/3283
f 3710/5652 3886/5656 3872/5658
f 3885/6177 3930/6178 3896/6179
f 4701/3218 3912/3209 4702/3213
f 3942/3248 3901/3238 4706/3258
f 3849/6169 3803/6163 3848/6171
f 3771/6445 3780/6446 3773/6447
f 3712/6056 3707/6057 3276/6058
f 3274/5681 3693/5684 3933/5678
f 3876/5851 3891/5856 3877/5843
f 2895/4460 3819/4463 3041/4461
f 3869/6069 3842/6077 3858/6074
f 3869/6069 3359/6059 3701/6068
f 3936/3277 3940/3274 3943/3269
f 3798/6065 3712/6056 3859/6063
f 3866/3207 3793/3206 3785/3215
f 4715/3260 3909/3254 4716/3270
f 3917/3246 3845/3268 3902/3256
f 3758/1915 3765/1910 3945/1918
f 3754/5430 3324/5422 3827/5415
f 3809/4481 3832/4493 3281/4487
f 3357/4466 3807/4473 3806/4476
f 3897/5893 3285/5896 3792/5901
f 3821/3236 3828/3231 3861/3244
f 3860/3250 3821/3236 3861/3244
f 3820/6400 3815/6397 3724/6394
f 3696/5029 3321/5022 3275/5028
f 4567/4842 3380/4845 3950/4849
f 3724/6394 3815/6397 3753/6393
f 3331/5031 3691/5024 3719/5030
f 3709/5938 3718/5934 3714/5935
f 3666/3793 2751/3787 3667/3778
f 3382/5703 3662/5710 3687/5699
f 3661/5584 3658/5573 3624/5583
f 3741/3783 3748/3790 3685/3786
f 3635/3776 3743/3766 3744/3773
f 3262/5552 4528/5549 3609/5548
f 3661/3752 3624/3756 3747/3748
f 3602/5176 3597/5152 3354/5168
f 3351/5167 3623/5173 3353/5174
f 3592/5198 3647/5201 3591/5187
f 3595/5185 3592/5198 3575/5189
f 3570/4947 3565/4948 3563/4949
f 3647/5636 3683/5635 3680/5639
f 3638/5550 3639/5547 4528/5549
f 3317/5679 3350/5680 4527/5676
f 3665/3797 3674/3798 3685/3786
f 3664/3805 3674/3798 3665/3797
f 3886/5656 3879/5662 3873/5663
f 3642/5145 3632/5149 3627/5155
f 3644/3782 3620/3777 4526/3785
f 3643/5150 4526/5158 3620/5146
f 3643/3791 3644/3782 4526/3785
f 3744/4988 3636/4985 3660/4990
f 3594/5180 3574/5154 3601/5184
f 3274/5681 3933/5678 3349/5677
f 3884/5659 3586/5653 4719/5664
f 3862/5701 3875/5712 3697/5707
f 3875/5960 3925/5959 3697/5951
f 3613/5301 3630/5299 3259/5309
f 3348/5308 3630/5299 3564/5303
f 3596/5170 3589/5186 3595/5185
f 3930/5667 3884/5659 4718/5672
f 3630/5299 3614/5293 3655/5296
f 3740/3768 3644/3782 3741/3783
f 3614/5293 3653/5292 3655/5296
f 3539/4958 3558/4968 3542/4973
f 3540/4967 3566/4978 3345/4974
f 2634/4914 3640/4905 2633/4900
f 3546/4910 3640/4905 2634/4914
f 3372/1966 3312/1968 3311/1972
f 3544/4247 3343/4253 3300/4257
f 3605/4959 3553/4955 3552/4964
f 4525/6795 3524/6796 3528/6797
f 3538/4227 3534/4223 2592/4219
f 3481/1601 3505/1616 3517/1609
f 3472/1638 3503/1650 3474/1659
f 3531/1675 3532/1685 4727/1694
f 3500/1649 3501/1658 4729/1665
f 3509/1676 3531/1675 4731/1692
f 3546/4910 3535/4924 3567/4920
f 3546/4910 2588/4925 3535/4924
f 3525/6562 3515/6563 4733/6564
f 3482/4827 3476/4819 5009/4826
f 3365/1660 3504/1651 3472/1638
f 3518/1664 3516/1648 3514/1647
f 3518/1664 3508/1657 3516/1648
f 117/2381 3296/2382 37/2383
f 26/1742 3467/1759 3362/1755
f 19/4242 3389/4245 3483/4237
f 3518/6576 3519/6570 3523/6575
f 19/4242 2329/4236 2306/4241
f 3590/5197 3593/5202 3595/5185
f 3562/4981 3636/4985 3744/4988
f 3760/6167 3956/6164 3039/6159
f 2871/6160 3039/6159 3956/6164
f 2871/4496 3956/4502 3760/4486
f 3044/6213 2881/6211 2882/6208
f 3368/1455 2874/1451 3335/1460
f 3934/5685 3350/5680 3317/5679
f 3520/6568 3515/6563 3524/6566
f 3374/1957 3312/1968 18/1961
f 3833/1921 3947/1927 3834/1924
f 3414/676 522/611 3422/672
f 3307/1952 3373/1955 3332/1948
f 3955/1947 3953/1953 3306/1944
f 3533/1964 43/1959 3307/1952
f 3953/1953 3955/1947 4740/1954
f 3767/5891 3756/5899 3763/5894
f 3759/1913 3757/1917 3779/1920
f 3621/5144 3571/5160 3619/5161
f 3273/5130 3308/5125 3948/5135
f 3335/1460 15/1464 3369/1459
f 3863/5692 3934/5685 3948/5697
f 2884/5414 3750/5429 3749/5421
f 2844/5014 3355/5021 2829/5015
f 3950/4849 3025/4863 3026/4855
f 3652/5300 3549/5307 3564/5303
f 3818/1914 3770/1919 3775/1916
f 3951/4480 3338/4475 3339/4485
f 3380/4845 3951/4856 3950/4849
f 3955/1947 3954/1939 4742/1942
f 3322/1937 3954/1939 3306/1944
f 4744/1958 3953/1953 4745/1962
f 3338/4475 3951/4480 3380/4471
f 2874/1943 3946/1935 3335/1940
f 3954/1939 3955/1947 3306/1944
f 3304/1931 3954/1939 3336/1930
f 3341/1949 3322/1937 3333/1951
f 3951/6829 3952/6828 3025/6831
f 2867/6152 3075/6151 3805/6153
f 3951/4856 3949/4864 3950/4849
f 3950/4849 3949/4864 3025/4863
f 3025/4863 3949/4864 3951/4856
f 3340/6830 3025/6831 3952/6828
f 3340/5437 3024/5436 3025/5439
f 3619/5161 3573/5162 3626/5148
f 4527/5676 3933/5678 3317/5679
f 3577/5199 3594/5180 4747/5192
f 3718/5934 3709/5938 3705/5939
f 3723/6389 3328/6385 3331/6391
f 3329/6387 3326/6386 3327/6383
f 3934/5685 3273/5696 3948/5697
f 3880/5956 3708/5947 3802/5946
f 3308/5702 3863/5692 3948/5697
f 3938/5884 3939/5886 3766/5889
f 3824/5416 3826/5424 3044/5409
f 2880/5401 2878/5391 3825/5406
f 3825/5406 2878/5391 3829/5399
f 3946/1935 3835/1929 3323/1932
f 3837/1936 3835/1929 3946/1935
f 2874/1943 3837/1936 3946/1935
f 3945/1918 3833/1921 3758/1915
f 3945/5890 3766/5889 3939/5886
f 2874/6221 3830/6219 3837/6224
f 3305/1925 3336/1930 3947/1927
f 3938/5884 3940/5883 3939/5886
f 3940/5883 3938/5884 3794/5881
f 3937/3283 3375/3279 4753/3285
f 3773/6447 3778/6450 3769/6451
f 3773/6447 3780/6446 3778/6450
f 3285/5896 3283/5892 3768/5900
f 3764/5898 3781/5903 3762/5895
f 3936/3277 3943/3269 4704/3278
f 3783/3223 3910/3234 3897/3239
f 3325/1928 3305/1925 3945/1918
f 3375/3279 3937/3283 3940/3274
f 3945/3286 3940/3274 3937/3283
f 3945/5890 3939/5886 3940/5883
f 3834/1924 3947/1927 3336/1930
f 3945/1918 3305/1925 3833/1921
f 3323/1932 3834/1924 3336/1930
f 3335/1940 3946/1935 3323/1932
f 3715/6395 3724/6394 3330/6392
f 3898/5885 3944/5882 3794/5881
f 3911/3247 3944/3259 3898/3253
f 3321/5022 2850/5016 3320/5020
f 2868/6706 3075/6707 2870/6708
f 3910/3234 3915/3241 3942/3248
f 3910/3234 3900/3230 3915/3241
f 4717/3273 3911/3247 4761/3276
f 3785/3215 3791/3229 3787/3224
f 3810/4499 3823/4503 3832/4493
f 3792/3233 3783/3223 3897/3239
f 3909/3254 3942/3248 4708/3261
f 3771/3275 3831/3262 3941/3265
f 3763/6456 3777/6453 3764/6459
f 3795/3272 3941/3265 3902/3256
f 3903/3249 3902/3256 3941/3265
f 3782/6804 3845/6805 3768/6806
f 3857/6172 3852/6176 3850/6175
f 3720/5944 3931/5953 3693/5950
f 3695/5942 3720/5944 3693/5950
f 3892/5845 3366/5848 3935/5842
f 3714/5935 3695/5942 3709/5938
f 3584/5647 3585/5651 3881/5654
f 3922/5660 3881/5654 3885/5661
f 3275/5686 3317/5679 3931/5682
f 3696/5949 3720/5944 3719/5941
f 3933/5678 3693/5684 3932/5687
f 3934/5685 3317/5679 3316/5691
f 3350/5680 3934/5685 3863/5692
f 3931/5682 3933/5678 3932/5687
f 3693/5950 3931/5953 3932/5958
f 3275/5028 3931/5032 3696/5029
f 3872/5700 3862/5701 3692/5689
f 3318/6183 3928/6189 3319/6185
f 3865/3190 3871/3181 3913/3186
f 3768/6806 3917/6807 3914/6808
f 3858/6170 3857/6172 3799/6165
f 3913/3186 3871/3181 4698/3184
f 4702/3213 3908/3194 4764/3212
f 3864/3185 3840/3191 3855/3197
f 3288/3187 3840/3191 3864/3185
f 3886/5656 3873/5663 3872/5658
f 4700/5871 3921/5854 4765/5865
f 3921/5854 3920/5872 3838/5866
f 3920/5872 3856/5873 3838/5866
f 3855/5877 3920/5872 4699/5876
f 3864/3185 3855/3197 4766/3198
f 3853/6078 3842/6077 3843/6079
f 4770/6181 3930/6178 4771/6184
f 3853/3202 3843/3203 3288/3187
f 3884/5659 3930/5667 3885/5661
f 3621/5144 3625/5141 3650/5140
f 3628/5163 3632/5149 3574/5154
f 4750/6201 3929/6192 4772/6203
f 3880/5956 3891/5961 3876/5957
f 3921/5854 3892/5845 3927/5849
f 3925/5959 3875/5960 3891/5961
f 4760/6193 3318/6183 4776/6190
f 3318/6183 3896/6179 4770/6181
f 3923/6198 3924/6195 3929/6192
f 3680/5639 3679/5645 3622/5642
f 3891/6200 3875/6206 3874/6194
f 3888/6191 3878/6188 3319/6185
f 3926/5852 3923/5847 4749/5857
f 3929/6192 3924/6195 3928/6189
f 3894/6196 3888/6191 3928/6189
f 3838/5866 3893/5858 3921/5854
f 3587/5641 3684/5644 3887/5648
f 3926/5852 3927/5849 3919/5841
f 3889/6197 3888/6191 3894/6196
f 3919/5841 3923/5847 3926/5852
f 3865/3190 3867/3201 3854/3195
f 4765/5865 3926/5852 4773/5870
f 3879/5662 3882/5655 3922/5660
f 3880/5956 3925/5959 3891/5961
f 3894/6196 3924/6195 3895/6202
f 3923/5847 3919/5841 3895/5844
f 3313/5668 3922/5660 3885/5661
f 3885/6177 3896/6179 3314/6180
f 3877/5843 3895/5844 3919/5841
f 3924/6195 3923/6198 3895/6202
f 3366/5848 3700/5864 3277/5860
f 3828/3231 3786/3225 3789/3235
f 3845/6805 3917/6807 3768/6806
f 3895/6202 3877/6204 3894/6196
f 3889/6197 3894/6196 3877/6204
f 3892/5845 3921/5854 3893/5858
f 3879/5662 3922/5660 3313/5668
f 3877/6868 3891/6869 3890/6870
f 3891/6200 3889/6197 3890/6205
f 3889/6197 3877/6204 3890/6205
f 3876/5957 3708/5947 3880/5956
f 3704/5952 3708/5947 3876/5957
f 3669/5711 3675/5718 3725/5717
f 3888/6191 3889/6197 3874/6194
f 3705/5939 3703/5948 3721/5943
f 3886/5656 3887/5648 3882/5655
f 3717/6075 3706/6064 3820/6070
f 3887/5648 3684/5644 3584/5647
f 3587/5641 3887/5648 3699/5650
f 3886/5656 3699/5650 3887/5648
f 3882/5655 3887/5648 3584/5647
f 3883/5657 3881/5654 3585/5651
f 3885/5661 3881/5654 3883/5657
f 3319/6185 3928/6189 3888/6191
f 3586/5653 3884/5659 3883/5657
f 3588/5638 3682/5634 3590/5640
f 3722/5936 3718/5934 3705/5939
f 3922/5660 3882/5655 3881/5654
f 3881/5654 3882/5655 3584/5647
f 3697/5951 3880/5956 3802/5946
f 3697/5951 3802/5946 3695/5942
f 3878/6188 3313/6182 3319/6185
f 3878/5669 3879/5662 3313/5668
f 3873/5663 3879/5662 3878/5669
f 3752/6709 3808/6711 3075/6707
f 3875/5712 3862/5701 3872/5700
f 3697/5951 3925/5959 3880/5956
f 3878/6188 3888/6191 3874/6194
f 3935/5842 3870/5846 3877/5843
f 3870/5846 3876/5851 3877/5843
f 3928/6189 3318/6183 3929/6192
f 3875/5665 3872/5658 3873/5663
f 3874/5670 3873/5663 3878/5669
f 3702/6061 3721/6071 3703/6072
f 3872/5700 3688/5695 3710/5706
f 3871/3181 3288/3187 3864/3185
f 3876/5851 3870/5846 3704/5855
f 3859/6063 3359/6059 3869/6069
f 3866/3207 3868/3210 3867/3201
f 3871/3181 3865/3190 3288/3187
f 4714/3188 3864/3185 4767/3192
f 3851/3217 3822/3226 3847/3227
f 3350/5680 3863/5692 3315/5688
f 3692/5689 3862/5701 3694/5690
f 3797/6158 3039/6159 2866/6154
f 3860/3250 3861/3244 3814/3242
f 3799/6165 3859/6168 3858/6170
f 3857/6172 3848/6171 3799/6165
f 3858/6170 3853/6174 3857/6172
f 3855/5877 3840/5878 3856/5873
f 3865/3190 3854/3195 3288/3187
f 3288/3187 3854/3195 3853/3202
f 3850/3221 3852/3211 3851/3217
f 3821/3236 3849/3245 3847/3227
f 3848/6171 3847/6173 3849/6169
f 3703/5861 3704/5855 3367/5850
f 3367/5850 3704/5855 3870/5846
f 3853/6078 3858/6074 3842/6077
f 3859/6063 3869/6069 3858/6074
f 3841/6076 3701/6068 3700/6073
f 3700/5864 3846/5859 3841/5869
f 3287/5879 3839/5874 3840/5878
f 3845/6452 3780/6446 3795/6449
f 3843/5875 3841/5869 3844/5868
f 3843/6079 3842/6077 3841/6076
f 3855/5877 3856/5873 3920/5872
f 3838/5866 3856/5873 3840/5878
f 3840/5878 3839/5874 3838/5866
f 3926/5852 3921/5854 3927/5849
f 3892/5845 3919/5841 3927/5849
f 3702/6061 3276/6058 3707/6057
f 3841/5869 3846/5859 3844/5868
f 3893/5858 3844/5868 3846/5859
f 3935/5842 3919/5841 3892/5845
f 3892/5845 3893/5858 3918/5853
f 3869/6069 3701/6068 3842/6077
f 3842/6077 3701/6068 3841/6076
f 3287/5879 3843/5875 3839/5874
f 3700/5864 3366/5848 3846/5859
f 3838/5866 3839/5874 3844/5868
f 3893/5858 3838/5866 3844/5868
f 3916/3220 3868/3210 3788/3216
f 3850/6175 3847/6173 3848/6171
f 3848/6171 3857/6172 3850/6175
f 3847/3227 3850/3221 3851/3217
f 3904/3200 3865/3190 3908/3194
f 3908/3194 3865/3190 3913/3186
f 3790/3243 3907/3240 3917/3246
f 3780/6446 3845/6452 3781/6454
f 3828/3231 3916/3220 3786/3225
f 3755/6460 3775/6458 3776/6455
f 3903/3249 3814/3242 3789/3235
f 3760/3266 3804/3251 3860/3250
f 3917/3246 3907/3240 3792/3233
f 3916/3220 3822/3226 3851/3217
f 3916/3220 3828/3231 3822/3226
f 3776/6455 3778/6450 3763/6456
f 3849/3245 3821/3236 3804/3251
f 3901/3238 3942/3248 3915/3241
f 3831/3262 3823/3255 3903/3249
f 3285/5896 3914/5904 3792/5901
f 3908/3194 3912/3209 3905/3205
f 3851/3217 3852/3211 3867/3201
f 3761/4492 3860/4497 3813/4498
f 3853/6174 3852/6176 3857/6172
f 3853/3202 3867/3201 3852/3211
f 3867/3201 3853/3202 3854/3195
f 3865/3190 3793/3206 3866/3207
f 3916/3220 3851/3217 3868/3210
f 3788/3216 3868/3210 3866/3207
f 3866/3207 3867/3201 3865/3190
f 3912/6825 3906/6826 3905/6827
f 3906/3219 3900/3230 3783/3223
f 3753/6393 3815/6397 3808/6396
f 3803/6163 3800/6162 3799/6165
f 3039/6159 3804/6166 3760/6167
f 3897/3239 3910/3234 3911/3247
f 3909/3254 3911/3247 3910/3234
f 3910/3234 3942/3248 3909/3254
f 3901/3238 3899/3222 4710/3237
f 4768/3199 3913/3186 4779/3193
f 3788/3216 3866/3207 3785/3215
f 3908/3194 3905/3205 3904/3200
f 3907/3240 3786/3225 3791/3229
f 3784/3214 3905/3205 3906/3219
f 3912/3209 3899/3222 3906/3219
f 3904/3200 3905/3205 3793/3206
f 3904/3200 3793/3206 3865/3190
f 3903/3249 3790/3243 3902/3256
f 3899/3222 3901/3238 3900/3230
f 3897/5893 3898/5885 3286/5888
f 3765/5897 3774/5905 3756/5899
f 3794/5881 3283/5892 3286/5888
f 3941/3265 3831/3262 3903/3249
f 3763/6456 3755/6460 3776/6455
f 3780/6446 3771/6445 3795/6449
f 3771/3275 3941/3265 3795/3272
f 3284/5887 3794/5881 3938/5884
f 3783/3223 3900/3230 3910/3234
f 3793/3206 3784/3214 3785/3215
f 3792/3233 3791/3229 3783/3223
f 3786/3225 3790/3243 3789/3235
f 3903/3249 3789/3235 3790/3243
f 3907/3240 3791/3229 3792/3233
f 3786/3225 3907/3240 3790/3243
f 3786/3225 3788/3216 3787/3224
f 3783/3223 3791/3229 3785/3215
f 3785/3215 3784/3214 3783/3223
f 3782/6457 3781/6454 3845/6452
f 3768/5900 3781/5903 3782/5906
f 3764/6459 3777/6453 3781/6454
f 3777/6453 3780/6446 3781/6454
f 3779/1920 3770/1919 3759/1913
f 3777/6453 3763/6456 3778/6450
f 3780/6446 3777/6453 3778/6450
f 3776/6455 3775/6458 3769/6451
f 3902/3256 3845/3268 3795/3272
f 3774/6461 3775/6458 3755/6460
f 3771/6445 3773/6447 3772/6448
f 3769/1922 3775/1916 3770/1919
f 3762/5895 3781/5903 3768/5900
f 3283/5892 3762/5895 3768/5900
f 3765/5897 3767/5891 3766/5889
f 3763/5894 3764/5898 3284/5887
f 3762/5895 3284/5887 3764/5898
f 3284/5887 3767/5891 3763/5894
f 3760/4486 3860/4497 3761/4492
f 3759/1913 3758/1915 3757/1917
f 3763/5894 3756/5899 3755/5902
f 3767/5891 3765/5897 3756/5899
f 3774/5905 3755/5902 3756/5899
f 3681/5719 3725/5717 3675/5718
f 3679/3814 3675/3812 3676/3801
f 3290/4477 3324/4494 3754/4490
f 3752/6390 3723/6389 3753/6393
f 3750/5429 2884/5414 3751/5428
f 2876/6214 3830/6219 2874/6221
f 2874/6221 2875/6220 2876/6214
f 3282/4464 3338/4475 3380/4471
f 3749/4483 3750/4474 3290/4477
f 3337/5433 3751/5428 2885/5420
f 3009/5427 3340/5437 3337/5433
f 2884/5414 3077/5398 2883/5405
f 3836/4511 3826/4509 3811/4506
f 3825/5406 3827/5415 3324/5422
f 3279/5423 3825/5406 3324/5422
f 3041/4461 3819/4463 3357/4466
f 3769/6451 3778/6450 3776/6455
f 3751/5428 2884/5414 2885/5420
f 3751/4479 3338/4475 3356/4470
f 3289/4467 3750/4474 3356/4470
f 3812/1923 3757/1917 3834/1924
f 3826/6217 2881/6211 3044/6213
f 3754/4490 3749/4483 3290/4477
f 3837/6224 3830/6219 3836/6223
f 3836/1933 3812/1923 3835/1929
f 3323/1932 3835/1929 3834/1924
f 3834/1924 3757/1917 3833/1921
f 3770/1919 3772/1926 3769/1922
f 3758/1915 3833/1921 3757/1917
f 3280/4504 3831/4500 3771/4505
f 3772/4507 3280/4504 3771/4505
f 3770/1919 3818/1914 3759/1913
f 3772/6448 3773/6447 3769/6451
f 3774/1912 3818/1914 3775/1916
f 3834/1924 3835/1929 3812/1923
f 3281/4487 3832/4493 3831/4500
f 3830/6219 2881/6211 3826/6217
f 3077/5398 3827/5415 3829/5399
f 3814/3242 3828/3231 3789/3235
f 3827/5415 3077/5398 3749/5421
f 3754/5430 3827/5415 3749/5421
f 3824/5416 3279/5423 3826/5424
f 2880/5401 3825/5406 3824/5416
f 3279/5423 3824/5416 3825/5406
f 2880/5401 3824/5416 3044/5409
f 2879/5395 2880/5401 3044/5409
f 3759/1913 3765/1910 3758/1915
f 3814/3242 3861/3244 3828/3231
f 3823/3255 3814/3242 3903/3249
f 3688/5695 3669/5711 3711/5713
f 3725/5717 3711/5713 3669/5711
f 3847/3227 3822/3226 3821/3236
f 3821/3236 3822/3226 3828/3231
f 3770/1919 3779/1920 3772/1926
f 3290/4477 3291/4472 3809/4481
f 3820/6070 3706/6064 3796/6060
f 3039/6159 2865/6157 2866/6154
f 3806/4476 2872/4489 3760/4486
f 2896/4465 3326/4469 3819/4463
f 3774/1912 3817/1911 3818/1914
f 3765/1910 3759/1913 3817/1911
f 3818/1914 3817/1911 3759/1913
f 3804/3251 3821/3236 3860/3250
f 3809/4481 3761/4492 3813/4498
f 3816/6401 3796/6402 3798/6399
f 3816/6401 3815/6397 3796/6402
f 3816/6401 3798/6399 3815/6397
f 3813/3264 3860/3250 3814/3242
f 3814/3242 3823/3255 3810/3263
f 3810/3263 3813/3264 3814/3242
f 3779/4510 3812/4508 3280/4504
f 3760/4486 3761/4492 3809/4481
f 3280/4504 3812/4508 3811/4506
f 3811/4506 3826/4509 3279/4501
f 3809/4481 3806/4476 3760/4486
f 3716/5940 3717/5932 3722/5936
f 3716/6066 3706/6064 3717/6075
f 3806/4476 2869/4482 2872/4489
f 3809/4481 3813/4498 3810/4499
f 3832/4493 3809/4481 3810/4499
f 3801/6156 3805/6153 3808/6155
f 3798/6161 3801/6156 3808/6155
f 3806/4476 3807/4473 2869/4482
f 3752/6709 3075/6707 2868/6706
f 3807/4473 2868/4478 2869/4482
f 3807/4473 3357/4466 3326/4469
f 3807/4473 3326/4469 2868/4478
f 3357/4466 3819/4463 3326/4469
f 3803/6163 3797/6158 3800/6162
f 3809/4481 3291/4472 3806/4476
f 3803/6163 3039/6159 3797/6158
f 2866/6154 2867/6152 3805/6153
f 3803/6163 3849/6169 3804/6166
f 3039/6159 3803/6163 3804/6166
f 2866/6154 3805/6153 3801/6156
f 3760/4486 2872/4489 2871/4496
f 3695/5942 3802/5946 3709/5938
f 3797/6158 2866/6154 3801/6156
f 3799/6165 3800/6162 3798/6161
f 3326/6386 3329/6387 3752/6390
f 3326/6710 3752/6709 2868/6706
f 3797/6158 3801/6156 3798/6161
f 3798/6399 3808/6396 3815/6397
f 3707/6057 3712/6056 3796/6060
f 3796/6060 3712/6056 3798/6065
f 3820/6400 3724/6394 3713/6398
f 3710/5706 3725/5717 3681/5719
f 3329/6387 3723/6389 3752/6390
f 3723/6389 3330/6392 3724/6394
f 3715/6395 3713/6398 3724/6394
f 3719/5941 3715/5937 3331/5945
f 3716/6066 3721/6071 3702/6061
f 3722/5936 3721/5943 3716/5940
f 3720/5944 3714/5935 3719/5941
f 3699/5650 3886/5656 3710/5652
f 3721/5943 3722/5936 3705/5939
f 3713/5931 3718/5934 3717/5932
f 3716/6066 3702/6061 3707/6057
f 3689/5023 2864/5017 2850/5016
f 3713/5931 3715/5937 3714/5935
f 3695/5942 3714/5935 3720/5944
f 3581/3808 3622/3813 3676/3801
f 3859/6063 3712/6056 3359/6059
f 3718/5934 3722/5936 3717/5932
f 3670/5709 3687/5699 3673/5716
f 3710/5706 3688/5695 3711/5713
f 3709/5938 3802/5946 3708/5947
f 3705/5939 3709/5938 3708/5947
f 3815/6397 3820/6400 3796/6402
f 3707/6057 3706/6064 3716/6066
f 3725/5717 3710/5706 3711/5713
f 3669/5711 3688/5695 3671/5705
f 3703/5948 3705/5939 3704/5952
f 3703/6072 3277/6067 3702/6061
f 3278/6062 3701/6068 3359/6059
f 3277/6067 3700/6073 3278/6062
f 3278/6062 3700/6073 3701/6068
f 3681/5646 3699/5650 3710/5652
f 3587/5641 3699/5650 3681/5646
f 3698/5955 3697/5951 3695/5942
f 3698/5714 3694/5690 3697/5707
f 3719/5030 3689/5023 3696/5029
f 3692/5689 3688/5695 3872/5700
f 3695/5942 3694/5954 3698/5955
f 3692/5689 3694/5690 3274/5681
f 3862/5701 3697/5707 3694/5690
f 3274/5681 3694/5690 3693/5684
f 3714/5935 3715/5937 3719/5941
f 3272/5026 3355/5021 2844/5014
f 3688/5695 3692/5689 3271/5683
f 3672/3792 3674/3798 3676/3801
f 3687/5699 3671/5705 3270/5694
f 2864/5017 2851/5010 2850/5016
f 3690/6757 2848/6758 2852/6759
f 3328/6761 2848/6758 3690/6757
f 2852/5025 2853/5019 3691/5024
f 3331/6760 3690/6757 2852/6759
f 3331/6760 3328/6761 3690/6757
f 3691/5024 2853/5019 2864/5017
f 3689/5023 2850/5016 3321/5022
f 3688/5695 3270/5694 3671/5705
f 3270/5694 3315/5688 3687/5699
f 3672/3792 3677/3807 3670/3809
f 3321/5022 3696/5029 3689/5023
f 3673/5716 3687/5699 3662/5710
f 3685/3786 3674/3798 3672/3792
f 2746/3784 2727/3775 3686/3774
f 3672/3792 3667/3778 3685/3786
f 2744/3788 3668/3779 2751/3787
f 3680/5639 3683/5635 3587/5641
f 3681/5646 3680/5639 3587/5641
f 3577/5199 3586/5205 3583/5200
f 4720/5206 3577/5199 4778/5204
f 3621/5144 3626/5148 3625/5141
f 3588/5638 3584/5647 3684/5644
f 3682/5634 3588/5638 3683/5635
f 3590/5640 3583/5643 3588/5638
f 3593/5637 3590/5640 3682/5634
f 3680/5639 3681/5646 3678/5649
f 3675/3812 3679/3814 3678/3815
f 3676/3801 3675/3812 3677/3807
f 3670/3809 3677/3807 3675/3812
f 3676/3801 3674/3798 3581/3808
f 3672/3792 3673/3802 3666/3793
f 2743/3799 2744/3788 2751/3787
f 3670/5709 3671/5705 3687/5699
f 3670/3809 3673/3802 3672/3792
f 3669/5711 3671/5705 3670/5709
f 3668/3779 3667/3778 2751/3787
f 3666/3793 3662/3803 2750/3800
f 3665/3797 3645/3795 3664/3805
f 3673/3802 3662/3803 3666/3793
f 3562/4981 3637/4983 3636/4985
f 3663/3753 2723/3758 2685/3746
f 3667/3778 3672/3792 3666/3793
f 3662/5710 3382/5703 2752/5715
f 2745/3794 2746/3784 2744/3788
f 3661/5584 3659/5578 3658/5573
f 3620/5146 3616/5157 3617/5151
f 3371/5142 3642/5145 3643/5150
f 3628/5163 3627/5155 3632/5149
f 3668/3779 2744/3788 2746/3784
f 3686/3774 3668/3779 2746/3784
f 3739/5166 3624/5172 3616/5157
f 3739/3767 3746/3757 3624/3756
f 3557/4890 3734/4883 3726/4886
f 3748/3790 3645/3795 3665/3797
f 3748/3790 3665/3797 3685/3786
f 3746/3757 3740/3768 3738/3762
f 3747/3748 3663/3753 2685/3746
f 3727/3765 3732/3761 3729/3755
f 3745/3747 2721/3744 2688/3750
f 3742/3745 3747/3748 2685/3746
f 3571/5576 3735/5563 3611/5568
f 3733/5569 3735/5563 3571/5576
f 3740/3768 3620/3777 3644/3782
f 3269/4980 3604/4969 3562/4981
f 3744/4988 3728/4992 3730/4987
f 3746/3757 3663/3753 3747/3748
f 3635/5567 3633/5557 3651/5574
f 3651/5574 3656/5579 3635/5567
f 3745/3747 3729/3755 3731/3751
f 3742/3745 3745/3747 3731/3751
f 3610/5559 3735/5563 3607/5554
f 3732/3761 3744/3773 3743/3766
f 3659/3760 3743/3766 3656/3771
f 3743/3766 3659/3760 3731/3751
f 3621/5144 3650/5140 3599/5147
f 3661/3752 3747/3748 3742/3745
f 3642/5145 3371/5142 3625/5141
f 3580/6844 3664/6845 3646/6846
f 3748/3790 3741/3783 3644/3782
f 3740/3768 3746/3757 3739/3767
f 2722/3764 2723/3758 3736/3763
f 3581/3808 3674/3798 3664/3805
f 3746/3757 3747/3748 3624/3756
f 2722/3764 3686/3774 2727/3775
f 3741/3783 3685/3786 3667/3778
f 3740/3768 3667/3778 3737/3769
f 3663/3753 3736/3763 2723/3758
f 3739/5166 3616/5157 3620/5146
f 3740/3768 3739/3767 3620/3777
f 3661/3752 3731/3751 3659/3760
f 3668/3779 3737/3769 3667/3778
f 3668/3779 3686/3774 3737/3769
f 3737/3769 3663/3753 3738/3762
f 3736/3763 3663/3753 3737/3769
f 3742/3745 3731/3751 3661/3752
f 3736/3763 3737/3769 3686/3774
f 3735/5563 3733/5569 3598/5560
f 3607/5554 3735/5563 3598/5560
f 3545/4899 3258/4904 3268/4898
f 2644/4889 3545/4899 3268/4898
f 2699/4884 3734/4883 2793/4887
f 2721/3744 3745/3747 3742/3745
f 3597/5571 3733/5569 3571/5576
f 3732/3761 3731/3751 3729/3755
f 3745/3747 2688/3750 3729/3755
f 3261/5561 3623/5572 3658/5573
f 3267/4984 3730/4987 3554/4989
f 3562/4981 3730/4987 3267/4984
f 3732/3761 3728/3772 3744/3773
f 2685/3746 2683/3743 3742/3745
f 3729/3755 2688/3750 2793/3759
f 2689/4891 2793/4887 2688/4895
f 3554/4989 3730/4987 3728/4992
f 2793/4887 3734/4883 3557/4890
f 2793/4994 3557/4991 3727/4993
f 3729/3755 2793/3759 3727/3765
f 3554/4989 3727/4993 3557/4991
f 3545/4899 2644/4889 2637/4893
f 3726/4886 2636/4885 2644/4889
f 2644/4889 3557/4890 3726/4886
f 3726/4886 3734/4883 2636/4885
f 3545/4899 2637/4893 2806/4901
f 2633/4900 3640/4905 2806/4901
f 3545/4899 3640/4905 3546/4910
f 3606/5551 3609/5548 3639/5547
f 3606/5551 3639/5547 3638/5550
f 3565/4948 3570/4947 3556/4951
f 3637/5326 3631/5311 3636/5333
f 3635/5567 3634/5562 3633/5557
f 3625/5141 3632/5149 3642/5145
f 3631/5311 3561/5317 3265/5306
f 3730/4987 3562/4981 3744/4988
f 3630/5299 3348/5308 3260/5313
f 3555/6542 3548/6543 4726/6544
f 3547/4950 3570/4947 3563/4949
f 3547/6555 3550/6548 3570/6553
f 3605/4959 3604/4969 3558/4968
f 3602/5564 3600/5565 3657/5570
f 3744/3773 3660/3781 3635/3776
f 3631/5311 3635/5315 3660/5324
f 3658/5573 3659/5578 3615/5566
f 3600/5565 3262/5552 3657/5570
f 3656/5579 3615/5566 3659/5578
f 3652/5300 3564/5303 3655/5296
f 3563/4949 3560/4953 3547/4950
f 3642/5145 3580/5164 3646/5165
f 3638/5550 3649/5556 3654/5558
f 3654/5294 3649/5295 3653/5292
f 3626/5148 3621/5144 3618/5153
f 3262/5552 3608/5555 4528/5549
f 3653/5292 3652/5300 3655/5296
f 3653/5292 3264/5298 3652/5300
f 3635/5315 3631/5311 3634/5305
f 3615/5566 3656/5579 3651/5574
f 3651/5574 3633/5557 3615/5566
f 3370/5143 3617/5151 3599/5147
f 3370/5143 3599/5147 3650/5140
f 3631/5311 3263/5302 3634/5305
f 3630/5299 3655/5296 3564/5303
f 3615/5566 3261/5561 3658/5573
f 3604/4969 3605/4959 3552/4964
f 3264/5298 3653/5292 3649/5295
f 3265/5306 3549/5307 3264/5298
f 3549/5307 3652/5300 3264/5298
f 3631/5311 3637/5326 3561/5317
f 3636/5333 3631/5311 3660/5324
f 3623/5572 3600/5565 3353/5577
f 3638/5550 3648/5553 3649/5556
f 3648/5553 3634/5562 3649/5556
f 3634/5562 3648/5553 3633/5557
f 3635/3776 3656/3771 3743/3766
f 3638/5550 4528/5549 3648/5553
f 3622/5642 3647/5636 3680/5639
f 3646/3806 3664/3805 3645/3795
f 3641/3796 3646/3806 3645/3795
f 3645/3795 3644/3782 3641/3796
f 3643/3791 3641/3796 3644/3782
f 3643/5150 3642/5145 3641/5156
f 3642/5145 3646/5165 3641/5156
f 3582/5181 3579/5171 3591/5187
f 3627/5155 3580/5164 3642/5145
f 3576/5179 3579/5171 3628/5163
f 3581/5188 3664/5195 3580/5164
f 3683/5635 3647/5636 3592/5633
f 3574/5154 3594/5180 3596/5170
f 3628/5163 3574/5154 3596/5170
f 3628/5163 3579/5171 3627/5155
f 3625/5141 3626/5148 3574/5154
f 3625/5141 3574/5154 3632/5149
f 3606/5551 3638/5550 3654/5558
f 3616/5157 3624/5172 3623/5173
f 3591/5187 3622/5194 3582/5181
f 3621/5144 3597/5152 3571/5160
f 3620/5146 3617/5151 3370/5143
f 3371/5142 3643/5150 3620/5146
f 3621/5144 3619/5161 3618/5153
f 3352/5159 3599/5147 3617/5151
f 3351/5167 3617/5151 3616/5157
f 3616/5157 3623/5173 3351/5167
f 3633/5557 3608/5555 3615/5566
f 3613/5301 3610/5304 3606/5297
f 3614/5293 3613/5301 3606/5297
f 3611/5568 3735/5563 3610/5559
f 3611/5568 3610/5559 4788/5575
f 3262/5552 3609/5548 3607/5554
f 3615/5566 3608/5555 3261/5561
f 3610/5559 3607/5554 3606/5551
f 3607/5554 3609/5548 3606/5551
f 3262/5552 3602/5564 3657/5570
f 3556/4951 3605/4959 3539/4958
f 3604/4969 3552/4964 3561/4975
f 3262/5552 3598/5560 3602/5564
f 3607/5554 3598/5560 3262/5552
f 3603/5582 3600/5565 3602/5564
f 3603/6847 3353/6848 3600/6849
f 3603/5190 3602/5176 3353/5174
f 3600/5565 3623/5572 3261/5561
f 3597/5152 3599/5147 3352/5159
f 3621/5144 3599/5147 3597/5152
f 3598/5560 3597/5571 3602/5564
f 3733/5569 3597/5571 3598/5560
f 3658/5573 3623/5572 3624/5583
f 3628/5163 3596/5170 3576/5179
f 3595/5185 3576/5179 3596/5170
f 3594/5180 3578/5193 3589/5186
f 3592/5198 3595/5185 3593/5202
f 3592/5633 3593/5637 3682/5634
f 3591/5187 3579/5171 3575/5189
f 3575/5189 3592/5198 3591/5187
f 3583/5200 3590/5197 3589/5186
f 3578/5193 3583/5200 3589/5186
f 3683/5635 3588/5638 3587/5641
f 3588/5638 3684/5644 3587/5641
f 3583/5643 3586/5653 3585/5651
f 3647/5201 3622/5194 3591/5187
f 4782/5178 3574/5154 4791/5169
f 3583/5643 3585/5651 3584/5647
f 3580/5164 3582/5181 3581/5188
f 3582/5181 3622/5194 3581/5188
f 3579/5171 3582/5181 3580/5164
f 3580/5164 3627/5155 3579/5171
f 3583/5200 3578/5193 3577/5199
f 3577/5199 3578/5193 3594/5180
f 3579/5171 3576/5179 3575/5189
f 3595/5185 3589/5186 3590/5197
f 3574/5154 3626/5148 3573/5162
f 4747/5192 3601/5184 4790/5196
f 3594/5180 3589/5186 3596/5170
f 4791/5169 3573/5162 4792/5177
f 3614/5293 3630/5299 3613/5301
f 3573/5162 3572/5175 4793/5182
f 3572/5587 3571/5576 4795/5586
f 3571/5160 3572/5175 3619/5161
f 3259/5309 3612/5310 3613/5301
f 3573/5162 3619/5161 3572/5175
f 3348/5308 3555/5312 4797/5318
f 4787/5320 3259/5309 4801/5329
f 3618/5153 3619/5161 3626/5148
f 3629/5314 3612/5310 4786/5323
f 3629/5314 3610/5304 3612/5310
f 4788/5575 3629/5581 4802/5585
f 3571/5576 3611/5568 4789/5580
f 3610/5304 3613/5301 3612/5310
f 3570/6553 3551/6550 3553/6552
f 4803/4957 3560/4953 4804/4962
f 3542/4973 3559/4977 3540/4967
f 3348/5308 3564/5303 3555/5312
f 3560/4953 3563/4949 3256/4952
f 3553/6552 3551/6550 3548/6543
f 3561/4975 3637/4983 3562/4981
f 3265/5306 3561/5317 3552/5316
f 3346/4915 3559/4922 3257/4916
f 3558/4968 3604/4969 3269/4980
f 3266/4979 3542/4973 3558/4968
f 3557/4890 2644/4889 3268/4898
f 3553/4955 3605/4959 3556/4951
f 3555/5312 3564/5303 3549/5307
f 3556/4951 3570/4947 3553/4955
f 3268/4986 3554/4989 3557/4991
f 3604/4969 3561/4975 3562/4981
f 3552/5316 3553/5325 3549/5307
f 3548/6543 3551/6550 3550/6548
f 4725/6546 3550/6548 4784/6549
f 3548/5322 3555/5312 3549/5307
f 3550/6548 3551/6550 3570/6553
f 4723/6554 3547/6555 4806/6556
f 3545/4899 3546/4910 3347/4908
f 3347/4908 3569/4923 3541/4919
f 2806/4901 3640/4905 3545/4899
f 3567/4920 3569/4923 3347/4908
f 3546/4910 3567/4920 3347/4908
f 3345/4256 3568/4252 3544/4247
f 3345/4930 3566/4926 3568/4928
f 3546/4910 2634/4914 2587/4921
f 3568/4928 3566/4926 3541/4919
f 3538/4227 3537/4235 3536/4230
f 3568/4928 3541/4919 3567/4920
f 3567/4920 3541/4919 3569/4923
f 3537/4235 3543/4239 3536/4230
f 2587/4921 2588/4925 3546/4910
f 3565/4948 3556/4951 3254/4954
f 3543/4929 3568/4928 3567/4920
f 3536/4927 3543/4929 3567/4920
f 3541/4919 3566/4926 3559/4922
f 4805/4961 3256/4952 4808/4965
f 3253/4956 3256/4952 3565/4948
f 3565/4948 3256/4952 3563/4949
f 3254/4954 3556/4951 3539/4958
f 3543/4239 3485/4244 3544/4247
f 3542/4973 3266/4979 3257/4982
f 3541/4919 3559/4922 3346/4915
f 3540/4967 3559/4977 3566/4978
f 3485/4244 3343/4253 3544/4247
f 3299/4963 3540/4967 3345/4974
f 3539/4958 3540/4967 3299/4963
f 2285/4224 3538/4227 2592/4219
f 2285/4224 2592/4219 2288/4216
f 2589/4213 2592/4219 3534/4223
f 2259/1599 120/1611 2265/1605
f 3543/4239 3537/4235 3485/4244
f 3537/4235 3538/4227 3483/4237
f 3538/4227 3536/4230 3534/4223
f 3534/4223 2588/4221 2589/4213
f 3301/4259 3302/4262 3297/4264
f 3298/4966 3253/4956 3299/4963
f 4809/4272 3298/4260 4810/4267
f 38/4255 3302/4262 3301/4259
f 3536/4230 3535/4229 3534/4223
f 3535/4229 2588/4221 3534/4223
f 3544/4247 3568/4252 3543/4239
f 3496/1595 2240/1587 3530/1590
f 4811/6802 3528/6797 4812/6800
f 2285/4224 2329/4236 3484/4232
f 3538/4227 2285/4224 3484/4232
f 4807/1705 3510/1703 4815/1722
f 3311/1478 3399/1482 3294/1474
f 4814/1730 3521/1723 4816/1736
f 3303/1973 3395/1977 3292/1980
f 3292/1980 3395/1977 123/1981
f 3312/1968 3374/1957 44/1967
f 42/1969 3533/1964 4736/1971
f 3292/1488 3295/1484 3311/1478
f 3473/1667 3503/1650 3509/1676
f 122/2402 124/2408 3396/2405
f 3468/1521 2103/1511 3469/1522
f 6/1669 2/1672 127/1644
f 3518/1664 3532/1685 3531/1675
f 3532/1685 3518/1664 3512/1693
f 3507/6525 3527/6526 3477/6527
f 3515/6563 3525/6562 3524/6566
f 3518/6576 3514/6573 3519/6570
f 3503/1650 3531/1675 3509/1676
f 3477/1628 3498/1630 3479/1618
f 3477/1628 3479/1618 3507/1617
f 3519/6570 3515/6563 3520/6568
f 3503/1650 3508/1657 3518/1664
f 3515/1656 3500/1649 4730/1666
f 3517/1609 3480/1604 3481/1601
f 3513/1635 3514/1647 3516/1648
f 3513/1635 3499/1643 3514/1647
f 3513/1635 3516/1648 3475/1637
f 3514/1647 3499/1643 3515/1656
f 3513/1635 100/1629 3478/1623
f 3510/1703 3512/1693 3511/1715
f 3532/1685 3512/1693 3510/1703
f 101/1610 120/1611 2259/1599
f 3475/1637 3471/1624 100/1629
f 94/1677 3509/1676 4732/1695
f 3475/1637 3516/1648 3508/1657
f 3507/1617 3479/1618 2261/1598
f 3489/6532 3506/6528 3505/6531
f 3344/1639 3504/1651 3364/1652
f 3475/1637 3508/1657 3503/1650
f 3502/4815 3476/4819 3491/4812
f 3501/4833 3482/4827 4821/4832
f 3482/1636 3500/1649 3499/1643
f 3478/1623 3482/1636 3499/1643
f 3478/1623 3498/1630 3482/1636
f 3496/6723 3497/6724 3495/6725
f 3495/1622 3493/1621 3494/1615
f 3492/1607 3494/1615 3493/1621
f 2261/1598 3517/1609 3507/1617
f 3496/6723 2290/6726 3497/6724
f 3482/4827 3498/4825 3476/4819
f 3502/4815 2290/4818 5011/4820
f 2290/1594 3530/1590 2289/1583
f 2267/1596 2240/1587 3496/1595
f 3496/1595 3530/1590 2290/1594
f 2267/1596 3496/1595 3492/1607
f 2267/1596 3492/1607 3481/1601
f 3489/6532 3488/6533 3529/6530
f 3529/4814 3488/4813 3490/4811
f 3481/1601 3492/1607 3505/1616
f 3527/4817 3529/4814 3491/4812
f 3489/1627 3505/1616 3493/1621
f 3492/1607 3493/1621 3505/1616
f 3493/1621 3495/1622 3487/1634
f 3489/1627 3493/1621 3487/1634
f 3476/4819 3527/4817 3491/4812
f 3489/6532 3529/6530 3506/6528
f 3529/6530 3527/6526 3506/6528
f 3505/6531 3506/6528 3517/6529
f 3526/4809 3486/4810 3495/4807
f 3490/4811 3486/4810 3526/4809
f 3506/6528 3527/6526 3507/6525
f 3506/6528 3507/6525 3517/6529
f 3482/1636 3501/1658 3500/1649
f 4823/6798 3524/6796 4824/6799
f 3524/6566 3525/6562 4825/6567
f 3511/1715 3520/1731 3521/1723
f 3514/6573 3515/6563 3519/6570
f 3512/1693 3518/1664 3523/1704
f 3511/1715 3512/1693 3523/1704
f 3519/6570 3511/6572 3523/6575
f 3520/6568 3511/6572 3519/6570
f 4525/6569 3520/6568 3524/6566
f 3521/1723 3510/1703 3511/1715
f 3522/1745 3521/1723 3528/1735
f 3521/1723 3522/1745 4813/1746
f 3390/4246 3342/4251 3485/4244
f 3390/4246 38/4255 3342/4251
f 39/6665 13/6666 95/6667
f 3502/4815 3491/4812 3497/4808
f 2290/4818 3502/4815 3497/4808
f 3492/1607 3496/1595 3494/1615
f 3495/1622 3494/1615 3496/1595
f 3490/4811 3497/4808 3491/4812
f 3489/4816 3486/4810 3488/4813
f 3529/4814 3490/4811 3491/4812
f 3487/1634 3486/1642 3489/1627
f 3487/1634 3495/1622 3486/1642
f 3483/4237 3538/4227 3484/4232
f 3485/4244 3537/4235 3483/4237
f 19/4242 3483/4237 3484/4232
f 3390/4246 3485/4244 3483/4237
f 3478/1623 3499/1643 3513/1635
f 3513/1635 3475/1637 100/1629
f 101/1610 3479/1618 3478/1623
f 3476/4819 3498/4825 3477/4822
f 3498/1630 3478/1623 3479/1618
f 101/1610 3471/1624 120/1611
f 2261/1598 3479/1618 101/1610
f 2260/1592 2261/1598 2259/1599
f 2290/1594 2291/1591 4917/1603
f 3481/1601 3480/1604 2241/1588
f 2241/1588 3480/1604 2261/1598
f 3481/1601 2241/1588 2267/1596
f 2/1672 129/1663 127/1644
f 3471/1624 3472/1638 121/1631
f 118/2384 7/2394 3391/2388
f 3469/1522 2103/1511 10/1513
f 104/1514 10/1513 11/1506
f 125/1498 106/1496 107/1485
f 8/1661 3364/1652 3391/1668
f 102/4162 3394/4158 46/4153
f 3471/1624 3475/1637 3472/1638
f 120/1611 2264/1612 2265/1605
f 3472/1638 3344/1639 121/1631
f 126/1625 121/1631 3344/1639
f 126/1625 2140/1614 2264/1612
f 94/1677 3365/1660 3473/1667
f 102/6596 3293/6597 130/6598
f 117/2381 3365/2385 3296/2382
f 3473/1667 3365/1660 3472/1638
f 3503/1650 3472/1638 3475/1637
f 3472/1638 3474/1659 3473/1667
f 2128/2597 2129/2589 20/2596
f 3476/4819 3477/4822 3527/4817
f 3273/5130 2844/5131 3470/5126
f 2843/5121 2846/5115 3470/5126
f 2261/1598 3480/1604 3517/1609
f 104/1514 3469/1522 10/1513
f 86/1754 3461/1753 110/1762
f 3468/1521 104/1514 3388/1530
f 77/711 518/678 1714/677
f 3500/1649 3515/1656 3499/1643
f 85/850 119/877 80/906
f 3451/5440 81/5441 116/5442
f 89/4160 79/4159 3460/4167
f 3447/773 54/825 62/849
f 70/1752 3361/1756 115/1760
f 3445/573 3437/527 3448/546
f 73/5033 93/5034 3429/5035
f 3426/932 3411/936 3425/910
f 3409/855 3427/911 3405/886
f 3407/777 77/711 3415/710
f 109/1763 3467/1759 86/1754
f 93/5034 71/5038 3429/5035
f 3418/705 3414/676 3434/642
f 4834/638 3436/572 4835/670
f 115/5446 116/5442 88/5449
f 3413/5053 3428/5040 75/5047
f 522/611 639/574 3421/641
f 48/6631 3438/6632 3423/6633
f 3440/5044 3441/5059 49/5067
f 3407/5066 49/5067 3441/5059
f 116/5442 3457/5445 88/5449
f 84/826 3447/773 62/849
f 3490/4811 3488/4813 3486/4810
f 2261/1598 101/1610 2259/1599
f 8/1661 127/1644 3364/1652
f 115/1760 3361/1756 114/1765
f 69/1734 3465/1721 3385/1729
f 3458/929 110/908 3462/881
f 104/1514 67/1518 3387/1525
f 3457/5445 116/5442 81/5441
f 104/1514 3468/1521 3469/1522
f 3465/1721 25/1701 4/1713
f 69/1734 3385/1729 3464/1743
f 70/1752 69/1734 3464/1743
f 3467/1759 109/1763 3466/1764
f 112/1767 3362/1755 3466/1764
f 63/5454 24/5458 3465/5459
f 3461/1753 27/1738 4838/1749
f 89/4160 51/4163 32/4157
f 3385/1729 3363/1751 3464/1743
f 80/906 3453/878 85/850
f 3446/799 3447/773 84/826
f 80/906 3458/929 3453/878
f 3363/1751 3361/1756 3464/1743
f 70/1752 3464/1743 3361/1756
f 3458/929 3462/881 3453/878
f 83/852 3463/930 4842/954
f 110/908 3463/930 83/852
f 83/852 3446/799 3462/881
f 3462/881 110/908 83/852
f 4845/1766 3461/1753 4846/1761
f 3436/572 3437/527 4840/605
f 852/4141 3459/4144 3456/4148
f 3460/5450 80/5444 119/5453
f 3456/5457 3459/5460 58/5455
f 3458/929 3450/978 109/952
f 3451/951 3458/929 80/906
f 3457/5445 82/5448 3452/5451
f 111/4150 851/4145 3456/4148
f 80/5444 3460/5450 79/5447
f 88/5449 3457/5445 3452/5451
f 3456/4148 851/4145 852/4141
f 81/5441 82/5448 3457/5445
f 111/4150 3456/4148 3452/4152
f 58/5455 3452/5451 3456/5457
f 53/774 3447/773 90/702
f 3448/546 681/510 683/545
f 3442/669 50/606 3455/603
f 679/743 53/774 90/702
f 3444/636 3442/669 3455/603
f 52/1550 55/1538 51/1544
f 1781/571 3455/603 683/545
f 57/1555 53/1560 755/1557
f 4841/607 3445/573 4848/640
f 88/5449 3452/5451 63/5454
f 3450/978 3451/951 113/994
f 89/4160 3460/4167 119/4169
f 3448/546 3449/634 50/606
f 680/494 681/510 3437/527
f 90/702 3447/773 3443/703
f 3443/703 3446/799 4849/776
f 1781/571 3444/636 3455/603
f 50/606 3445/573 3448/546
f 4849/776 66/827 4853/851
f 3442/669 3444/636 3443/703
f 50/606 3442/669 4855/742
f 683/545 3455/603 3448/546
f 50/606 3449/634 3455/603
f 3454/635 90/702 3444/636
f 3446/799 85/850 3453/878
f 3362/1755 112/1767 114/1765
f 112/995 109/952 3450/978
f 3413/5053 3408/5065 3424/5055
f 3428/5040 3424/5055 3440/5044
f 3441/5059 3440/5044 3424/5055
f 92/5056 3440/5044 3423/5060
f 3402/884 3425/910 3427/911
f 4831/5050 72/5043 4857/5042
f 3419/548 3434/642 3420/608
f 3432/643 3433/673 3419/548
f 3431/5039 3430/5036 3428/5040
f 3428/5040 3430/5036 3429/5035
f 71/5038 3428/5040 3429/5035
f 92/674 3423/707 3432/643
f 73/5033 3429/5035 3430/5036
f 3415/710 3414/676 3417/747
f 3422/672 3420/608 3434/642
f 3428/5040 71/5038 75/5047
f 3433/673 3418/705 3434/642
f 3440/5044 92/5056 3439/5048
f 73/5033 3431/5039 3440/5044
f 3440/5044 3439/5048 73/5033
f 3439/5048 92/5056 4859/5061
f 4833/5049 3439/5048 4860/5062
f 3418/705 3433/673 3438/708
f 3432/643 3423/707 3438/708
f 3438/708 3433/673 3432/643
f 3419/548 3416/528 3435/575
f 680/494 3437/527 3416/528
f 3419/548 3420/608 640/547
f 640/547 3420/608 639/574
f 3437/527 3436/572 3416/528
f 3419/548 3435/575 74/609
f 3432/643 3419/548 74/609
f 3400/883 3425/910 3401/853
f 3424/5055 3407/5066 3441/5059
f 3417/747 49/801 3407/777
f 3423/5060 3440/5044 49/5067
f 3440/5044 3431/5039 3428/5040
f 3420/608 3422/672 3421/641
f 530/511 3416/528 3419/548
f 3419/548 640/547 530/511
f 3416/528 3436/572 3435/575
f 77/711 1714/677 3415/710
f 3417/6636 3414/6637 3418/6635
f 3417/6636 3418/6635 48/6631
f 531/495 3416/528 530/511
f 87/800 3412/854 3406/829
f 1714/677 525/576 551/645
f 531/495 680/494 3416/528
f 3414/676 3415/710 551/645
f 522/611 3414/676 521/610
f 3414/676 551/645 521/610
f 3415/710 1714/677 551/645
f 3408/5065 3413/5053 3400/5057
f 3409/855 3402/884 3427/911
f 3401/853 3412/854 87/800
f 5123/957 3411/936 5124/982
f 3410/779 3406/829 3409/855
f 3410/779 398/715 427/712
f 87/800 3408/828 3401/853
f 87/800 3406/829 76/778
f 3406/829 3410/779 76/778
f 427/712 76/778 3410/779
f 3400/883 3401/853 3408/828
f 3405/886 3403/832 3409/855
f 3408/5065 3407/5066 3424/5055
f 3407/777 3408/828 87/800
f 3406/829 3402/884 3409/855
f 3403/832 3405/886 3404/831
f 3402/884 3401/853 3425/910
f 3410/779 460/805 397/751
f 3425/910 3411/936 3427/911
f 3410/779 397/751 398/715
f 3409/855 3403/832 3410/779
f 3406/829 3412/854 3402/884
f 3412/854 3401/853 3402/884
f 3404/831 460/805 3403/832
f 3403/832 460/805 3410/779
f 3411/936 3426/932 5116/981
f 3427/911 3411/936 3405/886
f 385/858 3404/831 3405/886
f 5125/5070 3400/5057 5129/5069
f 383/806 3404/831 385/858
f 3400/5057 75/5047 5121/5064
f 22/2391 40/2397 3397/2396
f 3390/2601 20/2596 45/2599
f 102/4162 46/4153 3293/4166
f 46/4153 47/4164 3293/4166
f 47/1502 3384/1497 3293/1493
f 2161/4156 46/4153 3394/4158
f 3390/2601 12/2605 39/2608
f 3384/1497 125/1498 3377/1492
f 23/2600 40/2609 22/2607
f 4862/2406 3396/2405 4863/2409
f 4838/1749 28/1732 4864/1748
f 40/2397 3398/2399 3397/2396
f 4866/2398 3397/2396 4867/2400
f 40/2397 122/2402 3398/2399
f 3394/2595 23/2600 45/2599
f 3397/2396 3392/2387 22/2391
f 23/2600 3394/2595 102/2603
f 3399/1482 3295/1484 107/1485
f 118/2384 37/2383 3392/2387
f 2343/1483 3294/1474 107/1485
f 20/2596 3390/2601 3389/2602
f 3312/1968 3372/1966 18/1961
f 43/1959 3374/1957 3373/1955
f 3052/1461 3310/1465 3372/1466
f 3396/1978 124/1974 42/1969
f 124/1974 3395/1977 44/1967
f 3322/1937 3306/1944 3332/1948
f 3292/6600 123/6601 130/6598
f 3398/2399 122/2402 3396/2405
f 97/1696 3/1708 30/1687
f 105/1501 108/1490 106/1496
f 46/4153 2162/4151 851/4145
f 2161/4156 2162/4151 46/4153
f 118/2384 36/2393 7/2394
f 2131/2583 3394/2595 20/2596
f 3393/1641 128/1655 988/1646
f 126/1625 127/1644 3393/1641
f 47/1502 103/1509 125/1498
f 3392/2387 3397/2396 35/2395
f 36/2393 3392/2387 35/2395
f 117/2381 3391/2388 3364/2389
f 3/1708 97/1696 5/1707
f 25/1701 1/1691 4/1713
f 3385/1729 4/1713 29/1724
f 3388/1530 3387/1525 68/1531
f 6/1669 30/1687 2/1672
f 3376/1690 34/1684 3386/1700
f 86/1754 3467/1759 26/1742
f 29/1724 26/1742 3385/1729
f 60/1712 3386/1700 34/1684
f 851/4145 111/4150 46/4153
f 55/1538 68/1531 56/1529
f 3377/1492 125/1498 107/1485
f 4865/1737 35/1716 4872/1747
f 3376/1690 129/1663 34/1684
f 2131/2583 20/2596 2129/2589
f 3295/1484 3384/1497 3377/1492
f 3871/3181 3864/3185 3358/3182
f 3383/5708 3382/5703 3381/5698
f 3309/5120 2838/5111 3383/5124
f 3382/5703 3315/5688 3381/5698
f 3383/5708 3381/5698 3309/5704
f 3309/5704 3863/5692 3308/5702
f 4529/5432 3340/5437 3009/5427
f 3379/4841 3380/4845 4566/4838
f 3379/4468 3040/4462 3282/4464
f 2311/1471 3378/1467 3294/1474
f 3372/1466 3294/1474 3378/1467
f 3829/5399 4560/5394 3077/5398
f 3891/6200 3874/6194 3889/6197
f 3375/3279 3936/3277 4758/3282
f 3767/5891 3938/5884 3766/5889
f 3374/1957 18/1961 3333/1951
f 3373/1955 3374/1957 3333/1951
f 3333/1951 17/1956 3341/1949
f 3372/1466 3310/1465 17/1470
f 3371/5142 3370/5143 3650/5140
f 3368/1455 3335/1460 3369/1459
f 3369/1459 3054/1454 3368/1455
f 3918/5853 3366/5848 3892/5845
f 3325/3288 3937/3283 4754/3287
f 3911/3247 3943/3269 3944/3259
f 3366/5848 3277/5860 3367/5850
f 3366/5848 3367/5850 3935/5842
f 3720/5944 3696/5949 3931/5953
f 3359/6059 3712/6056 3276/6058
f 3859/6168 3799/6165 3798/6161
f 3902/3256 3790/3243 3917/3246
f 3806/4476 3291/4472 3357/4466
f 3289/4467 3041/4461 3357/4466
f 3356/4470 3282/4464 3289/4467
f 3275/5028 3321/5022 3355/5021
f 3753/6393 3723/6389 3724/6394
f 3382/5703 3687/5699 3315/5688
f 3732/3761 3743/3766 3731/3751
f 3354/5168 3353/5174 3602/5176
f 3352/5159 3354/5168 3597/5152
f 3351/5167 3353/5174 3352/5159
f 3575/5189 3576/5179 3595/5185
f 3539/4958 3605/4959 3558/4968
f 3370/5143 3371/5142 3620/5146
f 3350/5680 3271/5683 3349/5677
f 3258/4904 3545/4899 3347/4908
f 3258/4904 3347/4908 3346/4915
f 3266/4909 3268/4898 3258/4904
f 3294/1474 3372/1466 3311/1478
f 3300/4257 3345/4256 3544/4247
f 3300/4257 3343/4253 3298/4260
f 3474/1659 3503/1650 3473/1667
f 127/1644 126/1625 3344/1639
f 3365/1660 3364/1652 3504/1651
f 26/1742 3362/1755 3363/1751
f 3362/1755 3361/1756 3363/1751
f 19/4242 2306/4241 3360/4250
f 3301/4259 3343/4253 3342/4251
f 3310/1465 3334/1469 3341/1475
f 3311/1972 3312/1968 3303/1973
f 3053/1456 15/1464 3310/1465
f 2846/5115 2838/5111 3309/5120
f 3309/5120 3308/5125 2846/5115
f 3953/1953 3307/1952 3306/1944
f 3307/1952 3332/1948 3306/1944
f 4739/1963 3307/1952 4744/1958
f 3336/1930 3305/1925 3304/1931
f 44/1967 42/1969 124/1974
f 3303/1973 44/1967 3395/1977
f 3334/1469 3310/1465 15/1464
f 3945/5890 3765/5897 3766/5889
f 3749/5421 3077/5398 2884/5414
f 2844/5014 2829/5015 2828/5009
f 3339/4485 3340/4491 3951/4480
f 3337/4484 3339/4485 3338/4475
f 3336/1930 3954/1939 3322/1937
f 3334/1945 3335/1940 3322/1937
f 15/1464 3335/1460 3334/1469
f 3373/1955 3333/1951 3332/1948
f 3317/5679 3933/5678 3931/5682
f 3675/5718 3669/5711 3670/5709
f 3723/6389 3331/6391 3330/6392
f 3328/6385 3723/6389 3329/6387
f 3327/6383 2848/6382 3328/6385
f 3328/6385 3329/6387 3327/6383
f 3327/6383 3326/6386 2847/6384
f 3829/5399 3827/5415 3825/5406
f 3305/1925 3947/1927 3833/1921
f 4742/1942 3304/1931 4752/1946
f 3304/1931 3325/1928 4874/1934
f 3281/4487 3324/4494 3290/4477
f 3768/5900 3914/5904 3285/5896
f 3325/1928 3304/1931 3305/1925
f 3335/1940 3323/1932 3322/1937
f 3330/6392 3331/6391 3715/6395
f 3320/5020 2829/5015 3321/5022
f 2824/5003 3320/5020 2850/5016
f 3915/3241 3900/3230 3901/3238
f 3839/5874 3843/5875 3844/5868
f 3787/3224 3788/3216 3785/3215
f 3787/3224 3791/3229 3786/3225
f 3705/5939 3708/5947 3704/5952
f 3319/6185 3314/6180 3318/6183
f 3695/5942 3693/5950 3694/5954
f 2752/3811 2750/3800 3662/3803
f 3316/5691 3273/5696 3934/5685
f 3316/5691 3317/5679 3272/5693
f 3315/5688 3271/5683 3350/5680
f 3315/5688 3863/5692 3381/5698
f 3314/6180 3896/6179 3318/6183
f 3314/6180 3313/6182 3885/6177
f 3319/6185 3313/6182 3314/6180
f 3873/5663 3874/5670 3875/5665
f 3928/6189 3924/6195 3894/6196
f 3882/5655 3879/5662 3886/5656
f 3883/5657 3585/5651 3586/5653
f 3883/5657 3884/5659 3885/5661
f 3289/4467 3291/4472 3290/4477
f 3367/5850 3277/5860 3703/5861
f 3288/3187 3287/3196 3840/3191
f 3843/3203 3287/3196 3288/3187
f 3851/3217 3867/3201 3868/3210
f 3899/3222 3900/3230 3906/3219
f 3783/3223 3784/3214 3906/3219
f 3753/6393 3808/6396 3752/6390
f 3286/5888 3285/5896 3897/5893
f 3283/5892 3285/5896 3286/5888
f 3286/5888 3898/5885 3794/5881
f 3793/3206 3905/3205 3784/3214
f 3284/5887 3283/5892 3794/5881
f 3762/5895 3283/5892 3284/5887
f 3812/1923 3779/1920 3757/1917
f 3337/4484 3340/4491 3339/4485
f 3622/3813 3679/3814 3676/3801
f 3380/4471 3379/4468 3282/4464
f 3282/4464 3041/4461 3289/4467
f 3337/5433 2885/5420 3009/5427
f 3812/4508 3836/4511 3811/4506
f 3357/4466 3291/4472 3289/4467
f 3356/4470 3750/4474 3751/4479
f 3356/4470 3338/4475 3282/4464
f 3355/5021 3321/5022 2829/5015
f 3835/1929 3837/1936 3836/1933
f 3280/4504 3281/4487 3831/4500
f 3832/4493 3823/4503 3831/4500
f 3826/6217 3836/6223 3830/6219
f 3279/4501 3324/4494 3281/4487
f 3281/4487 3290/4477 3809/4481
f 3281/4487 3280/4504 3279/4501
f 2847/6384 3326/6386 2896/6388
f 3772/4507 3779/4510 3280/4504
f 3280/4504 3811/4506 3279/4501
f 3800/6162 3797/6158 3798/6161
f 3707/6057 3796/6060 3706/6064
f 3691/5024 3331/5031 2852/5025
f 2846/5115 3308/5125 3273/5130
f 3359/6059 3276/6058 3278/6062
f 3702/6061 3277/6067 3276/6058
f 3278/6062 3276/6058 3277/6067
f 3272/5693 3317/5679 3275/5686
f 3274/5681 3349/5677 3271/5683
f 3271/5683 3692/5689 3274/5681
f 3273/5027 3272/5026 2844/5014
f 3714/5935 3718/5934 3713/5931
f 3271/5683 3270/5694 3688/5695
f 3676/3801 3677/3807 3672/3792
f 2824/5003 2829/5015 3320/5020
f 3270/5694 3271/5683 3315/5688
f 3272/5693 3273/5696 3316/5691
f 3275/5028 3355/5021 3272/5026
f 3666/3793 2750/3800 2751/3787
f 3584/5647 3588/5638 3583/5643
f 3678/5649 3679/5645 3680/5639
f 3678/5720 3681/5719 3675/5718
f 3738/3762 3663/3753 3746/3757
f 3740/3768 3737/3769 3738/3762
f 3269/4980 3562/4981 3267/4984
f 3269/4980 3266/4979 3558/4968
f 3667/3778 3740/3768 3741/3783
f 3267/4984 3554/4989 3268/4986
f 3267/4984 3266/4979 3269/4980
f 3727/4993 3554/4989 3728/4992
f 3263/5302 3631/5311 3265/5306
f 3264/5298 3263/5302 3265/5306
f 3260/5313 3348/5308 4876/5319
f 3261/5561 3608/5555 3262/5552
f 3649/5295 3263/5302 3264/5298
f 3261/5561 3262/5552 3600/5565
f 3617/5151 3351/5167 3352/5159
f 3352/5159 3353/5174 3354/5168
f 3268/4986 3266/4979 3267/4984
f 3259/5309 3630/5299 3260/5313
f 4799/5321 3260/5313 4879/5330
f 3540/4967 3539/4958 3542/4973
f 3548/5322 3549/5307 3553/5325
f 3257/4916 3266/4909 3258/4904
f 3346/4915 3347/4908 3541/4919
f 3258/4904 3346/4915 3257/4916
f 3257/4982 3559/4977 3542/4973
f 3552/5316 3549/5307 3265/5306
f 4808/4965 3255/4960 4880/4970
f 3255/4960 3253/4956 3298/4966
f 3256/4952 3253/4956 3255/4960
f 3253/4956 3565/4948 3254/4954
f 3485/4244 3342/4251 3343/4253
f 3539/4958 3299/4963 3254/4954
f 3311/1972 3303/1973 3292/1980
f 3296/2382 13/2392 21/2386
f 3302/4262 99/4265 4882/4269
f 99/4265 3302/4262 98/4261
f 3298/4260 3343/4253 3301/4259
f 3299/4963 3345/4974 3300/4972
f 4810/4267 3297/4264 4884/4271
f 3298/4260 3301/4259 3297/4264
f 3297/4264 3302/4262 4883/4266
f 3300/4972 3298/4966 3299/4963
f 3253/4956 3254/4954 3299/4963
f 38/4255 98/4261 3302/4262
f 3476/4819 3502/4815 5013/4821
f 94/2390 3296/2382 3365/2385
f 95/6667 94/6669 4820/6671
f 3293/1493 3384/1497 3295/1484
f 2311/1471 3294/1474 2312/1479
f 2312/1479 3294/1474 2343/1483
f 37/2383 3296/2382 21/2386
f 3399/1482 3311/1478 3295/1484
f 3292/6600 130/6598 3293/6597
f 6/1669 127/1644 8/1661
f 108/1490 107/1485 106/1496
f 106/1496 11/1506 105/1501
f 47/1502 67/1518 104/1514
f 104/1514 103/1509 47/1502
f 23/2600 102/2603 41/2606
f 3471/1624 101/1610 100/1629
f 3478/1623 100/1629 101/1610
f 3503/1650 3518/1664 3531/1675
f 99/4265 96/4263 4868/4268
f 96/4263 98/4261 39/4258
f 3344/1639 3472/1638 3504/1651
f 127/1644 3344/1639 3364/1652
f 6/1669 36/1686 97/1696
f 36/2393 118/2384 3392/2387
f 96/6668 95/6667 4828/6670
f 95/6667 13/6666 94/6669
f 12/2605 3390/2601 45/2599
f 3389/4245 3390/4246 3483/4237
f 96/6668 39/6665 95/6667
f 19/4242 3484/4232 2329/4236
f 3473/1667 3509/1676 94/1677
f 102/6596 130/6598 41/6599
f 129/1663 128/1655 127/1644
f 120/1611 126/1625 2264/1612
f 11/1506 103/1509 104/1514
f 106/1496 125/1498 11/1506
f 123/1981 3395/1977 124/1974
f 122/2402 41/2404 123/2407
f 3293/1493 3295/1484 3292/1488
f 3471/1624 121/1631 120/1611
f 120/1611 121/1631 126/1625
f 104/1514 3387/1525 3388/1530
f 3470/5126 2846/5115 3273/5130
f 61/4168 51/4163 89/4160
f 84/826 62/849 61/879
f 119/877 84/826 61/879
f 89/4160 119/4169 61/4168
f 118/2384 117/2381 37/2383
f 113/5443 116/5442 115/5446
f 113/5443 3451/5440 116/5442
f 114/1765 113/1768 115/1760
f 112/995 3450/978 113/994
f 82/4154 111/4150 3452/4152
f 82/4154 78/4155 111/4150
f 86/1754 110/1762 109/1763
f 30/1687 6/1669 97/1696
f 91/668 90/702 3454/635
f 89/4160 32/4157 78/4155
f 70/5452 115/5446 88/5449
f 87/800 77/711 3407/777
f 4857/5042 93/5034 4886/5037
f 92/674 3432/643 74/609
f 77/711 76/778 427/712
f 3415/710 3417/747 3407/777
f 3414/676 3422/672 3434/642
f 3421/641 3422/672 522/611
f 3421/641 639/574 3420/608
f 4886/5037 73/5033 4890/5041
f 538/512 530/511 640/547
f 71/5038 93/5034 72/5043
f 71/5038 72/5043 5120/5046
f 70/5452 63/5454 69/5456
f 114/1765 112/1767 113/1768
f 3362/1755 114/1765 3361/1756
f 3385/1729 26/1742 3363/1751
f 67/1518 33/1524 56/1529
f 56/1529 68/1531 67/1518
f 110/908 3458/929 109/952
f 987/1654 128/1655 129/1663
f 1/1691 25/1701 34/1684
f 3466/1764 3362/1755 3467/1759
f 3466/1764 109/1763 112/1767
f 3465/5459 69/5456 63/5454
f 3461/1753 86/1754 27/1738
f 119/877 85/850 84/826
f 84/826 85/850 3446/799
f 3447/773 3446/799 3443/703
f 3444/636 90/702 3443/703
f 3454/635 3444/636 1781/571
f 4891/882 83/852 4892/909
f 3446/799 3453/878 3462/881
f 3446/799 83/852 66/827
f 70/5452 88/5449 63/5454
f 46/4153 111/4150 78/4155
f 3442/669 3443/703 4850/744
f 81/5441 79/5447 82/5448
f 81/5441 80/5444 79/5447
f 3451/5440 80/5444 81/5441
f 78/4155 82/4154 79/4159
f 4843/953 110/908 4845/979
f 65/1545 55/1538 57/1555
f 55/1538 65/1545 64/1539
f 58/5455 24/5458 63/5454
f 61/879 62/849 52/848
f 3458/929 3451/951 3450/978
f 24/1714 60/1712 34/1684
f 58/5455 60/5461 24/5458
f 58/5455 3459/5460 59/5462
f 58/5455 59/5462 60/5461
f 3452/5451 58/5455 63/5454
f 52/848 62/849 54/825
f 55/1538 52/1550 57/1555
f 56/1529 31/1534 55/1538
f 52/848 54/825 53/774
f 91/668 679/743 90/702
f 31/1534 51/1544 55/1538
f 51/1544 61/1556 52/1550
f 53/1560 57/1555 52/1550
f 54/825 3447/773 53/774
f 4854/639 50/606 4893/671
f 681/510 3448/546 3437/527
f 3455/603 3449/634 3448/546
f 3413/5053 3424/5055 3428/5040
f 3430/5036 3431/5039 73/5033
f 3419/548 3433/673 3434/642
f 4859/706 74/609 4887/746
f 3400/5057 3413/5053 75/5047
f 5130/5054 71/5038 5131/5051
f 3438/6632 48/6631 3418/6635
f 74/609 3435/575 4858/644
f 48/6631 3423/6633 49/6634
f 49/6634 3417/6636 48/6631
f 77/711 87/800 76/778
f 3400/883 3426/932 3425/910
f 3295/1484 3377/1492 107/1485
f 33/1524 67/1518 47/1502
f 46/4153 32/4157 33/4161
f 3394/2595 45/2599 20/2596
f 21/2604 12/2605 45/2599
f 44/1967 3303/1973 3312/1968
f 42/1969 44/1967 43/1959
f 43/1959 3533/1964 42/1969
f 3374/1957 43/1959 44/1967
f 40/2609 23/2600 41/2606
f 38/4255 3390/4246 39/4258
f 2131/2583 2161/2588 3394/2595
f 125/1498 3384/1497 47/1502
f 125/1498 103/1509 11/1506
f 3392/2387 37/2383 22/2391
f 36/1686 35/1716 5/1707
f 35/1716 29/1724 5/1707
f 5/1707 97/1696 36/1686
f 129/1663 2/1672 34/1684
f 45/2599 23/2600 21/2604
f 40/2397 41/2404 122/2402
f 23/2600 22/2607 21/2604
f 3294/1474 3399/1482 107/1485
f 3052/1461 3053/1456 3310/1465
f 19/2598 2128/2597 20/2596
f 18/1961 17/1956 3333/1951
f 3372/1966 17/1956 18/1961
f 3373/1955 3307/1952 43/1959
f 3336/1930 3322/1937 3323/1932
f 14/1458 16/1450 15/1464
f 15/1464 16/1450 3369/1459
f 3378/1467 3052/1461 3372/1466
f 3322/1937 3341/1949 3334/1945
f 3322/1937 3332/1948 3333/1951
f 12/2605 21/2604 13/2610
f 39/2608 12/2605 13/2610
f 99/4265 98/4261 96/4263
f 123/6601 41/6599 130/6598
f 107/1485 108/1490 2343/1483
f 9/1505 105/1501 11/1506
f 10/1513 9/1505 11/1506
f 8/1661 7/1678 6/1669
f 36/1686 6/1669 7/1678
f 39/4258 98/4261 38/4255
f 3393/1641 2139/1633 126/1625
f 118/2384 3391/2388 117/2381
f 128/1655 3393/1641 127/1644
f 3391/1668 7/1678 8/1661
f 3397/2396 3398/2399 4861/2403
f 117/2381 3364/2389 3365/2385
f 4/1713 3/1708 5/1707
f 1/1691 3/1708 4/1713
f 1/1691 34/1684 2/1672
f 3396/1978 42/1969 4817/1979
f 3385/1729 3465/1721 4/1713
f 5/1707 29/1724 4/1713
f 31/4165 33/4161 32/4157
f 56/1529 33/1524 31/1534
f 68/1531 3387/1525 67/1518
f 3/1708 1/1691 30/1687
f 2/1672 30/1687 1/1691
f 28/1732 27/1738 29/1724
f 26/1742 29/1724 27/1738
f 25/1701 24/1714 34/1684
f 78/4155 32/4157 46/4153
f 64/1539 68/1531 55/1538
f 51/4163 31/4165 32/4157
f 3389/2602 19/2598 20/2596
f 35/1716 28/1732 29/1724
f 4530/1683 129/1663 3376/1690
f 22/2391 37/2383 21/2386
f 3341/1475 17/1470 3310/1465
f 3290/4477 3750/4474 3289/4467
f 3053/1456 14/1458 15/1464
f 3337/4484 3338/4475 3751/4479
f 3282/4464 3040/4462 3041/4461
f 3342/4251 38/4255 3301/4259
f 13/2392 3296/2382 94/2390
f 19/4242 3360/4250 4547/4254
f 9/1505 10/1513 2103/1511
f 124/2408 122/2402 123/2407
f 78/4155 79/4159 89/4160
f 24/1714 25/1701 3465/1721
f 27/1738 86/1754 26/1742
f 47/4164 46/4153 33/4161
f 4615/1344 3996/1350 3995/1316
f 4616/1361 3996/1350 4615/1344
f 4617/1078 4037/1070 4038/1042
f 4618/1095 3967/1087 4617/1078
f 4619/1326 4017/1308 4620/1339
f 4620/1339 4017/1308 4034/1338
f 4621/1029 4147/1020 4156/1022
f 4622/1045 4155/1033 4621/1029
f 4623/1036 4156/1022 4631/1032
f 4624/1355 4034/1338 3969/1366
f 4625/1026 4156/1022 4286/1018
f 4626/1025 4286/1018 4135/1021
f 4627/1039 4135/1021 4136/1038
f 4628/1031 4135/1021 4627/1039
f 4629/1048 4155/1033 4622/1045
f 4630/1056 4043/1040 4629/1048
f 4631/1032 4156/1022 4625/1026
f 4632/1066 4043/1040 4630/1056
f 4633/1057 4043/1040 4635/1068
f 4634/1067 4038/1042 4633/1057
f 4635/1068 4043/1040 4632/1066
f 4636/1311 3968/1279 4619/1326
f 4637/1300 3968/1279 4636/1311
f 4638/1274 4006/1258 4639/1266
f 4639/1266 4006/1258 3970/1253
f 4640/1107 3967/1087 4657/1103
f 4641/1121 4028/1108 4640/1107
f 4642/1273 3970/1253 4643/1265
f 4643/1265 3970/1253 4647/1257
f 4644/1283 3997/1268 4638/1274
f 4645/1302 3994/1284 4644/1283
f 4646/1331 3995/1316 4645/1302
f 4647/1257 3970/1253 3962/1249
f 4648/1264 3962/1249 3957/1263
f 4898/1380 4649/1390 4905/1394
f 4650/1379 3971/1351 4616/1361
f 4651/1375 3969/1366 4652/1384
f 4652/1384 3969/1366 4655/1383
f 4653/1376 3958/1367 4663/1385
f 4654/1374 3965/1347 4653/1376
f 4655/1383 3969/1366 4654/1374
f 4656/1310 3964/1289 4637/1300
f 4657/1103 3967/1087 4618/1095
f 4658/1282 3961/1272 4659/1280
f 4659/1280 3961/1272 3963/1262
f 4660/1290 3963/1262 3964/1289
f 4661/1312 3964/1289 4656/1310
f 4662/1281 3957/1263 4693/1291
f 4663/1141 3958/1128 4664/1135
f 4664/1135 3958/1128 4641/1121
f 4665/1292 3957/1263 4658/1282
f 4666/71 4307/52 4672/80
f 4667/79 4442/61 4666/71
f 4668/100 4441/77 4673/112
f 4669/113 4445/89 4668/100
f 4670/1063 4136/1038 4671/1054
f 4671/1054 4136/1038 4145/1046
f 4672/80 4307/52 5037/78
f 4673/112 4441/77 4674/99
f 4674/99 4441/77 4667/79
f 4675/121 4445/89 4669/113
f 4676/120 4445/89 4675/121
f 4677/129 4440/110 4676/120
f 4678/1100 4418/1098 4679/1113
f 4679/1113 4418/1098 4688/1114
f 4680/1076 4417/1086 4681/1093
f 4681/1093 4417/1086 4678/1100
f 4682/209 4416/180 4683/200
f 4683/200 4416/180 4687/189
f 4684/225 4420/210 4682/209
f 4685/142 4304/130 4440/110
f 4686/141 4440/110 4677/129
f 4687/189 4416/180 4692/167
f 4688/1114 4418/1098 4419/1099
f 4689/257 4419/242 4691/249
f 4690/232 4326/218 4684/225
f 4691/249 4419/242 4690/232
f 4692/167 4416/180 4405/149
f 4693/1291 3957/1263 4665/1292
f 4694/1053 4136/1038 4670/1063
f 4695/157 4405/149 4685/142
f 4696/1065 4145/1046 4680/1076
f 4697/6820 3358/6821 4875/6822
f 4698/3184 3871/3181 4697/3183
f 4699/5876 3920/5872 4700/5871
f 4700/5871 3920/5872 3921/5854
f 4701/3218 3899/3222 3912/3209
f 4702/3213 3912/3209 3908/3194
f 4703/3228 3899/3222 4701/3218
f 4704/3278 3943/3269 4705/3281
f 4705/6871 3943/6872 4717/6873
f 4706/3258 3901/3238 4755/3257
f 4707/3267 3942/3248 4706/3258
f 4708/3261 3942/3248 4707/3267
f 4709/3232 3899/3222 4703/3228
f 4710/3237 3899/3222 4709/3232
f 4711/5673 3884/5659 4712/5671
f 4712/5671 3884/5659 4721/5666
f 4713/6823 3358/6821 4714/6824
f 4714/3188 3358/3182 3864/3185
f 4715/3260 3911/3247 3909/3254
f 4716/3270 3909/3254 4757/3271
f 4717/3273 3943/3269 3911/3247
f 4718/5672 3884/5659 4711/5673
f 4719/5207 3586/5205 4720/5206
f 4720/5206 3586/5205 3577/5199
f 4721/5666 3884/5659 4719/5664
f 4722/5674 3930/5667 4718/5672
f 4723/6554 3550/6548 3547/6555
f 4724/6551 3550/6548 4723/6554
f 4725/6546 3548/6543 3550/6548
f 4726/6544 3548/6543 4725/6546
f 4727/1694 3532/1685 4807/1705
f 4728/1702 3531/1675 4727/1694
f 4729/1665 3501/1658 4735/1673
f 4730/1666 3500/1649 4729/1665
f 4731/1692 3531/1675 4728/1702
f 4732/1695 3509/1676 4731/1692
f 4733/1674 3515/1656 4730/1666
f 4734/6565 3525/6562 4733/6564
f 4735/4835 3501/4833 4822/4834
f 4736/1971 3533/1964 4737/1975
f 4737/1975 3533/1964 4738/1970
f 4738/1970 3533/1964 4739/1963
f 4739/1963 3533/1964 3307/1952
f 4740/1954 3955/1947 4743/1950
f 4741/1960 3953/1953 4740/1954
f 4742/1942 3954/1939 3304/1931
f 4743/1950 3955/1947 4742/1942
f 4744/1958 3307/1952 3953/1953
f 4745/1962 3953/1953 4746/1965
f 4746/1965 3953/1953 4741/1960
f 4747/5192 3594/5180 3601/5184
f 4748/5203 3577/5199 4747/5192
f 4749/5857 3923/5847 4750/5863
f 4750/6201 3923/6198 3929/6192
f 4751/1941 3304/1931 4877/1938
f 4752/1946 3304/1931 4751/1941
f 4753/3285 3375/3279 4873/3284
f 4754/3287 3937/3283 4753/3285
f 4755/3257 3901/3238 4780/3252
f 4756/3280 3936/3277 4704/3278
f 4757/3271 3909/3254 4708/3261
f 4758/3282 3936/3277 4756/3280
f 4759/6199 3929/6192 4760/6193
f 4760/6193 3929/6192 3318/6183
f 4761/6862 3911/6863 4715/6864
f 4762/5675 3930/5667 4722/5674
f 4763/3189 3913/3186 4698/3184
f 4764/3212 3908/3194 4781/3208
f 4765/5865 3921/5854 3926/5852
f 4766/5880 3855/5877 4699/5876
f 4767/3192 3864/3185 4766/3198
f 4768/3199 3908/3194 3913/3186
f 4769/3204 3908/3194 4768/3199
f 4770/6181 3896/6179 3930/6178
f 4771/6184 3930/6178 4762/6186
f 4772/6203 3929/6192 4759/6199
f 4773/5870 3926/5852 4774/5867
f 4774/5867 3926/5852 4775/5862
f 4775/5862 3926/5852 4749/5857
f 4776/6190 3318/6183 4777/6187
f 4777/6187 3318/6183 4770/6181
f 4778/5204 3577/5199 4748/5203
f 4779/3193 3913/3186 4763/3189
f 4780/3252 3901/3238 4710/3237
f 4781/3208 3908/3194 4769/3204
f 4782/5178 3601/5184 3574/5154
f 4783/5191 3601/5184 4782/5178
f 4784/6549 3550/6548 4724/6551
f 4785/6545 3555/6542 4726/6544
f 4786/5323 3612/5310 4787/5320
f 4787/5320 3612/5310 3259/5309
f 4788/5575 3610/5559 3629/5581
f 4789/5580 3611/5568 4788/5575
f 4790/5196 3601/5184 4783/5191
f 4791/5169 3574/5154 3573/5162
f 4792/5177 3573/5162 4794/5183
f 4793/5589 3572/5587 4796/5588
f 4794/5183 3573/5162 4793/5182
f 4795/5586 3571/5576 4789/5580
f 4796/5588 3572/5587 4795/5586
f 4797/6547 3555/6542 4785/6545
f 4798/5327 3348/5308 4797/5318
f 4799/5321 3259/5309 3260/5313
f 4800/5331 3259/5309 4799/5321
f 4801/5329 3259/5309 4800/5331
f 4802/5332 3629/5314 4786/5323
f 4803/4957 3547/4950 3560/4953
f 4804/4962 3560/4953 4805/4961
f 4805/4961 3560/4953 3256/4952
f 4806/6556 3547/6555 4803/6557
f 4807/1705 3532/1685 3510/1703
f 4808/4965 3256/4952 3255/4960
f 4809/4971 3255/4960 3298/4966
f 4810/4267 3298/4260 3297/4264
f 4811/6802 3522/6803 3528/6797
f 4812/6800 3528/6797 4823/6798
f 4813/1746 3522/1745 4811/1757
f 4814/1730 3510/1703 3521/1723
f 4815/1722 3510/1703 4814/1730
f 4816/1736 3521/1723 4813/1746
f 4817/1979 42/1969 4818/1976
f 4818/1976 42/1969 4736/1971
f 4819/1706 94/1677 4732/1695
f 4820/6671 94/6669 4819/6674
f 4821/4832 3482/4827 4830/4830
f 4822/4834 3501/4833 4821/4832
f 4823/6798 3528/6797 3524/6796
f 4824/6799 3524/6796 4827/6801
f 4825/6567 3525/6562 4734/6565
f 4826/6571 3524/6566 4825/6567
f 4827/6574 3524/6566 4826/6571
f 4828/6670 95/6667 4829/6673
f 4829/6673 95/6667 4820/6671
f 4830/4830 3482/4827 5016/4829
f 5119/5052 4831/5050 5134/5063
f 4832/5045 73/5033 4833/5049
f 4833/5049 73/5033 3439/5048
f 4834/638 3435/575 3436/572
f 4835/670 3436/572 4847/637
f 4836/880 66/827 4837/907
f 4837/907 66/827 4891/882
f 4838/1749 27/1738 28/1732
f 4839/1758 3461/1753 4838/1749
f 4840/605 3437/527 4841/607
f 4841/607 3437/527 3445/573
f 4842/954 3463/930 4843/953
f 4843/953 3463/930 110/908
f 4844/931 83/852 4842/954
f 4845/1766 110/1762 3461/1753
f 4846/1761 3461/1753 4839/1758
f 4847/637 3436/572 4840/605
f 4848/640 3445/573 4854/639
f 4849/776 3446/799 66/827
f 4850/744 3443/703 4849/776
f 4851/775 3442/669 4850/744
f 4852/772 3442/669 4851/775
f 4853/851 66/827 4836/880
f 4854/639 3445/573 50/606
f 4855/742 3442/669 4852/772
f 4856/745 50/606 4855/742
f 4857/5042 72/5043 93/5034
f 4858/644 3435/575 4834/638
f 4859/706 92/674 74/609
f 4860/5062 3439/5048 4859/5061
f 4861/2403 3398/2399 4862/2406
f 4862/2406 3398/2399 3396/2405
f 4863/1982 3396/1978 4817/1979
f 4864/1748 28/1732 4865/1737
f 4865/1737 28/1732 35/1716
f 4866/2398 35/2395 3397/2396
f 4867/2400 3397/2396 4861/2403
f 4868/4268 96/4263 4869/4274
f 4869/6672 96/6668 4828/6670
f 4870/4275 99/4265 4871/4273
f 4871/4273 99/4265 4868/4268
f 4872/2401 35/2395 4866/2398
f 4873/3284 3375/3279 4758/3282
f 4874/3289 3325/3288 4754/3287
f 4875/6822 3358/6821 4713/6823
f 4876/6865 3348/6866 4798/6867
f 4877/1938 3304/1931 4874/1934
f 4878/5328 3260/5313 4876/5319
f 4879/5330 3260/5313 4878/5328
f 4880/4970 3255/4960 4881/4976
f 4881/4976 3255/4960 4809/4971
f 4882/4269 99/4265 4870/4275
f 4883/4266 3302/4262 4882/4269
f 4884/4271 3297/4264 4885/4270
f 4885/4270 3297/4264 4883/4266
f 4886/5037 93/5034 73/5033
f 4887/746 74/609 4888/709
f 4888/709 74/609 4889/675
f 4889/675 74/609 4858/644
f 4890/5041 73/5033 4832/5045
f 4891/882 66/827 83/852
f 4892/909 83/852 4844/931
f 4893/671 50/606 4894/704
f 4894/704 50/606 4856/745
f 4895/1362 3971/1351 4897/1373
f 4896/1372 4020/1345 4895/1362
f 4897/1373 3971/1351 4898/1380
f 4898/1380 3971/1351 4649/1390
f 4899/1395 3987/1398 666/1387
f 4900/1401 3987/1398 4899/1395
f 4901/1392 666/1387 3978/1357
f 4902/1386 3978/1357 3991/1363
f 4903/1381 3991/1363 4896/1372
f 4904/1406 653/1396 4900/1401
f 4905/1394 4649/1390 5015/1397
f 4906/5263 2263/5264 2176/5251
f 4907/1564 2234/1561 4906/1563
f 4908/2830 2203/2822 4930/2827
f 4909/2828 2203/2822 4908/2830
f 4910/1575 2292/1577 2258/1567
f 4911/1571 2258/1567 2234/1561
f 4912/2818 2201/2809 2200/2812
f 4913/2821 2201/2809 4912/2818
f 4914/1586 2289/1583 2292/1577
f 4915/1597 2291/1591 4914/1586
f 4916/1602 2291/1591 4915/1597
f 4917/1603 2291/1591 4916/1602
f 4918/1582 2292/1577 4910/1575
f 4919/5246 1108/5249 910/5247
f 4920/5248 910/5247 4925/5250
f 4921/2684 2210/2655 2206/2677
f 4922/2676 2210/2655 4921/2684
f 4923/1569 2234/1561 4934/1566
f 4924/5253 910/5247 5008/5258
f 4925/5250 910/5247 4924/5253
f 4926/2665 2210/2655 4922/2676
f 4927/2667 2211/2636 4926/2665
f 4928/2817 2202/2813 2201/2809
f 4929/2824 2204/2815 4928/2817
f 4930/2827 2203/2822 4929/2824
f 4931/2820 2201/2809 4913/2821
f 4932/4582 1601/4577 1599/4585
f 4933/4584 2175/4574 4932/4582
f 4934/1566 2234/1561 4907/1564
f 4935/2832 2206/2829 1555/2826
f 4936/2831 1555/2826 4909/2828
f 4937/5254 2176/5251 4919/5246
f 4938/5259 2176/5251 4937/5254
f 4939/2646 1543/2629 2211/2636
f 4940/2647 1543/2629 4939/2646
f 4941/2819 2200/2812 2168/2814
f 4942/4576 2168/4567 2175/4574
f 4943/4581 2175/4574 4933/4584
f 4944/1409 674/1407 654/1403
f 4945/1410 654/1403 4998/1408
f 4946/898 1634/842 1693/896
f 4947/922 1671/871 4946/898
f 4948/4773 695/4776 696/4770
f 4949/4780 695/4776 4948/4773
f 4950/4800 685/4786 4996/4796
f 4951/4803 1734/4797 4950/4800
f 4952/2660 1692/2630 1689/2649
f 4953/2670 1689/2649 1556/2659
f 4954/4806 1695/4804 4951/4803
f 4955/945 1631/899 1671/871
f 4956/968 1631/899 4955/945
f 4957/1003 760/923 4958/1002
f 4958/1002 760/923 4973/987
f 4959/944 1671/871 4947/922
f 4960/4611 1678/4610 4961/4613
f 4961/4613 1678/4610 4962/4615
f 4962/4615 1678/4610 4954/4614
f 4963/4768 696/4770 708/4761
f 4964/4765 708/4761 700/4752
f 4965/966 1692/986 4966/1001
f 4966/1001 1692/986 4952/1010
f 4967/943 1693/896 4965/966
f 4968/2678 1556/2659 4970/2669
f 4969/988 760/923 4957/1003
f 4970/2669 1556/2659 1545/2637
f 4971/946 1631/899 4956/968
f 4972/969 760/923 4971/946
f 4973/987 760/923 4972/969
f 4974/967 1671/871 4959/944
f 4975/2833 1555/2826 4936/2831
f 4976/4595 1540/4596 4977/4603
f 4977/4603 1540/4596 4978/4609
f 4978/4609 1540/4596 4960/4611
f 4979/4589 1599/4585 4976/4595
f 4980/927 961/925 765/845
f 4981/901 765/845 764/872
f 4982/1015 967/1013 965/991
f 4983/1016 965/991 4985/1014
f 4984/6756 968/6749 5006/6753
f 4985/1014 965/991 4984/1012
f 4986/6752 963/6748 960/6750
f 4987/6754 963/6748 4986/6752
f 4988/6751 963/6748 4987/6754
f 4989/1006 960/975 5007/992
f 4990/5268 909/5266 4982/5270
f 4991/5262 909/5266 4990/5268
f 4992/926 764/872 760/923
f 4993/970 760/923 4969/988
f 4994/4759 700/4752 649/4755
f 4995/4764 649/4755 5000/4763
f 4996/4796 685/4786 4997/4790
f 4997/4790 685/4786 4949/4780
f 4998/1408 654/1403 4904/1406
f 4999/4758 649/4755 648/4751
f 5000/4763 649/4755 4999/4758
f 5001/4754 648/4751 674/4753
f 5002/4757 674/4753 4944/4762
f 5003/2656 2211/2636 4927/2667
f 5004/2657 1545/2637 4940/2647
f 5005/2668 1545/2637 5004/2657
f 5006/6753 968/6749 4988/6751
f 5007/992 960/975 4980/927
f 5008/5258 910/5247 4991/5262
f 5009/4826 3476/4819 5014/4824
f 5010/4828 3482/4827 5009/4826
f 5011/4820 2290/4818 5012/4823
f 5012/1608 2290/1594 4917/1603
f 5013/4821 3502/4815 5011/4820
f 5014/4824 3476/4819 5013/4821
f 5016/4829 3482/4827 5010/4828
f 5017/4831 4830/4830 5016/4829
f 5018/6476 4401/6475 5028/6479
f 5019/6477 4402/6474 5018/6476
f 5020/62 4307/52 4462/36
f 5021/70 4307/52 5020/62
f 5022/6587 4279/6582 4407/6585
f 5023/6583 4279/6582 5022/6587
f 5024/85 141/74 5112/95
f 5025/94 4275/56 5024/85
f 5026/6586 4296/6580 5023/6583
f 5027/6488 4401/6475 5026/6482
f 5028/6479 4401/6475 5029/6483
f 5029/6483 4401/6475 5027/6488
f 5030/6591 4407/6585 5031/6593
f 5031/6593 4407/6585 5032/6595
f 5032/6595 4407/6585 5043/6594
f 5033/6489 4464/6490 4434/6480
f 5034/6496 4464/6490 5033/6489
f 5035/68 4462/36 5036/58
f 5036/58 4462/36 5038/51
f 5037/78 4307/52 5021/70
f 5038/51 4462/36 4436/33
f 5039/6497 4436/6492 5034/6496
f 5040/57 4436/33 5039/67
f 5041/6484 4434/6480 5019/6477
f 5042/107 4275/56 5025/94
f 5043/6594 4407/6585 5042/6592
f 5044/391 601/359 5045/373
f 5045/373 601/359 589/347
f 5046/406 568/388 5047/424
f 5047/424 568/388 423/441
f 5048/224 594/223 571/240
f 5049/215 584/207 5048/224
f 5050/165 570/176 5090/187
f 5051/147 603/148 5050/165
f 5052/255 571/240 5053/263
f 5053/263 571/240 595/271
f 5054/538 415/507 422/540
f 5055/505 415/507 5054/538
f 5056/807 425/753 5061/833
f 5057/822 418/754 5056/807
f 5058/311 600/301 567/324
f 5059/334 567/324 5089/346
f 5060/808 424/782 5099/834
f 5061/833 425/753 5060/808
f 5062/87 142/55 596/75
f 5063/84 142/55 5062/87
f 5064/128 598/119 5065/140
f 5065/140 598/119 5070/139
f 5066/109 598/119 5064/128
f 5067/97 596/75 5072/108
f 5068/127 597/86 599/118
f 5069/137 599/118 5051/147
f 5070/139 598/119 5068/127
f 5071/96 597/86 5066/109
f 5072/108 596/75 5071/96
f 5073/387 601/359 5044/391
f 5074/357 601/359 5073/387
f 5075/291 595/271 602/292
f 5076/310 602/292 5078/322
f 5077/323 602/292 5058/311
f 5078/322 602/292 5077/323
f 5079/390 589/347 591/389
f 5080/490 423/441 5055/505
f 5081/455 423/441 5082/472
f 5082/472 423/441 5080/490
f 5083/282 595/271 5075/291
f 5084/248 571/240 5052/255
f 5085/216 570/176 5049/215
f 5086/208 570/176 5085/216
f 5087/423 569/372 5046/406
f 5088/407 569/372 5087/423
f 5089/346 567/324 5074/357
f 5090/187 570/176 5094/197
f 5091/6874 591/6875 5093/6876
f 5092/426 591/389 5091/442
f 5093/425 591/389 5088/407
f 5094/197 570/176 5086/208
f 5095/794 418/754 5057/822
f 5096/821 411/730 5095/794
f 5097/859 399/856 5098/885
f 5098/885 399/856 381/830
f 5099/834 424/782 5097/859
f 5100/823 411/730 5096/821
f 5101/594 422/540 5104/596
f 5102/696 413/565 410/663
f 5103/731 410/663 411/730
f 5104/596 422/540 413/565
f 5105/795 411/730 5100/823
f 5106/664 413/565 5102/696
f 5107/627 413/565 5106/664
f 5108/913 384/857 385/858
f 5109/887 384/857 5108/913
f 5110/912 381/830 5109/887
f 5111/93 141/74 5063/84
f 5112/95 141/74 5111/93
f 5113/933 385/858 5126/956
f 5114/914 3405/886 5128/935
f 5115/934 385/858 5114/914
f 5116/981 3426/932 5117/996
f 5117/996 3426/932 5118/980
f 5118/980 3426/932 5125/955
f 5119/5052 72/5043 4831/5050
f 5120/5046 72/5043 5119/5052
f 5121/5064 75/5047 5122/5058
f 5122/5058 75/5047 5130/5054
f 5123/957 3405/886 3411/936
f 5124/982 3411/936 5127/997
f 5125/955 3426/932 3400/883
f 5126/956 385/858 5115/934
f 5127/997 3411/936 5116/981
f 5128/935 3405/886 5123/957
f 5129/5069 3400/5057 5121/5064
f 5130/5054 75/5047 71/5038
f 5131/5051 71/5038 5120/5046
f 5132/101 4672/80 5037/78
f 5133/114 4672/80 5132/101
f 5134/5063 4831/5050 5135/5068
usemtl Tile_+032_+023_L21_00000300_untextured
